PoseIndex,X,Y,Theta
0,5.023786349417217,8.039276372085773,-0.0027639342396274446
1,6.023849036828789,8.036493871347664,-0.003153429634764672
2,7.023562337413149,8.033328971401835,-0.0033133121737636655
3,8.023010286178163,8.030001626646596,-0.003132117938397322
4,9.022203795441081,8.02685548514816,-0.0026116135187078072
5,10.021255704498792,8.024233583102077,-0.0019695344162447624
6,11.020238049778104,8.022258195969359,-0.0013967592487743692
7,12.019151946665156,8.020858601072465,-0.0009479821734387002
8,13.017997674796227,8.01990919137926,-0.000577686108183045
9,14.016834843689916,8.019331402946094,-0.00029001786336198775
10,15.01570187621328,8.019042473761258,-0.00012306462281504692
11,16.014556702211785,8.018919780848362,2.678696227102943e-05
12,17.013487674742372,8.01894726171052,0.0001483754586201649
13,18.012485018526487,8.019096423640583,0.00024815604478223334
14,19.011529599557857,8.019345236043444,0.00034912698184442434
15,20.010668885119586,8.019695784977715,0.0003874207332947975
16,21.009900795335266,8.02008412078966,0.00041500595790849035
17,22.009184852504667,8.020499278061564,0.0005076146623623387
18,23.00864887885648,8.02100776040859,0.0006152822982160215
19,24.008243791071983,8.021624409905177,0.0007148305113644722
20,25.007983193378227,8.0223419486934,0.0006994037979578832
21,26.007789260773503,8.02304318894401,0.0006509302745525054
22,27.007624143101935,8.023695177712211,0.0006282398996101104
23,28.007519551264057,8.024324251777271,0.0006334573164527412
24,29.007411378413014,8.02495837013226,0.0006568467456333245
25,30.007270247223964,8.025615848715269,0.0006756420366801496
26,31.007127573379613,8.026292679472954,0.0005995565601015463
27,32.006978412711454,8.026891936801153,0.0005086827949883565
28,33.00676359182381,8.027399238214716,0.0004511479995604824
29,34.0065092180834,8.02784845915291,0.0004434112151341602
30,35.006234333233266,8.028289774566199,0.0004858807819999589
31,36.00594292995223,8.028773777962138,0.0005556475523445696
32,37.00563466218909,8.029328148937608,0.000595537406839466
33,38.00528477601991,8.029923249681834,0.0005146199268763786
34,39.00493102996276,8.03043622072855,0.0004027932474208767
35,40.00451381313814,8.030836766261276,0.0003063613233338293
36,41.004088424627795,8.03114098732439,0.00022777969208942172
37,42.00363272366411,8.031366940203977,0.00017748454181241657
38,43.003157981170446,8.031543462159826,0.0001370075368398837
39,44.002644234958225,8.031680379110046,0.00010764717012516639
40,45.00213866672245,8.031788969870126,8.300878708327199e-05
41,46.00158039699049,8.031873807061174,6.305891205616435e-05
42,47.00101388984166,8.031939306206905,4.356199055166551e-05
43,48.0004532018664,8.031985302611835,2.8655507906795793e-05
44,48.99986505446493,8.032015826781217,1.534940266367533e-05
45,49.99929292517896,8.03203192099856,-1.0206484521726291e-06
46,50.998698589450406,8.032030080875531,-1.5914558767129765e-05
47,51.99810062737028,8.032011934846462,-3.4933294429210036e-05
48,52.99751617454323,8.031973644996643,-5.430359412704324e-05
49,53.99693419556709,8.031915463254833,-7.034028199223766e-05
50,54.99637184500325,8.031841443706242,-8.620731802529665e-05
51,55.995819457041115,8.031752269627148,-0.00010572644575830461
52,56.99526814092282,8.03164457607451,-0.00013307429967175367
53,57.994762128050496,8.031510544316577,-0.0001670319900553548
54,58.99424151961545,8.03134355249396,-0.00021521194361861416
55,59.99375254723797,8.031129064365098,-0.0002746732611100488
56,60.99327790804694,8.030855725502127,-0.00036071085659933696
57,61.992846913689604,8.030496390924748,-0.00046007603796822065
58,62.99241941899218,8.030037480958667,-0.0005550797820562909
59,63.992049342544476,8.029482699694931,-0.0005696286560404145
60,64.99168685957697,8.02891359028848,-0.0005190616641327999
61,65.99135732418638,8.028395784288753,-0.00046345422576697914
62,66.99103967923757,8.02793398652007,-0.00044378383663112376
63,67.99075195623602,8.027491806876117,-0.00047800319032384074
64,68.99048076767566,8.027014882746132,-0.0005563392260124646
65,69.99024675120184,8.026458742436109,-0.000646010585286975
66,70.990077440335,8.025811627275091,-0.0006671625387643716
67,71.98991956691363,8.025143105602158,-0.0006206736456061119
68,72.98971374995094,8.024521763692725,-0.0005889072228230869
69,73.98948610441977,8.023932254185292,-0.0005988214243923244
70,74.98926975781644,8.023332400441538,-0.0006269617309703779
71,75.98902059155823,8.022703998326234,-0.0006430256357163562
72,76.98868983484297,8.022059087394437,-0.0006040609700472243
73,77.98829294218261,8.021453074402233,-0.0004940702352003889
74,78.98777559767338,8.02095808659743,-0.0003912920319180668
75,79.98716572407136,8.020566139472292,-0.0003021380698427848
76,80.9864111044053,8.020263883316492,-0.0002630807325881799
77,81.98563349619134,8.019999649878951,-0.0001691260516971383
78,82.98478817178518,8.0198295765125,-2.787109875237269e-05
79,83.98390948715445,8.019801189054592,0.00013932862897296673
80,84.98295758216206,8.019940688113717,0.0002931893206072935
81,85.98200988938864,8.020233809202415,0.000487790117622321
82,86.98107620931805,8.020721545493581,0.0007669392222208494
83,87.98016087678165,8.021489565678927,0.0010945291180278222
84,88.97927024983646,8.022587364356644,0.0013610794399810246
85,89.97844550800322,8.023953900676242,0.0014686288040230882
86,90.977755991849,8.025429515618958,0.0013600030499927689
87,91.97720719547095,8.026798443574393,0.0008721213606879052
88,92.9768664313737,8.027678279392344,7.959201819480822e-06
89,93.97671129521777,8.027689750489895,-0.001097396222506559
90,94.9767137075843,8.026359573129467,1.569249848784446
91,94.97826675788242,9.02557830218631,1.569229693658259
92,94.97983791614274,10.024755102008374,1.5694398872633768
93,94.9811975040758,11.023970383749543,1.5697889457676497
94,94.9822089061701,12.023238694368855,1.5703624290575204
95,94.98264669843279,13.02272553388126,1.5712806631630423
96,94.98278942203478,13.022713110993342,-3.1400705126770743
97,93.98302944164591,13.021180622631558,-3.1397222825518645
98,92.9833664570098,13.01930002708096,-3.139839502212357
99,91.9837805059256,13.01754000103014,-3.1402458767321098
100,90.98422620423283,13.016190356069018,-3.1406970170415067
101,89.98470514703618,13.015294123589408,-3.14104898645617
102,88.985238649833,13.014750264721961,-3.141345839291097
103,87.98579272185287,13.014503979720264,-3.1415854681649003
104,86.98633470323882,13.014498268405964,3.1414776376095017
105,85.98689658489555,13.01461406861288,3.141358957517562
106,84.98743717932709,13.01484932074643,3.1413170628312823
107,83.98799334182222,13.01512585652287,3.141259459945131
108,82.98852722533167,13.0154597532939,3.141173406038714
109,81.9890079927343,13.015880374730337,3.141086394898061
110,80.98943513501372,13.01638814069147,3.1409991228873624
111,79.98981410451917,13.016983014736603,3.140862194849712
112,78.99011029256526,13.017714542849724,3.140678062656146
113,77.99029574863253,13.018631804272168,3.140497022967845
114,76.99033533936482,13.019730487919748,3.1404650391388946
115,75.99034310353815,13.020861969808642,3.140503163440363
116,74.9903580679,13.021954218291102,3.140527285955392
117,73.99034766427737,13.023022639811662,3.140555434701495
118,72.99034660310478,13.024061575502529,3.1405972367602772
119,71.99037143538392,13.025060036871546,3.1406604711462736
120,70.99041437465524,13.025992835997172,3.140713595151882
121,69.99050481856162,13.026873909651277,3.1407144261320346
122,68.99061345535868,13.027750935157222,3.1406827855590933
123,67.99075065358936,13.028664118401528,3.1407199335867393
124,66.99095739970605,13.029535281642394,3.140807118006326
125,65.99122659388907,13.0303229427649,3.1408720279030367
126,64.99153742819412,13.031040403318343,3.1408902251698905
127,63.991904219718776,13.03174496455994,3.1409022430820217
128,62.99230757682926,13.032431463883187,3.140987557510401
129,61.99273221702558,13.033040916782985,3.141302534214236
130,60.99319989104822,13.033321138900636,-3.1414185902727136
131,59.9937214900525,13.033148772454659,-3.140824780387634
132,58.994274563294745,13.03237818941252,-3.1401932869064333
133,57.9948647297476,13.030974446498053,-3.139755786559289
134,56.99549668258252,13.029127358237998,-3.1400677831084924
135,55.99615250934405,13.02759788906545,-3.140581926690756
136,54.99682765350734,13.026581124077977,-3.141050181328189
137,53.997523068747704,13.026038886907296,-3.1414060293017734
138,52.9982361154242,13.025852011036886,3.1415374893068813
139,51.99896088737008,13.02590876824005,3.1414043827640996
140,50.999694001640066,13.02609352841307,3.141424175268114
141,50.00043817769264,13.026263257472145,3.1415509789160083
142,49.00118218259675,13.026298546632118,-3.1414833919506084
143,48.001936052735225,13.026187939929283,-3.14140234665542
144,47.00268522448307,13.02599038664346,-3.1415056105135126
145,46.00344205937333,13.02590154085667,3.1414416739988704
146,45.00420124995559,13.02605036803033,3.1410769923683204
147,44.00496067858018,13.026566080569493,3.1405961192386465
148,43.005721702227255,13.02756533582083,3.1400778322100003
149,42.0064800943942,13.029085916977833,3.139754749241293
150,41.00723980214951,13.030932459318931,3.1401733218706545
151,40.00795129707122,13.032357010194026,3.1407721822461405
152,39.00865004352642,13.03318658990392,3.1413467053023494
153,38.009300312140596,13.033431303683724,-3.141382822256929
154,37.00988467936702,13.033232786964227,-3.1410551363442774
155,36.010426464396694,13.032691914822388,-3.1409049169661416
156,35.010927741137,13.032008038240264,-3.140891225605873
157,34.01138191080577,13.031304900132612,-3.140895417138221
158,33.01179366079824,13.030608801400039,-3.140871152524973
159,32.01215856091548,13.029886123907735,-3.1408245543507842
160,31.01249982488653,13.029117924199037,-3.140759583435989
161,30.012751696908467,13.02828219135462,-3.1407936679549886
162,29.013005529684573,13.02748235503344,-3.1408199790504625
163,28.013239231301334,13.02670864312444,-3.1407972288915142
164,27.01342584704654,13.025912167668343,-3.140744475948912
165,26.01358749691778,13.025062498851572,-3.140666619682396
166,25.013728846909594,13.024133812653563,-3.1406602453583785
167,24.013857160293895,13.023199053087453,-3.1406930622763896
168,23.013997114611755,13.022296947793635,-3.140749106095044
169,22.014175523997626,13.021451696635138,-3.1408035238800625
170,21.01439026154182,13.020660186662115,-3.140942753759685
171,20.01469303388217,13.02000875550676,-3.1411150989763015
172,19.015068209393277,13.019530483622551,-3.141259928470688
173,18.015482755542124,13.01919770942318,-3.141372235215838
174,17.01592399968687,13.018976615854264,-3.1415248680109946
175,16.01642240274406,13.018909045240438,3.1415083083848776
176,15.016916865115707,13.018993813445622,3.1413435003616916
177,14.017432274548012,13.019245058669851,3.1412932625327965
178,13.017880282093525,13.019545420552188,3.141238863106751
179,12.01829212863934,13.019900488153667,3.1411968621175475
180,11.018653395086101,13.020298086107195,3.141198212240334
181,10.018949659379656,13.0206944192612,3.141256814106149
182,9.01920006182333,13.021034079648862,3.141557458981343
183,8.01935165779232,13.021070498867743,-3.141251219127904
184,7.019467650592728,13.020730033799426,-3.1407283716837937
185,6.019541961045036,13.019862497841451,-3.140351616746011
186,5.0195417718311015,13.018303779788024,1.5714530225415615
187,5.018885683885829,14.017715776440372,1.5711297232058805
188,5.018552828443846,15.017053930305165,1.5709568882500737
189,5.018392317442424,16.016397380280758,1.5708381866960914
190,5.018349448021837,17.015796876850263,1.5706681558889704
191,5.018476102499762,18.015375900782214,1.5703430556421745
192,5.018427624143603,18.015366720678767,-0.0008906252091948119
193,6.018324932684954,18.01446974852403,-0.0009157867618379573
194,7.018158750472875,18.013549312319874,-0.0007301493235097337
195,8.017946782033809,18.012816323370537,-0.0004361933859154883
196,9.017712258517246,18.012379004899486,-0.0001275826429946544
197,10.017486913343824,18.01225297946936,5.469577047819336e-06
198,11.017227775989463,18.012259433949914,3.829971283754063e-05
199,12.016926754392504,18.012297206433782,0.00014253718538194553
200,13.016621103446116,18.01243966732934,0.0002870654502936308
201,14.016344972170659,18.012728721948637,0.00030722866870512843
202,15.016034111774815,18.01303555177923,0.00043785803438422605
203,16.015753793288756,18.013473191237782,0.0006991542995481342
204,17.015555576526978,18.01417449448935,0.000867610859859861
205,18.015370002514832,18.015044216543842,0.0010466024245422635
206,19.015253167462753,18.016094022385694,0.0011438172673190702
207,20.015166387947843,18.017240950650656,0.0012166392013848225
208,21.015132016201576,18.018461256196417,0.001214127167558863
209,22.015098286722246,18.01967875931194,0.001176869041294803
210,23.015029829428602,18.020858928141628,0.0012196911905518909
211,24.015009015705616,18.02208220547427,0.001208213385709147
212,25.01497681537279,18.023293798120054,0.00118439236820226
213,26.014907577213236,18.024480888984066,0.0011853847543299204
214,27.01482282825795,18.02567003093506,0.0011682978767503373
215,28.014695570207536,18.026841559836033,0.0011184493589253284
216,29.01452516213126,18.027963318500035,0.0010528541923654194
217,30.014293975427922,18.029018278402162,0.0010356266193294569
218,31.014009440410657,18.03005637417005,0.0010536692685885359
219,32.01368853235493,18.031112988875766,0.0010377781331252765
220,33.01332897714707,18.03215309688425,0.0009920468924859997
221,34.01289418129589,18.033147280894834,0.0009781071757594332
222,35.01240341040604,18.03412618021993,0.0010015045334914275
223,36.01187141032287,18.03513020665765,0.0010197929548269138
224,37.01131448246122,18.036149569548748,0.0009193963957689074
225,38.010677899700624,18.037071215256862,0.0008113042153933799
226,39.009979037255036,18.0378806332496,0.0007464372844022028
227,40.00923212386772,18.038628095321755,0.0007486258981779384
228,41.008434155343075,18.03937467761826,0.0007986913351920564
229,42.00758085149582,18.0401751524692,0.0008385368746502861
230,43.00671673993657,18.041014779177438,0.0006981642587091362
231,44.00578271985612,18.041714223122284,0.0005375299380291657
232,45.00480689895701,18.042257814841502,0.0003858204366263892
233,46.00380068616755,18.042643033479216,0.00027665778613727597
234,47.00276234464818,18.042925126272,0.00020245707062608296
235,48.001705738282176,18.0431264575085,0.00014095583971753233
236,49.00064506720749,18.04326352109988,7.188680931130547e-05
237,49.99955625497274,18.043332674879295,7.210241465529575e-06
238,50.99845163853799,18.043323097275028,-6.915258298450424e-05
239,51.99734794939131,18.04325260878924,-0.00015479500554586208
240,52.99628740300837,18.04312387908426,-0.00020463265886951917
241,53.99521376292484,18.04292102219428,-0.0002915224524342594
242,54.99417801628677,18.042647421204418,-0.00037240889416864713
243,55.99315289182737,18.042276522105198,-0.000501088328672378
244,56.99216959805905,18.041779399609474,-0.0006526190426901255
245,57.991215920766045,18.04112644426132,-0.0007909695505011304
246,58.99031104218172,18.040332879595717,-0.0008328854355064106
247,59.98948596549107,18.03949779409328,-0.0007779532330533239
248,60.98867171806799,18.038719643547797,-0.000747446912046146
249,61.98791248504617,18.037971311529983,-0.0007717982862537778
250,62.9872221824563,18.037200128191696,-0.000854560080612847
251,63.98658052575209,18.036344038931833,-0.0009556415944760756
252,64.98600220580067,18.035389223794702,-0.0009889972341597067
253,65.98548687327984,18.03439742807415,-0.0009608357448302547
254,66.98501300913995,18.033439843332385,-0.0009623844253016723
255,67.98457946047098,18.03247553825228,-0.0010049062501305554
256,68.98420446015567,18.03147257400867,-0.001060381581057105
257,69.98390667043806,18.030408670251624,-0.0010305296233541598
258,70.98364340229806,18.02937834279317,-0.0010251116700347822
259,71.98341781606167,18.028351109846145,-0.0010670088412582971
260,72.9832499840596,18.027282717811197,-0.001125829447385121
261,73.98316386122683,18.02615313807672,-0.001092077418905776
262,74.98307267268201,18.02505907825668,-0.001125427133443392
263,75.98303010806914,18.02393107819751,-0.001182866070011112
264,76.98301377528905,18.022745087654823,-0.0012659620113695067
265,77.98304674078452,18.021475384732312,-0.0012915137376130305
266,78.98309138401248,18.020179303699024,-0.0012746411188232032
267,79.98310678532023,18.01890150128069,-0.0012603424406750548
268,80.98311475019469,18.01763614144003,-0.001190728215962247
269,81.98311852037315,18.016441087076558,-0.000986248644918876
270,82.9830577381797,18.01545138616285,-0.0007644514585498796
271,83.98292581725849,18.014685364271497,-0.0005729961146520845
272,84.98274406601466,18.014111126458904,-0.00043612269250964067
273,85.98253288815593,18.013674287085927,-0.0003312274534530525
274,86.9823048486605,18.013342413543334,-0.00027792933391017745
275,87.9820743099626,18.01306493764994,-0.00034032990629417724
276,88.98187400857661,18.012723164231907,-0.00036407952457822787
277,89.9816599122685,18.012358451159976,-0.0004190028274526875
278,90.9814418964465,18.01193975338084,-0.0006337014212502303
279,91.98126154981074,18.011305289772583,-0.0009306264938477276
280,92.98111695676523,18.01037043915576,-0.001059494411586683
281,93.98096953230939,18.009304745033763,-0.000836838311297975
282,94.98096296961683,18.008269688593856,1.5707652861609753
283,94.9809891036739,19.007965511211594,1.5711104290678104
284,94.98067169078611,20.007643623703657,1.5712019756621192
285,94.98026311675346,21.007371737212267,1.5711414675806725
286,94.97991640011985,22.007122167982207,1.5709895214305212
287,94.97972148488923,23.00695217308229,1.5707480004979604
288,94.97969631885557,23.006950349640547,3.1412915895056672
289,93.97967957405227,23.007254898040134,3.141276613820055
290,92.97969380066966,23.00757293911592,3.1413402613190846
291,91.97974138123989,23.00782585130467,3.141358294073945
292,90.97979595853111,23.008060264349087,3.1412827194772
293,89.97982800337631,23.00837065963998,3.1411407696765226
294,88.97986873386955,23.00882329138153,3.1409245197621485
295,87.97989135566117,23.009494073012025,3.1407706075195443
296,86.97988382677349,23.010319617075975,3.140731078194825
297,85.97989535398642,23.01118317501925,3.1406394355614022
298,84.9798790580825,23.01213935105031,3.140540554898141
299,83.97983329044457,23.01319469304561,3.1404686470327046
300,82.97978992278682,23.014321869807777,3.140368716354057
301,81.97972108719324,23.015549934054008,3.1403404799436743
302,80.97965530489749,23.016805975304493,3.140305768330337
303,79.9795647222525,23.018097154350215,3.1403430811002484
304,78.97951802731765,23.019350235786185,3.140309624877493
305,77.97946915420638,23.02063710049378,3.1403037764658617
306,76.9794426657194,23.021930379831698,3.1403184637386286
307,75.97944001813497,23.023208227020525,3.140345580775242
308,74.97948331045642,23.02445887516324,3.140290485897366
309,73.97954379972116,23.025765082387,3.140279261841221
310,72.97966038229174,23.02708460496838,3.1402533538079296
311,71.97981856780676,23.028427499144417,3.1402146027425633
312,70.9799982319337,23.029810742620786,3.1402440469309596
313,69.98027138080388,23.031162839390532,3.1402471075953025
314,68.98061700312869,23.03251292243865,3.140203156375885
315,67.98102137214116,23.03390627430594,3.140154579601616
316,66.98145910430037,23.0353487309889,3.1401551952582634
317,65.98200753848232,23.03679004158035,3.1401340545037146
318,64.9826148024934,23.038253185809968,3.1401932474243486
319,63.983324063267865,23.039656888397325,3.14028096353738
320,62.98411211954895,23.040970442394467,3.140324559416773
321,61.98499499122353,23.042242168732386,3.14036175224821
322,60.98596131581244,23.04347431503544,3.140510520679087
323,59.98698399612706,23.04456052125243,3.140815844032277
324,58.98811580393031,23.045340368463496,3.1411818560350446
325,57.98933284507097,23.04575165173916,3.14158374400451
326,56.99060583672015,23.04577241263778,-3.141176896683341
327,55.99194624943643,23.04535187592134,-3.140910171906814
328,54.99331855802588,23.044684181879983,-3.141005671989775
329,53.994743519987225,23.04409120725137,-3.1412299742994345
330,52.99612839098312,23.04375033931472,-3.1413820093260076
331,51.997572660315036,23.043535062550095,-3.1414767113774955
332,50.999042942753476,23.04341565483077,-3.1415287133341776
333,50.00051489581862,23.043349185315364,-3.1415485638163902
334,49.00198429969619,23.04330481704593,3.1415914701261327
335,48.00346383980286,23.04330602881626,3.141530284106067
336,47.004922172188174,23.043375185686756,3.141373375462975
337,46.006380374169105,23.04359699609862,3.1411787033681886
338,45.0078202166828,23.044018769414226,3.140951051378124
339,44.00926222478117,23.04466680271134,3.1408754287506966
340,43.01067369287597,23.045390524120563,3.141272202870049
341,42.01203688011256,23.045715447406383,-3.1414654732858915
342,41.01325720403008,23.045554560777738,-3.141139239073514
343,40.01446476280544,23.04510484390463,-3.140835088683701
344,39.01558182811563,23.044327923159845,-3.1405638357796914
345,38.016617097856034,23.043298833530613,-3.1403702293303737
346,37.01755094958687,23.04207384522247,-3.1403395328613337
347,36.01838920699239,23.04081852983766,-3.140345524255018
348,35.01916824730902,23.039577692331026,-3.140281778381416
349,34.01986307569298,23.03826376932571,-3.140208782949937
350,33.02044186208004,23.036878466646616,-3.1402296009778565
351,32.020953701795065,23.03551248738407,-3.1402074643693534
352,31.02137365177375,23.034126592293877,-3.140195036330978
353,30.021720382221517,23.032724877002714,-3.1402568153552215
354,29.021997594382743,23.031386668120458,-3.140327348506216
355,28.022220883386918,23.03011912004626,-3.1403302324815874
356,27.022365364131108,23.02885314588474,-3.1403874441228457
357,26.022476566771978,23.027645228471666,-3.1404454185613817
358,25.02252901370268,23.02649459509623,-3.1404928293995567
359,24.022503513963397,23.025392072071096,-3.140570526048545
360,23.022434542939717,23.02436642260102,-3.1406855007616943
361,22.022333603860293,23.02345778213468,-3.1407592255311445
362,21.022176065398384,23.022622600716225,-3.140732244676883
363,20.022057132364907,23.021761354536693,-3.140610002923057
364,19.021974477401685,23.02077202661159,-3.140389165115465
365,18.021949520654385,23.019566053963832,-3.1401533793863154
366,17.02195872730039,23.018117155259468,-3.1401390371156968
367,16.021935904566497,23.016658898560014,-3.1402615142916765
368,15.021906250400972,23.015324903555356,-3.1403503424407124
369,14.02184369816047,23.014078697589035,-3.140546285178502
370,13.021830960076258,23.013031135076027,-3.140626451685113
371,12.02182385064221,23.012063983663236,-3.1405941645426925
372,11.021781601788819,23.011061807747808,-3.140662782498007
373,10.021753869814782,23.01013052410614,-3.14067449222802
374,9.021754499455678,23.00921035614711,-3.140624571081754
375,8.021751004825862,23.008238889284378,-3.140705732175031
376,7.021762079252561,23.00734782477733,-3.1409634545322933
377,6.021803341123509,23.006716764232625,-3.1412851554709924
378,5.021805208630572,23.006366946489845,1.5706875228500865
379,5.021915390332096,24.006317153636882,1.5704141006297976
380,5.022299864039641,25.00633135290874,1.570303342138724
381,5.0227949324261125,26.006358818863415,1.5703112425117736
382,5.023282321237211,27.006438373162734,1.5704662225523016
383,5.023615256141738,28.00653535974754,1.5708558463738385
384,5.0237067165613025,28.0065386935326,0.00046450161562674926
385,6.02381400835671,28.007005985090863,0.0007068534089372883
386,7.023957945555105,28.007715591178467,0.0008431447087957698
387,8.024102891190806,28.00856146492884,0.000918003862060369
388,9.02425396935062,28.00948407699261,0.0008008152718976907
389,10.024410462792218,28.01028731706459,0.0006392256019602359
390,11.024534573513211,28.01092763679452,0.0005666118415762914
391,12.024653956938895,28.011494440956962,0.0006179016689023504
392,13.024796597561908,28.012113313231133,0.0007465335140927273
393,14.024916955526546,28.012861023363282,0.0009430164672726581
394,15.025040803496188,28.01380794064855,0.0010539270231537368
395,16.025150792396307,28.01486454197254,0.0011571508947952652
396,17.025214610213396,28.016024994844493,0.001308821234220583
397,18.02527027400344,28.017337998458025,0.0013688535240141322
398,19.025281156046894,28.018713408496733,0.0012130292890496594
399,20.025371165411123,28.019929292912046,0.0010733452207180793
400,21.0255643910109,28.02100497218396,0.0009889583964093232
401,22.02584794784335,28.021995837783045,0.0009899318201804044
402,23.02621404943095,28.02298671227297,0.001142463447279457
403,24.026537309393554,28.024132939550817,0.0012181398778931159
404,25.026764718098672,28.025358198383504,0.0013341512188802778
405,26.026909735000967,28.026695379401115,0.0014637647012436964
406,27.027012448709854,28.028166655046046,0.0015302315988991188
407,28.027010324261322,28.029700385684745,0.001629634754081852
408,29.026944621580093,28.031337778256315,0.0016484735635807122
409,30.02676641025989,28.032990377698155,0.0016759787044931486
410,31.026496820270886,28.03467516466076,0.0017202136761662846
411,32.02614626750791,28.0363997425663,0.001772593588295361
412,33.025675777482384,28.038178494417146,0.0018687692480853237
413,34.02509894341315,28.04005230484576,0.001958325670394588
414,35.02443249939801,28.042017000792438,0.0019852903468779784
415,36.02363021940452,28.044007389288243,0.0020412201450407197
416,37.02271201838975,28.04605505500999,0.001968921421072332
417,38.02162873316993,28.048029598462346,0.0018821603569777016
418,39.02040391203003,28.049915691890714,0.0017805977795814839
419,40.019076064805994,28.051703669816856,0.001462301237554103
420,41.01757825790577,28.05316772205934,0.0010255119440446393
421,42.015927687140874,28.054197856692006,0.00048385927156301763
422,43.01416721007049,28.054682690386507,-0.00023591944260196004
423,44.01227726643469,28.054445951187184,-0.0008955021161559143
424,45.01024065093835,28.053544537638086,-0.0008193031288559342
425,46.00817955990024,28.052720367906016,-0.0004625680919766154
426,47.00626025821002,28.052293319399528,-0.0002672502250198846
427,48.00416355685193,28.052015670844394,-0.00011694085519092475
428,49.00206162181596,28.051913219246206,-5.6442938816761974e-05
429,49.99993920856698,28.05184960624225,-3.836871345200955e-05
430,50.99780225524588,28.051811136936244,1.1321098926303209e-05
431,51.99566251222037,28.051820105815114,9.147221380427933e-05
432,52.993545136917696,28.051911206891194,0.00028684517727140484
433,53.99142850099342,28.052199885429083,0.0005556929130032381
434,54.98933629401715,28.05275498263272,0.0008680020837315329
435,55.98724337474072,28.05363178425497,0.000924557049107413
436,56.98518809070615,28.05455668827927,0.00027906159849285276
437,57.98324316433984,28.054842526087164,-0.0005145222720056894
438,58.981626504643565,28.054251112975198,-0.0008504714693667195
439,59.97990990052321,28.053390333152564,-0.0016178427909144893
440,60.97845523272395,28.051770766869456,-0.0018097861181006559
441,61.97712535171216,28.04995807396948,-0.001897332544412061
442,62.975992774949326,28.04807060602521,-0.0019187579452154759
443,63.97495677302205,28.046146835946512,-0.0019597156386686205
444,64.97408445812303,28.04419365176606,-0.001962222988486869
445,65.97333035020326,28.042225272481698,-0.0019173048477537516
446,66.97270144947052,28.040310384827887,-0.0019202142510264715
447,67.97221622077173,28.038384046423992,-0.00183785151989446
448,68.97181619044127,28.036544869136033,-0.0017697539063747923
449,69.97151580287569,28.034770373414215,-0.0016957846211542982
450,70.97133689816134,28.033077760640282,-0.0015762128149775032
451,71.97122596160288,28.03149826131686,-0.0015292924568664243
452,72.97121091595686,28.02996339956047,-0.0014653115165094211
453,73.97127548033578,28.028494199960836,-0.0013759109986874257
454,74.97140836051626,28.027113269931753,-0.0013258163480653138
455,75.97166201408093,28.025783610871756,-0.0012140856128783992
456,76.97196054522784,28.024564605295648,-0.0011085392276838106
457,77.97233039952368,28.023453819922192,-0.0010421117858585161
458,78.97279276027159,28.022407757595236,-0.0010193345095452354
459,79.97313663194836,28.021387127297338,-0.0011111106891898703
460,80.97340731993528,28.020265809301158,-0.0012418141409491746
461,81.97354375515474,28.019020746639853,-0.0013420169062985088
462,82.97355738933359,28.0176676995249,-0.00128176941160771
463,83.97361549510767,28.01638230975247,-0.0011758552944101087
464,84.97371355117147,28.015202511402837,-0.001003760308608236
465,85.9738307743775,28.014196700692835,-0.0008852397174984706
466,86.97395258504734,28.01330963484637,-0.0008447125060150711
467,87.97407705169097,28.012463175765895,-0.0008467426903920493
468,88.97423502831555,28.011612280245966,-0.0007106882996074337
469,89.97438287045152,28.01089986802315,-0.0005793034816404241
470,90.97450722301735,28.010319472523484,-0.0005246479124577811
471,91.9746229416454,28.009793989840915,-0.000518168254915351
472,92.97472295210287,28.0092739969022,-0.0005183549439090423
473,93.97479565434516,28.0087538445737,-0.0004673313194617577
474,94.97479884134614,28.008206549511655,1.5705808394978016
475,94.97501566006854,29.008089364194973,1.5709426027010964
476,94.97486835951656,30.008025776701444,1.5712537358288732
477,94.97440755183008,31.007979521952617,1.5713734527881436
478,94.97382730379844,32.00794947514606,1.5713225155751824
479,94.973297006466,33.007953745556186,1.5710249197327224
480,94.97317886262024,33.007954081869656,3.1415818035492804
481,93.97303214547024,33.007966036525836,3.1414139584761265
482,92.97284070049477,33.008145920811515,3.141287160938948
483,91.97258604933762,33.00845282641696,3.1411922489982995
484,90.97233203822248,33.00885456780048,3.1410852840814116
485,89.97205632652579,33.00936340174381,3.1409704478726543
486,88.97176692167385,33.00998793426792,3.140865288033124
487,87.97147220868236,33.01071798233742,3.1408204119843335
488,86.97115626916484,33.01149354221744,3.14083513153858
489,85.97085254183547,33.01225285003201,3.140809481397237
490,84.97057852523984,33.01303843675225,3.1406943953257667
491,83.9703037059684,33.01393882355861,3.1405361614381526
492,82.97007066308969,33.01499910456464,3.140353049567913
493,81.96984983650113,33.01624351223469,3.140312375063168
494,80.96969819256115,33.01753009365082,3.1404168893503397
495,79.96939057137314,33.01870904895584,3.1405178965164597
496,78.96893496189445,33.01978635258412,3.140548174495513
497,77.96832792093086,33.0208336606354,3.140515912698399
498,76.96754945388027,33.021912660777836,3.140412912015253
499,75.96688595958967,33.02309511897504,3.140230027605351
500,74.9662615760349,33.02446794680261,3.1401214672096325
501,73.96577717268644,33.02594240645804,3.140003026197208
502,72.96537240934157,33.02754120169537,3.139850940453653
503,71.9650423105527,33.029286970960314,3.139666245966777
504,70.96479682021983,33.03122331978206,3.139540206151796
505,69.96467727184324,33.03328111552413,3.1394102690447596
506,68.96467166619878,33.03547372590046,3.1392717383803563
507,67.96477629776237,33.03780119501496,3.139167162469207
508,66.96503779742925,33.04023696984335,3.139037200169392
509,65.96547421362406,33.04279922260682,3.138885028841191
510,64.96606156913619,33.04552462525637,3.1387445499083095
511,63.96684407632928,33.04838111179148,3.138621156348153
512,62.967817874305304,33.051363519960574,3.1384661797387325
513,61.96902444514615,33.05449957620888,3.1383277328452133
514,60.97045613378358,33.05777509563292,3.1381974217700574
515,59.97212081837169,33.06117728099916,3.1387359339857492
516,58.97409070923136,33.06402618993377,3.1393708520202743
517,57.9763152068687,33.06624085119859,3.140254120941416
518,56.97885095404596,33.06757099278299,3.14124333090669
519,55.98162495539794,33.06790236001688,-3.1409993200172304
520,54.98466233786685,33.06728749810254,-3.1410724610947716
521,53.987689381642085,33.06699620550593,-3.141505514522205
522,52.990812205165156,33.06690516520586,3.1413264131316847
523,51.99403595895824,33.06717547840627,3.1411102566939517
524,50.997280510871185,33.06766593844768,3.141272795521372
525,50.00057309714776,33.06798938420285,-3.14151690204486
526,49.003859760265954,33.06791494503187,-3.141117068751472
527,48.00711207003009,33.06744025808644,-3.1408621477649232
528,47.01032468957377,33.066708107194835,-3.141087935765546
529,46.013489831129604,33.06620722796458,-3.1414904149075658
530,45.01661658701953,33.066110060357545,3.1412314326362507
531,44.019650642262484,33.06647764630414,3.141133919963889
532,43.02263227756895,33.0669457460779,-3.1411486886865703
533,42.02530830622145,33.06650225978667,-3.140125940185295
534,41.027658049178676,33.06502712594747,-3.139406297897543
535,40.029731267386694,33.06284385477118,-3.1388365546218027
536,39.031511659693074,33.06008275003966,-3.138492563012818
537,38.033015466574106,33.056981472952515,-3.138225457365165
538,37.034630503635576,33.053614002871164,-3.1384805451757947
539,36.03562570452525,33.050494385433545,-3.138625244248694
540,35.03637658400723,33.04753340863297,-3.1387870033800063
541,34.036966012999905,33.04472043981418,-3.1389323992966633
542,33.03735460547377,33.04206010215673,-3.13910873296382
543,32.03760688228632,33.03957072917336,-3.139214285428581
544,31.03766530706969,33.037188501142325,-3.139391415095907
545,30.037645504479,33.03498274596392,-3.139506517172407
546,29.03748060487174,33.032890682560456,-3.1396342165907325
547,28.03721932477395,33.03092820190975,-3.1397320176922814
548,27.03683250906635,33.02906100769779,-3.139880518853288
549,26.03640002194967,33.02734557413557,-3.1399952754657066
550,25.035854668395636,33.025747823257426,-3.14018286742483
551,24.0352639103349,33.02433532635802,-3.140357518061308
552,23.034582789006414,33.023094814994145,-3.1404824877299187
553,22.033809540812037,33.02198308770045,-3.140550822633387
554,21.032938760833147,33.02093685795822,-3.1405840192870946
555,20.032252037670858,33.01992718003131,-3.1405347661470913
556,19.031724093838953,33.01885763297013,-3.1404099731997794
557,18.031349999327077,33.017672494898655,-3.140318749111433
558,17.03116584069342,33.0163863600401,-3.140435869797998
559,16.03092425891166,33.01522665630505,-3.140611175106476
560,15.030675159184772,33.01424333486673,-3.140710564608673
561,14.030384938205197,33.01335987594007,-3.14074213097957
562,13.030062457891898,33.012507269604654,-3.140748787728772
563,12.029740248626343,33.01166059399745,-3.1408519313166323
564,11.02941492285867,33.01091736522023,-3.1409800667588694
565,10.029131543074334,33.010304189657596,-3.141045854170952
566,9.028863237742797,33.00975633834991,-3.141037358374769
567,8.028586650653523,33.00920033156867,-3.1409976454005126
568,7.0283577001282955,33.00860358086225,-3.1409363801345416
569,6.0281682129202165,33.00794531843711,-3.140948285298449
570,5.028162169018768,33.007205499023144,1.5712085736989827
571,5.027747280426714,34.00706441557801,1.5708517771120427
572,5.027691352889334,35.006940933540434,1.5704982927920526
573,5.027990736492624,36.00685212528267,1.570235842499763
574,5.028553654901965,37.006813921699404,1.5701871920365906
575,5.029168401412839,38.00679813401798,1.5705794962788753
576,5.029394814983589,38.006800868326835,0.00012118408476934063
577,6.029636790436451,38.00692427859625,0.0002719778204202656
578,7.029910144303374,38.00719807483093,0.0003311775510650097
579,8.030232090799338,38.00753047115337,0.0003504195958218804
580,9.030622806448294,38.007882122490926,0.0003363286191767995
581,10.031032540647637,38.00821911069651,0.00033578629375978595
582,11.031486491152116,38.008555685565035,0.00036017474052205974
583,12.031962371683697,38.00891627020237,0.0004235812155653856
584,13.032442128999323,38.00934082049849,0.0005374051661770193
585,14.032954662719133,38.00987915473906,0.0006773235931609139
586,15.033453087009239,38.01055841194224,0.0008607625212376614
587,16.03396874055965,38.01142129920715,0.001028716060712673
588,17.034453300296082,38.012454576331784,0.0011167146224656341
589,18.034890162288193,38.01357448962295,0.0011460426205306016
590,19.035267750180335,38.014726904248434,0.0010359570609272137
591,20.035878120541433,38.015765337391464,0.000922911006934917
592,21.036715565074623,38.01669041435154,0.0008829348393195847
593,22.03778727806229,38.017575618224086,0.0009167949741219935
594,23.039090854217864,38.018493621906,0.00105272220272371
595,24.040303387897655,38.0195484631846,0.00126175209145163
596,25.04147199386534,38.020819417598844,0.0014715136576162874
597,26.04256730851945,38.02229320220951,0.0016638775400230766
598,27.043582151089765,38.02396768705223,0.0018328053610135455
599,28.04451274370718,38.02580401152747,0.001986038557898881
600,29.04532159864661,38.02780106881774,0.0021782811330894503
601,30.046015545454132,38.02998368458003,0.0024188758942353173
602,31.046610303727324,38.03241497188045,0.0026516898363032676
603,32.04706090428452,38.03507225838171,0.0029466179588939034
604,33.04735806566042,38.03803318313572,0.0032378226423556656
605,34.04742878270501,38.04127885534797,0.0035473515941534476
606,35.04729492180876,38.04484416128814,0.0037998410914254744
607,36.046882203690274,38.04865496403754,0.003957839459826219
608,37.04613695420921,38.05263232453325,0.004058338126641752
609,38.04496922706565,38.05669582431325,0.003772190205511309
610,39.043346536954154,38.06046910869614,0.003395036607847162
611,40.04121792255213,38.06385794387348,0.0030843345498992917
612,41.03864620200948,38.066939306791106,0.0028781331449733837
613,42.03562886298742,38.06981308772629,0.0026681039055994975
614,43.03220161803442,38.07247040285993,0.0024195471921069182
615,44.02839743566601,38.07486920312485,0.0021556503250433254
616,45.02426892518749,38.07699868595133,0.001905128577327047
617,46.01983755242406,38.07888171952384,0.0016290605334382013
618,47.015146782532206,38.08077805071816,0.001321063188689794
619,48.01010533115983,38.08186823518054,0.0009705893370523655
620,49.005115061389745,38.082832408804,0.0003507049233717205
621,50.00000130651416,38.08317513608324,-0.0001354557170841556
622,50.99484444179926,38.08304577481736,-0.0006686334029703499
623,51.98974091667387,38.08238746470403,-0.0010930131835760431
624,52.98457328419016,38.08129718893031,-0.001629522580148029
625,53.97984811117269,38.07967262590447,-0.0018678128201875311
626,54.97546202675442,38.07797311200293,-0.002190884592440102
627,55.97114143735814,38.075784911636944,-0.002379389673011888
628,56.96718545055245,38.07341586404373,-0.0025169671737011044
629,57.9635639082838,38.070903464407465,-0.00264196518172894
630,58.96031241510591,38.068263709687756,-0.0027678098395895836
631,59.95745725342663,38.06549712478231,-0.0029143816597273675
632,60.95502831972072,38.062585246585506,-0.0031249572980228974
633,61.953053409376615,38.0594591813808,-0.0033666641090968345
634,62.95156882234537,38.056089239076236,-0.0036064529323683167
635,63.95053120078129,38.052477061492255,-0.0038125698868408373
636,64.94944619558103,38.048632745817216,-0.003706894933020369
637,65.94921175556243,38.04491517889798,-0.0034960933515083524
638,66.94927347103935,38.041424241424586,-0.00326765571711911
639,67.94957432167926,38.03814820140822,-0.002970046977418577
640,68.95005186330987,38.03517447868772,-0.0026661692981564864
641,69.9506598639184,38.03250307625736,-0.0024080756297613685
642,70.95142567570782,38.03008829425203,-0.002163054429373446
643,71.95228109353343,38.02792161249653,-0.00198700062100414
644,72.9532645875275,38.02592654574223,-0.0017739211898297074
645,73.95430023936242,38.024149549747946,-0.0015904251090733971
646,74.955411120164,38.022551767339074,-0.00143974082167684
647,75.95660494345147,38.021109588459396,-0.0013034368659114034
648,76.95790580929622,38.01979964931583,-0.0011126756185501879
649,77.95927044684242,38.018685387543236,-0.0009391497442671558
650,78.96067517364136,38.017745106126895,-0.0009160850022283615
651,79.9618419691842,38.01682825357682,-0.0009767374597094338
652,80.96276941949222,38.01583759738189,-0.0010609825522684478
653,81.9634599415474,38.014774604064264,-0.0011029335452993321
654,82.96387304585542,38.013659473994885,-0.0010135542108440654
655,83.96434855053029,38.012643474055714,-0.0008896904125329418
656,84.96482719657047,38.01175149302017,-0.0008284066388613265
657,85.96534556884,38.01092109047498,-0.0007992255490249596
658,86.96589273323842,38.010118891097015,-0.0007378692084215681
659,87.96642492660861,38.009378612985955,-0.000628978811328874
660,88.96692503970624,38.00874731813537,-0.0005359632175489715
661,89.9673824137762,38.008210555762986,-0.0004971102994505619
662,90.96782635716077,38.00771176798586,-0.0004926651958277344
663,91.96820596602429,38.00721849628131,-0.0005456062495908184
664,92.96854622432,38.0066708445554,-0.0006296526181647464
665,93.96880965319487,38.00603923524398,-0.000669637350770505
666,94.96881718157161,38.005283598166216,1.570258480103933
667,94.96935794929064,39.005140185432786,1.570577457050741
668,94.96957724690502,40.00499029002453,1.5709215522811157
669,94.96945076924196,41.00481101329313,1.5712082544442871
670,94.9690362926711,42.00465169718206,1.5713424647246659
671,94.9684851346442,43.004524486355386,1.5711493066035056
672,94.96830192522164,43.00452128053438,-3.141343315477241
673,93.96804330106116,43.00427088526639,-3.1415317395007323
674,92.96769408960725,43.00421009627276,3.1414608766055756
675,91.9672720653837,43.00434275780158,3.141291168802459
676,90.96679085137485,43.004645789146,3.1411634332839657
677,89.9662268555621,43.00507726139802,3.141137319514977
678,88.96563488293049,43.005534939566374,3.141176014559166
679,87.96500232510655,43.00595276313835,3.1412106082614795
680,86.96434969130738,43.00633612661727,3.1412122984034685
681,85.96368622996788,43.00671712302554,3.1411593916968252
682,84.96297783634829,43.00715179035245,3.141065663521635
683,83.96227862347126,43.00767967176238,3.1409115396333975
684,82.96155067632512,43.00836338338431,3.14073592972145
685,81.96086339141834,43.00922270099839,3.1405950543498515
686,80.96018662689954,43.010227069197775,3.1406988811490377
687,79.95922952435079,43.011123804412335,3.140885433826772
688,78.95795329995683,43.01183407719165,3.1410546079233153
689,77.95639164146232,43.012373798366,3.1411156912611937
690,76.9545201344065,43.01285020828239,3.140948154343878
691,75.95271467305516,43.01349573949628,3.140664040169894
692,74.95091931778077,43.01443221679678,3.1404203354403677
693,73.94915848225864,43.01560575764898,3.140259917735937
694,72.94746875483426,43.016947448675985,3.1400956604406094
695,71.94584234743054,43.018445646816,3.1398595787648453
696,70.94427581737763,43.02018884046868,3.1396020467094354
697,69.94283225864882,43.022183024481485,3.139326650429572
698,68.94148971592224,43.024462944485784,3.1391444406364473
699,67.94036939100106,43.02691633444027,3.138967533847777
700,66.93945470895041,43.02955716754143,3.138831562236596
701,65.93888439506046,43.03232547230174,3.138763607452254
702,64.93873249142658,43.03517352426686,3.138719382469219
703,63.93907109546301,43.038054941489655,3.138675723807217
704,62.93993182491469,43.04098598208924,3.1384358960776346
705,61.94127276694236,43.04414030358499,3.1384448440705905
706,60.943215183568526,43.04728830583003,3.1382566557828695
707,59.94570160967767,43.05062047525041,3.1380066136353078
708,58.948745530422606,43.054205696526715,3.1377872951136436
709,57.95236455200121,43.058006711478654,3.13759211859922
710,56.9565501288608,43.0620039083228,3.137419971398762
711,55.96137210100083,43.0661638827731,3.1374695979512794
712,54.966786868476035,43.07026622903605,3.137762916972761
713,53.97278416268927,43.07405698110932,3.138297455633622
714,52.979295567949876,43.07732821532744,3.1390742770183584
715,51.9862048601639,43.07984058811962,3.140073500720032
716,50.99334465861378,43.08133885231319,3.1412662744112274
717,50.000738022565336,43.08167926908118,-3.1407322637758215
718,49.00816620627095,43.08088098111752,-3.1395766862967727
719,48.015382999502506,43.07891437495352,-3.1386895841740126
720,47.022097581921635,43.07614101622544,-3.1380236841749216
721,46.02850562579179,43.0725855009138,-3.1376270559168833
722,45.034352256903205,43.068648934582356,-3.1373898778731126
723,44.03967204196084,43.06445800174027,-3.137487618791247
724,43.04439707719123,43.06036634241226,-3.137718111430015
725,42.048539948833685,43.05650038246529,-3.1379365253795424
726,41.05213710745719,43.052848221580966,-3.138209065255439
727,40.055186599831885,43.04946469996384,-3.1384893200085844
728,39.0577163532667,43.04636174692331,-3.1386900990060944
729,38.05974570308844,43.04345965944255,-3.1387160260727605
730,37.06166783734064,43.040496049085064,-3.139052728341244
731,36.06276919343188,43.03795090943377,-3.1391866316099932
732,35.063408196153006,43.035560698302135,-3.1392211676557893
733,34.06360533458031,43.03318414291121,-3.139182400055797
734,33.06330550489715,43.03078467792725,-3.13916764781137
735,32.062633429316186,43.02835430341976,-3.1391793422781866
736,31.061601406440715,43.02594564443231,-3.139308322813043
737,30.06035600320542,43.02365710716517,-3.1394917359089023
738,29.058886264389354,43.02155462693086,-3.1397195492969527
739,28.057289509579817,43.01967963372837,-3.1399298369081325
740,27.05561590239232,43.01801204948525,-3.140113354250185
741,26.05388210828342,43.016531796441534,-3.140312645028063
742,25.052070707208227,43.01524597241532,-3.1405762613757857
743,24.050246220223887,43.01422965291745,-3.140823075636789
744,23.048376184201857,43.013456624380275,-3.141018475510699
745,22.04644910960302,43.012884007994806,-3.141121448359537
746,21.04450055301797,43.01241213735787,-3.141034396136851
747,20.042852794379517,43.011854741683784,-3.140895931882458
748,19.041514292560695,43.01114608760929,-3.1407598651091906
749,18.04050220514268,43.01031294828459,-3.1406538180897674
750,17.03979774249961,43.009364475217744,-3.140725331028477
751,16.039067434934598,43.00849570703094,-3.1408323554097946
752,15.038324009037185,43.00773343089796,-3.140900817561496
753,14.037573639973202,43.007040108242016,-3.1409489768810954
754,13.036826643334177,43.006394095121486,-3.1410324255088202
755,12.036099025577064,43.005832490590194,-3.1411403988548243
756,11.03541514939124,43.00537913885708,-3.141209454841814
757,10.034751393490748,43.00499572733384,-3.1412407772318423
758,9.034157761548261,43.00464315600218,-3.141216503014049
759,8.033605420779534,43.004267014846484,-3.141142763256925
760,7.033144510054654,43.00381597134189,-3.141007582725758
761,6.032752207286118,43.00323023829532,-3.140837432924193
762,5.032739631778424,43.0024134103069,1.5716668015467652
763,5.031862296060855,44.00229393454297,1.571349867794586
764,5.0313058603068255,45.002162397892974,1.5709047359803643
765,5.031197229608113,46.00200147689687,1.57049290003139
766,5.0315025796855135,47.00185620991516,1.5702518440549667
767,5.032052038829607,48.001737510752925,1.570398517204315
768,5.032270440072062,48.001734464283494,-0.00035063441770919086
769,6.032585884792624,48.001382416319515,-0.00024047800598278566
770,7.033013914238253,48.00114139278462,-0.00013986065858172716
771,8.033500342718245,48.00100140615477,-6.140455559896783e-05
772,9.034068789645524,48.00093994376881,-7.910889796287479e-07
773,10.034705172341699,48.00093884856824,7.087007721619433e-05
774,11.035381922600765,48.00100980774541,0.0001544111084512874
775,12.0361300653408,48.001164226378556,0.00024920787383555815
776,13.036900182126004,48.00141420872622,0.00034909784682058813
777,14.037727377437976,48.001764226499844,0.0004141419186258848
778,15.03855417901923,48.00218000533851,0.00046639004209250435
779,16.039410849173017,48.00264675722838,0.0005711893851709021
780,17.040270035491424,48.003219839016026,0.0007004268526770093
781,18.04112317361329,48.003922529381,0.0007555368797584987
782,19.041960962571196,48.004684016436755,0.000515740111626909
783,20.04314540112378,48.005201512980555,0.00018047163970801052
784,21.044643828269248,48.00538350816792,-0.00010143382147083507
785,22.046513778631546,48.00528160805321,-0.00025673342440632447
786,23.04873505237336,48.0050215681582,-0.00014073324084601504
787,24.050913818431653,48.004879800570045,4.8126724097166626e-05
788,25.05309087217895,48.00493004129879,0.0001768650465094983
789,26.055197349053277,48.005103754230106,0.00032046031172835104
790,27.05727946822266,48.005428081401384,0.00046824131685055663
791,28.059338015983556,48.00589424359431,0.0006339567790455374
792,29.061318849040948,48.00653277738286,0.0007749687442386502
793,30.063225728167826,48.00730788230403,0.0008397112028546077
794,31.064970344406085,48.00815335536474,0.000879631546800807
795,32.066540534935264,48.00903307127095,0.0009280555308261672
796,33.067849888980916,48.009967232528446,0.0009885881217577433
797,34.06873991461431,48.01095680870007,0.0010655677758278316
798,35.06919939688068,48.012031435984184,0.001117269329234538
799,36.06913553970471,48.01315152192231,0.0011786378711550294
800,37.06856637946518,48.01433587482154,0.0013032951734855702
801,38.0674776451079,48.015643176837536,0.0015110450801441165
802,39.06582968746445,48.01715713364546,0.0017434409117869662
803,40.063575935556464,48.01890819538195,0.0018982088892450515
804,41.06065830824817,48.020808917651394,0.0018371403739818105
805,42.05695979366735,48.02265737043548,0.0014586117821445033
806,43.05237545769234,48.02411893012439,0.0006746895383691743
807,44.04676071775881,48.024804166692,-0.000557146028124076
808,45.03995035464906,48.0242515388304,-0.0019118596342317905
809,46.03210506985118,48.022338118184805,-0.0029375711680723815
810,47.023662980919994,48.01940504439178,-0.0030441295754843984
811,48.015049455338826,48.016349210033674,-0.002098204975092142
812,49.00651369798365,48.01425218263361,-0.00013688383143674521
813,49.998086841764916,48.01411432840686,0.002379066516973904
814,50.98958120130033,48.01647959467219,0.004846134113164767
815,51.980740845124956,48.0212612036846,0.003977848675024246
816,52.971966447339994,48.02521739967638,0.0027564166760003874
817,53.96351442997373,48.027960142499644,0.001209204135855975
818,54.95575613967739,48.02916585568986,-0.0006972648009714212
819,55.949300787637355,48.028470430737656,-0.0025626098718480677
820,56.94374046048047,48.0257767701671,-0.002401182357525304
821,57.939449010507055,48.02336664806401,-0.0021723346659319335
822,58.93596805574245,48.02120976250154,-0.001925536536743936
823,59.933185035974816,48.019277555739556,-0.0016695532953145988
824,60.93102818859152,48.017621550543836,-0.0014803961569315979
825,61.92940053685346,48.016136508824445,-0.0013166053072437948
826,62.92826754188817,48.01483098819527,-0.0011622336065501978
827,63.92757809457381,48.01366528660666,-0.001012737650517241
828,64.92731677249047,48.01266151037357,-0.0009181283341797799
829,65.9274831265045,48.01174206610627,-0.0009083459872049232
830,66.92808104067306,48.01085098089945,-0.0009302774271259643
831,67.92913774517226,48.00991894294599,-0.0009060638414405719
832,68.93053603244617,48.00902003347108,-0.0008245851645285121
833,69.9322247451629,48.00819538739664,-0.0007429437178428522
834,70.93411652730714,48.00745743271435,-0.0006816701813084474
835,71.93616713389363,48.00677726889765,-0.0006380596737387605
836,72.93831939388781,48.00614056502664,-0.0005516529471534349
837,73.94049407976581,48.00559049617078,-0.0004139995804351925
838,74.94271454581776,48.00517536685655,-0.00020045004216365448
839,75.9449839413333,48.00497752190553,1.8053985232108033e-05
840,76.94725771580305,48.0049964655325,0.00019829906323075023
841,77.94955489446689,48.00519901866722,0.0002537372341463228
842,78.95191160396327,48.00545701415022,2.6855066692854042e-05
843,79.9538714789136,48.005486925239595,-0.0003185600095106227
844,80.9554890346716,48.0051579339554,-0.0006026474587968538
845,81.95673999926429,48.004555188252525,-0.0007901975584397163
846,82.95764441404543,48.00375275345734,-0.0006801998837789796
847,83.95857443994167,48.00307093782798,-0.00047659348872410023
848,84.95947020488322,48.00259281012272,-0.00030199929469834283
849,85.96037331547872,48.00229010573124,-0.00016433166535839117
850,86.96122900974945,48.002125779967805,-7.367635732493215e-05
851,87.96207586587813,48.002052381222306,-3.345260770217498e-05
852,88.96285208603251,48.002019146936405,-4.1811677267082494e-05
853,89.9635813204969,48.001977863448104,-9.392289326798124e-05
854,90.96425460606159,48.001883811919306,-0.00019439612936675594
855,91.96485874431669,48.00168981333482,-0.00036281516767433503
856,92.96542191999974,48.001326127129865,-0.0006051655397643661
857,93.96588882445575,48.00072022541252,-0.000911909397288559
858,94.96590511235186,47.99973957740096,1.5696186159209369
859,94.96709121973137,48.99958922357705,1.5699270928805775
860,94.96796409939311,49.99939337497081,1.5704212421373507
861,94.96833957237833,50.999192608876236,1.5708988131613788
862,94.96823532837368,51.998999876064396,1.5712232766086562
863,94.96780342296994,52.998822108531506,1.5712029456045522
864,94.96760511340216,52.99881719272474,-3.1411034539711227
865,93.96731234830533,52.99832554882898,-3.1411886477144004
866,92.96691133927719,52.99792040151303,-3.1413231675817834
867,91.9664197889879,52.99765061806572,-3.141453841650936
868,90.96585227330128,52.99751201833267,-3.1415466342304983
869,89.96518338534561,52.9974666057296,-3.1415783240712143
870,88.96447487807472,52.99745313931293,-3.1415527493117414
871,87.9637082177972,52.99741323078506,-3.141526896669162
872,86.96293442596186,52.99734741770537,-3.141522909255001
873,85.96211937408906,52.99727714470145,-3.141565302481699
874,84.96127187629556,52.99724944879596,3.141518318416878
875,83.96040003420767,52.99732340855711,3.141353749235753
876,82.95951214149872,52.99756326262983,3.141162065510833
877,81.9586369001546,52.99799608583051,3.141087879128161
878,80.95778335034383,52.99850743157744,3.141426896593673
879,79.95657983723403,52.99867486262372,-3.141263822619294
880,78.9550560761012,52.99834756996532,-3.140780834602417
881,77.95315876393157,52.99753358757296,-3.1404419239990853
882,76.9508981978722,52.99637686628664,-3.140496297560331
883,75.94868615179082,52.99527707344477,-3.1406557469159258
884,74.94649013469387,52.99433686380145,-3.1407446868853284
885,73.94436370678409,52.99348383259406,-3.140797691526441
886,72.94227329800302,52.99268658082792,-3.1407920977557584
887,71.94020194054397,52.991881275379924,-3.1407769704146644
888,70.93820245697341,52.99106242565463,-3.140756404121732
889,69.93628739933283,52.99022198934884,-3.1407240766055815
890,68.93452740302145,52.98935148748909,-3.140596241048838
891,67.93295191996971,52.98835048128557,-3.140476709268133
892,66.93165930591539,52.98723066157844,-3.140384129939496
893,65.93077644898476,52.98601779057752,-3.140321104064482
894,64.93033694846274,52.98474344661107,-3.140277076683022
895,63.93042265376177,52.9834255493567,-3.1401865688004613
896,62.93101914843516,52.982018331618,-3.140005355094725
897,61.93214685874867,52.9804300101254,-3.13974455850268
898,60.93384379073853,52.978580386041585,-3.1394874811401996
899,59.93615643010942,52.976471475633836,-3.1393469746577947
900,58.93916417592349,52.97422455741764,-3.1394512739652707
901,57.94296293903268,52.97207763858737,-3.1399219500086564
902,56.94766558094785,52.97040564953678,-3.1408793264667962
903,55.95341244684967,52.96969098355127,3.140899750147267
904,54.96036965876525,52.97038392183325,3.1394946976543596
905,53.968279116482016,52.972498181970316,3.1386615956748876
906,52.976639257153366,52.97542971150304,3.1386379187378934
907,51.98512569859716,52.97840702686716,3.139587679355081
908,50.99353689994163,52.98041394966324,3.1414198161703473
909,50.00186155052221,52.98059424082022,-3.139677488425453
910,49.0102419735173,52.97868434369134,-3.138322490692921
911,48.018770223402285,52.975395395746496,-3.138193725331853
912,47.02726313460102,52.97200585555231,-3.139077794181904
913,46.03538525817511,52.969478855877256,-3.1405902061675763
914,45.042730368813174,52.9684818387455,3.141024214339202
915,44.04893050832263,52.969055190442404,3.1399320503347905
916,43.05411254169495,52.97071315470786,3.139372421857187
917,42.05840949604782,52.972941002261464,3.1392114578104953
918,41.06193485074167,52.975314983761805,3.139323814520489
919,40.064770924008435,52.97758976481749,3.139590802063289
920,39.06702179573483,52.97958652015818,3.139908379315814
921,38.06873803595525,52.98127361887678,3.1401815236695154
922,37.06996753712622,52.98268260472239,3.140351709099543
923,36.07075408852284,52.983925691088444,3.1404563126084994
924,35.07111123623355,52.98506228398449,3.140535426018938
925,34.07104401616363,52.98612244785257,3.1406042297362915
926,33.07054630817293,52.9871130113679,3.140654997034076
927,32.06958232446983,52.9880542158467,3.1407138152349323
928,31.06826892460777,52.988937683209535,3.140711504850007
929,30.066655700932813,52.98982343001334,3.140731365607326
930,29.064842559470552,52.99069371267838,3.140759594514227
931,28.06284932293741,52.991532706114434,3.140836028119069
932,27.06075537058543,52.99229527025198,3.140894404276001
933,26.058630790631273,52.99299876576885,3.140916449947814
934,25.056449586745426,52.99367857683942,3.1408367819622214
935,24.054195890800173,52.99443900402888,3.1406441061579278
936,23.051924404731473,52.99539258175519,3.1404422348001444
937,22.049677089265202,52.99655024570245,3.140384758421007
938,21.047367375978855,52.99776869920278,3.140755281637182
939,20.0454472644673,52.99861196765149,3.1412907536438377
940,19.043868756731804,52.99890924221564,-3.1413929071136204
941,18.042641569766978,52.99871050165178,-3.1410172107396286
942,17.04178678148664,52.99812340260065,-3.1410255617174436
943,16.040883555754633,52.99755517422162,-3.14115466376382
944,15.040002553575802,52.997115506790834,-3.141322154339011
945,14.03910888464802,52.99684433239051,-3.141500047047302
946,13.038263165626246,52.996752121544276,3.1415426947058966
947,12.037427124229575,52.99680299183372,3.141456630411468
948,11.036653174067077,52.996940355944766,3.1414238561897556
949,10.035915445755329,52.99711065103479,3.1414504283685734
950,9.035231901401557,52.99725422614208,3.1415320371940796
951,8.034614671701211,52.99731626200755,-3.1414996761171587
952,7.0340750546162685,52.997223897827,-3.1412534946583284
953,6.033628918468966,52.99688546721686,-3.14089977637417
954,5.033613325515168,52.996170460583244,1.571929747336725
955,5.032470350023816,53.9960884081683,1.5717338036223363
956,5.03152796417149,54.995974461953054,1.5713143372930087
957,5.03100825625089,55.99584527832528,1.570884104159148
958,5.030921071653581,56.99571237769956,1.5705736907257215
959,5.031146799718368,57.99560913260643,1.5705433777879079
960,5.031301285094464,57.995606870882796,-0.0003464132326207731
961,6.031532611751967,57.995259007832445,-0.00037381038641913803
962,7.031852346332911,57.99488417235902,-0.0003855808201895165
963,8.032276856875228,57.99449751724425,-0.0003831852077604431
964,9.032751774383446,57.99411319605899,-0.00037837887487977606
965,10.033283829223379,57.99373377803494,-0.00037658001495874475
966,11.03385864387421,57.993356077055736,-0.00038031826341931147
967,12.034463989626717,57.99297461183491,-0.0003844241073152922
968,13.035128278739414,57.99258861697558,-0.0003541128084847403
969,14.035799229920382,57.9922329735045,-0.00028026696273049996
970,15.036508561159435,57.99195098195907,-0.00012448066190686282
971,16.037201067712733,57.99182515472525,0.0001093962502277798
972,17.037894151839,57.991934837255215,0.00036466837099774545
973,18.038526465252914,57.992301835215365,0.00044915116620890803
974,19.03913189449541,57.99275806370808,1.3362613761645735e-05
975,20.040014708566925,57.992773305212545,-0.0006522859934037916
976,21.04122283110926,57.99212243499912,-0.0013361611422981546
977,22.042708613397696,57.99078248221513,-0.001881078566284325
978,23.04453325192515,57.98889279297635,-0.0018950578208317193
979,24.046267417130924,57.98699152376369,-0.0017351875891267715
980,25.04793076585647,57.985249186696855,-0.0016467814709212668
981,26.04953962085566,57.983596206021744,-0.0016323131990807081
982,27.0511104537217,57.98195783679262,-0.0017026880679489077
983,28.052658544488295,57.98024881251718,-0.001791864613712434
984,29.054120363640216,57.978449882939415,-0.0019200442480533048
985,30.055495809909562,57.976523529638776,-0.0020749323968636156
986,31.056715953906295,57.9744413110657,-0.0023349264435610674
987,32.05776614866176,57.97209901936434,-0.002588796613760692
988,33.05855684044097,57.96950024373619,-0.0028207436991801687
989,34.05907587670017,57.96667058910298,-0.0029418217025862234
990,35.059206503301624,57.963717803529015,-0.0029506514288505253
991,36.05890596001403,57.96075931305256,-0.0028607675839584907
992,37.058052794756584,57.95789296824432,-0.0028176835674107443
993,38.05668008679522,57.95507244895744,-0.002918705730594021
994,39.054777646755085,57.95215097293207,-0.0031055084241859
995,40.05235294993554,57.9490412622772,-0.003321463864930419
996,41.04940440101653,57.9457192751356,-0.0035027625263362276
997,42.045909168139225,57.94221021893838,-0.0036327718647609286
998,43.04186330615559,57.93858066308645,-0.0036787026058202384
999,44.037275220174806,57.93489507229685,-0.0036229014729829575
1000,45.03215600801313,57.93127904349215,-0.0034494952414136945
1001,46.0265190759692,57.92782239603894,-0.003079351411225166
1002,47.02041881872075,57.924749569841545,-0.0024616741353699753
1003,48.01391458583155,57.92228227143512,-0.0016314365596321052
1004,49.00711688523819,57.9206553650744,-0.0006491200888091539
1005,50.00015889096396,57.92000676510058,0.00038755761384287054
1006,50.99318924659385,57.92039359864664,0.0013405426703947743
1007,51.98633635865034,57.92174038430323,0.002170708745594357
1008,52.97973635063368,57.92390318356515,0.0028253645258731
1009,53.97349886290923,57.926737320924296,0.0033021112944187354
1010,54.96770670884076,57.93002126902458,0.0036252443957225633
1011,55.96240825858651,57.933656627550214,0.0037525208091719548
1012,56.95763941019781,57.93739286825236,0.003688689604591565
1013,57.95341630347537,57.9410905157198,0.0035119281191598574
1014,58.9497184863352,57.944588025933314,0.003290440252626375
1015,59.946544304052594,57.94788466434205,0.003093666998655382
1016,60.94386571661013,57.95096722389341,0.0029146571298637996
1017,61.941684193434796,57.953887547935764,0.002771799318209543
1018,62.939988164901166,57.95665130966778,0.002658317575616114
1019,63.938779417350894,57.959314981670616,0.002596447684068005
1020,64.93805132131183,57.96190611335128,0.00260124004900027
1021,65.93783567441187,57.96451337398509,0.002638009483110765
1022,66.93807439238225,57.967149736556955,0.0026704416905510746
1023,67.93873862128814,57.969828605363304,0.0025881714962632703
1024,68.93970669242566,57.97242198486902,0.002402484873511738
1025,69.94088284271874,57.974832660262315,0.002162751042557459
1026,70.9422432606686,57.97700301818735,0.0019151499746546349
1027,71.94371581414929,57.978925282112634,0.0016925580636142279
1028,72.94530130314473,57.98062425374086,0.0015319607137794164
1029,73.94693953896555,57.982161492416125,0.0014945947147896263
1030,74.94863596021736,57.98366079317091,0.0015989906755241804
1031,75.9503983362105,57.985265808131786,0.0017459909057587068
1032,76.95216324037582,57.98701877324719,0.0019253924711593964
1033,77.95401327119517,57.98895292843579,0.001923115925866981
1034,78.95591185727258,57.990889289198115,0.0014028365174021593
1035,79.95747476089574,57.99229889327391,0.000705473228412727
1036,80.95873419267465,57.99300287552649,5.264193319729175e-05
1037,81.9596808539501,57.993055789225885,-0.00042920739290938783
1038,82.96031542761669,57.99261574754846,-0.0004318285009707644
1039,83.96099987309199,57.99218191616063,-0.00025826847689553763
1040,84.96171869191863,57.991921988954864,-2.2073634851319172e-05
1041,85.96244827030657,57.991899946554334,0.0001829962641934436
1042,86.96317767359322,57.99208413823427,0.0003235738545069398
1043,87.963896807972,57.99240910185795,0.0003949187381423832
1044,88.96459467111535,57.992806051914656,0.0003971512436936736
1045,89.9652443127979,57.99320482948906,0.00034987737310886375
1046,90.96583381692776,57.9935561736847,0.0002641754723883121
1047,91.96639047577487,57.99382198680717,0.00010287600787225966
1048,92.96686161442635,57.99392587447556,-0.00014701674227017832
1049,93.96726928822679,57.99377987724894,-0.0005201050357127526
1050,94.96728292633006,57.99325667976042,1.5697833610923513
1051,94.96830374782512,58.993194076771886,1.5698540403473695
1052,94.96925014859696,59.99310099279221,1.57012950863226
1053,94.96991862022209,60.99299395247027,1.5704381949178634
1054,94.97027692032866,61.9928838958712,1.5707092453561995
1055,94.97036301317297,62.99280246537217,1.5708964852139715
1056,94.97028356995305,62.992800797981836,-3.1412792413644666
1057,93.97010296422974,62.99248598111427,-3.1411706790072693
1058,92.96984504721677,62.992063112974634,-3.1411130312724818
1059,91.96952935750377,62.99158255135198,-3.1410687460669107
1060,90.96913973348566,62.991057313866854,-3.1410503224969624
1061,89.9687276747821,62.99051377766729,-3.1410448305818552
1062,88.96828848936072,62.98996456121984,-3.14104838841931
1063,87.9678370711811,62.98941898543366,-3.1410664440824747
1064,86.9673882441846,62.98889135544611,-3.141101613833795
1065,85.96691785723272,62.98839856016912,-3.141206249969223
1066,84.96648131551561,62.9880108043127,-3.1413667825306573
1067,83.96605432162335,62.98778382857498,3.1415871123724175
1068,82.9656545353286,62.987789622998164,3.141335390351951
1069,81.96531750808869,62.988049703294514,3.1412801368492214
1070,80.965019494408,62.98836962127051,-3.1413905491670064
1071,79.96448415582667,62.98816961457428,-3.1406262639229325
1072,78.96367354019948,62.98720436579403,-3.139861042488742
1073,77.96263901390166,62.9854676489415,-3.1392729934519146
1074,76.96132700069748,62.9831383956483,-3.139299775804832
1075,75.96011453165411,62.980838919627644,-3.1394603477520504
1076,74.95897487798831,62.97869838913121,-3.1395978669468008
1077,73.95794016374235,62.976698009583856,-3.139664823698324
1078,72.95700888326294,62.974764275796616,-3.139631047464061
1079,71.9561740609263,62.97279771875923,-3.1395174678383135
1080,70.95543734312052,62.97071591135174,-3.1393542855122254
1081,69.95479609559521,62.96847143034899,-3.1392063290594607
1082,68.95432431280858,62.966078046624766,-3.1389939492649472
1083,67.95397118401993,62.96347267639262,-3.138790991554915
1084,66.95381000847689,62.9606633135837,-3.1385442281096716
1085,65.9538439320297,62.95760834092301,-3.1382288177119335
1086,64.95410815113249,62.95423510517873,-3.137976554531948
1087,63.95466994630082,62.95061049997723,-3.137774287976627
1088,62.955562033287286,62.94678262725205,-3.137689023893548
1089,61.956793849157975,62.942869456044754,-3.137802072391745
1090,60.95847946419092,62.93907224293844,-3.138006979585506
1091,59.960554855279845,62.93548019870171,-3.138377502440024
1092,58.96310053933601,62.93226407396443,-3.1387540141212575
1093,57.96606732516617,62.929424951720144,-3.1390349892287652
1094,56.9694359634449,62.926869128683485,-3.139282049448699
1095,55.97316561515029,62.92455689867781,-3.1395685193379217
1096,54.97722941420001,62.92253544060297,-3.139889073058907
1097,53.98158026014904,62.920830417653406,-3.140256740666589
1098,52.986163622469846,62.91949735574036,-3.1406610469655463
1099,51.99092169976247,62.91856566712019,-3.141085552104152
1100,50.995790270491696,62.91806047538662,-3.1414839675916326
1101,50.000721399284195,62.91795315299959,3.141293197815924
1102,49.005647016323216,62.91825150949896,3.140865466840383
1103,48.01051813119315,62.918981277692595,3.140446875524467
1104,47.015270526216646,62.92012351974947,3.1400693755424043
1105,46.019844864965734,62.92165168661086,3.1397476284571737
1106,45.0241889470879,62.92349070071818,3.139507664545929
1107,44.02825240239491,62.92558170326117,3.139352949420214
1108,43.03201623744669,62.9278139804193,3.13923737948588
1109,42.03543855967244,62.930173944381195,3.1390704690211155
1110,41.038504151527526,62.93268405115804,3.1388440935787973
1111,40.041185051862115,62.93543822290628,3.1385729717035122
1112,39.043452028232515,62.93844864544051,3.138295431186835
1113,38.045263475142505,62.94175460699191,3.1381234379296865
1114,37.04665956178409,62.94521768502143,3.1380781089328638
1115,36.0476545371683,62.948741350454675,3.138114399991277
1116,35.04829023690054,62.95221853810131,3.1382007884857392
1117,34.04857796375872,62.955619645674304,3.1383671203318135
1118,33.04862667916029,62.95884863365613,3.138545678172562
1119,32.048435792562394,62.96190400881074,3.13873634503298
1120,31.048027745751742,62.96476642910604,3.1389918144519755
1121,30.04747368499449,62.96737507693074,3.139256603756195
1122,29.046793059536384,62.96971748631148,3.1394909748850672
1123,28.04598409619791,62.97182590917042,3.13971178198265
1124,27.045109501808977,62.97371181351399,3.1398087331852156
1125,26.044107646488253,62.97550104492659,3.1398125265346266
1126,25.043039173617757,62.97728595854194,3.1396879826842046
1127,24.041900475861144,62.97919632424653,3.1394955084345133
1128,23.040702351689912,62.98130084901612,3.1392926535751635
1129,22.039429590156065,62.983610019225665,3.1392787728515756
1130,21.038072336130917,62.98593697081116,3.139862705150119
1131,20.036978461184376,62.98767446425868,3.1406419528443195
1132,19.03612960926252,62.98862585862841,3.141372595188515
1133,18.035538541402218,62.988845754445684,-3.1412996190120133
1134,17.035205654203683,62.988543148617325,-3.141333559515755
1135,16.03481925724287,62.988282489396646,-3.1415398096117784
1136,15.034397693700198,62.9882295757773,3.141438964231775
1137,14.033920591740412,62.98838470719468,3.1413188179089544
1138,13.03344458624455,62.988660162681896,3.141253204588944
1139,12.032943843511056,62.98900115030243,3.14122387462618
1140,11.032432842131628,62.98937119394547,3.141174354421235
1141,10.031930449871012,62.98979144261849,3.1411687693216717
1142,9.031465079236494,62.990217521891516,3.1412160050455897
1143,8.031050866623898,62.99059621053311,3.1413269716109773
1144,7.03066620941553,62.990864188592646,3.1415563526948542
1145,6.0303270627327095,62.99090278383246,-3.141223721551614
1146,5.030315485944795,62.99056419180071,1.5717837175694134
1147,5.029319095728737,63.99056006296219,1.5717826396694032
1148,5.028327287761741,64.99051465917805,1.5715293531237908
1149,5.027591272384395,65.99044139179787,1.5711920238963484
1150,5.027194587401635,66.9903588281752,1.5708832909991388
1151,5.027108238387358,67.9902946710167,1.5706870251298806
1152,5.027173400993373,67.99029265001748,-0.00033259366043806595
1153,6.0272840229563,67.98995831532953,-0.0004612990263265524
1154,7.027448924087214,67.98949547797761,-0.0005417037823399043
1155,8.027680273866034,67.98895185685357,-0.0005635102344321886
1156,9.027919450832929,67.98838676970946,-0.0005794992970595201
1157,10.028175731004888,67.9878058475786,-0.0006041693472201842
1158,11.02846519508064,67.98719972069807,-0.0006003491682565156
1159,12.028737885255472,67.98659772185094,-0.0005891628241862647
1160,13.029011568899197,67.98600647422194,-0.0005393034822648383
1161,14.029269242532527,67.9854651274721,-0.0004285824237161029
1162,15.029493327334519,67.98503473206685,-0.00025548022149296187
1163,16.029701872585353,67.98477757528543,1.3445778076138097e-05
1164,17.029860584050688,67.98479107220811,0.0002930694678303589
1165,18.029948255427765,67.98508698228117,0.00035840013229171885
1166,19.02998090168124,67.9854527124663,-0.00018299816714170046
1167,20.03019779126205,67.98527185263654,-0.0009927652216673956
1168,21.03062676908193,67.98427973189628,-0.0018210125936733337
1169,22.031244930268667,67.98245228776474,-0.0024213207206122463
1170,23.032059984439588,67.980020155842,-0.002344186323371992
1171,24.032771217385367,67.97766838385468,-0.002085417801655937
1172,25.033363951712687,67.97557667294222,-0.001923898020634773
1173,26.03388495523814,67.97364770176078,-0.0018207503871261802
1174,27.034286913643395,67.97182227226023,-0.001831838527068092
1175,28.03461279038613,67.96998568566825,-0.001867356004246666
1176,29.03481194308659,67.96811326196921,-0.001965989839894763
1177,30.034925374149772,67.96614180337802,-0.002020653199541705
1178,31.03488954558123,67.9641156654264,-0.0020956018250045563
1179,32.03473763802712,67.9620145137278,-0.0021247634554573155
1180,33.0344092190032,67.95988503229437,-0.0022169110920245553
1181,34.03394402671142,67.9576633697798,-0.002339211866569713
1182,35.033325302852845,67.95531947519704,-0.0024907805237218607
1183,36.032538915179636,67.95282333268442,-0.0026542584092176416
1184,37.0315598512377,67.95016381221205,-0.0027766132079224104
1185,38.030383575870744,67.94738067510096,-0.0028278405617810486
1186,39.02897525621854,67.94454842651471,-0.0028334429388249486
1187,40.02733525378492,67.94171008198609,-0.0028696255006749405
1188,41.02548834578818,67.93883651094728,-0.002762545189642229
1189,42.02339763743662,67.93606945034001,-0.002676877648501812
1190,43.02108879708697,67.93339099656795,-0.0025106221257170432
1191,44.01857604675055,67.93087681295789,-0.002326147046975268
1192,45.01584386340613,67.92855153535207,-0.0021508131766091094
1193,46.0129210329886,67.92639836183965,-0.0019476525627052286
1194,47.009844568079274,67.92444948235003,-0.0014676636150738422
1195,48.00662128969263,67.92298005958223,-0.0009430113351662396
1196,49.00329890120636,67.9220382166788,-0.00042211375516065867
1197,49.999924145898426,67.92161867217249,5.43463888954212e-05
1198,50.99654376907416,67.92167255994322,0.0004947385243340336
1199,51.99320478829585,67.92217014209757,0.0009254061309578239
1200,52.989936007298574,67.92309245083888,0.0014017450533935119
1201,53.98677095014914,67.92449774921675,0.0018826321243925882
1202,54.98375397481316,67.92637698214322,0.002205333695592961
1203,55.9809093023931,67.92858891082491,0.0023961972616787755
1204,56.978241907875564,67.93098033414067,0.002582475742449601
1205,57.975801058741666,67.93356731055188,0.002782937242507935
1206,58.97361735200629,67.93634694455417,0.002779814541721378
1207,59.97165057359439,67.93913241646105,0.0027753854908986364
1208,60.96991659055472,67.94190524865695,0.0027590413347844053
1209,61.96840759185564,67.94466959463526,0.00274200028170778
1210,62.967103998753856,67.94740847897911,0.002773428566112543
1211,63.96604504306206,67.95018852157583,0.0027134730658488937
1212,64.96516614417776,67.95290250758197,0.002663415983291377
1213,65.9645094783119,67.95557273670029,0.0025180160854979842
1214,66.96400844264723,67.95809314195886,0.0023590697189156823
1215,67.96368865295565,67.96045838748344,0.002131989881715683
1216,68.96348530632511,67.96259323343772,0.0019616747718780676
1217,69.9634396826135,67.96455945618999,0.0018212577154813198
1218,70.96347901995448,67.96638336692443,0.0017774298337657963
1219,71.9636440289448,67.96816494364096,0.0017813330751589715
1220,72.96392581208845,67.96994970049033,0.0018164890469447507
1221,73.96431982432561,67.97177083472921,0.0018747128788140365
1222,74.96480354553094,67.9736495220407,0.0019973939856059233
1223,75.96537794190866,67.9756517230979,0.0021891167906972326
1224,76.96603941315024,67.97784659566325,0.0023964248309082683
1225,77.96679417353235,67.98025134404885,0.0024343959373384436
1226,78.96768721572224,67.98269916153656,0.001797279780467261
1227,79.96836322121263,67.98450345554501,0.000953133908171855
1228,80.9688646042248,67.98545782559223,0.00011669927649890658
1229,81.96913845055143,67.9855726290515,-0.00045339191037662184
1230,82.96920661814816,67.98510907802772,-0.00036468181289762947
1231,83.96934628098501,67.98474157960311,-6.976376230359994e-05
1232,84.96953837998028,67.98467118103932,0.00023474429538857165
1233,85.96979505144934,67.98490741297435,0.0004375220948582127
1234,86.97006310709675,67.9853466127367,0.0005702612070472228
1235,87.97036274697412,67.98591902153358,0.0006276500514623135
1236,88.97067719423616,67.98654906887322,0.0006146854993980583
1237,89.97097552903107,67.98716562110044,0.0005751291470562636
1238,90.97127593509217,67.98774282463637,0.0004934761668299235
1239,91.9715630229445,67.9882382597759,0.00034928163558089597
1240,92.9718195070773,67.98858930164056,0.00012583973876416826
1241,93.97206152606923,67.98871693249914,-0.00023661680377087704
1242,94.97207022176129,67.98850709966256,1.5700298759089102
1243,94.97284235762717,68.98848986007617,1.5699095180098075
1244,94.97373327776658,69.98845104819364,1.5699949673922013
1245,94.9745376946827,70.98839786699736,1.5702187506563328
1246,94.9751171971397,71.9883241339275,1.5705275039870357
1247,94.97538626203341,72.98823965457782,1.570829585782599
1248,94.97536255336689,72.98823716298368,-3.141247959776386
1249,93.97529877097912,72.98789037017404,-3.1410982659943065
1250,92.97518678109516,72.98739413626738,-3.1410514666285176
1251,91.97504464309436,72.98685140766416,-3.1410599162420296
1252,90.97488991596808,72.98631752140396,-3.1410764120199497
1253,89.97471543917445,72.9858003951516,-3.141082743728819
1254,88.9745463845711,72.98528965428467,-3.1410689296877683
1255,87.97439994802184,72.9847649739483,-3.1410503102222482
1256,86.9742618803778,72.98422100210868,-3.1410793127181313
1257,85.97414954794081,72.98370597088284,-3.141181126060753
1258,84.97408074295198,72.98329303186293,-3.141349790120103
1259,83.9740419697828,72.98304899643757,3.141576884865829
1260,82.97405364753509,72.98306497207643,3.1412894954591386
1261,81.97414499651208,72.98337131689142,3.141207174907054
1262,80.97431254305194,72.98376476598227,-3.1414323125331065
1263,79.9743167027693,72.98360687596404,-3.140636196007393
1264,78.97416408227316,72.98265142810982,-3.1397972313831226
1265,77.97385326993448,72.98084962100462,-3.13920158254699
1266,76.97340999089913,72.97844906683827,-3.1392425235038033
1267,75.97306612780191,72.97609159489504,-3.139468635121381
1268,74.97279565232773,72.97396067983092,-3.1397524183073737
1269,73.9726320750788,72.9721167250474,-3.139960522309667
1270,72.97255676142301,72.9704809117501,-3.1401006916776053
1271,71.97257386765826,72.96898618380385,-3.1401811304056233
1272,70.9726913810019,72.96757208506799,-3.140181020095868
1273,69.97288089404371,72.96615751367263,-3.140172909836268
1274,68.97319333858228,72.96473561850725,-3.1400694017257376
1275,67.97360710776435,72.96320970032929,-3.1399171618403763
1276,66.97409870315549,72.96152978821178,-3.1398728377201337
1277,65.97472768749266,72.95980633765981,-3.1398278095694536
1278,64.97547303292987,72.95803789813974,-3.139825183189388
1279,63.976341159838036,72.95626670190444,-3.13985036329677
1280,62.97734618316027,72.95452218367149,-3.1398498932443064
1281,61.97846303988567,72.95277593618874,-3.139890144592871
1282,60.979704142212526,72.95107117632168,-3.13997474620503
1283,59.98107451482555,72.94945107863055,-3.140012252460266
1284,58.98255492853517,72.94786965248261,-3.1400396074071857
1285,57.98415029492358,72.94631263978349,-3.140224851048627
1286,56.98588830206353,72.9449443057837,-3.1404039827869226
1287,55.98774508279673,72.94375533868384,-3.140498958980727
1288,54.98970072150029,72.94266242020717,-3.140512370888229
1289,53.99173492049663,72.94158120892719,-3.140505112333065
1290,52.993828985254375,72.94049279396376,-3.1406409732315694
1291,51.99597234111043,72.93953815813286,-3.140937182644484
1292,50.99814971268071,72.93888244256988,-3.1412925445370794
1293,50.00034353361157,72.93858348103227,3.1415606314860236
1294,49.00255034097657,72.93861546889448,3.1412391205733114
1295,48.00474654724855,72.93897101154089,3.1409116070145244
1296,47.00690899645169,72.93965146399296,3.140590770857139
1297,46.00901299858968,72.94065704665765,3.1403348549805084
1298,45.01103582237796,72.94191595307097,3.140322105588581
1299,44.01298304069875,72.94319009149154,3.1403279085858053
1300,43.01483856621279,72.9444539258387,3.1402738107395183
1301,42.016578519178594,72.94577426956621,3.140110878518205
1302,41.01820471563468,72.94725537506753,3.1399386308987443
1303,40.01970170793583,72.94891485512535,3.139923988378365
1304,39.021104418313904,72.95058374384445,3.1399100767807235
1305,38.02239013310206,72.95226956903353,3.139852774108723
1306,37.023541966302425,72.95401034405182,3.139840334165997
1307,36.02456779235709,72.95576722284551,3.1398735448646327
1308,35.02548396603874,72.95748752834096,3.1398944240740767
1309,34.0262658415108,72.95919023673652,3.139964299571286
1310,33.026936144291106,72.96082012327935,3.1400641017651516
1311,32.02751506688576,72.96235151490033,3.1400762075914663
1312,31.027993879006786,72.96387017083804,3.1400863977428037
1313,30.02838354251002,72.96538042389538,3.140111797097459
1314,29.028701045822853,72.96686379763584,3.140120737979978
1315,28.02892086373414,72.9683402105047,3.140192472341511
1316,27.029095827872247,72.96974305030992,3.1402319660623466
1317,26.029200984809723,72.971107203894,3.14025124628663
1318,25.02922127495224,72.97245226414444,3.140341183881668
1319,24.029213166943066,72.97370710017923,3.1404196566067446
1320,23.02915451408476,72.97488326534805,3.1405069461230397
1321,22.02905597322364,72.97597215102958,3.140599425122538
1322,21.028932124634963,72.97696787821972,3.14066019242788
1323,20.028758651130524,72.9779031561039,3.140723845029545
1324,19.028547907119812,72.97877449807984,3.140786221680153
1325,18.028311472553554,72.97958295590696,3.1408027626751136
1326,17.028046629928905,72.98037557911252,3.1408478467054595
1327,16.02779834585743,72.98112246889495,3.140870514270739
1328,15.027544544076228,72.98184676602123,3.14087070260728
1329,14.027262378195227,72.98257129466992,3.140901677574484
1330,13.026997406091136,72.98326423833478,3.140910667395042
1331,12.026728305583363,72.98394819810856,3.1409004099203837
1332,11.026434731294035,72.98464309020369,3.140927890069965
1333,10.0261604585124,72.98531011750852,3.140972161434925
1334,9.025900527048305,72.98593292526027,3.1410335636387137
1335,8.025636104345846,72.986494681313,3.141177172547191
1336,7.025411762504461,72.98691248009163,3.1414024363296753
1337,6.025211505465949,72.98710493191004,-3.1414236724049647
1338,5.025203690422429,72.98697966060047,1.5715400664551697
1339,5.02445449485669,73.98697834693832,1.571788639654344
1340,5.023457984025187,74.9869562761818,1.571932091865659
1341,5.022318654307093,75.9869233707898,1.5720357199717947
1342,5.0210745599491755,76.98688379504625,1.5720013414330067
1343,5.019862359221155,77.98685119815418,1.5715813975409676
1344,5.019643834548773,77.9868491850135,0.0005616716544009485
1345,6.01936961029543,77.98740897748345,0.0006549768113682635
1346,7.019035870591622,77.98806283151919,0.0009934650385375326
1347,8.018583089293738,77.98905908123594,0.001293511351714965
1348,9.017991115572602,77.99036189836772,0.0010296957813843673
1349,10.017551189363385,77.99139556917395,0.0006356653227528032
1350,11.017233404844117,77.99203256242536,0.00027488319774724405
1351,12.017037497336428,77.99230851224776,1.115082573951138e-05
1352,13.016930223802206,77.99231914661397,-0.00020604661772681532
1353,14.016938429037825,77.99211262296282,-0.00037012032455171486
1354,15.017031670208763,77.99174196046415,-0.000570258590376159
1355,16.017218217830447,77.99117156779008,-0.0008666938473615699
1356,17.0175125518465,77.99030376149116,-0.0012712021672945408
1357,18.017893791729644,77.98903146083941,-0.0018466228288639905
1358,19.018386369174888,77.98718117890937,-0.00252883532232935
1359,20.019016363595867,77.98464472710482,-0.0030242182252242437
1360,21.019800188412635,77.9816045268551,-0.002693611055742737
1361,22.020394741637205,77.9788999559719,-0.0021906862323031323
1362,23.02085471467252,77.97670342996435,-0.0017294401514624724
1363,24.02118263119756,77.9749700679235,-0.0013905122480757173
1364,25.021383769028684,77.97357720663506,-0.0011966575679867159
1365,26.02147499957424,77.97237827856424,-0.0011179314257012346
1366,27.021483448092813,77.97125754359624,-0.0010391655290716223
1367,28.021376907171902,77.97021615842046,-0.0010213896176510166
1368,29.021179101035962,77.96919289352589,-0.0010585804598305514
1369,30.020911371676448,77.96813145985838,-0.001078677840125496
1370,31.020565959532835,77.96705001471044,-0.001076793130933528
1371,32.02013410692396,77.96597112637441,-0.0011123038725546499
1372,33.019636201634775,77.96485660789638,-0.0011776939059866415
1373,34.019077161508214,77.96367574559915,-0.0011605550364448543
1374,35.01841165074017,77.96251272828647,-0.0011610939695903297
1375,36.01765519306578,77.96134969968027,-0.0011839628646624942
1376,37.016825150320315,77.96016271425198,-0.0011549287798511333
1377,38.0159111566921,77.95900546888605,-0.0010738590377898003
1378,39.01490684615052,77.95792986562248,-0.0010347311094491473
1379,40.01382526128929,77.95689430137276,-0.0010488632106823712
1380,41.01268069264617,77.95584350533998,-0.0010693619693734684
1381,42.01148509691742,77.95477173209882,-0.0009564802820636939
1382,43.01022165689914,77.95381212424236,-0.0007273731561991842
1383,44.00888934105328,77.95308402767611,-0.0004962756748271945
1384,45.007502740043215,77.95258814359933,-0.00034445861050833243
1385,46.00606240511795,77.95224386843856,-0.00024729782614432396
1386,47.00458046639978,77.9519968094968,-0.00018374705170578142
1387,48.00306872815095,77.9518130991043,-0.00014112562519120442
1388,49.001538366063976,77.95167188339381,-0.0001031232860440333
1389,50.00000066769408,77.951568573654,-5.335489981161819e-05
1390,50.99846669262932,77.95151474416248,3.983057897722149e-05
1391,51.996935716021696,77.95155430674728,0.0001535701673166751
1392,52.9954190932299,77.95170835900515,0.00026828553094853015
1393,53.993928622927854,77.95197668922282,0.000366118616909982
1394,54.99246941612087,77.95234384124578,0.00045593311660386773
1395,55.99104627558192,77.95279957127015,0.0005633837636591194
1396,56.98967166134793,77.95336388175619,0.0007041245479310293
1397,57.9883577274004,77.95406777167601,0.0008647733481396788
1398,58.98711837012225,77.95493482698832,0.000995180338871386
1399,59.98596764270321,77.9559314944391,0.0009690402317692995
1400,60.984883780999226,77.95690244011477,0.0009771911530395956
1401,61.98386783701978,77.95787969059448,0.0010427359251497588
1402,62.98293664894995,77.95892417201865,0.0011507772037307774
1403,63.98209777437465,77.96007576005165,0.0012456314503511013
1404,64.98136208753778,77.96132551275389,0.0012136128025110556
1405,65.9806962070927,77.96254043138622,0.0011825930959407723
1406,66.9801197161289,77.96372529669591,0.0011862860108300826
1407,67.9796502186951,77.96491325262848,0.001166261437324794
1408,68.97928284860875,77.96608234199898,0.001136525336243557
1409,69.979010094074,77.9672199663514,0.0011802794701601359
1410,70.97885732948905,77.96840225029611,0.0013094839337793593
1411,71.97885054090982,77.9697132056039,0.0014570748803624247
1412,72.9789472041684,77.97117197674449,0.0018036678728894627
1413,73.97917240163967,77.97297686950799,0.0023810042171507556
1414,74.97956244450687,77.97536345553125,0.003017637187341498
1415,75.98012547794484,77.97838924258762,0.00339519502927694
1416,76.98087896892514,77.9818024411697,0.002853516259047423
1417,77.98149635555754,77.98466736941621,0.0021065114908403893
1418,78.98200689585944,77.98677927465981,0.001448001908283829
1419,79.9824178202922,77.98822896934566,0.0010001075093776781
1420,80.98275250030734,77.98923031090753,0.0007378716586663113
1421,81.98303430496551,77.98996925833889,0.0005677625646399438
1422,82.9832429147494,77.99053774334884,0.00048371945748720607
1423,83.9833947705112,77.99102236450291,0.0004457345561371289
1424,84.98350293930565,77.99146948306577,0.0003849212064063106
1425,85.98353996514075,77.99185556860675,0.00031323581189397146
1426,86.98351330486658,77.99216989181322,0.00021042297039761332
1427,87.98342753133268,77.99238162446053,2.9064516258754664e-05
1428,88.98326574764972,77.99241167282129,-0.0002463224726635441
1429,89.98303069047668,77.99216592649691,-0.0006584140568419735
1430,90.98269392659812,77.99150648185287,-0.0011369412637066943
1431,91.98224672691019,77.99036520397645,-0.0014981288887494074
1432,92.98163753094987,77.98885687289268,-0.0012235168957383886
1433,93.98118601465097,77.98762847081234,-0.0006815357553378228
1434,94.98117366470045,77.98685846675225,1.5708399735111391
1435,94.98112390694288,78.9867669691977,1.5708853760268018
1436,94.9810312400413,79.98667533482255,1.5706304684406225
1437,94.98119650623987,80.98659451006743,1.5703078012294474
1438,94.98168713351001,81.98653306003669,1.5701045345572768
1439,94.98238380433156,82.98649617741481,1.5702860988337841
1440,94.98259913224048,82.98649512596928,3.1411371878187375
1441,93.98287491094406,82.98694922635491,3.1409376632073402
1442,92.9832388768832,82.9876045843971,3.1405769310553726
1443,91.98372067793453,82.98862422612754,3.1403134528844343
1444,90.9843329925417,82.98991285431742,3.140628396860332
1445,89.98480318838388,82.9908804457925,3.1410646214017772
1446,88.98516081008259,82.99140893834345,3.1414102935158295
1447,87.98545105144494,82.99159189998777,-3.1415101395335996
1448,86.98566088779289,82.99150822900958,-3.1413616805935716
1449,85.98581433057214,82.99127657622051,-3.1413011395645594
1450,84.98592752808338,82.99098436069315,-3.1412707875361536
1451,83.98599372773916,82.99066195065129,-3.141263155783248
1452,82.98603029753586,82.99033242112878,-3.1412114179893202
1453,81.98600975465496,82.98995082279767,-3.141148132352797
1454,80.98595592353738,82.9895063737681,-3.141000545017875
1455,79.98585856030402,82.98891463317997,-3.140712775394704
1456,78.98570431841405,82.9880345642007,-3.1402557830224564
1457,77.9854780485644,82.98669643259507,-3.1396647645504916
1458,76.98519254935056,82.98476505707744,-3.1389709807984
1459,75.98482771859953,82.98213573709886,-3.138450437023121
1460,74.98435317926042,82.978977109954,-3.138808780082907
1461,73.98402540244058,82.97618208097789,-3.139459629890473
1462,72.98384275023017,82.97404453382657,-3.1400341824664904
1463,71.98378506997568,82.97248485309882,-3.1403865905439186
1464,70.98384034732624,82.97127789792573,-3.140570721306154
1465,69.98398383045111,82.97025392575512,-3.140727125818415
1466,68.98423972458372,82.96938760332075,-3.140800655602268
1467,67.98458778070743,82.96859491192491,-3.1407885604810946
1468,66.98501071206387,82.96778987393637,-3.1407271523907756
1469,65.98549316574189,82.96692241617235,-3.1407056092477776
1470,64.98604106014444,82.96603312529038,-3.140737540815576
1471,63.986660025185444,82.96517670026834,-3.1407684650641507
1472,62.987342078741776,82.96435132486869,-3.1407770480814716
1473,61.98808236472393,82.96353470611263,-3.1407808048761425
1474,60.98886945597743,82.9627206675713,-3.1408660421645487
1475,59.989708796812764,82.96199243494102,-3.1410366013794873
1476,58.99060344342659,82.9614358098923,-3.1411942940019197
1477,57.99154292609762,82.96103789947738,-3.141282927917914
1478,56.992528087509626,82.9607286481456,-3.1413239431177846
1479,55.99355017767252,82.96046018832165,-3.141337090520061
1480,54.99460133175272,82.9602045567505,-3.14134687987915
1481,53.99567381014743,82.95995859358081,-3.1413844837490545
1482,52.99677225250595,82.95975028563399,-3.1414287870483
1483,51.99788944106134,82.95958655926964,-3.14147536956691
1484,50.99901859442638,82.95946938643955,-3.1415301235563273
1485,50.000153110447314,82.95940682543562,3.1415722327273583
1486,49.001286573446684,82.9594270843179,3.1414249988147755
1487,48.00241054914205,82.95959584859817,3.1413621130101332
1488,47.00352043324855,82.95982822246968,3.141371010028758
1489,46.00462114466737,82.96005061485498,3.1414057675855713
1490,45.00570591203716,82.96023810655822,3.141430391823495
1491,44.0067681050215,82.96040049558734,3.1414133499322774
1492,43.00780632433064,82.96057997412,3.1413480818208943
1493,42.00881854049485,82.96082469391003,3.141248363452268
1494,41.00979729559131,82.9611698293365,3.1411167931433863
1495,40.01073470717296,82.96164598816296,3.140955927155197
1496,39.01162212644364,82.96228449102274,3.1407844305027988
1497,38.012450517612585,82.96309403169577,3.1406666288778355
1498,37.013214935506845,82.96402430906123,3.140716166626731
1499,36.013946672320785,82.96490242488075,3.1407909560780674
1500,35.01463497834122,82.9657057493788,3.1408245948955185
1501,34.01527093354563,82.96647474021128,3.140812050792812
1502,33.015843218050286,82.96725730319521,3.140790155174669
1503,32.01634011777292,82.96806197287012,3.140853506582374
1504,31.01679143351068,82.96880264953919,3.1408626506503046
1505,30.017193502215544,82.96953365835022,3.1408168355749946
1506,29.017531615678447,82.97031140170624,3.1407479590071423
1507,28.01779106356542,82.97115834955841,3.140741797469879
1508,27.01799102337139,82.97201196250171,3.1407689154190366
1509,26.01813917191892,82.97283714944908,3.1407410497049737
1510,25.018216474850476,82.9736902960879,3.140623370823357
1511,24.01820387001353,82.97466091884836,3.1404328463899733
1512,23.01810349744298,82.97582294960395,3.140136385435594
1513,22.017917830820522,82.97728097675068,3.139675645297139
1514,21.017618106560974,82.97920239673009,3.1391291079736963
1515,20.017175743451254,82.98167337273937,3.1388026425926947
1516,19.016579360276147,82.98447901370155,3.1392881055714574
1517,18.01613172287065,82.9867922965493,3.1398915402453764
1518,17.01577693986889,82.98849764331918,3.140398162241182
1519,16.01549584776804,82.98969487410983,3.140797760863591
1520,15.015303336883388,82.99049069081767,3.1410815921823665
1521,14.015207928084678,82.9910020986483,3.1412279098646025
1522,13.015156919324848,82.99136834829821,3.141393743591983
1523,12.015184193897612,82.99156851743615,-3.141573814997038
1524,11.01529802311767,82.9915505911177,-3.141291708137977
1525,10.015497942414704,82.99124982206492,-3.140945921582442
1526,9.01576801744668,82.990602063693,-3.1405235965361817
1527,8.016134033803628,82.98952973729875,-3.1401926779399387
1528,7.016639188773074,82.98812077047393,-3.1404414826115628
1529,6.017021416334062,82.98696530241541,-3.140925261600697
1530,5.01703226537668,82.98621752072937,1.5708230513950248
1531,5.017009809140148,83.98614751249751,1.570751317707877
1532,5.017057371943426,84.98606977422973,1.570951117622733
1533,5.016902620556125,85.98599790498325,1.571229413851686
1534,5.01646717904944,86.985944036212,1.571414108955661
1535,5.015844810133535,87.98591858604198,1.5712916595659796
1536,5.015652128115182,87.98591907999234,0.000497125067792997
1537,6.01541689724492,87.98641541907094,0.0006728562843317813
1538,7.015115629072942,87.98708858947394,0.0009849428895732045
1539,8.014723391446,87.98807664616083,0.0012212726223632408
1540,9.014220891968177,87.98930638815993,0.0009200209242426178
1541,10.013840881289342,87.99022923090223,0.0005168058763481588
1542,11.013556284822291,87.99074626805009,0.0001969832256938028
1543,12.01333203038558,87.99094285274384,-5.162166667826456e-05
1544,13.013181656724765,87.99089103160955,-0.00021026439711471342
1545,14.013086008131477,87.99067976082537,-0.00032447412716507166
1546,15.013046972029874,87.99035429127571,-0.00042174780605719895
1547,16.013039838261154,87.98993276710695,-0.0006208667324703184
1548,17.013090454965656,87.98931162852013,-0.0009487828240142358
1549,18.013188263185132,87.98836242245788,-0.0014730505750135175
1550,19.013363119386128,87.9868876995792,-0.0021052089297819354
1551,20.013636097302406,87.98477539508052,-0.0025570202121549496
1552,21.01401223301592,87.98220555817026,-0.002253522554695281
1553,22.01426448175555,87.97994467760293,-0.001780199697970369
1554,23.014417061973255,87.97815999503922,-0.0013686905004065442
1555,24.014496425562182,87.9767883410228,-0.0010153948902034125
1556,25.01448204579357,87.97577179329241,-0.0007946638602702336
1557,26.014392255251202,87.97497649740754,-0.0006998797290217835
1558,27.01424368406577,87.97427556777258,-0.0006768845811870011
1559,28.01403945069247,87.97359734803644,-0.0006790553132344852
1560,29.01379343246416,87.97291588005366,-0.0006052329975358245
1561,30.013481150244058,87.97230926235297,-0.0005359766382709996
1562,31.013114492502176,87.97177247572102,-0.0005033813778471972
1563,32.012704408359404,87.97126843209561,-0.0005151201501470344
1564,33.01226031816604,87.97075254067585,-0.000555248363104405
1565,34.01179130691878,87.97019585818332,-0.0005792558567548143
1566,35.011282135368916,87.96961497164293,-0.0005505556271280315
1567,36.010726595569665,87.96906314273735,-0.0005209750121926346
1568,37.01013268399235,87.96854126442676,-0.0004960602430743016
1569,38.00949740640933,87.9680445158687,-0.0005081436170420355
1570,39.00882733876854,87.96753587264746,-0.0005568779309635757
1571,40.008128880791126,87.96697781822563,-0.0006100148779854098
1572,41.00740771989392,87.96636608455596,-0.0005823007059326575
1573,42.00665939127885,87.96578158485875,-0.00046864382886024246
1574,43.005880897738486,87.9653120912957,-0.00034264974169045373
1575,44.005078981065544,87.96496907872067,-0.00023719266267588566
1576,45.004259631125265,87.96473173697731,-0.0001570017092431628
1577,46.00342864247837,87.96457478289427,-9.914410594240219e-05
1578,47.0025918363562,87.96447563708361,-5.8853899676745226e-05
1579,48.001744657124334,87.96441686649608,-3.076255620085358e-05
1580,49.00088245373738,87.96438609657947,-8.634718673366085e-06
1581,50.00001046382299,87.96437749631936,1.2029062636785132e-05
1582,50.999133678758255,87.96438951922119,3.297571494919328e-05
1583,51.99825685814016,87.96442256810977,5.614007133363947e-05
1584,52.997384741081525,87.96447871488208,8.313786055600454e-05
1585,53.9965220621468,87.96456198597222,0.00011727245314230094
1586,54.99567374449888,87.96467925156934,0.0001623924556554915
1587,55.994844964815385,87.96484186891598,0.00022380219587514563
1588,56.994041301434756,87.9650656768673,0.00030416290178402367
1589,57.99326894435195,87.96537041499332,0.0003998487902509349
1590,58.992528950235645,87.96577035672448,0.0005236018898421325
1591,59.99181416176566,87.96629548285922,0.0006196448807347806
1592,60.9911324881116,87.96691714576552,0.0005748984046569666
1593,61.99046906692254,87.96749368138944,0.0005056841814092532
1594,62.989830268530426,87.96799987892028,0.00046247456424150903
1595,63.98922354923754,87.96846278364558,0.0004705449186675538
1596,64.98865615529407,87.96893350260217,0.0005311904763199781
1597,65.98813647318494,87.96946553074511,0.0006280628259865344
1598,66.98767398271845,87.9700944317684,0.0007143593730024184
1599,67.98727947114155,87.97081166127151,0.0006857036110092199
1600,68.9869311010994,87.97149875623094,0.0006317524753807579
1601,69.98662965719225,87.97213137959804,0.0006381235922794405
1602,70.98638769340964,87.97276965838877,0.0007501196898444132
1603,71.98622042565796,87.97352033393429,0.0009878079170192974
1604,72.98614451691537,87.97450870813243,0.0013310917006547614
1605,73.98616039625178,87.97584180933,0.0018065825293318916
1606,74.98626529150836,87.97765059993947,0.002392491000649405
1607,75.9864837373608,87.98005086864006,0.0028059913966700257
1608,76.9868428899764,87.98287026439883,0.0023863683225368976
1609,77.98711581551483,87.98526463758185,0.0017686784099137124
1610,78.98733004697101,87.98703803574791,0.001175866833655498
1611,79.98746993756787,87.98821555356086,0.0007356315290494386
1612,80.98755046760812,87.98895115127586,0.00046057555596631244
1613,81.9875827498522,87.98941161979627,0.0003147871969385991
1614,82.98757668365113,87.98972635051007,0.0002488296805263061
1615,83.98753084536891,87.98997502201097,0.00025906583563775745
1616,84.98746984628424,87.99023473043272,0.0002673720798042134
1617,85.98737878207872,87.99050294476628,0.00026188453795193017
1618,86.98726012147496,87.99076593250273,0.00021029401500511608
1619,87.98711945341287,87.99097795103653,3.7338171955241374e-05
1620,88.98692382412484,87.99101638055723,-0.00023918978722829273
1621,89.98667050142629,87.99077748450676,-0.0006091922463114323
1622,90.98637189401325,87.99016785913157,-0.0010932529988714565
1623,91.98597264403186,87.98907011726678,-0.001433821227055739
1624,92.98546234065356,87.9876263904657,-0.001152840100988111
1625,93.98507474181316,87.98646876993753,-0.0006105426021456652
1626,94.9850637345735,87.98577768449265,1.570897323053246
1627,94.98495796697982,88.9857172949825,1.5710558304979876
1628,94.98469514341188,89.98565560428976,1.5709843780076906
1629,94.98450598821887,90.98560301374228,1.5708811463308532
1630,94.98442120863588,91.98556007811376,1.5708351367376472
1631,94.98438319512377,92.98551524901303,1.5709125766601537
1632,94.98442330719219,92.98551382587189,-3.1413691464318885
1633,93.98447673235276,92.98528962587632,-3.1413134473661146
1634,92.98453775114929,92.98500995795929,-3.141269198837325
1635,91.98460084210774,92.98468613882214,-3.141219092503508
1636,90.98466013113902,92.98431198712284,-3.1411699914661595
1637,89.98471511085882,92.98388849533777,-3.1411397836123074
1638,88.98476433362325,92.98343424832693,-3.141169397631382
1639,87.9848382565738,92.9830103460661,-3.141195236050984
1640,86.98492946565726,92.98261261024545,-3.1411905183558364
1641,85.98503138699193,92.98221014738026,-3.1411548104198714
1642,84.98513718543148,92.98177163524265,-3.1411135095336413
1643,83.98524007600226,92.98129115029731,-3.141130107206386
1644,82.98536952171925,92.98082785510628,-3.141142439681431
1645,81.98551842838403,92.98037717739624,-3.141128462214543
1646,80.98567949848967,92.97991239290182,-3.14109658258781
1647,79.98585167271908,92.97941551563004,-3.1410660254331306
1648,78.98603334456791,92.9788875485198,-3.1410760246319596
1649,77.9862352722583,92.97836972621252,-3.1411225315483864
1650,76.98646721988528,92.97789900257617,-3.141151893987018
1651,75.98672262399315,92.97745794920753,-3.141146336245206
1652,74.98699486963079,92.977011226335,-3.141112035502589
1653,73.98727789302379,92.97652986498224,-3.141084079794454
1654,72.98756539035716,92.97601957763881,-3.1411402909755832
1655,71.98788249562533,92.97556665782382,-3.1411907258134564
1656,70.98822199587521,92.97516481335087,-3.14117714809735
1657,69.98858359103542,92.97474904068717,-3.1411386056221935
1658,68.98897195029784,92.97429448338514,-3.1410799695843847
1659,67.98938146095519,92.97378093938971,-3.14103951702712
1660,66.98980658966676,92.97322574557998,-3.1411078767470424
1661,65.99026839701068,92.97274015745258,-3.141196590092598
1662,64.99076083907313,92.97234383633656,-3.141262119923818
1663,63.99127910096072,92.97201340619998,-3.141288597353372
1664,62.991818667291206,92.97170953661713,-3.141269922563864
1665,61.99237541786558,92.97138700712586,-3.141208329660844
1666,60.99294545756326,92.9710024375848,-3.1411191506568317
1667,59.99352490186228,92.97052837751949,-3.141045735043305
1668,58.99410985973689,92.9699793487131,-3.141087191957061
1669,57.99471430545606,92.96947244952503,-3.1412246855939467
1670,56.995339963562564,92.96910395236783,-3.141372251711168
1671,55.99598177665496,92.96888376611979,-3.1414905492892116
1672,54.99663523829181,92.9687825963966,-3.1415456840180216
1673,53.99730449601077,92.96873619282405,-3.141566224465108
1674,52.99798563386666,92.96871029138086,-3.141570133000381
1675,51.99867501091711,92.96868816226895,-3.141564845642127
1676,50.999369220684684,92.96866069509393,-3.141554746180841
1677,50.000064913210885,92.96862310130912,-3.1415429779953046
1678,49.000758808544035,92.96857358619098,-3.141537924657013
1679,48.00144751623155,92.96851887803692,-3.1415591664590816
1680,47.002132200347,92.96848536883965,3.141576209404777
1681,46.00281364094176,92.9685020045523,3.141511360897652
1682,45.003488113902854,92.96858378055794,3.1414365621171907
1683,44.00415171082907,92.96874029334292,3.1413536682282297
1684,43.00480036261223,92.96898024608612,3.141271968009809
1685,42.005434750795246,92.96930165019388,3.141189628549808
1686,41.00605532797829,92.96970593979792,3.1411013089831865
1687,40.00665776412852,92.97019856043292,3.141043700099931
1688,39.0072368618702,92.97075044976016,3.1411135249320408
1689,38.007806537024734,92.97123098667542,3.1412118902282256
1690,37.008362742558475,92.971612698742,3.141292137121783
1691,36.00890185950032,92.97191378294482,3.1413385471379813
1692,35.00941992004149,92.97216830329255,3.141342313615244
1693,34.009912625162954,92.97241890369146,3.141293869110681
1694,33.01037520148509,92.97271802948221,3.1411776132974367
1695,32.01080906530149,92.97313397073756,3.141058612789883
1696,31.01120801807293,92.97367060864866,3.141033000053304
1697,30.011590330702575,92.97423228025467,3.141081581671307
1698,29.011964209139457,92.97474487277618,3.1411265499060748
1699,28.012324449000968,92.97521188746691,3.1411371876609735
1700,27.01266510260758,92.9756683406625,3.141108470521847
1701,26.01298047575153,92.9761535673989,3.141062402296978
1702,25.013264228385143,92.97668583455531,3.1410565946788096
1703,24.013526338404436,92.97722365880017,3.141090549520228
1704,23.013777028355452,92.97772714108604,3.1411077002903136
1705,22.0140102082454,92.97821313092653,3.1410926585880623
1706,21.01421892148066,92.97871450675106,3.1410618634124887
1707,20.01440170554985,92.97924687624538,3.1410467387549303
1708,19.014556383932774,92.97979521031591,3.141105517075292
1709,18.014712003983796,92.98028377018174,3.141163207085562
1710,17.014861350714565,92.98071425942801,3.141187785674358
1711,16.01499784473368,92.98112001712863,3.141174766483472
1712,15.015114481375365,92.98153906285255,3.141141395204453
1713,14.015204002073352,92.98199190791584,3.141133936186964
1714,13.015277468879244,92.98245238814667,3.1411544991135996
1715,12.01534644319017,92.98289182110052,3.1411652679682485
1716,11.015403076349548,92.98332050905633,3.1411660927626586
1717,10.0154452596143,92.98374846376365,3.1411711131177267
1718,9.015470460429315,92.98417176012073,3.141212124610476
1719,8.015489922194499,92.98455391060277,3.1412885870122635
1720,7.015515138664421,92.98485906097511,3.1413632197074444
1721,6.015538987266611,92.9850892443148,3.141421363861016
1722,5.015554464575476,92.98526106793575,3.1414556910888125
