Time_s,Src_MAC,Seq_Num,RSSI_dBm
0.00800131,00:02,0,-52
0.0562666,00:03,0,-102
0.105693,00:04,0,-102
0.508772,00:02,1,-53
0.556179,00:03,1,-102
0.606773,00:04,1,-102
1.00752,00:02,2,-53
1.05595,00:03,2,-101
1.10781,00:04,2,-102
1.50767,00:02,3,-53
1.5559,00:03,3,-101
1.60861,00:04,3,-102
2.00854,00:02,4,-54
2.05557,00:03,4,-101
2.10511,00:04,4,-102
2.509,00:02,5,-54
2.5562,00:03,5,-101
2.60672,00:04,5,-102
3.0081,00:02,6,-55
3.05616,00:03,6,-101
3.10552,00:04,6,-102
3.50618,00:02,7,-56
3.55497,00:03,7,-101
3.60689,00:04,7,-102
4.00905,00:02,8,-56
4.05462,00:03,8,-101
4.10616,00:04,8,-102
4.50882,00:02,9,-57
4.55552,00:03,9,-101
4.6065,00:04,9,-102
5.00778,00:02,10,-57
5.05408,00:03,10,-101
5.10561,00:04,10,-102
5.50731,00:02,11,-58
5.55602,00:03,11,-101
5.60755,00:04,11,-102
6.00673,00:02,12,-59
6.05454,00:03,12,-100
6.1081,00:04,12,-102
6.50941,00:02,13,-59
6.55485,00:03,13,-100
6.60618,00:04,13,-101
7.00788,00:02,14,-60
7.05643,00:03,14,-100
7.10764,00:04,14,-101
7.5072,00:02,15,-60
7.554,00:03,15,-100
7.60806,00:04,15,-101
8.00742,00:02,16,-61
8.0541,00:03,16,-100
8.10648,00:04,16,-101
8.5085,00:02,17,-61
8.55603,00:03,17,-100
8.60565,00:04,17,-101
9.00774,00:02,18,-62
9.05428,00:03,18,-100
9.10638,00:04,18,-101
9.50847,00:02,19,-62
9.55587,00:03,19,-100
9.60784,00:04,19,-101
10.0076,00:02,20,-63
10.0537,00:03,20,-100
10.1066,00:04,20,-101
10.5075,00:02,21,-63
10.5548,00:03,21,-100
10.6059,00:04,21,-101
11.0094,00:02,22,-64
11.0549,00:03,22,-99
11.1066,00:04,22,-101
11.5092,00:02,23,-64
11.555,00:03,23,-99
11.6085,00:04,23,-101
12.0067,00:02,24,-64
12.0559,00:03,24,-99
12.1084,00:04,24,-101
12.5084,00:02,25,-65
12.5548,00:03,25,-99
12.6072,00:04,25,-101
13.0076,00:02,26,-65
13.056,00:03,26,-99
13.1074,00:04,26,-101
13.507,00:02,27,-65
13.5564,00:03,27,-99
13.6079,00:04,27,-101
14.0062,00:02,28,-66
14.0561,00:03,28,-99
14.106,00:04,28,-101
14.5071,00:02,29,-66
14.554,00:03,29,-99
14.6072,00:04,29,-101
15.0091,00:02,30,-66
15.0544,00:03,30,-99
15.1073,00:04,30,-101
15.51,00:02,31,-67
15.5546,00:03,31,-98
15.6046,00:04,31,-101
16.0079,00:02,32,-67
16.0534,00:03,32,-98
16.1062,00:04,32,-101
16.508,00:02,33,-67
16.5551,00:03,33,-98
16.6077,00:04,33,-101
17.009,00:02,34,-67
17.0551,00:03,34,-98
17.1057,00:04,34,-101
17.5084,00:02,35,-68
17.5556,00:03,35,-98
17.6059,00:04,35,-101
18.0073,00:02,36,-68
18.0562,00:03,36,-98
18.1055,00:04,36,-101
18.507,00:02,37,-69
18.5569,00:03,37,-98
18.6064,00:04,37,-101
19.008,00:02,38,-69
19.0563,00:03,38,-98
19.1064,00:04,38,-101
19.508,00:02,39,-70
19.5552,00:03,39,-97
19.6071,00:04,39,-101
20.0091,00:02,40,-70
20.0563,00:03,40,-97
20.1063,00:04,40,-101
20.5073,00:02,41,-70
20.5567,00:03,41,-97
20.6064,00:04,41,-101
21.0088,00:02,42,-71
21.0572,00:03,42,-97
21.1086,00:04,42,-101
21.5087,00:02,43,-71
21.5545,00:03,43,-97
21.6085,00:04,43,-101
22.0069,00:02,44,-72
22.056,00:03,44,-97
22.1068,00:04,44,-101
22.5082,00:02,45,-72
22.5541,00:03,45,-97
22.6072,00:04,45,-100
23.0077,00:02,46,-72
23.0545,00:03,46,-97
23.1071,00:04,46,-100
23.5078,00:02,47,-73
23.5565,00:03,47,-96
23.6072,00:04,47,-100
24.0081,00:02,48,-73
24.0539,00:03,48,-96
24.1072,00:04,48,-100
24.5072,00:02,49,-73
24.555,00:03,49,-96
24.6079,00:04,49,-100
25.0092,00:02,50,-74
25.0557,00:03,50,-96
25.1081,00:04,50,-100
25.5086,00:02,51,-74
25.5563,00:03,51,-96
25.608,00:04,51,-100
26.008,00:02,52,-74
26.0548,00:03,52,-96
26.1073,00:04,52,-100
26.5092,00:02,53,-75
26.5567,00:03,53,-96
26.6059,00:04,53,-100
27.0086,00:02,54,-75
27.0552,00:03,54,-96
27.1086,00:04,54,-100
27.5097,00:02,55,-75
27.556,00:03,55,-95
27.6074,00:04,55,-100
28.0064,00:02,56,-76
28.0543,00:03,56,-95
28.107,00:04,56,-100
28.5096,00:02,57,-76
28.5552,00:03,57,-95
28.6085,00:04,57,-100
29.0091,00:02,58,-76
29.0555,00:03,58,-95
29.106,00:04,58,-100
29.5095,00:02,59,-77
29.556,00:03,59,-95
29.6053,00:04,59,-100
30.0086,00:02,60,-77
30.0567,00:03,60,-95
30.1081,00:04,60,-100
30.508,00:02,61,-77
30.555,00:03,61,-95
30.6076,00:04,61,-100
31.0067,00:02,62,-77
31.0552,00:03,62,-94
31.1072,00:04,62,-100
31.5063,00:02,63,-78
31.5551,00:03,63,-94
31.6073,00:04,63,-100
32.0085,00:02,64,-78
32.0537,00:03,64,-94
32.106,00:04,64,-100
32.5066,00:02,65,-78
32.5547,00:03,65,-94
32.6083,00:04,65,-100
33.0076,00:02,66,-78
33.0558,00:03,66,-94
33.1051,00:04,66,-100
33.5065,00:02,67,-79
33.5552,00:03,67,-94
33.6051,00:04,67,-100
34.0073,00:02,68,-79
34.0545,00:03,68,-93
34.107,00:04,68,-100
34.5064,00:02,69,-79
34.5553,00:03,69,-93
34.6085,00:04,69,-100
35.0102,00:02,70,-79
35.0559,00:03,70,-93
35.1078,00:04,70,-100
35.5096,00:02,71,-80
35.5569,00:03,71,-93
35.6054,00:04,71,-100
36.0091,00:02,72,-80
36.0574,00:03,72,-93
36.1046,00:04,72,-100
36.5092,00:02,73,-80
36.5549,00:03,73,-93
36.6069,00:04,73,-100
37.0082,00:02,74,-80
37.0572,00:03,74,-93
37.1061,00:04,74,-100
37.5085,00:02,75,-81
37.5572,00:03,75,-92
37.6053,00:04,75,-100
38.0094,00:02,76,-81
38.0569,00:03,76,-92
38.1058,00:04,76,-100
38.5068,00:02,77,-81
38.5576,00:03,77,-92
38.608,00:04,77,-100
39.0097,00:02,78,-81
39.0561,00:03,78,-92
39.1054,00:04,78,-100
39.5062,00:02,79,-82
39.555,00:03,79,-92
39.6068,00:04,79,-100
40.0097,00:02,80,-82
40.0563,00:03,80,-92
40.106,00:04,80,-100
40.5076,00:02,81,-82
40.5546,00:03,81,-91
40.6066,00:04,81,-100
41.0089,00:02,82,-82
41.0565,00:03,82,-91
41.1057,00:04,82,-100
41.5092,00:02,83,-82
41.556,00:03,83,-91
41.6077,00:04,83,-100
42.0082,00:02,84,-83
42.0568,00:03,84,-91
42.1061,00:04,84,-100
42.5071,00:02,85,-83
42.5547,00:03,85,-91
42.6064,00:04,85,-100
43.0065,00:02,86,-83
43.0548,00:03,86,-90
43.1066,00:04,86,-100
43.5078,00:02,87,-83
43.5571,00:03,87,-90
43.6048,00:04,87,-100
44.0087,00:02,88,-83
44.0571,00:03,88,-90
44.1072,00:04,88,-100
44.5067,00:02,89,-84
44.5564,00:03,89,-90
44.6065,00:04,89,-100
45.0086,00:02,90,-84
45.0567,00:03,90,-90
45.1068,00:04,90,-100
45.5085,00:02,91,-84
45.5566,00:03,91,-89
45.6081,00:04,91,-100
46.0087,00:02,92,-84
46.0571,00:03,92,-89
46.1063,00:04,92,-100
46.5089,00:02,93,-84
46.5577,00:03,93,-89
46.6057,00:04,93,-100
47.0081,00:02,94,-85
47.0579,00:03,94,-89
47.1061,00:04,94,-100
47.5083,00:02,95,-85
47.5557,00:03,95,-89
47.6054,00:04,95,-100
48.0093,00:02,96,-85
48.0555,00:03,96,-88
48.1081,00:04,96,-100
48.5072,00:02,97,-85
48.5566,00:03,97,-88
48.6058,00:04,97,-100
49.0084,00:02,98,-85
49.0539,00:03,98,-88
49.1048,00:04,98,-100
49.5074,00:02,99,-85
49.5549,00:03,99,-88
49.6072,00:04,99,-100
50.0089,00:02,100,-86
50.0551,00:03,100,-88
50.1052,00:04,100,-100
50.5093,00:02,101,-86
50.5573,00:03,101,-87
50.607,00:04,101,-100
51.0068,00:02,102,-86
51.0556,00:03,102,-87
51.1079,00:04,102,-100
51.5086,00:02,103,-86
51.5548,00:03,103,-87
51.6053,00:04,103,-100
52.0084,00:02,104,-86
52.056,00:03,104,-87
52.1049,00:04,104,-100
52.5091,00:02,105,-86
52.5562,00:03,105,-87
52.6054,00:04,105,-100
53.0092,00:02,106,-87
53.057,00:03,106,-86
53.1052,00:04,106,-100
53.5066,00:02,107,-87
53.557,00:03,107,-86
53.6064,00:04,107,-100
54.0084,00:02,108,-87
54.0566,00:03,108,-86
54.1069,00:04,108,-100
54.5067,00:02,109,-87
54.5569,00:03,109,-86
54.6051,00:04,109,-100
55.01,00:02,110,-87
55.0561,00:03,110,-85
55.106,00:04,110,-100
55.5067,00:02,111,-87
55.5554,00:03,111,-85
55.6055,00:04,111,-100
56.0092,00:02,112,-88
56.0557,00:03,112,-85
56.107,00:04,112,-100
56.5078,00:02,113,-88
56.5555,00:03,113,-85
56.6078,00:04,113,-100
57.0065,00:02,114,-88
57.0571,00:03,114,-84
57.1061,00:04,114,-100
57.5092,00:02,115,-88
57.5551,00:03,115,-84
57.6061,00:04,115,-100
58.0066,00:02,116,-88
58.0575,00:03,116,-84
58.1068,00:04,116,-100
58.5079,00:02,117,-88
58.556,00:03,117,-84
58.606,00:04,117,-100
59.009,00:02,118,-88
59.0569,00:03,118,-83
59.1067,00:04,118,-100
59.5101,00:02,119,-89
59.5562,00:03,119,-83
59.6058,00:04,119,-100
60.0082,00:02,120,-89
60.0558,00:03,120,-83
60.1076,00:04,120,-100
60.5096,00:02,121,-89
60.5573,00:03,121,-82
60.6062,00:04,121,-100
61.008,00:02,122,-89
61.0577,00:03,122,-82
61.1076,00:04,122,-100
61.5088,00:02,123,-89
61.558,00:03,123,-82
61.6062,00:04,123,-100
62.0086,00:02,124,-89
62.056,00:03,124,-82
62.1046,00:04,124,-100
62.5081,00:02,125,-89
62.5558,00:03,125,-81
62.6072,00:04,125,-100
63.0088,00:02,126,-90
63.0559,00:03,126,-81
63.1053,00:04,126,-100
63.5084,00:02,127,-90
63.556,00:03,127,-81
63.6071,00:04,127,-100
64.0071,00:02,128,-90
64.0557,00:03,128,-80
64.1051,00:04,128,-100
64.5088,00:02,129,-90
64.5561,00:03,129,-80
64.6058,00:04,129,-100
65.0067,00:02,130,-90
65.0568,00:03,130,-80
65.1047,00:04,130,-100
65.51,00:02,131,-90
65.5564,00:03,131,-79
65.6055,00:04,131,-100
66.0076,00:02,132,-90
66.057,00:03,132,-79
66.105,00:04,132,-100
66.5075,00:02,133,-91
66.5565,00:03,133,-79
66.6063,00:04,133,-100
67.0086,00:02,134,-91
67.0558,00:03,134,-78
67.1046,00:04,134,-100
67.5101,00:02,135,-91
67.5568,00:03,135,-78
67.6053,00:04,135,-101
68.0063,00:02,136,-91
68.0555,00:03,136,-77
68.1059,00:04,136,-101
68.507,00:02,137,-91
68.5578,00:03,137,-77
68.6057,00:04,137,-101
69.0087,00:02,138,-91
69.0562,00:03,138,-77
69.1078,00:04,138,-101
69.5069,00:02,139,-91
69.5569,00:03,139,-76
69.6044,00:04,139,-101
70.0068,00:02,140,-91
70.0575,00:03,140,-76
70.1061,00:04,140,-101
70.5077,00:02,141,-92
70.5569,00:03,141,-75
70.607,00:04,141,-101
71.0094,00:02,142,-92
71.0556,00:03,142,-75
71.1057,00:04,142,-101
71.5084,00:02,143,-92
71.5547,00:03,143,-75
71.6067,00:04,143,-101
72.0091,00:02,144,-92
72.0551,00:03,144,-74
72.1079,00:04,144,-101
72.5073,00:02,145,-92
72.5577,00:03,145,-74
72.6068,00:04,145,-101
73.0089,00:02,146,-92
73.057,00:03,146,-73
73.1057,00:04,146,-101
73.5078,00:02,147,-92
73.5563,00:03,147,-73
73.6063,00:04,147,-101
74.0074,00:02,148,-92
74.0557,00:03,148,-73
74.1064,00:04,148,-101
74.5078,00:02,149,-93
74.5565,00:03,149,-73
74.6064,00:04,149,-101
75.0087,00:02,150,-93
75.0548,00:03,150,-72
75.1075,00:04,150,-101
75.5088,00:02,151,-93
75.5565,00:03,151,-72
75.6066,00:04,151,-101
76.0087,00:02,152,-93
76.0564,00:03,152,-72
76.1058,00:04,152,-101
76.5085,00:02,153,-93
76.5562,00:03,153,-71
76.6062,00:04,153,-101
77.0096,00:02,154,-93
77.056,00:03,154,-71
77.1074,00:04,154,-101
77.509,00:02,155,-93
77.5556,00:03,155,-71
77.607,00:04,155,-101
78.0083,00:02,156,-93
78.0561,00:03,156,-70
78.1042,00:04,156,-101
78.5093,00:02,157,-93
78.557,00:03,157,-70
78.6061,00:04,157,-101
79.0097,00:02,158,-94
79.0576,00:03,158,-69
79.1059,00:04,158,-101
79.509,00:02,159,-94
79.5571,00:03,159,-69
79.6071,00:04,159,-101
80.0077,00:02,160,-94
80.0571,00:03,160,-69
80.1063,00:04,160,-101
80.5091,00:02,161,-94
80.5573,00:03,161,-68
80.6069,00:04,161,-101
81.0094,00:02,162,-94
81.0556,00:03,162,-68
81.1069,00:04,162,-101
81.5095,00:02,163,-94
81.5554,00:03,163,-67
81.6061,00:04,163,-101
82.0072,00:02,164,-94
82.0552,00:03,164,-67
82.1065,00:04,164,-101
82.5104,00:02,165,-94
82.5578,00:03,165,-66
82.6065,00:04,165,-101
83.0078,00:02,166,-94
83.0562,00:03,166,-66
83.1064,00:04,166,-101
83.5095,00:02,167,-94
83.555,00:03,167,-65
83.6074,00:04,167,-101
84.0092,00:02,168,-95
84.0574,00:03,168,-65
84.1076,00:04,168,-102
84.5091,00:02,169,-95
84.558,00:03,169,-64
84.6046,00:04,169,-102
85.0093,00:02,170,-95
85.057,00:03,170,-63
85.1059,00:04,170,-102
85.5074,00:02,171,-95
85.5573,00:03,171,-63
85.6054,00:04,171,-102
86.0086,00:02,172,-95
86.0565,00:03,172,-62
86.1059,00:04,172,-102
86.5065,00:02,173,-95
86.5557,00:03,173,-61
86.6052,00:04,173,-102
87.0092,00:02,174,-95
87.0588,00:03,174,-61
87.1062,00:04,174,-102
87.5075,00:02,175,-95
87.5565,00:03,175,-60
87.6068,00:04,175,-102
88.0079,00:02,176,-95
88.0575,00:03,176,-60
88.1068,00:04,176,-102
88.5076,00:02,177,-95
88.5581,00:03,177,-59
88.6075,00:04,177,-102
89.0091,00:02,178,-96
89.0556,00:03,178,-59
89.1046,00:04,178,-102
89.5089,00:02,179,-96
89.5564,00:03,179,-58
89.6046,00:04,179,-102
90.0088,00:02,180,-96
90.0575,00:03,180,-59
90.1057,00:04,180,-102
90.5071,00:02,181,-96
90.5558,00:03,181,-60
90.6054,00:04,181,-102
91.007,00:02,182,-96
91.058,00:03,182,-60
91.1054,00:04,182,-102
91.507,00:02,183,-96
91.5571,00:03,183,-61
91.606,00:04,183,-102
92.0076,00:02,184,-96
92.0547,00:03,184,-62
92.1066,00:04,184,-102
92.5084,00:02,185,-96
92.5584,00:03,185,-63
92.607,00:04,185,-102
93.0073,00:02,186,-96
93.0579,00:03,186,-64
93.1052,00:04,186,-101
93.5089,00:02,187,-96
93.5551,00:03,187,-64
93.6039,00:04,187,-101
94.0103,00:02,188,-96
94.0574,00:03,188,-65
94.1063,00:04,188,-101
94.5078,00:02,189,-96
94.5563,00:03,189,-66
94.606,00:04,189,-101
95.0074,00:02,190,-96
95.0567,00:03,190,-66
95.1051,00:04,190,-101
95.5077,00:02,191,-96
95.5562,00:03,191,-66
95.6068,00:04,191,-101
96.0085,00:02,192,-96
96.0568,00:03,192,-66
96.1064,00:04,192,-101
96.5087,00:02,193,-96
96.5571,00:03,193,-66
96.6047,00:04,193,-101
97.008,00:02,194,-96
97.0582,00:03,194,-66
97.1069,00:04,194,-101
97.5072,00:02,195,-96
97.5563,00:03,195,-66
97.6062,00:04,195,-101
98.0096,00:02,196,-95
98.0577,00:03,196,-66
98.1061,00:04,196,-101
98.5069,00:02,197,-95
98.5561,00:03,197,-67
98.6056,00:04,197,-101
99.0071,00:02,198,-95
99.0563,00:03,198,-67
99.1064,00:04,198,-101
99.5086,00:02,199,-95
99.5577,00:03,199,-67
99.6055,00:04,199,-101
100.007,00:02,200,-95
100.057,00:03,200,-67
100.105,00:04,200,-101
100.51,00:02,201,-95
100.555,00:03,201,-67
100.606,00:04,201,-101
101.007,00:02,202,-95
101.057,00:03,202,-68
101.106,00:04,202,-101
101.51,00:02,203,-95
101.557,00:03,203,-68
101.605,00:04,203,-101
102.009,00:02,204,-95
102.058,00:03,204,-68
102.107,00:04,204,-101
102.508,00:02,205,-95
102.559,00:03,205,-69
102.604,00:04,205,-101
103.008,00:02,206,-94
103.057,00:03,206,-69
103.106,00:04,206,-101
103.51,00:02,207,-94
103.556,00:03,207,-69
103.607,00:04,207,-101
104.009,00:02,208,-94
104.058,00:03,208,-69
104.106,00:04,208,-101
104.508,00:02,209,-94
104.557,00:03,209,-70
104.608,00:04,209,-100
105.009,00:02,210,-94
105.056,00:03,210,-70
105.107,00:04,210,-100
105.507,00:02,211,-94
105.556,00:03,211,-70
105.607,00:04,211,-100
106.007,00:02,212,-94
106.056,00:03,212,-71
106.106,00:04,212,-100
106.51,00:02,213,-94
106.557,00:03,213,-71
106.607,00:04,213,-100
107.01,00:02,214,-94
107.058,00:03,214,-71
107.107,00:04,214,-100
107.508,00:02,215,-93
107.558,00:03,215,-71
107.607,00:04,215,-100
108.008,00:02,216,-93
108.056,00:03,216,-72
108.106,00:04,216,-100
108.509,00:02,217,-93
108.558,00:03,217,-72
108.604,00:04,217,-100
109.007,00:02,218,-93
109.058,00:03,218,-72
109.106,00:04,218,-100
109.509,00:02,219,-93
109.556,00:03,219,-73
109.608,00:04,219,-100
110.008,00:02,220,-93
110.057,00:03,220,-73
110.106,00:04,220,-100
110.51,00:02,221,-93
110.557,00:03,221,-73
110.605,00:04,221,-100
111.007,00:02,222,-93
111.056,00:03,222,-73
111.105,00:04,222,-100
111.507,00:02,223,-93
111.558,00:03,223,-74
111.605,00:04,223,-100
112.007,00:02,224,-92
112.057,00:03,224,-74
112.107,00:04,224,-100
112.508,00:02,225,-92
112.557,00:03,225,-74
112.604,00:04,225,-100
113.009,00:02,226,-92
113.058,00:03,226,-75
113.105,00:04,226,-100
113.507,00:02,227,-92
113.557,00:03,227,-75
113.605,00:04,227,-100
114.008,00:02,228,-92
114.058,00:03,228,-75
114.105,00:04,228,-100
114.509,00:02,229,-92
114.557,00:03,229,-76
114.607,00:04,229,-100
115.008,00:02,230,-92
115.056,00:03,230,-76
115.104,00:04,230,-100
115.508,00:02,231,-92
115.556,00:03,231,-77
115.608,00:04,231,-100
116.008,00:02,232,-92
116.057,00:03,232,-77
116.106,00:04,232,-100
116.507,00:02,233,-91
116.556,00:03,233,-77
116.607,00:04,233,-100
117.007,00:02,234,-91
117.057,00:03,234,-78
117.105,00:04,234,-100
117.51,00:02,235,-91
117.557,00:03,235,-78
117.606,00:04,235,-100
118.009,00:02,236,-91
118.058,00:03,236,-78
118.105,00:04,236,-100
118.508,00:02,237,-91
118.559,00:03,237,-79
118.606,00:04,237,-100
119.008,00:02,238,-91
119.058,00:03,238,-79
119.105,00:04,238,-100
119.51,00:02,239,-91
119.555,00:03,239,-79
119.607,00:04,239,-99
120.008,00:02,240,-91
120.058,00:03,240,-80
120.106,00:04,240,-99
120.507,00:02,241,-90
120.557,00:03,241,-80
120.608,00:04,241,-99
121.009,00:02,242,-90
121.056,00:03,242,-80
121.106,00:04,242,-99
121.508,00:02,243,-90
121.556,00:03,243,-81
121.605,00:04,243,-99
122.01,00:02,244,-90
122.056,00:03,244,-81
122.108,00:04,244,-99
122.508,00:02,245,-90
122.557,00:03,245,-81
122.606,00:04,245,-99
123.009,00:02,246,-90
123.057,00:03,246,-82
123.107,00:04,246,-99
123.509,00:02,247,-90
123.559,00:03,247,-82
123.606,00:04,247,-99
124.009,00:02,248,-89
124.056,00:03,248,-82
124.105,00:04,248,-99
124.51,00:02,249,-89
124.558,00:03,249,-82
124.606,00:04,249,-99
125.007,00:02,250,-89
125.058,00:03,250,-83
125.105,00:04,250,-99
125.509,00:02,251,-89
125.556,00:03,251,-83
125.607,00:04,251,-99
126.008,00:02,252,-89
126.058,00:03,252,-83
126.106,00:04,252,-99
126.508,00:02,253,-89
126.557,00:03,253,-84
126.605,00:04,253,-99
127.008,00:02,254,-89
127.056,00:03,254,-84
127.106,00:04,254,-99
127.509,00:02,255,-88
127.558,00:03,255,-84
127.607,00:04,255,-99
128.008,00:02,256,-88
128.058,00:03,256,-84
128.106,00:04,256,-99
128.508,00:02,257,-88
128.559,00:03,257,-85
128.605,00:04,257,-99
129.008,00:02,258,-88
129.059,00:03,258,-85
129.105,00:04,258,-99
129.509,00:02,259,-88
129.557,00:03,259,-85
129.605,00:04,259,-99
130.01,00:02,260,-88
130.058,00:03,260,-85
130.106,00:04,260,-99
130.508,00:02,261,-88
130.558,00:03,261,-86
130.604,00:04,261,-99
131.008,00:02,262,-87
131.059,00:03,262,-86
131.107,00:04,262,-99
131.508,00:02,263,-87
131.556,00:03,263,-86
131.605,00:04,263,-99
132.007,00:02,264,-87
132.057,00:03,264,-86
132.106,00:04,264,-99
132.509,00:02,265,-87
132.558,00:03,265,-86
132.607,00:04,265,-99
133.009,00:02,266,-94
133.056,00:03,266,-94
133.105,00:04,266,-106
133.509,00:02,267,-94
133.558,00:03,267,-94
133.606,00:04,267,-106
134.008,00:02,268,-93
134.056,00:03,268,-94
134.106,00:04,268,-106
134.507,00:02,269,-93
134.557,00:03,269,-94
134.604,00:04,269,-106
135.008,00:02,270,-93
135.058,00:03,270,-95
135.106,00:04,270,-106
135.509,00:02,271,-93
135.558,00:03,271,-95
135.607,00:04,271,-106
136.008,00:02,272,-93
136.059,00:03,272,-95
136.107,00:04,272,-106
136.509,00:02,273,-93
136.558,00:03,273,-95
136.604,00:04,273,-106
137.009,00:02,274,-92
137.057,00:03,274,-95
137.105,00:04,274,-106
137.508,00:02,275,-92
137.558,00:03,275,-96
137.605,00:04,275,-106
138.009,00:02,276,-92
138.058,00:03,276,-96
138.104,00:04,276,-106
138.508,00:02,277,-92
138.558,00:03,277,-96
138.606,00:04,277,-106
139.008,00:02,278,-92
139.056,00:03,278,-96
139.105,00:04,278,-106
139.509,00:02,279,-92
139.558,00:03,279,-96
139.605,00:04,279,-106
140.009,00:02,280,-91
140.06,00:03,280,-97
140.106,00:04,280,-106
140.509,00:02,281,-91
140.558,00:03,281,-97
140.604,00:04,281,-106
141.009,00:02,282,-91
141.058,00:03,282,-97
141.105,00:04,282,-106
141.509,00:02,283,-91
141.557,00:03,283,-97
141.606,00:04,283,-106
142.008,00:02,284,-91
142.056,00:03,284,-97
142.104,00:04,284,-106
142.508,00:02,285,-90
142.558,00:03,285,-98
142.605,00:04,285,-106
143.01,00:02,286,-90
143.058,00:03,286,-98
143.106,00:04,286,-106
143.51,00:02,287,-90
143.557,00:03,287,-98
143.605,00:04,287,-106
144.007,00:02,288,-90
144.057,00:03,288,-98
144.107,00:04,288,-106
144.508,00:02,289,-90
144.558,00:03,289,-98
144.606,00:04,289,-106
145.01,00:02,290,-89
145.057,00:03,290,-98
145.106,00:04,290,-106
145.51,00:02,291,-89
145.556,00:03,291,-99
145.605,00:04,291,-106
146.008,00:02,292,-89
146.059,00:03,292,-99
146.104,00:04,292,-106
146.509,00:02,293,-89
146.557,00:03,293,-99
146.605,00:04,293,-106
147.01,00:02,294,-89
147.057,00:03,294,-99
147.106,00:04,294,-106
147.51,00:02,295,-88
147.559,00:03,295,-99
147.607,00:04,295,-106
148.008,00:02,296,-88
148.057,00:03,296,-99
148.105,00:04,296,-106
148.507,00:02,297,-88
148.557,00:03,297,-100
148.605,00:04,297,-106
149.009,00:02,298,-81
149.058,00:03,298,-93
149.104,00:04,298,-99
149.51,00:02,299,-81
149.559,00:03,299,-93
149.605,00:04,299,-99
150.008,00:02,300,-80
150.058,00:03,300,-93
150.106,00:04,300,-99
150.508,00:02,301,-80
150.557,00:03,301,-93
150.606,00:04,301,-99
151.007,00:02,302,-80
151.057,00:03,302,-93
151.104,00:04,302,-99
151.508,00:02,303,-80
151.557,00:03,303,-93
151.606,00:04,303,-99
152.008,00:02,304,-79
152.058,00:03,304,-94
152.105,00:04,304,-99
152.51,00:02,305,-79
152.559,00:03,305,-94
152.607,00:04,305,-99
153.009,00:02,306,-79
153.058,00:03,306,-94
153.104,00:04,306,-99
153.507,00:02,307,-79
153.558,00:03,307,-94
153.607,00:04,307,-99
154.009,00:02,308,-78
154.057,00:03,308,-94
154.106,00:04,308,-99
154.51,00:02,309,-78
154.557,00:03,309,-94
154.605,00:04,309,-99
155.009,00:02,310,-78
155.059,00:03,310,-95
155.105,00:04,310,-99
155.51,00:02,311,-78
155.56,00:03,311,-95
155.606,00:04,311,-99
156.009,00:02,312,-77
156.06,00:03,312,-95
156.104,00:04,312,-99
156.509,00:02,313,-77
156.559,00:03,313,-95
156.605,00:04,313,-99
157.008,00:02,314,-77
157.059,00:03,314,-95
157.105,00:04,314,-99
157.508,00:02,315,-76
157.558,00:03,315,-95
157.607,00:04,315,-99
158.008,00:02,316,-76
158.059,00:03,316,-95
158.106,00:04,316,-99
158.507,00:02,317,-76
158.559,00:03,317,-96
158.606,00:04,317,-99
159.008,00:02,318,-76
159.057,00:03,318,-96
159.105,00:04,318,-99
159.51,00:02,319,-75
159.558,00:03,319,-96
159.605,00:04,319,-99
160.01,00:02,320,-75
160.058,00:03,320,-96
160.105,00:04,320,-99
160.509,00:02,321,-75
160.559,00:03,321,-96
160.605,00:04,321,-99
161.009,00:02,322,-74
161.059,00:03,322,-96
161.106,00:04,322,-99
161.509,00:02,323,-74
161.557,00:03,323,-96
161.605,00:04,323,-99
162.009,00:02,324,-74
162.058,00:03,324,-96
162.104,00:04,324,-99
162.51,00:02,325,-73
162.557,00:03,325,-97
162.607,00:04,325,-99
163.01,00:02,326,-73
163.056,00:03,326,-97
163.105,00:04,326,-100
163.509,00:02,327,-73
163.559,00:03,327,-97
163.605,00:04,327,-100
164.008,00:02,328,-72
164.06,00:03,328,-97
164.106,00:04,328,-100
164.508,00:02,329,-72
164.556,00:03,329,-97
164.604,00:04,329,-100
165.01,00:02,330,-72
165.059,00:03,330,-97
165.106,00:04,330,-100
165.508,00:02,331,-71
165.559,00:03,331,-97
165.605,00:04,331,-100
166.008,00:02,332,-71
166.058,00:03,332,-97
166.106,00:04,332,-100
166.51,00:02,333,-71
166.558,00:03,333,-98
166.605,00:04,333,-100
167.009,00:02,334,-70
167.058,00:03,334,-98
167.107,00:04,334,-100
167.507,00:02,335,-70
167.557,00:03,335,-98
167.605,00:04,335,-100
168.009,00:02,336,-69
168.058,00:03,336,-98
168.106,00:04,336,-100
168.508,00:02,337,-69
168.558,00:03,337,-98
168.606,00:04,337,-100
169.009,00:02,338,-69
169.057,00:03,338,-98
169.104,00:04,338,-100
169.509,00:02,339,-68
169.558,00:03,339,-98
169.606,00:04,339,-100
170.01,00:02,340,-68
170.058,00:03,340,-98
170.105,00:04,340,-100
170.51,00:02,341,-68
170.558,00:03,341,-99
170.607,00:04,341,-100
171.009,00:02,342,-67
171.057,00:03,342,-99
171.104,00:04,342,-100
171.51,00:02,343,-67
171.559,00:03,343,-99
171.604,00:04,343,-100
172.009,00:02,344,-67
172.059,00:03,344,-99
172.106,00:04,344,-100
172.509,00:02,345,-67
172.556,00:03,345,-99
172.605,00:04,345,-100
173.01,00:02,346,-66
173.058,00:03,346,-99
173.107,00:04,346,-100
173.509,00:02,347,-66
173.558,00:03,347,-99
173.605,00:04,347,-100
174.009,00:02,348,-66
174.059,00:03,348,-99
174.107,00:04,348,-100
174.51,00:02,349,-65
174.558,00:03,349,-99
174.605,00:04,349,-100
175.008,00:02,350,-65
175.058,00:03,350,-100
175.104,00:04,350,-100
175.51,00:02,351,-65
175.559,00:03,351,-100
175.605,00:04,351,-100
176.009,00:02,352,-65
176.057,00:03,352,-100
176.104,00:04,352,-100
176.509,00:02,353,-64
176.558,00:03,353,-100
176.606,00:04,353,-100
177.009,00:02,354,-64
177.058,00:03,354,-100
177.106,00:04,354,-100
177.509,00:02,355,-64
177.557,00:03,355,-100
177.605,00:04,355,-100
178.009,00:02,356,-63
178.059,00:03,356,-100
178.106,00:04,356,-101
178.51,00:02,357,-63
178.558,00:03,357,-100
178.605,00:04,357,-101
179.008,00:02,358,-63
179.057,00:03,358,-100
179.106,00:04,358,-101
179.511,00:02,359,-63
179.559,00:03,359,-100
179.607,00:04,359,-101
180.009,00:02,360,-62
180.057,00:03,360,-101
180.105,00:04,360,-101
180.509,00:02,361,-62
180.558,00:03,361,-101
180.606,00:04,361,-101
181.009,00:02,362,-62
181.057,00:03,362,-101
181.105,00:04,362,-101
181.509,00:02,363,-62
181.559,00:03,363,-101
181.607,00:04,363,-101
182.009,00:02,364,-61
182.06,00:03,364,-101
182.105,00:04,364,-101
182.509,00:02,365,-61
182.558,00:03,365,-101
182.604,00:04,365,-101
183.01,00:02,366,-61
183.058,00:03,366,-101
183.105,00:04,366,-101
183.509,00:02,367,-61
183.557,00:03,367,-101
183.606,00:04,367,-101
184.01,00:02,368,-61
184.059,00:03,368,-101
184.105,00:04,368,-101
184.507,00:02,369,-60
184.556,00:03,369,-101
184.605,00:04,369,-101
185.008,00:02,370,-60
185.058,00:03,370,-102
185.105,00:04,370,-101
185.507,00:02,371,-60
185.56,00:03,371,-102
185.606,00:04,371,-101
186.009,00:02,372,-60
186.057,00:03,372,-102
186.105,00:04,372,-101
186.509,00:02,373,-61
186.559,00:03,373,-102
186.607,00:04,373,-101
187.009,00:02,374,-61
187.058,00:03,374,-102
187.106,00:04,374,-101
187.508,00:02,375,-62
187.559,00:03,375,-102
187.606,00:04,375,-101
188.009,00:02,376,-62
188.059,00:03,376,-102
188.107,00:04,376,-101
188.509,00:02,377,-63
188.558,00:03,377,-102
188.606,00:04,377,-101
189.008,00:02,378,-63
189.058,00:03,378,-102
189.104,00:04,378,-101
189.508,00:02,379,-64
189.557,00:03,379,-102
189.607,00:04,379,-101
190.011,00:02,380,-64
190.057,00:03,380,-102
190.104,00:04,380,-101
190.51,00:02,381,-64
190.559,00:03,381,-102
190.606,00:04,381,-100
191.008,00:02,382,-65
191.059,00:03,382,-102
191.105,00:04,382,-100
191.509,00:02,383,-65
191.561,00:03,383,-102
191.607,00:04,383,-100
192.009,00:02,384,-65
192.058,00:03,384,-102
192.105,00:04,384,-100
192.508,00:02,385,-65
192.558,00:03,385,-102
192.604,00:04,385,-100
193.009,00:02,386,-65
193.058,00:03,386,-102
193.104,00:04,386,-100
193.51,00:02,387,-65
193.559,00:03,387,-102
193.605,00:04,387,-100
194.009,00:02,388,-65
194.057,00:03,388,-101
194.106,00:04,388,-100
194.508,00:02,389,-65
194.557,00:03,389,-101
194.604,00:04,389,-100
195.009,00:02,390,-65
195.058,00:03,390,-101
195.104,00:04,390,-100
195.508,00:02,391,-65
195.558,00:03,391,-101
195.605,00:04,391,-100
196.01,00:02,392,-65
196.058,00:03,392,-101
196.106,00:04,392,-100
196.509,00:02,393,-65
196.558,00:03,393,-101
196.606,00:04,393,-100
197.01,00:02,394,-65
197.059,00:03,394,-101
197.104,00:04,394,-100
197.508,00:02,395,-66
197.557,00:03,395,-101
197.606,00:04,395,-100
198.011,00:02,396,-66
198.06,00:03,396,-101
198.106,00:04,396,-100
198.509,00:02,397,-66
198.559,00:03,397,-101
198.605,00:04,397,-100
199.009,00:02,398,-66
199.06,00:03,398,-100
199.107,00:04,398,-100
199.509,00:02,399,-66
199.56,00:03,399,-100
199.606,00:04,399,-100
200.009,00:02,400,-66
200.06,00:03,400,-100
200.104,00:04,400,-100
200.509,00:02,401,-66
200.557,00:03,401,-100
200.606,00:04,401,-100
201.008,00:02,402,-67
201.059,00:03,402,-100
201.104,00:04,402,-100
201.511,00:02,403,-67
201.559,00:03,403,-100
201.605,00:04,403,-99
202.01,00:02,404,-67
202.059,00:03,404,-100
202.106,00:04,404,-99
202.509,00:02,405,-67
202.558,00:03,405,-100
202.606,00:04,405,-99
203.009,00:02,406,-67
203.06,00:03,406,-100
203.106,00:04,406,-99
203.508,00:02,407,-68
203.56,00:03,407,-100
203.605,00:04,407,-99
204.007,00:02,408,-68
204.057,00:03,408,-99
204.105,00:04,408,-99
204.508,00:02,409,-68
204.559,00:03,409,-99
204.605,00:04,409,-99
205.01,00:02,410,-68
205.06,00:03,410,-99
205.104,00:04,410,-99
205.509,00:02,411,-69
205.558,00:03,411,-99
205.605,00:04,411,-99
206.009,00:02,412,-69
206.061,00:03,412,-99
206.105,00:04,412,-99
206.508,00:02,413,-69
206.559,00:03,413,-99
206.606,00:04,413,-99
207.01,00:02,414,-70
207.059,00:03,414,-99
207.105,00:04,414,-99
207.508,00:02,415,-70
207.557,00:03,415,-99
207.605,00:04,415,-99
208.01,00:02,416,-70
208.061,00:03,416,-99
208.103,00:04,416,-99
208.508,00:02,417,-71
208.56,00:03,417,-98
208.604,00:04,417,-99
209.007,00:02,418,-71
209.06,00:03,418,-98
209.105,00:04,418,-99
209.507,00:02,419,-71
209.559,00:03,419,-98
209.603,00:04,419,-99
210.009,00:02,420,-72
210.059,00:03,420,-98
210.105,00:04,420,-99
210.509,00:02,421,-72
210.558,00:03,421,-98
210.604,00:04,421,-99
211.009,00:02,422,-72
211.059,00:03,422,-98
211.106,00:04,422,-99
211.51,00:02,423,-72
211.558,00:03,423,-98
211.604,00:04,423,-99
212.009,00:02,424,-73
212.058,00:03,424,-98
212.106,00:04,424,-99
212.51,00:02,425,-73
212.559,00:03,425,-97
212.605,00:04,425,-99
213.011,00:02,426,-73
213.059,00:03,426,-97
213.104,00:04,426,-99
213.508,00:02,427,-74
213.558,00:03,427,-97
213.604,00:04,427,-99
214.01,00:02,428,-74
214.058,00:03,428,-97
214.105,00:04,428,-99
214.509,00:02,429,-74
214.56,00:03,429,-97
214.606,00:04,429,-99
215.007,00:02,430,-75
215.059,00:03,430,-97
215.106,00:04,430,-98
215.509,00:02,431,-75
215.56,00:03,431,-97
215.604,00:04,431,-98
216.008,00:02,432,-75
216.061,00:03,432,-97
216.105,00:04,432,-98
216.511,00:02,433,-75
216.558,00:03,433,-96
216.606,00:04,433,-98
217.009,00:02,434,-76
217.058,00:03,434,-96
217.105,00:04,434,-98
217.511,00:02,435,-76
217.561,00:03,435,-96
217.605,00:04,435,-98
218.01,00:02,436,-76
218.061,00:03,436,-96
218.104,00:04,436,-98
218.509,00:02,437,-76
218.559,00:03,437,-96
218.605,00:04,437,-98
219.01,00:02,438,-77
219.059,00:03,438,-96
219.105,00:04,438,-98
219.509,00:02,439,-77
219.56,00:03,439,-96
219.605,00:04,439,-98
220.01,00:02,440,-77
220.059,00:03,440,-96
220.106,00:04,440,-98
220.509,00:02,441,-77
220.559,00:03,441,-95
220.605,00:04,441,-98
221.01,00:02,442,-78
221.061,00:03,442,-95
221.106,00:04,442,-98
221.509,00:02,443,-78
221.558,00:03,443,-95
221.605,00:04,443,-98
222.008,00:02,444,-78
222.059,00:03,444,-95
222.104,00:04,444,-98
222.509,00:02,445,-78
222.558,00:03,445,-95
222.606,00:04,445,-98
223.007,00:02,446,-79
223.061,00:03,446,-95
223.105,00:04,446,-98
223.508,00:02,447,-79
223.56,00:03,447,-95
223.606,00:04,447,-98
224.008,00:02,448,-79
224.059,00:03,448,-94
224.103,00:04,448,-98
224.509,00:02,449,-79
224.558,00:03,449,-94
224.605,00:04,449,-98
225.009,00:02,450,-80
225.061,00:03,450,-94
225.105,00:04,450,-98
225.51,00:02,451,-80
225.558,00:03,451,-94
225.604,00:04,451,-98
226.01,00:02,452,-80
226.06,00:03,452,-94
226.105,00:04,452,-98
226.509,00:02,453,-80
226.559,00:03,453,-94
226.603,00:04,453,-98
227.008,00:02,454,-81
227.059,00:03,454,-94
227.106,00:04,454,-98
227.51,00:02,455,-81
227.558,00:03,455,-93
227.605,00:04,455,-98
228.009,00:02,456,-81
228.059,00:03,456,-93
228.105,00:04,456,-98
228.51,00:02,457,-81
228.559,00:03,457,-93
228.603,00:04,457,-98
229.009,00:02,458,-81
229.059,00:03,458,-93
229.105,00:04,458,-98
229.509,00:02,459,-82
229.56,00:03,459,-93
229.604,00:04,459,-98
230.01,00:02,460,-82
230.059,00:03,460,-93
230.105,00:04,460,-98
230.509,00:02,461,-82
230.558,00:03,461,-93
230.606,00:04,461,-98
231.01,00:02,462,-82
231.061,00:03,462,-92
231.104,00:04,462,-98
231.509,00:02,463,-82
231.56,00:03,463,-92
231.604,00:04,463,-98
232.008,00:02,464,-83
232.059,00:03,464,-92
232.104,00:04,464,-98
232.508,00:02,465,-83
232.559,00:03,465,-92
232.604,00:04,465,-98
233.008,00:02,466,-83
233.058,00:03,466,-92
233.104,00:04,466,-98
233.508,00:02,467,-83
233.56,00:03,467,-92
233.604,00:04,467,-98
234.009,00:02,468,-83
234.06,00:03,468,-91
234.104,00:04,468,-98
234.51,00:02,469,-84
234.561,00:03,469,-91
234.603,00:04,469,-98
235.009,00:02,470,-84
235.059,00:03,470,-91
235.104,00:04,470,-98
235.508,00:02,471,-84
235.561,00:03,471,-91
235.606,00:04,471,-98
236.008,00:02,472,-84
236.06,00:03,472,-91
236.106,00:04,472,-98
236.51,00:02,473,-84
236.558,00:03,473,-91
236.603,00:04,473,-98
237.008,00:02,474,-84
237.058,00:03,474,-90
237.106,00:04,474,-98
237.51,00:02,475,-85
237.559,00:03,475,-90
237.605,00:04,475,-98
238.009,00:02,476,-85
238.058,00:03,476,-90
238.105,00:04,476,-98
238.508,00:02,477,-85
238.559,00:03,477,-90
238.604,00:04,477,-98
239.011,00:02,478,-85
239.058,00:03,478,-90
239.104,00:04,478,-98
239.511,00:02,479,-85
239.559,00:03,479,-89
239.605,00:04,479,-98
240.01,00:02,480,-85
240.059,00:03,480,-89
240.105,00:04,480,-98
240.511,00:02,481,-86
240.558,00:03,481,-89
240.606,00:04,481,-98
241.008,00:02,482,-86
241.061,00:03,482,-89
241.105,00:04,482,-98
241.511,00:02,483,-86
241.559,00:03,483,-89
241.604,00:04,483,-98
242.009,00:02,484,-86
242.058,00:03,484,-88
242.104,00:04,484,-98
242.508,00:02,485,-86
242.56,00:03,485,-88
242.605,00:04,485,-98
243.008,00:02,486,-86
243.061,00:03,486,-88
243.104,00:04,486,-98
243.51,00:02,487,-87
243.561,00:03,487,-88
243.605,00:04,487,-98
244.007,00:02,488,-87
244.058,00:03,488,-88
244.103,00:04,488,-98
244.509,00:02,489,-87
244.56,00:03,489,-87
244.605,00:04,489,-98
245.009,00:02,490,-87
245.058,00:03,490,-87
245.105,00:04,490,-98
245.51,00:02,491,-87
245.559,00:03,491,-87
245.604,00:04,491,-98
246.01,00:02,492,-87
246.059,00:03,492,-87
246.106,00:04,492,-98
246.51,00:02,493,-88
246.558,00:03,493,-87
246.605,00:04,493,-98
247.008,00:02,494,-88
247.061,00:03,494,-86
247.104,00:04,494,-98
247.508,00:02,495,-88
247.56,00:03,495,-86
247.604,00:04,495,-98
248.008,00:02,496,-88
248.059,00:03,496,-86
248.105,00:04,496,-98
248.509,00:02,497,-88
248.559,00:03,497,-86
248.604,00:04,497,-98
249.008,00:02,498,-88
249.06,00:03,498,-86
249.104,00:04,498,-98
249.51,00:02,499,-88
249.56,00:03,499,-85
249.605,00:04,499,-98
250.008,00:02,500,-89
250.059,00:03,500,-85
250.103,00:04,500,-98
250.511,00:02,501,-89
250.56,00:03,501,-85
250.604,00:04,501,-98
251.009,00:02,502,-89
251.058,00:03,502,-85
251.104,00:04,502,-98
251.509,00:02,503,-89
251.559,00:03,503,-84
251.604,00:04,503,-98
252.009,00:02,504,-89
252.061,00:03,504,-84
252.104,00:04,504,-98
252.509,00:02,505,-89
252.56,00:03,505,-84
252.603,00:04,505,-98
253.009,00:02,506,-89
253.06,00:03,506,-84
253.105,00:04,506,-98
253.509,00:02,507,-90
253.562,00:03,507,-83
253.603,00:04,507,-98
254.008,00:02,508,-90
254.06,00:03,508,-83
254.106,00:04,508,-98
254.51,00:02,509,-90
254.561,00:03,509,-83
254.605,00:04,509,-98
255.011,00:02,510,-90
255.058,00:03,510,-83
255.105,00:04,510,-98
255.51,00:02,511,-90
255.559,00:03,511,-82
255.604,00:04,511,-98
256.01,00:02,512,-90
256.061,00:03,512,-82
256.103,00:04,512,-98
256.511,00:02,513,-90
256.559,00:03,513,-82
256.603,00:04,513,-98
257.009,00:02,514,-90
257.061,00:03,514,-82
257.105,00:04,514,-98
257.509,00:02,515,-91
257.558,00:03,515,-81
257.604,00:04,515,-98
258.009,00:02,516,-91
258.062,00:03,516,-81
258.104,00:04,516,-98
258.509,00:02,517,-91
258.56,00:03,517,-81
258.606,00:04,517,-98
259.008,00:02,518,-91
259.06,00:03,518,-80
259.103,00:04,518,-99
259.51,00:02,519,-91
259.559,00:03,519,-80
259.606,00:04,519,-99
260.009,00:02,520,-91
260.06,00:03,520,-80
260.104,00:04,520,-99
260.508,00:02,521,-91
260.558,00:03,521,-80
260.605,00:04,521,-99
261.008,00:02,522,-91
261.059,00:03,522,-79
261.106,00:04,522,-99
261.508,00:02,523,-92
261.558,00:03,523,-79
261.606,00:04,523,-99
262.009,00:02,524,-92
262.059,00:03,524,-79
262.106,00:04,524,-99
262.51,00:02,525,-92
262.56,00:03,525,-78
262.603,00:04,525,-99
263.009,00:02,526,-92
263.06,00:03,526,-78
263.104,00:04,526,-99
263.509,00:02,527,-92
263.559,00:03,527,-78
263.606,00:04,527,-99
264.008,00:02,528,-92
264.06,00:03,528,-77
264.104,00:04,528,-99
264.51,00:02,529,-92
264.56,00:03,529,-77
264.604,00:04,529,-99
265.009,00:02,530,-92
265.06,00:03,530,-77
265.105,00:04,530,-99
265.507,00:02,531,-93
265.559,00:03,531,-76
265.604,00:04,531,-99
266.01,00:02,532,-93
266.058,00:03,532,-76
266.103,00:04,532,-99
266.51,00:02,533,-93
266.558,00:03,533,-76
266.606,00:04,533,-99
267.009,00:02,534,-93
267.06,00:03,534,-75
267.104,00:04,534,-99
267.508,00:02,535,-93
267.559,00:03,535,-75
267.605,00:04,535,-99
268.007,00:02,536,-93
268.062,00:03,536,-75
268.105,00:04,536,-99
268.51,00:02,537,-93
268.562,00:03,537,-75
268.603,00:04,537,-99
269.009,00:02,538,-93
269.061,00:03,538,-74
269.105,00:04,538,-99
269.509,00:02,539,-93
269.561,00:03,539,-74
269.604,00:04,539,-99
270.011,00:02,540,-94
270.061,00:03,540,-74
270.104,00:04,540,-99
270.509,00:02,541,-94
270.561,00:03,541,-73
270.605,00:04,541,-99
271.01,00:02,542,-94
271.06,00:03,542,-73
271.104,00:04,542,-99
271.51,00:02,543,-94
271.561,00:03,543,-73
271.606,00:04,543,-99
272.011,00:02,544,-94
272.06,00:03,544,-73
272.103,00:04,544,-99
272.511,00:02,545,-94
272.559,00:03,545,-73
272.605,00:04,545,-99
273.008,00:02,546,-94
273.062,00:03,546,-73
273.105,00:04,546,-100
273.509,00:02,547,-94
273.559,00:03,547,-72
273.604,00:04,547,-100
274.01,00:02,548,-94
274.06,00:03,548,-72
274.103,00:04,548,-100
274.511,00:02,549,-94
274.558,00:03,549,-72
274.604,00:04,549,-100
275.009,00:02,550,-95
275.061,00:03,550,-72
275.106,00:04,550,-100
275.51,00:02,551,-95
275.559,00:03,551,-72
275.603,00:04,551,-100
276.01,00:02,552,-95
276.061,00:03,552,-72
276.105,00:04,552,-100
276.51,00:02,553,-95
276.562,00:03,553,-71
276.605,00:04,553,-100
277.01,00:02,554,-95
277.059,00:03,554,-71
277.104,00:04,554,-100
277.508,00:02,555,-95
277.56,00:03,555,-71
277.606,00:04,555,-100
278.011,00:02,556,-95
278.06,00:03,556,-71
278.105,00:04,556,-100
278.51,00:02,557,-95
278.561,00:03,557,-71
278.604,00:04,557,-100
279.008,00:02,558,-95
279.062,00:03,558,-71
279.104,00:04,558,-100
279.511,00:02,559,-95
279.56,00:03,559,-71
279.604,00:04,559,-100
280.011,00:02,560,-96
280.061,00:03,560,-71
280.104,00:04,560,-100
280.511,00:02,561,-96
280.56,00:03,561,-71
280.605,00:04,561,-100
281.009,00:02,562,-96
281.06,00:03,562,-71
281.104,00:04,562,-100
281.508,00:02,563,-96
281.561,00:03,563,-71
281.606,00:04,563,-100
282.01,00:02,564,-96
282.062,00:03,564,-71
282.104,00:04,564,-100
282.509,00:02,565,-96
282.559,00:03,565,-71
282.604,00:04,565,-100
283.01,00:02,566,-96
283.059,00:03,566,-71
283.103,00:04,566,-100
283.51,00:02,567,-96
283.56,00:03,567,-72
283.605,00:04,567,-100
284.011,00:02,568,-96
284.06,00:03,568,-72
284.105,00:04,568,-100
284.51,00:02,569,-96
284.56,00:03,569,-72
284.605,00:04,569,-100
285.009,00:02,570,-96
285.06,00:03,570,-73
285.105,00:04,570,-100
285.508,00:02,571,-96
285.56,00:03,571,-73
285.603,00:04,571,-100
286.011,00:02,572,-96
286.059,00:03,572,-73
286.105,00:04,572,-100
286.51,00:02,573,-96
286.559,00:03,573,-74
286.605,00:04,573,-100
287.011,00:02,574,-96
287.061,00:03,574,-74
287.106,00:04,574,-100
287.509,00:02,575,-96
287.561,00:03,575,-74
287.605,00:04,575,-100
288.009,00:02,576,-96
288.061,00:03,576,-74
288.104,00:04,576,-100
288.509,00:02,577,-96
288.559,00:03,577,-74
288.605,00:04,577,-99
289.01,00:02,578,-96
289.061,00:03,578,-74
289.106,00:04,578,-99
289.51,00:02,579,-96
289.56,00:03,579,-74
289.603,00:04,579,-99
290.009,00:02,580,-96
290.06,00:03,580,-74
290.106,00:04,580,-99
290.51,00:02,581,-96
290.56,00:03,581,-74
290.604,00:04,581,-99
291.009,00:02,582,-96
291.061,00:03,582,-74
291.105,00:04,582,-99
291.508,00:02,583,-95
291.56,00:03,583,-74
291.606,00:04,583,-99
292.011,00:02,584,-95
292.061,00:03,584,-74
292.104,00:04,584,-99
292.51,00:02,585,-95
292.559,00:03,585,-74
292.604,00:04,585,-99
293.01,00:02,586,-95
293.062,00:03,586,-75
293.104,00:04,586,-99
293.512,00:02,587,-95
293.56,00:03,587,-75
293.604,00:04,587,-99
294.009,00:02,588,-95
294.06,00:03,588,-75
294.104,00:04,588,-99
294.509,00:02,589,-95
294.56,00:03,589,-75
294.605,00:04,589,-99
295.009,00:02,590,-95
295.06,00:03,590,-75
295.105,00:04,590,-99
295.509,00:02,591,-95
295.56,00:03,591,-75
295.605,00:04,591,-99
296.008,00:02,592,-95
296.06,00:03,592,-75
296.104,00:04,592,-99
296.511,00:02,593,-94
296.559,00:03,593,-76
296.603,00:04,593,-99
297.009,00:02,594,-94
297.061,00:03,594,-76
297.105,00:04,594,-99
297.509,00:02,595,-94
297.561,00:03,595,-76
297.606,00:04,595,-99
298.011,00:02,596,-94
298.059,00:03,596,-76
298.106,00:04,596,-98
298.509,00:02,597,-94
298.561,00:03,597,-76
298.606,00:04,597,-98
299.01,00:02,598,-94
299.062,00:03,598,-77
299.104,00:04,598,-98
299.509,00:02,599,-94
299.561,00:03,599,-77
299.604,00:04,599,-98
300.009,00:02,600,-94
300.061,00:03,600,-77
300.105,00:04,600,-98
300.509,00:02,601,-94
300.561,00:03,601,-77
300.605,00:04,601,-98
301.009,00:02,602,-94
301.06,00:03,602,-77
301.103,00:04,602,-98
301.508,00:02,603,-93
301.562,00:03,603,-78
301.604,00:04,603,-98
302.01,00:02,604,-93
302.059,00:03,604,-78
302.105,00:04,604,-98
302.508,00:02,605,-93
302.562,00:03,605,-78
302.605,00:04,605,-98
303.009,00:02,606,-93
303.06,00:03,606,-78
303.105,00:04,606,-98
303.511,00:02,607,-93
303.56,00:03,607,-79
303.604,00:04,607,-98
304.008,00:02,608,-93
304.06,00:03,608,-79
304.106,00:04,608,-98
304.509,00:02,609,-93
304.561,00:03,609,-79
304.606,00:04,609,-98
305.009,00:02,610,-93
305.061,00:03,610,-79
305.105,00:04,610,-98
305.51,00:02,611,-93
305.56,00:03,611,-80
305.606,00:04,611,-98
306.01,00:02,612,-92
306.06,00:03,612,-80
306.104,00:04,612,-98
306.508,00:02,613,-92
306.56,00:03,613,-80
306.604,00:04,613,-98
307.009,00:02,614,-92
307.061,00:03,614,-80
307.102,00:04,614,-98
307.509,00:02,615,-92
307.559,00:03,615,-81
307.604,00:04,615,-98
308.011,00:02,616,-92
308.06,00:03,616,-81
308.105,00:04,616,-98
308.51,00:02,617,-92
308.559,00:03,617,-81
308.604,00:04,617,-98
309.01,00:02,618,-92
309.059,00:03,618,-81
309.105,00:04,618,-98
309.512,00:02,619,-92
309.559,00:03,619,-82
309.603,00:04,619,-98
310.01,00:02,620,-91
310.06,00:03,620,-82
310.106,00:04,620,-97
310.509,00:02,621,-91
310.56,00:03,621,-82
310.603,00:04,621,-97
311.009,00:02,622,-91
311.06,00:03,622,-82
311.103,00:04,622,-97
311.509,00:02,623,-91
311.56,00:03,623,-82
311.604,00:04,623,-97
312.011,00:02,624,-91
312.061,00:03,624,-83
312.102,00:04,624,-97
312.51,00:02,625,-91
312.561,00:03,625,-83
312.605,00:04,625,-97
313.011,00:02,626,-91
313.061,00:03,626,-83
313.104,00:04,626,-97
313.51,00:02,627,-91
313.561,00:03,627,-83
313.603,00:04,627,-97
314.011,00:02,628,-91
314.062,00:03,628,-84
314.105,00:04,628,-97
314.51,00:02,629,-90
314.562,00:03,629,-84
314.606,00:04,629,-97
315.009,00:02,630,-90
315.062,00:03,630,-84
315.106,00:04,630,-97
315.509,00:02,631,-90
315.562,00:03,631,-84
315.606,00:04,631,-97
316.009,00:02,632,-90
316.061,00:03,632,-84
316.105,00:04,632,-97
316.51,00:02,633,-90
316.562,00:03,633,-85
316.603,00:04,633,-97
317.01,00:02,634,-90
317.062,00:03,634,-85
317.104,00:04,634,-97
317.509,00:02,635,-90
317.559,00:03,635,-85
317.604,00:04,635,-97
318.01,00:02,636,-89
318.061,00:03,636,-85
318.104,00:04,636,-97
318.511,00:02,637,-89
318.561,00:03,637,-86
318.602,00:04,637,-97
319.011,00:02,638,-89
319.059,00:03,638,-86
319.103,00:04,638,-97
319.508,00:02,639,-89
319.56,00:03,639,-86
319.605,00:04,639,-97
320.011,00:02,640,-89
320.06,00:03,640,-86
320.105,00:04,640,-97
320.51,00:02,641,-89
320.562,00:03,641,-86
320.603,00:04,641,-97
321.008,00:02,642,-89
321.061,00:03,642,-87
321.106,00:04,642,-97
321.509,00:02,643,-89
321.56,00:03,643,-87
321.605,00:04,643,-97
322.011,00:02,644,-88
322.063,00:03,644,-87
322.103,00:04,644,-97
322.51,00:02,645,-88
322.56,00:03,645,-87
322.603,00:04,645,-97
323.01,00:02,646,-88
323.061,00:03,646,-87
323.106,00:04,646,-97
323.51,00:02,647,-88
323.561,00:03,647,-88
323.604,00:04,647,-97
324.01,00:02,648,-88
324.061,00:03,648,-88
324.103,00:04,648,-97
324.509,00:02,649,-88
324.561,00:03,649,-88
324.604,00:04,649,-97
325.011,00:02,650,-88
325.062,00:03,650,-88
325.103,00:04,650,-97
325.51,00:02,651,-87
325.561,00:03,651,-88
325.603,00:04,651,-97
326.008,00:02,652,-87
326.06,00:03,652,-89
326.104,00:04,652,-97
326.509,00:02,653,-87
326.56,00:03,653,-89
326.604,00:04,653,-97
327.011,00:02,654,-91
327.062,00:03,654,-93
327.105,00:04,654,-101
327.509,00:02,655,-91
327.561,00:03,655,-93
327.604,00:04,655,-101
328.011,00:02,656,-91
328.062,00:03,656,-93
328.104,00:04,656,-101
328.509,00:02,657,-90
328.562,00:03,657,-93
328.603,00:04,657,-101
329.011,00:02,658,-90
329.062,00:03,658,-94
329.104,00:04,658,-101
329.508,00:02,659,-90
329.561,00:03,659,-94
329.605,00:04,659,-101
330.011,00:02,660,-90
330.061,00:03,660,-94
330.105,00:04,660,-101
330.511,00:02,661,-90
330.562,00:03,661,-94
330.605,00:04,661,-101
331.01,00:02,662,-90
331.062,00:03,662,-94
331.103,00:04,662,-101
331.511,00:02,663,-90
331.56,00:03,663,-94
331.603,00:04,663,-101
332.01,00:02,664,-89
332.061,00:03,664,-95
332.103,00:04,664,-101
332.511,00:02,665,-89
332.561,00:03,665,-95
332.604,00:04,665,-101
333.011,00:02,666,-89
333.061,00:03,666,-95
333.103,00:04,666,-101
333.511,00:02,667,-89
333.561,00:03,667,-95
333.604,00:04,667,-101
334.009,00:02,668,-89
334.062,00:03,668,-95
334.103,00:04,668,-101
334.511,00:02,669,-89
334.562,00:03,669,-95
334.606,00:04,669,-101
335.01,00:02,670,-88
335.062,00:03,670,-96
335.102,00:04,670,-101
335.509,00:02,671,-88
335.56,00:03,671,-96
335.603,00:04,671,-101
336.011,00:02,672,-88
336.063,00:03,672,-96
336.104,00:04,672,-101
336.51,00:02,673,-88
336.562,00:03,673,-96
336.604,00:04,673,-101
337.009,00:02,674,-88
337.06,00:03,674,-96
337.104,00:04,674,-101
337.51,00:02,675,-87
337.563,00:03,675,-96
337.606,00:04,675,-101
338.01,00:02,676,-87
338.061,00:03,676,-97
338.104,00:04,676,-101
338.511,00:02,677,-87
338.561,00:03,677,-97
338.603,00:04,677,-101
339.01,00:02,678,-83
339.061,00:03,678,-93
339.104,00:04,678,-97
339.509,00:02,679,-83
339.562,00:03,679,-93
339.604,00:04,679,-97
340.009,00:02,680,-83
340.063,00:03,680,-93
340.104,00:04,680,-97
340.511,00:02,681,-82
340.562,00:03,681,-93
340.603,00:04,681,-97
341.008,00:02,682,-82
341.061,00:03,682,-93
341.103,00:04,682,-97
341.51,00:02,683,-82
341.562,00:03,683,-94
341.604,00:04,683,-97
342.011,00:02,684,-82
342.062,00:03,684,-94
342.104,00:04,684,-97
342.51,00:02,685,-82
342.56,00:03,685,-94
342.604,00:04,685,-97
343.008,00:02,686,-81
343.062,00:03,686,-94
343.106,00:04,686,-97
343.51,00:02,687,-81
343.561,00:03,687,-94
343.604,00:04,687,-97
344.009,00:02,688,-81
344.061,00:03,688,-94
344.105,00:04,688,-97
344.51,00:02,689,-81
344.562,00:03,689,-94
344.604,00:04,689,-97
345.011,00:02,690,-81
345.062,00:03,690,-95
345.103,00:04,690,-97
345.51,00:02,691,-80
345.562,00:03,691,-95
345.605,00:04,691,-97
346.009,00:02,692,-80
346.061,00:03,692,-95
346.104,00:04,692,-97
346.509,00:02,693,-80
346.563,00:03,693,-95
346.603,00:04,693,-97
347.009,00:02,694,-80
347.062,00:03,694,-95
347.105,00:04,694,-97
347.508,00:02,695,-80
347.56,00:03,695,-95
347.603,00:04,695,-97
348.01,00:02,696,-79
348.062,00:03,696,-95
348.104,00:04,696,-97
348.51,00:02,697,-79
348.561,00:03,697,-96
348.605,00:04,697,-97
349.009,00:02,698,-79
349.062,00:03,698,-96
349.103,00:04,698,-97
349.509,00:02,699,-79
349.563,00:03,699,-96
349.605,00:04,699,-97
350.011,00:02,700,-79
350.061,00:03,700,-96
350.105,00:04,700,-97
350.51,00:02,701,-78
350.561,00:03,701,-96
350.605,00:04,701,-97
351.011,00:02,702,-78
351.063,00:03,702,-96
351.105,00:04,702,-97
351.509,00:02,703,-78
351.561,00:03,703,-96
351.603,00:04,703,-97
352.009,00:02,704,-78
352.062,00:03,704,-96
352.104,00:04,704,-97
352.51,00:02,705,-77
352.561,00:03,705,-97
352.604,00:04,705,-97
353.01,00:02,706,-77
353.061,00:03,706,-97
353.104,00:04,706,-97
353.509,00:02,707,-77
353.56,00:03,707,-97
353.604,00:04,707,-97
354.01,00:02,708,-77
354.062,00:03,708,-97
354.102,00:04,708,-97
354.51,00:02,709,-76
354.561,00:03,709,-97
354.605,00:04,709,-97
355.009,00:02,710,-76
355.063,00:03,710,-97
355.104,00:04,710,-97
355.51,00:02,711,-76
355.56,00:03,711,-97
355.603,00:04,711,-97
356.009,00:02,712,-76
356.062,00:03,712,-97
356.105,00:04,712,-98
356.508,00:02,713,-76
356.562,00:03,713,-98
356.604,00:04,713,-98
357.009,00:02,714,-75
357.062,00:03,714,-98
357.104,00:04,714,-98
357.51,00:02,715,-75
357.56,00:03,715,-98
357.604,00:04,715,-98
358.011,00:02,716,-75
358.062,00:03,716,-98
358.103,00:04,716,-98
358.51,00:02,717,-75
358.562,00:03,717,-98
358.603,00:04,717,-98
359.011,00:02,718,-74
359.06,00:03,718,-98
359.106,00:04,718,-98
359.51,00:02,719,-74
359.56,00:03,719,-98
359.604,00:04,719,-98
360.01,00:02,720,-74
360.063,00:03,720,-98
360.104,00:04,720,-98
360.511,00:02,721,-74
360.561,00:03,721,-98
360.603,00:04,721,-98
361.01,00:02,722,-77
361.062,00:03,722,-103
361.104,00:04,722,-102
361.509,00:02,723,-77
361.561,00:03,723,-103
361.604,00:04,723,-102
362.01,00:02,724,-77
362.06,00:03,724,-103
362.105,00:04,724,-102
362.509,00:02,725,-77
362.561,00:03,725,-103
362.603,00:04,725,-102
363.009,00:02,726,-76
363.063,00:03,726,-103
363.106,00:04,726,-102
363.511,00:02,727,-76
363.561,00:03,727,-103
363.604,00:04,727,-102
364.01,00:02,728,-76
364.062,00:03,728,-103
364.102,00:04,728,-102
364.51,00:02,729,-76
364.561,00:03,729,-103
364.604,00:04,729,-102
365.01,00:02,730,-72
365.063,00:03,730,-99
365.103,00:04,730,-98
365.508,00:02,731,-71
365.56,00:03,731,-100
365.602,00:04,731,-98
366.01,00:02,732,-71
366.064,00:03,732,-100
366.102,00:04,732,-98
366.51,00:02,733,-71
366.562,00:03,733,-100
366.605,00:04,733,-98
367.009,00:02,734,-71
367.063,00:03,734,-100
367.103,00:04,734,-98
367.51,00:02,735,-70
367.563,00:03,735,-100
367.603,00:04,735,-98
368.01,00:02,736,-70
368.062,00:03,736,-100
368.104,00:04,736,-99
368.511,00:02,737,-70
368.563,00:03,737,-100
368.604,00:04,737,-99
369.009,00:02,738,-70
369.06,00:03,738,-100
369.103,00:04,738,-99
369.51,00:02,739,-70
369.563,00:03,739,-100
369.603,00:04,739,-99
370.009,00:02,740,-69
370.062,00:03,740,-100
370.104,00:04,740,-99
370.51,00:02,741,-69
370.561,00:03,741,-101
370.604,00:04,741,-99
371.011,00:02,742,-69
371.062,00:03,742,-101
371.105,00:04,742,-99
371.511,00:02,743,-69
371.561,00:03,743,-101
371.602,00:04,743,-99
372.008,00:02,744,-69
372.061,00:03,744,-101
372.103,00:04,744,-99
372.512,00:02,745,-69
372.563,00:03,745,-101
372.604,00:04,745,-99
373.011,00:02,746,-69
373.06,00:03,746,-101
373.104,00:04,746,-99
373.509,00:02,747,-68
373.562,00:03,747,-101
373.605,00:04,747,-99
374.009,00:02,748,-68
374.062,00:03,748,-101
374.104,00:04,748,-99
374.509,00:02,749,-68
374.562,00:03,749,-101
374.603,00:04,749,-99
375.01,00:02,750,-68
375.062,00:03,750,-101
375.104,00:04,750,-99
375.51,00:02,751,-68
375.563,00:03,751,-102
375.603,00:04,751,-99
376.01,00:02,752,-68
376.064,00:03,752,-102
376.103,00:04,752,-99
376.51,00:02,753,-68
376.562,00:03,753,-102
376.603,00:04,753,-99
377.009,00:02,754,-68
377.062,00:03,754,-102
377.102,00:04,754,-99
377.509,00:02,755,-68
377.562,00:03,755,-102
377.604,00:04,755,-99
378.011,00:02,756,-68
378.061,00:03,756,-102
378.103,00:04,756,-99
378.511,00:02,757,-68
378.564,00:03,757,-102
378.605,00:04,757,-99
379.011,00:02,758,-69
379.063,00:03,758,-102
379.103,00:04,758,-99
379.51,00:02,759,-69
379.563,00:03,759,-102
379.602,00:04,759,-99
380.01,00:02,760,-70
380.061,00:03,760,-102
380.105,00:04,760,-99
380.511,00:02,761,-70
380.563,00:03,761,-102
380.604,00:04,761,-99
381.009,00:02,762,-71
381.062,00:03,762,-102
381.104,00:04,762,-99
381.509,00:02,763,-71
381.56,00:03,763,-102
381.603,00:04,763,-99
382.008,00:02,764,-71
382.061,00:03,764,-102
382.103,00:04,764,-99
382.511,00:02,765,-72
382.562,00:03,765,-102
382.604,00:04,765,-99
383.011,00:02,766,-72
383.062,00:03,766,-102
383.103,00:04,766,-99
383.509,00:02,767,-72
383.561,00:03,767,-102
383.603,00:04,767,-99
384.008,00:02,768,-72
384.063,00:03,768,-102
384.103,00:04,768,-99
384.509,00:02,769,-72
384.563,00:03,769,-102
384.604,00:04,769,-99
385.009,00:02,770,-72
385.063,00:03,770,-102
385.103,00:04,770,-99
385.508,00:02,771,-72
385.561,00:03,771,-102
385.603,00:04,771,-98
386.009,00:02,772,-72
386.062,00:03,772,-102
386.104,00:04,772,-98
386.509,00:02,773,-72
386.561,00:03,773,-102
386.604,00:04,773,-98
387.01,00:02,774,-72
387.061,00:03,774,-102
387.104,00:04,774,-98
387.509,00:02,775,-72
387.563,00:03,775,-102
387.606,00:04,775,-98
388.011,00:02,776,-72
388.061,00:03,776,-101
388.102,00:04,776,-98
388.512,00:02,777,-72
388.563,00:03,777,-101
388.604,00:04,777,-98
389.009,00:02,778,-73
389.063,00:03,778,-101
389.104,00:04,778,-98
389.511,00:02,779,-73
389.564,00:03,779,-101
389.603,00:04,779,-98
390.008,00:02,780,-73
390.063,00:03,780,-101
390.104,00:04,780,-98
390.508,00:02,781,-73
390.561,00:03,781,-101
390.603,00:04,781,-98
391.01,00:02,782,-73
391.062,00:03,782,-101
391.103,00:04,782,-98
391.509,00:02,783,-73
391.56,00:03,783,-101
391.604,00:04,783,-98
392.011,00:02,784,-73
392.061,00:03,784,-101
392.103,00:04,784,-98
392.511,00:02,785,-73
392.561,00:03,785,-101
392.602,00:04,785,-98
393.011,00:02,786,-73
393.062,00:03,786,-101
393.105,00:04,786,-98
393.509,00:02,787,-74
393.561,00:03,787,-100
393.602,00:04,787,-98
394.01,00:02,788,-74
394.061,00:03,788,-100
394.104,00:04,788,-97
394.509,00:02,789,-74
394.563,00:03,789,-100
394.604,00:04,789,-97
395.009,00:02,790,-74
395.063,00:03,790,-100
395.102,00:04,790,-97
395.509,00:02,791,-74
395.561,00:03,791,-100
395.604,00:04,791,-97
396.01,00:02,792,-74
396.063,00:03,792,-100
396.103,00:04,792,-97
396.509,00:02,793,-74
396.563,00:03,793,-100
396.602,00:04,793,-97
397.009,00:02,794,-79
397.062,00:03,794,-104
397.104,00:04,794,-101
397.511,00:02,795,-79
397.563,00:03,795,-104
397.602,00:04,795,-101
398.011,00:02,796,-79
398.064,00:03,796,-104
398.104,00:04,796,-101
398.511,00:02,797,-79
398.564,00:03,797,-103
398.604,00:04,797,-101
399.01,00:02,798,-79
399.062,00:03,798,-103
399.104,00:04,798,-101
399.51,00:02,799,-79
399.561,00:03,799,-103
399.604,00:04,799,-101
400.009,00:02,800,-80
400.063,00:03,800,-103
400.102,00:04,800,-101
400.51,00:02,801,-80
400.562,00:03,801,-103
400.603,00:04,801,-101
401.01,00:02,802,-76
401.061,00:03,802,-99
401.105,00:04,802,-97
401.511,00:02,803,-76
401.562,00:03,803,-99
401.604,00:04,803,-97
402.01,00:02,804,-76
402.062,00:03,804,-99
402.102,00:04,804,-97
402.51,00:02,805,-76
402.562,00:03,805,-99
402.602,00:04,805,-97
403.012,00:02,806,-77
403.062,00:03,806,-98
403.101,00:04,806,-97
403.51,00:02,807,-77
403.563,00:03,807,-98
403.605,00:04,807,-97
404.01,00:02,808,-77
404.062,00:03,808,-98
404.103,00:04,808,-97
404.51,00:02,809,-77
404.563,00:03,809,-98
404.605,00:04,809,-96
405.01,00:02,810,-77
405.063,00:03,810,-98
405.105,00:04,810,-96
405.509,00:02,811,-78
405.562,00:03,811,-98
405.602,00:04,811,-96
406.011,00:02,812,-78
406.064,00:03,812,-98
406.102,00:04,812,-96
406.51,00:02,813,-78
406.562,00:03,813,-98
406.602,00:04,813,-96
407.009,00:02,814,-78
407.062,00:03,814,-98
407.102,00:04,814,-96
407.51,00:02,815,-78
407.563,00:03,815,-97
407.603,00:04,815,-96
408.009,00:02,816,-79
408.064,00:03,816,-97
408.103,00:04,816,-96
408.509,00:02,817,-79
408.565,00:03,817,-97
408.602,00:04,817,-96
409.011,00:02,818,-79
409.064,00:03,818,-97
409.104,00:04,818,-96
409.509,00:02,819,-79
409.562,00:03,819,-97
409.602,00:04,819,-96
410.01,00:02,820,-79
410.063,00:03,820,-97
410.103,00:04,820,-96
410.51,00:02,821,-79
410.564,00:03,821,-97
410.603,00:04,821,-96
411.011,00:02,822,-80
411.062,00:03,822,-97
411.102,00:04,822,-96
411.51,00:02,823,-80
411.564,00:03,823,-96
411.602,00:04,823,-96
412.01,00:02,824,-80
412.064,00:03,824,-96
412.104,00:04,824,-96
412.512,00:02,825,-80
412.562,00:03,825,-96
412.602,00:04,825,-96
413.011,00:02,826,-80
413.064,00:03,826,-96
413.103,00:04,826,-96
413.51,00:02,827,-81
413.562,00:03,827,-96
413.604,00:04,827,-96
414.012,00:02,828,-81
414.061,00:03,828,-96
414.102,00:04,828,-96
414.511,00:02,829,-81
414.562,00:03,829,-96
414.602,00:04,829,-96
415.011,00:02,830,-81
415.063,00:03,830,-96
415.104,00:04,830,-96
415.511,00:02,831,-81
415.563,00:03,831,-95
415.605,00:04,831,-96
416.01,00:02,832,-81
416.063,00:03,832,-95
416.101,00:04,832,-96
416.511,00:02,833,-82
416.563,00:03,833,-95
416.604,00:04,833,-96
417.009,00:02,834,-82
417.062,00:03,834,-95
417.103,00:04,834,-96
417.511,00:02,835,-82
417.564,00:03,835,-95
417.605,00:04,835,-96
418.009,00:02,836,-82
418.062,00:03,836,-95
418.104,00:04,836,-96
418.51,00:02,837,-82
418.564,00:03,837,-95
418.603,00:04,837,-96
419.008,00:02,838,-83
419.063,00:03,838,-95
419.102,00:04,838,-96
419.511,00:02,839,-83
419.562,00:03,839,-94
419.604,00:04,839,-96
420.01,00:02,840,-83
420.062,00:03,840,-94
420.103,00:04,840,-96
420.509,00:02,841,-83
420.564,00:03,841,-94
420.605,00:04,841,-96
421.011,00:02,842,-83
421.062,00:03,842,-94
421.103,00:04,842,-96
421.51,00:02,843,-83
421.562,00:03,843,-94
421.604,00:04,843,-96
422.009,00:02,844,-84
422.063,00:03,844,-94
422.103,00:04,844,-95
422.51,00:02,845,-84
422.562,00:03,845,-94
422.602,00:04,845,-95
423.01,00:02,846,-88
423.064,00:03,846,-97
423.102,00:04,846,-99
423.511,00:02,847,-88
423.562,00:03,847,-97
423.602,00:04,847,-99
424.011,00:02,848,-88
424.062,00:03,848,-97
424.104,00:04,848,-99
424.51,00:02,849,-88
424.561,00:03,849,-97
424.601,00:04,849,-99
425.01,00:02,850,-89
425.062,00:03,850,-97
425.102,00:04,850,-99
425.511,00:02,851,-89
425.563,00:03,851,-97
425.604,00:04,851,-99
426.01,00:02,852,-89
426.063,00:03,852,-97
426.104,00:04,852,-99
426.512,00:02,853,-89
426.563,00:03,853,-96
426.604,00:04,853,-99
427.01,00:02,854,-89
427.065,00:03,854,-96
427.104,00:04,854,-99
427.511,00:02,855,-89
427.564,00:03,855,-96
427.603,00:04,855,-99
428.008,00:02,856,-89
428.064,00:03,856,-96
428.102,00:04,856,-99
428.51,00:02,857,-90
428.563,00:03,857,-96
428.603,00:04,857,-99
429.011,00:02,858,-90
429.063,00:03,858,-96
429.103,00:04,858,-99
429.51,00:02,859,-90
429.563,00:03,859,-96
429.603,00:04,859,-99
430.011,00:02,860,-90
430.063,00:03,860,-95
430.101,00:04,860,-99
430.51,00:02,861,-90
430.563,00:03,861,-95
430.605,00:04,861,-99
431.01,00:02,862,-90
431.062,00:03,862,-95
431.103,00:04,862,-99
431.511,00:02,863,-91
431.565,00:03,863,-95
431.603,00:04,863,-99
432.01,00:02,864,-91
432.063,00:03,864,-95
432.105,00:04,864,-99
432.512,00:02,865,-91
432.563,00:03,865,-95
432.602,00:04,865,-99
433.009,00:02,866,-91
433.064,00:03,866,-94
433.105,00:04,866,-99
433.51,00:02,867,-91
433.563,00:03,867,-94
433.603,00:04,867,-99
434.01,00:02,868,-91
434.061,00:03,868,-94
434.102,00:04,868,-99
434.509,00:02,869,-91
434.564,00:03,869,-94
434.604,00:04,869,-99
435.01,00:02,870,-88
435.062,00:03,870,-90
435.104,00:04,870,-95
435.511,00:02,871,-88
435.562,00:03,871,-90
435.604,00:04,871,-95
436.009,00:02,872,-88
436.061,00:03,872,-89
436.103,00:04,872,-95
436.509,00:02,873,-88
436.564,00:03,873,-89
436.604,00:04,873,-96
437.009,00:02,874,-88
437.064,00:03,874,-89
437.105,00:04,874,-96
437.511,00:02,875,-88
437.563,00:03,875,-89
437.603,00:04,875,-96
438.01,00:02,876,-88
438.062,00:03,876,-89
438.104,00:04,876,-96
438.511,00:02,877,-88
438.562,00:03,877,-89
438.602,00:04,877,-96
439.009,00:02,878,-89
439.064,00:03,878,-88
439.103,00:04,878,-96
439.512,00:02,879,-89
439.562,00:03,879,-88
439.604,00:04,879,-96
440.009,00:02,880,-89
440.063,00:03,880,-88
440.104,00:04,880,-96
440.51,00:02,881,-89
440.564,00:03,881,-88
440.603,00:04,881,-96
441.011,00:02,882,-89
441.064,00:03,882,-88
441.104,00:04,882,-96
441.511,00:02,883,-89
441.563,00:03,883,-88
441.603,00:04,883,-96
442.011,00:02,884,-89
442.063,00:03,884,-87
442.103,00:04,884,-96
442.509,00:02,885,-90
442.565,00:03,885,-87
442.603,00:04,885,-96
443.011,00:02,886,-90
443.062,00:03,886,-87
443.102,00:04,886,-96
443.511,00:02,887,-90
443.563,00:03,887,-87
443.604,00:04,887,-96
444.011,00:02,888,-90
444.065,00:03,888,-87
444.101,00:04,888,-96
444.51,00:02,889,-90
444.563,00:03,889,-86
444.603,00:04,889,-96
445.01,00:02,890,-90
445.063,00:03,890,-86
445.104,00:04,890,-96
445.512,00:02,891,-90
445.563,00:03,891,-86
445.603,00:04,891,-96
446.01,00:02,892,-90
446.064,00:03,892,-86
446.103,00:04,892,-96
446.511,00:02,893,-91
446.562,00:03,893,-86
446.603,00:04,893,-96
447.011,00:02,894,-91
447.064,00:03,894,-86
447.103,00:04,894,-96
447.512,00:02,895,-91
447.565,00:03,895,-85
447.602,00:04,895,-96
448.01,00:02,896,-91
448.064,00:03,896,-85
448.103,00:04,896,-96
448.51,00:02,897,-91
448.564,00:03,897,-85
448.603,00:04,897,-96
449.01,00:02,898,-91
449.063,00:03,898,-85
449.103,00:04,898,-96
449.51,00:02,899,-91
449.562,00:03,899,-85
449.604,00:04,899,-96
450.01,00:02,900,-91
450.065,00:03,900,-84
450.103,00:04,900,-96
450.511,00:02,901,-92
450.563,00:03,901,-84
450.603,00:04,901,-96
451.009,00:02,902,-92
451.064,00:03,902,-84
451.105,00:04,902,-96
451.509,00:02,903,-92
451.563,00:03,903,-84
451.604,00:04,903,-96
452.01,00:02,904,-92
452.063,00:03,904,-84
452.103,00:04,904,-96
452.511,00:02,905,-92
452.564,00:03,905,-83
452.603,00:04,905,-96
453.011,00:02,906,-92
453.065,00:03,906,-83
453.103,00:04,906,-96
453.511,00:02,907,-92
453.563,00:03,907,-83
453.605,00:04,907,-96
454.01,00:02,908,-92
454.065,00:03,908,-83
454.104,00:04,908,-97
454.508,00:02,909,-92
454.563,00:03,909,-83
454.604,00:04,909,-97
455.012,00:02,910,-93
455.064,00:03,910,-83
455.102,00:04,910,-97
455.51,00:02,911,-93
455.562,00:03,911,-82
455.603,00:04,911,-97
456.012,00:02,912,-93
456.063,00:03,912,-82
456.103,00:04,912,-97
456.508,00:02,913,-93
456.564,00:03,913,-82
456.604,00:04,913,-97
457.011,00:02,914,-97
457.063,00:03,914,-86
457.103,00:04,914,-101
457.511,00:02,915,-97
457.563,00:03,915,-86
457.603,00:04,915,-101
458.01,00:02,916,-97
458.065,00:03,916,-85
458.103,00:04,916,-101
458.511,00:02,917,-97
458.563,00:03,917,-85
458.602,00:04,917,-101
459.011,00:02,918,-97
459.064,00:03,918,-85
459.102,00:04,918,-101
459.51,00:02,919,-97
459.565,00:03,919,-85
459.604,00:04,919,-101
460.012,00:02,920,-98
460.064,00:03,920,-85
460.104,00:04,920,-101
460.51,00:02,921,-98
460.562,00:03,921,-85
460.605,00:04,921,-101
461.011,00:02,922,-94
461.063,00:03,922,-80
461.103,00:04,922,-97
461.511,00:02,923,-94
461.564,00:03,923,-80
461.603,00:04,923,-97
462.012,00:02,924,-94
462.062,00:03,924,-80
462.102,00:04,924,-97
462.511,00:02,925,-94
462.565,00:03,925,-80
462.604,00:04,925,-97
463.011,00:02,926,-94
463.063,00:03,926,-80
463.104,00:04,926,-97
463.512,00:02,927,-94
463.564,00:03,927,-80
463.604,00:04,927,-97
464.009,00:02,928,-94
464.065,00:03,928,-80
464.101,00:04,928,-98
464.51,00:02,929,-95
464.566,00:03,929,-79
464.603,00:04,929,-98
465.01,00:02,930,-95
465.065,00:03,930,-79
465.101,00:04,930,-98
465.51,00:02,931,-95
465.562,00:03,931,-79
465.604,00:04,931,-98
466.012,00:02,932,-95
466.064,00:03,932,-79
466.103,00:04,932,-98
466.51,00:02,933,-95
466.564,00:03,933,-79
466.603,00:04,933,-98
467.011,00:02,934,-95
467.064,00:03,934,-79
467.101,00:04,934,-98
467.512,00:02,935,-95
467.563,00:03,935,-79
467.604,00:04,935,-98
468.011,00:02,936,-95
468.063,00:03,936,-79
468.101,00:04,936,-98
468.511,00:02,937,-95
468.564,00:03,937,-79
468.601,00:04,937,-98
469.01,00:02,938,-95
469.062,00:03,938,-78
469.103,00:04,938,-98
469.511,00:02,939,-95
469.563,00:03,939,-78
469.602,00:04,939,-98
470.01,00:02,940,-96
470.065,00:03,940,-78
470.103,00:04,940,-98
470.511,00:02,941,-96
470.565,00:03,941,-78
470.601,00:04,941,-98
471.01,00:02,942,-96
471.064,00:03,942,-78
471.104,00:04,942,-98
471.511,00:02,943,-96
471.565,00:03,943,-78
471.605,00:04,943,-98
472.012,00:02,944,-96
472.065,00:03,944,-78
472.104,00:04,944,-98
472.51,00:02,945,-96
472.565,00:03,945,-78
472.603,00:04,945,-98
473.012,00:02,946,-96
473.063,00:03,946,-78
473.103,00:04,946,-99
473.51,00:02,947,-96
473.564,00:03,947,-78
473.602,00:04,947,-99
474.009,00:02,948,-96
474.064,00:03,948,-78
474.101,00:04,948,-99
474.51,00:02,949,-96
474.564,00:03,949,-78
474.603,00:04,949,-99
475.011,00:02,950,-96
475.062,00:03,950,-79
475.102,00:04,950,-98
475.511,00:02,951,-96
475.563,00:03,951,-79
475.603,00:04,951,-98
476.011,00:02,952,-96
476.064,00:03,952,-80
476.103,00:04,952,-98
476.511,00:02,953,-96
476.562,00:03,953,-80
476.601,00:04,953,-98
477.01,00:02,954,-96
477.062,00:03,954,-80
477.103,00:04,954,-98
477.512,00:02,955,-96
477.565,00:03,955,-81
477.604,00:04,955,-98
478.011,00:02,956,-97
478.063,00:03,956,-81
478.102,00:04,956,-98
478.51,00:02,957,-97
478.565,00:03,957,-81
478.602,00:04,957,-98
479.01,00:02,958,-97
479.063,00:03,958,-81
479.101,00:04,958,-98
479.511,00:02,959,-97
479.565,00:03,959,-81
479.603,00:04,959,-98
480.012,00:02,960,-97
480.065,00:03,960,-81
480.103,00:04,960,-98
480.512,00:02,961,-96
480.564,00:03,961,-81
480.601,00:04,961,-98
481.01,00:02,962,-96
481.065,00:03,962,-81
481.103,00:04,962,-98
481.51,00:02,963,-96
481.565,00:03,963,-81
481.603,00:04,963,-98
482.01,00:02,964,-96
482.063,00:03,964,-82
482.104,00:04,964,-97
482.512,00:02,965,-96
482.565,00:03,965,-82
482.605,00:04,965,-97
483.01,00:02,966,-96
483.063,00:03,966,-82
483.101,00:04,966,-97
483.511,00:02,967,-96
483.565,00:03,967,-82
483.604,00:04,967,-97
484.009,00:02,968,-96
484.064,00:03,968,-82
484.101,00:04,968,-97
484.51,00:02,969,-96
484.563,00:03,969,-82
484.603,00:04,969,-97
485.01,00:02,970,-96
485.063,00:03,970,-82
485.102,00:04,970,-97
485.509,00:02,971,-96
485.564,00:03,971,-82
485.604,00:04,971,-97
486.01,00:02,972,-95
486.065,00:03,972,-82
486.103,00:04,972,-97
486.511,00:02,973,-95
486.565,00:03,973,-82
486.601,00:04,973,-97
487.009,00:02,974,-95
487.064,00:03,974,-82
487.103,00:04,974,-97
487.511,00:02,975,-95
487.565,00:03,975,-82
487.604,00:04,975,-97
488.01,00:02,976,-95
488.064,00:03,976,-82
488.102,00:04,976,-97
488.511,00:02,977,-95
488.563,00:03,977,-82
488.602,00:04,977,-97
489.01,00:02,978,-95
489.064,00:03,978,-82
489.103,00:04,978,-97
489.509,00:02,979,-95
489.563,00:03,979,-82
489.602,00:04,979,-97
490.01,00:02,980,-95
490.066,00:03,980,-83
490.103,00:04,980,-96
490.51,00:02,981,-95
490.566,00:03,981,-83
490.602,00:04,981,-96
491.011,00:02,982,-95
491.063,00:03,982,-83
491.103,00:04,982,-96
491.512,00:02,983,-94
491.566,00:03,983,-83
491.603,00:04,983,-96
492.011,00:02,984,-94
492.064,00:03,984,-83
492.102,00:04,984,-96
492.511,00:02,985,-94
492.565,00:03,985,-83
492.603,00:04,985,-96
493.011,00:02,986,-98
493.064,00:03,986,-87
493.103,00:04,986,-100
493.511,00:02,987,-98
493.565,00:03,987,-87
493.601,00:04,987,-100
494.011,00:02,988,-98
494.065,00:03,988,-87
494.102,00:04,988,-100
494.51,00:02,989,-98
494.565,00:03,989,-88
494.603,00:04,989,-100
495.01,00:02,990,-98
495.063,00:03,990,-88
495.103,00:04,990,-100
495.509,00:02,991,-98
495.564,00:03,991,-88
495.601,00:04,991,-100
496.01,00:02,992,-98
496.065,00:03,992,-88
496.103,00:04,992,-100
496.51,00:02,993,-97
496.564,00:03,993,-88
496.602,00:04,993,-100
497.01,00:02,994,-93
497.064,00:03,994,-84
497.103,00:04,994,-96
497.512,00:02,995,-93
497.566,00:03,995,-84
497.603,00:04,995,-96
498.011,00:02,996,-93
498.066,00:03,996,-84
498.104,00:04,996,-96
498.51,00:02,997,-93
498.565,00:03,997,-85
498.603,00:04,997,-96
499.011,00:02,998,-93
499.063,00:03,998,-85
499.101,00:04,998,-95
499.513,00:02,999,-93
499.565,00:03,999,-85
499.602,00:04,999,-95
500.01,00:02,1000,-93
500.065,00:03,1000,-85
500.102,00:04,1000,-95
500.51,00:02,1001,-93
500.564,00:03,1001,-85
500.602,00:04,1001,-95
501.01,00:02,1002,-92
501.064,00:03,1002,-85
501.101,00:04,1002,-95
501.509,00:02,1003,-92
501.564,00:03,1003,-85
501.603,00:04,1003,-95
502.01,00:02,1004,-92
502.064,00:03,1004,-86
502.103,00:04,1004,-95
502.512,00:02,1005,-92
502.564,00:03,1005,-86
502.603,00:04,1005,-95
503.011,00:02,1006,-92
503.065,00:03,1006,-86
503.102,00:04,1006,-95
503.511,00:02,1007,-92
503.565,00:03,1007,-86
503.601,00:04,1007,-95
504.012,00:02,1008,-92
504.063,00:03,1008,-86
504.103,00:04,1008,-95
504.511,00:02,1009,-92
504.564,00:03,1009,-86
504.603,00:04,1009,-95
505.011,00:02,1010,-92
505.065,00:03,1010,-87
505.103,00:04,1010,-95
505.511,00:02,1011,-91
505.564,00:03,1011,-87
505.603,00:04,1011,-95
506.011,00:02,1012,-91
506.065,00:03,1012,-87
506.102,00:04,1012,-95
506.51,00:02,1013,-91
506.564,00:03,1013,-87
506.602,00:04,1013,-95
507.011,00:02,1014,-91
507.064,00:03,1014,-87
507.103,00:04,1014,-95
507.509,00:02,1015,-91
507.563,00:03,1015,-87
507.602,00:04,1015,-95
508.011,00:02,1016,-91
508.065,00:03,1016,-87
508.104,00:04,1016,-95
508.51,00:02,1017,-91
508.565,00:03,1017,-88
508.601,00:04,1017,-95
509.012,00:02,1018,-91
509.064,00:03,1018,-88
509.102,00:04,1018,-95
509.511,00:02,1019,-91
509.565,00:03,1019,-88
509.603,00:04,1019,-95
510.011,00:02,1020,-90
510.064,00:03,1020,-88
510.101,00:04,1020,-95
510.511,00:02,1021,-90
510.563,00:03,1021,-88
510.603,00:04,1021,-95
511.01,00:02,1022,-90
511.065,00:03,1022,-88
511.101,00:04,1022,-94
511.512,00:02,1023,-90
511.563,00:03,1023,-89
511.603,00:04,1023,-94
512.01,00:02,1024,-90
512.065,00:03,1024,-89
512.104,00:04,1024,-94
512.511,00:02,1025,-90
512.565,00:03,1025,-89
512.602,00:04,1025,-94
513.01,00:02,1026,-90
513.064,00:03,1026,-89
513.102,00:04,1026,-94
513.51,00:02,1027,-90
513.565,00:03,1027,-89
513.602,00:04,1027,-94
514.011,00:02,1028,-89
514.065,00:03,1028,-89
514.102,00:04,1028,-94
514.511,00:02,1029,-89
514.565,00:03,1029,-89
514.602,00:04,1029,-94
515.009,00:02,1030,-89
515.064,00:03,1030,-90
515.103,00:04,1030,-94
515.509,00:02,1031,-89
515.566,00:03,1031,-90
515.603,00:04,1031,-94
516.011,00:02,1032,-89
516.064,00:03,1032,-90
516.102,00:04,1032,-94
516.512,00:02,1033,-89
516.564,00:03,1033,-90
516.601,00:04,1033,-94
517.01,00:02,1034,-89
517.066,00:03,1034,-90
517.101,00:04,1034,-94
517.51,00:02,1035,-89
517.565,00:03,1035,-90
517.603,00:04,1035,-94
518.01,00:02,1036,-88
518.064,00:03,1036,-91
518.102,00:04,1036,-94
518.51,00:02,1037,-88
518.566,00:03,1037,-91
518.601,00:04,1037,-94
519.013,00:02,1038,-92
519.065,00:03,1038,-95
519.104,00:04,1038,-98
519.511,00:02,1039,-92
519.563,00:03,1039,-95
519.602,00:04,1039,-98
520.01,00:02,1040,-92
520.063,00:03,1040,-95
520.103,00:04,1040,-98
520.512,00:02,1041,-92
520.567,00:03,1041,-95
520.601,00:04,1041,-98
521.011,00:02,1042,-92
521.065,00:03,1042,-95
521.104,00:04,1042,-98
521.511,00:02,1043,-92
521.564,00:03,1043,-96
521.603,00:04,1043,-98
522.011,00:02,1044,-91
522.065,00:03,1044,-96
522.103,00:04,1044,-98
522.512,00:02,1045,-91
522.564,00:03,1045,-96
522.602,00:04,1045,-98
523.012,00:02,1046,-91
523.067,00:03,1046,-96
523.103,00:04,1046,-98
523.509,00:02,1047,-91
523.565,00:03,1047,-96
523.603,00:04,1047,-98
524.011,00:02,1048,-91
524.065,00:03,1048,-96
524.104,00:04,1048,-98
524.511,00:02,1049,-91
524.565,00:03,1049,-96
524.6,00:04,1049,-98
525.01,00:02,1050,-91
525.065,00:03,1050,-97
525.103,00:04,1050,-98
525.509,00:02,1051,-90
525.563,00:03,1051,-97
525.602,00:04,1051,-98
526.012,00:02,1052,-90
526.065,00:03,1052,-97
526.102,00:04,1052,-98
526.511,00:02,1053,-90
526.566,00:03,1053,-97
526.603,00:04,1053,-98
527.011,00:02,1054,-90
527.064,00:03,1054,-97
527.103,00:04,1054,-98
527.512,00:02,1055,-90
527.563,00:03,1055,-97
527.604,00:04,1055,-98
528.012,00:02,1056,-90
528.065,00:03,1056,-97
528.101,00:04,1056,-98
528.509,00:02,1057,-90
528.565,00:03,1057,-97
528.601,00:04,1057,-98
529.01,00:02,1058,-89
529.063,00:03,1058,-98
529.101,00:04,1058,-98
529.511,00:02,1059,-89
529.567,00:03,1059,-98
529.604,00:04,1059,-98
530.011,00:02,1060,-89
530.064,00:03,1060,-98
530.101,00:04,1060,-98
530.51,00:02,1061,-89
530.565,00:03,1061,-98
530.604,00:04,1061,-98
531.012,00:02,1062,-85
531.064,00:03,1062,-94
531.103,00:04,1062,-94
531.512,00:02,1063,-85
531.566,00:03,1063,-94
531.603,00:04,1063,-94
532.011,00:02,1064,-85
532.064,00:03,1064,-94
532.104,00:04,1064,-94
532.51,00:02,1065,-84
532.566,00:03,1065,-95
532.603,00:04,1065,-94
533.011,00:02,1066,-84
533.065,00:03,1066,-95
533.101,00:04,1066,-94
533.511,00:02,1067,-84
533.565,00:03,1067,-95
533.601,00:04,1067,-94
534.011,00:02,1068,-84
534.063,00:03,1068,-95
534.101,00:04,1068,-94
534.511,00:02,1069,-84
534.565,00:03,1069,-95
534.601,00:04,1069,-94
535.01,00:02,1070,-84
535.065,00:03,1070,-95
535.102,00:04,1070,-94
535.511,00:02,1071,-84
535.564,00:03,1071,-95
535.603,00:04,1071,-94
536.012,00:02,1072,-83
536.065,00:03,1072,-95
536.103,00:04,1072,-94
536.511,00:02,1073,-83
536.565,00:03,1073,-96
536.603,00:04,1073,-94
537.011,00:02,1074,-83
537.065,00:03,1074,-96
537.104,00:04,1074,-94
537.512,00:02,1075,-83
537.565,00:03,1075,-96
537.602,00:04,1075,-94
538.009,00:02,1076,-83
538.063,00:03,1076,-96
538.101,00:04,1076,-94
538.512,00:02,1077,-83
538.566,00:03,1077,-96
538.602,00:04,1077,-94
539.01,00:02,1078,-82
539.066,00:03,1078,-96
539.101,00:04,1078,-94
539.51,00:02,1079,-82
539.565,00:03,1079,-96
539.602,00:04,1079,-95
540.01,00:02,1080,-82
540.067,00:03,1080,-96
540.104,00:04,1080,-95
540.511,00:02,1081,-82
540.564,00:03,1081,-96
540.601,00:04,1081,-95
541.009,00:02,1082,-82
541.066,00:03,1082,-97
541.102,00:04,1082,-95
541.511,00:02,1083,-82
541.565,00:03,1083,-97
541.601,00:04,1083,-95
542.01,00:02,1084,-82
542.065,00:03,1084,-97
542.103,00:04,1084,-95
542.511,00:02,1085,-81
542.565,00:03,1085,-97
542.603,00:04,1085,-95
543.011,00:02,1086,-81
543.064,00:03,1086,-97
543.102,00:04,1086,-95
543.51,00:02,1087,-81
543.565,00:03,1087,-97
543.603,00:04,1087,-95
544.01,00:02,1088,-81
544.063,00:03,1088,-97
544.102,00:04,1088,-95
544.512,00:02,1089,-81
544.566,00:03,1089,-97
544.603,00:04,1089,-95
545.012,00:02,1090,-81
545.065,00:03,1090,-98
545.102,00:04,1090,-95
545.511,00:02,1091,-80
545.564,00:03,1091,-98
545.601,00:04,1091,-95
546.012,00:02,1092,-80
546.064,00:03,1092,-98
546.102,00:04,1092,-95
546.511,00:02,1093,-80
546.566,00:03,1093,-98
546.6,00:04,1093,-95
547.012,00:02,1094,-80
547.067,00:03,1094,-98
547.103,00:04,1094,-95
547.511,00:02,1095,-80
547.564,00:03,1095,-98
547.601,00:04,1095,-95
548.013,00:02,1096,-80
548.065,00:03,1096,-98
548.103,00:04,1096,-95
548.51,00:02,1097,-80
548.564,00:03,1097,-98
548.601,00:04,1097,-95
549.011,00:02,1098,-79
549.064,00:03,1098,-98
549.102,00:04,1098,-95
549.513,00:02,1099,-79
549.566,00:03,1099,-99
549.604,00:04,1099,-95
550.011,00:02,1100,-79
550.065,00:03,1100,-99
550.103,00:04,1100,-95
550.509,00:02,1101,-79
550.564,00:03,1101,-99
550.603,00:04,1101,-95
551.012,00:02,1102,-79
551.066,00:03,1102,-99
551.101,00:04,1102,-95
551.513,00:02,1103,-79
551.564,00:03,1103,-99
551.601,00:04,1103,-96
552.011,00:02,1104,-79
552.067,00:03,1104,-99
552.101,00:04,1104,-96
552.511,00:02,1105,-78
552.567,00:03,1105,-99
552.601,00:04,1105,-96
553.01,00:02,1106,-82
553.065,00:03,1106,-103
553.102,00:04,1106,-100
553.512,00:02,1107,-82
553.567,00:03,1107,-103
553.602,00:04,1107,-100
554.01,00:02,1108,-82
554.065,00:03,1108,-103
554.101,00:04,1108,-100
554.512,00:02,1109,-82
554.565,00:03,1109,-104
554.601,00:04,1109,-100
555.01,00:02,1110,-82
555.067,00:03,1110,-104
555.104,00:04,1110,-100
555.512,00:02,1111,-82
555.565,00:03,1111,-104
555.603,00:04,1111,-100
556.01,00:02,1112,-81
556.066,00:03,1112,-104
556.102,00:04,1112,-100
556.511,00:02,1113,-81
556.564,00:03,1113,-104
556.603,00:04,1113,-100
557.01,00:02,1114,-77
557.066,00:03,1114,-100
557.102,00:04,1114,-96
557.512,00:02,1115,-77
557.566,00:03,1115,-100
557.602,00:04,1115,-96
558.012,00:02,1116,-77
558.066,00:03,1116,-100
558.101,00:04,1116,-96
558.509,00:02,1117,-77
558.566,00:03,1117,-100
558.603,00:04,1117,-96
559.011,00:02,1118,-77
559.064,00:03,1118,-100
559.101,00:04,1118,-96
559.511,00:02,1119,-77
559.564,00:03,1119,-101
559.602,00:04,1119,-96
560.011,00:02,1120,-77
560.065,00:03,1120,-101
560.103,00:04,1120,-96
560.511,00:02,1121,-76
560.566,00:03,1121,-101
560.603,00:04,1121,-97
561.012,00:02,1122,-76
561.067,00:03,1122,-101
561.1,00:04,1122,-97
561.511,00:02,1123,-76
561.564,00:03,1123,-101
561.602,00:04,1123,-97
562.011,00:02,1124,-76
562.066,00:03,1124,-101
562.103,00:04,1124,-97
562.51,00:02,1125,-76
562.567,00:03,1125,-101
562.602,00:04,1125,-97
563.01,00:02,1126,-76
563.065,00:03,1126,-101
563.101,00:04,1126,-97
563.512,00:02,1127,-76
563.564,00:03,1127,-101
563.602,00:04,1127,-97
564.009,00:02,1128,-76
564.066,00:03,1128,-101
564.103,00:04,1128,-97
564.513,00:02,1129,-76
564.566,00:03,1129,-102
564.602,00:04,1129,-97
565.012,00:02,1130,-76
565.066,00:03,1130,-102
565.103,00:04,1130,-97
565.512,00:02,1131,-76
565.565,00:03,1131,-102
565.601,00:04,1131,-97
566.011,00:02,1132,-76
566.066,00:03,1132,-102
566.103,00:04,1132,-97
566.511,00:02,1133,-76
566.566,00:03,1133,-102
566.603,00:04,1133,-97
567.011,00:02,1134,-76
567.066,00:03,1134,-102
567.102,00:04,1134,-97
567.511,00:02,1135,-76
567.565,00:03,1135,-102
567.602,00:04,1135,-97
568.01,00:02,1136,-76
568.065,00:03,1136,-102
568.102,00:04,1136,-97
568.512,00:02,1137,-76
568.567,00:03,1137,-102
568.602,00:04,1137,-98
569.011,00:02,1138,-76
569.066,00:03,1138,-102
569.103,00:04,1138,-98
569.511,00:02,1139,-76
569.566,00:03,1139,-102
569.601,00:04,1139,-98
570.01,00:02,1140,-76
570.066,00:03,1140,-102
570.101,00:04,1140,-98
570.511,00:02,1141,-76
570.566,00:03,1141,-103
570.602,00:04,1141,-98
571.012,00:02,1142,-76
571.066,00:03,1142,-103
571.102,00:04,1142,-98
571.511,00:02,1143,-76
571.565,00:03,1143,-103
571.603,00:04,1143,-97
572.012,00:02,1144,-77
572.066,00:03,1144,-103
572.103,00:04,1144,-97
572.512,00:02,1145,-77
572.565,00:03,1145,-103
572.603,00:04,1145,-97
573.011,00:02,1146,-77
573.066,00:03,1146,-103
573.102,00:04,1146,-97
573.511,00:02,1147,-78
573.566,00:03,1147,-103
573.6,00:04,1147,-97
574.012,00:02,1148,-78
574.066,00:03,1148,-103
574.102,00:04,1148,-97
574.51,00:02,1149,-78
574.567,00:03,1149,-103
574.603,00:04,1149,-97
575.012,00:02,1150,-78
575.066,00:03,1150,-103
575.103,00:04,1150,-97
575.511,00:02,1151,-78
575.566,00:03,1151,-103
575.602,00:04,1151,-97
576.013,00:02,1152,-78
576.065,00:03,1152,-103
576.101,00:04,1152,-97
576.51,00:02,1153,-78
576.566,00:03,1153,-103
576.601,00:04,1153,-97
577.012,00:02,1154,-78
577.067,00:03,1154,-103
577.101,00:04,1154,-97
577.509,00:02,1155,-78
577.566,00:03,1155,-103
577.601,00:04,1155,-97
578.011,00:02,1156,-78
578.064,00:03,1156,-102
578.102,00:04,1156,-96
578.51,00:02,1157,-78
578.566,00:03,1157,-102
578.601,00:04,1157,-96
579.01,00:02,1158,-78
579.065,00:03,1158,-102
579.104,00:04,1158,-96
579.51,00:02,1159,-78
579.565,00:03,1159,-102
579.602,00:04,1159,-96
580.009,00:02,1160,-79
580.066,00:03,1160,-102
580.103,00:04,1160,-96
580.512,00:02,1161,-79
580.565,00:03,1161,-102
580.602,00:04,1161,-96
581.011,00:02,1162,-79
581.066,00:03,1162,-102
581.102,00:04,1162,-96
581.51,00:02,1163,-79
581.567,00:03,1163,-102
581.6,00:04,1163,-96
582.012,00:02,1164,-79
582.067,00:03,1164,-102
582.103,00:04,1164,-96
582.511,00:02,1165,-79
582.566,00:03,1165,-102
582.601,00:04,1165,-96
583.012,00:02,1166,-79
583.064,00:03,1166,-102
583.102,00:04,1166,-96
583.512,00:02,1167,-79
583.566,00:03,1167,-101
583.601,00:04,1167,-96
584.011,00:02,1168,-79
584.064,00:03,1168,-101
584.103,00:04,1168,-96
584.51,00:02,1169,-79
584.565,00:03,1169,-101
584.601,00:04,1169,-96
585.01,00:02,1170,-79
585.065,00:03,1170,-101
585.103,00:04,1170,-95
585.511,00:02,1171,-79
585.567,00:03,1171,-101
585.601,00:04,1171,-95
586.013,00:02,1172,-79
586.065,00:03,1172,-101
586.102,00:04,1172,-95
586.51,00:02,1173,-79
586.566,00:03,1173,-101
586.601,00:04,1173,-95
587.011,00:02,1174,-79
587.066,00:03,1174,-101
587.101,00:04,1174,-95
587.513,00:02,1175,-79
587.566,00:03,1175,-101
587.602,00:04,1175,-95
588.012,00:02,1176,-79
588.065,00:03,1176,-101
588.102,00:04,1176,-95
588.512,00:02,1177,-80
588.565,00:03,1177,-101
588.603,00:04,1177,-95
589.012,00:02,1178,-84
589.066,00:03,1178,-104
589.102,00:04,1178,-99
589.512,00:02,1179,-84
589.567,00:03,1179,-104
589.602,00:04,1179,-99
590.01,00:02,1180,-84
590.064,00:03,1180,-104
590.102,00:04,1180,-99
590.509,00:02,1181,-84
590.568,00:03,1181,-104
590.6,00:04,1181,-99
591.01,00:02,1182,-84
591.065,00:03,1182,-104
591.103,00:04,1182,-99
591.51,00:02,1183,-84
591.567,00:03,1183,-104
591.6,00:04,1183,-99
592.012,00:02,1184,-84
592.065,00:03,1184,-104
592.101,00:04,1184,-99
592.511,00:02,1185,-84
592.567,00:03,1185,-104
592.602,00:04,1185,-99
593.012,00:02,1186,-80
593.067,00:03,1186,-100
593.101,00:04,1186,-94
593.511,00:02,1187,-81
593.566,00:03,1187,-100
593.602,00:04,1187,-94
594.013,00:02,1188,-81
594.066,00:03,1188,-99
594.101,00:04,1188,-94
594.51,00:02,1189,-81
594.566,00:03,1189,-99
594.601,00:04,1189,-94
595.011,00:02,1190,-81
595.067,00:03,1190,-99
595.102,00:04,1190,-94
595.512,00:02,1191,-81
595.565,00:03,1191,-99
595.603,00:04,1191,-94
596.011,00:02,1192,-81
596.068,00:03,1192,-99
596.101,00:04,1192,-94
596.511,00:02,1193,-81
596.565,00:03,1193,-99
596.603,00:04,1193,-94
597.013,00:02,1194,-81
597.066,00:03,1194,-99
597.101,00:04,1194,-94
597.512,00:02,1195,-81
597.566,00:03,1195,-99
597.6,00:04,1195,-94
598.011,00:02,1196,-82
598.066,00:03,1196,-99
598.103,00:04,1196,-94
598.511,00:02,1197,-82
598.568,00:03,1197,-99
598.602,00:04,1197,-94
599.013,00:02,1198,-82
599.067,00:03,1198,-98
599.101,00:04,1198,-94
599.51,00:02,1199,-82
599.565,00:03,1199,-98
599.601,00:04,1199,-94
600.012,00:02,1200,-82
600.064,00:03,1200,-98
600.101,00:04,1200,-94
600.512,00:02,1201,-82
600.567,00:03,1201,-98
600.602,00:04,1201,-94
601.01,00:02,1202,-82
601.066,00:03,1202,-98
601.103,00:04,1202,-94
601.512,00:02,1203,-82
601.567,00:03,1203,-98
601.601,00:04,1203,-94
602.012,00:02,1204,-83
602.066,00:03,1204,-98
602.103,00:04,1204,-94
602.511,00:02,1205,-83
602.568,00:03,1205,-98
602.6,00:04,1205,-93
603.013,00:02,1206,-83
603.067,00:03,1206,-98
603.102,00:04,1206,-93
603.511,00:02,1207,-83
603.568,00:03,1207,-97
603.601,00:04,1207,-93
604.011,00:02,1208,-83
604.065,00:03,1208,-97
604.1,00:04,1208,-93
604.511,00:02,1209,-83
604.567,00:03,1209,-97
604.602,00:04,1209,-93
605.011,00:02,1210,-83
605.066,00:03,1210,-97
605.102,00:04,1210,-93
605.511,00:02,1211,-83
605.566,00:03,1211,-97
605.6,00:04,1211,-93
606.012,00:02,1212,-84
606.067,00:03,1212,-97
606.1,00:04,1212,-93
606.512,00:02,1213,-84
606.567,00:03,1213,-97
606.601,00:04,1213,-93
607.012,00:02,1214,-84
607.066,00:03,1214,-97
607.101,00:04,1214,-93
607.511,00:02,1215,-84
607.567,00:03,1215,-97
607.6,00:04,1215,-93
608.012,00:02,1216,-84
608.066,00:03,1216,-96
608.102,00:04,1216,-93
608.511,00:02,1217,-84
608.565,00:03,1217,-96
608.602,00:04,1217,-93
609.013,00:02,1218,-84
609.065,00:03,1218,-96
609.101,00:04,1218,-93
609.51,00:02,1219,-85
609.567,00:03,1219,-96
609.602,00:04,1219,-93
610.011,00:02,1220,-85
610.065,00:03,1220,-96
610.101,00:04,1220,-93
610.511,00:02,1221,-85
610.567,00:03,1221,-96
610.602,00:04,1221,-93
611.011,00:02,1222,-85
611.065,00:03,1222,-96
611.101,00:04,1222,-93
611.51,00:02,1223,-85
611.566,00:03,1223,-96
611.603,00:04,1223,-93
612.011,00:02,1224,-85
612.066,00:03,1224,-96
612.101,00:04,1224,-93
612.511,00:02,1225,-85
612.567,00:03,1225,-95
612.6,00:04,1225,-93
613.011,00:02,1226,-85
613.067,00:03,1226,-95
613.102,00:04,1226,-93
613.51,00:02,1227,-86
613.567,00:03,1227,-95
613.601,00:04,1227,-93
614.013,00:02,1228,-86
614.068,00:03,1228,-95
614.101,00:04,1228,-93
614.512,00:02,1229,-86
614.566,00:03,1229,-95
614.601,00:04,1229,-93
615.01,00:02,1230,-86
615.066,00:03,1230,-95
615.103,00:04,1230,-93
615.512,00:02,1231,-86
615.567,00:03,1231,-95
615.6,00:04,1231,-93
616.01,00:02,1232,-86
616.065,00:03,1232,-95
616.101,00:04,1232,-93
616.512,00:02,1233,-86
616.567,00:03,1233,-94
616.601,00:04,1233,-93
617.013,00:02,1234,-86
617.068,00:03,1234,-94
617.102,00:04,1234,-93
617.509,00:02,1235,-87
617.567,00:03,1235,-94
617.602,00:04,1235,-93
618.011,00:02,1236,-87
618.066,00:03,1236,-94
618.101,00:04,1236,-93
618.511,00:02,1237,-87
618.565,00:03,1237,-94
618.602,00:04,1237,-93
619.012,00:02,1238,-87
619.068,00:03,1238,-94
619.102,00:04,1238,-93
619.511,00:02,1239,-87
619.566,00:03,1239,-94
619.601,00:04,1239,-93
620.012,00:02,1240,-87
620.067,00:03,1240,-94
620.099,00:04,1240,-93
620.512,00:02,1241,-87
620.566,00:03,1241,-94
620.602,00:04,1241,-93
621.011,00:02,1242,-87
621.068,00:03,1242,-93
621.1,00:04,1242,-93
621.512,00:02,1243,-88
621.567,00:03,1243,-93
621.602,00:04,1243,-93
622.012,00:02,1244,-88
622.066,00:03,1244,-93
622.101,00:04,1244,-93
622.512,00:02,1245,-88
622.567,00:03,1245,-93
622.601,00:04,1245,-93
623.009,00:02,1246,-88
623.067,00:03,1246,-93
623.103,00:04,1246,-93
623.512,00:02,1247,-88
623.568,00:03,1247,-93
623.601,00:04,1247,-93
624.011,00:02,1248,-88
624.067,00:03,1248,-93
624.1,00:04,1248,-93
624.512,00:02,1249,-88
624.567,00:03,1249,-92
624.602,00:04,1249,-93
625.012,00:02,1250,-88
625.068,00:03,1250,-92
625.1,00:04,1250,-93
625.512,00:02,1251,-89
625.567,00:03,1251,-92
625.603,00:04,1251,-93
626.01,00:02,1252,-89
626.065,00:03,1252,-92
626.1,00:04,1252,-93
626.512,00:02,1253,-89
626.566,00:03,1253,-92
626.601,00:04,1253,-93
627.01,00:02,1254,-89
627.067,00:03,1254,-92
627.101,00:04,1254,-93
627.512,00:02,1255,-89
627.567,00:03,1255,-92
627.603,00:04,1255,-93
628.012,00:02,1256,-89
628.066,00:03,1256,-92
628.1,00:04,1256,-93
628.511,00:02,1257,-89
628.566,00:03,1257,-91
628.6,00:04,1257,-93
629.011,00:02,1258,-89
629.066,00:03,1258,-91
629.103,00:04,1258,-93
629.51,00:02,1259,-90
629.567,00:03,1259,-91
629.603,00:04,1259,-93
630.01,00:02,1260,-90
630.065,00:03,1260,-91
630.101,00:04,1260,-93
630.512,00:02,1261,-90
630.568,00:03,1261,-91
630.602,00:04,1261,-93
631.012,00:02,1262,-90
631.067,00:03,1262,-91
631.102,00:04,1262,-93
631.511,00:02,1263,-90
631.567,00:03,1263,-91
631.601,00:04,1263,-93
632.011,00:02,1264,-90
632.068,00:03,1264,-91
632.103,00:04,1264,-93
632.511,00:02,1265,-90
632.566,00:03,1265,-90
632.602,00:04,1265,-93
633.012,00:02,1266,-90
633.066,00:03,1266,-90
633.103,00:04,1266,-93
633.512,00:02,1267,-90
633.568,00:03,1267,-90
633.602,00:04,1267,-93
634.011,00:02,1268,-91
634.067,00:03,1268,-90
634.103,00:04,1268,-93
634.511,00:02,1269,-91
634.566,00:03,1269,-90
634.601,00:04,1269,-93
635.011,00:02,1270,-91
635.067,00:03,1270,-90
635.101,00:04,1270,-93
635.512,00:02,1271,-91
635.567,00:03,1271,-90
635.601,00:04,1271,-93
636.012,00:02,1272,-91
636.066,00:03,1272,-89
636.102,00:04,1272,-93
636.512,00:02,1273,-91
636.567,00:03,1273,-89
636.602,00:04,1273,-93
637.011,00:02,1274,-91
637.068,00:03,1274,-89
637.102,00:04,1274,-93
637.51,00:02,1275,-91
637.568,00:03,1275,-89
637.6,00:04,1275,-93
638.012,00:02,1276,-91
638.065,00:03,1276,-89
638.101,00:04,1276,-93
638.512,00:02,1277,-92
638.567,00:03,1277,-89
638.6,00:04,1277,-93
639.01,00:02,1278,-92
639.066,00:03,1278,-89
639.102,00:04,1278,-93
639.513,00:02,1279,-92
639.568,00:03,1279,-89
639.601,00:04,1279,-93
640.011,00:02,1280,-92
640.067,00:03,1280,-88
640.101,00:04,1280,-94
640.513,00:02,1281,-92
640.567,00:03,1281,-88
640.602,00:04,1281,-94
641.011,00:02,1282,-92
641.067,00:03,1282,-88
641.101,00:04,1282,-94
641.511,00:02,1283,-92
641.567,00:03,1283,-88
641.601,00:04,1283,-94
642.01,00:02,1284,-92
642.067,00:03,1284,-88
642.101,00:04,1284,-94
642.51,00:02,1285,-92
642.567,00:03,1285,-88
642.6,00:04,1285,-94
643.012,00:02,1286,-93
643.065,00:03,1286,-88
643.102,00:04,1286,-94
643.512,00:02,1287,-93
643.568,00:03,1287,-88
643.6,00:04,1287,-94
644.011,00:02,1288,-93
644.066,00:03,1288,-87
644.101,00:04,1288,-94
644.511,00:02,1289,-93
644.566,00:03,1289,-87
644.6,00:04,1289,-94
645.012,00:02,1290,-93
645.067,00:03,1290,-87
645.101,00:04,1290,-94
645.51,00:02,1291,-93
645.567,00:03,1291,-87
645.602,00:04,1291,-94
646.012,00:02,1292,-93
646.066,00:03,1292,-87
646.101,00:04,1292,-94
646.513,00:02,1293,-93
646.566,00:03,1293,-87
646.602,00:04,1293,-94
647.011,00:02,1294,-93
647.067,00:03,1294,-87
647.101,00:04,1294,-94
647.512,00:02,1295,-93
647.566,00:03,1295,-87
647.6,00:04,1295,-94
648.013,00:02,1296,-94
648.068,00:03,1296,-87
648.1,00:04,1296,-94
648.51,00:02,1297,-94
648.568,00:03,1297,-86
648.6,00:04,1297,-94
649.011,00:02,1298,-98
649.066,00:03,1298,-90
649.1,00:04,1298,-98
649.512,00:02,1299,-98
649.567,00:03,1299,-90
649.602,00:04,1299,-99
650.011,00:02,1300,-98
650.068,00:03,1300,-90
650.101,00:04,1300,-99
650.51,00:02,1301,-98
650.566,00:03,1301,-90
650.601,00:04,1301,-99
651.013,00:02,1302,-98
651.069,00:03,1302,-90
651.102,00:04,1302,-99
651.511,00:02,1303,-98
651.566,00:03,1303,-90
651.601,00:04,1303,-99
652.012,00:02,1304,-98
652.066,00:03,1304,-90
652.102,00:04,1304,-99
652.513,00:02,1305,-98
652.569,00:03,1305,-90
652.602,00:04,1305,-99
653.011,00:02,1306,-95
653.067,00:03,1306,-86
653.102,00:04,1306,-95
653.513,00:02,1307,-95
653.567,00:03,1307,-85
653.602,00:04,1307,-95
654.011,00:02,1308,-95
654.067,00:03,1308,-85
654.1,00:04,1308,-95
654.512,00:02,1309,-95
654.567,00:03,1309,-85
654.602,00:04,1309,-95
655.013,00:02,1310,-95
655.066,00:03,1310,-85
655.101,00:04,1310,-95
655.512,00:02,1311,-95
655.568,00:03,1311,-85
655.602,00:04,1311,-95
656.011,00:02,1312,-95
656.068,00:03,1312,-85
656.1,00:04,1312,-95
656.512,00:02,1313,-95
656.565,00:03,1313,-85
656.603,00:04,1313,-95
657.012,00:02,1314,-95
657.066,00:03,1314,-85
657.101,00:04,1314,-96
657.511,00:02,1315,-95
657.567,00:03,1315,-85
657.601,00:04,1315,-96
658.012,00:02,1316,-95
658.066,00:03,1316,-85
658.102,00:04,1316,-96
658.512,00:02,1317,-96
658.568,00:03,1317,-85
658.601,00:04,1317,-96
659.012,00:02,1318,-96
659.067,00:03,1318,-85
659.1,00:04,1318,-96
659.512,00:02,1319,-96
659.567,00:03,1319,-85
659.602,00:04,1319,-96
660.012,00:02,1320,-96
660.069,00:03,1320,-85
660.1,00:04,1320,-96
660.513,00:02,1321,-96
660.567,00:03,1321,-85
660.6,00:04,1321,-96
661.013,00:02,1322,-96
661.068,00:03,1322,-84
661.101,00:04,1322,-96
661.512,00:02,1323,-96
661.568,00:03,1323,-84
661.6,00:04,1323,-96
662.013,00:02,1324,-96
662.068,00:03,1324,-84
662.101,00:04,1324,-96
662.51,00:02,1325,-96
662.567,00:03,1325,-84
662.602,00:04,1325,-96
663.011,00:02,1326,-96
663.067,00:03,1326,-84
663.099,00:04,1326,-96
663.511,00:02,1327,-96
663.567,00:03,1327,-84
663.601,00:04,1327,-96
664.012,00:02,1328,-97
664.066,00:03,1328,-84
664.101,00:04,1328,-97
664.513,00:02,1329,-97
664.568,00:03,1329,-84
664.601,00:04,1329,-97
665.011,00:02,1330,-97
665.066,00:03,1330,-84
665.102,00:04,1330,-97
665.511,00:02,1331,-97
665.568,00:03,1331,-84
665.602,00:04,1331,-97
666.013,00:02,1332,-97
666.065,00:03,1332,-84
666.101,00:04,1332,-97
666.512,00:02,1333,-97
666.567,00:03,1333,-85
666.601,00:04,1333,-97
667.012,00:02,1334,-97
667.067,00:03,1334,-85
667.1,00:04,1334,-97
667.513,00:02,1335,-97
667.567,00:03,1335,-85
667.599,00:04,1335,-96
668.011,00:02,1336,-97
668.066,00:03,1336,-85
668.102,00:04,1336,-96
668.514,00:02,1337,-97
668.567,00:03,1337,-86
668.601,00:04,1337,-96
669.011,00:02,1338,-97
669.068,00:03,1338,-86
669.1,00:04,1338,-96
669.512,00:02,1339,-97
669.568,00:03,1339,-86
669.601,00:04,1339,-96
670.012,00:02,1340,-97
670.066,00:03,1340,-86
670.102,00:04,1340,-96
670.511,00:02,1341,-97
670.567,00:03,1341,-87
670.602,00:04,1341,-96
671.011,00:02,1342,-97
671.067,00:03,1342,-87
671.102,00:04,1342,-96
671.511,00:02,1343,-97
671.569,00:03,1343,-87
671.601,00:04,1343,-96
672.01,00:02,1344,-97
672.068,00:03,1344,-87
672.1,00:04,1344,-96
672.512,00:02,1345,-97
672.567,00:03,1345,-87
672.6,00:04,1345,-96
673.013,00:02,1346,-97
673.068,00:03,1346,-87
673.102,00:04,1346,-96
673.512,00:02,1347,-97
673.567,00:03,1347,-87
673.601,00:04,1347,-96
674.013,00:02,1348,-97
674.068,00:03,1348,-87
674.101,00:04,1348,-96
674.513,00:02,1349,-97
674.567,00:03,1349,-87
674.602,00:04,1349,-95
675.011,00:02,1350,-97
675.068,00:03,1350,-87
675.102,00:04,1350,-95
675.512,00:02,1351,-97
675.57,00:03,1351,-87
675.601,00:04,1351,-95
676.013,00:02,1352,-97
676.067,00:03,1352,-87
676.102,00:04,1352,-95
676.512,00:02,1353,-96
676.568,00:03,1353,-87
676.6,00:04,1353,-95
677.011,00:02,1354,-96
677.066,00:03,1354,-87
677.1,00:04,1354,-95
677.511,00:02,1355,-96
677.568,00:03,1355,-87
677.602,00:04,1355,-95
678.011,00:02,1356,-96
678.068,00:03,1356,-87
678.101,00:04,1356,-95
678.512,00:02,1357,-96
678.569,00:03,1357,-87
678.601,00:04,1357,-95
679.012,00:02,1358,-96
679.069,00:03,1358,-87
679.101,00:04,1358,-95
679.512,00:02,1359,-96
679.568,00:03,1359,-87
679.599,00:04,1359,-95
680.012,00:02,1360,-96
680.069,00:03,1360,-87
680.101,00:04,1360,-95
680.512,00:02,1361,-96
680.569,00:03,1361,-87
680.601,00:04,1361,-94
681.013,00:02,1362,-96
681.067,00:03,1362,-87
681.101,00:04,1362,-94
681.511,00:02,1363,-96
681.568,00:03,1363,-87
681.6,00:04,1363,-94
682.013,00:02,1364,-95
682.069,00:03,1364,-87
682.102,00:04,1364,-94
682.51,00:02,1365,-95
682.567,00:03,1365,-87
682.6,00:04,1365,-94
683.011,00:02,1366,-95
683.066,00:03,1366,-87
683.099,00:04,1366,-94
683.511,00:02,1367,-95
683.566,00:03,1367,-88
683.6,00:04,1367,-94
684.011,00:02,1368,-95
684.067,00:03,1368,-88
684.099,00:04,1368,-94
684.513,00:02,1369,-95
684.567,00:03,1369,-88
684.6,00:04,1369,-94
685.012,00:02,1370,-99
685.066,00:03,1370,-92
685.103,00:04,1370,-98
685.512,00:02,1371,-99
685.567,00:03,1371,-92
685.6,00:04,1371,-98
686.012,00:02,1372,-99
686.068,00:03,1372,-92
686.103,00:04,1372,-98
686.511,00:02,1373,-99
686.568,00:03,1373,-92
686.601,00:04,1373,-98
687.011,00:02,1374,-99
687.067,00:03,1374,-92
687.1,00:04,1374,-97
687.512,00:02,1375,-98
687.568,00:03,1375,-92
687.602,00:04,1375,-97
688.013,00:02,1376,-98
688.066,00:03,1376,-92
688.102,00:04,1376,-97
688.512,00:02,1377,-98
688.568,00:03,1377,-92
688.601,00:04,1377,-97
689.011,00:02,1378,-94
689.067,00:03,1378,-88
689.101,00:04,1378,-93
689.511,00:02,1379,-94
689.566,00:03,1379,-88
689.601,00:04,1379,-93
690.012,00:02,1380,-94
690.069,00:03,1380,-89
690.101,00:04,1380,-93
690.514,00:02,1381,-94
690.568,00:03,1381,-89
690.601,00:04,1381,-93
691.011,00:02,1382,-94
691.068,00:03,1382,-89
691.099,00:04,1382,-93
691.513,00:02,1383,-94
691.57,00:03,1383,-89
691.602,00:04,1383,-93
692.013,00:02,1384,-94
692.069,00:03,1384,-89
692.102,00:04,1384,-93
692.511,00:02,1385,-94
692.568,00:03,1385,-89
692.6,00:04,1385,-93
693.012,00:02,1386,-93
693.069,00:03,1386,-89
693.101,00:04,1386,-93
693.513,00:02,1387,-93
693.567,00:03,1387,-89
693.6,00:04,1387,-93
694.011,00:02,1388,-93
694.067,00:03,1388,-89
694.1,00:04,1388,-93
694.51,00:02,1389,-93
694.568,00:03,1389,-89
694.602,00:04,1389,-92
695.011,00:02,1390,-93
695.069,00:03,1390,-89
695.1,00:04,1390,-92
695.512,00:02,1391,-93
695.569,00:03,1391,-90
695.601,00:04,1391,-92
696.013,00:02,1392,-93
696.067,00:03,1392,-90
696.102,00:04,1392,-92
696.512,00:02,1393,-93
696.566,00:03,1393,-90
696.6,00:04,1393,-92
697.011,00:02,1394,-93
697.067,00:03,1394,-90
697.1,00:04,1394,-92
697.51,00:02,1395,-93
697.569,00:03,1395,-90
697.601,00:04,1395,-92
698.011,00:02,1396,-92
698.068,00:03,1396,-90
698.099,00:04,1396,-92
698.512,00:02,1397,-92
698.568,00:03,1397,-90
698.602,00:04,1397,-92
699.011,00:02,1398,-92
699.067,00:03,1398,-90
699.101,00:04,1398,-92
699.511,00:02,1399,-92
699.569,00:03,1399,-90
699.602,00:04,1399,-92
700.012,00:02,1400,-92
700.068,00:03,1400,-91
700.1,00:04,1400,-92
700.513,00:02,1401,-92
700.568,00:03,1401,-91
700.601,00:04,1401,-92
701.012,00:02,1402,-92
701.067,00:03,1402,-91
701.102,00:04,1402,-92
701.512,00:02,1403,-92
701.569,00:03,1403,-91
701.601,00:04,1403,-92
702.011,00:02,1404,-92
702.069,00:03,1404,-91
702.102,00:04,1404,-92
702.512,00:02,1405,-92
702.57,00:03,1405,-91
702.601,00:04,1405,-92
703.01,00:02,1406,-91
703.068,00:03,1406,-91
703.1,00:04,1406,-92
703.513,00:02,1407,-91
703.567,00:03,1407,-91
703.602,00:04,1407,-92
704.013,00:02,1408,-91
704.068,00:03,1408,-91
704.1,00:04,1408,-92
704.513,00:02,1409,-91
704.568,00:03,1409,-92
704.6,00:04,1409,-91
705.011,00:02,1410,-91
705.068,00:03,1410,-92
705.099,00:04,1410,-91
705.512,00:02,1411,-91
705.567,00:03,1411,-92
705.601,00:04,1411,-91
706.012,00:02,1412,-91
706.069,00:03,1412,-92
706.1,00:04,1412,-91
706.513,00:02,1413,-91
706.568,00:03,1413,-92
706.601,00:04,1413,-91
707.013,00:02,1414,-91
707.068,00:03,1414,-92
707.1,00:04,1414,-91
707.512,00:02,1415,-91
707.568,00:03,1415,-92
707.6,00:04,1415,-91
708.013,00:02,1416,-90
708.066,00:03,1416,-92
708.102,00:04,1416,-91
708.513,00:02,1417,-90
708.57,00:03,1417,-92
708.601,00:04,1417,-91
709.012,00:02,1418,-90
709.07,00:03,1418,-93
709.1,00:04,1418,-91
709.512,00:02,1419,-90
709.567,00:03,1419,-93
709.6,00:04,1419,-91
710.011,00:02,1420,-90
710.069,00:03,1420,-93
710.101,00:04,1420,-91
710.513,00:02,1421,-90
710.569,00:03,1421,-93
710.599,00:04,1421,-91
711.013,00:02,1422,-90
711.069,00:03,1422,-93
711.101,00:04,1422,-91
711.512,00:02,1423,-90
711.569,00:03,1423,-93
711.6,00:04,1423,-91
712.012,00:02,1424,-90
712.07,00:03,1424,-93
712.1,00:04,1424,-91
712.511,00:02,1425,-89
712.569,00:03,1425,-93
712.6,00:04,1425,-91
713.012,00:02,1426,-89
713.068,00:03,1426,-93
713.099,00:04,1426,-91
713.513,00:02,1427,-89
713.57,00:03,1427,-94
713.602,00:04,1427,-91
714.012,00:02,1428,-89
714.07,00:03,1428,-94
714.102,00:04,1428,-91
714.512,00:02,1429,-89
714.568,00:03,1429,-94
714.602,00:04,1429,-91
715.013,00:02,1430,-89
715.067,00:03,1430,-94
715.1,00:04,1430,-91
715.512,00:02,1431,-89
715.567,00:03,1431,-94
715.601,00:04,1431,-91
716.013,00:02,1432,-89
716.068,00:03,1432,-94
716.102,00:04,1432,-91
716.512,00:02,1433,-89
716.567,00:03,1433,-94
716.6,00:04,1433,-91
717.013,00:02,1434,-88
717.068,00:03,1434,-94
717.101,00:04,1434,-91
717.511,00:02,1435,-88
717.568,00:03,1435,-94
717.601,00:04,1435,-91
718.01,00:02,1436,-88
718.068,00:03,1436,-95
718.101,00:04,1436,-91
718.511,00:02,1437,-88
718.568,00:03,1437,-95
718.601,00:04,1437,-91
719.013,00:02,1438,-88
719.067,00:03,1438,-95
719.101,00:04,1438,-91
719.513,00:02,1439,-88
719.566,00:03,1439,-95
719.6,00:04,1439,-91
720.012,00:02,1440,-88
720.068,00:03,1440,-95
720.1,00:04,1440,-91
720.512,00:02,1441,-88
720.568,00:03,1441,-95
720.6,00:04,1441,-91
721.012,00:02,1442,-88
721.068,00:03,1442,-95
721.101,00:04,1442,-91
721.511,00:02,1443,-87
721.568,00:03,1443,-95
721.601,00:04,1443,-91
722.011,00:02,1444,-87
722.067,00:03,1444,-95
722.1,00:04,1444,-91
722.512,00:02,1445,-87
722.569,00:03,1445,-96
722.601,00:04,1445,-91
723.014,00:02,1446,-87
723.07,00:03,1446,-96
723.101,00:04,1446,-91
723.511,00:02,1447,-87
723.569,00:03,1447,-96
723.599,00:04,1447,-91
724.011,00:02,1448,-87
724.069,00:03,1448,-96
724.1,00:04,1448,-91
724.512,00:02,1449,-87
724.567,00:03,1449,-96
724.601,00:04,1449,-91
725.014,00:02,1450,-87
725.068,00:03,1450,-96
725.1,00:04,1450,-91
725.514,00:02,1451,-86
725.568,00:03,1451,-96
725.602,00:04,1451,-91
726.014,00:02,1452,-86
726.069,00:03,1452,-96
726.101,00:04,1452,-91
726.51,00:02,1453,-86
726.568,00:03,1453,-96
726.602,00:04,1453,-91
727.012,00:02,1454,-86
727.069,00:03,1454,-97
727.1,00:04,1454,-91
727.51,00:02,1455,-86
727.569,00:03,1455,-97
727.6,00:04,1455,-91
728.013,00:02,1456,-86
728.069,00:03,1456,-97
728.101,00:04,1456,-91
728.512,00:02,1457,-86
728.569,00:03,1457,-97
728.599,00:04,1457,-91
729.012,00:02,1458,-86
729.068,00:03,1458,-97
729.099,00:04,1458,-91
729.512,00:02,1459,-86
729.569,00:03,1459,-97
729.601,00:04,1459,-91
730.012,00:02,1460,-85
730.068,00:03,1460,-97
730.1,00:04,1460,-92
730.512,00:02,1461,-85
730.57,00:03,1461,-97
730.601,00:04,1461,-92
731.011,00:02,1462,-85
731.068,00:03,1462,-97
731.101,00:04,1462,-92
731.511,00:02,1463,-85
731.569,00:03,1463,-97
731.6,00:04,1463,-92
732.012,00:02,1464,-85
732.067,00:03,1464,-98
732.1,00:04,1464,-92
732.512,00:02,1465,-85
732.567,00:03,1465,-98
732.601,00:04,1465,-92
733.012,00:02,1466,-85
733.067,00:03,1466,-98
733.102,00:04,1466,-92
733.511,00:02,1467,-85
733.568,00:03,1467,-98
733.602,00:04,1467,-92
734.013,00:02,1468,-85
734.069,00:03,1468,-98
734.099,00:04,1468,-92
734.512,00:02,1469,-84
734.568,00:03,1469,-98
734.6,00:04,1469,-92
735.012,00:02,1470,-84
735.069,00:03,1470,-98
735.102,00:04,1470,-92
735.512,00:02,1471,-84
735.569,00:03,1471,-98
735.6,00:04,1471,-92
736.014,00:02,1472,-84
736.067,00:03,1472,-98
736.101,00:04,1472,-92
736.512,00:02,1473,-84
736.568,00:03,1473,-99
736.6,00:04,1473,-92
737.01,00:02,1474,-84
737.068,00:03,1474,-99
737.101,00:04,1474,-92
737.512,00:02,1475,-84
737.57,00:03,1475,-99
737.6,00:04,1475,-92
738.013,00:02,1476,-84
738.068,00:03,1476,-99
738.099,00:04,1476,-92
738.51,00:02,1477,-84
738.569,00:03,1477,-99
738.601,00:04,1477,-92
739.013,00:02,1478,-84
739.069,00:03,1478,-99
739.099,00:04,1478,-92
739.513,00:02,1479,-83
739.568,00:03,1479,-99
739.6,00:04,1479,-93
740.012,00:02,1480,-83
740.068,00:03,1480,-99
740.102,00:04,1480,-93
740.511,00:02,1481,-83
740.569,00:03,1481,-99
740.599,00:04,1481,-93
741.013,00:02,1482,-83
741.069,00:03,1482,-99
741.099,00:04,1482,-93
741.513,00:02,1483,-83
741.568,00:03,1483,-99
741.599,00:04,1483,-93
742.014,00:02,1484,-83
742.068,00:03,1484,-100
742.102,00:04,1484,-93
742.513,00:02,1485,-83
742.57,00:03,1485,-100
742.6,00:04,1485,-93
743.011,00:02,1486,-83
743.068,00:03,1486,-100
743.101,00:04,1486,-93
743.512,00:02,1487,-83
743.571,00:03,1487,-100
743.599,00:04,1487,-93
744.013,00:02,1488,-83
744.067,00:03,1488,-100
744.1,00:04,1488,-93
744.511,00:02,1489,-82
744.57,00:03,1489,-100
744.6,00:04,1489,-93
745.014,00:02,1490,-86
745.067,00:03,1490,-104
745.1,00:04,1490,-97
745.513,00:02,1491,-86
745.569,00:03,1491,-104
745.6,00:04,1491,-97
746.012,00:02,1492,-86
746.067,00:03,1492,-104
746.099,00:04,1492,-97
746.514,00:02,1493,-86
746.568,00:03,1493,-104
746.6,00:04,1493,-97
747.013,00:02,1494,-86
747.068,00:03,1494,-105
747.1,00:04,1494,-98
747.511,00:02,1495,-86
747.567,00:03,1495,-105
747.602,00:04,1495,-98
748.012,00:02,1496,-86
748.068,00:03,1496,-105
748.101,00:04,1496,-98
748.511,00:02,1497,-86
748.569,00:03,1497,-105
748.6,00:04,1497,-98
749.012,00:02,1498,-82
749.07,00:03,1498,-101
749.1,00:04,1498,-94
749.512,00:02,1499,-82
749.569,00:03,1499,-101
749.6,00:04,1499,-94
750.012,00:02,1500,-82
750.069,00:03,1500,-101
750.099,00:04,1500,-94
750.513,00:02,1501,-82
750.57,00:03,1501,-101
750.601,00:04,1501,-94
751.012,00:02,1502,-82
751.07,00:03,1502,-101
751.102,00:04,1502,-94
751.51,00:02,1503,-81
751.57,00:03,1503,-101
751.601,00:04,1503,-94
752.012,00:02,1504,-81
752.07,00:03,1504,-101
752.1,00:04,1504,-94
752.51,00:02,1505,-81
752.567,00:03,1505,-102
752.601,00:04,1505,-94
753.013,00:02,1506,-81
753.068,00:03,1506,-102
753.1,00:04,1506,-94
753.512,00:02,1507,-81
753.569,00:03,1507,-102
753.599,00:04,1507,-94
754.012,00:02,1508,-81
754.07,00:03,1508,-102
754.1,00:04,1508,-95
754.511,00:02,1509,-81
754.571,00:03,1509,-102
754.601,00:04,1509,-95
755.013,00:02,1510,-81
755.07,00:03,1510,-102
755.101,00:04,1510,-95
755.512,00:02,1511,-81
755.569,00:03,1511,-102
755.598,00:04,1511,-95
756.011,00:02,1512,-81
756.068,00:03,1512,-102
756.1,00:04,1512,-95
756.51,00:02,1513,-81
756.568,00:03,1513,-102
756.598,00:04,1513,-95
757.013,00:02,1514,-81
757.068,00:03,1514,-102
757.102,00:04,1514,-95
757.511,00:02,1515,-81
757.569,00:03,1515,-102
757.6,00:04,1515,-95
758.011,00:02,1516,-81
758.069,00:03,1516,-102
758.102,00:04,1516,-95
758.513,00:02,1517,-81
758.569,00:03,1517,-103
758.599,00:04,1517,-95
759.012,00:02,1518,-81
759.069,00:03,1518,-103
759.1,00:04,1518,-95
759.513,00:02,1519,-81
759.568,00:03,1519,-103
759.599,00:04,1519,-95
760.012,00:02,1520,-81
760.069,00:03,1520,-103
760.1,00:04,1520,-96
760.511,00:02,1521,-81
760.57,00:03,1521,-103
760.6,00:04,1521,-96
761.013,00:02,1522,-81
761.069,00:03,1522,-103
761.099,00:04,1522,-96
761.513,00:02,1523,-81
761.569,00:03,1523,-103
761.6,00:04,1523,-96
762.013,00:02,1524,-81
762.069,00:03,1524,-103
762.101,00:04,1524,-96
762.511,00:02,1525,-81
762.569,00:03,1525,-103
762.6,00:04,1525,-96
763.012,00:02,1526,-81
763.07,00:03,1526,-103
763.1,00:04,1526,-96
763.512,00:02,1527,-81
763.57,00:03,1527,-103
763.598,00:04,1527,-96
764.014,00:02,1528,-82
764.068,00:03,1528,-103
764.1,00:04,1528,-95
764.512,00:02,1529,-82
764.569,00:03,1529,-103
764.602,00:04,1529,-95
765.013,00:02,1530,-82
765.07,00:03,1530,-103
765.1,00:04,1530,-95
765.512,00:02,1531,-82
765.568,00:03,1531,-103
765.599,00:04,1531,-95
766.011,00:02,1532,-83
766.069,00:03,1532,-103
766.099,00:04,1532,-95
766.512,00:02,1533,-83
766.569,00:03,1533,-103
766.602,00:04,1533,-95
767.011,00:02,1534,-83
767.068,00:03,1534,-103
767.099,00:04,1534,-95
767.512,00:02,1535,-83
767.568,00:03,1535,-103
767.602,00:04,1535,-95
768.012,00:02,1536,-83
768.069,00:03,1536,-103
768.101,00:04,1536,-95
768.512,00:02,1537,-83
768.571,00:03,1537,-103
768.6,00:04,1537,-95
769.012,00:02,1538,-83
769.07,00:03,1538,-103
769.102,00:04,1538,-95
769.513,00:02,1539,-83
769.571,00:03,1539,-103
769.6,00:04,1539,-95
770.013,00:02,1540,-83
770.069,00:03,1540,-103
770.1,00:04,1540,-95
770.512,00:02,1541,-83
770.571,00:03,1541,-103
770.601,00:04,1541,-94
771.011,00:02,1542,-83
771.07,00:03,1542,-103
771.099,00:04,1542,-94
771.511,00:02,1543,-83
771.57,00:03,1543,-103
771.6,00:04,1543,-94
772.012,00:02,1544,-83
772.069,00:03,1544,-103
772.101,00:04,1544,-94
772.511,00:02,1545,-83
772.571,00:03,1545,-103
772.602,00:04,1545,-94
773.013,00:02,1546,-83
773.068,00:03,1546,-103
773.099,00:04,1546,-94
773.512,00:02,1547,-83
773.568,00:03,1547,-103
773.601,00:04,1547,-94
774.011,00:02,1548,-83
774.069,00:03,1548,-103
774.1,00:04,1548,-94
774.513,00:02,1549,-83
774.57,00:03,1549,-102
774.6,00:04,1549,-94
775.013,00:02,1550,-83
775.069,00:03,1550,-102
775.101,00:04,1550,-94
775.512,00:02,1551,-83
775.568,00:03,1551,-102
775.602,00:04,1551,-94
776.012,00:02,1552,-83
776.071,00:03,1552,-102
776.098,00:04,1552,-93
776.513,00:02,1553,-83
776.57,00:03,1553,-102
776.6,00:04,1553,-93
777.011,00:02,1554,-83
777.068,00:03,1554,-102
777.1,00:04,1554,-93
777.511,00:02,1555,-83
777.57,00:03,1555,-102
777.6,00:04,1555,-93
778.013,00:02,1556,-83
778.069,00:03,1556,-102
778.1,00:04,1556,-93
778.513,00:02,1557,-83
778.568,00:03,1557,-102
778.6,00:04,1557,-93
779.012,00:02,1558,-84
779.07,00:03,1558,-102
779.1,00:04,1558,-93
779.511,00:02,1559,-84
779.569,00:03,1559,-102
779.6,00:04,1559,-93
780.012,00:02,1560,-84
780.07,00:03,1560,-102
780.099,00:04,1560,-93
780.511,00:02,1561,-84
780.57,00:03,1561,-101
780.602,00:04,1561,-93
781.013,00:02,1562,-88
781.069,00:03,1562,-105
781.099,00:04,1562,-97
781.513,00:02,1563,-88
781.569,00:03,1563,-105
781.599,00:04,1563,-96
782.011,00:02,1564,-88
782.069,00:03,1564,-105
782.099,00:04,1564,-96
782.51,00:02,1565,-88
782.568,00:03,1565,-105
782.601,00:04,1565,-96
783.013,00:02,1566,-88
783.069,00:03,1566,-105
783.102,00:04,1566,-96
783.512,00:02,1567,-88
783.57,00:03,1567,-105
783.601,00:04,1567,-96
784.011,00:02,1568,-88
784.069,00:03,1568,-105
784.1,00:04,1568,-96
784.511,00:02,1569,-88
784.571,00:03,1569,-105
784.601,00:04,1569,-96
785.013,00:02,1570,-84
785.07,00:03,1570,-101
785.101,00:04,1570,-92
785.513,00:02,1571,-84
785.569,00:03,1571,-101
785.601,00:04,1571,-92
786.012,00:02,1572,-84
786.069,00:03,1572,-100
786.102,00:04,1572,-92
786.512,00:02,1573,-84
786.571,00:03,1573,-100
786.601,00:04,1573,-92
787.013,00:02,1574,-85
787.07,00:03,1574,-100
787.1,00:04,1574,-92
787.511,00:02,1575,-85
787.568,00:03,1575,-100
787.6,00:04,1575,-91
788.013,00:02,1576,-85
788.069,00:03,1576,-100
788.099,00:04,1576,-91
788.512,00:02,1577,-85
788.57,00:03,1577,-100
788.599,00:04,1577,-91
789.014,00:02,1578,-85
789.071,00:03,1578,-100
789.1,00:04,1578,-91
789.513,00:02,1579,-85
789.569,00:03,1579,-100
789.598,00:04,1579,-91
790.012,00:02,1580,-85
790.07,00:03,1580,-100
790.098,00:04,1580,-91
790.513,00:02,1581,-85
790.569,00:03,1581,-100
790.6,00:04,1581,-91
791.011,00:02,1582,-85
791.068,00:03,1582,-100
791.102,00:04,1582,-91
791.512,00:02,1583,-85
791.57,00:03,1583,-99
791.601,00:04,1583,-91
792.013,00:02,1584,-85
792.069,00:03,1584,-99
792.099,00:04,1584,-91
792.511,00:02,1585,-85
792.57,00:03,1585,-99
792.599,00:04,1585,-91
793.012,00:02,1586,-85
793.07,00:03,1586,-99
793.099,00:04,1586,-91
793.511,00:02,1587,-86
793.57,00:03,1587,-99
793.6,00:04,1587,-91
794.013,00:02,1588,-86
794.071,00:03,1588,-99
794.1,00:04,1588,-91
794.512,00:02,1589,-86
794.571,00:03,1589,-99
794.6,00:04,1589,-90
795.014,00:02,1590,-86
795.071,00:03,1590,-99
795.1,00:04,1590,-90
795.513,00:02,1591,-86
795.569,00:03,1591,-99
795.6,00:04,1591,-90
796.012,00:02,1592,-86
796.07,00:03,1592,-99
796.1,00:04,1592,-90
796.511,00:02,1593,-86
796.57,00:03,1593,-99
796.601,00:04,1593,-90
797.013,00:02,1594,-86
797.069,00:03,1594,-98
797.1,00:04,1594,-90
797.513,00:02,1595,-86
797.571,00:03,1595,-98
797.601,00:04,1595,-90
798.013,00:02,1596,-86
798.071,00:03,1596,-98
798.1,00:04,1596,-90
798.512,00:02,1597,-86
798.569,00:03,1597,-98
798.6,00:04,1597,-90
799.011,00:02,1598,-87
799.07,00:03,1598,-98
799.1,00:04,1598,-90
799.511,00:02,1599,-87
799.57,00:03,1599,-98
799.6,00:04,1599,-90
800.013,00:02,1600,-87
800.071,00:03,1600,-98
800.098,00:04,1600,-90
800.511,00:02,1601,-87
800.571,00:03,1601,-98
800.6,00:04,1601,-90
801.012,00:02,1602,-87
801.07,00:03,1602,-98
801.101,00:04,1602,-90
801.511,00:02,1603,-87
801.571,00:03,1603,-98
801.6,00:04,1603,-90
802.013,00:02,1604,-87
802.071,00:03,1604,-97
802.1,00:04,1604,-90
802.514,00:02,1605,-87
802.57,00:03,1605,-97
802.6,00:04,1605,-90
803.012,00:02,1606,-87
803.07,00:03,1606,-97
803.1,00:04,1606,-90
803.513,00:02,1607,-87
803.569,00:03,1607,-97
803.6,00:04,1607,-90
804.012,00:02,1608,-88
804.069,00:03,1608,-97
804.101,00:04,1608,-90
804.513,00:02,1609,-88
804.57,00:03,1609,-97
804.6,00:04,1609,-90
805.013,00:02,1610,-88
805.07,00:03,1610,-97
805.1,00:04,1610,-89
805.512,00:02,1611,-88
805.571,00:03,1611,-97
805.598,00:04,1611,-89
806.013,00:02,1612,-88
806.07,00:03,1612,-97
806.1,00:04,1612,-89
806.513,00:02,1613,-88
806.569,00:03,1613,-97
806.601,00:04,1613,-89
807.011,00:02,1614,-88
807.07,00:03,1614,-96
807.1,00:04,1614,-89
807.511,00:02,1615,-88
807.57,00:03,1615,-96
807.6,00:04,1615,-89
808.014,00:02,1616,-88
808.071,00:03,1616,-96
808.1,00:04,1616,-89
808.513,00:02,1617,-88
808.569,00:03,1617,-96
808.6,00:04,1617,-89
809.013,00:02,1618,-89
809.07,00:03,1618,-96
809.098,00:04,1618,-89
809.513,00:02,1619,-89
809.571,00:03,1619,-96
809.6,00:04,1619,-89
810.013,00:02,1620,-89
810.07,00:03,1620,-96
810.099,00:04,1620,-89
810.512,00:02,1621,-89
810.569,00:03,1621,-96
810.599,00:04,1621,-89
811.013,00:02,1622,-89
811.07,00:03,1622,-96
811.101,00:04,1622,-89
811.513,00:02,1623,-89
811.57,00:03,1623,-96
811.601,00:04,1623,-89
812.014,00:02,1624,-89
812.07,00:03,1624,-95
812.099,00:04,1624,-89
812.512,00:02,1625,-89
812.571,00:03,1625,-95
812.6,00:04,1625,-89
813.013,00:02,1626,-89
813.07,00:03,1626,-95
813.099,00:04,1626,-89
813.51,00:02,1627,-89
813.57,00:03,1627,-95
813.6,00:04,1627,-89
814.013,00:02,1628,-90
814.071,00:03,1628,-95
814.1,00:04,1628,-89
814.513,00:02,1629,-90
814.571,00:03,1629,-95
814.601,00:04,1629,-89
815.013,00:02,1630,-90
815.07,00:03,1630,-95
815.1,00:04,1630,-89
815.511,00:02,1631,-90
815.571,00:03,1631,-95
815.599,00:04,1631,-89
816.014,00:02,1632,-90
816.07,00:03,1632,-95
816.1,00:04,1632,-89
816.512,00:02,1633,-90
816.57,00:03,1633,-95
816.6,00:04,1633,-89
817.012,00:02,1634,-90
817.068,00:03,1634,-94
817.1,00:04,1634,-89
817.512,00:02,1635,-90
817.569,00:03,1635,-94
817.601,00:04,1635,-89
818.012,00:02,1636,-90
818.069,00:03,1636,-94
818.101,00:04,1636,-89
818.514,00:02,1637,-90
818.568,00:03,1637,-94
818.6,00:04,1637,-89
819.013,00:02,1638,-91
819.071,00:03,1638,-94
819.1,00:04,1638,-89
819.514,00:02,1639,-91
819.57,00:03,1639,-94
819.6,00:04,1639,-89
820.013,00:02,1640,-91
820.071,00:03,1640,-94
820.101,00:04,1640,-89
820.514,00:02,1641,-91
820.569,00:03,1641,-94
820.601,00:04,1641,-89
821.012,00:02,1642,-91
821.069,00:03,1642,-94
821.101,00:04,1642,-90
821.511,00:02,1643,-91
821.572,00:03,1643,-94
821.598,00:04,1643,-90
822.012,00:02,1644,-91
822.071,00:03,1644,-93
822.1,00:04,1644,-90
822.513,00:02,1645,-91
822.568,00:03,1645,-93
822.6,00:04,1645,-90
823.011,00:02,1646,-91
823.072,00:03,1646,-93
823.099,00:04,1646,-90
823.513,00:02,1647,-91
823.572,00:03,1647,-93
823.6,00:04,1647,-90
824.014,00:02,1648,-92
824.071,00:03,1648,-93
824.099,00:04,1648,-90
824.512,00:02,1649,-92
824.568,00:03,1649,-93
824.599,00:04,1649,-90
825.014,00:02,1650,-92
825.071,00:03,1650,-93
825.1,00:04,1650,-90
825.512,00:02,1651,-92
825.57,00:03,1651,-93
825.601,00:04,1651,-90
826.011,00:02,1652,-92
826.07,00:03,1652,-93
826.101,00:04,1652,-90
826.512,00:02,1653,-92
826.57,00:03,1653,-93
826.599,00:04,1653,-90
827.013,00:02,1654,-92
827.071,00:03,1654,-92
827.098,00:04,1654,-90
827.511,00:02,1655,-92
827.57,00:03,1655,-92
827.601,00:04,1655,-90
828.014,00:02,1656,-92
828.071,00:03,1656,-92
828.099,00:04,1656,-90
828.513,00:02,1657,-92
828.569,00:03,1657,-92
828.6,00:04,1657,-90
829.013,00:02,1658,-93
829.071,00:03,1658,-92
829.101,00:04,1658,-90
829.513,00:02,1659,-93
829.572,00:03,1659,-92
829.6,00:04,1659,-90
830.012,00:02,1660,-93
830.07,00:03,1660,-92
830.099,00:04,1660,-90
830.513,00:02,1661,-93
830.568,00:03,1661,-92
830.599,00:04,1661,-90
831.012,00:02,1662,-93
831.071,00:03,1662,-92
831.1,00:04,1662,-90
831.512,00:02,1663,-93
831.569,00:03,1663,-92
831.6,00:04,1663,-91
832.011,00:02,1664,-93
832.07,00:03,1664,-92
832.099,00:04,1664,-91
832.513,00:02,1665,-93
832.571,00:03,1665,-91
832.601,00:04,1665,-91
833.013,00:02,1666,-93
833.07,00:03,1666,-91
833.1,00:04,1666,-91
833.514,00:02,1667,-93
833.57,00:03,1667,-91
833.599,00:04,1667,-91
834.014,00:02,1668,-93
834.07,00:03,1668,-91
834.099,00:04,1668,-91
834.512,00:02,1669,-94
834.572,00:03,1669,-91
834.601,00:04,1669,-91
835.012,00:02,1670,-94
835.071,00:03,1670,-91
835.099,00:04,1670,-91
835.51,00:02,1671,-94
835.57,00:03,1671,-91
835.6,00:04,1671,-91
836.013,00:02,1672,-94
836.069,00:03,1672,-91
836.1,00:04,1672,-91
836.513,00:02,1673,-94
836.569,00:03,1673,-91
836.6,00:04,1673,-91
837.012,00:02,1674,-94
837.071,00:03,1674,-91
837.099,00:04,1674,-91
837.513,00:02,1675,-94
837.57,00:03,1675,-91
837.599,00:04,1675,-91
838.014,00:02,1676,-94
838.069,00:03,1676,-91
838.1,00:04,1676,-91
838.513,00:02,1677,-94
838.571,00:03,1677,-90
838.6,00:04,1677,-92
839.013,00:02,1678,-94
839.071,00:03,1678,-90
839.1,00:04,1678,-92
839.513,00:02,1679,-94
839.57,00:03,1679,-90
839.599,00:04,1679,-92
840.012,00:02,1680,-95
840.071,00:03,1680,-90
840.101,00:04,1680,-92
840.513,00:02,1681,-95
840.572,00:03,1681,-90
840.6,00:04,1681,-92
841.012,00:02,1682,-99
841.071,00:03,1682,-94
841.1,00:04,1682,-96
841.511,00:02,1683,-99
841.57,00:03,1683,-94
841.6,00:04,1683,-96
842.011,00:02,1684,-99
842.07,00:03,1684,-94
842.099,00:04,1684,-96
842.515,00:02,1685,-99
842.572,00:03,1685,-94
842.6,00:04,1685,-96
843.014,00:02,1686,-99
843.071,00:03,1686,-94
843.1,00:04,1686,-96
843.515,00:02,1687,-99
843.572,00:03,1687,-94
843.598,00:04,1687,-96
844.011,00:02,1688,-99
844.071,00:03,1688,-94
844.099,00:04,1688,-96
844.511,00:02,1689,-99
844.572,00:03,1689,-94
844.601,00:04,1689,-96
845.011,00:02,1690,-95
845.07,00:03,1690,-90
845.099,00:04,1690,-93
845.511,00:02,1691,-96
845.571,00:03,1691,-90
845.6,00:04,1691,-93
846.013,00:02,1692,-96
846.071,00:03,1692,-90
846.1,00:04,1692,-93
846.514,00:02,1693,-96
846.571,00:03,1693,-89
846.598,00:04,1693,-93
847.014,00:02,1694,-96
847.071,00:03,1694,-89
847.098,00:04,1694,-93
847.511,00:02,1695,-96
847.571,00:03,1695,-89
847.598,00:04,1695,-93
848.015,00:02,1696,-96
848.071,00:03,1696,-89
848.098,00:04,1696,-93
848.511,00:02,1697,-96
848.571,00:03,1697,-89
848.599,00:04,1697,-93
849.014,00:02,1698,-96
849.07,00:03,1698,-89
849.101,00:04,1698,-93
849.511,00:02,1699,-96
849.572,00:03,1699,-89
849.6,00:04,1699,-93
850.012,00:02,1700,-96
850.072,00:03,1700,-89
850.098,00:04,1700,-93
850.511,00:02,1701,-96
850.57,00:03,1701,-89
850.6,00:04,1701,-94
851.013,00:02,1702,-96
851.072,00:03,1702,-89
851.099,00:04,1702,-94
851.513,00:02,1703,-97
851.57,00:03,1703,-89
851.599,00:04,1703,-94
852.011,00:02,1704,-97
852.071,00:03,1704,-89
852.099,00:04,1704,-94
852.513,00:02,1705,-97
852.569,00:03,1705,-89
852.6,00:04,1705,-94
853.012,00:02,1706,-97
853.07,00:03,1706,-89
853.1,00:04,1706,-94
853.513,00:02,1707,-97
853.571,00:03,1707,-89
853.6,00:04,1707,-94
854.013,00:02,1708,-97
854.069,00:03,1708,-89
854.099,00:04,1708,-94
854.513,00:02,1709,-97
854.57,00:03,1709,-89
854.599,00:04,1709,-94
855.014,00:02,1710,-97
855.071,00:03,1710,-89
855.1,00:04,1710,-94
855.513,00:02,1711,-97
855.569,00:03,1711,-89
855.6,00:04,1711,-94
856.015,00:02,1712,-97
856.071,00:03,1712,-89
856.099,00:04,1712,-95
856.514,00:02,1713,-97
856.572,00:03,1713,-89
856.601,00:04,1713,-95
857.011,00:02,1714,-97
857.071,00:03,1714,-89
857.101,00:04,1714,-95
857.512,00:02,1715,-97
857.571,00:03,1715,-89
857.6,00:04,1715,-95
858.012,00:02,1716,-98
858.07,00:03,1716,-89
858.1,00:04,1716,-95
858.514,00:02,1717,-98
858.571,00:03,1717,-89
858.6,00:04,1717,-95
859.013,00:02,1718,-98
859.071,00:03,1718,-89
859.101,00:04,1718,-95
859.514,00:02,1719,-98
859.571,00:03,1719,-90
859.6,00:04,1719,-95
860.012,00:02,1720,-98
860.072,00:03,1720,-90
860.102,00:04,1720,-94
860.511,00:02,1721,-98
860.573,00:03,1721,-90
860.601,00:04,1721,-94
861.013,00:02,1722,-98
861.071,00:03,1722,-90
861.099,00:04,1722,-94
861.513,00:02,1723,-98
861.57,00:03,1723,-90
861.6,00:04,1723,-94
862.012,00:02,1724,-98
862.071,00:03,1724,-90
862.101,00:04,1724,-94
862.512,00:02,1725,-98
862.57,00:03,1725,-91
862.599,00:04,1725,-94
863.013,00:02,1726,-98
863.072,00:03,1726,-91
863.099,00:04,1726,-94
863.513,00:02,1727,-98
863.57,00:03,1727,-91
863.599,00:04,1727,-94
864.012,00:02,1728,-98
864.07,00:03,1728,-91
864.1,00:04,1728,-94
864.513,00:02,1729,-98
864.571,00:03,1729,-91
864.599,00:04,1729,-94
865.014,00:02,1730,-98
865.071,00:03,1730,-91
865.098,00:04,1730,-94
865.511,00:02,1731,-98
865.572,00:03,1731,-91
865.6,00:04,1731,-94
866.014,00:02,1732,-98
866.07,00:03,1732,-91
866.1,00:04,1732,-93
866.513,00:02,1733,-98
866.573,00:03,1733,-91
866.599,00:04,1733,-93
867.013,00:02,1734,-97
867.072,00:03,1734,-91
867.1,00:04,1734,-93
867.511,00:02,1735,-97
867.571,00:03,1735,-91
867.598,00:04,1735,-93
868.013,00:02,1736,-97
868.071,00:03,1736,-91
868.099,00:04,1736,-93
868.512,00:02,1737,-97
868.573,00:03,1737,-91
868.6,00:04,1737,-93
869.011,00:02,1738,-97
869.071,00:03,1738,-91
869.099,00:04,1738,-93
869.513,00:02,1739,-97
869.571,00:03,1739,-91
869.599,00:04,1739,-93
870.012,00:02,1740,-97
870.071,00:03,1740,-91
870.1,00:04,1740,-93
870.511,00:02,1741,-97
870.572,00:03,1741,-91
870.598,00:04,1741,-93
871.013,00:02,1742,-97
871.072,00:03,1742,-91
871.099,00:04,1742,-92
871.512,00:02,1743,-97
871.57,00:03,1743,-91
871.598,00:04,1743,-92
872.015,00:02,1744,-97
872.072,00:03,1744,-91
872.1,00:04,1744,-92
872.513,00:02,1745,-97
872.572,00:03,1745,-91
872.598,00:04,1745,-92
873.012,00:02,1746,-97
873.07,00:03,1746,-91
873.098,00:04,1746,-92
873.514,00:02,1747,-96
873.57,00:03,1747,-91
873.598,00:04,1747,-92
874.013,00:02,1748,-96
874.071,00:03,1748,-91
874.099,00:04,1748,-92
874.512,00:02,1749,-96
874.571,00:03,1749,-91
874.6,00:04,1749,-92
875.014,00:02,1750,-96
875.071,00:03,1750,-91
875.1,00:04,1750,-92
875.513,00:02,1751,-96
875.57,00:03,1751,-91
875.6,00:04,1751,-92
876.012,00:02,1752,-96
876.072,00:03,1752,-91
876.1,00:04,1752,-91
876.511,00:02,1753,-96
876.572,00:03,1753,-91
876.6,00:04,1753,-91
877.012,00:02,1754,-100
877.072,00:03,1754,-95
877.1,00:04,1754,-95
877.513,00:02,1755,-100
877.573,00:03,1755,-95
877.601,00:04,1755,-95
878.013,00:02,1756,-100
878.072,00:03,1756,-96
878.101,00:04,1756,-95
878.513,00:02,1757,-100
878.57,00:03,1757,-96
878.6,00:04,1757,-95
879.011,00:02,1758,-100
879.072,00:03,1758,-96
879.099,00:04,1758,-95
879.513,00:02,1759,-100
879.571,00:03,1759,-96
879.599,00:04,1759,-95
880.012,00:02,1760,-99
880.071,00:03,1760,-96
880.098,00:04,1760,-95
880.513,00:02,1761,-99
880.572,00:03,1761,-96
880.6,00:04,1761,-95
881.014,00:02,1762,-95
881.072,00:03,1762,-92
881.1,00:04,1762,-90
881.511,00:02,1763,-95
881.572,00:03,1763,-92
881.6,00:04,1763,-90
882.012,00:02,1764,-95
882.072,00:03,1764,-92
882.099,00:04,1764,-90
882.514,00:02,1765,-95
882.573,00:03,1765,-92
882.601,00:04,1765,-90
883.012,00:02,1766,-95
883.071,00:03,1766,-92
883.1,00:04,1766,-90
883.512,00:02,1767,-95
883.573,00:03,1767,-92
883.6,00:04,1767,-90
884.012,00:02,1768,-95
884.071,00:03,1768,-92
884.1,00:04,1768,-90
884.514,00:02,1769,-95
884.571,00:03,1769,-92
884.601,00:04,1769,-90
885.014,00:02,1770,-95
885.072,00:03,1770,-92
885.098,00:04,1770,-90
885.513,00:02,1771,-94
885.572,00:03,1771,-92
885.598,00:04,1771,-90
886.013,00:02,1772,-94
886.069,00:03,1772,-92
886.1,00:04,1772,-90
886.513,00:02,1773,-94
886.571,00:03,1773,-93
886.598,00:04,1773,-89
887.013,00:02,1774,-94
887.071,00:03,1774,-93
887.098,00:04,1774,-89
887.512,00:02,1775,-94
887.572,00:03,1775,-93
887.599,00:04,1775,-89
888.014,00:02,1776,-94
888.072,00:03,1776,-93
888.1,00:04,1776,-89
888.511,00:02,1777,-94
888.571,00:03,1777,-93
888.599,00:04,1777,-89
889.013,00:02,1778,-94
889.072,00:03,1778,-93
889.099,00:04,1778,-89
889.513,00:02,1779,-94
889.572,00:03,1779,-93
889.6,00:04,1779,-89
890.012,00:02,1780,-94
890.071,00:03,1780,-93
890.101,00:04,1780,-89
890.512,00:02,1781,-94
890.57,00:03,1781,-93
890.6,00:04,1781,-89
891.014,00:02,1782,-94
891.071,00:03,1782,-93
891.1,00:04,1782,-89
891.514,00:02,1783,-93
891.571,00:03,1783,-93
891.6,00:04,1783,-89
892.012,00:02,1784,-93
892.072,00:03,1784,-93
892.099,00:04,1784,-89
892.512,00:02,1785,-93
892.57,00:03,1785,-93
892.6,00:04,1785,-89
893.012,00:02,1786,-93
893.072,00:03,1786,-93
893.099,00:04,1786,-88
893.513,00:02,1787,-93
893.573,00:03,1787,-94
893.598,00:04,1787,-88
894.013,00:02,1788,-93
894.072,00:03,1788,-94
894.097,00:04,1788,-88
894.512,00:02,1789,-93
894.573,00:03,1789,-94
894.599,00:04,1789,-88
895.013,00:02,1790,-93
895.072,00:03,1790,-94
895.1,00:04,1790,-88
895.511,00:02,1791,-93
895.571,00:03,1791,-94
895.599,00:04,1791,-88
896.013,00:02,1792,-93
896.072,00:03,1792,-94
896.099,00:04,1792,-88
896.514,00:02,1793,-93
896.571,00:03,1793,-94
896.599,00:04,1793,-88
897.012,00:02,1794,-92
897.071,00:03,1794,-94
897.101,00:04,1794,-88
897.513,00:02,1795,-92
897.571,00:03,1795,-94
897.6,00:04,1795,-88
898.012,00:02,1796,-92
898.073,00:03,1796,-94
898.099,00:04,1796,-88
898.512,00:02,1797,-92
898.571,00:03,1797,-94
898.599,00:04,1797,-88
899.012,00:02,1798,-92
899.073,00:03,1798,-94
899.098,00:04,1798,-88
899.512,00:02,1799,-92
899.572,00:03,1799,-95
899.599,00:04,1799,-88
900.012,00:02,1800,-92
900.071,00:03,1800,-95
900.098,00:04,1800,-88
900.513,00:02,1801,-92
900.572,00:03,1801,-95
900.6,00:04,1801,-88
901.015,00:02,1802,-92
901.072,00:03,1802,-95
901.098,00:04,1802,-88
901.513,00:02,1803,-92
901.572,00:03,1803,-95
901.599,00:04,1803,-88
902.013,00:02,1804,-92
902.073,00:03,1804,-95
902.099,00:04,1804,-88
902.511,00:02,1805,-92
902.572,00:03,1805,-95
902.6,00:04,1805,-88
903.013,00:02,1806,-91
903.072,00:03,1806,-95
903.1,00:04,1806,-87
903.511,00:02,1807,-91
903.571,00:03,1807,-95
903.599,00:04,1807,-87
904.014,00:02,1808,-91
904.074,00:03,1808,-95
904.099,00:04,1808,-87
904.514,00:02,1809,-91
904.571,00:03,1809,-95
904.597,00:04,1809,-87
905.013,00:02,1810,-91
905.072,00:03,1810,-96
905.099,00:04,1810,-87
905.513,00:02,1811,-91
905.573,00:03,1811,-96
905.599,00:04,1811,-87
906.013,00:02,1812,-91
906.071,00:03,1812,-96
906.099,00:04,1812,-87
906.512,00:02,1813,-91
906.571,00:03,1813,-96
906.599,00:04,1813,-87
907.013,00:02,1814,-91
907.072,00:03,1814,-96
907.098,00:04,1814,-87
907.513,00:02,1815,-91
907.571,00:03,1815,-96
907.598,00:04,1815,-87
908.014,00:02,1816,-91
908.071,00:03,1816,-96
908.1,00:04,1816,-87
908.513,00:02,1817,-90
908.571,00:03,1817,-96
908.6,00:04,1817,-87
909.013,00:02,1818,-90
909.073,00:03,1818,-96
909.099,00:04,1818,-87
909.513,00:02,1819,-90
909.573,00:03,1819,-96
909.599,00:04,1819,-87
910.012,00:02,1820,-90
910.073,00:03,1820,-96
910.099,00:04,1820,-87
910.513,00:02,1821,-90
910.573,00:03,1821,-97
910.6,00:04,1821,-87
911.015,00:02,1822,-90
911.071,00:03,1822,-97
911.098,00:04,1822,-87
911.513,00:02,1823,-90
911.572,00:03,1823,-97
911.6,00:04,1823,-87
912.013,00:02,1824,-90
912.072,00:03,1824,-97
912.1,00:04,1824,-87
912.515,00:02,1825,-90
912.572,00:03,1825,-97
912.597,00:04,1825,-87
913.014,00:02,1826,-90
913.071,00:03,1826,-97
913.101,00:04,1826,-87
913.513,00:02,1827,-90
913.572,00:03,1827,-97
913.598,00:04,1827,-87
914.014,00:02,1828,-89
914.072,00:03,1828,-97
914.098,00:04,1828,-87
914.514,00:02,1829,-89
914.57,00:03,1829,-97
914.597,00:04,1829,-87
915.011,00:02,1830,-89
915.074,00:03,1830,-97
915.098,00:04,1830,-87
915.512,00:02,1831,-89
915.572,00:03,1831,-97
915.6,00:04,1831,-88
916.013,00:02,1832,-89
916.071,00:03,1832,-98
916.099,00:04,1832,-88
916.513,00:02,1833,-89
916.572,00:03,1833,-98
916.599,00:04,1833,-88
917.014,00:02,1834,-89
917.07,00:03,1834,-98
917.101,00:04,1834,-88
917.514,00:02,1835,-89
917.573,00:03,1835,-98
917.599,00:04,1835,-88
918.013,00:02,1836,-89
918.073,00:03,1836,-98
918.1,00:04,1836,-88
918.512,00:02,1837,-89
918.573,00:03,1837,-98
918.599,00:04,1837,-88
919.014,00:02,1838,-89
919.07,00:03,1838,-98
919.099,00:04,1838,-88
919.512,00:02,1839,-88
919.573,00:03,1839,-98
919.599,00:04,1839,-88
920.013,00:02,1840,-88
920.072,00:03,1840,-98
920.099,00:04,1840,-88
920.513,00:02,1841,-88
920.573,00:03,1841,-98
920.6,00:04,1841,-88
921.013,00:02,1842,-88
921.07,00:03,1842,-98
921.1,00:04,1842,-88
921.512,00:02,1843,-88
921.571,00:03,1843,-99
921.597,00:04,1843,-88
922.013,00:02,1844,-88
922.072,00:03,1844,-99
922.098,00:04,1844,-88
922.511,00:02,1845,-88
922.571,00:03,1845,-99
922.598,00:04,1845,-88
923.012,00:02,1846,-88
923.072,00:03,1846,-99
923.098,00:04,1846,-88
923.514,00:02,1847,-88
923.572,00:03,1847,-99
923.6,00:04,1847,-88
924.014,00:02,1848,-88
924.073,00:03,1848,-99
924.1,00:04,1848,-88
924.514,00:02,1849,-88
924.571,00:03,1849,-99
924.598,00:04,1849,-88
925.013,00:02,1850,-88
925.072,00:03,1850,-99
925.098,00:04,1850,-88
925.513,00:02,1851,-87
925.571,00:03,1851,-99
925.599,00:04,1851,-89
926.012,00:02,1852,-87
926.07,00:03,1852,-99
926.098,00:04,1852,-89
926.513,00:02,1853,-87
926.572,00:03,1853,-99
926.601,00:04,1853,-89
927.013,00:02,1854,-87
927.074,00:03,1854,-99
927.098,00:04,1854,-89
927.513,00:02,1855,-87
927.572,00:03,1855,-100
927.6,00:04,1855,-89
928.013,00:02,1856,-87
928.071,00:03,1856,-100
928.1,00:04,1856,-89
928.513,00:02,1857,-87
928.572,00:03,1857,-100
928.598,00:04,1857,-89
929.014,00:02,1858,-87
929.072,00:03,1858,-100
929.098,00:04,1858,-89
929.512,00:02,1859,-87
929.573,00:03,1859,-100
929.599,00:04,1859,-89
930.014,00:02,1860,-87
930.073,00:03,1860,-100
930.099,00:04,1860,-89
930.514,00:02,1861,-87
930.573,00:03,1861,-100
930.598,00:04,1861,-89
931.012,00:02,1862,-87
931.072,00:03,1862,-100
931.097,00:04,1862,-89
931.514,00:02,1863,-87
931.574,00:03,1863,-100
931.599,00:04,1863,-90
932.013,00:02,1864,-87
932.072,00:03,1864,-100
932.099,00:04,1864,-90
932.512,00:02,1865,-86
932.572,00:03,1865,-100
932.598,00:04,1865,-90
933.014,00:02,1866,-86
933.072,00:03,1866,-101
933.098,00:04,1866,-90
933.515,00:02,1867,-86
933.573,00:03,1867,-101
933.599,00:04,1867,-90
934.014,00:02,1868,-86
934.073,00:03,1868,-101
934.1,00:04,1868,-90
934.514,00:02,1869,-86
934.572,00:03,1869,-101
934.597,00:04,1869,-90
935.013,00:02,1870,-86
935.072,00:03,1870,-101
935.099,00:04,1870,-90
935.511,00:02,1871,-86
935.573,00:03,1871,-101
935.597,00:04,1871,-90
936.013,00:02,1872,-86
936.073,00:03,1872,-101
936.098,00:04,1872,-90
936.512,00:02,1873,-86
936.573,00:03,1873,-101
936.6,00:04,1873,-90
937.014,00:02,1874,-90
937.073,00:03,1874,-105
937.099,00:04,1874,-95
937.514,00:02,1875,-90
937.572,00:03,1875,-105
937.599,00:04,1875,-95
938.014,00:02,1876,-90
938.072,00:03,1876,-105
938.098,00:04,1876,-95
938.514,00:02,1877,-90
938.572,00:03,1877,-105
938.599,00:04,1877,-95
939.014,00:02,1878,-90
939.072,00:03,1878,-106
939.097,00:04,1878,-95
939.513,00:02,1879,-90
939.573,00:03,1879,-106
939.6,00:04,1879,-95
940.012,00:02,1880,-90
940.073,00:03,1880,-106
940.099,00:04,1880,-95
940.512,00:02,1881,-90
940.573,00:03,1881,-106
940.599,00:04,1881,-95
941.014,00:02,1882,-85
941.072,00:03,1882,-102
941.099,00:04,1882,-91
941.514,00:02,1883,-85
941.573,00:03,1883,-102
941.598,00:04,1883,-91
942.014,00:02,1884,-85
942.073,00:03,1884,-102
942.099,00:04,1884,-91
942.513,00:02,1885,-85
942.571,00:03,1885,-102
942.598,00:04,1885,-92
943.012,00:02,1886,-85
943.071,00:03,1886,-102
943.098,00:04,1886,-92
943.515,00:02,1887,-85
943.573,00:03,1887,-102
943.598,00:04,1887,-92
944.013,00:02,1888,-85
944.072,00:03,1888,-102
944.099,00:04,1888,-92
944.513,00:02,1889,-85
944.571,00:03,1889,-102
944.6,00:04,1889,-92
945.014,00:02,1890,-85
945.074,00:03,1890,-102
945.1,00:04,1890,-92
945.514,00:02,1891,-85
945.571,00:03,1891,-103
945.599,00:04,1891,-92
946.012,00:02,1892,-85
946.073,00:03,1892,-103
946.1,00:04,1892,-92
946.513,00:02,1893,-85
946.571,00:03,1893,-103
946.599,00:04,1893,-92
947.012,00:02,1894,-85
947.072,00:03,1894,-103
947.099,00:04,1894,-93
947.514,00:02,1895,-85
947.571,00:03,1895,-103
947.6,00:04,1895,-93
948.014,00:02,1896,-85
948.073,00:03,1896,-103
948.101,00:04,1896,-93
948.513,00:02,1897,-85
948.572,00:03,1897,-103
948.599,00:04,1897,-93
949.014,00:02,1898,-85
949.073,00:03,1898,-103
949.1,00:04,1898,-93
949.512,00:02,1899,-85
949.572,00:03,1899,-103
949.598,00:04,1899,-93
950.012,00:02,1900,-85
950.073,00:03,1900,-103
950.098,00:04,1900,-93
950.513,00:02,1901,-85
950.572,00:03,1901,-103
950.599,00:04,1901,-93
951.013,00:02,1902,-85
951.072,00:03,1902,-103
951.099,00:04,1902,-93
951.514,00:02,1903,-85
951.571,00:03,1903,-103
951.598,00:04,1903,-93
952.012,00:02,1904,-85
952.073,00:03,1904,-104
952.097,00:04,1904,-94
952.513,00:02,1905,-85
952.572,00:03,1905,-104
952.599,00:04,1905,-94
953.013,00:02,1906,-85
953.072,00:03,1906,-104
953.1,00:04,1906,-94
953.512,00:02,1907,-85
953.572,00:03,1907,-104
953.599,00:04,1907,-94
954.014,00:02,1908,-85
954.072,00:03,1908,-104
954.097,00:04,1908,-94
954.512,00:02,1909,-85
954.575,00:03,1909,-104
954.598,00:04,1909,-94
955.014,00:02,1910,-85
955.071,00:03,1910,-104
955.097,00:04,1910,-94
955.513,00:02,1911,-85
955.572,00:03,1911,-104
955.597,00:04,1911,-94
956.013,00:02,1912,-86
956.072,00:03,1912,-104
956.099,00:04,1912,-94
956.514,00:02,1913,-86
956.573,00:03,1913,-104
956.597,00:04,1913,-93
957.014,00:02,1914,-86
957.072,00:03,1914,-104
957.097,00:04,1914,-93
957.515,00:02,1915,-86
957.573,00:03,1915,-104
957.598,00:04,1915,-93
958.013,00:02,1916,-86
958.073,00:03,1916,-104
958.098,00:04,1916,-93
958.514,00:02,1917,-86
958.572,00:03,1917,-104
958.6,00:04,1917,-93
959.012,00:02,1918,-87
959.073,00:03,1918,-104
959.099,00:04,1918,-93
959.514,00:02,1919,-87
959.572,00:03,1919,-104
959.599,00:04,1919,-93
960.013,00:02,1920,-87
960.071,00:03,1920,-104
960.1,00:04,1920,-93
960.515,00:02,1921,-87
960.571,00:03,1921,-104
960.599,00:04,1921,-93
961.014,00:02,1922,-87
961.074,00:03,1922,-104
961.101,00:04,1922,-93
961.513,00:02,1923,-87
961.572,00:03,1923,-104
961.598,00:04,1923,-93
962.014,00:02,1924,-87
962.073,00:03,1924,-104
962.1,00:04,1924,-92
962.512,00:02,1925,-87
962.572,00:03,1925,-104
962.597,00:04,1925,-92
963.014,00:02,1926,-87
963.073,00:03,1926,-104
963.099,00:04,1926,-92
963.513,00:02,1927,-87
963.572,00:03,1927,-104
963.6,00:04,1927,-92
964.013,00:02,1928,-87
964.074,00:03,1928,-104
964.099,00:04,1928,-92
964.512,00:02,1929,-87
964.575,00:03,1929,-104
964.599,00:04,1929,-92
965.013,00:02,1930,-87
965.071,00:03,1930,-104
965.097,00:04,1930,-92
965.513,00:02,1931,-87
965.572,00:03,1931,-103
965.599,00:04,1931,-92
966.014,00:02,1932,-87
966.072,00:03,1932,-103
966.1,00:04,1932,-92
966.514,00:02,1933,-87
966.575,00:03,1933,-103
966.6,00:04,1933,-91
967.013,00:02,1934,-87
967.074,00:03,1934,-103
967.097,00:04,1934,-91
967.515,00:02,1935,-87
967.572,00:03,1935,-103
967.597,00:04,1935,-91
968.014,00:02,1936,-87
968.072,00:03,1936,-103
968.099,00:04,1936,-91
968.514,00:02,1937,-87
968.573,00:03,1937,-103
968.599,00:04,1937,-91
969.011,00:02,1938,-87
969.073,00:03,1938,-103
969.098,00:04,1938,-91
969.513,00:02,1939,-87
969.574,00:03,1939,-103
969.599,00:04,1939,-91
970.014,00:02,1940,-87
970.072,00:03,1940,-103
970.097,00:04,1940,-91
970.512,00:02,1941,-87
970.574,00:03,1941,-103
970.599,00:04,1941,-91
971.015,00:02,1942,-87
971.073,00:03,1942,-103
971.097,00:04,1942,-90
971.512,00:02,1943,-87
971.574,00:03,1943,-103
971.599,00:04,1943,-90
972.013,00:02,1944,-87
972.075,00:03,1944,-102
972.099,00:04,1944,-90
972.513,00:02,1945,-87
972.572,00:03,1945,-102
972.598,00:04,1945,-90
973.014,00:02,1946,-91
973.075,00:03,1946,-106
973.099,00:04,1946,-94
973.515,00:02,1947,-91
973.573,00:03,1947,-106
973.598,00:04,1947,-94
974.013,00:02,1948,-91
974.073,00:03,1948,-106
974.098,00:04,1948,-94
974.513,00:02,1949,-91
974.572,00:03,1949,-106
974.599,00:04,1949,-94
975.012,00:02,1950,-91
975.072,00:03,1950,-106
975.098,00:04,1950,-93
975.512,00:02,1951,-91
975.572,00:03,1951,-106
975.6,00:04,1951,-93
976.013,00:02,1952,-91
976.072,00:03,1952,-106
976.098,00:04,1952,-93
976.515,00:02,1953,-91
976.571,00:03,1953,-106
976.599,00:04,1953,-93
977.013,00:02,1954,-87
977.072,00:03,1954,-102
977.097,00:04,1954,-89
977.512,00:02,1955,-87
977.572,00:03,1955,-102
977.598,00:04,1955,-89
978.014,00:02,1956,-88
978.075,00:03,1956,-102
978.098,00:04,1956,-89
978.515,00:02,1957,-88
978.574,00:03,1957,-101
978.598,00:04,1957,-89
979.014,00:02,1958,-88
979.073,00:03,1958,-101
979.099,00:04,1958,-89
979.513,00:02,1959,-88
979.573,00:03,1959,-101
979.599,00:04,1959,-88
980.013,00:02,1960,-88
980.072,00:03,1960,-101
980.098,00:04,1960,-88
980.512,00:02,1961,-88
980.573,00:03,1961,-101
980.598,00:04,1961,-88
981.012,00:02,1962,-88
981.072,00:03,1962,-101
981.1,00:04,1962,-88
981.513,00:02,1963,-88
981.574,00:03,1963,-101
981.6,00:04,1963,-88
982.014,00:02,1964,-88
982.073,00:03,1964,-101
982.1,00:04,1964,-88
982.514,00:02,1965,-88
982.572,00:03,1965,-101
982.599,00:04,1965,-88
983.014,00:02,1966,-88
983.074,00:03,1966,-101
983.1,00:04,1966,-88
983.515,00:02,1967,-88
983.573,00:03,1967,-101
983.599,00:04,1967,-88
984.014,00:02,1968,-88
984.074,00:03,1968,-101
984.098,00:04,1968,-88
984.514,00:02,1969,-88
984.574,00:03,1969,-101
984.598,00:04,1969,-87
985.012,00:02,1970,-88
985.073,00:03,1970,-100
985.098,00:04,1970,-87
985.514,00:02,1971,-88
985.575,00:03,1971,-100
985.599,00:04,1971,-87
986.013,00:02,1972,-88
986.072,00:03,1972,-100
986.1,00:04,1972,-87
986.514,00:02,1973,-89
986.573,00:03,1973,-100
986.598,00:04,1973,-87
987.013,00:02,1974,-89
987.073,00:03,1974,-100
987.097,00:04,1974,-87
987.513,00:02,1975,-89
987.574,00:03,1975,-100
987.597,00:04,1975,-87
988.013,00:02,1976,-89
988.073,00:03,1976,-100
988.098,00:04,1976,-87
988.514,00:02,1977,-89
988.573,00:03,1977,-100
988.598,00:04,1977,-87
989.013,00:02,1978,-89
989.073,00:03,1978,-100
989.099,00:04,1978,-87
989.513,00:02,1979,-89
989.572,00:03,1979,-100
989.597,00:04,1979,-86
990.013,00:02,1980,-89
990.072,00:03,1980,-100
990.099,00:04,1980,-86
990.514,00:02,1981,-89
990.575,00:03,1981,-100
990.598,00:04,1981,-86
991.012,00:02,1982,-89
991.074,00:03,1982,-99
991.099,00:04,1982,-86
991.513,00:02,1983,-89
991.574,00:03,1983,-99
991.597,00:04,1983,-86
992.013,00:02,1984,-89
992.073,00:03,1984,-99
992.099,00:04,1984,-86
992.511,00:02,1985,-89
992.572,00:03,1985,-99
992.6,00:04,1985,-86
993.014,00:02,1986,-89
993.074,00:03,1986,-99
993.099,00:04,1986,-86
993.513,00:02,1987,-90
993.573,00:03,1987,-99
993.597,00:04,1987,-86
994.013,00:02,1988,-90
994.074,00:03,1988,-99
994.1,00:04,1988,-86
994.514,00:02,1989,-90
994.573,00:03,1989,-99
994.597,00:04,1989,-86
995.014,00:02,1990,-90
995.075,00:03,1990,-99
995.098,00:04,1990,-86
995.515,00:02,1991,-90
995.572,00:03,1991,-99
995.599,00:04,1991,-86
996.013,00:02,1992,-90
996.076,00:03,1992,-99
996.098,00:04,1992,-86
996.515,00:02,1993,-90
996.574,00:03,1993,-99
996.599,00:04,1993,-86
997.014,00:02,1994,-90
997.073,00:03,1994,-99
997.097,00:04,1994,-85
997.515,00:02,1995,-90
997.573,00:03,1995,-98
997.598,00:04,1995,-85
998.014,00:02,1996,-90
998.075,00:03,1996,-98
998.098,00:04,1996,-85
998.514,00:02,1997,-90
998.574,00:03,1997,-98
998.598,00:04,1997,-85
999.014,00:02,1998,-90
999.075,00:03,1998,-98
999.099,00:04,1998,-85
999.512,00:02,1999,-90
999.575,00:03,1999,-98
999.598,00:04,1999,-85
1000.02,00:02,2000,-90
1000.07,00:03,2000,-98
1000.1,00:04,2000,-85
1000.51,00:02,2001,-91
1000.57,00:03,2001,-98
1000.6,00:04,2001,-85
1001.01,00:02,2002,-91
1001.07,00:03,2002,-98
1001.1,00:04,2002,-85
1001.51,00:02,2003,-91
1001.57,00:03,2003,-98
1001.6,00:04,2003,-85
1002.01,00:02,2004,-91
1002.07,00:03,2004,-98
1002.1,00:04,2004,-85
1002.51,00:02,2005,-91
1002.57,00:03,2005,-98
1002.6,00:04,2005,-85
1003.01,00:02,2006,-91
1003.07,00:03,2006,-98
1003.1,00:04,2006,-85
1003.51,00:02,2007,-91
1003.57,00:03,2007,-97
1003.6,00:04,2007,-85
1004.01,00:02,2008,-91
1004.07,00:03,2008,-97
1004.1,00:04,2008,-85
1004.51,00:02,2009,-91
1004.57,00:03,2009,-97
1004.6,00:04,2009,-85
1005.01,00:02,2010,-91
1005.07,00:03,2010,-97
1005.1,00:04,2010,-85
1005.51,00:02,2011,-91
1005.57,00:03,2011,-97
1005.6,00:04,2011,-85
1006.01,00:02,2012,-91
1006.07,00:03,2012,-97
1006.1,00:04,2012,-85
1006.51,00:02,2013,-92
1006.57,00:03,2013,-97
1006.6,00:04,2013,-85
1007.01,00:02,2014,-92
1007.07,00:03,2014,-97
1007.1,00:04,2014,-85
1007.51,00:02,2015,-92
1007.57,00:03,2015,-97
1007.6,00:04,2015,-85
1008.01,00:02,2016,-92
1008.07,00:03,2016,-97
1008.1,00:04,2016,-85
1008.51,00:02,2017,-92
1008.57,00:03,2017,-97
1008.6,00:04,2017,-85
1009.01,00:02,2018,-92
1009.07,00:03,2018,-97
1009.1,00:04,2018,-85
1009.51,00:02,2019,-92
1009.57,00:03,2019,-96
1009.6,00:04,2019,-85
1010.01,00:02,2020,-92
1010.08,00:03,2020,-96
1010.1,00:04,2020,-85
1010.51,00:02,2021,-92
1010.57,00:03,2021,-96
1010.6,00:04,2021,-85
1011.01,00:02,2022,-92
1011.07,00:03,2022,-96
1011.1,00:04,2022,-85
1011.51,00:02,2023,-92
1011.57,00:03,2023,-96
1011.6,00:04,2023,-85
1012.01,00:02,2024,-92
1012.07,00:03,2024,-96
1012.1,00:04,2024,-85
1012.51,00:02,2025,-93
1012.57,00:03,2025,-96
1012.6,00:04,2025,-85
1013.01,00:02,2026,-93
1013.07,00:03,2026,-96
1013.1,00:04,2026,-86
1013.51,00:02,2027,-93
1013.57,00:03,2027,-96
1013.6,00:04,2027,-86
1014.01,00:02,2028,-93
1014.07,00:03,2028,-96
1014.1,00:04,2028,-86
1014.51,00:02,2029,-93
1014.57,00:03,2029,-96
1014.6,00:04,2029,-86
1015.01,00:02,2030,-93
1015.08,00:03,2030,-96
1015.1,00:04,2030,-86
1015.51,00:02,2031,-93
1015.57,00:03,2031,-96
1015.6,00:04,2031,-86
1016.01,00:02,2032,-93
1016.07,00:03,2032,-95
1016.1,00:04,2032,-86
1016.51,00:02,2033,-93
1016.57,00:03,2033,-95
1016.6,00:04,2033,-86
1017.01,00:02,2034,-93
1017.07,00:03,2034,-95
1017.1,00:04,2034,-86
1017.51,00:02,2035,-93
1017.57,00:03,2035,-95
1017.6,00:04,2035,-86
1018.01,00:02,2036,-93
1018.07,00:03,2036,-95
1018.1,00:04,2036,-86
1018.51,00:02,2037,-93
1018.57,00:03,2037,-95
1018.6,00:04,2037,-86
1019.02,00:02,2038,-94
1019.07,00:03,2038,-95
1019.1,00:04,2038,-86
1019.51,00:02,2039,-94
1019.57,00:03,2039,-95
1019.6,00:04,2039,-86
1020.01,00:02,2040,-94
1020.07,00:03,2040,-95
1020.1,00:04,2040,-86
1020.51,00:02,2041,-94
1020.57,00:03,2041,-95
1020.6,00:04,2041,-87
1021.01,00:02,2042,-94
1021.07,00:03,2042,-95
1021.1,00:04,2042,-87
1021.51,00:02,2043,-94
1021.57,00:03,2043,-95
1021.6,00:04,2043,-87
1022.01,00:02,2044,-94
1022.07,00:03,2044,-95
1022.1,00:04,2044,-87
1022.51,00:02,2045,-94
1022.57,00:03,2045,-95
1022.6,00:04,2045,-87
1023.01,00:02,2046,-94
1023.07,00:03,2046,-94
1023.1,00:04,2046,-87
1023.51,00:02,2047,-94
1023.57,00:03,2047,-94
1023.6,00:04,2047,-87
1024.01,00:02,2048,-94
1024.07,00:03,2048,-94
1024.1,00:04,2048,-87
1024.51,00:02,2049,-94
1024.57,00:03,2049,-94
1024.6,00:04,2049,-87
1025.01,00:02,2050,-95
1025.07,00:03,2050,-94
1025.1,00:04,2050,-87
1025.51,00:02,2051,-95
1025.57,00:03,2051,-94
1025.6,00:04,2051,-87
1026.01,00:02,2052,-95
1026.07,00:03,2052,-94
1026.1,00:04,2052,-88
1026.51,00:02,2053,-95
1026.57,00:03,2053,-94
1026.6,00:04,2053,-88
1027.01,00:02,2054,-95
1027.07,00:03,2054,-94
1027.1,00:04,2054,-88
1027.51,00:02,2055,-95
1027.58,00:03,2055,-94
1027.6,00:04,2055,-88
1028.01,00:02,2056,-95
1028.07,00:03,2056,-94
1028.1,00:04,2056,-88
1028.52,00:02,2057,-95
1028.57,00:03,2057,-94
1028.6,00:04,2057,-88
1029.01,00:02,2058,-95
1029.07,00:03,2058,-94
1029.1,00:04,2058,-88
1029.51,00:02,2059,-95
1029.57,00:03,2059,-94
1029.6,00:04,2059,-88
1030.01,00:02,2060,-95
1030.07,00:03,2060,-94
1030.1,00:04,2060,-88
1030.51,00:02,2061,-95
1030.58,00:03,2061,-94
1030.6,00:04,2061,-88
1031.01,00:02,2062,-96
1031.07,00:03,2062,-94
1031.1,00:04,2062,-89
1031.52,00:02,2063,-96
1031.58,00:03,2063,-93
1031.6,00:04,2063,-89
1032.02,00:02,2064,-96
1032.07,00:03,2064,-93
1032.1,00:04,2064,-89
1032.51,00:02,2065,-96
1032.57,00:03,2065,-93
1032.6,00:04,2065,-89
1033.01,00:02,2066,-100
1033.08,00:03,2066,-97
1033.1,00:04,2066,-93
1033.51,00:02,2067,-100
1033.57,00:03,2067,-97
1033.6,00:04,2067,-93
1034.01,00:02,2068,-100
1034.07,00:03,2068,-97
1034.1,00:04,2068,-93
1034.51,00:02,2069,-100
1034.57,00:03,2069,-97
1034.6,00:04,2069,-93
1035.01,00:02,2070,-100
1035.07,00:03,2070,-97
1035.1,00:04,2070,-94
1035.51,00:02,2071,-100
1035.57,00:03,2071,-97
1035.6,00:04,2071,-94
1036.01,00:02,2072,-100
1036.07,00:03,2072,-97
1036.1,00:04,2072,-94
1036.51,00:02,2073,-100
1036.58,00:03,2073,-97
1036.6,00:04,2073,-94
1037.01,00:02,2074,-96
1037.08,00:03,2074,-93
1037.1,00:04,2074,-90
1037.51,00:02,2075,-97
1037.57,00:03,2075,-93
1037.6,00:04,2075,-90
1038.01,00:02,2076,-97
1038.07,00:03,2076,-93
1038.1,00:04,2076,-90
1038.51,00:02,2077,-97
1038.58,00:03,2077,-93
1038.6,00:04,2077,-90
1039.01,00:02,2078,-97
1039.08,00:03,2078,-93
1039.1,00:04,2078,-90
1039.51,00:02,2079,-97
1039.57,00:03,2079,-93
1039.6,00:04,2079,-91
1040.01,00:02,2080,-97
1040.07,00:03,2080,-93
1040.1,00:04,2080,-91
1040.51,00:02,2081,-97
1040.58,00:03,2081,-93
1040.6,00:04,2081,-91
1041.01,00:02,2082,-97
1041.08,00:03,2082,-93
1041.1,00:04,2082,-91
1041.51,00:02,2083,-97
1041.57,00:03,2083,-93
1041.6,00:04,2083,-91
1042.01,00:02,2084,-97
1042.07,00:03,2084,-93
1042.1,00:04,2084,-91
1042.51,00:02,2085,-97
1042.57,00:03,2085,-93
1042.6,00:04,2085,-91
1043.01,00:02,2086,-97
1043.07,00:03,2086,-93
1043.1,00:04,2086,-91
1043.51,00:02,2087,-97
1043.57,00:03,2087,-93
1043.6,00:04,2087,-91
1044.01,00:02,2088,-97
1044.07,00:03,2088,-93
1044.1,00:04,2088,-92
1044.51,00:02,2089,-98
1044.57,00:03,2089,-93
1044.6,00:04,2089,-92
1045.01,00:02,2090,-98
1045.08,00:03,2090,-93
1045.1,00:04,2090,-92
1045.52,00:02,2091,-98
1045.57,00:03,2091,-93
1045.6,00:04,2091,-92
1046.01,00:02,2092,-98
1046.07,00:03,2092,-93
1046.1,00:04,2092,-92
1046.51,00:02,2093,-98
1046.57,00:03,2093,-93
1046.6,00:04,2093,-92
1047.01,00:02,2094,-98
1047.07,00:03,2094,-93
1047.1,00:04,2094,-92
1047.52,00:02,2095,-98
1047.58,00:03,2095,-93
1047.6,00:04,2095,-92
1048.02,00:02,2096,-98
1048.07,00:03,2096,-93
1048.1,00:04,2096,-93
1048.51,00:02,2097,-98
1048.57,00:03,2097,-93
1048.6,00:04,2097,-93
1049.01,00:02,2098,-98
1049.08,00:03,2098,-93
1049.1,00:04,2098,-93
1049.51,00:02,2099,-98
1049.57,00:03,2099,-93
1049.6,00:04,2099,-93
1050.01,00:02,2100,-98
1050.07,00:03,2100,-93
1050.1,00:04,2100,-93
1050.51,00:02,2101,-98
1050.57,00:03,2101,-93
1050.6,00:04,2101,-93
1051.01,00:02,2102,-98
1051.07,00:03,2102,-93
1051.1,00:04,2102,-93
1051.51,00:02,2103,-98
1051.57,00:03,2103,-93
1051.6,00:04,2103,-93
1052.01,00:02,2104,-99
1052.07,00:03,2104,-93
1052.1,00:04,2104,-93
1052.51,00:02,2105,-99
1052.58,00:03,2105,-93
1052.6,00:04,2105,-92
1053.01,00:02,2106,-99
1053.07,00:03,2106,-93
1053.1,00:04,2106,-92
1053.51,00:02,2107,-99
1053.57,00:03,2107,-94
1053.6,00:04,2107,-92
1054.01,00:02,2108,-99
1054.07,00:03,2108,-94
1054.1,00:04,2108,-92
1054.51,00:02,2109,-99
1054.58,00:03,2109,-94
1054.6,00:04,2109,-92
1055.01,00:02,2110,-99
1055.08,00:03,2110,-94
1055.1,00:04,2110,-92
1055.52,00:02,2111,-99
1055.58,00:03,2111,-94
1055.6,00:04,2111,-92
1056.01,00:02,2112,-99
1056.07,00:03,2112,-94
1056.1,00:04,2112,-92
1056.51,00:02,2113,-99
1056.57,00:03,2113,-94
1056.6,00:04,2113,-92
1057.01,00:02,2114,-99
1057.07,00:03,2114,-94
1057.1,00:04,2114,-92
1057.51,00:02,2115,-99
1057.57,00:03,2115,-94
1057.6,00:04,2115,-92
1058.01,00:02,2116,-99
1058.08,00:03,2116,-94
1058.1,00:04,2116,-92
1058.51,00:02,2117,-98
1058.57,00:03,2117,-94
1058.6,00:04,2117,-91
1059.01,00:02,2118,-98
1059.07,00:03,2118,-94
1059.1,00:04,2118,-91
1059.51,00:02,2119,-98
1059.58,00:03,2119,-94
1059.6,00:04,2119,-91
1060.01,00:02,2120,-98
1060.07,00:03,2120,-94
1060.1,00:04,2120,-91
1060.51,00:02,2121,-98
1060.57,00:03,2121,-94
1060.6,00:04,2121,-91
1061.01,00:02,2122,-98
1061.07,00:03,2122,-94
1061.1,00:04,2122,-91
1061.51,00:02,2123,-98
1061.58,00:03,2123,-94
1061.6,00:04,2123,-91
1062.01,00:02,2124,-98
1062.07,00:03,2124,-94
1062.1,00:04,2124,-90
1062.51,00:02,2125,-98
1062.57,00:03,2125,-94
1062.6,00:04,2125,-90
1063.01,00:02,2126,-98
1063.08,00:03,2126,-94
1063.1,00:04,2126,-90
1063.51,00:02,2127,-98
1063.58,00:03,2127,-94
1063.6,00:04,2127,-90
1064.01,00:02,2128,-98
1064.08,00:03,2128,-94
1064.1,00:04,2128,-90
1064.52,00:02,2129,-98
1064.57,00:03,2129,-94
1064.6,00:04,2129,-90
1065.01,00:02,2130,-98
1065.08,00:03,2130,-94
1065.1,00:04,2130,-90
1065.51,00:02,2131,-97
1065.57,00:03,2131,-94
1065.6,00:04,2131,-90
1066.01,00:02,2132,-97
1066.07,00:03,2132,-94
1066.1,00:04,2132,-89
1066.52,00:02,2133,-97
1066.57,00:03,2133,-94
1066.6,00:04,2133,-89
1067.01,00:02,2134,-97
1067.07,00:03,2134,-94
1067.1,00:04,2134,-89
1067.51,00:02,2135,-97
1067.57,00:03,2135,-94
1067.6,00:04,2135,-89
1068.01,00:02,2136,-97
1068.07,00:03,2136,-94
1068.1,00:04,2136,-89
1068.52,00:02,2137,-97
1068.57,00:03,2137,-94
1068.6,00:04,2137,-89
1069.01,00:02,2138,-101
1069.07,00:03,2138,-98
1069.1,00:04,2138,-93
1069.51,00:02,2139,-101
1069.57,00:03,2139,-99
1069.6,00:04,2139,-92
1070.01,00:02,2140,-101
1070.07,00:03,2140,-99
1070.1,00:04,2140,-92
1070.52,00:02,2141,-101
1070.58,00:03,2141,-99
1070.6,00:04,2141,-92
1071.01,00:02,2142,-101
1071.08,00:03,2142,-99
1071.1,00:04,2142,-92
1071.51,00:02,2143,-101
1071.57,00:03,2143,-99
1071.6,00:04,2143,-92
1072.01,00:02,2144,-101
1072.08,00:03,2144,-99
1072.1,00:04,2144,-92
1072.51,00:02,2145,-100
1072.57,00:03,2145,-99
1072.6,00:04,2145,-92
1073.01,00:02,2146,-96
1073.07,00:03,2146,-95
1073.1,00:04,2146,-87
1073.51,00:02,2147,-96
1073.58,00:03,2147,-95
1073.6,00:04,2147,-87
1074.01,00:02,2148,-96
1074.07,00:03,2148,-95
1074.1,00:04,2148,-87
1074.51,00:02,2149,-96
1074.57,00:03,2149,-95
1074.6,00:04,2149,-87
1075.01,00:02,2150,-96
1075.07,00:03,2150,-95
1075.1,00:04,2150,-87
1075.51,00:02,2151,-96
1075.57,00:03,2151,-95
1075.6,00:04,2151,-87
1076.01,00:02,2152,-96
1076.08,00:03,2152,-95
1076.1,00:04,2152,-87
1076.52,00:02,2153,-96
1076.57,00:03,2153,-95
1076.6,00:04,2153,-87
1077.01,00:02,2154,-96
1077.08,00:03,2154,-95
1077.1,00:04,2154,-86
1077.51,00:02,2155,-96
1077.57,00:03,2155,-95
1077.6,00:04,2155,-86
1078.01,00:02,2156,-96
1078.07,00:03,2156,-95
1078.1,00:04,2156,-86
1078.51,00:02,2157,-96
1078.57,00:03,2157,-95
1078.6,00:04,2157,-86
1079.01,00:02,2158,-96
1079.07,00:03,2158,-95
1079.1,00:04,2158,-86
1079.51,00:02,2159,-95
1079.58,00:03,2159,-95
1079.6,00:04,2159,-86
1080.02,00:02,2160,-95
1080.08,00:03,2160,-95
1080.1,00:04,2160,-86
1080.51,00:02,2161,-95
1080.58,00:03,2161,-96
1080.6,00:04,2161,-86
1081.01,00:02,2162,-95
1081.07,00:03,2162,-96
1081.1,00:04,2162,-85
1081.51,00:02,2163,-95
1081.57,00:03,2163,-96
1081.6,00:04,2163,-85
1082.01,00:02,2164,-95
1082.07,00:03,2164,-96
1082.1,00:04,2164,-85
1082.51,00:02,2165,-95
1082.57,00:03,2165,-96
1082.6,00:04,2165,-85
1083.02,00:02,2166,-95
1083.07,00:03,2166,-96
1083.1,00:04,2166,-85
1083.51,00:02,2167,-95
1083.57,00:03,2167,-96
1083.6,00:04,2167,-85
1084.01,00:02,2168,-95
1084.07,00:03,2168,-96
1084.1,00:04,2168,-85
1084.51,00:02,2169,-95
1084.58,00:03,2169,-96
1084.6,00:04,2169,-85
1085.01,00:02,2170,-95
1085.07,00:03,2170,-96
1085.1,00:04,2170,-85
1085.51,00:02,2171,-95
1085.58,00:03,2171,-96
1085.6,00:04,2171,-84
1086.01,00:02,2172,-94
1086.07,00:03,2172,-96
1086.1,00:04,2172,-84
1086.51,00:02,2173,-94
1086.58,00:03,2173,-96
1086.6,00:04,2173,-84
1087.01,00:02,2174,-94
1087.07,00:03,2174,-96
1087.1,00:04,2174,-84
1087.51,00:02,2175,-94
1087.57,00:03,2175,-96
1087.6,00:04,2175,-84
1088.01,00:02,2176,-94
1088.07,00:03,2176,-96
1088.1,00:04,2176,-84
1088.51,00:02,2177,-94
1088.57,00:03,2177,-96
1088.6,00:04,2177,-84
1089.01,00:02,2178,-94
1089.08,00:03,2178,-97
1089.1,00:04,2178,-84
1089.51,00:02,2179,-94
1089.57,00:03,2179,-97
1089.6,00:04,2179,-84
1090.02,00:02,2180,-94
1090.08,00:03,2180,-97
1090.1,00:04,2180,-84
1090.51,00:02,2181,-94
1090.58,00:03,2181,-97
1090.6,00:04,2181,-83
1091.01,00:02,2182,-94
1091.08,00:03,2182,-97
1091.1,00:04,2182,-83
1091.51,00:02,2183,-94
1091.58,00:03,2183,-97
1091.6,00:04,2183,-83
1092.01,00:02,2184,-94
1092.08,00:03,2184,-97
1092.1,00:04,2184,-83
1092.51,00:02,2185,-93
1092.58,00:03,2185,-97
1092.6,00:04,2185,-83
1093.01,00:02,2186,-93
1093.08,00:03,2186,-97
1093.1,00:04,2186,-83
1093.51,00:02,2187,-93
1093.57,00:03,2187,-97
1093.6,00:04,2187,-83
1094.01,00:02,2188,-93
1094.08,00:03,2188,-97
1094.1,00:04,2188,-83
1094.51,00:02,2189,-93
1094.57,00:03,2189,-97
1094.6,00:04,2189,-83
1095.02,00:02,2190,-93
1095.08,00:03,2190,-97
1095.1,00:04,2190,-83
1095.51,00:02,2191,-93
1095.57,00:03,2191,-97
1095.6,00:04,2191,-83
1096.01,00:02,2192,-93
1096.08,00:03,2192,-97
1096.1,00:04,2192,-83
1096.51,00:02,2193,-93
1096.57,00:03,2193,-98
1096.6,00:04,2193,-83
1097.01,00:02,2194,-93
1097.08,00:03,2194,-98
1097.1,00:04,2194,-83
1097.51,00:02,2195,-93
1097.58,00:03,2195,-98
1097.6,00:04,2195,-83
1098.01,00:02,2196,-93
1098.07,00:03,2196,-98
1098.1,00:04,2196,-83
1098.51,00:02,2197,-93
1098.58,00:03,2197,-98
1098.6,00:04,2197,-83
1099.01,00:02,2198,-93
1099.07,00:03,2198,-98
1099.1,00:04,2198,-83
1099.52,00:02,2199,-92
1099.58,00:03,2199,-98
1099.6,00:04,2199,-83
1100.01,00:02,2200,-92
1100.08,00:03,2200,-98
1100.1,00:04,2200,-83
1100.52,00:02,2201,-92
1100.57,00:03,2201,-98
1100.6,00:04,2201,-83
1101.01,00:02,2202,-92
1101.08,00:03,2202,-98
1101.1,00:04,2202,-83
1101.52,00:02,2203,-92
1101.57,00:03,2203,-98
1101.6,00:04,2203,-83
1102.01,00:02,2204,-92
1102.08,00:03,2204,-98
1102.1,00:04,2204,-83
1102.51,00:02,2205,-92
1102.57,00:03,2205,-98
1102.6,00:04,2205,-83
1103.01,00:02,2206,-92
1103.07,00:03,2206,-98
1103.1,00:04,2206,-83
1103.51,00:02,2207,-92
1103.57,00:03,2207,-99
1103.6,00:04,2207,-83
1104.01,00:02,2208,-92
1104.07,00:03,2208,-99
1104.1,00:04,2208,-83
1104.52,00:02,2209,-92
1104.58,00:03,2209,-99
1104.6,00:04,2209,-83
1105.01,00:02,2210,-92
1105.07,00:03,2210,-99
1105.1,00:04,2210,-83
1105.51,00:02,2211,-92
1105.57,00:03,2211,-99
1105.6,00:04,2211,-83
1106.01,00:02,2212,-92
1106.08,00:03,2212,-99
1106.1,00:04,2212,-83
1106.51,00:02,2213,-91
1106.57,00:03,2213,-99
1106.6,00:04,2213,-83
1107.01,00:02,2214,-91
1107.08,00:03,2214,-99
1107.1,00:04,2214,-83
1107.51,00:02,2215,-91
1107.58,00:03,2215,-99
1107.6,00:04,2215,-83
1108.01,00:02,2216,-91
1108.08,00:03,2216,-99
1108.1,00:04,2216,-83
1108.51,00:02,2217,-91
1108.58,00:03,2217,-99
1108.6,00:04,2217,-83
1109.01,00:02,2218,-91
1109.08,00:03,2218,-99
1109.1,00:04,2218,-83
1109.51,00:02,2219,-91
1109.58,00:03,2219,-99
1109.6,00:04,2219,-83
1110.01,00:02,2220,-91
1110.08,00:03,2220,-99
1110.1,00:04,2220,-83
1110.51,00:02,2221,-91
1110.58,00:03,2221,-100
1110.6,00:04,2221,-83
1111.01,00:02,2222,-91
1111.08,00:03,2222,-100
1111.1,00:04,2222,-83
1111.51,00:02,2223,-91
1111.58,00:03,2223,-100
1111.6,00:04,2223,-83
1112.01,00:02,2224,-91
1112.08,00:03,2224,-100
1112.1,00:04,2224,-84
1112.51,00:02,2225,-91
1112.57,00:03,2225,-100
1112.6,00:04,2225,-84
1113.02,00:02,2226,-91
1113.08,00:03,2226,-100
1113.1,00:04,2226,-84
1113.51,00:02,2227,-91
1113.58,00:03,2227,-100
1113.6,00:04,2227,-84
1114.02,00:02,2228,-90
1114.07,00:03,2228,-100
1114.1,00:04,2228,-84
1114.51,00:02,2229,-90
1114.58,00:03,2229,-100
1114.6,00:04,2229,-84
1115.02,00:02,2230,-90
1115.07,00:03,2230,-100
1115.1,00:04,2230,-84
1115.52,00:02,2231,-90
1115.58,00:03,2231,-100
1115.6,00:04,2231,-84
1116.01,00:02,2232,-90
1116.08,00:03,2232,-100
1116.1,00:04,2232,-84
1116.51,00:02,2233,-90
1116.58,00:03,2233,-100
1116.6,00:04,2233,-84
1117.02,00:02,2234,-90
1117.08,00:03,2234,-101
1117.1,00:04,2234,-85
1117.51,00:02,2235,-90
1117.58,00:03,2235,-101
1117.6,00:04,2235,-85
1118.01,00:02,2236,-90
1118.07,00:03,2236,-101
1118.1,00:04,2236,-85
1118.51,00:02,2237,-90
1118.58,00:03,2237,-101
1118.6,00:04,2237,-85
1119.01,00:02,2238,-90
1119.08,00:03,2238,-101
1119.1,00:04,2238,-85
1119.52,00:02,2239,-90
1119.58,00:03,2239,-101
1119.6,00:04,2239,-85
1120.01,00:02,2240,-90
1120.08,00:03,2240,-101
1120.1,00:04,2240,-85
1120.51,00:02,2241,-90
1120.58,00:03,2241,-101
1120.6,00:04,2241,-85
1121.02,00:02,2242,-90
1121.07,00:03,2242,-101
1121.1,00:04,2242,-85
1121.51,00:02,2243,-90
1121.58,00:03,2243,-101
1121.6,00:04,2243,-86
1122.02,00:02,2244,-90
1122.07,00:03,2244,-101
1122.1,00:04,2244,-86
1122.51,00:02,2245,-89
1122.57,00:03,2245,-101
1122.6,00:04,2245,-86
1123.01,00:02,2246,-89
1123.07,00:03,2246,-101
1123.1,00:04,2246,-86
1123.52,00:02,2247,-89
1123.58,00:03,2247,-102
1123.6,00:04,2247,-86
1124.01,00:02,2248,-89
1124.08,00:03,2248,-102
1124.1,00:04,2248,-86
1124.51,00:02,2249,-89
1124.58,00:03,2249,-102
1124.6,00:04,2249,-86
1125.01,00:02,2250,-89
1125.08,00:03,2250,-102
1125.1,00:04,2250,-86
1125.51,00:02,2251,-89
1125.58,00:03,2251,-102
1125.6,00:04,2251,-87
1126.01,00:02,2252,-89
1126.08,00:03,2252,-102
1126.1,00:04,2252,-87
1126.51,00:02,2253,-89
1126.58,00:03,2253,-102
1126.6,00:04,2253,-87
1127.01,00:02,2254,-89
1127.08,00:03,2254,-102
1127.1,00:04,2254,-87
1127.51,00:02,2255,-89
1127.58,00:03,2255,-102
1127.6,00:04,2255,-87
1128.02,00:02,2256,-89
1128.08,00:03,2256,-102
1128.1,00:04,2256,-87
1128.51,00:02,2257,-89
1128.58,00:03,2257,-102
1128.6,00:04,2257,-87
1129.01,00:02,2258,-93
1129.08,00:03,2258,-106
1129.1,00:04,2258,-92
1129.51,00:02,2259,-93
1129.58,00:03,2259,-106
1129.6,00:04,2259,-92
1130.01,00:02,2260,-93
1130.08,00:03,2260,-106
1130.1,00:04,2260,-92
1130.51,00:02,2261,-93
1130.58,00:03,2261,-107
1130.6,00:04,2261,-92
1131.01,00:02,2262,-93
1131.08,00:03,2262,-107
1131.1,00:04,2262,-92
1131.51,00:02,2263,-93
1131.58,00:03,2263,-107
1131.6,00:04,2263,-92
1132.01,00:02,2264,-93
1132.08,00:03,2264,-107
1132.1,00:04,2264,-92
1132.51,00:02,2265,-93
1132.58,00:03,2265,-107
1132.6,00:04,2265,-92
1133.02,00:02,2266,-89
1133.08,00:03,2266,-103
1133.1,00:04,2266,-89
1133.52,00:02,2267,-89
1133.58,00:03,2267,-103
1133.6,00:04,2267,-89
1134.01,00:02,2268,-89
1134.07,00:03,2268,-103
1134.1,00:04,2268,-89
1134.51,00:02,2269,-88
1134.58,00:03,2269,-103
1134.6,00:04,2269,-89
1135.02,00:02,2270,-88
1135.08,00:03,2270,-103
1135.1,00:04,2270,-89
1135.51,00:02,2271,-88
1135.58,00:03,2271,-103
1135.6,00:04,2271,-89
1136.01,00:02,2272,-88
1136.07,00:03,2272,-103
1136.1,00:04,2272,-89
1136.51,00:02,2273,-88
1136.58,00:03,2273,-103
1136.6,00:04,2273,-90
1137.01,00:02,2274,-88
1137.08,00:03,2274,-103
1137.1,00:04,2274,-90
1137.51,00:02,2275,-88
1137.58,00:03,2275,-104
1137.6,00:04,2275,-90
1138.01,00:02,2276,-88
1138.08,00:03,2276,-104
1138.1,00:04,2276,-90
1138.51,00:02,2277,-88
1138.58,00:03,2277,-104
1138.6,00:04,2277,-90
1139.01,00:02,2278,-88
1139.08,00:03,2278,-104
1139.1,00:04,2278,-90
1139.52,00:02,2279,-88
1139.57,00:03,2279,-104
1139.6,00:04,2279,-90
1140.01,00:02,2280,-88
1140.08,00:03,2280,-104
1140.1,00:04,2280,-91
1140.51,00:02,2281,-88
1140.58,00:03,2281,-104
1140.6,00:04,2281,-91
1141.01,00:02,2282,-88
1141.07,00:03,2282,-104
1141.1,00:04,2282,-91
1141.51,00:02,2283,-88
1141.58,00:03,2283,-104
1141.6,00:04,2283,-91
1142.01,00:02,2284,-88
1142.08,00:03,2284,-104
1142.1,00:04,2284,-91
1142.51,00:02,2285,-88
1142.58,00:03,2285,-104
1142.6,00:04,2285,-91
1143.01,00:02,2286,-88
1143.08,00:03,2286,-104
1143.1,00:04,2286,-91
1143.51,00:02,2287,-88
1143.58,00:03,2287,-104
1143.6,00:04,2287,-91
1144.02,00:02,2288,-88
1144.08,00:03,2288,-104
1144.1,00:04,2288,-92
1144.51,00:02,2289,-88
1144.58,00:03,2289,-105
1144.6,00:04,2289,-92
1145.02,00:02,2290,-88
1145.08,00:03,2290,-105
1145.1,00:04,2290,-92
1145.51,00:02,2291,-88
1145.58,00:03,2291,-105
1145.6,00:04,2291,-92
1146.01,00:02,2292,-88
1146.08,00:03,2292,-105
1146.1,00:04,2292,-92
1146.51,00:02,2293,-88
1146.58,00:03,2293,-105
1146.6,00:04,2293,-92
1147.01,00:02,2294,-88
1147.08,00:03,2294,-105
1147.1,00:04,2294,-92
1147.51,00:02,2295,-89
1147.58,00:03,2295,-105
1147.6,00:04,2295,-92
1148.01,00:02,2296,-89
1148.08,00:03,2296,-105
1148.1,00:04,2296,-92
1148.52,00:02,2297,-89
1148.58,00:03,2297,-105
1148.6,00:04,2297,-92
1149.01,00:02,2298,-89
1149.08,00:03,2298,-105
1149.1,00:04,2298,-91
1149.52,00:02,2299,-89
1149.58,00:03,2299,-105
1149.6,00:04,2299,-91
1150.01,00:02,2300,-89
1150.08,00:03,2300,-105
1150.1,00:04,2300,-91
1150.52,00:02,2301,-89
1150.58,00:03,2301,-105
1150.6,00:04,2301,-91
1151.01,00:02,2302,-90
1151.08,00:03,2302,-105
1151.1,00:04,2302,-91
1151.52,00:02,2303,-90
1151.58,00:03,2303,-105
1151.6,00:04,2303,-91
1152.01,00:02,2304,-90
1152.08,00:03,2304,-105
1152.1,00:04,2304,-91
1152.52,00:02,2305,-90
1152.58,00:03,2305,-105
1152.6,00:04,2305,-91
1153.01,00:02,2306,-90
1153.08,00:03,2306,-105
1153.1,00:04,2306,-91
1153.51,00:02,2307,-90
1153.58,00:03,2307,-105
1153.6,00:04,2307,-91
1154.01,00:02,2308,-90
1154.08,00:03,2308,-105
1154.1,00:04,2308,-91
1154.52,00:02,2309,-90
1154.58,00:03,2309,-105
1154.6,00:04,2309,-90
1155.01,00:02,2310,-90
1155.08,00:03,2310,-105
1155.1,00:04,2310,-90
1155.51,00:02,2311,-90
1155.58,00:03,2311,-105
1155.6,00:04,2311,-90
1156.01,00:02,2312,-90
1156.08,00:03,2312,-105
1156.1,00:04,2312,-90
1156.52,00:02,2313,-90
1156.58,00:03,2313,-105
1156.6,00:04,2313,-90
1157.01,00:02,2314,-90
1157.08,00:03,2314,-104
1157.1,00:04,2314,-90
1157.52,00:02,2315,-90
1157.58,00:03,2315,-104
1157.6,00:04,2315,-90
1158.01,00:02,2316,-90
1158.08,00:03,2316,-104
1158.1,00:04,2316,-89
1158.52,00:02,2317,-90
1158.58,00:03,2317,-104
1158.6,00:04,2317,-89
1159.01,00:02,2318,-90
1159.08,00:03,2318,-104
1159.1,00:04,2318,-89
1159.51,00:02,2319,-90
1159.58,00:03,2319,-104
1159.6,00:04,2319,-89
1160.01,00:02,2320,-90
1160.07,00:03,2320,-104
1160.1,00:04,2320,-89
1160.51,00:02,2321,-90
1160.58,00:03,2321,-104
1160.6,00:04,2321,-89
1161.01,00:02,2322,-90
1161.08,00:03,2322,-104
1161.1,00:04,2322,-88
1161.52,00:02,2323,-90
1161.58,00:03,2323,-104
1161.6,00:04,2323,-88
1162.01,00:02,2324,-90
1162.08,00:03,2324,-104
1162.1,00:04,2324,-88
1162.52,00:02,2325,-90
1162.58,00:03,2325,-104
1162.6,00:04,2325,-88
1163.01,00:02,2326,-90
1163.08,00:03,2326,-104
1163.1,00:04,2326,-88
1163.51,00:02,2327,-90
1163.58,00:03,2327,-104
1163.6,00:04,2327,-88
1164.02,00:02,2328,-90
1164.08,00:03,2328,-104
1164.1,00:04,2328,-88
1164.51,00:02,2329,-90
1164.58,00:03,2329,-103
1164.6,00:04,2329,-87
1165.02,00:02,2330,-94
1165.07,00:03,2330,-107
1165.1,00:04,2330,-91
1165.51,00:02,2331,-94
1165.58,00:03,2331,-107
1165.6,00:04,2331,-91
1166.02,00:02,2332,-94
1166.07,00:03,2332,-107
1166.1,00:04,2332,-91
1166.52,00:02,2333,-94
1166.58,00:03,2333,-107
1166.6,00:04,2333,-91
1167.01,00:02,2334,-94
1167.08,00:03,2334,-107
1167.1,00:04,2334,-91
1167.51,00:02,2335,-94
1167.58,00:03,2335,-107
1167.6,00:04,2335,-90
1168.01,00:02,2336,-94
1168.08,00:03,2336,-107
1168.1,00:04,2336,-90
1168.51,00:02,2337,-94
1168.58,00:03,2337,-107
1168.6,00:04,2337,-90
1169.01,00:02,2338,-90
1169.07,00:03,2338,-103
1169.1,00:04,2338,-86
1169.51,00:02,2339,-90
1169.58,00:03,2339,-103
1169.6,00:04,2339,-86
1170.02,00:02,2340,-90
1170.08,00:03,2340,-103
1170.1,00:04,2340,-86
1170.52,00:02,2341,-90
1170.58,00:03,2341,-103
1170.6,00:04,2341,-85
1171.01,00:02,2342,-90
1171.08,00:03,2342,-103
1171.1,00:04,2342,-85
1171.51,00:02,2343,-90
1171.58,00:03,2343,-103
1171.6,00:04,2343,-85
1172.02,00:02,2344,-90
1172.07,00:03,2344,-102
1172.1,00:04,2344,-85
1172.51,00:02,2345,-90
1172.58,00:03,2345,-102
1172.6,00:04,2345,-85
1173.01,00:02,2346,-90
1173.08,00:03,2346,-102
1173.1,00:04,2346,-85
1173.52,00:02,2347,-91
1173.58,00:03,2347,-102
1173.6,00:04,2347,-85
1174.02,00:02,2348,-91
1174.08,00:03,2348,-102
1174.1,00:04,2348,-84
1174.51,00:02,2349,-91
1174.58,00:03,2349,-102
1174.6,00:04,2349,-84
1175.02,00:02,2350,-91
1175.08,00:03,2350,-102
1175.1,00:04,2350,-84
1175.52,00:02,2351,-91
1175.58,00:03,2351,-102
1175.6,00:04,2351,-84
1176.01,00:02,2352,-91
1176.08,00:03,2352,-102
1176.1,00:04,2352,-84
1176.51,00:02,2353,-91
1176.57,00:03,2353,-102
1176.6,00:04,2353,-84
1177.01,00:02,2354,-91
1177.08,00:03,2354,-102
1177.1,00:04,2354,-83
1177.51,00:02,2355,-91
1177.58,00:03,2355,-102
1177.6,00:04,2355,-83
1178.01,00:02,2356,-91
1178.08,00:03,2356,-102
1178.1,00:04,2356,-83
1178.52,00:02,2357,-91
1178.58,00:03,2357,-102
1178.6,00:04,2357,-83
1179.01,00:02,2358,-91
1179.08,00:03,2358,-102
1179.1,00:04,2358,-83
1179.51,00:02,2359,-91
1179.58,00:03,2359,-101
1179.6,00:04,2359,-83
1180.01,00:02,2360,-91
1180.08,00:03,2360,-101
1180.1,00:04,2360,-83
1180.51,00:02,2361,-91
1180.58,00:03,2361,-101
1180.6,00:04,2361,-82
1181.02,00:02,2362,-91
1181.08,00:03,2362,-101
1181.1,00:04,2362,-82
1181.51,00:02,2363,-91
1181.58,00:03,2363,-101
1181.6,00:04,2363,-82
1182.02,00:02,2364,-91
1182.08,00:03,2364,-101
1182.09,00:04,2364,-82
1182.52,00:02,2365,-91
1182.58,00:03,2365,-101
1182.6,00:04,2365,-82
1183.02,00:02,2366,-91
1183.08,00:03,2366,-101
1183.1,00:04,2366,-82
1183.51,00:02,2367,-92
1183.58,00:03,2367,-101
1183.6,00:04,2367,-82
1184.02,00:02,2368,-92
1184.08,00:03,2368,-101
1184.1,00:04,2368,-81
1184.51,00:02,2369,-92
1184.58,00:03,2369,-101
1184.6,00:04,2369,-81
1185.01,00:02,2370,-92
1185.08,00:03,2370,-101
1185.1,00:04,2370,-81
1185.51,00:02,2371,-92
1185.58,00:03,2371,-101
1185.6,00:04,2371,-81
1186.01,00:02,2372,-92
1186.08,00:03,2372,-101
1186.1,00:04,2372,-81
1186.51,00:02,2373,-92
1186.58,00:03,2373,-100
1186.6,00:04,2373,-81
1187.02,00:02,2374,-92
1187.08,00:03,2374,-100
1187.1,00:04,2374,-81
1187.52,00:02,2375,-92
1187.58,00:03,2375,-100
1187.6,00:04,2375,-81
1188.01,00:02,2376,-92
1188.08,00:03,2376,-100
1188.1,00:04,2376,-81
1188.51,00:02,2377,-92
1188.58,00:03,2377,-100
1188.6,00:04,2377,-80
1189.01,00:02,2378,-92
1189.08,00:03,2378,-100
1189.1,00:04,2378,-80
1189.51,00:02,2379,-92
1189.58,00:03,2379,-100
1189.6,00:04,2379,-80
1190.01,00:02,2380,-92
1190.08,00:03,2380,-100
1190.1,00:04,2380,-80
1190.52,00:02,2381,-92
1190.58,00:03,2381,-100
1190.6,00:04,2381,-80
1191.01,00:02,2382,-92
1191.08,00:03,2382,-100
1191.1,00:04,2382,-80
1191.51,00:02,2383,-92
1191.58,00:03,2383,-100
1191.6,00:04,2383,-80
1192.01,00:02,2384,-93
1192.08,00:03,2384,-100
1192.1,00:04,2384,-80
1192.51,00:02,2385,-93
1192.58,00:03,2385,-100
1192.6,00:04,2385,-80
1193.01,00:02,2386,-93
1193.08,00:03,2386,-100
1193.1,00:04,2386,-80
1193.52,00:02,2387,-93
1193.58,00:03,2387,-100
1193.6,00:04,2387,-80
1194.01,00:02,2388,-93
1194.08,00:03,2388,-99
1194.1,00:04,2388,-80
1194.51,00:02,2389,-93
1194.58,00:03,2389,-99
1194.6,00:04,2389,-80
1195.01,00:02,2390,-93
1195.08,00:03,2390,-99
1195.1,00:04,2390,-80
1195.52,00:02,2391,-93
1195.58,00:03,2391,-99
1195.6,00:04,2391,-80
1196.01,00:02,2392,-93
1196.08,00:03,2392,-99
1196.1,00:04,2392,-80
1196.51,00:02,2393,-93
1196.58,00:03,2393,-99
1196.6,00:04,2393,-80
1197.02,00:02,2394,-93
1197.08,00:03,2394,-99
1197.1,00:04,2394,-80
1197.52,00:02,2395,-93
1197.58,00:03,2395,-99
1197.6,00:04,2395,-80
1198.02,00:02,2396,-93
1198.08,00:03,2396,-99
1198.1,00:04,2396,-80
1198.51,00:02,2397,-93
1198.58,00:03,2397,-99
1198.59,00:04,2397,-80
1199.01,00:02,2398,-93
1199.08,00:03,2398,-99
1199.1,00:04,2398,-80
1199.52,00:02,2399,-93
1199.58,00:03,2399,-99
1199.6,00:04,2399,-80
1200.01,00:02,2400,-94
1200.08,00:03,2400,-99
1200.1,00:04,2400,-80
1200.52,00:02,2401,-94
1200.58,00:03,2401,-99
1200.6,00:04,2401,-80
1201.02,00:02,2402,-94
1201.08,00:03,2402,-99
1201.1,00:04,2402,-80
1201.52,00:02,2403,-94
1201.58,00:03,2403,-98
1201.6,00:04,2403,-80
1202.02,00:02,2404,-94
1202.08,00:03,2404,-98
1202.1,00:04,2404,-80
1202.51,00:02,2405,-94
1202.58,00:03,2405,-98
1202.6,00:04,2405,-80
1203.01,00:02,2406,-94
1203.08,00:03,2406,-98
1203.09,00:04,2406,-80
1203.52,00:02,2407,-94
1203.58,00:03,2407,-98
1203.6,00:04,2407,-80
1204.01,00:02,2408,-94
1204.08,00:03,2408,-98
1204.1,00:04,2408,-80
1204.52,00:02,2409,-94
1204.58,00:03,2409,-98
1204.6,00:04,2409,-80
1205.02,00:02,2410,-94
1205.08,00:03,2410,-98
1205.1,00:04,2410,-80
1205.52,00:02,2411,-94
1205.58,00:03,2411,-98
1205.6,00:04,2411,-80
1206.02,00:02,2412,-94
1206.08,00:03,2412,-98
1206.1,00:04,2412,-81
1206.51,00:02,2413,-94
1206.58,00:03,2413,-98
1206.6,00:04,2413,-81
1207.02,00:02,2414,-95
1207.08,00:03,2414,-98
1207.1,00:04,2414,-81
1207.51,00:02,2415,-95
1207.58,00:03,2415,-98
1207.6,00:04,2415,-81
1208.01,00:02,2416,-95
1208.08,00:03,2416,-98
1208.1,00:04,2416,-81
1208.51,00:02,2417,-95
1208.58,00:03,2417,-98
1208.6,00:04,2417,-81
1209.01,00:02,2418,-95
1209.08,00:03,2418,-98
1209.1,00:04,2418,-81
1209.52,00:02,2419,-95
1209.58,00:03,2419,-98
1209.6,00:04,2419,-81
1210.02,00:02,2420,-95
1210.08,00:03,2420,-97
1210.1,00:04,2420,-81
1210.51,00:02,2421,-95
1210.58,00:03,2421,-97
1210.6,00:04,2421,-82
1211.01,00:02,2422,-95
1211.08,00:03,2422,-97
1211.1,00:04,2422,-82
1211.52,00:02,2423,-95
1211.58,00:03,2423,-97
1211.6,00:04,2423,-82
1212.02,00:02,2424,-95
1212.08,00:03,2424,-97
1212.1,00:04,2424,-82
1212.51,00:02,2425,-95
1212.58,00:03,2425,-97
1212.6,00:04,2425,-82
1213.02,00:02,2426,-95
1213.08,00:03,2426,-97
1213.1,00:04,2426,-82
1213.51,00:02,2427,-95
1213.58,00:03,2427,-97
1213.6,00:04,2427,-82
1214.02,00:02,2428,-95
1214.08,00:03,2428,-97
1214.1,00:04,2428,-83
1214.52,00:02,2429,-96
1214.58,00:03,2429,-97
1214.6,00:04,2429,-83
1215.01,00:02,2430,-96
1215.08,00:03,2430,-97
1215.1,00:04,2430,-83
1215.51,00:02,2431,-96
1215.58,00:03,2431,-97
1215.6,00:04,2431,-83
1216.02,00:02,2432,-96
1216.08,00:03,2432,-97
1216.1,00:04,2432,-83
1216.52,00:02,2433,-96
1216.58,00:03,2433,-97
1216.6,00:04,2433,-83
1217.01,00:02,2434,-96
1217.08,00:03,2434,-97
1217.1,00:04,2434,-83
1217.51,00:02,2435,-96
1217.58,00:03,2435,-97
1217.6,00:04,2435,-84
1218.01,00:02,2436,-96
1218.08,00:03,2436,-97
1218.1,00:04,2436,-84
1218.52,00:02,2437,-96
1218.58,00:03,2437,-97
1218.6,00:04,2437,-84
1219.01,00:02,2438,-96
1219.08,00:03,2438,-97
1219.1,00:04,2438,-84
1219.51,00:02,2439,-96
1219.58,00:03,2439,-97
1219.6,00:04,2439,-84
1220.02,00:02,2440,-96
1220.08,00:03,2440,-96
1220.1,00:04,2440,-84
1220.52,00:02,2441,-96
1220.58,00:03,2441,-96
1220.6,00:04,2441,-85
1221.01,00:02,2442,-96
1221.08,00:03,2442,-96
1221.1,00:04,2442,-85
1221.52,00:02,2443,-96
1221.58,00:03,2443,-96
1221.59,00:04,2443,-85
1222.02,00:02,2444,-97
1222.08,00:03,2444,-96
1222.1,00:04,2444,-85
1222.51,00:02,2445,-97
1222.58,00:03,2445,-96
1222.6,00:04,2445,-85
1223.01,00:02,2446,-97
1223.08,00:03,2446,-96
1223.1,00:04,2446,-85
1223.51,00:02,2447,-97
1223.58,00:03,2447,-96
1223.6,00:04,2447,-86
1224.01,00:02,2448,-97
1224.08,00:03,2448,-96
1224.1,00:04,2448,-86
1224.52,00:02,2449,-97
1224.58,00:03,2449,-96
1224.6,00:04,2449,-86
1225.02,00:02,2450,-101
1225.08,00:03,2450,-100
1225.1,00:04,2450,-90
1225.51,00:02,2451,-101
1225.58,00:03,2451,-100
1225.6,00:04,2451,-90
1226.02,00:02,2452,-101
1226.08,00:03,2452,-100
1226.1,00:04,2452,-90
1226.51,00:02,2453,-101
1226.58,00:03,2453,-100
1226.6,00:04,2453,-90
1227.02,00:02,2454,-101
1227.08,00:03,2454,-100
1227.09,00:04,2454,-91
1227.51,00:02,2455,-101
1227.58,00:03,2455,-100
1227.6,00:04,2455,-91
1228.01,00:02,2456,-101
1228.08,00:03,2456,-100
1228.1,00:04,2456,-91
1228.52,00:02,2457,-101
1228.58,00:03,2457,-100
1228.6,00:04,2457,-91
1229.01,00:02,2458,-98
1229.08,00:03,2458,-96
1229.1,00:04,2458,-87
1229.51,00:02,2459,-98
1229.58,00:03,2459,-96
1229.6,00:04,2459,-87
1230.02,00:02,2460,-98
1230.08,00:03,2460,-96
1230.09,00:04,2460,-88
1230.51,00:02,2461,-98
1230.58,00:03,2461,-96
1230.6,00:04,2461,-88
1231.01,00:02,2462,-98
1231.08,00:03,2462,-96
1231.1,00:04,2462,-88
1231.52,00:02,2463,-98
1231.58,00:03,2463,-96
1231.6,00:04,2463,-88
1232.02,00:02,2464,-98
1232.08,00:03,2464,-96
1232.1,00:04,2464,-88
1232.51,00:02,2465,-98
1232.58,00:03,2465,-96
1232.6,00:04,2465,-88
1233.01,00:02,2466,-98
1233.08,00:03,2466,-96
1233.1,00:04,2466,-89
1233.52,00:02,2467,-98
1233.58,00:03,2467,-96
1233.6,00:04,2467,-89
1234.01,00:02,2468,-98
1234.08,00:03,2468,-96
1234.1,00:04,2468,-89
1234.51,00:02,2469,-98
1234.58,00:03,2469,-96
1234.6,00:04,2469,-89
1235.02,00:02,2470,-98
1235.08,00:03,2470,-96
1235.1,00:04,2470,-89
1235.52,00:02,2471,-98
1235.58,00:03,2471,-96
1235.6,00:04,2471,-89
1236.01,00:02,2472,-98
1236.08,00:03,2472,-96
1236.09,00:04,2472,-89
1236.51,00:02,2473,-99
1236.58,00:03,2473,-96
1236.6,00:04,2473,-90
1237.01,00:02,2474,-99
1237.08,00:03,2474,-96
1237.1,00:04,2474,-90
1237.51,00:02,2475,-99
1237.58,00:03,2475,-96
1237.6,00:04,2475,-90
1238.02,00:02,2476,-99
1238.08,00:03,2476,-96
1238.09,00:04,2476,-90
1238.52,00:02,2477,-99
1238.58,00:03,2477,-96
1238.6,00:04,2477,-90
1239.02,00:02,2478,-99
1239.08,00:03,2478,-96
1239.1,00:04,2478,-90
1239.51,00:02,2479,-99
1239.58,00:03,2479,-96
1239.6,00:04,2479,-90
1240.02,00:02,2480,-99
1240.08,00:03,2480,-96
1240.1,00:04,2480,-91
1240.51,00:02,2481,-99
1240.58,00:03,2481,-96
1240.6,00:04,2481,-91
1241.02,00:02,2482,-99
1241.08,00:03,2482,-96
1241.09,00:04,2482,-91
1241.52,00:02,2483,-99
1241.58,00:03,2483,-96
1241.6,00:04,2483,-91
1242.01,00:02,2484,-99
1242.08,00:03,2484,-96
1242.1,00:04,2484,-91
1242.51,00:02,2485,-99
1242.58,00:03,2485,-96
1242.6,00:04,2485,-91
1243.02,00:02,2486,-99
1243.08,00:03,2486,-96
1243.1,00:04,2486,-91
1243.52,00:02,2487,-99
1243.58,00:03,2487,-96
1243.6,00:04,2487,-91
1244.01,00:02,2488,-99
1244.08,00:03,2488,-96
1244.1,00:04,2488,-91
1244.51,00:02,2489,-99
1244.58,00:03,2489,-96
1244.6,00:04,2489,-91
1245.02,00:02,2490,-100
1245.08,00:03,2490,-96
1245.1,00:04,2490,-91
1245.51,00:02,2491,-100
1245.58,00:03,2491,-96
1245.6,00:04,2491,-91
1246.02,00:02,2492,-100
1246.08,00:03,2492,-97
1246.1,00:04,2492,-90
1246.51,00:02,2493,-100
1246.58,00:03,2493,-97
1246.6,00:04,2493,-90
1247.01,00:02,2494,-100
1247.08,00:03,2494,-97
1247.1,00:04,2494,-90
1247.51,00:02,2495,-100
1247.58,00:03,2495,-97
1247.6,00:04,2495,-90
1248.02,00:02,2496,-100
1248.08,00:03,2496,-97
1248.1,00:04,2496,-90
1248.51,00:02,2497,-100
1248.58,00:03,2497,-97
1248.6,00:04,2497,-90
1249.01,00:02,2498,-100
1249.08,00:03,2498,-97
1249.1,00:04,2498,-90
1249.52,00:02,2499,-100
1249.58,00:03,2499,-97
1249.6,00:04,2499,-90
1250.01,00:02,2500,-99
1250.08,00:03,2500,-97
1250.09,00:04,2500,-90
1250.51,00:02,2501,-99
1250.58,00:03,2501,-97
1250.59,00:04,2501,-90
1251.02,00:02,2502,-99
1251.08,00:03,2502,-97
1251.1,00:04,2502,-89
1251.52,00:02,2503,-99
1251.58,00:03,2503,-97
1251.6,00:04,2503,-89
1252.02,00:02,2504,-99
1252.08,00:03,2504,-97
1252.1,00:04,2504,-89
1252.52,00:02,2505,-99
1252.58,00:03,2505,-97
1252.6,00:04,2505,-89
1253.02,00:02,2506,-99
1253.08,00:03,2506,-97
1253.1,00:04,2506,-89
1253.51,00:02,2507,-99
1253.58,00:03,2507,-97
1253.6,00:04,2507,-89
1254.02,00:02,2508,-99
1254.08,00:03,2508,-97
1254.1,00:04,2508,-88
1254.52,00:02,2509,-99
1254.58,00:03,2509,-97
1254.6,00:04,2509,-88
1255.01,00:02,2510,-99
1255.08,00:03,2510,-97
1255.1,00:04,2510,-88
1255.52,00:02,2511,-99
1255.58,00:03,2511,-97
1255.6,00:04,2511,-88
1256.01,00:02,2512,-99
1256.08,00:03,2512,-97
1256.1,00:04,2512,-88
1256.52,00:02,2513,-99
1256.58,00:03,2513,-97
1256.6,00:04,2513,-88
1257.01,00:02,2514,-99
1257.08,00:03,2514,-97
1257.1,00:04,2514,-87
1257.51,00:02,2515,-99
1257.58,00:03,2515,-97
1257.6,00:04,2515,-87
1258.01,00:02,2516,-98
1258.08,00:03,2516,-97
1258.1,00:04,2516,-87
1258.51,00:02,2517,-98
1258.58,00:03,2517,-97
1258.59,00:04,2517,-87
1259.01,00:02,2518,-98
1259.08,00:03,2518,-97
1259.1,00:04,2518,-87
1259.51,00:02,2519,-98
1259.58,00:03,2519,-97
1259.6,00:04,2519,-86
1260.02,00:02,2520,-98
1260.08,00:03,2520,-97
1260.1,00:04,2520,-86
1260.51,00:02,2521,-98
1260.58,00:03,2521,-97
1260.6,00:04,2521,-86
1261.01,00:02,2522,-102
1261.08,00:03,2522,-101
1261.09,00:04,2522,-90
1261.52,00:02,2523,-102
1261.58,00:03,2523,-101
1261.6,00:04,2523,-90
1262.02,00:02,2524,-102
1262.08,00:03,2524,-101
1262.1,00:04,2524,-90
1262.51,00:02,2525,-102
1262.58,00:03,2525,-101
1262.6,00:04,2525,-89
1263.01,00:02,2526,-102
1263.08,00:03,2526,-101
1263.1,00:04,2526,-89
1263.51,00:02,2527,-102
1263.58,00:03,2527,-101
1263.59,00:04,2527,-89
1264.01,00:02,2528,-102
1264.08,00:03,2528,-101
1264.1,00:04,2528,-89
1264.51,00:02,2529,-102
1264.58,00:03,2529,-101
1264.6,00:04,2529,-89
1265.01,00:02,2530,-98
1265.08,00:03,2530,-97
1265.1,00:04,2530,-84
1265.51,00:02,2531,-97
1265.58,00:03,2531,-97
1265.6,00:04,2531,-84
1266.02,00:02,2532,-97
1266.08,00:03,2532,-97
1266.1,00:04,2532,-84
1266.51,00:02,2533,-97
1266.58,00:03,2533,-97
1266.6,00:04,2533,-84
1267.01,00:02,2534,-97
1267.08,00:03,2534,-97
1267.1,00:04,2534,-84
1267.52,00:02,2535,-97
1267.58,00:03,2535,-98
1267.6,00:04,2535,-83
1268.02,00:02,2536,-97
1268.08,00:03,2536,-98
1268.1,00:04,2536,-83
1268.52,00:02,2537,-97
1268.58,00:03,2537,-98
1268.6,00:04,2537,-83
1269.02,00:02,2538,-97
1269.08,00:03,2538,-98
1269.1,00:04,2538,-83
1269.51,00:02,2539,-97
1269.58,00:03,2539,-98
1269.6,00:04,2539,-83
1270.02,00:02,2540,-97
1270.08,00:03,2540,-98
1270.1,00:04,2540,-82
1270.52,00:02,2541,-97
1270.58,00:03,2541,-98
1270.6,00:04,2541,-82
1271.01,00:02,2542,-97
1271.08,00:03,2542,-98
1271.1,00:04,2542,-82
1271.52,00:02,2543,-97
1271.58,00:03,2543,-98
1271.6,00:04,2543,-82
1272.02,00:02,2544,-97
1272.08,00:03,2544,-98
1272.1,00:04,2544,-82
1272.51,00:02,2545,-97
1272.58,00:03,2545,-98
1272.59,00:04,2545,-81
1273.01,00:02,2546,-97
1273.08,00:03,2546,-98
1273.1,00:04,2546,-81
1273.52,00:02,2547,-96
1273.58,00:03,2547,-98
1273.59,00:04,2547,-81
1274.01,00:02,2548,-96
1274.08,00:03,2548,-98
1274.1,00:04,2548,-81
1274.52,00:02,2549,-96
1274.58,00:03,2549,-98
1274.59,00:04,2549,-81
1275.01,00:02,2550,-96
1275.08,00:03,2550,-98
1275.1,00:04,2550,-81
1275.52,00:02,2551,-96
1275.58,00:03,2551,-98
1275.59,00:04,2551,-80
1276.02,00:02,2552,-96
1276.08,00:03,2552,-98
1276.1,00:04,2552,-80
1276.52,00:02,2553,-96
1276.58,00:03,2553,-98
1276.59,00:04,2553,-80
1277.02,00:02,2554,-96
1277.08,00:03,2554,-98
1277.1,00:04,2554,-80
1277.52,00:02,2555,-96
1277.58,00:03,2555,-98
1277.6,00:04,2555,-80
1278.01,00:02,2556,-96
1278.08,00:03,2556,-98
1278.1,00:04,2556,-79
1278.51,00:02,2557,-96
1278.58,00:03,2557,-98
1278.6,00:04,2557,-79
1279.01,00:02,2558,-96
1279.08,00:03,2558,-98
1279.1,00:04,2558,-79
1279.51,00:02,2559,-96
1279.58,00:03,2559,-99
1279.6,00:04,2559,-79
1280.02,00:02,2560,-96
1280.08,00:03,2560,-99
1280.1,00:04,2560,-79
1280.51,00:02,2561,-96
1280.58,00:03,2561,-99
1280.6,00:04,2561,-79
1281.02,00:02,2562,-96
1281.08,00:03,2562,-99
1281.09,00:04,2562,-78
1281.51,00:02,2563,-95
1281.58,00:03,2563,-99
1281.59,00:04,2563,-78
1282.02,00:02,2564,-95
1282.08,00:03,2564,-99
1282.1,00:04,2564,-78
1282.51,00:02,2565,-95
1282.58,00:03,2565,-99
1282.59,00:04,2565,-78
1283.02,00:02,2566,-95
1283.08,00:03,2566,-99
1283.1,00:04,2566,-78
1283.52,00:02,2567,-95
1283.58,00:03,2567,-99
1283.59,00:04,2567,-78
1284.02,00:02,2568,-95
1284.08,00:03,2568,-99
1284.1,00:04,2568,-77
1284.52,00:02,2569,-95
1284.58,00:03,2569,-99
1284.6,00:04,2569,-77
1285.01,00:02,2570,-95
1285.08,00:03,2570,-99
1285.09,00:04,2570,-77
1285.51,00:02,2571,-95
1285.58,00:03,2571,-99
1285.6,00:04,2571,-77
1286.02,00:02,2572,-95
1286.08,00:03,2572,-99
1286.1,00:04,2572,-77
1286.52,00:02,2573,-95
1286.58,00:03,2573,-99
1286.6,00:04,2573,-77
1287.01,00:02,2574,-95
1287.08,00:03,2574,-99
1287.09,00:04,2574,-77
1287.52,00:02,2575,-95
1287.58,00:03,2575,-99
1287.6,00:04,2575,-77
1288.01,00:02,2576,-95
1288.08,00:03,2576,-99
1288.1,00:04,2576,-77
1288.52,00:02,2577,-95
1288.58,00:03,2577,-99
1288.6,00:04,2577,-76
1289.01,00:02,2578,-95
1289.08,00:03,2578,-100
1289.1,00:04,2578,-76
1289.52,00:02,2579,-94
1289.58,00:03,2579,-100
1289.6,00:04,2579,-76
1290.02,00:02,2580,-94
1290.08,00:03,2580,-100
1290.1,00:04,2580,-76
1290.51,00:02,2581,-94
1290.58,00:03,2581,-100
1290.6,00:04,2581,-76
1291.02,00:02,2582,-94
1291.08,00:03,2582,-100
1291.09,00:04,2582,-76
1291.52,00:02,2583,-94
1291.58,00:03,2583,-100
1291.59,00:04,2583,-76
1292.01,00:02,2584,-94
1292.08,00:03,2584,-100
1292.09,00:04,2584,-76
1292.51,00:02,2585,-94
1292.58,00:03,2585,-100
1292.6,00:04,2585,-76
1293.01,00:02,2586,-94
1293.08,00:03,2586,-100
1293.1,00:04,2586,-76
1293.51,00:02,2587,-94
1293.58,00:03,2587,-100
1293.6,00:04,2587,-76
1294.02,00:02,2588,-94
1294.08,00:03,2588,-100
1294.1,00:04,2588,-76
1294.52,00:02,2589,-94
1294.58,00:03,2589,-100
1294.6,00:04,2589,-76
1295.01,00:02,2590,-94
1295.08,00:03,2590,-100
1295.1,00:04,2590,-76
1295.52,00:02,2591,-94
1295.58,00:03,2591,-100
1295.6,00:04,2591,-76
1296.02,00:02,2592,-94
1296.08,00:03,2592,-100
1296.09,00:04,2592,-76
1296.51,00:02,2593,-94
1296.58,00:03,2593,-100
1296.6,00:04,2593,-76
1297.02,00:02,2594,-94
1297.08,00:03,2594,-100
1297.1,00:04,2594,-76
1297.51,00:02,2595,-94
1297.58,00:03,2595,-101
1297.59,00:04,2595,-77
1298.02,00:02,2596,-93
1298.08,00:03,2596,-101
1298.09,00:04,2596,-77
1298.52,00:02,2597,-93
1298.58,00:03,2597,-101
1298.59,00:04,2597,-77
1299.01,00:02,2598,-93
1299.08,00:03,2598,-101
1299.1,00:04,2598,-77
1299.51,00:02,2599,-93
1299.58,00:03,2599,-101
1299.6,00:04,2599,-77
1300.02,00:02,2600,-93
1300.08,00:03,2600,-101
1300.09,00:04,2600,-77
1300.52,00:02,2601,-93
1300.58,00:03,2601,-101
1300.6,00:04,2601,-77
1301.02,00:02,2602,-93
1301.08,00:03,2602,-101
1301.1,00:04,2602,-77
1301.52,00:02,2603,-93
1301.58,00:03,2603,-101
1301.6,00:04,2603,-77
1302.02,00:02,2604,-93
1302.08,00:03,2604,-101
1302.1,00:04,2604,-77
1302.51,00:02,2605,-93
1302.58,00:03,2605,-101
1302.6,00:04,2605,-78
1303.01,00:02,2606,-93
1303.08,00:03,2606,-101
1303.1,00:04,2606,-78
1303.52,00:02,2607,-93
1303.58,00:03,2607,-101
1303.6,00:04,2607,-78
1304.01,00:02,2608,-93
1304.08,00:03,2608,-101
1304.1,00:04,2608,-78
1304.52,00:02,2609,-93
1304.58,00:03,2609,-101
1304.6,00:04,2609,-78
1305.02,00:02,2610,-93
1305.08,00:03,2610,-101
1305.1,00:04,2610,-78
1305.51,00:02,2611,-93
1305.58,00:03,2611,-102
1305.6,00:04,2611,-79
1306.02,00:02,2612,-93
1306.08,00:03,2612,-102
1306.1,00:04,2612,-79
1306.51,00:02,2613,-93
1306.58,00:03,2613,-102
1306.6,00:04,2613,-79
1307.01,00:02,2614,-93
1307.08,00:03,2614,-102
1307.09,00:04,2614,-79
1307.51,00:02,2615,-92
1307.58,00:03,2615,-102
1307.6,00:04,2615,-79
1308.01,00:02,2616,-92
1308.08,00:03,2616,-102
1308.1,00:04,2616,-79
1308.52,00:02,2617,-92
1308.58,00:03,2617,-102
1308.6,00:04,2617,-80
1309.02,00:02,2618,-92
1309.08,00:03,2618,-102
1309.1,00:04,2618,-80
1309.52,00:02,2619,-92
1309.58,00:03,2619,-102
1309.6,00:04,2619,-80
1310.01,00:02,2620,-92
1310.08,00:03,2620,-102
1310.1,00:04,2620,-80
1310.52,00:02,2621,-92
1310.58,00:03,2621,-102
1310.59,00:04,2621,-80
1311.02,00:02,2622,-92
1311.08,00:03,2622,-102
1311.1,00:04,2622,-81
1311.52,00:02,2623,-92
1311.58,00:03,2623,-102
1311.59,00:04,2623,-81
1312.02,00:02,2624,-92
1312.08,00:03,2624,-102
1312.1,00:04,2624,-81
1312.52,00:02,2625,-92
1312.58,00:03,2625,-102
1312.6,00:04,2625,-81
1313.01,00:02,2626,-92
1313.08,00:03,2626,-102
1313.09,00:04,2626,-81
1313.52,00:02,2627,-92
1313.58,00:03,2627,-103
1313.6,00:04,2627,-82
1314.02,00:02,2628,-92
1314.08,00:03,2628,-103
1314.09,00:04,2628,-82
1314.52,00:02,2629,-92
1314.58,00:03,2629,-103
1314.6,00:04,2629,-82
1315.02,00:02,2630,-92
1315.08,00:03,2630,-103
1315.1,00:04,2630,-82
1315.51,00:02,2631,-92
1315.58,00:03,2631,-103
1315.6,00:04,2631,-82
1316.02,00:02,2632,-92
1316.08,00:03,2632,-103
1316.1,00:04,2632,-83
1316.51,00:02,2633,-92
1316.58,00:03,2633,-103
1316.6,00:04,2633,-83
1317.02,00:02,2634,-92
1317.08,00:03,2634,-103
1317.09,00:04,2634,-83
1317.52,00:02,2635,-92
1317.58,00:03,2635,-103
1317.6,00:04,2635,-83
1318.02,00:02,2636,-92
1318.08,00:03,2636,-103
1318.1,00:04,2636,-83
1318.51,00:02,2637,-92
1318.58,00:03,2637,-103
1318.6,00:04,2637,-84
1319.01,00:02,2638,-92
1319.08,00:03,2638,-103
1319.1,00:04,2638,-84
1319.51,00:02,2639,-92
1319.58,00:03,2639,-103
1319.6,00:04,2639,-84
1320.02,00:02,2640,-91
1320.08,00:03,2640,-103
1320.1,00:04,2640,-84
1320.52,00:02,2641,-91
1320.58,00:03,2641,-103
1320.59,00:04,2641,-84
1321.02,00:02,2642,-91
1321.08,00:03,2642,-103
1321.09,00:04,2642,-84
1321.52,00:02,2643,-91
1321.58,00:03,2643,-104
1321.6,00:04,2643,-85
1322.02,00:02,2644,-91
1322.08,00:03,2644,-104
1322.1,00:04,2644,-85
1322.52,00:02,2645,-91
1322.58,00:03,2645,-104
1322.59,00:04,2645,-85
1323.01,00:02,2646,-91
1323.08,00:03,2646,-104
1323.1,00:04,2646,-85
1323.51,00:02,2647,-91
1323.58,00:03,2647,-104
1323.6,00:04,2647,-85
1324.02,00:02,2648,-91
1324.08,00:03,2648,-104
1324.1,00:04,2648,-86
1324.52,00:02,2649,-91
1324.58,00:03,2649,-104
1324.6,00:04,2649,-86
1325.01,00:02,2650,-91
1325.08,00:03,2650,-104
1325.09,00:04,2650,-86
1325.51,00:02,2651,-91
1325.58,00:03,2651,-104
1325.6,00:04,2651,-86
1326.02,00:02,2652,-91
1326.08,00:03,2652,-104
1326.1,00:04,2652,-86
1326.51,00:02,2653,-91
1326.58,00:03,2653,-104
1326.59,00:04,2653,-87
1327.01,00:02,2654,-91
1327.08,00:03,2654,-104
1327.1,00:04,2654,-87
1327.52,00:02,2655,-91
1327.58,00:03,2655,-104
1327.59,00:04,2655,-87
1328.01,00:02,2656,-91
1328.08,00:03,2656,-104
1328.09,00:04,2656,-87
1328.51,00:02,2657,-91
1328.58,00:03,2657,-104
1328.6,00:04,2657,-87
1329.02,00:02,2658,-91
1329.08,00:03,2658,-105
1329.1,00:04,2658,-87
1329.52,00:02,2659,-91
1329.58,00:03,2659,-105
1329.6,00:04,2659,-88
1330.02,00:02,2660,-91
1330.08,00:03,2660,-105
1330.1,00:04,2660,-88
1330.52,00:02,2661,-91
1330.58,00:03,2661,-105
1330.59,00:04,2661,-88
1331.02,00:02,2662,-91
1331.08,00:03,2662,-105
1331.1,00:04,2662,-88
1331.52,00:02,2663,-91
1331.58,00:03,2663,-105
1331.59,00:04,2663,-88
1332.02,00:02,2664,-91
1332.08,00:03,2664,-105
1332.1,00:04,2664,-88
1332.52,00:02,2665,-91
1332.58,00:03,2665,-105
1332.6,00:04,2665,-89
1333.01,00:02,2666,-91
1333.08,00:03,2666,-105
1333.1,00:04,2666,-89
1333.51,00:02,2667,-91
1333.58,00:03,2667,-105
1333.6,00:04,2667,-89
1334.02,00:02,2668,-91
1334.08,00:03,2668,-105
1334.09,00:04,2668,-89
1334.52,00:02,2669,-91
1334.58,00:03,2669,-105
1334.6,00:04,2669,-89
1335.01,00:02,2670,-91
1335.08,00:03,2670,-105
1335.09,00:04,2670,-89
1335.52,00:02,2671,-91
1335.58,00:03,2671,-105
1335.6,00:04,2671,-90
1336.02,00:02,2672,-91
1336.08,00:03,2672,-105
1336.1,00:04,2672,-90
1336.52,00:02,2673,-91
1336.58,00:03,2673,-105
1336.6,00:04,2673,-90
1337.02,00:02,2674,-91
1337.08,00:03,2674,-106
1337.1,00:04,2674,-90
1337.52,00:02,2675,-91
1337.58,00:03,2675,-106
1337.6,00:04,2675,-90
1338.01,00:02,2676,-91
1338.08,00:03,2676,-106
1338.1,00:04,2676,-90
1338.51,00:02,2677,-91
1338.58,00:03,2677,-106
1338.59,00:04,2677,-90
1339.02,00:02,2678,-91
1339.08,00:03,2678,-106
1339.09,00:04,2678,-90
1339.52,00:02,2679,-91
1339.58,00:03,2679,-106
1339.59,00:04,2679,-90
1340.02,00:02,2680,-91
1340.08,00:03,2680,-106
1340.09,00:04,2680,-90
1340.51,00:02,2681,-92
1340.58,00:03,2681,-106
1340.6,00:04,2681,-90
1341.02,00:02,2682,-92
1341.08,00:03,2682,-106
1341.1,00:04,2682,-90
1341.51,00:02,2683,-92
1341.58,00:03,2683,-106
1341.6,00:04,2683,-90
1342.01,00:02,2684,-92
1342.08,00:03,2684,-106
1342.1,00:04,2684,-90
1342.51,00:02,2685,-92
1342.58,00:03,2685,-106
1342.6,00:04,2685,-90
1343.02,00:02,2686,-92
1343.08,00:03,2686,-106
1343.1,00:04,2686,-90
1343.52,00:02,2687,-92
1343.58,00:03,2687,-106
1343.59,00:04,2687,-90
1344.02,00:02,2688,-92
1344.08,00:03,2688,-106
1344.09,00:04,2688,-90
1344.51,00:02,2689,-92
1344.58,00:03,2689,-106
1344.6,00:04,2689,-89
1345.02,00:02,2690,-92
1345.08,00:03,2690,-106
1345.1,00:04,2690,-89
1345.52,00:02,2691,-92
1345.58,00:03,2691,-106
1345.6,00:04,2691,-89
1346.02,00:02,2692,-92
1346.08,00:03,2692,-106
1346.1,00:04,2692,-89
1346.51,00:02,2693,-92
1346.58,00:03,2693,-106
1346.59,00:04,2693,-89
1347.01,00:02,2694,-99
1347.09,00:04,2694,-96
1347.52,00:02,2695,-99
1347.6,00:04,2695,-95
1348.02,00:02,2696,-99
1348.09,00:04,2696,-95
1348.52,00:02,2697,-99
1348.6,00:04,2697,-95
1349.02,00:02,2698,-99
1349.1,00:04,2698,-95
1349.52,00:02,2699,-99
1349.6,00:04,2699,-95
1350.01,00:02,2700,-99
1350.1,00:04,2700,-94
1350.51,00:02,2701,-99
1350.6,00:04,2701,-94
1351.01,00:02,2702,-99
1351.1,00:04,2702,-94
1351.52,00:02,2703,-99
1351.59,00:04,2703,-94
1352.02,00:02,2704,-99
1352.1,00:04,2704,-94
1352.51,00:02,2705,-99
1352.6,00:04,2705,-94
1353.02,00:02,2706,-99
1353.09,00:04,2706,-93
1353.52,00:02,2707,-99
1353.6,00:04,2707,-93
1354.01,00:02,2708,-99
1354.1,00:04,2708,-93
1354.52,00:02,2709,-99
1354.6,00:04,2709,-93
1355.01,00:02,2710,-99
1355.1,00:04,2710,-93
1355.52,00:02,2711,-99
1355.6,00:04,2711,-92
1356.01,00:02,2712,-99
1356.1,00:04,2712,-92
1356.52,00:02,2713,-99
1356.59,00:04,2713,-92
1357.02,00:02,2714,-99
1357.1,00:04,2714,-92
1357.52,00:02,2715,-99
1357.59,00:04,2715,-91
1358.02,00:02,2716,-99
1358.1,00:04,2716,-91
1358.51,00:02,2717,-99
1358.59,00:04,2717,-91
1359.02,00:02,2718,-92
1359.08,00:03,2718,-104
1359.09,00:04,2718,-84
1359.52,00:02,2719,-93
1359.58,00:03,2719,-104
1359.6,00:04,2719,-84
1360.02,00:02,2720,-93
1360.08,00:03,2720,-104
1360.1,00:04,2720,-83
1360.52,00:02,2721,-93
1360.58,00:03,2721,-104
1360.6,00:04,2721,-83
1361.02,00:02,2722,-93
1361.08,00:03,2722,-104
1361.1,00:04,2722,-83
1361.52,00:02,2723,-93
1361.58,00:03,2723,-104
1361.59,00:04,2723,-83
1362.02,00:02,2724,-93
1362.08,00:03,2724,-104
1362.09,00:04,2724,-83
1362.52,00:02,2725,-93
1362.58,00:03,2725,-104
1362.59,00:04,2725,-82
1363.02,00:02,2726,-93
1363.08,00:03,2726,-104
1363.09,00:04,2726,-82
1363.52,00:02,2727,-93
1363.58,00:03,2727,-104
1363.59,00:04,2727,-82
1364.02,00:02,2728,-93
1364.08,00:03,2728,-104
1364.1,00:04,2728,-82
1364.52,00:02,2729,-93
1364.58,00:03,2729,-104
1364.59,00:04,2729,-81
1365.02,00:02,2730,-93
1365.08,00:03,2730,-104
1365.09,00:04,2730,-81
1365.52,00:02,2731,-93
1365.58,00:03,2731,-104
1365.59,00:04,2731,-81
1366.02,00:02,2732,-93
1366.08,00:03,2732,-103
1366.09,00:04,2732,-81
1366.52,00:02,2733,-93
1366.58,00:03,2733,-103
1366.59,00:04,2733,-80
1367.02,00:02,2734,-93
1367.08,00:03,2734,-103
1367.1,00:04,2734,-80
1367.51,00:02,2735,-93
1367.58,00:03,2735,-103
1367.6,00:04,2735,-80
1368.02,00:02,2736,-93
1368.08,00:03,2736,-103
1368.09,00:04,2736,-80
1368.51,00:02,2737,-93
1368.58,00:03,2737,-103
1368.59,00:04,2737,-79
1369.02,00:02,2738,-93
1369.08,00:03,2738,-103
1369.1,00:04,2738,-79
1369.51,00:02,2739,-93
1369.58,00:03,2739,-103
1369.6,00:04,2739,-79
1370.02,00:02,2740,-93
1370.08,00:03,2740,-103
1370.09,00:04,2740,-79
1370.51,00:02,2741,-93
1370.58,00:03,2741,-103
1370.6,00:04,2741,-78
1371.01,00:02,2742,-93
1371.08,00:03,2742,-103
1371.09,00:04,2742,-78
1371.52,00:02,2743,-93
1371.58,00:03,2743,-103
1371.59,00:04,2743,-78
1372.02,00:02,2744,-93
1372.08,00:03,2744,-103
1372.09,00:04,2744,-78
1372.52,00:02,2745,-93
1372.58,00:03,2745,-103
1372.59,00:04,2745,-77
1373.02,00:02,2746,-93
1373.08,00:03,2746,-103
1373.09,00:04,2746,-77
1373.52,00:02,2747,-93
1373.58,00:03,2747,-103
1373.6,00:04,2747,-77
1374.01,00:02,2748,-93
1374.08,00:03,2748,-103
1374.1,00:04,2748,-77
1374.52,00:02,2749,-94
1374.58,00:03,2749,-102
1374.59,00:04,2749,-76
1375.02,00:02,2750,-94
1375.08,00:03,2750,-102
1375.09,00:04,2750,-76
1375.52,00:02,2751,-94
1375.58,00:03,2751,-102
1375.6,00:04,2751,-76
1376.02,00:02,2752,-94
1376.08,00:03,2752,-102
1376.09,00:04,2752,-76
1376.51,00:02,2753,-94
1376.58,00:03,2753,-102
1376.6,00:04,2753,-75
1377.02,00:02,2754,-94
1377.08,00:03,2754,-102
1377.1,00:04,2754,-75
1377.52,00:02,2755,-94
1377.58,00:03,2755,-102
1377.6,00:04,2755,-75
1378.02,00:02,2756,-94
1378.08,00:03,2756,-102
1378.09,00:04,2756,-75
1378.52,00:02,2757,-94
1378.58,00:03,2757,-102
1378.59,00:04,2757,-74
1379.02,00:02,2758,-94
1379.08,00:03,2758,-102
1379.1,00:04,2758,-74
1379.52,00:02,2759,-94
1379.58,00:03,2759,-102
1379.6,00:04,2759,-74
1380.02,00:02,2760,-94
1380.08,00:03,2760,-102
1380.09,00:04,2760,-74
1380.51,00:02,2761,-94
1380.58,00:03,2761,-102
1380.59,00:04,2761,-74
1381.01,00:02,2762,-94
1381.08,00:03,2762,-102
1381.1,00:04,2762,-73
1381.52,00:02,2763,-94
1381.58,00:03,2763,-102
1381.6,00:04,2763,-73
1382.02,00:02,2764,-94
1382.08,00:03,2764,-102
1382.1,00:04,2764,-73
1382.52,00:02,2765,-94
1382.58,00:03,2765,-102
1382.6,00:04,2765,-73
1383.02,00:02,2766,-94
1383.08,00:03,2766,-101
1383.09,00:04,2766,-73
1383.51,00:02,2767,-94
1383.58,00:03,2767,-101
1383.59,00:04,2767,-73
1384.02,00:02,2768,-94
1384.08,00:03,2768,-101
1384.09,00:04,2768,-72
1384.52,00:02,2769,-94
1384.58,00:03,2769,-101
1384.6,00:04,2769,-72
1385.02,00:02,2770,-95
1385.08,00:03,2770,-101
1385.09,00:04,2770,-72
1385.52,00:02,2771,-95
1385.58,00:03,2771,-101
1385.59,00:04,2771,-72
1386.02,00:02,2772,-95
1386.08,00:03,2772,-101
1386.09,00:04,2772,-72
1386.52,00:02,2773,-95
1386.58,00:03,2773,-101
1386.6,00:04,2773,-72
1387.01,00:02,2774,-95
1387.08,00:03,2774,-101
1387.1,00:04,2774,-72
1387.51,00:02,2775,-95
1387.58,00:03,2775,-101
1387.59,00:04,2775,-72
1388.01,00:02,2776,-95
1388.08,00:03,2776,-101
1388.1,00:04,2776,-72
1388.51,00:02,2777,-95
1388.58,00:03,2777,-101
1388.59,00:04,2777,-72
1389.02,00:02,2778,-95
1389.08,00:03,2778,-101
1389.1,00:04,2778,-72
1389.52,00:02,2779,-95
1389.58,00:03,2779,-101
1389.6,00:04,2779,-72
1390.02,00:02,2780,-95
1390.08,00:03,2780,-101
1390.1,00:04,2780,-72
1390.51,00:02,2781,-95
1390.58,00:03,2781,-101
1390.6,00:04,2781,-72
1391.01,00:02,2782,-95
1391.08,00:03,2782,-101
1391.09,00:04,2782,-72
1391.52,00:02,2783,-95
1391.58,00:03,2783,-101
1391.6,00:04,2783,-72
1392.02,00:02,2784,-95
1392.08,00:03,2784,-101
1392.1,00:04,2784,-72
1392.52,00:02,2785,-95
1392.58,00:03,2785,-100
1392.59,00:04,2785,-72
1393.02,00:02,2786,-95
1393.08,00:03,2786,-100
1393.09,00:04,2786,-72
1393.51,00:02,2787,-95
1393.58,00:03,2787,-100
1393.59,00:04,2787,-72
1394.02,00:02,2788,-95
1394.08,00:03,2788,-100
1394.1,00:04,2788,-73
1394.52,00:02,2789,-96
1394.58,00:03,2789,-100
1394.6,00:04,2789,-73
1395.02,00:02,2790,-96
1395.08,00:03,2790,-100
1395.09,00:04,2790,-73
1395.52,00:02,2791,-96
1395.58,00:03,2791,-100
1395.59,00:04,2791,-73
1396.01,00:02,2792,-96
1396.08,00:03,2792,-100
1396.1,00:04,2792,-73
1396.52,00:02,2793,-96
1396.58,00:03,2793,-100
1396.6,00:04,2793,-73
1397.02,00:02,2794,-96
1397.08,00:03,2794,-100
1397.1,00:04,2794,-73
1397.52,00:02,2795,-96
1397.58,00:03,2795,-100
1397.6,00:04,2795,-74
1398.02,00:02,2796,-96
1398.08,00:03,2796,-100
1398.09,00:04,2796,-74
1398.51,00:02,2797,-96
1398.58,00:03,2797,-100
1398.59,00:04,2797,-74
1399.02,00:02,2798,-96
1399.08,00:03,2798,-100
1399.09,00:04,2798,-74
1399.51,00:02,2799,-96
1399.58,00:03,2799,-100
1399.6,00:04,2799,-75
1400.02,00:02,2800,-96
1400.08,00:03,2800,-100
1400.09,00:04,2800,-75
1400.52,00:02,2801,-96
1400.58,00:03,2801,-100
1400.6,00:04,2801,-75
1401.01,00:02,2802,-96
1401.08,00:03,2802,-100
1401.1,00:04,2802,-75
1401.52,00:02,2803,-96
1401.58,00:03,2803,-100
1401.6,00:04,2803,-75
1402.02,00:02,2804,-96
1402.08,00:03,2804,-100
1402.1,00:04,2804,-76
1402.52,00:02,2805,-96
1402.58,00:03,2805,-100
1402.59,00:04,2805,-76
1403.02,00:02,2806,-97
1403.08,00:03,2806,-99
1403.09,00:04,2806,-76
1403.51,00:02,2807,-97
1403.58,00:03,2807,-99
1403.59,00:04,2807,-76
1404.01,00:02,2808,-97
1404.08,00:03,2808,-99
1404.09,00:04,2808,-77
1404.52,00:02,2809,-97
1404.58,00:03,2809,-99
1404.59,00:04,2809,-77
1405.02,00:02,2810,-97
1405.08,00:03,2810,-99
1405.1,00:04,2810,-77
1405.52,00:02,2811,-97
1405.58,00:03,2811,-99
1405.59,00:04,2811,-77
1406.02,00:02,2812,-97
1406.08,00:03,2812,-99
1406.1,00:04,2812,-78
1406.51,00:02,2813,-97
1406.58,00:03,2813,-99
1406.59,00:04,2813,-78
1407.02,00:02,2814,-97
1407.08,00:03,2814,-99
1407.09,00:04,2814,-78
1407.52,00:02,2815,-97
1407.58,00:03,2815,-99
1407.59,00:04,2815,-78
1408.02,00:02,2816,-97
1408.08,00:03,2816,-99
1408.1,00:04,2816,-79
1408.52,00:02,2817,-97
1408.58,00:03,2817,-99
1408.6,00:04,2817,-79
1409.02,00:02,2818,-97
1409.08,00:03,2818,-99
1409.09,00:04,2818,-79
1409.51,00:02,2819,-97
1409.58,00:03,2819,-99
1409.59,00:04,2819,-79
1410.02,00:02,2820,-97
1410.08,00:03,2820,-99
1410.09,00:04,2820,-80
1410.52,00:02,2821,-97
1410.58,00:03,2821,-99
1410.6,00:04,2821,-80
1411.02,00:02,2822,-97
1411.08,00:03,2822,-99
1411.09,00:04,2822,-80
1411.52,00:02,2823,-98
1411.58,00:03,2823,-99
1411.59,00:04,2823,-80
1412.02,00:02,2824,-98
1412.08,00:03,2824,-99
1412.09,00:04,2824,-81
1412.52,00:02,2825,-98
1412.58,00:03,2825,-99
1412.6,00:04,2825,-81
1413.02,00:02,2826,-98
1413.08,00:03,2826,-99
1413.1,00:04,2826,-81
1413.52,00:02,2827,-98
1413.58,00:03,2827,-99
1413.59,00:04,2827,-81
1414.02,00:02,2828,-98
1414.08,00:03,2828,-99
1414.09,00:04,2828,-82
1414.52,00:02,2829,-98
1414.58,00:03,2829,-99
1414.6,00:04,2829,-82
1415.02,00:02,2830,-105
1415.08,00:03,2830,-106
1415.1,00:04,2830,-89
1415.51,00:02,2831,-105
1415.58,00:03,2831,-106
1415.59,00:04,2831,-89
1416.02,00:02,2832,-105
1416.08,00:03,2832,-106
1416.09,00:04,2832,-90
1416.52,00:02,2833,-105
1416.58,00:03,2833,-106
1416.59,00:04,2833,-90
1417.01,00:02,2834,-105
1417.08,00:03,2834,-106
1417.1,00:04,2834,-90
1417.52,00:02,2835,-105
1417.58,00:03,2835,-105
1417.59,00:04,2835,-90
1418.02,00:02,2836,-105
1418.08,00:03,2836,-105
1418.09,00:04,2836,-90
1418.51,00:02,2837,-105
1418.58,00:03,2837,-105
1418.59,00:04,2837,-91
1419.02,00:02,2838,-105
1419.08,00:03,2838,-105
1419.09,00:04,2838,-91
1419.51,00:02,2839,-105
1419.58,00:03,2839,-105
1419.6,00:04,2839,-91
1420.02,00:02,2840,-106
1420.08,00:03,2840,-105
1420.09,00:04,2840,-91
1420.52,00:02,2841,-106
1420.58,00:03,2841,-105
1420.59,00:04,2841,-92
1421.02,00:02,2842,-106
1421.08,00:03,2842,-105
1421.1,00:04,2842,-92
1421.52,00:02,2843,-106
1421.58,00:03,2843,-105
1421.6,00:04,2843,-92
1422.02,00:02,2844,-106
1422.08,00:03,2844,-105
1422.09,00:04,2844,-92
1422.52,00:02,2845,-106
1422.58,00:03,2845,-105
1422.6,00:04,2845,-92
1423.02,00:02,2846,-106
1423.08,00:03,2846,-105
1423.09,00:04,2846,-93
1423.51,00:02,2847,-106
1423.58,00:03,2847,-105
1423.59,00:04,2847,-93
1424.02,00:02,2848,-106
1424.08,00:03,2848,-105
1424.1,00:04,2848,-93
1424.52,00:02,2849,-106
1424.58,00:03,2849,-105
1424.59,00:04,2849,-93
1425.02,00:02,2850,-106
1425.08,00:03,2850,-105
1425.1,00:04,2850,-93
1425.52,00:02,2851,-106
1425.58,00:03,2851,-105
1425.6,00:04,2851,-94
1426.02,00:02,2852,-106
1426.08,00:03,2852,-105
1426.1,00:04,2852,-94
1426.52,00:02,2853,-106
1426.58,00:03,2853,-105
1426.6,00:04,2853,-94
1427.02,00:02,2854,-106
1427.08,00:03,2854,-105
1427.09,00:04,2854,-94
1427.52,00:02,2855,-106
1427.58,00:03,2855,-105
1427.59,00:04,2855,-94
1428.01,00:02,2856,-106
1428.08,00:03,2856,-105
1428.1,00:04,2856,-95
1428.52,00:02,2857,-107
1428.58,00:03,2857,-105
1428.6,00:04,2857,-95
1429.02,00:02,2858,-107
1429.08,00:03,2858,-105
1429.1,00:04,2858,-95
1429.52,00:02,2859,-107
1429.58,00:03,2859,-105
1429.59,00:04,2859,-95
1430.02,00:02,2860,-107
1430.08,00:03,2860,-105
1430.09,00:04,2860,-95
1430.52,00:02,2861,-107
1430.58,00:03,2861,-105
1430.6,00:04,2861,-95
1431.02,00:02,2862,-100
1431.08,00:03,2862,-98
1431.09,00:04,2862,-89
1431.52,00:02,2863,-100
1431.58,00:03,2863,-98
1431.59,00:04,2863,-89
1432.02,00:02,2864,-100
1432.08,00:03,2864,-98
1432.1,00:04,2864,-89
1432.52,00:02,2865,-100
1432.58,00:03,2865,-98
1432.59,00:04,2865,-89
1433.02,00:02,2866,-100
1433.08,00:03,2866,-98
1433.1,00:04,2866,-89
1433.52,00:02,2867,-100
1433.58,00:03,2867,-98
1433.6,00:04,2867,-90
1434.02,00:02,2868,-100
1434.08,00:03,2868,-98
1434.1,00:04,2868,-90
1434.52,00:02,2869,-100
1434.58,00:03,2869,-98
1434.59,00:04,2869,-90
1435.02,00:02,2870,-100
1435.08,00:03,2870,-98
1435.09,00:04,2870,-90
1435.51,00:02,2871,-100
1435.58,00:03,2871,-98
1435.59,00:04,2871,-89
1436.02,00:02,2872,-100
1436.08,00:03,2872,-99
1436.09,00:04,2872,-89
1436.52,00:02,2873,-100
1436.58,00:03,2873,-99
1436.59,00:04,2873,-89
1437.02,00:02,2874,-100
1437.08,00:03,2874,-99
1437.09,00:04,2874,-89
1437.52,00:02,2875,-100
1437.58,00:03,2875,-99
1437.6,00:04,2875,-89
1438.02,00:02,2876,-101
1438.08,00:03,2876,-99
1438.09,00:04,2876,-89
1438.52,00:02,2877,-101
1438.58,00:03,2877,-99
1438.59,00:04,2877,-89
1439.01,00:02,2878,-101
1439.08,00:03,2878,-99
1439.1,00:04,2878,-89
1439.52,00:02,2879,-101
1439.58,00:03,2879,-99
1439.6,00:04,2879,-89
1440.02,00:02,2880,-101
1440.08,00:03,2880,-99
1440.09,00:04,2880,-89
1440.52,00:02,2881,-101
1440.58,00:03,2881,-99
1440.6,00:04,2881,-89
1441.02,00:02,2882,-101
1441.08,00:03,2882,-99
1441.1,00:04,2882,-89
1441.52,00:02,2883,-100
1441.58,00:03,2883,-99
1441.6,00:04,2883,-89
1442.02,00:02,2884,-100
1442.08,00:03,2884,-99
1442.1,00:04,2884,-88
1442.52,00:02,2885,-100
1442.58,00:03,2885,-99
1442.59,00:04,2885,-88
1443.02,00:02,2886,-107
1443.08,00:03,2886,-106
1443.09,00:04,2886,-95
1443.52,00:02,2887,-107
1443.58,00:03,2887,-106
1443.59,00:04,2887,-95
1444.08,00:03,2888,-106
1444.1,00:04,2888,-95
1444.58,00:03,2889,-106
1444.6,00:04,2889,-94
1445.02,00:02,2890,-107
1445.08,00:03,2890,-106
1445.09,00:04,2890,-94
1445.52,00:02,2891,-107
1445.58,00:03,2891,-106
1445.6,00:04,2891,-94
1446.02,00:02,2892,-107
1446.08,00:03,2892,-106
1446.09,00:04,2892,-94
1446.52,00:02,2893,-107
1446.58,00:03,2893,-106
1446.59,00:04,2893,-94
1447.02,00:02,2894,-107
1447.08,00:03,2894,-106
1447.09,00:04,2894,-93
1447.51,00:02,2895,-107
1447.58,00:03,2895,-106
1447.59,00:04,2895,-93
1448.02,00:02,2896,-107
1448.08,00:03,2896,-106
1448.1,00:04,2896,-93
1448.52,00:02,2897,-107
1448.58,00:03,2897,-106
1448.59,00:04,2897,-93
1449.02,00:02,2898,-107
1449.08,00:03,2898,-106
1449.09,00:04,2898,-93
1449.52,00:02,2899,-107
1449.58,00:03,2899,-106
1449.59,00:04,2899,-92
1450.02,00:02,2900,-107
1450.08,00:03,2900,-106
1450.09,00:04,2900,-92
1450.52,00:02,2901,-106
1450.58,00:03,2901,-106
1450.6,00:04,2901,-92
1451.02,00:02,2902,-106
1451.08,00:03,2902,-106
1451.09,00:04,2902,-92
1451.52,00:02,2903,-106
1451.58,00:03,2903,-106
1451.6,00:04,2903,-91
1452.01,00:02,2904,-106
1452.08,00:03,2904,-106
1452.09,00:04,2904,-91
1452.51,00:02,2905,-106
1452.58,00:03,2905,-106
1452.6,00:04,2905,-91
1453.02,00:02,2906,-106
1453.08,00:03,2906,-106
1453.09,00:04,2906,-91
1453.52,00:02,2907,-106
1453.58,00:03,2907,-106
1453.6,00:04,2907,-90
1454.02,00:02,2908,-106
1454.08,00:03,2908,-106
1454.09,00:04,2908,-90
1454.52,00:02,2909,-106
1454.58,00:03,2909,-107
1454.59,00:04,2909,-90
1455.02,00:02,2910,-106
1455.08,00:03,2910,-107
1455.1,00:04,2910,-90
1455.52,00:02,2911,-106
1455.58,00:03,2911,-107
1455.59,00:04,2911,-89
1456.02,00:02,2912,-106
1456.08,00:03,2912,-107
1456.09,00:04,2912,-89
1456.52,00:02,2913,-106
1456.58,00:03,2913,-107
1456.59,00:04,2913,-89
1457.02,00:02,2914,-106
1457.08,00:03,2914,-107
1457.1,00:04,2914,-89
1457.51,00:02,2915,-106
1457.58,00:03,2915,-107
1457.59,00:04,2915,-88
1458.02,00:02,2916,-106
1458.08,00:03,2916,-107
1458.09,00:04,2916,-88
1458.52,00:02,2917,-106
1458.58,00:03,2917,-107
1458.59,00:04,2917,-88
1459.02,00:02,2918,-99
1459.08,00:03,2918,-100
1459.1,00:04,2918,-81
1459.52,00:02,2919,-98
1459.58,00:03,2919,-100
1459.59,00:04,2919,-80
1460.02,00:02,2920,-98
1460.08,00:03,2920,-100
1460.09,00:04,2920,-80
1460.52,00:02,2921,-98
1460.58,00:03,2921,-100
1460.6,00:04,2921,-80
1461.02,00:02,2922,-98
1461.08,00:03,2922,-100
1461.1,00:04,2922,-80
1461.52,00:02,2923,-98
1461.58,00:03,2923,-100
1461.59,00:04,2923,-79
1462.02,00:02,2924,-98
1462.08,00:03,2924,-100
1462.09,00:04,2924,-79
1462.52,00:02,2925,-98
1462.58,00:03,2925,-100
1462.59,00:04,2925,-79
1463.02,00:02,2926,-98
1463.08,00:03,2926,-100
1463.1,00:04,2926,-78
1463.52,00:02,2927,-98
1463.58,00:03,2927,-100
1463.6,00:04,2927,-78
1464.01,00:02,2928,-98
1464.08,00:03,2928,-100
1464.09,00:04,2928,-78
1464.52,00:02,2929,-98
1464.58,00:03,2929,-100
1464.59,00:04,2929,-77
1465.02,00:02,2930,-98
1465.08,00:03,2930,-100
1465.09,00:04,2930,-77
1465.52,00:02,2931,-98
1465.58,00:03,2931,-100
1465.6,00:04,2931,-77
1466.02,00:02,2932,-98
1466.08,00:03,2932,-100
1466.09,00:04,2932,-76
1466.52,00:02,2933,-98
1466.58,00:03,2933,-100
1466.6,00:04,2933,-76
1467.02,00:02,2934,-98
1467.08,00:03,2934,-100
1467.09,00:04,2934,-76
1467.52,00:02,2935,-98
1467.58,00:03,2935,-100
1467.6,00:04,2935,-75
1468.02,00:02,2936,-98
1468.08,00:03,2936,-100
1468.09,00:04,2936,-75
1468.51,00:02,2937,-97
1468.58,00:03,2937,-100
1468.59,00:04,2937,-75
1469.02,00:02,2938,-97
1469.08,00:03,2938,-100
1469.09,00:04,2938,-74
1469.52,00:02,2939,-97
1469.58,00:03,2939,-100
1469.59,00:04,2939,-74
1470.02,00:02,2940,-97
1470.08,00:03,2940,-100
1470.09,00:04,2940,-74
1470.52,00:02,2941,-97
1470.58,00:03,2941,-100
1470.59,00:04,2941,-73
1471.02,00:02,2942,-97
1471.08,00:03,2942,-100
1471.1,00:04,2942,-73
1471.52,00:02,2943,-97
1471.58,00:03,2943,-101
1471.59,00:04,2943,-73
1472.02,00:02,2944,-97
1472.08,00:03,2944,-101
1472.09,00:04,2944,-72
1472.52,00:02,2945,-97
1472.58,00:03,2945,-101
1472.59,00:04,2945,-72
1473.02,00:02,2946,-97
1473.08,00:03,2946,-101
1473.09,00:04,2946,-72
1473.52,00:02,2947,-97
1473.58,00:03,2947,-101
1473.6,00:04,2947,-72
1474.02,00:02,2948,-97
1474.08,00:03,2948,-101
1474.1,00:04,2948,-72
1474.52,00:02,2949,-97
1474.58,00:03,2949,-101
1474.59,00:04,2949,-71
1475.02,00:02,2950,-97
1475.08,00:03,2950,-101
1475.1,00:04,2950,-71
1475.52,00:02,2951,-97
1475.58,00:03,2951,-101
1475.59,00:04,2951,-71
1476.02,00:02,2952,-97
1476.08,00:03,2952,-101
1476.09,00:04,2952,-71
1476.52,00:02,2953,-97
1476.58,00:03,2953,-101
1476.59,00:04,2953,-71
1477.02,00:02,2954,-97
1477.08,00:03,2954,-101
1477.09,00:04,2954,-70
1477.52,00:02,2955,-97
1477.58,00:03,2955,-101
1477.59,00:04,2955,-70
1478.02,00:02,2956,-96
1478.08,00:03,2956,-101
1478.09,00:04,2956,-70
1478.51,00:02,2957,-96
1478.58,00:03,2957,-101
1478.59,00:04,2957,-70
1479.02,00:02,2958,-96
1479.08,00:03,2958,-101
1479.1,00:04,2958,-70
1479.52,00:02,2959,-96
1479.58,00:03,2959,-101
1479.6,00:04,2959,-70
1480.02,00:02,2960,-96
1480.08,00:03,2960,-101
1480.09,00:04,2960,-70
1480.52,00:02,2961,-96
1480.58,00:03,2961,-101
1480.59,00:04,2961,-69
1481.02,00:02,2962,-96
1481.08,00:03,2962,-101
1481.09,00:04,2962,-69
1481.52,00:02,2963,-96
1481.58,00:03,2963,-101
1481.59,00:04,2963,-69
1482.02,00:02,2964,-96
1482.08,00:03,2964,-101
1482.09,00:04,2964,-69
1482.51,00:02,2965,-96
1482.58,00:03,2965,-101
1482.59,00:04,2965,-69
1483.02,00:02,2966,-96
1483.08,00:03,2966,-102
1483.09,00:04,2966,-69
1483.52,00:02,2967,-96
1483.58,00:03,2967,-102
1483.59,00:04,2967,-69
1484.02,00:02,2968,-96
1484.08,00:03,2968,-102
1484.09,00:04,2968,-69
1484.52,00:02,2969,-96
1484.58,00:03,2969,-102
1484.6,00:04,2969,-69
1485.02,00:02,2970,-96
1485.08,00:03,2970,-102
1485.09,00:04,2970,-69
1485.52,00:02,2971,-96
1485.58,00:03,2971,-102
1485.59,00:04,2971,-69
1486.02,00:02,2972,-96
1486.08,00:03,2972,-102
1486.09,00:04,2972,-69
1486.52,00:02,2973,-96
1486.58,00:03,2973,-102
1486.59,00:04,2973,-69
1487.02,00:02,2974,-96
1487.08,00:03,2974,-102
1487.1,00:04,2974,-69
1487.52,00:02,2975,-96
1487.58,00:03,2975,-102
1487.59,00:04,2975,-69
1488.02,00:02,2976,-95
1488.08,00:03,2976,-102
1488.09,00:04,2976,-69
1488.52,00:02,2977,-95
1488.58,00:03,2977,-102
1488.59,00:04,2977,-69
1489.02,00:02,2978,-95
1489.08,00:03,2978,-102
1489.09,00:04,2978,-69
1489.52,00:02,2979,-95
1489.58,00:03,2979,-102
1489.6,00:04,2979,-69
1490.02,00:02,2980,-95
1490.08,00:03,2980,-102
1490.1,00:04,2980,-70
1490.52,00:02,2981,-95
1490.58,00:03,2981,-102
1490.59,00:04,2981,-70
1491.02,00:02,2982,-95
1491.08,00:03,2982,-102
1491.09,00:04,2982,-70
1491.52,00:02,2983,-95
1491.58,00:03,2983,-102
1491.59,00:04,2983,-70
1492.02,00:02,2984,-95
1492.08,00:03,2984,-102
1492.1,00:04,2984,-70
1492.52,00:02,2985,-95
1492.58,00:03,2985,-102
1492.59,00:04,2985,-70
1493.01,00:02,2986,-95
1493.08,00:03,2986,-103
1493.09,00:04,2986,-71
1493.52,00:02,2987,-95
1493.58,00:03,2987,-103
1493.59,00:04,2987,-71
1494.02,00:02,2988,-95
1494.08,00:03,2988,-103
1494.09,00:04,2988,-71
1494.51,00:02,2989,-95
1494.58,00:03,2989,-103
1494.59,00:04,2989,-71
1495.01,00:02,2990,-95
1495.08,00:03,2990,-103
1495.09,00:04,2990,-71
1495.52,00:02,2991,-95
1495.58,00:03,2991,-103
1495.59,00:04,2991,-72
1496.02,00:02,2992,-95
1496.08,00:03,2992,-103
1496.1,00:04,2992,-72
1496.52,00:02,2993,-95
1496.58,00:03,2993,-103
1496.59,00:04,2993,-72
1497.01,00:02,2994,-95
1497.08,00:03,2994,-103
1497.09,00:04,2994,-72
1497.52,00:02,2995,-95
1497.58,00:03,2995,-103
1497.59,00:04,2995,-72
1498.02,00:02,2996,-95
1498.08,00:03,2996,-103
1498.09,00:04,2996,-73
1498.52,00:02,2997,-95
1498.58,00:03,2997,-103
1498.59,00:04,2997,-73
1499.02,00:02,2998,-95
1499.08,00:03,2998,-103
1499.09,00:04,2998,-73
1499.52,00:02,2999,-95
1499.58,00:03,2999,-103
1499.6,00:04,2999,-74
1500.02,00:02,3000,-94
1500.08,00:03,3000,-103
1500.09,00:04,3000,-74
1500.51,00:02,3001,-94
1500.58,00:03,3001,-103
1500.6,00:04,3001,-74
1501.02,00:02,3002,-94
1501.08,00:03,3002,-103
1501.1,00:04,3002,-75
1501.52,00:02,3003,-94
1501.58,00:03,3003,-103
1501.59,00:04,3003,-75
1502.02,00:02,3004,-94
1502.08,00:03,3004,-103
1502.09,00:04,3004,-75
1502.52,00:02,3005,-94
1502.58,00:03,3005,-104
1502.59,00:04,3005,-76
1503.02,00:02,3006,-94
1503.08,00:03,3006,-104
1503.09,00:04,3006,-76
1503.52,00:02,3007,-94
1503.58,00:03,3007,-104
1503.59,00:04,3007,-76
1504.02,00:02,3008,-94
1504.08,00:03,3008,-104
1504.09,00:04,3008,-77
1504.52,00:02,3009,-94
1504.58,00:03,3009,-104
1504.59,00:04,3009,-77
1505.01,00:02,3010,-94
1505.08,00:03,3010,-104
1505.09,00:04,3010,-77
1505.51,00:02,3011,-94
1505.58,00:03,3011,-104
1505.59,00:04,3011,-78
1506.02,00:02,3012,-94
1506.08,00:03,3012,-104
1506.09,00:04,3012,-78
1506.52,00:02,3013,-94
1506.58,00:03,3013,-104
1506.59,00:04,3013,-78
1507.02,00:02,3014,-94
1507.08,00:03,3014,-104
1507.09,00:04,3014,-78
1507.52,00:02,3015,-94
1507.58,00:03,3015,-104
1507.6,00:04,3015,-79
1508.02,00:02,3016,-94
1508.08,00:03,3016,-104
1508.09,00:04,3016,-79
1508.52,00:02,3017,-94
1508.58,00:03,3017,-104
1508.59,00:04,3017,-79
1509.02,00:02,3018,-94
1509.08,00:03,3018,-104
1509.09,00:04,3018,-80
1509.52,00:02,3019,-94
1509.58,00:03,3019,-104
1509.59,00:04,3019,-80
1510.02,00:02,3020,-94
1510.08,00:03,3020,-104
1510.09,00:04,3020,-80
1510.52,00:02,3021,-94
1510.58,00:03,3021,-104
1510.59,00:04,3021,-80
1511.01,00:02,3022,-94
1511.08,00:03,3022,-104
1511.09,00:04,3022,-81
1511.52,00:02,3023,-94
1511.58,00:03,3023,-105
1511.59,00:04,3023,-81
1512.02,00:02,3024,-94
1512.08,00:03,3024,-105
1512.09,00:04,3024,-81
1512.52,00:02,3025,-94
1512.58,00:03,3025,-105
1512.59,00:04,3025,-82
1513.02,00:02,3026,-94
1513.08,00:03,3026,-105
1513.09,00:04,3026,-82
1513.51,00:02,3027,-94
1513.58,00:03,3027,-105
1513.59,00:04,3027,-82
1514.02,00:02,3028,-94
1514.08,00:03,3028,-105
1514.09,00:04,3028,-82
1514.52,00:02,3029,-94
1514.58,00:03,3029,-105
1514.59,00:04,3029,-83
1515.02,00:02,3030,-101
1515.09,00:04,3030,-90
1515.52,00:02,3031,-101
1515.59,00:04,3031,-90
1516.02,00:02,3032,-101
1516.09,00:04,3032,-90
1516.52,00:02,3033,-101
1516.59,00:04,3033,-91
1517.02,00:02,3034,-101
1517.09,00:04,3034,-91
1517.52,00:02,3035,-101
1517.6,00:04,3035,-91
1518.02,00:02,3036,-100
1518.09,00:04,3036,-91
1518.52,00:02,3037,-100
1518.59,00:04,3037,-91
1519.02,00:02,3038,-100
1519.09,00:04,3038,-92
1519.52,00:02,3039,-100
1519.59,00:04,3039,-92
1520.02,00:02,3040,-100
1520.09,00:04,3040,-92
1520.52,00:02,3041,-100
1520.59,00:04,3041,-92
1521.01,00:02,3042,-100
1521.09,00:04,3042,-93
1521.52,00:02,3043,-100
1521.59,00:04,3043,-93
1522.02,00:02,3044,-100
1522.09,00:04,3044,-93
1522.52,00:02,3045,-100
1522.59,00:04,3045,-93
1523.02,00:02,3046,-100
1523.09,00:04,3046,-93
1523.52,00:02,3047,-100
1523.59,00:04,3047,-94
1524.02,00:02,3048,-100
1524.09,00:04,3048,-94
1524.52,00:02,3049,-100
1524.59,00:04,3049,-94
1525.02,00:02,3050,-100
1525.09,00:04,3050,-94
1525.51,00:02,3051,-100
1525.59,00:04,3051,-94
1526.02,00:02,3052,-100
1526.09,00:04,3052,-95
1526.52,00:02,3053,-100
1526.6,00:04,3053,-95
1527.02,00:02,3054,-93
1527.08,00:03,3054,-106
1527.09,00:04,3054,-88
1527.52,00:02,3055,-93
1527.58,00:03,3055,-106
1527.6,00:04,3055,-88
1528.02,00:02,3056,-93
1528.08,00:03,3056,-106
1528.09,00:04,3056,-88
1528.52,00:02,3057,-93
1528.58,00:03,3057,-106
1528.59,00:04,3057,-89
1529.02,00:02,3058,-93
1529.08,00:03,3058,-106
1529.09,00:04,3058,-89
1529.52,00:02,3059,-93
1529.58,00:03,3059,-107
1529.59,00:04,3059,-89
1530.02,00:02,3060,-93
1530.08,00:03,3060,-107
1530.09,00:04,3060,-89
1530.52,00:02,3061,-93
1530.58,00:03,3061,-107
1530.59,00:04,3061,-89
1531.02,00:02,3062,-94
1531.09,00:04,3062,-89
1531.52,00:02,3063,-94
1531.58,00:03,3063,-107
1531.59,00:04,3063,-89
1532.02,00:02,3064,-94
1532.08,00:03,3064,-107
1532.09,00:04,3064,-89
1532.52,00:02,3065,-94
1532.58,00:03,3065,-107
1532.59,00:04,3065,-89
1533.02,00:02,3066,-94
1533.08,00:03,3066,-107
1533.1,00:04,3066,-89
1533.52,00:02,3067,-94
1533.58,00:03,3067,-107
1533.59,00:04,3067,-89
1534.01,00:02,3068,-94
1534.08,00:03,3068,-107
1534.09,00:04,3068,-89
1534.51,00:02,3069,-94
1534.58,00:03,3069,-107
1534.59,00:04,3069,-89
1535.02,00:02,3070,-94
1535.08,00:03,3070,-107
1535.09,00:04,3070,-89
1535.52,00:02,3071,-94
1535.58,00:03,3071,-107
1535.59,00:04,3071,-89
1536.02,00:02,3072,-94
1536.08,00:03,3072,-107
1536.1,00:04,3072,-89
1536.52,00:02,3073,-94
1536.58,00:03,3073,-107
1536.59,00:04,3073,-88
1537.02,00:02,3074,-94
1537.08,00:03,3074,-107
1537.09,00:04,3074,-88
1537.52,00:02,3075,-94
1537.58,00:03,3075,-107
1537.6,00:04,3075,-88
1538.02,00:02,3076,-94
1538.08,00:03,3076,-107
1538.09,00:04,3076,-88
1538.52,00:02,3077,-94
1538.6,00:04,3077,-88
1539.02,00:02,3078,-101
1539.09,00:04,3078,-95
1539.52,00:02,3079,-101
1539.59,00:04,3079,-94
1540.02,00:02,3080,-101
1540.1,00:04,3080,-94
1540.52,00:02,3081,-101
1540.59,00:04,3081,-94
1541.02,00:02,3082,-101
1541.09,00:04,3082,-94
1541.52,00:02,3083,-101
1541.59,00:04,3083,-93
1542.02,00:02,3084,-101
1542.09,00:04,3084,-93
1542.52,00:02,3085,-101
1542.59,00:04,3085,-93
1543.02,00:02,3086,-101
1543.09,00:04,3086,-93
1543.52,00:02,3087,-101
1543.59,00:04,3087,-93
1544.02,00:02,3088,-101
1544.09,00:04,3088,-92
1544.51,00:02,3089,-101
1544.59,00:04,3089,-92
1545.02,00:02,3090,-101
1545.09,00:04,3090,-92
1545.52,00:02,3091,-101
1545.59,00:04,3091,-92
1546.01,00:02,3092,-101
1546.09,00:04,3092,-91
1546.52,00:02,3093,-102
1546.59,00:04,3093,-91
1547.02,00:02,3094,-102
1547.09,00:04,3094,-91
1547.52,00:02,3095,-102
1547.59,00:04,3095,-91
1548.02,00:02,3096,-102
1548.1,00:04,3096,-90
1548.52,00:02,3097,-102
1548.59,00:04,3097,-90
1549.02,00:02,3098,-102
1549.09,00:04,3098,-90
1549.52,00:02,3099,-102
1549.59,00:04,3099,-90
1550.02,00:02,3100,-102
1550.09,00:04,3100,-89
1550.52,00:02,3101,-102
1550.59,00:04,3101,-89
1551.02,00:02,3102,-95
1551.08,00:03,3102,-105
1551.09,00:04,3102,-82
1551.52,00:02,3103,-95
1551.58,00:03,3103,-105
1551.59,00:04,3103,-82
1552.02,00:02,3104,-95
1552.08,00:03,3104,-105
1552.09,00:04,3104,-81
1552.52,00:02,3105,-95
1552.58,00:03,3105,-105
1552.59,00:04,3105,-81
1553.02,00:02,3106,-95
1553.08,00:03,3106,-105
1553.09,00:04,3106,-81
1553.52,00:02,3107,-95
1553.58,00:03,3107,-105
1553.59,00:04,3107,-80
1554.02,00:02,3108,-95
1554.08,00:03,3108,-105
1554.09,00:04,3108,-80
1554.52,00:02,3109,-95
1554.58,00:03,3109,-105
1554.59,00:04,3109,-80
1555.02,00:02,3110,-95
1555.09,00:03,3110,-105
1555.09,00:04,3110,-80
1555.52,00:02,3111,-95
1555.58,00:03,3111,-105
1555.59,00:04,3111,-79
1556.02,00:02,3112,-95
1556.08,00:03,3112,-105
1556.09,00:04,3112,-79
1556.52,00:02,3113,-95
1556.58,00:03,3113,-105
1556.59,00:04,3113,-79
1557.01,00:02,3114,-95
1557.08,00:03,3114,-105
1557.09,00:04,3114,-78
1557.52,00:02,3115,-95
1557.58,00:03,3115,-105
1557.59,00:04,3115,-78
1558.02,00:02,3116,-95
1558.08,00:03,3116,-105
1558.09,00:04,3116,-78
1558.52,00:02,3117,-95
1558.58,00:03,3117,-105
1558.59,00:04,3117,-77
1559.02,00:02,3118,-95
1559.08,00:03,3118,-105
1559.09,00:04,3118,-77
1559.52,00:02,3119,-95
1559.58,00:03,3119,-105
1559.59,00:04,3119,-77
1560.02,00:02,3120,-95
1560.08,00:03,3120,-105
1560.09,00:04,3120,-76
1560.52,00:02,3121,-95
1560.58,00:03,3121,-104
1560.59,00:04,3121,-76
1561.02,00:02,3122,-95
1561.08,00:03,3122,-104
1561.09,00:04,3122,-75
1561.52,00:02,3123,-95
1561.58,00:03,3123,-104
1561.59,00:04,3123,-75
1562.02,00:02,3124,-95
1562.08,00:03,3124,-104
1562.09,00:04,3124,-75
1562.52,00:02,3125,-95
1562.58,00:03,3125,-104
1562.59,00:04,3125,-74
1563.02,00:02,3126,-95
1563.08,00:03,3126,-104
1563.09,00:04,3126,-74
1563.52,00:02,3127,-95
1563.58,00:03,3127,-104
1563.59,00:04,3127,-73
1564.02,00:02,3128,-95
1564.08,00:03,3128,-104
1564.09,00:04,3128,-73
1564.52,00:02,3129,-95
1564.59,00:03,3129,-104
1564.59,00:04,3129,-73
1565.02,00:02,3130,-95
1565.08,00:03,3130,-104
1565.1,00:04,3130,-72
1565.52,00:02,3131,-95
1565.58,00:03,3131,-104
1565.59,00:04,3131,-72
1566.02,00:02,3132,-95
1566.09,00:03,3132,-104
1566.1,00:04,3132,-72
1566.52,00:02,3133,-95
1566.58,00:03,3133,-104
1566.59,00:04,3133,-72
1567.01,00:02,3134,-96
1567.08,00:03,3134,-104
1567.09,00:04,3134,-71
1567.52,00:02,3135,-96
1567.58,00:03,3135,-104
1567.59,00:04,3135,-71
1568.02,00:02,3136,-96
1568.09,00:03,3136,-104
1568.09,00:04,3136,-71
1568.52,00:02,3137,-96
1568.58,00:03,3137,-104
1568.6,00:04,3137,-70
1569.02,00:02,3138,-96
1569.08,00:03,3138,-104
1569.09,00:04,3138,-70
1569.52,00:02,3139,-96
1569.59,00:03,3139,-104
1569.59,00:04,3139,-70
1570.02,00:02,3140,-96
1570.08,00:03,3140,-104
1570.1,00:04,3140,-69
1570.52,00:02,3141,-96
1570.58,00:03,3141,-103
1570.59,00:04,3141,-69
1571.02,00:02,3142,-96
1571.08,00:03,3142,-103
1571.09,00:04,3142,-69
1571.52,00:02,3143,-96
1571.59,00:03,3143,-103
1571.59,00:04,3143,-69
1572.02,00:02,3144,-96
1572.09,00:03,3144,-103
1572.09,00:04,3144,-68
1572.52,00:02,3145,-96
1572.58,00:03,3145,-103
1572.59,00:04,3145,-68
1573.02,00:02,3146,-96
1573.08,00:03,3146,-103
1573.09,00:04,3146,-68
1573.52,00:02,3147,-96
1573.58,00:03,3147,-103
1573.59,00:04,3147,-67
1574.02,00:02,3148,-96
1574.08,00:03,3148,-103
1574.09,00:04,3148,-67
1574.52,00:02,3149,-96
1574.58,00:03,3149,-103
1574.59,00:04,3149,-67
1575.02,00:02,3150,-96
1575.08,00:03,3150,-103
1575.1,00:04,3150,-66
1575.52,00:02,3151,-96
1575.58,00:03,3151,-103
1575.59,00:04,3151,-66
1576.02,00:02,3152,-96
1576.08,00:03,3152,-103
1576.09,00:04,3152,-66
1576.52,00:02,3153,-96
1576.58,00:03,3153,-103
1576.59,00:04,3153,-65
1577.02,00:02,3154,-96
1577.08,00:03,3154,-103
1577.09,00:04,3154,-65
1577.52,00:02,3155,-96
1577.58,00:03,3155,-103
1577.59,00:04,3155,-65
1578.02,00:02,3156,-96
1578.09,00:03,3156,-103
1578.09,00:04,3156,-65
1578.52,00:02,3157,-96
1578.58,00:03,3157,-103
1578.59,00:04,3157,-64
1579.02,00:02,3158,-96
1579.08,00:03,3158,-103
1579.09,00:04,3158,-64
1579.52,00:02,3159,-96
1579.59,00:03,3159,-103
1579.59,00:04,3159,-64
1580.02,00:02,3160,-97
1580.08,00:03,3160,-103
1580.09,00:04,3160,-64
1580.52,00:02,3161,-97
1580.59,00:03,3161,-103
1580.59,00:04,3161,-64
1581.02,00:02,3162,-97
1581.08,00:03,3162,-103
1581.09,00:04,3162,-64
1581.52,00:02,3163,-97
1581.59,00:03,3163,-102
1581.59,00:04,3163,-64
1582.02,00:02,3164,-97
1582.08,00:03,3164,-102
1582.09,00:04,3164,-64
1582.52,00:02,3165,-97
1582.58,00:03,3165,-102
1582.59,00:04,3165,-64
1583.02,00:02,3166,-97
1583.08,00:03,3166,-102
1583.09,00:04,3166,-64
1583.52,00:02,3167,-97
1583.58,00:03,3167,-102
1583.59,00:04,3167,-64
1584.02,00:02,3168,-97
1584.09,00:03,3168,-102
1584.09,00:04,3168,-65
1584.52,00:02,3169,-97
1584.58,00:03,3169,-102
1584.59,00:04,3169,-65
1585.02,00:02,3170,-97
1585.09,00:03,3170,-102
1585.09,00:04,3170,-65
1585.52,00:02,3171,-97
1585.58,00:03,3171,-102
1585.59,00:04,3171,-65
1586.02,00:02,3172,-97
1586.09,00:03,3172,-102
1586.1,00:04,3172,-66
1586.52,00:02,3173,-97
1586.58,00:03,3173,-102
1586.59,00:04,3173,-66
1587.02,00:02,3174,-97
1587.09,00:03,3174,-102
1587.1,00:04,3174,-66
1587.52,00:02,3175,-97
1587.58,00:03,3175,-102
1587.59,00:04,3175,-67
1588.02,00:02,3176,-97
1588.08,00:03,3176,-102
1588.09,00:04,3176,-67
1588.52,00:02,3177,-97
1588.58,00:03,3177,-102
1588.59,00:04,3177,-67
1589.02,00:02,3178,-97
1589.08,00:03,3178,-102
1589.09,00:04,3178,-68
1589.52,00:02,3179,-97
1589.59,00:03,3179,-102
1589.59,00:04,3179,-68
1590.02,00:02,3180,-97
1590.08,00:03,3180,-102
1590.09,00:04,3180,-68
1590.52,00:02,3181,-97
1590.58,00:03,3181,-102
1590.59,00:04,3181,-69
1591.02,00:02,3182,-98
1591.09,00:03,3182,-102
1591.09,00:04,3182,-69
1591.52,00:02,3183,-98
1591.58,00:03,3183,-102
1591.59,00:04,3183,-69
1592.02,00:02,3184,-98
1592.08,00:03,3184,-102
1592.09,00:04,3184,-70
1592.52,00:02,3185,-98
1592.59,00:03,3185,-102
1592.59,00:04,3185,-70
1593.02,00:02,3186,-98
1593.08,00:03,3186,-102
1593.09,00:04,3186,-70
1593.52,00:02,3187,-98
1593.58,00:03,3187,-102
1593.59,00:04,3187,-71
1594.02,00:02,3188,-98
1594.08,00:03,3188,-101
1594.09,00:04,3188,-71
1594.52,00:02,3189,-98
1594.58,00:03,3189,-101
1594.59,00:04,3189,-71
1595.01,00:02,3190,-98
1595.08,00:03,3190,-101
1595.09,00:04,3190,-71
1595.52,00:02,3191,-98
1595.58,00:03,3191,-101
1595.59,00:04,3191,-72
1596.02,00:02,3192,-98
1596.09,00:03,3192,-101
1596.09,00:04,3192,-72
1596.52,00:02,3193,-98
1596.59,00:03,3193,-101
1596.59,00:04,3193,-72
1597.02,00:02,3194,-98
1597.09,00:03,3194,-101
1597.09,00:04,3194,-72
1597.52,00:02,3195,-98
1597.58,00:03,3195,-101
1597.59,00:04,3195,-73
1598.02,00:02,3196,-98
1598.09,00:03,3196,-101
1598.09,00:04,3196,-73
1598.52,00:02,3197,-98
1598.58,00:03,3197,-101
1598.59,00:04,3197,-74
1599.02,00:02,3198,-98
1599.08,00:03,3198,-101
1599.09,00:04,3198,-74
1599.52,00:02,3199,-98
1599.58,00:03,3199,-101
1599.59,00:04,3199,-74
1600.02,00:02,3200,-98
1600.08,00:03,3200,-101
1600.09,00:04,3200,-75
1600.52,00:02,3201,-98
1600.58,00:03,3201,-101
1600.59,00:04,3201,-75
1601.02,00:02,3202,-99
1601.08,00:03,3202,-101
1601.09,00:04,3202,-76
1601.52,00:02,3203,-99
1601.59,00:03,3203,-101
1601.59,00:04,3203,-76
1602.02,00:02,3204,-99
1602.09,00:03,3204,-101
1602.09,00:04,3204,-76
1602.52,00:02,3205,-99
1602.58,00:03,3205,-101
1602.59,00:04,3205,-77
1603.02,00:02,3206,-99
1603.08,00:03,3206,-101
1603.09,00:04,3206,-77
1603.52,00:02,3207,-99
1603.59,00:03,3207,-101
1603.59,00:04,3207,-77
1604.02,00:02,3208,-99
1604.09,00:03,3208,-101
1604.09,00:04,3208,-78
1604.52,00:02,3209,-99
1604.58,00:03,3209,-101
1604.59,00:04,3209,-78
1605.02,00:02,3210,-99
1605.09,00:03,3210,-101
1605.09,00:04,3210,-78
1605.52,00:02,3211,-99
1605.58,00:03,3211,-101
1605.59,00:04,3211,-79
1606.02,00:02,3212,-99
1606.09,00:03,3212,-101
1606.1,00:04,3212,-79
1606.52,00:02,3213,-99
1606.58,00:03,3213,-101
1606.59,00:04,3213,-79
1607.02,00:02,3214,-106
1607.09,00:03,3214,-108
1607.09,00:04,3214,-87
1607.52,00:02,3215,-106
1607.59,00:03,3215,-108
1607.59,00:04,3215,-87
1608.02,00:02,3216,-106
1608.09,00:03,3216,-108
1608.09,00:04,3216,-87
1608.52,00:02,3217,-106
1608.58,00:03,3217,-108
1608.59,00:04,3217,-88
1609.02,00:02,3218,-106
1609.08,00:03,3218,-108
1609.09,00:04,3218,-88
1609.52,00:02,3219,-106
1609.59,00:04,3219,-88
1610.02,00:02,3220,-106
1610.09,00:04,3220,-88
1610.52,00:02,3221,-106
1610.59,00:03,3221,-108
1610.59,00:04,3221,-89
1611.02,00:02,3222,-107
1611.09,00:04,3222,-89
1611.52,00:02,3223,-107
1611.59,00:04,3223,-89
1612.02,00:02,3224,-107
1612.09,00:03,3224,-108
1612.09,00:04,3224,-90
1612.52,00:02,3225,-107
1612.58,00:03,3225,-108
1612.59,00:04,3225,-90
1613.02,00:02,3226,-107
1613.09,00:03,3226,-107
1613.09,00:04,3226,-90
1613.52,00:02,3227,-107
1613.58,00:03,3227,-107
1613.59,00:04,3227,-90
1614.02,00:02,3228,-107
1614.09,00:04,3228,-91
1614.52,00:02,3229,-107
1614.58,00:03,3229,-107
1614.59,00:04,3229,-91
1615.02,00:02,3230,-107
1615.09,00:03,3230,-107
1615.09,00:04,3230,-91
1615.52,00:02,3231,-107
1615.58,00:03,3231,-107
1615.59,00:04,3231,-91
1616.02,00:02,3232,-107
1616.08,00:03,3232,-107
1616.09,00:04,3232,-92
1616.52,00:02,3233,-107
1616.58,00:03,3233,-107
1616.59,00:04,3233,-92
1617.01,00:02,3234,-107
1617.08,00:03,3234,-107
1617.09,00:04,3234,-92
1617.52,00:02,3235,-107
1617.58,00:03,3235,-107
1617.59,00:04,3235,-92
1618.02,00:02,3236,-107
1618.08,00:03,3236,-107
1618.09,00:04,3236,-92
1618.52,00:02,3237,-107
1618.58,00:03,3237,-107
1618.59,00:04,3237,-93
1619.02,00:02,3238,-107
1619.09,00:03,3238,-107
1619.09,00:04,3238,-93
1619.52,00:02,3239,-107
1619.59,00:03,3239,-107
1619.59,00:04,3239,-93
1620.08,00:03,3240,-107
1620.09,00:04,3240,-93
1620.52,00:02,3241,-108
1620.58,00:03,3241,-107
1620.59,00:04,3241,-94
1621.09,00:04,3242,-94
1621.52,00:02,3243,-108
1621.58,00:03,3243,-107
1621.59,00:04,3243,-94
1622.02,00:02,3244,-108
1622.09,00:03,3244,-107
1622.09,00:04,3244,-94
1622.52,00:02,3245,-108
1622.59,00:03,3245,-107
1622.59,00:04,3245,-94
1623.02,00:02,3246,-101
1623.08,00:03,3246,-100
1623.09,00:04,3246,-88
1623.52,00:02,3247,-101
1623.58,00:03,3247,-100
1623.59,00:04,3247,-88
1624.02,00:02,3248,-101
1624.08,00:03,3248,-100
1624.09,00:04,3248,-88
1624.52,00:02,3249,-101
1624.58,00:03,3249,-100
1624.59,00:04,3249,-88
1625.02,00:02,3250,-101
1625.08,00:03,3250,-100
1625.09,00:04,3250,-88
1625.51,00:02,3251,-101
1625.59,00:03,3251,-100
1625.59,00:04,3251,-89
1626.02,00:02,3252,-101
1626.09,00:03,3252,-100
1626.09,00:04,3252,-89
1626.52,00:02,3253,-101
1626.59,00:03,3253,-100
1626.59,00:04,3253,-89
1627.02,00:02,3254,-101
1627.08,00:03,3254,-101
1627.09,00:04,3254,-89
1627.52,00:02,3255,-101
1627.59,00:03,3255,-101
1627.59,00:04,3255,-89
1628.02,00:02,3256,-101
1628.09,00:03,3256,-101
1628.09,00:04,3256,-89
1628.52,00:02,3257,-101
1628.59,00:03,3257,-101
1628.59,00:04,3257,-89
1629.02,00:02,3258,-101
1629.09,00:03,3258,-101
1629.09,00:04,3258,-89
1629.52,00:02,3259,-101
1629.58,00:03,3259,-101
1629.59,00:04,3259,-89
1630.02,00:02,3260,-102
1630.09,00:03,3260,-101
1630.09,00:04,3260,-89
1630.52,00:02,3261,-102
1630.59,00:03,3261,-101
1630.59,00:04,3261,-89
1631.02,00:02,3262,-102
1631.09,00:03,3262,-101
1631.09,00:04,3262,-89
1631.52,00:02,3263,-102
1631.59,00:03,3263,-101
1631.59,00:04,3263,-89
1632.02,00:02,3264,-102
1632.09,00:03,3264,-101
1632.09,00:04,3264,-88
1632.52,00:02,3265,-102
1632.58,00:03,3265,-101
1632.59,00:04,3265,-88
1633.02,00:02,3266,-101
1633.09,00:03,3266,-101
1633.09,00:04,3266,-88
1633.52,00:02,3267,-101
1633.59,00:03,3267,-101
1633.59,00:04,3267,-88
1634.02,00:02,3268,-101
1634.09,00:03,3268,-101
1634.09,00:04,3268,-88
1634.52,00:02,3269,-101
1634.59,00:03,3269,-101
1634.59,00:04,3269,-87
1635.02,00:02,3270,-101
1635.09,00:03,3270,-101
1635.09,00:04,3270,-87
1635.52,00:02,3271,-101
1635.59,00:03,3271,-101
1635.59,00:04,3271,-87
1636.02,00:02,3272,-101
1636.09,00:03,3272,-101
1636.09,00:04,3272,-87
1636.52,00:02,3273,-101
1636.58,00:03,3273,-101
1636.59,00:04,3273,-87
1637.02,00:02,3274,-101
1637.09,00:03,3274,-101
1637.09,00:04,3274,-86
1637.52,00:02,3275,-101
1637.59,00:03,3275,-101
1637.59,00:04,3275,-86
1638.02,00:02,3276,-101
1638.09,00:03,3276,-101
1638.09,00:04,3276,-86
1638.52,00:02,3277,-101
1638.59,00:03,3277,-101
1638.59,00:04,3277,-86
1639.02,00:02,3278,-101
1639.08,00:03,3278,-101
1639.09,00:04,3278,-86
1639.52,00:02,3279,-101
1639.59,00:03,3279,-101
1639.59,00:04,3279,-85
1640.02,00:02,3280,-101
1640.08,00:03,3280,-101
1640.09,00:04,3280,-85
1640.52,00:02,3281,-101
1640.59,00:03,3281,-101
1640.59,00:04,3281,-85
1641.02,00:02,3282,-101
1641.09,00:03,3282,-101
1641.09,00:04,3282,-85
1641.52,00:02,3283,-101
1641.59,00:03,3283,-101
1641.59,00:04,3283,-84
1642.02,00:02,3284,-101
1642.09,00:03,3284,-101
1642.09,00:04,3284,-84
1642.52,00:02,3285,-101
1642.59,00:03,3285,-101
1642.59,00:04,3285,-84
1643.02,00:02,3286,-101
1643.09,00:03,3286,-101
1643.09,00:04,3286,-84
1643.52,00:02,3287,-100
1643.58,00:03,3287,-101
1643.59,00:04,3287,-83
1644.02,00:02,3288,-100
1644.09,00:03,3288,-101
1644.09,00:04,3288,-83
1644.52,00:02,3289,-100
1644.58,00:03,3289,-101
1644.59,00:04,3289,-83
1645.02,00:02,3290,-100
1645.08,00:03,3290,-101
1645.09,00:04,3290,-83
1645.52,00:02,3291,-100
1645.59,00:03,3291,-102
1645.59,00:04,3291,-82
1646.02,00:02,3292,-100
1646.09,00:03,3292,-102
1646.09,00:04,3292,-82
1646.52,00:02,3293,-100
1646.59,00:03,3293,-102
1646.59,00:04,3293,-82
1647.02,00:02,3294,-100
1647.08,00:03,3294,-102
1647.09,00:04,3294,-81
1647.52,00:02,3295,-100
1647.59,00:03,3295,-102
1647.59,00:04,3295,-81
1648.02,00:02,3296,-100
1648.08,00:03,3296,-102
1648.09,00:04,3296,-81
1648.52,00:02,3297,-100
1648.59,00:03,3297,-102
1648.59,00:04,3297,-81
1649.02,00:02,3298,-100
1649.08,00:03,3298,-102
1649.09,00:04,3298,-80
1649.52,00:02,3299,-100
1649.59,00:03,3299,-102
1649.59,00:04,3299,-80
1650.02,00:02,3300,-100
1650.08,00:03,3300,-102
1650.09,00:04,3300,-80
1650.52,00:02,3301,-100
1650.59,00:03,3301,-102
1650.59,00:04,3301,-79
1651.02,00:02,3302,-100
1651.08,00:03,3302,-102
1651.09,00:04,3302,-79
1651.52,00:02,3303,-100
1651.59,00:03,3303,-102
1651.59,00:04,3303,-79
1652.02,00:02,3304,-100
1652.09,00:03,3304,-102
1652.09,00:04,3304,-78
1652.52,00:02,3305,-100
1652.59,00:03,3305,-102
1652.59,00:04,3305,-78
1653.02,00:02,3306,-100
1653.09,00:03,3306,-102
1653.09,00:04,3306,-78
1653.52,00:02,3307,-99
1653.58,00:03,3307,-102
1653.59,00:04,3307,-77
1654.02,00:02,3308,-99
1654.08,00:03,3308,-102
1654.09,00:04,3308,-77
1654.52,00:02,3309,-99
1654.59,00:03,3309,-102
1654.59,00:04,3309,-77
1655.02,00:02,3310,-99
1655.09,00:03,3310,-102
1655.09,00:04,3310,-76
1655.52,00:02,3311,-99
1655.59,00:03,3311,-102
1655.59,00:04,3311,-76
1656.02,00:02,3312,-99
1656.09,00:03,3312,-102
1656.09,00:04,3312,-75
1656.52,00:02,3313,-99
1656.58,00:03,3313,-102
1656.59,00:04,3313,-75
1657.02,00:02,3314,-99
1657.09,00:03,3314,-102
1657.09,00:04,3314,-75
1657.52,00:02,3315,-99
1657.59,00:03,3315,-102
1657.59,00:04,3315,-74
1658.02,00:02,3316,-99
1658.09,00:03,3316,-102
1658.09,00:04,3316,-74
1658.52,00:02,3317,-99
1658.58,00:03,3317,-102
1658.59,00:04,3317,-73
1659.02,00:02,3318,-99
1659.09,00:03,3318,-102
1659.09,00:04,3318,-73
1659.52,00:02,3319,-99
1659.59,00:03,3319,-102
1659.59,00:04,3319,-72
1660.02,00:02,3320,-99
1660.09,00:03,3320,-102
1660.09,00:04,3320,-72
1660.52,00:02,3321,-99
1660.59,00:03,3321,-102
1660.59,00:04,3321,-72
1661.02,00:02,3322,-99
1661.09,00:03,3322,-102
1661.09,00:04,3322,-72
1661.52,00:02,3323,-99
1661.58,00:03,3323,-102
1661.59,00:04,3323,-71
1662.02,00:02,3324,-99
1662.08,00:03,3324,-102
1662.09,00:04,3324,-71
1662.52,00:02,3325,-99
1662.59,00:03,3325,-102
1662.59,00:04,3325,-71
1663.02,00:02,3326,-99
1663.08,00:03,3326,-102
1663.09,00:04,3326,-70
1663.52,00:02,3327,-99
1663.58,00:03,3327,-102
1663.59,00:04,3327,-70
1664.02,00:02,3328,-99
1664.09,00:03,3328,-102
1664.09,00:04,3328,-70
1664.52,00:02,3329,-98
1664.59,00:03,3329,-102
1664.59,00:04,3329,-69
1665.02,00:02,3330,-98
1665.09,00:03,3330,-102
1665.09,00:04,3330,-69
1665.52,00:02,3331,-98
1665.59,00:03,3331,-102
1665.59,00:04,3331,-68
1666.02,00:02,3332,-98
1666.09,00:03,3332,-103
1666.09,00:04,3332,-68
1666.52,00:02,3333,-98
1666.59,00:03,3333,-103
1666.59,00:04,3333,-68
1667.02,00:02,3334,-98
1667.09,00:03,3334,-103
1667.09,00:04,3334,-67
1667.52,00:02,3335,-98
1667.59,00:03,3335,-103
1667.59,00:04,3335,-67
1668.02,00:02,3336,-98
1668.09,00:03,3336,-103
1668.09,00:04,3336,-66
1668.52,00:02,3337,-98
1668.59,00:03,3337,-103
1668.59,00:04,3337,-66
1669.02,00:02,3338,-98
1669.09,00:03,3338,-103
1669.09,00:04,3338,-65
1669.52,00:02,3339,-98
1669.59,00:03,3339,-103
1669.59,00:04,3339,-65
1670.02,00:02,3340,-98
1670.09,00:03,3340,-103
1670.09,00:04,3340,-64
1670.52,00:02,3341,-98
1670.58,00:03,3341,-103
1670.59,00:04,3341,-63
1671.02,00:02,3342,-98
1671.09,00:03,3342,-103
1671.09,00:04,3342,-63
1671.52,00:02,3343,-98
1671.59,00:03,3343,-103
1671.59,00:04,3343,-62
1672.02,00:02,3344,-98
1672.09,00:03,3344,-103
1672.09,00:04,3344,-61
1672.52,00:02,3345,-98
1672.59,00:03,3345,-103
1672.59,00:04,3345,-61
1673.02,00:02,3346,-98
1673.08,00:03,3346,-103
1673.09,00:04,3346,-60
1673.52,00:02,3347,-98
1673.59,00:03,3347,-103
1673.59,00:04,3347,-59
1674.02,00:02,3348,-98
1674.09,00:03,3348,-103
1674.09,00:04,3348,-58
1674.52,00:02,3349,-98
1674.59,00:03,3349,-103
1674.59,00:04,3349,-58
1675.02,00:02,3350,-98
1675.08,00:03,3350,-103
1675.09,00:04,3350,-57
1675.52,00:02,3351,-98
1675.59,00:03,3351,-103
1675.59,00:04,3351,-56
1676.02,00:02,3352,-97
1676.09,00:03,3352,-103
1676.09,00:04,3352,-56
1676.52,00:02,3353,-97
1676.58,00:03,3353,-103
1676.59,00:04,3353,-55
1677.02,00:02,3354,-97
1677.08,00:03,3354,-103
1677.09,00:04,3354,-55
1677.52,00:02,3355,-97
1677.59,00:03,3355,-103
1677.59,00:04,3355,-55
1678.02,00:02,3356,-97
1678.09,00:03,3356,-103
1678.09,00:04,3356,-56
1678.52,00:02,3357,-97
1678.59,00:03,3357,-103
1678.59,00:04,3357,-56
1679.02,00:02,3358,-97
1679.09,00:03,3358,-103
1679.09,00:04,3358,-57
1679.52,00:02,3359,-97
1679.59,00:03,3359,-104
1679.59,00:04,3359,-58
1680.02,00:02,3360,-97
1680.08,00:03,3360,-104
1680.09,00:04,3360,-59
1680.52,00:02,3361,-97
1680.59,00:03,3361,-104
1680.59,00:04,3361,-59
1681.02,00:02,3362,-97
1681.09,00:03,3362,-104
1681.09,00:04,3362,-60
1681.52,00:02,3363,-97
1681.59,00:03,3363,-104
1681.59,00:04,3363,-61
1682.02,00:02,3364,-97
1682.09,00:03,3364,-104
1682.09,00:04,3364,-62
1682.52,00:02,3365,-97
1682.59,00:03,3365,-104
1682.59,00:04,3365,-62
1683.02,00:02,3366,-97
1683.09,00:03,3366,-104
1683.09,00:04,3366,-63
1683.52,00:02,3367,-97
1683.59,00:03,3367,-104
1683.59,00:04,3367,-64
1684.02,00:02,3368,-97
1684.09,00:03,3368,-104
1684.09,00:04,3368,-64
1684.52,00:02,3369,-97
1684.59,00:03,3369,-104
1684.59,00:04,3369,-65
1685.02,00:02,3370,-97
1685.09,00:03,3370,-104
1685.09,00:04,3370,-65
1685.52,00:02,3371,-97
1685.59,00:03,3371,-104
1685.59,00:04,3371,-66
1686.02,00:02,3372,-97
1686.09,00:03,3372,-104
1686.09,00:04,3372,-66
1686.52,00:02,3373,-97
1686.59,00:03,3373,-104
1686.59,00:04,3373,-67
1687.02,00:02,3374,-97
1687.09,00:03,3374,-104
1687.09,00:04,3374,-67
1687.52,00:02,3375,-97
1687.59,00:03,3375,-104
1687.59,00:04,3375,-68
1688.02,00:02,3376,-97
1688.09,00:03,3376,-104
1688.09,00:04,3376,-68
1688.52,00:02,3377,-97
1688.58,00:03,3377,-104
1688.59,00:04,3377,-69
1689.02,00:02,3378,-97
1689.09,00:03,3378,-104
1689.09,00:04,3378,-69
1689.52,00:02,3379,-96
1689.59,00:03,3379,-104
1689.59,00:04,3379,-69
1690.02,00:02,3380,-96
1690.09,00:03,3380,-104
1690.09,00:04,3380,-70
1690.52,00:02,3381,-96
1690.59,00:03,3381,-104
1690.59,00:04,3381,-70
1691.02,00:02,3382,-96
1691.09,00:03,3382,-105
1691.09,00:04,3382,-70
1691.52,00:02,3383,-96
1691.59,00:03,3383,-105
1691.59,00:04,3383,-71
1692.02,00:02,3384,-96
1692.09,00:03,3384,-105
1692.09,00:04,3384,-71
1692.52,00:02,3385,-96
1692.59,00:03,3385,-105
1692.59,00:04,3385,-71
1693.02,00:02,3386,-96
1693.09,00:03,3386,-105
1693.09,00:04,3386,-72
1693.52,00:02,3387,-96
1693.59,00:03,3387,-105
1693.59,00:04,3387,-72
1694.02,00:02,3388,-96
1694.09,00:03,3388,-105
1694.09,00:04,3388,-72
1694.52,00:02,3389,-96
1694.59,00:03,3389,-105
1694.59,00:04,3389,-72
1695.02,00:02,3390,-96
1695.09,00:03,3390,-105
1695.09,00:04,3390,-73
1695.52,00:02,3391,-96
1695.59,00:03,3391,-105
1695.59,00:04,3391,-73
1696.02,00:02,3392,-96
1696.09,00:03,3392,-105
1696.09,00:04,3392,-74
1696.52,00:02,3393,-96
1696.58,00:03,3393,-105
1696.59,00:04,3393,-74
1697.02,00:02,3394,-96
1697.09,00:03,3394,-105
1697.09,00:04,3394,-75
1697.52,00:02,3395,-96
1697.59,00:03,3395,-105
1697.59,00:04,3395,-75
1698.02,00:02,3396,-96
1698.09,00:03,3396,-105
1698.09,00:04,3396,-75
1698.52,00:02,3397,-96
1698.59,00:03,3397,-105
1698.59,00:04,3397,-76
1699.02,00:02,3398,-96
1699.09,00:03,3398,-105
1699.09,00:04,3398,-76
1699.52,00:02,3399,-96
1699.59,00:03,3399,-105
1699.59,00:04,3399,-77
1700.02,00:02,3400,-96
1700.09,00:03,3400,-105
1700.09,00:04,3400,-77
1700.52,00:02,3401,-96
1700.59,00:03,3401,-105
1700.59,00:04,3401,-77
1701.02,00:02,3402,-96
1701.09,00:03,3402,-105
1701.09,00:04,3402,-78
1701.52,00:02,3403,-96
1701.59,00:03,3403,-106
1701.59,00:04,3403,-78
1702.02,00:02,3404,-96
1702.09,00:03,3404,-106
1702.09,00:04,3404,-78
1702.52,00:02,3405,-96
1702.59,00:03,3405,-106
1702.59,00:04,3405,-79
1703.02,00:02,3406,-96
1703.09,00:03,3406,-106
1703.09,00:04,3406,-79
1703.52,00:02,3407,-96
1703.59,00:03,3407,-106
1703.59,00:04,3407,-79
1704.02,00:02,3408,-96
1704.09,00:03,3408,-106
1704.09,00:04,3408,-80
1704.52,00:02,3409,-96
1704.59,00:03,3409,-106
1704.59,00:04,3409,-80
1705.02,00:02,3410,-96
1705.09,00:03,3410,-106
1705.09,00:04,3410,-80
1705.52,00:02,3411,-96
1705.59,00:03,3411,-106
1705.59,00:04,3411,-81
1706.02,00:02,3412,-96
1706.09,00:03,3412,-106
1706.09,00:04,3412,-81
1706.52,00:02,3413,-96
1706.59,00:03,3413,-106
1706.59,00:04,3413,-81
1707.02,00:02,3414,-96
1707.09,00:03,3414,-106
1707.09,00:04,3414,-82
1707.52,00:02,3415,-96
1707.59,00:03,3415,-106
1707.59,00:04,3415,-82
1708.02,00:02,3416,-96
1708.09,00:03,3416,-106
1708.09,00:04,3416,-82
1708.52,00:02,3417,-96
1708.59,00:03,3417,-106
1708.59,00:04,3417,-82
1709.02,00:02,3418,-96
1709.09,00:03,3418,-106
1709.09,00:04,3418,-83
1709.52,00:02,3419,-96
1709.59,00:03,3419,-106
1709.59,00:04,3419,-83
1710.02,00:02,3420,-96
1710.09,00:03,3420,-106
1710.09,00:04,3420,-83
1710.52,00:02,3421,-96
1710.59,00:03,3421,-106
1710.59,00:04,3421,-83
1711.02,00:02,3422,-96
1711.09,00:03,3422,-106
1711.09,00:04,3422,-84
1711.52,00:02,3423,-96
1711.59,00:03,3423,-106
1711.59,00:04,3423,-84
1712.02,00:02,3424,-95
1712.09,00:03,3424,-107
1712.09,00:04,3424,-84
1712.52,00:02,3425,-95
1712.59,00:03,3425,-107
1712.59,00:04,3425,-84
1713.02,00:02,3426,-95
1713.09,00:03,3426,-107
1713.09,00:04,3426,-85
1713.52,00:02,3427,-95
1713.59,00:03,3427,-107
1713.59,00:04,3427,-85
1714.02,00:02,3428,-95
1714.09,00:03,3428,-107
1714.09,00:04,3428,-85
1714.52,00:02,3429,-95
1714.59,00:03,3429,-107
1714.59,00:04,3429,-85
1715.02,00:02,3430,-95
1715.09,00:03,3430,-107
1715.09,00:04,3430,-86
1715.52,00:02,3431,-95
1715.59,00:03,3431,-107
1715.59,00:04,3431,-86
1716.02,00:02,3432,-95
1716.09,00:03,3432,-107
1716.09,00:04,3432,-86
1716.52,00:02,3433,-95
1716.59,00:04,3433,-86
1717.02,00:02,3434,-95
1717.09,00:03,3434,-107
1717.09,00:04,3434,-87
1717.52,00:02,3435,-95
1717.59,00:03,3435,-107
1717.59,00:04,3435,-87
1718.02,00:02,3436,-95
1718.09,00:03,3436,-107
1718.09,00:04,3436,-87
1718.52,00:02,3437,-95
1718.59,00:03,3437,-107
1718.59,00:04,3437,-87
1719.02,00:02,3438,-95
1719.09,00:03,3438,-107
1719.09,00:04,3438,-87
1719.52,00:02,3439,-95
1719.59,00:03,3439,-107
1719.59,00:04,3439,-88
1720.02,00:02,3440,-95
1720.09,00:03,3440,-107
1720.09,00:04,3440,-88
1720.52,00:02,3441,-95
1720.59,00:03,3441,-107
1720.59,00:04,3441,-88
1721.02,00:02,3442,-95
1721.08,00:03,3442,-107
1721.09,00:04,3442,-88
1721.52,00:02,3443,-95
1721.59,00:03,3443,-107
1721.59,00:04,3443,-88
