Time_s,Src_MAC,Seq_Num,RSSI_dBm
0.00802546,00:02,0,-56
0.0549913,00:03,0,-78
0.105113,00:04,0,-81
0.505997,00:02,1,-56
0.553611,00:03,1,-78
0.60425,00:04,1,-81
1.00785,00:02,2,-56
1.0532,00:03,2,-78
1.10571,00:04,2,-81
1.50844,00:02,3,-57
1.55344,00:03,3,-77
1.6051,00:04,3,-81
2.00746,00:02,4,-57
2.05333,00:03,4,-77
2.10353,00:04,4,-81
2.50551,00:02,5,-58
2.55362,00:03,5,-77
2.60615,00:04,5,-81
3.00682,00:02,6,-58
3.05362,00:03,6,-77
3.10569,00:04,6,-81
3.50625,00:02,7,-59
3.5545,00:03,7,-77
3.60558,00:04,7,-81
4.00761,00:02,8,-60
4.05272,00:03,8,-77
4.10483,00:04,8,-81
4.50825,00:02,9,-60
4.55321,00:03,9,-77
4.60389,00:04,9,-81
5.00718,00:02,10,-61
5.05428,00:03,10,-77
5.1042,00:04,10,-81
5.50597,00:02,11,-62
5.55429,00:03,11,-77
5.60541,00:04,11,-81
6.00617,00:02,12,-62
6.05361,00:03,12,-77
6.10387,00:04,12,-80
6.50663,00:02,13,-63
6.55421,00:03,13,-76
6.60441,00:04,13,-80
7.00752,00:02,14,-63
7.053,00:03,14,-76
7.10525,00:04,14,-80
7.50589,00:02,15,-64
7.55357,00:03,15,-76
7.60609,00:04,15,-80
8.00706,00:02,16,-64
8.05483,00:03,16,-76
8.10467,00:04,16,-80
8.50542,00:02,17,-65
8.55312,00:03,17,-76
8.60491,00:04,17,-80
9.00679,00:02,18,-65
9.05419,00:03,18,-76
9.10454,00:04,18,-80
9.50611,00:02,19,-66
9.55199,00:03,19,-76
9.60467,00:04,19,-80
10.0065,00:02,20,-66
10.0543,00:03,20,-76
10.1055,00:04,20,-80
10.505,00:02,21,-67
10.5552,00:03,21,-76
10.6053,00:04,21,-80
11.0068,00:02,22,-67
11.0545,00:03,22,-75
11.1047,00:04,22,-80
11.5053,00:02,23,-67
11.5535,00:03,23,-75
11.6046,00:04,23,-80
12.0075,00:02,24,-68
12.0528,00:03,24,-75
12.105,00:04,24,-80
12.5069,00:02,25,-68
12.5538,00:03,25,-75
12.6061,00:04,25,-80
13.0083,00:02,26,-68
13.0538,00:03,26,-75
13.1058,00:04,26,-80
13.5066,00:02,27,-69
13.5549,00:03,27,-75
13.6044,00:04,27,-80
14.0066,00:02,28,-69
14.055,00:03,28,-75
14.1042,00:04,28,-80
14.5075,00:02,29,-69
14.5547,00:03,29,-75
14.6046,00:04,29,-80
15.0069,00:02,30,-70
15.0547,00:03,30,-75
15.1034,00:04,30,-80
15.5068,00:02,31,-70
15.5538,00:03,31,-74
15.6061,00:04,31,-80
16.007,00:02,32,-70
16.0542,00:03,32,-74
16.1028,00:04,32,-80
16.5051,00:02,33,-71
16.5529,00:03,33,-74
16.6041,00:04,33,-80
17.0078,00:02,34,-71
17.0522,00:03,34,-74
17.1028,00:04,34,-80
17.5055,00:02,35,-71
17.555,00:03,35,-74
17.6052,00:04,35,-80
18.0064,00:02,36,-72
18.054,00:03,36,-74
18.1059,00:04,36,-80
18.507,00:02,37,-72
18.5528,00:03,37,-74
18.6048,00:04,37,-80
19.0073,00:02,38,-73
19.0536,00:03,38,-74
19.1068,00:04,38,-80
19.5059,00:02,39,-73
19.555,00:03,39,-73
19.6038,00:04,39,-80
20.0057,00:02,40,-73
20.0531,00:03,40,-73
20.1047,00:04,40,-80
20.5068,00:02,41,-74
20.5541,00:03,41,-73
20.6057,00:04,41,-80
21.0075,00:02,42,-74
21.0543,00:03,42,-73
21.1051,00:04,42,-80
21.5066,00:02,43,-75
21.5528,00:03,43,-73
21.6055,00:04,43,-79
22.0078,00:02,44,-75
22.0546,00:03,44,-73
22.1044,00:04,44,-79
22.5062,00:02,45,-75
22.5554,00:03,45,-73
22.6061,00:04,45,-79
23.0066,00:02,46,-76
23.0537,00:03,46,-73
23.1043,00:04,46,-79
23.5062,00:02,47,-76
23.5549,00:03,47,-72
23.6032,00:04,47,-79
24.0079,00:02,48,-76
24.0535,00:03,48,-72
24.1029,00:04,48,-79
24.506,00:02,49,-77
24.5537,00:03,49,-72
24.6039,00:04,49,-79
25.0068,00:02,50,-77
25.053,00:03,50,-72
25.1063,00:04,50,-79
25.5062,00:02,51,-78
25.5538,00:03,51,-72
25.6047,00:04,51,-79
26.005,00:02,52,-78
26.0554,00:03,52,-72
26.1056,00:04,52,-79
26.5062,00:02,53,-78
26.5547,00:03,53,-72
26.6053,00:04,53,-79
27.0059,00:02,54,-78
27.0547,00:03,54,-72
27.1063,00:04,54,-79
27.5081,00:02,55,-79
27.5555,00:03,55,-71
27.6057,00:04,55,-79
28.0068,00:02,56,-79
28.0535,00:03,56,-71
28.1069,00:04,56,-79
28.5066,00:02,57,-79
28.5547,00:03,57,-71
28.6033,00:04,57,-79
29.0068,00:02,58,-80
29.0523,00:03,58,-71
29.1051,00:04,58,-79
29.5063,00:02,59,-80
29.5523,00:03,59,-71
29.6034,00:04,59,-79
30.0058,00:02,60,-80
30.0551,00:03,60,-71
30.1052,00:04,60,-79
30.5072,00:02,61,-81
30.5555,00:03,61,-71
30.6044,00:04,61,-79
31.007,00:02,62,-81
31.0561,00:03,62,-70
31.105,00:04,62,-79
31.5071,00:02,63,-81
31.5536,00:03,63,-70
31.6049,00:04,63,-79
32.0064,00:02,64,-81
32.0555,00:03,64,-70
32.1042,00:04,64,-79
32.506,00:02,65,-82
32.5536,00:03,65,-70
32.605,00:04,65,-79
33.0067,00:02,66,-82
33.0543,00:03,66,-70
33.1046,00:04,66,-79
33.5084,00:02,67,-82
33.5539,00:03,67,-70
33.6057,00:04,67,-79
34.0079,00:02,68,-82
34.0526,00:03,68,-69
34.1058,00:04,68,-79
34.508,00:02,69,-83
34.5548,00:03,69,-69
34.6067,00:04,69,-79
35.0068,00:02,70,-83
35.0548,00:03,70,-69
35.1035,00:04,70,-79
35.5068,00:02,71,-83
35.5533,00:03,71,-69
35.6058,00:04,71,-79
36.0084,00:02,72,-83
36.0547,00:03,72,-69
36.1066,00:04,72,-79
36.5063,00:02,73,-84
36.5544,00:03,73,-69
36.6059,00:04,73,-79
37.0061,00:02,74,-84
37.0551,00:03,74,-69
37.1053,00:04,74,-79
37.5052,00:02,75,-84
37.5525,00:03,75,-68
37.6058,00:04,75,-79
38.0081,00:02,76,-84
38.0533,00:03,76,-68
38.1045,00:04,76,-79
38.506,00:02,77,-85
38.5544,00:03,77,-68
38.6053,00:04,77,-79
39.007,00:02,78,-85
39.0538,00:03,78,-68
39.1062,00:04,78,-79
39.5058,00:02,79,-85
39.552,00:03,79,-68
39.606,00:04,79,-79
40.0081,00:02,80,-85
40.0546,00:03,80,-68
40.1065,00:04,80,-79
40.5053,00:02,81,-85
40.5521,00:03,81,-67
40.6048,00:04,81,-79
41.008,00:02,82,-86
41.0543,00:03,82,-67
41.106,00:04,82,-79
41.506,00:02,83,-86
41.5553,00:03,83,-67
41.6044,00:04,83,-79
42.0053,00:02,84,-86
42.0534,00:03,84,-67
42.106,00:04,84,-79
42.5075,00:02,85,-86
42.5541,00:03,85,-67
42.6036,00:04,85,-79
43.0069,00:02,86,-86
43.0549,00:03,86,-66
43.1037,00:04,86,-79
43.5077,00:02,87,-87
43.5544,00:03,87,-66
43.605,00:04,87,-79
44.0075,00:02,88,-87
44.0528,00:03,88,-66
44.1046,00:04,88,-79
44.5064,00:02,89,-87
44.5539,00:03,89,-66
44.6049,00:04,89,-79
45.0076,00:02,90,-87
45.0546,00:03,90,-66
45.1053,00:04,90,-79
45.5052,00:02,91,-87
45.5535,00:03,91,-66
45.6043,00:04,91,-79
46.005,00:02,92,-88
46.0533,00:03,92,-65
46.1034,00:04,92,-79
46.5071,00:02,93,-88
46.5533,00:03,93,-65
46.6067,00:04,93,-79
47.0066,00:02,94,-88
47.0544,00:03,94,-65
47.1053,00:04,94,-79
47.5067,00:02,95,-88
47.5534,00:03,95,-65
47.6041,00:04,95,-79
48.0076,00:02,96,-88
48.0556,00:03,96,-65
48.1055,00:04,96,-79
48.5058,00:02,97,-89
48.556,00:03,97,-64
48.6046,00:04,97,-79
49.0054,00:02,98,-89
49.053,00:03,98,-64
49.1045,00:04,98,-79
49.5054,00:02,99,-89
49.5528,00:03,99,-64
49.6033,00:04,99,-79
50.0071,00:02,100,-89
50.0546,00:03,100,-64
50.1052,00:04,100,-79
50.5052,00:02,101,-89
50.556,00:03,101,-63
50.6044,00:04,101,-79
51.0072,00:02,102,-89
51.0547,00:03,102,-63
51.1065,00:04,102,-79
51.5058,00:02,103,-90
51.5562,00:03,103,-63
51.6037,00:04,103,-79
52.0056,00:02,104,-90
52.0542,00:03,104,-63
52.1054,00:04,104,-79
52.505,00:02,105,-90
52.5543,00:03,105,-63
52.6043,00:04,105,-79
53.007,00:02,106,-90
53.0532,00:03,106,-62
53.1037,00:04,106,-79
53.5077,00:02,107,-90
53.5533,00:03,107,-62
53.6048,00:04,107,-79
54.007,00:02,108,-90
54.0531,00:03,108,-62
54.1035,00:04,108,-79
54.5055,00:02,109,-91
54.5545,00:03,109,-62
54.6056,00:04,109,-79
55.0066,00:02,110,-91
55.0544,00:03,110,-61
55.1049,00:04,110,-79
55.507,00:02,111,-91
55.5539,00:03,111,-61
55.6043,00:04,111,-79
56.0067,00:02,112,-91
56.0558,00:03,112,-61
56.1062,00:04,112,-79
56.5056,00:02,113,-91
56.5535,00:03,113,-61
56.6049,00:04,113,-79
57.0069,00:02,114,-91
57.0537,00:03,114,-60
57.104,00:04,114,-79
57.5058,00:02,115,-91
57.5553,00:03,115,-60
57.6031,00:04,115,-79
58.0081,00:02,116,-92
58.0532,00:03,116,-60
58.1055,00:04,116,-79
58.5071,00:02,117,-92
58.5552,00:03,117,-60
58.6051,00:04,117,-79
59.0064,00:02,118,-92
59.0539,00:03,118,-59
59.1044,00:04,118,-79
59.5089,00:02,119,-92
59.5545,00:03,119,-59
59.6044,00:04,119,-79
60.0057,00:02,120,-92
60.0537,00:03,120,-59
60.105,00:04,120,-79
60.5087,00:02,121,-92
60.5549,00:03,121,-58
60.6047,00:04,121,-79
61.0073,00:02,122,-93
61.0548,00:03,122,-58
61.1027,00:04,122,-79
61.507,00:02,123,-93
61.5563,00:03,123,-58
61.6039,00:04,123,-79
62.0066,00:02,124,-93
62.0545,00:03,124,-58
62.1045,00:04,124,-79
62.5062,00:02,125,-93
62.5551,00:03,125,-57
62.6029,00:04,125,-79
63.0061,00:02,126,-93
63.0539,00:03,126,-57
63.1044,00:04,126,-79
63.5062,00:02,127,-93
63.5549,00:03,127,-57
63.6045,00:04,127,-79
64.0071,00:02,128,-93
64.0538,00:03,128,-56
64.1049,00:04,128,-79
64.5067,00:02,129,-93
64.5534,00:03,129,-56
64.6054,00:04,129,-79
65.0059,00:02,130,-94
65.0542,00:03,130,-56
65.1052,00:04,130,-79
65.5071,00:02,131,-94
65.5556,00:03,131,-55
65.606,00:04,131,-79
66.0062,00:02,132,-94
66.0536,00:03,132,-55
66.1049,00:04,132,-79
66.5076,00:02,133,-94
66.556,00:03,133,-55
66.6051,00:04,133,-79
67.0064,00:02,134,-94
67.0537,00:03,134,-54
67.1055,00:04,134,-79
67.5064,00:02,135,-94
67.5531,00:03,135,-54
67.6058,00:04,135,-79
68.0071,00:02,136,-94
68.0551,00:03,136,-53
68.1048,00:04,136,-79
68.5072,00:02,137,-95
68.5529,00:03,137,-53
68.603,00:04,137,-80
69.0067,00:02,138,-95
69.0548,00:03,138,-53
69.1051,00:04,138,-80
69.5072,00:02,139,-95
69.5561,00:03,139,-52
69.6055,00:04,139,-80
70.0075,00:02,140,-95
70.0538,00:03,140,-52
70.1056,00:04,140,-80
70.5058,00:02,141,-95
70.554,00:03,141,-51
70.6048,00:04,141,-80
71.0089,00:02,142,-95
71.0545,00:03,142,-51
71.104,00:04,142,-80
71.5074,00:02,143,-95
71.555,00:03,143,-51
71.6049,00:04,143,-80
72.0059,00:02,144,-95
72.0553,00:03,144,-50
72.1042,00:04,144,-80
72.5069,00:02,145,-95
72.5559,00:03,145,-50
72.6054,00:04,145,-80
73.0048,00:02,146,-96
73.0548,00:03,146,-49
73.1055,00:04,146,-80
73.5081,00:02,147,-96
73.5536,00:03,147,-49
73.6056,00:04,147,-80
74.0067,00:02,148,-96
74.0541,00:03,148,-49
74.1055,00:04,148,-80
74.5067,00:02,149,-96
74.5542,00:03,149,-49
74.6049,00:04,149,-80
75.0062,00:02,150,-96
75.0547,00:03,150,-48
75.1039,00:04,150,-80
75.5077,00:02,151,-96
75.5553,00:03,151,-48
75.6053,00:04,151,-80
76.0065,00:02,152,-96
76.0552,00:03,152,-48
76.1057,00:04,152,-80
76.5069,00:02,153,-96
76.5553,00:03,153,-47
76.606,00:04,153,-80
77.0067,00:02,154,-97
77.0538,00:03,154,-47
77.1053,00:04,154,-80
77.5078,00:02,155,-97
77.5553,00:03,155,-47
77.6065,00:04,155,-80
78.0086,00:02,156,-97
78.0528,00:03,156,-46
78.1046,00:04,156,-80
78.5066,00:02,157,-97
78.5553,00:03,157,-46
78.6031,00:04,157,-80
79.0067,00:02,158,-97
79.0525,00:03,158,-45
79.1049,00:04,158,-80
79.5067,00:02,159,-97
79.5556,00:03,159,-45
79.6049,00:04,159,-80
80.0062,00:02,160,-97
80.0531,00:03,160,-45
80.1056,00:04,160,-80
80.5074,00:02,161,-97
80.5545,00:03,161,-44
80.6029,00:04,161,-80
81.0065,00:02,162,-97
81.0558,00:03,162,-44
81.103,00:04,162,-80
81.5058,00:02,163,-98
81.5533,00:03,163,-43
81.605,00:04,163,-80
82.0065,00:02,164,-98
82.0544,00:03,164,-43
82.1034,00:04,164,-80
82.5066,00:02,165,-98
82.5552,00:03,165,-42
82.6044,00:04,165,-80
83.008,00:02,166,-98
83.0527,00:03,166,-42
83.1038,00:04,166,-80
83.5069,00:02,167,-98
83.5542,00:03,167,-41
83.6038,00:04,167,-80
84.0062,00:02,168,-98
84.0537,00:03,168,-41
84.1057,00:04,168,-80
84.5066,00:02,169,-98
84.5552,00:03,169,-40
84.6045,00:04,169,-81
85.0065,00:02,170,-98
85.054,00:03,170,-39
85.1045,00:04,170,-81
85.5072,00:02,171,-98
85.5542,00:03,171,-39
85.603,00:04,171,-81
86.0066,00:02,172,-98
86.0553,00:03,172,-38
86.105,00:04,172,-81
86.506,00:02,173,-99
86.5544,00:03,173,-37
86.6061,00:04,173,-81
87.0055,00:02,174,-99
87.0554,00:03,174,-37
87.1044,00:04,174,-81
87.5076,00:02,175,-99
87.5539,00:03,175,-36
87.6056,00:04,175,-81
88.006,00:02,176,-99
88.0534,00:03,176,-36
88.1036,00:04,176,-81
88.5074,00:02,177,-99
88.5543,00:03,177,-35
88.6045,00:04,177,-81
89.0079,00:02,178,-99
89.0537,00:03,178,-35
89.1031,00:04,178,-81
89.5064,00:02,179,-99
89.5544,00:03,179,-34
89.6032,00:04,179,-81
90.0073,00:02,180,-99
90.0541,00:03,180,-35
90.1054,00:04,180,-81
90.5054,00:02,181,-99
90.5527,00:03,181,-36
90.6043,00:04,181,-81
91.0052,00:02,182,-99
91.0556,00:03,182,-36
91.1046,00:04,182,-81
91.5074,00:02,183,-99
91.5535,00:03,183,-37
91.6045,00:04,183,-81
92.008,00:02,184,-99
92.056,00:03,184,-38
92.1048,00:04,184,-81
92.5082,00:02,185,-99
92.5531,00:03,185,-39
92.6037,00:04,185,-81
93.0075,00:02,186,-99
93.056,00:03,186,-40
93.1037,00:04,186,-80
93.5067,00:02,187,-99
93.5541,00:03,187,-40
93.6047,00:04,187,-80
94.0078,00:02,188,-99
94.0547,00:03,188,-41
94.1042,00:04,188,-80
94.5068,00:02,189,-99
94.5545,00:03,189,-42
94.6042,00:04,189,-80
95.0074,00:02,190,-99
95.0552,00:03,190,-42
95.1043,00:04,190,-80
95.5059,00:02,191,-99
95.5549,00:03,191,-42
95.6048,00:04,191,-80
96.0073,00:02,192,-99
96.053,00:03,192,-42
96.106,00:04,192,-80
96.5056,00:02,193,-99
96.5551,00:03,193,-42
96.605,00:04,193,-80
97.0079,00:02,194,-99
97.0541,00:03,194,-42
97.1045,00:04,194,-80
97.5078,00:02,195,-99
97.5539,00:03,195,-42
97.6052,00:04,195,-80
98.0089,00:02,196,-99
98.054,00:03,196,-42
98.1032,00:04,196,-80
98.5071,00:02,197,-99
98.5556,00:03,197,-43
98.6046,00:04,197,-80
99.0062,00:02,198,-99
99.0535,00:03,198,-43
99.1056,00:04,198,-80
99.5056,00:02,199,-99
99.5553,00:03,199,-43
99.6036,00:04,199,-80
100.007,00:02,200,-99
100.055,00:03,200,-43
100.105,00:04,200,-80
100.507,00:02,201,-98
100.554,00:03,201,-43
100.604,00:04,201,-80
101.008,00:02,202,-98
101.055,00:03,202,-44
101.103,00:04,202,-80
101.507,00:02,203,-98
101.554,00:03,203,-44
101.605,00:04,203,-80
102.007,00:02,204,-98
102.054,00:03,204,-44
102.104,00:04,204,-80
102.507,00:02,205,-98
102.554,00:03,205,-45
102.606,00:04,205,-80
103.008,00:02,206,-98
103.054,00:03,206,-45
103.106,00:04,206,-80
103.508,00:02,207,-98
103.555,00:03,207,-45
103.605,00:04,207,-79
104.009,00:02,208,-98
104.054,00:03,208,-45
104.104,00:04,208,-79
104.508,00:02,209,-98
104.555,00:03,209,-46
104.604,00:04,209,-79
105.006,00:02,210,-97
105.055,00:03,210,-46
105.106,00:04,210,-79
105.507,00:02,211,-97
105.554,00:03,211,-46
105.604,00:04,211,-79
106.009,00:02,212,-97
106.055,00:03,212,-47
106.104,00:04,212,-79
106.505,00:02,213,-97
106.556,00:03,213,-47
106.604,00:04,213,-79
107.009,00:02,214,-97
107.055,00:03,214,-47
107.106,00:04,214,-79
107.507,00:02,215,-97
107.554,00:03,215,-47
107.605,00:04,215,-79
108.008,00:02,216,-97
108.054,00:03,216,-48
108.104,00:04,216,-79
108.506,00:02,217,-97
108.554,00:03,217,-48
108.604,00:04,217,-79
109.007,00:02,218,-97
109.055,00:03,218,-48
109.104,00:04,218,-79
109.506,00:02,219,-97
109.554,00:03,219,-49
109.605,00:04,219,-79
110.008,00:02,220,-96
110.054,00:03,220,-49
110.105,00:04,220,-79
110.507,00:02,221,-96
110.555,00:03,221,-49
110.604,00:04,221,-79
111.007,00:02,222,-96
111.055,00:03,222,-49
111.104,00:04,222,-79
111.505,00:02,223,-96
111.553,00:03,223,-50
111.604,00:04,223,-79
112.008,00:02,224,-96
112.056,00:03,224,-50
112.104,00:04,224,-79
112.507,00:02,225,-96
112.554,00:03,225,-50
112.604,00:04,225,-79
113.007,00:02,226,-96
113.055,00:03,226,-51
113.106,00:04,226,-79
113.507,00:02,227,-96
113.554,00:03,227,-51
113.605,00:04,227,-79
114.008,00:02,228,-95
114.056,00:03,228,-51
114.103,00:04,228,-79
114.506,00:02,229,-95
114.557,00:03,229,-52
114.604,00:04,229,-79
115.007,00:02,230,-95
115.054,00:03,230,-52
115.103,00:04,230,-79
115.509,00:02,231,-95
115.556,00:03,231,-53
115.604,00:04,231,-79
116.007,00:02,232,-95
116.055,00:03,232,-53
116.105,00:04,232,-79
116.507,00:02,233,-95
116.556,00:03,233,-53
116.604,00:04,233,-79
117.006,00:02,234,-95
117.053,00:03,234,-54
117.104,00:04,234,-79
117.509,00:02,235,-95
117.556,00:03,235,-54
117.604,00:04,235,-79
118.008,00:02,236,-94
118.055,00:03,236,-54
118.103,00:04,236,-79
118.507,00:02,237,-94
118.556,00:03,237,-55
118.604,00:04,237,-78
119.006,00:02,238,-94
119.055,00:03,238,-55
119.107,00:04,238,-78
119.506,00:02,239,-94
119.554,00:03,239,-55
119.603,00:04,239,-78
120.005,00:02,240,-94
120.055,00:03,240,-56
120.104,00:04,240,-78
120.506,00:02,241,-94
120.554,00:03,241,-56
120.604,00:04,241,-78
121.007,00:02,242,-94
121.055,00:03,242,-56
121.105,00:04,242,-78
121.509,00:02,243,-94
121.555,00:03,243,-57
121.605,00:04,243,-78
122.007,00:02,244,-93
122.053,00:03,244,-57
122.103,00:04,244,-78
122.508,00:02,245,-93
122.555,00:03,245,-57
122.605,00:04,245,-78
123.006,00:02,246,-93
123.055,00:03,246,-58
123.103,00:04,246,-78
123.508,00:02,247,-93
123.554,00:03,247,-58
123.604,00:04,247,-78
124.008,00:02,248,-93
124.055,00:03,248,-58
124.103,00:04,248,-78
124.508,00:02,249,-93
124.553,00:03,249,-58
124.606,00:04,249,-78
125.007,00:02,250,-93
125.054,00:03,250,-59
125.106,00:04,250,-78
125.507,00:02,251,-92
125.556,00:03,251,-59
125.604,00:04,251,-78
126.007,00:02,252,-92
126.055,00:03,252,-59
126.105,00:04,252,-78
126.506,00:02,253,-92
126.555,00:03,253,-60
126.604,00:04,253,-78
127.008,00:02,254,-92
127.055,00:03,254,-60
127.104,00:04,254,-78
127.507,00:02,255,-92
127.555,00:03,255,-60
127.604,00:04,255,-78
128.006,00:02,256,-92
128.055,00:03,256,-60
128.105,00:04,256,-78
128.508,00:02,257,-92
128.555,00:03,257,-61
128.604,00:04,257,-78
129.007,00:02,258,-91
129.056,00:03,258,-61
129.104,00:04,258,-78
129.507,00:02,259,-91
129.555,00:03,259,-61
129.606,00:04,259,-78
130.006,00:02,260,-91
130.053,00:03,260,-61
130.104,00:04,260,-78
130.507,00:02,261,-91
130.557,00:03,261,-62
130.604,00:04,261,-78
131.006,00:02,262,-91
131.055,00:03,262,-62
131.105,00:04,262,-78
131.506,00:02,263,-91
131.555,00:03,263,-62
131.603,00:04,263,-78
132.007,00:02,264,-91
132.054,00:03,264,-62
132.104,00:04,264,-78
132.508,00:02,265,-90
132.554,00:03,265,-62
132.604,00:04,265,-78
133.006,00:02,266,-97
133.056,00:03,266,-70
133.104,00:04,266,-85
133.506,00:02,267,-97
133.555,00:03,267,-70
133.604,00:04,267,-85
134.005,00:02,268,-97
134.055,00:03,268,-70
134.104,00:04,268,-85
134.506,00:02,269,-97
134.554,00:03,269,-70
134.605,00:04,269,-85
135.009,00:02,270,-97
135.054,00:03,270,-71
135.103,00:04,270,-85
135.508,00:02,271,-96
135.555,00:03,271,-71
135.605,00:04,271,-85
136.008,00:02,272,-96
136.055,00:03,272,-71
136.105,00:04,272,-85
136.506,00:02,273,-96
136.555,00:03,273,-71
136.605,00:04,273,-85
137.007,00:02,274,-96
137.055,00:03,274,-71
137.104,00:04,274,-85
137.507,00:02,275,-96
137.555,00:03,275,-72
137.605,00:04,275,-85
138.007,00:02,276,-96
138.054,00:03,276,-72
138.106,00:04,276,-85
138.507,00:02,277,-95
138.554,00:03,277,-72
138.604,00:04,277,-85
139.008,00:02,278,-95
139.055,00:03,278,-72
139.105,00:04,278,-85
139.506,00:02,279,-95
139.555,00:03,279,-72
139.602,00:04,279,-85
140.006,00:02,280,-95
140.055,00:03,280,-73
140.105,00:04,280,-85
140.506,00:02,281,-95
140.556,00:03,281,-73
140.603,00:04,281,-85
141.009,00:02,282,-94
141.054,00:03,282,-73
141.104,00:04,282,-85
141.507,00:02,283,-94
141.556,00:03,283,-73
141.603,00:04,283,-85
142.008,00:02,284,-94
142.055,00:03,284,-73
142.106,00:04,284,-85
142.508,00:02,285,-94
142.556,00:03,285,-74
142.604,00:04,285,-85
143.007,00:02,286,-94
143.053,00:03,286,-74
143.107,00:04,286,-85
143.507,00:02,287,-94
143.556,00:03,287,-74
143.606,00:04,287,-85
144.006,00:02,288,-93
144.055,00:03,288,-74
144.105,00:04,288,-85
144.508,00:02,289,-93
144.555,00:03,289,-74
144.604,00:04,289,-85
145.007,00:02,290,-93
145.056,00:03,290,-74
145.104,00:04,290,-85
145.509,00:02,291,-93
145.555,00:03,291,-75
145.606,00:04,291,-85
146.007,00:02,292,-93
146.054,00:03,292,-75
146.105,00:04,292,-85
146.506,00:02,293,-92
146.553,00:03,293,-75
146.604,00:04,293,-85
147.007,00:02,294,-92
147.053,00:03,294,-75
147.105,00:04,294,-85
147.506,00:02,295,-92
147.556,00:03,295,-75
147.607,00:04,295,-85
148.008,00:02,296,-92
148.056,00:03,296,-75
148.102,00:04,296,-85
148.508,00:02,297,-91
148.554,00:03,297,-76
148.604,00:04,297,-85
149.007,00:02,298,-84
149.053,00:03,298,-69
149.106,00:04,298,-78
149.506,00:02,299,-84
149.557,00:03,299,-69
149.605,00:04,299,-78
150.007,00:02,300,-84
150.055,00:03,300,-69
150.104,00:04,300,-78
150.506,00:02,301,-84
150.556,00:03,301,-69
150.604,00:04,301,-78
151.008,00:02,302,-83
151.054,00:03,302,-69
151.106,00:04,302,-78
151.506,00:02,303,-83
151.553,00:03,303,-70
151.605,00:04,303,-78
152.006,00:02,304,-83
152.055,00:03,304,-70
152.103,00:04,304,-78
152.507,00:02,305,-83
152.556,00:03,305,-70
152.605,00:04,305,-78
153.008,00:02,306,-82
153.055,00:03,306,-70
153.104,00:04,306,-78
153.507,00:02,307,-82
153.555,00:03,307,-70
153.607,00:04,307,-78
154.006,00:02,308,-82
154.056,00:03,308,-70
154.105,00:04,308,-78
154.506,00:02,309,-82
154.556,00:03,309,-70
154.603,00:04,309,-78
155.006,00:02,310,-81
155.056,00:03,310,-71
155.105,00:04,310,-78
155.509,00:02,311,-81
155.554,00:03,311,-71
155.604,00:04,311,-78
156.008,00:02,312,-81
156.055,00:03,312,-71
156.105,00:04,312,-78
156.507,00:02,313,-81
156.553,00:03,313,-71
156.604,00:04,313,-78
157.006,00:02,314,-80
157.056,00:03,314,-71
157.105,00:04,314,-78
157.508,00:02,315,-80
157.554,00:03,315,-71
157.605,00:04,315,-78
158.007,00:02,316,-80
158.054,00:03,316,-71
158.105,00:04,316,-78
158.507,00:02,317,-79
158.557,00:03,317,-72
158.604,00:04,317,-78
159.006,00:02,318,-79
159.055,00:03,318,-72
159.105,00:04,318,-78
159.506,00:02,319,-79
159.555,00:03,319,-72
159.605,00:04,319,-78
160.009,00:02,320,-78
160.057,00:03,320,-72
160.103,00:04,320,-78
160.507,00:02,321,-78
160.554,00:03,321,-72
160.604,00:04,321,-78
161.007,00:02,322,-78
161.056,00:03,322,-72
161.105,00:04,322,-78
161.506,00:02,323,-78
161.554,00:03,323,-72
161.604,00:04,323,-78
162.007,00:02,324,-77
162.055,00:03,324,-72
162.105,00:04,324,-78
162.507,00:02,325,-77
162.555,00:03,325,-73
162.603,00:04,325,-78
163.007,00:02,326,-77
163.056,00:03,326,-73
163.105,00:04,326,-78
163.508,00:02,327,-76
163.555,00:03,327,-73
163.604,00:04,327,-78
164.006,00:02,328,-76
164.054,00:03,328,-73
164.103,00:04,328,-79
164.507,00:02,329,-76
164.556,00:03,329,-73
164.604,00:04,329,-79
165.008,00:02,330,-75
165.056,00:03,330,-73
165.104,00:04,330,-79
165.508,00:02,331,-75
165.555,00:03,331,-73
165.604,00:04,331,-79
166.007,00:02,332,-74
166.054,00:03,332,-73
166.104,00:04,332,-79
166.507,00:02,333,-74
166.554,00:03,333,-74
166.605,00:04,333,-79
167.009,00:02,334,-74
167.055,00:03,334,-74
167.106,00:04,334,-79
167.508,00:02,335,-73
167.555,00:03,335,-74
167.605,00:04,335,-79
168.007,00:02,336,-73
168.056,00:03,336,-74
168.103,00:04,336,-79
168.507,00:02,337,-73
168.556,00:03,337,-74
168.606,00:04,337,-79
169.007,00:02,338,-72
169.055,00:03,338,-74
169.105,00:04,338,-79
169.509,00:02,339,-72
169.554,00:03,339,-74
169.604,00:04,339,-79
170.008,00:02,340,-71
170.054,00:03,340,-74
170.105,00:04,340,-79
170.509,00:02,341,-71
170.556,00:03,341,-75
170.604,00:04,341,-79
171.009,00:02,342,-71
171.054,00:03,342,-75
171.106,00:04,342,-79
171.506,00:02,343,-71
171.556,00:03,343,-75
171.605,00:04,343,-79
172.009,00:02,344,-70
172.056,00:03,344,-75
172.103,00:04,344,-79
172.508,00:02,345,-70
172.554,00:03,345,-75
172.603,00:04,345,-79
173.007,00:02,346,-70
173.057,00:03,346,-75
173.104,00:04,346,-79
173.506,00:02,347,-69
173.555,00:03,347,-75
173.606,00:04,347,-79
174.005,00:02,348,-69
174.054,00:03,348,-75
174.103,00:04,348,-79
174.507,00:02,349,-69
174.556,00:03,349,-75
174.605,00:04,349,-79
175.007,00:02,350,-69
175.054,00:03,350,-76
175.105,00:04,350,-79
175.509,00:02,351,-68
175.555,00:03,351,-76
175.605,00:04,351,-79
176.008,00:02,352,-68
176.055,00:03,352,-76
176.106,00:04,352,-79
176.507,00:02,353,-68
176.555,00:03,353,-76
176.606,00:04,353,-79
177.007,00:02,354,-68
177.055,00:03,354,-76
177.105,00:04,354,-79
177.508,00:02,355,-67
177.556,00:03,355,-76
177.605,00:04,355,-79
178.008,00:02,356,-67
178.054,00:03,356,-76
178.105,00:04,356,-79
178.507,00:02,357,-67
178.556,00:03,357,-76
178.604,00:04,357,-80
179.007,00:02,358,-66
179.054,00:03,358,-76
179.105,00:04,358,-80
179.509,00:02,359,-66
179.555,00:03,359,-76
179.605,00:04,359,-80
180.007,00:02,360,-66
180.054,00:03,360,-77
180.106,00:04,360,-80
180.508,00:02,361,-65
180.555,00:03,361,-77
180.604,00:04,361,-80
181.008,00:02,362,-65
181.056,00:03,362,-77
181.105,00:04,362,-80
181.508,00:02,363,-65
181.554,00:03,363,-77
181.604,00:04,363,-80
182.008,00:02,364,-65
182.055,00:03,364,-77
182.106,00:04,364,-80
182.507,00:02,365,-65
182.556,00:03,365,-77
182.604,00:04,365,-80
183.006,00:02,366,-64
183.054,00:03,366,-77
183.106,00:04,366,-80
183.507,00:02,367,-64
183.555,00:03,367,-77
183.603,00:04,367,-80
184.009,00:02,368,-64
184.056,00:03,368,-77
184.105,00:04,368,-80
184.507,00:02,369,-64
184.555,00:03,369,-77
184.605,00:04,369,-80
185.008,00:02,370,-64
185.056,00:03,370,-78
185.103,00:04,370,-80
185.509,00:02,371,-64
185.556,00:03,371,-78
185.605,00:04,371,-80
186.006,00:02,372,-64
186.054,00:03,372,-78
186.104,00:04,372,-80
186.505,00:02,373,-64
186.554,00:03,373,-78
186.604,00:04,373,-80
187.008,00:02,374,-65
187.056,00:03,374,-78
187.105,00:04,374,-80
187.509,00:02,375,-65
187.554,00:03,375,-78
187.604,00:04,375,-80
188.006,00:02,376,-66
188.056,00:03,376,-78
188.104,00:04,376,-80
188.506,00:02,377,-66
188.554,00:03,377,-78
188.603,00:04,377,-80
189.009,00:02,378,-67
189.055,00:03,378,-78
189.105,00:04,378,-80
189.507,00:02,379,-67
189.556,00:03,379,-78
189.605,00:04,379,-80
190.006,00:02,380,-67
190.057,00:03,380,-78
190.105,00:04,380,-79
190.508,00:02,381,-68
190.556,00:03,381,-78
190.604,00:04,381,-79
191.008,00:02,382,-68
191.055,00:03,382,-78
191.103,00:04,382,-79
191.508,00:02,383,-68
191.554,00:03,383,-78
191.603,00:04,383,-79
192.006,00:02,384,-68
192.056,00:03,384,-78
192.104,00:04,384,-79
192.508,00:02,385,-68
192.556,00:03,385,-78
192.604,00:04,385,-79
193.006,00:02,386,-68
193.055,00:03,386,-78
193.103,00:04,386,-79
193.507,00:02,387,-68
193.555,00:03,387,-78
193.603,00:04,387,-79
194.009,00:02,388,-68
194.056,00:03,388,-77
194.104,00:04,388,-79
194.509,00:02,389,-68
194.555,00:03,389,-77
194.606,00:04,389,-79
195.008,00:02,390,-68
195.056,00:03,390,-77
195.105,00:04,390,-79
195.506,00:02,391,-69
195.554,00:03,391,-77
195.606,00:04,391,-79
196.008,00:02,392,-69
196.055,00:03,392,-77
196.104,00:04,392,-79
196.509,00:02,393,-69
196.555,00:03,393,-77
196.603,00:04,393,-79
197.007,00:02,394,-69
197.055,00:03,394,-77
197.103,00:04,394,-79
197.509,00:02,395,-69
197.554,00:03,395,-77
197.604,00:04,395,-79
198.006,00:02,396,-69
198.055,00:03,396,-77
198.105,00:04,396,-79
198.507,00:02,397,-69
198.555,00:03,397,-77
198.605,00:04,397,-79
199.007,00:02,398,-69
199.055,00:03,398,-77
199.103,00:04,398,-79
199.508,00:02,399,-70
199.556,00:03,399,-76
199.604,00:04,399,-79
200.008,00:02,400,-70
200.056,00:03,400,-76
200.105,00:04,400,-79
200.506,00:02,401,-70
200.557,00:03,401,-76
200.604,00:04,401,-79
201.007,00:02,402,-70
201.056,00:03,402,-76
201.104,00:04,402,-78
201.508,00:02,403,-70
201.554,00:03,403,-76
201.603,00:04,403,-78
202.009,00:02,404,-70
202.055,00:03,404,-76
202.102,00:04,404,-78
202.506,00:02,405,-71
202.555,00:03,405,-76
202.605,00:04,405,-78
203.009,00:02,406,-71
203.056,00:03,406,-76
203.103,00:04,406,-78
203.508,00:02,407,-71
203.556,00:03,407,-76
203.604,00:04,407,-78
204.008,00:02,408,-71
204.056,00:03,408,-75
204.104,00:04,408,-78
204.507,00:02,409,-71
204.554,00:03,409,-75
204.604,00:04,409,-78
205.007,00:02,410,-72
205.057,00:03,410,-75
205.105,00:04,410,-78
205.507,00:02,411,-72
205.555,00:03,411,-75
205.606,00:04,411,-78
206.008,00:02,412,-72
206.056,00:03,412,-75
206.103,00:04,412,-78
206.508,00:02,413,-73
206.554,00:03,413,-75
206.604,00:04,413,-78
207.006,00:02,414,-73
207.057,00:03,414,-75
207.103,00:04,414,-78
207.507,00:02,415,-73
207.554,00:03,415,-75
207.605,00:04,415,-78
208.008,00:02,416,-74
208.056,00:03,416,-75
208.103,00:04,416,-78
208.509,00:02,417,-74
208.556,00:03,417,-74
208.604,00:04,417,-78
209.008,00:02,418,-74
209.056,00:03,418,-74
209.103,00:04,418,-78
209.507,00:02,419,-75
209.556,00:03,419,-74
209.604,00:04,419,-78
210.006,00:02,420,-75
210.056,00:03,420,-74
210.104,00:04,420,-78
210.507,00:02,421,-75
210.556,00:03,421,-74
210.604,00:04,421,-78
211.008,00:02,422,-76
211.057,00:03,422,-74
211.105,00:04,422,-78
211.508,00:02,423,-76
211.556,00:03,423,-74
211.604,00:04,423,-78
212.006,00:02,424,-76
212.057,00:03,424,-74
212.104,00:04,424,-78
212.506,00:02,425,-77
212.555,00:03,425,-74
212.604,00:04,425,-78
213.008,00:02,426,-77
213.056,00:03,426,-73
213.104,00:04,426,-78
213.507,00:02,427,-77
213.556,00:03,427,-73
213.603,00:04,427,-78
214.006,00:02,428,-77
214.057,00:03,428,-73
214.104,00:04,428,-78
214.506,00:02,429,-78
214.557,00:03,429,-73
214.605,00:04,429,-77
215.01,00:02,430,-78
215.054,00:03,430,-73
215.106,00:04,430,-77
215.506,00:02,431,-78
215.554,00:03,431,-73
215.605,00:04,431,-77
216.008,00:02,432,-79
216.057,00:03,432,-73
216.104,00:04,432,-77
216.508,00:02,433,-79
216.556,00:03,433,-73
216.603,00:04,433,-77
217.008,00:02,434,-79
217.055,00:03,434,-72
217.103,00:04,434,-77
217.508,00:02,435,-79
217.554,00:03,435,-72
217.604,00:04,435,-77
218.008,00:02,436,-80
218.055,00:03,436,-72
218.102,00:04,436,-77
218.508,00:02,437,-80
218.555,00:03,437,-72
218.604,00:04,437,-77
219.007,00:02,438,-80
219.056,00:03,438,-72
219.104,00:04,438,-77
219.507,00:02,439,-80
219.554,00:03,439,-72
219.606,00:04,439,-77
220.009,00:02,440,-81
220.057,00:03,440,-72
220.105,00:04,440,-77
220.508,00:02,441,-81
220.556,00:03,441,-71
220.605,00:04,441,-77
221.008,00:02,442,-81
221.055,00:03,442,-71
221.105,00:04,442,-77
221.506,00:02,443,-81
221.556,00:03,443,-71
221.605,00:04,443,-77
222.006,00:02,444,-82
222.055,00:03,444,-71
222.106,00:04,444,-77
222.507,00:02,445,-82
222.555,00:03,445,-71
222.604,00:04,445,-77
223.007,00:02,446,-82
223.056,00:03,446,-71
223.105,00:04,446,-77
223.508,00:02,447,-82
223.555,00:03,447,-71
223.605,00:04,447,-77
224.008,00:02,448,-83
224.055,00:03,448,-70
224.104,00:04,448,-77
224.507,00:02,449,-83
224.556,00:03,449,-70
224.605,00:04,449,-77
225.007,00:02,450,-83
225.055,00:03,450,-70
225.104,00:04,450,-77
225.507,00:02,451,-83
225.556,00:03,451,-70
225.604,00:04,451,-77
226.007,00:02,452,-84
226.055,00:03,452,-70
226.104,00:04,452,-77
226.508,00:02,453,-84
226.557,00:03,453,-70
226.605,00:04,453,-77
227.008,00:02,454,-84
227.056,00:03,454,-70
227.104,00:04,454,-77
227.508,00:02,455,-84
227.555,00:03,455,-69
227.603,00:04,455,-77
228.007,00:02,456,-84
228.055,00:03,456,-69
228.105,00:04,456,-77
228.508,00:02,457,-85
228.555,00:03,457,-69
228.604,00:04,457,-77
229.009,00:02,458,-85
229.053,00:03,458,-69
229.104,00:04,458,-77
229.508,00:02,459,-85
229.555,00:03,459,-69
229.605,00:04,459,-77
230.006,00:02,460,-85
230.055,00:03,460,-69
230.103,00:04,460,-77
230.506,00:02,461,-85
230.555,00:03,461,-69
230.604,00:04,461,-77
231.008,00:02,462,-86
231.055,00:03,462,-68
231.105,00:04,462,-77
231.507,00:02,463,-86
231.553,00:03,463,-68
231.606,00:04,463,-77
232.008,00:02,464,-86
232.056,00:03,464,-68
232.103,00:04,464,-77
232.508,00:02,465,-86
232.557,00:03,465,-68
232.605,00:04,465,-77
233.007,00:02,466,-86
233.054,00:03,466,-68
233.105,00:04,466,-77
233.507,00:02,467,-87
233.556,00:03,467,-68
233.604,00:04,467,-77
234.008,00:02,468,-87
234.056,00:03,468,-67
234.104,00:04,468,-77
234.508,00:02,469,-87
234.556,00:03,469,-67
234.604,00:04,469,-77
235.007,00:02,470,-87
235.055,00:03,470,-67
235.105,00:04,470,-77
235.506,00:02,471,-87
235.556,00:03,471,-67
235.604,00:04,471,-77
236.009,00:02,472,-88
236.055,00:03,472,-67
236.104,00:04,472,-77
236.506,00:02,473,-88
236.556,00:03,473,-67
236.605,00:04,473,-77
237.008,00:02,474,-88
237.055,00:03,474,-66
237.104,00:04,474,-77
237.507,00:02,475,-88
237.555,00:03,475,-66
237.605,00:04,475,-77
238.007,00:02,476,-88
238.056,00:03,476,-66
238.104,00:04,476,-77
238.507,00:02,477,-88
238.554,00:03,477,-66
238.604,00:04,477,-77
239.008,00:02,478,-89
239.055,00:03,478,-66
239.103,00:04,478,-77
239.507,00:02,479,-89
239.555,00:03,479,-65
239.603,00:04,479,-77
240.007,00:02,480,-89
240.057,00:03,480,-65
240.104,00:04,480,-77
240.508,00:02,481,-89
240.554,00:03,481,-65
240.602,00:04,481,-77
241.007,00:02,482,-89
241.057,00:03,482,-65
241.104,00:04,482,-77
241.508,00:02,483,-89
241.557,00:03,483,-65
241.604,00:04,483,-77
242.008,00:02,484,-90
242.054,00:03,484,-64
242.103,00:04,484,-77
242.508,00:02,485,-90
242.556,00:03,485,-64
242.606,00:04,485,-77
243.007,00:02,486,-90
243.056,00:03,486,-64
243.105,00:04,486,-77
243.507,00:02,487,-90
243.555,00:03,487,-64
243.603,00:04,487,-77
244.007,00:02,488,-90
244.054,00:03,488,-64
244.103,00:04,488,-77
244.507,00:02,489,-90
244.555,00:03,489,-63
244.604,00:04,489,-77
245.007,00:02,490,-91
245.056,00:03,490,-63
245.103,00:04,490,-77
245.509,00:02,491,-91
245.554,00:03,491,-63
245.604,00:04,491,-77
246.007,00:02,492,-91
246.056,00:03,492,-63
246.104,00:04,492,-77
246.509,00:02,493,-91
246.556,00:03,493,-63
246.604,00:04,493,-77
247.008,00:02,494,-91
247.054,00:03,494,-62
247.106,00:04,494,-77
247.508,00:02,495,-91
247.554,00:03,495,-62
247.605,00:04,495,-77
248.007,00:02,496,-91
248.057,00:03,496,-62
248.104,00:04,496,-77
248.508,00:02,497,-92
248.555,00:03,497,-62
248.604,00:04,497,-77
249.009,00:02,498,-92
249.057,00:03,498,-62
249.104,00:04,498,-77
249.509,00:02,499,-92
249.556,00:03,499,-61
249.605,00:04,499,-77
250.01,00:02,500,-92
250.058,00:03,500,-61
250.103,00:04,500,-77
250.51,00:02,501,-92
250.556,00:03,501,-61
250.604,00:04,501,-77
251.008,00:02,502,-92
251.056,00:03,502,-61
251.106,00:04,502,-77
251.508,00:02,503,-92
251.556,00:03,503,-60
251.605,00:04,503,-77
252.007,00:02,504,-93
252.056,00:03,504,-60
252.104,00:04,504,-77
252.506,00:02,505,-93
252.557,00:03,505,-60
252.604,00:04,505,-77
253.007,00:02,506,-93
253.055,00:03,506,-60
253.104,00:04,506,-77
253.508,00:02,507,-93
253.556,00:03,507,-59
253.603,00:04,507,-77
254.006,00:02,508,-93
254.055,00:03,508,-59
254.104,00:04,508,-77
254.508,00:02,509,-93
254.557,00:03,509,-59
254.604,00:04,509,-77
255.008,00:02,510,-93
255.054,00:03,510,-59
255.105,00:04,510,-77
255.508,00:02,511,-94
255.556,00:03,511,-58
255.604,00:04,511,-77
256.008,00:02,512,-94
256.055,00:03,512,-58
256.106,00:04,512,-77
256.506,00:02,513,-94
256.556,00:03,513,-58
256.603,00:04,513,-77
257.006,00:02,514,-94
257.056,00:03,514,-58
257.104,00:04,514,-77
257.509,00:02,515,-94
257.556,00:03,515,-57
257.605,00:04,515,-77
258.007,00:02,516,-94
258.056,00:03,516,-57
258.102,00:04,516,-77
258.507,00:02,517,-94
258.555,00:03,517,-57
258.605,00:04,517,-77
259.008,00:02,518,-94
259.056,00:03,518,-56
259.103,00:04,518,-77
259.506,00:02,519,-95
259.556,00:03,519,-56
259.604,00:04,519,-77
260.009,00:02,520,-95
260.057,00:03,520,-56
260.104,00:04,520,-78
260.507,00:02,521,-95
260.556,00:03,521,-56
260.603,00:04,521,-78
261.007,00:02,522,-95
261.055,00:03,522,-55
261.105,00:04,522,-78
261.509,00:02,523,-95
261.557,00:03,523,-55
261.603,00:04,523,-78
262.008,00:02,524,-95
262.055,00:03,524,-55
262.103,00:04,524,-78
262.507,00:02,525,-95
262.556,00:03,525,-54
262.604,00:04,525,-78
263.006,00:02,526,-95
263.056,00:03,526,-54
263.104,00:04,526,-78
263.507,00:02,527,-96
263.557,00:03,527,-54
263.604,00:04,527,-78
264.008,00:02,528,-96
264.056,00:03,528,-53
264.104,00:04,528,-78
264.509,00:02,529,-96
264.557,00:03,529,-53
264.604,00:04,529,-78
265.009,00:02,530,-96
265.056,00:03,530,-53
265.104,00:04,530,-78
265.507,00:02,531,-96
265.556,00:03,531,-52
265.603,00:04,531,-78
266.008,00:02,532,-96
266.056,00:03,532,-52
266.104,00:04,532,-78
266.508,00:02,533,-96
266.556,00:03,533,-52
266.604,00:04,533,-78
267.006,00:02,534,-96
267.057,00:03,534,-52
267.104,00:04,534,-78
267.508,00:02,535,-96
267.556,00:03,535,-51
267.605,00:04,535,-78
268.008,00:02,536,-97
268.057,00:03,536,-51
268.102,00:04,536,-78
268.508,00:02,537,-97
268.557,00:03,537,-51
268.603,00:04,537,-78
269.007,00:02,538,-97
269.055,00:03,538,-50
269.105,00:04,538,-78
269.509,00:02,539,-97
269.556,00:03,539,-50
269.603,00:04,539,-78
270.009,00:02,540,-97
270.055,00:03,540,-50
270.106,00:04,540,-78
270.507,00:02,541,-97
270.555,00:03,541,-49
270.604,00:04,541,-78
271.009,00:02,542,-97
271.057,00:03,542,-49
271.105,00:04,542,-78
271.508,00:02,543,-97
271.556,00:03,543,-49
271.604,00:04,543,-78
272.008,00:02,544,-97
272.056,00:03,544,-49
272.104,00:04,544,-78
272.506,00:02,545,-98
272.556,00:03,545,-49
272.605,00:04,545,-78
273.007,00:02,546,-98
273.055,00:03,546,-49
273.106,00:04,546,-78
273.506,00:02,547,-98
273.555,00:03,547,-48
273.603,00:04,547,-79
274.008,00:02,548,-98
274.057,00:03,548,-48
274.105,00:04,548,-79
274.508,00:02,549,-98
274.556,00:03,549,-48
274.605,00:04,549,-79
275.009,00:02,550,-98
275.056,00:03,550,-48
275.103,00:04,550,-79
275.508,00:02,551,-98
275.556,00:03,551,-48
275.603,00:04,551,-79
276.006,00:02,552,-98
276.057,00:03,552,-48
276.105,00:04,552,-79
276.506,00:02,553,-98
276.556,00:03,553,-47
276.606,00:04,553,-79
277.007,00:02,554,-98
277.056,00:03,554,-47
277.105,00:04,554,-79
277.509,00:02,555,-99
277.557,00:03,555,-47
277.604,00:04,555,-79
278.008,00:02,556,-99
278.057,00:03,556,-47
278.104,00:04,556,-79
278.509,00:02,557,-99
278.556,00:03,557,-47
278.603,00:04,557,-79
279.007,00:02,558,-99
279.057,00:03,558,-47
279.104,00:04,558,-79
279.509,00:02,559,-99
279.555,00:03,559,-47
279.604,00:04,559,-79
280.009,00:02,560,-99
280.056,00:03,560,-47
280.106,00:04,560,-79
280.509,00:02,561,-99
280.556,00:03,561,-47
280.603,00:04,561,-79
281.008,00:02,562,-99
281.057,00:03,562,-47
281.105,00:04,562,-79
281.507,00:02,563,-99
281.556,00:03,563,-47
281.603,00:04,563,-79
282.007,00:02,564,-99
282.056,00:03,564,-47
282.105,00:04,564,-79
282.508,00:02,565,-99
282.556,00:03,565,-47
282.604,00:04,565,-79
283.008,00:02,566,-99
283.055,00:03,566,-47
283.104,00:04,566,-79
283.509,00:02,567,-99
283.556,00:03,567,-48
283.604,00:04,567,-79
284.008,00:02,568,-99
284.056,00:03,568,-48
284.103,00:04,568,-79
284.509,00:02,569,-99
284.556,00:03,569,-48
284.604,00:04,569,-79
285.009,00:02,570,-100
285.056,00:03,570,-49
285.105,00:04,570,-79
285.509,00:02,571,-100
285.555,00:03,571,-49
285.603,00:04,571,-79
286.008,00:02,572,-100
286.056,00:03,572,-49
286.104,00:04,572,-79
286.508,00:02,573,-100
286.557,00:03,573,-50
286.605,00:04,573,-79
287.007,00:02,574,-100
287.055,00:03,574,-50
287.103,00:04,574,-78
287.506,00:02,575,-100
287.556,00:03,575,-50
287.604,00:04,575,-78
288.006,00:02,576,-100
288.056,00:03,576,-50
288.104,00:04,576,-78
288.507,00:02,577,-99
288.556,00:03,577,-50
288.603,00:04,577,-78
289.009,00:02,578,-99
289.055,00:03,578,-50
289.104,00:04,578,-78
289.508,00:02,579,-99
289.557,00:03,579,-50
289.603,00:04,579,-78
290.008,00:02,580,-99
290.056,00:03,580,-50
290.105,00:04,580,-78
290.507,00:02,581,-99
290.557,00:03,581,-50
290.603,00:04,581,-78
291.008,00:02,582,-99
291.057,00:03,582,-50
291.104,00:04,582,-78
291.508,00:02,583,-99
291.557,00:03,583,-50
291.604,00:04,583,-78
292.007,00:02,584,-99
292.056,00:03,584,-50
292.105,00:04,584,-78
292.508,00:02,585,-99
292.556,00:03,585,-50
292.603,00:04,585,-78
293.008,00:02,586,-99
293.057,00:03,586,-51
293.104,00:04,586,-78
293.508,00:02,587,-99
293.555,00:03,587,-51
293.605,00:04,587,-78
294.008,00:02,588,-98
294.056,00:03,588,-51
294.104,00:04,588,-78
294.507,00:02,589,-98
294.555,00:03,589,-51
294.606,00:04,589,-78
295.009,00:02,590,-98
295.055,00:03,590,-51
295.105,00:04,590,-78
295.507,00:02,591,-98
295.556,00:03,591,-51
295.605,00:04,591,-78
296.007,00:02,592,-98
296.058,00:03,592,-51
296.103,00:04,592,-78
296.507,00:02,593,-98
296.557,00:03,593,-52
296.604,00:04,593,-78
297.008,00:02,594,-98
297.056,00:03,594,-52
297.104,00:04,594,-78
297.51,00:02,595,-98
297.556,00:03,595,-52
297.603,00:04,595,-77
298.007,00:02,596,-98
298.056,00:03,596,-52
298.103,00:04,596,-77
298.508,00:02,597,-98
298.557,00:03,597,-52
298.604,00:04,597,-77
299.007,00:02,598,-97
299.055,00:03,598,-53
299.105,00:04,598,-77
299.508,00:02,599,-97
299.557,00:03,599,-53
299.604,00:04,599,-77
300.009,00:02,600,-97
300.056,00:03,600,-53
300.103,00:04,600,-77
300.508,00:02,601,-97
300.556,00:03,601,-53
300.604,00:04,601,-77
301.009,00:02,602,-97
301.058,00:03,602,-54
301.104,00:04,602,-77
301.509,00:02,603,-97
301.557,00:03,603,-54
301.605,00:04,603,-77
302.008,00:02,604,-97
302.056,00:03,604,-54
302.104,00:04,604,-77
302.509,00:02,605,-97
302.558,00:03,605,-54
302.603,00:04,605,-77
303.008,00:02,606,-97
303.054,00:03,606,-54
303.104,00:04,606,-77
303.508,00:02,607,-96
303.557,00:03,607,-55
303.604,00:04,607,-77
304.008,00:02,608,-96
304.057,00:03,608,-55
304.104,00:04,608,-77
304.508,00:02,609,-96
304.554,00:03,609,-55
304.603,00:04,609,-77
305.009,00:02,610,-96
305.057,00:03,610,-55
305.104,00:04,610,-77
305.509,00:02,611,-96
305.556,00:03,611,-56
305.603,00:04,611,-77
306.007,00:02,612,-96
306.057,00:03,612,-56
306.105,00:04,612,-77
306.508,00:02,613,-96
306.555,00:03,613,-56
306.606,00:04,613,-77
307.008,00:02,614,-96
307.057,00:03,614,-56
307.104,00:04,614,-77
307.507,00:02,615,-96
307.556,00:03,615,-57
307.604,00:04,615,-77
308.007,00:02,616,-95
308.056,00:03,616,-57
308.105,00:04,616,-77
308.509,00:02,617,-95
308.557,00:03,617,-57
308.603,00:04,617,-77
309.009,00:02,618,-95
309.058,00:03,618,-57
309.103,00:04,618,-77
309.509,00:02,619,-95
309.556,00:03,619,-58
309.603,00:04,619,-76
310.006,00:02,620,-95
310.056,00:03,620,-58
310.105,00:04,620,-76
310.507,00:02,621,-95
310.558,00:03,621,-58
310.605,00:04,621,-76
311.008,00:02,622,-95
311.057,00:03,622,-58
311.104,00:04,622,-76
311.509,00:02,623,-95
311.555,00:03,623,-58
311.604,00:04,623,-76
312.008,00:02,624,-94
312.057,00:03,624,-59
312.105,00:04,624,-76
312.508,00:02,625,-94
312.557,00:03,625,-59
312.604,00:04,625,-76
313.008,00:02,626,-94
313.057,00:03,626,-59
313.105,00:04,626,-76
313.507,00:02,627,-94
313.556,00:03,627,-59
313.605,00:04,627,-76
314.008,00:02,628,-94
314.057,00:03,628,-60
314.104,00:04,628,-76
314.508,00:02,629,-94
314.557,00:03,629,-60
314.605,00:04,629,-76
315.008,00:02,630,-94
315.057,00:03,630,-60
315.103,00:04,630,-76
315.506,00:02,631,-94
315.557,00:03,631,-60
315.604,00:04,631,-76
316.009,00:02,632,-93
316.056,00:03,632,-60
316.105,00:04,632,-76
316.506,00:02,633,-93
316.555,00:03,633,-61
316.604,00:04,633,-76
317.009,00:02,634,-93
317.055,00:03,634,-61
317.103,00:04,634,-76
317.509,00:02,635,-93
317.556,00:03,635,-61
317.602,00:04,635,-76
318.007,00:02,636,-93
318.055,00:03,636,-61
318.103,00:04,636,-76
318.508,00:02,637,-93
318.556,00:03,637,-62
318.602,00:04,637,-76
319.009,00:02,638,-93
319.057,00:03,638,-62
319.103,00:04,638,-76
319.508,00:02,639,-93
319.555,00:03,639,-62
319.604,00:04,639,-76
320.007,00:02,640,-92
320.056,00:03,640,-62
320.104,00:04,640,-76
320.508,00:02,641,-92
320.556,00:03,641,-62
320.605,00:04,641,-76
321.009,00:02,642,-92
321.055,00:03,642,-63
321.104,00:04,642,-76
321.507,00:02,643,-92
321.558,00:03,643,-63
321.603,00:04,643,-76
322.007,00:02,644,-92
322.055,00:03,644,-63
322.105,00:04,644,-76
322.507,00:02,645,-92
322.558,00:03,645,-63
322.605,00:04,645,-76
323.008,00:02,646,-92
323.057,00:03,646,-63
323.104,00:04,646,-76
323.509,00:02,647,-91
323.556,00:03,647,-64
323.605,00:04,647,-76
324.007,00:02,648,-91
324.057,00:03,648,-64
324.105,00:04,648,-76
324.508,00:02,649,-91
324.558,00:03,649,-64
324.603,00:04,649,-76
325.008,00:02,650,-91
325.056,00:03,650,-64
325.103,00:04,650,-76
325.508,00:02,651,-91
325.555,00:03,651,-64
325.605,00:04,651,-76
326.009,00:02,652,-91
326.056,00:03,652,-65
326.104,00:04,652,-76
326.508,00:02,653,-91
326.556,00:03,653,-65
326.603,00:04,653,-76
327.008,00:02,654,-94
327.055,00:03,654,-69
327.105,00:04,654,-80
327.507,00:02,655,-94
327.556,00:03,655,-69
327.604,00:04,655,-80
328.007,00:02,656,-94
328.056,00:03,656,-69
328.103,00:04,656,-80
328.509,00:02,657,-94
328.557,00:03,657,-69
328.605,00:04,657,-80
329.009,00:02,658,-94
329.057,00:03,658,-70
329.104,00:04,658,-80
329.509,00:02,659,-94
329.557,00:03,659,-70
329.603,00:04,659,-80
330.009,00:02,660,-93
330.056,00:03,660,-70
330.105,00:04,660,-80
330.508,00:02,661,-93
330.556,00:03,661,-70
330.604,00:04,661,-80
331.008,00:02,662,-93
331.057,00:03,662,-70
331.106,00:04,662,-80
331.508,00:02,663,-93
331.556,00:03,663,-70
331.602,00:04,663,-80
332.008,00:02,664,-93
332.057,00:03,664,-71
332.104,00:04,664,-80
332.509,00:02,665,-93
332.557,00:03,665,-71
332.604,00:04,665,-80
333.007,00:02,666,-92
333.057,00:03,666,-71
333.105,00:04,666,-80
333.508,00:02,667,-92
333.557,00:03,667,-71
333.603,00:04,667,-80
334.006,00:02,668,-92
334.056,00:03,668,-71
334.105,00:04,668,-80
334.507,00:02,669,-92
334.558,00:03,669,-71
334.602,00:04,669,-80
335.007,00:02,670,-92
335.057,00:03,670,-72
335.105,00:04,670,-80
335.509,00:02,671,-92
335.558,00:03,671,-72
335.605,00:04,671,-80
336.01,00:02,672,-91
336.057,00:03,672,-72
336.104,00:04,672,-80
336.51,00:02,673,-91
336.555,00:03,673,-72
336.603,00:04,673,-80
337.008,00:02,674,-91
337.055,00:03,674,-72
337.103,00:04,674,-80
337.508,00:02,675,-91
337.556,00:03,675,-72
337.605,00:04,675,-80
338.008,00:02,676,-91
338.056,00:03,676,-73
338.104,00:04,676,-80
338.509,00:02,677,-91
338.557,00:03,677,-73
338.604,00:04,677,-80
339.009,00:02,678,-86
339.056,00:03,678,-69
339.102,00:04,678,-76
339.508,00:02,679,-86
339.557,00:03,679,-69
339.606,00:04,679,-76
340.008,00:02,680,-86
340.057,00:03,680,-69
340.104,00:04,680,-76
340.506,00:02,681,-86
340.557,00:03,681,-69
340.604,00:04,681,-76
341.008,00:02,682,-86
341.057,00:03,682,-69
341.106,00:04,682,-76
341.508,00:02,683,-85
341.558,00:03,683,-70
341.605,00:04,683,-76
342.008,00:02,684,-85
342.055,00:03,684,-70
342.104,00:04,684,-76
342.506,00:02,685,-85
342.556,00:03,685,-70
342.603,00:04,685,-76
343.009,00:02,686,-85
343.056,00:03,686,-70
343.104,00:04,686,-76
343.506,00:02,687,-85
343.556,00:03,687,-70
343.605,00:04,687,-76
344.01,00:02,688,-84
344.055,00:03,688,-70
344.105,00:04,688,-76
344.508,00:02,689,-84
344.557,00:03,689,-70
344.604,00:04,689,-76
345.006,00:02,690,-84
345.057,00:03,690,-71
345.103,00:04,690,-76
345.508,00:02,691,-84
345.556,00:03,691,-71
345.604,00:04,691,-76
346.009,00:02,692,-84
346.056,00:03,692,-71
346.105,00:04,692,-76
346.508,00:02,693,-83
346.556,00:03,693,-71
346.603,00:04,693,-76
347.008,00:02,694,-83
347.056,00:03,694,-71
347.102,00:04,694,-76
347.507,00:02,695,-83
347.557,00:03,695,-71
347.603,00:04,695,-76
348.007,00:02,696,-83
348.057,00:03,696,-71
348.102,00:04,696,-76
348.508,00:02,697,-83
348.555,00:03,697,-72
348.603,00:04,697,-76
349.008,00:02,698,-82
349.056,00:03,698,-72
349.103,00:04,698,-76
349.509,00:02,699,-82
349.557,00:03,699,-72
349.604,00:04,699,-76
350.008,00:02,700,-82
350.055,00:03,700,-72
350.105,00:04,700,-76
350.509,00:02,701,-82
350.558,00:03,701,-72
350.605,00:04,701,-76
351.007,00:02,702,-82
351.057,00:03,702,-72
351.102,00:04,702,-76
351.508,00:02,703,-81
351.557,00:03,703,-72
351.603,00:04,703,-76
352.009,00:02,704,-81
352.056,00:03,704,-72
352.104,00:04,704,-76
352.508,00:02,705,-81
352.555,00:03,705,-73
352.604,00:04,705,-76
353.007,00:02,706,-81
353.056,00:03,706,-73
353.103,00:04,706,-76
353.509,00:02,707,-80
353.555,00:03,707,-73
353.604,00:04,707,-76
354.009,00:02,708,-80
354.055,00:03,708,-73
354.105,00:04,708,-76
354.508,00:02,709,-80
354.557,00:03,709,-73
354.605,00:04,709,-76
355.007,00:02,710,-80
355.056,00:03,710,-73
355.104,00:04,710,-76
355.507,00:02,711,-79
355.556,00:03,711,-73
355.605,00:04,711,-76
356.008,00:02,712,-79
356.058,00:03,712,-73
356.103,00:04,712,-76
356.507,00:02,713,-79
356.556,00:03,713,-74
356.604,00:04,713,-76
357.009,00:02,714,-79
357.056,00:03,714,-74
357.103,00:04,714,-77
357.509,00:02,715,-79
357.557,00:03,715,-74
357.605,00:04,715,-77
358.008,00:02,716,-78
358.055,00:03,716,-74
358.104,00:04,716,-77
358.508,00:02,717,-78
358.557,00:03,717,-74
358.603,00:04,717,-77
359.009,00:02,718,-78
359.056,00:03,718,-74
359.102,00:04,718,-77
359.507,00:02,719,-78
359.556,00:03,719,-74
359.603,00:04,719,-77
360.008,00:02,720,-77
360.057,00:03,720,-74
360.104,00:04,720,-77
360.508,00:02,721,-77
360.556,00:03,721,-74
360.604,00:04,721,-77
361.009,00:02,722,-81
361.056,00:03,722,-79
361.105,00:04,722,-81
361.507,00:02,723,-81
361.555,00:03,723,-79
361.605,00:04,723,-81
362.009,00:02,724,-80
362.056,00:03,724,-79
362.104,00:04,724,-81
362.509,00:02,725,-80
362.557,00:03,725,-79
362.604,00:04,725,-81
363.007,00:02,726,-80
363.055,00:03,726,-79
363.103,00:04,726,-81
363.509,00:02,727,-80
363.557,00:03,727,-79
363.603,00:04,727,-81
364.008,00:02,728,-79
364.058,00:03,728,-79
364.105,00:04,728,-81
364.508,00:02,729,-79
364.557,00:03,729,-79
364.603,00:04,729,-81
365.01,00:02,730,-75
365.059,00:03,730,-75
365.103,00:04,730,-77
365.509,00:02,731,-75
365.557,00:03,731,-76
365.603,00:04,731,-77
366.01,00:02,732,-75
366.055,00:03,732,-76
366.104,00:04,732,-77
366.509,00:02,733,-74
366.557,00:03,733,-76
366.602,00:04,733,-77
367.007,00:02,734,-74
367.058,00:03,734,-76
367.105,00:04,734,-77
367.51,00:02,735,-74
367.557,00:03,735,-76
367.603,00:04,735,-77
368.009,00:02,736,-74
368.058,00:03,736,-76
368.104,00:04,736,-77
368.509,00:02,737,-74
368.557,00:03,737,-76
368.604,00:04,737,-77
369.008,00:02,738,-73
369.056,00:03,738,-76
369.103,00:04,738,-78
369.51,00:02,739,-73
369.555,00:03,739,-76
369.606,00:04,739,-78
370.009,00:02,740,-73
370.057,00:03,740,-77
370.104,00:04,740,-78
370.51,00:02,741,-73
370.558,00:03,741,-77
370.604,00:04,741,-78
371.007,00:02,742,-73
371.058,00:03,742,-77
371.104,00:04,742,-78
371.508,00:02,743,-72
371.556,00:03,743,-77
371.605,00:04,743,-78
372.007,00:02,744,-72
372.057,00:03,744,-77
372.104,00:04,744,-78
372.508,00:02,745,-72
372.556,00:03,745,-77
372.602,00:04,745,-78
373.008,00:02,746,-72
373.057,00:03,746,-77
373.103,00:04,746,-78
373.51,00:02,747,-72
373.556,00:03,747,-77
373.603,00:04,747,-78
374.009,00:02,748,-72
374.057,00:03,748,-77
374.104,00:04,748,-78
374.508,00:02,749,-72
374.557,00:03,749,-77
374.604,00:04,749,-78
375.008,00:02,750,-72
375.056,00:03,750,-77
375.103,00:04,750,-78
375.509,00:02,751,-72
375.556,00:03,751,-78
375.604,00:04,751,-78
376.007,00:02,752,-72
376.056,00:03,752,-78
376.104,00:04,752,-78
376.508,00:02,753,-71
376.559,00:03,753,-78
376.603,00:04,753,-78
377.007,00:02,754,-71
377.057,00:03,754,-78
377.103,00:04,754,-78
377.507,00:02,755,-71
377.556,00:03,755,-78
377.604,00:04,755,-78
378.007,00:02,756,-71
378.057,00:03,756,-78
378.103,00:04,756,-78
378.507,00:02,757,-72
378.555,00:03,757,-78
378.603,00:04,757,-78
379.009,00:02,758,-72
379.055,00:03,758,-78
379.103,00:04,758,-78
379.51,00:02,759,-73
379.557,00:03,759,-78
379.604,00:04,759,-78
380.008,00:02,760,-73
380.055,00:03,760,-78
380.104,00:04,760,-78
380.509,00:02,761,-74
380.558,00:03,761,-78
380.604,00:04,761,-78
381.009,00:02,762,-74
381.057,00:03,762,-78
381.104,00:04,762,-78
381.508,00:02,763,-74
381.558,00:03,763,-78
381.604,00:04,763,-78
382.007,00:02,764,-75
382.056,00:03,764,-78
382.105,00:04,764,-78
382.51,00:02,765,-75
382.556,00:03,765,-78
382.602,00:04,765,-78
383.008,00:02,766,-76
383.056,00:03,766,-78
383.103,00:04,766,-78
383.508,00:02,767,-76
383.557,00:03,767,-78
383.604,00:04,767,-78
384.01,00:02,768,-76
384.057,00:03,768,-78
384.104,00:04,768,-78
384.508,00:02,769,-76
384.558,00:03,769,-78
384.604,00:04,769,-78
385.007,00:02,770,-76
385.057,00:03,770,-78
385.103,00:04,770,-77
385.508,00:02,771,-76
385.557,00:03,771,-78
385.606,00:04,771,-77
386.007,00:02,772,-76
386.057,00:03,772,-78
386.105,00:04,772,-77
386.508,00:02,773,-76
386.556,00:03,773,-78
386.606,00:04,773,-77
387.008,00:02,774,-76
387.056,00:03,774,-78
387.103,00:04,774,-77
387.508,00:02,775,-76
387.558,00:03,775,-78
387.606,00:04,775,-77
388.008,00:02,776,-76
388.057,00:03,776,-78
388.106,00:04,776,-77
388.51,00:02,777,-76
388.557,00:03,777,-77
388.604,00:04,777,-77
389.008,00:02,778,-76
389.057,00:03,778,-77
389.103,00:04,778,-77
389.511,00:02,779,-76
389.558,00:03,779,-77
389.603,00:04,779,-77
390.009,00:02,780,-76
390.056,00:03,780,-77
390.104,00:04,780,-77
390.51,00:02,781,-76
390.558,00:03,781,-77
390.604,00:04,781,-77
391.009,00:02,782,-76
391.058,00:03,782,-77
391.105,00:04,782,-77
391.509,00:02,783,-76
391.557,00:03,783,-77
391.604,00:04,783,-77
392.007,00:02,784,-77
392.058,00:03,784,-77
392.103,00:04,784,-77
392.507,00:02,785,-77
392.556,00:03,785,-77
392.605,00:04,785,-77
393.008,00:02,786,-77
393.055,00:03,786,-77
393.105,00:04,786,-77
393.507,00:02,787,-77
393.558,00:03,787,-76
393.603,00:04,787,-76
394.009,00:02,788,-77
394.058,00:03,788,-76
394.105,00:04,788,-76
394.51,00:02,789,-77
394.558,00:03,789,-76
394.603,00:04,789,-76
395.009,00:02,790,-77
395.057,00:03,790,-76
395.104,00:04,790,-76
395.509,00:02,791,-78
395.558,00:03,791,-76
395.603,00:04,791,-76
396.009,00:02,792,-78
396.058,00:03,792,-76
396.104,00:04,792,-76
396.509,00:02,793,-78
396.558,00:03,793,-76
396.604,00:04,793,-76
397.007,00:02,794,-82
397.056,00:03,794,-80
397.102,00:04,794,-80
397.508,00:02,795,-82
397.557,00:03,795,-80
397.604,00:04,795,-80
398.01,00:02,796,-82
398.057,00:03,796,-80
398.104,00:04,796,-80
398.509,00:02,797,-82
398.556,00:03,797,-79
398.603,00:04,797,-80
399.008,00:02,798,-83
399.056,00:03,798,-79
399.103,00:04,798,-80
399.506,00:02,799,-83
399.557,00:03,799,-79
399.605,00:04,799,-80
400.009,00:02,800,-83
400.057,00:03,800,-79
400.104,00:04,800,-80
400.507,00:02,801,-83
400.558,00:03,801,-79
400.605,00:04,801,-80
401.007,00:02,802,-79
401.057,00:03,802,-75
401.105,00:04,802,-76
401.509,00:02,803,-80
401.556,00:03,803,-75
401.604,00:04,803,-76
402.01,00:02,804,-80
402.057,00:03,804,-75
402.103,00:04,804,-76
402.51,00:02,805,-80
402.558,00:03,805,-75
402.603,00:04,805,-76
403.007,00:02,806,-80
403.057,00:03,806,-74
403.104,00:04,806,-76
403.507,00:02,807,-80
403.559,00:03,807,-74
403.602,00:04,807,-76
404.009,00:02,808,-80
404.059,00:03,808,-74
404.105,00:04,808,-75
404.508,00:02,809,-81
404.555,00:03,809,-74
404.605,00:04,809,-75
405.009,00:02,810,-81
405.056,00:03,810,-74
405.102,00:04,810,-75
405.509,00:02,811,-81
405.555,00:03,811,-74
405.606,00:04,811,-75
406.01,00:02,812,-81
406.056,00:03,812,-74
406.102,00:04,812,-75
406.508,00:02,813,-81
406.558,00:03,813,-74
406.603,00:04,813,-75
407.009,00:02,814,-82
407.056,00:03,814,-74
407.103,00:04,814,-75
407.51,00:02,815,-82
407.558,00:03,815,-73
407.604,00:04,815,-75
408.009,00:02,816,-82
408.056,00:03,816,-73
408.103,00:04,816,-75
408.507,00:02,817,-82
408.556,00:03,817,-73
408.604,00:04,817,-75
409.01,00:02,818,-82
409.056,00:03,818,-73
409.104,00:04,818,-75
409.509,00:02,819,-83
409.557,00:03,819,-73
409.603,00:04,819,-75
410.009,00:02,820,-83
410.057,00:03,820,-73
410.106,00:04,820,-75
410.507,00:02,821,-83
410.557,00:03,821,-73
410.604,00:04,821,-75
411.009,00:02,822,-83
411.055,00:03,822,-73
411.104,00:04,822,-75
411.508,00:02,823,-83
411.555,00:03,823,-72
411.605,00:04,823,-75
412.01,00:02,824,-83
412.056,00:03,824,-72
412.105,00:04,824,-75
412.51,00:02,825,-84
412.558,00:03,825,-72
412.603,00:04,825,-75
413.007,00:02,826,-84
413.058,00:03,826,-72
413.103,00:04,826,-75
413.51,00:02,827,-84
413.557,00:03,827,-72
413.604,00:04,827,-75
414.008,00:02,828,-84
414.056,00:03,828,-72
414.103,00:04,828,-75
414.508,00:02,829,-84
414.557,00:03,829,-72
414.603,00:04,829,-75
415.007,00:02,830,-85
415.057,00:03,830,-72
415.104,00:04,830,-75
415.51,00:02,831,-85
415.556,00:03,831,-71
415.606,00:04,831,-75
416.008,00:02,832,-85
416.056,00:03,832,-71
416.104,00:04,832,-75
416.509,00:02,833,-85
416.557,00:03,833,-71
416.603,00:04,833,-75
417.009,00:02,834,-85
417.057,00:03,834,-71
417.105,00:04,834,-75
417.509,00:02,835,-85
417.556,00:03,835,-71
417.603,00:04,835,-75
418.01,00:02,836,-86
418.056,00:03,836,-71
418.105,00:04,836,-75
418.51,00:02,837,-86
418.556,00:03,837,-71
418.604,00:04,837,-75
419.007,00:02,838,-86
419.057,00:03,838,-71
419.103,00:04,838,-75
419.506,00:02,839,-86
419.556,00:03,839,-70
419.604,00:04,839,-75
420.009,00:02,840,-86
420.057,00:03,840,-70
420.103,00:04,840,-75
420.51,00:02,841,-86
420.557,00:03,841,-70
420.603,00:04,841,-74
421.01,00:02,842,-87
421.058,00:03,842,-70
421.106,00:04,842,-74
421.508,00:02,843,-87
421.556,00:03,843,-70
421.605,00:04,843,-74
422.01,00:02,844,-87
422.057,00:03,844,-70
422.103,00:04,844,-74
422.509,00:02,845,-87
422.558,00:03,845,-70
422.604,00:04,845,-74
423.01,00:02,846,-91
423.056,00:03,846,-73
423.103,00:04,846,-78
423.508,00:02,847,-91
423.557,00:03,847,-73
423.605,00:04,847,-78
424.008,00:02,848,-92
424.056,00:03,848,-73
424.103,00:04,848,-78
424.508,00:02,849,-92
424.556,00:03,849,-73
424.603,00:04,849,-78
425.007,00:02,850,-92
425.058,00:03,850,-73
425.102,00:04,850,-78
425.509,00:02,851,-92
425.557,00:03,851,-73
425.604,00:04,851,-78
426.009,00:02,852,-92
426.056,00:03,852,-73
426.105,00:04,852,-78
426.508,00:02,853,-92
426.557,00:03,853,-72
426.604,00:04,853,-78
427.008,00:02,854,-93
427.057,00:03,854,-72
427.103,00:04,854,-78
427.508,00:02,855,-93
427.557,00:03,855,-72
427.602,00:04,855,-78
428.007,00:02,856,-93
428.058,00:03,856,-72
428.103,00:04,856,-78
428.508,00:02,857,-93
428.558,00:03,857,-72
428.605,00:04,857,-78
429.01,00:02,858,-93
429.058,00:03,858,-72
429.102,00:04,858,-78
429.507,00:02,859,-93
429.558,00:03,859,-72
429.606,00:04,859,-78
430.008,00:02,860,-94
430.059,00:03,860,-71
430.105,00:04,860,-78
430.508,00:02,861,-94
430.558,00:03,861,-71
430.603,00:04,861,-78
431.008,00:02,862,-94
431.056,00:03,862,-71
431.103,00:04,862,-78
431.509,00:02,863,-94
431.556,00:03,863,-71
431.605,00:04,863,-78
432.01,00:02,864,-94
432.058,00:03,864,-71
432.104,00:04,864,-78
432.508,00:02,865,-94
432.557,00:03,865,-71
432.604,00:04,865,-78
433.008,00:02,866,-94
433.059,00:03,866,-70
433.103,00:04,866,-78
433.508,00:02,867,-95
433.557,00:03,867,-70
433.602,00:04,867,-78
434.009,00:02,868,-95
434.057,00:03,868,-70
434.103,00:04,868,-78
434.51,00:02,869,-95
434.555,00:03,869,-70
434.604,00:04,869,-78
435.009,00:02,870,-91
435.057,00:03,870,-66
435.105,00:04,870,-74
435.51,00:02,871,-91
435.557,00:03,871,-66
435.603,00:04,871,-74
436.01,00:02,872,-91
436.056,00:03,872,-65
436.104,00:04,872,-74
436.509,00:02,873,-91
436.556,00:03,873,-65
436.605,00:04,873,-74
437.009,00:02,874,-92
437.057,00:03,874,-65
437.103,00:04,874,-74
437.51,00:02,875,-92
437.557,00:03,875,-65
437.604,00:04,875,-74
438.009,00:02,876,-92
438.056,00:03,876,-65
438.103,00:04,876,-75
438.508,00:02,877,-92
438.558,00:03,877,-65
438.605,00:04,877,-75
439.008,00:02,878,-92
439.058,00:03,878,-64
439.105,00:04,878,-75
439.509,00:02,879,-92
439.558,00:03,879,-64
439.604,00:04,879,-75
440.01,00:02,880,-92
440.057,00:03,880,-64
440.102,00:04,880,-75
440.509,00:02,881,-92
440.558,00:03,881,-64
440.603,00:04,881,-75
441.011,00:02,882,-93
441.056,00:03,882,-64
441.104,00:04,882,-75
441.508,00:02,883,-93
441.556,00:03,883,-64
441.605,00:04,883,-75
442.01,00:02,884,-93
442.059,00:03,884,-63
442.103,00:04,884,-75
442.509,00:02,885,-93
442.558,00:03,885,-63
442.604,00:04,885,-75
443.009,00:02,886,-93
443.055,00:03,886,-63
443.103,00:04,886,-75
443.509,00:02,887,-93
443.556,00:03,887,-63
443.603,00:04,887,-75
444.009,00:02,888,-93
444.058,00:03,888,-63
444.103,00:04,888,-75
444.509,00:02,889,-94
444.557,00:03,889,-62
444.604,00:04,889,-75
445.01,00:02,890,-94
445.057,00:03,890,-62
445.105,00:04,890,-75
445.509,00:02,891,-94
445.557,00:03,891,-62
445.604,00:04,891,-75
446.009,00:02,892,-94
446.056,00:03,892,-62
446.102,00:04,892,-75
446.508,00:02,893,-94
446.557,00:03,893,-62
446.603,00:04,893,-75
447.007,00:02,894,-94
447.057,00:03,894,-62
447.104,00:04,894,-75
447.51,00:02,895,-94
447.558,00:03,895,-61
447.605,00:04,895,-75
448.01,00:02,896,-94
448.059,00:03,896,-61
448.103,00:04,896,-75
448.511,00:02,897,-94
448.558,00:03,897,-61
448.605,00:04,897,-75
449.008,00:02,898,-95
449.057,00:03,898,-61
449.104,00:04,898,-75
449.51,00:02,899,-95
449.558,00:03,899,-61
449.602,00:04,899,-75
450.01,00:02,900,-95
450.056,00:03,900,-60
450.103,00:04,900,-75
450.51,00:02,901,-95
450.557,00:03,901,-60
450.605,00:04,901,-75
451.009,00:02,902,-95
451.058,00:03,902,-60
451.102,00:04,902,-75
451.51,00:02,903,-95
451.557,00:03,903,-60
451.605,00:04,903,-75
452.008,00:02,904,-95
452.057,00:03,904,-60
452.105,00:04,904,-75
452.509,00:02,905,-95
452.557,00:03,905,-59
452.604,00:04,905,-75
453.009,00:02,906,-96
453.058,00:03,906,-59
453.104,00:04,906,-75
453.508,00:02,907,-96
453.557,00:03,907,-59
453.603,00:04,907,-75
454.009,00:02,908,-96
454.057,00:03,908,-59
454.104,00:04,908,-75
454.507,00:02,909,-96
454.558,00:03,909,-59
454.603,00:04,909,-76
455.008,00:02,910,-96
455.058,00:03,910,-59
455.103,00:04,910,-76
455.509,00:02,911,-96
455.558,00:03,911,-58
455.604,00:04,911,-76
456.007,00:02,912,-96
456.057,00:03,912,-58
456.104,00:04,912,-76
456.508,00:02,913,-96
456.558,00:03,913,-58
456.604,00:04,913,-76
457.007,00:02,914,-100
457.057,00:03,914,-62
457.105,00:04,914,-80
457.509,00:02,915,-101
457.558,00:03,915,-62
457.604,00:04,915,-80
458.008,00:02,916,-101
458.058,00:03,916,-61
458.105,00:04,916,-80
458.509,00:02,917,-101
458.557,00:03,917,-61
458.604,00:04,917,-80
459.008,00:02,918,-101
459.057,00:03,918,-61
459.104,00:04,918,-80
459.51,00:02,919,-101
459.558,00:03,919,-61
459.604,00:04,919,-80
460.01,00:02,920,-101
460.058,00:03,920,-61
460.103,00:04,920,-80
460.509,00:02,921,-101
460.556,00:03,921,-61
460.604,00:04,921,-80
461.01,00:02,922,-97
461.057,00:03,922,-56
461.103,00:04,922,-76
461.508,00:02,923,-97
461.556,00:03,923,-56
461.605,00:04,923,-76
462.008,00:02,924,-97
462.058,00:03,924,-56
462.103,00:04,924,-76
462.508,00:02,925,-98
462.556,00:03,925,-56
462.603,00:04,925,-76
463.007,00:02,926,-98
463.059,00:03,926,-56
463.105,00:04,926,-76
463.51,00:02,927,-98
463.558,00:03,927,-56
463.604,00:04,927,-76
464.01,00:02,928,-98
464.057,00:03,928,-56
464.105,00:04,928,-76
464.508,00:02,929,-98
464.556,00:03,929,-55
464.604,00:04,929,-77
465.01,00:02,930,-98
465.058,00:03,930,-55
465.105,00:04,930,-77
465.507,00:02,931,-98
465.557,00:03,931,-55
465.602,00:04,931,-77
466.01,00:02,932,-98
466.056,00:03,932,-55
466.104,00:04,932,-77
466.511,00:02,933,-98
466.557,00:03,933,-55
466.604,00:04,933,-77
467.01,00:02,934,-98
467.059,00:03,934,-55
467.105,00:04,934,-77
467.51,00:02,935,-99
467.555,00:03,935,-55
467.604,00:04,935,-77
468.007,00:02,936,-99
468.057,00:03,936,-55
468.105,00:04,936,-77
468.508,00:02,937,-99
468.558,00:03,937,-55
468.603,00:04,937,-77
469.009,00:02,938,-99
469.057,00:03,938,-54
469.104,00:04,938,-77
469.507,00:02,939,-99
469.558,00:03,939,-54
469.603,00:04,939,-77
470.009,00:02,940,-99
470.057,00:03,940,-54
470.104,00:04,940,-77
470.508,00:02,941,-99
470.557,00:03,941,-54
470.604,00:04,941,-77
471.009,00:02,942,-99
471.058,00:03,942,-54
471.105,00:04,942,-77
471.509,00:02,943,-99
471.558,00:03,943,-54
471.602,00:04,943,-77
472.01,00:02,944,-99
472.058,00:03,944,-54
472.105,00:04,944,-77
472.509,00:02,945,-100
472.555,00:03,945,-54
472.603,00:04,945,-77
473.011,00:02,946,-100
473.057,00:03,946,-54
473.102,00:04,946,-77
473.509,00:02,947,-100
473.555,00:03,947,-54
473.605,00:04,947,-78
474.008,00:02,948,-100
474.057,00:03,948,-54
474.104,00:04,948,-78
474.509,00:02,949,-100
474.559,00:03,949,-54
474.605,00:04,949,-77
475.009,00:02,950,-100
475.057,00:03,950,-55
475.105,00:04,950,-77
475.509,00:02,951,-100
475.558,00:03,951,-55
475.603,00:04,951,-77
476.011,00:02,952,-100
476.056,00:03,952,-56
476.103,00:04,952,-77
476.508,00:02,953,-100
476.556,00:03,953,-56
476.604,00:04,953,-77
477.008,00:02,954,-100
477.057,00:03,954,-56
477.104,00:04,954,-77
477.508,00:02,955,-100
477.559,00:03,955,-57
477.604,00:04,955,-77
478.008,00:02,956,-100
478.058,00:03,956,-57
478.103,00:04,956,-77
478.51,00:02,957,-100
478.557,00:03,957,-57
478.604,00:04,957,-77
479.01,00:02,958,-100
479.059,00:03,958,-57
479.105,00:04,958,-77
479.509,00:02,959,-100
479.557,00:03,959,-57
479.605,00:04,959,-77
480.011,00:02,960,-100
480.058,00:03,960,-57
480.103,00:04,960,-77
480.509,00:02,961,-100
480.557,00:03,961,-57
480.604,00:04,961,-77
481.008,00:02,962,-100
481.059,00:03,962,-57
481.105,00:04,962,-77
481.509,00:02,963,-100
481.559,00:03,963,-58
481.604,00:04,963,-76
482.01,00:02,964,-100
482.056,00:03,964,-58
482.102,00:04,964,-76
482.508,00:02,965,-100
482.557,00:03,965,-58
482.604,00:04,965,-76
483.01,00:02,966,-99
483.056,00:03,966,-58
483.104,00:04,966,-76
483.509,00:02,967,-99
483.557,00:03,967,-58
483.604,00:04,967,-76
484.009,00:02,968,-99
484.058,00:03,968,-58
484.104,00:04,968,-76
484.508,00:02,969,-99
484.557,00:03,969,-58
484.603,00:04,969,-76
485.007,00:02,970,-99
485.057,00:03,970,-58
485.105,00:04,970,-76
485.509,00:02,971,-99
485.557,00:03,971,-58
485.603,00:04,971,-76
486.011,00:02,972,-99
486.056,00:03,972,-58
486.101,00:04,972,-76
486.509,00:02,973,-99
486.556,00:03,973,-58
486.602,00:04,973,-76
487.011,00:02,974,-99
487.057,00:03,974,-58
487.104,00:04,974,-76
487.508,00:02,975,-99
487.557,00:03,975,-58
487.604,00:04,975,-76
488.009,00:02,976,-99
488.056,00:03,976,-58
488.104,00:04,976,-76
488.509,00:02,977,-98
488.558,00:03,977,-58
488.603,00:04,977,-76
489.009,00:02,978,-98
489.058,00:03,978,-58
489.103,00:04,978,-76
489.508,00:02,979,-98
489.558,00:03,979,-58
489.603,00:04,979,-75
490.008,00:02,980,-98
490.057,00:03,980,-59
490.103,00:04,980,-75
490.51,00:02,981,-98
490.558,00:03,981,-59
490.603,00:04,981,-75
491.01,00:02,982,-98
491.058,00:03,982,-59
491.102,00:04,982,-75
491.509,00:02,983,-98
491.556,00:03,983,-59
491.603,00:04,983,-75
492.008,00:02,984,-98
492.057,00:03,984,-59
492.103,00:04,984,-75
492.509,00:02,985,-98
492.556,00:03,985,-59
492.602,00:04,985,-75
493.01,00:02,986,-102
493.057,00:03,986,-63
493.104,00:04,986,-79
493.508,00:02,987,-101
493.558,00:03,987,-63
493.605,00:04,987,-79
494.008,00:02,988,-101
494.058,00:03,988,-63
494.104,00:04,988,-79
494.508,00:02,989,-101
494.558,00:03,989,-64
494.602,00:04,989,-79
495.009,00:02,990,-101
495.059,00:03,990,-64
495.104,00:04,990,-79
495.509,00:02,991,-101
495.558,00:03,991,-64
495.604,00:04,991,-79
496.01,00:02,992,-101
496.058,00:03,992,-64
496.102,00:04,992,-79
496.51,00:02,993,-101
496.558,00:03,993,-64
496.604,00:04,993,-79
497.01,00:02,994,-97
497.059,00:03,994,-60
497.103,00:04,994,-75
497.511,00:02,995,-97
497.558,00:03,995,-60
497.604,00:04,995,-75
498.008,00:02,996,-97
498.057,00:03,996,-60
498.104,00:04,996,-75
498.509,00:02,997,-96
498.557,00:03,997,-61
498.603,00:04,997,-74
499.01,00:02,998,-96
499.059,00:03,998,-61
499.103,00:04,998,-74
499.508,00:02,999,-96
499.556,00:03,999,-61
499.603,00:04,999,-74
500.008,00:02,1000,-96
500.058,00:03,1000,-61
500.102,00:04,1000,-74
500.507,00:02,1001,-96
500.559,00:03,1001,-61
500.603,00:04,1001,-74
501.009,00:02,1002,-96
501.058,00:03,1002,-61
501.102,00:04,1002,-74
501.509,00:02,1003,-96
501.556,00:03,1003,-61
501.603,00:04,1003,-74
502.008,00:02,1004,-96
502.059,00:03,1004,-62
502.103,00:04,1004,-74
502.51,00:02,1005,-96
502.559,00:03,1005,-62
502.602,00:04,1005,-74
503.01,00:02,1006,-96
503.058,00:03,1006,-62
503.103,00:04,1006,-74
503.511,00:02,1007,-95
503.558,00:03,1007,-62
503.604,00:04,1007,-74
504.008,00:02,1008,-95
504.059,00:03,1008,-62
504.102,00:04,1008,-74
504.509,00:02,1009,-95
504.559,00:03,1009,-62
504.604,00:04,1009,-74
505.009,00:02,1010,-95
505.056,00:03,1010,-63
505.104,00:04,1010,-74
505.508,00:02,1011,-95
505.558,00:03,1011,-63
505.604,00:04,1011,-74
506.009,00:02,1012,-95
506.056,00:03,1012,-63
506.104,00:04,1012,-74
506.508,00:02,1013,-95
506.558,00:03,1013,-63
506.603,00:04,1013,-74
507.009,00:02,1014,-95
507.059,00:03,1014,-63
507.104,00:04,1014,-74
507.509,00:02,1015,-94
507.559,00:03,1015,-63
507.603,00:04,1015,-74
508.008,00:02,1016,-94
508.057,00:03,1016,-63
508.104,00:04,1016,-74
508.509,00:02,1017,-94
508.559,00:03,1017,-64
508.604,00:04,1017,-74
509.01,00:02,1018,-94
509.058,00:03,1018,-64
509.102,00:04,1018,-74
509.509,00:02,1019,-94
509.559,00:03,1019,-64
509.602,00:04,1019,-74
510.009,00:02,1020,-94
510.057,00:03,1020,-64
510.102,00:04,1020,-73
510.508,00:02,1021,-94
510.558,00:03,1021,-64
510.602,00:04,1021,-73
511.01,00:02,1022,-94
511.057,00:03,1022,-64
511.104,00:04,1022,-73
511.509,00:02,1023,-94
511.556,00:03,1023,-65
511.604,00:04,1023,-73
512.009,00:02,1024,-93
512.057,00:03,1024,-65
512.102,00:04,1024,-73
512.51,00:02,1025,-93
512.558,00:03,1025,-65
512.603,00:04,1025,-73
513.01,00:02,1026,-93
513.056,00:03,1026,-65
513.105,00:04,1026,-73
513.508,00:02,1027,-93
513.557,00:03,1027,-65
513.602,00:04,1027,-73
514.008,00:02,1028,-93
514.058,00:03,1028,-65
514.102,00:04,1028,-73
514.51,00:02,1029,-93
514.558,00:03,1029,-65
514.603,00:04,1029,-73
515.009,00:02,1030,-93
515.059,00:03,1030,-66
515.103,00:04,1030,-73
515.51,00:02,1031,-93
515.556,00:03,1031,-66
515.604,00:04,1031,-73
516.009,00:02,1032,-92
516.057,00:03,1032,-66
516.104,00:04,1032,-73
516.511,00:02,1033,-92
516.556,00:03,1033,-66
516.605,00:04,1033,-73
517.009,00:02,1034,-92
517.058,00:03,1034,-66
517.104,00:04,1034,-73
517.51,00:02,1035,-92
517.557,00:03,1035,-66
517.602,00:04,1035,-73
518.009,00:02,1036,-92
518.057,00:03,1036,-67
518.104,00:04,1036,-73
518.51,00:02,1037,-92
518.557,00:03,1037,-67
518.604,00:04,1037,-73
519.007,00:02,1038,-96
519.058,00:03,1038,-71
519.103,00:04,1038,-77
519.51,00:02,1039,-96
519.557,00:03,1039,-71
519.603,00:04,1039,-77
520.01,00:02,1040,-95
520.058,00:03,1040,-71
520.104,00:04,1040,-77
520.507,00:02,1041,-95
520.556,00:03,1041,-71
520.605,00:04,1041,-77
521.009,00:02,1042,-95
521.058,00:03,1042,-71
521.102,00:04,1042,-77
521.511,00:02,1043,-95
521.558,00:03,1043,-72
521.605,00:04,1043,-77
522.01,00:02,1044,-95
522.058,00:03,1044,-72
522.103,00:04,1044,-77
522.509,00:02,1045,-95
522.559,00:03,1045,-72
522.602,00:04,1045,-77
523.01,00:02,1046,-95
523.057,00:03,1046,-72
523.104,00:04,1046,-77
523.508,00:02,1047,-94
523.558,00:03,1047,-72
523.602,00:04,1047,-77
524.008,00:02,1048,-94
524.057,00:03,1048,-72
524.105,00:04,1048,-77
524.509,00:02,1049,-94
524.559,00:03,1049,-72
524.602,00:04,1049,-77
525.007,00:02,1050,-94
525.059,00:03,1050,-73
525.102,00:04,1050,-77
525.511,00:02,1051,-94
525.558,00:03,1051,-73
525.603,00:04,1051,-77
526.011,00:02,1052,-94
526.059,00:03,1052,-73
526.103,00:04,1052,-77
526.509,00:02,1053,-94
526.559,00:03,1053,-73
526.601,00:04,1053,-77
527.009,00:02,1054,-93
527.058,00:03,1054,-73
527.104,00:04,1054,-77
527.509,00:02,1055,-93
527.558,00:03,1055,-73
527.603,00:04,1055,-77
528.009,00:02,1056,-93
528.057,00:03,1056,-73
528.103,00:04,1056,-77
528.507,00:02,1057,-93
528.559,00:03,1057,-73
528.603,00:04,1057,-77
529.009,00:02,1058,-93
529.059,00:03,1058,-74
529.104,00:04,1058,-77
529.509,00:02,1059,-93
529.557,00:03,1059,-74
529.605,00:04,1059,-77
530.008,00:02,1060,-93
530.057,00:03,1060,-74
530.103,00:04,1060,-77
530.51,00:02,1061,-92
530.557,00:03,1061,-74
530.605,00:04,1061,-77
531.009,00:02,1062,-88
531.058,00:03,1062,-70
531.103,00:04,1062,-73
531.511,00:02,1063,-88
531.557,00:03,1063,-70
531.605,00:04,1063,-73
532.009,00:02,1064,-88
532.059,00:03,1064,-70
532.104,00:04,1064,-73
532.508,00:02,1065,-88
532.557,00:03,1065,-71
532.602,00:04,1065,-73
533.011,00:02,1066,-88
533.058,00:03,1066,-71
533.105,00:04,1066,-73
533.509,00:02,1067,-88
533.558,00:03,1067,-71
533.603,00:04,1067,-73
534.009,00:02,1068,-87
534.058,00:03,1068,-71
534.104,00:04,1068,-73
534.509,00:02,1069,-87
534.556,00:03,1069,-71
534.603,00:04,1069,-73
535.007,00:02,1070,-87
535.056,00:03,1070,-71
535.104,00:04,1070,-73
535.509,00:02,1071,-87
535.559,00:03,1071,-71
535.603,00:04,1071,-73
536.01,00:02,1072,-87
536.056,00:03,1072,-71
536.103,00:04,1072,-73
536.508,00:02,1073,-87
536.558,00:03,1073,-72
536.605,00:04,1073,-73
537.009,00:02,1074,-87
537.058,00:03,1074,-72
537.103,00:04,1074,-73
537.509,00:02,1075,-86
537.559,00:03,1075,-72
537.602,00:04,1075,-73
538.008,00:02,1076,-86
538.058,00:03,1076,-72
538.105,00:04,1076,-73
538.508,00:02,1077,-86
538.557,00:03,1077,-72
538.605,00:04,1077,-73
539.008,00:02,1078,-86
539.058,00:03,1078,-72
539.103,00:04,1078,-73
539.51,00:02,1079,-86
539.559,00:03,1079,-72
539.603,00:04,1079,-73
540.008,00:02,1080,-86
540.059,00:03,1080,-72
540.103,00:04,1080,-74
540.509,00:02,1081,-85
540.558,00:03,1081,-73
540.604,00:04,1081,-74
541.009,00:02,1082,-85
541.056,00:03,1082,-73
541.104,00:04,1082,-74
541.51,00:02,1083,-85
541.556,00:03,1083,-73
541.604,00:04,1083,-74
542.008,00:02,1084,-85
542.057,00:03,1084,-73
542.103,00:04,1084,-74
542.51,00:02,1085,-85
542.558,00:03,1085,-73
542.603,00:04,1085,-74
543.01,00:02,1086,-85
543.059,00:03,1086,-73
543.105,00:04,1086,-74
543.511,00:02,1087,-85
543.558,00:03,1087,-73
543.605,00:04,1087,-74
544.009,00:02,1088,-84
544.058,00:03,1088,-73
544.103,00:04,1088,-74
544.51,00:02,1089,-84
544.559,00:03,1089,-73
544.603,00:04,1089,-74
545.009,00:02,1090,-84
545.059,00:03,1090,-74
545.103,00:04,1090,-74
545.509,00:02,1091,-84
545.559,00:03,1091,-74
545.604,00:04,1091,-74
546.009,00:02,1092,-84
546.058,00:03,1092,-74
546.105,00:04,1092,-74
546.51,00:02,1093,-84
546.558,00:03,1093,-74
546.602,00:04,1093,-74
547.008,00:02,1094,-83
547.058,00:03,1094,-74
547.105,00:04,1094,-74
547.509,00:02,1095,-83
547.558,00:03,1095,-74
547.603,00:04,1095,-74
548.009,00:02,1096,-83
548.058,00:03,1096,-74
548.102,00:04,1096,-74
548.509,00:02,1097,-83
548.557,00:03,1097,-74
548.604,00:04,1097,-74
549.007,00:02,1098,-83
549.058,00:03,1098,-74
549.103,00:04,1098,-74
549.508,00:02,1099,-83
549.557,00:03,1099,-75
549.603,00:04,1099,-74
550.007,00:02,1100,-83
550.057,00:03,1100,-75
550.103,00:04,1100,-74
550.51,00:02,1101,-82
550.557,00:03,1101,-75
550.604,00:04,1101,-74
551.011,00:02,1102,-82
551.059,00:03,1102,-75
551.102,00:04,1102,-74
551.509,00:02,1103,-82
551.558,00:03,1103,-75
551.603,00:04,1103,-74
552.009,00:02,1104,-82
552.059,00:03,1104,-75
552.102,00:04,1104,-75
552.51,00:02,1105,-82
552.559,00:03,1105,-75
552.603,00:04,1105,-75
553.009,00:02,1106,-86
553.059,00:03,1106,-79
553.103,00:04,1106,-79
553.509,00:02,1107,-86
553.557,00:03,1107,-79
553.605,00:04,1107,-79
554.008,00:02,1108,-85
554.058,00:03,1108,-79
554.103,00:04,1108,-79
554.511,00:02,1109,-85
554.559,00:03,1109,-80
554.603,00:04,1109,-79
555.008,00:02,1110,-85
555.056,00:03,1110,-80
555.104,00:04,1110,-79
555.508,00:02,1111,-85
555.558,00:03,1111,-80
555.605,00:04,1111,-79
556.008,00:02,1112,-85
556.057,00:03,1112,-80
556.103,00:04,1112,-79
556.508,00:02,1113,-85
556.558,00:03,1113,-80
556.605,00:04,1113,-79
557.01,00:02,1114,-81
557.059,00:03,1114,-76
557.104,00:04,1114,-75
557.509,00:02,1115,-81
557.558,00:03,1115,-76
557.602,00:04,1115,-75
558.01,00:02,1116,-80
558.056,00:03,1116,-76
558.101,00:04,1116,-75
558.509,00:02,1117,-80
558.559,00:03,1117,-76
558.605,00:04,1117,-75
559.011,00:02,1118,-80
559.059,00:03,1118,-76
559.104,00:04,1118,-75
559.508,00:02,1119,-80
559.557,00:03,1119,-77
559.601,00:04,1119,-75
560.009,00:02,1120,-80
560.058,00:03,1120,-77
560.104,00:04,1120,-75
560.509,00:02,1121,-80
560.559,00:03,1121,-77
560.604,00:04,1121,-75
561.009,00:02,1122,-80
561.057,00:03,1122,-77
561.103,00:04,1122,-76
561.509,00:02,1123,-80
561.559,00:03,1123,-77
561.603,00:04,1123,-76
562.011,00:02,1124,-80
562.058,00:03,1124,-77
562.103,00:04,1124,-76
562.511,00:02,1125,-80
562.557,00:03,1125,-77
562.603,00:04,1125,-76
563.011,00:02,1126,-80
563.056,00:03,1126,-77
563.104,00:04,1126,-76
563.508,00:02,1127,-79
563.556,00:03,1127,-77
563.605,00:04,1127,-76
564.01,00:02,1128,-79
564.056,00:03,1128,-77
564.105,00:04,1128,-76
564.507,00:02,1129,-79
564.557,00:03,1129,-78
564.604,00:04,1129,-76
565.008,00:02,1130,-79
565.058,00:03,1130,-78
565.102,00:04,1130,-76
565.508,00:02,1131,-79
565.557,00:03,1131,-78
565.603,00:04,1131,-76
566.009,00:02,1132,-79
566.059,00:03,1132,-78
566.104,00:04,1132,-76
566.51,00:02,1133,-79
566.558,00:03,1133,-78
566.603,00:04,1133,-76
567.008,00:02,1134,-79
567.057,00:03,1134,-78
567.102,00:04,1134,-76
567.509,00:02,1135,-79
567.558,00:03,1135,-78
567.603,00:04,1135,-76
568.009,00:02,1136,-79
568.058,00:03,1136,-78
568.103,00:04,1136,-76
568.509,00:02,1137,-79
568.56,00:03,1137,-78
568.603,00:04,1137,-76
569.011,00:02,1138,-79
569.058,00:03,1138,-78
569.103,00:04,1138,-77
569.51,00:02,1139,-79
569.557,00:03,1139,-78
569.605,00:04,1139,-77
570.011,00:02,1140,-79
570.06,00:03,1140,-79
570.104,00:04,1140,-77
570.509,00:02,1141,-79
570.559,00:03,1141,-79
570.603,00:04,1141,-77
571.008,00:02,1142,-80
571.057,00:03,1142,-79
571.104,00:04,1142,-76
571.508,00:02,1143,-80
571.558,00:03,1143,-79
571.604,00:04,1143,-76
572.009,00:02,1144,-80
572.057,00:03,1144,-79
572.104,00:04,1144,-76
572.509,00:02,1145,-80
572.558,00:03,1145,-79
572.604,00:04,1145,-76
573.009,00:02,1146,-81
573.058,00:03,1146,-79
573.103,00:04,1146,-76
573.511,00:02,1147,-81
573.559,00:03,1147,-79
573.604,00:04,1147,-76
574.007,00:02,1148,-81
574.06,00:03,1148,-79
574.104,00:04,1148,-76
574.508,00:02,1149,-82
574.557,00:03,1149,-79
574.603,00:04,1149,-76
575.011,00:02,1150,-82
575.056,00:03,1150,-79
575.102,00:04,1150,-76
575.509,00:02,1151,-82
575.557,00:03,1151,-79
575.602,00:04,1151,-76
576.008,00:02,1152,-82
576.057,00:03,1152,-79
576.102,00:04,1152,-76
576.51,00:02,1153,-82
576.558,00:03,1153,-79
576.602,00:04,1153,-76
577.011,00:02,1154,-82
577.059,00:03,1154,-79
577.103,00:04,1154,-76
577.508,00:02,1155,-82
577.559,00:03,1155,-79
577.604,00:04,1155,-76
578.008,00:02,1156,-82
578.058,00:03,1156,-78
578.104,00:04,1156,-75
578.51,00:02,1157,-82
578.558,00:03,1157,-78
578.603,00:04,1157,-75
579.008,00:02,1158,-82
579.057,00:03,1158,-78
579.102,00:04,1158,-75
579.51,00:02,1159,-82
579.56,00:03,1159,-78
579.604,00:04,1159,-75
580.011,00:02,1160,-82
580.058,00:03,1160,-78
580.104,00:04,1160,-75
580.508,00:02,1161,-82
580.558,00:03,1161,-78
580.603,00:04,1161,-75
581.007,00:02,1162,-82
581.058,00:03,1162,-78
581.104,00:04,1162,-75
581.509,00:02,1163,-82
581.559,00:03,1163,-78
581.603,00:04,1163,-75
582.008,00:02,1164,-82
582.06,00:03,1164,-78
582.103,00:04,1164,-75
582.508,00:02,1165,-82
582.558,00:03,1165,-78
582.604,00:04,1165,-75
583.01,00:02,1166,-82
583.057,00:03,1166,-78
583.104,00:04,1166,-75
583.51,00:02,1167,-82
583.557,00:03,1167,-77
583.601,00:04,1167,-75
584.009,00:02,1168,-82
584.057,00:03,1168,-77
584.105,00:04,1168,-75
584.51,00:02,1169,-82
584.558,00:03,1169,-77
584.602,00:04,1169,-75
585.011,00:02,1170,-82
585.059,00:03,1170,-77
585.105,00:04,1170,-74
585.511,00:02,1171,-83
585.56,00:03,1171,-77
585.602,00:04,1171,-74
586.01,00:02,1172,-83
586.058,00:03,1172,-77
586.102,00:04,1172,-74
586.51,00:02,1173,-83
586.559,00:03,1173,-77
586.603,00:04,1173,-74
587.009,00:02,1174,-83
587.058,00:03,1174,-77
587.103,00:04,1174,-74
587.51,00:02,1175,-83
587.56,00:03,1175,-77
587.604,00:04,1175,-74
588.01,00:02,1176,-83
588.06,00:03,1176,-77
588.104,00:04,1176,-74
588.508,00:02,1177,-83
588.559,00:03,1177,-77
588.602,00:04,1177,-74
589.009,00:02,1178,-87
589.057,00:03,1178,-80
589.104,00:04,1178,-78
589.51,00:02,1179,-87
589.557,00:03,1179,-80
589.602,00:04,1179,-78
590.01,00:02,1180,-87
590.06,00:03,1180,-80
590.102,00:04,1180,-78
590.509,00:02,1181,-87
590.56,00:03,1181,-80
590.603,00:04,1181,-78
591.009,00:02,1182,-87
591.057,00:03,1182,-80
591.103,00:04,1182,-78
591.51,00:02,1183,-88
591.558,00:03,1183,-80
591.603,00:04,1183,-78
592.008,00:02,1184,-88
592.059,00:03,1184,-80
592.104,00:04,1184,-78
592.509,00:02,1185,-88
592.557,00:03,1185,-80
592.602,00:04,1185,-77
593.01,00:02,1186,-84
593.056,00:03,1186,-76
593.102,00:04,1186,-73
593.509,00:02,1187,-84
593.557,00:03,1187,-76
593.604,00:04,1187,-73
594.01,00:02,1188,-84
594.058,00:03,1188,-75
594.103,00:04,1188,-73
594.508,00:02,1189,-84
594.559,00:03,1189,-75
594.602,00:04,1189,-73
595.01,00:02,1190,-84
595.057,00:03,1190,-75
595.103,00:04,1190,-73
595.51,00:02,1191,-84
595.56,00:03,1191,-75
595.604,00:04,1191,-73
596.01,00:02,1192,-85
596.058,00:03,1192,-75
596.104,00:04,1192,-73
596.51,00:02,1193,-85
596.558,00:03,1193,-75
596.603,00:04,1193,-73
597.011,00:02,1194,-85
597.059,00:03,1194,-75
597.104,00:04,1194,-73
597.509,00:02,1195,-85
597.557,00:03,1195,-75
597.604,00:04,1195,-73
598.011,00:02,1196,-85
598.056,00:03,1196,-75
598.103,00:04,1196,-73
598.511,00:02,1197,-85
598.558,00:03,1197,-75
598.603,00:04,1197,-73
599.008,00:02,1198,-85
599.058,00:03,1198,-74
599.104,00:04,1198,-73
599.511,00:02,1199,-85
599.558,00:03,1199,-74
599.605,00:04,1199,-73
600.01,00:02,1200,-86
600.06,00:03,1200,-74
600.105,00:04,1200,-73
600.509,00:02,1201,-86
600.558,00:03,1201,-74
600.602,00:04,1201,-73
601.009,00:02,1202,-86
601.059,00:03,1202,-74
601.104,00:04,1202,-73
601.51,00:02,1203,-86
601.558,00:03,1203,-74
601.603,00:04,1203,-72
602.01,00:02,1204,-86
602.058,00:03,1204,-74
602.103,00:04,1204,-72
602.51,00:02,1205,-86
602.557,00:03,1205,-74
602.604,00:04,1205,-72
603.009,00:02,1206,-86
603.059,00:03,1206,-74
603.103,00:04,1206,-72
603.511,00:02,1207,-86
603.559,00:03,1207,-74
603.603,00:04,1207,-72
604.01,00:02,1208,-87
604.059,00:03,1208,-73
604.104,00:04,1208,-72
604.51,00:02,1209,-87
604.559,00:03,1209,-73
604.604,00:04,1209,-72
605.01,00:02,1210,-87
605.059,00:03,1210,-73
605.102,00:04,1210,-72
605.51,00:02,1211,-87
605.558,00:03,1211,-73
605.603,00:04,1211,-72
606.009,00:02,1212,-87
606.059,00:03,1212,-73
606.102,00:04,1212,-72
606.51,00:02,1213,-87
606.559,00:03,1213,-73
606.601,00:04,1213,-72
607.009,00:02,1214,-87
607.059,00:03,1214,-73
607.103,00:04,1214,-72
607.511,00:02,1215,-87
607.557,00:03,1215,-73
607.602,00:04,1215,-72
608.01,00:02,1216,-88
608.058,00:03,1216,-73
608.104,00:04,1216,-72
608.511,00:02,1217,-88
608.559,00:03,1217,-72
608.604,00:04,1217,-72
609.008,00:02,1218,-88
609.057,00:03,1218,-72
609.102,00:04,1218,-72
609.509,00:02,1219,-88
609.558,00:03,1219,-72
609.603,00:04,1219,-72
610.008,00:02,1220,-88
610.057,00:03,1220,-72
610.103,00:04,1220,-72
610.511,00:02,1221,-88
610.557,00:03,1221,-72
610.604,00:04,1221,-72
611.011,00:02,1222,-88
611.059,00:03,1222,-72
611.102,00:04,1222,-72
611.51,00:02,1223,-88
611.558,00:03,1223,-72
611.602,00:04,1223,-72
612.009,00:02,1224,-89
612.059,00:03,1224,-72
612.103,00:04,1224,-72
612.51,00:02,1225,-89
612.558,00:03,1225,-71
612.602,00:04,1225,-72
613.011,00:02,1226,-89
613.058,00:03,1226,-71
613.102,00:04,1226,-72
613.511,00:02,1227,-89
613.559,00:03,1227,-71
613.605,00:04,1227,-72
614.01,00:02,1228,-89
614.059,00:03,1228,-71
614.102,00:04,1228,-72
614.511,00:02,1229,-89
614.558,00:03,1229,-71
614.605,00:04,1229,-72
615.011,00:02,1230,-89
615.057,00:03,1230,-71
615.105,00:04,1230,-72
615.511,00:02,1231,-90
615.56,00:03,1231,-71
615.602,00:04,1231,-72
616.01,00:02,1232,-90
616.059,00:03,1232,-71
616.102,00:04,1232,-72
616.51,00:02,1233,-90
616.558,00:03,1233,-71
616.603,00:04,1233,-72
617.01,00:02,1234,-90
617.058,00:03,1234,-70
617.102,00:04,1234,-72
617.508,00:02,1235,-90
617.557,00:03,1235,-70
617.603,00:04,1235,-72
618.01,00:02,1236,-90
618.058,00:03,1236,-70
618.104,00:04,1236,-72
618.511,00:02,1237,-90
618.559,00:03,1237,-70
618.605,00:04,1237,-72
619.011,00:02,1238,-90
619.058,00:03,1238,-70
619.104,00:04,1238,-72
619.51,00:02,1239,-91
619.558,00:03,1239,-70
619.605,00:04,1239,-72
620.01,00:02,1240,-91
620.058,00:03,1240,-70
620.104,00:04,1240,-72
620.509,00:02,1241,-91
620.558,00:03,1241,-70
620.604,00:04,1241,-72
621.008,00:02,1242,-91
621.058,00:03,1242,-69
621.104,00:04,1242,-72
621.509,00:02,1243,-91
621.559,00:03,1243,-69
621.603,00:04,1243,-72
622.011,00:02,1244,-91
622.059,00:03,1244,-69
622.104,00:04,1244,-72
622.511,00:02,1245,-91
622.558,00:03,1245,-69
622.604,00:04,1245,-72
623.009,00:02,1246,-91
623.059,00:03,1246,-69
623.102,00:04,1246,-72
623.51,00:02,1247,-92
623.559,00:03,1247,-69
623.603,00:04,1247,-72
624.008,00:02,1248,-92
624.058,00:03,1248,-69
624.103,00:04,1248,-72
624.509,00:02,1249,-92
624.559,00:03,1249,-69
624.604,00:04,1249,-72
625.009,00:02,1250,-92
625.06,00:03,1250,-68
625.104,00:04,1250,-72
625.51,00:02,1251,-92
625.558,00:03,1251,-68
625.603,00:04,1251,-72
626.008,00:02,1252,-92
626.06,00:03,1252,-68
626.102,00:04,1252,-72
626.509,00:02,1253,-92
626.558,00:03,1253,-68
626.602,00:04,1253,-72
627.009,00:02,1254,-92
627.058,00:03,1254,-68
627.103,00:04,1254,-72
627.51,00:02,1255,-93
627.558,00:03,1255,-68
627.603,00:04,1255,-72
628.011,00:02,1256,-93
628.057,00:03,1256,-68
628.101,00:04,1256,-72
628.508,00:02,1257,-93
628.557,00:03,1257,-67
628.603,00:04,1257,-72
629.011,00:02,1258,-93
629.06,00:03,1258,-67
629.103,00:04,1258,-72
629.508,00:02,1259,-93
629.557,00:03,1259,-67
629.603,00:04,1259,-72
630.011,00:02,1260,-93
630.058,00:03,1260,-67
630.104,00:04,1260,-72
630.509,00:02,1261,-93
630.559,00:03,1261,-67
630.602,00:04,1261,-72
631.011,00:02,1262,-93
631.058,00:03,1262,-67
631.104,00:04,1262,-72
631.509,00:02,1263,-93
631.56,00:03,1263,-67
631.605,00:04,1263,-72
632.011,00:02,1264,-94
632.06,00:03,1264,-67
632.104,00:04,1264,-72
632.51,00:02,1265,-94
632.558,00:03,1265,-66
632.602,00:04,1265,-72
633.011,00:02,1266,-94
633.058,00:03,1266,-66
633.104,00:04,1266,-72
633.51,00:02,1267,-94
633.557,00:03,1267,-66
633.603,00:04,1267,-72
634.009,00:02,1268,-94
634.061,00:03,1268,-66
634.103,00:04,1268,-72
634.51,00:02,1269,-94
634.558,00:03,1269,-66
634.603,00:04,1269,-72
635.011,00:02,1270,-94
635.058,00:03,1270,-66
635.103,00:04,1270,-72
635.509,00:02,1271,-94
635.558,00:03,1271,-66
635.603,00:04,1271,-72
636.011,00:02,1272,-94
636.06,00:03,1272,-66
636.102,00:04,1272,-72
636.509,00:02,1273,-95
636.56,00:03,1273,-65
636.603,00:04,1273,-72
637.011,00:02,1274,-95
637.059,00:03,1274,-65
637.101,00:04,1274,-72
637.51,00:02,1275,-95
637.559,00:03,1275,-65
637.604,00:04,1275,-72
638.009,00:02,1276,-95
638.058,00:03,1276,-65
638.101,00:04,1276,-72
638.511,00:02,1277,-95
638.559,00:03,1277,-65
638.602,00:04,1277,-72
639.01,00:02,1278,-95
639.058,00:03,1278,-65
639.102,00:04,1278,-72
639.509,00:02,1279,-95
639.559,00:03,1279,-65
639.601,00:04,1279,-72
640.009,00:02,1280,-95
640.058,00:03,1280,-64
640.103,00:04,1280,-72
640.509,00:02,1281,-95
640.558,00:03,1281,-64
640.603,00:04,1281,-73
641.008,00:02,1282,-96
641.058,00:03,1282,-64
641.101,00:04,1282,-73
641.509,00:02,1283,-96
641.56,00:03,1283,-64
641.604,00:04,1283,-73
642.011,00:02,1284,-96
642.059,00:03,1284,-64
642.104,00:04,1284,-73
642.51,00:02,1285,-96
642.56,00:03,1285,-64
642.603,00:04,1285,-73
643.009,00:02,1286,-96
643.056,00:03,1286,-64
643.103,00:04,1286,-73
643.509,00:02,1287,-96
643.559,00:03,1287,-64
643.601,00:04,1287,-73
644.01,00:02,1288,-96
644.058,00:03,1288,-63
644.102,00:04,1288,-73
644.509,00:02,1289,-96
644.559,00:03,1289,-63
644.604,00:04,1289,-73
645.009,00:02,1290,-96
645.057,00:03,1290,-63
645.103,00:04,1290,-73
645.509,00:02,1291,-97
645.559,00:03,1291,-63
645.602,00:04,1291,-73
646.01,00:02,1292,-97
646.059,00:03,1292,-63
646.101,00:04,1292,-73
646.509,00:02,1293,-97
646.557,00:03,1293,-63
646.605,00:04,1293,-73
647.008,00:02,1294,-97
647.057,00:03,1294,-63
647.103,00:04,1294,-73
647.51,00:02,1295,-97
647.559,00:03,1295,-63
647.603,00:04,1295,-73
648.01,00:02,1296,-97
648.057,00:03,1296,-63
648.103,00:04,1296,-73
648.511,00:02,1297,-97
648.559,00:03,1297,-62
648.602,00:04,1297,-73
649.01,00:02,1298,-101
649.06,00:03,1298,-66
649.104,00:04,1298,-77
649.51,00:02,1299,-101
649.558,00:03,1299,-66
649.604,00:04,1299,-77
650.011,00:02,1300,-101
650.059,00:03,1300,-66
650.103,00:04,1300,-78
650.509,00:02,1301,-102
650.558,00:03,1301,-66
650.602,00:04,1301,-78
651.009,00:02,1302,-102
651.059,00:03,1302,-66
651.103,00:04,1302,-78
651.511,00:02,1303,-102
651.558,00:03,1303,-66
651.602,00:04,1303,-78
652.011,00:02,1304,-102
652.059,00:03,1304,-66
652.102,00:04,1304,-78
652.508,00:02,1305,-102
652.558,00:03,1305,-66
652.604,00:04,1305,-78
653.009,00:02,1306,-98
653.06,00:03,1306,-62
653.103,00:04,1306,-74
653.509,00:02,1307,-98
653.559,00:03,1307,-61
653.605,00:04,1307,-74
654.01,00:02,1308,-98
654.059,00:03,1308,-61
654.103,00:04,1308,-74
654.509,00:02,1309,-98
654.558,00:03,1309,-61
654.603,00:04,1309,-74
655.01,00:02,1310,-98
655.059,00:03,1310,-61
655.104,00:04,1310,-74
655.51,00:02,1311,-98
655.559,00:03,1311,-61
655.603,00:04,1311,-74
656.011,00:02,1312,-99
656.059,00:03,1312,-61
656.103,00:04,1312,-74
656.511,00:02,1313,-99
656.557,00:03,1313,-61
656.603,00:04,1313,-74
657.011,00:02,1314,-99
657.058,00:03,1314,-61
657.104,00:04,1314,-74
657.51,00:02,1315,-99
657.559,00:03,1315,-61
657.602,00:04,1315,-75
658.009,00:02,1316,-99
658.06,00:03,1316,-61
658.104,00:04,1316,-75
658.509,00:02,1317,-99
658.558,00:03,1317,-61
658.604,00:04,1317,-75
659.01,00:02,1318,-99
659.058,00:03,1318,-61
659.103,00:04,1318,-75
659.512,00:02,1319,-99
659.558,00:03,1319,-61
659.604,00:04,1319,-75
660.011,00:02,1320,-99
660.058,00:03,1320,-61
660.102,00:04,1320,-75
660.508,00:02,1321,-99
660.558,00:03,1321,-61
660.602,00:04,1321,-75
661.01,00:02,1322,-99
661.058,00:03,1322,-61
661.105,00:04,1322,-75
661.509,00:02,1323,-100
661.558,00:03,1323,-60
661.603,00:04,1323,-75
662.01,00:02,1324,-100
662.058,00:03,1324,-60
662.103,00:04,1324,-75
662.51,00:02,1325,-100
662.56,00:03,1325,-60
662.602,00:04,1325,-75
663.008,00:02,1326,-100
663.059,00:03,1326,-60
663.104,00:04,1326,-75
663.509,00:02,1327,-100
663.559,00:03,1327,-60
663.602,00:04,1327,-75
664.011,00:02,1328,-100
664.059,00:03,1328,-60
664.103,00:04,1328,-75
664.511,00:02,1329,-100
664.558,00:03,1329,-60
664.604,00:04,1329,-76
665.011,00:02,1330,-100
665.06,00:03,1330,-60
665.104,00:04,1330,-76
665.51,00:02,1331,-100
665.559,00:03,1331,-60
665.604,00:04,1331,-76
666.01,00:02,1332,-100
666.059,00:03,1332,-60
666.105,00:04,1332,-76
666.512,00:02,1333,-100
666.559,00:03,1333,-61
666.602,00:04,1333,-76
667.009,00:02,1334,-100
667.058,00:03,1334,-61
667.102,00:04,1334,-76
667.51,00:02,1335,-100
667.559,00:03,1335,-61
667.603,00:04,1335,-75
668.01,00:02,1336,-100
668.059,00:03,1336,-61
668.103,00:04,1336,-75
668.509,00:02,1337,-100
668.558,00:03,1337,-62
668.603,00:04,1337,-75
669.01,00:02,1338,-101
669.061,00:03,1338,-62
669.103,00:04,1338,-75
669.511,00:02,1339,-101
669.56,00:03,1339,-62
669.601,00:04,1339,-75
670.009,00:02,1340,-101
670.059,00:03,1340,-62
670.105,00:04,1340,-75
670.508,00:02,1341,-101
670.559,00:03,1341,-63
670.605,00:04,1341,-75
671.009,00:02,1342,-101
671.06,00:03,1342,-63
671.104,00:04,1342,-75
671.51,00:02,1343,-101
671.559,00:03,1343,-63
671.602,00:04,1343,-75
672.009,00:02,1344,-101
672.058,00:03,1344,-63
672.102,00:04,1344,-75
672.51,00:02,1345,-101
672.559,00:03,1345,-63
672.605,00:04,1345,-75
673.011,00:02,1346,-100
673.059,00:03,1346,-63
673.102,00:04,1346,-75
673.511,00:02,1347,-100
673.56,00:03,1347,-63
673.601,00:04,1347,-75
674.01,00:02,1348,-100
674.059,00:03,1348,-63
674.103,00:04,1348,-74
674.51,00:02,1349,-100
674.559,00:03,1349,-63
674.602,00:04,1349,-74
675.009,00:02,1350,-100
675.058,00:03,1350,-63
675.105,00:04,1350,-74
675.51,00:02,1351,-100
675.559,00:03,1351,-63
675.601,00:04,1351,-74
676.011,00:02,1352,-100
676.059,00:03,1352,-63
676.101,00:04,1352,-74
676.51,00:02,1353,-100
676.559,00:03,1353,-63
676.603,00:04,1353,-74
677.01,00:02,1354,-100
677.06,00:03,1354,-63
677.103,00:04,1354,-74
677.51,00:02,1355,-100
677.558,00:03,1355,-63
677.603,00:04,1355,-74
678.01,00:02,1356,-100
678.06,00:03,1356,-63
678.102,00:04,1356,-74
678.51,00:02,1357,-100
678.559,00:03,1357,-63
678.602,00:04,1357,-74
679.011,00:02,1358,-99
679.059,00:03,1358,-63
679.101,00:04,1358,-74
679.511,00:02,1359,-99
679.558,00:03,1359,-63
679.604,00:04,1359,-74
680.008,00:02,1360,-99
680.058,00:03,1360,-63
680.104,00:04,1360,-73
680.511,00:02,1361,-99
680.559,00:03,1361,-63
680.602,00:04,1361,-73
681.01,00:02,1362,-99
681.058,00:03,1362,-63
681.101,00:04,1362,-73
681.509,00:02,1363,-99
681.56,00:03,1363,-63
681.603,00:04,1363,-73
682.01,00:02,1364,-99
682.059,00:03,1364,-63
682.103,00:04,1364,-73
682.51,00:02,1365,-99
682.558,00:03,1365,-63
682.604,00:04,1365,-73
683.01,00:02,1366,-99
683.06,00:03,1366,-63
683.103,00:04,1366,-73
683.51,00:02,1367,-99
683.559,00:03,1367,-64
683.603,00:04,1367,-73
684.009,00:02,1368,-99
684.06,00:03,1368,-64
684.102,00:04,1368,-73
684.509,00:02,1369,-99
684.559,00:03,1369,-64
684.603,00:04,1369,-73
685.01,00:02,1370,-102
685.06,00:03,1370,-68
685.102,00:04,1370,-77
685.51,00:02,1371,-102
685.558,00:03,1371,-68
685.601,00:04,1371,-77
686.01,00:02,1372,-102
686.058,00:03,1372,-68
686.102,00:04,1372,-77
686.51,00:02,1373,-102
686.559,00:03,1373,-68
686.603,00:04,1373,-77
687.012,00:02,1374,-102
687.058,00:03,1374,-68
687.103,00:04,1374,-76
687.511,00:02,1375,-102
687.559,00:03,1375,-68
687.602,00:04,1375,-76
688.01,00:02,1376,-102
688.057,00:03,1376,-68
688.104,00:04,1376,-76
688.511,00:02,1377,-102
688.56,00:03,1377,-68
688.603,00:04,1377,-76
689.011,00:02,1378,-98
689.058,00:03,1378,-64
689.104,00:04,1378,-72
689.509,00:02,1379,-98
689.56,00:03,1379,-64
689.602,00:04,1379,-72
690.008,00:02,1380,-97
690.06,00:03,1380,-65
690.103,00:04,1380,-72
690.508,00:02,1381,-97
690.559,00:03,1381,-65
690.603,00:04,1381,-72
691.011,00:02,1382,-97
691.057,00:03,1382,-65
691.102,00:04,1382,-72
691.508,00:02,1383,-97
691.559,00:03,1383,-65
691.603,00:04,1383,-72
692.009,00:02,1384,-97
692.06,00:03,1384,-65
692.102,00:04,1384,-72
692.51,00:02,1385,-97
692.558,00:03,1385,-65
692.603,00:04,1385,-72
693.011,00:02,1386,-97
693.058,00:03,1386,-65
693.102,00:04,1386,-72
693.51,00:02,1387,-97
693.559,00:03,1387,-65
693.603,00:04,1387,-72
694.01,00:02,1388,-97
694.059,00:03,1388,-65
694.105,00:04,1388,-71
694.509,00:02,1389,-97
694.56,00:03,1389,-65
694.604,00:04,1389,-71
695.011,00:02,1390,-97
695.06,00:03,1390,-65
695.105,00:04,1390,-71
695.51,00:02,1391,-96
695.559,00:03,1391,-66
695.603,00:04,1391,-71
696.01,00:02,1392,-96
696.059,00:03,1392,-66
696.103,00:04,1392,-71
696.509,00:02,1393,-96
696.56,00:03,1393,-66
696.602,00:04,1393,-71
697.01,00:02,1394,-96
697.06,00:03,1394,-66
697.104,00:04,1394,-71
697.508,00:02,1395,-96
697.559,00:03,1395,-66
697.604,00:04,1395,-71
698.009,00:02,1396,-96
698.06,00:03,1396,-66
698.102,00:04,1396,-71
698.51,00:02,1397,-96
698.557,00:03,1397,-66
698.603,00:04,1397,-71
699.011,00:02,1398,-96
699.061,00:03,1398,-66
699.103,00:04,1398,-71
699.509,00:02,1399,-96
699.558,00:03,1399,-66
699.602,00:04,1399,-71
700.01,00:02,1400,-96
700.06,00:03,1400,-67
700.104,00:04,1400,-71
700.511,00:02,1401,-95
700.559,00:03,1401,-67
700.602,00:04,1401,-71
701.01,00:02,1402,-95
701.06,00:03,1402,-67
701.104,00:04,1402,-71
701.511,00:02,1403,-95
701.558,00:03,1403,-67
701.604,00:04,1403,-71
702.009,00:02,1404,-95
702.06,00:03,1404,-67
702.103,00:04,1404,-71
702.51,00:02,1405,-95
702.558,00:03,1405,-67
702.603,00:04,1405,-71
703.009,00:02,1406,-95
703.059,00:03,1406,-67
703.103,00:04,1406,-71
703.511,00:02,1407,-95
703.559,00:03,1407,-67
703.604,00:04,1407,-71
704.009,00:02,1408,-95
704.059,00:03,1408,-67
704.104,00:04,1408,-70
704.511,00:02,1409,-95
704.559,00:03,1409,-68
704.601,00:04,1409,-70
705.011,00:02,1410,-94
705.059,00:03,1410,-68
705.104,00:04,1410,-70
705.51,00:02,1411,-94
705.56,00:03,1411,-68
705.603,00:04,1411,-70
706.011,00:02,1412,-94
706.058,00:03,1412,-68
706.103,00:04,1412,-70
706.509,00:02,1413,-94
706.559,00:03,1413,-68
706.603,00:04,1413,-70
707.009,00:02,1414,-94
707.059,00:03,1414,-68
707.103,00:04,1414,-70
707.511,00:02,1415,-94
707.559,00:03,1415,-68
707.604,00:04,1415,-70
708.012,00:02,1416,-94
708.059,00:03,1416,-68
708.101,00:04,1416,-70
708.511,00:02,1417,-94
708.559,00:03,1417,-68
708.604,00:04,1417,-70
709.009,00:02,1418,-94
709.058,00:03,1418,-69
709.102,00:04,1418,-70
709.511,00:02,1419,-94
709.559,00:03,1419,-69
709.602,00:04,1419,-70
710.011,00:02,1420,-93
710.06,00:03,1420,-69
710.103,00:04,1420,-70
710.51,00:02,1421,-93
710.56,00:03,1421,-69
710.603,00:04,1421,-70
711.012,00:02,1422,-93
711.059,00:03,1422,-69
711.102,00:04,1422,-70
711.51,00:02,1423,-93
711.56,00:03,1423,-69
711.603,00:04,1423,-70
712.01,00:02,1424,-93
712.058,00:03,1424,-69
712.101,00:04,1424,-70
712.509,00:02,1425,-93
712.56,00:03,1425,-69
712.603,00:04,1425,-70
713.012,00:02,1426,-93
713.06,00:03,1426,-69
713.103,00:04,1426,-70
713.509,00:02,1427,-93
713.559,00:03,1427,-70
713.602,00:04,1427,-70
714.012,00:02,1428,-93
714.058,00:03,1428,-70
714.104,00:04,1428,-70
714.509,00:02,1429,-92
714.56,00:03,1429,-70
714.604,00:04,1429,-70
715.009,00:02,1430,-92
715.06,00:03,1430,-70
715.102,00:04,1430,-70
715.51,00:02,1431,-92
715.561,00:03,1431,-70
715.601,00:04,1431,-70
716.011,00:02,1432,-92
716.059,00:03,1432,-70
716.103,00:04,1432,-70
716.51,00:02,1433,-92
716.559,00:03,1433,-70
716.604,00:04,1433,-70
717.011,00:02,1434,-92
717.058,00:03,1434,-70
717.103,00:04,1434,-70
717.512,00:02,1435,-92
717.558,00:03,1435,-70
717.604,00:04,1435,-70
718.01,00:02,1436,-92
718.06,00:03,1436,-71
718.101,00:04,1436,-70
718.51,00:02,1437,-92
718.561,00:03,1437,-71
718.604,00:04,1437,-70
719.009,00:02,1438,-91
719.058,00:03,1438,-71
719.102,00:04,1438,-70
719.51,00:02,1439,-91
719.558,00:03,1439,-71
719.602,00:04,1439,-70
720.01,00:02,1440,-91
720.058,00:03,1440,-71
720.104,00:04,1440,-70
720.509,00:02,1441,-91
720.559,00:03,1441,-71
720.602,00:04,1441,-70
721.01,00:02,1442,-91
721.059,00:03,1442,-71
721.104,00:04,1442,-70
721.51,00:02,1443,-91
721.561,00:03,1443,-71
721.604,00:04,1443,-70
722.012,00:02,1444,-91
722.06,00:03,1444,-71
722.104,00:04,1444,-70
722.51,00:02,1445,-91
722.559,00:03,1445,-72
722.602,00:04,1445,-70
723.009,00:02,1446,-91
723.057,00:03,1446,-72
723.104,00:04,1446,-70
723.511,00:02,1447,-90
723.558,00:03,1447,-72
723.603,00:04,1447,-70
724.009,00:02,1448,-90
724.061,00:03,1448,-72
724.103,00:04,1448,-70
724.511,00:02,1449,-90
724.56,00:03,1449,-72
724.602,00:04,1449,-70
725.009,00:02,1450,-90
725.06,00:03,1450,-72
725.102,00:04,1450,-70
725.509,00:02,1451,-90
725.558,00:03,1451,-72
725.603,00:04,1451,-70
726.011,00:02,1452,-90
726.059,00:03,1452,-72
726.105,00:04,1452,-70
726.512,00:02,1453,-90
726.559,00:03,1453,-72
726.603,00:04,1453,-70
727.01,00:02,1454,-90
727.058,00:03,1454,-73
727.103,00:04,1454,-70
727.51,00:02,1455,-89
727.559,00:03,1455,-73
727.603,00:04,1455,-70
728.009,00:02,1456,-89
728.061,00:03,1456,-73
728.104,00:04,1456,-70
728.51,00:02,1457,-89
728.561,00:03,1457,-73
728.602,00:04,1457,-70
729.009,00:02,1458,-89
729.057,00:03,1458,-73
729.102,00:04,1458,-70
729.51,00:02,1459,-89
729.559,00:03,1459,-73
729.603,00:04,1459,-70
730.011,00:02,1460,-89
730.058,00:03,1460,-73
730.101,00:04,1460,-70
730.511,00:02,1461,-89
730.561,00:03,1461,-73
730.602,00:04,1461,-71
731.009,00:02,1462,-89
731.058,00:03,1462,-73
731.103,00:04,1462,-71
731.509,00:02,1463,-89
731.557,00:03,1463,-74
731.601,00:04,1463,-71
732.01,00:02,1464,-88
732.059,00:03,1464,-74
732.104,00:04,1464,-71
732.511,00:02,1465,-88
732.56,00:03,1465,-74
732.603,00:04,1465,-71
733.01,00:02,1466,-88
733.059,00:03,1466,-74
733.103,00:04,1466,-71
733.511,00:02,1467,-88
733.56,00:03,1467,-74
733.603,00:04,1467,-71
734.012,00:02,1468,-88
734.059,00:03,1468,-74
734.103,00:04,1468,-71
734.51,00:02,1469,-88
734.56,00:03,1469,-74
734.602,00:04,1469,-71
735.01,00:02,1470,-88
735.059,00:03,1470,-74
735.103,00:04,1470,-71
735.509,00:02,1471,-88
735.557,00:03,1471,-74
735.604,00:04,1471,-71
736.009,00:02,1472,-88
736.059,00:03,1472,-74
736.103,00:04,1472,-71
736.508,00:02,1473,-87
736.56,00:03,1473,-75
736.602,00:04,1473,-71
737.01,00:02,1474,-87
737.058,00:03,1474,-75
737.103,00:04,1474,-71
737.51,00:02,1475,-87
737.56,00:03,1475,-75
737.603,00:04,1475,-71
738.011,00:02,1476,-87
738.06,00:03,1476,-75
738.102,00:04,1476,-71
738.509,00:02,1477,-87
738.56,00:03,1477,-75
738.602,00:04,1477,-71
739.011,00:02,1478,-87
739.057,00:03,1478,-75
739.105,00:04,1478,-71
739.51,00:02,1479,-87
739.559,00:03,1479,-75
739.605,00:04,1479,-71
740.008,00:02,1480,-87
740.06,00:03,1480,-75
740.104,00:04,1480,-72
740.51,00:02,1481,-87
740.56,00:03,1481,-75
740.603,00:04,1481,-72
741.009,00:02,1482,-87
741.059,00:03,1482,-75
741.102,00:04,1482,-72
741.511,00:02,1483,-86
741.559,00:03,1483,-76
741.603,00:04,1483,-72
742.011,00:02,1484,-86
742.06,00:03,1484,-76
742.102,00:04,1484,-72
742.509,00:02,1485,-86
742.56,00:03,1485,-76
742.603,00:04,1485,-72
743.011,00:02,1486,-86
743.058,00:03,1486,-76
743.103,00:04,1486,-72
743.509,00:02,1487,-86
743.56,00:03,1487,-76
743.603,00:04,1487,-72
744.011,00:02,1488,-86
744.06,00:03,1488,-76
744.103,00:04,1488,-72
744.508,00:02,1489,-86
744.558,00:03,1489,-76
744.604,00:04,1489,-72
745.009,00:02,1490,-90
745.058,00:03,1490,-80
745.102,00:04,1490,-76
745.509,00:02,1491,-90
745.557,00:03,1491,-80
745.602,00:04,1491,-76
746.012,00:02,1492,-90
746.061,00:03,1492,-80
746.101,00:04,1492,-76
746.509,00:02,1493,-90
746.558,00:03,1493,-80
746.602,00:04,1493,-76
747.01,00:02,1494,-90
747.059,00:03,1494,-81
747.104,00:04,1494,-76
747.51,00:02,1495,-89
747.559,00:03,1495,-81
747.602,00:04,1495,-77
748.009,00:02,1496,-89
748.057,00:03,1496,-81
748.101,00:04,1496,-77
748.511,00:02,1497,-89
748.56,00:03,1497,-81
748.603,00:04,1497,-77
749.011,00:02,1498,-85
749.059,00:03,1498,-77
749.102,00:04,1498,-73
749.511,00:02,1499,-85
749.56,00:03,1499,-77
749.601,00:04,1499,-73
750.011,00:02,1500,-85
750.06,00:03,1500,-77
750.103,00:04,1500,-73
750.509,00:02,1501,-85
750.56,00:03,1501,-77
750.603,00:04,1501,-73
751.009,00:02,1502,-85
751.059,00:03,1502,-77
751.103,00:04,1502,-73
751.511,00:02,1503,-85
751.559,00:03,1503,-77
751.601,00:04,1503,-73
752.01,00:02,1504,-85
752.06,00:03,1504,-77
752.104,00:04,1504,-73
752.511,00:02,1505,-85
752.559,00:03,1505,-78
752.604,00:04,1505,-73
753.01,00:02,1506,-85
753.059,00:03,1506,-78
753.103,00:04,1506,-73
753.51,00:02,1507,-85
753.559,00:03,1507,-78
753.602,00:04,1507,-73
754.009,00:02,1508,-85
754.059,00:03,1508,-78
754.101,00:04,1508,-74
754.51,00:02,1509,-85
754.561,00:03,1509,-78
754.603,00:04,1509,-74
755.01,00:02,1510,-85
755.059,00:03,1510,-78
755.103,00:04,1510,-74
755.511,00:02,1511,-85
755.558,00:03,1511,-78
755.603,00:04,1511,-74
756.011,00:02,1512,-84
756.059,00:03,1512,-78
756.104,00:04,1512,-74
756.511,00:02,1513,-84
756.558,00:03,1513,-78
756.603,00:04,1513,-74
757.009,00:02,1514,-84
757.059,00:03,1514,-78
757.102,00:04,1514,-74
757.51,00:02,1515,-84
757.561,00:03,1515,-78
757.603,00:04,1515,-74
758.011,00:02,1516,-84
758.059,00:03,1516,-78
758.104,00:04,1516,-74
758.51,00:02,1517,-84
758.561,00:03,1517,-79
758.603,00:04,1517,-74
759.01,00:02,1518,-84
759.059,00:03,1518,-79
759.103,00:04,1518,-74
759.51,00:02,1519,-84
759.56,00:03,1519,-79
759.603,00:04,1519,-74
760.011,00:02,1520,-84
760.06,00:03,1520,-79
760.103,00:04,1520,-74
760.51,00:02,1521,-84
760.561,00:03,1521,-79
760.602,00:04,1521,-75
761.011,00:02,1522,-84
761.061,00:03,1522,-79
761.104,00:04,1522,-75
761.509,00:02,1523,-84
761.56,00:03,1523,-79
761.603,00:04,1523,-75
762.011,00:02,1524,-84
762.059,00:03,1524,-79
762.102,00:04,1524,-75
762.509,00:02,1525,-85
762.56,00:03,1525,-79
762.603,00:04,1525,-75
763.01,00:02,1526,-85
763.06,00:03,1526,-79
763.101,00:04,1526,-75
763.511,00:02,1527,-85
763.56,00:03,1527,-79
763.603,00:04,1527,-74
764.009,00:02,1528,-85
764.059,00:03,1528,-79
764.102,00:04,1528,-74
764.511,00:02,1529,-85
764.558,00:03,1529,-79
764.603,00:04,1529,-74
765.009,00:02,1530,-86
765.06,00:03,1530,-79
765.102,00:04,1530,-74
765.509,00:02,1531,-86
765.559,00:03,1531,-79
765.604,00:04,1531,-74
766.011,00:02,1532,-86
766.061,00:03,1532,-79
766.103,00:04,1532,-74
766.511,00:02,1533,-86
766.557,00:03,1533,-79
766.602,00:04,1533,-74
767.011,00:02,1534,-86
767.061,00:03,1534,-79
767.104,00:04,1534,-74
767.511,00:02,1535,-86
767.56,00:03,1535,-79
767.601,00:04,1535,-74
768.011,00:02,1536,-86
768.059,00:03,1536,-79
768.102,00:04,1536,-74
768.509,00:02,1537,-86
768.56,00:03,1537,-79
768.604,00:04,1537,-74
769.012,00:02,1538,-86
769.06,00:03,1538,-79
769.103,00:04,1538,-74
769.509,00:02,1539,-86
769.56,00:03,1539,-79
769.603,00:04,1539,-74
770.01,00:02,1540,-86
770.06,00:03,1540,-79
770.101,00:04,1540,-73
770.51,00:02,1541,-86
770.56,00:03,1541,-79
770.603,00:04,1541,-73
771.009,00:02,1542,-86
771.059,00:03,1542,-79
771.104,00:04,1542,-73
771.511,00:02,1543,-86
771.559,00:03,1543,-79
771.603,00:04,1543,-73
772.01,00:02,1544,-86
772.059,00:03,1544,-79
772.102,00:04,1544,-73
772.51,00:02,1545,-87
772.559,00:03,1545,-79
772.603,00:04,1545,-73
773.009,00:02,1546,-87
773.06,00:03,1546,-79
773.102,00:04,1546,-73
773.511,00:02,1547,-87
773.559,00:03,1547,-79
773.604,00:04,1547,-73
774.011,00:02,1548,-87
774.059,00:03,1548,-79
774.102,00:04,1548,-73
774.512,00:02,1549,-87
774.558,00:03,1549,-78
774.602,00:04,1549,-73
775.011,00:02,1550,-87
775.058,00:03,1550,-78
775.105,00:04,1550,-73
775.51,00:02,1551,-87
775.558,00:03,1551,-78
775.604,00:04,1551,-72
776.01,00:02,1552,-87
776.059,00:03,1552,-78
776.102,00:04,1552,-72
776.511,00:02,1553,-87
776.558,00:03,1553,-78
776.602,00:04,1553,-72
777.011,00:02,1554,-87
777.06,00:03,1554,-78
777.101,00:04,1554,-72
777.509,00:02,1555,-87
777.561,00:03,1555,-78
777.602,00:04,1555,-72
778.011,00:02,1556,-87
778.06,00:03,1556,-78
778.101,00:04,1556,-72
778.51,00:02,1557,-87
778.56,00:03,1557,-78
778.601,00:04,1557,-72
779.01,00:02,1558,-87
779.06,00:03,1558,-78
779.102,00:04,1558,-72
779.509,00:02,1559,-87
779.559,00:03,1559,-78
779.602,00:04,1559,-72
780.009,00:02,1560,-87
780.058,00:03,1560,-78
780.102,00:04,1560,-72
780.51,00:02,1561,-87
780.558,00:03,1561,-77
780.602,00:04,1561,-72
781.009,00:02,1562,-91
781.058,00:03,1562,-81
781.101,00:04,1562,-75
781.511,00:02,1563,-91
781.559,00:03,1563,-81
781.602,00:04,1563,-75
782.01,00:02,1564,-91
782.059,00:03,1564,-81
782.102,00:04,1564,-75
782.51,00:02,1565,-91
782.56,00:03,1565,-81
782.603,00:04,1565,-75
783.011,00:02,1566,-91
783.06,00:03,1566,-81
783.101,00:04,1566,-75
783.51,00:02,1567,-91
783.56,00:03,1567,-81
783.605,00:04,1567,-75
784.01,00:02,1568,-92
784.061,00:03,1568,-81
784.103,00:04,1568,-75
784.51,00:02,1569,-92
784.558,00:03,1569,-81
784.602,00:04,1569,-75
785.01,00:02,1570,-88
785.059,00:03,1570,-77
785.102,00:04,1570,-71
785.51,00:02,1571,-88
785.558,00:03,1571,-77
785.603,00:04,1571,-71
786.011,00:02,1572,-88
786.061,00:03,1572,-76
786.103,00:04,1572,-71
786.511,00:02,1573,-88
786.56,00:03,1573,-76
786.602,00:04,1573,-71
787.012,00:02,1574,-88
787.059,00:03,1574,-76
787.103,00:04,1574,-71
787.511,00:02,1575,-88
787.56,00:03,1575,-76
787.602,00:04,1575,-70
788.011,00:02,1576,-88
788.06,00:03,1576,-76
788.104,00:04,1576,-70
788.51,00:02,1577,-88
788.561,00:03,1577,-76
788.602,00:04,1577,-70
789.01,00:02,1578,-88
789.06,00:03,1578,-76
789.102,00:04,1578,-70
789.509,00:02,1579,-88
789.559,00:03,1579,-76
789.604,00:04,1579,-70
790.009,00:02,1580,-88
790.058,00:03,1580,-76
790.102,00:04,1580,-70
790.512,00:02,1581,-89
790.56,00:03,1581,-76
790.603,00:04,1581,-70
791.009,00:02,1582,-89
791.061,00:03,1582,-76
791.103,00:04,1582,-70
791.512,00:02,1583,-89
791.56,00:03,1583,-75
791.601,00:04,1583,-70
792.01,00:02,1584,-89
792.059,00:03,1584,-75
792.101,00:04,1584,-70
792.51,00:02,1585,-89
792.559,00:03,1585,-75
792.603,00:04,1585,-70
793.011,00:02,1586,-89
793.06,00:03,1586,-75
793.103,00:04,1586,-70
793.512,00:02,1587,-89
793.56,00:03,1587,-75
793.602,00:04,1587,-70
794.01,00:02,1588,-89
794.06,00:03,1588,-75
794.103,00:04,1588,-70
794.512,00:02,1589,-89
794.559,00:03,1589,-75
794.603,00:04,1589,-69
795.01,00:02,1590,-89
795.058,00:03,1590,-75
795.104,00:04,1590,-69
795.512,00:02,1591,-89
795.559,00:03,1591,-75
795.604,00:04,1591,-69
796.01,00:02,1592,-89
796.061,00:03,1592,-75
796.101,00:04,1592,-69
796.51,00:02,1593,-90
796.561,00:03,1593,-75
796.603,00:04,1593,-69
797.01,00:02,1594,-90
797.059,00:03,1594,-74
797.102,00:04,1594,-69
797.511,00:02,1595,-90
797.558,00:03,1595,-74
797.602,00:04,1595,-69
798.011,00:02,1596,-90
798.059,00:03,1596,-74
798.102,00:04,1596,-69
798.51,00:02,1597,-90
798.561,00:03,1597,-74
798.603,00:04,1597,-69
799.008,00:02,1598,-90
799.059,00:03,1598,-74
799.103,00:04,1598,-69
799.51,00:02,1599,-90
799.561,00:03,1599,-74
799.602,00:04,1599,-69
800.011,00:02,1600,-90
800.061,00:03,1600,-74
800.101,00:04,1600,-69
800.51,00:02,1601,-90
800.559,00:03,1601,-74
800.604,00:04,1601,-69
801.011,00:02,1602,-90
801.061,00:03,1602,-74
801.102,00:04,1602,-69
801.511,00:02,1603,-91
801.559,00:03,1603,-74
801.602,00:04,1603,-69
802.011,00:02,1604,-91
802.06,00:03,1604,-73
802.104,00:04,1604,-69
802.51,00:02,1605,-91
802.561,00:03,1605,-73
802.603,00:04,1605,-69
803.011,00:02,1606,-91
803.062,00:03,1606,-73
803.102,00:04,1606,-69
803.509,00:02,1607,-91
803.558,00:03,1607,-73
803.603,00:04,1607,-69
804.011,00:02,1608,-91
804.06,00:03,1608,-73
804.102,00:04,1608,-69
804.511,00:02,1609,-91
804.559,00:03,1609,-73
804.604,00:04,1609,-68
805.011,00:02,1610,-91
805.059,00:03,1610,-73
805.102,00:04,1610,-68
805.511,00:02,1611,-91
805.56,00:03,1611,-73
805.604,00:04,1611,-68
806.011,00:02,1612,-91
806.06,00:03,1612,-73
806.102,00:04,1612,-68
806.511,00:02,1613,-92
806.561,00:03,1613,-73
806.602,00:04,1613,-68
807.012,00:02,1614,-92
807.06,00:03,1614,-72
807.102,00:04,1614,-68
807.51,00:02,1615,-92
807.561,00:03,1615,-72
807.602,00:04,1615,-68
808.01,00:02,1616,-92
808.061,00:03,1616,-72
808.101,00:04,1616,-68
808.512,00:02,1617,-92
808.56,00:03,1617,-72
808.602,00:04,1617,-68
809.011,00:02,1618,-92
809.058,00:03,1618,-72
809.102,00:04,1618,-68
809.51,00:02,1619,-92
809.559,00:03,1619,-72
809.602,00:04,1619,-68
810.011,00:02,1620,-92
810.059,00:03,1620,-72
810.104,00:04,1620,-68
810.509,00:02,1621,-92
810.56,00:03,1621,-72
810.604,00:04,1621,-68
811.01,00:02,1622,-92
811.06,00:03,1622,-72
811.103,00:04,1622,-68
811.511,00:02,1623,-93
811.561,00:03,1623,-72
811.604,00:04,1623,-68
812.01,00:02,1624,-93
812.059,00:03,1624,-71
812.103,00:04,1624,-68
812.512,00:02,1625,-93
812.559,00:03,1625,-71
812.603,00:04,1625,-68
813.009,00:02,1626,-93
813.058,00:03,1626,-71
813.102,00:04,1626,-68
813.511,00:02,1627,-93
813.559,00:03,1627,-71
813.601,00:04,1627,-68
814.011,00:02,1628,-93
814.06,00:03,1628,-71
814.102,00:04,1628,-68
814.509,00:02,1629,-93
814.56,00:03,1629,-71
814.602,00:04,1629,-68
815.011,00:02,1630,-93
815.059,00:03,1630,-71
815.103,00:04,1630,-68
815.512,00:02,1631,-93
815.561,00:03,1631,-71
815.603,00:04,1631,-68
816.011,00:02,1632,-93
816.062,00:03,1632,-71
816.103,00:04,1632,-68
816.509,00:02,1633,-94
816.558,00:03,1633,-71
816.602,00:04,1633,-68
817.011,00:02,1634,-94
817.06,00:03,1634,-70
817.102,00:04,1634,-68
817.511,00:02,1635,-94
817.558,00:03,1635,-70
817.602,00:04,1635,-68
818.011,00:02,1636,-94
818.06,00:03,1636,-70
818.102,00:04,1636,-68
818.511,00:02,1637,-94
818.559,00:03,1637,-70
818.602,00:04,1637,-68
819.01,00:02,1638,-94
819.058,00:03,1638,-70
819.102,00:04,1638,-68
819.512,00:02,1639,-94
819.561,00:03,1639,-70
819.603,00:04,1639,-68
820.012,00:02,1640,-94
820.061,00:03,1640,-70
820.101,00:04,1640,-68
820.511,00:02,1641,-94
820.559,00:03,1641,-70
820.601,00:04,1641,-68
821.011,00:02,1642,-94
821.06,00:03,1642,-70
821.102,00:04,1642,-68
821.51,00:02,1643,-95
821.558,00:03,1643,-70
821.601,00:04,1643,-68
822.01,00:02,1644,-95
822.06,00:03,1644,-69
822.103,00:04,1644,-69
822.509,00:02,1645,-95
822.56,00:03,1645,-69
822.603,00:04,1645,-69
823.01,00:02,1646,-95
823.06,00:03,1646,-69
823.102,00:04,1646,-69
823.51,00:02,1647,-95
823.56,00:03,1647,-69
823.602,00:04,1647,-69
824.01,00:02,1648,-95
824.061,00:03,1648,-69
824.103,00:04,1648,-69
824.512,00:02,1649,-95
824.56,00:03,1649,-69
824.604,00:04,1649,-69
825.009,00:02,1650,-95
825.059,00:03,1650,-69
825.103,00:04,1650,-69
825.511,00:02,1651,-95
825.56,00:03,1651,-69
825.602,00:04,1651,-69
826.011,00:02,1652,-95
826.059,00:03,1652,-69
826.103,00:04,1652,-69
826.51,00:02,1653,-96
826.561,00:03,1653,-69
826.602,00:04,1653,-69
827.012,00:02,1654,-96
827.06,00:03,1654,-69
827.103,00:04,1654,-69
827.51,00:02,1655,-96
827.561,00:03,1655,-68
827.603,00:04,1655,-69
828.009,00:02,1656,-96
828.061,00:03,1656,-68
828.101,00:04,1656,-69
828.513,00:02,1657,-96
828.558,00:03,1657,-68
828.603,00:04,1657,-69
829.011,00:02,1658,-96
829.06,00:03,1658,-68
829.102,00:04,1658,-69
829.511,00:02,1659,-96
829.56,00:03,1659,-68
829.603,00:04,1659,-69
830.009,00:02,1660,-96
830.06,00:03,1660,-68
830.103,00:04,1660,-69
830.51,00:02,1661,-96
830.559,00:03,1661,-68
830.604,00:04,1661,-69
831.012,00:02,1662,-96
831.061,00:03,1662,-68
831.103,00:04,1662,-69
831.509,00:02,1663,-96
831.559,00:03,1663,-68
831.602,00:04,1663,-69
832.012,00:02,1664,-97
832.059,00:03,1664,-68
832.102,00:04,1664,-70
832.509,00:02,1665,-97
832.561,00:03,1665,-67
832.602,00:04,1665,-70
833.011,00:02,1666,-97
833.059,00:03,1666,-67
833.101,00:04,1666,-70
833.511,00:02,1667,-97
833.56,00:03,1667,-67
833.602,00:04,1667,-70
834.01,00:02,1668,-97
834.061,00:03,1668,-67
834.103,00:04,1668,-70
834.51,00:02,1669,-97
834.56,00:03,1669,-67
834.602,00:04,1669,-70
835.012,00:02,1670,-97
835.06,00:03,1670,-67
835.101,00:04,1670,-70
835.51,00:02,1671,-97
835.56,00:03,1671,-67
835.603,00:04,1671,-70
836.01,00:02,1672,-97
836.058,00:03,1672,-67
836.103,00:04,1672,-70
836.512,00:02,1673,-97
836.56,00:03,1673,-67
836.6,00:04,1673,-70
837.01,00:02,1674,-97
837.06,00:03,1674,-67
837.102,00:04,1674,-70
837.51,00:02,1675,-98
837.558,00:03,1675,-67
837.602,00:04,1675,-70
838.01,00:02,1676,-98
838.06,00:03,1676,-67
838.104,00:04,1676,-70
838.511,00:02,1677,-98
838.559,00:03,1677,-67
838.602,00:04,1677,-70
839.01,00:02,1678,-98
839.059,00:03,1678,-66
839.102,00:04,1678,-71
839.512,00:02,1679,-98
839.559,00:03,1679,-66
839.601,00:04,1679,-71
840.011,00:02,1680,-98
840.058,00:03,1680,-66
840.103,00:04,1680,-71
840.51,00:02,1681,-98
840.562,00:03,1681,-66
840.602,00:04,1681,-71
841.012,00:02,1682,-102
841.059,00:03,1682,-70
841.103,00:04,1682,-75
841.512,00:02,1683,-102
841.56,00:03,1683,-70
841.602,00:04,1683,-75
842.011,00:02,1684,-102
842.059,00:03,1684,-70
842.103,00:04,1684,-75
842.511,00:02,1685,-102
842.56,00:03,1685,-70
842.6,00:04,1685,-75
843.012,00:02,1686,-103
843.06,00:03,1686,-70
843.102,00:04,1686,-75
843.51,00:02,1687,-103
843.561,00:03,1687,-70
843.602,00:04,1687,-75
844.012,00:02,1688,-103
844.061,00:03,1688,-70
844.104,00:04,1688,-75
844.509,00:02,1689,-103
844.561,00:03,1689,-70
844.603,00:04,1689,-75
845.012,00:02,1690,-99
845.061,00:03,1690,-66
845.103,00:04,1690,-72
845.512,00:02,1691,-99
845.56,00:03,1691,-66
845.604,00:04,1691,-72
846.01,00:02,1692,-99
846.059,00:03,1692,-66
846.102,00:04,1692,-72
846.51,00:02,1693,-99
846.56,00:03,1693,-65
846.603,00:04,1693,-72
847.012,00:02,1694,-99
847.061,00:03,1694,-65
847.101,00:04,1694,-72
847.511,00:02,1695,-99
847.559,00:03,1695,-65
847.603,00:04,1695,-72
848.012,00:02,1696,-99
848.059,00:03,1696,-65
848.101,00:04,1696,-72
848.509,00:02,1697,-99
848.56,00:03,1697,-65
848.603,00:04,1697,-72
849.01,00:02,1698,-100
849.061,00:03,1698,-65
849.102,00:04,1698,-72
849.513,00:02,1699,-100
849.56,00:03,1699,-65
849.603,00:04,1699,-72
850.011,00:02,1700,-100
850.058,00:03,1700,-65
850.104,00:04,1700,-72
850.511,00:02,1701,-100
850.558,00:03,1701,-65
850.603,00:04,1701,-72
851.01,00:02,1702,-100
851.061,00:03,1702,-65
851.101,00:04,1702,-73
851.513,00:02,1703,-100
851.56,00:03,1703,-65
851.602,00:04,1703,-73
852.01,00:02,1704,-100
852.061,00:03,1704,-65
852.102,00:04,1704,-73
852.511,00:02,1705,-100
852.558,00:03,1705,-65
852.602,00:04,1705,-73
853.011,00:02,1706,-100
853.06,00:03,1706,-65
853.102,00:04,1706,-73
853.511,00:02,1707,-100
853.562,00:03,1707,-65
853.602,00:04,1707,-73
854.009,00:02,1708,-100
854.062,00:03,1708,-65
854.101,00:04,1708,-73
854.512,00:02,1709,-100
854.56,00:03,1709,-65
854.603,00:04,1709,-73
855.01,00:02,1710,-101
855.06,00:03,1710,-65
855.102,00:04,1710,-73
855.511,00:02,1711,-101
855.562,00:03,1711,-65
855.603,00:04,1711,-73
856.011,00:02,1712,-101
856.061,00:03,1712,-65
856.102,00:04,1712,-73
856.511,00:02,1713,-101
856.562,00:03,1713,-65
856.604,00:04,1713,-74
857.01,00:02,1714,-101
857.061,00:03,1714,-65
857.103,00:04,1714,-74
857.512,00:02,1715,-101
857.56,00:03,1715,-65
857.603,00:04,1715,-74
858.012,00:02,1716,-101
858.061,00:03,1716,-65
858.101,00:04,1716,-74
858.511,00:02,1717,-101
858.56,00:03,1717,-65
858.602,00:04,1717,-74
859.012,00:02,1718,-101
859.059,00:03,1718,-65
859.102,00:04,1718,-74
859.511,00:02,1719,-101
859.561,00:03,1719,-66
859.601,00:04,1719,-74
860.011,00:02,1720,-101
860.059,00:03,1720,-66
860.102,00:04,1720,-73
860.511,00:02,1721,-101
860.561,00:03,1721,-66
860.603,00:04,1721,-73
861.011,00:02,1722,-101
861.061,00:03,1722,-66
861.102,00:04,1722,-73
861.511,00:02,1723,-101
861.56,00:03,1723,-66
861.603,00:04,1723,-73
862.011,00:02,1724,-101
862.059,00:03,1724,-66
862.103,00:04,1724,-73
862.51,00:02,1725,-101
862.561,00:03,1725,-67
862.602,00:04,1725,-73
863.011,00:02,1726,-101
863.059,00:03,1726,-67
863.104,00:04,1726,-73
863.51,00:02,1727,-101
863.56,00:03,1727,-67
863.603,00:04,1727,-73
864.011,00:02,1728,-101
864.06,00:03,1728,-67
864.101,00:04,1728,-73
864.509,00:02,1729,-101
864.56,00:03,1729,-67
864.603,00:04,1729,-73
865.012,00:02,1730,-101
865.06,00:03,1730,-67
865.102,00:04,1730,-73
865.512,00:02,1731,-101
865.561,00:03,1731,-67
865.603,00:04,1731,-73
866.01,00:02,1732,-101
866.062,00:03,1732,-67
866.103,00:04,1732,-72
866.511,00:02,1733,-101
866.56,00:03,1733,-67
866.601,00:04,1733,-72
867.011,00:02,1734,-101
867.06,00:03,1734,-67
867.103,00:04,1734,-72
867.51,00:02,1735,-101
867.561,00:03,1735,-67
867.604,00:04,1735,-72
868.01,00:02,1736,-101
868.06,00:03,1736,-67
868.101,00:04,1736,-72
868.512,00:02,1737,-101
868.561,00:03,1737,-67
868.602,00:04,1737,-72
869.01,00:02,1738,-101
869.061,00:03,1738,-67
869.102,00:04,1738,-72
869.509,00:02,1739,-101
869.561,00:03,1739,-67
869.603,00:04,1739,-72
870.012,00:02,1740,-100
870.062,00:03,1740,-67
870.103,00:04,1740,-72
870.51,00:02,1741,-100
870.56,00:03,1741,-67
870.603,00:04,1741,-72
871.011,00:02,1742,-100
871.062,00:03,1742,-67
871.101,00:04,1742,-71
871.512,00:02,1743,-100
871.559,00:03,1743,-67
871.603,00:04,1743,-71
872.011,00:02,1744,-100
872.062,00:03,1744,-67
872.103,00:04,1744,-71
872.51,00:02,1745,-100
872.559,00:03,1745,-67
872.602,00:04,1745,-71
873.012,00:02,1746,-100
873.059,00:03,1746,-67
873.103,00:04,1746,-71
873.511,00:02,1747,-100
873.561,00:03,1747,-67
873.603,00:04,1747,-71
874.009,00:02,1748,-100
874.061,00:03,1748,-67
874.102,00:04,1748,-71
874.509,00:02,1749,-100
874.56,00:03,1749,-67
874.601,00:04,1749,-71
875.012,00:02,1750,-100
875.062,00:03,1750,-67
875.103,00:04,1750,-71
875.511,00:02,1751,-100
875.56,00:03,1751,-67
875.602,00:04,1751,-70
876.011,00:02,1752,-100
876.06,00:03,1752,-67
876.102,00:04,1752,-70
876.51,00:02,1753,-99
876.561,00:03,1753,-67
876.602,00:04,1753,-70
877.01,00:02,1754,-103
877.059,00:03,1754,-71
877.103,00:04,1754,-74
877.51,00:02,1755,-103
877.56,00:03,1755,-71
877.603,00:04,1755,-74
878.012,00:02,1756,-103
878.061,00:03,1756,-72
878.102,00:04,1756,-74
878.509,00:02,1757,-103
878.56,00:03,1757,-72
878.603,00:04,1757,-74
879.012,00:02,1758,-103
879.06,00:03,1758,-72
879.103,00:04,1758,-74
879.51,00:02,1759,-103
879.56,00:03,1759,-72
879.604,00:04,1759,-74
880.011,00:02,1760,-103
880.059,00:03,1760,-72
880.102,00:04,1760,-74
880.512,00:02,1761,-103
880.56,00:03,1761,-72
880.603,00:04,1761,-74
881.011,00:02,1762,-99
881.061,00:03,1762,-68
881.102,00:04,1762,-69
881.512,00:02,1763,-99
881.559,00:03,1763,-68
881.604,00:04,1763,-69
882.013,00:02,1764,-99
882.061,00:03,1764,-68
882.103,00:04,1764,-69
882.512,00:02,1765,-98
882.561,00:03,1765,-68
882.603,00:04,1765,-69
883.01,00:02,1766,-98
883.059,00:03,1766,-68
883.101,00:04,1766,-69
883.512,00:02,1767,-98
883.561,00:03,1767,-68
883.601,00:04,1767,-69
884.013,00:02,1768,-98
884.062,00:03,1768,-68
884.102,00:04,1768,-69
884.51,00:02,1769,-98
884.562,00:03,1769,-68
884.604,00:04,1769,-69
885.012,00:02,1770,-98
885.062,00:03,1770,-68
885.103,00:04,1770,-69
885.51,00:02,1771,-98
885.562,00:03,1771,-68
885.603,00:04,1771,-69
886.011,00:02,1772,-98
886.059,00:03,1772,-68
886.103,00:04,1772,-69
886.51,00:02,1773,-98
886.56,00:03,1773,-69
886.602,00:04,1773,-68
887.011,00:02,1774,-98
887.061,00:03,1774,-69
887.103,00:04,1774,-68
887.511,00:02,1775,-98
887.56,00:03,1775,-69
887.601,00:04,1775,-68
888.011,00:02,1776,-98
888.062,00:03,1776,-69
888.102,00:04,1776,-68
888.51,00:02,1777,-97
888.562,00:03,1777,-69
888.602,00:04,1777,-68
889.011,00:02,1778,-97
889.062,00:03,1778,-69
889.103,00:04,1778,-68
889.51,00:02,1779,-97
889.561,00:03,1779,-69
889.602,00:04,1779,-68
890.011,00:02,1780,-97
890.061,00:03,1780,-69
890.102,00:04,1780,-68
890.511,00:02,1781,-97
890.559,00:03,1781,-69
890.603,00:04,1781,-68
891.011,00:02,1782,-97
891.062,00:03,1782,-69
891.101,00:04,1782,-68
891.511,00:02,1783,-97
891.559,00:03,1783,-69
891.601,00:04,1783,-68
892.013,00:02,1784,-97
892.061,00:03,1784,-69
892.103,00:04,1784,-68
892.51,00:02,1785,-97
892.559,00:03,1785,-69
892.601,00:04,1785,-67
893.012,00:02,1786,-97
893.062,00:03,1786,-70
893.104,00:04,1786,-67
893.512,00:02,1787,-97
893.561,00:03,1787,-70
893.603,00:04,1787,-67
894.011,00:02,1788,-96
894.062,00:03,1788,-70
894.103,00:04,1788,-67
894.511,00:02,1789,-96
894.559,00:03,1789,-70
894.604,00:04,1789,-67
895.012,00:02,1790,-96
895.059,00:03,1790,-70
895.102,00:04,1790,-67
895.511,00:02,1791,-96
895.56,00:03,1791,-70
895.602,00:04,1791,-67
896.011,00:02,1792,-96
896.06,00:03,1792,-70
896.104,00:04,1792,-67
896.511,00:02,1793,-96
896.562,00:03,1793,-70
896.601,00:04,1793,-67
897.011,00:02,1794,-96
897.06,00:03,1794,-70
897.101,00:04,1794,-67
897.512,00:02,1795,-96
897.559,00:03,1795,-70
897.602,00:04,1795,-67
898.01,00:02,1796,-96
898.06,00:03,1796,-70
898.103,00:04,1796,-67
898.509,00:02,1797,-96
898.56,00:03,1797,-70
898.603,00:04,1797,-67
899.012,00:02,1798,-96
899.06,00:03,1798,-71
899.104,00:04,1798,-67
899.51,00:02,1799,-96
899.561,00:03,1799,-71
899.6,00:04,1799,-67
900.012,00:02,1800,-95
900.062,00:03,1800,-71
900.102,00:04,1800,-67
900.513,00:02,1801,-95
900.558,00:03,1801,-71
900.603,00:04,1801,-67
901.012,00:02,1802,-95
901.059,00:03,1802,-71
901.102,00:04,1802,-67
901.512,00:02,1803,-95
901.56,00:03,1803,-71
901.602,00:04,1803,-67
902.012,00:02,1804,-95
902.06,00:03,1804,-71
902.103,00:04,1804,-66
902.511,00:02,1805,-95
902.561,00:03,1805,-71
902.602,00:04,1805,-66
903.01,00:02,1806,-95
903.06,00:03,1806,-71
903.103,00:04,1806,-66
903.513,00:02,1807,-95
903.561,00:03,1807,-71
903.602,00:04,1807,-66
904.011,00:02,1808,-95
904.06,00:03,1808,-71
904.102,00:04,1808,-66
904.512,00:02,1809,-95
904.561,00:03,1809,-71
904.604,00:04,1809,-66
905.011,00:02,1810,-95
905.059,00:03,1810,-72
905.103,00:04,1810,-66
905.51,00:02,1811,-94
905.56,00:03,1811,-72
905.602,00:04,1811,-66
906.011,00:02,1812,-94
906.058,00:03,1812,-72
906.103,00:04,1812,-66
906.51,00:02,1813,-94
906.559,00:03,1813,-72
906.602,00:04,1813,-66
907.011,00:02,1814,-94
907.061,00:03,1814,-72
907.103,00:04,1814,-66
907.51,00:02,1815,-94
907.56,00:03,1815,-72
907.603,00:04,1815,-66
908.011,00:02,1816,-94
908.059,00:03,1816,-72
908.101,00:04,1816,-66
908.51,00:02,1817,-94
908.559,00:03,1817,-72
908.601,00:04,1817,-66
909.01,00:02,1818,-94
909.061,00:03,1818,-72
909.102,00:04,1818,-66
909.509,00:02,1819,-94
909.558,00:03,1819,-72
909.602,00:04,1819,-66
910.011,00:02,1820,-94
910.062,00:03,1820,-72
910.102,00:04,1820,-66
910.511,00:02,1821,-94
910.561,00:03,1821,-73
910.601,00:04,1821,-66
911.012,00:02,1822,-93
911.06,00:03,1822,-73
911.101,00:04,1822,-66
911.51,00:02,1823,-93
911.56,00:03,1823,-73
911.603,00:04,1823,-66
912.012,00:02,1824,-93
912.06,00:03,1824,-73
912.102,00:04,1824,-66
912.513,00:02,1825,-93
912.56,00:03,1825,-73
912.603,00:04,1825,-66
913.011,00:02,1826,-93
913.061,00:03,1826,-73
913.103,00:04,1826,-66
913.512,00:02,1827,-93
913.561,00:03,1827,-73
913.6,00:04,1827,-66
914.012,00:02,1828,-93
914.061,00:03,1828,-73
914.102,00:04,1828,-66
914.511,00:02,1829,-93
914.561,00:03,1829,-73
914.603,00:04,1829,-66
915.01,00:02,1830,-93
915.062,00:03,1830,-73
915.103,00:04,1830,-66
915.51,00:02,1831,-93
915.56,00:03,1831,-73
915.602,00:04,1831,-66
916.011,00:02,1832,-93
916.059,00:03,1832,-74
916.101,00:04,1832,-66
916.509,00:02,1833,-92
916.562,00:03,1833,-74
916.602,00:04,1833,-67
917.011,00:02,1834,-92
917.062,00:03,1834,-74
917.1,00:04,1834,-67
917.51,00:02,1835,-92
917.561,00:03,1835,-74
917.603,00:04,1835,-67
918.011,00:02,1836,-92
918.059,00:03,1836,-74
918.1,00:04,1836,-67
918.511,00:02,1837,-92
918.559,00:03,1837,-74
918.603,00:04,1837,-67
919.011,00:02,1838,-92
919.061,00:03,1838,-74
919.103,00:04,1838,-67
919.511,00:02,1839,-92
919.562,00:03,1839,-74
919.601,00:04,1839,-67
920.011,00:02,1840,-92
920.062,00:03,1840,-74
920.102,00:04,1840,-67
920.511,00:02,1841,-92
920.561,00:03,1841,-74
920.6,00:04,1841,-67
921.012,00:02,1842,-92
921.062,00:03,1842,-74
921.102,00:04,1842,-67
921.512,00:02,1843,-92
921.562,00:03,1843,-75
921.603,00:04,1843,-67
922.012,00:02,1844,-92
922.061,00:03,1844,-75
922.101,00:04,1844,-67
922.509,00:02,1845,-91
922.562,00:03,1845,-75
922.602,00:04,1845,-67
923.013,00:02,1846,-91
923.062,00:03,1846,-75
923.101,00:04,1846,-67
923.51,00:02,1847,-91
923.561,00:03,1847,-75
923.601,00:04,1847,-67
924.01,00:02,1848,-91
924.061,00:03,1848,-75
924.101,00:04,1848,-67
924.511,00:02,1849,-91
924.56,00:03,1849,-75
924.603,00:04,1849,-67
925.011,00:02,1850,-91
925.061,00:03,1850,-75
925.103,00:04,1850,-67
925.512,00:02,1851,-91
925.559,00:03,1851,-75
925.603,00:04,1851,-68
926.011,00:02,1852,-91
926.061,00:03,1852,-75
926.103,00:04,1852,-68
926.512,00:02,1853,-91
926.561,00:03,1853,-75
926.602,00:04,1853,-68
927.009,00:02,1854,-91
927.06,00:03,1854,-76
927.102,00:04,1854,-68
927.511,00:02,1855,-91
927.56,00:03,1855,-76
927.603,00:04,1855,-68
928.011,00:02,1856,-91
928.06,00:03,1856,-76
928.102,00:04,1856,-68
928.513,00:02,1857,-90
928.561,00:03,1857,-76
928.602,00:04,1857,-68
929.011,00:02,1858,-90
929.059,00:03,1858,-76
929.103,00:04,1858,-68
929.511,00:02,1859,-90
929.561,00:03,1859,-76
929.602,00:04,1859,-68
930.009,00:02,1860,-90
930.061,00:03,1860,-76
930.102,00:04,1860,-68
930.509,00:02,1861,-90
930.561,00:03,1861,-76
930.601,00:04,1861,-68
931.011,00:02,1862,-90
931.06,00:03,1862,-76
931.102,00:04,1862,-68
931.511,00:02,1863,-90
931.562,00:03,1863,-76
931.604,00:04,1863,-68
932.011,00:02,1864,-90
932.06,00:03,1864,-76
932.103,00:04,1864,-69
932.511,00:02,1865,-90
932.56,00:03,1865,-76
932.602,00:04,1865,-69
933.012,00:02,1866,-90
933.06,00:03,1866,-77
933.104,00:04,1866,-69
933.513,00:02,1867,-90
933.561,00:03,1867,-77
933.602,00:04,1867,-69
934.011,00:02,1868,-90
934.06,00:03,1868,-77
934.102,00:04,1868,-69
934.511,00:02,1869,-90
934.562,00:03,1869,-77
934.603,00:04,1869,-69
935.012,00:02,1870,-90
935.062,00:03,1870,-77
935.102,00:04,1870,-69
935.509,00:02,1871,-90
935.56,00:03,1871,-77
935.601,00:04,1871,-69
936.011,00:02,1872,-89
936.062,00:03,1872,-77
936.102,00:04,1872,-69
936.51,00:02,1873,-89
936.562,00:03,1873,-77
936.602,00:04,1873,-69
937.01,00:02,1874,-93
937.06,00:03,1874,-81
937.101,00:04,1874,-73
937.512,00:02,1875,-93
937.561,00:03,1875,-81
937.604,00:04,1875,-74
938.01,00:02,1876,-93
938.061,00:03,1876,-81
938.103,00:04,1876,-74
938.51,00:02,1877,-93
938.56,00:03,1877,-81
938.602,00:04,1877,-74
939.009,00:02,1878,-93
939.061,00:03,1878,-82
939.102,00:04,1878,-74
939.512,00:02,1879,-93
939.562,00:03,1879,-82
939.602,00:04,1879,-74
940.011,00:02,1880,-93
940.061,00:03,1880,-82
940.103,00:04,1880,-74
940.513,00:02,1881,-93
940.561,00:03,1881,-82
940.6,00:04,1881,-74
941.012,00:02,1882,-89
941.06,00:03,1882,-78
941.101,00:04,1882,-70
941.51,00:02,1883,-89
941.56,00:03,1883,-78
941.602,00:04,1883,-70
942.01,00:02,1884,-89
942.062,00:03,1884,-78
942.102,00:04,1884,-70
942.513,00:02,1885,-89
942.559,00:03,1885,-78
942.603,00:04,1885,-71
943.011,00:02,1886,-89
943.062,00:03,1886,-78
943.102,00:04,1886,-71
943.512,00:02,1887,-89
943.56,00:03,1887,-78
943.602,00:04,1887,-71
944.009,00:02,1888,-89
944.063,00:03,1888,-78
944.101,00:04,1888,-71
944.51,00:02,1889,-89
944.561,00:03,1889,-78
944.602,00:04,1889,-71
945.01,00:02,1890,-89
945.061,00:03,1890,-79
945.102,00:04,1890,-71
945.511,00:02,1891,-89
945.562,00:03,1891,-79
945.602,00:04,1891,-71
946.012,00:02,1892,-89
946.06,00:03,1892,-79
946.101,00:04,1892,-71
946.511,00:02,1893,-89
946.562,00:03,1893,-79
946.603,00:04,1893,-71
947.012,00:02,1894,-89
947.06,00:03,1894,-79
947.102,00:04,1894,-71
947.512,00:02,1895,-88
947.562,00:03,1895,-79
947.602,00:04,1895,-72
948.011,00:02,1896,-88
948.062,00:03,1896,-79
948.1,00:04,1896,-72
948.512,00:02,1897,-88
948.561,00:03,1897,-79
948.603,00:04,1897,-72
949.013,00:02,1898,-88
949.059,00:03,1898,-79
949.102,00:04,1898,-72
949.513,00:02,1899,-88
949.561,00:03,1899,-79
949.602,00:04,1899,-72
950.012,00:02,1900,-88
950.061,00:03,1900,-79
950.103,00:04,1900,-72
950.511,00:02,1901,-88
950.56,00:03,1901,-79
950.601,00:04,1901,-72
951.011,00:02,1902,-88
951.061,00:03,1902,-79
951.102,00:04,1902,-72
951.511,00:02,1903,-88
951.561,00:03,1903,-80
951.603,00:04,1903,-72
952.01,00:02,1904,-88
952.061,00:03,1904,-80
952.102,00:04,1904,-72
952.512,00:02,1905,-88
952.561,00:03,1905,-80
952.602,00:04,1905,-73
953.012,00:02,1906,-88
953.063,00:03,1906,-80
953.104,00:04,1906,-73
953.51,00:02,1907,-88
953.562,00:03,1907,-80
953.601,00:04,1907,-73
954.009,00:02,1908,-88
954.061,00:03,1908,-80
954.101,00:04,1908,-73
954.51,00:02,1909,-89
954.559,00:03,1909,-80
954.601,00:04,1909,-73
955.012,00:02,1910,-89
955.061,00:03,1910,-80
955.102,00:04,1910,-73
955.513,00:02,1911,-89
955.561,00:03,1911,-80
955.603,00:04,1911,-73
956.011,00:02,1912,-89
956.06,00:03,1912,-80
956.103,00:04,1912,-72
956.511,00:02,1913,-89
956.561,00:03,1913,-80
956.601,00:04,1913,-72
957.011,00:02,1914,-89
957.062,00:03,1914,-80
957.1,00:04,1914,-72
957.513,00:02,1915,-90
957.56,00:03,1915,-80
957.601,00:04,1915,-72
958.011,00:02,1916,-90
958.061,00:03,1916,-80
958.103,00:04,1916,-72
958.512,00:02,1917,-90
958.561,00:03,1917,-80
958.602,00:04,1917,-72
959.012,00:02,1918,-90
959.059,00:03,1918,-80
959.103,00:04,1918,-72
959.511,00:02,1919,-90
959.56,00:03,1919,-80
959.602,00:04,1919,-72
960.01,00:02,1920,-90
960.062,00:03,1920,-80
960.103,00:04,1920,-72
960.511,00:02,1921,-90
960.56,00:03,1921,-80
960.602,00:04,1921,-72
961.009,00:02,1922,-90
961.061,00:03,1922,-80
961.101,00:04,1922,-72
961.511,00:02,1923,-90
961.561,00:03,1923,-80
961.602,00:04,1923,-72
962.012,00:02,1924,-90
962.06,00:03,1924,-80
962.103,00:04,1924,-71
962.513,00:02,1925,-90
962.562,00:03,1925,-80
962.604,00:04,1925,-71
963.013,00:02,1926,-90
963.06,00:03,1926,-80
963.103,00:04,1926,-71
963.51,00:02,1927,-90
963.56,00:03,1927,-80
963.601,00:04,1927,-71
964.01,00:02,1928,-90
964.06,00:03,1928,-80
964.103,00:04,1928,-71
964.512,00:02,1929,-90
964.562,00:03,1929,-80
964.604,00:04,1929,-71
965.012,00:02,1930,-90
965.062,00:03,1930,-80
965.101,00:04,1930,-71
965.512,00:02,1931,-90
965.561,00:03,1931,-79
965.603,00:04,1931,-71
966.011,00:02,1932,-90
966.062,00:03,1932,-79
966.102,00:04,1932,-71
966.511,00:02,1933,-90
966.561,00:03,1933,-79
966.601,00:04,1933,-70
967.012,00:02,1934,-90
967.062,00:03,1934,-79
967.103,00:04,1934,-70
967.511,00:02,1935,-90
967.561,00:03,1935,-79
967.601,00:04,1935,-70
968.013,00:02,1936,-90
968.061,00:03,1936,-79
968.101,00:04,1936,-70
968.511,00:02,1937,-90
968.561,00:03,1937,-79
968.604,00:04,1937,-70
969.013,00:02,1938,-90
969.063,00:03,1938,-79
969.102,00:04,1938,-70
969.513,00:02,1939,-90
969.561,00:03,1939,-79
969.602,00:04,1939,-70
970.011,00:02,1940,-90
970.06,00:03,1940,-79
970.103,00:04,1940,-70
970.511,00:02,1941,-90
970.562,00:03,1941,-79
970.601,00:04,1941,-69
971.01,00:02,1942,-90
971.061,00:03,1942,-79
971.101,00:04,1942,-69
971.512,00:02,1943,-90
971.561,00:03,1943,-79
971.602,00:04,1943,-69
972.011,00:02,1944,-90
972.062,00:03,1944,-79
972.101,00:04,1944,-69
972.512,00:02,1945,-91
972.561,00:03,1945,-78
972.602,00:04,1945,-69
973.011,00:02,1946,-95
973.062,00:03,1946,-82
973.103,00:04,1946,-73
973.512,00:02,1947,-95
973.559,00:03,1947,-82
973.602,00:04,1947,-73
974.012,00:02,1948,-95
974.062,00:03,1948,-82
974.103,00:04,1948,-73
974.513,00:02,1949,-95
974.563,00:03,1949,-82
974.602,00:04,1949,-73
975.012,00:02,1950,-95
975.061,00:03,1950,-82
975.103,00:04,1950,-72
975.511,00:02,1951,-95
975.56,00:03,1951,-82
975.6,00:04,1951,-72
976.012,00:02,1952,-95
976.062,00:03,1952,-82
976.1,00:04,1952,-72
976.512,00:02,1953,-95
976.561,00:03,1953,-82
976.601,00:04,1953,-72
977.012,00:02,1954,-91
977.062,00:03,1954,-78
977.1,00:04,1954,-68
977.512,00:02,1955,-91
977.562,00:03,1955,-78
977.602,00:04,1955,-68
978.012,00:02,1956,-91
978.062,00:03,1956,-78
978.102,00:04,1956,-68
978.51,00:02,1957,-91
978.56,00:03,1957,-78
978.604,00:04,1957,-68
979.011,00:02,1958,-91
979.061,00:03,1958,-77
979.102,00:04,1958,-68
979.51,00:02,1959,-91
979.561,00:03,1959,-77
979.603,00:04,1959,-67
980.012,00:02,1960,-91
980.061,00:03,1960,-77
980.101,00:04,1960,-67
980.513,00:02,1961,-91
980.562,00:03,1961,-77
980.601,00:04,1961,-67
981.01,00:02,1962,-91
981.061,00:03,1962,-77
981.104,00:04,1962,-67
981.511,00:02,1963,-91
981.562,00:03,1963,-77
981.604,00:04,1963,-67
982.013,00:02,1964,-91
982.062,00:03,1964,-77
982.102,00:04,1964,-67
982.511,00:02,1965,-91
982.561,00:03,1965,-77
982.603,00:04,1965,-67
983.011,00:02,1966,-92
983.06,00:03,1966,-77
983.101,00:04,1966,-67
983.511,00:02,1967,-92
983.563,00:03,1967,-77
983.603,00:04,1967,-67
984.012,00:02,1968,-92
984.061,00:03,1968,-77
984.102,00:04,1968,-66
984.513,00:02,1969,-92
984.562,00:03,1969,-77
984.601,00:04,1969,-66
985.009,00:02,1970,-92
985.061,00:03,1970,-76
985.104,00:04,1970,-66
985.512,00:02,1971,-92
985.561,00:03,1971,-76
985.603,00:04,1971,-66
986.012,00:02,1972,-92
986.061,00:03,1972,-76
986.102,00:04,1972,-66
986.512,00:02,1973,-92
986.562,00:03,1973,-76
986.603,00:04,1973,-66
987.01,00:02,1974,-92
987.061,00:03,1974,-76
987.102,00:04,1974,-66
987.513,00:02,1975,-92
987.561,00:03,1975,-76
987.603,00:04,1975,-66
988.01,00:02,1976,-92
988.061,00:03,1976,-76
988.104,00:04,1976,-66
988.512,00:02,1977,-92
988.56,00:03,1977,-76
988.601,00:04,1977,-66
989.012,00:02,1978,-92
989.061,00:03,1978,-76
989.102,00:04,1978,-66
989.511,00:02,1979,-92
989.56,00:03,1979,-76
989.601,00:04,1979,-65
990.013,00:02,1980,-92
990.06,00:03,1980,-76
990.103,00:04,1980,-65
990.511,00:02,1981,-93
990.562,00:03,1981,-76
990.601,00:04,1981,-65
991.013,00:02,1982,-93
991.061,00:03,1982,-76
991.103,00:04,1982,-65
991.51,00:02,1983,-93
991.56,00:03,1983,-75
991.602,00:04,1983,-65
992.011,00:02,1984,-93
992.06,00:03,1984,-75
992.103,00:04,1984,-65
992.51,00:02,1985,-93
992.56,00:03,1985,-75
992.602,00:04,1985,-65
993.01,00:02,1986,-93
993.06,00:03,1986,-75
993.103,00:04,1986,-65
993.512,00:02,1987,-93
993.561,00:03,1987,-75
993.602,00:04,1987,-65
994.013,00:02,1988,-93
994.06,00:03,1988,-75
994.1,00:04,1988,-65
994.513,00:02,1989,-93
994.562,00:03,1989,-75
994.601,00:04,1989,-65
995.012,00:02,1990,-93
995.061,00:03,1990,-75
995.1,00:04,1990,-65
995.51,00:02,1991,-93
995.561,00:03,1991,-75
995.601,00:04,1991,-65
996.011,00:02,1992,-93
996.061,00:03,1992,-75
996.102,00:04,1992,-65
996.512,00:02,1993,-93
996.562,00:03,1993,-75
996.601,00:04,1993,-64
997.011,00:02,1994,-93
997.061,00:03,1994,-75
997.103,00:04,1994,-64
997.51,00:02,1995,-94
997.562,00:03,1995,-74
997.602,00:04,1995,-64
998.012,00:02,1996,-94
998.063,00:03,1996,-74
998.101,00:04,1996,-64
998.512,00:02,1997,-94
998.561,00:03,1997,-74
998.601,00:04,1997,-64
999.013,00:02,1998,-94
999.06,00:03,1998,-74
999.101,00:04,1998,-64
999.512,00:02,1999,-94
999.561,00:03,1999,-74
999.601,00:04,1999,-64
1000.01,00:02,2000,-94
1000.06,00:03,2000,-74
1000.1,00:04,2000,-64
1000.51,00:02,2001,-94
1000.56,00:03,2001,-74
1000.6,00:04,2001,-64
1001.01,00:02,2002,-94
1001.06,00:03,2002,-74
1001.1,00:04,2002,-64
1001.51,00:02,2003,-94
1001.56,00:03,2003,-74
1001.6,00:04,2003,-64
1002.01,00:02,2004,-94
1002.06,00:03,2004,-74
1002.1,00:04,2004,-64
1002.51,00:02,2005,-94
1002.56,00:03,2005,-74
1002.6,00:04,2005,-64
1003.01,00:02,2006,-94
1003.06,00:03,2006,-74
1003.1,00:04,2006,-64
1003.51,00:02,2007,-95
1003.56,00:03,2007,-73
1003.6,00:04,2007,-64
1004.01,00:02,2008,-95
1004.06,00:03,2008,-73
1004.1,00:04,2008,-64
1004.51,00:02,2009,-95
1004.56,00:03,2009,-73
1004.6,00:04,2009,-64
1005.01,00:02,2010,-95
1005.06,00:03,2010,-73
1005.1,00:04,2010,-64
1005.51,00:02,2011,-95
1005.56,00:03,2011,-73
1005.6,00:04,2011,-64
1006.01,00:02,2012,-95
1006.06,00:03,2012,-73
1006.1,00:04,2012,-64
1006.51,00:02,2013,-95
1006.56,00:03,2013,-73
1006.6,00:04,2013,-64
1007.01,00:02,2014,-95
1007.06,00:03,2014,-73
1007.1,00:04,2014,-64
1007.51,00:02,2015,-95
1007.56,00:03,2015,-73
1007.6,00:04,2015,-64
1008.01,00:02,2016,-95
1008.06,00:03,2016,-73
1008.1,00:04,2016,-64
1008.51,00:02,2017,-95
1008.56,00:03,2017,-73
1008.6,00:04,2017,-64
1009.01,00:02,2018,-95
1009.06,00:03,2018,-73
1009.1,00:04,2018,-64
1009.51,00:02,2019,-95
1009.56,00:03,2019,-72
1009.6,00:04,2019,-64
1010.01,00:02,2020,-96
1010.06,00:03,2020,-72
1010.1,00:04,2020,-64
1010.51,00:02,2021,-96
1010.56,00:03,2021,-72
1010.6,00:04,2021,-64
1011.01,00:02,2022,-96
1011.06,00:03,2022,-72
1011.1,00:04,2022,-64
1011.51,00:02,2023,-96
1011.56,00:03,2023,-72
1011.6,00:04,2023,-64
1012.01,00:02,2024,-96
1012.06,00:03,2024,-72
1012.1,00:04,2024,-64
1012.51,00:02,2025,-96
1012.56,00:03,2025,-72
1012.6,00:04,2025,-64
1013.01,00:02,2026,-96
1013.06,00:03,2026,-72
1013.1,00:04,2026,-64
1013.51,00:02,2027,-96
1013.56,00:03,2027,-72
1013.6,00:04,2027,-65
1014.01,00:02,2028,-96
1014.06,00:03,2028,-72
1014.1,00:04,2028,-65
1014.51,00:02,2029,-96
1014.56,00:03,2029,-72
1014.6,00:04,2029,-65
1015.01,00:02,2030,-96
1015.06,00:03,2030,-72
1015.1,00:04,2030,-65
1015.51,00:02,2031,-96
1015.56,00:03,2031,-72
1015.6,00:04,2031,-65
1016.01,00:02,2032,-97
1016.06,00:03,2032,-72
1016.1,00:04,2032,-65
1016.51,00:02,2033,-97
1016.56,00:03,2033,-71
1016.6,00:04,2033,-65
1017.01,00:02,2034,-97
1017.06,00:03,2034,-71
1017.1,00:04,2034,-65
1017.51,00:02,2035,-97
1017.56,00:03,2035,-71
1017.6,00:04,2035,-65
1018.01,00:02,2036,-97
1018.06,00:03,2036,-71
1018.1,00:04,2036,-65
1018.51,00:02,2037,-97
1018.56,00:03,2037,-71
1018.6,00:04,2037,-65
1019.01,00:02,2038,-97
1019.06,00:03,2038,-71
1019.1,00:04,2038,-65
1019.51,00:02,2039,-97
1019.56,00:03,2039,-71
1019.6,00:04,2039,-65
1020.01,00:02,2040,-97
1020.06,00:03,2040,-71
1020.1,00:04,2040,-65
1020.51,00:02,2041,-97
1020.56,00:03,2041,-71
1020.6,00:04,2041,-65
1021.01,00:02,2042,-97
1021.06,00:03,2042,-71
1021.1,00:04,2042,-66
1021.51,00:02,2043,-97
1021.56,00:03,2043,-71
1021.6,00:04,2043,-66
1022.01,00:02,2044,-98
1022.06,00:03,2044,-71
1022.1,00:04,2044,-66
1022.51,00:02,2045,-98
1022.56,00:03,2045,-71
1022.6,00:04,2045,-66
1023.01,00:02,2046,-98
1023.06,00:03,2046,-71
1023.1,00:04,2046,-66
1023.51,00:02,2047,-98
1023.56,00:03,2047,-70
1023.6,00:04,2047,-66
1024.01,00:02,2048,-98
1024.06,00:03,2048,-70
1024.1,00:04,2048,-66
1024.51,00:02,2049,-98
1024.56,00:03,2049,-70
1024.6,00:04,2049,-66
1025.01,00:02,2050,-98
1025.06,00:03,2050,-70
1025.1,00:04,2050,-66
1025.51,00:02,2051,-98
1025.56,00:03,2051,-70
1025.6,00:04,2051,-66
1026.01,00:02,2052,-98
1026.06,00:03,2052,-70
1026.1,00:04,2052,-66
1026.51,00:02,2053,-98
1026.56,00:03,2053,-70
1026.6,00:04,2053,-67
1027.01,00:02,2054,-98
1027.06,00:03,2054,-70
1027.1,00:04,2054,-67
1027.51,00:02,2055,-98
1027.56,00:03,2055,-70
1027.6,00:04,2055,-67
1028.01,00:02,2056,-98
1028.06,00:03,2056,-70
1028.1,00:04,2056,-67
1028.51,00:02,2057,-99
1028.56,00:03,2057,-70
1028.6,00:04,2057,-67
1029.01,00:02,2058,-99
1029.06,00:03,2058,-70
1029.1,00:04,2058,-67
1029.51,00:02,2059,-99
1029.56,00:03,2059,-70
1029.6,00:04,2059,-67
1030.01,00:02,2060,-99
1030.06,00:03,2060,-70
1030.1,00:04,2060,-67
1030.51,00:02,2061,-99
1030.56,00:03,2061,-70
1030.6,00:04,2061,-67
1031.01,00:02,2062,-99
1031.06,00:03,2062,-70
1031.1,00:04,2062,-68
1031.51,00:02,2063,-99
1031.56,00:03,2063,-70
1031.6,00:04,2063,-68
1032.01,00:02,2064,-99
1032.06,00:03,2064,-69
1032.1,00:04,2064,-68
1032.51,00:02,2065,-99
1032.56,00:03,2065,-69
1032.6,00:04,2065,-68
1033.01,00:02,2066,-103
1033.06,00:03,2066,-73
1033.1,00:04,2066,-72
1033.51,00:02,2067,-103
1033.56,00:03,2067,-73
1033.6,00:04,2067,-72
1034.01,00:02,2068,-103
1034.06,00:03,2068,-73
1034.1,00:04,2068,-72
1034.51,00:02,2069,-104
1034.56,00:03,2069,-73
1034.6,00:04,2069,-72
1035.01,00:02,2070,-104
1035.06,00:03,2070,-73
1035.1,00:04,2070,-72
1035.51,00:02,2071,-104
1035.56,00:03,2071,-73
1035.6,00:04,2071,-73
1036.01,00:02,2072,-104
1036.06,00:03,2072,-73
1036.1,00:04,2072,-73
1036.51,00:02,2073,-104
1036.56,00:03,2073,-73
1036.6,00:04,2073,-73
1037.01,00:02,2074,-100
1037.06,00:03,2074,-69
1037.1,00:04,2074,-69
1037.51,00:02,2075,-100
1037.56,00:03,2075,-69
1037.6,00:04,2075,-69
1038.01,00:02,2076,-100
1038.06,00:03,2076,-69
1038.1,00:04,2076,-69
1038.51,00:02,2077,-100
1038.56,00:03,2077,-69
1038.6,00:04,2077,-69
1039.01,00:02,2078,-100
1039.06,00:03,2078,-69
1039.1,00:04,2078,-69
1039.51,00:02,2079,-100
1039.56,00:03,2079,-69
1039.6,00:04,2079,-70
1040.01,00:02,2080,-100
1040.06,00:03,2080,-69
1040.1,00:04,2080,-70
1040.51,00:02,2081,-100
1040.56,00:03,2081,-69
1040.6,00:04,2081,-70
1041.01,00:02,2082,-100
1041.06,00:03,2082,-69
1041.1,00:04,2082,-70
1041.51,00:02,2083,-101
1041.56,00:03,2083,-69
1041.6,00:04,2083,-70
1042.01,00:02,2084,-101
1042.06,00:03,2084,-69
1042.1,00:04,2084,-70
1042.51,00:02,2085,-101
1042.56,00:03,2085,-69
1042.6,00:04,2085,-70
1043.01,00:02,2086,-101
1043.06,00:03,2086,-69
1043.1,00:04,2086,-70
1043.51,00:02,2087,-101
1043.56,00:03,2087,-69
1043.6,00:04,2087,-70
1044.01,00:02,2088,-101
1044.06,00:03,2088,-69
1044.1,00:04,2088,-71
1044.51,00:02,2089,-101
1044.56,00:03,2089,-69
1044.6,00:04,2089,-71
1045.01,00:02,2090,-101
1045.06,00:03,2090,-69
1045.1,00:04,2090,-71
1045.51,00:02,2091,-101
1045.56,00:03,2091,-69
1045.6,00:04,2091,-71
1046.01,00:02,2092,-101
1046.06,00:03,2092,-69
1046.1,00:04,2092,-71
1046.51,00:02,2093,-101
1046.56,00:03,2093,-69
1046.6,00:04,2093,-71
1047.01,00:02,2094,-101
1047.06,00:03,2094,-69
1047.1,00:04,2094,-71
1047.51,00:02,2095,-101
1047.56,00:03,2095,-69
1047.6,00:04,2095,-71
1048.01,00:02,2096,-102
1048.06,00:03,2096,-69
1048.1,00:04,2096,-71
1048.51,00:02,2097,-102
1048.56,00:03,2097,-69
1048.6,00:04,2097,-72
1049.01,00:02,2098,-102
1049.06,00:03,2098,-69
1049.1,00:04,2098,-72
1049.51,00:02,2099,-102
1049.56,00:03,2099,-69
1049.6,00:04,2099,-72
1050.01,00:02,2100,-102
1050.06,00:03,2100,-69
1050.1,00:04,2100,-72
1050.51,00:02,2101,-102
1050.56,00:03,2101,-69
1050.6,00:04,2101,-72
1051.01,00:02,2102,-102
1051.06,00:03,2102,-69
1051.1,00:04,2102,-72
1051.51,00:02,2103,-102
1051.56,00:03,2103,-69
1051.6,00:04,2103,-72
1052.01,00:02,2104,-102
1052.06,00:03,2104,-69
1052.1,00:04,2104,-72
1052.51,00:02,2105,-102
1052.56,00:03,2105,-69
1052.6,00:04,2105,-71
1053.01,00:02,2106,-102
1053.06,00:03,2106,-69
1053.1,00:04,2106,-71
1053.51,00:02,2107,-102
1053.56,00:03,2107,-70
1053.6,00:04,2107,-71
1054.01,00:02,2108,-102
1054.06,00:03,2108,-70
1054.1,00:04,2108,-71
1054.51,00:02,2109,-102
1054.56,00:03,2109,-70
1054.6,00:04,2109,-71
1055.01,00:02,2110,-102
1055.06,00:03,2110,-70
1055.1,00:04,2110,-71
1055.51,00:02,2111,-102
1055.56,00:03,2111,-70
1055.6,00:04,2111,-71
1056.01,00:02,2112,-102
1056.06,00:03,2112,-70
1056.1,00:04,2112,-71
1056.51,00:02,2113,-102
1056.56,00:03,2113,-70
1056.6,00:04,2113,-71
1057.01,00:02,2114,-102
1057.06,00:03,2114,-70
1057.1,00:04,2114,-71
1057.51,00:02,2115,-102
1057.56,00:03,2115,-70
1057.6,00:04,2115,-71
1058.01,00:02,2116,-102
1058.06,00:03,2116,-70
1058.1,00:04,2116,-70
1058.51,00:02,2117,-102
1058.56,00:03,2117,-70
1058.6,00:04,2117,-70
1059.01,00:02,2118,-102
1059.06,00:03,2118,-70
1059.1,00:04,2118,-70
1059.51,00:02,2119,-102
1059.56,00:03,2119,-70
1059.6,00:04,2119,-70
1060.01,00:02,2120,-102
1060.06,00:03,2120,-70
1060.1,00:04,2120,-70
1060.51,00:02,2121,-102
1060.56,00:03,2121,-70
1060.6,00:04,2121,-70
1061.01,00:02,2122,-102
1061.06,00:03,2122,-70
1061.1,00:04,2122,-70
1061.51,00:02,2123,-101
1061.56,00:03,2123,-70
1061.6,00:04,2123,-70
1062.01,00:02,2124,-101
1062.06,00:03,2124,-70
1062.1,00:04,2124,-69
1062.51,00:02,2125,-101
1062.56,00:03,2125,-70
1062.6,00:04,2125,-69
1063.01,00:02,2126,-101
1063.06,00:03,2126,-70
1063.1,00:04,2126,-69
1063.51,00:02,2127,-101
1063.56,00:03,2127,-70
1063.6,00:04,2127,-69
1064.01,00:02,2128,-101
1064.06,00:03,2128,-70
1064.1,00:04,2128,-69
1064.51,00:02,2129,-101
1064.56,00:03,2129,-70
1064.6,00:04,2129,-69
1065.01,00:02,2130,-101
1065.06,00:03,2130,-70
1065.1,00:04,2130,-69
1065.51,00:02,2131,-101
1065.56,00:03,2131,-70
1065.6,00:04,2131,-68
1066.01,00:02,2132,-101
1066.06,00:03,2132,-70
1066.1,00:04,2132,-68
1066.51,00:02,2133,-101
1066.56,00:03,2133,-70
1066.6,00:04,2133,-68
1067.01,00:02,2134,-101
1067.06,00:03,2134,-70
1067.1,00:04,2134,-68
1067.51,00:02,2135,-101
1067.56,00:03,2135,-70
1067.6,00:04,2135,-68
1068.01,00:02,2136,-101
1068.06,00:03,2136,-70
1068.1,00:04,2136,-68
1068.51,00:02,2137,-100
1068.56,00:03,2137,-70
1068.6,00:04,2137,-68
1069.01,00:02,2138,-104
1069.06,00:03,2138,-75
1069.1,00:04,2138,-72
1069.51,00:02,2139,-104
1069.56,00:03,2139,-75
1069.6,00:04,2139,-71
1070.01,00:02,2140,-104
1070.06,00:03,2140,-75
1070.1,00:04,2140,-71
1070.51,00:02,2141,-104
1070.56,00:03,2141,-75
1070.6,00:04,2141,-71
1071.01,00:02,2142,-104
1071.06,00:03,2142,-75
1071.1,00:04,2142,-71
1071.51,00:02,2143,-104
1071.56,00:03,2143,-75
1071.6,00:04,2143,-71
1072.01,00:02,2144,-104
1072.06,00:03,2144,-75
1072.1,00:04,2144,-71
1072.51,00:02,2145,-104
1072.56,00:03,2145,-75
1072.6,00:04,2145,-71
1073.01,00:02,2146,-100
1073.06,00:03,2146,-71
1073.1,00:04,2146,-66
1073.51,00:02,2147,-100
1073.56,00:03,2147,-71
1073.6,00:04,2147,-66
1074.01,00:02,2148,-100
1074.06,00:03,2148,-71
1074.1,00:04,2148,-66
1074.51,00:02,2149,-100
1074.56,00:03,2149,-71
1074.6,00:04,2149,-66
1075.01,00:02,2150,-100
1075.06,00:03,2150,-71
1075.1,00:04,2150,-66
1075.51,00:02,2151,-99
1075.56,00:03,2151,-71
1075.6,00:04,2151,-66
1076.01,00:02,2152,-99
1076.06,00:03,2152,-71
1076.1,00:04,2152,-66
1076.51,00:02,2153,-99
1076.56,00:03,2153,-71
1076.6,00:04,2153,-66
1077.01,00:02,2154,-99
1077.06,00:03,2154,-71
1077.1,00:04,2154,-65
1077.51,00:02,2155,-99
1077.56,00:03,2155,-71
1077.6,00:04,2155,-65
1078.01,00:02,2156,-99
1078.06,00:03,2156,-71
1078.1,00:04,2156,-65
1078.51,00:02,2157,-99
1078.56,00:03,2157,-71
1078.6,00:04,2157,-65
1079.01,00:02,2158,-99
1079.06,00:03,2158,-71
1079.1,00:04,2158,-65
1079.51,00:02,2159,-99
1079.56,00:03,2159,-71
1079.6,00:04,2159,-65
1080.01,00:02,2160,-99
1080.06,00:03,2160,-71
1080.1,00:04,2160,-65
1080.51,00:02,2161,-99
1080.56,00:03,2161,-72
1080.6,00:04,2161,-64
1081.01,00:02,2162,-99
1081.06,00:03,2162,-72
1081.1,00:04,2162,-64
1081.51,00:02,2163,-99
1081.56,00:03,2163,-72
1081.6,00:04,2163,-64
1082.01,00:02,2164,-99
1082.06,00:03,2164,-72
1082.1,00:04,2164,-64
1082.51,00:02,2165,-98
1082.56,00:03,2165,-72
1082.6,00:04,2165,-64
1083.01,00:02,2166,-98
1083.06,00:03,2166,-72
1083.1,00:04,2166,-64
1083.51,00:02,2167,-98
1083.56,00:03,2167,-72
1083.6,00:04,2167,-64
1084.01,00:02,2168,-98
1084.06,00:03,2168,-72
1084.1,00:04,2168,-64
1084.51,00:02,2169,-98
1084.56,00:03,2169,-72
1084.6,00:04,2169,-64
1085.01,00:02,2170,-98
1085.06,00:03,2170,-72
1085.1,00:04,2170,-63
1085.51,00:02,2171,-98
1085.56,00:03,2171,-72
1085.6,00:04,2171,-63
1086.01,00:02,2172,-98
1086.06,00:03,2172,-72
1086.1,00:04,2172,-63
1086.51,00:02,2173,-98
1086.56,00:03,2173,-72
1086.6,00:04,2173,-63
1087.01,00:02,2174,-98
1087.06,00:03,2174,-72
1087.1,00:04,2174,-63
1087.51,00:02,2175,-98
1087.56,00:03,2175,-72
1087.6,00:04,2175,-63
1088.01,00:02,2176,-98
1088.06,00:03,2176,-72
1088.1,00:04,2176,-63
1088.51,00:02,2177,-98
1088.56,00:03,2177,-72
1088.6,00:04,2177,-63
1089.01,00:02,2178,-97
1089.06,00:03,2178,-73
1089.1,00:04,2178,-63
1089.51,00:02,2179,-97
1089.56,00:03,2179,-73
1089.6,00:04,2179,-63
1090.01,00:02,2180,-97
1090.06,00:03,2180,-73
1090.1,00:04,2180,-62
1090.51,00:02,2181,-97
1090.56,00:03,2181,-73
1090.6,00:04,2181,-62
1091.01,00:02,2182,-97
1091.06,00:03,2182,-73
1091.1,00:04,2182,-62
1091.51,00:02,2183,-97
1091.56,00:03,2183,-73
1091.6,00:04,2183,-62
1092.01,00:02,2184,-97
1092.06,00:03,2184,-73
1092.1,00:04,2184,-62
1092.51,00:02,2185,-97
1092.56,00:03,2185,-73
1092.6,00:04,2185,-62
1093.01,00:02,2186,-97
1093.06,00:03,2186,-73
1093.1,00:04,2186,-62
1093.51,00:02,2187,-97
1093.56,00:03,2187,-73
1093.6,00:04,2187,-62
1094.01,00:02,2188,-97
1094.06,00:03,2188,-73
1094.1,00:04,2188,-62
1094.51,00:02,2189,-97
1094.56,00:03,2189,-73
1094.6,00:04,2189,-62
1095.01,00:02,2190,-97
1095.06,00:03,2190,-73
1095.1,00:04,2190,-62
1095.51,00:02,2191,-96
1095.56,00:03,2191,-73
1095.6,00:04,2191,-62
1096.01,00:02,2192,-96
1096.06,00:03,2192,-73
1096.1,00:04,2192,-62
1096.51,00:02,2193,-96
1096.56,00:03,2193,-74
1096.6,00:04,2193,-62
1097.01,00:02,2194,-96
1097.06,00:03,2194,-74
1097.1,00:04,2194,-62
1097.51,00:02,2195,-96
1097.56,00:03,2195,-74
1097.6,00:04,2195,-62
1098.01,00:02,2196,-96
1098.06,00:03,2196,-74
1098.1,00:04,2196,-62
1098.51,00:02,2197,-96
1098.56,00:03,2197,-74
1098.6,00:04,2197,-62
1099.01,00:02,2198,-96
1099.06,00:03,2198,-74
1099.1,00:04,2198,-62
1099.51,00:02,2199,-96
1099.56,00:03,2199,-74
1099.6,00:04,2199,-62
1100.01,00:02,2200,-96
1100.06,00:03,2200,-74
1100.1,00:04,2200,-62
1100.51,00:02,2201,-96
1100.56,00:03,2201,-74
1100.6,00:04,2201,-62
1101.01,00:02,2202,-96
1101.06,00:03,2202,-74
1101.1,00:04,2202,-62
1101.51,00:02,2203,-96
1101.56,00:03,2203,-74
1101.6,00:04,2203,-62
1102.01,00:02,2204,-96
1102.06,00:03,2204,-74
1102.1,00:04,2204,-62
1102.51,00:02,2205,-95
1102.56,00:03,2205,-74
1102.6,00:04,2205,-62
1103.01,00:02,2206,-95
1103.06,00:03,2206,-74
1103.1,00:04,2206,-62
1103.51,00:02,2207,-95
1103.56,00:03,2207,-75
1103.6,00:04,2207,-62
1104.01,00:02,2208,-95
1104.06,00:03,2208,-75
1104.1,00:04,2208,-62
1104.51,00:02,2209,-95
1104.56,00:03,2209,-75
1104.6,00:04,2209,-62
1105.01,00:02,2210,-95
1105.06,00:03,2210,-75
1105.1,00:04,2210,-62
1105.51,00:02,2211,-95
1105.56,00:03,2211,-75
1105.6,00:04,2211,-62
1106.01,00:02,2212,-95
1106.06,00:03,2212,-75
1106.1,00:04,2212,-62
1106.51,00:02,2213,-95
1106.56,00:03,2213,-75
1106.6,00:04,2213,-62
1107.01,00:02,2214,-95
1107.06,00:03,2214,-75
1107.1,00:04,2214,-62
1107.51,00:02,2215,-95
1107.56,00:03,2215,-75
1107.6,00:04,2215,-62
1108.01,00:02,2216,-95
1108.06,00:03,2216,-75
1108.1,00:04,2216,-62
1108.51,00:02,2217,-95
1108.56,00:03,2217,-75
1108.6,00:04,2217,-62
1109.01,00:02,2218,-95
1109.06,00:03,2218,-75
1109.1,00:04,2218,-62
1109.51,00:02,2219,-94
1109.56,00:03,2219,-75
1109.6,00:04,2219,-62
1110.01,00:02,2220,-94
1110.06,00:03,2220,-76
1110.1,00:04,2220,-62
1110.51,00:02,2221,-94
1110.56,00:03,2221,-76
1110.6,00:04,2221,-62
1111.01,00:02,2222,-94
1111.06,00:03,2222,-76
1111.1,00:04,2222,-62
1111.51,00:02,2223,-94
1111.56,00:03,2223,-76
1111.6,00:04,2223,-62
1112.01,00:02,2224,-94
1112.06,00:03,2224,-76
1112.1,00:04,2224,-63
1112.51,00:02,2225,-94
1112.56,00:03,2225,-76
1112.6,00:04,2225,-63
1113.01,00:02,2226,-94
1113.06,00:03,2226,-76
1113.1,00:04,2226,-63
1113.51,00:02,2227,-94
1113.56,00:03,2227,-76
1113.6,00:04,2227,-63
1114.01,00:02,2228,-94
1114.06,00:03,2228,-76
1114.1,00:04,2228,-63
1114.51,00:02,2229,-94
1114.56,00:03,2229,-76
1114.6,00:04,2229,-63
1115.01,00:02,2230,-94
1115.06,00:03,2230,-76
1115.1,00:04,2230,-63
1115.51,00:02,2231,-94
1115.56,00:03,2231,-76
1115.6,00:04,2231,-63
1116.01,00:02,2232,-94
1116.06,00:03,2232,-76
1116.1,00:04,2232,-63
1116.51,00:02,2233,-94
1116.56,00:03,2233,-76
1116.6,00:04,2233,-63
1117.01,00:02,2234,-94
1117.06,00:03,2234,-77
1117.1,00:04,2234,-63
1117.51,00:02,2235,-93
1117.56,00:03,2235,-77
1117.6,00:04,2235,-64
1118.01,00:02,2236,-93
1118.06,00:03,2236,-77
1118.1,00:04,2236,-64
1118.51,00:02,2237,-93
1118.56,00:03,2237,-77
1118.6,00:04,2237,-64
1119.01,00:02,2238,-93
1119.06,00:03,2238,-77
1119.1,00:04,2238,-64
1119.51,00:02,2239,-93
1119.56,00:03,2239,-77
1119.6,00:04,2239,-64
1120.01,00:02,2240,-93
1120.06,00:03,2240,-77
1120.1,00:04,2240,-64
1120.51,00:02,2241,-93
1120.56,00:03,2241,-77
1120.6,00:04,2241,-64
1121.01,00:02,2242,-93
1121.06,00:03,2242,-77
1121.1,00:04,2242,-64
1121.51,00:02,2243,-93
1121.56,00:03,2243,-77
1121.6,00:04,2243,-65
1122.01,00:02,2244,-93
1122.06,00:03,2244,-77
1122.1,00:04,2244,-65
1122.51,00:02,2245,-93
1122.56,00:03,2245,-77
1122.6,00:04,2245,-65
1123.01,00:02,2246,-93
1123.06,00:03,2246,-77
1123.1,00:04,2246,-65
1123.51,00:02,2247,-93
1123.56,00:03,2247,-78
1123.6,00:04,2247,-65
1124.01,00:02,2248,-93
1124.06,00:03,2248,-78
1124.1,00:04,2248,-65
1124.51,00:02,2249,-93
1124.56,00:03,2249,-78
1124.6,00:04,2249,-65
1125.01,00:02,2250,-93
1125.06,00:03,2250,-78
1125.1,00:04,2250,-65
1125.51,00:02,2251,-93
1125.56,00:03,2251,-78
1125.6,00:04,2251,-66
1126.01,00:02,2252,-93
1126.06,00:03,2252,-78
1126.1,00:04,2252,-66
1126.51,00:02,2253,-93
1126.56,00:03,2253,-78
1126.6,00:04,2253,-66
1127.01,00:02,2254,-92
1127.06,00:03,2254,-78
1127.1,00:04,2254,-66
1127.51,00:02,2255,-92
1127.56,00:03,2255,-78
1127.6,00:04,2255,-66
1128.01,00:02,2256,-92
1128.06,00:03,2256,-78
1128.1,00:04,2256,-66
1128.51,00:02,2257,-92
1128.56,00:03,2257,-78
1128.6,00:04,2257,-66
1129.01,00:02,2258,-96
1129.06,00:03,2258,-82
1129.1,00:04,2258,-70
1129.51,00:02,2259,-96
1129.56,00:03,2259,-82
1129.6,00:04,2259,-71
1130.01,00:02,2260,-96
1130.06,00:03,2260,-82
1130.1,00:04,2260,-71
1130.51,00:02,2261,-96
1130.56,00:03,2261,-83
1130.6,00:04,2261,-71
1131.01,00:02,2262,-96
1131.06,00:03,2262,-83
1131.1,00:04,2262,-71
1131.51,00:02,2263,-96
1131.56,00:03,2263,-83
1131.6,00:04,2263,-71
1132.01,00:02,2264,-96
1132.06,00:03,2264,-83
1132.1,00:04,2264,-71
1132.51,00:02,2265,-96
1132.56,00:03,2265,-83
1132.6,00:04,2265,-71
1133.01,00:02,2266,-92
1133.06,00:03,2266,-79
1133.1,00:04,2266,-68
1133.51,00:02,2267,-92
1133.56,00:03,2267,-79
1133.6,00:04,2267,-68
1134.01,00:02,2268,-92
1134.06,00:03,2268,-79
1134.1,00:04,2268,-68
1134.51,00:02,2269,-92
1134.56,00:03,2269,-79
1134.6,00:04,2269,-68
1135.01,00:02,2270,-92
1135.06,00:03,2270,-79
1135.1,00:04,2270,-68
1135.51,00:02,2271,-92
1135.56,00:03,2271,-79
1135.6,00:04,2271,-68
1136.01,00:02,2272,-92
1136.06,00:03,2272,-79
1136.1,00:04,2272,-68
1136.51,00:02,2273,-92
1136.56,00:03,2273,-79
1136.6,00:04,2273,-69
1137.01,00:02,2274,-92
1137.06,00:03,2274,-79
1137.1,00:04,2274,-69
1137.51,00:02,2275,-92
1137.56,00:03,2275,-80
1137.6,00:04,2275,-69
1138.01,00:02,2276,-92
1138.06,00:03,2276,-80
1138.1,00:04,2276,-69
1138.51,00:02,2277,-92
1138.56,00:03,2277,-80
1138.6,00:04,2277,-69
1139.01,00:02,2278,-92
1139.06,00:03,2278,-80
1139.1,00:04,2278,-69
1139.51,00:02,2279,-92
1139.56,00:03,2279,-80
1139.6,00:04,2279,-69
1140.01,00:02,2280,-92
1140.06,00:03,2280,-80
1140.1,00:04,2280,-69
1140.51,00:02,2281,-92
1140.56,00:03,2281,-80
1140.6,00:04,2281,-70
1141.01,00:02,2282,-92
1141.06,00:03,2282,-80
1141.1,00:04,2282,-70
1141.51,00:02,2283,-92
1141.56,00:03,2283,-80
1141.6,00:04,2283,-70
1142.01,00:02,2284,-92
1142.06,00:03,2284,-80
1142.1,00:04,2284,-70
1142.51,00:02,2285,-92
1142.56,00:03,2285,-80
1142.6,00:04,2285,-70
1143.01,00:02,2286,-92
1143.06,00:03,2286,-80
1143.1,00:04,2286,-70
1143.51,00:02,2287,-92
1143.56,00:03,2287,-80
1143.6,00:04,2287,-70
1144.01,00:02,2288,-92
1144.06,00:03,2288,-80
1144.1,00:04,2288,-71
1144.51,00:02,2289,-92
1144.56,00:03,2289,-81
1144.6,00:04,2289,-71
1145.01,00:02,2290,-92
1145.06,00:03,2290,-81
1145.1,00:04,2290,-71
1145.51,00:02,2291,-92
1145.56,00:03,2291,-81
1145.6,00:04,2291,-71
1146.01,00:02,2292,-92
1146.06,00:03,2292,-81
1146.1,00:04,2292,-71
1146.51,00:02,2293,-92
1146.56,00:03,2293,-81
1146.6,00:04,2293,-71
1147.01,00:02,2294,-92
1147.06,00:03,2294,-81
1147.1,00:04,2294,-71
1147.51,00:02,2295,-92
1147.56,00:03,2295,-81
1147.6,00:04,2295,-71
1148.01,00:02,2296,-92
1148.06,00:03,2296,-81
1148.1,00:04,2296,-71
1148.51,00:02,2297,-92
1148.56,00:03,2297,-81
1148.6,00:04,2297,-71
1149.01,00:02,2298,-92
1149.06,00:03,2298,-81
1149.1,00:04,2298,-70
1149.51,00:02,2299,-93
1149.56,00:03,2299,-81
1149.6,00:04,2299,-70
1150.01,00:02,2300,-93
1150.06,00:03,2300,-81
1150.1,00:04,2300,-70
1150.51,00:02,2301,-93
1150.56,00:03,2301,-81
1150.6,00:04,2301,-70
1151.01,00:02,2302,-93
1151.06,00:03,2302,-81
1151.1,00:04,2302,-70
1151.51,00:02,2303,-93
1151.56,00:03,2303,-81
1151.6,00:04,2303,-70
1152.01,00:02,2304,-93
1152.06,00:03,2304,-81
1152.1,00:04,2304,-70
1152.51,00:02,2305,-93
1152.56,00:03,2305,-81
1152.6,00:04,2305,-70
1153.01,00:02,2306,-93
1153.06,00:03,2306,-81
1153.1,00:04,2306,-70
1153.51,00:02,2307,-93
1153.56,00:03,2307,-81
1153.6,00:04,2307,-70
1154.01,00:02,2308,-93
1154.06,00:03,2308,-81
1154.1,00:04,2308,-70
1154.51,00:02,2309,-93
1154.56,00:03,2309,-81
1154.6,00:04,2309,-69
1155.01,00:02,2310,-93
1155.06,00:03,2310,-81
1155.1,00:04,2310,-69
1155.51,00:02,2311,-93
1155.56,00:03,2311,-81
1155.6,00:04,2311,-69
1156.01,00:02,2312,-93
1156.06,00:03,2312,-81
1156.1,00:04,2312,-69
1156.51,00:02,2313,-93
1156.56,00:03,2313,-81
1156.6,00:04,2313,-69
1157.01,00:02,2314,-93
1157.06,00:03,2314,-81
1157.1,00:04,2314,-69
1157.51,00:02,2315,-93
1157.56,00:03,2315,-80
1157.6,00:04,2315,-68
1158.01,00:02,2316,-93
1158.06,00:03,2316,-80
1158.1,00:04,2316,-68
1158.51,00:02,2317,-93
1158.56,00:03,2317,-80
1158.6,00:04,2317,-68
1159.01,00:02,2318,-93
1159.06,00:03,2318,-80
1159.1,00:04,2318,-68
1159.51,00:02,2319,-93
1159.56,00:03,2319,-80
1159.6,00:04,2319,-68
1160.01,00:02,2320,-93
1160.06,00:03,2320,-80
1160.1,00:04,2320,-68
1160.51,00:02,2321,-93
1160.56,00:03,2321,-80
1160.6,00:04,2321,-68
1161.01,00:02,2322,-93
1161.06,00:03,2322,-80
1161.1,00:04,2322,-67
1161.51,00:02,2323,-93
1161.56,00:03,2323,-80
1161.6,00:04,2323,-67
1162.01,00:02,2324,-93
1162.06,00:03,2324,-80
1162.1,00:04,2324,-67
1162.51,00:02,2325,-93
1162.56,00:03,2325,-80
1162.6,00:04,2325,-67
1163.01,00:02,2326,-93
1163.06,00:03,2326,-80
1163.1,00:04,2326,-67
1163.51,00:02,2327,-93
1163.56,00:03,2327,-80
1163.6,00:04,2327,-67
1164.01,00:02,2328,-93
1164.06,00:03,2328,-80
1164.1,00:04,2328,-66
1164.51,00:02,2329,-93
1164.56,00:03,2329,-80
1164.6,00:04,2329,-66
1165.01,00:02,2330,-97
1165.06,00:03,2330,-83
1165.1,00:04,2330,-70
1165.51,00:02,2331,-97
1165.56,00:03,2331,-83
1165.6,00:04,2331,-70
1166.01,00:02,2332,-97
1166.06,00:03,2332,-83
1166.1,00:04,2332,-70
1166.51,00:02,2333,-97
1166.56,00:03,2333,-83
1166.6,00:04,2333,-70
1167.01,00:02,2334,-98
1167.06,00:03,2334,-83
1167.1,00:04,2334,-70
1167.51,00:02,2335,-98
1167.56,00:03,2335,-83
1167.6,00:04,2335,-69
1168.01,00:02,2336,-98
1168.06,00:03,2336,-83
1168.1,00:04,2336,-69
1168.51,00:02,2337,-98
1168.56,00:03,2337,-83
1168.6,00:04,2337,-69
1169.01,00:02,2338,-94
1169.06,00:03,2338,-79
1169.1,00:04,2338,-65
1169.51,00:02,2339,-94
1169.56,00:03,2339,-79
1169.6,00:04,2339,-65
1170.01,00:02,2340,-94
1170.06,00:03,2340,-79
1170.1,00:04,2340,-65
1170.51,00:02,2341,-94
1170.56,00:03,2341,-79
1170.6,00:04,2341,-64
1171.01,00:02,2342,-94
1171.06,00:03,2342,-79
1171.1,00:04,2342,-64
1171.51,00:02,2343,-94
1171.56,00:03,2343,-79
1171.6,00:04,2343,-64
1172.01,00:02,2344,-94
1172.06,00:03,2344,-78
1172.1,00:04,2344,-64
1172.51,00:02,2345,-94
1172.56,00:03,2345,-78
1172.6,00:04,2345,-64
1173.01,00:02,2346,-94
1173.06,00:03,2346,-78
1173.1,00:04,2346,-64
1173.51,00:02,2347,-94
1173.56,00:03,2347,-78
1173.6,00:04,2347,-63
1174.01,00:02,2348,-94
1174.06,00:03,2348,-78
1174.1,00:04,2348,-63
1174.51,00:02,2349,-94
1174.56,00:03,2349,-78
1174.6,00:04,2349,-63
1175.01,00:02,2350,-94
1175.06,00:03,2350,-78
1175.1,00:04,2350,-63
1175.51,00:02,2351,-94
1175.56,00:03,2351,-78
1175.6,00:04,2351,-63
1176.01,00:02,2352,-94
1176.06,00:03,2352,-78
1176.1,00:04,2352,-63
1176.51,00:02,2353,-94
1176.56,00:03,2353,-78
1176.6,00:04,2353,-63
1177.01,00:02,2354,-94
1177.06,00:03,2354,-78
1177.1,00:04,2354,-62
1177.51,00:02,2355,-94
1177.56,00:03,2355,-78
1177.6,00:04,2355,-62
1178.01,00:02,2356,-94
1178.06,00:03,2356,-78
1178.1,00:04,2356,-62
1178.51,00:02,2357,-94
1178.56,00:03,2357,-78
1178.6,00:04,2357,-62
1179.01,00:02,2358,-95
1179.06,00:03,2358,-78
1179.1,00:04,2358,-62
1179.51,00:02,2359,-95
1179.56,00:03,2359,-77
1179.6,00:04,2359,-62
1180.01,00:02,2360,-95
1180.06,00:03,2360,-77
1180.1,00:04,2360,-61
1180.51,00:02,2361,-95
1180.56,00:03,2361,-77
1180.6,00:04,2361,-61
1181.01,00:02,2362,-95
1181.06,00:03,2362,-77
1181.1,00:04,2362,-61
1181.51,00:02,2363,-95
1181.56,00:03,2363,-77
1181.6,00:04,2363,-61
1182.01,00:02,2364,-95
1182.06,00:03,2364,-77
1182.1,00:04,2364,-61
1182.51,00:02,2365,-95
1182.56,00:03,2365,-77
1182.6,00:04,2365,-61
1183.01,00:02,2366,-95
1183.06,00:03,2366,-77
1183.1,00:04,2366,-61
1183.51,00:02,2367,-95
1183.56,00:03,2367,-77
1183.6,00:04,2367,-61
1184.01,00:02,2368,-95
1184.06,00:03,2368,-77
1184.1,00:04,2368,-60
1184.51,00:02,2369,-95
1184.56,00:03,2369,-77
1184.6,00:04,2369,-60
1185.01,00:02,2370,-95
1185.06,00:03,2370,-77
1185.1,00:04,2370,-60
1185.51,00:02,2371,-95
1185.56,00:03,2371,-77
1185.6,00:04,2371,-60
1186.01,00:02,2372,-95
1186.06,00:03,2372,-77
1186.1,00:04,2372,-60
1186.51,00:02,2373,-95
1186.56,00:03,2373,-76
1186.6,00:04,2373,-60
1187.01,00:02,2374,-95
1187.06,00:03,2374,-76
1187.1,00:04,2374,-60
1187.51,00:02,2375,-95
1187.56,00:03,2375,-76
1187.6,00:04,2375,-60
1188.01,00:02,2376,-95
1188.06,00:03,2376,-76
1188.1,00:04,2376,-60
1188.51,00:02,2377,-96
1188.56,00:03,2377,-76
1188.6,00:04,2377,-59
1189.01,00:02,2378,-96
1189.06,00:03,2378,-76
1189.1,00:04,2378,-59
1189.51,00:02,2379,-96
1189.56,00:03,2379,-76
1189.6,00:04,2379,-59
1190.01,00:02,2380,-96
1190.06,00:03,2380,-76
1190.1,00:04,2380,-59
1190.51,00:02,2381,-96
1190.56,00:03,2381,-76
1190.6,00:04,2381,-59
1191.01,00:02,2382,-96
1191.06,00:03,2382,-76
1191.1,00:04,2382,-59
1191.51,00:02,2383,-96
1191.56,00:03,2383,-76
1191.6,00:04,2383,-59
1192.01,00:02,2384,-96
1192.06,00:03,2384,-76
1192.1,00:04,2384,-59
1192.51,00:02,2385,-96
1192.56,00:03,2385,-76
1192.6,00:04,2385,-59
1193.01,00:02,2386,-96
1193.06,00:03,2386,-76
1193.1,00:04,2386,-59
1193.51,00:02,2387,-96
1193.56,00:03,2387,-76
1193.6,00:04,2387,-59
1194.01,00:02,2388,-96
1194.06,00:03,2388,-75
1194.1,00:04,2388,-59
1194.51,00:02,2389,-96
1194.56,00:03,2389,-75
1194.6,00:04,2389,-59
1195.01,00:02,2390,-96
1195.06,00:03,2390,-75
1195.1,00:04,2390,-59
1195.51,00:02,2391,-96
1195.56,00:03,2391,-75
1195.6,00:04,2391,-59
1196.01,00:02,2392,-96
1196.06,00:03,2392,-75
1196.1,00:04,2392,-59
1196.51,00:02,2393,-97
1196.56,00:03,2393,-75
1196.6,00:04,2393,-59
1197.01,00:02,2394,-97
1197.06,00:03,2394,-75
1197.1,00:04,2394,-59
1197.51,00:02,2395,-97
1197.56,00:03,2395,-75
1197.6,00:04,2395,-59
1198.01,00:02,2396,-97
1198.06,00:03,2396,-75
1198.1,00:04,2396,-59
1198.51,00:02,2397,-97
1198.56,00:03,2397,-75
1198.6,00:04,2397,-59
1199.01,00:02,2398,-97
1199.06,00:03,2398,-75
1199.1,00:04,2398,-59
1199.51,00:02,2399,-97
1199.56,00:03,2399,-75
1199.6,00:04,2399,-59
1200.01,00:02,2400,-97
1200.06,00:03,2400,-75
1200.1,00:04,2400,-59
1200.51,00:02,2401,-97
1200.56,00:03,2401,-75
1200.6,00:04,2401,-59
1201.01,00:02,2402,-97
1201.06,00:03,2402,-75
1201.1,00:04,2402,-59
1201.51,00:02,2403,-97
1201.56,00:03,2403,-75
1201.6,00:04,2403,-59
1202.01,00:02,2404,-97
1202.06,00:03,2404,-74
1202.1,00:04,2404,-59
1202.51,00:02,2405,-97
1202.56,00:03,2405,-74
1202.6,00:04,2405,-59
1203.01,00:02,2406,-97
1203.06,00:03,2406,-74
1203.1,00:04,2406,-59
1203.51,00:02,2407,-97
1203.56,00:03,2407,-74
1203.6,00:04,2407,-59
1204.01,00:02,2408,-98
1204.06,00:03,2408,-74
1204.1,00:04,2408,-59
1204.51,00:02,2409,-98
1204.56,00:03,2409,-74
1204.6,00:04,2409,-59
1205.01,00:02,2410,-98
1205.06,00:03,2410,-74
1205.1,00:04,2410,-59
1205.51,00:02,2411,-98
1205.56,00:03,2411,-74
1205.6,00:04,2411,-59
1206.01,00:02,2412,-98
1206.06,00:03,2412,-74
1206.1,00:04,2412,-60
1206.51,00:02,2413,-98
1206.56,00:03,2413,-74
1206.6,00:04,2413,-60
1207.01,00:02,2414,-98
1207.06,00:03,2414,-74
1207.1,00:04,2414,-60
1207.51,00:02,2415,-98
1207.56,00:03,2415,-74
1207.6,00:04,2415,-60
1208.01,00:02,2416,-98
1208.06,00:03,2416,-74
1208.1,00:04,2416,-60
1208.51,00:02,2417,-98
1208.56,00:03,2417,-74
1208.6,00:04,2417,-60
1209.01,00:02,2418,-98
1209.06,00:03,2418,-74
1209.1,00:04,2418,-60
1209.51,00:02,2419,-98
1209.56,00:03,2419,-74
1209.6,00:04,2419,-60
1210.01,00:02,2420,-98
1210.06,00:03,2420,-74
1210.1,00:04,2420,-60
1210.51,00:02,2421,-98
1210.56,00:03,2421,-73
1210.6,00:04,2421,-61
1211.01,00:02,2422,-99
1211.06,00:03,2422,-73
1211.1,00:04,2422,-61
1211.51,00:02,2423,-99
1211.56,00:03,2423,-73
1211.6,00:04,2423,-61
1212.01,00:02,2424,-99
1212.06,00:03,2424,-73
1212.1,00:04,2424,-61
1212.51,00:02,2425,-99
1212.56,00:03,2425,-73
1212.6,00:04,2425,-61
1213.01,00:02,2426,-99
1213.06,00:03,2426,-73
1213.1,00:04,2426,-61
1213.51,00:02,2427,-99
1213.56,00:03,2427,-73
1213.6,00:04,2427,-61
1214.01,00:02,2428,-99
1214.06,00:03,2428,-73
1214.1,00:04,2428,-62
1214.51,00:02,2429,-99
1214.56,00:03,2429,-73
1214.6,00:04,2429,-62
1215.01,00:02,2430,-99
1215.06,00:03,2430,-73
1215.1,00:04,2430,-62
1215.51,00:02,2431,-99
1215.56,00:03,2431,-73
1215.6,00:04,2431,-62
1216.01,00:02,2432,-99
1216.06,00:03,2432,-73
1216.1,00:04,2432,-62
1216.51,00:02,2433,-99
1216.56,00:03,2433,-73
1216.6,00:04,2433,-62
1217.01,00:02,2434,-99
1217.06,00:03,2434,-73
1217.1,00:04,2434,-62
1217.51,00:02,2435,-99
1217.56,00:03,2435,-73
1217.6,00:04,2435,-63
1218.01,00:02,2436,-99
1218.06,00:03,2436,-73
1218.1,00:04,2436,-63
1218.51,00:02,2437,-100
1218.56,00:03,2437,-73
1218.6,00:04,2437,-63
1219.01,00:02,2438,-100
1219.06,00:03,2438,-73
1219.1,00:04,2438,-63
1219.51,00:02,2439,-100
1219.56,00:03,2439,-73
1219.6,00:04,2439,-63
1220.01,00:02,2440,-100
1220.06,00:03,2440,-73
1220.1,00:04,2440,-63
1220.51,00:02,2441,-100
1220.56,00:03,2441,-72
1220.6,00:04,2441,-64
1221.01,00:02,2442,-100
1221.06,00:03,2442,-72
1221.1,00:04,2442,-64
1221.51,00:02,2443,-100
1221.56,00:03,2443,-72
1221.6,00:04,2443,-64
1222.01,00:02,2444,-100
1222.06,00:03,2444,-72
1222.1,00:04,2444,-64
1222.51,00:02,2445,-100
1222.56,00:03,2445,-72
1222.6,00:04,2445,-64
1223.01,00:02,2446,-100
1223.06,00:03,2446,-72
1223.1,00:04,2446,-64
1223.51,00:02,2447,-100
1223.56,00:03,2447,-72
1223.6,00:04,2447,-64
1224.01,00:02,2448,-100
1224.06,00:03,2448,-72
1224.1,00:04,2448,-65
1224.51,00:02,2449,-100
1224.56,00:03,2449,-72
1224.6,00:04,2449,-65
1225.01,00:02,2450,-104
1225.06,00:03,2450,-76
1225.1,00:04,2450,-69
1225.51,00:02,2451,-104
1225.56,00:03,2451,-76
1225.6,00:04,2451,-69
1226.01,00:02,2452,-105
1226.06,00:03,2452,-76
1226.1,00:04,2452,-69
1226.51,00:02,2453,-105
1226.56,00:03,2453,-76
1226.6,00:04,2453,-69
1227.01,00:02,2454,-105
1227.06,00:03,2454,-76
1227.1,00:04,2454,-70
1227.51,00:02,2455,-105
1227.56,00:03,2455,-76
1227.6,00:04,2455,-70
1228.01,00:02,2456,-105
1228.06,00:03,2456,-76
1228.1,00:04,2456,-70
1228.51,00:02,2457,-105
1228.56,00:03,2457,-76
1228.6,00:04,2457,-70
1229.01,00:02,2458,-101
1229.06,00:03,2458,-72
1229.1,00:04,2458,-66
1229.51,00:02,2459,-101
1229.56,00:03,2459,-72
1229.6,00:04,2459,-66
1230.01,00:02,2460,-101
1230.06,00:03,2460,-72
1230.1,00:04,2460,-67
1230.51,00:02,2461,-101
1230.56,00:03,2461,-72
1230.6,00:04,2461,-67
1231.01,00:02,2462,-101
1231.06,00:03,2462,-72
1231.1,00:04,2462,-67
1231.51,00:02,2463,-101
1231.56,00:03,2463,-72
1231.6,00:04,2463,-67
1232.01,00:02,2464,-101
1232.06,00:03,2464,-72
1232.1,00:04,2464,-67
1232.51,00:02,2465,-101
1232.56,00:03,2465,-72
1232.6,00:04,2465,-67
1233.01,00:02,2466,-102
1233.06,00:03,2466,-72
1233.1,00:04,2466,-67
1233.51,00:02,2467,-102
1233.56,00:03,2467,-72
1233.6,00:04,2467,-68
1234.01,00:02,2468,-102
1234.06,00:03,2468,-72
1234.1,00:04,2468,-68
1234.51,00:02,2469,-102
1234.56,00:03,2469,-72
1234.6,00:04,2469,-68
1235.01,00:02,2470,-102
1235.06,00:03,2470,-72
1235.1,00:04,2470,-68
1235.51,00:02,2471,-102
1235.56,00:03,2471,-72
1235.6,00:04,2471,-68
1236.01,00:02,2472,-102
1236.06,00:03,2472,-72
1236.1,00:04,2472,-68
1236.51,00:02,2473,-102
1236.56,00:03,2473,-72
1236.6,00:04,2473,-69
1237.01,00:02,2474,-102
1237.06,00:03,2474,-72
1237.1,00:04,2474,-69
1237.51,00:02,2475,-102
1237.56,00:03,2475,-72
1237.6,00:04,2475,-69
1238.01,00:02,2476,-102
1238.06,00:03,2476,-72
1238.1,00:04,2476,-69
1238.51,00:02,2477,-102
1238.56,00:03,2477,-72
1238.6,00:04,2477,-69
1239.01,00:02,2478,-102
1239.06,00:03,2478,-72
1239.1,00:04,2478,-69
1239.51,00:02,2479,-102
1239.56,00:03,2479,-72
1239.6,00:04,2479,-69
1240.01,00:02,2480,-102
1240.06,00:03,2480,-72
1240.1,00:04,2480,-70
1240.51,00:02,2481,-102
1240.56,00:03,2481,-72
1240.6,00:04,2481,-70
1241.01,00:02,2482,-103
1241.06,00:03,2482,-72
1241.1,00:04,2482,-70
1241.51,00:02,2483,-103
1241.56,00:03,2483,-72
1241.6,00:04,2483,-70
1242.01,00:02,2484,-103
1242.06,00:03,2484,-72
1242.1,00:04,2484,-70
1242.51,00:02,2485,-103
1242.56,00:03,2485,-72
1242.6,00:04,2485,-70
1243.01,00:02,2486,-103
1243.06,00:03,2486,-72
1243.1,00:04,2486,-70
1243.51,00:02,2487,-103
1243.56,00:03,2487,-72
1243.6,00:04,2487,-70
1244.01,00:02,2488,-103
1244.06,00:03,2488,-72
1244.1,00:04,2488,-70
1244.51,00:02,2489,-103
1244.56,00:03,2489,-72
1244.6,00:04,2489,-70
1245.01,00:02,2490,-103
1245.06,00:03,2490,-72
1245.1,00:04,2490,-70
1245.51,00:02,2491,-103
1245.56,00:03,2491,-72
1245.6,00:04,2491,-70
1246.01,00:02,2492,-103
1246.06,00:03,2492,-73
1246.1,00:04,2492,-69
1246.51,00:02,2493,-103
1246.56,00:03,2493,-73
1246.6,00:04,2493,-69
1247.01,00:02,2494,-103
1247.06,00:03,2494,-73
1247.1,00:04,2494,-69
1247.51,00:02,2495,-103
1247.56,00:03,2495,-73
1247.6,00:04,2495,-69
1248.01,00:02,2496,-103
1248.06,00:03,2496,-73
1248.1,00:04,2496,-69
1248.51,00:02,2497,-103
1248.56,00:03,2497,-73
1248.6,00:04,2497,-69
1249.01,00:02,2498,-103
1249.06,00:03,2498,-73
1249.1,00:04,2498,-69
1249.51,00:02,2499,-103
1249.56,00:03,2499,-73
1249.6,00:04,2499,-69
1250.01,00:02,2500,-103
1250.06,00:03,2500,-73
1250.1,00:04,2500,-69
1250.51,00:02,2501,-103
1250.56,00:03,2501,-73
1250.6,00:04,2501,-68
1251.01,00:02,2502,-103
1251.06,00:03,2502,-73
1251.1,00:04,2502,-68
1251.51,00:02,2503,-103
1251.56,00:03,2503,-73
1251.6,00:04,2503,-68
1252.01,00:02,2504,-103
1252.06,00:03,2504,-73
1252.1,00:04,2504,-68
1252.51,00:02,2505,-103
1252.56,00:03,2505,-73
1252.6,00:04,2505,-68
1253.01,00:02,2506,-103
1253.06,00:03,2506,-73
1253.1,00:04,2506,-68
1253.51,00:02,2507,-102
1253.56,00:03,2507,-73
1253.6,00:04,2507,-67
1254.01,00:02,2508,-102
1254.06,00:03,2508,-73
1254.1,00:04,2508,-67
1254.51,00:02,2509,-102
1254.56,00:03,2509,-73
1254.6,00:04,2509,-67
1255.01,00:02,2510,-102
1255.06,00:03,2510,-73
1255.1,00:04,2510,-67
1255.51,00:02,2511,-102
1255.56,00:03,2511,-73
1255.6,00:04,2511,-67
1256.01,00:02,2512,-102
1256.06,00:03,2512,-73
1256.1,00:04,2512,-67
1256.51,00:02,2513,-102
1256.56,00:03,2513,-73
1256.6,00:04,2513,-66
1257.01,00:02,2514,-102
1257.06,00:03,2514,-73
1257.1,00:04,2514,-66
1257.51,00:02,2515,-102
1257.56,00:03,2515,-73
1257.6,00:04,2515,-66
1258.01,00:02,2516,-102
1258.06,00:03,2516,-73
1258.1,00:04,2516,-66
1258.51,00:02,2517,-102
1258.56,00:03,2517,-73
1258.6,00:04,2517,-66
1259.01,00:02,2518,-102
1259.06,00:03,2518,-73
1259.1,00:04,2518,-66
1259.51,00:02,2519,-102
1259.56,00:03,2519,-73
1259.6,00:04,2519,-65
1260.01,00:02,2520,-102
1260.06,00:03,2520,-73
1260.1,00:04,2520,-65
1260.51,00:02,2521,-102
1260.56,00:03,2521,-73
1260.6,00:04,2521,-65
1261.01,00:02,2522,-106
1261.06,00:03,2522,-77
1261.1,00:04,2522,-69
1261.51,00:02,2523,-105
1261.56,00:03,2523,-77
1261.6,00:04,2523,-69
1262.01,00:02,2524,-105
1262.06,00:03,2524,-77
1262.1,00:04,2524,-68
1262.51,00:02,2525,-105
1262.56,00:03,2525,-77
1262.6,00:04,2525,-68
1263.01,00:02,2526,-105
1263.06,00:03,2526,-77
1263.1,00:04,2526,-68
1263.51,00:02,2527,-105
1263.56,00:03,2527,-77
1263.6,00:04,2527,-68
1264.01,00:02,2528,-105
1264.06,00:03,2528,-77
1264.1,00:04,2528,-68
1264.51,00:02,2529,-105
1264.56,00:03,2529,-77
1264.6,00:04,2529,-68
1265.01,00:02,2530,-101
1265.06,00:03,2530,-73
1265.1,00:04,2530,-63
1265.51,00:02,2531,-101
1265.56,00:03,2531,-73
1265.6,00:04,2531,-63
1266.01,00:02,2532,-101
1266.06,00:03,2532,-73
1266.1,00:04,2532,-63
1266.51,00:02,2533,-101
1266.56,00:03,2533,-73
1266.6,00:04,2533,-63
1267.01,00:02,2534,-101
1267.06,00:03,2534,-73
1267.1,00:04,2534,-63
1267.51,00:02,2535,-101
1267.56,00:03,2535,-74
1267.6,00:04,2535,-62
1268.01,00:02,2536,-101
1268.06,00:03,2536,-74
1268.1,00:04,2536,-62
1268.51,00:02,2537,-101
1268.56,00:03,2537,-74
1268.6,00:04,2537,-62
1269.01,00:02,2538,-101
1269.06,00:03,2538,-74
1269.1,00:04,2538,-62
1269.51,00:02,2539,-100
1269.56,00:03,2539,-74
1269.6,00:04,2539,-62
1270.01,00:02,2540,-100
1270.06,00:03,2540,-74
1270.1,00:04,2540,-61
1270.51,00:02,2541,-100
1270.56,00:03,2541,-74
1270.6,00:04,2541,-61
1271.01,00:02,2542,-100
1271.06,00:03,2542,-74
1271.1,00:04,2542,-61
1271.51,00:02,2543,-100
1271.56,00:03,2543,-74
1271.6,00:04,2543,-61
1272.01,00:02,2544,-100
1272.06,00:03,2544,-74
1272.1,00:04,2544,-61
1272.51,00:02,2545,-100
1272.56,00:03,2545,-74
1272.6,00:04,2545,-60
1273.01,00:02,2546,-100
1273.06,00:03,2546,-74
1273.1,00:04,2546,-60
1273.51,00:02,2547,-100
1273.56,00:03,2547,-74
1273.6,00:04,2547,-60
1274.01,00:02,2548,-100
1274.06,00:03,2548,-74
1274.1,00:04,2548,-60
1274.51,00:02,2549,-100
1274.56,00:03,2549,-74
1274.6,00:04,2549,-60
1275.01,00:02,2550,-100
1275.06,00:03,2550,-74
1275.1,00:04,2550,-59
1275.51,00:02,2551,-100
1275.56,00:03,2551,-74
1275.6,00:04,2551,-59
1276.01,00:02,2552,-100
1276.06,00:03,2552,-74
1276.1,00:04,2552,-59
1276.51,00:02,2553,-100
1276.56,00:03,2553,-74
1276.6,00:04,2553,-59
1277.01,00:02,2554,-99
1277.06,00:03,2554,-74
1277.1,00:04,2554,-59
1277.51,00:02,2555,-99
1277.56,00:03,2555,-74
1277.6,00:04,2555,-59
1278.01,00:02,2556,-99
1278.06,00:03,2556,-74
1278.1,00:04,2556,-58
1278.51,00:02,2557,-99
1278.56,00:03,2557,-74
1278.6,00:04,2557,-58
1279.01,00:02,2558,-99
1279.06,00:03,2558,-74
1279.1,00:04,2558,-58
1279.51,00:02,2559,-99
1279.56,00:03,2559,-75
1279.6,00:04,2559,-58
1280.01,00:02,2560,-99
1280.06,00:03,2560,-75
1280.1,00:04,2560,-58
1280.51,00:02,2561,-99
1280.56,00:03,2561,-75
1280.6,00:04,2561,-57
1281.01,00:02,2562,-99
1281.06,00:03,2562,-75
1281.1,00:04,2562,-57
1281.51,00:02,2563,-99
1281.56,00:03,2563,-75
1281.6,00:04,2563,-57
1282.01,00:02,2564,-99
1282.06,00:03,2564,-75
1282.1,00:04,2564,-57
1282.51,00:02,2565,-99
1282.56,00:03,2565,-75
1282.6,00:04,2565,-57
1283.01,00:02,2566,-99
1283.06,00:03,2566,-75
1283.1,00:04,2566,-57
1283.51,00:02,2567,-99
1283.56,00:03,2567,-75
1283.6,00:04,2567,-57
1284.01,00:02,2568,-99
1284.06,00:03,2568,-75
1284.1,00:04,2568,-56
1284.51,00:02,2569,-99
1284.56,00:03,2569,-75
1284.6,00:04,2569,-56
1285.01,00:02,2570,-98
1285.06,00:03,2570,-75
1285.1,00:04,2570,-56
1285.51,00:02,2571,-98
1285.56,00:03,2571,-75
1285.6,00:04,2571,-56
1286.01,00:02,2572,-98
1286.06,00:03,2572,-75
1286.1,00:04,2572,-56
1286.51,00:02,2573,-98
1286.56,00:03,2573,-75
1286.6,00:04,2573,-56
1287.01,00:02,2574,-98
1287.06,00:03,2574,-75
1287.1,00:04,2574,-56
1287.51,00:02,2575,-98
1287.56,00:03,2575,-75
1287.6,00:04,2575,-56
1288.01,00:02,2576,-98
1288.06,00:03,2576,-75
1288.1,00:04,2576,-56
1288.51,00:02,2577,-98
1288.56,00:03,2577,-75
1288.6,00:04,2577,-55
1289.01,00:02,2578,-98
1289.06,00:03,2578,-76
1289.1,00:04,2578,-55
1289.51,00:02,2579,-98
1289.56,00:03,2579,-76
1289.6,00:04,2579,-55
1290.01,00:02,2580,-98
1290.06,00:03,2580,-76
1290.1,00:04,2580,-55
1290.51,00:02,2581,-98
1290.56,00:03,2581,-76
1290.6,00:04,2581,-55
1291.01,00:02,2582,-98
1291.06,00:03,2582,-76
1291.1,00:04,2582,-55
1291.51,00:02,2583,-98
1291.56,00:03,2583,-76
1291.6,00:04,2583,-55
1292.01,00:02,2584,-98
1292.06,00:03,2584,-76
1292.1,00:04,2584,-55
1292.51,00:02,2585,-98
1292.56,00:03,2585,-76
1292.6,00:04,2585,-55
1293.01,00:02,2586,-98
1293.06,00:03,2586,-76
1293.1,00:04,2586,-55
1293.51,00:02,2587,-97
1293.56,00:03,2587,-76
1293.6,00:04,2587,-55
1294.01,00:02,2588,-97
1294.06,00:03,2588,-76
1294.1,00:04,2588,-55
1294.51,00:02,2589,-97
1294.57,00:03,2589,-76
1294.6,00:04,2589,-55
1295.01,00:02,2590,-97
1295.06,00:03,2590,-76
1295.1,00:04,2590,-55
1295.51,00:02,2591,-97
1295.56,00:03,2591,-76
1295.6,00:04,2591,-55
1296.01,00:02,2592,-97
1296.06,00:03,2592,-76
1296.1,00:04,2592,-55
1296.51,00:02,2593,-97
1296.56,00:03,2593,-76
1296.6,00:04,2593,-55
1297.01,00:02,2594,-97
1297.06,00:03,2594,-76
1297.1,00:04,2594,-55
1297.51,00:02,2595,-97
1297.56,00:03,2595,-77
1297.6,00:04,2595,-55
1298.01,00:02,2596,-97
1298.06,00:03,2596,-77
1298.1,00:04,2596,-56
1298.51,00:02,2597,-97
1298.56,00:03,2597,-77
1298.6,00:04,2597,-56
1299.01,00:02,2598,-97
1299.06,00:03,2598,-77
1299.1,00:04,2598,-56
1299.51,00:02,2599,-97
1299.56,00:03,2599,-77
1299.6,00:04,2599,-56
1300.01,00:02,2600,-97
1300.06,00:03,2600,-77
1300.1,00:04,2600,-56
1300.51,00:02,2601,-97
1300.56,00:03,2601,-77
1300.6,00:04,2601,-56
1301.01,00:02,2602,-97
1301.06,00:03,2602,-77
1301.1,00:04,2602,-56
1301.51,00:02,2603,-97
1301.56,00:03,2603,-77
1301.6,00:04,2603,-56
1302.01,00:02,2604,-97
1302.06,00:03,2604,-77
1302.1,00:04,2604,-56
1302.51,00:02,2605,-96
1302.56,00:03,2605,-77
1302.6,00:04,2605,-57
1303.01,00:02,2606,-96
1303.06,00:03,2606,-77
1303.1,00:04,2606,-57
1303.51,00:02,2607,-96
1303.56,00:03,2607,-77
1303.6,00:04,2607,-57
1304.01,00:02,2608,-96
1304.06,00:03,2608,-77
1304.1,00:04,2608,-57
1304.51,00:02,2609,-96
1304.56,00:03,2609,-77
1304.6,00:04,2609,-57
1305.01,00:02,2610,-96
1305.06,00:03,2610,-77
1305.1,00:04,2610,-57
1305.51,00:02,2611,-96
1305.56,00:03,2611,-78
1305.6,00:04,2611,-58
1306.01,00:02,2612,-96
1306.06,00:03,2612,-78
1306.1,00:04,2612,-58
1306.51,00:02,2613,-96
1306.56,00:03,2613,-78
1306.6,00:04,2613,-58
1307.01,00:02,2614,-96
1307.06,00:03,2614,-78
1307.1,00:04,2614,-58
1307.51,00:02,2615,-96
1307.56,00:03,2615,-78
1307.6,00:04,2615,-58
1308.01,00:02,2616,-96
1308.06,00:03,2616,-78
1308.1,00:04,2616,-58
1308.51,00:02,2617,-96
1308.56,00:03,2617,-78
1308.6,00:04,2617,-59
1309.01,00:02,2618,-96
1309.06,00:03,2618,-78
1309.1,00:04,2618,-59
1309.51,00:02,2619,-96
1309.56,00:03,2619,-78
1309.6,00:04,2619,-59
1310.01,00:02,2620,-96
1310.06,00:03,2620,-78
1310.1,00:04,2620,-59
1310.51,00:02,2621,-96
1310.56,00:03,2621,-78
1310.6,00:04,2621,-59
1311.01,00:02,2622,-96
1311.06,00:03,2622,-78
1311.1,00:04,2622,-60
1311.51,00:02,2623,-96
1311.57,00:03,2623,-78
1311.6,00:04,2623,-60
1312.01,00:02,2624,-96
1312.06,00:03,2624,-78
1312.1,00:04,2624,-60
1312.51,00:02,2625,-96
1312.56,00:03,2625,-78
1312.6,00:04,2625,-60
1313.01,00:02,2626,-95
1313.06,00:03,2626,-78
1313.1,00:04,2626,-60
1313.51,00:02,2627,-95
1313.56,00:03,2627,-79
1313.6,00:04,2627,-61
1314.01,00:02,2628,-95
1314.06,00:03,2628,-79
1314.1,00:04,2628,-61
1314.51,00:02,2629,-95
1314.56,00:03,2629,-79
1314.6,00:04,2629,-61
1315.01,00:02,2630,-95
1315.06,00:03,2630,-79
1315.1,00:04,2630,-61
1315.51,00:02,2631,-95
1315.56,00:03,2631,-79
1315.6,00:04,2631,-61
1316.01,00:02,2632,-95
1316.06,00:03,2632,-79
1316.1,00:04,2632,-61
1316.51,00:02,2633,-95
1316.56,00:03,2633,-79
1316.6,00:04,2633,-62
1317.01,00:02,2634,-95
1317.06,00:03,2634,-79
1317.1,00:04,2634,-62
1317.51,00:02,2635,-95
1317.56,00:03,2635,-79
1317.6,00:04,2635,-62
1318.01,00:02,2636,-95
1318.06,00:03,2636,-79
1318.1,00:04,2636,-62
1318.51,00:02,2637,-95
1318.56,00:03,2637,-79
1318.6,00:04,2637,-62
1319.01,00:02,2638,-95
1319.07,00:03,2638,-79
1319.1,00:04,2638,-63
1319.51,00:02,2639,-95
1319.56,00:03,2639,-79
1319.6,00:04,2639,-63
1320.01,00:02,2640,-95
1320.06,00:03,2640,-79
1320.1,00:04,2640,-63
1320.51,00:02,2641,-95
1320.56,00:03,2641,-79
1320.6,00:04,2641,-63
1321.01,00:02,2642,-95
1321.06,00:03,2642,-80
1321.1,00:04,2642,-63
1321.51,00:02,2643,-95
1321.56,00:03,2643,-80
1321.6,00:04,2643,-64
1322.01,00:02,2644,-95
1322.06,00:03,2644,-80
1322.1,00:04,2644,-64
1322.51,00:02,2645,-95
1322.56,00:03,2645,-80
1322.6,00:04,2645,-64
1323.01,00:02,2646,-95
1323.06,00:03,2646,-80
1323.1,00:04,2646,-64
1323.51,00:02,2647,-95
1323.56,00:03,2647,-80
1323.6,00:04,2647,-64
1324.01,00:02,2648,-95
1324.06,00:03,2648,-80
1324.1,00:04,2648,-65
1324.51,00:02,2649,-95
1324.56,00:03,2649,-80
1324.6,00:04,2649,-65
1325.01,00:02,2650,-95
1325.06,00:03,2650,-80
1325.1,00:04,2650,-65
1325.51,00:02,2651,-95
1325.56,00:03,2651,-80
1325.6,00:04,2651,-65
1326.01,00:02,2652,-95
1326.06,00:03,2652,-80
1326.1,00:04,2652,-65
1326.51,00:02,2653,-95
1326.56,00:03,2653,-80
1326.6,00:04,2653,-65
1327.01,00:02,2654,-95
1327.06,00:03,2654,-80
1327.1,00:04,2654,-66
1327.51,00:02,2655,-95
1327.56,00:03,2655,-80
1327.6,00:04,2655,-66
1328.01,00:02,2656,-95
1328.06,00:03,2656,-80
1328.1,00:04,2656,-66
1328.51,00:02,2657,-95
1328.56,00:03,2657,-80
1328.6,00:04,2657,-66
1329.01,00:02,2658,-95
1329.06,00:03,2658,-81
1329.1,00:04,2658,-66
1329.51,00:02,2659,-94
1329.56,00:03,2659,-81
1329.6,00:04,2659,-67
1330.01,00:02,2660,-94
1330.06,00:03,2660,-81
1330.1,00:04,2660,-67
1330.51,00:02,2661,-94
1330.56,00:03,2661,-81
1330.6,00:04,2661,-67
1331.01,00:02,2662,-94
1331.06,00:03,2662,-81
1331.1,00:04,2662,-67
1331.51,00:02,2663,-94
1331.57,00:03,2663,-81
1331.6,00:04,2663,-67
1332.01,00:02,2664,-94
1332.06,00:03,2664,-81
1332.1,00:04,2664,-67
1332.51,00:02,2665,-94
1332.56,00:03,2665,-81
1332.6,00:04,2665,-68
1333.01,00:02,2666,-94
1333.06,00:03,2666,-81
1333.1,00:04,2666,-68
1333.51,00:02,2667,-94
1333.56,00:03,2667,-81
1333.6,00:04,2667,-68
1334.01,00:02,2668,-94
1334.07,00:03,2668,-81
1334.1,00:04,2668,-68
1334.51,00:02,2669,-94
1334.56,00:03,2669,-81
1334.6,00:04,2669,-68
1335.01,00:02,2670,-94
1335.06,00:03,2670,-81
1335.1,00:04,2670,-68
1335.51,00:02,2671,-94
1335.56,00:03,2671,-81
1335.6,00:04,2671,-69
1336.01,00:02,2672,-94
1336.07,00:03,2672,-81
1336.1,00:04,2672,-69
1336.51,00:02,2673,-94
1336.56,00:03,2673,-81
1336.6,00:04,2673,-69
1337.01,00:02,2674,-94
1337.06,00:03,2674,-82
1337.1,00:04,2674,-69
1337.51,00:02,2675,-94
1337.56,00:03,2675,-82
1337.6,00:04,2675,-69
1338.01,00:02,2676,-94
1338.06,00:03,2676,-82
1338.1,00:04,2676,-69
1338.51,00:02,2677,-94
1338.56,00:03,2677,-82
1338.6,00:04,2677,-69
1339.01,00:02,2678,-95
1339.06,00:03,2678,-82
1339.1,00:04,2678,-69
1339.51,00:02,2679,-95
1339.57,00:03,2679,-82
1339.6,00:04,2679,-69
1340.01,00:02,2680,-95
1340.06,00:03,2680,-82
1340.1,00:04,2680,-69
1340.51,00:02,2681,-95
1340.56,00:03,2681,-82
1340.6,00:04,2681,-69
1341.01,00:02,2682,-95
1341.06,00:03,2682,-82
1341.1,00:04,2682,-69
1341.51,00:02,2683,-95
1341.56,00:03,2683,-82
1341.6,00:04,2683,-69
1342.01,00:02,2684,-95
1342.06,00:03,2684,-82
1342.1,00:04,2684,-69
1342.51,00:02,2685,-95
1342.56,00:03,2685,-82
1342.6,00:04,2685,-69
1343.01,00:02,2686,-96
1343.06,00:03,2686,-82
1343.1,00:04,2686,-69
1343.51,00:02,2687,-96
1343.56,00:03,2687,-82
1343.6,00:04,2687,-69
1344.01,00:02,2688,-96
1344.06,00:03,2688,-82
1344.1,00:04,2688,-69
1344.51,00:02,2689,-96
1344.56,00:03,2689,-82
1344.6,00:04,2689,-68
1345.01,00:02,2690,-96
1345.06,00:03,2690,-82
1345.1,00:04,2690,-68
1345.51,00:02,2691,-96
1345.56,00:03,2691,-82
1345.6,00:04,2691,-68
1346.01,00:02,2692,-96
1346.06,00:03,2692,-82
1346.1,00:04,2692,-68
1346.51,00:02,2693,-96
1346.56,00:03,2693,-82
1346.6,00:04,2693,-68
1347.01,00:02,2694,-103
1347.06,00:03,2694,-89
1347.1,00:04,2694,-75
1347.51,00:02,2695,-103
1347.57,00:03,2695,-89
1347.6,00:04,2695,-74
1348.01,00:02,2696,-103
1348.06,00:03,2696,-89
1348.1,00:04,2696,-74
1348.51,00:02,2697,-103
1348.56,00:03,2697,-89
1348.6,00:04,2697,-74
1349.01,00:02,2698,-103
1349.06,00:03,2698,-89
1349.1,00:04,2698,-74
1349.51,00:02,2699,-103
1349.56,00:03,2699,-88
1349.6,00:04,2699,-74
1350.01,00:02,2700,-103
1350.06,00:03,2700,-88
1350.1,00:04,2700,-73
1350.51,00:02,2701,-103
1350.56,00:03,2701,-88
1350.6,00:04,2701,-73
1351.01,00:02,2702,-103
1351.06,00:03,2702,-88
1351.1,00:04,2702,-73
1351.51,00:02,2703,-103
1351.56,00:03,2703,-88
1351.6,00:04,2703,-73
1352.01,00:02,2704,-103
1352.06,00:03,2704,-88
1352.1,00:04,2704,-73
1352.51,00:02,2705,-103
1352.56,00:03,2705,-88
1352.6,00:04,2705,-72
1353.01,00:02,2706,-103
1353.06,00:03,2706,-88
1353.1,00:04,2706,-72
1353.51,00:02,2707,-103
1353.56,00:03,2707,-88
1353.6,00:04,2707,-72
1354.01,00:02,2708,-103
1354.06,00:03,2708,-88
1354.1,00:04,2708,-72
1354.51,00:02,2709,-103
1354.56,00:03,2709,-88
1354.6,00:04,2709,-72
1355.01,00:02,2710,-103
1355.06,00:03,2710,-88
1355.1,00:04,2710,-71
1355.51,00:02,2711,-103
1355.56,00:03,2711,-88
1355.6,00:04,2711,-71
1356.01,00:02,2712,-103
1356.06,00:03,2712,-88
1356.1,00:04,2712,-71
1356.51,00:02,2713,-103
1356.56,00:03,2713,-88
1356.6,00:04,2713,-71
1357.01,00:02,2714,-103
1357.06,00:03,2714,-88
1357.1,00:04,2714,-71
1357.51,00:02,2715,-103
1357.57,00:03,2715,-87
1357.6,00:04,2715,-70
1358.01,00:02,2716,-103
1358.06,00:03,2716,-87
1358.1,00:04,2716,-70
1358.51,00:02,2717,-103
1358.56,00:03,2717,-87
1358.6,00:04,2717,-70
1359.01,00:02,2718,-96
1359.06,00:03,2718,-80
1359.1,00:04,2718,-63
1359.51,00:02,2719,-96
1359.56,00:03,2719,-80
1359.6,00:04,2719,-63
1360.01,00:02,2720,-96
1360.07,00:03,2720,-80
1360.1,00:04,2720,-62
1360.51,00:02,2721,-96
1360.56,00:03,2721,-80
1360.6,00:04,2721,-62
1361.01,00:02,2722,-96
1361.06,00:03,2722,-80
1361.1,00:04,2722,-62
1361.51,00:02,2723,-96
1361.56,00:03,2723,-80
1361.6,00:04,2723,-62
1362.01,00:02,2724,-96
1362.06,00:03,2724,-80
1362.1,00:04,2724,-61
1362.51,00:02,2725,-96
1362.56,00:03,2725,-80
1362.6,00:04,2725,-61
1363.01,00:02,2726,-96
1363.06,00:03,2726,-80
1363.1,00:04,2726,-61
1363.51,00:02,2727,-96
1363.56,00:03,2727,-80
1363.6,00:04,2727,-61
1364.02,00:02,2728,-96
1364.06,00:03,2728,-80
1364.1,00:04,2728,-61
1364.51,00:02,2729,-96
1364.56,00:03,2729,-80
1364.6,00:04,2729,-60
1365.01,00:02,2730,-96
1365.06,00:03,2730,-80
1365.1,00:04,2730,-60
1365.52,00:02,2731,-96
1365.56,00:03,2731,-80
1365.6,00:04,2731,-60
1366.01,00:02,2732,-96
1366.06,00:03,2732,-79
1366.1,00:04,2732,-60
1366.51,00:02,2733,-96
1366.56,00:03,2733,-79
1366.6,00:04,2733,-59
1367.01,00:02,2734,-96
1367.06,00:03,2734,-79
1367.1,00:04,2734,-59
1367.51,00:02,2735,-96
1367.56,00:03,2735,-79
1367.6,00:04,2735,-59
1368.01,00:02,2736,-96
1368.06,00:03,2736,-79
1368.1,00:04,2736,-59
1368.51,00:02,2737,-97
1368.56,00:03,2737,-79
1368.6,00:04,2737,-58
1369.01,00:02,2738,-97
1369.06,00:03,2738,-79
1369.1,00:04,2738,-58
1369.51,00:02,2739,-97
1369.56,00:03,2739,-79
1369.6,00:04,2739,-58
1370.02,00:02,2740,-97
1370.06,00:03,2740,-79
1370.1,00:04,2740,-58
1370.51,00:02,2741,-97
1370.56,00:03,2741,-79
1370.6,00:04,2741,-57
1371.01,00:02,2742,-97
1371.06,00:03,2742,-79
1371.1,00:04,2742,-57
1371.51,00:02,2743,-97
1371.56,00:03,2743,-79
1371.6,00:04,2743,-57
1372.01,00:02,2744,-97
1372.06,00:03,2744,-79
1372.1,00:04,2744,-57
1372.51,00:02,2745,-97
1372.56,00:03,2745,-79
1372.6,00:04,2745,-56
1373.01,00:02,2746,-97
1373.06,00:03,2746,-79
1373.1,00:04,2746,-56
1373.51,00:02,2747,-97
1373.56,00:03,2747,-79
1373.6,00:04,2747,-56
1374.01,00:02,2748,-97
1374.06,00:03,2748,-79
1374.1,00:04,2748,-56
1374.51,00:02,2749,-97
1374.56,00:03,2749,-78
1374.6,00:04,2749,-55
1375.01,00:02,2750,-97
1375.06,00:03,2750,-78
1375.1,00:04,2750,-55
1375.51,00:02,2751,-97
1375.56,00:03,2751,-78
1375.6,00:04,2751,-55
1376.01,00:02,2752,-97
1376.06,00:03,2752,-78
1376.1,00:04,2752,-55
1376.51,00:02,2753,-97
1376.56,00:03,2753,-78
1376.6,00:04,2753,-54
1377.01,00:02,2754,-97
1377.06,00:03,2754,-78
1377.1,00:04,2754,-54
1377.51,00:02,2755,-97
1377.56,00:03,2755,-78
1377.6,00:04,2755,-54
1378.01,00:02,2756,-97
1378.06,00:03,2756,-78
1378.1,00:04,2756,-54
1378.51,00:02,2757,-97
1378.56,00:03,2757,-78
1378.6,00:04,2757,-53
1379.01,00:02,2758,-97
1379.06,00:03,2758,-78
1379.1,00:04,2758,-53
1379.51,00:02,2759,-97
1379.56,00:03,2759,-78
1379.6,00:04,2759,-53
1380.01,00:02,2760,-97
1380.07,00:03,2760,-78
1380.1,00:04,2760,-53
1380.51,00:02,2761,-98
1380.56,00:03,2761,-78
1380.6,00:04,2761,-53
1381.01,00:02,2762,-98
1381.06,00:03,2762,-78
1381.1,00:04,2762,-52
1381.51,00:02,2763,-98
1381.56,00:03,2763,-78
1381.6,00:04,2763,-52
1382.01,00:02,2764,-98
1382.06,00:03,2764,-78
1382.1,00:04,2764,-52
1382.51,00:02,2765,-98
1382.56,00:03,2765,-78
1382.6,00:04,2765,-52
1383.01,00:02,2766,-98
1383.06,00:03,2766,-78
1383.1,00:04,2766,-52
1383.51,00:02,2767,-98
1383.57,00:03,2767,-77
1383.6,00:04,2767,-52
1384.01,00:02,2768,-98
1384.06,00:03,2768,-77
1384.1,00:04,2768,-51
1384.51,00:02,2769,-98
1384.56,00:03,2769,-77
1384.6,00:04,2769,-51
1385.01,00:02,2770,-98
1385.06,00:03,2770,-77
1385.1,00:04,2770,-51
1385.51,00:02,2771,-98
1385.56,00:03,2771,-77
1385.6,00:04,2771,-51
1386.01,00:02,2772,-98
1386.06,00:03,2772,-77
1386.1,00:04,2772,-51
1386.51,00:02,2773,-98
1386.56,00:03,2773,-77
1386.6,00:04,2773,-51
1387.01,00:02,2774,-98
1387.06,00:03,2774,-77
1387.1,00:04,2774,-51
1387.51,00:02,2775,-98
1387.57,00:03,2775,-77
1387.6,00:04,2775,-51
1388.01,00:02,2776,-98
1388.06,00:03,2776,-77
1388.1,00:04,2776,-51
1388.51,00:02,2777,-98
1388.57,00:03,2777,-77
1388.6,00:04,2777,-51
1389.01,00:02,2778,-98
1389.06,00:03,2778,-77
1389.1,00:04,2778,-51
1389.51,00:02,2779,-98
1389.56,00:03,2779,-77
1389.6,00:04,2779,-51
1390.01,00:02,2780,-98
1390.06,00:03,2780,-77
1390.1,00:04,2780,-51
1390.51,00:02,2781,-99
1390.56,00:03,2781,-77
1390.6,00:04,2781,-51
1391.01,00:02,2782,-99
1391.06,00:03,2782,-77
1391.1,00:04,2782,-51
1391.51,00:02,2783,-99
1391.56,00:03,2783,-77
1391.6,00:04,2783,-51
1392.01,00:02,2784,-99
1392.06,00:03,2784,-77
1392.1,00:04,2784,-51
1392.51,00:02,2785,-99
1392.56,00:03,2785,-76
1392.6,00:04,2785,-51
1393.01,00:02,2786,-99
1393.06,00:03,2786,-76
1393.1,00:04,2786,-51
1393.51,00:02,2787,-99
1393.56,00:03,2787,-76
1393.6,00:04,2787,-51
1394.01,00:02,2788,-99
1394.06,00:03,2788,-76
1394.1,00:04,2788,-51
1394.52,00:02,2789,-99
1394.56,00:03,2789,-76
1394.6,00:04,2789,-52
1395.01,00:02,2790,-99
1395.06,00:03,2790,-76
1395.1,00:04,2790,-52
1395.52,00:02,2791,-99
1395.57,00:03,2791,-76
1395.6,00:04,2791,-52
1396.01,00:02,2792,-99
1396.06,00:03,2792,-76
1396.1,00:04,2792,-52
1396.52,00:02,2793,-99
1396.56,00:03,2793,-76
1396.6,00:04,2793,-52
1397.01,00:02,2794,-99
1397.06,00:03,2794,-76
1397.1,00:04,2794,-52
1397.51,00:02,2795,-99
1397.56,00:03,2795,-76
1397.6,00:04,2795,-53
1398.01,00:02,2796,-99
1398.07,00:03,2796,-76
1398.1,00:04,2796,-53
1398.51,00:02,2797,-99
1398.56,00:03,2797,-76
1398.6,00:04,2797,-53
1399.01,00:02,2798,-99
1399.06,00:03,2798,-76
1399.1,00:04,2798,-53
1399.51,00:02,2799,-100
1399.56,00:03,2799,-76
1399.6,00:04,2799,-53
1400.01,00:02,2800,-100
1400.06,00:03,2800,-76
1400.1,00:04,2800,-54
1400.51,00:02,2801,-100
1400.56,00:03,2801,-76
1400.6,00:04,2801,-54
1401.01,00:02,2802,-100
1401.06,00:03,2802,-76
1401.1,00:04,2802,-54
1401.51,00:02,2803,-100
1401.56,00:03,2803,-76
1401.6,00:04,2803,-54
1402.01,00:02,2804,-100
1402.06,00:03,2804,-76
1402.1,00:04,2804,-55
1402.52,00:02,2805,-100
1402.56,00:03,2805,-76
1402.6,00:04,2805,-55
1403.01,00:02,2806,-100
1403.06,00:03,2806,-76
1403.1,00:04,2806,-55
1403.51,00:02,2807,-100
1403.56,00:03,2807,-75
1403.6,00:04,2807,-55
1404.01,00:02,2808,-100
1404.06,00:03,2808,-75
1404.1,00:04,2808,-56
1404.51,00:02,2809,-100
1404.56,00:03,2809,-75
1404.6,00:04,2809,-56
1405.01,00:02,2810,-100
1405.06,00:03,2810,-75
1405.1,00:04,2810,-56
1405.51,00:02,2811,-100
1405.57,00:03,2811,-75
1405.6,00:04,2811,-56
1406.01,00:02,2812,-100
1406.06,00:03,2812,-75
1406.1,00:04,2812,-57
1406.51,00:02,2813,-100
1406.56,00:03,2813,-75
1406.6,00:04,2813,-57
1407.01,00:02,2814,-100
1407.07,00:03,2814,-75
1407.1,00:04,2814,-57
1407.51,00:02,2815,-100
1407.57,00:03,2815,-75
1407.6,00:04,2815,-57
1408.01,00:02,2816,-101
1408.06,00:03,2816,-75
1408.1,00:04,2816,-58
1408.51,00:02,2817,-101
1408.57,00:03,2817,-75
1408.6,00:04,2817,-58
1409.01,00:02,2818,-101
1409.06,00:03,2818,-75
1409.1,00:04,2818,-58
1409.51,00:02,2819,-101
1409.56,00:03,2819,-75
1409.6,00:04,2819,-58
1410.01,00:02,2820,-101
1410.06,00:03,2820,-75
1410.1,00:04,2820,-59
1410.51,00:02,2821,-101
1410.56,00:03,2821,-75
1410.6,00:04,2821,-59
1411.01,00:02,2822,-101
1411.07,00:03,2822,-75
1411.1,00:04,2822,-59
1411.51,00:02,2823,-101
1411.56,00:03,2823,-75
1411.6,00:04,2823,-59
1412.01,00:02,2824,-101
1412.06,00:03,2824,-75
1412.1,00:04,2824,-60
1412.51,00:02,2825,-101
1412.56,00:03,2825,-75
1412.6,00:04,2825,-60
1413.01,00:02,2826,-101
1413.06,00:03,2826,-75
1413.1,00:04,2826,-60
1413.51,00:02,2827,-101
1413.56,00:03,2827,-75
1413.6,00:04,2827,-60
1414.01,00:02,2828,-101
1414.06,00:03,2828,-75
1414.1,00:04,2828,-61
1414.51,00:02,2829,-101
1414.56,00:03,2829,-75
1414.6,00:04,2829,-61
1415.01,00:02,2830,-108
1415.06,00:03,2830,-82
1415.1,00:04,2830,-68
1415.51,00:02,2831,-108
1415.56,00:03,2831,-82
1415.6,00:04,2831,-68
1416.06,00:03,2832,-82
1416.1,00:04,2832,-69
1416.57,00:03,2833,-82
1416.6,00:04,2833,-69
1417.06,00:03,2834,-82
1417.1,00:04,2834,-69
1417.56,00:03,2835,-82
1417.6,00:04,2835,-69
1418.07,00:03,2836,-81
1418.1,00:04,2836,-69
1418.56,00:03,2837,-81
1418.6,00:04,2837,-70
1419.06,00:03,2838,-81
1419.1,00:04,2838,-70
1419.57,00:03,2839,-81
1419.6,00:04,2839,-70
1420.06,00:03,2840,-81
1420.1,00:04,2840,-70
1420.57,00:03,2841,-81
1420.6,00:04,2841,-71
1421.01,00:02,2842,-109
1421.06,00:03,2842,-81
1421.1,00:04,2842,-71
1421.56,00:03,2843,-81
1421.6,00:04,2843,-71
1422.07,00:03,2844,-81
1422.1,00:04,2844,-71
1422.56,00:03,2845,-81
1422.6,00:04,2845,-71
1423.06,00:03,2846,-81
1423.1,00:04,2846,-72
1423.56,00:03,2847,-81
1423.6,00:04,2847,-72
1424.07,00:03,2848,-81
1424.1,00:04,2848,-72
1424.51,00:02,2849,-110
1424.56,00:03,2849,-81
1424.6,00:04,2849,-72
1425.07,00:03,2850,-81
1425.1,00:04,2850,-72
1425.56,00:03,2851,-81
1425.6,00:04,2851,-73
1426.01,00:02,2852,-110
1426.07,00:03,2852,-81
1426.1,00:04,2852,-73
1426.56,00:03,2853,-81
1426.6,00:04,2853,-73
1427.06,00:03,2854,-81
1427.1,00:04,2854,-73
1427.57,00:03,2855,-81
1427.6,00:04,2855,-73
1428.07,00:03,2856,-81
1428.1,00:04,2856,-74
1428.56,00:03,2857,-81
1428.6,00:04,2857,-74
1429.06,00:03,2858,-81
1429.1,00:04,2858,-74
1429.56,00:03,2859,-81
1429.6,00:04,2859,-74
1430.06,00:03,2860,-81
1430.1,00:04,2860,-74
1430.56,00:03,2861,-81
1430.6,00:04,2861,-74
1431.01,00:02,2862,-103
1431.06,00:03,2862,-74
1431.1,00:04,2862,-68
1431.51,00:02,2863,-103
1431.56,00:03,2863,-74
1431.6,00:04,2863,-68
1432.01,00:02,2864,-103
1432.07,00:03,2864,-74
1432.1,00:04,2864,-68
1432.51,00:02,2865,-103
1432.57,00:03,2865,-74
1432.6,00:04,2865,-68
1433.01,00:02,2866,-104
1433.07,00:03,2866,-74
1433.1,00:04,2866,-68
1433.51,00:02,2867,-104
1433.56,00:03,2867,-74
1433.6,00:04,2867,-68
1434.01,00:02,2868,-104
1434.06,00:03,2868,-74
1434.1,00:04,2868,-69
1434.52,00:02,2869,-104
1434.56,00:03,2869,-74
1434.6,00:04,2869,-69
1435.01,00:02,2870,-104
1435.06,00:03,2870,-74
1435.1,00:04,2870,-68
1435.51,00:02,2871,-104
1435.57,00:03,2871,-74
1435.6,00:04,2871,-68
1436.01,00:02,2872,-104
1436.06,00:03,2872,-75
1436.1,00:04,2872,-68
1436.51,00:02,2873,-104
1436.56,00:03,2873,-75
1436.6,00:04,2873,-68
1437.01,00:02,2874,-104
1437.06,00:03,2874,-75
1437.1,00:04,2874,-68
1437.51,00:02,2875,-104
1437.56,00:03,2875,-75
1437.6,00:04,2875,-68
1438.01,00:02,2876,-104
1438.06,00:03,2876,-75
1438.1,00:04,2876,-68
1438.51,00:02,2877,-104
1438.57,00:03,2877,-75
1438.6,00:04,2877,-68
1439.02,00:02,2878,-104
1439.06,00:03,2878,-75
1439.1,00:04,2878,-68
1439.51,00:02,2879,-104
1439.56,00:03,2879,-75
1439.6,00:04,2879,-68
1440.01,00:02,2880,-104
1440.06,00:03,2880,-75
1440.1,00:04,2880,-68
1440.51,00:02,2881,-104
1440.56,00:03,2881,-75
1440.6,00:04,2881,-68
1441.01,00:02,2882,-104
1441.07,00:03,2882,-75
1441.1,00:04,2882,-68
1441.51,00:02,2883,-104
1441.56,00:03,2883,-75
1441.6,00:04,2883,-67
1442.01,00:02,2884,-104
1442.06,00:03,2884,-75
1442.1,00:04,2884,-67
1442.51,00:02,2885,-104
1442.56,00:03,2885,-75
1442.6,00:04,2885,-67
1443.06,00:03,2886,-82
1443.1,00:04,2886,-74
1443.57,00:03,2887,-82
1443.6,00:04,2887,-74
1444.07,00:03,2888,-82
1444.1,00:04,2888,-74
1444.56,00:03,2889,-82
1444.6,00:04,2889,-73
1445.07,00:03,2890,-82
1445.1,00:04,2890,-73
1445.56,00:03,2891,-82
1445.6,00:04,2891,-73
1446.07,00:03,2892,-82
1446.1,00:04,2892,-73
1446.56,00:03,2893,-82
1446.6,00:04,2893,-73
1447.06,00:03,2894,-82
1447.1,00:04,2894,-72
1447.56,00:03,2895,-82
1447.6,00:04,2895,-72
1448.06,00:03,2896,-82
1448.1,00:04,2896,-72
1448.56,00:03,2897,-82
1448.6,00:04,2897,-72
1449.07,00:03,2898,-82
1449.1,00:04,2898,-71
1449.56,00:03,2899,-82
1449.6,00:04,2899,-71
1450.06,00:03,2900,-82
1450.1,00:04,2900,-71
1450.56,00:03,2901,-82
1450.6,00:04,2901,-71
1451.07,00:03,2902,-82
1451.1,00:04,2902,-71
1451.56,00:03,2903,-82
1451.6,00:04,2903,-70
1452.07,00:03,2904,-82
1452.1,00:04,2904,-70
1452.51,00:02,2905,-110
1452.56,00:03,2905,-82
1452.6,00:04,2905,-70
1453.06,00:03,2906,-82
1453.1,00:04,2906,-70
1453.57,00:03,2907,-82
1453.6,00:04,2907,-69
1454.06,00:03,2908,-83
1454.1,00:04,2908,-69
1454.56,00:03,2909,-83
1454.6,00:04,2909,-69
1455.01,00:02,2910,-109
1455.06,00:03,2910,-83
1455.1,00:04,2910,-69
1455.56,00:03,2911,-83
1455.6,00:04,2911,-68
1456.06,00:03,2912,-83
1456.1,00:04,2912,-68
1456.56,00:03,2913,-83
1456.6,00:04,2913,-68
1457.06,00:03,2914,-83
1457.1,00:04,2914,-68
1457.57,00:03,2915,-83
1457.6,00:04,2915,-67
1458.06,00:03,2916,-83
1458.1,00:04,2916,-67
1458.51,00:02,2917,-109
1458.56,00:03,2917,-83
1458.6,00:04,2917,-67
1459.01,00:02,2918,-102
1459.06,00:03,2918,-76
1459.1,00:04,2918,-60
1459.51,00:02,2919,-102
1459.57,00:03,2919,-76
1459.6,00:04,2919,-59
1460.01,00:02,2920,-102
1460.07,00:03,2920,-76
1460.1,00:04,2920,-59
1460.52,00:02,2921,-102
1460.56,00:03,2921,-76
1460.6,00:04,2921,-59
1461.01,00:02,2922,-102
1461.06,00:03,2922,-76
1461.1,00:04,2922,-58
1461.51,00:02,2923,-102
1461.56,00:03,2923,-76
1461.6,00:04,2923,-58
1462.01,00:02,2924,-102
1462.07,00:03,2924,-76
1462.1,00:04,2924,-58
1462.51,00:02,2925,-102
1462.57,00:03,2925,-76
1462.6,00:04,2925,-58
1463.01,00:02,2926,-102
1463.06,00:03,2926,-76
1463.1,00:04,2926,-57
1463.51,00:02,2927,-101
1463.56,00:03,2927,-76
1463.6,00:04,2927,-57
1464.01,00:02,2928,-101
1464.06,00:03,2928,-76
1464.1,00:04,2928,-57
1464.51,00:02,2929,-101
1464.56,00:03,2929,-76
1464.6,00:04,2929,-56
1465.01,00:02,2930,-101
1465.06,00:03,2930,-76
1465.1,00:04,2930,-56
1465.51,00:02,2931,-101
1465.56,00:03,2931,-76
1465.6,00:04,2931,-56
1466.02,00:02,2932,-101
1466.07,00:03,2932,-76
1466.1,00:04,2932,-55
1466.52,00:02,2933,-101
1466.57,00:03,2933,-76
1466.6,00:04,2933,-55
1467.01,00:02,2934,-101
1467.06,00:03,2934,-76
1467.1,00:04,2934,-55
1467.51,00:02,2935,-101
1467.56,00:03,2935,-76
1467.6,00:04,2935,-54
1468.01,00:02,2936,-101
1468.06,00:03,2936,-76
1468.1,00:04,2936,-54
1468.52,00:02,2937,-101
1468.57,00:03,2937,-76
1468.6,00:04,2937,-54
1469.01,00:02,2938,-101
1469.06,00:03,2938,-76
1469.1,00:04,2938,-53
1469.51,00:02,2939,-101
1469.56,00:03,2939,-76
1469.6,00:04,2939,-53
1470.01,00:02,2940,-101
1470.06,00:03,2940,-76
1470.1,00:04,2940,-53
1470.51,00:02,2941,-101
1470.56,00:03,2941,-76
1470.6,00:04,2941,-52
1471.01,00:02,2942,-101
1471.06,00:03,2942,-77
1471.1,00:04,2942,-52
1471.51,00:02,2943,-101
1471.56,00:03,2943,-77
1471.6,00:04,2943,-52
1472.02,00:02,2944,-101
1472.07,00:03,2944,-77
1472.1,00:04,2944,-51
1472.51,00:02,2945,-101
1472.56,00:03,2945,-77
1472.6,00:04,2945,-51
1473.01,00:02,2946,-100
1473.06,00:03,2946,-77
1473.1,00:04,2946,-51
1473.51,00:02,2947,-100
1473.57,00:03,2947,-77
1473.6,00:04,2947,-51
1474.01,00:02,2948,-100
1474.07,00:03,2948,-77
1474.1,00:04,2948,-51
1474.51,00:02,2949,-100
1474.56,00:03,2949,-77
1474.6,00:04,2949,-50
1475.01,00:02,2950,-100
1475.07,00:03,2950,-77
1475.1,00:04,2950,-50
1475.51,00:02,2951,-100
1475.57,00:03,2951,-77
1475.6,00:04,2951,-50
1476.01,00:02,2952,-100
1476.06,00:03,2952,-77
1476.1,00:04,2952,-50
1476.51,00:02,2953,-100
1476.56,00:03,2953,-77
1476.6,00:04,2953,-50
1477.01,00:02,2954,-100
1477.07,00:03,2954,-77
1477.1,00:04,2954,-49
1477.51,00:02,2955,-100
1477.56,00:03,2955,-77
1477.6,00:04,2955,-49
1478.02,00:02,2956,-100
1478.06,00:03,2956,-77
1478.1,00:04,2956,-49
1478.51,00:02,2957,-100
1478.56,00:03,2957,-77
1478.6,00:04,2957,-49
1479.01,00:02,2958,-100
1479.06,00:03,2958,-77
1479.1,00:04,2958,-49
1479.51,00:02,2959,-100
1479.57,00:03,2959,-77
1479.6,00:04,2959,-49
1480.01,00:02,2960,-100
1480.07,00:03,2960,-77
1480.1,00:04,2960,-48
1480.51,00:02,2961,-100
1480.56,00:03,2961,-77
1480.6,00:04,2961,-48
1481.02,00:02,2962,-100
1481.06,00:03,2962,-77
1481.1,00:04,2962,-48
1481.51,00:02,2963,-100
1481.56,00:03,2963,-77
1481.6,00:04,2963,-48
1482.01,00:02,2964,-100
1482.06,00:03,2964,-77
1482.1,00:04,2964,-48
1482.51,00:02,2965,-99
1482.56,00:03,2965,-77
1482.6,00:04,2965,-48
1483.02,00:02,2966,-99
1483.06,00:03,2966,-78
1483.1,00:04,2966,-48
1483.51,00:02,2967,-99
1483.56,00:03,2967,-78
1483.6,00:04,2967,-48
1484.01,00:02,2968,-99
1484.06,00:03,2968,-78
1484.1,00:04,2968,-48
1484.51,00:02,2969,-99
1484.57,00:03,2969,-78
1484.6,00:04,2969,-48
1485.01,00:02,2970,-99
1485.06,00:03,2970,-78
1485.1,00:04,2970,-48
1485.51,00:02,2971,-99
1485.57,00:03,2971,-78
1485.6,00:04,2971,-48
1486.02,00:02,2972,-99
1486.07,00:03,2972,-78
1486.1,00:04,2972,-48
1486.51,00:02,2973,-99
1486.57,00:03,2973,-78
1486.6,00:04,2973,-48
1487.01,00:02,2974,-99
1487.07,00:03,2974,-78
1487.1,00:04,2974,-48
1487.51,00:02,2975,-99
1487.56,00:03,2975,-78
1487.6,00:04,2975,-48
1488.01,00:02,2976,-99
1488.06,00:03,2976,-78
1488.1,00:04,2976,-48
1488.51,00:02,2977,-99
1488.57,00:03,2977,-78
1488.6,00:04,2977,-48
1489.01,00:02,2978,-99
1489.06,00:03,2978,-78
1489.1,00:04,2978,-48
1489.51,00:02,2979,-99
1489.57,00:03,2979,-78
1489.6,00:04,2979,-48
1490.02,00:02,2980,-99
1490.06,00:03,2980,-78
1490.1,00:04,2980,-49
1490.52,00:02,2981,-99
1490.56,00:03,2981,-78
1490.6,00:04,2981,-49
1491.01,00:02,2982,-99
1491.07,00:03,2982,-78
1491.1,00:04,2982,-49
1491.51,00:02,2983,-99
1491.56,00:03,2983,-78
1491.6,00:04,2983,-49
1492.01,00:02,2984,-99
1492.06,00:03,2984,-78
1492.1,00:04,2984,-49
1492.51,00:02,2985,-99
1492.57,00:03,2985,-78
1492.6,00:04,2985,-49
1493.01,00:02,2986,-99
1493.06,00:03,2986,-79
1493.1,00:04,2986,-50
1493.51,00:02,2987,-98
1493.57,00:03,2987,-79
1493.6,00:04,2987,-50
1494.01,00:02,2988,-98
1494.06,00:03,2988,-79
1494.1,00:04,2988,-50
1494.51,00:02,2989,-98
1494.56,00:03,2989,-79
1494.6,00:04,2989,-50
1495.01,00:02,2990,-98
1495.07,00:03,2990,-79
1495.1,00:04,2990,-50
1495.51,00:02,2991,-98
1495.56,00:03,2991,-79
1495.6,00:04,2991,-50
1496.01,00:02,2992,-98
1496.07,00:03,2992,-79
1496.1,00:04,2992,-51
1496.52,00:02,2993,-98
1496.56,00:03,2993,-79
1496.6,00:04,2993,-51
1497.01,00:02,2994,-98
1497.07,00:03,2994,-79
1497.1,00:04,2994,-51
1497.52,00:02,2995,-98
1497.56,00:03,2995,-79
1497.6,00:04,2995,-51
1498.02,00:02,2996,-98
1498.06,00:03,2996,-79
1498.1,00:04,2996,-51
1498.51,00:02,2997,-98
1498.56,00:03,2997,-79
1498.6,00:04,2997,-52
1499.01,00:02,2998,-98
1499.07,00:03,2998,-79
1499.1,00:04,2998,-52
1499.51,00:02,2999,-98
1499.56,00:03,2999,-79
1499.6,00:04,2999,-52
1500.02,00:02,3000,-98
1500.07,00:03,3000,-79
1500.1,00:04,3000,-53
1500.51,00:02,3001,-98
1500.56,00:03,3001,-79
1500.6,00:04,3001,-53
1501.01,00:02,3002,-98
1501.06,00:03,3002,-79
1501.1,00:04,3002,-54
1501.52,00:02,3003,-98
1501.56,00:03,3003,-79
1501.6,00:04,3003,-54
1502.01,00:02,3004,-98
1502.06,00:03,3004,-79
1502.1,00:04,3004,-54
1502.51,00:02,3005,-98
1502.57,00:03,3005,-80
1502.6,00:04,3005,-55
1503.01,00:02,3006,-98
1503.06,00:03,3006,-80
1503.1,00:04,3006,-55
1503.51,00:02,3007,-98
1503.57,00:03,3007,-80
1503.6,00:04,3007,-55
1504.01,00:02,3008,-98
1504.07,00:03,3008,-80
1504.1,00:04,3008,-56
1504.51,00:02,3009,-98
1504.56,00:03,3009,-80
1504.6,00:04,3009,-56
1505.01,00:02,3010,-98
1505.06,00:03,3010,-80
1505.1,00:04,3010,-56
1505.51,00:02,3011,-98
1505.57,00:03,3011,-80
1505.6,00:04,3011,-56
1506.01,00:02,3012,-98
1506.06,00:03,3012,-80
1506.1,00:04,3012,-57
1506.51,00:02,3013,-97
1506.57,00:03,3013,-80
1506.6,00:04,3013,-57
1507.01,00:02,3014,-97
1507.06,00:03,3014,-80
1507.1,00:04,3014,-57
1507.51,00:02,3015,-97
1507.56,00:03,3015,-80
1507.6,00:04,3015,-58
1508.01,00:02,3016,-97
1508.07,00:03,3016,-80
1508.1,00:04,3016,-58
1508.51,00:02,3017,-97
1508.56,00:03,3017,-80
1508.6,00:04,3017,-58
1509.01,00:02,3018,-97
1509.06,00:03,3018,-80
1509.1,00:04,3018,-59
1509.51,00:02,3019,-97
1509.56,00:03,3019,-80
1509.6,00:04,3019,-59
1510.01,00:02,3020,-97
1510.07,00:03,3020,-80
1510.1,00:04,3020,-59
1510.51,00:02,3021,-97
1510.57,00:03,3021,-80
1510.6,00:04,3021,-59
1511.01,00:02,3022,-97
1511.07,00:03,3022,-80
1511.1,00:04,3022,-60
1511.51,00:02,3023,-97
1511.56,00:03,3023,-81
1511.6,00:04,3023,-60
1512.01,00:02,3024,-97
1512.07,00:03,3024,-81
1512.1,00:04,3024,-60
1512.51,00:02,3025,-97
1512.57,00:03,3025,-81
1512.6,00:04,3025,-60
1513.01,00:02,3026,-97
1513.07,00:03,3026,-81
1513.1,00:04,3026,-61
1513.51,00:02,3027,-97
1513.57,00:03,3027,-81
1513.6,00:04,3027,-61
1514.01,00:02,3028,-97
1514.06,00:03,3028,-81
1514.1,00:04,3028,-61
1514.51,00:02,3029,-97
1514.56,00:03,3029,-81
1514.6,00:04,3029,-62
1515.01,00:02,3030,-104
1515.07,00:03,3030,-88
1515.1,00:04,3030,-69
1515.51,00:02,3031,-104
1515.56,00:03,3031,-88
1515.6,00:04,3031,-69
1516.01,00:02,3032,-104
1516.07,00:03,3032,-88
1516.1,00:04,3032,-69
1516.51,00:02,3033,-104
1516.56,00:03,3033,-88
1516.6,00:04,3033,-69
1517.01,00:02,3034,-104
1517.07,00:03,3034,-88
1517.1,00:04,3034,-70
1517.51,00:02,3035,-104
1517.56,00:03,3035,-88
1517.6,00:04,3035,-70
1518.01,00:02,3036,-104
1518.07,00:03,3036,-88
1518.1,00:04,3036,-70
1518.51,00:02,3037,-104
1518.56,00:03,3037,-88
1518.6,00:04,3037,-70
1519.01,00:02,3038,-104
1519.06,00:03,3038,-88
1519.1,00:04,3038,-71
1519.51,00:02,3039,-104
1519.57,00:03,3039,-88
1519.6,00:04,3039,-71
1520.01,00:02,3040,-104
1520.06,00:03,3040,-88
1520.1,00:04,3040,-71
1520.51,00:02,3041,-104
1520.57,00:03,3041,-89
1520.6,00:04,3041,-71
1521.01,00:02,3042,-104
1521.06,00:03,3042,-89
1521.1,00:04,3042,-72
1521.51,00:02,3043,-104
1521.56,00:03,3043,-89
1521.6,00:04,3043,-72
1522.01,00:02,3044,-104
1522.07,00:03,3044,-89
1522.1,00:04,3044,-72
1522.51,00:02,3045,-104
1522.56,00:03,3045,-89
1522.6,00:04,3045,-72
1523.01,00:02,3046,-104
1523.07,00:03,3046,-89
1523.1,00:04,3046,-72
1523.51,00:02,3047,-104
1523.57,00:03,3047,-89
1523.6,00:04,3047,-73
1524.02,00:02,3048,-104
1524.07,00:03,3048,-89
1524.1,00:04,3048,-73
1524.52,00:02,3049,-104
1524.56,00:03,3049,-89
1524.6,00:04,3049,-73
1525.02,00:02,3050,-104
1525.07,00:03,3050,-89
1525.1,00:04,3050,-73
1525.52,00:02,3051,-104
1525.56,00:03,3051,-89
1525.6,00:04,3051,-73
1526.01,00:02,3052,-104
1526.07,00:03,3052,-89
1526.1,00:04,3052,-74
1526.51,00:02,3053,-104
1526.56,00:03,3053,-89
1526.6,00:04,3053,-74
1527.01,00:02,3054,-97
1527.07,00:03,3054,-82
1527.1,00:04,3054,-67
1527.51,00:02,3055,-97
1527.57,00:03,3055,-82
1527.6,00:04,3055,-67
1528.01,00:02,3056,-97
1528.06,00:03,3056,-82
1528.1,00:04,3056,-67
1528.51,00:02,3057,-97
1528.56,00:03,3057,-82
1528.6,00:04,3057,-68
1529.01,00:02,3058,-97
1529.06,00:03,3058,-82
1529.1,00:04,3058,-68
1529.51,00:02,3059,-97
1529.57,00:03,3059,-83
1529.6,00:04,3059,-68
1530.02,00:02,3060,-97
1530.07,00:03,3060,-83
1530.1,00:04,3060,-68
1530.51,00:02,3061,-97
1530.57,00:03,3061,-83
1530.6,00:04,3061,-68
1531.01,00:02,3062,-97
1531.07,00:03,3062,-83
1531.1,00:04,3062,-68
1531.51,00:02,3063,-97
1531.57,00:03,3063,-83
1531.6,00:04,3063,-68
1532.01,00:02,3064,-97
1532.07,00:03,3064,-83
1532.1,00:04,3064,-68
1532.51,00:02,3065,-97
1532.56,00:03,3065,-83
1532.6,00:04,3065,-68
1533.01,00:02,3066,-97
1533.06,00:03,3066,-83
1533.1,00:04,3066,-68
1533.51,00:02,3067,-98
1533.56,00:03,3067,-83
1533.6,00:04,3067,-68
1534.01,00:02,3068,-98
1534.07,00:03,3068,-83
1534.1,00:04,3068,-68
1534.51,00:02,3069,-98
1534.57,00:03,3069,-83
1534.6,00:04,3069,-68
1535.01,00:02,3070,-98
1535.06,00:03,3070,-83
1535.1,00:04,3070,-68
1535.52,00:02,3071,-98
1535.57,00:03,3071,-83
1535.6,00:04,3071,-68
1536.01,00:02,3072,-98
1536.07,00:03,3072,-83
1536.1,00:04,3072,-68
1536.51,00:02,3073,-98
1536.57,00:03,3073,-83
1536.6,00:04,3073,-67
1537.01,00:02,3074,-98
1537.06,00:03,3074,-83
1537.1,00:04,3074,-67
1537.51,00:02,3075,-98
1537.57,00:03,3075,-83
1537.6,00:04,3075,-67
1538.01,00:02,3076,-98
1538.07,00:03,3076,-83
1538.1,00:04,3076,-67
1538.51,00:02,3077,-98
1538.56,00:03,3077,-83
1538.6,00:04,3077,-67
1539.01,00:02,3078,-105
1539.06,00:03,3078,-90
1539.1,00:04,3078,-73
1539.51,00:02,3079,-105
1539.56,00:03,3079,-90
1539.6,00:04,3079,-73
1540.01,00:02,3080,-105
1540.07,00:03,3080,-90
1540.1,00:04,3080,-73
1540.51,00:02,3081,-105
1540.56,00:03,3081,-90
1540.6,00:04,3081,-73
1541.01,00:02,3082,-105
1541.06,00:03,3082,-90
1541.1,00:04,3082,-73
1541.51,00:02,3083,-105
1541.57,00:03,3083,-89
1541.6,00:04,3083,-72
1542.01,00:02,3084,-105
1542.07,00:03,3084,-89
1542.1,00:04,3084,-72
1542.51,00:02,3085,-105
1542.57,00:03,3085,-89
1542.6,00:04,3085,-72
1543.01,00:02,3086,-105
1543.06,00:03,3086,-89
1543.1,00:04,3086,-72
1543.51,00:02,3087,-105
1543.57,00:03,3087,-89
1543.6,00:04,3087,-72
1544.01,00:02,3088,-105
1544.06,00:03,3088,-89
1544.1,00:04,3088,-71
1544.51,00:02,3089,-105
1544.56,00:03,3089,-89
1544.6,00:04,3089,-71
1545.01,00:02,3090,-105
1545.07,00:03,3090,-89
1545.1,00:04,3090,-71
1545.51,00:02,3091,-105
1545.56,00:03,3091,-89
1545.6,00:04,3091,-71
1546.01,00:02,3092,-105
1546.06,00:03,3092,-89
1546.1,00:04,3092,-70
1546.51,00:02,3093,-105
1546.56,00:03,3093,-89
1546.6,00:04,3093,-70
1547.01,00:02,3094,-105
1547.06,00:03,3094,-89
1547.1,00:04,3094,-70
1547.51,00:02,3095,-105
1547.57,00:03,3095,-89
1547.6,00:04,3095,-70
1548.02,00:02,3096,-105
1548.06,00:03,3096,-89
1548.1,00:04,3096,-69
1548.51,00:02,3097,-105
1548.56,00:03,3097,-89
1548.6,00:04,3097,-69
1549.01,00:02,3098,-105
1549.07,00:03,3098,-89
1549.1,00:04,3098,-69
1549.52,00:02,3099,-105
1549.57,00:03,3099,-89
1549.6,00:04,3099,-69
1550.02,00:02,3100,-105
1550.06,00:03,3100,-89
1550.1,00:04,3100,-68
1550.51,00:02,3101,-105
1550.57,00:03,3101,-89
1550.6,00:04,3101,-68
1551.01,00:02,3102,-98
1551.06,00:03,3102,-81
1551.1,00:04,3102,-61
1551.51,00:02,3103,-98
1551.57,00:03,3103,-81
1551.6,00:04,3103,-61
1552.01,00:02,3104,-98
1552.06,00:03,3104,-81
1552.1,00:04,3104,-60
1552.51,00:02,3105,-98
1552.57,00:03,3105,-81
1552.6,00:04,3105,-60
1553.01,00:02,3106,-98
1553.07,00:03,3106,-81
1553.1,00:04,3106,-60
1553.51,00:02,3107,-98
1553.57,00:03,3107,-81
1553.6,00:04,3107,-59
1554.01,00:02,3108,-98
1554.07,00:03,3108,-81
1554.1,00:04,3108,-59
1554.51,00:02,3109,-98
1554.57,00:03,3109,-81
1554.6,00:04,3109,-59
1555.01,00:02,3110,-98
1555.06,00:03,3110,-81
1555.1,00:04,3110,-59
1555.51,00:02,3111,-98
1555.57,00:03,3111,-81
1555.6,00:04,3111,-58
1556.01,00:02,3112,-98
1556.06,00:03,3112,-81
1556.1,00:04,3112,-58
1556.51,00:02,3113,-98
1556.57,00:03,3113,-81
1556.6,00:04,3113,-58
1557.01,00:02,3114,-98
1557.07,00:03,3114,-81
1557.1,00:04,3114,-57
1557.51,00:02,3115,-98
1557.57,00:03,3115,-81
1557.6,00:04,3115,-57
1558.01,00:02,3116,-98
1558.07,00:03,3116,-81
1558.1,00:04,3116,-57
1558.51,00:02,3117,-98
1558.57,00:03,3117,-81
1558.6,00:04,3117,-56
1559.02,00:02,3118,-98
1559.06,00:03,3118,-81
1559.1,00:04,3118,-56
1559.51,00:02,3119,-98
1559.57,00:03,3119,-81
1559.6,00:04,3119,-55
1560.01,00:02,3120,-99
1560.07,00:03,3120,-81
1560.1,00:04,3120,-55
1560.51,00:02,3121,-99
1560.57,00:03,3121,-80
1560.6,00:04,3121,-55
1561.02,00:02,3122,-99
1561.06,00:03,3122,-80
1561.1,00:04,3122,-54
1561.51,00:02,3123,-99
1561.57,00:03,3123,-80
1561.6,00:04,3123,-54
1562.01,00:02,3124,-99
1562.07,00:03,3124,-80
1562.1,00:04,3124,-54
1562.52,00:02,3125,-99
1562.56,00:03,3125,-80
1562.6,00:04,3125,-53
1563.01,00:02,3126,-99
1563.07,00:03,3126,-80
1563.1,00:04,3126,-53
1563.51,00:02,3127,-99
1563.57,00:03,3127,-80
1563.6,00:04,3127,-52
1564.01,00:02,3128,-99
1564.06,00:03,3128,-80
1564.1,00:04,3128,-52
1564.52,00:02,3129,-99
1564.56,00:03,3129,-80
1564.6,00:04,3129,-51
1565.02,00:02,3130,-99
1565.07,00:03,3130,-80
1565.1,00:04,3130,-51
1565.51,00:02,3131,-99
1565.57,00:03,3131,-80
1565.6,00:04,3131,-51
1566.01,00:02,3132,-99
1566.07,00:03,3132,-80
1566.1,00:04,3132,-51
1566.52,00:02,3133,-99
1566.57,00:03,3133,-80
1566.6,00:04,3133,-50
1567.01,00:02,3134,-99
1567.07,00:03,3134,-80
1567.1,00:04,3134,-50
1567.51,00:02,3135,-99
1567.57,00:03,3135,-80
1567.6,00:04,3135,-50
1568.01,00:02,3136,-99
1568.07,00:03,3136,-80
1568.1,00:04,3136,-50
1568.51,00:02,3137,-99
1568.57,00:03,3137,-80
1568.6,00:04,3137,-49
1569.01,00:02,3138,-99
1569.07,00:03,3138,-80
1569.1,00:04,3138,-49
1569.51,00:02,3139,-99
1569.57,00:03,3139,-80
1569.6,00:04,3139,-49
1570.01,00:02,3140,-99
1570.07,00:03,3140,-80
1570.1,00:04,3140,-48
1570.51,00:02,3141,-99
1570.56,00:03,3141,-80
1570.6,00:04,3141,-48
1571.02,00:02,3142,-99
1571.07,00:03,3142,-79
1571.1,00:04,3142,-48
1571.51,00:02,3143,-99
1571.56,00:03,3143,-79
1571.6,00:04,3143,-47
1572.01,00:02,3144,-99
1572.06,00:03,3144,-79
1572.1,00:04,3144,-47
1572.51,00:02,3145,-99
1572.57,00:03,3145,-79
1572.6,00:04,3145,-47
1573.01,00:02,3146,-99
1573.07,00:03,3146,-79
1573.1,00:04,3146,-47
1573.51,00:02,3147,-99
1573.56,00:03,3147,-79
1573.6,00:04,3147,-46
1574.01,00:02,3148,-99
1574.07,00:03,3148,-79
1574.1,00:04,3148,-46
1574.51,00:02,3149,-100
1574.56,00:03,3149,-79
1574.6,00:04,3149,-46
1575.01,00:02,3150,-100
1575.06,00:03,3150,-79
1575.1,00:04,3150,-45
1575.52,00:02,3151,-100
1575.56,00:03,3151,-79
1575.6,00:04,3151,-45
1576.01,00:02,3152,-100
1576.07,00:03,3152,-79
1576.1,00:04,3152,-45
1576.51,00:02,3153,-100
1576.57,00:03,3153,-79
1576.6,00:04,3153,-44
1577.01,00:02,3154,-100
1577.06,00:03,3154,-79
1577.1,00:04,3154,-44
1577.51,00:02,3155,-100
1577.56,00:03,3155,-79
1577.6,00:04,3155,-44
1578.01,00:02,3156,-100
1578.06,00:03,3156,-79
1578.1,00:04,3156,-43
1578.51,00:02,3157,-100
1578.56,00:03,3157,-79
1578.6,00:04,3157,-43
1579.02,00:02,3158,-100
1579.07,00:03,3158,-79
1579.1,00:04,3158,-43
1579.51,00:02,3159,-100
1579.57,00:03,3159,-79
1579.6,00:04,3159,-43
1580.01,00:02,3160,-100
1580.07,00:03,3160,-79
1580.1,00:04,3160,-43
1580.51,00:02,3161,-100
1580.57,00:03,3161,-79
1580.6,00:04,3161,-43
1581.01,00:02,3162,-100
1581.06,00:03,3162,-79
1581.1,00:04,3162,-43
1581.51,00:02,3163,-100
1581.56,00:03,3163,-78
1581.6,00:04,3163,-43
1582.01,00:02,3164,-100
1582.07,00:03,3164,-78
1582.1,00:04,3164,-43
1582.52,00:02,3165,-100
1582.57,00:03,3165,-78
1582.6,00:04,3165,-43
1583.01,00:02,3166,-100
1583.06,00:03,3166,-78
1583.1,00:04,3166,-43
1583.51,00:02,3167,-100
1583.57,00:03,3167,-78
1583.6,00:04,3167,-43
1584.01,00:02,3168,-100
1584.07,00:03,3168,-78
1584.1,00:04,3168,-44
1584.51,00:02,3169,-100
1584.56,00:03,3169,-78
1584.6,00:04,3169,-44
1585.01,00:02,3170,-100
1585.07,00:03,3170,-78
1585.1,00:04,3170,-44
1585.52,00:02,3171,-100
1585.56,00:03,3171,-78
1585.6,00:04,3171,-44
1586.01,00:02,3172,-101
1586.07,00:03,3172,-78
1586.1,00:04,3172,-45
1586.52,00:02,3173,-101
1586.57,00:03,3173,-78
1586.6,00:04,3173,-45
1587.01,00:02,3174,-101
1587.07,00:03,3174,-78
1587.1,00:04,3174,-45
1587.51,00:02,3175,-101
1587.56,00:03,3175,-78
1587.6,00:04,3175,-46
1588.01,00:02,3176,-101
1588.06,00:03,3176,-78
1588.1,00:04,3176,-46
1588.51,00:02,3177,-101
1588.57,00:03,3177,-78
1588.6,00:04,3177,-46
1589.01,00:02,3178,-101
1589.06,00:03,3178,-78
1589.1,00:04,3178,-47
1589.51,00:02,3179,-101
1589.57,00:03,3179,-78
1589.6,00:04,3179,-47
1590.01,00:02,3180,-101
1590.07,00:03,3180,-78
1590.1,00:04,3180,-47
1590.52,00:02,3181,-101
1590.57,00:03,3181,-78
1590.6,00:04,3181,-48
1591.01,00:02,3182,-101
1591.07,00:03,3182,-78
1591.1,00:04,3182,-48
1591.51,00:02,3183,-101
1591.56,00:03,3183,-78
1591.6,00:04,3183,-48
1592.02,00:02,3184,-101
1592.07,00:03,3184,-78
1592.1,00:04,3184,-49
1592.51,00:02,3185,-101
1592.57,00:03,3185,-78
1592.6,00:04,3185,-49
1593.01,00:02,3186,-101
1593.07,00:03,3186,-78
1593.1,00:04,3186,-49
1593.51,00:02,3187,-101
1593.57,00:03,3187,-78
1593.6,00:04,3187,-49
1594.02,00:02,3188,-101
1594.07,00:03,3188,-78
1594.1,00:04,3188,-50
1594.51,00:02,3189,-101
1594.57,00:03,3189,-77
1594.6,00:04,3189,-50
1595.02,00:02,3190,-101
1595.07,00:03,3190,-77
1595.1,00:04,3190,-50
1595.51,00:02,3191,-101
1595.57,00:03,3191,-77
1595.6,00:04,3191,-51
1596.01,00:02,3192,-101
1596.07,00:03,3192,-77
1596.1,00:04,3192,-51
1596.51,00:02,3193,-102
1596.56,00:03,3193,-77
1596.6,00:04,3193,-51
1597.01,00:02,3194,-102
1597.07,00:03,3194,-77
1597.1,00:04,3194,-51
1597.51,00:02,3195,-102
1597.57,00:03,3195,-77
1597.6,00:04,3195,-52
1598.01,00:02,3196,-102
1598.07,00:03,3196,-77
1598.1,00:04,3196,-52
1598.51,00:02,3197,-102
1598.57,00:03,3197,-77
1598.6,00:04,3197,-53
1599.01,00:02,3198,-102
1599.07,00:03,3198,-77
1599.1,00:04,3198,-53
1599.51,00:02,3199,-102
1599.57,00:03,3199,-77
1599.6,00:04,3199,-53
1600.01,00:02,3200,-102
1600.06,00:03,3200,-77
1600.1,00:04,3200,-54
1600.51,00:02,3201,-102
1600.57,00:03,3201,-77
1600.6,00:04,3201,-54
1601.01,00:02,3202,-102
1601.07,00:03,3202,-77
1601.1,00:04,3202,-55
1601.51,00:02,3203,-102
1601.57,00:03,3203,-77
1601.6,00:04,3203,-55
1602.01,00:02,3204,-102
1602.07,00:03,3204,-77
1602.1,00:04,3204,-55
1602.51,00:02,3205,-102
1602.56,00:03,3205,-77
1602.6,00:04,3205,-56
1603.01,00:02,3206,-102
1603.07,00:03,3206,-77
1603.1,00:04,3206,-56
1603.52,00:02,3207,-102
1603.56,00:03,3207,-77
1603.6,00:04,3207,-56
1604.01,00:02,3208,-102
1604.07,00:03,3208,-77
1604.1,00:04,3208,-57
1604.51,00:02,3209,-102
1604.57,00:03,3209,-77
1604.6,00:04,3209,-57
1605.01,00:02,3210,-102
1605.06,00:03,3210,-77
1605.1,00:04,3210,-57
1605.51,00:02,3211,-102
1605.57,00:03,3211,-77
1605.6,00:04,3211,-58
1606.02,00:02,3212,-102
1606.07,00:03,3212,-77
1606.1,00:04,3212,-58
1606.51,00:02,3213,-103
1606.57,00:03,3213,-77
1606.6,00:04,3213,-58
1607.07,00:03,3214,-84
1607.1,00:04,3214,-66
1607.57,00:03,3215,-84
1607.6,00:04,3215,-66
1608.06,00:03,3216,-84
1608.1,00:04,3216,-66
1608.57,00:03,3217,-84
1608.6,00:04,3217,-67
1609.07,00:03,3218,-84
1609.1,00:04,3218,-67
1609.57,00:03,3219,-84
1609.6,00:04,3219,-67
1610.07,00:03,3220,-84
1610.1,00:04,3220,-67
1610.57,00:03,3221,-84
1610.6,00:04,3221,-68
1611.07,00:03,3222,-84
1611.1,00:04,3222,-68
1611.56,00:03,3223,-84
1611.6,00:04,3223,-68
1612.07,00:03,3224,-84
1612.1,00:04,3224,-68
1612.57,00:03,3225,-84
1612.6,00:04,3225,-69
1613.07,00:03,3226,-84
1613.1,00:04,3226,-69
1613.56,00:03,3227,-83
1613.6,00:04,3227,-69
1614.07,00:03,3228,-83
1614.1,00:04,3228,-70
1614.56,00:03,3229,-83
1614.6,00:04,3229,-70
1615.07,00:03,3230,-83
1615.1,00:04,3230,-70
1615.57,00:03,3231,-83
1615.6,00:04,3231,-70
1616.06,00:03,3232,-83
1616.1,00:04,3232,-70
1616.56,00:03,3233,-83
1616.6,00:04,3233,-71
1617.06,00:03,3234,-83
1617.1,00:04,3234,-71
1617.56,00:03,3235,-83
1617.6,00:04,3235,-71
1618.07,00:03,3236,-83
1618.1,00:04,3236,-71
1618.56,00:03,3237,-83
1618.6,00:04,3237,-72
1619.07,00:03,3238,-83
1619.1,00:04,3238,-72
1619.56,00:03,3239,-83
1619.6,00:04,3239,-72
1620.06,00:03,3240,-83
1620.1,00:04,3240,-72
1620.57,00:03,3241,-83
1620.6,00:04,3241,-73
1621.07,00:03,3242,-83
1621.1,00:04,3242,-73
1621.56,00:03,3243,-83
1621.6,00:04,3243,-73
1622.07,00:03,3244,-83
1622.1,00:04,3244,-73
1622.57,00:03,3245,-83
1622.6,00:04,3245,-73
1623.01,00:02,3246,-104
1623.07,00:03,3246,-76
1623.1,00:04,3246,-67
1623.51,00:02,3247,-104
1623.57,00:03,3247,-76
1623.6,00:04,3247,-67
1624.02,00:02,3248,-104
1624.06,00:03,3248,-76
1624.1,00:04,3248,-67
1624.52,00:02,3249,-104
1624.57,00:03,3249,-76
1624.6,00:04,3249,-67
1625.01,00:02,3250,-104
1625.07,00:03,3250,-76
1625.1,00:04,3250,-67
1625.51,00:02,3251,-105
1625.57,00:03,3251,-76
1625.6,00:04,3251,-68
1626.01,00:02,3252,-105
1626.06,00:03,3252,-76
1626.1,00:04,3252,-68
1626.51,00:02,3253,-105
1626.56,00:03,3253,-76
1626.6,00:04,3253,-68
1627.01,00:02,3254,-105
1627.07,00:03,3254,-77
1627.1,00:04,3254,-68
1627.51,00:02,3255,-105
1627.57,00:03,3255,-77
1627.6,00:04,3255,-68
1628.01,00:02,3256,-105
1628.07,00:03,3256,-77
1628.1,00:04,3256,-68
1628.51,00:02,3257,-105
1628.57,00:03,3257,-77
1628.6,00:04,3257,-68
1629.01,00:02,3258,-105
1629.07,00:03,3258,-77
1629.1,00:04,3258,-68
1629.52,00:02,3259,-105
1629.57,00:03,3259,-77
1629.6,00:04,3259,-67
1630.01,00:02,3260,-105
1630.07,00:03,3260,-77
1630.1,00:04,3260,-67
1630.51,00:02,3261,-105
1630.57,00:03,3261,-77
1630.6,00:04,3261,-67
1631.01,00:02,3262,-105
1631.07,00:03,3262,-77
1631.1,00:04,3262,-67
1631.51,00:02,3263,-105
1631.57,00:03,3263,-77
1631.6,00:04,3263,-67
1632.02,00:02,3264,-105
1632.07,00:03,3264,-77
1632.1,00:04,3264,-67
1632.51,00:02,3265,-105
1632.57,00:03,3265,-77
1632.6,00:04,3265,-67
1633.02,00:02,3266,-105
1633.07,00:03,3266,-77
1633.1,00:04,3266,-67
1633.52,00:02,3267,-105
1633.57,00:03,3267,-77
1633.6,00:04,3267,-67
1634.01,00:02,3268,-105
1634.07,00:03,3268,-77
1634.1,00:04,3268,-67
1634.51,00:02,3269,-105
1634.57,00:03,3269,-77
1634.6,00:04,3269,-66
1635.01,00:02,3270,-105
1635.07,00:03,3270,-77
1635.1,00:04,3270,-66
1635.51,00:02,3271,-105
1635.57,00:03,3271,-77
1635.6,00:04,3271,-66
1636.01,00:02,3272,-105
1636.07,00:03,3272,-77
1636.1,00:04,3272,-66
1636.51,00:02,3273,-105
1636.57,00:03,3273,-77
1636.6,00:04,3273,-66
1637.01,00:02,3274,-105
1637.07,00:03,3274,-77
1637.1,00:04,3274,-65
1637.51,00:02,3275,-105
1637.57,00:03,3275,-77
1637.6,00:04,3275,-65
1638.02,00:02,3276,-104
1638.06,00:03,3276,-77
1638.1,00:04,3276,-65
1638.52,00:02,3277,-104
1638.57,00:03,3277,-77
1638.6,00:04,3277,-65
1639.02,00:02,3278,-104
1639.07,00:03,3278,-77
1639.1,00:04,3278,-64
1639.51,00:02,3279,-104
1639.56,00:03,3279,-77
1639.6,00:04,3279,-64
1640.01,00:02,3280,-104
1640.07,00:03,3280,-77
1640.1,00:04,3280,-64
1640.51,00:02,3281,-104
1640.57,00:03,3281,-77
1640.6,00:04,3281,-64
1641.02,00:02,3282,-104
1641.07,00:03,3282,-77
1641.1,00:04,3282,-64
1641.51,00:02,3283,-104
1641.57,00:03,3283,-77
1641.6,00:04,3283,-63
1642.01,00:02,3284,-104
1642.07,00:03,3284,-77
1642.1,00:04,3284,-63
1642.51,00:02,3285,-104
1642.56,00:03,3285,-77
1642.6,00:04,3285,-63
1643.01,00:02,3286,-104
1643.07,00:03,3286,-77
1643.1,00:04,3286,-63
1643.51,00:02,3287,-104
1643.57,00:03,3287,-77
1643.6,00:04,3287,-62
1644.01,00:02,3288,-104
1644.07,00:03,3288,-77
1644.1,00:04,3288,-62
1644.51,00:02,3289,-104
1644.57,00:03,3289,-77
1644.6,00:04,3289,-62
1645.02,00:02,3290,-104
1645.07,00:03,3290,-78
1645.1,00:04,3290,-62
1645.51,00:02,3291,-104
1645.57,00:03,3291,-78
1645.6,00:04,3291,-61
1646.02,00:02,3292,-104
1646.07,00:03,3292,-78
1646.1,00:04,3292,-61
1646.51,00:02,3293,-104
1646.57,00:03,3293,-78
1646.6,00:04,3293,-61
1647.01,00:02,3294,-104
1647.07,00:03,3294,-78
1647.1,00:04,3294,-60
1647.52,00:02,3295,-104
1647.57,00:03,3295,-78
1647.6,00:04,3295,-60
1648.01,00:02,3296,-103
1648.07,00:03,3296,-78
1648.1,00:04,3296,-60
1648.52,00:02,3297,-103
1648.57,00:03,3297,-78
1648.6,00:04,3297,-60
1649.02,00:02,3298,-103
1649.06,00:03,3298,-78
1649.1,00:04,3298,-59
1649.51,00:02,3299,-103
1649.57,00:03,3299,-78
1649.6,00:04,3299,-59
1650.02,00:02,3300,-103
1650.06,00:03,3300,-78
1650.1,00:04,3300,-59
1650.52,00:02,3301,-103
1650.56,00:03,3301,-78
1650.6,00:04,3301,-58
1651.01,00:02,3302,-103
1651.06,00:03,3302,-78
1651.1,00:04,3302,-58
1651.51,00:02,3303,-103
1651.57,00:03,3303,-78
1651.6,00:04,3303,-58
1652.02,00:02,3304,-103
1652.07,00:03,3304,-78
1652.1,00:04,3304,-57
1652.52,00:02,3305,-103
1652.57,00:03,3305,-78
1652.6,00:04,3305,-57
1653.02,00:02,3306,-103
1653.07,00:03,3306,-78
1653.1,00:04,3306,-57
1653.52,00:02,3307,-103
1653.57,00:03,3307,-78
1653.6,00:04,3307,-56
1654.01,00:02,3308,-103
1654.07,00:03,3308,-78
1654.1,00:04,3308,-56
1654.52,00:02,3309,-103
1654.57,00:03,3309,-78
1654.6,00:04,3309,-55
1655.02,00:02,3310,-103
1655.07,00:03,3310,-78
1655.1,00:04,3310,-55
1655.52,00:02,3311,-103
1655.56,00:03,3311,-78
1655.6,00:04,3311,-55
1656.02,00:02,3312,-103
1656.06,00:03,3312,-78
1656.1,00:04,3312,-54
1656.52,00:02,3313,-103
1656.57,00:03,3313,-78
1656.6,00:04,3313,-54
1657.01,00:02,3314,-103
1657.06,00:03,3314,-78
1657.1,00:04,3314,-53
1657.51,00:02,3315,-103
1657.57,00:03,3315,-78
1657.6,00:04,3315,-53
1658.01,00:02,3316,-103
1658.07,00:03,3316,-78
1658.1,00:04,3316,-53
1658.51,00:02,3317,-102
1658.56,00:03,3317,-78
1658.6,00:04,3317,-52
1659.01,00:02,3318,-102
1659.07,00:03,3318,-78
1659.1,00:04,3318,-52
1659.51,00:02,3319,-102
1659.57,00:03,3319,-78
1659.6,00:04,3319,-51
1660.01,00:02,3320,-102
1660.07,00:03,3320,-78
1660.1,00:04,3320,-51
1660.52,00:02,3321,-102
1660.57,00:03,3321,-78
1660.6,00:04,3321,-51
1661.02,00:02,3322,-102
1661.07,00:03,3322,-78
1661.1,00:04,3322,-50
1661.51,00:02,3323,-102
1661.57,00:03,3323,-78
1661.6,00:04,3323,-50
1662.02,00:02,3324,-102
1662.07,00:03,3324,-78
1662.1,00:04,3324,-50
1662.52,00:02,3325,-102
1662.57,00:03,3325,-78
1662.6,00:04,3325,-50
1663.01,00:02,3326,-102
1663.07,00:03,3326,-78
1663.1,00:04,3326,-49
1663.52,00:02,3327,-102
1663.57,00:03,3327,-78
1663.6,00:04,3327,-49
1664.01,00:02,3328,-102
1664.07,00:03,3328,-78
1664.1,00:04,3328,-49
1664.51,00:02,3329,-102
1664.56,00:03,3329,-78
1664.6,00:04,3329,-48
1665.02,00:02,3330,-102
1665.07,00:03,3330,-78
1665.1,00:04,3330,-48
1665.51,00:02,3331,-102
1665.56,00:03,3331,-78
1665.6,00:04,3331,-47
1666.02,00:02,3332,-102
1666.07,00:03,3332,-79
1666.1,00:04,3332,-47
1666.52,00:02,3333,-102
1666.57,00:03,3333,-79
1666.6,00:04,3333,-47
1667.02,00:02,3334,-102
1667.07,00:03,3334,-79
1667.1,00:04,3334,-46
1667.51,00:02,3335,-102
1667.57,00:03,3335,-79
1667.6,00:04,3335,-46
1668.01,00:02,3336,-102
1668.07,00:03,3336,-79
1668.1,00:04,3336,-45
1668.51,00:02,3337,-102
1668.56,00:03,3337,-79
1668.6,00:04,3337,-45
1669.01,00:02,3338,-102
1669.07,00:03,3338,-79
1669.1,00:04,3338,-44
1669.51,00:02,3339,-101
1669.57,00:03,3339,-79
1669.6,00:04,3339,-44
1670.01,00:02,3340,-101
1670.06,00:03,3340,-79
1670.1,00:04,3340,-43
1670.51,00:02,3341,-101
1670.57,00:03,3341,-79
1670.6,00:04,3341,-42
1671.01,00:02,3342,-101
1671.07,00:03,3342,-79
1671.1,00:04,3342,-42
1671.52,00:02,3343,-101
1671.57,00:03,3343,-79
1671.6,00:04,3343,-41
1672.01,00:02,3344,-101
1672.06,00:03,3344,-79
1672.1,00:04,3344,-40
1672.51,00:02,3345,-101
1672.57,00:03,3345,-79
1672.6,00:04,3345,-40
1673.01,00:02,3346,-101
1673.07,00:03,3346,-79
1673.1,00:04,3346,-39
1673.51,00:02,3347,-101
1673.57,00:03,3347,-79
1673.6,00:04,3347,-38
1674.01,00:02,3348,-101
1674.07,00:03,3348,-79
1674.1,00:04,3348,-37
1674.51,00:02,3349,-101
1674.57,00:03,3349,-79
1674.6,00:04,3349,-36
1675.02,00:02,3350,-101
1675.07,00:03,3350,-79
1675.1,00:04,3350,-36
1675.52,00:02,3351,-101
1675.57,00:03,3351,-79
1675.6,00:04,3351,-35
1676.02,00:02,3352,-101
1676.07,00:03,3352,-79
1676.1,00:04,3352,-34
1676.51,00:02,3353,-101
1676.57,00:03,3353,-79
1676.6,00:04,3353,-34
1677.01,00:02,3354,-101
1677.07,00:03,3354,-79
1677.1,00:04,3354,-34
1677.52,00:02,3355,-101
1677.57,00:03,3355,-79
1677.6,00:04,3355,-34
1678.01,00:02,3356,-101
1678.07,00:03,3356,-79
1678.1,00:04,3356,-35
1678.52,00:02,3357,-101
1678.56,00:03,3357,-79
1678.6,00:04,3357,-35
1679.01,00:02,3358,-101
1679.07,00:03,3358,-80
1679.1,00:04,3358,-36
1679.51,00:02,3359,-101
1679.57,00:03,3359,-80
1679.6,00:04,3359,-37
1680.01,00:02,3360,-101
1680.07,00:03,3360,-80
1680.1,00:04,3360,-38
1680.52,00:02,3361,-101
1680.57,00:03,3361,-80
1680.6,00:04,3361,-38
1681.01,00:02,3362,-101
1681.07,00:03,3362,-80
1681.1,00:04,3362,-39
1681.52,00:02,3363,-101
1681.57,00:03,3363,-80
1681.6,00:04,3363,-40
1682.01,00:02,3364,-100
1682.07,00:03,3364,-80
1682.1,00:04,3364,-41
1682.52,00:02,3365,-100
1682.57,00:03,3365,-80
1682.6,00:04,3365,-41
1683.01,00:02,3366,-100
1683.07,00:03,3366,-80
1683.1,00:04,3366,-42
1683.52,00:02,3367,-100
1683.57,00:03,3367,-80
1683.6,00:04,3367,-43
1684.01,00:02,3368,-100
1684.07,00:03,3368,-80
1684.1,00:04,3368,-43
1684.51,00:02,3369,-100
1684.56,00:03,3369,-80
1684.6,00:04,3369,-44
1685.02,00:02,3370,-100
1685.07,00:03,3370,-80
1685.1,00:04,3370,-44
1685.51,00:02,3371,-100
1685.57,00:03,3371,-80
1685.6,00:04,3371,-45
1686.02,00:02,3372,-100
1686.07,00:03,3372,-80
1686.1,00:04,3372,-45
1686.51,00:02,3373,-100
1686.57,00:03,3373,-80
1686.6,00:04,3373,-46
1687.01,00:02,3374,-100
1687.07,00:03,3374,-80
1687.1,00:04,3374,-46
1687.51,00:02,3375,-100
1687.57,00:03,3375,-80
1687.6,00:04,3375,-47
1688.01,00:02,3376,-100
1688.07,00:03,3376,-80
1688.1,00:04,3376,-47
1688.52,00:02,3377,-100
1688.57,00:03,3377,-80
1688.6,00:04,3377,-48
1689.02,00:02,3378,-100
1689.06,00:03,3378,-80
1689.1,00:04,3378,-48
1689.51,00:02,3379,-100
1689.56,00:03,3379,-80
1689.6,00:04,3379,-48
1690.02,00:02,3380,-100
1690.07,00:03,3380,-80
1690.1,00:04,3380,-49
1690.52,00:02,3381,-100
1690.57,00:03,3381,-81
1690.6,00:04,3381,-49
1691.02,00:02,3382,-100
1691.06,00:03,3382,-81
1691.1,00:04,3382,-49
1691.51,00:02,3383,-100
1691.57,00:03,3383,-81
1691.6,00:04,3383,-50
1692.01,00:02,3384,-100
1692.07,00:03,3384,-81
1692.1,00:04,3384,-50
1692.51,00:02,3385,-100
1692.57,00:03,3385,-81
1692.6,00:04,3385,-50
1693.02,00:02,3386,-100
1693.07,00:03,3386,-81
1693.1,00:04,3386,-51
1693.52,00:02,3387,-100
1693.57,00:03,3387,-81
1693.6,00:04,3387,-51
1694.02,00:02,3388,-100
1694.07,00:03,3388,-81
1694.1,00:04,3388,-51
1694.51,00:02,3389,-100
1694.57,00:03,3389,-81
1694.6,00:04,3389,-51
1695.02,00:02,3390,-100
1695.07,00:03,3390,-81
1695.1,00:04,3390,-52
1695.51,00:02,3391,-100
1695.57,00:03,3391,-81
1695.6,00:04,3391,-52
1696.02,00:02,3392,-100
1696.07,00:03,3392,-81
1696.1,00:04,3392,-53
1696.52,00:02,3393,-100
1696.57,00:03,3393,-81
1696.6,00:04,3393,-53
1697.01,00:02,3394,-100
1697.07,00:03,3394,-81
1697.1,00:04,3394,-54
1697.51,00:02,3395,-99
1697.56,00:03,3395,-81
1697.6,00:04,3395,-54
1698.02,00:02,3396,-99
1698.06,00:03,3396,-81
1698.1,00:04,3396,-54
1698.51,00:02,3397,-99
1698.56,00:03,3397,-81
1698.6,00:04,3397,-55
1699.02,00:02,3398,-99
1699.07,00:03,3398,-81
1699.1,00:04,3398,-55
1699.51,00:02,3399,-99
1699.57,00:03,3399,-81
1699.6,00:04,3399,-56
1700.01,00:02,3400,-99
1700.06,00:03,3400,-81
1700.1,00:04,3400,-56
1700.52,00:02,3401,-99
1700.57,00:03,3401,-81
1700.6,00:04,3401,-56
1701.01,00:02,3402,-99
1701.06,00:03,3402,-81
1701.1,00:04,3402,-57
1701.52,00:02,3403,-99
1701.57,00:03,3403,-82
1701.6,00:04,3403,-57
1702.01,00:02,3404,-99
1702.07,00:03,3404,-82
1702.1,00:04,3404,-57
1702.51,00:02,3405,-99
1702.57,00:03,3405,-82
1702.6,00:04,3405,-58
1703.02,00:02,3406,-99
1703.07,00:03,3406,-82
1703.1,00:04,3406,-58
1703.51,00:02,3407,-99
1703.57,00:03,3407,-82
1703.6,00:04,3407,-58
1704.02,00:02,3408,-99
1704.07,00:03,3408,-82
1704.1,00:04,3408,-59
1704.52,00:02,3409,-99
1704.57,00:03,3409,-82
1704.6,00:04,3409,-59
1705.02,00:02,3410,-99
1705.07,00:03,3410,-82
1705.1,00:04,3410,-59
1705.52,00:02,3411,-99
1705.57,00:03,3411,-82
1705.6,00:04,3411,-60
1706.01,00:02,3412,-99
1706.07,00:03,3412,-82
1706.1,00:04,3412,-60
1706.51,00:02,3413,-99
1706.56,00:03,3413,-82
1706.6,00:04,3413,-60
1707.02,00:02,3414,-99
1707.07,00:03,3414,-82
1707.1,00:04,3414,-61
1707.51,00:02,3415,-99
1707.57,00:03,3415,-82
1707.6,00:04,3415,-61
1708.01,00:02,3416,-99
1708.07,00:03,3416,-82
1708.1,00:04,3416,-61
1708.51,00:02,3417,-99
1708.57,00:03,3417,-82
1708.6,00:04,3417,-61
1709.02,00:02,3418,-99
1709.07,00:03,3418,-82
1709.1,00:04,3418,-62
1709.51,00:02,3419,-99
1709.57,00:03,3419,-82
1709.6,00:04,3419,-62
1710.02,00:02,3420,-99
1710.07,00:03,3420,-82
1710.1,00:04,3420,-62
1710.51,00:02,3421,-99
1710.57,00:03,3421,-82
1710.6,00:04,3421,-62
1711.01,00:02,3422,-99
1711.07,00:03,3422,-82
1711.1,00:04,3422,-63
1711.52,00:02,3423,-99
1711.57,00:03,3423,-83
1711.6,00:04,3423,-63
1712.02,00:02,3424,-99
1712.07,00:03,3424,-83
1712.1,00:04,3424,-63
1712.52,00:02,3425,-99
1712.57,00:03,3425,-83
1712.6,00:04,3425,-63
1713.01,00:02,3426,-99
1713.07,00:03,3426,-83
1713.1,00:04,3426,-64
1713.51,00:02,3427,-99
1713.57,00:03,3427,-83
1713.6,00:04,3427,-64
1714.02,00:02,3428,-99
1714.07,00:03,3428,-83
1714.1,00:04,3428,-64
1714.52,00:02,3429,-99
1714.57,00:03,3429,-83
1714.6,00:04,3429,-64
1715.01,00:02,3430,-99
1715.07,00:03,3430,-83
1715.1,00:04,3430,-65
1715.52,00:02,3431,-99
1715.57,00:03,3431,-83
1715.6,00:04,3431,-65
1716.02,00:02,3432,-99
1716.07,00:03,3432,-83
1716.1,00:04,3432,-65
1716.51,00:02,3433,-99
1716.56,00:03,3433,-83
1716.6,00:04,3433,-65
1717.01,00:02,3434,-99
1717.07,00:03,3434,-83
1717.1,00:04,3434,-65
1717.51,00:02,3435,-99
1717.57,00:03,3435,-83
1717.6,00:04,3435,-66
1718.01,00:02,3436,-99
1718.07,00:03,3436,-83
1718.1,00:04,3436,-66
1718.51,00:02,3437,-99
1718.57,00:03,3437,-83
1718.6,00:04,3437,-66
1719.01,00:02,3438,-99
1719.07,00:03,3438,-83
1719.1,00:04,3438,-66
1719.51,00:02,3439,-99
1719.57,00:03,3439,-83
1719.6,00:04,3439,-67
1720.02,00:02,3440,-99
1720.07,00:03,3440,-83
1720.1,00:04,3440,-67
1720.51,00:02,3441,-99
1720.57,00:03,3441,-83
1720.6,00:04,3441,-67
1721.01,00:02,3442,-99
1721.06,00:03,3442,-83
1721.1,00:04,3442,-67
1721.51,00:02,3443,-99
1721.57,00:03,3443,-83
1721.6,00:04,3443,-67
