Time_s,Src_MAC,Seq_Num,RSSI_dBm
0.00721692,00:02,0,-56
0.0568523,00:03,0,-90
0.10735,00:04,0,-101
0.506144,00:02,1,-56
0.55686,00:03,1,-90
0.608032,00:04,1,-101
1.00767,00:02,2,-56
1.05734,00:03,2,-90
1.10798,00:04,2,-101
1.5083,00:02,3,-57
1.55617,00:03,3,-90
1.60875,00:04,3,-101
2.0058,00:02,4,-57
2.05636,00:03,4,-90
2.10881,00:04,4,-101
2.50531,00:02,5,-58
2.55874,00:03,5,-89
2.60708,00:04,5,-101
3.00724,00:02,6,-59
3.05737,00:03,6,-89
3.10638,00:04,6,-101
3.5067,00:02,7,-59
3.55725,00:03,7,-89
3.60555,00:04,7,-101
4.00729,00:02,8,-60
4.05668,00:03,8,-89
4.10612,00:04,8,-101
4.50887,00:02,9,-60
4.55702,00:03,9,-89
4.607,00:04,9,-101
5.0061,00:02,10,-61
5.05704,00:03,10,-89
5.10815,00:04,10,-100
5.50828,00:02,11,-62
5.55804,00:03,11,-89
5.6077,00:04,11,-100
6.00769,00:02,12,-62
6.05739,00:03,12,-89
6.10594,00:04,12,-100
6.5076,00:02,13,-63
6.55645,00:03,13,-89
6.60736,00:04,13,-100
7.00645,00:02,14,-63
7.05629,00:03,14,-89
7.10809,00:04,14,-100
7.50857,00:02,15,-64
7.55656,00:03,15,-88
7.60653,00:04,15,-100
8.00728,00:02,16,-64
8.05737,00:03,16,-88
8.10751,00:04,16,-100
8.50746,00:02,17,-65
8.55803,00:03,17,-88
8.60666,00:04,17,-100
9.00763,00:02,18,-65
9.05483,00:03,18,-88
9.10705,00:04,18,-100
9.50663,00:02,19,-66
9.55901,00:03,19,-88
9.60872,00:04,19,-100
10.0058,00:02,20,-66
10.057,00:03,20,-88
10.1073,00:04,20,-100
10.5088,00:02,21,-67
10.5577,00:03,21,-88
10.6065,00:04,21,-100
11.0063,00:02,22,-67
11.0571,00:03,22,-88
11.1065,00:04,22,-100
11.5071,00:02,23,-68
11.5562,00:03,23,-88
11.6078,00:04,23,-100
12.0058,00:02,24,-68
12.0562,00:03,24,-87
12.1073,00:04,24,-100
12.5073,00:02,25,-68
12.5567,00:03,25,-87
12.6072,00:04,25,-100
13.0065,00:02,26,-69
13.0572,00:03,26,-87
13.1075,00:04,26,-100
13.5063,00:02,27,-69
13.5557,00:03,27,-87
13.6075,00:04,27,-100
14.0063,00:02,28,-69
14.0587,00:03,28,-87
14.1078,00:04,28,-100
14.5083,00:02,29,-70
14.5572,00:03,29,-87
14.607,00:04,29,-100
15.0073,00:02,30,-70
15.0576,00:03,30,-87
15.1063,00:04,30,-100
15.5077,00:02,31,-70
15.5575,00:03,31,-87
15.6072,00:04,31,-100
16.0074,00:02,32,-71
16.0567,00:03,32,-87
16.1067,00:04,32,-100
16.5071,00:02,33,-71
16.5573,00:03,33,-86
16.6088,00:04,33,-100
17.0068,00:02,34,-71
17.0571,00:03,34,-86
17.1081,00:04,34,-100
17.5067,00:02,35,-71
17.5572,00:03,35,-86
17.6063,00:04,35,-100
18.0058,00:02,36,-72
18.0571,00:03,36,-86
18.1071,00:04,36,-100
18.506,00:02,37,-72
18.5582,00:03,37,-86
18.6073,00:04,37,-100
19.0068,00:02,38,-73
19.0559,00:03,38,-86
19.1067,00:04,38,-100
19.5076,00:02,39,-73
19.557,00:03,39,-86
19.6062,00:04,39,-100
20.0067,00:02,40,-74
20.057,00:03,40,-86
20.1089,00:04,40,-100
20.505,00:02,41,-74
20.556,00:03,41,-85
20.6073,00:04,41,-99
21.0065,00:02,42,-74
21.0581,00:03,42,-85
21.1074,00:04,42,-99
21.5072,00:02,43,-75
21.5558,00:03,43,-85
21.6072,00:04,43,-99
22.0075,00:02,44,-75
22.055,00:03,44,-85
22.1068,00:04,44,-99
22.5054,00:02,45,-76
22.5565,00:03,45,-85
22.608,00:04,45,-99
23.0075,00:02,46,-76
23.0553,00:03,46,-85
23.1061,00:04,46,-99
23.5067,00:02,47,-76
23.5575,00:03,47,-85
23.607,00:04,47,-99
24.0073,00:02,48,-77
24.0567,00:03,48,-85
24.1063,00:04,48,-99
24.5047,00:02,49,-77
24.5583,00:03,49,-84
24.6067,00:04,49,-99
25.0078,00:02,50,-77
25.0571,00:03,50,-84
25.1079,00:04,50,-99
25.5064,00:02,51,-78
25.5563,00:03,51,-84
25.6064,00:04,51,-99
26.0069,00:02,52,-78
26.058,00:03,52,-84
26.1056,00:04,52,-99
26.5074,00:02,53,-78
26.5561,00:03,53,-84
26.6082,00:04,53,-99
27.0053,00:02,54,-79
27.058,00:03,54,-84
27.1079,00:04,54,-99
27.5081,00:02,55,-79
27.5563,00:03,55,-84
27.6058,00:04,55,-99
28.0079,00:02,56,-79
28.057,00:03,56,-83
28.1059,00:04,56,-99
28.5079,00:02,57,-80
28.5559,00:03,57,-83
28.6064,00:04,57,-99
29.0063,00:02,58,-80
29.0571,00:03,58,-83
29.1056,00:04,58,-99
29.508,00:02,59,-80
29.5561,00:03,59,-83
29.6075,00:04,59,-99
30.0076,00:02,60,-80
30.0558,00:03,60,-83
30.1059,00:04,60,-99
30.5073,00:02,61,-81
30.5563,00:03,61,-83
30.6077,00:04,61,-99
31.0068,00:02,62,-81
31.0591,00:03,62,-83
31.107,00:04,62,-99
31.5058,00:02,63,-81
31.558,00:03,63,-82
31.6073,00:04,63,-99
32.0073,00:02,64,-82
32.0566,00:03,64,-82
32.1081,00:04,64,-99
32.5067,00:02,65,-82
32.5578,00:03,65,-82
32.6085,00:04,65,-99
33.007,00:02,66,-82
33.0573,00:03,66,-82
33.1073,00:04,66,-99
33.505,00:02,67,-82
33.5565,00:03,67,-82
33.6079,00:04,67,-99
34.0071,00:02,68,-83
34.0582,00:03,68,-82
34.1068,00:04,68,-99
34.5058,00:02,69,-83
34.5549,00:03,69,-82
34.6068,00:04,69,-99
35.007,00:02,70,-83
35.0562,00:03,70,-81
35.1088,00:04,70,-99
35.5051,00:02,71,-83
35.557,00:03,71,-81
35.6078,00:04,71,-99
36.0065,00:02,72,-84
36.0556,00:03,72,-81
36.1088,00:04,72,-99
36.5069,00:02,73,-84
36.5561,00:03,73,-81
36.6076,00:04,73,-99
37.0054,00:02,74,-84
37.058,00:03,74,-81
37.107,00:04,74,-99
37.5051,00:02,75,-84
37.5574,00:03,75,-81
37.6064,00:04,75,-99
38.0065,00:02,76,-85
38.0577,00:03,76,-80
38.1075,00:04,76,-99
38.5083,00:02,77,-85
38.5554,00:03,77,-80
38.6071,00:04,77,-99
39.0072,00:02,78,-85
39.0568,00:03,78,-80
39.1054,00:04,78,-99
39.5059,00:02,79,-85
39.5561,00:03,79,-80
39.6078,00:04,79,-99
40.0056,00:02,80,-85
40.0564,00:03,80,-80
40.1076,00:04,80,-99
40.5068,00:02,81,-86
40.5586,00:03,81,-80
40.6083,00:04,81,-99
41.0056,00:02,82,-86
41.0565,00:03,82,-79
41.1071,00:04,82,-99
41.5083,00:02,83,-86
41.5573,00:03,83,-79
41.6082,00:04,83,-99
42.0074,00:02,84,-86
42.0563,00:03,84,-79
42.1064,00:04,84,-99
42.5067,00:02,85,-86
42.5587,00:03,85,-79
42.6067,00:04,85,-99
43.006,00:02,86,-87
43.058,00:03,86,-79
43.1085,00:04,86,-99
43.5064,00:02,87,-87
43.5561,00:03,87,-79
43.6088,00:04,87,-99
44.0055,00:02,88,-87
44.0579,00:03,88,-78
44.108,00:04,88,-99
44.5061,00:02,89,-87
44.5566,00:03,89,-78
44.6063,00:04,89,-99
45.0068,00:02,90,-87
45.0565,00:03,90,-78
45.1084,00:04,90,-99
45.506,00:02,91,-88
45.5577,00:03,91,-78
45.6092,00:04,91,-99
46.006,00:02,92,-88
46.0571,00:03,92,-78
46.1078,00:04,92,-99
46.5057,00:02,93,-88
46.556,00:03,93,-77
46.6069,00:04,93,-99
47.0073,00:02,94,-88
47.0579,00:03,94,-77
47.1086,00:04,94,-99
47.5059,00:02,95,-88
47.5585,00:03,95,-77
47.6092,00:04,95,-99
48.0071,00:02,96,-89
48.0554,00:03,96,-77
48.1073,00:04,96,-99
48.5053,00:02,97,-89
48.5569,00:03,97,-77
48.6071,00:04,97,-99
49.0069,00:02,98,-89
49.0558,00:03,98,-76
49.1075,00:04,98,-99
49.5067,00:02,99,-89
49.558,00:03,99,-76
49.6076,00:04,99,-99
50.008,00:02,100,-89
50.0569,00:03,100,-76
50.1082,00:04,100,-99
50.5058,00:02,101,-89
50.5576,00:03,101,-76
50.6082,00:04,101,-99
51.0063,00:02,102,-90
51.0581,00:03,102,-75
51.1073,00:04,102,-99
51.5067,00:02,103,-90
51.5557,00:03,103,-75
51.6062,00:04,103,-99
52.0061,00:02,104,-90
52.0581,00:03,104,-75
52.1093,00:04,104,-99
52.507,00:02,105,-90
52.5586,00:03,105,-75
52.6093,00:04,105,-99
53.006,00:02,106,-90
53.0567,00:03,106,-75
53.1075,00:04,106,-99
53.5059,00:02,107,-90
53.5561,00:03,107,-74
53.6073,00:04,107,-99
54.0055,00:02,108,-91
54.058,00:03,108,-74
54.1061,00:04,108,-99
54.5066,00:02,109,-91
54.5564,00:03,109,-74
54.6082,00:04,109,-99
55.0074,00:02,110,-91
55.0582,00:03,110,-74
55.1086,00:04,110,-99
55.5061,00:02,111,-91
55.556,00:03,111,-73
55.6082,00:04,111,-99
56.0064,00:02,112,-91
56.0571,00:03,112,-73
56.1068,00:04,112,-99
56.5059,00:02,113,-91
56.5575,00:03,113,-73
56.6073,00:04,113,-99
57.0055,00:02,114,-91
57.0569,00:03,114,-73
57.1061,00:04,114,-99
57.5057,00:02,115,-92
57.5569,00:03,115,-72
57.6061,00:04,115,-99
58.0071,00:02,116,-92
58.0561,00:03,116,-72
58.1095,00:04,116,-99
58.5065,00:02,117,-92
58.5577,00:03,117,-72
58.6078,00:04,117,-99
59.0058,00:02,118,-92
59.0557,00:03,118,-72
59.1078,00:04,118,-99
59.5081,00:02,119,-92
59.5573,00:03,119,-71
59.6076,00:04,119,-99
60.0052,00:02,120,-92
60.0561,00:03,120,-71
60.1075,00:04,120,-99
60.5053,00:02,121,-93
60.557,00:03,121,-71
60.6077,00:04,121,-99
61.0069,00:02,122,-93
61.0562,00:03,122,-70
61.1066,00:04,122,-99
61.5047,00:02,123,-93
61.5572,00:03,123,-70
61.6087,00:04,123,-99
62.0061,00:02,124,-93
62.0576,00:03,124,-70
62.1073,00:04,124,-99
62.5058,00:02,125,-93
62.5579,00:03,125,-69
62.6083,00:04,125,-99
63.0067,00:02,126,-93
63.057,00:03,126,-69
63.108,00:04,126,-99
63.5056,00:02,127,-93
63.5554,00:03,127,-69
63.6065,00:04,127,-99
64.0047,00:02,128,-93
64.0575,00:03,128,-69
64.1087,00:04,128,-99
64.5063,00:02,129,-94
64.5569,00:03,129,-68
64.6074,00:04,129,-99
65.0056,00:02,130,-94
65.0565,00:03,130,-68
65.1081,00:04,130,-99
65.5073,00:02,131,-94
65.5567,00:03,131,-67
65.6072,00:04,131,-99
66.0073,00:02,132,-94
66.0563,00:03,132,-67
66.1074,00:04,132,-99
66.5054,00:02,133,-94
66.5578,00:03,133,-67
66.609,00:04,133,-99
67.0057,00:02,134,-94
67.0553,00:03,134,-66
67.1091,00:04,134,-99
67.508,00:02,135,-94
67.5568,00:03,135,-66
67.6069,00:04,135,-99
68.0049,00:02,136,-95
68.0562,00:03,136,-66
68.1087,00:04,136,-99
68.5067,00:02,137,-95
68.5568,00:03,137,-65
68.6056,00:04,137,-99
69.0066,00:02,138,-95
69.0564,00:03,138,-65
69.1068,00:04,138,-99
69.5056,00:02,139,-95
69.5583,00:03,139,-64
69.608,00:04,139,-100
70.0046,00:02,140,-95
70.0563,00:03,140,-64
70.1079,00:04,140,-100
70.5072,00:02,141,-95
70.5566,00:03,141,-64
70.6075,00:04,141,-100
71.0068,00:02,142,-95
71.0553,00:03,142,-63
71.1072,00:04,142,-100
71.507,00:02,143,-95
71.5569,00:03,143,-63
71.6067,00:04,143,-100
72.0079,00:02,144,-96
72.0572,00:03,144,-62
72.107,00:04,144,-100
72.5067,00:02,145,-96
72.5584,00:03,145,-62
72.6058,00:04,145,-100
73.0073,00:02,146,-96
73.0574,00:03,146,-62
73.1082,00:04,146,-100
73.5063,00:02,147,-96
73.5564,00:03,147,-61
73.6062,00:04,147,-100
74.0078,00:02,148,-96
74.056,00:03,148,-61
74.1078,00:04,148,-100
74.5068,00:02,149,-96
74.5566,00:03,149,-61
74.6067,00:04,149,-100
75.0047,00:02,150,-96
75.0552,00:03,150,-60
75.1094,00:04,150,-100
75.5048,00:02,151,-96
75.5562,00:03,151,-60
75.6066,00:04,151,-100
76.0064,00:02,152,-96
76.0562,00:03,152,-60
76.1072,00:04,152,-100
76.5068,00:02,153,-97
76.5574,00:03,153,-59
76.6076,00:04,153,-100
77.0071,00:02,154,-97
77.0574,00:03,154,-59
77.1074,00:04,154,-100
77.5069,00:02,155,-97
77.5572,00:03,155,-59
77.6064,00:04,155,-100
78.0065,00:02,156,-97
78.0564,00:03,156,-58
78.107,00:04,156,-100
78.5053,00:02,157,-97
78.5575,00:03,157,-58
78.6092,00:04,157,-100
79.0061,00:02,158,-97
79.0571,00:03,158,-58
79.1079,00:04,158,-100
79.5068,00:02,159,-97
79.5584,00:03,159,-57
79.6083,00:04,159,-100
80.005,00:02,160,-97
80.0552,00:03,160,-57
80.1076,00:04,160,-100
80.5052,00:02,161,-97
80.5561,00:03,161,-56
80.6064,00:04,161,-100
81.0049,00:02,162,-98
81.0556,00:03,162,-56
81.107,00:04,162,-100
81.5053,00:02,163,-98
81.5566,00:03,163,-55
81.6075,00:04,163,-100
82.0057,00:02,164,-98
82.0578,00:03,164,-55
82.1093,00:04,164,-100
82.5054,00:02,165,-98
82.5567,00:03,165,-54
82.6079,00:04,165,-100
83.0065,00:02,166,-98
83.0567,00:03,166,-54
83.108,00:04,166,-100
83.507,00:02,167,-98
83.557,00:03,167,-53
83.6072,00:04,167,-100
84.0062,00:02,168,-98
84.0581,00:03,168,-53
84.1072,00:04,168,-100
84.5054,00:02,169,-98
84.5567,00:03,169,-52
84.6069,00:04,169,-100
85.0063,00:02,170,-98
85.0587,00:03,170,-52
85.1091,00:04,170,-101
85.5073,00:02,171,-99
85.5555,00:03,171,-51
85.6083,00:04,171,-101
86.0062,00:02,172,-99
86.0562,00:03,172,-50
86.1093,00:04,172,-101
86.5057,00:02,173,-99
86.5583,00:03,173,-50
86.6073,00:04,173,-101
87.0053,00:02,174,-99
87.0554,00:03,174,-49
87.1078,00:04,174,-101
87.5045,00:02,175,-99
87.5569,00:03,175,-48
87.6084,00:04,175,-101
88.0065,00:02,176,-99
88.0566,00:03,176,-48
88.1079,00:04,176,-101
88.505,00:02,177,-99
88.5573,00:03,177,-47
88.6088,00:04,177,-101
89.0059,00:02,178,-99
89.0583,00:03,178,-47
89.1061,00:04,178,-101
89.5046,00:02,179,-99
89.5576,00:03,179,-47
89.6092,00:04,179,-101
90.0048,00:02,180,-99
90.0564,00:03,180,-47
90.1093,00:04,180,-101
90.5052,00:02,181,-99
90.5555,00:03,181,-48
90.6075,00:04,181,-101
91.0066,00:02,182,-99
91.0573,00:03,182,-49
91.1081,00:04,182,-101
91.5072,00:02,183,-99
91.5563,00:03,183,-50
91.6093,00:04,183,-101
92.0064,00:02,184,-99
92.0566,00:03,184,-50
92.1073,00:04,184,-101
92.5046,00:02,185,-99
92.5578,00:03,185,-51
92.6074,00:04,185,-100
93.007,00:02,186,-99
93.0572,00:03,186,-52
93.1077,00:04,186,-100
93.5063,00:02,187,-99
93.5566,00:03,187,-53
93.6077,00:04,187,-100
94.0074,00:02,188,-99
94.0579,00:03,188,-53
94.1069,00:04,188,-100
94.507,00:02,189,-99
94.5582,00:03,189,-54
94.6083,00:04,189,-100
95.0069,00:02,190,-99
95.0555,00:03,190,-54
95.1088,00:04,190,-100
95.5067,00:02,191,-99
95.5557,00:03,191,-54
95.6089,00:04,191,-100
96.0079,00:02,192,-99
96.0571,00:03,192,-54
96.107,00:04,192,-100
96.5048,00:02,193,-99
96.5556,00:03,193,-54
96.609,00:04,193,-100
97.0065,00:02,194,-99
97.0583,00:03,194,-55
97.1085,00:04,194,-100
97.5047,00:02,195,-99
97.555,00:03,195,-55
97.607,00:04,195,-100
98.0073,00:02,196,-99
98.0567,00:03,196,-55
98.1072,00:04,196,-100
98.5062,00:02,197,-99
98.5577,00:03,197,-55
98.6089,00:04,197,-100
99.007,00:02,198,-99
99.0588,00:03,198,-55
99.1072,00:04,198,-100
99.5053,00:02,199,-99
99.5554,00:03,199,-55
99.6073,00:04,199,-100
100.006,00:02,200,-99
100.056,00:03,200,-55
100.108,00:04,200,-100
100.505,00:02,201,-99
100.555,00:03,201,-56
100.609,00:04,201,-100
101.006,00:02,202,-98
101.056,00:03,202,-56
101.107,00:04,202,-100
101.505,00:02,203,-98
101.556,00:03,203,-56
101.608,00:04,203,-100
102.005,00:02,204,-98
102.056,00:03,204,-57
102.108,00:04,204,-100
102.507,00:02,205,-98
102.555,00:03,205,-57
102.609,00:04,205,-100
103.006,00:02,206,-98
103.056,00:03,206,-57
103.108,00:04,206,-99
103.506,00:02,207,-98
103.558,00:03,207,-57
103.609,00:04,207,-99
104.005,00:02,208,-98
104.057,00:03,208,-58
104.109,00:04,208,-99
104.507,00:02,209,-98
104.556,00:03,209,-58
104.608,00:04,209,-99
105.007,00:02,210,-98
105.058,00:03,210,-58
105.109,00:04,210,-99
105.506,00:02,211,-98
105.558,00:03,211,-59
105.607,00:04,211,-99
106.006,00:02,212,-97
106.057,00:03,212,-59
106.108,00:04,212,-99
106.506,00:02,213,-97
106.557,00:03,213,-59
106.608,00:04,213,-99
107.006,00:02,214,-97
107.057,00:03,214,-59
107.11,00:04,214,-99
107.506,00:02,215,-97
107.556,00:03,215,-60
107.607,00:04,215,-99
108.006,00:02,216,-97
108.056,00:03,216,-60
108.109,00:04,216,-99
108.506,00:02,217,-97
108.556,00:03,217,-60
108.61,00:04,217,-99
109.005,00:02,218,-97
109.056,00:03,218,-61
109.108,00:04,218,-99
109.505,00:02,219,-97
109.556,00:03,219,-61
109.608,00:04,219,-99
110.006,00:02,220,-97
110.058,00:03,220,-61
110.108,00:04,220,-99
110.505,00:02,221,-96
110.556,00:03,221,-61
110.608,00:04,221,-99
111.005,00:02,222,-96
111.056,00:03,222,-62
111.108,00:04,222,-99
111.505,00:02,223,-96
111.556,00:03,223,-62
111.608,00:04,223,-99
112.006,00:02,224,-96
112.057,00:03,224,-62
112.107,00:04,224,-99
112.505,00:02,225,-96
112.557,00:03,225,-62
112.609,00:04,225,-99
113.007,00:02,226,-96
113.057,00:03,226,-63
113.11,00:04,226,-99
113.505,00:02,227,-96
113.557,00:03,227,-63
113.608,00:04,227,-99
114.004,00:02,228,-96
114.055,00:03,228,-64
114.107,00:04,228,-99
114.506,00:02,229,-96
114.556,00:03,229,-64
114.609,00:04,229,-99
115.007,00:02,230,-95
115.059,00:03,230,-64
115.108,00:04,230,-99
115.506,00:02,231,-95
115.555,00:03,231,-65
115.608,00:04,231,-99
116.006,00:02,232,-95
116.057,00:03,232,-65
116.107,00:04,232,-99
116.506,00:02,233,-95
116.555,00:03,233,-66
116.609,00:04,233,-99
117.006,00:02,234,-95
117.057,00:03,234,-66
117.107,00:04,234,-99
117.506,00:02,235,-95
117.557,00:03,235,-66
117.608,00:04,235,-98
118.007,00:02,236,-95
118.057,00:03,236,-67
118.107,00:04,236,-98
118.507,00:02,237,-95
118.556,00:03,237,-67
118.608,00:04,237,-98
119.006,00:02,238,-94
119.058,00:03,238,-67
119.107,00:04,238,-98
119.506,00:02,239,-94
119.556,00:03,239,-68
119.609,00:04,239,-98
120.006,00:02,240,-94
120.057,00:03,240,-68
120.108,00:04,240,-98
120.505,00:02,241,-94
120.557,00:03,241,-68
120.609,00:04,241,-98
121.006,00:02,242,-94
121.055,00:03,242,-69
121.109,00:04,242,-98
121.507,00:02,243,-94
121.558,00:03,243,-69
121.609,00:04,243,-98
122.007,00:02,244,-94
122.057,00:03,244,-69
122.109,00:04,244,-98
122.507,00:02,245,-93
122.557,00:03,245,-70
122.608,00:04,245,-98
123.004,00:02,246,-93
123.056,00:03,246,-70
123.109,00:04,246,-98
123.507,00:02,247,-93
123.557,00:03,247,-70
123.607,00:04,247,-98
124.005,00:02,248,-93
124.057,00:03,248,-70
124.109,00:04,248,-98
124.507,00:02,249,-93
124.558,00:03,249,-71
124.607,00:04,249,-98
125.005,00:02,250,-93
125.057,00:03,250,-71
125.108,00:04,250,-98
125.507,00:02,251,-93
125.557,00:03,251,-71
125.608,00:04,251,-98
126.005,00:02,252,-93
126.056,00:03,252,-72
126.108,00:04,252,-98
126.508,00:02,253,-92
126.556,00:03,253,-72
126.609,00:04,253,-98
127.007,00:02,254,-92
127.058,00:03,254,-72
127.108,00:04,254,-98
127.506,00:02,255,-92
127.557,00:03,255,-72
127.608,00:04,255,-98
128.006,00:02,256,-92
128.056,00:03,256,-73
128.108,00:04,256,-98
128.506,00:02,257,-92
128.557,00:03,257,-73
128.606,00:04,257,-98
129.006,00:02,258,-92
129.055,00:03,258,-73
129.109,00:04,258,-98
129.506,00:02,259,-91
129.558,00:03,259,-73
129.608,00:04,259,-98
130.007,00:02,260,-91
130.059,00:03,260,-74
130.107,00:04,260,-98
130.506,00:02,261,-91
130.556,00:03,261,-74
130.61,00:04,261,-98
131.006,00:02,262,-91
131.056,00:03,262,-74
131.109,00:04,262,-98
131.507,00:02,263,-91
131.557,00:03,263,-74
131.607,00:04,263,-98
132.005,00:02,264,-91
132.058,00:03,264,-74
132.108,00:04,264,-98
132.506,00:02,265,-91
132.558,00:03,265,-75
132.607,00:04,265,-98
133.004,00:02,266,-97
133.056,00:03,266,-82
133.108,00:04,266,-105
133.506,00:02,267,-97
133.558,00:03,267,-82
133.609,00:04,267,-105
134.005,00:02,268,-97
134.057,00:03,268,-82
134.108,00:04,268,-105
134.506,00:02,269,-97
134.557,00:03,269,-83
134.607,00:04,269,-105
135.006,00:02,270,-97
135.058,00:03,270,-83
135.107,00:04,270,-105
135.506,00:02,271,-97
135.556,00:03,271,-83
135.609,00:04,271,-105
136.004,00:02,272,-96
136.056,00:03,272,-83
136.108,00:04,272,-105
136.506,00:02,273,-96
136.557,00:03,273,-83
136.609,00:04,273,-105
137.006,00:02,274,-96
137.057,00:03,274,-84
137.107,00:04,274,-105
137.504,00:02,275,-96
137.558,00:03,275,-84
137.609,00:04,275,-105
138.007,00:02,276,-96
138.057,00:03,276,-84
138.108,00:04,276,-105
138.505,00:02,277,-96
138.557,00:03,277,-84
138.608,00:04,277,-105
139.006,00:02,278,-95
139.055,00:03,278,-84
139.108,00:04,278,-105
139.506,00:02,279,-95
139.557,00:03,279,-85
139.609,00:04,279,-105
140.006,00:02,280,-95
140.057,00:03,280,-85
140.109,00:04,280,-105
140.505,00:02,281,-95
140.555,00:03,281,-85
140.609,00:04,281,-105
141.006,00:02,282,-95
141.058,00:03,282,-85
141.108,00:04,282,-105
141.506,00:02,283,-94
141.558,00:03,283,-85
141.608,00:04,283,-105
142.007,00:02,284,-94
142.056,00:03,284,-86
142.108,00:04,284,-105
142.504,00:02,285,-94
142.556,00:03,285,-86
142.608,00:04,285,-105
143.007,00:02,286,-94
143.057,00:03,286,-86
143.107,00:04,286,-105
143.506,00:02,287,-94
143.555,00:03,287,-86
143.607,00:04,287,-105
144.007,00:02,288,-93
144.058,00:03,288,-86
144.107,00:04,288,-105
144.505,00:02,289,-93
144.557,00:03,289,-86
144.61,00:04,289,-105
145.006,00:02,290,-93
145.057,00:03,290,-87
145.108,00:04,290,-105
145.505,00:02,291,-93
145.558,00:03,291,-87
145.607,00:04,291,-105
146.007,00:02,292,-93
146.057,00:03,292,-87
146.109,00:04,292,-105
146.506,00:02,293,-92
146.557,00:03,293,-87
146.609,00:04,293,-105
147.005,00:02,294,-92
147.056,00:03,294,-87
147.107,00:04,294,-105
147.506,00:02,295,-92
147.555,00:03,295,-87
147.61,00:04,295,-105
148.004,00:02,296,-92
148.057,00:03,296,-88
148.109,00:04,296,-105
148.506,00:02,297,-92
148.558,00:03,297,-88
148.606,00:04,297,-105
149.006,00:02,298,-84
149.057,00:03,298,-81
149.108,00:04,298,-98
149.506,00:02,299,-84
149.556,00:03,299,-81
149.608,00:04,299,-98
150.007,00:02,300,-84
150.056,00:03,300,-81
150.108,00:04,300,-98
150.505,00:02,301,-84
150.557,00:03,301,-81
150.609,00:04,301,-98
151.005,00:02,302,-83
151.058,00:03,302,-82
151.109,00:04,302,-98
151.504,00:02,303,-83
151.555,00:03,303,-82
151.608,00:04,303,-98
152.005,00:02,304,-83
152.058,00:03,304,-82
152.11,00:04,304,-98
152.506,00:02,305,-83
152.556,00:03,305,-82
152.607,00:04,305,-98
153.007,00:02,306,-82
153.056,00:03,306,-82
153.107,00:04,306,-98
153.505,00:02,307,-82
153.557,00:03,307,-82
153.608,00:04,307,-98
154.006,00:02,308,-82
154.056,00:03,308,-82
154.109,00:04,308,-98
154.505,00:02,309,-82
154.556,00:03,309,-83
154.608,00:04,309,-98
155.004,00:02,310,-81
155.056,00:03,310,-83
155.108,00:04,310,-98
155.507,00:02,311,-81
155.555,00:03,311,-83
155.609,00:04,311,-98
156.006,00:02,312,-81
156.059,00:03,312,-83
156.108,00:04,312,-98
156.505,00:02,313,-81
156.557,00:03,313,-83
156.609,00:04,313,-98
157.005,00:02,314,-80
157.057,00:03,314,-83
157.108,00:04,314,-98
157.505,00:02,315,-80
157.557,00:03,315,-83
157.607,00:04,315,-98
158.005,00:02,316,-80
158.059,00:03,316,-84
158.109,00:04,316,-98
158.506,00:02,317,-80
158.556,00:03,317,-84
158.608,00:04,317,-98
159.004,00:02,318,-79
159.057,00:03,318,-84
159.108,00:04,318,-98
159.505,00:02,319,-79
159.558,00:03,319,-84
159.608,00:04,319,-98
160.006,00:02,320,-79
160.058,00:03,320,-84
160.108,00:04,320,-98
160.506,00:02,321,-78
160.556,00:03,321,-84
160.61,00:04,321,-98
161.005,00:02,322,-78
161.056,00:03,322,-84
161.107,00:04,322,-98
161.505,00:02,323,-78
161.557,00:03,323,-85
161.607,00:04,323,-98
162.005,00:02,324,-77
162.057,00:03,324,-85
162.108,00:04,324,-98
162.505,00:02,325,-77
162.557,00:03,325,-85
162.608,00:04,325,-98
163.007,00:02,326,-77
163.059,00:03,326,-85
163.107,00:04,326,-98
163.504,00:02,327,-76
163.556,00:03,327,-85
163.607,00:04,327,-98
164.005,00:02,328,-76
164.056,00:03,328,-85
164.109,00:04,328,-98
164.506,00:02,329,-76
164.557,00:03,329,-85
164.608,00:04,329,-98
165.005,00:02,330,-75
165.058,00:03,330,-85
165.11,00:04,330,-99
165.506,00:02,331,-75
165.556,00:03,331,-86
165.61,00:04,331,-99
166.005,00:02,332,-75
166.057,00:03,332,-86
166.11,00:04,332,-99
166.505,00:02,333,-74
166.556,00:03,333,-86
166.608,00:04,333,-99
167.006,00:02,334,-74
167.056,00:03,334,-86
167.109,00:04,334,-99
167.506,00:02,335,-74
167.555,00:03,335,-86
167.61,00:04,335,-99
168.007,00:02,336,-73
168.059,00:03,336,-86
168.108,00:04,336,-99
168.505,00:02,337,-73
168.556,00:03,337,-86
168.607,00:04,337,-99
169.005,00:02,338,-72
169.058,00:03,338,-86
169.11,00:04,338,-99
169.505,00:02,339,-72
169.557,00:03,339,-87
169.607,00:04,339,-99
170.005,00:02,340,-71
170.057,00:03,340,-87
170.109,00:04,340,-99
170.506,00:02,341,-71
170.558,00:03,341,-87
170.608,00:04,341,-99
171.005,00:02,342,-71
171.056,00:03,342,-87
171.109,00:04,342,-99
171.507,00:02,343,-71
171.556,00:03,343,-87
171.607,00:04,343,-99
172.005,00:02,344,-70
172.057,00:03,344,-87
172.107,00:04,344,-99
172.507,00:02,345,-70
172.557,00:03,345,-87
172.609,00:04,345,-99
173.005,00:02,346,-70
173.056,00:03,346,-87
173.108,00:04,346,-99
173.507,00:02,347,-70
173.556,00:03,347,-87
173.607,00:04,347,-99
174.004,00:02,348,-69
174.057,00:03,348,-88
174.111,00:04,348,-99
174.505,00:02,349,-69
174.556,00:03,349,-88
174.607,00:04,349,-99
175.006,00:02,350,-69
175.055,00:03,350,-88
175.107,00:04,350,-99
175.505,00:02,351,-69
175.557,00:03,351,-88
175.608,00:04,351,-99
176.005,00:02,352,-68
176.057,00:03,352,-88
176.11,00:04,352,-99
176.505,00:02,353,-68
176.557,00:03,353,-88
176.61,00:04,353,-99
177.005,00:02,354,-68
177.058,00:03,354,-88
177.11,00:04,354,-99
177.505,00:02,355,-67
177.557,00:03,355,-88
177.608,00:04,355,-99
178.004,00:02,356,-67
178.056,00:03,356,-88
178.109,00:04,356,-99
178.506,00:02,357,-67
178.556,00:03,357,-89
178.609,00:04,357,-99
179.005,00:02,358,-67
179.057,00:03,358,-89
179.11,00:04,358,-100
179.506,00:02,359,-66
179.557,00:03,359,-89
179.609,00:04,359,-100
180.006,00:02,360,-66
180.057,00:03,360,-89
180.108,00:04,360,-100
180.504,00:02,361,-66
180.558,00:03,361,-89
180.609,00:04,361,-100
181.004,00:02,362,-65
181.058,00:03,362,-89
181.108,00:04,362,-100
181.507,00:02,363,-65
181.556,00:03,363,-89
181.607,00:04,363,-100
182.006,00:02,364,-65
182.057,00:03,364,-89
182.109,00:04,364,-100
182.506,00:02,365,-65
182.559,00:03,365,-89
182.608,00:04,365,-100
183.005,00:02,366,-64
183.057,00:03,366,-89
183.109,00:04,366,-100
183.504,00:02,367,-64
183.557,00:03,367,-90
183.61,00:04,367,-100
184.004,00:02,368,-64
184.057,00:03,368,-90
184.108,00:04,368,-100
184.507,00:02,369,-64
184.558,00:03,369,-90
184.609,00:04,369,-100
185.004,00:02,370,-64
185.057,00:03,370,-90
185.109,00:04,370,-100
185.506,00:02,371,-64
185.556,00:03,371,-90
185.609,00:04,371,-100
186.006,00:02,372,-64
186.057,00:03,372,-90
186.108,00:04,372,-100
186.506,00:02,373,-64
186.556,00:03,373,-90
186.609,00:04,373,-100
187.006,00:02,374,-65
187.058,00:03,374,-90
187.109,00:04,374,-100
187.507,00:02,375,-65
187.557,00:03,375,-90
187.608,00:04,375,-100
188.006,00:02,376,-66
188.058,00:03,376,-90
188.108,00:04,376,-100
188.506,00:02,377,-66
188.558,00:03,377,-90
188.609,00:04,377,-100
189.004,00:02,378,-67
189.057,00:03,378,-90
189.108,00:04,378,-100
189.506,00:02,379,-67
189.557,00:03,379,-90
189.61,00:04,379,-99
190.003,00:02,380,-68
190.058,00:03,380,-90
190.109,00:04,380,-99
190.506,00:02,381,-68
190.556,00:03,381,-90
190.609,00:04,381,-99
191.004,00:02,382,-68
191.058,00:03,382,-90
191.107,00:04,382,-99
191.503,00:02,383,-68
191.557,00:03,383,-90
191.61,00:04,383,-99
192.005,00:02,384,-68
192.057,00:03,384,-90
192.107,00:04,384,-99
192.506,00:02,385,-68
192.557,00:03,385,-90
192.61,00:04,385,-99
193.006,00:02,386,-68
193.057,00:03,386,-90
193.11,00:04,386,-99
193.506,00:02,387,-68
193.557,00:03,387,-90
193.607,00:04,387,-99
194.006,00:02,388,-69
194.057,00:03,388,-90
194.109,00:04,388,-99
194.503,00:02,389,-69
194.556,00:03,389,-90
194.609,00:04,389,-99
195.004,00:02,390,-69
195.059,00:03,390,-90
195.109,00:04,390,-99
195.506,00:02,391,-69
195.558,00:03,391,-89
195.607,00:04,391,-99
196.005,00:02,392,-69
196.055,00:03,392,-89
196.11,00:04,392,-99
196.503,00:02,393,-69
196.558,00:03,393,-89
196.609,00:04,393,-99
197.007,00:02,394,-69
197.056,00:03,394,-89
197.108,00:04,394,-99
197.504,00:02,395,-69
197.557,00:03,395,-89
197.608,00:04,395,-99
198.004,00:02,396,-69
198.056,00:03,396,-89
198.108,00:04,396,-99
198.505,00:02,397,-69
198.556,00:03,397,-89
198.608,00:04,397,-99
199.004,00:02,398,-70
199.056,00:03,398,-89
199.11,00:04,398,-99
199.503,00:02,399,-70
199.558,00:03,399,-89
199.61,00:04,399,-99
200.005,00:02,400,-70
200.057,00:03,400,-89
200.11,00:04,400,-99
200.506,00:02,401,-70
200.558,00:03,401,-88
200.609,00:04,401,-98
201.004,00:02,402,-70
201.056,00:03,402,-88
201.11,00:04,402,-98
201.507,00:02,403,-70
201.557,00:03,403,-88
201.608,00:04,403,-98
202.005,00:02,404,-71
202.058,00:03,404,-88
202.109,00:04,404,-98
202.505,00:02,405,-71
202.558,00:03,405,-88
202.609,00:04,405,-98
203.005,00:02,406,-71
203.058,00:03,406,-88
203.108,00:04,406,-98
203.504,00:02,407,-71
203.557,00:03,407,-88
203.608,00:04,407,-98
204.005,00:02,408,-71
204.055,00:03,408,-88
204.108,00:04,408,-98
204.504,00:02,409,-72
204.556,00:03,409,-88
204.608,00:04,409,-98
205.006,00:02,410,-72
205.056,00:03,410,-87
205.11,00:04,410,-98
205.503,00:02,411,-72
205.556,00:03,411,-87
205.609,00:04,411,-98
206.005,00:02,412,-73
206.057,00:03,412,-87
206.109,00:04,412,-98
206.504,00:02,413,-73
206.556,00:03,413,-87
206.61,00:04,413,-98
207.004,00:02,414,-73
207.057,00:03,414,-87
207.11,00:04,414,-98
207.505,00:02,415,-74
207.558,00:03,415,-87
207.608,00:04,415,-98
208.005,00:02,416,-74
208.057,00:03,416,-87
208.108,00:04,416,-98
208.505,00:02,417,-74
208.555,00:03,417,-87
208.608,00:04,417,-98
209.004,00:02,418,-75
209.059,00:03,418,-87
209.109,00:04,418,-98
209.506,00:02,419,-75
209.558,00:03,419,-86
209.61,00:04,419,-98
210.004,00:02,420,-75
210.058,00:03,420,-86
210.109,00:04,420,-98
210.505,00:02,421,-75
210.557,00:03,421,-86
210.607,00:04,421,-98
211.004,00:02,422,-76
211.058,00:03,422,-86
211.109,00:04,422,-98
211.504,00:02,423,-76
211.558,00:03,423,-86
211.608,00:04,423,-98
212.005,00:02,424,-76
212.056,00:03,424,-86
212.108,00:04,424,-98
212.506,00:02,425,-77
212.559,00:03,425,-86
212.609,00:04,425,-98
213.005,00:02,426,-77
213.059,00:03,426,-86
213.109,00:04,426,-98
213.503,00:02,427,-77
213.558,00:03,427,-85
213.607,00:04,427,-97
214.005,00:02,428,-78
214.057,00:03,428,-85
214.109,00:04,428,-97
214.504,00:02,429,-78
214.559,00:03,429,-85
214.609,00:04,429,-97
215.004,00:02,430,-78
215.056,00:03,430,-85
215.11,00:04,430,-97
215.504,00:02,431,-78
215.558,00:03,431,-85
215.607,00:04,431,-97
216.005,00:02,432,-79
216.058,00:03,432,-85
216.108,00:04,432,-97
216.505,00:02,433,-79
216.556,00:03,433,-85
216.61,00:04,433,-97
217.006,00:02,434,-79
217.056,00:03,434,-85
217.11,00:04,434,-97
217.507,00:02,435,-80
217.557,00:03,435,-84
217.609,00:04,435,-97
218.005,00:02,436,-80
218.057,00:03,436,-84
218.11,00:04,436,-97
218.504,00:02,437,-80
218.558,00:03,437,-84
218.61,00:04,437,-97
219.006,00:02,438,-80
219.057,00:03,438,-84
219.108,00:04,438,-97
219.505,00:02,439,-81
219.559,00:03,439,-84
219.608,00:04,439,-97
220.006,00:02,440,-81
220.057,00:03,440,-84
220.11,00:04,440,-97
220.505,00:02,441,-81
220.556,00:03,441,-84
220.609,00:04,441,-97
221.006,00:02,442,-81
221.058,00:03,442,-84
221.107,00:04,442,-97
221.504,00:02,443,-82
221.558,00:03,443,-83
221.61,00:04,443,-97
222.006,00:02,444,-82
222.056,00:03,444,-83
222.107,00:04,444,-97
222.505,00:02,445,-82
222.557,00:03,445,-83
222.608,00:04,445,-97
223.005,00:02,446,-82
223.057,00:03,446,-83
223.11,00:04,446,-97
223.505,00:02,447,-83
223.557,00:03,447,-83
223.608,00:04,447,-97
224.004,00:02,448,-83
224.056,00:03,448,-83
224.108,00:04,448,-97
224.506,00:02,449,-83
224.557,00:03,449,-83
224.609,00:04,449,-97
225.006,00:02,450,-83
225.057,00:03,450,-82
225.109,00:04,450,-97
225.505,00:02,451,-83
225.557,00:03,451,-82
225.609,00:04,451,-97
226.005,00:02,452,-84
226.056,00:03,452,-82
226.109,00:04,452,-97
226.504,00:02,453,-84
226.557,00:03,453,-82
226.607,00:04,453,-97
227.005,00:02,454,-84
227.058,00:03,454,-82
227.109,00:04,454,-97
227.505,00:02,455,-84
227.559,00:03,455,-82
227.611,00:04,455,-97
228.005,00:02,456,-85
228.057,00:03,456,-82
228.109,00:04,456,-97
228.507,00:02,457,-85
228.557,00:03,457,-81
228.609,00:04,457,-97
229.005,00:02,458,-85
229.057,00:03,458,-81
229.11,00:04,458,-97
229.505,00:02,459,-85
229.555,00:03,459,-81
229.61,00:04,459,-97
230.006,00:02,460,-85
230.059,00:03,460,-81
230.108,00:04,460,-97
230.506,00:02,461,-86
230.558,00:03,461,-81
230.607,00:04,461,-97
231.005,00:02,462,-86
231.057,00:03,462,-81
231.109,00:04,462,-97
231.504,00:02,463,-86
231.557,00:03,463,-80
231.609,00:04,463,-97
232.004,00:02,464,-86
232.056,00:03,464,-80
232.108,00:04,464,-97
232.503,00:02,465,-86
232.556,00:03,465,-80
232.608,00:04,465,-97
233.005,00:02,466,-87
233.056,00:03,466,-80
233.108,00:04,466,-97
233.505,00:02,467,-87
233.555,00:03,467,-80
233.609,00:04,467,-97
234.005,00:02,468,-87
234.057,00:03,468,-80
234.108,00:04,468,-97
234.505,00:02,469,-87
234.558,00:03,469,-79
234.609,00:04,469,-97
235.006,00:02,470,-87
235.058,00:03,470,-79
235.11,00:04,470,-97
235.506,00:02,471,-88
235.557,00:03,471,-79
235.609,00:04,471,-97
236.005,00:02,472,-88
236.057,00:03,472,-79
236.108,00:04,472,-97
236.505,00:02,473,-88
236.558,00:03,473,-79
236.609,00:04,473,-97
237.006,00:02,474,-88
237.057,00:03,474,-79
237.107,00:04,474,-97
237.505,00:02,475,-88
237.556,00:03,475,-78
237.609,00:04,475,-97
238.004,00:02,476,-88
238.056,00:03,476,-78
238.108,00:04,476,-97
238.505,00:02,477,-89
238.559,00:03,477,-78
238.61,00:04,477,-97
239.005,00:02,478,-89
239.057,00:03,478,-78
239.109,00:04,478,-97
239.505,00:02,479,-89
239.557,00:03,479,-78
239.609,00:04,479,-97
240.007,00:02,480,-89
240.056,00:03,480,-77
240.109,00:04,480,-97
240.505,00:02,481,-89
240.557,00:03,481,-77
240.608,00:04,481,-97
241.004,00:02,482,-89
241.056,00:03,482,-77
241.109,00:04,482,-97
241.504,00:02,483,-90
241.556,00:03,483,-77
241.609,00:04,483,-97
242.006,00:02,484,-90
242.056,00:03,484,-77
242.108,00:04,484,-97
242.504,00:02,485,-90
242.559,00:03,485,-77
242.609,00:04,485,-97
243.003,00:02,486,-90
243.055,00:03,486,-76
243.108,00:04,486,-97
243.504,00:02,487,-90
243.558,00:03,487,-76
243.61,00:04,487,-97
244.004,00:02,488,-90
244.056,00:03,488,-76
244.111,00:04,488,-97
244.505,00:02,489,-91
244.557,00:03,489,-76
244.609,00:04,489,-97
245.006,00:02,490,-91
245.058,00:03,490,-76
245.11,00:04,490,-97
245.504,00:02,491,-91
245.555,00:03,491,-75
245.61,00:04,491,-97
246.004,00:02,492,-91
246.055,00:03,492,-75
246.111,00:04,492,-97
246.506,00:02,493,-91
246.558,00:03,493,-75
246.609,00:04,493,-97
247.004,00:02,494,-91
247.056,00:03,494,-75
247.11,00:04,494,-97
247.504,00:02,495,-91
247.558,00:03,495,-74
247.61,00:04,495,-97
248.004,00:02,496,-92
248.057,00:03,496,-74
248.111,00:04,496,-97
248.506,00:02,497,-92
248.556,00:03,497,-74
248.61,00:04,497,-97
249.005,00:02,498,-92
249.058,00:03,498,-74
249.108,00:04,498,-97
249.504,00:02,499,-92
249.556,00:03,499,-74
249.609,00:04,499,-97
250.005,00:02,500,-92
250.057,00:03,500,-73
250.108,00:04,500,-97
250.504,00:02,501,-92
250.556,00:03,501,-73
250.608,00:04,501,-97
251.004,00:02,502,-92
251.058,00:03,502,-73
251.111,00:04,502,-97
251.506,00:02,503,-93
251.557,00:03,503,-73
251.609,00:04,503,-97
252.005,00:02,504,-93
252.057,00:03,504,-72
252.109,00:04,504,-97
252.504,00:02,505,-93
252.557,00:03,505,-72
252.611,00:04,505,-97
253.006,00:02,506,-93
253.056,00:03,506,-72
253.108,00:04,506,-97
253.504,00:02,507,-93
253.556,00:03,507,-72
253.609,00:04,507,-97
254.004,00:02,508,-93
254.058,00:03,508,-71
254.107,00:04,508,-97
254.504,00:02,509,-93
254.558,00:03,509,-71
254.609,00:04,509,-97
255.006,00:02,510,-94
255.057,00:03,510,-71
255.11,00:04,510,-97
255.506,00:02,511,-94
255.556,00:03,511,-71
255.611,00:04,511,-97
256.005,00:02,512,-94
256.055,00:03,512,-70
256.11,00:04,512,-97
256.505,00:02,513,-94
256.557,00:03,513,-70
256.611,00:04,513,-97
257.005,00:02,514,-94
257.058,00:03,514,-70
257.108,00:04,514,-97
257.504,00:02,515,-94
257.557,00:03,515,-70
257.61,00:04,515,-97
258.006,00:02,516,-94
258.057,00:03,516,-69
258.108,00:04,516,-97
258.505,00:02,517,-94
258.556,00:03,517,-69
258.608,00:04,517,-97
259.005,00:02,518,-95
259.058,00:03,518,-69
259.11,00:04,518,-97
259.504,00:02,519,-95
259.558,00:03,519,-68
259.609,00:04,519,-97
260.004,00:02,520,-95
260.057,00:03,520,-68
260.111,00:04,520,-97
260.503,00:02,521,-95
260.558,00:03,521,-68
260.608,00:04,521,-97
261.003,00:02,522,-95
261.056,00:03,522,-68
261.109,00:04,522,-98
261.502,00:02,523,-95
261.558,00:03,523,-67
261.61,00:04,523,-98
262.005,00:02,524,-95
262.057,00:03,524,-67
262.108,00:04,524,-98
262.505,00:02,525,-95
262.556,00:03,525,-67
262.61,00:04,525,-98
263.003,00:02,526,-96
263.057,00:03,526,-66
263.109,00:04,526,-98
263.504,00:02,527,-96
263.556,00:03,527,-66
263.607,00:04,527,-98
264.005,00:02,528,-96
264.057,00:03,528,-66
264.109,00:04,528,-98
264.504,00:02,529,-96
264.557,00:03,529,-65
264.61,00:04,529,-98
265.006,00:02,530,-96
265.056,00:03,530,-65
265.109,00:04,530,-98
265.505,00:02,531,-96
265.558,00:03,531,-65
265.609,00:04,531,-98
266.004,00:02,532,-96
266.057,00:03,532,-64
266.109,00:04,532,-98
266.504,00:02,533,-96
266.558,00:03,533,-64
266.608,00:04,533,-98
267.004,00:02,534,-96
267.057,00:03,534,-64
267.109,00:04,534,-98
267.504,00:02,535,-97
267.557,00:03,535,-63
267.609,00:04,535,-98
268.005,00:02,536,-97
268.057,00:03,536,-63
268.109,00:04,536,-98
268.504,00:02,537,-97
268.558,00:03,537,-63
268.61,00:04,537,-98
269.003,00:02,538,-97
269.059,00:03,538,-62
269.108,00:04,538,-98
269.505,00:02,539,-97
269.558,00:03,539,-62
269.61,00:04,539,-98
270.006,00:02,540,-97
270.055,00:03,540,-62
270.11,00:04,540,-98
270.504,00:02,541,-97
270.559,00:03,541,-62
270.61,00:04,541,-98
271.004,00:02,542,-97
271.058,00:03,542,-62
271.11,00:04,542,-98
271.504,00:02,543,-97
271.557,00:03,543,-61
271.608,00:04,543,-98
272.005,00:02,544,-98
272.058,00:03,544,-61
272.108,00:04,544,-98
272.504,00:02,545,-98
272.557,00:03,545,-61
272.609,00:04,545,-98
273.003,00:02,546,-98
273.057,00:03,546,-61
273.109,00:04,546,-98
273.504,00:02,547,-98
273.557,00:03,547,-61
273.609,00:04,547,-98
274.004,00:02,548,-98
274.056,00:03,548,-60
274.11,00:04,548,-99
274.504,00:02,549,-98
274.556,00:03,549,-60
274.611,00:04,549,-99
275.005,00:02,550,-98
275.057,00:03,550,-60
275.108,00:04,550,-99
275.503,00:02,551,-98
275.557,00:03,551,-60
275.61,00:04,551,-99
276.004,00:02,552,-98
276.057,00:03,552,-60
276.111,00:04,552,-99
276.505,00:02,553,-99
276.556,00:03,553,-60
276.608,00:04,553,-99
277.005,00:02,554,-99
277.057,00:03,554,-60
277.108,00:04,554,-99
277.504,00:02,555,-99
277.555,00:03,555,-59
277.61,00:04,555,-99
278.004,00:02,556,-99
278.056,00:03,556,-59
278.11,00:04,556,-99
278.506,00:02,557,-99
278.557,00:03,557,-59
278.61,00:04,557,-99
279.004,00:02,558,-99
279.058,00:03,558,-59
279.11,00:04,558,-99
279.506,00:02,559,-99
279.558,00:03,559,-59
279.61,00:04,559,-99
280.004,00:02,560,-99
280.056,00:03,560,-59
280.109,00:04,560,-99
280.504,00:02,561,-99
280.558,00:03,561,-59
280.611,00:04,561,-99
281.004,00:02,562,-99
281.058,00:03,562,-59
281.111,00:04,562,-99
281.505,00:02,563,-99
281.557,00:03,563,-59
281.608,00:04,563,-99
282.004,00:02,564,-100
282.057,00:03,564,-59
282.109,00:04,564,-99
282.505,00:02,565,-100
282.557,00:03,565,-59
282.609,00:04,565,-99
283.006,00:02,566,-100
283.057,00:03,566,-60
283.109,00:04,566,-99
283.504,00:02,567,-100
283.557,00:03,567,-60
283.61,00:04,567,-99
284.003,00:02,568,-100
284.057,00:03,568,-60
284.109,00:04,568,-99
284.504,00:02,569,-100
284.556,00:03,569,-61
284.61,00:04,569,-99
285.003,00:02,570,-100
285.058,00:03,570,-61
285.11,00:04,570,-99
285.505,00:02,571,-100
285.557,00:03,571,-61
285.61,00:04,571,-99
286.003,00:02,572,-100
286.057,00:03,572,-62
286.111,00:04,572,-99
286.504,00:02,573,-100
286.556,00:03,573,-62
286.61,00:04,573,-98
287.004,00:02,574,-100
287.057,00:03,574,-62
287.11,00:04,574,-98
287.502,00:02,575,-100
287.557,00:03,575,-62
287.608,00:04,575,-98
288.004,00:02,576,-100
288.057,00:03,576,-62
288.11,00:04,576,-98
288.505,00:02,577,-100
288.559,00:03,577,-62
288.608,00:04,577,-98
289.003,00:02,578,-100
289.057,00:03,578,-62
289.111,00:04,578,-98
289.504,00:02,579,-99
289.557,00:03,579,-62
289.609,00:04,579,-98
290.003,00:02,580,-99
290.056,00:03,580,-62
290.111,00:04,580,-98
290.504,00:02,581,-99
290.555,00:03,581,-62
290.608,00:04,581,-98
291.005,00:02,582,-99
291.056,00:03,582,-62
291.108,00:04,582,-98
291.506,00:02,583,-99
291.557,00:03,583,-62
291.61,00:04,583,-98
292.004,00:02,584,-99
292.057,00:03,584,-63
292.111,00:04,584,-98
292.504,00:02,585,-99
292.558,00:03,585,-63
292.608,00:04,585,-98
293.005,00:02,586,-99
293.058,00:03,586,-63
293.108,00:04,586,-98
293.505,00:02,587,-99
293.559,00:03,587,-63
293.609,00:04,587,-98
294.005,00:02,588,-99
294.057,00:03,588,-63
294.11,00:04,588,-98
294.505,00:02,589,-98
294.556,00:03,589,-63
294.611,00:04,589,-98
295.006,00:02,590,-98
295.057,00:03,590,-63
295.108,00:04,590,-98
295.504,00:02,591,-98
295.557,00:03,591,-64
295.61,00:04,591,-98
296.004,00:02,592,-98
296.059,00:03,592,-64
296.109,00:04,592,-98
296.502,00:02,593,-98
296.555,00:03,593,-64
296.608,00:04,593,-98
297.006,00:02,594,-98
297.057,00:03,594,-64
297.109,00:04,594,-97
297.505,00:02,595,-98
297.557,00:03,595,-64
297.609,00:04,595,-97
298.003,00:02,596,-98
298.057,00:03,596,-64
298.11,00:04,596,-97
298.503,00:02,597,-98
298.557,00:03,597,-65
298.611,00:04,597,-97
299.004,00:02,598,-98
299.059,00:03,598,-65
299.11,00:04,598,-97
299.504,00:02,599,-97
299.557,00:03,599,-65
299.611,00:04,599,-97
300.006,00:02,600,-97
300.057,00:03,600,-65
300.11,00:04,600,-97
300.504,00:02,601,-97
300.555,00:03,601,-66
300.61,00:04,601,-97
301.005,00:02,602,-97
301.057,00:03,602,-66
301.109,00:04,602,-97
301.505,00:02,603,-97
301.557,00:03,603,-66
301.608,00:04,603,-97
302.004,00:02,604,-97
302.057,00:03,604,-66
302.109,00:04,604,-97
302.504,00:02,605,-97
302.557,00:03,605,-66
302.61,00:04,605,-97
303.004,00:02,606,-97
303.057,00:03,606,-67
303.11,00:04,606,-97
303.504,00:02,607,-97
303.557,00:03,607,-67
303.611,00:04,607,-97
304.004,00:02,608,-96
304.057,00:03,608,-67
304.11,00:04,608,-97
304.504,00:02,609,-96
304.557,00:03,609,-67
304.611,00:04,609,-97
305.003,00:02,610,-96
305.056,00:03,610,-68
305.109,00:04,610,-97
305.502,00:02,611,-96
305.555,00:03,611,-68
305.61,00:04,611,-97
306.002,00:02,612,-96
306.058,00:03,612,-68
306.109,00:04,612,-97
306.504,00:02,613,-96
306.556,00:03,613,-68
306.608,00:04,613,-97
307.003,00:02,614,-96
307.056,00:03,614,-69
307.111,00:04,614,-97
307.503,00:02,615,-96
307.556,00:03,615,-69
307.612,00:04,615,-97
308.004,00:02,616,-96
308.057,00:03,616,-69
308.111,00:04,616,-97
308.505,00:02,617,-95
308.558,00:03,617,-69
308.609,00:04,617,-96
309.004,00:02,618,-95
309.058,00:03,618,-70
309.11,00:04,618,-96
309.504,00:02,619,-95
309.555,00:03,619,-70
309.609,00:04,619,-96
310.002,00:02,620,-95
310.056,00:03,620,-70
310.108,00:04,620,-96
310.504,00:02,621,-95
310.557,00:03,621,-70
310.611,00:04,621,-96
311.004,00:02,622,-95
311.057,00:03,622,-70
311.11,00:04,622,-96
311.503,00:02,623,-95
311.556,00:03,623,-71
311.609,00:04,623,-96
312.002,00:02,624,-95
312.057,00:03,624,-71
312.11,00:04,624,-96
312.504,00:02,625,-95
312.557,00:03,625,-71
312.608,00:04,625,-96
313.004,00:02,626,-94
313.057,00:03,626,-71
313.11,00:04,626,-96
313.505,00:02,627,-94
313.557,00:03,627,-72
313.611,00:04,627,-96
314.005,00:02,628,-94
314.057,00:03,628,-72
314.111,00:04,628,-96
314.506,00:02,629,-94
314.557,00:03,629,-72
314.608,00:04,629,-96
315.005,00:02,630,-94
315.057,00:03,630,-72
315.11,00:04,630,-96
315.504,00:02,631,-94
315.558,00:03,631,-73
315.61,00:04,631,-96
316.005,00:02,632,-94
316.056,00:03,632,-73
316.111,00:04,632,-96
316.503,00:02,633,-94
316.557,00:03,633,-73
316.61,00:04,633,-96
317.003,00:02,634,-93
317.057,00:03,634,-73
317.11,00:04,634,-96
317.504,00:02,635,-93
317.556,00:03,635,-73
317.609,00:04,635,-96
318.002,00:02,636,-93
318.057,00:03,636,-74
318.11,00:04,636,-96
318.504,00:02,637,-93
318.555,00:03,637,-74
318.609,00:04,637,-96
319.003,00:02,638,-93
319.056,00:03,638,-74
319.11,00:04,638,-96
319.503,00:02,639,-93
319.558,00:03,639,-74
319.609,00:04,639,-96
320.004,00:02,640,-93
320.057,00:03,640,-74
320.109,00:04,640,-96
320.506,00:02,641,-92
320.557,00:03,641,-75
320.608,00:04,641,-96
321.003,00:02,642,-92
321.056,00:03,642,-75
321.11,00:04,642,-96
321.503,00:02,643,-92
321.558,00:03,643,-75
321.609,00:04,643,-96
322.004,00:02,644,-92
322.058,00:03,644,-75
322.11,00:04,644,-96
322.504,00:02,645,-92
322.556,00:03,645,-75
322.609,00:04,645,-96
323.004,00:02,646,-92
323.056,00:03,646,-76
323.111,00:04,646,-96
323.503,00:02,647,-92
323.558,00:03,647,-76
323.61,00:04,647,-96
324.003,00:02,648,-91
324.057,00:03,648,-76
324.109,00:04,648,-96
324.503,00:02,649,-91
324.557,00:03,649,-76
324.61,00:04,649,-96
325.004,00:02,650,-91
325.057,00:03,650,-76
325.111,00:04,650,-96
325.505,00:02,651,-91
325.557,00:03,651,-77
325.609,00:04,651,-96
326.005,00:02,652,-91
326.057,00:03,652,-77
326.109,00:04,652,-96
326.503,00:02,653,-91
326.556,00:03,653,-77
326.608,00:04,653,-96
327.003,00:02,654,-95
327.057,00:03,654,-81
327.11,00:04,654,-100
327.505,00:02,655,-94
327.557,00:03,655,-81
327.61,00:04,655,-100
328.004,00:02,656,-94
328.058,00:03,656,-81
328.11,00:04,656,-100
328.503,00:02,657,-94
328.556,00:03,657,-82
328.61,00:04,657,-100
329.004,00:02,658,-94
329.057,00:03,658,-82
329.11,00:04,658,-100
329.503,00:02,659,-94
329.558,00:03,659,-82
329.609,00:04,659,-100
330.005,00:02,660,-94
330.058,00:03,660,-82
330.109,00:04,660,-100
330.503,00:02,661,-93
330.556,00:03,661,-82
330.611,00:04,661,-100
331.005,00:02,662,-93
331.058,00:03,662,-83
331.109,00:04,662,-100
331.503,00:02,663,-93
331.556,00:03,663,-83
331.611,00:04,663,-100
332.005,00:02,664,-93
332.056,00:03,664,-83
332.111,00:04,664,-100
332.504,00:02,665,-93
332.556,00:03,665,-83
332.609,00:04,665,-100
333.004,00:02,666,-93
333.057,00:03,666,-83
333.11,00:04,666,-100
333.505,00:02,667,-92
333.556,00:03,667,-83
333.61,00:04,667,-100
334.005,00:02,668,-92
334.056,00:03,668,-84
334.111,00:04,668,-100
334.504,00:02,669,-92
334.556,00:03,669,-84
334.608,00:04,669,-100
335.005,00:02,670,-92
335.058,00:03,670,-84
335.111,00:04,670,-100
335.504,00:02,671,-92
335.557,00:03,671,-84
335.61,00:04,671,-100
336.002,00:02,672,-92
336.056,00:03,672,-84
336.111,00:04,672,-100
336.503,00:02,673,-91
336.557,00:03,673,-84
336.608,00:04,673,-100
337.004,00:02,674,-91
337.056,00:03,674,-85
337.111,00:04,674,-100
337.503,00:02,675,-91
337.555,00:03,675,-85
337.61,00:04,675,-100
338.004,00:02,676,-91
338.058,00:03,676,-85
338.109,00:04,676,-100
338.503,00:02,677,-91
338.557,00:03,677,-85
338.609,00:04,677,-100
339.004,00:02,678,-87
339.056,00:03,678,-81
339.11,00:04,678,-96
339.503,00:02,679,-86
339.555,00:03,679,-81
339.61,00:04,679,-96
340.006,00:02,680,-86
340.058,00:03,680,-81
340.11,00:04,680,-96
340.504,00:02,681,-86
340.556,00:03,681,-82
340.61,00:04,681,-96
341.004,00:02,682,-86
341.057,00:03,682,-82
341.11,00:04,682,-96
341.503,00:02,683,-86
341.558,00:03,683,-82
341.61,00:04,683,-96
342.004,00:02,684,-85
342.057,00:03,684,-82
342.111,00:04,684,-96
342.502,00:02,685,-85
342.556,00:03,685,-82
342.611,00:04,685,-96
343.004,00:02,686,-85
343.057,00:03,686,-82
343.109,00:04,686,-96
343.502,00:02,687,-85
343.555,00:03,687,-82
343.61,00:04,687,-96
344.002,00:02,688,-85
344.056,00:03,688,-83
344.112,00:04,688,-96
344.504,00:02,689,-84
344.557,00:03,689,-83
344.609,00:04,689,-96
345.003,00:02,690,-84
345.057,00:03,690,-83
345.109,00:04,690,-96
345.504,00:02,691,-84
345.557,00:03,691,-83
345.61,00:04,691,-96
346.003,00:02,692,-84
346.059,00:03,692,-83
346.11,00:04,692,-96
346.502,00:02,693,-84
346.558,00:03,693,-83
346.61,00:04,693,-96
347.003,00:02,694,-83
347.056,00:03,694,-83
347.11,00:04,694,-96
347.504,00:02,695,-83
347.557,00:03,695,-84
347.609,00:04,695,-96
348.003,00:02,696,-83
348.059,00:03,696,-84
348.11,00:04,696,-96
348.503,00:02,697,-83
348.557,00:03,697,-84
348.61,00:04,697,-96
349.004,00:02,698,-83
349.057,00:03,698,-84
349.109,00:04,698,-96
349.504,00:02,699,-82
349.557,00:03,699,-84
349.609,00:04,699,-96
350.003,00:02,700,-82
350.058,00:03,700,-84
350.111,00:04,700,-96
350.505,00:02,701,-82
350.558,00:03,701,-84
350.611,00:04,701,-96
351.003,00:02,702,-82
351.059,00:03,702,-84
351.109,00:04,702,-96
351.504,00:02,703,-81
351.556,00:03,703,-85
351.61,00:04,703,-96
352.005,00:02,704,-81
352.058,00:03,704,-85
352.11,00:04,704,-96
352.505,00:02,705,-81
352.556,00:03,705,-85
352.609,00:04,705,-96
353.003,00:02,706,-81
353.058,00:03,706,-85
353.111,00:04,706,-96
353.505,00:02,707,-81
353.557,00:03,707,-85
353.612,00:04,707,-96
354.002,00:02,708,-80
354.058,00:03,708,-85
354.11,00:04,708,-96
354.504,00:02,709,-80
354.556,00:03,709,-85
354.611,00:04,709,-96
355.003,00:02,710,-80
355.056,00:03,710,-85
355.111,00:04,710,-96
355.505,00:02,711,-80
355.557,00:03,711,-86
355.61,00:04,711,-96
356.003,00:02,712,-79
356.057,00:03,712,-86
356.109,00:04,712,-96
356.503,00:02,713,-79
356.558,00:03,713,-86
356.609,00:04,713,-96
357.003,00:02,714,-79
357.058,00:03,714,-86
357.112,00:04,714,-96
357.504,00:02,715,-79
357.556,00:03,715,-86
357.611,00:04,715,-97
358.003,00:02,716,-78
358.058,00:03,716,-86
358.111,00:04,716,-97
358.502,00:02,717,-78
358.557,00:03,717,-86
358.609,00:04,717,-97
359.004,00:02,718,-78
359.056,00:03,718,-86
359.111,00:04,718,-97
359.503,00:02,719,-78
359.557,00:03,719,-86
359.61,00:04,719,-97
360.005,00:02,720,-78
360.057,00:03,720,-87
360.111,00:04,720,-97
360.503,00:02,721,-77
360.557,00:03,721,-87
360.611,00:04,721,-97
361.005,00:02,722,-81
361.057,00:03,722,-91
361.111,00:04,722,-101
361.504,00:02,723,-81
361.558,00:03,723,-91
361.611,00:04,723,-101
362.004,00:02,724,-81
362.056,00:03,724,-91
362.11,00:04,724,-101
362.505,00:02,725,-80
362.556,00:03,725,-91
362.611,00:04,725,-101
363.005,00:02,726,-80
363.055,00:03,726,-91
363.109,00:04,726,-101
363.502,00:02,727,-80
363.557,00:03,727,-91
363.611,00:04,727,-101
364.004,00:02,728,-80
364.058,00:03,728,-91
364.111,00:04,728,-101
364.504,00:02,729,-79
364.558,00:03,729,-92
364.609,00:04,729,-101
365.002,00:02,730,-75
365.058,00:03,730,-88
365.111,00:04,730,-97
365.505,00:02,731,-75
365.557,00:03,731,-88
365.609,00:04,731,-97
366.004,00:02,732,-75
366.056,00:03,732,-88
366.109,00:04,732,-97
366.504,00:02,733,-75
366.557,00:03,733,-88
366.61,00:04,733,-97
367.004,00:02,734,-74
367.058,00:03,734,-88
367.11,00:04,734,-97
367.504,00:02,735,-74
367.556,00:03,735,-88
367.609,00:04,735,-97
368.004,00:02,736,-74
368.056,00:03,736,-88
368.11,00:04,736,-97
368.504,00:02,737,-74
368.558,00:03,737,-88
368.609,00:04,737,-97
369.004,00:02,738,-73
369.058,00:03,738,-89
369.111,00:04,738,-97
369.504,00:02,739,-73
369.557,00:03,739,-89
369.61,00:04,739,-98
370.004,00:02,740,-73
370.057,00:03,740,-89
370.111,00:04,740,-98
370.503,00:02,741,-73
370.556,00:03,741,-89
370.612,00:04,741,-98
371.005,00:02,742,-73
371.058,00:03,742,-89
371.112,00:04,742,-98
371.504,00:02,743,-73
371.556,00:03,743,-89
371.611,00:04,743,-98
372.004,00:02,744,-72
372.056,00:03,744,-89
372.109,00:04,744,-98
372.503,00:02,745,-72
372.557,00:03,745,-89
372.61,00:04,745,-98
373.003,00:02,746,-72
373.057,00:03,746,-89
373.111,00:04,746,-98
373.503,00:02,747,-72
373.558,00:03,747,-89
373.61,00:04,747,-98
374.002,00:02,748,-72
374.058,00:03,748,-90
374.109,00:04,748,-98
374.504,00:02,749,-72
374.557,00:03,749,-90
374.61,00:04,749,-98
375.003,00:02,750,-72
375.056,00:03,750,-90
375.109,00:04,750,-98
375.504,00:02,751,-72
375.557,00:03,751,-90
375.611,00:04,751,-98
376.003,00:02,752,-72
376.057,00:03,752,-90
376.112,00:04,752,-98
376.504,00:02,753,-72
376.559,00:03,753,-90
376.61,00:04,753,-98
377.003,00:02,754,-72
377.057,00:03,754,-90
377.11,00:04,754,-98
377.503,00:02,755,-72
377.557,00:03,755,-90
377.61,00:04,755,-98
378.005,00:02,756,-72
378.056,00:03,756,-90
378.11,00:04,756,-98
378.502,00:02,757,-72
378.557,00:03,757,-90
378.61,00:04,757,-98
379.004,00:02,758,-72
379.058,00:03,758,-90
379.111,00:04,758,-98
379.502,00:02,759,-73
379.558,00:03,759,-90
379.61,00:04,759,-98
380.004,00:02,760,-73
380.058,00:03,760,-90
380.11,00:04,760,-98
380.502,00:02,761,-74
380.556,00:03,761,-90
380.611,00:04,761,-98
381.004,00:02,762,-74
381.059,00:03,762,-90
381.11,00:04,762,-98
381.502,00:02,763,-75
381.557,00:03,763,-90
381.61,00:04,763,-98
382.004,00:02,764,-75
382.056,00:03,764,-90
382.11,00:04,764,-98
382.503,00:02,765,-75
382.559,00:03,765,-90
382.611,00:04,765,-98
383.004,00:02,766,-76
383.057,00:03,766,-90
383.111,00:04,766,-98
383.504,00:02,767,-76
383.555,00:03,767,-90
383.612,00:04,767,-98
384.004,00:02,768,-76
384.058,00:03,768,-90
384.111,00:04,768,-98
384.505,00:02,769,-76
384.558,00:03,769,-90
384.61,00:04,769,-97
385.003,00:02,770,-76
385.056,00:03,770,-90
385.111,00:04,770,-97
385.505,00:02,771,-76
385.559,00:03,771,-90
385.61,00:04,771,-97
386.004,00:02,772,-76
386.057,00:03,772,-90
386.11,00:04,772,-97
386.504,00:02,773,-76
386.558,00:03,773,-90
386.611,00:04,773,-97
387.003,00:02,774,-76
387.057,00:03,774,-90
387.11,00:04,774,-97
387.501,00:02,775,-76
387.559,00:03,775,-90
387.611,00:04,775,-97
388.002,00:02,776,-76
388.056,00:03,776,-90
388.112,00:04,776,-97
388.504,00:02,777,-76
388.557,00:03,777,-90
388.61,00:04,777,-97
389.004,00:02,778,-76
389.058,00:03,778,-90
389.109,00:04,778,-97
389.503,00:02,779,-76
389.557,00:03,779,-89
389.609,00:04,779,-97
390.004,00:02,780,-76
390.056,00:03,780,-89
390.112,00:04,780,-97
390.503,00:02,781,-76
390.557,00:03,781,-89
390.609,00:04,781,-97
391.003,00:02,782,-77
391.057,00:03,782,-89
391.109,00:04,782,-97
391.503,00:02,783,-77
391.558,00:03,783,-89
391.609,00:04,783,-97
392.003,00:02,784,-77
392.058,00:03,784,-89
392.109,00:04,784,-97
392.502,00:02,785,-77
392.557,00:03,785,-89
392.61,00:04,785,-97
393.003,00:02,786,-77
393.057,00:03,786,-89
393.111,00:04,786,-96
393.503,00:02,787,-77
393.558,00:03,787,-89
393.61,00:04,787,-96
394.004,00:02,788,-77
394.056,00:03,788,-89
394.112,00:04,788,-96
394.503,00:02,789,-77
394.556,00:03,789,-88
394.612,00:04,789,-96
395.003,00:02,790,-78
395.056,00:03,790,-88
395.11,00:04,790,-96
395.502,00:02,791,-78
395.555,00:03,791,-88
395.612,00:04,791,-96
396.002,00:02,792,-78
396.057,00:03,792,-88
396.109,00:04,792,-96
396.502,00:02,793,-78
396.557,00:03,793,-88
396.611,00:04,793,-96
397.004,00:02,794,-82
397.057,00:03,794,-92
397.11,00:04,794,-100
397.503,00:02,795,-82
397.558,00:03,795,-92
397.61,00:04,795,-100
398.004,00:02,796,-82
398.057,00:03,796,-92
398.111,00:04,796,-100
398.504,00:02,797,-83
398.556,00:03,797,-92
398.609,00:04,797,-100
399.004,00:02,798,-83
399.057,00:03,798,-92
399.111,00:04,798,-100
399.502,00:02,799,-83
399.556,00:03,799,-91
399.611,00:04,799,-100
400.004,00:02,800,-83
400.058,00:03,800,-91
400.11,00:04,800,-100
400.503,00:02,801,-83
400.557,00:03,801,-91
400.611,00:04,801,-100
401.004,00:02,802,-80
401.057,00:03,802,-87
401.111,00:04,802,-96
401.503,00:02,803,-80
401.557,00:03,803,-87
401.61,00:04,803,-96
402.005,00:02,804,-80
402.055,00:03,804,-87
402.111,00:04,804,-96
402.504,00:02,805,-80
402.556,00:03,805,-87
402.61,00:04,805,-96
403.002,00:02,806,-80
403.058,00:03,806,-87
403.111,00:04,806,-96
403.503,00:02,807,-80
403.556,00:03,807,-87
403.61,00:04,807,-95
404.003,00:02,808,-81
404.055,00:03,808,-86
404.112,00:04,808,-95
404.503,00:02,809,-81
404.555,00:03,809,-86
404.609,00:04,809,-95
405.004,00:02,810,-81
405.057,00:03,810,-86
405.111,00:04,810,-95
405.502,00:02,811,-81
405.556,00:03,811,-86
405.611,00:04,811,-95
406.001,00:02,812,-81
406.058,00:03,812,-86
406.111,00:04,812,-95
406.503,00:02,813,-82
406.558,00:03,813,-86
406.609,00:04,813,-95
407.004,00:02,814,-82
407.056,00:03,814,-86
407.11,00:04,814,-95
407.503,00:02,815,-82
407.558,00:03,815,-86
407.612,00:04,815,-95
408.002,00:02,816,-82
408.056,00:03,816,-86
408.11,00:04,816,-95
408.502,00:02,817,-82
408.557,00:03,817,-85
408.609,00:04,817,-95
409.004,00:02,818,-83
409.056,00:03,818,-85
409.112,00:04,818,-95
409.503,00:02,819,-83
409.557,00:03,819,-85
409.61,00:04,819,-95
410.005,00:02,820,-83
410.058,00:03,820,-85
410.11,00:04,820,-95
410.502,00:02,821,-83
410.558,00:03,821,-85
410.61,00:04,821,-95
411.003,00:02,822,-83
411.059,00:03,822,-85
411.111,00:04,822,-95
411.502,00:02,823,-83
411.558,00:03,823,-85
411.612,00:04,823,-95
412.001,00:02,824,-84
412.056,00:03,824,-85
412.109,00:04,824,-95
412.502,00:02,825,-84
412.556,00:03,825,-84
412.61,00:04,825,-95
413.003,00:02,826,-84
413.058,00:03,826,-84
413.11,00:04,826,-95
413.502,00:02,827,-84
413.557,00:03,827,-84
413.611,00:04,827,-95
414.003,00:02,828,-84
414.058,00:03,828,-84
414.11,00:04,828,-95
414.504,00:02,829,-85
414.557,00:03,829,-84
414.611,00:04,829,-95
415.003,00:02,830,-85
415.057,00:03,830,-84
415.111,00:04,830,-95
415.503,00:02,831,-85
415.557,00:03,831,-84
415.612,00:04,831,-95
416.004,00:02,832,-85
416.058,00:03,832,-84
416.112,00:04,832,-95
416.505,00:02,833,-85
416.557,00:03,833,-83
416.61,00:04,833,-95
417.004,00:02,834,-85
417.056,00:03,834,-83
417.109,00:04,834,-95
417.502,00:02,835,-86
417.557,00:03,835,-83
417.611,00:04,835,-95
418.004,00:02,836,-86
418.058,00:03,836,-83
418.111,00:04,836,-95
418.503,00:02,837,-86
418.558,00:03,837,-83
418.61,00:04,837,-95
419.003,00:02,838,-86
419.058,00:03,838,-83
419.111,00:04,838,-94
419.501,00:02,839,-86
419.557,00:03,839,-83
419.61,00:04,839,-94
420.003,00:02,840,-86
420.059,00:03,840,-83
420.11,00:04,840,-94
420.503,00:02,841,-87
420.558,00:03,841,-82
420.612,00:04,841,-94
421.004,00:02,842,-87
421.058,00:03,842,-82
421.11,00:04,842,-94
421.502,00:02,843,-87
421.556,00:03,843,-82
421.612,00:04,843,-94
422.002,00:02,844,-87
422.057,00:03,844,-82
422.112,00:04,844,-94
422.502,00:02,845,-87
422.557,00:03,845,-82
422.609,00:04,845,-94
423.004,00:02,846,-91
423.059,00:03,846,-86
423.112,00:04,846,-98
423.501,00:02,847,-92
423.557,00:03,847,-86
423.61,00:04,847,-98
424.002,00:02,848,-92
424.057,00:03,848,-85
424.111,00:04,848,-98
424.503,00:02,849,-92
424.557,00:03,849,-85
424.612,00:04,849,-98
425.003,00:02,850,-92
425.057,00:03,850,-85
425.112,00:04,850,-98
425.503,00:02,851,-92
425.558,00:03,851,-85
425.61,00:04,851,-98
426.003,00:02,852,-92
426.056,00:03,852,-85
426.111,00:04,852,-98
426.503,00:02,853,-93
426.559,00:03,853,-85
426.611,00:04,853,-98
427.002,00:02,854,-93
427.056,00:03,854,-85
427.111,00:04,854,-98
427.501,00:02,855,-93
427.557,00:03,855,-84
427.61,00:04,855,-98
428.003,00:02,856,-93
428.059,00:03,856,-84
428.111,00:04,856,-98
428.504,00:02,857,-93
428.557,00:03,857,-84
428.61,00:04,857,-98
429.001,00:02,858,-93
429.056,00:03,858,-84
429.111,00:04,858,-98
429.504,00:02,859,-94
429.557,00:03,859,-84
429.61,00:04,859,-98
430.002,00:02,860,-94
430.057,00:03,860,-84
430.11,00:04,860,-98
430.503,00:02,861,-94
430.557,00:03,861,-83
430.612,00:04,861,-98
431.004,00:02,862,-94
431.057,00:03,862,-83
431.111,00:04,862,-98
431.501,00:02,863,-94
431.558,00:03,863,-83
431.612,00:04,863,-98
432.005,00:02,864,-94
432.056,00:03,864,-83
432.109,00:04,864,-98
432.503,00:02,865,-94
432.555,00:03,865,-83
432.611,00:04,865,-98
433.002,00:02,866,-95
433.057,00:03,866,-83
433.11,00:04,866,-98
433.502,00:02,867,-95
433.557,00:03,867,-82
433.611,00:04,867,-98
434.004,00:02,868,-95
434.057,00:03,868,-82
434.112,00:04,868,-98
434.503,00:02,869,-95
434.557,00:03,869,-82
434.609,00:04,869,-98
435.003,00:02,870,-91
435.058,00:03,870,-78
435.111,00:04,870,-94
435.503,00:02,871,-91
435.556,00:03,871,-78
435.611,00:04,871,-94
436.003,00:02,872,-91
436.057,00:03,872,-78
436.112,00:04,872,-94
436.501,00:02,873,-92
436.558,00:03,873,-78
436.612,00:04,873,-94
437.003,00:02,874,-92
437.056,00:03,874,-77
437.111,00:04,874,-94
437.502,00:02,875,-92
437.557,00:03,875,-77
437.611,00:04,875,-94
438.001,00:02,876,-92
438.057,00:03,876,-77
438.112,00:04,876,-94
438.502,00:02,877,-92
438.555,00:03,877,-77
438.612,00:04,877,-94
439.004,00:02,878,-92
439.056,00:03,878,-77
439.11,00:04,878,-94
439.502,00:02,879,-92
439.555,00:03,879,-76
439.613,00:04,879,-95
440.002,00:02,880,-93
440.058,00:03,880,-76
440.112,00:04,880,-95
440.502,00:02,881,-93
440.557,00:03,881,-76
440.611,00:04,881,-95
441.002,00:02,882,-93
441.055,00:03,882,-76
441.111,00:04,882,-95
441.503,00:02,883,-93
441.558,00:03,883,-76
441.61,00:04,883,-95
442.002,00:02,884,-93
442.056,00:03,884,-76
442.11,00:04,884,-95
442.502,00:02,885,-93
442.558,00:03,885,-75
442.609,00:04,885,-95
443.003,00:02,886,-93
443.056,00:03,886,-75
443.11,00:04,886,-95
443.503,00:02,887,-93
443.557,00:03,887,-75
443.612,00:04,887,-95
444.002,00:02,888,-94
444.058,00:03,888,-75
444.111,00:04,888,-95
444.501,00:02,889,-94
444.557,00:03,889,-75
444.612,00:04,889,-95
445.003,00:02,890,-94
445.056,00:03,890,-75
445.111,00:04,890,-95
445.504,00:02,891,-94
445.558,00:03,891,-74
445.61,00:04,891,-95
446.003,00:02,892,-94
446.057,00:03,892,-74
446.112,00:04,892,-95
446.503,00:02,893,-94
446.557,00:03,893,-74
446.611,00:04,893,-95
447.002,00:02,894,-94
447.058,00:03,894,-74
447.112,00:04,894,-95
447.504,00:02,895,-94
447.558,00:03,895,-74
447.612,00:04,895,-95
448.003,00:02,896,-95
448.056,00:03,896,-73
448.111,00:04,896,-95
448.502,00:02,897,-95
448.558,00:03,897,-73
448.612,00:04,897,-95
449.003,00:02,898,-95
449.057,00:03,898,-73
449.11,00:04,898,-95
449.504,00:02,899,-95
449.556,00:03,899,-73
449.612,00:04,899,-95
450.004,00:02,900,-95
450.056,00:03,900,-73
450.112,00:04,900,-95
450.503,00:02,901,-95
450.556,00:03,901,-72
450.61,00:04,901,-95
451.003,00:02,902,-95
451.059,00:03,902,-72
451.113,00:04,902,-95
451.502,00:02,903,-95
451.556,00:03,903,-72
451.611,00:04,903,-95
452.001,00:02,904,-95
452.056,00:03,904,-72
452.111,00:04,904,-95
452.503,00:02,905,-96
452.557,00:03,905,-72
452.611,00:04,905,-95
453.002,00:02,906,-96
453.056,00:03,906,-72
453.11,00:04,906,-95
453.503,00:02,907,-96
453.556,00:03,907,-71
453.611,00:04,907,-95
454.002,00:02,908,-96
454.057,00:03,908,-71
454.111,00:04,908,-95
454.502,00:02,909,-96
454.557,00:03,909,-71
454.611,00:04,909,-95
455.002,00:02,910,-96
455.058,00:03,910,-71
455.113,00:04,910,-96
455.504,00:02,911,-96
455.557,00:03,911,-71
455.612,00:04,911,-96
456.001,00:02,912,-96
456.057,00:03,912,-70
456.111,00:04,912,-96
456.501,00:02,913,-96
456.558,00:03,913,-70
456.612,00:04,913,-96
457.002,00:02,914,-101
457.058,00:03,914,-74
457.112,00:04,914,-100
457.501,00:02,915,-101
457.557,00:03,915,-74
457.61,00:04,915,-100
458.003,00:02,916,-101
458.057,00:03,916,-74
458.11,00:04,916,-100
458.503,00:02,917,-101
458.557,00:03,917,-74
458.612,00:04,917,-100
459.003,00:02,918,-101
459.057,00:03,918,-73
459.11,00:04,918,-100
459.502,00:02,919,-101
459.559,00:03,919,-73
459.611,00:04,919,-100
460.002,00:02,920,-101
460.059,00:03,920,-73
460.109,00:04,920,-100
460.502,00:02,921,-101
460.556,00:03,921,-73
460.612,00:04,921,-100
461.003,00:02,922,-97
461.059,00:03,922,-69
461.111,00:04,922,-96
461.503,00:02,923,-98
461.558,00:03,923,-69
461.611,00:04,923,-96
462.004,00:02,924,-98
462.056,00:03,924,-68
462.111,00:04,924,-96
462.503,00:02,925,-98
462.557,00:03,925,-68
462.611,00:04,925,-96
463.001,00:02,926,-98
463.058,00:03,926,-68
463.11,00:04,926,-96
463.504,00:02,927,-98
463.557,00:03,927,-68
463.612,00:04,927,-96
464.002,00:02,928,-98
464.058,00:03,928,-68
464.112,00:04,928,-96
464.503,00:02,929,-98
464.556,00:03,929,-68
464.609,00:04,929,-96
465.003,00:02,930,-98
465.058,00:03,930,-68
465.112,00:04,930,-97
465.503,00:02,931,-98
465.556,00:03,931,-67
465.612,00:04,931,-97
466.003,00:02,932,-98
466.055,00:03,932,-67
466.112,00:04,932,-97
466.503,00:02,933,-99
466.556,00:03,933,-67
466.611,00:04,933,-97
467.002,00:02,934,-99
467.057,00:03,934,-67
467.111,00:04,934,-97
467.501,00:02,935,-99
467.558,00:03,935,-67
467.61,00:04,935,-97
468.001,00:02,936,-99
468.057,00:03,936,-67
468.111,00:04,936,-97
468.502,00:02,937,-99
468.557,00:03,937,-67
468.61,00:04,937,-97
469.003,00:02,938,-99
469.058,00:03,938,-67
469.111,00:04,938,-97
469.504,00:02,939,-99
469.557,00:03,939,-67
469.61,00:04,939,-97
470.004,00:02,940,-99
470.058,00:03,940,-67
470.111,00:04,940,-97
470.503,00:02,941,-99
470.556,00:03,941,-67
470.611,00:04,941,-97
471.001,00:02,942,-99
471.057,00:03,942,-66
471.111,00:04,942,-97
471.501,00:02,943,-99
471.556,00:03,943,-66
471.61,00:04,943,-97
472.002,00:02,944,-100
472.057,00:03,944,-66
472.111,00:04,944,-97
472.501,00:02,945,-100
472.557,00:03,945,-66
472.609,00:04,945,-97
473.003,00:02,946,-100
473.058,00:03,946,-66
473.112,00:04,946,-97
473.503,00:02,947,-100
473.557,00:03,947,-66
473.612,00:04,947,-97
474.002,00:02,948,-100
474.056,00:03,948,-66
474.111,00:04,948,-98
474.502,00:02,949,-100
474.556,00:03,949,-67
474.611,00:04,949,-97
475.002,00:02,950,-100
475.056,00:03,950,-67
475.111,00:04,950,-97
475.502,00:02,951,-100
475.556,00:03,951,-67
475.612,00:04,951,-97
476.004,00:02,952,-100
476.057,00:03,952,-68
476.11,00:04,952,-97
476.502,00:02,953,-100
476.555,00:03,953,-68
476.612,00:04,953,-97
477.003,00:02,954,-100
477.057,00:03,954,-68
477.11,00:04,954,-97
477.504,00:02,955,-100
477.555,00:03,955,-69
477.612,00:04,955,-97
478.001,00:02,956,-100
478.056,00:03,956,-69
478.111,00:04,956,-97
478.503,00:02,957,-100
478.556,00:03,957,-69
478.61,00:04,957,-97
479.003,00:02,958,-100
479.057,00:03,958,-70
479.112,00:04,958,-97
479.502,00:02,959,-100
479.559,00:03,959,-70
479.61,00:04,959,-97
480.003,00:02,960,-100
480.058,00:03,960,-70
480.11,00:04,960,-97
480.504,00:02,961,-100
480.558,00:03,961,-70
480.61,00:04,961,-97
481.002,00:02,962,-100
481.056,00:03,962,-70
481.11,00:04,962,-96
481.503,00:02,963,-100
481.558,00:03,963,-70
481.611,00:04,963,-96
482.001,00:02,964,-100
482.056,00:03,964,-70
482.111,00:04,964,-96
482.503,00:02,965,-100
482.557,00:03,965,-70
482.611,00:04,965,-96
483.002,00:02,966,-100
483.058,00:03,966,-70
483.112,00:04,966,-96
483.504,00:02,967,-100
483.557,00:03,967,-70
483.612,00:04,967,-96
484.002,00:02,968,-99
484.056,00:03,968,-70
484.111,00:04,968,-96
484.504,00:02,969,-99
484.557,00:03,969,-70
484.611,00:04,969,-96
485.003,00:02,970,-99
485.055,00:03,970,-70
485.113,00:04,970,-96
485.501,00:02,971,-99
485.557,00:03,971,-70
485.611,00:04,971,-96
486.003,00:02,972,-99
486.056,00:03,972,-70
486.112,00:04,972,-96
486.502,00:02,973,-99
486.556,00:03,973,-70
486.611,00:04,973,-96
487.002,00:02,974,-99
487.057,00:03,974,-70
487.112,00:04,974,-96
487.502,00:02,975,-99
487.558,00:03,975,-70
487.611,00:04,975,-96
488.003,00:02,976,-99
488.057,00:03,976,-70
488.113,00:04,976,-96
488.503,00:02,977,-99
488.556,00:03,977,-70
488.611,00:04,977,-96
489.002,00:02,978,-99
489.058,00:03,978,-71
489.112,00:04,978,-95
489.503,00:02,979,-98
489.559,00:03,979,-71
489.61,00:04,979,-95
490.003,00:02,980,-98
490.057,00:03,980,-71
490.111,00:04,980,-95
490.503,00:02,981,-98
490.557,00:03,981,-71
490.612,00:04,981,-95
491.002,00:02,982,-98
491.056,00:03,982,-71
491.111,00:04,982,-95
491.502,00:02,983,-98
491.557,00:03,983,-71
491.612,00:04,983,-95
492.002,00:02,984,-98
492.057,00:03,984,-71
492.11,00:04,984,-95
492.502,00:02,985,-98
492.556,00:03,985,-71
492.611,00:04,985,-95
493.002,00:02,986,-102
493.056,00:03,986,-75
493.112,00:04,986,-99
493.503,00:02,987,-102
493.557,00:03,987,-76
493.611,00:04,987,-99
494.003,00:02,988,-102
494.057,00:03,988,-76
494.111,00:04,988,-99
494.502,00:02,989,-101
494.556,00:03,989,-76
494.611,00:04,989,-99
495,00:02,990,-101
495.058,00:03,990,-76
495.113,00:04,990,-99
495.503,00:02,991,-101
495.557,00:03,991,-76
495.611,00:04,991,-99
496.001,00:02,992,-101
496.058,00:03,992,-76
496.112,00:04,992,-99
496.502,00:02,993,-101
496.558,00:03,993,-76
496.61,00:04,993,-99
497.003,00:02,994,-97
497.055,00:03,994,-72
497.111,00:04,994,-95
497.503,00:02,995,-97
497.557,00:03,995,-73
497.611,00:04,995,-95
498.001,00:02,996,-97
498.055,00:03,996,-73
498.111,00:04,996,-94
498.503,00:02,997,-97
498.555,00:03,997,-73
498.612,00:04,997,-94
499.003,00:02,998,-97
499.057,00:03,998,-73
499.111,00:04,998,-94
499.502,00:02,999,-96
499.557,00:03,999,-73
499.61,00:04,999,-94
500.001,00:02,1000,-96
500.058,00:03,1000,-73
500.109,00:04,1000,-94
500.502,00:02,1001,-96
500.558,00:03,1001,-73
500.611,00:04,1001,-94
501.001,00:02,1002,-96
501.057,00:03,1002,-74
501.112,00:04,1002,-94
501.503,00:02,1003,-96
501.559,00:03,1003,-74
501.611,00:04,1003,-94
502.003,00:02,1004,-96
502.058,00:03,1004,-74
502.111,00:04,1004,-94
502.502,00:02,1005,-96
502.557,00:03,1005,-74
502.612,00:04,1005,-94
503.001,00:02,1006,-96
503.058,00:03,1006,-74
503.113,00:04,1006,-94
503.502,00:02,1007,-96
503.556,00:03,1007,-74
503.611,00:04,1007,-94
504.002,00:02,1008,-95
504.058,00:03,1008,-74
504.111,00:04,1008,-94
504.502,00:02,1009,-95
504.558,00:03,1009,-75
504.611,00:04,1009,-94
505,00:02,1010,-95
505.057,00:03,1010,-75
505.112,00:04,1010,-94
505.503,00:02,1011,-95
505.557,00:03,1011,-75
505.611,00:04,1011,-94
506.002,00:02,1012,-95
506.058,00:03,1012,-75
506.111,00:04,1012,-94
506.503,00:02,1013,-95
506.556,00:03,1013,-75
506.611,00:04,1013,-94
507.003,00:02,1014,-95
507.058,00:03,1014,-75
507.111,00:04,1014,-94
507.501,00:02,1015,-95
507.557,00:03,1015,-76
507.61,00:04,1015,-94
508.004,00:02,1016,-95
508.056,00:03,1016,-76
508.111,00:04,1016,-94
508.502,00:02,1017,-94
508.558,00:03,1017,-76
508.611,00:04,1017,-94
509.002,00:02,1018,-94
509.055,00:03,1018,-76
509.111,00:04,1018,-94
509.501,00:02,1019,-94
509.557,00:03,1019,-76
509.609,00:04,1019,-93
510.002,00:02,1020,-94
510.057,00:03,1020,-76
510.112,00:04,1020,-93
510.504,00:02,1021,-94
510.556,00:03,1021,-76
510.612,00:04,1021,-93
511.001,00:02,1022,-94
511.056,00:03,1022,-77
511.113,00:04,1022,-93
511.501,00:02,1023,-94
511.556,00:03,1023,-77
511.613,00:04,1023,-93
512.002,00:02,1024,-94
512.058,00:03,1024,-77
512.111,00:04,1024,-93
512.503,00:02,1025,-93
512.557,00:03,1025,-77
512.611,00:04,1025,-93
513.002,00:02,1026,-93
513.057,00:03,1026,-77
513.111,00:04,1026,-93
513.503,00:02,1027,-93
513.558,00:03,1027,-77
513.613,00:04,1027,-93
514.003,00:02,1028,-93
514.057,00:03,1028,-78
514.111,00:04,1028,-93
514.503,00:02,1029,-93
514.556,00:03,1029,-78
514.613,00:04,1029,-93
515.001,00:02,1030,-93
515.058,00:03,1030,-78
515.11,00:04,1030,-93
515.502,00:02,1031,-93
515.557,00:03,1031,-78
515.612,00:04,1031,-93
516.003,00:02,1032,-93
516.058,00:03,1032,-78
516.111,00:04,1032,-93
516.502,00:02,1033,-92
516.555,00:03,1033,-78
516.611,00:04,1033,-93
517,00:02,1034,-92
517.057,00:03,1034,-78
517.112,00:04,1034,-93
517.5,00:02,1035,-92
517.557,00:03,1035,-79
517.613,00:04,1035,-93
518.002,00:02,1036,-92
518.057,00:03,1036,-79
518.11,00:04,1036,-93
518.503,00:02,1037,-92
518.558,00:03,1037,-79
518.61,00:04,1037,-93
519.001,00:02,1038,-92
519.057,00:03,1038,-83
519.113,00:04,1038,-97
519.502,00:02,1039,-96
519.557,00:03,1039,-83
519.613,00:04,1039,-97
520.002,00:02,1040,-96
520.058,00:03,1040,-83
520.11,00:04,1040,-97
520.504,00:02,1041,-95
520.555,00:03,1041,-83
520.61,00:04,1041,-97
521.002,00:02,1042,-95
521.058,00:03,1042,-84
521.109,00:04,1042,-97
521.502,00:02,1043,-95
521.556,00:03,1043,-84
521.61,00:04,1043,-97
522.003,00:02,1044,-95
522.057,00:03,1044,-84
522.112,00:04,1044,-97
522.503,00:02,1045,-95
522.556,00:03,1045,-84
522.61,00:04,1045,-97
523.002,00:02,1046,-95
523.058,00:03,1046,-84
523.113,00:04,1046,-97
523.501,00:02,1047,-95
523.556,00:03,1047,-84
523.612,00:04,1047,-97
524.001,00:02,1048,-94
524.056,00:03,1048,-84
524.112,00:04,1048,-97
524.502,00:02,1049,-94
524.558,00:03,1049,-85
524.612,00:04,1049,-97
525.002,00:02,1050,-94
525.056,00:03,1050,-85
525.112,00:04,1050,-97
525.501,00:02,1051,-94
525.557,00:03,1051,-85
525.611,00:04,1051,-97
526.001,00:02,1052,-94
526.057,00:03,1052,-85
526.111,00:04,1052,-97
526.502,00:02,1053,-94
526.558,00:03,1053,-85
526.612,00:04,1053,-97
527.002,00:02,1054,-94
527.056,00:03,1054,-85
527.112,00:04,1054,-97
527.501,00:02,1055,-94
527.558,00:03,1055,-85
527.613,00:04,1055,-97
528.002,00:02,1056,-93
528.057,00:03,1056,-86
528.111,00:04,1056,-97
528.502,00:02,1057,-93
528.559,00:03,1057,-86
528.613,00:04,1057,-97
529.004,00:02,1058,-93
529.057,00:03,1058,-86
529.11,00:04,1058,-97
529.501,00:02,1059,-93
529.558,00:03,1059,-86
529.612,00:04,1059,-97
530.002,00:02,1060,-93
530.057,00:03,1060,-86
530.112,00:04,1060,-97
530.502,00:02,1061,-93
530.557,00:03,1061,-86
530.612,00:04,1061,-97
531.001,00:02,1062,-92
531.057,00:03,1062,-82
531.113,00:04,1062,-93
531.503,00:02,1063,-88
531.556,00:03,1063,-83
531.611,00:04,1063,-93
532.002,00:02,1064,-88
532.058,00:03,1064,-83
532.112,00:04,1064,-93
532.504,00:02,1065,-88
532.557,00:03,1065,-83
532.612,00:04,1065,-93
533.003,00:02,1066,-88
533.057,00:03,1066,-83
533.113,00:04,1066,-93
533.503,00:02,1067,-88
533.557,00:03,1067,-83
533.612,00:04,1067,-93
534.001,00:02,1068,-88
534.057,00:03,1068,-83
534.11,00:04,1068,-93
534.503,00:02,1069,-87
534.558,00:03,1069,-83
534.612,00:04,1069,-93
535,00:02,1070,-87
535.058,00:03,1070,-83
535.109,00:04,1070,-93
535.501,00:02,1071,-87
535.558,00:03,1071,-84
535.612,00:04,1071,-93
536.002,00:02,1072,-87
536.057,00:03,1072,-84
536.111,00:04,1072,-93
536.501,00:02,1073,-87
536.556,00:03,1073,-84
536.613,00:04,1073,-93
537.001,00:02,1074,-87
537.058,00:03,1074,-84
537.113,00:04,1074,-93
537.503,00:02,1075,-87
537.558,00:03,1075,-84
537.61,00:04,1075,-93
538.001,00:02,1076,-86
538.057,00:03,1076,-84
538.111,00:04,1076,-93
538.503,00:02,1077,-86
538.556,00:03,1077,-84
538.612,00:04,1077,-93
539.001,00:02,1078,-86
539.056,00:03,1078,-84
539.111,00:04,1078,-93
539.501,00:02,1079,-86
539.558,00:03,1079,-85
539.611,00:04,1079,-93
540.001,00:02,1080,-86
540.057,00:03,1080,-85
540.111,00:04,1080,-93
540.501,00:02,1081,-86
540.555,00:03,1081,-85
540.612,00:04,1081,-93
541.002,00:02,1082,-85
541.058,00:03,1082,-85
541.112,00:04,1082,-94
541.502,00:02,1083,-85
541.556,00:03,1083,-85
541.612,00:04,1083,-94
542.002,00:02,1084,-85
542.057,00:03,1084,-85
542.111,00:04,1084,-94
542.503,00:02,1085,-85
542.556,00:03,1085,-85
542.611,00:04,1085,-94
543.002,00:02,1086,-85
543.056,00:03,1086,-85
543.112,00:04,1086,-94
543.503,00:02,1087,-85
543.558,00:03,1087,-85
543.612,00:04,1087,-94
544.002,00:02,1088,-85
544.055,00:03,1088,-86
544.113,00:04,1088,-94
544.502,00:02,1089,-84
544.556,00:03,1089,-86
544.611,00:04,1089,-94
545.003,00:02,1090,-84
545.059,00:03,1090,-86
545.112,00:04,1090,-94
545.501,00:02,1091,-84
545.558,00:03,1091,-86
545.61,00:04,1091,-94
546.002,00:02,1092,-84
546.058,00:03,1092,-86
546.112,00:04,1092,-94
546.502,00:02,1093,-84
546.557,00:03,1093,-86
546.613,00:04,1093,-94
547.003,00:02,1094,-84
547.058,00:03,1094,-86
547.111,00:04,1094,-94
547.502,00:02,1095,-83
547.558,00:03,1095,-86
547.613,00:04,1095,-94
548.003,00:02,1096,-83
548.057,00:03,1096,-86
548.112,00:04,1096,-94
548.503,00:02,1097,-83
548.558,00:03,1097,-87
548.614,00:04,1097,-94
549.002,00:02,1098,-83
549.057,00:03,1098,-87
549.112,00:04,1098,-94
549.5,00:02,1099,-83
549.559,00:03,1099,-87
549.611,00:04,1099,-94
550.002,00:02,1100,-83
550.057,00:03,1100,-87
550.112,00:04,1100,-94
550.501,00:02,1101,-83
550.557,00:03,1101,-87
550.612,00:04,1101,-94
551.003,00:02,1102,-82
551.057,00:03,1102,-87
551.111,00:04,1102,-94
551.503,00:02,1103,-82
551.558,00:03,1103,-87
551.611,00:04,1103,-94
552.001,00:02,1104,-82
552.056,00:03,1104,-87
552.111,00:04,1104,-94
552.5,00:02,1105,-82
552.557,00:03,1105,-87
552.613,00:04,1105,-95
553.002,00:02,1106,-86
553.057,00:03,1106,-92
553.113,00:04,1106,-99
553.503,00:02,1107,-86
553.556,00:03,1107,-92
553.613,00:04,1107,-99
554.003,00:02,1108,-86
554.057,00:03,1108,-92
554.112,00:04,1108,-99
554.503,00:02,1109,-85
554.559,00:03,1109,-92
554.611,00:04,1109,-99
555.003,00:02,1110,-85
555.058,00:03,1110,-92
555.111,00:04,1110,-99
555.501,00:02,1111,-85
555.555,00:03,1111,-92
555.612,00:04,1111,-99
556,00:02,1112,-85
556.057,00:03,1112,-92
556.111,00:04,1112,-99
556.502,00:02,1113,-85
556.555,00:03,1113,-92
556.61,00:04,1113,-99
557.002,00:02,1114,-81
557.056,00:03,1114,-88
557.112,00:04,1114,-95
557.502,00:02,1115,-81
557.557,00:03,1115,-88
557.613,00:04,1115,-95
558.002,00:02,1116,-81
558.058,00:03,1116,-89
558.112,00:04,1116,-95
558.501,00:02,1117,-81
558.557,00:03,1117,-89
558.612,00:04,1117,-95
559,00:02,1118,-80
559.058,00:03,1118,-89
559.112,00:04,1118,-95
559.501,00:02,1119,-80
559.558,00:03,1119,-89
559.612,00:04,1119,-95
560.001,00:02,1120,-80
560.057,00:03,1120,-89
560.113,00:04,1120,-95
560.503,00:02,1121,-80
560.555,00:03,1121,-89
560.612,00:04,1121,-95
561,00:02,1122,-80
561.058,00:03,1122,-89
561.112,00:04,1122,-95
561.501,00:02,1123,-80
561.556,00:03,1123,-89
561.611,00:04,1123,-96
562.002,00:02,1124,-80
562.058,00:03,1124,-89
562.111,00:04,1124,-96
562.501,00:02,1125,-80
562.557,00:03,1125,-89
562.611,00:04,1125,-96
563,00:02,1126,-80
563.057,00:03,1126,-89
563.111,00:04,1126,-96
563.501,00:02,1127,-80
563.556,00:03,1127,-90
563.613,00:04,1127,-96
564.002,00:02,1128,-80
564.057,00:03,1128,-90
564.113,00:04,1128,-96
564.5,00:02,1129,-79
564.558,00:03,1129,-90
564.611,00:04,1129,-96
565.001,00:02,1130,-79
565.058,00:03,1130,-90
565.112,00:04,1130,-96
565.501,00:02,1131,-79
565.557,00:03,1131,-90
565.612,00:04,1131,-96
566,00:02,1132,-79
566.056,00:03,1132,-90
566.112,00:04,1132,-96
566.502,00:02,1133,-79
566.558,00:03,1133,-90
566.613,00:04,1133,-96
567.003,00:02,1134,-79
567.057,00:03,1134,-90
567.113,00:04,1134,-96
567.502,00:02,1135,-79
567.557,00:03,1135,-90
567.61,00:04,1135,-96
568.001,00:02,1136,-79
568.058,00:03,1136,-90
568.111,00:04,1136,-96
568.501,00:02,1137,-79
568.558,00:03,1137,-90
568.613,00:04,1137,-96
569.001,00:02,1138,-79
569.057,00:03,1138,-91
569.113,00:04,1138,-97
569.502,00:02,1139,-79
569.558,00:03,1139,-91
569.612,00:04,1139,-97
570.001,00:02,1140,-79
570.056,00:03,1140,-91
570.112,00:04,1140,-97
570.501,00:02,1141,-79
570.558,00:03,1141,-91
570.612,00:04,1141,-97
571.001,00:02,1142,-80
571.057,00:03,1142,-91
571.112,00:04,1142,-96
571.502,00:02,1143,-80
571.558,00:03,1143,-91
571.61,00:04,1143,-96
572.002,00:02,1144,-80
572.057,00:03,1144,-91
572.112,00:04,1144,-96
572.503,00:02,1145,-81
572.557,00:03,1145,-91
572.611,00:04,1145,-96
573.001,00:02,1146,-81
573.059,00:03,1146,-91
573.112,00:04,1146,-96
573.501,00:02,1147,-81
573.558,00:03,1147,-91
573.611,00:04,1147,-96
574.002,00:02,1148,-81
574.056,00:03,1148,-91
574.112,00:04,1148,-96
574.502,00:02,1149,-82
574.556,00:03,1149,-91
574.611,00:04,1149,-96
575.001,00:02,1150,-82
575.056,00:03,1150,-91
575.111,00:04,1150,-96
575.502,00:02,1151,-82
575.556,00:03,1151,-91
575.612,00:04,1151,-96
576.002,00:02,1152,-82
576.059,00:03,1152,-91
576.11,00:04,1152,-96
576.501,00:02,1153,-82
576.555,00:03,1153,-91
576.614,00:04,1153,-96
577.002,00:02,1154,-82
577.058,00:03,1154,-91
577.112,00:04,1154,-96
577.502,00:02,1155,-82
577.557,00:03,1155,-91
577.611,00:04,1155,-95
578.001,00:02,1156,-82
578.056,00:03,1156,-91
578.112,00:04,1156,-95
578.502,00:02,1157,-82
578.557,00:03,1157,-91
578.612,00:04,1157,-95
579,00:02,1158,-82
579.058,00:03,1158,-91
579.111,00:04,1158,-95
579.501,00:02,1159,-82
579.558,00:03,1159,-90
579.611,00:04,1159,-95
580,00:02,1160,-82
580.056,00:03,1160,-90
580.111,00:04,1160,-95
580.502,00:02,1161,-82
580.556,00:03,1161,-90
580.612,00:04,1161,-95
581.002,00:02,1162,-82
581.057,00:03,1162,-90
581.111,00:04,1162,-95
581.5,00:02,1163,-82
581.557,00:03,1163,-90
581.613,00:04,1163,-95
582.003,00:02,1164,-82
582.057,00:03,1164,-90
582.11,00:04,1164,-95
582.501,00:02,1165,-82
582.556,00:03,1165,-90
582.613,00:04,1165,-95
583.002,00:02,1166,-82
583.055,00:03,1166,-90
583.113,00:04,1166,-95
583.502,00:02,1167,-82
583.557,00:03,1167,-90
583.61,00:04,1167,-95
584.001,00:02,1168,-82
584.057,00:03,1168,-90
584.112,00:04,1168,-95
584.501,00:02,1169,-83
584.559,00:03,1169,-90
584.612,00:04,1169,-94
585.001,00:02,1170,-83
585.056,00:03,1170,-89
585.112,00:04,1170,-94
585.502,00:02,1171,-83
585.557,00:03,1171,-89
585.61,00:04,1171,-94
586.001,00:02,1172,-83
586.057,00:03,1172,-89
586.111,00:04,1172,-94
586.502,00:02,1173,-83
586.557,00:03,1173,-89
586.613,00:04,1173,-94
587,00:02,1174,-83
587.057,00:03,1174,-89
587.112,00:04,1174,-94
587.502,00:02,1175,-83
587.558,00:03,1175,-89
587.612,00:04,1175,-94
588.002,00:02,1176,-83
588.056,00:03,1176,-89
588.112,00:04,1176,-94
588.502,00:02,1177,-83
588.557,00:03,1177,-89
588.612,00:04,1177,-94
589.001,00:02,1178,-87
589.057,00:03,1178,-93
589.113,00:04,1178,-98
589.5,00:02,1179,-87
589.558,00:03,1179,-93
589.611,00:04,1179,-98
590.001,00:02,1180,-87
590.056,00:03,1180,-92
590.111,00:04,1180,-98
590.501,00:02,1181,-88
590.556,00:03,1181,-92
590.611,00:04,1181,-98
591.002,00:02,1182,-88
591.058,00:03,1182,-92
591.112,00:04,1182,-98
591.502,00:02,1183,-88
591.557,00:03,1183,-92
591.612,00:04,1183,-98
592.001,00:02,1184,-88
592.058,00:03,1184,-92
592.112,00:04,1184,-97
592.499,00:02,1185,-88
592.558,00:03,1185,-92
592.614,00:04,1185,-97
593.002,00:02,1186,-84
593.058,00:03,1186,-88
593.112,00:04,1186,-93
593.502,00:02,1187,-84
593.557,00:03,1187,-88
593.613,00:04,1187,-93
594.001,00:02,1188,-84
594.056,00:03,1188,-88
594.113,00:04,1188,-93
594.501,00:02,1189,-84
594.558,00:03,1189,-88
594.612,00:04,1189,-93
595.002,00:02,1190,-84
595.057,00:03,1190,-88
595.113,00:04,1190,-93
595.501,00:02,1191,-85
595.555,00:03,1191,-87
595.612,00:04,1191,-93
596.002,00:02,1192,-85
596.059,00:03,1192,-87
596.112,00:04,1192,-93
596.502,00:02,1193,-85
596.557,00:03,1193,-87
596.611,00:04,1193,-93
597.003,00:02,1194,-85
597.056,00:03,1194,-87
597.114,00:04,1194,-93
597.5,00:02,1195,-85
597.557,00:03,1195,-87
597.612,00:04,1195,-93
597.999,00:02,1196,-85
598.057,00:03,1196,-87
598.112,00:04,1196,-93
598.5,00:02,1197,-85
598.557,00:03,1197,-87
598.612,00:04,1197,-93
599.002,00:02,1198,-85
599.057,00:03,1198,-87
599.112,00:04,1198,-93
599.501,00:02,1199,-86
599.558,00:03,1199,-87
599.613,00:04,1199,-93
600.003,00:02,1200,-86
600.057,00:03,1200,-86
600.111,00:04,1200,-93
600.502,00:02,1201,-86
600.558,00:03,1201,-86
600.612,00:04,1201,-93
601.001,00:02,1202,-86
601.057,00:03,1202,-86
601.112,00:04,1202,-92
601.502,00:02,1203,-86
601.559,00:03,1203,-86
601.612,00:04,1203,-92
602.001,00:02,1204,-86
602.057,00:03,1204,-86
602.11,00:04,1204,-92
602.502,00:02,1205,-86
602.557,00:03,1205,-86
602.613,00:04,1205,-92
603.002,00:02,1206,-86
603.056,00:03,1206,-86
603.113,00:04,1206,-92
603.5,00:02,1207,-87
603.557,00:03,1207,-86
603.614,00:04,1207,-92
604,00:02,1208,-87
604.057,00:03,1208,-86
604.111,00:04,1208,-92
604.502,00:02,1209,-87
604.557,00:03,1209,-86
604.612,00:04,1209,-92
605,00:02,1210,-87
605.059,00:03,1210,-85
605.112,00:04,1210,-92
605.501,00:02,1211,-87
605.557,00:03,1211,-85
605.611,00:04,1211,-92
606.002,00:02,1212,-87
606.057,00:03,1212,-85
606.111,00:04,1212,-92
606.502,00:02,1213,-87
606.556,00:03,1213,-85
606.613,00:04,1213,-92
607.001,00:02,1214,-87
607.057,00:03,1214,-85
607.112,00:04,1214,-92
607.501,00:02,1215,-88
607.557,00:03,1215,-85
607.612,00:04,1215,-92
608,00:02,1216,-88
608.058,00:03,1216,-85
608.113,00:04,1216,-92
608.5,00:02,1217,-88
608.556,00:03,1217,-85
608.612,00:04,1217,-92
609,00:02,1218,-88
609.058,00:03,1218,-85
609.113,00:04,1218,-92
609.501,00:02,1219,-88
609.556,00:03,1219,-84
609.613,00:04,1219,-92
610,00:02,1220,-88
610.059,00:03,1220,-84
610.11,00:04,1220,-92
610.5,00:02,1221,-88
610.557,00:03,1221,-84
610.613,00:04,1221,-92
611.001,00:02,1222,-89
611.057,00:03,1222,-84
611.112,00:04,1222,-92
611.502,00:02,1223,-89
611.556,00:03,1223,-84
611.614,00:04,1223,-92
612,00:02,1224,-89
612.057,00:03,1224,-84
612.112,00:04,1224,-92
612.501,00:02,1225,-89
612.555,00:03,1225,-84
612.611,00:04,1225,-92
613,00:02,1226,-89
613.056,00:03,1226,-84
613.112,00:04,1226,-92
613.502,00:02,1227,-89
613.556,00:03,1227,-83
613.613,00:04,1227,-92
614.001,00:02,1228,-89
614.057,00:03,1228,-83
614.112,00:04,1228,-92
614.5,00:02,1229,-89
614.558,00:03,1229,-83
614.612,00:04,1229,-92
615,00:02,1230,-90
615.057,00:03,1230,-83
615.114,00:04,1230,-92
615.5,00:02,1231,-90
615.558,00:03,1231,-83
615.613,00:04,1231,-92
616,00:02,1232,-90
616.057,00:03,1232,-83
616.112,00:04,1232,-92
616.502,00:02,1233,-90
616.558,00:03,1233,-83
616.612,00:04,1233,-92
617.002,00:02,1234,-90
617.056,00:03,1234,-83
617.112,00:04,1234,-92
617.502,00:02,1235,-90
617.557,00:03,1235,-83
617.614,00:04,1235,-92
618,00:02,1236,-90
618.058,00:03,1236,-82
618.111,00:04,1236,-92
618.501,00:02,1237,-90
618.557,00:03,1237,-82
618.611,00:04,1237,-92
619.001,00:02,1238,-91
619.058,00:03,1238,-82
619.113,00:04,1238,-92
619.503,00:02,1239,-91
619.555,00:03,1239,-82
619.612,00:04,1239,-92
620.002,00:02,1240,-91
620.059,00:03,1240,-82
620.112,00:04,1240,-91
620.5,00:02,1241,-91
620.556,00:03,1241,-82
620.611,00:04,1241,-91
621.001,00:02,1242,-91
621.058,00:03,1242,-82
621.114,00:04,1242,-91
621.501,00:02,1243,-91
621.556,00:03,1243,-82
621.611,00:04,1243,-91
622.001,00:02,1244,-91
622.058,00:03,1244,-81
622.113,00:04,1244,-91
622.5,00:02,1245,-91
622.557,00:03,1245,-81
622.614,00:04,1245,-92
623.003,00:02,1246,-92
623.057,00:03,1246,-81
623.112,00:04,1246,-92
623.501,00:02,1247,-92
623.557,00:03,1247,-81
623.613,00:04,1247,-92
624.001,00:02,1248,-92
624.059,00:03,1248,-81
624.112,00:04,1248,-92
624.502,00:02,1249,-92
624.558,00:03,1249,-81
624.611,00:04,1249,-92
625,00:02,1250,-92
625.058,00:03,1250,-81
625.111,00:04,1250,-92
625.501,00:02,1251,-92
625.559,00:03,1251,-80
625.613,00:04,1251,-92
626.001,00:02,1252,-92
626.057,00:03,1252,-80
626.113,00:04,1252,-92
626.502,00:02,1253,-92
626.557,00:03,1253,-80
626.612,00:04,1253,-92
627,00:02,1254,-93
627.057,00:03,1254,-80
627.114,00:04,1254,-92
627.5,00:02,1255,-93
627.557,00:03,1255,-80
627.613,00:04,1255,-92
628.002,00:02,1256,-93
628.058,00:03,1256,-80
628.111,00:04,1256,-92
628.502,00:02,1257,-93
628.556,00:03,1257,-80
628.613,00:04,1257,-92
629.002,00:02,1258,-93
629.057,00:03,1258,-80
629.112,00:04,1258,-92
629.499,00:02,1259,-93
629.557,00:03,1259,-79
629.613,00:04,1259,-92
630,00:02,1260,-93
630.056,00:03,1260,-79
630.111,00:04,1260,-92
630.502,00:02,1261,-93
630.557,00:03,1261,-79
630.614,00:04,1261,-92
631.002,00:02,1262,-94
631.059,00:03,1262,-79
631.111,00:04,1262,-92
631.502,00:02,1263,-94
631.557,00:03,1263,-79
631.612,00:04,1263,-92
632.001,00:02,1264,-94
632.058,00:03,1264,-79
632.114,00:04,1264,-92
632.502,00:02,1265,-94
632.556,00:03,1265,-79
632.613,00:04,1265,-92
633.002,00:02,1266,-94
633.056,00:03,1266,-79
633.112,00:04,1266,-92
633.501,00:02,1267,-94
633.558,00:03,1267,-78
633.612,00:04,1267,-92
634.001,00:02,1268,-94
634.059,00:03,1268,-78
634.112,00:04,1268,-92
634.502,00:02,1269,-94
634.557,00:03,1269,-78
634.612,00:04,1269,-92
635.001,00:02,1270,-94
635.057,00:03,1270,-78
635.112,00:04,1270,-92
635.5,00:02,1271,-95
635.558,00:03,1271,-78
635.611,00:04,1271,-92
636.001,00:02,1272,-95
636.057,00:03,1272,-78
636.114,00:04,1272,-92
636.5,00:02,1273,-95
636.557,00:03,1273,-78
636.611,00:04,1273,-92
637,00:02,1274,-95
637.057,00:03,1274,-77
637.113,00:04,1274,-92
637.501,00:02,1275,-95
637.557,00:03,1275,-77
637.611,00:04,1275,-92
638.001,00:02,1276,-95
638.056,00:03,1276,-77
638.112,00:04,1276,-92
638.501,00:02,1277,-95
638.559,00:03,1277,-77
638.613,00:04,1277,-92
638.999,00:02,1278,-95
639.057,00:03,1278,-77
639.113,00:04,1278,-92
639.5,00:02,1279,-95
639.556,00:03,1279,-77
639.612,00:04,1279,-92
640.001,00:02,1280,-96
640.057,00:03,1280,-77
640.111,00:04,1280,-92
640.501,00:02,1281,-96
640.557,00:03,1281,-77
640.614,00:04,1281,-92
640.999,00:02,1282,-96
641.058,00:03,1282,-76
641.112,00:04,1282,-93
641.501,00:02,1283,-96
641.558,00:03,1283,-76
641.614,00:04,1283,-93
641.999,00:02,1284,-96
642.058,00:03,1284,-76
642.113,00:04,1284,-93
642.501,00:02,1285,-96
642.558,00:03,1285,-76
642.614,00:04,1285,-93
643.001,00:02,1286,-96
643.057,00:03,1286,-76
643.111,00:04,1286,-93
643.499,00:02,1287,-96
643.558,00:03,1287,-76
643.613,00:04,1287,-93
644.001,00:02,1288,-96
644.058,00:03,1288,-76
644.111,00:04,1288,-93
644.502,00:02,1289,-96
644.555,00:03,1289,-76
644.61,00:04,1289,-93
645,00:02,1290,-97
645.059,00:03,1290,-75
645.114,00:04,1290,-93
645.502,00:02,1291,-97
645.558,00:03,1291,-75
645.612,00:04,1291,-93
646.002,00:02,1292,-97
646.058,00:03,1292,-75
646.113,00:04,1292,-93
646.5,00:02,1293,-97
646.556,00:03,1293,-75
646.611,00:04,1293,-93
647.001,00:02,1294,-97
647.056,00:03,1294,-75
647.111,00:04,1294,-93
647.501,00:02,1295,-97
647.558,00:03,1295,-75
647.614,00:04,1295,-93
648.001,00:02,1296,-97
648.057,00:03,1296,-75
648.113,00:04,1296,-93
648.5,00:02,1297,-97
648.556,00:03,1297,-75
648.613,00:04,1297,-93
649.002,00:02,1298,-101
649.056,00:03,1298,-79
649.113,00:04,1298,-97
649.499,00:02,1299,-101
649.557,00:03,1299,-78
649.614,00:04,1299,-97
650.001,00:02,1300,-102
650.057,00:03,1300,-78
650.111,00:04,1300,-98
650.502,00:02,1301,-102
650.556,00:03,1301,-78
650.612,00:04,1301,-98
650.999,00:02,1302,-102
651.057,00:03,1302,-78
651.114,00:04,1302,-98
651.502,00:02,1303,-102
651.557,00:03,1303,-78
651.614,00:04,1303,-98
651.999,00:02,1304,-102
652.055,00:03,1304,-78
652.111,00:04,1304,-98
652.5,00:02,1305,-102
652.556,00:03,1305,-78
652.614,00:04,1305,-98
653.001,00:02,1306,-98
653.058,00:03,1306,-74
653.113,00:04,1306,-94
653.501,00:02,1307,-98
653.558,00:03,1307,-74
653.612,00:04,1307,-94
653.999,00:02,1308,-98
654.058,00:03,1308,-74
654.111,00:04,1308,-94
654.499,00:02,1309,-98
654.557,00:03,1309,-74
654.612,00:04,1309,-94
655.002,00:02,1310,-99
655.057,00:03,1310,-73
655.111,00:04,1310,-94
655.501,00:02,1311,-99
655.555,00:03,1311,-73
655.614,00:04,1311,-94
656.001,00:02,1312,-99
656.057,00:03,1312,-73
656.112,00:04,1312,-94
656.5,00:02,1313,-99
656.556,00:03,1313,-73
656.613,00:04,1313,-94
657,00:02,1314,-99
657.057,00:03,1314,-73
657.113,00:04,1314,-94
657.5,00:02,1315,-99
657.558,00:03,1315,-73
657.613,00:04,1315,-94
658,00:02,1316,-99
658.058,00:03,1316,-73
658.112,00:04,1316,-95
658.501,00:02,1317,-99
658.557,00:03,1317,-73
658.613,00:04,1317,-95
659,00:02,1318,-99
659.057,00:03,1318,-73
659.111,00:04,1318,-95
659.5,00:02,1319,-99
659.558,00:03,1319,-73
659.613,00:04,1319,-95
660,00:02,1320,-99
660.057,00:03,1320,-73
660.114,00:04,1320,-95
660.501,00:02,1321,-100
660.557,00:03,1321,-73
660.613,00:04,1321,-95
660.998,00:02,1322,-100
661.059,00:03,1322,-73
661.112,00:04,1322,-95
661.501,00:02,1323,-100
661.556,00:03,1323,-73
661.612,00:04,1323,-95
662.002,00:02,1324,-100
662.056,00:03,1324,-73
662.113,00:04,1324,-95
662.5,00:02,1325,-100
662.556,00:03,1325,-73
662.612,00:04,1325,-95
663.001,00:02,1326,-100
663.056,00:03,1326,-73
663.114,00:04,1326,-95
663.499,00:02,1327,-100
663.556,00:03,1327,-73
663.611,00:04,1327,-95
664.002,00:02,1328,-100
664.056,00:03,1328,-73
664.112,00:04,1328,-95
664.501,00:02,1329,-100
664.557,00:03,1329,-73
664.613,00:04,1329,-95
665.002,00:02,1330,-100
665.055,00:03,1330,-73
665.112,00:04,1330,-96
665.5,00:02,1331,-100
665.558,00:03,1331,-73
665.613,00:04,1331,-96
665.999,00:02,1332,-100
666.058,00:03,1332,-73
666.112,00:04,1332,-96
666.5,00:02,1333,-101
666.559,00:03,1333,-73
666.613,00:04,1333,-96
667,00:02,1334,-101
667.057,00:03,1334,-73
667.113,00:04,1334,-95
667.5,00:02,1335,-101
667.557,00:03,1335,-73
667.612,00:04,1335,-95
668.002,00:02,1336,-101
668.056,00:03,1336,-74
668.113,00:04,1336,-95
668.5,00:02,1337,-101
668.559,00:03,1337,-74
668.614,00:04,1337,-95
669.002,00:02,1338,-101
669.058,00:03,1338,-74
669.111,00:04,1338,-95
669.5,00:02,1339,-101
669.558,00:03,1339,-74
669.612,00:04,1339,-95
670,00:02,1340,-101
670.055,00:03,1340,-75
670.112,00:04,1340,-95
670.501,00:02,1341,-101
670.557,00:03,1341,-75
670.614,00:04,1341,-95
671,00:02,1342,-101
671.058,00:03,1342,-75
671.113,00:04,1342,-95
671.501,00:02,1343,-101
671.556,00:03,1343,-75
671.611,00:04,1343,-95
672.001,00:02,1344,-101
672.057,00:03,1344,-75
672.114,00:04,1344,-95
672.501,00:02,1345,-101
672.557,00:03,1345,-75
672.615,00:04,1345,-95
673.002,00:02,1346,-101
673.058,00:03,1346,-75
673.112,00:04,1346,-95
673.499,00:02,1347,-101
673.558,00:03,1347,-75
673.612,00:04,1347,-94
674,00:02,1348,-100
674.058,00:03,1348,-75
674.113,00:04,1348,-94
674.5,00:02,1349,-100
674.559,00:03,1349,-75
674.612,00:04,1349,-94
675,00:02,1350,-100
675.059,00:03,1350,-75
675.111,00:04,1350,-94
675.5,00:02,1351,-100
675.557,00:03,1351,-75
675.614,00:04,1351,-94
676.002,00:02,1352,-100
676.058,00:03,1352,-75
676.112,00:04,1352,-94
676.502,00:02,1353,-100
676.556,00:03,1353,-75
676.612,00:04,1353,-94
676.999,00:02,1354,-100
677.059,00:03,1354,-75
677.112,00:04,1354,-94
677.501,00:02,1355,-100
677.556,00:03,1355,-75
677.613,00:04,1355,-94
678.001,00:02,1356,-100
678.057,00:03,1356,-75
678.114,00:04,1356,-94
678.498,00:02,1357,-100
678.557,00:03,1357,-75
678.613,00:04,1357,-94
679.001,00:02,1358,-100
679.056,00:03,1358,-75
679.112,00:04,1358,-94
679.5,00:02,1359,-100
679.557,00:03,1359,-75
679.611,00:04,1359,-94
680,00:02,1360,-99
680.057,00:03,1360,-75
680.114,00:04,1360,-93
680.501,00:02,1361,-99
680.557,00:03,1361,-75
680.612,00:04,1361,-93
680.999,00:02,1362,-99
681.057,00:03,1362,-75
681.112,00:04,1362,-93
681.502,00:02,1363,-99
681.557,00:03,1363,-76
681.612,00:04,1363,-93
681.999,00:02,1364,-99
682.056,00:03,1364,-76
682.111,00:04,1364,-93
682.499,00:02,1365,-99
682.555,00:03,1365,-76
682.613,00:04,1365,-93
682.999,00:02,1366,-99
683.056,00:03,1366,-76
683.112,00:04,1366,-93
683.499,00:02,1367,-99
683.558,00:03,1367,-76
683.613,00:04,1367,-93
684,00:02,1368,-99
684.057,00:03,1368,-76
684.113,00:04,1368,-93
684.501,00:02,1369,-99
684.558,00:03,1369,-76
684.615,00:04,1369,-93
685.001,00:02,1370,-103
685.057,00:03,1370,-80
685.112,00:04,1370,-97
685.499,00:02,1371,-102
685.556,00:03,1371,-80
685.613,00:04,1371,-97
686,00:02,1372,-102
686.056,00:03,1372,-80
686.111,00:04,1372,-97
686.499,00:02,1373,-102
686.557,00:03,1373,-80
686.612,00:04,1373,-96
686.999,00:02,1374,-102
687.058,00:03,1374,-80
687.114,00:04,1374,-96
687.5,00:02,1375,-102
687.558,00:03,1375,-80
687.612,00:04,1375,-96
688.001,00:02,1376,-102
688.057,00:03,1376,-80
688.114,00:04,1376,-96
688.499,00:02,1377,-102
688.556,00:03,1377,-80
688.612,00:04,1377,-96
689.002,00:02,1378,-98
689.057,00:03,1378,-77
689.112,00:04,1378,-92
689.5,00:02,1379,-98
689.557,00:03,1379,-77
689.611,00:04,1379,-92
690.001,00:02,1380,-98
690.056,00:03,1380,-77
690.112,00:04,1380,-92
690.501,00:02,1381,-98
690.557,00:03,1381,-77
690.613,00:04,1381,-92
691.001,00:02,1382,-97
691.057,00:03,1382,-77
691.112,00:04,1382,-92
691.5,00:02,1383,-97
691.556,00:03,1383,-77
691.612,00:04,1383,-92
692,00:02,1384,-97
692.057,00:03,1384,-77
692.113,00:04,1384,-92
692.499,00:02,1385,-97
692.559,00:03,1385,-77
692.613,00:04,1385,-92
693,00:02,1386,-97
693.057,00:03,1386,-77
693.115,00:04,1386,-92
693.5,00:02,1387,-97
693.556,00:03,1387,-77
693.613,00:04,1387,-92
694.002,00:02,1388,-97
694.058,00:03,1388,-78
694.113,00:04,1388,-91
694.5,00:02,1389,-97
694.558,00:03,1389,-78
694.613,00:04,1389,-91
695.001,00:02,1390,-97
695.058,00:03,1390,-78
695.114,00:04,1390,-91
695.501,00:02,1391,-97
695.556,00:03,1391,-78
695.613,00:04,1391,-91
696,00:02,1392,-96
696.057,00:03,1392,-78
696.113,00:04,1392,-91
696.5,00:02,1393,-96
696.556,00:03,1393,-78
696.613,00:04,1393,-91
697,00:02,1394,-96
697.058,00:03,1394,-78
697.114,00:04,1394,-91
697.501,00:02,1395,-96
697.557,00:03,1395,-78
697.612,00:04,1395,-91
698.001,00:02,1396,-96
698.056,00:03,1396,-78
698.114,00:04,1396,-91
698.5,00:02,1397,-96
698.558,00:03,1397,-78
698.613,00:04,1397,-91
699,00:02,1398,-96
699.058,00:03,1398,-79
699.114,00:04,1398,-91
699.502,00:02,1399,-96
699.559,00:03,1399,-79
699.614,00:04,1399,-91
699.999,00:02,1400,-96
700.057,00:03,1400,-79
700.112,00:04,1400,-91
700.499,00:02,1401,-96
700.557,00:03,1401,-79
700.614,00:04,1401,-91
700.999,00:02,1402,-95
701.057,00:03,1402,-79
701.113,00:04,1402,-91
701.498,00:02,1403,-95
701.558,00:03,1403,-79
701.613,00:04,1403,-91
701.999,00:02,1404,-95
702.058,00:03,1404,-79
702.112,00:04,1404,-91
702.5,00:02,1405,-95
702.555,00:03,1405,-79
702.613,00:04,1405,-91
703.001,00:02,1406,-95
703.059,00:03,1406,-79
703.113,00:04,1406,-91
703.5,00:02,1407,-95
703.556,00:03,1407,-80
703.613,00:04,1407,-90
704,00:02,1408,-95
704.058,00:03,1408,-80
704.113,00:04,1408,-90
704.502,00:02,1409,-95
704.557,00:03,1409,-80
704.611,00:04,1409,-90
704.998,00:02,1410,-95
705.056,00:03,1410,-80
705.112,00:04,1410,-90
705.501,00:02,1411,-95
705.558,00:03,1411,-80
705.612,00:04,1411,-90
706.001,00:02,1412,-94
706.057,00:03,1412,-80
706.113,00:04,1412,-90
706.5,00:02,1413,-94
706.558,00:03,1413,-80
706.612,00:04,1413,-90
707,00:02,1414,-94
707.057,00:03,1414,-80
707.114,00:04,1414,-90
707.501,00:02,1415,-94
707.557,00:03,1415,-80
707.613,00:04,1415,-90
708.001,00:02,1416,-94
708.058,00:03,1416,-81
708.114,00:04,1416,-90
708.501,00:02,1417,-94
708.556,00:03,1417,-81
708.613,00:04,1417,-90
709.001,00:02,1418,-94
709.059,00:03,1418,-81
709.113,00:04,1418,-90
709.501,00:02,1419,-94
709.557,00:03,1419,-81
709.612,00:04,1419,-90
710,00:02,1420,-94
710.056,00:03,1420,-81
710.114,00:04,1420,-90
710.501,00:02,1421,-93
710.556,00:03,1421,-81
710.612,00:04,1421,-90
711,00:02,1422,-93
711.056,00:03,1422,-81
711.112,00:04,1422,-90
711.499,00:02,1423,-93
711.557,00:03,1423,-81
711.613,00:04,1423,-90
712,00:02,1424,-93
712.058,00:03,1424,-81
712.114,00:04,1424,-90
712.501,00:02,1425,-93
712.557,00:03,1425,-82
712.613,00:04,1425,-90
713.001,00:02,1426,-93
713.058,00:03,1426,-82
713.113,00:04,1426,-90
713.501,00:02,1427,-93
713.555,00:03,1427,-82
713.613,00:04,1427,-90
713.999,00:02,1428,-93
714.055,00:03,1428,-82
714.114,00:04,1428,-90
714.502,00:02,1429,-93
714.556,00:03,1429,-82
714.614,00:04,1429,-90
715.001,00:02,1430,-92
715.056,00:03,1430,-82
715.114,00:04,1430,-90
715.5,00:02,1431,-92
715.557,00:03,1431,-82
715.612,00:04,1431,-90
716,00:02,1432,-92
716.057,00:03,1432,-82
716.113,00:04,1432,-90
716.5,00:02,1433,-92
716.556,00:03,1433,-82
716.615,00:04,1433,-90
716.999,00:02,1434,-92
717.056,00:03,1434,-83
717.112,00:04,1434,-90
717.499,00:02,1435,-92
717.557,00:03,1435,-83
717.614,00:04,1435,-90
718.001,00:02,1436,-92
718.059,00:03,1436,-83
718.114,00:04,1436,-90
718.5,00:02,1437,-92
718.558,00:03,1437,-83
718.612,00:04,1437,-90
719,00:02,1438,-92
719.057,00:03,1438,-83
719.111,00:04,1438,-90
719.498,00:02,1439,-91
719.558,00:03,1439,-83
719.613,00:04,1439,-90
719.998,00:02,1440,-91
720.057,00:03,1440,-83
720.112,00:04,1440,-90
720.5,00:02,1441,-91
720.556,00:03,1441,-83
720.613,00:04,1441,-90
721.001,00:02,1442,-91
721.056,00:03,1442,-83
721.112,00:04,1442,-90
721.5,00:02,1443,-91
721.556,00:03,1443,-84
721.612,00:04,1443,-90
722,00:02,1444,-91
722.057,00:03,1444,-84
722.115,00:04,1444,-90
722.498,00:02,1445,-91
722.558,00:03,1445,-84
722.612,00:04,1445,-90
723.001,00:02,1446,-91
723.055,00:03,1446,-84
723.114,00:04,1446,-90
723.501,00:02,1447,-91
723.557,00:03,1447,-84
723.612,00:04,1447,-90
723.999,00:02,1448,-90
724.057,00:03,1448,-84
724.112,00:04,1448,-90
724.5,00:02,1449,-90
724.556,00:03,1449,-84
724.613,00:04,1449,-90
724.999,00:02,1450,-90
725.057,00:03,1450,-84
725.113,00:04,1450,-90
725.501,00:02,1451,-90
725.558,00:03,1451,-84
725.612,00:04,1451,-90
726,00:02,1452,-90
726.057,00:03,1452,-85
726.113,00:04,1452,-90
726.498,00:02,1453,-90
726.557,00:03,1453,-85
726.613,00:04,1453,-90
726.999,00:02,1454,-90
727.056,00:03,1454,-85
727.112,00:04,1454,-90
727.498,00:02,1455,-90
727.558,00:03,1455,-85
727.614,00:04,1455,-90
728,00:02,1456,-90
728.058,00:03,1456,-85
728.113,00:04,1456,-90
728.501,00:02,1457,-89
728.556,00:03,1457,-85
728.611,00:04,1457,-90
729,00:02,1458,-89
729.058,00:03,1458,-85
729.113,00:04,1458,-90
729.499,00:02,1459,-89
729.558,00:03,1459,-85
729.614,00:04,1459,-90
729.999,00:02,1460,-89
730.058,00:03,1460,-85
730.113,00:04,1460,-90
730.5,00:02,1461,-89
730.556,00:03,1461,-86
730.613,00:04,1461,-90
731.001,00:02,1462,-89
731.058,00:03,1462,-86
731.112,00:04,1462,-91
731.499,00:02,1463,-89
731.557,00:03,1463,-86
731.613,00:04,1463,-91
732.001,00:02,1464,-89
732.057,00:03,1464,-86
732.113,00:04,1464,-91
732.501,00:02,1465,-89
732.558,00:03,1465,-86
732.613,00:04,1465,-91
733,00:02,1466,-88
733.059,00:03,1466,-86
733.115,00:04,1466,-91
733.5,00:02,1467,-88
733.557,00:03,1467,-86
733.613,00:04,1467,-91
734,00:02,1468,-88
734.056,00:03,1468,-86
734.112,00:04,1468,-91
734.5,00:02,1469,-88
734.557,00:03,1469,-86
734.613,00:04,1469,-91
735,00:02,1470,-88
735.059,00:03,1470,-86
735.113,00:04,1470,-91
735.5,00:02,1471,-88
735.557,00:03,1471,-87
735.612,00:04,1471,-91
736,00:02,1472,-88
736.056,00:03,1472,-87
736.113,00:04,1472,-91
736.5,00:02,1473,-88
736.556,00:03,1473,-87
736.613,00:04,1473,-91
736.999,00:02,1474,-88
737.056,00:03,1474,-87
737.113,00:04,1474,-91
737.5,00:02,1475,-87
737.558,00:03,1475,-87
737.612,00:04,1475,-91
738,00:02,1476,-87
738.057,00:03,1476,-87
738.112,00:04,1476,-91
738.501,00:02,1477,-87
738.555,00:03,1477,-87
738.614,00:04,1477,-91
739.001,00:02,1478,-87
739.056,00:03,1478,-87
739.113,00:04,1478,-91
739.498,00:02,1479,-87
739.557,00:03,1479,-87
739.614,00:04,1479,-91
740.001,00:02,1480,-87
740.057,00:03,1480,-87
740.113,00:04,1480,-91
740.501,00:02,1481,-87
740.556,00:03,1481,-88
740.611,00:04,1481,-92
741,00:02,1482,-87
741.058,00:03,1482,-88
741.113,00:04,1482,-92
741.499,00:02,1483,-87
741.556,00:03,1483,-88
741.613,00:04,1483,-92
741.999,00:02,1484,-87
742.058,00:03,1484,-88
742.113,00:04,1484,-92
742.499,00:02,1485,-86
742.558,00:03,1485,-88
742.613,00:04,1485,-92
743.001,00:02,1486,-86
743.059,00:03,1486,-88
743.114,00:04,1486,-92
743.499,00:02,1487,-86
743.557,00:03,1487,-88
743.613,00:04,1487,-92
743.999,00:02,1488,-86
744.057,00:03,1488,-88
744.113,00:04,1488,-92
744.499,00:02,1489,-86
744.557,00:03,1489,-88
744.612,00:04,1489,-92
745,00:02,1490,-86
745.058,00:03,1490,-92
745.114,00:04,1490,-96
745.5,00:02,1491,-90
745.559,00:03,1491,-92
745.612,00:04,1491,-96
745.998,00:02,1492,-90
746.058,00:03,1492,-93
746.114,00:04,1492,-96
746.5,00:02,1493,-90
746.557,00:03,1493,-93
746.611,00:04,1493,-96
747.001,00:02,1494,-90
747.056,00:03,1494,-93
747.113,00:04,1494,-96
747.5,00:02,1495,-90
747.556,00:03,1495,-93
747.613,00:04,1495,-96
748,00:02,1496,-90
748.059,00:03,1496,-93
748.114,00:04,1496,-97
748.499,00:02,1497,-89
748.557,00:03,1497,-93
748.613,00:04,1497,-97
748.999,00:02,1498,-89
749.056,00:03,1498,-89
749.113,00:04,1498,-93
749.501,00:02,1499,-85
749.558,00:03,1499,-89
749.611,00:04,1499,-93
750,00:02,1500,-85
750.058,00:03,1500,-89
750.112,00:04,1500,-93
750.498,00:02,1501,-85
750.557,00:03,1501,-89
750.613,00:04,1501,-93
750.999,00:02,1502,-85
751.056,00:03,1502,-89
751.114,00:04,1502,-93
751.499,00:02,1503,-85
751.556,00:03,1503,-90
751.613,00:04,1503,-93
752,00:02,1504,-85
752.057,00:03,1504,-90
752.112,00:04,1504,-93
752.5,00:02,1505,-85
752.559,00:03,1505,-90
752.614,00:04,1505,-93
753.001,00:02,1506,-85
753.058,00:03,1506,-90
753.115,00:04,1506,-93
753.5,00:02,1507,-85
753.557,00:03,1507,-90
753.614,00:04,1507,-93
753.999,00:02,1508,-85
754.056,00:03,1508,-90
754.113,00:04,1508,-93
754.501,00:02,1509,-85
754.559,00:03,1509,-90
754.614,00:04,1509,-94
754.999,00:02,1510,-85
755.057,00:03,1510,-90
755.114,00:04,1510,-94
755.501,00:02,1511,-85
755.556,00:03,1511,-90
755.614,00:04,1511,-94
756,00:02,1512,-85
756.057,00:03,1512,-90
756.112,00:04,1512,-94
756.501,00:02,1513,-85
756.557,00:03,1513,-90
756.613,00:04,1513,-94
757,00:02,1514,-85
757.056,00:03,1514,-91
757.113,00:04,1514,-94
757.501,00:02,1515,-85
757.558,00:03,1515,-91
757.613,00:04,1515,-94
757.999,00:02,1516,-85
758.056,00:03,1516,-91
758.112,00:04,1516,-94
758.5,00:02,1517,-85
758.557,00:03,1517,-91
758.611,00:04,1517,-94
759,00:02,1518,-84
759.056,00:03,1518,-91
759.114,00:04,1518,-94
759.499,00:02,1519,-84
759.557,00:03,1519,-91
759.613,00:04,1519,-94
760.001,00:02,1520,-84
760.057,00:03,1520,-91
760.115,00:04,1520,-94
760.5,00:02,1521,-84
760.557,00:03,1521,-91
760.614,00:04,1521,-95
761,00:02,1522,-84
761.057,00:03,1522,-91
761.114,00:04,1522,-95
761.499,00:02,1523,-84
761.557,00:03,1523,-91
761.613,00:04,1523,-95
761.999,00:02,1524,-84
762.058,00:03,1524,-91
762.114,00:04,1524,-95
762.5,00:02,1525,-85
762.556,00:03,1525,-91
762.612,00:04,1525,-95
763.001,00:02,1526,-85
763.058,00:03,1526,-91
763.114,00:04,1526,-95
763.499,00:02,1527,-85
763.558,00:03,1527,-91
763.614,00:04,1527,-94
764,00:02,1528,-85
764.057,00:03,1528,-92
764.113,00:04,1528,-94
764.501,00:02,1529,-86
764.557,00:03,1529,-92
764.613,00:04,1529,-94
765.001,00:02,1530,-86
765.056,00:03,1530,-92
765.112,00:04,1530,-94
765.497,00:02,1531,-86
765.556,00:03,1531,-92
765.614,00:04,1531,-94
766.001,00:02,1532,-86
766.058,00:03,1532,-92
766.114,00:04,1532,-94
766.499,00:02,1533,-86
766.558,00:03,1533,-92
766.614,00:04,1533,-94
766.999,00:02,1534,-87
767.058,00:03,1534,-92
767.114,00:04,1534,-94
767.502,00:02,1535,-87
767.557,00:03,1535,-92
767.613,00:04,1535,-94
768,00:02,1536,-87
768.057,00:03,1536,-92
768.114,00:04,1536,-94
768.498,00:02,1537,-87
768.558,00:03,1537,-92
768.612,00:04,1537,-94
768.999,00:02,1538,-87
769.059,00:03,1538,-92
769.113,00:04,1538,-94
769.501,00:02,1539,-87
769.556,00:03,1539,-91
769.613,00:04,1539,-93
769.999,00:02,1540,-87
770.056,00:03,1540,-91
770.115,00:04,1540,-93
770.499,00:02,1541,-87
770.556,00:03,1541,-91
770.613,00:04,1541,-93
771.001,00:02,1542,-87
771.056,00:03,1542,-91
771.113,00:04,1542,-93
771.499,00:02,1543,-87
771.557,00:03,1543,-91
771.612,00:04,1543,-93
772,00:02,1544,-87
772.058,00:03,1544,-91
772.113,00:04,1544,-93
772.5,00:02,1545,-87
772.557,00:03,1545,-91
772.613,00:04,1545,-93
772.999,00:02,1546,-87
773.057,00:03,1546,-91
773.113,00:04,1546,-93
773.501,00:02,1547,-87
773.557,00:03,1547,-91
773.615,00:04,1547,-93
774.001,00:02,1548,-87
774.057,00:03,1548,-91
774.112,00:04,1548,-93
774.499,00:02,1549,-87
774.558,00:03,1549,-91
774.614,00:04,1549,-93
774.999,00:02,1550,-87
775.058,00:03,1550,-91
775.112,00:04,1550,-92
775.5,00:02,1551,-87
775.559,00:03,1551,-91
775.613,00:04,1551,-92
776,00:02,1552,-87
776.057,00:03,1552,-90
776.114,00:04,1552,-92
776.5,00:02,1553,-87
776.555,00:03,1553,-90
776.614,00:04,1553,-92
776.999,00:02,1554,-87
777.057,00:03,1554,-90
777.115,00:04,1554,-92
777.499,00:02,1555,-87
777.556,00:03,1555,-90
777.613,00:04,1555,-92
778.001,00:02,1556,-87
778.057,00:03,1556,-90
778.114,00:04,1556,-92
778.5,00:02,1557,-87
778.556,00:03,1557,-90
778.614,00:04,1557,-92
779,00:02,1558,-87
779.058,00:03,1558,-90
779.113,00:04,1558,-92
779.5,00:02,1559,-87
779.558,00:03,1559,-90
779.614,00:04,1559,-92
779.999,00:02,1560,-87
780.058,00:03,1560,-90
780.113,00:04,1560,-92
780.5,00:02,1561,-87
780.556,00:03,1561,-90
780.615,00:04,1561,-92
781,00:02,1562,-87
781.056,00:03,1562,-94
781.114,00:04,1562,-95
781.499,00:02,1563,-91
781.558,00:03,1563,-93
781.615,00:04,1563,-95
781.998,00:02,1564,-91
782.057,00:03,1564,-93
782.115,00:04,1564,-95
782.499,00:02,1565,-92
782.556,00:03,1565,-93
782.615,00:04,1565,-95
783,00:02,1566,-92
783.055,00:03,1566,-93
783.113,00:04,1566,-95
783.498,00:02,1567,-92
783.558,00:03,1567,-93
783.614,00:04,1567,-95
783.999,00:02,1568,-92
784.058,00:03,1568,-93
784.113,00:04,1568,-95
784.499,00:02,1569,-92
784.558,00:03,1569,-93
784.613,00:04,1569,-95
785,00:02,1570,-92
785.057,00:03,1570,-89
785.113,00:04,1570,-91
785.5,00:02,1571,-88
785.558,00:03,1571,-89
785.613,00:04,1571,-91
786,00:02,1572,-88
786.058,00:03,1572,-89
786.115,00:04,1572,-91
786.499,00:02,1573,-88
786.557,00:03,1573,-89
786.613,00:04,1573,-91
787,00:02,1574,-88
787.057,00:03,1574,-89
787.114,00:04,1574,-90
787.499,00:02,1575,-88
787.556,00:03,1575,-88
787.614,00:04,1575,-90
787.999,00:02,1576,-88
788.058,00:03,1576,-88
788.114,00:04,1576,-90
788.5,00:02,1577,-88
788.559,00:03,1577,-88
788.613,00:04,1577,-90
788.999,00:02,1578,-88
789.057,00:03,1578,-88
789.114,00:04,1578,-90
789.499,00:02,1579,-89
789.557,00:03,1579,-88
789.613,00:04,1579,-90
789.997,00:02,1580,-89
790.058,00:03,1580,-88
790.114,00:04,1580,-90
790.501,00:02,1581,-89
790.558,00:03,1581,-88
790.614,00:04,1581,-90
791,00:02,1582,-89
791.058,00:03,1582,-88
791.112,00:04,1582,-90
791.501,00:02,1583,-89
791.557,00:03,1583,-88
791.615,00:04,1583,-90
791.998,00:02,1584,-89
792.058,00:03,1584,-88
792.114,00:04,1584,-90
792.498,00:02,1585,-89
792.559,00:03,1585,-88
792.615,00:04,1585,-90
793,00:02,1586,-89
793.056,00:03,1586,-87
793.115,00:04,1586,-90
793.499,00:02,1587,-89
793.557,00:03,1587,-87
793.614,00:04,1587,-90
793.998,00:02,1588,-89
794.056,00:03,1588,-87
794.115,00:04,1588,-89
794.5,00:02,1589,-89
794.556,00:03,1589,-87
794.614,00:04,1589,-89
794.999,00:02,1590,-89
795.058,00:03,1590,-87
795.114,00:04,1590,-89
795.499,00:02,1591,-90
795.557,00:03,1591,-87
795.614,00:04,1591,-89
795.999,00:02,1592,-90
796.056,00:03,1592,-87
796.115,00:04,1592,-89
796.501,00:02,1593,-90
796.557,00:03,1593,-87
796.613,00:04,1593,-89
796.999,00:02,1594,-90
797.058,00:03,1594,-87
797.112,00:04,1594,-89
797.5,00:02,1595,-90
797.557,00:03,1595,-87
797.613,00:04,1595,-89
797.998,00:02,1596,-90
798.057,00:03,1596,-86
798.115,00:04,1596,-89
798.498,00:02,1597,-90
798.556,00:03,1597,-86
798.613,00:04,1597,-89
798.999,00:02,1598,-90
799.056,00:03,1598,-86
799.113,00:04,1598,-89
799.5,00:02,1599,-90
799.558,00:03,1599,-86
799.614,00:04,1599,-89
800,00:02,1600,-90
800.056,00:03,1600,-86
800.115,00:04,1600,-89
800.498,00:02,1601,-91
800.559,00:03,1601,-86
800.614,00:04,1601,-89
800.997,00:02,1602,-91
801.057,00:03,1602,-86
801.114,00:04,1602,-89
801.5,00:02,1603,-91
801.558,00:03,1603,-86
801.614,00:04,1603,-89
801.999,00:02,1604,-91
802.057,00:03,1604,-86
802.113,00:04,1604,-89
802.499,00:02,1605,-91
802.558,00:03,1605,-86
802.613,00:04,1605,-89
803,00:02,1606,-91
803.056,00:03,1606,-86
803.114,00:04,1606,-89
803.498,00:02,1607,-91
803.558,00:03,1607,-85
803.613,00:04,1607,-88
803.998,00:02,1608,-91
804.057,00:03,1608,-85
804.113,00:04,1608,-88
804.5,00:02,1609,-91
804.556,00:03,1609,-85
804.614,00:04,1609,-88
804.998,00:02,1610,-91
805.058,00:03,1610,-85
805.114,00:04,1610,-88
805.498,00:02,1611,-91
805.556,00:03,1611,-85
805.612,00:04,1611,-88
806,00:02,1612,-92
806.055,00:03,1612,-85
806.115,00:04,1612,-88
806.499,00:02,1613,-92
806.558,00:03,1613,-85
806.614,00:04,1613,-88
807,00:02,1614,-92
807.059,00:03,1614,-85
807.115,00:04,1614,-88
807.499,00:02,1615,-92
807.557,00:03,1615,-85
807.614,00:04,1615,-88
807.998,00:02,1616,-92
808.056,00:03,1616,-85
808.115,00:04,1616,-88
808.501,00:02,1617,-92
808.559,00:03,1617,-84
808.614,00:04,1617,-88
809.001,00:02,1618,-92
809.058,00:03,1618,-84
809.114,00:04,1618,-88
809.499,00:02,1619,-92
809.558,00:03,1619,-84
809.613,00:04,1619,-88
810.001,00:02,1620,-92
810.058,00:03,1620,-84
810.113,00:04,1620,-88
810.499,00:02,1621,-92
810.557,00:03,1621,-84
810.612,00:04,1621,-88
810.998,00:02,1622,-93
811.056,00:03,1622,-84
811.113,00:04,1622,-88
811.5,00:02,1623,-93
811.557,00:03,1623,-84
811.614,00:04,1623,-88
812,00:02,1624,-93
812.056,00:03,1624,-84
812.115,00:04,1624,-88
812.498,00:02,1625,-93
812.557,00:03,1625,-84
812.614,00:04,1625,-88
813,00:02,1626,-93
813.056,00:03,1626,-84
813.115,00:04,1626,-88
813.498,00:02,1627,-93
813.557,00:03,1627,-83
813.613,00:04,1627,-88
813.997,00:02,1628,-93
814.056,00:03,1628,-83
814.112,00:04,1628,-88
814.501,00:02,1629,-93
814.557,00:03,1629,-83
814.613,00:04,1629,-88
814.998,00:02,1630,-93
815.056,00:03,1630,-83
815.115,00:04,1630,-88
815.5,00:02,1631,-93
815.557,00:03,1631,-83
815.614,00:04,1631,-88
815.998,00:02,1632,-94
816.058,00:03,1632,-83
816.116,00:04,1632,-88
816.499,00:02,1633,-94
816.556,00:03,1633,-83
816.614,00:04,1633,-88
816.999,00:02,1634,-94
817.059,00:03,1634,-83
817.114,00:04,1634,-88
817.5,00:02,1635,-94
817.559,00:03,1635,-83
817.614,00:04,1635,-88
817.999,00:02,1636,-94
818.057,00:03,1636,-83
818.116,00:04,1636,-88
818.498,00:02,1637,-94
818.555,00:03,1637,-82
818.614,00:04,1637,-88
819,00:02,1638,-94
819.057,00:03,1638,-82
819.113,00:04,1638,-88
819.498,00:02,1639,-94
819.556,00:03,1639,-82
819.615,00:04,1639,-88
820,00:02,1640,-94
820.057,00:03,1640,-82
820.115,00:04,1640,-88
820.5,00:02,1641,-94
820.557,00:03,1641,-82
820.612,00:04,1641,-88
821,00:02,1642,-95
821.057,00:03,1642,-82
821.112,00:04,1642,-88
821.501,00:02,1643,-95
821.558,00:03,1643,-82
821.614,00:04,1643,-88
821.998,00:02,1644,-95
822.056,00:03,1644,-82
822.113,00:04,1644,-88
822.499,00:02,1645,-95
822.558,00:03,1645,-82
822.613,00:04,1645,-89
822.998,00:02,1646,-95
823.058,00:03,1646,-82
823.114,00:04,1646,-89
823.5,00:02,1647,-95
823.557,00:03,1647,-81
823.614,00:04,1647,-89
823.998,00:02,1648,-95
824.059,00:03,1648,-81
824.115,00:04,1648,-89
824.499,00:02,1649,-95
824.557,00:03,1649,-81
824.613,00:04,1649,-89
824.999,00:02,1650,-95
825.057,00:03,1650,-81
825.114,00:04,1650,-89
825.5,00:02,1651,-95
825.555,00:03,1651,-81
825.614,00:04,1651,-89
825.999,00:02,1652,-96
826.058,00:03,1652,-81
826.113,00:04,1652,-89
826.498,00:02,1653,-96
826.558,00:03,1653,-81
826.614,00:04,1653,-89
826.999,00:02,1654,-96
827.059,00:03,1654,-81
827.114,00:04,1654,-89
827.498,00:02,1655,-96
827.559,00:03,1655,-81
827.616,00:04,1655,-89
827.999,00:02,1656,-96
828.057,00:03,1656,-81
828.114,00:04,1656,-89
828.499,00:02,1657,-96
828.557,00:03,1657,-80
828.615,00:04,1657,-89
828.998,00:02,1658,-96
829.056,00:03,1658,-80
829.114,00:04,1658,-89
829.501,00:02,1659,-96
829.558,00:03,1659,-80
829.615,00:04,1659,-89
829.999,00:02,1660,-96
830.058,00:03,1660,-80
830.113,00:04,1660,-89
830.499,00:02,1661,-96
830.558,00:03,1661,-80
830.614,00:04,1661,-89
831,00:02,1662,-97
831.056,00:03,1662,-80
831.114,00:04,1662,-89
831.497,00:02,1663,-97
831.558,00:03,1663,-80
831.614,00:04,1663,-89
832,00:02,1664,-97
832.059,00:03,1664,-80
832.114,00:04,1664,-89
832.499,00:02,1665,-97
832.557,00:03,1665,-80
832.615,00:04,1665,-90
832.999,00:02,1666,-97
833.058,00:03,1666,-80
833.113,00:04,1666,-90
833.498,00:02,1667,-97
833.557,00:03,1667,-80
833.612,00:04,1667,-90
834,00:02,1668,-97
834.057,00:03,1668,-79
834.115,00:04,1668,-90
834.497,00:02,1669,-97
834.557,00:03,1669,-79
834.614,00:04,1669,-90
835,00:02,1670,-97
835.056,00:03,1670,-79
835.114,00:04,1670,-90
835.497,00:02,1671,-97
835.557,00:03,1671,-79
835.616,00:04,1671,-90
836,00:02,1672,-97
836.057,00:03,1672,-79
836.115,00:04,1672,-90
836.497,00:02,1673,-98
836.556,00:03,1673,-79
836.614,00:04,1673,-90
837,00:02,1674,-98
837.057,00:03,1674,-79
837.114,00:04,1674,-90
837.498,00:02,1675,-98
837.559,00:03,1675,-79
837.613,00:04,1675,-90
837.999,00:02,1676,-98
838.056,00:03,1676,-79
838.115,00:04,1676,-90
838.499,00:02,1677,-98
838.558,00:03,1677,-79
838.615,00:04,1677,-90
839,00:02,1678,-98
839.058,00:03,1678,-79
839.113,00:04,1678,-90
839.5,00:02,1679,-98
839.559,00:03,1679,-79
839.615,00:04,1679,-91
839.998,00:02,1680,-98
840.057,00:03,1680,-79
840.114,00:04,1680,-91
840.499,00:02,1681,-98
840.557,00:03,1681,-78
840.614,00:04,1681,-91
840.999,00:02,1682,-98
841.057,00:03,1682,-82
841.113,00:04,1682,-95
841.498,00:02,1683,-102
841.558,00:03,1683,-82
841.615,00:04,1683,-95
841.998,00:02,1684,-103
842.057,00:03,1684,-82
842.113,00:04,1684,-95
842.499,00:02,1685,-103
842.557,00:03,1685,-82
842.614,00:04,1685,-95
842.998,00:02,1686,-103
843.059,00:03,1686,-82
843.113,00:04,1686,-95
843.5,00:02,1687,-103
843.557,00:03,1687,-82
843.615,00:04,1687,-95
843.998,00:02,1688,-103
844.056,00:03,1688,-82
844.115,00:04,1688,-95
844.499,00:02,1689,-103
844.556,00:03,1689,-82
844.614,00:04,1689,-95
844.999,00:02,1690,-103
845.058,00:03,1690,-78
845.112,00:04,1690,-91
845.498,00:02,1691,-99
845.557,00:03,1691,-78
845.615,00:04,1691,-92
845.999,00:02,1692,-99
846.059,00:03,1692,-78
846.114,00:04,1692,-92
846.5,00:02,1693,-99
846.557,00:03,1693,-78
846.614,00:04,1693,-92
846.998,00:02,1694,-99
847.058,00:03,1694,-78
847.115,00:04,1694,-92
847.498,00:02,1695,-99
847.556,00:03,1695,-78
847.615,00:04,1695,-92
848,00:02,1696,-100
848.056,00:03,1696,-78
848.113,00:04,1696,-92
848.5,00:02,1697,-100
848.556,00:03,1697,-78
848.615,00:04,1697,-92
849,00:02,1698,-100
849.058,00:03,1698,-77
849.112,00:04,1698,-92
849.498,00:02,1699,-100
849.558,00:03,1699,-77
849.613,00:04,1699,-92
849.999,00:02,1700,-100
850.058,00:03,1700,-77
850.115,00:04,1700,-92
850.497,00:02,1701,-100
850.557,00:03,1701,-77
850.613,00:04,1701,-92
850.999,00:02,1702,-100
851.058,00:03,1702,-77
851.114,00:04,1702,-93
851.499,00:02,1703,-100
851.559,00:03,1703,-77
851.615,00:04,1703,-93
851.997,00:02,1704,-100
852.056,00:03,1704,-77
852.114,00:04,1704,-93
852.5,00:02,1705,-100
852.557,00:03,1705,-77
852.615,00:04,1705,-93
853,00:02,1706,-100
853.055,00:03,1706,-77
853.114,00:04,1706,-93
853.499,00:02,1707,-100
853.557,00:03,1707,-77
853.615,00:04,1707,-93
853.998,00:02,1708,-101
854.059,00:03,1708,-77
854.115,00:04,1708,-93
854.499,00:02,1709,-101
854.556,00:03,1709,-77
854.614,00:04,1709,-93
854.999,00:02,1710,-101
855.056,00:03,1710,-77
855.115,00:04,1710,-93
855.499,00:02,1711,-101
855.558,00:03,1711,-77
855.615,00:04,1711,-93
856,00:02,1712,-101
856.058,00:03,1712,-77
856.114,00:04,1712,-93
856.499,00:02,1713,-101
856.557,00:03,1713,-77
856.616,00:04,1713,-94
856.999,00:02,1714,-101
857.056,00:03,1714,-77
857.115,00:04,1714,-94
857.5,00:02,1715,-101
857.557,00:03,1715,-77
857.613,00:04,1715,-94
857.999,00:02,1716,-101
858.056,00:03,1716,-77
858.113,00:04,1716,-94
858.498,00:02,1717,-101
858.556,00:03,1717,-77
858.615,00:04,1717,-94
858.998,00:02,1718,-101
859.058,00:03,1718,-78
859.115,00:04,1718,-94
859.499,00:02,1719,-101
859.557,00:03,1719,-78
859.614,00:04,1719,-93
859.999,00:02,1720,-101
860.056,00:03,1720,-78
860.115,00:04,1720,-93
860.499,00:02,1721,-101
860.558,00:03,1721,-78
860.614,00:04,1721,-93
860.999,00:02,1722,-101
861.056,00:03,1722,-78
861.114,00:04,1722,-93
861.499,00:02,1723,-101
861.558,00:03,1723,-79
861.613,00:04,1723,-93
862,00:02,1724,-101
862.057,00:03,1724,-79
862.114,00:04,1724,-93
862.498,00:02,1725,-102
862.557,00:03,1725,-79
862.614,00:04,1725,-93
862.999,00:02,1726,-102
863.056,00:03,1726,-79
863.115,00:04,1726,-93
863.5,00:02,1727,-102
863.558,00:03,1727,-79
863.614,00:04,1727,-93
863.997,00:02,1728,-102
864.057,00:03,1728,-79
864.114,00:04,1728,-93
864.498,00:02,1729,-101
864.556,00:03,1729,-79
864.614,00:04,1729,-93
864.998,00:02,1730,-101
865.057,00:03,1730,-79
865.113,00:04,1730,-93
865.499,00:02,1731,-101
865.558,00:03,1731,-79
865.616,00:04,1731,-92
865.997,00:02,1732,-101
866.057,00:03,1732,-79
866.113,00:04,1732,-92
866.5,00:02,1733,-101
866.556,00:03,1733,-79
866.615,00:04,1733,-92
866.999,00:02,1734,-101
867.056,00:03,1734,-79
867.116,00:04,1734,-92
867.498,00:02,1735,-101
867.558,00:03,1735,-79
867.613,00:04,1735,-92
867.999,00:02,1736,-101
868.056,00:03,1736,-79
868.114,00:04,1736,-92
868.499,00:02,1737,-101
868.557,00:03,1737,-79
868.615,00:04,1737,-92
868.999,00:02,1738,-101
869.059,00:03,1738,-79
869.114,00:04,1738,-92
869.499,00:02,1739,-101
869.557,00:03,1739,-79
869.615,00:04,1739,-92
869.998,00:02,1740,-101
870.057,00:03,1740,-79
870.113,00:04,1740,-92
870.498,00:02,1741,-101
870.556,00:03,1741,-79
870.616,00:04,1741,-91
870.998,00:02,1742,-100
871.058,00:03,1742,-79
871.114,00:04,1742,-91
871.498,00:02,1743,-100
871.555,00:03,1743,-79
871.613,00:04,1743,-91
871.999,00:02,1744,-100
872.059,00:03,1744,-79
872.115,00:04,1744,-91
872.498,00:02,1745,-100
872.558,00:03,1745,-79
872.614,00:04,1745,-91
872.998,00:02,1746,-100
873.058,00:03,1746,-79
873.115,00:04,1746,-91
873.498,00:02,1747,-100
873.556,00:03,1747,-79
873.614,00:04,1747,-91
873.999,00:02,1748,-100
874.057,00:03,1748,-79
874.114,00:04,1748,-91
874.5,00:02,1749,-100
874.557,00:03,1749,-79
874.613,00:04,1749,-91
875,00:02,1750,-100
875.058,00:03,1750,-79
875.114,00:04,1750,-91
875.497,00:02,1751,-100
875.557,00:03,1751,-80
875.615,00:04,1751,-90
875.998,00:02,1752,-100
876.056,00:03,1752,-80
876.116,00:04,1752,-90
876.498,00:02,1753,-100
876.557,00:03,1753,-80
876.614,00:04,1753,-90
876.998,00:02,1754,-100
877.057,00:03,1754,-84
877.113,00:04,1754,-94
877.498,00:02,1755,-103
877.558,00:03,1755,-84
877.614,00:04,1755,-94
877.999,00:02,1756,-103
878.058,00:03,1756,-84
878.114,00:04,1756,-94
878.498,00:02,1757,-103
878.558,00:03,1757,-84
878.615,00:04,1757,-94
878.998,00:02,1758,-103
879.057,00:03,1758,-84
879.115,00:04,1758,-94
879.499,00:02,1759,-103
879.556,00:03,1759,-84
879.613,00:04,1759,-94
879.999,00:02,1760,-103
880.056,00:03,1760,-84
880.116,00:04,1760,-94
880.497,00:02,1761,-103
880.557,00:03,1761,-84
880.615,00:04,1761,-93
880.997,00:02,1762,-103
881.056,00:03,1762,-80
881.115,00:04,1762,-89
881.498,00:02,1763,-99
881.559,00:03,1763,-80
881.613,00:04,1763,-89
881.997,00:02,1764,-99
882.057,00:03,1764,-80
882.113,00:04,1764,-89
882.499,00:02,1765,-99
882.558,00:03,1765,-80
882.616,00:04,1765,-89
882.998,00:02,1766,-99
883.057,00:03,1766,-80
883.114,00:04,1766,-89
883.498,00:02,1767,-98
883.557,00:03,1767,-80
883.612,00:04,1767,-89
883.999,00:02,1768,-98
884.058,00:03,1768,-80
884.115,00:04,1768,-89
884.5,00:02,1769,-98
884.556,00:03,1769,-80
884.616,00:04,1769,-89
884.998,00:02,1770,-98
885.057,00:03,1770,-81
885.114,00:04,1770,-89
885.497,00:02,1771,-98
885.556,00:03,1771,-81
885.614,00:04,1771,-89
885.999,00:02,1772,-98
886.059,00:03,1772,-81
886.115,00:04,1772,-88
886.5,00:02,1773,-98
886.557,00:03,1773,-81
886.616,00:04,1773,-88
886.999,00:02,1774,-98
887.057,00:03,1774,-81
887.113,00:04,1774,-88
887.498,00:02,1775,-98
887.556,00:03,1775,-81
887.614,00:04,1775,-88
887.998,00:02,1776,-98
888.058,00:03,1776,-81
888.114,00:04,1776,-88
888.498,00:02,1777,-98
888.558,00:03,1777,-81
888.614,00:04,1777,-88
888.999,00:02,1778,-98
889.058,00:03,1778,-81
889.113,00:04,1778,-88
889.5,00:02,1779,-97
889.557,00:03,1779,-81
889.615,00:04,1779,-88
890,00:02,1780,-97
890.057,00:03,1780,-81
890.114,00:04,1780,-88
890.498,00:02,1781,-97
890.557,00:03,1781,-81
890.614,00:04,1781,-88
890.999,00:02,1782,-97
891.057,00:03,1782,-81
891.116,00:04,1782,-88
891.498,00:02,1783,-97
891.558,00:03,1783,-82
891.615,00:04,1783,-88
891.997,00:02,1784,-97
892.059,00:03,1784,-82
892.114,00:04,1784,-88
892.498,00:02,1785,-97
892.556,00:03,1785,-82
892.615,00:04,1785,-87
892.998,00:02,1786,-97
893.057,00:03,1786,-82
893.114,00:04,1786,-87
893.499,00:02,1787,-97
893.558,00:03,1787,-82
893.614,00:04,1787,-87
893.997,00:02,1788,-97
894.057,00:03,1788,-82
894.114,00:04,1788,-87
894.498,00:02,1789,-97
894.555,00:03,1789,-82
894.615,00:04,1789,-87
894.996,00:02,1790,-96
895.056,00:03,1790,-82
895.114,00:04,1790,-87
895.498,00:02,1791,-96
895.556,00:03,1791,-82
895.615,00:04,1791,-87
895.998,00:02,1792,-96
896.058,00:03,1792,-82
896.115,00:04,1792,-87
896.5,00:02,1793,-96
896.558,00:03,1793,-82
896.614,00:04,1793,-87
896.997,00:02,1794,-96
897.058,00:03,1794,-82
897.114,00:04,1794,-87
897.498,00:02,1795,-96
897.558,00:03,1795,-82
897.613,00:04,1795,-87
897.998,00:02,1796,-96
898.056,00:03,1796,-83
898.114,00:04,1796,-87
898.498,00:02,1797,-96
898.556,00:03,1797,-83
898.614,00:04,1797,-87
898.998,00:02,1798,-96
899.057,00:03,1798,-83
899.114,00:04,1798,-87
899.499,00:02,1799,-96
899.555,00:03,1799,-83
899.615,00:04,1799,-87
899.997,00:02,1800,-96
900.056,00:03,1800,-83
900.114,00:04,1800,-87
900.498,00:02,1801,-95
900.557,00:03,1801,-83
900.613,00:04,1801,-87
900.998,00:02,1802,-95
901.056,00:03,1802,-83
901.115,00:04,1802,-87
901.497,00:02,1803,-95
901.557,00:03,1803,-83
901.615,00:04,1803,-86
902,00:02,1804,-95
902.056,00:03,1804,-83
902.115,00:04,1804,-86
902.499,00:02,1805,-95
902.557,00:03,1805,-83
902.616,00:04,1805,-86
903,00:02,1806,-95
903.058,00:03,1806,-83
903.114,00:04,1806,-86
903.497,00:02,1807,-95
903.559,00:03,1807,-84
903.615,00:04,1807,-86
903.997,00:02,1808,-95
904.058,00:03,1808,-84
904.114,00:04,1808,-86
904.498,00:02,1809,-95
904.557,00:03,1809,-84
904.616,00:04,1809,-86
904.999,00:02,1810,-95
905.057,00:03,1810,-84
905.114,00:04,1810,-86
905.5,00:02,1811,-95
905.556,00:03,1811,-84
905.615,00:04,1811,-86
905.996,00:02,1812,-95
906.058,00:03,1812,-84
906.115,00:04,1812,-86
906.499,00:02,1813,-94
906.557,00:03,1813,-84
906.615,00:04,1813,-86
906.998,00:02,1814,-94
907.055,00:03,1814,-84
907.115,00:04,1814,-86
907.498,00:02,1815,-94
907.557,00:03,1815,-84
907.614,00:04,1815,-86
908,00:02,1816,-94
908.058,00:03,1816,-84
908.116,00:04,1816,-86
908.497,00:02,1817,-94
908.558,00:03,1817,-84
908.615,00:04,1817,-86
908.998,00:02,1818,-94
909.057,00:03,1818,-85
909.115,00:04,1818,-86
909.497,00:02,1819,-94
909.555,00:03,1819,-85
909.614,00:04,1819,-86
909.998,00:02,1820,-94
910.056,00:03,1820,-85
910.115,00:04,1820,-86
910.496,00:02,1821,-94
910.555,00:03,1821,-85
910.614,00:04,1821,-86
910.998,00:02,1822,-94
911.057,00:03,1822,-85
911.116,00:04,1822,-86
911.499,00:02,1823,-94
911.558,00:03,1823,-85
911.614,00:04,1823,-86
911.999,00:02,1824,-93
912.056,00:03,1824,-85
912.113,00:04,1824,-86
912.499,00:02,1825,-93
912.556,00:03,1825,-85
912.614,00:04,1825,-86
912.998,00:02,1826,-93
913.055,00:03,1826,-85
913.115,00:04,1826,-86
913.498,00:02,1827,-93
913.558,00:03,1827,-85
913.616,00:04,1827,-86
913.999,00:02,1828,-93
914.058,00:03,1828,-85
914.115,00:04,1828,-86
914.498,00:02,1829,-93
914.556,00:03,1829,-86
914.614,00:04,1829,-86
915,00:02,1830,-93
915.057,00:03,1830,-86
915.113,00:04,1830,-86
915.497,00:02,1831,-93
915.556,00:03,1831,-86
915.614,00:04,1831,-86
915.999,00:02,1832,-93
916.057,00:03,1832,-86
916.115,00:04,1832,-86
916.497,00:02,1833,-93
916.556,00:03,1833,-86
916.614,00:04,1833,-86
916.997,00:02,1834,-93
917.059,00:03,1834,-86
917.114,00:04,1834,-87
917.498,00:02,1835,-92
917.557,00:03,1835,-86
917.615,00:04,1835,-87
918,00:02,1836,-92
918.057,00:03,1836,-86
918.114,00:04,1836,-87
918.496,00:02,1837,-92
918.556,00:03,1837,-86
918.615,00:04,1837,-87
918.998,00:02,1838,-92
919.056,00:03,1838,-86
919.113,00:04,1838,-87
919.498,00:02,1839,-92
919.556,00:03,1839,-86
919.615,00:04,1839,-87
919.998,00:02,1840,-92
920.056,00:03,1840,-86
920.115,00:04,1840,-87
920.498,00:02,1841,-92
920.557,00:03,1841,-87
920.615,00:04,1841,-87
920.997,00:02,1842,-92
921.057,00:03,1842,-87
921.115,00:04,1842,-87
921.497,00:02,1843,-92
921.557,00:03,1843,-87
921.614,00:04,1843,-87
922,00:02,1844,-92
922.056,00:03,1844,-87
922.116,00:04,1844,-87
922.496,00:02,1845,-92
922.558,00:03,1845,-87
922.614,00:04,1845,-87
922.997,00:02,1846,-92
923.059,00:03,1846,-87
923.115,00:04,1846,-87
923.499,00:02,1847,-91
923.558,00:03,1847,-87
923.615,00:04,1847,-87
923.998,00:02,1848,-91
924.058,00:03,1848,-87
924.113,00:04,1848,-87
924.499,00:02,1849,-91
924.558,00:03,1849,-87
924.614,00:04,1849,-87
924.998,00:02,1850,-91
925.055,00:03,1850,-87
925.115,00:04,1850,-87
925.499,00:02,1851,-91
925.557,00:03,1851,-87
925.615,00:04,1851,-87
925.999,00:02,1852,-91
926.058,00:03,1852,-88
926.114,00:04,1852,-88
926.499,00:02,1853,-91
926.556,00:03,1853,-88
926.616,00:04,1853,-88
926.999,00:02,1854,-91
927.057,00:03,1854,-88
927.115,00:04,1854,-88
927.499,00:02,1855,-91
927.559,00:03,1855,-88
927.615,00:04,1855,-88
927.997,00:02,1856,-91
928.056,00:03,1856,-88
928.114,00:04,1856,-88
928.497,00:02,1857,-91
928.558,00:03,1857,-88
928.616,00:04,1857,-88
929,00:02,1858,-91
929.058,00:03,1858,-88
929.116,00:04,1858,-88
929.497,00:02,1859,-90
929.556,00:03,1859,-88
929.615,00:04,1859,-88
929.999,00:02,1860,-90
930.058,00:03,1860,-88
930.114,00:04,1860,-88
930.498,00:02,1861,-90
930.557,00:03,1861,-88
930.616,00:04,1861,-88
930.998,00:02,1862,-90
931.058,00:03,1862,-88
931.113,00:04,1862,-88
931.497,00:02,1863,-90
931.557,00:03,1863,-89
931.615,00:04,1863,-88
931.998,00:02,1864,-90
932.058,00:03,1864,-89
932.113,00:04,1864,-88
932.498,00:02,1865,-90
932.558,00:03,1865,-89
932.613,00:04,1865,-89
932.999,00:02,1866,-90
933.057,00:03,1866,-89
933.114,00:04,1866,-89
933.499,00:02,1867,-90
933.558,00:03,1867,-89
933.616,00:04,1867,-89
933.998,00:02,1868,-90
934.057,00:03,1868,-89
934.115,00:04,1868,-89
934.498,00:02,1869,-90
934.559,00:03,1869,-89
934.616,00:04,1869,-89
934.997,00:02,1870,-90
935.057,00:03,1870,-89
935.116,00:04,1870,-89
935.499,00:02,1871,-90
935.557,00:03,1871,-89
935.615,00:04,1871,-89
935.999,00:02,1872,-90
936.056,00:03,1872,-89
936.117,00:04,1872,-89
936.496,00:02,1873,-90
936.556,00:03,1873,-89
936.616,00:04,1873,-89
936.998,00:02,1874,-90
937.057,00:03,1874,-93
937.116,00:04,1874,-93
937.497,00:02,1875,-93
937.558,00:03,1875,-94
937.616,00:04,1875,-94
937.998,00:02,1876,-93
938.058,00:03,1876,-94
938.115,00:04,1876,-94
938.497,00:02,1877,-93
938.558,00:03,1877,-94
938.614,00:04,1877,-94
938.996,00:02,1878,-93
939.057,00:03,1878,-94
939.116,00:04,1878,-94
939.497,00:02,1879,-93
939.559,00:03,1879,-94
939.613,00:04,1879,-94
939.998,00:02,1880,-93
940.059,00:03,1880,-94
940.115,00:04,1880,-94
940.498,00:02,1881,-93
940.556,00:03,1881,-94
940.615,00:04,1881,-94
940.998,00:02,1882,-93
941.056,00:03,1882,-90
941.114,00:04,1882,-90
941.499,00:02,1883,-89
941.558,00:03,1883,-90
941.615,00:04,1883,-90
941.999,00:02,1884,-89
942.056,00:03,1884,-90
942.116,00:04,1884,-90
942.5,00:02,1885,-89
942.556,00:03,1885,-90
942.616,00:04,1885,-90
942.999,00:02,1886,-89
943.057,00:03,1886,-90
943.114,00:04,1886,-91
943.497,00:02,1887,-89
943.557,00:03,1887,-90
943.614,00:04,1887,-91
943.998,00:02,1888,-89
944.056,00:03,1888,-91
944.116,00:04,1888,-91
944.498,00:02,1889,-89
944.559,00:03,1889,-91
944.614,00:04,1889,-91
944.997,00:02,1890,-89
945.057,00:03,1890,-91
945.116,00:04,1890,-91
945.496,00:02,1891,-89
945.557,00:03,1891,-91
945.617,00:04,1891,-91
945.998,00:02,1892,-89
946.056,00:03,1892,-91
946.114,00:04,1892,-91
946.496,00:02,1893,-89
946.555,00:03,1893,-91
946.614,00:04,1893,-91
946.997,00:02,1894,-89
947.057,00:03,1894,-91
947.116,00:04,1894,-91
947.499,00:02,1895,-89
947.557,00:03,1895,-91
947.614,00:04,1895,-92
947.997,00:02,1896,-89
948.056,00:03,1896,-91
948.114,00:04,1896,-92
948.498,00:02,1897,-89
948.557,00:03,1897,-91
948.615,00:04,1897,-92
948.996,00:02,1898,-89
949.057,00:03,1898,-91
949.114,00:04,1898,-92
949.496,00:02,1899,-89
949.557,00:03,1899,-91
949.615,00:04,1899,-92
949.996,00:02,1900,-89
950.055,00:03,1900,-92
950.115,00:04,1900,-92
950.498,00:02,1901,-89
950.557,00:03,1901,-92
950.616,00:04,1901,-92
950.998,00:02,1902,-89
951.056,00:03,1902,-92
951.115,00:04,1902,-92
951.497,00:02,1903,-89
951.557,00:03,1903,-92
951.616,00:04,1903,-92
951.997,00:02,1904,-89
952.057,00:03,1904,-92
952.116,00:04,1904,-92
952.498,00:02,1905,-88
952.558,00:03,1905,-92
952.615,00:04,1905,-93
952.999,00:02,1906,-88
953.057,00:03,1906,-92
953.114,00:04,1906,-93
953.497,00:02,1907,-88
953.556,00:03,1907,-92
953.616,00:04,1907,-93
953.998,00:02,1908,-88
954.056,00:03,1908,-92
954.116,00:04,1908,-93
954.499,00:02,1909,-89
954.556,00:03,1909,-92
954.616,00:04,1909,-93
954.997,00:02,1910,-89
955.059,00:03,1910,-92
955.115,00:04,1910,-93
955.497,00:02,1911,-89
955.557,00:03,1911,-92
955.613,00:04,1911,-93
955.998,00:02,1912,-89
956.058,00:03,1912,-92
956.114,00:04,1912,-92
956.498,00:02,1913,-89
956.556,00:03,1913,-92
956.615,00:04,1913,-92
956.997,00:02,1914,-90
957.058,00:03,1914,-92
957.113,00:04,1914,-92
957.498,00:02,1915,-90
957.557,00:03,1915,-92
957.615,00:04,1915,-92
957.998,00:02,1916,-90
958.056,00:03,1916,-92
958.115,00:04,1916,-92
958.497,00:02,1917,-90
958.557,00:03,1917,-92
958.617,00:04,1917,-92
958.998,00:02,1918,-90
959.059,00:03,1918,-93
959.114,00:04,1918,-92
959.499,00:02,1919,-90
959.558,00:03,1919,-93
959.614,00:04,1919,-92
959.998,00:02,1920,-90
960.058,00:03,1920,-93
960.115,00:04,1920,-92
960.496,00:02,1921,-90
960.558,00:03,1921,-92
960.615,00:04,1921,-92
960.998,00:02,1922,-90
961.058,00:03,1922,-92
961.115,00:04,1922,-92
961.499,00:02,1923,-90
961.557,00:03,1923,-92
961.614,00:04,1923,-92
961.998,00:02,1924,-90
962.057,00:03,1924,-92
962.115,00:04,1924,-91
962.498,00:02,1925,-90
962.557,00:03,1925,-92
962.617,00:04,1925,-91
962.997,00:02,1926,-90
963.057,00:03,1926,-92
963.117,00:04,1926,-91
963.497,00:02,1927,-90
963.557,00:03,1927,-92
963.615,00:04,1927,-91
963.997,00:02,1928,-90
964.057,00:03,1928,-92
964.117,00:04,1928,-91
964.499,00:02,1929,-90
964.558,00:03,1929,-92
964.616,00:04,1929,-91
964.998,00:02,1930,-90
965.058,00:03,1930,-92
965.115,00:04,1930,-91
965.496,00:02,1931,-90
965.558,00:03,1931,-92
965.616,00:04,1931,-91
965.997,00:02,1932,-90
966.057,00:03,1932,-92
966.115,00:04,1932,-90
966.497,00:02,1933,-90
966.556,00:03,1933,-92
966.613,00:04,1933,-90
966.998,00:02,1934,-90
967.057,00:03,1934,-91
967.117,00:04,1934,-90
967.498,00:02,1935,-90
967.559,00:03,1935,-91
967.615,00:04,1935,-90
967.998,00:02,1936,-90
968.059,00:03,1936,-91
968.115,00:04,1936,-90
968.497,00:02,1937,-90
968.557,00:03,1937,-91
968.614,00:04,1937,-90
968.997,00:02,1938,-90
969.058,00:03,1938,-91
969.114,00:04,1938,-90
969.497,00:02,1939,-90
969.557,00:03,1939,-91
969.615,00:04,1939,-90
969.999,00:02,1940,-91
970.057,00:03,1940,-91
970.115,00:04,1940,-90
970.498,00:02,1941,-91
970.557,00:03,1941,-91
970.615,00:04,1941,-89
970.998,00:02,1942,-91
971.058,00:03,1942,-91
971.114,00:04,1942,-89
971.497,00:02,1943,-91
971.558,00:03,1943,-91
971.616,00:04,1943,-89
971.998,00:02,1944,-91
972.057,00:03,1944,-91
972.116,00:04,1944,-89
972.497,00:02,1945,-91
972.558,00:03,1945,-91
972.615,00:04,1945,-89
972.999,00:02,1946,-91
973.057,00:03,1946,-95
973.117,00:04,1946,-93
973.498,00:02,1947,-95
973.557,00:03,1947,-95
973.615,00:04,1947,-93
973.997,00:02,1948,-95
974.058,00:03,1948,-94
974.115,00:04,1948,-93
974.498,00:02,1949,-95
974.557,00:03,1949,-94
974.614,00:04,1949,-92
974.997,00:02,1950,-95
975.057,00:03,1950,-94
975.115,00:04,1950,-92
975.498,00:02,1951,-95
975.557,00:03,1951,-94
975.614,00:04,1951,-92
975.997,00:02,1952,-95
976.058,00:03,1952,-94
976.113,00:04,1952,-92
976.497,00:02,1953,-95
976.557,00:03,1953,-94
976.615,00:04,1953,-92
976.999,00:02,1954,-95
977.057,00:03,1954,-90
977.113,00:04,1954,-88
977.498,00:02,1955,-91
977.557,00:03,1955,-90
977.617,00:04,1955,-88
977.997,00:02,1956,-91
978.057,00:03,1956,-90
978.113,00:04,1956,-88
978.498,00:02,1957,-91
978.556,00:03,1957,-90
978.614,00:04,1957,-88
978.997,00:02,1958,-91
979.057,00:03,1958,-90
979.114,00:04,1958,-87
979.499,00:02,1959,-91
979.556,00:03,1959,-90
979.617,00:04,1959,-87
979.998,00:02,1960,-91
980.057,00:03,1960,-90
980.116,00:04,1960,-87
980.498,00:02,1961,-91
980.555,00:03,1961,-89
980.614,00:04,1961,-87
980.998,00:02,1962,-91
981.057,00:03,1962,-89
981.116,00:04,1962,-87
981.498,00:02,1963,-92
981.557,00:03,1963,-89
981.616,00:04,1963,-87
981.997,00:02,1964,-92
982.058,00:03,1964,-89
982.116,00:04,1964,-87
982.498,00:02,1965,-92
982.558,00:03,1965,-89
982.616,00:04,1965,-87
982.998,00:02,1966,-92
983.057,00:03,1966,-89
983.115,00:04,1966,-87
983.498,00:02,1967,-92
983.558,00:03,1967,-89
983.616,00:04,1967,-87
983.999,00:02,1968,-92
984.056,00:03,1968,-89
984.116,00:04,1968,-86
984.498,00:02,1969,-92
984.559,00:03,1969,-89
984.615,00:04,1969,-86
984.999,00:02,1970,-92
985.058,00:03,1970,-89
985.114,00:04,1970,-86
985.496,00:02,1971,-92
985.557,00:03,1971,-89
985.615,00:04,1971,-86
985.998,00:02,1972,-92
986.056,00:03,1972,-89
986.115,00:04,1972,-86
986.497,00:02,1973,-92
986.555,00:03,1973,-88
986.617,00:04,1973,-86
986.997,00:02,1974,-92
987.055,00:03,1974,-88
987.114,00:04,1974,-86
987.496,00:02,1975,-92
987.557,00:03,1975,-88
987.616,00:04,1975,-86
987.996,00:02,1976,-92
988.057,00:03,1976,-88
988.115,00:04,1976,-86
988.496,00:02,1977,-92
988.557,00:03,1977,-88
988.616,00:04,1977,-86
988.995,00:02,1978,-92
989.058,00:03,1978,-88
989.114,00:04,1978,-85
989.497,00:02,1979,-93
989.556,00:03,1979,-88
989.616,00:04,1979,-85
989.996,00:02,1980,-93
990.058,00:03,1980,-88
990.115,00:04,1980,-85
990.498,00:02,1981,-93
990.556,00:03,1981,-88
990.615,00:04,1981,-85
990.997,00:02,1982,-93
991.058,00:03,1982,-88
991.115,00:04,1982,-85
991.498,00:02,1983,-93
991.557,00:03,1983,-88
991.615,00:04,1983,-85
991.998,00:02,1984,-93
992.056,00:03,1984,-88
992.114,00:04,1984,-85
992.498,00:02,1985,-93
992.556,00:03,1985,-87
992.615,00:04,1985,-85
992.998,00:02,1986,-93
993.057,00:03,1986,-87
993.116,00:04,1986,-85
993.498,00:02,1987,-93
993.558,00:03,1987,-87
993.616,00:04,1987,-85
993.998,00:02,1988,-93
994.057,00:03,1988,-87
994.114,00:04,1988,-85
994.498,00:02,1989,-93
994.557,00:03,1989,-87
994.615,00:04,1989,-85
994.997,00:02,1990,-93
995.056,00:03,1990,-87
995.115,00:04,1990,-85
995.499,00:02,1991,-93
995.558,00:03,1991,-87
995.614,00:04,1991,-85
995.997,00:02,1992,-93
996.056,00:03,1992,-87
996.115,00:04,1992,-84
996.498,00:02,1993,-94
996.556,00:03,1993,-87
996.616,00:04,1993,-84
996.997,00:02,1994,-94
997.058,00:03,1994,-87
997.114,00:04,1994,-84
997.499,00:02,1995,-94
997.557,00:03,1995,-87
997.617,00:04,1995,-84
997.998,00:02,1996,-94
998.058,00:03,1996,-87
998.115,00:04,1996,-84
998.498,00:02,1997,-94
998.557,00:03,1997,-87
998.616,00:04,1997,-84
998.996,00:02,1998,-94
999.058,00:03,1998,-86
999.115,00:04,1998,-84
999.497,00:02,1999,-94
999.558,00:03,1999,-86
999.616,00:04,1999,-84
999.997,00:02,2000,-94
1000.06,00:03,2000,-86
1000.11,00:04,2000,-84
1000.5,00:02,2001,-94
1000.56,00:03,2001,-86
1000.61,00:04,2001,-84
1001,00:02,2002,-94
1001.06,00:03,2002,-86
1001.12,00:04,2002,-84
1001.5,00:02,2003,-94
1001.56,00:03,2003,-86
1001.61,00:04,2003,-84
1002,00:02,2004,-94
1002.06,00:03,2004,-86
1002.12,00:04,2004,-84
1002.5,00:02,2005,-95
1002.56,00:03,2005,-86
1002.62,00:04,2005,-84
1003,00:02,2006,-95
1003.06,00:03,2006,-86
1003.12,00:04,2006,-84
1003.5,00:02,2007,-95
1003.56,00:03,2007,-86
1003.62,00:04,2007,-84
1004,00:02,2008,-95
1004.06,00:03,2008,-86
1004.12,00:04,2008,-84
1004.5,00:02,2009,-95
1004.56,00:03,2009,-86
1004.62,00:04,2009,-84
1005,00:02,2010,-95
1005.06,00:03,2010,-85
1005.12,00:04,2010,-84
1005.5,00:02,2011,-95
1005.56,00:03,2011,-85
1005.62,00:04,2011,-84
1006,00:02,2012,-95
1006.06,00:03,2012,-85
1006.12,00:04,2012,-84
1006.5,00:02,2013,-95
1006.56,00:03,2013,-85
1006.62,00:04,2013,-84
1007,00:02,2014,-95
1007.06,00:03,2014,-85
1007.12,00:04,2014,-84
1007.5,00:02,2015,-95
1007.56,00:03,2015,-85
1007.61,00:04,2015,-84
1008,00:02,2016,-95
1008.06,00:03,2016,-85
1008.11,00:04,2016,-84
1008.5,00:02,2017,-95
1008.56,00:03,2017,-85
1008.62,00:04,2017,-84
1009,00:02,2018,-96
1009.06,00:03,2018,-85
1009.12,00:04,2018,-84
1009.5,00:02,2019,-96
1009.56,00:03,2019,-85
1009.61,00:04,2019,-84
1010,00:02,2020,-96
1010.06,00:03,2020,-85
1010.12,00:04,2020,-84
1010.5,00:02,2021,-96
1010.56,00:03,2021,-85
1010.62,00:04,2021,-84
1011,00:02,2022,-96
1011.06,00:03,2022,-84
1011.11,00:04,2022,-84
1011.5,00:02,2023,-96
1011.56,00:03,2023,-84
1011.62,00:04,2023,-84
1012,00:02,2024,-96
1012.06,00:03,2024,-84
1012.12,00:04,2024,-84
1012.5,00:02,2025,-96
1012.56,00:03,2025,-84
1012.62,00:04,2025,-84
1013,00:02,2026,-96
1013.06,00:03,2026,-84
1013.11,00:04,2026,-84
1013.5,00:02,2027,-96
1013.56,00:03,2027,-84
1013.62,00:04,2027,-84
1014,00:02,2028,-96
1014.06,00:03,2028,-84
1014.12,00:04,2028,-85
1014.5,00:02,2029,-96
1014.56,00:03,2029,-84
1014.62,00:04,2029,-85
1015,00:02,2030,-97
1015.06,00:03,2030,-84
1015.11,00:04,2030,-85
1015.5,00:02,2031,-97
1015.56,00:03,2031,-84
1015.62,00:04,2031,-85
1016,00:02,2032,-97
1016.06,00:03,2032,-84
1016.12,00:04,2032,-85
1016.5,00:02,2033,-97
1016.56,00:03,2033,-84
1016.62,00:04,2033,-85
1017,00:02,2034,-97
1017.06,00:03,2034,-84
1017.12,00:04,2034,-85
1017.5,00:02,2035,-97
1017.56,00:03,2035,-84
1017.61,00:04,2035,-85
1018,00:02,2036,-97
1018.06,00:03,2036,-83
1018.11,00:04,2036,-85
1018.5,00:02,2037,-97
1018.56,00:03,2037,-83
1018.61,00:04,2037,-85
1019,00:02,2038,-97
1019.06,00:03,2038,-83
1019.12,00:04,2038,-85
1019.5,00:02,2039,-97
1019.56,00:03,2039,-83
1019.61,00:04,2039,-85
1020,00:02,2040,-97
1020.06,00:03,2040,-83
1020.11,00:04,2040,-85
1020.5,00:02,2041,-97
1020.56,00:03,2041,-83
1020.62,00:04,2041,-85
1021,00:02,2042,-98
1021.06,00:03,2042,-83
1021.12,00:04,2042,-86
1021.5,00:02,2043,-98
1021.56,00:03,2043,-83
1021.62,00:04,2043,-86
1022,00:02,2044,-98
1022.06,00:03,2044,-83
1022.12,00:04,2044,-86
1022.5,00:02,2045,-98
1022.56,00:03,2045,-83
1022.61,00:04,2045,-86
1023,00:02,2046,-98
1023.06,00:03,2046,-83
1023.11,00:04,2046,-86
1023.5,00:02,2047,-98
1023.56,00:03,2047,-83
1023.62,00:04,2047,-86
1024,00:02,2048,-98
1024.06,00:03,2048,-83
1024.12,00:04,2048,-86
1024.5,00:02,2049,-98
1024.56,00:03,2049,-83
1024.61,00:04,2049,-86
1025,00:02,2050,-98
1025.06,00:03,2050,-82
1025.12,00:04,2050,-86
1025.5,00:02,2051,-98
1025.56,00:03,2051,-82
1025.61,00:04,2051,-86
1026,00:02,2052,-98
1026.06,00:03,2052,-82
1026.12,00:04,2052,-86
1026.49,00:02,2053,-98
1026.56,00:03,2053,-82
1026.61,00:04,2053,-87
1027,00:02,2054,-98
1027.06,00:03,2054,-82
1027.12,00:04,2054,-87
1027.5,00:02,2055,-99
1027.56,00:03,2055,-82
1027.62,00:04,2055,-87
1028,00:02,2056,-99
1028.06,00:03,2056,-82
1028.12,00:04,2056,-87
1028.5,00:02,2057,-99
1028.56,00:03,2057,-82
1028.62,00:04,2057,-87
1029,00:02,2058,-99
1029.06,00:03,2058,-82
1029.12,00:04,2058,-87
1029.5,00:02,2059,-99
1029.56,00:03,2059,-82
1029.61,00:04,2059,-87
1030,00:02,2060,-99
1030.06,00:03,2060,-82
1030.12,00:04,2060,-87
1030.5,00:02,2061,-99
1030.56,00:03,2061,-82
1030.62,00:04,2061,-87
1031,00:02,2062,-99
1031.06,00:03,2062,-82
1031.11,00:04,2062,-88
1031.5,00:02,2063,-99
1031.56,00:03,2063,-82
1031.62,00:04,2063,-88
1032,00:02,2064,-99
1032.06,00:03,2064,-82
1032.12,00:04,2064,-88
1032.5,00:02,2065,-99
1032.56,00:03,2065,-82
1032.62,00:04,2065,-88
1033,00:02,2066,-99
1033.06,00:03,2066,-86
1033.12,00:04,2066,-92
1033.5,00:02,2067,-104
1033.56,00:03,2067,-86
1033.61,00:04,2067,-92
1034,00:02,2068,-104
1034.06,00:03,2068,-86
1034.12,00:04,2068,-92
1034.5,00:02,2069,-104
1034.56,00:03,2069,-85
1034.62,00:04,2069,-92
1035,00:02,2070,-104
1035.06,00:03,2070,-85
1035.11,00:04,2070,-92
1035.5,00:02,2071,-104
1035.56,00:03,2071,-85
1035.62,00:04,2071,-93
1036,00:02,2072,-104
1036.06,00:03,2072,-85
1036.12,00:04,2072,-93
1036.5,00:02,2073,-104
1036.56,00:03,2073,-85
1036.61,00:04,2073,-93
1037,00:02,2074,-104
1037.06,00:03,2074,-81
1037.12,00:04,2074,-89
1037.5,00:02,2075,-100
1037.56,00:03,2075,-81
1037.62,00:04,2075,-89
1038,00:02,2076,-100
1038.06,00:03,2076,-81
1038.12,00:04,2076,-89
1038.5,00:02,2077,-100
1038.56,00:03,2077,-81
1038.62,00:04,2077,-89
1039,00:02,2078,-100
1039.06,00:03,2078,-81
1039.12,00:04,2078,-89
1039.5,00:02,2079,-100
1039.56,00:03,2079,-81
1039.62,00:04,2079,-89
1040,00:02,2080,-101
1040.06,00:03,2080,-81
1040.12,00:04,2080,-90
1040.5,00:02,2081,-101
1040.56,00:03,2081,-81
1040.61,00:04,2081,-90
1041,00:02,2082,-101
1041.06,00:03,2082,-81
1041.12,00:04,2082,-90
1041.5,00:02,2083,-101
1041.56,00:03,2083,-81
1041.62,00:04,2083,-90
1042,00:02,2084,-101
1042.06,00:03,2084,-81
1042.12,00:04,2084,-90
1042.5,00:02,2085,-101
1042.56,00:03,2085,-81
1042.62,00:04,2085,-90
1043,00:02,2086,-101
1043.06,00:03,2086,-81
1043.11,00:04,2086,-90
1043.5,00:02,2087,-101
1043.56,00:03,2087,-81
1043.62,00:04,2087,-90
1044,00:02,2088,-101
1044.06,00:03,2088,-81
1044.12,00:04,2088,-91
1044.5,00:02,2089,-101
1044.56,00:03,2089,-81
1044.62,00:04,2089,-91
1045,00:02,2090,-101
1045.06,00:03,2090,-81
1045.12,00:04,2090,-91
1045.5,00:02,2091,-101
1045.56,00:03,2091,-81
1045.61,00:04,2091,-91
1046,00:02,2092,-101
1046.06,00:03,2092,-81
1046.12,00:04,2092,-91
1046.5,00:02,2093,-101
1046.56,00:03,2093,-81
1046.61,00:04,2093,-91
1047,00:02,2094,-102
1047.06,00:03,2094,-81
1047.12,00:04,2094,-91
1047.5,00:02,2095,-102
1047.56,00:03,2095,-81
1047.61,00:04,2095,-91
1048,00:02,2096,-102
1048.06,00:03,2096,-81
1048.12,00:04,2096,-91
1048.5,00:02,2097,-102
1048.56,00:03,2097,-81
1048.61,00:04,2097,-92
1049,00:02,2098,-102
1049.06,00:03,2098,-81
1049.12,00:04,2098,-92
1049.5,00:02,2099,-102
1049.56,00:03,2099,-81
1049.62,00:04,2099,-92
1050,00:02,2100,-102
1050.06,00:03,2100,-81
1050.12,00:04,2100,-92
1050.5,00:02,2101,-102
1050.56,00:03,2101,-81
1050.62,00:04,2101,-92
1051,00:02,2102,-102
1051.06,00:03,2102,-81
1051.12,00:04,2102,-92
1051.5,00:02,2103,-102
1051.56,00:03,2103,-81
1051.62,00:04,2103,-92
1052,00:02,2104,-102
1052.06,00:03,2104,-81
1052.11,00:04,2104,-91
1052.5,00:02,2105,-102
1052.56,00:03,2105,-82
1052.61,00:04,2105,-91
1053,00:02,2106,-102
1053.06,00:03,2106,-82
1053.12,00:04,2106,-91
1053.5,00:02,2107,-102
1053.56,00:03,2107,-82
1053.62,00:04,2107,-91
1054,00:02,2108,-102
1054.06,00:03,2108,-82
1054.11,00:04,2108,-91
1054.5,00:02,2109,-102
1054.56,00:03,2109,-82
1054.62,00:04,2109,-91
1055,00:02,2110,-102
1055.06,00:03,2110,-82
1055.12,00:04,2110,-91
1055.5,00:02,2111,-102
1055.56,00:03,2111,-82
1055.62,00:04,2111,-91
1055.99,00:02,2112,-102
1056.06,00:03,2112,-82
1056.11,00:04,2112,-91
1056.5,00:02,2113,-102
1056.56,00:03,2113,-82
1056.62,00:04,2113,-91
1057,00:02,2114,-102
1057.06,00:03,2114,-82
1057.11,00:04,2114,-91
1057.5,00:02,2115,-102
1057.56,00:03,2115,-82
1057.62,00:04,2115,-91
1058,00:02,2116,-102
1058.06,00:03,2116,-82
1058.12,00:04,2116,-90
1058.5,00:02,2117,-102
1058.56,00:03,2117,-82
1058.62,00:04,2117,-90
1059,00:02,2118,-102
1059.06,00:03,2118,-82
1059.12,00:04,2118,-90
1059.5,00:02,2119,-102
1059.56,00:03,2119,-82
1059.62,00:04,2119,-90
1060,00:02,2120,-102
1060.06,00:03,2120,-82
1060.12,00:04,2120,-90
1060.5,00:02,2121,-102
1060.56,00:03,2121,-82
1060.61,00:04,2121,-90
1061,00:02,2122,-102
1061.06,00:03,2122,-82
1061.12,00:04,2122,-90
1061.5,00:02,2123,-102
1061.56,00:03,2123,-82
1061.62,00:04,2123,-89
1062,00:02,2124,-102
1062.06,00:03,2124,-82
1062.12,00:04,2124,-89
1062.5,00:02,2125,-102
1062.56,00:03,2125,-82
1062.62,00:04,2125,-89
1063,00:02,2126,-101
1063.06,00:03,2126,-82
1063.12,00:04,2126,-89
1063.5,00:02,2127,-101
1063.56,00:03,2127,-82
1063.62,00:04,2127,-89
1064,00:02,2128,-101
1064.06,00:03,2128,-82
1064.11,00:04,2128,-89
1064.5,00:02,2129,-101
1064.56,00:03,2129,-83
1064.62,00:04,2129,-89
1065,00:02,2130,-101
1065.06,00:03,2130,-83
1065.12,00:04,2130,-89
1065.5,00:02,2131,-101
1065.56,00:03,2131,-83
1065.62,00:04,2131,-88
1066,00:02,2132,-101
1066.06,00:03,2132,-83
1066.12,00:04,2132,-88
1066.5,00:02,2133,-101
1066.56,00:03,2133,-83
1066.62,00:04,2133,-88
1067,00:02,2134,-101
1067.06,00:03,2134,-83
1067.11,00:04,2134,-88
1067.5,00:02,2135,-101
1067.56,00:03,2135,-83
1067.62,00:04,2135,-88
1068,00:02,2136,-101
1068.06,00:03,2136,-83
1068.12,00:04,2136,-88
1068.5,00:02,2137,-101
1068.56,00:03,2137,-83
1068.61,00:04,2137,-88
1069,00:02,2138,-101
1069.06,00:03,2138,-87
1069.12,00:04,2138,-91
1069.5,00:02,2139,-105
1069.56,00:03,2139,-87
1069.62,00:04,2139,-91
1070,00:02,2140,-104
1070.06,00:03,2140,-87
1070.12,00:04,2140,-91
1070.5,00:02,2141,-104
1070.56,00:03,2141,-87
1070.62,00:04,2141,-91
1071,00:02,2142,-104
1071.06,00:03,2142,-87
1071.11,00:04,2142,-91
1071.5,00:02,2143,-104
1071.56,00:03,2143,-87
1071.61,00:04,2143,-91
1071.99,00:02,2144,-104
1072.06,00:03,2144,-87
1072.11,00:04,2144,-91
1072.5,00:02,2145,-104
1072.56,00:03,2145,-87
1072.62,00:04,2145,-91
1073,00:02,2146,-104
1073.06,00:03,2146,-83
1073.12,00:04,2146,-86
1073.5,00:02,2147,-100
1073.56,00:03,2147,-83
1073.62,00:04,2147,-86
1074,00:02,2148,-100
1074.06,00:03,2148,-83
1074.11,00:04,2148,-86
1074.5,00:02,2149,-100
1074.56,00:03,2149,-83
1074.62,00:04,2149,-86
1075,00:02,2150,-100
1075.06,00:03,2150,-83
1075.12,00:04,2150,-86
1075.5,00:02,2151,-100
1075.56,00:03,2151,-83
1075.62,00:04,2151,-86
1076,00:02,2152,-100
1076.06,00:03,2152,-83
1076.11,00:04,2152,-86
1076.5,00:02,2153,-99
1076.56,00:03,2153,-83
1076.62,00:04,2153,-85
1077,00:02,2154,-99
1077.06,00:03,2154,-83
1077.12,00:04,2154,-85
1077.5,00:02,2155,-99
1077.56,00:03,2155,-83
1077.62,00:04,2155,-85
1078,00:02,2156,-99
1078.06,00:03,2156,-83
1078.12,00:04,2156,-85
1078.5,00:02,2157,-99
1078.56,00:03,2157,-84
1078.62,00:04,2157,-85
1079,00:02,2158,-99
1079.06,00:03,2158,-84
1079.12,00:04,2158,-85
1079.5,00:02,2159,-99
1079.56,00:03,2159,-84
1079.62,00:04,2159,-85
1080,00:02,2160,-99
1080.06,00:03,2160,-84
1080.12,00:04,2160,-85
1080.5,00:02,2161,-99
1080.56,00:03,2161,-84
1080.62,00:04,2161,-84
1081,00:02,2162,-99
1081.06,00:03,2162,-84
1081.12,00:04,2162,-84
1081.5,00:02,2163,-99
1081.56,00:03,2163,-84
1081.62,00:04,2163,-84
1082,00:02,2164,-99
1082.06,00:03,2164,-84
1082.12,00:04,2164,-84
1082.5,00:02,2165,-99
1082.56,00:03,2165,-84
1082.62,00:04,2165,-84
1083,00:02,2166,-99
1083.06,00:03,2166,-84
1083.12,00:04,2166,-84
1083.5,00:02,2167,-98
1083.56,00:03,2167,-84
1083.62,00:04,2167,-84
1084,00:02,2168,-98
1084.06,00:03,2168,-84
1084.12,00:04,2168,-84
1084.5,00:02,2169,-98
1084.56,00:03,2169,-84
1084.62,00:04,2169,-84
1085,00:02,2170,-98
1085.06,00:03,2170,-84
1085.12,00:04,2170,-83
1085.5,00:02,2171,-98
1085.56,00:03,2171,-84
1085.61,00:04,2171,-83
1085.99,00:02,2172,-98
1086.06,00:03,2172,-84
1086.12,00:04,2172,-83
1086.5,00:02,2173,-98
1086.56,00:03,2173,-84
1086.62,00:04,2173,-83
1087,00:02,2174,-98
1087.06,00:03,2174,-85
1087.12,00:04,2174,-83
1087.5,00:02,2175,-98
1087.56,00:03,2175,-85
1087.62,00:04,2175,-83
1088,00:02,2176,-98
1088.06,00:03,2176,-85
1088.12,00:04,2176,-83
1088.5,00:02,2177,-98
1088.56,00:03,2177,-85
1088.62,00:04,2177,-83
1089,00:02,2178,-98
1089.06,00:03,2178,-85
1089.12,00:04,2178,-83
1089.5,00:02,2179,-98
1089.56,00:03,2179,-85
1089.62,00:04,2179,-83
1090,00:02,2180,-97
1090.06,00:03,2180,-85
1090.12,00:04,2180,-82
1090.5,00:02,2181,-97
1090.56,00:03,2181,-85
1090.62,00:04,2181,-82
1091,00:02,2182,-97
1091.06,00:03,2182,-85
1091.12,00:04,2182,-82
1091.5,00:02,2183,-97
1091.56,00:03,2183,-85
1091.62,00:04,2183,-82
1092,00:02,2184,-97
1092.06,00:03,2184,-85
1092.11,00:04,2184,-82
1092.5,00:02,2185,-97
1092.56,00:03,2185,-85
1092.62,00:04,2185,-82
1093,00:02,2186,-97
1093.06,00:03,2186,-85
1093.12,00:04,2186,-82
1093.5,00:02,2187,-97
1093.56,00:03,2187,-85
1093.61,00:04,2187,-82
1094,00:02,2188,-97
1094.06,00:03,2188,-85
1094.12,00:04,2188,-82
1094.5,00:02,2189,-97
1094.56,00:03,2189,-85
1094.62,00:04,2189,-82
1094.99,00:02,2190,-97
1095.06,00:03,2190,-86
1095.12,00:04,2190,-82
1095.5,00:02,2191,-97
1095.56,00:03,2191,-86
1095.62,00:04,2191,-82
1096,00:02,2192,-97
1096.06,00:03,2192,-86
1096.12,00:04,2192,-82
1096.5,00:02,2193,-97
1096.56,00:03,2193,-86
1096.62,00:04,2193,-82
1097,00:02,2194,-96
1097.06,00:03,2194,-86
1097.12,00:04,2194,-82
1097.5,00:02,2195,-96
1097.56,00:03,2195,-86
1097.62,00:04,2195,-82
1098,00:02,2196,-96
1098.06,00:03,2196,-86
1098.12,00:04,2196,-82
1098.49,00:02,2197,-96
1098.56,00:03,2197,-86
1098.62,00:04,2197,-82
1099,00:02,2198,-96
1099.06,00:03,2198,-86
1099.12,00:04,2198,-82
1099.5,00:02,2199,-96
1099.56,00:03,2199,-86
1099.62,00:04,2199,-82
1100,00:02,2200,-96
1100.06,00:03,2200,-86
1100.12,00:04,2200,-82
1100.5,00:02,2201,-96
1100.56,00:03,2201,-86
1100.62,00:04,2201,-81
1101,00:02,2202,-96
1101.06,00:03,2202,-86
1101.12,00:04,2202,-81
1101.5,00:02,2203,-96
1101.56,00:03,2203,-86
1101.62,00:04,2203,-81
1102,00:02,2204,-96
1102.06,00:03,2204,-87
1102.11,00:04,2204,-82
1102.5,00:02,2205,-96
1102.56,00:03,2205,-87
1102.62,00:04,2205,-82
1103,00:02,2206,-96
1103.06,00:03,2206,-87
1103.12,00:04,2206,-82
1103.5,00:02,2207,-96
1103.56,00:03,2207,-87
1103.62,00:04,2207,-82
1104,00:02,2208,-95
1104.06,00:03,2208,-87
1104.12,00:04,2208,-82
1104.5,00:02,2209,-95
1104.56,00:03,2209,-87
1104.62,00:04,2209,-82
1105,00:02,2210,-95
1105.06,00:03,2210,-87
1105.12,00:04,2210,-82
1105.5,00:02,2211,-95
1105.56,00:03,2211,-87
1105.62,00:04,2211,-82
1106,00:02,2212,-95
1106.06,00:03,2212,-87
1106.12,00:04,2212,-82
1106.49,00:02,2213,-95
1106.56,00:03,2213,-87
1106.61,00:04,2213,-82
1107,00:02,2214,-95
1107.06,00:03,2214,-87
1107.12,00:04,2214,-82
1107.49,00:02,2215,-95
1107.56,00:03,2215,-87
1107.62,00:04,2215,-82
1108,00:02,2216,-95
1108.06,00:03,2216,-87
1108.12,00:04,2216,-82
1108.5,00:02,2217,-95
1108.56,00:03,2217,-88
1108.62,00:04,2217,-82
1109,00:02,2218,-95
1109.06,00:03,2218,-88
1109.12,00:04,2218,-82
1109.5,00:02,2219,-95
1109.56,00:03,2219,-88
1109.62,00:04,2219,-82
1110,00:02,2220,-95
1110.06,00:03,2220,-88
1110.12,00:04,2220,-82
1110.5,00:02,2221,-95
1110.56,00:03,2221,-88
1110.61,00:04,2221,-82
1111,00:02,2222,-94
1111.06,00:03,2222,-88
1111.12,00:04,2222,-82
1111.5,00:02,2223,-94
1111.56,00:03,2223,-88
1111.62,00:04,2223,-82
1112,00:02,2224,-94
1112.06,00:03,2224,-88
1112.12,00:04,2224,-82
1112.5,00:02,2225,-94
1112.56,00:03,2225,-88
1112.61,00:04,2225,-83
1113,00:02,2226,-94
1113.06,00:03,2226,-88
1113.12,00:04,2226,-83
1113.5,00:02,2227,-94
1113.56,00:03,2227,-88
1113.62,00:04,2227,-83
1114,00:02,2228,-94
1114.06,00:03,2228,-88
1114.12,00:04,2228,-83
1114.5,00:02,2229,-94
1114.56,00:03,2229,-88
1114.62,00:04,2229,-83
1115,00:02,2230,-94
1115.06,00:03,2230,-88
1115.12,00:04,2230,-83
1115.5,00:02,2231,-94
1115.56,00:03,2231,-89
1115.62,00:04,2231,-83
1116,00:02,2232,-94
1116.06,00:03,2232,-89
1116.12,00:04,2232,-83
1116.5,00:02,2233,-94
1116.56,00:03,2233,-89
1116.62,00:04,2233,-83
1117,00:02,2234,-94
1117.06,00:03,2234,-89
1117.12,00:04,2234,-83
1117.5,00:02,2235,-94
1117.56,00:03,2235,-89
1117.62,00:04,2235,-84
1118,00:02,2236,-94
1118.06,00:03,2236,-89
1118.12,00:04,2236,-84
1118.5,00:02,2237,-94
1118.56,00:03,2237,-89
1118.62,00:04,2237,-84
1118.99,00:02,2238,-93
1119.06,00:03,2238,-89
1119.12,00:04,2238,-84
1119.5,00:02,2239,-93
1119.56,00:03,2239,-89
1119.62,00:04,2239,-84
1120,00:02,2240,-93
1120.06,00:03,2240,-89
1120.12,00:04,2240,-84
1120.5,00:02,2241,-93
1120.56,00:03,2241,-89
1120.62,00:04,2241,-84
1121,00:02,2242,-93
1121.06,00:03,2242,-89
1121.12,00:04,2242,-84
1121.49,00:02,2243,-93
1121.56,00:03,2243,-89
1121.62,00:04,2243,-84
1122,00:02,2244,-93
1122.06,00:03,2244,-90
1122.12,00:04,2244,-85
1122.5,00:02,2245,-93
1122.56,00:03,2245,-90
1122.62,00:04,2245,-85
1122.99,00:02,2246,-93
1123.06,00:03,2246,-90
1123.12,00:04,2246,-85
1123.5,00:02,2247,-93
1123.56,00:03,2247,-90
1123.62,00:04,2247,-85
1124,00:02,2248,-93
1124.06,00:03,2248,-90
1124.12,00:04,2248,-85
1124.5,00:02,2249,-93
1124.56,00:03,2249,-90
1124.62,00:04,2249,-85
1124.99,00:02,2250,-93
1125.06,00:03,2250,-90
1125.11,00:04,2250,-85
1125.5,00:02,2251,-93
1125.56,00:03,2251,-90
1125.62,00:04,2251,-86
1125.99,00:02,2252,-93
1126.06,00:03,2252,-90
1126.12,00:04,2252,-86
1126.5,00:02,2253,-93
1126.56,00:03,2253,-90
1126.62,00:04,2253,-86
1126.99,00:02,2254,-93
1127.06,00:03,2254,-90
1127.12,00:04,2254,-86
1127.5,00:02,2255,-93
1127.56,00:03,2255,-90
1127.62,00:04,2255,-86
1128,00:02,2256,-93
1128.06,00:03,2256,-90
1128.12,00:04,2256,-86
1128.5,00:02,2257,-93
1128.56,00:03,2257,-90
1128.62,00:04,2257,-86
1128.99,00:02,2258,-92
1129.06,00:03,2258,-95
1129.12,00:04,2258,-90
1129.5,00:02,2259,-96
1129.56,00:03,2259,-95
1129.62,00:04,2259,-91
1130,00:02,2260,-96
1130.06,00:03,2260,-95
1130.12,00:04,2260,-91
1130.5,00:02,2261,-96
1130.56,00:03,2261,-95
1130.62,00:04,2261,-91
1130.99,00:02,2262,-96
1131.06,00:03,2262,-95
1131.12,00:04,2262,-91
1131.5,00:02,2263,-96
1131.56,00:03,2263,-95
1131.62,00:04,2263,-91
1132,00:02,2264,-96
1132.06,00:03,2264,-95
1132.12,00:04,2264,-91
1132.5,00:02,2265,-96
1132.56,00:03,2265,-95
1132.62,00:04,2265,-91
1133,00:02,2266,-96
1133.06,00:03,2266,-91
1133.12,00:04,2266,-88
1133.5,00:02,2267,-92
1133.56,00:03,2267,-91
1133.62,00:04,2267,-88
1134,00:02,2268,-92
1134.06,00:03,2268,-91
1134.12,00:04,2268,-88
1134.5,00:02,2269,-92
1134.56,00:03,2269,-91
1134.62,00:04,2269,-88
1135,00:02,2270,-92
1135.06,00:03,2270,-91
1135.12,00:04,2270,-88
1135.49,00:02,2271,-92
1135.56,00:03,2271,-92
1135.62,00:04,2271,-88
1136,00:02,2272,-92
1136.06,00:03,2272,-92
1136.11,00:04,2272,-88
1136.5,00:02,2273,-92
1136.56,00:03,2273,-92
1136.61,00:04,2273,-88
1137,00:02,2274,-92
1137.06,00:03,2274,-92
1137.11,00:04,2274,-89
1137.5,00:02,2275,-92
1137.56,00:03,2275,-92
1137.62,00:04,2275,-89
1138,00:02,2276,-92
1138.06,00:03,2276,-92
1138.12,00:04,2276,-89
1138.5,00:02,2277,-92
1138.56,00:03,2277,-92
1138.62,00:04,2277,-89
1139,00:02,2278,-92
1139.06,00:03,2278,-92
1139.12,00:04,2278,-89
1139.5,00:02,2279,-92
1139.56,00:03,2279,-92
1139.62,00:04,2279,-89
1140,00:02,2280,-92
1140.06,00:03,2280,-92
1140.12,00:04,2280,-89
1140.5,00:02,2281,-92
1140.56,00:03,2281,-92
1140.62,00:04,2281,-90
1141,00:02,2282,-92
1141.06,00:03,2282,-92
1141.12,00:04,2282,-90
1141.5,00:02,2283,-92
1141.56,00:03,2283,-92
1141.62,00:04,2283,-90
1142,00:02,2284,-92
1142.06,00:03,2284,-92
1142.12,00:04,2284,-90
1142.5,00:02,2285,-92
1142.56,00:03,2285,-92
1142.62,00:04,2285,-90
1143,00:02,2286,-92
1143.06,00:03,2286,-93
1143.12,00:04,2286,-90
1143.49,00:02,2287,-92
1143.56,00:03,2287,-93
1143.62,00:04,2287,-90
1144,00:02,2288,-92
1144.06,00:03,2288,-93
1144.12,00:04,2288,-90
1144.5,00:02,2289,-92
1144.56,00:03,2289,-93
1144.62,00:04,2289,-91
1145,00:02,2290,-92
1145.06,00:03,2290,-93
1145.12,00:04,2290,-91
1145.5,00:02,2291,-92
1145.56,00:03,2291,-93
1145.62,00:04,2291,-91
1146,00:02,2292,-92
1146.06,00:03,2292,-93
1146.12,00:04,2292,-91
1146.5,00:02,2293,-92
1146.56,00:03,2293,-93
1146.62,00:04,2293,-91
1147,00:02,2294,-92
1147.06,00:03,2294,-93
1147.12,00:04,2294,-91
1147.5,00:02,2295,-92
1147.56,00:03,2295,-93
1147.62,00:04,2295,-91
1148,00:02,2296,-92
1148.06,00:03,2296,-93
1148.12,00:04,2296,-91
1148.5,00:02,2297,-93
1148.56,00:03,2297,-93
1148.62,00:04,2297,-90
1149,00:02,2298,-93
1149.06,00:03,2298,-93
1149.12,00:04,2298,-90
1149.5,00:02,2299,-93
1149.56,00:03,2299,-93
1149.62,00:04,2299,-90
1150,00:02,2300,-93
1150.06,00:03,2300,-93
1150.12,00:04,2300,-90
1150.5,00:02,2301,-93
1150.56,00:03,2301,-93
1150.62,00:04,2301,-90
1151,00:02,2302,-93
1151.06,00:03,2302,-93
1151.12,00:04,2302,-90
1151.49,00:02,2303,-93
1151.56,00:03,2303,-93
1151.62,00:04,2303,-90
1152,00:02,2304,-93
1152.06,00:03,2304,-93
1152.12,00:04,2304,-90
1152.49,00:02,2305,-93
1152.56,00:03,2305,-93
1152.62,00:04,2305,-90
1153,00:02,2306,-93
1153.06,00:03,2306,-93
1153.12,00:04,2306,-90
1153.5,00:02,2307,-93
1153.56,00:03,2307,-93
1153.62,00:04,2307,-90
1154,00:02,2308,-93
1154.06,00:03,2308,-93
1154.12,00:04,2308,-89
1154.5,00:02,2309,-93
1154.56,00:03,2309,-93
1154.62,00:04,2309,-89
1155,00:02,2310,-93
1155.06,00:03,2310,-93
1155.12,00:04,2310,-89
1155.5,00:02,2311,-93
1155.56,00:03,2311,-93
1155.62,00:04,2311,-89
1155.99,00:02,2312,-93
1156.06,00:03,2312,-93
1156.12,00:04,2312,-89
1156.5,00:02,2313,-93
1156.56,00:03,2313,-93
1156.62,00:04,2313,-89
1157,00:02,2314,-93
1157.06,00:03,2314,-93
1157.12,00:04,2314,-89
1157.5,00:02,2315,-93
1157.56,00:03,2315,-93
1157.62,00:04,2315,-88
1158,00:02,2316,-93
1158.06,00:03,2316,-93
1158.12,00:04,2316,-88
1158.5,00:02,2317,-93
1158.56,00:03,2317,-93
1158.62,00:04,2317,-88
1159,00:02,2318,-93
1159.06,00:03,2318,-92
1159.12,00:04,2318,-88
1159.5,00:02,2319,-93
1159.56,00:03,2319,-92
1159.62,00:04,2319,-88
1160,00:02,2320,-93
1160.06,00:03,2320,-92
1160.12,00:04,2320,-88
1160.49,00:02,2321,-93
1160.56,00:03,2321,-92
1160.62,00:04,2321,-88
1161,00:02,2322,-93
1161.06,00:03,2322,-92
1161.12,00:04,2322,-87
1161.5,00:02,2323,-93
1161.56,00:03,2323,-92
1161.62,00:04,2323,-87
1162,00:02,2324,-93
1162.06,00:03,2324,-92
1162.12,00:04,2324,-87
1162.49,00:02,2325,-93
1162.56,00:03,2325,-92
1162.62,00:04,2325,-87
1163,00:02,2326,-93
1163.06,00:03,2326,-92
1163.12,00:04,2326,-87
1163.5,00:02,2327,-93
1163.56,00:03,2327,-92
1163.62,00:04,2327,-87
1163.99,00:02,2328,-94
1164.06,00:03,2328,-92
1164.12,00:04,2328,-86
1164.49,00:02,2329,-94
1164.56,00:03,2329,-92
1164.62,00:04,2329,-86
1165,00:02,2330,-94
1165.06,00:03,2330,-96
1165.12,00:04,2330,-90
1165.49,00:02,2331,-98
1165.56,00:03,2331,-96
1165.62,00:04,2331,-90
1166,00:02,2332,-98
1166.06,00:03,2332,-96
1166.12,00:04,2332,-90
1166.49,00:02,2333,-98
1166.56,00:03,2333,-95
1166.62,00:04,2333,-90
1167,00:02,2334,-98
1167.06,00:03,2334,-95
1167.12,00:04,2334,-89
1167.5,00:02,2335,-98
1167.56,00:03,2335,-95
1167.62,00:04,2335,-89
1168,00:02,2336,-98
1168.06,00:03,2336,-95
1168.12,00:04,2336,-89
1168.49,00:02,2337,-98
1168.56,00:03,2337,-95
1168.62,00:04,2337,-89
1168.99,00:02,2338,-98
1169.06,00:03,2338,-91
1169.12,00:04,2338,-85
1169.49,00:02,2339,-94
1169.56,00:03,2339,-91
1169.62,00:04,2339,-85
1169.99,00:02,2340,-94
1170.06,00:03,2340,-91
1170.12,00:04,2340,-85
1170.5,00:02,2341,-94
1170.56,00:03,2341,-91
1170.61,00:04,2341,-84
1171,00:02,2342,-94
1171.06,00:03,2342,-91
1171.12,00:04,2342,-84
1171.5,00:02,2343,-94
1171.56,00:03,2343,-91
1171.62,00:04,2343,-84
1172,00:02,2344,-94
1172.06,00:03,2344,-91
1172.12,00:04,2344,-84
1172.5,00:02,2345,-94
1172.56,00:03,2345,-91
1172.62,00:04,2345,-84
1173,00:02,2346,-94
1173.06,00:03,2346,-91
1173.12,00:04,2346,-84
1173.5,00:02,2347,-94
1173.56,00:03,2347,-91
1173.62,00:04,2347,-83
1174,00:02,2348,-94
1174.06,00:03,2348,-90
1174.12,00:04,2348,-83
1174.5,00:02,2349,-94
1174.56,00:03,2349,-90
1174.62,00:04,2349,-83
1174.99,00:02,2350,-94
1175.06,00:03,2350,-90
1175.12,00:04,2350,-83
1175.49,00:02,2351,-94
1175.56,00:03,2351,-90
1175.62,00:04,2351,-83
1176,00:02,2352,-94
1176.06,00:03,2352,-90
1176.12,00:04,2352,-83
1176.5,00:02,2353,-94
1176.56,00:03,2353,-90
1176.62,00:04,2353,-82
1177,00:02,2354,-94
1177.06,00:03,2354,-90
1177.12,00:04,2354,-82
1177.49,00:02,2355,-95
1177.56,00:03,2355,-90
1177.62,00:04,2355,-82
1178,00:02,2356,-95
1178.06,00:03,2356,-90
1178.12,00:04,2356,-82
1178.5,00:02,2357,-95
1178.56,00:03,2357,-90
1178.62,00:04,2357,-82
1178.99,00:02,2358,-95
1179.06,00:03,2358,-90
1179.12,00:04,2358,-82
1179.49,00:02,2359,-95
1179.56,00:03,2359,-90
1179.62,00:04,2359,-82
1180,00:02,2360,-95
1180.06,00:03,2360,-90
1180.12,00:04,2360,-81
1180.49,00:02,2361,-95
1180.56,00:03,2361,-90
1180.62,00:04,2361,-81
1180.99,00:02,2362,-95
1181.06,00:03,2362,-89
1181.12,00:04,2362,-81
1181.5,00:02,2363,-95
1181.56,00:03,2363,-89
1181.62,00:04,2363,-81
1182,00:02,2364,-95
1182.06,00:03,2364,-89
1182.12,00:04,2364,-81
1182.5,00:02,2365,-95
1182.56,00:03,2365,-89
1182.62,00:04,2365,-81
1183,00:02,2366,-95
1183.06,00:03,2366,-89
1183.12,00:04,2366,-81
1183.49,00:02,2367,-95
1183.56,00:03,2367,-89
1183.62,00:04,2367,-80
1183.99,00:02,2368,-95
1184.06,00:03,2368,-89
1184.12,00:04,2368,-80
1184.5,00:02,2369,-95
1184.56,00:03,2369,-89
1184.62,00:04,2369,-80
1184.99,00:02,2370,-95
1185.06,00:03,2370,-89
1185.12,00:04,2370,-80
1185.5,00:02,2371,-95
1185.56,00:03,2371,-89
1185.62,00:04,2371,-80
1186,00:02,2372,-95
1186.06,00:03,2372,-89
1186.12,00:04,2372,-80
1186.5,00:02,2373,-95
1186.56,00:03,2373,-89
1186.62,00:04,2373,-80
1187,00:02,2374,-96
1187.06,00:03,2374,-89
1187.12,00:04,2374,-80
1187.5,00:02,2375,-96
1187.56,00:03,2375,-89
1187.62,00:04,2375,-80
1188,00:02,2376,-96
1188.06,00:03,2376,-89
1188.12,00:04,2376,-79
1188.5,00:02,2377,-96
1188.56,00:03,2377,-88
1188.62,00:04,2377,-79
1189,00:02,2378,-96
1189.06,00:03,2378,-88
1189.12,00:04,2378,-79
1189.5,00:02,2379,-96
1189.56,00:03,2379,-88
1189.62,00:04,2379,-79
1190,00:02,2380,-96
1190.06,00:03,2380,-88
1190.12,00:04,2380,-79
1190.5,00:02,2381,-96
1190.56,00:03,2381,-88
1190.62,00:04,2381,-79
1190.99,00:02,2382,-96
1191.06,00:03,2382,-88
1191.12,00:04,2382,-79
1191.5,00:02,2383,-96
1191.56,00:03,2383,-88
1191.62,00:04,2383,-79
1192,00:02,2384,-96
1192.06,00:03,2384,-88
1192.12,00:04,2384,-79
1192.49,00:02,2385,-96
1192.56,00:03,2385,-88
1192.62,00:04,2385,-79
1193,00:02,2386,-96
1193.06,00:03,2386,-88
1193.12,00:04,2386,-79
1193.5,00:02,2387,-96
1193.56,00:03,2387,-88
1193.62,00:04,2387,-79
1194,00:02,2388,-96
1194.06,00:03,2388,-88
1194.12,00:04,2388,-79
1194.49,00:02,2389,-96
1194.56,00:03,2389,-88
1194.62,00:04,2389,-79
1195,00:02,2390,-97
1195.06,00:03,2390,-88
1195.12,00:04,2390,-79
1195.49,00:02,2391,-97
1195.56,00:03,2391,-88
1195.62,00:04,2391,-79
1195.99,00:02,2392,-97
1196.06,00:03,2392,-87
1196.12,00:04,2392,-79
1196.5,00:02,2393,-97
1196.56,00:03,2393,-87
1196.62,00:04,2393,-79
1196.99,00:02,2394,-97
1197.06,00:03,2394,-87
1197.12,00:04,2394,-79
1197.49,00:02,2395,-97
1197.56,00:03,2395,-87
1197.62,00:04,2395,-79
1198,00:02,2396,-97
1198.06,00:03,2396,-87
1198.12,00:04,2396,-79
1198.5,00:02,2397,-97
1198.56,00:03,2397,-87
1198.62,00:04,2397,-79
1198.99,00:02,2398,-97
1199.06,00:03,2398,-87
1199.12,00:04,2398,-79
1199.49,00:02,2399,-97
1199.56,00:03,2399,-87
1199.62,00:04,2399,-79
1200,00:02,2400,-97
1200.06,00:03,2400,-87
1200.12,00:04,2400,-79
1200.49,00:02,2401,-97
1200.56,00:03,2401,-87
1200.62,00:04,2401,-79
1200.99,00:02,2402,-97
1201.06,00:03,2402,-87
1201.12,00:04,2402,-79
1201.49,00:02,2403,-97
1201.56,00:03,2403,-87
1201.62,00:04,2403,-79
1202,00:02,2404,-97
1202.06,00:03,2404,-87
1202.12,00:04,2404,-79
1202.5,00:02,2405,-98
1202.56,00:03,2405,-87
1202.62,00:04,2405,-79
1202.99,00:02,2406,-98
1203.06,00:03,2406,-87
1203.12,00:04,2406,-79
1203.49,00:02,2407,-98
1203.56,00:03,2407,-86
1203.62,00:04,2407,-79
1204,00:02,2408,-98
1204.06,00:03,2408,-86
1204.12,00:04,2408,-79
1204.49,00:02,2409,-98
1204.56,00:03,2409,-86
1204.62,00:04,2409,-79
1205,00:02,2410,-98
1205.06,00:03,2410,-86
1205.12,00:04,2410,-79
1205.49,00:02,2411,-98
1205.56,00:03,2411,-86
1205.62,00:04,2411,-79
1206,00:02,2412,-98
1206.06,00:03,2412,-86
1206.12,00:04,2412,-79
1206.5,00:02,2413,-98
1206.56,00:03,2413,-86
1206.62,00:04,2413,-80
1206.99,00:02,2414,-98
1207.06,00:03,2414,-86
1207.12,00:04,2414,-80
1207.49,00:02,2415,-98
1207.56,00:03,2415,-86
1207.62,00:04,2415,-80
1207.99,00:02,2416,-98
1208.06,00:03,2416,-86
1208.12,00:04,2416,-80
1208.5,00:02,2417,-98
1208.56,00:03,2417,-86
1208.62,00:04,2417,-80
1208.99,00:02,2418,-98
1209.06,00:03,2418,-86
1209.12,00:04,2418,-80
1209.49,00:02,2419,-98
1209.56,00:03,2419,-86
1209.62,00:04,2419,-80
1209.99,00:02,2420,-99
1210.06,00:03,2420,-86
1210.12,00:04,2420,-80
1210.5,00:02,2421,-99
1210.56,00:03,2421,-86
1210.62,00:04,2421,-81
1211,00:02,2422,-99
1211.06,00:03,2422,-86
1211.12,00:04,2422,-81
1211.49,00:02,2423,-99
1211.56,00:03,2423,-86
1211.62,00:04,2423,-81
1211.99,00:02,2424,-99
1212.06,00:03,2424,-86
1212.12,00:04,2424,-81
1212.5,00:02,2425,-99
1212.56,00:03,2425,-85
1212.62,00:04,2425,-81
1213,00:02,2426,-99
1213.06,00:03,2426,-85
1213.12,00:04,2426,-81
1213.5,00:02,2427,-99
1213.56,00:03,2427,-85
1213.62,00:04,2427,-81
1213.99,00:02,2428,-99
1214.06,00:03,2428,-85
1214.12,00:04,2428,-81
1214.5,00:02,2429,-99
1214.56,00:03,2429,-85
1214.62,00:04,2429,-82
1214.99,00:02,2430,-99
1215.06,00:03,2430,-85
1215.12,00:04,2430,-82
1215.5,00:02,2431,-99
1215.56,00:03,2431,-85
1215.62,00:04,2431,-82
1216,00:02,2432,-99
1216.06,00:03,2432,-85
1216.12,00:04,2432,-82
1216.49,00:02,2433,-99
1216.56,00:03,2433,-85
1216.62,00:04,2433,-82
1217,00:02,2434,-99
1217.06,00:03,2434,-85
1217.12,00:04,2434,-82
1217.49,00:02,2435,-100
1217.56,00:03,2435,-85
1217.62,00:04,2435,-83
1218,00:02,2436,-100
1218.06,00:03,2436,-85
1218.12,00:04,2436,-83
1218.49,00:02,2437,-100
1218.56,00:03,2437,-85
1218.62,00:04,2437,-83
1219,00:02,2438,-100
1219.06,00:03,2438,-85
1219.12,00:04,2438,-83
1219.49,00:02,2439,-100
1219.56,00:03,2439,-85
1219.62,00:04,2439,-83
1220,00:02,2440,-100
1220.06,00:03,2440,-85
1220.12,00:04,2440,-83
1220.5,00:02,2441,-100
1220.56,00:03,2441,-85
1220.62,00:04,2441,-83
1220.99,00:02,2442,-100
1221.06,00:03,2442,-85
1221.12,00:04,2442,-84
1221.49,00:02,2443,-100
1221.56,00:03,2443,-85
1221.62,00:04,2443,-84
1222,00:02,2444,-100
1222.06,00:03,2444,-85
1222.12,00:04,2444,-84
1222.5,00:02,2445,-100
1222.56,00:03,2445,-85
1222.62,00:04,2445,-84
1223,00:02,2446,-100
1223.06,00:03,2446,-85
1223.12,00:04,2446,-84
1223.49,00:02,2447,-100
1223.56,00:03,2447,-84
1223.62,00:04,2447,-84
1224,00:02,2448,-100
1224.06,00:03,2448,-84
1224.12,00:04,2448,-85
1224.49,00:02,2449,-101
1224.56,00:03,2449,-84
1224.62,00:04,2449,-85
1225,00:02,2450,-101
1225.06,00:03,2450,-88
1225.12,00:04,2450,-89
1225.5,00:02,2451,-105
1225.56,00:03,2451,-88
1225.62,00:04,2451,-89
1225.99,00:02,2452,-105
1226.06,00:03,2452,-88
1226.12,00:04,2452,-89
1226.49,00:02,2453,-105
1226.56,00:03,2453,-88
1226.62,00:04,2453,-89
1227,00:02,2454,-105
1227.06,00:03,2454,-88
1227.12,00:04,2454,-90
1227.49,00:02,2455,-105
1227.56,00:03,2455,-88
1227.62,00:04,2455,-90
1227.99,00:02,2456,-105
1228.06,00:03,2456,-88
1228.12,00:04,2456,-90
1228.49,00:02,2457,-105
1228.56,00:03,2457,-88
1228.62,00:04,2457,-90
1228.99,00:02,2458,-105
1229.06,00:03,2458,-84
1229.12,00:04,2458,-86
1229.49,00:02,2459,-101
1229.56,00:03,2459,-84
1229.62,00:04,2459,-86
1230,00:02,2460,-101
1230.06,00:03,2460,-84
1230.12,00:04,2460,-87
1230.5,00:02,2461,-101
1230.56,00:03,2461,-84
1230.62,00:04,2461,-87
1231,00:02,2462,-101
1231.06,00:03,2462,-84
1231.12,00:04,2462,-87
1231.49,00:02,2463,-101
1231.56,00:03,2463,-84
1231.62,00:04,2463,-87
1232,00:02,2464,-102
1232.06,00:03,2464,-84
1232.12,00:04,2464,-87
1232.5,00:02,2465,-102
1232.56,00:03,2465,-84
1232.62,00:04,2465,-87
1233,00:02,2466,-102
1233.06,00:03,2466,-84
1233.12,00:04,2466,-87
1233.49,00:02,2467,-102
1233.56,00:03,2467,-84
1233.62,00:04,2467,-88
1233.99,00:02,2468,-102
1234.06,00:03,2468,-84
1234.12,00:04,2468,-88
1234.49,00:02,2469,-102
1234.56,00:03,2469,-84
1234.62,00:04,2469,-88
1234.99,00:02,2470,-102
1235.06,00:03,2470,-84
1235.12,00:04,2470,-88
1235.5,00:02,2471,-102
1235.56,00:03,2471,-84
1235.62,00:04,2471,-88
1236,00:02,2472,-102
1236.06,00:03,2472,-84
1236.12,00:04,2472,-88
1236.5,00:02,2473,-102
1236.56,00:03,2473,-84
1236.62,00:04,2473,-88
1237,00:02,2474,-102
1237.06,00:03,2474,-84
1237.12,00:04,2474,-89
1237.5,00:02,2475,-102
1237.56,00:03,2475,-84
1237.62,00:04,2475,-89
1237.99,00:02,2476,-102
1238.06,00:03,2476,-84
1238.12,00:04,2476,-89
1238.49,00:02,2477,-102
1238.56,00:03,2477,-84
1238.62,00:04,2477,-89
1239,00:02,2478,-102
1239.06,00:03,2478,-84
1239.12,00:04,2478,-89
1239.49,00:02,2479,-103
1239.56,00:03,2479,-84
1239.62,00:04,2479,-89
1239.99,00:02,2480,-103
1240.06,00:03,2480,-84
1240.12,00:04,2480,-90
1240.5,00:02,2481,-103
1240.56,00:03,2481,-84
1240.62,00:04,2481,-90
1241,00:02,2482,-103
1241.06,00:03,2482,-84
1241.12,00:04,2482,-90
1241.5,00:02,2483,-103
1241.56,00:03,2483,-84
1241.62,00:04,2483,-90
1242,00:02,2484,-103
1242.06,00:03,2484,-84
1242.12,00:04,2484,-90
1242.49,00:02,2485,-103
1242.56,00:03,2485,-84
1242.62,00:04,2485,-90
1242.99,00:02,2486,-103
1243.06,00:03,2486,-84
1243.12,00:04,2486,-90
1243.49,00:02,2487,-103
1243.56,00:03,2487,-84
1243.62,00:04,2487,-90
1243.99,00:02,2488,-103
1244.06,00:03,2488,-84
1244.12,00:04,2488,-90
1244.5,00:02,2489,-103
1244.56,00:03,2489,-84
1244.62,00:04,2489,-90
1244.99,00:02,2490,-103
1245.06,00:03,2490,-85
1245.12,00:04,2490,-90
1245.5,00:02,2491,-103
1245.56,00:03,2491,-85
1245.62,00:04,2491,-89
1246,00:02,2492,-103
1246.06,00:03,2492,-85
1246.12,00:04,2492,-89
1246.5,00:02,2493,-103
1246.56,00:03,2493,-85
1246.62,00:04,2493,-89
1246.99,00:02,2494,-103
1247.06,00:03,2494,-85
1247.12,00:04,2494,-89
1247.49,00:02,2495,-103
1247.56,00:03,2495,-85
1247.62,00:04,2495,-89
1248,00:02,2496,-103
1248.06,00:03,2496,-85
1248.12,00:04,2496,-89
1248.5,00:02,2497,-103
1248.56,00:03,2497,-85
1248.62,00:04,2497,-89
1248.99,00:02,2498,-103
1249.06,00:03,2498,-85
1249.12,00:04,2498,-89
1249.5,00:02,2499,-103
1249.56,00:03,2499,-85
1249.62,00:04,2499,-89
1250,00:02,2500,-103
1250.06,00:03,2500,-85
1250.12,00:04,2500,-89
1250.49,00:02,2501,-103
1250.56,00:03,2501,-85
1250.62,00:04,2501,-88
1250.99,00:02,2502,-103
1251.06,00:03,2502,-85
1251.12,00:04,2502,-88
1251.49,00:02,2503,-103
1251.56,00:03,2503,-85
1251.62,00:04,2503,-88
1251.99,00:02,2504,-103
1252.06,00:03,2504,-85
1252.12,00:04,2504,-88
1252.5,00:02,2505,-103
1252.56,00:03,2505,-85
1252.62,00:04,2505,-88
1253,00:02,2506,-103
1253.06,00:03,2506,-85
1253.12,00:04,2506,-88
1253.5,00:02,2507,-103
1253.56,00:03,2507,-85
1253.62,00:04,2507,-87
1254,00:02,2508,-103
1254.06,00:03,2508,-85
1254.12,00:04,2508,-87
1254.49,00:02,2509,-103
1254.56,00:03,2509,-85
1254.62,00:04,2509,-87
1255,00:02,2510,-102
1255.06,00:03,2510,-85
1255.12,00:04,2510,-87
1255.49,00:02,2511,-102
1255.56,00:03,2511,-85
1255.62,00:04,2511,-87
1255.99,00:02,2512,-102
1256.06,00:03,2512,-85
1256.12,00:04,2512,-87
1256.5,00:02,2513,-102
1256.56,00:03,2513,-85
1256.62,00:04,2513,-86
1256.99,00:02,2514,-102
1257.06,00:03,2514,-85
1257.12,00:04,2514,-86
1257.49,00:02,2515,-102
1257.56,00:03,2515,-85
1257.62,00:04,2515,-86
1258,00:02,2516,-102
1258.06,00:03,2516,-85
1258.12,00:04,2516,-86
1258.49,00:02,2517,-102
1258.56,00:03,2517,-85
1258.62,00:04,2517,-86
1259,00:02,2518,-102
1259.06,00:03,2518,-85
1259.12,00:04,2518,-86
1259.5,00:02,2519,-102
1259.56,00:03,2519,-85
1259.62,00:04,2519,-85
1259.99,00:02,2520,-102
1260.06,00:03,2520,-85
1260.12,00:04,2520,-85
1260.5,00:02,2521,-102
1260.56,00:03,2521,-85
1260.62,00:04,2521,-85
1261,00:02,2522,-102
1261.06,00:03,2522,-89
1261.12,00:04,2522,-89
1261.49,00:02,2523,-106
1261.56,00:03,2523,-89
1261.62,00:04,2523,-89
1261.99,00:02,2524,-106
1262.06,00:03,2524,-89
1262.12,00:04,2524,-88
1262.5,00:02,2525,-106
1262.56,00:03,2525,-89
1262.62,00:04,2525,-88
1262.99,00:02,2526,-105
1263.06,00:03,2526,-89
1263.12,00:04,2526,-88
1263.49,00:02,2527,-105
1263.56,00:03,2527,-90
1263.62,00:04,2527,-88
1263.99,00:02,2528,-105
1264.06,00:03,2528,-90
1264.12,00:04,2528,-88
1264.5,00:02,2529,-105
1264.56,00:03,2529,-90
1264.62,00:04,2529,-87
1264.99,00:02,2530,-105
1265.06,00:03,2530,-86
1265.12,00:04,2530,-83
1265.5,00:02,2531,-101
1265.56,00:03,2531,-86
1265.62,00:04,2531,-83
1265.99,00:02,2532,-101
1266.06,00:03,2532,-86
1266.12,00:04,2532,-83
1266.49,00:02,2533,-101
1266.56,00:03,2533,-86
1266.62,00:04,2533,-83
1266.99,00:02,2534,-101
1267.06,00:03,2534,-86
1267.12,00:04,2534,-83
1267.49,00:02,2535,-101
1267.56,00:03,2535,-86
1267.62,00:04,2535,-82
1268,00:02,2536,-101
1268.06,00:03,2536,-86
1268.12,00:04,2536,-82
1268.49,00:02,2537,-101
1268.56,00:03,2537,-86
1268.62,00:04,2537,-82
1268.99,00:02,2538,-101
1269.06,00:03,2538,-86
1269.12,00:04,2538,-82
1269.49,00:02,2539,-101
1269.56,00:03,2539,-86
1269.62,00:04,2539,-82
1270,00:02,2540,-101
1270.06,00:03,2540,-86
1270.12,00:04,2540,-81
1270.49,00:02,2541,-100
1270.56,00:03,2541,-86
1270.62,00:04,2541,-81
1270.99,00:02,2542,-100
1271.06,00:03,2542,-86
1271.12,00:04,2542,-81
1271.49,00:02,2543,-100
1271.56,00:03,2543,-86
1271.62,00:04,2543,-81
1271.99,00:02,2544,-100
1272.06,00:03,2544,-86
1272.12,00:04,2544,-81
1272.49,00:02,2545,-100
1272.56,00:03,2545,-86
1272.62,00:04,2545,-80
1272.99,00:02,2546,-100
1273.06,00:03,2546,-86
1273.12,00:04,2546,-80
1273.5,00:02,2547,-100
1273.56,00:03,2547,-86
1273.62,00:04,2547,-80
1274,00:02,2548,-100
1274.06,00:03,2548,-86
1274.12,00:04,2548,-80
1274.5,00:02,2549,-100
1274.56,00:03,2549,-86
1274.62,00:04,2549,-80
1274.99,00:02,2550,-100
1275.06,00:03,2550,-86
1275.12,00:04,2550,-79
1275.49,00:02,2551,-100
1275.56,00:03,2551,-86
1275.62,00:04,2551,-79
1275.99,00:02,2552,-100
1276.06,00:03,2552,-86
1276.12,00:04,2552,-79
1276.49,00:02,2553,-100
1276.56,00:03,2553,-86
1276.62,00:04,2553,-79
1276.99,00:02,2554,-100
1277.06,00:03,2554,-87
1277.12,00:04,2554,-79
1277.5,00:02,2555,-100
1277.56,00:03,2555,-87
1277.62,00:04,2555,-78
1278,00:02,2556,-100
1278.06,00:03,2556,-87
1278.12,00:04,2556,-78
1278.49,00:02,2557,-99
1278.56,00:03,2557,-87
1278.62,00:04,2557,-78
1278.99,00:02,2558,-99
1279.06,00:03,2558,-87
1279.12,00:04,2558,-78
1279.49,00:02,2559,-99
1279.56,00:03,2559,-87
1279.62,00:04,2559,-78
1279.99,00:02,2560,-99
1280.06,00:03,2560,-87
1280.12,00:04,2560,-78
1280.49,00:02,2561,-99
1280.56,00:03,2561,-87
1280.62,00:04,2561,-77
1280.99,00:02,2562,-99
1281.06,00:03,2562,-87
1281.12,00:04,2562,-77
1281.49,00:02,2563,-99
1281.56,00:03,2563,-87
1281.62,00:04,2563,-77
1281.99,00:02,2564,-99
1282.06,00:03,2564,-87
1282.12,00:04,2564,-77
1282.49,00:02,2565,-99
1282.56,00:03,2565,-87
1282.62,00:04,2565,-77
1282.99,00:02,2566,-99
1283.06,00:03,2566,-87
1283.12,00:04,2566,-77
1283.49,00:02,2567,-99
1283.56,00:03,2567,-87
1283.62,00:04,2567,-76
1283.99,00:02,2568,-99
1284.06,00:03,2568,-87
1284.12,00:04,2568,-76
1284.49,00:02,2569,-99
1284.56,00:03,2569,-87
1284.62,00:04,2569,-76
1284.99,00:02,2570,-99
1285.06,00:03,2570,-87
1285.12,00:04,2570,-76
1285.49,00:02,2571,-99
1285.56,00:03,2571,-87
1285.62,00:04,2571,-76
1286,00:02,2572,-99
1286.06,00:03,2572,-87
1286.12,00:04,2572,-76
1286.49,00:02,2573,-98
1286.56,00:03,2573,-87
1286.62,00:04,2573,-76
1286.99,00:02,2574,-98
1287.06,00:03,2574,-88
1287.12,00:04,2574,-76
1287.49,00:02,2575,-98
1287.56,00:03,2575,-88
1287.62,00:04,2575,-76
1287.99,00:02,2576,-98
1288.06,00:03,2576,-88
1288.12,00:04,2576,-75
1288.5,00:02,2577,-98
1288.56,00:03,2577,-88
1288.62,00:04,2577,-75
1289,00:02,2578,-98
1289.06,00:03,2578,-88
1289.12,00:04,2578,-75
1289.49,00:02,2579,-98
1289.56,00:03,2579,-88
1289.62,00:04,2579,-75
1289.99,00:02,2580,-98
1290.06,00:03,2580,-88
1290.12,00:04,2580,-75
1290.49,00:02,2581,-98
1290.56,00:03,2581,-88
1290.62,00:04,2581,-75
1290.99,00:02,2582,-98
1291.06,00:03,2582,-88
1291.12,00:04,2582,-75
1291.49,00:02,2583,-98
1291.56,00:03,2583,-88
1291.62,00:04,2583,-75
1291.99,00:02,2584,-98
1292.06,00:03,2584,-88
1292.12,00:04,2584,-75
1292.49,00:02,2585,-98
1292.56,00:03,2585,-88
1292.62,00:04,2585,-75
1292.99,00:02,2586,-98
1293.06,00:03,2586,-88
1293.12,00:04,2586,-75
1293.5,00:02,2587,-98
1293.56,00:03,2587,-88
1293.62,00:04,2587,-75
1293.99,00:02,2588,-98
1294.06,00:03,2588,-88
1294.12,00:04,2588,-75
1294.5,00:02,2589,-98
1294.56,00:03,2589,-88
1294.62,00:04,2589,-75
1295,00:02,2590,-97
1295.06,00:03,2590,-88
1295.12,00:04,2590,-75
1295.5,00:02,2591,-97
1295.56,00:03,2591,-89
1295.62,00:04,2591,-75
1295.99,00:02,2592,-97
1296.06,00:03,2592,-89
1296.12,00:04,2592,-75
1296.49,00:02,2593,-97
1296.56,00:03,2593,-89
1296.62,00:04,2593,-75
1296.99,00:02,2594,-97
1297.06,00:03,2594,-89
1297.12,00:04,2594,-75
1297.49,00:02,2595,-97
1297.56,00:03,2595,-89
1297.62,00:04,2595,-75
1297.99,00:02,2596,-97
1298.06,00:03,2596,-89
1298.12,00:04,2596,-75
1298.49,00:02,2597,-97
1298.56,00:03,2597,-89
1298.62,00:04,2597,-76
1299,00:02,2598,-97
1299.06,00:03,2598,-89
1299.12,00:04,2598,-76
1299.49,00:02,2599,-97
1299.56,00:03,2599,-89
1299.62,00:04,2599,-76
1299.99,00:02,2600,-97
1300.06,00:03,2600,-89
1300.12,00:04,2600,-76
1300.5,00:02,2601,-97
1300.56,00:03,2601,-89
1300.62,00:04,2601,-76
1301,00:02,2602,-97
1301.06,00:03,2602,-89
1301.12,00:04,2602,-76
1301.49,00:02,2603,-97
1301.56,00:03,2603,-89
1301.62,00:04,2603,-76
1301.99,00:02,2604,-97
1302.06,00:03,2604,-89
1302.12,00:04,2604,-76
1302.49,00:02,2605,-97
1302.56,00:03,2605,-89
1302.62,00:04,2605,-77
1302.99,00:02,2606,-97
1303.06,00:03,2606,-89
1303.12,00:04,2606,-77
1303.5,00:02,2607,-97
1303.56,00:03,2607,-90
1303.62,00:04,2607,-77
1304,00:02,2608,-96
1304.06,00:03,2608,-90
1304.12,00:04,2608,-77
1304.49,00:02,2609,-96
1304.56,00:03,2609,-90
1304.62,00:04,2609,-77
1304.99,00:02,2610,-96
1305.06,00:03,2610,-90
1305.12,00:04,2610,-77
1305.5,00:02,2611,-96
1305.56,00:03,2611,-90
1305.62,00:04,2611,-77
1305.99,00:02,2612,-96
1306.06,00:03,2612,-90
1306.12,00:04,2612,-78
1306.5,00:02,2613,-96
1306.56,00:03,2613,-90
1306.62,00:04,2613,-78
1306.99,00:02,2614,-96
1307.06,00:03,2614,-90
1307.12,00:04,2614,-78
1307.49,00:02,2615,-96
1307.56,00:03,2615,-90
1307.62,00:04,2615,-78
1307.99,00:02,2616,-96
1308.06,00:03,2616,-90
1308.12,00:04,2616,-78
1308.49,00:02,2617,-96
1308.56,00:03,2617,-90
1308.62,00:04,2617,-79
1309,00:02,2618,-96
1309.06,00:03,2618,-90
1309.12,00:04,2618,-79
1309.5,00:02,2619,-96
1309.56,00:03,2619,-90
1309.62,00:04,2619,-79
1310,00:02,2620,-96
1310.06,00:03,2620,-90
1310.12,00:04,2620,-79
1310.49,00:02,2621,-96
1310.56,00:03,2621,-90
1310.62,00:04,2621,-79
1310.99,00:02,2622,-96
1311.06,00:03,2622,-90
1311.12,00:04,2622,-79
1311.49,00:02,2623,-96
1311.56,00:03,2623,-91
1311.62,00:04,2623,-80
1311.99,00:02,2624,-96
1312.06,00:03,2624,-91
1312.12,00:04,2624,-80
1312.49,00:02,2625,-96
1312.56,00:03,2625,-91
1312.62,00:04,2625,-80
1313,00:02,2626,-96
1313.06,00:03,2626,-91
1313.12,00:04,2626,-80
1313.49,00:02,2627,-96
1313.56,00:03,2627,-91
1313.62,00:04,2627,-80
1314,00:02,2628,-96
1314.06,00:03,2628,-91
1314.12,00:04,2628,-81
1314.49,00:02,2629,-96
1314.56,00:03,2629,-91
1314.62,00:04,2629,-81
1314.99,00:02,2630,-95
1315.06,00:03,2630,-91
1315.12,00:04,2630,-81
1315.49,00:02,2631,-95
1315.56,00:03,2631,-91
1315.62,00:04,2631,-81
1316,00:02,2632,-95
1316.06,00:03,2632,-91
1316.12,00:04,2632,-81
1316.49,00:02,2633,-95
1316.56,00:03,2633,-91
1316.62,00:04,2633,-82
1316.99,00:02,2634,-95
1317.06,00:03,2634,-91
1317.12,00:04,2634,-82
1317.49,00:02,2635,-95
1317.56,00:03,2635,-91
1317.62,00:04,2635,-82
1317.99,00:02,2636,-95
1318.06,00:03,2636,-91
1318.12,00:04,2636,-82
1318.49,00:02,2637,-95
1318.56,00:03,2637,-91
1318.62,00:04,2637,-82
1318.99,00:02,2638,-95
1319.06,00:03,2638,-91
1319.12,00:04,2638,-83
1319.49,00:02,2639,-95
1319.56,00:03,2639,-92
1319.62,00:04,2639,-83
1319.99,00:02,2640,-95
1320.06,00:03,2640,-92
1320.12,00:04,2640,-83
1320.5,00:02,2641,-95
1320.56,00:03,2641,-92
1320.62,00:04,2641,-83
1320.99,00:02,2642,-95
1321.06,00:03,2642,-92
1321.12,00:04,2642,-83
1321.49,00:02,2643,-95
1321.56,00:03,2643,-92
1321.62,00:04,2643,-84
1321.99,00:02,2644,-95
1322.06,00:03,2644,-92
1322.12,00:04,2644,-84
1322.49,00:02,2645,-95
1322.56,00:03,2645,-92
1322.62,00:04,2645,-84
1322.99,00:02,2646,-95
1323.06,00:03,2646,-92
1323.12,00:04,2646,-84
1323.5,00:02,2647,-95
1323.56,00:03,2647,-92
1323.62,00:04,2647,-84
1323.99,00:02,2648,-95
1324.06,00:03,2648,-92
1324.12,00:04,2648,-85
1324.49,00:02,2649,-95
1324.56,00:03,2649,-92
1324.62,00:04,2649,-85
1324.99,00:02,2650,-95
1325.06,00:03,2650,-92
1325.12,00:04,2650,-85
1325.5,00:02,2651,-95
1325.56,00:03,2651,-92
1325.62,00:04,2651,-85
1325.99,00:02,2652,-95
1326.06,00:03,2652,-92
1326.12,00:04,2652,-85
1326.5,00:02,2653,-95
1326.56,00:03,2653,-92
1326.62,00:04,2653,-85
1326.99,00:02,2654,-95
1327.06,00:03,2654,-92
1327.12,00:04,2654,-86
1327.5,00:02,2655,-95
1327.56,00:03,2655,-93
1327.62,00:04,2655,-86
1328,00:02,2656,-95
1328.06,00:03,2656,-93
1328.12,00:04,2656,-86
1328.49,00:02,2657,-95
1328.56,00:03,2657,-93
1328.62,00:04,2657,-86
1329,00:02,2658,-95
1329.06,00:03,2658,-93
1329.12,00:04,2658,-86
1329.49,00:02,2659,-95
1329.56,00:03,2659,-93
1329.62,00:04,2659,-86
1329.99,00:02,2660,-95
1330.06,00:03,2660,-93
1330.12,00:04,2660,-87
1330.49,00:02,2661,-95
1330.56,00:03,2661,-93
1330.62,00:04,2661,-87
1330.99,00:02,2662,-95
1331.06,00:03,2662,-93
1331.12,00:04,2662,-87
1331.49,00:02,2663,-95
1331.56,00:03,2663,-93
1331.62,00:04,2663,-87
1331.99,00:02,2664,-95
1332.06,00:03,2664,-93
1332.12,00:04,2664,-87
1332.49,00:02,2665,-95
1332.56,00:03,2665,-93
1332.62,00:04,2665,-88
1332.99,00:02,2666,-95
1333.06,00:03,2666,-93
1333.12,00:04,2666,-88
1333.49,00:02,2667,-95
1333.56,00:03,2667,-93
1333.62,00:04,2667,-88
1333.99,00:02,2668,-95
1334.06,00:03,2668,-93
1334.12,00:04,2668,-88
1334.49,00:02,2669,-95
1334.56,00:03,2669,-93
1334.62,00:04,2669,-88
1334.99,00:02,2670,-95
1335.06,00:03,2670,-94
1335.12,00:04,2670,-88
1335.49,00:02,2671,-95
1335.56,00:03,2671,-94
1335.62,00:04,2671,-89
1335.99,00:02,2672,-95
1336.06,00:03,2672,-94
1336.12,00:04,2672,-89
1336.5,00:02,2673,-95
1336.56,00:03,2673,-94
1336.62,00:04,2673,-89
1336.99,00:02,2674,-95
1337.06,00:03,2674,-94
1337.12,00:04,2674,-89
1337.49,00:02,2675,-95
1337.56,00:03,2675,-94
1337.62,00:04,2675,-89
1337.99,00:02,2676,-95
1338.06,00:03,2676,-94
1338.12,00:04,2676,-89
1338.49,00:02,2677,-95
1338.56,00:03,2677,-94
1338.62,00:04,2677,-89
1338.99,00:02,2678,-95
1339.06,00:03,2678,-94
1339.12,00:04,2678,-89
1339.5,00:02,2679,-95
1339.56,00:03,2679,-94
1339.62,00:04,2679,-89
1340,00:02,2680,-95
1340.06,00:03,2680,-94
1340.12,00:04,2680,-89
1340.49,00:02,2681,-95
1340.56,00:03,2681,-94
1340.62,00:04,2681,-89
1340.99,00:02,2682,-95
1341.06,00:03,2682,-94
1341.12,00:04,2682,-89
1341.49,00:02,2683,-95
1341.56,00:03,2683,-94
1341.62,00:04,2683,-89
1341.99,00:02,2684,-96
1342.06,00:03,2684,-94
1342.12,00:04,2684,-89
1342.49,00:02,2685,-96
1342.56,00:03,2685,-94
1342.62,00:04,2685,-89
1342.99,00:02,2686,-96
1343.06,00:03,2686,-94
1343.12,00:04,2686,-89
1343.49,00:02,2687,-96
1343.56,00:03,2687,-94
1343.62,00:04,2687,-89
1344,00:02,2688,-96
1344.06,00:03,2688,-94
1344.12,00:04,2688,-89
1344.49,00:02,2689,-96
1344.56,00:03,2689,-94
1344.62,00:04,2689,-88
1344.99,00:02,2690,-96
1345.06,00:03,2690,-94
1345.12,00:04,2690,-88
1345.49,00:02,2691,-96
1345.56,00:03,2691,-94
1345.62,00:04,2691,-88
1345.99,00:02,2692,-96
1346.06,00:03,2692,-94
1346.12,00:04,2692,-88
1346.49,00:02,2693,-96
1346.56,00:03,2693,-94
1346.62,00:04,2693,-88
1346.99,00:02,2694,-96
1347.06,00:03,2694,-101
1347.12,00:04,2694,-94
1347.49,00:02,2695,-103
1347.56,00:03,2695,-101
1347.62,00:04,2695,-94
1347.99,00:02,2696,-103
1348.06,00:03,2696,-101
1348.12,00:04,2696,-94
1348.49,00:02,2697,-103
1348.56,00:03,2697,-101
1348.62,00:04,2697,-94
1348.99,00:02,2698,-103
1349.06,00:03,2698,-101
1349.12,00:04,2698,-94
1349.49,00:02,2699,-103
1349.56,00:03,2699,-101
1349.62,00:04,2699,-94
1349.99,00:02,2700,-103
1350.06,00:03,2700,-101
1350.12,00:04,2700,-93
1350.49,00:02,2701,-103
1350.56,00:03,2701,-101
1350.62,00:04,2701,-93
1350.99,00:02,2702,-103
1351.06,00:03,2702,-101
1351.12,00:04,2702,-93
1351.49,00:02,2703,-103
1351.56,00:03,2703,-100
1351.62,00:04,2703,-93
1351.99,00:02,2704,-103
1352.06,00:03,2704,-100
1352.12,00:04,2704,-93
1352.49,00:02,2705,-103
1352.56,00:03,2705,-100
1352.62,00:04,2705,-92
1352.99,00:02,2706,-103
1353.06,00:03,2706,-100
1353.12,00:04,2706,-92
1353.49,00:02,2707,-103
1353.56,00:03,2707,-100
1353.62,00:04,2707,-92
1353.99,00:02,2708,-103
1354.06,00:03,2708,-100
1354.12,00:04,2708,-92
1354.49,00:02,2709,-103
1354.56,00:03,2709,-100
1354.62,00:04,2709,-92
1354.99,00:02,2710,-103
1355.06,00:03,2710,-100
1355.12,00:04,2710,-91
1355.49,00:02,2711,-103
1355.56,00:03,2711,-100
1355.62,00:04,2711,-91
1355.99,00:02,2712,-103
1356.06,00:03,2712,-100
1356.12,00:04,2712,-91
1356.49,00:02,2713,-103
1356.56,00:03,2713,-100
1356.62,00:04,2713,-91
1356.99,00:02,2714,-103
1357.06,00:03,2714,-100
1357.12,00:04,2714,-91
1357.49,00:02,2715,-103
1357.56,00:03,2715,-100
1357.62,00:04,2715,-90
1357.99,00:02,2716,-103
1358.06,00:03,2716,-100
1358.12,00:04,2716,-90
1358.5,00:02,2717,-103
1358.56,00:03,2717,-100
1358.62,00:04,2717,-90
1358.99,00:02,2718,-103
1359.06,00:03,2718,-93
1359.12,00:04,2718,-83
1359.49,00:02,2719,-96
1359.56,00:03,2719,-92
1359.62,00:04,2719,-83
1360,00:02,2720,-96
1360.06,00:03,2720,-92
1360.12,00:04,2720,-82
1360.49,00:02,2721,-96
1360.56,00:03,2721,-92
1360.62,00:04,2721,-82
1360.99,00:02,2722,-96
1361.06,00:03,2722,-92
1361.12,00:04,2722,-82
1361.49,00:02,2723,-96
1361.56,00:03,2723,-92
1361.62,00:04,2723,-82
1361.99,00:02,2724,-96
1362.06,00:03,2724,-92
1362.12,00:04,2724,-81
1362.49,00:02,2725,-96
1362.56,00:03,2725,-92
1362.62,00:04,2725,-81
1362.99,00:02,2726,-96
1363.06,00:03,2726,-92
1363.12,00:04,2726,-81
1363.49,00:02,2727,-96
1363.56,00:03,2727,-92
1363.62,00:04,2727,-81
1364,00:02,2728,-96
1364.06,00:03,2728,-92
1364.12,00:04,2728,-80
1364.5,00:02,2729,-96
1364.56,00:03,2729,-92
1364.62,00:04,2729,-80
1364.99,00:02,2730,-96
1365.06,00:03,2730,-92
1365.12,00:04,2730,-80
1365.49,00:02,2731,-96
1365.56,00:03,2731,-92
1365.62,00:04,2731,-80
1365.99,00:02,2732,-97
1366.06,00:03,2732,-92
1366.12,00:04,2732,-79
1366.49,00:02,2733,-97
1366.56,00:03,2733,-92
1366.62,00:04,2733,-79
1366.99,00:02,2734,-97
1367.06,00:03,2734,-92
1367.12,00:04,2734,-79
1367.5,00:02,2735,-97
1367.56,00:03,2735,-92
1367.62,00:04,2735,-79
1368,00:02,2736,-97
1368.06,00:03,2736,-91
1368.12,00:04,2736,-79
1368.49,00:02,2737,-97
1368.56,00:03,2737,-91
1368.62,00:04,2737,-78
1368.99,00:02,2738,-97
1369.06,00:03,2738,-91
1369.12,00:04,2738,-78
1369.49,00:02,2739,-97
1369.56,00:03,2739,-91
1369.62,00:04,2739,-78
1369.99,00:02,2740,-97
1370.06,00:03,2740,-91
1370.12,00:04,2740,-78
1370.49,00:02,2741,-97
1370.56,00:03,2741,-91
1370.62,00:04,2741,-77
1370.99,00:02,2742,-97
1371.06,00:03,2742,-91
1371.12,00:04,2742,-77
1371.49,00:02,2743,-97
1371.56,00:03,2743,-91
1371.62,00:04,2743,-77
1371.99,00:02,2744,-97
1372.06,00:03,2744,-91
1372.12,00:04,2744,-77
1372.49,00:02,2745,-97
1372.56,00:03,2745,-91
1372.62,00:04,2745,-76
1372.99,00:02,2746,-97
1373.06,00:03,2746,-91
1373.12,00:04,2746,-76
1373.49,00:02,2747,-97
1373.56,00:03,2747,-91
1373.62,00:04,2747,-76
1374,00:02,2748,-97
1374.06,00:03,2748,-91
1374.12,00:04,2748,-75
1374.49,00:02,2749,-97
1374.56,00:03,2749,-91
1374.62,00:04,2749,-75
1374.99,00:02,2750,-97
1375.06,00:03,2750,-91
1375.12,00:04,2750,-75
1375.49,00:02,2751,-97
1375.56,00:03,2751,-91
1375.62,00:04,2751,-75
1375.99,00:02,2752,-97
1376.06,00:03,2752,-91
1376.12,00:04,2752,-75
1376.49,00:02,2753,-97
1376.56,00:03,2753,-90
1376.62,00:04,2753,-74
1376.99,00:02,2754,-97
1377.06,00:03,2754,-90
1377.12,00:04,2754,-74
1377.49,00:02,2755,-97
1377.56,00:03,2755,-90
1377.62,00:04,2755,-74
1377.99,00:02,2756,-97
1378.06,00:03,2756,-90
1378.12,00:04,2756,-74
1378.49,00:02,2757,-98
1378.56,00:03,2757,-90
1378.62,00:04,2757,-73
1378.99,00:02,2758,-98
1379.06,00:03,2758,-90
1379.12,00:04,2758,-73
1379.49,00:02,2759,-98
1379.56,00:03,2759,-90
1379.62,00:04,2759,-73
1379.99,00:02,2760,-98
1380.06,00:03,2760,-90
1380.12,00:04,2760,-73
1380.49,00:02,2761,-98
1380.56,00:03,2761,-90
1380.62,00:04,2761,-72
1380.99,00:02,2762,-98
1381.06,00:03,2762,-90
1381.12,00:04,2762,-72
1381.49,00:02,2763,-98
1381.56,00:03,2763,-90
1381.62,00:04,2763,-72
1381.99,00:02,2764,-98
1382.06,00:03,2764,-90
1382.12,00:04,2764,-72
1382.49,00:02,2765,-98
1382.56,00:03,2765,-90
1382.62,00:04,2765,-72
1382.99,00:02,2766,-98
1383.06,00:03,2766,-90
1383.12,00:04,2766,-72
1383.49,00:02,2767,-98
1383.56,00:03,2767,-90
1383.62,00:04,2767,-71
1383.99,00:02,2768,-98
1384.06,00:03,2768,-90
1384.12,00:04,2768,-71
1384.49,00:02,2769,-98
1384.56,00:03,2769,-90
1384.62,00:04,2769,-71
1384.99,00:02,2770,-98
1385.06,00:03,2770,-90
1385.12,00:04,2770,-71
1385.49,00:02,2771,-98
1385.56,00:03,2771,-89
1385.62,00:04,2771,-71
1386,00:02,2772,-98
1386.06,00:03,2772,-89
1386.12,00:04,2772,-71
1386.49,00:02,2773,-98
1386.56,00:03,2773,-89
1386.62,00:04,2773,-71
1386.99,00:02,2774,-98
1387.06,00:03,2774,-89
1387.12,00:04,2774,-71
1387.49,00:02,2775,-98
1387.56,00:03,2775,-89
1387.62,00:04,2775,-71
1387.99,00:02,2776,-98
1388.06,00:03,2776,-89
1388.12,00:04,2776,-71
1388.49,00:02,2777,-99
1388.56,00:03,2777,-89
1388.62,00:04,2777,-71
1388.99,00:02,2778,-99
1389.06,00:03,2778,-89
1389.12,00:04,2778,-71
1389.49,00:02,2779,-99
1389.56,00:03,2779,-89
1389.62,00:04,2779,-71
1389.99,00:02,2780,-99
1390.06,00:03,2780,-89
1390.12,00:04,2780,-71
1390.49,00:02,2781,-99
1390.56,00:03,2781,-89
1390.62,00:04,2781,-71
1390.99,00:02,2782,-99
1391.06,00:03,2782,-89
1391.12,00:04,2782,-71
1391.49,00:02,2783,-99
1391.56,00:03,2783,-89
1391.62,00:04,2783,-71
1391.99,00:02,2784,-99
1392.06,00:03,2784,-89
1392.12,00:04,2784,-71
1392.49,00:02,2785,-99
1392.56,00:03,2785,-89
1392.62,00:04,2785,-71
1392.99,00:02,2786,-99
1393.06,00:03,2786,-89
1393.12,00:04,2786,-71
1393.49,00:02,2787,-99
1393.56,00:03,2787,-89
1393.62,00:04,2787,-71
1393.99,00:02,2788,-99
1394.06,00:03,2788,-89
1394.12,00:04,2788,-71
1394.49,00:02,2789,-99
1394.56,00:03,2789,-89
1394.62,00:04,2789,-72
1394.99,00:02,2790,-99
1395.06,00:03,2790,-88
1395.12,00:04,2790,-72
1395.49,00:02,2791,-99
1395.56,00:03,2791,-88
1395.62,00:04,2791,-72
1395.99,00:02,2792,-99
1396.06,00:03,2792,-88
1396.12,00:04,2792,-72
1396.49,00:02,2793,-99
1396.56,00:03,2793,-88
1396.62,00:04,2793,-72
1396.99,00:02,2794,-99
1397.06,00:03,2794,-88
1397.12,00:04,2794,-72
1397.49,00:02,2795,-99
1397.56,00:03,2795,-88
1397.62,00:04,2795,-73
1397.99,00:02,2796,-100
1398.06,00:03,2796,-88
1398.12,00:04,2796,-73
1398.49,00:02,2797,-100
1398.56,00:03,2797,-88
1398.62,00:04,2797,-73
1398.99,00:02,2798,-100
1399.06,00:03,2798,-88
1399.12,00:04,2798,-73
1399.49,00:02,2799,-100
1399.56,00:03,2799,-88
1399.62,00:04,2799,-73
1400,00:02,2800,-100
1400.06,00:03,2800,-88
1400.12,00:04,2800,-74
1400.49,00:02,2801,-100
1400.56,00:03,2801,-88
1400.62,00:04,2801,-74
1400.99,00:02,2802,-100
1401.06,00:03,2802,-88
1401.12,00:04,2802,-74
1401.5,00:02,2803,-100
1401.56,00:03,2803,-88
1401.62,00:04,2803,-74
1401.99,00:02,2804,-100
1402.06,00:03,2804,-88
1402.12,00:04,2804,-75
1402.49,00:02,2805,-100
1402.56,00:03,2805,-88
1402.62,00:04,2805,-75
1402.99,00:02,2806,-100
1403.06,00:03,2806,-88
1403.12,00:04,2806,-75
1403.49,00:02,2807,-100
1403.56,00:03,2807,-88
1403.62,00:04,2807,-75
1403.99,00:02,2808,-100
1404.06,00:03,2808,-88
1404.12,00:04,2808,-76
1404.49,00:02,2809,-100
1404.56,00:03,2809,-88
1404.62,00:04,2809,-76
1404.99,00:02,2810,-100
1405.06,00:03,2810,-88
1405.12,00:04,2810,-76
1405.49,00:02,2811,-100
1405.56,00:03,2811,-88
1405.62,00:04,2811,-76
1405.99,00:02,2812,-100
1406.06,00:03,2812,-87
1406.12,00:04,2812,-77
1406.49,00:02,2813,-101
1406.56,00:03,2813,-87
1406.62,00:04,2813,-77
1406.99,00:02,2814,-101
1407.06,00:03,2814,-87
1407.12,00:04,2814,-77
1407.49,00:02,2815,-101
1407.56,00:03,2815,-87
1407.62,00:04,2815,-77
1407.99,00:02,2816,-101
1408.06,00:03,2816,-87
1408.12,00:04,2816,-78
1408.49,00:02,2817,-101
1408.56,00:03,2817,-87
1408.62,00:04,2817,-78
1408.99,00:02,2818,-101
1409.06,00:03,2818,-87
1409.12,00:04,2818,-78
1409.49,00:02,2819,-101
1409.56,00:03,2819,-87
1409.62,00:04,2819,-78
1409.99,00:02,2820,-101
1410.06,00:03,2820,-87
1410.12,00:04,2820,-79
1410.49,00:02,2821,-101
1410.56,00:03,2821,-87
1410.62,00:04,2821,-79
1410.99,00:02,2822,-101
1411.06,00:03,2822,-87
1411.12,00:04,2822,-79
1411.49,00:02,2823,-101
1411.56,00:03,2823,-87
1411.62,00:04,2823,-79
1411.99,00:02,2824,-101
1412.06,00:03,2824,-87
1412.12,00:04,2824,-80
1412.49,00:02,2825,-101
1412.56,00:03,2825,-87
1412.62,00:04,2825,-80
1412.99,00:02,2826,-101
1413.06,00:03,2826,-87
1413.12,00:04,2826,-80
1413.49,00:02,2827,-101
1413.56,00:03,2827,-87
1413.62,00:04,2827,-80
1413.99,00:02,2828,-101
1414.06,00:03,2828,-87
1414.12,00:04,2828,-81
1414.49,00:02,2829,-101
1414.56,00:03,2829,-87
1414.62,00:04,2829,-81
1414.99,00:02,2830,-102
1415.06,00:03,2830,-94
1415.12,00:04,2830,-88
1415.49,00:02,2831,-109
1415.56,00:03,2831,-94
1415.62,00:04,2831,-88
1415.99,00:02,2832,-109
1416.06,00:03,2832,-94
1416.12,00:04,2832,-88
1416.56,00:03,2833,-94
1416.62,00:04,2833,-89
1417.06,00:03,2834,-94
1417.12,00:04,2834,-89
1417.49,00:02,2835,-109
1417.56,00:03,2835,-94
1417.62,00:04,2835,-89
1418.06,00:03,2836,-94
1418.12,00:04,2836,-89
1418.56,00:03,2837,-94
1418.62,00:04,2837,-90
1419.06,00:03,2838,-94
1419.12,00:04,2838,-90
1419.56,00:03,2839,-94
1419.62,00:04,2839,-90
1420.06,00:03,2840,-94
1420.12,00:04,2840,-90
1420.56,00:03,2841,-94
1420.62,00:04,2841,-90
1421.06,00:03,2842,-94
1421.12,00:04,2842,-91
1421.56,00:03,2843,-94
1421.62,00:04,2843,-91
1422.06,00:03,2844,-94
1422.12,00:04,2844,-91
1422.56,00:03,2845,-94
1422.62,00:04,2845,-91
1422.99,00:02,2846,-109
1423.06,00:03,2846,-94
1423.12,00:04,2846,-92
1423.56,00:03,2847,-93
1423.62,00:04,2847,-92
1424.06,00:03,2848,-93
1424.12,00:04,2848,-92
1424.56,00:03,2849,-93
1424.62,00:04,2849,-92
1425.06,00:03,2850,-93
1425.12,00:04,2850,-92
1425.56,00:03,2851,-93
1425.62,00:04,2851,-93
1426.06,00:03,2852,-93
1426.12,00:04,2852,-93
1426.56,00:03,2853,-93
1426.62,00:04,2853,-93
1427.06,00:03,2854,-93
1427.12,00:04,2854,-93
1427.56,00:03,2855,-93
1427.62,00:04,2855,-93
1428.06,00:03,2856,-93
1428.12,00:04,2856,-93
1428.56,00:03,2857,-93
1428.62,00:04,2857,-94
1429.06,00:03,2858,-93
1429.12,00:04,2858,-94
1429.56,00:03,2859,-93
1429.62,00:04,2859,-94
1430.06,00:03,2860,-93
1430.12,00:04,2860,-94
1430.56,00:03,2861,-93
1430.62,00:04,2861,-94
1431.06,00:03,2862,-86
1431.12,00:04,2862,-88
1431.49,00:02,2863,-103
1431.56,00:03,2863,-86
1431.62,00:04,2863,-88
1431.99,00:02,2864,-104
1432.06,00:03,2864,-86
1432.12,00:04,2864,-88
1432.49,00:02,2865,-104
1432.56,00:03,2865,-86
1432.62,00:04,2865,-88
1432.99,00:02,2866,-104
1433.06,00:03,2866,-86
1433.12,00:04,2866,-88
1433.49,00:02,2867,-104
1433.56,00:03,2867,-86
1433.62,00:04,2867,-88
1433.99,00:02,2868,-104
1434.06,00:03,2868,-86
1434.12,00:04,2868,-89
1434.49,00:02,2869,-104
1434.56,00:03,2869,-86
1434.62,00:04,2869,-88
1434.99,00:02,2870,-104
1435.06,00:03,2870,-87
1435.12,00:04,2870,-88
1435.49,00:02,2871,-104
1435.56,00:03,2871,-87
1435.62,00:04,2871,-88
1435.99,00:02,2872,-104
1436.06,00:03,2872,-87
1436.12,00:04,2872,-88
1436.49,00:02,2873,-104
1436.56,00:03,2873,-87
1436.62,00:04,2873,-88
1436.99,00:02,2874,-104
1437.06,00:03,2874,-87
1437.12,00:04,2874,-88
1437.49,00:02,2875,-104
1437.56,00:03,2875,-87
1437.62,00:04,2875,-88
1437.99,00:02,2876,-104
1438.06,00:03,2876,-87
1438.12,00:04,2876,-88
1438.49,00:02,2877,-104
1438.56,00:03,2877,-87
1438.62,00:04,2877,-88
1438.99,00:02,2878,-104
1439.06,00:03,2878,-87
1439.12,00:04,2878,-88
1439.49,00:02,2879,-104
1439.56,00:03,2879,-87
1439.62,00:04,2879,-88
1439.99,00:02,2880,-104
1440.06,00:03,2880,-87
1440.12,00:04,2880,-88
1440.49,00:02,2881,-104
1440.56,00:03,2881,-87
1440.62,00:04,2881,-88
1440.99,00:02,2882,-104
1441.06,00:03,2882,-87
1441.12,00:04,2882,-88
1441.49,00:02,2883,-104
1441.56,00:03,2883,-87
1441.62,00:04,2883,-87
1441.99,00:02,2884,-104
1442.06,00:03,2884,-87
1442.12,00:04,2884,-87
1442.49,00:02,2885,-104
1442.56,00:03,2885,-87
1442.62,00:04,2885,-87
1442.99,00:02,2886,-104
1443.06,00:03,2886,-94
1443.12,00:04,2886,-94
1443.56,00:03,2887,-94
1443.62,00:04,2887,-94
1444.06,00:03,2888,-94
1444.12,00:04,2888,-93
1444.56,00:03,2889,-94
1444.62,00:04,2889,-93
1445.06,00:03,2890,-94
1445.12,00:04,2890,-93
1445.56,00:03,2891,-95
1445.62,00:04,2891,-93
1446.06,00:03,2892,-95
1446.12,00:04,2892,-93
1446.56,00:03,2893,-95
1446.62,00:04,2893,-92
1447.06,00:03,2894,-95
1447.12,00:04,2894,-92
1447.56,00:03,2895,-95
1447.62,00:04,2895,-92
1448.06,00:03,2896,-95
1448.12,00:04,2896,-92
1448.56,00:03,2897,-95
1448.62,00:04,2897,-92
1449.06,00:03,2898,-95
1449.12,00:04,2898,-91
1449.56,00:03,2899,-95
1449.62,00:04,2899,-91
1450.06,00:03,2900,-95
1450.12,00:04,2900,-91
1450.56,00:03,2901,-95
1450.62,00:04,2901,-91
1450.99,00:02,2902,-110
1451.06,00:03,2902,-95
1451.12,00:04,2902,-91
1451.56,00:03,2903,-95
1451.62,00:04,2903,-90
1452.06,00:03,2904,-95
1452.12,00:04,2904,-90
1452.56,00:03,2905,-95
1452.62,00:04,2905,-90
1453.06,00:03,2906,-95
1453.12,00:04,2906,-90
1453.56,00:03,2907,-95
1453.62,00:04,2907,-89
1454.06,00:03,2908,-95
1454.12,00:04,2908,-89
1454.49,00:02,2909,-110
1454.56,00:03,2909,-95
1454.62,00:04,2909,-89
1455.06,00:03,2910,-95
1455.12,00:04,2910,-89
1455.56,00:03,2911,-95
1455.62,00:04,2911,-88
1456.06,00:03,2912,-95
1456.12,00:04,2912,-88
1456.56,00:03,2913,-95
1456.62,00:04,2913,-88
1457.06,00:03,2914,-95
1457.12,00:04,2914,-88
1457.56,00:03,2915,-95
1457.62,00:04,2915,-87
1458.06,00:03,2916,-95
1458.12,00:04,2916,-87
1458.56,00:03,2917,-95
1458.62,00:04,2917,-87
1459.06,00:03,2918,-88
1459.12,00:04,2918,-80
1459.49,00:02,2919,-102
1459.56,00:03,2919,-88
1459.62,00:04,2919,-79
1459.99,00:02,2920,-102
1460.06,00:03,2920,-88
1460.12,00:04,2920,-79
1460.49,00:02,2921,-102
1460.56,00:03,2921,-88
1460.62,00:04,2921,-79
1460.99,00:02,2922,-102
1461.06,00:03,2922,-88
1461.12,00:04,2922,-78
1461.49,00:02,2923,-102
1461.56,00:03,2923,-88
1461.62,00:04,2923,-78
1461.99,00:02,2924,-102
1462.06,00:03,2924,-88
1462.12,00:04,2924,-78
1462.49,00:02,2925,-102
1462.56,00:03,2925,-88
1462.62,00:04,2925,-78
1462.99,00:02,2926,-102
1463.06,00:03,2926,-88
1463.12,00:04,2926,-77
1463.49,00:02,2927,-102
1463.56,00:03,2927,-88
1463.62,00:04,2927,-77
1463.99,00:02,2928,-102
1464.06,00:03,2928,-88
1464.12,00:04,2928,-77
1464.49,00:02,2929,-102
1464.56,00:03,2929,-88
1464.62,00:04,2929,-76
1464.99,00:02,2930,-101
1465.06,00:03,2930,-88
1465.12,00:04,2930,-76
1465.49,00:02,2931,-101
1465.56,00:03,2931,-88
1465.62,00:04,2931,-76
1465.99,00:02,2932,-101
1466.06,00:03,2932,-88
1466.12,00:04,2932,-75
1466.49,00:02,2933,-101
1466.56,00:03,2933,-88
1466.62,00:04,2933,-75
1466.99,00:02,2934,-101
1467.06,00:03,2934,-88
1467.12,00:04,2934,-75
1467.49,00:02,2935,-101
1467.56,00:03,2935,-88
1467.62,00:04,2935,-74
1467.99,00:02,2936,-101
1468.06,00:03,2936,-89
1468.12,00:04,2936,-74
1468.49,00:02,2937,-101
1468.56,00:03,2937,-89
1468.62,00:04,2937,-74
1468.99,00:02,2938,-101
1469.06,00:03,2938,-89
1469.12,00:04,2938,-73
1469.49,00:02,2939,-101
1469.56,00:03,2939,-89
1469.62,00:04,2939,-73
1469.99,00:02,2940,-101
1470.06,00:03,2940,-89
1470.12,00:04,2940,-73
1470.49,00:02,2941,-101
1470.56,00:03,2941,-89
1470.62,00:04,2941,-72
1470.99,00:02,2942,-101
1471.06,00:03,2942,-89
1471.12,00:04,2942,-72
1471.49,00:02,2943,-101
1471.56,00:03,2943,-89
1471.62,00:04,2943,-72
1471.99,00:02,2944,-101
1472.06,00:03,2944,-89
1472.12,00:04,2944,-71
1472.49,00:02,2945,-101
1472.56,00:03,2945,-89
1472.62,00:04,2945,-71
1472.99,00:02,2946,-101
1473.06,00:03,2946,-89
1473.12,00:04,2946,-71
1473.49,00:02,2947,-101
1473.56,00:03,2947,-89
1473.62,00:04,2947,-71
1473.99,00:02,2948,-101
1474.06,00:03,2948,-89
1474.12,00:04,2948,-71
1474.49,00:02,2949,-100
1474.56,00:03,2949,-89
1474.62,00:04,2949,-70
1474.99,00:02,2950,-100
1475.06,00:03,2950,-89
1475.12,00:04,2950,-70
1475.49,00:02,2951,-100
1475.56,00:03,2951,-89
1475.62,00:04,2951,-70
1475.99,00:02,2952,-100
1476.06,00:03,2952,-89
1476.12,00:04,2952,-70
1476.49,00:02,2953,-100
1476.56,00:03,2953,-89
1476.62,00:04,2953,-70
1476.99,00:02,2954,-100
1477.06,00:03,2954,-89
1477.12,00:04,2954,-69
1477.49,00:02,2955,-100
1477.56,00:03,2955,-89
1477.62,00:04,2955,-69
1477.99,00:02,2956,-100
1478.06,00:03,2956,-89
1478.12,00:04,2956,-69
1478.49,00:02,2957,-100
1478.56,00:03,2957,-89
1478.62,00:04,2957,-69
1478.99,00:02,2958,-100
1479.06,00:03,2958,-89
1479.12,00:04,2958,-69
1479.49,00:02,2959,-100
1479.56,00:03,2959,-89
1479.62,00:04,2959,-69
1479.99,00:02,2960,-100
1480.06,00:03,2960,-89
1480.12,00:04,2960,-68
1480.49,00:02,2961,-100
1480.56,00:03,2961,-90
1480.62,00:04,2961,-68
1480.99,00:02,2962,-100
1481.06,00:03,2962,-90
1481.12,00:04,2962,-68
1481.49,00:02,2963,-100
1481.56,00:03,2963,-90
1481.62,00:04,2963,-68
1481.99,00:02,2964,-100
1482.06,00:03,2964,-90
1482.12,00:04,2964,-68
1482.49,00:02,2965,-100
1482.56,00:03,2965,-90
1482.62,00:04,2965,-68
1482.99,00:02,2966,-100
1483.06,00:03,2966,-90
1483.12,00:04,2966,-68
1483.49,00:02,2967,-100
1483.56,00:03,2967,-90
1483.62,00:04,2967,-68
1483.99,00:02,2968,-100
1484.06,00:03,2968,-90
1484.12,00:04,2968,-68
1484.49,00:02,2969,-99
1484.56,00:03,2969,-90
1484.62,00:04,2969,-68
1484.99,00:02,2970,-99
1485.06,00:03,2970,-90
1485.12,00:04,2970,-68
1485.49,00:02,2971,-99
1485.56,00:03,2971,-90
1485.62,00:04,2971,-68
1485.99,00:02,2972,-99
1486.06,00:03,2972,-90
1486.12,00:04,2972,-68
1486.49,00:02,2973,-99
1486.56,00:03,2973,-90
1486.62,00:04,2973,-68
1486.99,00:02,2974,-99
1487.06,00:03,2974,-90
1487.12,00:04,2974,-68
1487.49,00:02,2975,-99
1487.56,00:03,2975,-90
1487.62,00:04,2975,-68
1487.99,00:02,2976,-99
1488.06,00:03,2976,-90
1488.12,00:04,2976,-68
1488.49,00:02,2977,-99
1488.56,00:03,2977,-90
1488.62,00:04,2977,-68
1488.99,00:02,2978,-99
1489.06,00:03,2978,-90
1489.12,00:04,2978,-68
1489.49,00:02,2979,-99
1489.56,00:03,2979,-90
1489.62,00:04,2979,-68
1489.99,00:02,2980,-99
1490.06,00:03,2980,-90
1490.12,00:04,2980,-68
1490.49,00:02,2981,-99
1490.56,00:03,2981,-91
1490.62,00:04,2981,-69
1490.99,00:02,2982,-99
1491.06,00:03,2982,-91
1491.12,00:04,2982,-69
1491.49,00:02,2983,-99
1491.56,00:03,2983,-91
1491.62,00:04,2983,-69
1491.99,00:02,2984,-99
1492.06,00:03,2984,-91
1492.12,00:04,2984,-69
1492.49,00:02,2985,-99
1492.56,00:03,2985,-91
1492.62,00:04,2985,-69
1492.99,00:02,2986,-99
1493.06,00:03,2986,-91
1493.12,00:04,2986,-69
1493.49,00:02,2987,-99
1493.56,00:03,2987,-91
1493.62,00:04,2987,-70
1493.99,00:02,2988,-99
1494.06,00:03,2988,-91
1494.12,00:04,2988,-70
1494.49,00:02,2989,-99
1494.56,00:03,2989,-91
1494.62,00:04,2989,-70
1494.99,00:02,2990,-99
1495.06,00:03,2990,-91
1495.12,00:04,2990,-70
1495.49,00:02,2991,-98
1495.56,00:03,2991,-91
1495.62,00:04,2991,-70
1495.99,00:02,2992,-98
1496.06,00:03,2992,-91
1496.12,00:04,2992,-71
1496.49,00:02,2993,-98
1496.56,00:03,2993,-91
1496.62,00:04,2993,-71
1496.99,00:02,2994,-98
1497.06,00:03,2994,-91
1497.12,00:04,2994,-71
1497.49,00:02,2995,-98
1497.56,00:03,2995,-91
1497.62,00:04,2995,-71
1497.99,00:02,2996,-98
1498.06,00:03,2996,-91
1498.12,00:04,2996,-71
1498.49,00:02,2997,-98
1498.56,00:03,2997,-91
1498.62,00:04,2997,-72
1498.99,00:02,2998,-98
1499.06,00:03,2998,-91
1499.12,00:04,2998,-72
1499.49,00:02,2999,-98
1499.56,00:03,2999,-91
1499.62,00:04,2999,-72
1499.99,00:02,3000,-98
1500.06,00:03,3000,-91
1500.12,00:04,3000,-73
1500.49,00:02,3001,-98
1500.56,00:03,3001,-92
1500.62,00:04,3001,-73
1500.99,00:02,3002,-98
1501.06,00:03,3002,-92
1501.12,00:04,3002,-73
1501.49,00:02,3003,-98
1501.56,00:03,3003,-92
1501.62,00:04,3003,-74
1501.99,00:02,3004,-98
1502.06,00:03,3004,-92
1502.12,00:04,3004,-74
1502.49,00:02,3005,-98
1502.56,00:03,3005,-92
1502.62,00:04,3005,-74
1502.99,00:02,3006,-98
1503.06,00:03,3006,-92
1503.12,00:04,3006,-75
1503.49,00:02,3007,-98
1503.56,00:03,3007,-92
1503.62,00:04,3007,-75
1503.99,00:02,3008,-98
1504.06,00:03,3008,-92
1504.12,00:04,3008,-75
1504.49,00:02,3009,-98
1504.56,00:03,3009,-92
1504.62,00:04,3009,-76
1504.99,00:02,3010,-98
1505.06,00:03,3010,-92
1505.12,00:04,3010,-76
1505.49,00:02,3011,-98
1505.56,00:03,3011,-92
1505.62,00:04,3011,-76
1505.99,00:02,3012,-98
1506.06,00:03,3012,-92
1506.12,00:04,3012,-77
1506.49,00:02,3013,-98
1506.56,00:03,3013,-92
1506.62,00:04,3013,-77
1506.99,00:02,3014,-98
1507.06,00:03,3014,-92
1507.12,00:04,3014,-77
1507.49,00:02,3015,-98
1507.56,00:03,3015,-92
1507.62,00:04,3015,-78
1507.99,00:02,3016,-98
1508.06,00:03,3016,-92
1508.12,00:04,3016,-78
1508.49,00:02,3017,-98
1508.56,00:03,3017,-92
1508.62,00:04,3017,-78
1508.99,00:02,3018,-98
1509.06,00:03,3018,-92
1509.12,00:04,3018,-79
1509.49,00:02,3019,-97
1509.56,00:03,3019,-93
1509.62,00:04,3019,-79
1509.99,00:02,3020,-97
1510.06,00:03,3020,-93
1510.12,00:04,3020,-79
1510.49,00:02,3021,-97
1510.56,00:03,3021,-93
1510.62,00:04,3021,-79
1510.99,00:02,3022,-97
1511.06,00:03,3022,-93
1511.12,00:04,3022,-80
1511.49,00:02,3023,-97
1511.56,00:03,3023,-93
1511.62,00:04,3023,-80
1511.99,00:02,3024,-97
1512.06,00:03,3024,-93
1512.12,00:04,3024,-80
1512.49,00:02,3025,-97
1512.56,00:03,3025,-93
1512.62,00:04,3025,-80
1512.99,00:02,3026,-97
1513.06,00:03,3026,-93
1513.12,00:04,3026,-81
1513.49,00:02,3027,-97
1513.56,00:03,3027,-93
1513.62,00:04,3027,-81
1513.99,00:02,3028,-97
1514.06,00:03,3028,-93
1514.12,00:04,3028,-81
1514.49,00:02,3029,-97
1514.56,00:03,3029,-93
1514.62,00:04,3029,-81
1514.99,00:02,3030,-97
1515.06,00:03,3030,-100
1515.12,00:04,3030,-89
1515.49,00:02,3031,-104
1515.56,00:03,3031,-100
1515.62,00:04,3031,-89
1515.99,00:02,3032,-104
1516.06,00:03,3032,-100
1516.12,00:04,3032,-89
1516.49,00:02,3033,-104
1516.56,00:03,3033,-100
1516.62,00:04,3033,-89
1516.99,00:02,3034,-104
1517.06,00:03,3034,-100
1517.12,00:04,3034,-90
1517.49,00:02,3035,-104
1517.56,00:03,3035,-100
1517.62,00:04,3035,-90
1517.99,00:02,3036,-104
1518.06,00:03,3036,-100
1518.12,00:04,3036,-90
1518.49,00:02,3037,-104
1518.56,00:03,3037,-101
1518.62,00:04,3037,-90
1518.99,00:02,3038,-104
1519.06,00:03,3038,-101
1519.12,00:04,3038,-91
1519.49,00:02,3039,-104
1519.56,00:03,3039,-101
1519.62,00:04,3039,-91
1519.99,00:02,3040,-104
1520.06,00:03,3040,-101
1520.12,00:04,3040,-91
1520.49,00:02,3041,-104
1520.56,00:03,3041,-101
1520.62,00:04,3041,-91
1520.99,00:02,3042,-104
1521.06,00:03,3042,-101
1521.12,00:04,3042,-91
1521.49,00:02,3043,-104
1521.56,00:03,3043,-101
1521.62,00:04,3043,-92
1521.99,00:02,3044,-104
1522.06,00:03,3044,-101
1522.12,00:04,3044,-92
1522.49,00:02,3045,-104
1522.56,00:03,3045,-101
1522.62,00:04,3045,-92
1522.99,00:02,3046,-104
1523.06,00:03,3046,-101
1523.12,00:04,3046,-92
1523.49,00:02,3047,-104
1523.56,00:03,3047,-101
1523.62,00:04,3047,-93
1523.99,00:02,3048,-104
1524.06,00:03,3048,-101
1524.12,00:04,3048,-93
1524.49,00:02,3049,-104
1524.56,00:03,3049,-101
1524.62,00:04,3049,-93
1524.99,00:02,3050,-104
1525.06,00:03,3050,-101
1525.12,00:04,3050,-93
1525.49,00:02,3051,-104
1525.56,00:03,3051,-101
1525.62,00:04,3051,-93
1525.99,00:02,3052,-104
1526.06,00:03,3052,-101
1526.12,00:04,3052,-94
1526.49,00:02,3053,-104
1526.56,00:03,3053,-101
1526.62,00:04,3053,-94
1526.99,00:02,3054,-104
1527.06,00:03,3054,-94
1527.12,00:04,3054,-87
1527.49,00:02,3055,-97
1527.56,00:03,3055,-95
1527.62,00:04,3055,-87
1527.99,00:02,3056,-97
1528.06,00:03,3056,-95
1528.12,00:04,3056,-87
1528.49,00:02,3057,-97
1528.56,00:03,3057,-95
1528.62,00:04,3057,-87
1528.99,00:02,3058,-97
1529.06,00:03,3058,-95
1529.12,00:04,3058,-88
1529.49,00:02,3059,-97
1529.56,00:03,3059,-95
1529.62,00:04,3059,-88
1529.99,00:02,3060,-97
1530.06,00:03,3060,-95
1530.12,00:04,3060,-88
1530.49,00:02,3061,-97
1530.56,00:03,3061,-95
1530.62,00:04,3061,-88
1530.99,00:02,3062,-97
1531.06,00:03,3062,-95
1531.12,00:04,3062,-88
1531.49,00:02,3063,-97
1531.56,00:03,3063,-95
1531.62,00:04,3063,-88
1531.99,00:02,3064,-97
1532.06,00:03,3064,-95
1532.12,00:04,3064,-88
1532.49,00:02,3065,-97
1532.56,00:03,3065,-95
1532.62,00:04,3065,-88
1532.99,00:02,3066,-98
1533.06,00:03,3066,-95
1533.12,00:04,3066,-88
1533.49,00:02,3067,-98
1533.56,00:03,3067,-95
1533.62,00:04,3067,-88
1533.99,00:02,3068,-98
1534.06,00:03,3068,-95
1534.12,00:04,3068,-88
1534.49,00:02,3069,-98
1534.56,00:03,3069,-95
1534.62,00:04,3069,-88
1534.99,00:02,3070,-98
1535.06,00:03,3070,-95
1535.12,00:04,3070,-88
1535.49,00:02,3071,-98
1535.56,00:03,3071,-95
1535.62,00:04,3071,-88
1535.99,00:02,3072,-98
1536.06,00:03,3072,-95
1536.12,00:04,3072,-88
1536.49,00:02,3073,-98
1536.56,00:03,3073,-95
1536.62,00:04,3073,-87
1536.99,00:02,3074,-98
1537.06,00:03,3074,-95
1537.12,00:04,3074,-87
1537.49,00:02,3075,-98
1537.56,00:03,3075,-95
1537.62,00:04,3075,-87
1537.99,00:02,3076,-98
1538.06,00:03,3076,-95
1538.12,00:04,3076,-87
1538.49,00:02,3077,-98
1538.56,00:03,3077,-95
1538.62,00:04,3077,-87
1538.99,00:02,3078,-98
1539.06,00:03,3078,-102
1539.12,00:04,3078,-93
1539.49,00:02,3079,-105
1539.56,00:03,3079,-102
1539.62,00:04,3079,-93
1539.99,00:02,3080,-105
1540.06,00:03,3080,-102
1540.12,00:04,3080,-93
1540.49,00:02,3081,-105
1540.56,00:03,3081,-102
1540.62,00:04,3081,-93
1540.99,00:02,3082,-105
1541.06,00:03,3082,-102
1541.12,00:04,3082,-93
1541.49,00:02,3083,-105
1541.56,00:03,3083,-102
1541.62,00:04,3083,-92
1541.99,00:02,3084,-105
1542.06,00:03,3084,-102
1542.12,00:04,3084,-92
1542.49,00:02,3085,-105
1542.56,00:03,3085,-102
1542.62,00:04,3085,-92
1542.99,00:02,3086,-105
1543.06,00:03,3086,-102
1543.12,00:04,3086,-92
1543.49,00:02,3087,-105
1543.56,00:03,3087,-101
1543.62,00:04,3087,-91
1543.99,00:02,3088,-105
1544.06,00:03,3088,-101
1544.12,00:04,3088,-91
1544.49,00:02,3089,-105
1544.56,00:03,3089,-101
1544.62,00:04,3089,-91
1544.99,00:02,3090,-105
1545.06,00:03,3090,-101
1545.12,00:04,3090,-91
1545.49,00:02,3091,-105
1545.56,00:03,3091,-101
1545.62,00:04,3091,-91
1545.99,00:02,3092,-105
1546.06,00:03,3092,-101
1546.12,00:04,3092,-90
1546.49,00:02,3093,-105
1546.56,00:03,3093,-101
1546.62,00:04,3093,-90
1546.99,00:02,3094,-105
1547.06,00:03,3094,-101
1547.12,00:04,3094,-90
1547.49,00:02,3095,-105
1547.56,00:03,3095,-101
1547.62,00:04,3095,-90
1547.99,00:02,3096,-105
1548.06,00:03,3096,-101
1548.12,00:04,3096,-89
1548.49,00:02,3097,-105
1548.56,00:03,3097,-101
1548.62,00:04,3097,-89
1548.99,00:02,3098,-105
1549.06,00:03,3098,-101
1549.12,00:04,3098,-89
1549.49,00:02,3099,-105
1549.56,00:03,3099,-101
1549.62,00:04,3099,-89
1549.99,00:02,3100,-105
1550.06,00:03,3100,-101
1550.12,00:04,3100,-88
1550.49,00:02,3101,-105
1550.56,00:03,3101,-101
1550.62,00:04,3101,-88
1550.99,00:02,3102,-105
1551.06,00:03,3102,-94
1551.12,00:04,3102,-81
1551.49,00:02,3103,-98
1551.56,00:03,3103,-94
1551.62,00:04,3103,-80
1551.99,00:02,3104,-98
1552.06,00:03,3104,-94
1552.12,00:04,3104,-80
1552.49,00:02,3105,-98
1552.56,00:03,3105,-94
1552.62,00:04,3105,-80
1552.99,00:02,3106,-98
1553.06,00:03,3106,-94
1553.12,00:04,3106,-80
1553.49,00:02,3107,-98
1553.56,00:03,3107,-93
1553.62,00:04,3107,-79
1553.99,00:02,3108,-98
1554.06,00:03,3108,-93
1554.12,00:04,3108,-79
1554.49,00:02,3109,-98
1554.56,00:03,3109,-93
1554.62,00:04,3109,-79
1554.99,00:02,3110,-98
1555.06,00:03,3110,-93
1555.12,00:04,3110,-78
1555.49,00:02,3111,-98
1555.56,00:03,3111,-93
1555.62,00:04,3111,-78
1555.99,00:02,3112,-98
1556.06,00:03,3112,-93
1556.12,00:04,3112,-78
1556.49,00:02,3113,-99
1556.56,00:03,3113,-93
1556.62,00:04,3113,-77
1556.99,00:02,3114,-99
1557.06,00:03,3114,-93
1557.12,00:04,3114,-77
1557.49,00:02,3115,-99
1557.56,00:03,3115,-93
1557.62,00:04,3115,-77
1557.99,00:02,3116,-99
1558.06,00:03,3116,-93
1558.12,00:04,3116,-76
1558.49,00:02,3117,-99
1558.56,00:03,3117,-93
1558.62,00:04,3117,-76
1558.99,00:02,3118,-99
1559.06,00:03,3118,-93
1559.12,00:04,3118,-76
1559.49,00:02,3119,-99
1559.56,00:03,3119,-93
1559.62,00:04,3119,-75
1559.99,00:02,3120,-99
1560.06,00:03,3120,-93
1560.12,00:04,3120,-75
1560.49,00:02,3121,-99
1560.56,00:03,3121,-93
1560.62,00:04,3121,-75
1560.99,00:02,3122,-99
1561.06,00:03,3122,-93
1561.12,00:04,3122,-74
1561.49,00:02,3123,-99
1561.56,00:03,3123,-93
1561.62,00:04,3123,-74
1561.99,00:02,3124,-99
1562.06,00:03,3124,-93
1562.12,00:04,3124,-74
1562.49,00:02,3125,-99
1562.56,00:03,3125,-93
1562.62,00:04,3125,-73
1562.99,00:02,3126,-99
1563.06,00:03,3126,-92
1563.12,00:04,3126,-73
1563.49,00:02,3127,-99
1563.56,00:03,3127,-92
1563.62,00:04,3127,-72
1563.99,00:02,3128,-99
1564.06,00:03,3128,-92
1564.12,00:04,3128,-72
1564.49,00:02,3129,-99
1564.56,00:03,3129,-92
1564.62,00:04,3129,-71
1564.99,00:02,3130,-99
1565.06,00:03,3130,-92
1565.12,00:04,3130,-71
1565.49,00:02,3131,-99
1565.56,00:03,3131,-92
1565.62,00:04,3131,-71
1565.99,00:02,3132,-99
1566.06,00:03,3132,-92
1566.12,00:04,3132,-71
1566.49,00:02,3133,-99
1566.56,00:03,3133,-92
1566.62,00:04,3133,-70
1566.99,00:02,3134,-99
1567.06,00:03,3134,-92
1567.12,00:04,3134,-70
1567.49,00:02,3135,-99
1567.56,00:03,3135,-92
1567.62,00:04,3135,-70
1567.99,00:02,3136,-99
1568.06,00:03,3136,-92
1568.12,00:04,3136,-70
1568.49,00:02,3137,-99
1568.56,00:03,3137,-92
1568.62,00:04,3137,-69
1568.99,00:02,3138,-99
1569.06,00:03,3138,-92
1569.12,00:04,3138,-69
1569.49,00:02,3139,-99
1569.56,00:03,3139,-92
1569.62,00:04,3139,-69
1569.99,00:02,3140,-99
1570.06,00:03,3140,-92
1570.12,00:04,3140,-68
1570.49,00:02,3141,-99
1570.56,00:03,3141,-92
1570.62,00:04,3141,-68
1570.99,00:02,3142,-99
1571.06,00:03,3142,-92
1571.12,00:04,3142,-68
1571.49,00:02,3143,-99
1571.56,00:03,3143,-92
1571.62,00:04,3143,-67
1571.99,00:02,3144,-99
1572.06,00:03,3144,-92
1572.12,00:04,3144,-67
1572.49,00:02,3145,-100
1572.56,00:03,3145,-92
1572.62,00:04,3145,-67
1572.99,00:02,3146,-100
1573.06,00:03,3146,-92
1573.12,00:04,3146,-66
1573.49,00:02,3147,-100
1573.56,00:03,3147,-91
1573.62,00:04,3147,-66
1573.99,00:02,3148,-100
1574.06,00:03,3148,-91
1574.12,00:04,3148,-66
1574.49,00:02,3149,-100
1574.56,00:03,3149,-91
1574.62,00:04,3149,-65
1574.99,00:02,3150,-100
1575.06,00:03,3150,-91
1575.12,00:04,3150,-65
1575.49,00:02,3151,-100
1575.56,00:03,3151,-91
1575.62,00:04,3151,-65
1575.99,00:02,3152,-100
1576.06,00:03,3152,-91
1576.12,00:04,3152,-64
1576.49,00:02,3153,-100
1576.56,00:03,3153,-91
1576.62,00:04,3153,-64
1576.99,00:02,3154,-100
1577.06,00:03,3154,-91
1577.12,00:04,3154,-64
1577.49,00:02,3155,-100
1577.56,00:03,3155,-91
1577.62,00:04,3155,-64
1577.99,00:02,3156,-100
1578.06,00:03,3156,-91
1578.12,00:04,3156,-63
1578.49,00:02,3157,-100
1578.56,00:03,3157,-91
1578.62,00:04,3157,-63
1578.99,00:02,3158,-100
1579.06,00:03,3158,-91
1579.12,00:04,3158,-63
1579.49,00:02,3159,-100
1579.56,00:03,3159,-91
1579.62,00:04,3159,-63
1579.99,00:02,3160,-100
1580.06,00:03,3160,-91
1580.12,00:04,3160,-63
1580.49,00:02,3161,-100
1580.56,00:03,3161,-91
1580.62,00:04,3161,-63
1580.99,00:02,3162,-100
1581.06,00:03,3162,-91
1581.12,00:04,3162,-63
1581.49,00:02,3163,-100
1581.56,00:03,3163,-91
1581.62,00:04,3163,-63
1581.99,00:02,3164,-100
1582.06,00:03,3164,-91
1582.12,00:04,3164,-63
1582.49,00:02,3165,-100
1582.56,00:03,3165,-91
1582.62,00:04,3165,-63
1582.99,00:02,3166,-100
1583.06,00:03,3166,-91
1583.12,00:04,3166,-63
1583.49,00:02,3167,-100
1583.56,00:03,3167,-91
1583.62,00:04,3167,-63
1583.99,00:02,3168,-100
1584.06,00:03,3168,-91
1584.12,00:04,3168,-64
1584.49,00:02,3169,-101
1584.56,00:03,3169,-90
1584.62,00:04,3169,-64
1584.99,00:02,3170,-101
1585.06,00:03,3170,-90
1585.12,00:04,3170,-64
1585.49,00:02,3171,-101
1585.56,00:03,3171,-90
1585.62,00:04,3171,-64
1585.99,00:02,3172,-101
1586.06,00:03,3172,-90
1586.12,00:04,3172,-65
1586.49,00:02,3173,-101
1586.56,00:03,3173,-90
1586.62,00:04,3173,-65
1586.99,00:02,3174,-101
1587.06,00:03,3174,-90
1587.12,00:04,3174,-65
1587.49,00:02,3175,-101
1587.56,00:03,3175,-90
1587.62,00:04,3175,-66
1587.99,00:02,3176,-101
1588.06,00:03,3176,-90
1588.12,00:04,3176,-66
1588.49,00:02,3177,-101
1588.56,00:03,3177,-90
1588.62,00:04,3177,-66
1588.99,00:02,3178,-101
1589.06,00:03,3178,-90
1589.12,00:04,3178,-67
1589.49,00:02,3179,-101
1589.56,00:03,3179,-90
1589.62,00:04,3179,-67
1589.99,00:02,3180,-101
1590.06,00:03,3180,-90
1590.12,00:04,3180,-67
1590.49,00:02,3181,-101
1590.56,00:03,3181,-90
1590.62,00:04,3181,-68
1590.99,00:02,3182,-101
1591.06,00:03,3182,-90
1591.12,00:04,3182,-68
1591.49,00:02,3183,-101
1591.56,00:03,3183,-90
1591.62,00:04,3183,-68
1591.99,00:02,3184,-101
1592.06,00:03,3184,-90
1592.12,00:04,3184,-69
1592.49,00:02,3185,-101
1592.56,00:03,3185,-90
1592.62,00:04,3185,-69
1592.99,00:02,3186,-101
1593.06,00:03,3186,-90
1593.12,00:04,3186,-69
1593.49,00:02,3187,-101
1593.56,00:03,3187,-90
1593.62,00:04,3187,-69
1593.99,00:02,3188,-101
1594.06,00:03,3188,-90
1594.12,00:04,3188,-70
1594.49,00:02,3189,-101
1594.56,00:03,3189,-90
1594.62,00:04,3189,-70
1594.99,00:02,3190,-102
1595.06,00:03,3190,-90
1595.12,00:04,3190,-70
1595.49,00:02,3191,-102
1595.56,00:03,3191,-90
1595.62,00:04,3191,-71
1595.99,00:02,3192,-102
1596.06,00:03,3192,-90
1596.12,00:04,3192,-71
1596.49,00:02,3193,-102
1596.56,00:03,3193,-90
1596.62,00:04,3193,-71
1596.99,00:02,3194,-102
1597.06,00:03,3194,-90
1597.12,00:04,3194,-71
1597.49,00:02,3195,-102
1597.56,00:03,3195,-90
1597.62,00:04,3195,-72
1597.99,00:02,3196,-102
1598.06,00:03,3196,-89
1598.12,00:04,3196,-72
1598.49,00:02,3197,-102
1598.56,00:03,3197,-89
1598.62,00:04,3197,-72
1598.99,00:02,3198,-102
1599.06,00:03,3198,-89
1599.12,00:04,3198,-73
1599.49,00:02,3199,-102
1599.56,00:03,3199,-89
1599.62,00:04,3199,-73
1599.99,00:02,3200,-102
1600.06,00:03,3200,-89
1600.12,00:04,3200,-74
1600.49,00:02,3201,-102
1600.56,00:03,3201,-89
1600.62,00:04,3201,-74
1600.99,00:02,3202,-102
1601.06,00:03,3202,-89
1601.12,00:04,3202,-74
1601.49,00:02,3203,-102
1601.56,00:03,3203,-89
1601.62,00:04,3203,-75
1601.99,00:02,3204,-102
1602.06,00:03,3204,-89
1602.12,00:04,3204,-75
1602.49,00:02,3205,-102
1602.56,00:03,3205,-89
1602.62,00:04,3205,-76
1602.99,00:02,3206,-102
1603.06,00:03,3206,-89
1603.12,00:04,3206,-76
1603.49,00:02,3207,-102
1603.56,00:03,3207,-89
1603.62,00:04,3207,-76
1603.99,00:02,3208,-102
1604.06,00:03,3208,-89
1604.12,00:04,3208,-77
1604.49,00:02,3209,-102
1604.56,00:03,3209,-89
1604.62,00:04,3209,-77
1604.99,00:02,3210,-103
1605.06,00:03,3210,-89
1605.12,00:04,3210,-77
1605.49,00:02,3211,-103
1605.56,00:03,3211,-89
1605.62,00:04,3211,-78
1605.99,00:02,3212,-103
1606.06,00:03,3212,-89
1606.12,00:04,3212,-78
1606.49,00:02,3213,-103
1606.56,00:03,3213,-89
1606.62,00:04,3213,-78
1606.99,00:02,3214,-103
1607.06,00:03,3214,-96
1607.12,00:04,3214,-86
1607.56,00:03,3215,-96
1607.62,00:04,3215,-86
1608.06,00:03,3216,-96
1608.12,00:04,3216,-86
1608.56,00:03,3217,-96
1608.62,00:04,3217,-86
1609.06,00:03,3218,-96
1609.12,00:04,3218,-87
1609.56,00:03,3219,-96
1609.62,00:04,3219,-87
1610.06,00:03,3220,-96
1610.12,00:04,3220,-87
1610.56,00:03,3221,-96
1610.62,00:04,3221,-88
1611.06,00:03,3222,-96
1611.12,00:04,3222,-88
1611.49,00:02,3223,-110
1611.56,00:03,3223,-96
1611.62,00:04,3223,-88
1612.06,00:03,3224,-96
1612.12,00:04,3224,-88
1612.56,00:03,3225,-96
1612.62,00:04,3225,-89
1613.06,00:03,3226,-96
1613.12,00:04,3226,-89
1613.56,00:03,3227,-96
1613.62,00:04,3227,-89
1614.06,00:03,3228,-96
1614.12,00:04,3228,-89
1614.56,00:03,3229,-96
1614.62,00:04,3229,-90
1615.06,00:03,3230,-96
1615.12,00:04,3230,-90
1615.56,00:03,3231,-96
1615.62,00:04,3231,-90
1616.06,00:03,3232,-96
1616.12,00:04,3232,-90
1616.56,00:03,3233,-96
1616.62,00:04,3233,-91
1617.06,00:03,3234,-96
1617.12,00:04,3234,-91
1617.56,00:03,3235,-96
1617.62,00:04,3235,-91
1618.06,00:03,3236,-96
1618.12,00:04,3236,-91
1618.56,00:03,3237,-96
1618.62,00:04,3237,-92
1619.06,00:03,3238,-96
1619.12,00:04,3238,-92
1619.56,00:03,3239,-96
1619.62,00:04,3239,-92
1620.06,00:03,3240,-96
1620.12,00:04,3240,-92
1620.56,00:03,3241,-96
1620.62,00:04,3241,-92
1621.06,00:03,3242,-96
1621.12,00:04,3242,-93
1621.56,00:03,3243,-96
1621.62,00:04,3243,-93
1622.06,00:03,3244,-96
1622.12,00:04,3244,-93
1622.56,00:03,3245,-96
1622.62,00:04,3245,-93
1623.06,00:03,3246,-89
1623.12,00:04,3246,-86
1623.49,00:02,3247,-104
1623.56,00:03,3247,-89
1623.62,00:04,3247,-87
1623.99,00:02,3248,-105
1624.06,00:03,3248,-89
1624.12,00:04,3248,-87
1624.49,00:02,3249,-105
1624.56,00:03,3249,-89
1624.62,00:04,3249,-87
1624.99,00:02,3250,-105
1625.06,00:03,3250,-89
1625.12,00:04,3250,-87
1625.49,00:02,3251,-105
1625.56,00:03,3251,-89
1625.62,00:04,3251,-87
1625.99,00:02,3252,-105
1626.06,00:03,3252,-89
1626.12,00:04,3252,-88
1626.49,00:02,3253,-105
1626.56,00:03,3253,-89
1626.62,00:04,3253,-88
1626.99,00:02,3254,-105
1627.06,00:03,3254,-89
1627.12,00:04,3254,-88
1627.49,00:02,3255,-105
1627.56,00:03,3255,-89
1627.62,00:04,3255,-88
1627.99,00:02,3256,-105
1628.06,00:03,3256,-89
1628.12,00:04,3256,-87
1628.49,00:02,3257,-105
1628.56,00:03,3257,-89
1628.62,00:04,3257,-87
1628.99,00:02,3258,-105
1629.06,00:03,3258,-89
1629.12,00:04,3258,-87
1629.49,00:02,3259,-105
1629.56,00:03,3259,-89
1629.62,00:04,3259,-87
1629.99,00:02,3260,-105
1630.06,00:03,3260,-89
1630.12,00:04,3260,-87
1630.49,00:02,3261,-105
1630.56,00:03,3261,-89
1630.62,00:04,3261,-87
1630.99,00:02,3262,-105
1631.06,00:03,3262,-90
1631.12,00:04,3262,-87
1631.49,00:02,3263,-105
1631.56,00:03,3263,-90
1631.62,00:04,3263,-87
1631.99,00:02,3264,-105
1632.06,00:03,3264,-90
1632.12,00:04,3264,-87
1632.49,00:02,3265,-105
1632.56,00:03,3265,-90
1632.62,00:04,3265,-87
1632.99,00:02,3266,-105
1633.06,00:03,3266,-90
1633.12,00:04,3266,-87
1633.49,00:02,3267,-105
1633.56,00:03,3267,-90
1633.62,00:04,3267,-87
1633.99,00:02,3268,-105
1634.06,00:03,3268,-90
1634.12,00:04,3268,-87
1634.49,00:02,3269,-105
1634.56,00:03,3269,-90
1634.62,00:04,3269,-86
1634.99,00:02,3270,-105
1635.06,00:03,3270,-90
1635.12,00:04,3270,-86
1635.49,00:02,3271,-105
1635.56,00:03,3271,-90
1635.62,00:04,3271,-86
1635.99,00:02,3272,-105
1636.06,00:03,3272,-90
1636.12,00:04,3272,-86
1636.49,00:02,3273,-105
1636.56,00:03,3273,-90
1636.62,00:04,3273,-86
1636.99,00:02,3274,-105
1637.06,00:03,3274,-90
1637.12,00:04,3274,-85
1637.49,00:02,3275,-105
1637.56,00:03,3275,-90
1637.62,00:04,3275,-85
1637.99,00:02,3276,-105
1638.06,00:03,3276,-90
1638.12,00:04,3276,-85
1638.49,00:02,3277,-105
1638.56,00:03,3277,-90
1638.62,00:04,3277,-85
1638.99,00:02,3278,-105
1639.06,00:03,3278,-90
1639.12,00:04,3278,-84
1639.49,00:02,3279,-104
1639.56,00:03,3279,-90
1639.62,00:04,3279,-84
1639.99,00:02,3280,-104
1640.06,00:03,3280,-90
1640.12,00:04,3280,-84
1640.49,00:02,3281,-104
1640.56,00:03,3281,-90
1640.62,00:04,3281,-84
1640.99,00:02,3282,-104
1641.06,00:03,3282,-90
1641.12,00:04,3282,-84
1641.49,00:02,3283,-104
1641.56,00:03,3283,-90
1641.62,00:04,3283,-83
1641.99,00:02,3284,-104
1642.06,00:03,3284,-90
1642.12,00:04,3284,-83
1642.49,00:02,3285,-104
1642.56,00:03,3285,-90
1642.62,00:04,3285,-83
1642.99,00:02,3286,-104
1643.06,00:03,3286,-90
1643.12,00:04,3286,-83
1643.49,00:02,3287,-104
1643.56,00:03,3287,-90
1643.62,00:04,3287,-82
1643.99,00:02,3288,-104
1644.06,00:03,3288,-90
1644.12,00:04,3288,-82
1644.49,00:02,3289,-104
1644.56,00:03,3289,-90
1644.62,00:04,3289,-82
1644.99,00:02,3290,-104
1645.06,00:03,3290,-90
1645.12,00:04,3290,-81
1645.49,00:02,3291,-104
1645.56,00:03,3291,-90
1645.62,00:04,3291,-81
1645.99,00:02,3292,-104
1646.06,00:03,3292,-90
1646.12,00:04,3292,-81
1646.49,00:02,3293,-104
1646.56,00:03,3293,-90
1646.62,00:04,3293,-81
1646.99,00:02,3294,-104
1647.06,00:03,3294,-90
1647.12,00:04,3294,-80
1647.49,00:02,3295,-104
1647.56,00:03,3295,-90
1647.62,00:04,3295,-80
1647.99,00:02,3296,-104
1648.06,00:03,3296,-90
1648.12,00:04,3296,-80
1648.49,00:02,3297,-104
1648.56,00:03,3297,-90
1648.62,00:04,3297,-79
1648.99,00:02,3298,-104
1649.06,00:03,3298,-90
1649.12,00:04,3298,-79
1649.49,00:02,3299,-104
1649.56,00:03,3299,-90
1649.62,00:04,3299,-79
1649.99,00:02,3300,-103
1650.06,00:03,3300,-90
1650.12,00:04,3300,-79
1650.49,00:02,3301,-103
1650.56,00:03,3301,-90
1650.62,00:04,3301,-78
1650.99,00:02,3302,-103
1651.06,00:03,3302,-90
1651.12,00:04,3302,-78
1651.49,00:02,3303,-103
1651.56,00:03,3303,-90
1651.62,00:04,3303,-78
1651.99,00:02,3304,-103
1652.06,00:03,3304,-90
1652.12,00:04,3304,-77
1652.49,00:02,3305,-103
1652.56,00:03,3305,-90
1652.62,00:04,3305,-77
1652.99,00:02,3306,-103
1653.06,00:03,3306,-90
1653.12,00:04,3306,-77
1653.49,00:02,3307,-103
1653.56,00:03,3307,-90
1653.62,00:04,3307,-76
1653.99,00:02,3308,-103
1654.06,00:03,3308,-90
1654.12,00:04,3308,-76
1654.49,00:02,3309,-103
1654.56,00:03,3309,-90
1654.62,00:04,3309,-75
1654.99,00:02,3310,-103
1655.06,00:03,3310,-90
1655.12,00:04,3310,-75
1655.49,00:02,3311,-103
1655.56,00:03,3311,-90
1655.62,00:04,3311,-75
1655.99,00:02,3312,-103
1656.06,00:03,3312,-90
1656.12,00:04,3312,-74
1656.49,00:02,3313,-103
1656.56,00:03,3313,-90
1656.62,00:04,3313,-74
1656.99,00:02,3314,-103
1657.06,00:03,3314,-90
1657.12,00:04,3314,-73
1657.49,00:02,3315,-103
1657.56,00:03,3315,-90
1657.62,00:04,3315,-73
1657.99,00:02,3316,-103
1658.06,00:03,3316,-90
1658.12,00:04,3316,-73
1658.49,00:02,3317,-103
1658.56,00:03,3317,-90
1658.62,00:04,3317,-72
1658.99,00:02,3318,-103
1659.06,00:03,3318,-90
1659.12,00:04,3318,-72
1659.49,00:02,3319,-103
1659.56,00:03,3319,-90
1659.62,00:04,3319,-71
1659.99,00:02,3320,-103
1660.06,00:03,3320,-90
1660.12,00:04,3320,-71
1660.49,00:02,3321,-102
1660.56,00:03,3321,-90
1660.62,00:04,3321,-71
1660.99,00:02,3322,-102
1661.06,00:03,3322,-90
1661.12,00:04,3322,-70
1661.49,00:02,3323,-102
1661.56,00:03,3323,-90
1661.62,00:04,3323,-70
1661.99,00:02,3324,-102
1662.06,00:03,3324,-91
1662.12,00:04,3324,-70
1662.49,00:02,3325,-102
1662.56,00:03,3325,-91
1662.62,00:04,3325,-69
1662.99,00:02,3326,-102
1663.06,00:03,3326,-91
1663.12,00:04,3326,-69
1663.49,00:02,3327,-102
1663.56,00:03,3327,-91
1663.62,00:04,3327,-69
1663.99,00:02,3328,-102
1664.06,00:03,3328,-91
1664.12,00:04,3328,-68
1664.49,00:02,3329,-102
1664.56,00:03,3329,-91
1664.62,00:04,3329,-68
1664.99,00:02,3330,-102
1665.06,00:03,3330,-91
1665.12,00:04,3330,-68
1665.49,00:02,3331,-102
1665.56,00:03,3331,-91
1665.62,00:04,3331,-67
1665.99,00:02,3332,-102
1666.06,00:03,3332,-91
1666.12,00:04,3332,-67
1666.49,00:02,3333,-102
1666.56,00:03,3333,-91
1666.62,00:04,3333,-66
1666.99,00:02,3334,-102
1667.06,00:03,3334,-91
1667.12,00:04,3334,-66
1667.49,00:02,3335,-102
1667.56,00:03,3335,-91
1667.62,00:04,3335,-66
1667.99,00:02,3336,-102
1668.06,00:03,3336,-91
1668.12,00:04,3336,-65
1668.49,00:02,3337,-102
1668.56,00:03,3337,-91
1668.62,00:04,3337,-65
1668.99,00:02,3338,-102
1669.06,00:03,3338,-91
1669.12,00:04,3338,-64
1669.49,00:02,3339,-102
1669.56,00:03,3339,-91
1669.62,00:04,3339,-64
1669.99,00:02,3340,-102
1670.06,00:03,3340,-91
1670.12,00:04,3340,-63
1670.49,00:02,3341,-102
1670.56,00:03,3341,-91
1670.62,00:04,3341,-62
1670.99,00:02,3342,-102
1671.06,00:03,3342,-91
1671.12,00:04,3342,-62
1671.49,00:02,3343,-101
1671.56,00:03,3343,-91
1671.62,00:04,3343,-61
1671.99,00:02,3344,-101
1672.06,00:03,3344,-91
1672.12,00:04,3344,-60
1672.49,00:02,3345,-101
1672.56,00:03,3345,-91
1672.62,00:04,3345,-60
1672.99,00:02,3346,-101
1673.06,00:03,3346,-91
1673.12,00:04,3346,-59
1673.49,00:02,3347,-101
1673.56,00:03,3347,-91
1673.62,00:04,3347,-58
1673.99,00:02,3348,-101
1674.06,00:03,3348,-91
1674.12,00:04,3348,-57
1674.49,00:02,3349,-101
1674.56,00:03,3349,-91
1674.62,00:04,3349,-56
1674.99,00:02,3350,-101
1675.06,00:03,3350,-91
1675.12,00:04,3350,-56
1675.49,00:02,3351,-101
1675.56,00:03,3351,-91
1675.62,00:04,3351,-55
1675.99,00:02,3352,-101
1676.06,00:03,3352,-91
1676.12,00:04,3352,-54
1676.49,00:02,3353,-101
1676.56,00:03,3353,-92
1676.62,00:04,3353,-54
1676.99,00:02,3354,-101
1677.06,00:03,3354,-92
1677.12,00:04,3354,-54
1677.49,00:02,3355,-101
1677.56,00:03,3355,-92
1677.62,00:04,3355,-54
1677.99,00:02,3356,-101
1678.06,00:03,3356,-92
1678.12,00:04,3356,-55
1678.49,00:02,3357,-101
1678.56,00:03,3357,-92
1678.62,00:04,3357,-55
1678.99,00:02,3358,-101
1679.06,00:03,3358,-92
1679.12,00:04,3358,-56
1679.49,00:02,3359,-101
1679.56,00:03,3359,-92
1679.62,00:04,3359,-57
1679.99,00:02,3360,-101
1680.06,00:03,3360,-92
1680.12,00:04,3360,-58
1680.49,00:02,3361,-101
1680.56,00:03,3361,-92
1680.62,00:04,3361,-58
1680.99,00:02,3362,-101
1681.06,00:03,3362,-92
1681.12,00:04,3362,-59
1681.49,00:02,3363,-101
1681.56,00:03,3363,-92
1681.62,00:04,3363,-60
1681.99,00:02,3364,-101
1682.06,00:03,3364,-92
1682.12,00:04,3364,-61
1682.49,00:02,3365,-101
1682.56,00:03,3365,-92
1682.62,00:04,3365,-61
1682.99,00:02,3366,-101
1683.06,00:03,3366,-92
1683.12,00:04,3366,-62
1683.49,00:02,3367,-101
1683.56,00:03,3367,-92
1683.62,00:04,3367,-63
1683.99,00:02,3368,-100
1684.06,00:03,3368,-92
1684.12,00:04,3368,-63
1684.49,00:02,3369,-100
1684.56,00:03,3369,-92
1684.62,00:04,3369,-64
1684.99,00:02,3370,-100
1685.06,00:03,3370,-92
1685.12,00:04,3370,-64
1685.49,00:02,3371,-100
1685.56,00:03,3371,-92
1685.62,00:04,3371,-65
1685.99,00:02,3372,-100
1686.06,00:03,3372,-92
1686.12,00:04,3372,-65
1686.49,00:02,3373,-100
1686.56,00:03,3373,-92
1686.62,00:04,3373,-66
1686.99,00:02,3374,-100
1687.06,00:03,3374,-92
1687.12,00:04,3374,-66
1687.49,00:02,3375,-100
1687.56,00:03,3375,-92
1687.62,00:04,3375,-67
1687.99,00:02,3376,-100
1688.06,00:03,3376,-93
1688.12,00:04,3376,-67
1688.49,00:02,3377,-100
1688.56,00:03,3377,-93
1688.62,00:04,3377,-68
1688.99,00:02,3378,-100
1689.06,00:03,3378,-93
1689.12,00:04,3378,-68
1689.49,00:02,3379,-100
1689.56,00:03,3379,-93
1689.62,00:04,3379,-68
1689.99,00:02,3380,-100
1690.06,00:03,3380,-93
1690.12,00:04,3380,-69
1690.49,00:02,3381,-100
1690.56,00:03,3381,-93
1690.62,00:04,3381,-69
1690.99,00:02,3382,-100
1691.06,00:03,3382,-93
1691.12,00:04,3382,-69
1691.49,00:02,3383,-100
1691.56,00:03,3383,-93
1691.62,00:04,3383,-70
1691.99,00:02,3384,-100
1692.06,00:03,3384,-93
1692.12,00:04,3384,-70
1692.49,00:02,3385,-100
1692.56,00:03,3385,-93
1692.62,00:04,3385,-70
1692.99,00:02,3386,-100
1693.06,00:03,3386,-93
1693.12,00:04,3386,-71
1693.49,00:02,3387,-100
1693.56,00:03,3387,-93
1693.62,00:04,3387,-71
1693.99,00:02,3388,-100
1694.06,00:03,3388,-93
1694.12,00:04,3388,-71
1694.49,00:02,3389,-100
1694.56,00:03,3389,-93
1694.62,00:04,3389,-71
1694.99,00:02,3390,-100
1695.06,00:03,3390,-93
1695.12,00:04,3390,-72
1695.49,00:02,3391,-100
1695.56,00:03,3391,-93
1695.62,00:04,3391,-72
1695.99,00:02,3392,-100
1696.06,00:03,3392,-93
1696.12,00:04,3392,-73
1696.49,00:02,3393,-100
1696.56,00:03,3393,-93
1696.62,00:04,3393,-73
1696.99,00:02,3394,-100
1697.06,00:03,3394,-93
1697.12,00:04,3394,-74
1697.49,00:02,3395,-100
1697.56,00:03,3395,-93
1697.62,00:04,3395,-74
1697.99,00:02,3396,-100
1698.06,00:03,3396,-93
1698.12,00:04,3396,-74
1698.49,00:02,3397,-100
1698.56,00:03,3397,-93
1698.62,00:04,3397,-75
1698.99,00:02,3398,-100
1699.06,00:03,3398,-94
1699.12,00:04,3398,-75
1699.49,00:02,3399,-100
1699.56,00:03,3399,-94
1699.62,00:04,3399,-76
1699.99,00:02,3400,-100
1700.06,00:03,3400,-94
1700.12,00:04,3400,-76
1700.49,00:02,3401,-100
1700.56,00:03,3401,-94
1700.62,00:04,3401,-76
1700.99,00:02,3402,-99
1701.06,00:03,3402,-94
1701.12,00:04,3402,-77
1701.49,00:02,3403,-99
1701.56,00:03,3403,-94
1701.62,00:04,3403,-77
1701.99,00:02,3404,-99
1702.06,00:03,3404,-94
1702.12,00:04,3404,-77
1702.49,00:02,3405,-99
1702.56,00:03,3405,-94
1702.62,00:04,3405,-78
1702.99,00:02,3406,-99
1703.06,00:03,3406,-94
1703.12,00:04,3406,-78
1703.49,00:02,3407,-99
1703.56,00:03,3407,-94
1703.62,00:04,3407,-78
1703.99,00:02,3408,-99
1704.06,00:03,3408,-94
1704.12,00:04,3408,-79
1704.49,00:02,3409,-99
1704.56,00:03,3409,-94
1704.62,00:04,3409,-79
1704.99,00:02,3410,-99
1705.06,00:03,3410,-94
1705.12,00:04,3410,-79
1705.49,00:02,3411,-99
1705.56,00:03,3411,-94
1705.62,00:04,3411,-80
1705.99,00:02,3412,-99
1706.06,00:03,3412,-94
1706.12,00:04,3412,-80
1706.49,00:02,3413,-99
1706.56,00:03,3413,-94
1706.62,00:04,3413,-80
1706.99,00:02,3414,-99
1707.06,00:03,3414,-94
1707.12,00:04,3414,-80
1707.49,00:02,3415,-99
1707.56,00:03,3415,-94
1707.62,00:04,3415,-81
1707.99,00:02,3416,-99
1708.06,00:03,3416,-94
1708.12,00:04,3416,-81
1708.49,00:02,3417,-99
1708.56,00:03,3417,-94
1708.62,00:04,3417,-81
1708.99,00:02,3418,-99
1709.06,00:03,3418,-94
1709.12,00:04,3418,-82
1709.49,00:02,3419,-99
1709.56,00:03,3419,-95
1709.62,00:04,3419,-82
1709.99,00:02,3420,-99
1710.06,00:03,3420,-95
1710.12,00:04,3420,-82
1710.49,00:02,3421,-99
1710.56,00:03,3421,-95
1710.62,00:04,3421,-82
1710.99,00:02,3422,-99
1711.06,00:03,3422,-95
1711.12,00:04,3422,-83
1711.49,00:02,3423,-99
1711.56,00:03,3423,-95
1711.62,00:04,3423,-83
1711.99,00:02,3424,-99
1712.06,00:03,3424,-95
1712.12,00:04,3424,-83
1712.49,00:02,3425,-99
1712.56,00:03,3425,-95
1712.62,00:04,3425,-83
1712.99,00:02,3426,-99
1713.06,00:03,3426,-95
1713.12,00:04,3426,-84
1713.49,00:02,3427,-99
1713.56,00:03,3427,-95
1713.62,00:04,3427,-84
1713.99,00:02,3428,-99
1714.06,00:03,3428,-95
1714.12,00:04,3428,-84
1714.49,00:02,3429,-99
1714.56,00:03,3429,-95
1714.62,00:04,3429,-84
1714.99,00:02,3430,-99
1715.06,00:03,3430,-95
1715.12,00:04,3430,-85
1715.49,00:02,3431,-99
1715.56,00:03,3431,-95
1715.62,00:04,3431,-85
1715.99,00:02,3432,-99
1716.06,00:03,3432,-95
1716.12,00:04,3432,-85
1716.49,00:02,3433,-99
1716.56,00:03,3433,-95
1716.62,00:04,3433,-85
1716.99,00:02,3434,-99
1717.06,00:03,3434,-95
1717.12,00:04,3434,-85
1717.49,00:02,3435,-99
1717.56,00:03,3435,-95
1717.62,00:04,3435,-86
1717.99,00:02,3436,-99
1718.06,00:03,3436,-95
1718.12,00:04,3436,-86
1718.49,00:02,3437,-99
1718.56,00:03,3437,-95
1718.62,00:04,3437,-86
1718.99,00:02,3438,-99
1719.06,00:03,3438,-95
1719.12,00:04,3438,-86
1719.49,00:02,3439,-99
1719.56,00:03,3439,-96
1719.62,00:04,3439,-86
1719.99,00:02,3440,-99
1720.06,00:03,3440,-96
1720.12,00:04,3440,-87
1720.49,00:02,3441,-99
1720.56,00:03,3441,-96
1720.62,00:04,3441,-87
1720.99,00:02,3442,-99
1721.06,00:03,3442,-96
1721.12,00:04,3442,-87
1721.49,00:02,3443,-99
1721.56,00:03,3443,-96
1721.62,00:04,3443,-87
1721.99,00:02,3444,-99
