Time_s,Src_MAC,Seq_Num,RSSI_dBm
0.00502635,00:02,0,-61
0.0551928,00:03,0,-98
0.107683,00:04,0,-99
0.505753,00:02,1,-61
0.556848,00:03,1,-98
0.605656,00:04,1,-99
1.00512,00:02,2,-61
1.05468,00:03,2,-98
1.10645,00:04,2,-99
1.50767,00:02,3,-62
1.55738,00:03,3,-98
1.60741,00:04,3,-99
2.00666,00:02,4,-62
2.05607,00:03,4,-98
2.10515,00:04,4,-99
2.50661,00:02,5,-63
2.55758,00:03,5,-98
2.60425,00:04,5,-99
3.0058,00:02,6,-63
3.05848,00:03,6,-98
3.10664,00:04,6,-99
3.50479,00:02,7,-64
3.55586,00:03,7,-98
3.60543,00:04,7,-99
4.0058,00:02,8,-65
4.05539,00:03,8,-98
4.10406,00:04,8,-99
4.50646,00:02,9,-65
4.55593,00:03,9,-97
4.60577,00:04,9,-99
5.0063,00:02,10,-66
5.05817,00:03,10,-97
5.1055,00:04,10,-99
5.50519,00:02,11,-66
5.55467,00:03,11,-97
5.60406,00:04,11,-99
6.00531,00:02,12,-67
6.05632,00:03,12,-97
6.10624,00:04,12,-99
6.5075,00:02,13,-68
6.55553,00:03,13,-97
6.60664,00:04,13,-99
7.00728,00:02,14,-68
7.05708,00:03,14,-97
7.106,00:04,14,-99
7.50556,00:02,15,-69
7.5557,00:03,15,-97
7.60637,00:04,15,-99
8.00691,00:02,16,-69
8.05633,00:03,16,-97
8.105,00:04,16,-99
8.50657,00:02,17,-70
8.55707,00:03,17,-97
8.60494,00:04,17,-99
9.00635,00:02,18,-70
9.05619,00:03,18,-96
9.1053,00:04,18,-98
9.50566,00:02,19,-71
9.5554,00:03,19,-96
9.60541,00:04,19,-98
10.0056,00:02,20,-71
10.0557,00:03,20,-96
10.1051,00:04,20,-98
10.5052,00:02,21,-71
10.556,00:03,21,-96
10.6062,00:04,21,-98
11.0062,00:02,22,-72
11.0572,00:03,22,-96
11.1062,00:04,22,-98
11.5048,00:02,23,-72
11.5551,00:03,23,-96
11.6053,00:04,23,-98
12.007,00:02,24,-73
12.0571,00:03,24,-96
12.105,00:04,24,-98
12.5051,00:02,25,-73
12.5549,00:03,25,-96
12.6056,00:04,25,-98
13.006,00:02,26,-73
13.0569,00:03,26,-96
13.1053,00:04,26,-98
13.5061,00:02,27,-74
13.5558,00:03,27,-95
13.6039,00:04,27,-98
14.0053,00:02,28,-74
14.0561,00:03,28,-95
14.1059,00:04,28,-98
14.5063,00:02,29,-74
14.5567,00:03,29,-95
14.6059,00:04,29,-98
15.005,00:02,30,-75
15.0569,00:03,30,-95
15.1059,00:04,30,-98
15.5057,00:02,31,-75
15.5567,00:03,31,-95
15.6055,00:04,31,-98
16.0065,00:02,32,-75
16.0571,00:03,32,-95
16.1044,00:04,32,-98
16.506,00:02,33,-76
16.5569,00:03,33,-95
16.6044,00:04,33,-98
17.0046,00:02,34,-76
17.0567,00:03,34,-95
17.1038,00:04,34,-98
17.5063,00:02,35,-76
17.5559,00:03,35,-95
17.6054,00:04,35,-98
18.0056,00:02,36,-77
18.0563,00:03,36,-94
18.1068,00:04,36,-98
18.5062,00:02,37,-77
18.5575,00:03,37,-94
18.6064,00:04,37,-98
19.0048,00:02,38,-77
19.0563,00:03,38,-94
19.1051,00:04,38,-98
19.5051,00:02,39,-78
19.5569,00:03,39,-94
19.6049,00:04,39,-98
20.0061,00:02,40,-78
20.0567,00:03,40,-94
20.1052,00:04,40,-98
20.5064,00:02,41,-79
20.555,00:03,41,-94
20.6055,00:04,41,-98
21.0065,00:02,42,-79
21.0567,00:03,42,-94
21.1066,00:04,42,-98
21.5058,00:02,43,-80
21.556,00:03,43,-94
21.6047,00:04,43,-98
22.0057,00:02,44,-80
22.0576,00:03,44,-93
22.1058,00:04,44,-98
22.5062,00:02,45,-80
22.5571,00:03,45,-93
22.6044,00:04,45,-98
23.0041,00:02,46,-81
23.0568,00:03,46,-93
23.1065,00:04,46,-98
23.5061,00:02,47,-81
23.5562,00:03,47,-93
23.6065,00:04,47,-98
24.0057,00:02,48,-81
24.0564,00:03,48,-93
24.1059,00:04,48,-98
24.5039,00:02,49,-82
24.5567,00:03,49,-93
24.6064,00:04,49,-98
25.0038,00:02,50,-82
25.0558,00:03,50,-93
25.105,00:04,50,-98
25.5055,00:02,51,-82
25.5571,00:03,51,-93
25.606,00:04,51,-98
26.0048,00:02,52,-83
26.0578,00:03,52,-92
26.1054,00:04,52,-98
26.5064,00:02,53,-83
26.5556,00:03,53,-92
26.6052,00:04,53,-97
27.0074,00:02,54,-83
27.0558,00:03,54,-92
27.1061,00:04,54,-97
27.5058,00:02,55,-84
27.5563,00:03,55,-92
27.6048,00:04,55,-97
28.0065,00:02,56,-84
28.0567,00:03,56,-92
28.1047,00:04,56,-97
28.5047,00:02,57,-84
28.5568,00:03,57,-92
28.6052,00:04,57,-97
29.0061,00:02,58,-85
29.0561,00:03,58,-92
29.1049,00:04,58,-97
29.5062,00:02,59,-85
29.5568,00:03,59,-91
29.6062,00:04,59,-97
30.0069,00:02,60,-85
30.0561,00:03,60,-91
30.1047,00:04,60,-97
30.5055,00:02,61,-85
30.5576,00:03,61,-91
30.6052,00:04,61,-97
31.0047,00:02,62,-86
31.0571,00:03,62,-91
31.1055,00:04,62,-97
31.5056,00:02,63,-86
31.5551,00:03,63,-91
31.6059,00:04,63,-97
32.0044,00:02,64,-86
32.0558,00:03,64,-91
32.1064,00:04,64,-97
32.5078,00:02,65,-87
32.557,00:03,65,-91
32.6055,00:04,65,-97
33.0051,00:02,66,-87
33.0572,00:03,66,-90
33.1048,00:04,66,-97
33.5062,00:02,67,-87
33.5565,00:03,67,-90
33.605,00:04,67,-97
34.0057,00:02,68,-87
34.0565,00:03,68,-90
34.106,00:04,68,-97
34.5059,00:02,69,-88
34.5561,00:03,69,-90
34.605,00:04,69,-97
35.0056,00:02,70,-88
35.0557,00:03,70,-90
35.106,00:04,70,-97
35.5076,00:02,71,-88
35.5553,00:03,71,-90
35.6063,00:04,71,-97
36.0061,00:02,72,-88
36.0571,00:03,72,-89
36.1044,00:04,72,-97
36.5047,00:02,73,-89
36.5562,00:03,73,-89
36.6046,00:04,73,-97
37.0058,00:02,74,-89
37.0567,00:03,74,-89
37.104,00:04,74,-97
37.5062,00:02,75,-89
37.5553,00:03,75,-89
37.6048,00:04,75,-97
38.0038,00:02,76,-89
38.0571,00:03,76,-89
38.1042,00:04,76,-97
38.5067,00:02,77,-89
38.5556,00:03,77,-89
38.6072,00:04,77,-97
39.0078,00:02,78,-90
39.0548,00:03,78,-88
39.1064,00:04,78,-97
39.5067,00:02,79,-90
39.5564,00:03,79,-88
39.6056,00:04,79,-97
40.0072,00:02,80,-90
40.0555,00:03,80,-88
40.1049,00:04,80,-97
40.5069,00:02,81,-90
40.5574,00:03,81,-88
40.6057,00:04,81,-97
41.0058,00:02,82,-91
41.0546,00:03,82,-88
41.104,00:04,82,-97
41.5068,00:02,83,-91
41.5572,00:03,83,-88
41.6056,00:04,83,-97
42.0051,00:02,84,-91
42.0554,00:03,84,-87
42.1038,00:04,84,-97
42.507,00:02,85,-91
42.5565,00:03,85,-87
42.6065,00:04,85,-97
43.0047,00:02,86,-91
43.0559,00:03,86,-87
43.105,00:04,86,-97
43.507,00:02,87,-92
43.5586,00:03,87,-87
43.6053,00:04,87,-97
44.0045,00:02,88,-92
44.0553,00:03,88,-87
44.1065,00:04,88,-97
44.5041,00:02,89,-92
44.5563,00:03,89,-86
44.6046,00:04,89,-97
45.0048,00:02,90,-92
45.0557,00:03,90,-86
45.104,00:04,90,-97
45.5065,00:02,91,-92
45.5571,00:03,91,-86
45.6063,00:04,91,-97
46.0065,00:02,92,-93
46.0573,00:03,92,-86
46.1058,00:04,92,-97
46.5054,00:02,93,-93
46.5545,00:03,93,-86
46.6054,00:04,93,-97
47.0074,00:02,94,-93
47.0551,00:03,94,-86
47.1037,00:04,94,-97
47.5052,00:02,95,-93
47.5545,00:03,95,-85
47.6048,00:04,95,-97
48.0051,00:02,96,-93
48.0559,00:03,96,-85
48.1054,00:04,96,-97
48.5047,00:02,97,-93
48.5546,00:03,97,-85
48.6071,00:04,97,-97
49.0044,00:02,98,-94
49.0572,00:03,98,-85
49.106,00:04,98,-97
49.5062,00:02,99,-94
49.5573,00:03,99,-84
49.6051,00:04,99,-97
50.0074,00:02,100,-94
50.0582,00:03,100,-84
50.1045,00:04,100,-97
50.5055,00:02,101,-94
50.5572,00:03,101,-84
50.6057,00:04,101,-97
51.0046,00:02,102,-94
51.0568,00:03,102,-84
51.106,00:04,102,-97
51.5037,00:02,103,-94
51.5545,00:03,103,-84
51.604,00:04,103,-97
52.0069,00:02,104,-95
52.0566,00:03,104,-83
52.1056,00:04,104,-97
52.5048,00:02,105,-95
52.5571,00:03,105,-83
52.6051,00:04,105,-97
53.0055,00:02,106,-95
53.0583,00:03,106,-83
53.1033,00:04,106,-97
53.5049,00:02,107,-95
53.5578,00:03,107,-83
53.6066,00:04,107,-97
54.0036,00:02,108,-95
54.0552,00:03,108,-82
54.1048,00:04,108,-97
54.5055,00:02,109,-95
54.5564,00:03,109,-82
54.6049,00:04,109,-97
55.0068,00:02,110,-96
55.0574,00:03,110,-82
55.1051,00:04,110,-97
55.5052,00:02,111,-96
55.5555,00:03,111,-82
55.6044,00:04,111,-97
56.0063,00:02,112,-96
56.0567,00:03,112,-81
56.1063,00:04,112,-97
56.5052,00:02,113,-96
56.5549,00:03,113,-81
56.6049,00:04,113,-97
57.0056,00:02,114,-96
57.0561,00:03,114,-81
57.104,00:04,114,-97
57.5058,00:02,115,-96
57.5553,00:03,115,-81
57.6055,00:04,115,-97
58.004,00:02,116,-97
58.0564,00:03,116,-80
58.1052,00:04,116,-97
58.5039,00:02,117,-97
58.5549,00:03,117,-80
58.6055,00:04,117,-97
59.0062,00:02,118,-97
59.0567,00:03,118,-80
59.1049,00:04,118,-97
59.5063,00:02,119,-97
59.556,00:03,119,-80
59.6052,00:04,119,-97
60.0038,00:02,120,-97
60.0565,00:03,120,-79
60.1049,00:04,120,-97
60.5039,00:02,121,-97
60.5564,00:03,121,-79
60.6057,00:04,121,-97
61.0056,00:02,122,-97
61.0574,00:03,122,-79
61.1055,00:04,122,-97
61.5054,00:02,123,-98
61.556,00:03,123,-78
61.6043,00:04,123,-97
62.0064,00:02,124,-98
62.0562,00:03,124,-78
62.1043,00:04,124,-97
62.5043,00:02,125,-98
62.5566,00:03,125,-78
62.6043,00:04,125,-97
63.0048,00:02,126,-98
63.0571,00:03,126,-78
63.105,00:04,126,-97
63.5044,00:02,127,-98
63.5575,00:03,127,-77
63.6062,00:04,127,-98
64.0051,00:02,128,-98
64.0549,00:03,128,-77
64.104,00:04,128,-98
64.506,00:02,129,-98
64.5562,00:03,129,-77
64.6049,00:04,129,-98
65.0063,00:02,130,-98
65.0562,00:03,130,-76
65.1059,00:04,130,-98
65.5054,00:02,131,-99
65.5573,00:03,131,-76
65.603,00:04,131,-98
66.0043,00:02,132,-99
66.057,00:03,132,-76
66.106,00:04,132,-98
66.5051,00:02,133,-99
66.5561,00:03,133,-75
66.6043,00:04,133,-98
67.007,00:02,134,-99
67.0569,00:03,134,-75
67.1042,00:04,134,-98
67.5045,00:02,135,-99
67.5565,00:03,135,-74
67.6063,00:04,135,-98
68.0067,00:02,136,-99
68.0575,00:03,136,-74
68.1043,00:04,136,-98
68.5075,00:02,137,-99
68.558,00:03,137,-74
68.6039,00:04,137,-98
69.0048,00:02,138,-100
69.0546,00:03,138,-73
69.1049,00:04,138,-98
69.5045,00:02,139,-100
69.5554,00:03,139,-73
69.606,00:04,139,-98
70.0051,00:02,140,-100
70.0569,00:03,140,-72
70.104,00:04,140,-98
70.5041,00:02,141,-100
70.5563,00:03,141,-72
70.6053,00:04,141,-98
71.0068,00:02,142,-100
71.0571,00:03,142,-72
71.105,00:04,142,-98
71.5051,00:02,143,-100
71.5557,00:03,143,-71
71.6057,00:04,143,-98
72.0069,00:02,144,-100
72.0569,00:03,144,-71
72.1061,00:04,144,-98
72.5054,00:02,145,-100
72.5562,00:03,145,-70
72.6061,00:04,145,-98
73.0063,00:02,146,-100
73.0569,00:03,146,-70
73.1046,00:04,146,-98
73.5067,00:02,147,-101
73.5565,00:03,147,-70
73.6035,00:04,147,-98
74.0052,00:02,148,-101
74.0555,00:03,148,-69
74.1039,00:04,148,-98
74.5066,00:02,149,-101
74.5584,00:03,149,-69
74.6049,00:04,149,-98
75.006,00:02,150,-101
75.0579,00:03,150,-69
75.1039,00:04,150,-98
75.5056,00:02,151,-101
75.5559,00:03,151,-69
75.604,00:04,151,-98
76.0068,00:02,152,-101
76.0552,00:03,152,-68
76.1025,00:04,152,-98
76.5063,00:02,153,-101
76.5568,00:03,153,-68
76.6046,00:04,153,-98
77.0046,00:02,154,-101
77.0564,00:03,154,-68
77.1035,00:04,154,-98
77.5044,00:02,155,-102
77.557,00:03,155,-67
77.6037,00:04,155,-98
78.005,00:02,156,-102
78.0554,00:03,156,-67
78.1038,00:04,156,-98
78.506,00:02,157,-102
78.5558,00:03,157,-66
78.6042,00:04,157,-98
79.0053,00:02,158,-102
79.0577,00:03,158,-66
79.1045,00:04,158,-98
79.5052,00:02,159,-102
79.556,00:03,159,-66
79.6041,00:04,159,-98
80.0066,00:02,160,-102
80.0561,00:03,160,-65
80.1033,00:04,160,-98
80.5057,00:02,161,-102
80.5559,00:03,161,-65
80.603,00:04,161,-98
81.0063,00:02,162,-102
81.0562,00:03,162,-64
81.1046,00:04,162,-98
81.5052,00:02,163,-102
81.5575,00:03,163,-64
81.6036,00:04,163,-99
82.0058,00:02,164,-103
82.0554,00:03,164,-63
82.1046,00:04,164,-99
82.5051,00:02,165,-103
82.5558,00:03,165,-63
82.6042,00:04,165,-99
83.0038,00:02,166,-103
83.0567,00:03,166,-62
83.106,00:04,166,-99
83.5067,00:02,167,-103
83.5569,00:03,167,-62
83.6046,00:04,167,-99
84.0043,00:02,168,-103
84.0578,00:03,168,-61
84.1029,00:04,168,-99
84.5062,00:02,169,-103
84.5564,00:03,169,-61
84.6036,00:04,169,-99
85.0069,00:02,170,-103
85.0573,00:03,170,-60
85.1055,00:04,170,-99
85.5054,00:02,171,-103
85.5554,00:03,171,-59
85.605,00:04,171,-99
86.006,00:02,172,-103
86.0569,00:03,172,-59
86.1056,00:04,172,-99
86.5045,00:02,173,-103
86.557,00:03,173,-58
86.6059,00:04,173,-99
87.0055,00:02,174,-104
87.058,00:03,174,-57
87.1049,00:04,174,-99
87.5062,00:02,175,-104
87.5562,00:03,175,-57
87.6043,00:04,175,-99
88.0063,00:02,176,-104
88.0553,00:03,176,-56
88.104,00:04,176,-99
88.5064,00:02,177,-104
88.5565,00:03,177,-56
88.6057,00:04,177,-99
89.004,00:02,178,-104
89.0554,00:03,178,-55
89.1037,00:04,178,-99
89.506,00:02,179,-104
89.5574,00:03,179,-55
89.6045,00:04,179,-99
90.0061,00:02,180,-104
90.0565,00:03,180,-55
90.1041,00:04,180,-99
90.5042,00:02,181,-104
90.5585,00:03,181,-56
90.6058,00:04,181,-99
91.0064,00:02,182,-104
91.0561,00:03,182,-57
91.1033,00:04,182,-99
91.5072,00:02,183,-104
91.5562,00:03,183,-58
91.6045,00:04,183,-99
92.0048,00:02,184,-104
92.0562,00:03,184,-59
92.1032,00:04,184,-99
92.5054,00:02,185,-104
92.555,00:03,185,-60
92.6027,00:04,185,-99
93.0058,00:02,186,-104
93.0575,00:03,186,-60
93.1038,00:04,186,-99
93.5042,00:02,187,-104
93.5561,00:03,187,-61
93.6026,00:04,187,-99
94.0059,00:02,188,-104
94.0581,00:03,188,-62
94.1033,00:04,188,-99
94.5053,00:02,189,-104
94.5568,00:03,189,-62
94.6036,00:04,189,-98
95.0072,00:02,190,-104
95.0569,00:03,190,-63
95.1057,00:04,190,-98
95.5061,00:02,191,-104
95.5564,00:03,191,-63
95.6047,00:04,191,-98
96.0055,00:02,192,-104
96.0582,00:03,192,-63
96.1028,00:04,192,-98
96.5051,00:02,193,-104
96.555,00:03,193,-63
96.6049,00:04,193,-98
97.007,00:02,194,-104
97.0579,00:03,194,-63
97.1034,00:04,194,-98
97.5059,00:02,195,-104
97.5568,00:03,195,-63
97.6039,00:04,195,-98
98.0049,00:02,196,-104
98.0558,00:03,196,-63
98.1056,00:04,196,-98
98.5045,00:02,197,-104
98.5566,00:03,197,-63
98.6039,00:04,197,-98
99.0061,00:02,198,-104
99.0557,00:03,198,-63
99.1041,00:04,198,-98
99.5038,00:02,199,-104
99.5551,00:03,199,-64
99.6033,00:04,199,-98
100.004,00:02,200,-103
100.058,00:03,200,-64
100.105,00:04,200,-98
100.504,00:02,201,-103
100.558,00:03,201,-64
100.604,00:04,201,-98
101.005,00:02,202,-103
101.058,00:03,202,-64
101.103,00:04,202,-98
101.507,00:02,203,-103
101.556,00:03,203,-65
101.604,00:04,203,-98
102.005,00:02,204,-103
102.057,00:03,204,-65
102.104,00:04,204,-98
102.506,00:02,205,-103
102.558,00:03,205,-65
102.602,00:04,205,-98
103.005,00:02,206,-103
103.058,00:03,206,-65
103.103,00:04,206,-98
103.506,00:02,207,-103
103.557,00:03,207,-66
103.605,00:04,207,-98
104.007,00:02,208,-103
104.057,00:03,208,-66
104.104,00:04,208,-98
104.505,00:02,209,-102
104.556,00:03,209,-66
104.604,00:04,209,-98
105.006,00:02,210,-102
105.058,00:03,210,-67
105.103,00:04,210,-98
105.505,00:02,211,-102
105.556,00:03,211,-67
105.603,00:04,211,-98
106.007,00:02,212,-102
106.058,00:03,212,-67
106.104,00:04,212,-98
106.506,00:02,213,-102
106.559,00:03,213,-67
106.603,00:04,213,-97
107.005,00:02,214,-102
107.056,00:03,214,-68
107.103,00:04,214,-97
107.505,00:02,215,-102
107.556,00:03,215,-68
107.605,00:04,215,-97
108.005,00:02,216,-102
108.057,00:03,216,-68
108.102,00:04,216,-97
108.504,00:02,217,-102
108.559,00:03,217,-69
108.605,00:04,217,-97
109.005,00:02,218,-102
109.058,00:03,218,-69
109.104,00:04,218,-97
109.506,00:02,219,-101
109.556,00:03,219,-69
109.603,00:04,219,-97
110.004,00:02,220,-101
110.058,00:03,220,-69
110.104,00:04,220,-97
110.504,00:02,221,-101
110.556,00:03,221,-70
110.605,00:04,221,-97
111.005,00:02,222,-101
111.058,00:03,222,-70
111.104,00:04,222,-97
111.506,00:02,223,-101
111.556,00:03,223,-70
111.603,00:04,223,-97
112.006,00:02,224,-101
112.056,00:03,224,-70
112.103,00:04,224,-97
112.503,00:02,225,-101
112.557,00:03,225,-71
112.605,00:04,225,-97
113.006,00:02,226,-101
113.057,00:03,226,-71
113.103,00:04,226,-97
113.506,00:02,227,-100
113.557,00:03,227,-72
113.604,00:04,227,-97
114.005,00:02,228,-100
114.057,00:03,228,-72
114.102,00:04,228,-97
114.507,00:02,229,-100
114.558,00:03,229,-72
114.605,00:04,229,-97
115.004,00:02,230,-100
115.057,00:03,230,-73
115.103,00:04,230,-97
115.504,00:02,231,-100
115.556,00:03,231,-73
115.603,00:04,231,-97
116.004,00:02,232,-100
116.056,00:03,232,-74
116.104,00:04,232,-97
116.505,00:02,233,-100
116.557,00:03,233,-74
116.602,00:04,233,-97
117.005,00:02,234,-100
117.056,00:03,234,-74
117.105,00:04,234,-97
117.506,00:02,235,-99
117.559,00:03,235,-75
117.603,00:04,235,-97
118.006,00:02,236,-99
118.057,00:03,236,-75
118.103,00:04,236,-97
118.505,00:02,237,-99
118.557,00:03,237,-75
118.603,00:04,237,-97
119.006,00:02,238,-99
119.057,00:03,238,-76
119.104,00:04,238,-97
119.506,00:02,239,-99
119.555,00:03,239,-76
119.603,00:04,239,-97
120.004,00:02,240,-99
120.058,00:03,240,-76
120.105,00:04,240,-97
120.506,00:02,241,-99
120.557,00:03,241,-77
120.604,00:04,241,-97
121.008,00:02,242,-99
121.056,00:03,242,-77
121.103,00:04,242,-97
121.506,00:02,243,-98
121.555,00:03,243,-77
121.605,00:04,243,-97
122.006,00:02,244,-98
122.055,00:03,244,-78
122.104,00:04,244,-97
122.504,00:02,245,-98
122.558,00:03,245,-78
122.604,00:04,245,-97
123.004,00:02,246,-98
123.057,00:03,246,-78
123.102,00:04,246,-96
123.505,00:02,247,-98
123.558,00:03,247,-79
123.605,00:04,247,-96
124.006,00:02,248,-98
124.055,00:03,248,-79
124.104,00:04,248,-96
124.505,00:02,249,-98
124.556,00:03,249,-79
124.604,00:04,249,-96
125.005,00:02,250,-98
125.057,00:03,250,-79
125.103,00:04,250,-96
125.504,00:02,251,-97
125.557,00:03,251,-80
125.604,00:04,251,-96
126.005,00:02,252,-97
126.058,00:03,252,-80
126.104,00:04,252,-96
126.505,00:02,253,-97
126.555,00:03,253,-80
126.603,00:04,253,-96
127.004,00:02,254,-97
127.055,00:03,254,-80
127.103,00:04,254,-96
127.505,00:02,255,-97
127.557,00:03,255,-81
127.603,00:04,255,-96
128.005,00:02,256,-97
128.056,00:03,256,-81
128.103,00:04,256,-96
128.506,00:02,257,-97
128.558,00:03,257,-81
128.604,00:04,257,-96
129.007,00:02,258,-96
129.057,00:03,258,-81
129.105,00:04,258,-96
129.505,00:02,259,-96
129.556,00:03,259,-82
129.602,00:04,259,-96
130.005,00:02,260,-96
130.058,00:03,260,-82
130.102,00:04,260,-96
130.507,00:02,261,-96
130.557,00:03,261,-82
130.604,00:04,261,-96
131.006,00:02,262,-96
131.056,00:03,262,-82
131.104,00:04,262,-96
131.506,00:02,263,-96
131.556,00:03,263,-83
131.603,00:04,263,-96
132.007,00:02,264,-95
132.058,00:03,264,-83
132.105,00:04,264,-96
132.507,00:02,265,-95
132.558,00:03,265,-83
132.603,00:04,265,-96
133.005,00:02,266,-102
133.057,00:03,266,-90
133.104,00:04,266,-103
133.505,00:02,267,-102
133.558,00:03,267,-91
133.604,00:04,267,-103
134.007,00:02,268,-102
134.056,00:03,268,-91
134.104,00:04,268,-103
134.505,00:02,269,-102
134.558,00:03,269,-91
134.603,00:04,269,-103
135.006,00:02,270,-101
135.057,00:03,270,-91
135.103,00:04,270,-103
135.505,00:02,271,-101
135.557,00:03,271,-91
135.601,00:04,271,-103
136.007,00:02,272,-101
136.059,00:03,272,-92
136.103,00:04,272,-103
136.505,00:02,273,-101
136.557,00:03,273,-92
136.603,00:04,273,-103
137.007,00:02,274,-101
137.056,00:03,274,-92
137.101,00:04,274,-103
137.507,00:02,275,-101
137.558,00:03,275,-92
137.603,00:04,275,-103
138.005,00:02,276,-100
138.056,00:03,276,-92
138.103,00:04,276,-103
138.505,00:02,277,-100
138.556,00:03,277,-93
138.604,00:04,277,-103
139.004,00:02,278,-100
139.058,00:03,278,-93
139.103,00:04,278,-103
139.504,00:02,279,-100
139.556,00:03,279,-93
139.605,00:04,279,-103
140.006,00:02,280,-100
140.057,00:03,280,-93
140.102,00:04,280,-103
140.507,00:02,281,-100
140.558,00:03,281,-93
140.603,00:04,281,-103
141.004,00:02,282,-99
141.057,00:03,282,-94
141.102,00:04,282,-103
141.506,00:02,283,-99
141.559,00:03,283,-94
141.603,00:04,283,-103
142.005,00:02,284,-99
142.058,00:03,284,-94
142.103,00:04,284,-103
142.506,00:02,285,-99
142.556,00:03,285,-94
142.602,00:04,285,-103
143.006,00:02,286,-99
143.058,00:03,286,-94
143.104,00:04,286,-103
143.506,00:02,287,-98
143.557,00:03,287,-94
143.603,00:04,287,-103
144.006,00:02,288,-98
144.057,00:03,288,-95
144.103,00:04,288,-103
144.506,00:02,289,-98
144.558,00:03,289,-95
144.602,00:04,289,-103
145.006,00:02,290,-98
145.057,00:03,290,-95
145.104,00:04,290,-103
145.506,00:02,291,-98
145.555,00:03,291,-95
145.603,00:04,291,-103
146.005,00:02,292,-97
146.058,00:03,292,-95
146.105,00:04,292,-103
146.507,00:02,293,-97
146.556,00:03,293,-96
146.603,00:04,293,-103
147.004,00:02,294,-97
147.057,00:03,294,-96
147.102,00:04,294,-103
147.508,00:02,295,-97
147.557,00:03,295,-96
147.602,00:04,295,-103
148.004,00:02,296,-97
148.056,00:03,296,-96
148.103,00:04,296,-103
148.504,00:02,297,-96
148.558,00:03,297,-96
148.603,00:04,297,-103
149.006,00:02,298,-89
149.057,00:03,298,-89
149.102,00:04,298,-96
149.505,00:02,299,-89
149.558,00:03,299,-90
149.603,00:04,299,-96
150.007,00:02,300,-89
150.057,00:03,300,-90
150.103,00:04,300,-96
150.504,00:02,301,-88
150.555,00:03,301,-90
150.603,00:04,301,-96
151.005,00:02,302,-88
151.057,00:03,302,-90
151.104,00:04,302,-96
151.505,00:02,303,-88
151.556,00:03,303,-90
151.602,00:04,303,-96
152.005,00:02,304,-88
152.056,00:03,304,-90
152.103,00:04,304,-96
152.507,00:02,305,-87
152.557,00:03,305,-90
152.604,00:04,305,-96
153.006,00:02,306,-87
153.057,00:03,306,-91
153.103,00:04,306,-96
153.505,00:02,307,-87
153.557,00:03,307,-91
153.604,00:04,307,-96
154.006,00:02,308,-87
154.058,00:03,308,-91
154.103,00:04,308,-96
154.504,00:02,309,-86
154.558,00:03,309,-91
154.603,00:04,309,-96
155.004,00:02,310,-86
155.057,00:03,310,-91
155.102,00:04,310,-96
155.505,00:02,311,-86
155.557,00:03,311,-91
155.602,00:04,311,-96
156.005,00:02,312,-86
156.058,00:03,312,-91
156.104,00:04,312,-96
156.506,00:02,313,-85
156.557,00:03,313,-92
156.602,00:04,313,-96
157.005,00:02,314,-85
157.056,00:03,314,-92
157.103,00:04,314,-96
157.505,00:02,315,-85
157.555,00:03,315,-92
157.602,00:04,315,-96
158.005,00:02,316,-85
158.056,00:03,316,-92
158.104,00:04,316,-96
158.506,00:02,317,-84
158.557,00:03,317,-92
158.602,00:04,317,-96
159.004,00:02,318,-84
159.057,00:03,318,-92
159.101,00:04,318,-97
159.506,00:02,319,-84
159.557,00:03,319,-92
159.603,00:04,319,-97
160.005,00:02,320,-83
160.056,00:03,320,-93
160.102,00:04,320,-97
160.505,00:02,321,-83
160.556,00:03,321,-93
160.604,00:04,321,-97
161.005,00:02,322,-83
161.056,00:03,322,-93
161.102,00:04,322,-97
161.505,00:02,323,-82
161.555,00:03,323,-93
161.603,00:04,323,-97
162.006,00:02,324,-82
162.056,00:03,324,-93
162.102,00:04,324,-97
162.506,00:02,325,-82
162.556,00:03,325,-93
162.604,00:04,325,-97
163.007,00:02,326,-81
163.058,00:03,326,-93
163.105,00:04,326,-97
163.506,00:02,327,-81
163.557,00:03,327,-93
163.602,00:04,327,-97
164.006,00:02,328,-81
164.057,00:03,328,-94
164.103,00:04,328,-97
164.504,00:02,329,-80
164.558,00:03,329,-94
164.604,00:04,329,-97
165.007,00:02,330,-80
165.056,00:03,330,-94
165.102,00:04,330,-97
165.505,00:02,331,-80
165.559,00:03,331,-94
165.602,00:04,331,-97
166.005,00:02,332,-79
166.057,00:03,332,-94
166.104,00:04,332,-97
166.505,00:02,333,-79
166.558,00:03,333,-94
166.601,00:04,333,-97
167.006,00:02,334,-79
167.057,00:03,334,-94
167.101,00:04,334,-97
167.505,00:02,335,-78
167.557,00:03,335,-94
167.602,00:04,335,-97
168.005,00:02,336,-78
168.058,00:03,336,-95
168.102,00:04,336,-97
168.507,00:02,337,-77
168.556,00:03,337,-95
168.601,00:04,337,-97
169.004,00:02,338,-77
169.055,00:03,338,-95
169.101,00:04,338,-97
169.504,00:02,339,-77
169.558,00:03,339,-95
169.601,00:04,339,-97
170.005,00:02,340,-76
170.057,00:03,340,-95
170.102,00:04,340,-97
170.505,00:02,341,-76
170.558,00:03,341,-95
170.602,00:04,341,-97
171.005,00:02,342,-76
171.059,00:03,342,-95
171.102,00:04,342,-97
171.507,00:02,343,-75
171.557,00:03,343,-95
171.603,00:04,343,-97
172.005,00:02,344,-75
172.056,00:03,344,-95
172.104,00:04,344,-97
172.505,00:02,345,-75
172.557,00:03,345,-96
172.604,00:04,345,-97
173.004,00:02,346,-75
173.057,00:03,346,-96
173.102,00:04,346,-97
173.504,00:02,347,-74
173.557,00:03,347,-96
173.601,00:04,347,-97
174.007,00:02,348,-74
174.056,00:03,348,-96
174.102,00:04,348,-97
174.506,00:02,349,-74
174.558,00:03,349,-96
174.602,00:04,349,-97
175.007,00:02,350,-74
175.057,00:03,350,-96
175.103,00:04,350,-97
175.505,00:02,351,-73
175.556,00:03,351,-96
175.603,00:04,351,-98
176.005,00:02,352,-73
176.055,00:03,352,-96
176.102,00:04,352,-98
176.505,00:02,353,-73
176.557,00:03,353,-96
176.602,00:04,353,-98
177.006,00:02,354,-72
177.059,00:03,354,-97
177.101,00:04,354,-98
177.505,00:02,355,-72
177.558,00:03,355,-97
177.603,00:04,355,-98
178.005,00:02,356,-72
178.056,00:03,356,-97
178.102,00:04,356,-98
178.505,00:02,357,-72
178.556,00:03,357,-97
178.602,00:04,357,-98
179.005,00:02,358,-71
179.059,00:03,358,-97
179.104,00:04,358,-98
179.503,00:02,359,-71
179.557,00:03,359,-97
179.602,00:04,359,-98
180.006,00:02,360,-71
180.056,00:03,360,-97
180.103,00:04,360,-98
180.506,00:02,361,-70
180.556,00:03,361,-97
180.603,00:04,361,-98
181.005,00:02,362,-70
181.058,00:03,362,-97
181.104,00:04,362,-98
181.507,00:02,363,-70
181.558,00:03,363,-98
181.602,00:04,363,-98
182.006,00:02,364,-70
182.059,00:03,364,-98
182.103,00:04,364,-98
182.507,00:02,365,-69
182.556,00:03,365,-98
182.604,00:04,365,-98
183.004,00:02,366,-69
183.057,00:03,366,-98
183.104,00:04,366,-98
183.505,00:02,367,-69
183.556,00:03,367,-98
183.602,00:04,367,-98
184.006,00:02,368,-69
184.057,00:03,368,-98
184.101,00:04,368,-98
184.505,00:02,369,-69
184.556,00:03,369,-98
184.603,00:04,369,-98
185.006,00:02,370,-69
185.056,00:03,370,-98
185.101,00:04,370,-98
185.506,00:02,371,-69
185.557,00:03,371,-98
185.603,00:04,371,-98
186.007,00:02,372,-69
186.056,00:03,372,-98
186.102,00:04,372,-98
186.507,00:02,373,-69
186.559,00:03,373,-98
186.603,00:04,373,-98
187.004,00:02,374,-70
187.055,00:03,374,-98
187.101,00:04,374,-98
187.505,00:02,375,-70
187.556,00:03,375,-98
187.603,00:04,375,-98
188.005,00:02,376,-71
188.057,00:03,376,-98
188.102,00:04,376,-98
188.505,00:02,377,-71
188.557,00:03,377,-98
188.602,00:04,377,-98
189.005,00:02,378,-72
189.056,00:03,378,-98
189.103,00:04,378,-98
189.506,00:02,379,-72
189.556,00:03,379,-98
189.603,00:04,379,-98
190.007,00:02,380,-72
190.056,00:03,380,-98
190.101,00:04,380,-98
190.506,00:02,381,-73
190.558,00:03,381,-98
190.603,00:04,381,-98
191.005,00:02,382,-73
191.056,00:03,382,-98
191.102,00:04,382,-98
191.505,00:02,383,-73
191.557,00:03,383,-98
191.602,00:04,383,-98
192.005,00:02,384,-73
192.059,00:03,384,-98
192.102,00:04,384,-98
192.503,00:02,385,-73
192.557,00:03,385,-98
192.602,00:04,385,-97
193.006,00:02,386,-73
193.057,00:03,386,-98
193.102,00:04,386,-97
193.507,00:02,387,-73
193.557,00:03,387,-98
193.603,00:04,387,-97
194.007,00:02,388,-73
194.058,00:03,388,-98
194.103,00:04,388,-97
194.504,00:02,389,-73
194.556,00:03,389,-98
194.603,00:04,389,-97
195.003,00:02,390,-73
195.057,00:03,390,-98
195.103,00:04,390,-97
195.504,00:02,391,-73
195.559,00:03,391,-98
195.602,00:04,391,-97
196.005,00:02,392,-74
196.058,00:03,392,-98
196.102,00:04,392,-97
196.504,00:02,393,-74
196.557,00:03,393,-98
196.601,00:04,393,-97
197.004,00:02,394,-74
197.058,00:03,394,-98
197.101,00:04,394,-97
197.505,00:02,395,-74
197.557,00:03,395,-97
197.603,00:04,395,-97
198.005,00:02,396,-74
198.057,00:03,396,-97
198.102,00:04,396,-97
198.505,00:02,397,-74
198.557,00:03,397,-97
198.601,00:04,397,-97
199.004,00:02,398,-74
199.058,00:03,398,-97
199.102,00:04,398,-97
199.505,00:02,399,-74
199.558,00:03,399,-97
199.603,00:04,399,-97
200.005,00:02,400,-75
200.056,00:03,400,-97
200.101,00:04,400,-97
200.507,00:02,401,-75
200.556,00:03,401,-97
200.602,00:04,401,-97
201.007,00:02,402,-75
201.056,00:03,402,-97
201.101,00:04,402,-97
201.504,00:02,403,-75
201.556,00:03,403,-97
201.603,00:04,403,-97
202.003,00:02,404,-75
202.058,00:03,404,-96
202.104,00:04,404,-97
202.506,00:02,405,-76
202.558,00:03,405,-96
202.601,00:04,405,-97
203.005,00:02,406,-76
203.057,00:03,406,-96
203.102,00:04,406,-97
203.507,00:02,407,-76
203.558,00:03,407,-96
203.601,00:04,407,-96
204.006,00:02,408,-76
204.058,00:03,408,-96
204.102,00:04,408,-96
204.504,00:02,409,-76
204.558,00:03,409,-96
204.603,00:04,409,-96
205.004,00:02,410,-77
205.058,00:03,410,-96
205.1,00:04,410,-96
205.505,00:02,411,-77
205.558,00:03,411,-96
205.601,00:04,411,-96
206.005,00:02,412,-77
206.058,00:03,412,-96
206.102,00:04,412,-96
206.506,00:02,413,-78
206.559,00:03,413,-96
206.602,00:04,413,-96
207.007,00:02,414,-78
207.057,00:03,414,-95
207.102,00:04,414,-96
207.505,00:02,415,-78
207.556,00:03,415,-95
207.601,00:04,415,-96
208.006,00:02,416,-79
208.056,00:03,416,-95
208.102,00:04,416,-96
208.506,00:02,417,-79
208.557,00:03,417,-95
208.602,00:04,417,-96
209.003,00:02,418,-79
209.057,00:03,418,-95
209.103,00:04,418,-96
209.503,00:02,419,-80
209.557,00:03,419,-95
209.602,00:04,419,-96
210.004,00:02,420,-80
210.057,00:03,420,-95
210.101,00:04,420,-96
210.504,00:02,421,-80
210.558,00:03,421,-95
210.603,00:04,421,-96
211.004,00:02,422,-81
211.059,00:03,422,-94
211.101,00:04,422,-96
211.507,00:02,423,-81
211.557,00:03,423,-94
211.601,00:04,423,-96
212.005,00:02,424,-81
212.056,00:03,424,-94
212.101,00:04,424,-96
212.504,00:02,425,-81
212.558,00:03,425,-94
212.601,00:04,425,-96
213.005,00:02,426,-82
213.058,00:03,426,-94
213.104,00:04,426,-96
213.506,00:02,427,-82
213.556,00:03,427,-94
213.602,00:04,427,-96
214.007,00:02,428,-82
214.057,00:03,428,-94
214.102,00:04,428,-96
214.504,00:02,429,-83
214.557,00:03,429,-94
214.601,00:04,429,-96
215.006,00:02,430,-83
215.058,00:03,430,-93
215.1,00:04,430,-96
215.504,00:02,431,-83
215.557,00:03,431,-93
215.601,00:04,431,-96
216.004,00:02,432,-83
216.057,00:03,432,-93
216.103,00:04,432,-96
216.503,00:02,433,-84
216.559,00:03,433,-93
216.602,00:04,433,-96
217.004,00:02,434,-84
217.057,00:03,434,-93
217.103,00:04,434,-96
217.504,00:02,435,-84
217.557,00:03,435,-93
217.601,00:04,435,-96
218.007,00:02,436,-85
218.057,00:03,436,-93
218.102,00:04,436,-96
218.505,00:02,437,-85
218.558,00:03,437,-93
218.602,00:04,437,-95
219.005,00:02,438,-85
219.056,00:03,438,-92
219.102,00:04,438,-95
219.505,00:02,439,-85
219.558,00:03,439,-92
219.602,00:04,439,-95
220.004,00:02,440,-86
220.057,00:03,440,-92
220.1,00:04,440,-95
220.504,00:02,441,-86
220.559,00:03,441,-92
220.6,00:04,441,-95
221.006,00:02,442,-86
221.057,00:03,442,-92
221.102,00:04,442,-95
221.504,00:02,443,-86
221.558,00:03,443,-92
221.602,00:04,443,-95
222.005,00:02,444,-87
222.058,00:03,444,-92
222.103,00:04,444,-95
222.505,00:02,445,-87
222.556,00:03,445,-92
222.601,00:04,445,-95
223.004,00:02,446,-87
223.056,00:03,446,-91
223.103,00:04,446,-95
223.505,00:02,447,-87
223.558,00:03,447,-91
223.602,00:04,447,-95
224.005,00:02,448,-88
224.057,00:03,448,-91
224.101,00:04,448,-95
224.505,00:02,449,-88
224.557,00:03,449,-91
224.602,00:04,449,-95
225.006,00:02,450,-88
225.057,00:03,450,-91
225.101,00:04,450,-95
225.506,00:02,451,-88
225.557,00:03,451,-91
225.602,00:04,451,-95
226.005,00:02,452,-88
226.057,00:03,452,-91
226.1,00:04,452,-95
226.506,00:02,453,-89
226.559,00:03,453,-90
226.6,00:04,453,-95
227.005,00:02,454,-89
227.058,00:03,454,-90
227.102,00:04,454,-95
227.506,00:02,455,-89
227.559,00:03,455,-90
227.602,00:04,455,-95
228.006,00:02,456,-89
228.058,00:03,456,-90
228.102,00:04,456,-95
228.504,00:02,457,-90
228.557,00:03,457,-90
228.601,00:04,457,-95
229.006,00:02,458,-90
229.055,00:03,458,-90
229.101,00:04,458,-95
229.506,00:02,459,-90
229.556,00:03,459,-89
229.601,00:04,459,-95
230.005,00:02,460,-90
230.058,00:03,460,-89
230.101,00:04,460,-95
230.505,00:02,461,-90
230.558,00:03,461,-89
230.599,00:04,461,-95
231.006,00:02,462,-91
231.058,00:03,462,-89
231.102,00:04,462,-95
231.504,00:02,463,-91
231.557,00:03,463,-89
231.602,00:04,463,-95
232.006,00:02,464,-91
232.057,00:03,464,-89
232.1,00:04,464,-95
232.505,00:02,465,-91
232.559,00:03,465,-89
232.602,00:04,465,-95
233.006,00:02,466,-91
233.057,00:03,466,-88
233.102,00:04,466,-95
233.504,00:02,467,-92
233.558,00:03,467,-88
233.602,00:04,467,-95
234.006,00:02,468,-92
234.058,00:03,468,-88
234.102,00:04,468,-95
234.505,00:02,469,-92
234.557,00:03,469,-88
234.6,00:04,469,-95
235.004,00:02,470,-92
235.056,00:03,470,-88
235.103,00:04,470,-95
235.505,00:02,471,-92
235.557,00:03,471,-87
235.602,00:04,471,-95
236.006,00:02,472,-92
236.057,00:03,472,-87
236.1,00:04,472,-95
236.506,00:02,473,-93
236.557,00:03,473,-87
236.602,00:04,473,-95
237.003,00:02,474,-93
237.057,00:03,474,-87
237.1,00:04,474,-95
237.506,00:02,475,-93
237.558,00:03,475,-87
237.603,00:04,475,-95
238.007,00:02,476,-93
238.057,00:03,476,-87
238.103,00:04,476,-95
238.506,00:02,477,-93
238.558,00:03,477,-86
238.601,00:04,477,-95
239.006,00:02,478,-93
239.057,00:03,478,-86
239.102,00:04,478,-95
239.506,00:02,479,-94
239.559,00:03,479,-86
239.602,00:04,479,-95
240.005,00:02,480,-94
240.057,00:03,480,-86
240.101,00:04,480,-95
240.503,00:02,481,-94
240.559,00:03,481,-86
240.602,00:04,481,-95
241.004,00:02,482,-94
241.057,00:03,482,-85
241.102,00:04,482,-95
241.505,00:02,483,-94
241.557,00:03,483,-85
241.601,00:04,483,-95
242.005,00:02,484,-94
242.057,00:03,484,-85
242.101,00:04,484,-95
242.506,00:02,485,-95
242.559,00:03,485,-85
242.601,00:04,485,-95
243.006,00:02,486,-95
243.059,00:03,486,-85
243.101,00:04,486,-95
243.505,00:02,487,-95
243.556,00:03,487,-85
243.602,00:04,487,-95
244.006,00:02,488,-95
244.057,00:03,488,-84
244.102,00:04,488,-95
244.504,00:02,489,-95
244.558,00:03,489,-84
244.601,00:04,489,-95
245.006,00:02,490,-95
245.058,00:03,490,-84
245.101,00:04,490,-95
245.505,00:02,491,-96
245.558,00:03,491,-84
245.602,00:04,491,-95
246.006,00:02,492,-96
246.059,00:03,492,-83
246.101,00:04,492,-95
246.507,00:02,493,-96
246.558,00:03,493,-83
246.602,00:04,493,-95
247.005,00:02,494,-96
247.057,00:03,494,-83
247.102,00:04,494,-95
247.504,00:02,495,-96
247.556,00:03,495,-83
247.6,00:04,495,-95
248.006,00:02,496,-96
248.058,00:03,496,-83
248.101,00:04,496,-95
248.507,00:02,497,-96
248.556,00:03,497,-82
248.602,00:04,497,-95
249.005,00:02,498,-97
249.057,00:03,498,-82
249.102,00:04,498,-95
249.505,00:02,499,-97
249.559,00:03,499,-82
249.6,00:04,499,-95
250.005,00:02,500,-97
250.059,00:03,500,-82
250.102,00:04,500,-95
250.504,00:02,501,-97
250.558,00:03,501,-81
250.601,00:04,501,-95
251.005,00:02,502,-97
251.056,00:03,502,-81
251.102,00:04,502,-95
251.507,00:02,503,-97
251.556,00:03,503,-81
251.6,00:04,503,-95
252.006,00:02,504,-97
252.059,00:03,504,-81
252.1,00:04,504,-95
252.503,00:02,505,-98
252.558,00:03,505,-80
252.599,00:04,505,-95
253.005,00:02,506,-98
253.057,00:03,506,-80
253.102,00:04,506,-95
253.506,00:02,507,-98
253.556,00:03,507,-80
253.6,00:04,507,-95
254.004,00:02,508,-98
254.057,00:03,508,-80
254.101,00:04,508,-95
254.504,00:02,509,-98
254.557,00:03,509,-79
254.601,00:04,509,-95
255.006,00:02,510,-98
255.057,00:03,510,-79
255.101,00:04,510,-95
255.504,00:02,511,-98
255.557,00:03,511,-79
255.601,00:04,511,-95
256.004,00:02,512,-99
256.058,00:03,512,-79
256.101,00:04,512,-96
256.504,00:02,513,-99
256.558,00:03,513,-78
256.601,00:04,513,-96
257.006,00:02,514,-99
257.058,00:03,514,-78
257.1,00:04,514,-96
257.506,00:02,515,-99
257.558,00:03,515,-78
257.601,00:04,515,-96
258.006,00:02,516,-99
258.058,00:03,516,-78
258.101,00:04,516,-96
258.506,00:02,517,-99
258.557,00:03,517,-77
258.6,00:04,517,-96
259.005,00:02,518,-99
259.059,00:03,518,-77
259.1,00:04,518,-96
259.506,00:02,519,-99
259.559,00:03,519,-77
259.601,00:04,519,-96
260.004,00:02,520,-100
260.056,00:03,520,-76
260.1,00:04,520,-96
260.504,00:02,521,-100
260.556,00:03,521,-76
260.6,00:04,521,-96
261.006,00:02,522,-100
261.058,00:03,522,-76
261.101,00:04,522,-96
261.506,00:02,523,-100
261.558,00:03,523,-76
261.602,00:04,523,-96
262.004,00:02,524,-100
262.057,00:03,524,-75
262.099,00:04,524,-96
262.506,00:02,525,-100
262.559,00:03,525,-75
262.602,00:04,525,-96
263.005,00:02,526,-100
263.059,00:03,526,-75
263.101,00:04,526,-96
263.505,00:02,527,-100
263.557,00:03,527,-74
263.602,00:04,527,-96
264.004,00:02,528,-101
264.057,00:03,528,-74
264.1,00:04,528,-96
264.507,00:02,529,-101
264.559,00:03,529,-74
264.6,00:04,529,-96
265.004,00:02,530,-101
265.057,00:03,530,-73
265.1,00:04,530,-96
265.506,00:02,531,-101
265.558,00:03,531,-73
265.601,00:04,531,-96
266.005,00:02,532,-101
266.058,00:03,532,-73
266.1,00:04,532,-96
266.504,00:02,533,-101
266.558,00:03,533,-72
266.603,00:04,533,-96
267.005,00:02,534,-101
267.058,00:03,534,-72
267.101,00:04,534,-96
267.505,00:02,535,-101
267.559,00:03,535,-72
267.6,00:04,535,-96
268.004,00:02,536,-101
268.058,00:03,536,-71
268.101,00:04,536,-96
268.504,00:02,537,-102
268.556,00:03,537,-71
268.6,00:04,537,-96
269.005,00:02,538,-102
269.058,00:03,538,-71
269.101,00:04,538,-96
269.504,00:02,539,-102
269.558,00:03,539,-70
269.601,00:04,539,-96
270.006,00:02,540,-102
270.058,00:03,540,-70
270.102,00:04,540,-96
270.504,00:02,541,-102
270.558,00:03,541,-70
270.601,00:04,541,-97
271.004,00:02,542,-102
271.057,00:03,542,-70
271.101,00:04,542,-97
271.505,00:02,543,-102
271.558,00:03,543,-70
271.601,00:04,543,-97
272.005,00:02,544,-102
272.059,00:03,544,-70
272.102,00:04,544,-97
272.504,00:02,545,-102
272.558,00:03,545,-69
272.602,00:04,545,-97
273.003,00:02,546,-103
273.057,00:03,546,-69
273.1,00:04,546,-97
273.506,00:02,547,-103
273.557,00:03,547,-69
273.602,00:04,547,-97
274.004,00:02,548,-103
274.058,00:03,548,-69
274.101,00:04,548,-97
274.504,00:02,549,-103
274.558,00:03,549,-69
274.6,00:04,549,-97
275.006,00:02,550,-103
275.057,00:03,550,-69
275.099,00:04,550,-97
275.505,00:02,551,-103
275.557,00:03,551,-68
275.602,00:04,551,-97
276.004,00:02,552,-103
276.057,00:03,552,-68
276.099,00:04,552,-97
276.506,00:02,553,-103
276.556,00:03,553,-68
276.6,00:04,553,-97
277.006,00:02,554,-103
277.057,00:03,554,-68
277.099,00:04,554,-97
277.506,00:02,555,-103
277.558,00:03,555,-68
277.599,00:04,555,-97
278.004,00:02,556,-104
278.058,00:03,556,-68
278.1,00:04,556,-97
278.505,00:02,557,-104
278.559,00:03,557,-68
278.602,00:04,557,-97
279.006,00:02,558,-104
279.057,00:03,558,-68
279.1,00:04,558,-97
279.505,00:02,559,-104
279.559,00:03,559,-67
279.6,00:04,559,-97
280.005,00:02,560,-104
280.059,00:03,560,-67
280.099,00:04,560,-97
280.506,00:02,561,-104
280.559,00:03,561,-67
280.601,00:04,561,-97
281.005,00:02,562,-104
281.057,00:03,562,-67
281.1,00:04,562,-97
281.504,00:02,563,-104
281.556,00:03,563,-67
281.6,00:04,563,-98
282.005,00:02,564,-104
282.058,00:03,564,-67
282.102,00:04,564,-98
282.507,00:02,565,-104
282.558,00:03,565,-68
282.601,00:04,565,-97
283.005,00:02,566,-104
283.058,00:03,566,-68
283.102,00:04,566,-97
283.506,00:02,567,-104
283.557,00:03,567,-68
283.6,00:04,567,-97
284.005,00:02,568,-104
284.058,00:03,568,-69
284.099,00:04,568,-97
284.507,00:02,569,-104
284.558,00:03,569,-69
284.6,00:04,569,-97
285.004,00:02,570,-104
285.059,00:03,570,-69
285.099,00:04,570,-97
285.506,00:02,571,-104
285.559,00:03,571,-70
285.599,00:04,571,-97
286.005,00:02,572,-104
286.057,00:03,572,-70
286.1,00:04,572,-97
286.506,00:02,573,-104
286.556,00:03,573,-70
286.602,00:04,573,-97
287.006,00:02,574,-104
287.058,00:03,574,-70
287.1,00:04,574,-97
287.507,00:02,575,-104
287.558,00:03,575,-70
287.6,00:04,575,-97
288.007,00:02,576,-104
288.058,00:03,576,-70
288.1,00:04,576,-97
288.505,00:02,577,-104
288.558,00:03,577,-70
288.6,00:04,577,-97
289.005,00:02,578,-104
289.059,00:03,578,-71
289.1,00:04,578,-97
289.505,00:02,579,-104
289.558,00:03,579,-71
289.602,00:04,579,-97
290.004,00:02,580,-104
290.056,00:03,580,-71
290.1,00:04,580,-96
290.505,00:02,581,-104
290.557,00:03,581,-71
290.6,00:04,581,-96
291.004,00:02,582,-104
291.06,00:03,582,-71
291.1,00:04,582,-96
291.505,00:02,583,-104
291.557,00:03,583,-71
291.601,00:04,583,-96
292.004,00:02,584,-104
292.058,00:03,584,-71
292.099,00:04,584,-96
292.505,00:02,585,-104
292.558,00:03,585,-71
292.599,00:04,585,-96
293.005,00:02,586,-104
293.057,00:03,586,-71
293.1,00:04,586,-96
293.505,00:02,587,-103
293.559,00:03,587,-71
293.599,00:04,587,-96
294.005,00:02,588,-103
294.058,00:03,588,-71
294.1,00:04,588,-96
294.506,00:02,589,-103
294.558,00:03,589,-72
294.601,00:04,589,-96
295.006,00:02,590,-103
295.057,00:03,590,-72
295.099,00:04,590,-96
295.506,00:02,591,-103
295.556,00:03,591,-72
295.6,00:04,591,-96
296.006,00:02,592,-103
296.057,00:03,592,-72
296.099,00:04,592,-96
296.503,00:02,593,-103
296.558,00:03,593,-72
296.602,00:04,593,-96
297.005,00:02,594,-103
297.058,00:03,594,-72
297.098,00:04,594,-96
297.505,00:02,595,-103
297.558,00:03,595,-73
297.6,00:04,595,-96
298.005,00:02,596,-103
298.058,00:03,596,-73
298.1,00:04,596,-96
298.504,00:02,597,-102
298.557,00:03,597,-73
298.599,00:04,597,-96
299.005,00:02,598,-102
299.057,00:03,598,-73
299.1,00:04,598,-96
299.504,00:02,599,-102
299.557,00:03,599,-73
299.6,00:04,599,-96
300.005,00:02,600,-102
300.058,00:03,600,-74
300.1,00:04,600,-95
300.504,00:02,601,-102
300.557,00:03,601,-74
300.601,00:04,601,-95
301.004,00:02,602,-102
301.057,00:03,602,-74
301.1,00:04,602,-95
301.506,00:02,603,-102
301.559,00:03,603,-74
301.6,00:04,603,-95
302.004,00:02,604,-102
302.057,00:03,604,-75
302.1,00:04,604,-95
302.506,00:02,605,-102
302.559,00:03,605,-75
302.601,00:04,605,-95
303.004,00:02,606,-101
303.057,00:03,606,-75
303.099,00:04,606,-95
303.507,00:02,607,-101
303.557,00:03,607,-75
303.599,00:04,607,-95
304.005,00:02,608,-101
304.058,00:03,608,-76
304.099,00:04,608,-95
304.504,00:02,609,-101
304.559,00:03,609,-76
304.6,00:04,609,-95
305.003,00:02,610,-101
305.057,00:03,610,-76
305.1,00:04,610,-95
305.505,00:02,611,-101
305.558,00:03,611,-76
305.6,00:04,611,-95
306.007,00:02,612,-101
306.058,00:03,612,-76
306.101,00:04,612,-95
306.506,00:02,613,-101
306.557,00:03,613,-77
306.6,00:04,613,-95
307.005,00:02,614,-101
307.057,00:03,614,-77
307.1,00:04,614,-95
307.505,00:02,615,-100
307.557,00:03,615,-77
307.6,00:04,615,-95
308.004,00:02,616,-100
308.058,00:03,616,-77
308.101,00:04,616,-95
308.505,00:02,617,-100
308.557,00:03,617,-78
308.599,00:04,617,-95
309.005,00:02,618,-100
309.058,00:03,618,-78
309.099,00:04,618,-95
309.505,00:02,619,-100
309.558,00:03,619,-78
309.601,00:04,619,-95
310.007,00:02,620,-100
310.058,00:03,620,-78
310.099,00:04,620,-95
310.504,00:02,621,-100
310.559,00:03,621,-79
310.598,00:04,621,-95
311.007,00:02,622,-100
311.059,00:03,622,-79
311.101,00:04,622,-95
311.505,00:02,623,-99
311.557,00:03,623,-79
311.601,00:04,623,-95
312.006,00:02,624,-99
312.059,00:03,624,-79
312.099,00:04,624,-95
312.503,00:02,625,-99
312.558,00:03,625,-80
312.6,00:04,625,-95
313.004,00:02,626,-99
313.059,00:03,626,-80
313.1,00:04,626,-94
313.506,00:02,627,-99
313.559,00:03,627,-80
313.6,00:04,627,-94
314.005,00:02,628,-99
314.059,00:03,628,-80
314.1,00:04,628,-94
314.504,00:02,629,-99
314.558,00:03,629,-80
314.6,00:04,629,-94
315.006,00:02,630,-99
315.056,00:03,630,-81
315.101,00:04,630,-94
315.505,00:02,631,-98
315.557,00:03,631,-81
315.599,00:04,631,-94
316.005,00:02,632,-98
316.057,00:03,632,-81
316.099,00:04,632,-94
316.506,00:02,633,-98
316.557,00:03,633,-81
316.601,00:04,633,-94
317.004,00:02,634,-98
317.058,00:03,634,-82
317.1,00:04,634,-94
317.503,00:02,635,-98
317.558,00:03,635,-82
317.599,00:04,635,-94
318.005,00:02,636,-98
318.059,00:03,636,-82
318.099,00:04,636,-94
318.505,00:02,637,-98
318.557,00:03,637,-82
318.599,00:04,637,-94
319.005,00:02,638,-98
319.057,00:03,638,-82
319.1,00:04,638,-94
319.504,00:02,639,-97
319.558,00:03,639,-83
319.6,00:04,639,-94
320.006,00:02,640,-97
320.057,00:03,640,-83
320.099,00:04,640,-94
320.504,00:02,641,-97
320.557,00:03,641,-83
320.599,00:04,641,-94
321.006,00:02,642,-97
321.057,00:03,642,-83
321.099,00:04,642,-94
321.504,00:02,643,-97
321.557,00:03,643,-83
321.6,00:04,643,-94
322.006,00:02,644,-97
322.057,00:03,644,-84
322.098,00:04,644,-94
322.505,00:02,645,-97
322.558,00:03,645,-84
322.599,00:04,645,-94
323.006,00:02,646,-96
323.059,00:03,646,-84
323.1,00:04,646,-94
323.504,00:02,647,-96
323.56,00:03,647,-84
323.599,00:04,647,-94
324.005,00:02,648,-96
324.058,00:03,648,-84
324.099,00:04,648,-94
324.506,00:02,649,-96
324.558,00:03,649,-85
324.6,00:04,649,-94
325.006,00:02,650,-96
325.06,00:03,650,-85
325.099,00:04,650,-94
325.504,00:02,651,-96
325.556,00:03,651,-85
325.599,00:04,651,-94
326.004,00:02,652,-96
326.057,00:03,652,-85
326.1,00:04,652,-94
326.506,00:02,653,-95
326.559,00:03,653,-85
326.601,00:04,653,-94
327.005,00:02,654,-99
327.057,00:03,654,-90
327.098,00:04,654,-98
327.505,00:02,655,-99
327.556,00:03,655,-90
327.599,00:04,655,-98
328.006,00:02,656,-99
328.057,00:03,656,-90
328.099,00:04,656,-98
328.503,00:02,657,-99
328.557,00:03,657,-90
328.6,00:04,657,-98
329.005,00:02,658,-99
329.058,00:03,658,-90
329.099,00:04,658,-98
329.504,00:02,659,-99
329.556,00:03,659,-90
329.6,00:04,659,-98
330.005,00:02,660,-98
330.058,00:03,660,-91
330.101,00:04,660,-98
330.503,00:02,661,-98
330.557,00:03,661,-91
330.598,00:04,661,-98
331.005,00:02,662,-98
331.059,00:03,662,-91
331.1,00:04,662,-98
331.503,00:02,663,-98
331.557,00:03,663,-91
331.599,00:04,663,-98
332.004,00:02,664,-98
332.058,00:03,664,-91
332.099,00:04,664,-98
332.505,00:02,665,-98
332.558,00:03,665,-91
332.599,00:04,665,-98
333.005,00:02,666,-97
333.06,00:03,666,-92
333.099,00:04,666,-98
333.505,00:02,667,-97
333.558,00:03,667,-92
333.601,00:04,667,-98
334.003,00:02,668,-97
334.059,00:03,668,-92
334.099,00:04,668,-98
334.504,00:02,669,-97
334.558,00:03,669,-92
334.6,00:04,669,-98
335.004,00:02,670,-97
335.058,00:03,670,-92
335.1,00:04,670,-98
335.506,00:02,671,-97
335.56,00:03,671,-92
335.599,00:04,671,-98
336.004,00:02,672,-96
336.06,00:03,672,-93
336.101,00:04,672,-98
336.505,00:02,673,-96
336.559,00:03,673,-93
336.599,00:04,673,-98
337.003,00:02,674,-96
337.057,00:03,674,-93
337.101,00:04,674,-98
337.506,00:02,675,-96
337.558,00:03,675,-93
337.6,00:04,675,-98
338.003,00:02,676,-96
338.059,00:03,676,-93
338.101,00:04,676,-98
338.505,00:02,677,-95
338.556,00:03,677,-93
338.599,00:04,677,-98
339.004,00:02,678,-91
339.058,00:03,678,-89
339.101,00:04,678,-94
339.505,00:02,679,-91
339.558,00:03,679,-90
339.601,00:04,679,-94
340.005,00:02,680,-91
340.059,00:03,680,-90
340.1,00:04,680,-94
340.503,00:02,681,-91
340.559,00:03,681,-90
340.6,00:04,681,-94
341.005,00:02,682,-91
341.059,00:03,682,-90
341.099,00:04,682,-94
341.505,00:02,683,-90
341.557,00:03,683,-90
341.601,00:04,683,-94
342.004,00:02,684,-90
342.056,00:03,684,-90
342.099,00:04,684,-94
342.503,00:02,685,-90
342.558,00:03,685,-91
342.599,00:04,685,-94
343.006,00:02,686,-90
343.057,00:03,686,-91
343.099,00:04,686,-94
343.506,00:02,687,-90
343.559,00:03,687,-91
343.597,00:04,687,-94
344.004,00:02,688,-89
344.06,00:03,688,-91
344.098,00:04,688,-94
344.506,00:02,689,-89
344.556,00:03,689,-91
344.599,00:04,689,-94
345.003,00:02,690,-89
345.059,00:03,690,-91
345.099,00:04,690,-94
345.503,00:02,691,-89
345.557,00:03,691,-91
345.598,00:04,691,-94
346.003,00:02,692,-89
346.057,00:03,692,-92
346.098,00:04,692,-94
346.503,00:02,693,-88
346.557,00:03,693,-92
346.598,00:04,693,-94
347.005,00:02,694,-88
347.058,00:03,694,-92
347.098,00:04,694,-94
347.505,00:02,695,-88
347.559,00:03,695,-92
347.599,00:04,695,-94
348.004,00:02,696,-88
348.057,00:03,696,-92
348.1,00:04,696,-94
348.505,00:02,697,-88
348.558,00:03,697,-92
348.599,00:04,697,-94
349.006,00:02,698,-87
349.058,00:03,698,-92
349.1,00:04,698,-94
349.505,00:02,699,-87
349.558,00:03,699,-92
349.6,00:04,699,-94
350.005,00:02,700,-87
350.057,00:03,700,-93
350.097,00:04,700,-94
350.504,00:02,701,-87
350.558,00:03,701,-93
350.598,00:04,701,-94
351.005,00:02,702,-86
351.058,00:03,702,-93
351.099,00:04,702,-94
351.505,00:02,703,-86
351.559,00:03,703,-93
351.598,00:04,703,-94
352.005,00:02,704,-86
352.058,00:03,704,-93
352.1,00:04,704,-94
352.505,00:02,705,-86
352.556,00:03,705,-93
352.6,00:04,705,-94
353.004,00:02,706,-86
353.058,00:03,706,-93
353.099,00:04,706,-94
353.503,00:02,707,-85
353.558,00:03,707,-93
353.599,00:04,707,-95
354.005,00:02,708,-85
354.058,00:03,708,-94
354.1,00:04,708,-95
354.505,00:02,709,-85
354.557,00:03,709,-94
354.6,00:04,709,-95
355.005,00:02,710,-85
355.058,00:03,710,-94
355.099,00:04,710,-95
355.504,00:02,711,-84
355.559,00:03,711,-94
355.598,00:04,711,-95
356.007,00:02,712,-84
356.058,00:03,712,-94
356.1,00:04,712,-95
356.507,00:02,713,-84
356.559,00:03,713,-94
356.6,00:04,713,-95
357.005,00:02,714,-84
357.057,00:03,714,-94
357.1,00:04,714,-95
357.506,00:02,715,-83
357.56,00:03,715,-94
357.599,00:04,715,-95
358.004,00:02,716,-83
358.058,00:03,716,-95
358.099,00:04,716,-95
358.505,00:02,717,-83
358.558,00:03,717,-95
358.6,00:04,717,-95
359.006,00:02,718,-83
359.058,00:03,718,-95
359.1,00:04,718,-95
359.505,00:02,719,-82
359.557,00:03,719,-95
359.599,00:04,719,-95
360.006,00:02,720,-82
360.057,00:03,720,-95
360.097,00:04,720,-95
360.504,00:02,721,-82
360.557,00:03,721,-95
360.599,00:04,721,-95
361.006,00:02,722,-86
361.06,00:03,722,-99
361.099,00:04,722,-99
361.505,00:02,723,-86
361.56,00:03,723,-99
361.599,00:04,723,-99
362.003,00:02,724,-85
362.058,00:03,724,-99
362.1,00:04,724,-99
362.504,00:02,725,-85
362.557,00:03,725,-100
362.599,00:04,725,-99
363.006,00:02,726,-85
363.059,00:03,726,-100
363.099,00:04,726,-99
363.504,00:02,727,-85
363.559,00:03,727,-100
363.598,00:04,727,-99
364.004,00:02,728,-84
364.058,00:03,728,-100
364.097,00:04,728,-99
364.506,00:02,729,-84
364.558,00:03,729,-100
364.6,00:04,729,-99
365.005,00:02,730,-80
365.058,00:03,730,-96
365.099,00:04,730,-95
365.504,00:02,731,-80
365.558,00:03,731,-96
365.599,00:04,731,-95
366.004,00:02,732,-79
366.059,00:03,732,-96
366.099,00:04,732,-95
366.505,00:02,733,-79
366.557,00:03,733,-96
366.598,00:04,733,-96
367.005,00:02,734,-79
367.06,00:03,734,-97
367.1,00:04,734,-96
367.505,00:02,735,-79
367.559,00:03,735,-97
367.597,00:04,735,-96
368.005,00:02,736,-79
368.058,00:03,736,-97
368.097,00:04,736,-96
368.503,00:02,737,-78
368.558,00:03,737,-97
368.598,00:04,737,-96
369.005,00:02,738,-78
369.059,00:03,738,-97
369.1,00:04,738,-96
369.505,00:02,739,-78
369.56,00:03,739,-97
369.598,00:04,739,-96
370.004,00:02,740,-78
370.059,00:03,740,-97
370.098,00:04,740,-96
370.506,00:02,741,-78
370.558,00:03,741,-97
370.6,00:04,741,-96
371.006,00:02,742,-77
371.058,00:03,742,-97
371.099,00:04,742,-96
371.505,00:02,743,-77
371.558,00:03,743,-97
371.598,00:04,743,-96
372.003,00:02,744,-77
372.056,00:03,744,-98
372.099,00:04,744,-96
372.505,00:02,745,-77
372.557,00:03,745,-98
372.599,00:04,745,-96
373.006,00:02,746,-77
373.059,00:03,746,-98
373.098,00:04,746,-96
373.504,00:02,747,-77
373.558,00:03,747,-98
373.598,00:04,747,-96
374.004,00:02,748,-77
374.057,00:03,748,-98
374.099,00:04,748,-96
374.505,00:02,749,-77
374.557,00:03,749,-98
374.598,00:04,749,-96
375.004,00:02,750,-77
375.059,00:03,750,-98
375.099,00:04,750,-96
375.505,00:02,751,-76
375.557,00:03,751,-98
375.6,00:04,751,-96
376.004,00:02,752,-76
376.057,00:03,752,-98
376.099,00:04,752,-96
376.506,00:02,753,-76
376.559,00:03,753,-98
376.598,00:04,753,-97
377.005,00:02,754,-76
377.058,00:03,754,-98
377.1,00:04,754,-97
377.504,00:02,755,-76
377.559,00:03,755,-99
377.599,00:04,755,-97
378.004,00:02,756,-76
378.057,00:03,756,-99
378.097,00:04,756,-97
378.505,00:02,757,-77
378.558,00:03,757,-99
378.6,00:04,757,-97
379.006,00:02,758,-77
379.058,00:03,758,-99
379.1,00:04,758,-97
379.506,00:02,759,-78
379.558,00:03,759,-99
379.598,00:04,759,-96
380.003,00:02,760,-78
380.06,00:03,760,-99
380.098,00:04,760,-96
380.504,00:02,761,-79
380.558,00:03,761,-99
380.598,00:04,761,-96
381.003,00:02,762,-79
381.058,00:03,762,-99
381.099,00:04,762,-96
381.505,00:02,763,-79
381.557,00:03,763,-99
381.598,00:04,763,-96
382.003,00:02,764,-80
382.058,00:03,764,-99
382.099,00:04,764,-96
382.505,00:02,765,-80
382.56,00:03,765,-99
382.599,00:04,765,-96
383.005,00:02,766,-80
383.057,00:03,766,-99
383.097,00:04,766,-96
383.505,00:02,767,-80
383.558,00:03,767,-99
383.598,00:04,767,-96
384.004,00:02,768,-80
384.058,00:03,768,-99
384.1,00:04,768,-96
384.504,00:02,769,-80
384.559,00:03,769,-99
384.598,00:04,769,-96
385.006,00:02,770,-81
385.059,00:03,770,-99
385.098,00:04,770,-96
385.504,00:02,771,-81
385.557,00:03,771,-99
385.597,00:04,771,-96
386.005,00:02,772,-81
386.058,00:03,772,-98
386.097,00:04,772,-96
386.504,00:02,773,-81
386.559,00:03,773,-98
386.598,00:04,773,-96
387.005,00:02,774,-81
387.058,00:03,774,-98
387.097,00:04,774,-95
387.504,00:02,775,-81
387.557,00:03,775,-98
387.598,00:04,775,-95
388.004,00:02,776,-81
388.058,00:03,776,-98
388.1,00:04,776,-95
388.504,00:02,777,-81
388.558,00:03,777,-98
388.599,00:04,777,-95
389.005,00:02,778,-81
389.057,00:03,778,-98
389.099,00:04,778,-95
389.503,00:02,779,-81
389.558,00:03,779,-98
389.598,00:04,779,-95
390.003,00:02,780,-81
390.057,00:03,780,-98
390.098,00:04,780,-95
390.503,00:02,781,-81
390.558,00:03,781,-98
390.598,00:04,781,-95
391.005,00:02,782,-81
391.059,00:03,782,-98
391.098,00:04,782,-95
391.505,00:02,783,-81
391.557,00:03,783,-97
391.598,00:04,783,-95
392.004,00:02,784,-81
392.06,00:03,784,-97
392.098,00:04,784,-95
392.505,00:02,785,-82
392.559,00:03,785,-97
392.598,00:04,785,-95
393.003,00:02,786,-82
393.058,00:03,786,-97
393.097,00:04,786,-95
393.506,00:02,787,-82
393.558,00:03,787,-97
393.598,00:04,787,-95
394.006,00:02,788,-82
394.059,00:03,788,-97
394.098,00:04,788,-95
394.507,00:02,789,-82
394.558,00:03,789,-97
394.597,00:04,789,-95
395.004,00:02,790,-82
395.059,00:03,790,-97
395.098,00:04,790,-95
395.504,00:02,791,-82
395.558,00:03,791,-97
395.598,00:04,791,-95
396.005,00:02,792,-83
396.058,00:03,792,-97
396.097,00:04,792,-94
396.506,00:02,793,-83
396.558,00:03,793,-96
396.599,00:04,793,-94
397.005,00:02,794,-87
397.058,00:03,794,-100
397.098,00:04,794,-98
397.503,00:02,795,-87
397.558,00:03,795,-100
397.597,00:04,795,-98
398.005,00:02,796,-87
398.058,00:03,796,-100
398.097,00:04,796,-98
398.505,00:02,797,-87
398.559,00:03,797,-100
398.6,00:04,797,-98
399.005,00:02,798,-88
399.057,00:03,798,-100
399.098,00:04,798,-98
399.504,00:02,799,-88
399.557,00:03,799,-100
399.598,00:04,799,-98
400.004,00:02,800,-88
400.059,00:03,800,-100
400.097,00:04,800,-98
400.504,00:02,801,-88
400.558,00:03,801,-100
400.597,00:04,801,-98
401.006,00:02,802,-84
401.057,00:03,802,-95
401.1,00:04,802,-94
401.505,00:02,803,-84
401.558,00:03,803,-95
401.598,00:04,803,-94
402.004,00:02,804,-85
402.059,00:03,804,-95
402.098,00:04,804,-94
402.505,00:02,805,-85
402.556,00:03,805,-95
402.597,00:04,805,-94
403.004,00:02,806,-85
403.059,00:03,806,-95
403.098,00:04,806,-94
403.504,00:02,807,-85
403.559,00:03,807,-95
403.597,00:04,807,-94
404.003,00:02,808,-85
404.056,00:03,808,-95
404.097,00:04,808,-94
404.503,00:02,809,-86
404.56,00:03,809,-95
404.598,00:04,809,-94
405.006,00:02,810,-86
405.058,00:03,810,-95
405.099,00:04,810,-94
405.505,00:02,811,-86
405.557,00:03,811,-94
405.598,00:04,811,-94
406.003,00:02,812,-86
406.059,00:03,812,-94
406.099,00:04,812,-94
406.503,00:02,813,-86
406.558,00:03,813,-94
406.598,00:04,813,-94
407.005,00:02,814,-86
407.058,00:03,814,-94
407.098,00:04,814,-93
407.503,00:02,815,-87
407.559,00:03,815,-94
407.598,00:04,815,-93
408.006,00:02,816,-87
408.058,00:03,816,-94
408.099,00:04,816,-93
408.504,00:02,817,-87
408.559,00:03,817,-94
408.599,00:04,817,-93
409.006,00:02,818,-87
409.06,00:03,818,-94
409.097,00:04,818,-93
409.503,00:02,819,-87
409.558,00:03,819,-94
409.597,00:04,819,-93
410.003,00:02,820,-88
410.057,00:03,820,-93
410.099,00:04,820,-93
410.505,00:02,821,-88
410.559,00:03,821,-93
410.598,00:04,821,-93
411.006,00:02,822,-88
411.06,00:03,822,-93
411.099,00:04,822,-93
411.503,00:02,823,-88
411.557,00:03,823,-93
411.598,00:04,823,-93
412.005,00:02,824,-88
412.057,00:03,824,-93
412.099,00:04,824,-93
412.505,00:02,825,-89
412.558,00:03,825,-93
412.598,00:04,825,-93
413.003,00:02,826,-89
413.06,00:03,826,-93
413.096,00:04,826,-93
413.503,00:02,827,-89
413.557,00:03,827,-93
413.596,00:04,827,-93
414.006,00:02,828,-89
414.057,00:03,828,-92
414.097,00:04,828,-93
414.504,00:02,829,-89
414.557,00:03,829,-92
414.598,00:04,829,-93
415.005,00:02,830,-89
415.058,00:03,830,-92
415.099,00:04,830,-93
415.505,00:02,831,-90
415.559,00:03,831,-92
415.598,00:04,831,-93
416.006,00:02,832,-90
416.058,00:03,832,-92
416.099,00:04,832,-93
416.504,00:02,833,-90
416.559,00:03,833,-92
416.598,00:04,833,-93
417.005,00:02,834,-90
417.06,00:03,834,-92
417.099,00:04,834,-93
417.503,00:02,835,-90
417.559,00:03,835,-92
417.598,00:04,835,-93
418.005,00:02,836,-91
418.059,00:03,836,-91
418.096,00:04,836,-93
418.506,00:02,837,-91
418.558,00:03,837,-91
418.598,00:04,837,-93
419.005,00:02,838,-91
419.057,00:03,838,-91
419.098,00:04,838,-93
419.505,00:02,839,-91
419.558,00:03,839,-91
419.6,00:04,839,-93
420.004,00:02,840,-91
420.058,00:03,840,-91
420.099,00:04,840,-93
420.506,00:02,841,-91
420.559,00:03,841,-91
420.598,00:04,841,-93
421.005,00:02,842,-92
421.056,00:03,842,-91
421.099,00:04,842,-93
421.504,00:02,843,-92
421.557,00:03,843,-90
421.596,00:04,843,-93
422.003,00:02,844,-92
422.058,00:03,844,-90
422.097,00:04,844,-93
422.504,00:02,845,-92
422.559,00:03,845,-90
422.597,00:04,845,-93
423.004,00:02,846,-96
423.058,00:03,846,-94
423.098,00:04,846,-97
423.504,00:02,847,-96
423.557,00:03,847,-94
423.599,00:04,847,-97
424.004,00:02,848,-97
424.058,00:03,848,-94
424.099,00:04,848,-97
424.504,00:02,849,-97
424.559,00:03,849,-94
424.597,00:04,849,-97
425.004,00:02,850,-97
425.059,00:03,850,-93
425.098,00:04,850,-97
425.505,00:02,851,-97
425.558,00:03,851,-93
425.597,00:04,851,-97
426.005,00:02,852,-97
426.058,00:03,852,-93
426.098,00:04,852,-97
426.504,00:02,853,-97
426.559,00:03,853,-93
426.596,00:04,853,-97
427.004,00:02,854,-97
427.057,00:03,854,-93
427.097,00:04,854,-97
427.504,00:02,855,-98
427.559,00:03,855,-93
427.598,00:04,855,-97
428.003,00:02,856,-98
428.057,00:03,856,-93
428.098,00:04,856,-97
428.506,00:02,857,-98
428.56,00:03,857,-92
428.597,00:04,857,-97
429.003,00:02,858,-98
429.058,00:03,858,-92
429.096,00:04,858,-97
429.504,00:02,859,-98
429.56,00:03,859,-92
429.597,00:04,859,-97
430.005,00:02,860,-98
430.059,00:03,860,-92
430.097,00:04,860,-97
430.504,00:02,861,-99
430.559,00:03,861,-92
430.598,00:04,861,-97
431.003,00:02,862,-99
431.058,00:03,862,-92
431.099,00:04,862,-97
431.504,00:02,863,-99
431.556,00:03,863,-92
431.595,00:04,863,-97
432.002,00:02,864,-99
432.059,00:03,864,-91
432.097,00:04,864,-97
432.504,00:02,865,-99
432.558,00:03,865,-91
432.598,00:04,865,-97
433.005,00:02,866,-99
433.057,00:03,866,-91
433.097,00:04,866,-97
433.505,00:02,867,-99
433.558,00:03,867,-91
433.596,00:04,867,-97
434.004,00:02,868,-100
434.059,00:03,868,-91
434.097,00:04,868,-97
434.505,00:02,869,-100
434.558,00:03,869,-91
434.598,00:04,869,-97
435.003,00:02,870,-96
435.059,00:03,870,-86
435.097,00:04,870,-93
435.505,00:02,871,-96
435.558,00:03,871,-86
435.597,00:04,871,-93
436.005,00:02,872,-96
436.059,00:03,872,-86
436.098,00:04,872,-93
436.503,00:02,873,-96
436.558,00:03,873,-86
436.598,00:04,873,-93
437.003,00:02,874,-96
437.058,00:03,874,-86
437.099,00:04,874,-93
437.505,00:02,875,-97
437.556,00:03,875,-86
437.597,00:04,875,-93
438.004,00:02,876,-97
438.058,00:03,876,-85
438.099,00:04,876,-93
438.505,00:02,877,-97
438.559,00:03,877,-85
438.598,00:04,877,-93
439.005,00:02,878,-97
439.058,00:03,878,-85
439.095,00:04,878,-93
439.503,00:02,879,-97
439.558,00:03,879,-85
439.597,00:04,879,-93
440.004,00:02,880,-97
440.059,00:03,880,-85
440.096,00:04,880,-93
440.503,00:02,881,-97
440.558,00:03,881,-85
440.597,00:04,881,-93
441.006,00:02,882,-98
441.057,00:03,882,-84
441.099,00:04,882,-93
441.503,00:02,883,-98
441.558,00:03,883,-84
441.597,00:04,883,-93
442.004,00:02,884,-98
442.059,00:03,884,-84
442.099,00:04,884,-93
442.504,00:02,885,-98
442.56,00:03,885,-84
442.598,00:04,885,-93
443.004,00:02,886,-98
443.06,00:03,886,-84
443.099,00:04,886,-93
443.503,00:02,887,-98
443.557,00:03,887,-83
443.597,00:04,887,-93
444.003,00:02,888,-98
444.058,00:03,888,-83
444.097,00:04,888,-93
444.505,00:02,889,-98
444.558,00:03,889,-83
444.599,00:04,889,-93
445.004,00:02,890,-99
445.057,00:03,890,-83
445.097,00:04,890,-93
445.505,00:02,891,-99
445.558,00:03,891,-83
445.597,00:04,891,-93
446.004,00:02,892,-99
446.059,00:03,892,-83
446.098,00:04,892,-93
446.505,00:02,893,-99
446.559,00:03,893,-82
446.596,00:04,893,-93
447.006,00:02,894,-99
447.06,00:03,894,-82
447.098,00:04,894,-93
447.504,00:02,895,-99
447.56,00:03,895,-82
447.598,00:04,895,-93
448.004,00:02,896,-99
448.057,00:03,896,-82
448.098,00:04,896,-93
448.504,00:02,897,-99
448.56,00:03,897,-82
448.597,00:04,897,-93
449.004,00:02,898,-99
449.059,00:03,898,-81
449.095,00:04,898,-93
449.506,00:02,899,-100
449.558,00:03,899,-81
449.598,00:04,899,-93
450.003,00:02,900,-100
450.057,00:03,900,-81
450.099,00:04,900,-93
450.505,00:02,901,-100
450.558,00:03,901,-81
450.597,00:04,901,-93
451.005,00:02,902,-100
451.059,00:03,902,-81
451.095,00:04,902,-93
451.506,00:02,903,-100
451.558,00:03,903,-80
451.597,00:04,903,-94
452.005,00:02,904,-100
452.06,00:03,904,-80
452.098,00:04,904,-94
452.504,00:02,905,-100
452.559,00:03,905,-80
452.597,00:04,905,-94
453.005,00:02,906,-100
453.059,00:03,906,-80
453.097,00:04,906,-94
453.505,00:02,907,-101
453.558,00:03,907,-80
453.598,00:04,907,-94
454.005,00:02,908,-101
454.057,00:03,908,-80
454.095,00:04,908,-94
454.504,00:02,909,-101
454.559,00:03,909,-79
454.599,00:04,909,-94
455.004,00:02,910,-101
455.057,00:03,910,-79
455.097,00:04,910,-94
455.505,00:02,911,-101
455.559,00:03,911,-79
455.597,00:04,911,-94
456.004,00:02,912,-101
456.057,00:03,912,-79
456.099,00:04,912,-94
456.503,00:02,913,-101
456.559,00:03,913,-79
456.596,00:04,913,-94
457.006,00:02,914,-105
457.059,00:03,914,-82
457.097,00:04,914,-98
457.504,00:02,915,-105
457.56,00:03,915,-82
457.599,00:04,915,-98
458.005,00:02,916,-106
458.057,00:03,916,-82
458.098,00:04,916,-98
458.504,00:02,917,-106
458.558,00:03,917,-82
458.598,00:04,917,-98
459.003,00:02,918,-106
459.059,00:03,918,-82
459.096,00:04,918,-98
459.503,00:02,919,-106
459.557,00:03,919,-82
459.597,00:04,919,-98
460.003,00:02,920,-106
460.056,00:03,920,-81
460.098,00:04,920,-98
460.505,00:02,921,-106
460.56,00:03,921,-81
460.598,00:04,921,-98
461.004,00:02,922,-102
461.059,00:03,922,-77
461.097,00:04,922,-94
461.504,00:02,923,-102
461.558,00:03,923,-77
461.596,00:04,923,-94
462.005,00:02,924,-102
462.057,00:03,924,-77
462.096,00:04,924,-94
462.505,00:02,925,-102
462.558,00:03,925,-77
462.596,00:04,925,-95
463.006,00:02,926,-103
463.059,00:03,926,-76
463.098,00:04,926,-95
463.504,00:02,927,-103
463.559,00:03,927,-76
463.596,00:04,927,-95
464.004,00:02,928,-103
464.06,00:03,928,-76
464.097,00:04,928,-95
464.504,00:02,929,-103
464.558,00:03,929,-76
464.597,00:04,929,-95
465.004,00:02,930,-103
465.058,00:03,930,-76
465.097,00:04,930,-95
465.504,00:02,931,-103
465.558,00:03,931,-76
465.598,00:04,931,-95
466.004,00:02,932,-103
466.059,00:03,932,-76
466.095,00:04,932,-95
466.506,00:02,933,-103
466.559,00:03,933,-76
466.597,00:04,933,-95
467.002,00:02,934,-103
467.059,00:03,934,-75
467.097,00:04,934,-95
467.504,00:02,935,-103
467.559,00:03,935,-75
467.597,00:04,935,-95
468.004,00:02,936,-104
468.057,00:03,936,-75
468.096,00:04,936,-95
468.503,00:02,937,-104
468.558,00:03,937,-75
468.599,00:04,937,-95
469.004,00:02,938,-104
469.057,00:03,938,-75
469.097,00:04,938,-95
469.505,00:02,939,-104
469.557,00:03,939,-75
469.597,00:04,939,-95
470.006,00:02,940,-104
470.058,00:03,940,-75
470.097,00:04,940,-95
470.504,00:02,941,-104
470.559,00:03,941,-75
470.598,00:04,941,-95
471.006,00:02,942,-104
471.059,00:03,942,-75
471.097,00:04,942,-95
471.504,00:02,943,-104
471.559,00:03,943,-75
471.598,00:04,943,-96
472.005,00:02,944,-104
472.058,00:03,944,-75
472.097,00:04,944,-96
472.504,00:02,945,-104
472.558,00:03,945,-75
472.599,00:04,945,-96
473.005,00:02,946,-104
473.058,00:03,946,-75
473.096,00:04,946,-96
473.504,00:02,947,-105
473.559,00:03,947,-75
473.597,00:04,947,-96
474.005,00:02,948,-105
474.057,00:03,948,-75
474.096,00:04,948,-96
474.505,00:02,949,-105
474.557,00:03,949,-75
474.596,00:04,949,-96
475.005,00:02,950,-105
475.058,00:03,950,-75
475.096,00:04,950,-96
475.504,00:02,951,-105
475.559,00:03,951,-76
475.597,00:04,951,-96
476.004,00:02,952,-105
476.058,00:03,952,-76
476.098,00:04,952,-95
476.505,00:02,953,-105
476.559,00:03,953,-77
476.598,00:04,953,-95
477.003,00:02,954,-105
477.06,00:03,954,-77
477.097,00:04,954,-95
477.503,00:02,955,-105
477.56,00:03,955,-77
477.598,00:04,955,-95
478.004,00:02,956,-105
478.058,00:03,956,-77
478.098,00:04,956,-95
478.504,00:02,957,-105
478.557,00:03,957,-78
478.595,00:04,957,-95
479.005,00:02,958,-105
479.059,00:03,958,-78
479.096,00:04,958,-95
479.504,00:02,959,-105
479.56,00:03,959,-78
479.595,00:04,959,-95
480.004,00:02,960,-105
480.058,00:03,960,-78
480.097,00:04,960,-95
480.504,00:02,961,-105
480.56,00:03,961,-78
480.597,00:04,961,-95
481.006,00:02,962,-105
481.058,00:03,962,-78
481.098,00:04,962,-95
481.504,00:02,963,-105
481.561,00:03,963,-78
481.596,00:04,963,-95
482.004,00:02,964,-105
482.06,00:03,964,-78
482.097,00:04,964,-95
482.503,00:02,965,-104
482.559,00:03,965,-78
482.597,00:04,965,-95
483.004,00:02,966,-104
483.059,00:03,966,-78
483.098,00:04,966,-95
483.504,00:02,967,-104
483.558,00:03,967,-78
483.596,00:04,967,-94
484.005,00:02,968,-104
484.058,00:03,968,-78
484.098,00:04,968,-94
484.504,00:02,969,-104
484.558,00:03,969,-78
484.596,00:04,969,-94
485.003,00:02,970,-104
485.059,00:03,970,-78
485.097,00:04,970,-94
485.505,00:02,971,-104
485.557,00:03,971,-78
485.596,00:04,971,-94
486.004,00:02,972,-104
486.059,00:03,972,-78
486.097,00:04,972,-94
486.504,00:02,973,-104
486.557,00:03,973,-79
486.597,00:04,973,-94
487.004,00:02,974,-104
487.058,00:03,974,-79
487.097,00:04,974,-94
487.503,00:02,975,-104
487.559,00:03,975,-79
487.596,00:04,975,-94
488.006,00:02,976,-103
488.058,00:03,976,-79
488.096,00:04,976,-94
488.503,00:02,977,-103
488.558,00:03,977,-79
488.596,00:04,977,-94
489.004,00:02,978,-103
489.058,00:03,978,-79
489.097,00:04,978,-94
489.503,00:02,979,-103
489.559,00:03,979,-79
489.596,00:04,979,-94
490.004,00:02,980,-103
490.058,00:03,980,-79
490.096,00:04,980,-94
490.504,00:02,981,-103
490.559,00:03,981,-79
490.596,00:04,981,-94
491.005,00:02,982,-103
491.058,00:03,982,-79
491.095,00:04,982,-94
491.505,00:02,983,-103
491.559,00:03,983,-79
491.596,00:04,983,-93
492.004,00:02,984,-103
492.06,00:03,984,-80
492.096,00:04,984,-93
492.505,00:02,985,-103
492.557,00:03,985,-80
492.595,00:04,985,-93
493.005,00:02,986,-106
493.061,00:03,986,-84
493.096,00:04,986,-97
493.505,00:02,987,-106
493.558,00:03,987,-84
493.598,00:04,987,-97
494.005,00:02,988,-106
494.06,00:03,988,-84
494.097,00:04,988,-97
494.503,00:02,989,-106
494.559,00:03,989,-84
494.598,00:04,989,-97
495.004,00:02,990,-106
495.06,00:03,990,-84
495.097,00:04,990,-97
495.503,00:02,991,-106
495.559,00:03,991,-84
495.596,00:04,991,-97
496.004,00:02,992,-106
496.058,00:03,992,-85
496.096,00:04,992,-97
496.504,00:02,993,-106
496.559,00:03,993,-85
496.596,00:04,993,-97
497.003,00:02,994,-102
497.059,00:03,994,-81
497.094,00:04,994,-93
497.503,00:02,995,-102
497.559,00:03,995,-81
497.596,00:04,995,-93
498.004,00:02,996,-101
498.058,00:03,996,-81
498.095,00:04,996,-93
498.503,00:02,997,-101
498.558,00:03,997,-81
498.594,00:04,997,-93
499.005,00:02,998,-101
499.06,00:03,998,-81
499.096,00:04,998,-93
499.504,00:02,999,-101
499.557,00:03,999,-82
499.597,00:04,999,-93
500.004,00:02,1000,-101
500.058,00:03,1000,-82
500.096,00:04,1000,-93
500.504,00:02,1001,-101
500.559,00:03,1001,-82
500.596,00:04,1001,-92
501.005,00:02,1002,-101
501.058,00:03,1002,-82
501.096,00:04,1002,-92
501.503,00:02,1003,-101
501.558,00:03,1003,-82
501.595,00:04,1003,-92
502.006,00:02,1004,-101
502.058,00:03,1004,-82
502.097,00:04,1004,-92
502.503,00:02,1005,-101
502.558,00:03,1005,-82
502.595,00:04,1005,-92
503.004,00:02,1006,-100
503.058,00:03,1006,-83
503.098,00:04,1006,-92
503.504,00:02,1007,-100
503.559,00:03,1007,-83
503.597,00:04,1007,-92
504.005,00:02,1008,-100
504.058,00:03,1008,-83
504.096,00:04,1008,-92
504.504,00:02,1009,-100
504.56,00:03,1009,-83
504.596,00:04,1009,-92
505.003,00:02,1010,-100
505.058,00:03,1010,-83
505.096,00:04,1010,-92
505.504,00:02,1011,-100
505.56,00:03,1011,-83
505.597,00:04,1011,-92
506.004,00:02,1012,-100
506.06,00:03,1012,-83
506.096,00:04,1012,-92
506.506,00:02,1013,-100
506.558,00:03,1013,-84
506.595,00:04,1013,-92
507.003,00:02,1014,-99
507.058,00:03,1014,-84
507.098,00:04,1014,-92
507.504,00:02,1015,-99
507.559,00:03,1015,-84
507.595,00:04,1015,-92
508.005,00:02,1016,-99
508.059,00:03,1016,-84
508.097,00:04,1016,-92
508.503,00:02,1017,-99
508.559,00:03,1017,-84
508.597,00:04,1017,-92
509.004,00:02,1018,-99
509.059,00:03,1018,-84
509.097,00:04,1018,-92
509.505,00:02,1019,-99
509.559,00:03,1019,-85
509.596,00:04,1019,-92
510.002,00:02,1020,-99
510.06,00:03,1020,-85
510.096,00:04,1020,-92
510.505,00:02,1021,-99
510.559,00:03,1021,-85
510.597,00:04,1021,-92
511.004,00:02,1022,-99
511.059,00:03,1022,-85
511.095,00:04,1022,-92
511.505,00:02,1023,-98
511.557,00:03,1023,-85
511.597,00:04,1023,-92
512.004,00:02,1024,-98
512.059,00:03,1024,-85
512.097,00:04,1024,-92
512.505,00:02,1025,-98
512.56,00:03,1025,-85
512.595,00:04,1025,-92
513.004,00:02,1026,-98
513.059,00:03,1026,-86
513.096,00:04,1026,-92
513.504,00:02,1027,-98
513.559,00:03,1027,-86
513.595,00:04,1027,-92
514.005,00:02,1028,-98
514.059,00:03,1028,-86
514.098,00:04,1028,-92
514.504,00:02,1029,-98
514.559,00:03,1029,-86
514.597,00:04,1029,-91
515.003,00:02,1030,-98
515.058,00:03,1030,-86
515.094,00:04,1030,-91
515.503,00:02,1031,-97
515.56,00:03,1031,-86
515.596,00:04,1031,-91
516.005,00:02,1032,-97
516.06,00:03,1032,-87
516.097,00:04,1032,-91
516.505,00:02,1033,-97
516.558,00:03,1033,-87
516.595,00:04,1033,-91
517.004,00:02,1034,-97
517.058,00:03,1034,-87
517.095,00:04,1034,-91
517.505,00:02,1035,-97
517.558,00:03,1035,-87
517.595,00:04,1035,-91
518.004,00:02,1036,-97
518.06,00:03,1036,-87
518.095,00:04,1036,-91
518.503,00:02,1037,-97
518.557,00:03,1037,-87
518.595,00:04,1037,-91
519.005,00:02,1038,-101
519.058,00:03,1038,-91
519.097,00:04,1038,-95
519.504,00:02,1039,-100
519.558,00:03,1039,-92
519.598,00:04,1039,-95
520.003,00:02,1040,-100
520.06,00:03,1040,-92
520.095,00:04,1040,-95
520.505,00:02,1041,-100
520.56,00:03,1041,-92
520.596,00:04,1041,-95
521.004,00:02,1042,-100
521.059,00:03,1042,-92
521.096,00:04,1042,-95
521.505,00:02,1043,-100
521.557,00:03,1043,-92
521.596,00:04,1043,-95
522.003,00:02,1044,-100
522.059,00:03,1044,-92
522.095,00:04,1044,-95
522.504,00:02,1045,-100
522.559,00:03,1045,-92
522.596,00:04,1045,-95
523.003,00:02,1046,-99
523.058,00:03,1046,-93
523.095,00:04,1046,-95
523.503,00:02,1047,-99
523.557,00:03,1047,-93
523.597,00:04,1047,-95
524.005,00:02,1048,-99
524.06,00:03,1048,-93
524.096,00:04,1048,-95
524.504,00:02,1049,-99
524.56,00:03,1049,-93
524.595,00:04,1049,-95
525.006,00:02,1050,-99
525.059,00:03,1050,-93
525.096,00:04,1050,-95
525.504,00:02,1051,-99
525.558,00:03,1051,-93
525.597,00:04,1051,-95
526.004,00:02,1052,-99
526.059,00:03,1052,-93
526.096,00:04,1052,-95
526.505,00:02,1053,-99
526.558,00:03,1053,-94
526.596,00:04,1053,-95
527.005,00:02,1054,-98
527.06,00:03,1054,-94
527.097,00:04,1054,-95
527.505,00:02,1055,-98
527.56,00:03,1055,-94
527.596,00:04,1055,-95
528.005,00:02,1056,-98
528.06,00:03,1056,-94
528.095,00:04,1056,-95
528.503,00:02,1057,-98
528.56,00:03,1057,-94
528.596,00:04,1057,-95
529.003,00:02,1058,-98
529.059,00:03,1058,-94
529.096,00:04,1058,-95
529.505,00:02,1059,-98
529.559,00:03,1059,-94
529.594,00:04,1059,-95
530.004,00:02,1060,-98
530.058,00:03,1060,-94
530.094,00:04,1060,-95
530.503,00:02,1061,-97
530.559,00:03,1061,-95
530.597,00:04,1061,-95
531.006,00:02,1062,-93
531.059,00:03,1062,-91
531.095,00:04,1062,-91
531.504,00:02,1063,-93
531.558,00:03,1063,-91
531.596,00:04,1063,-91
532.004,00:02,1064,-93
532.057,00:03,1064,-91
532.096,00:04,1064,-91
532.504,00:02,1065,-93
532.558,00:03,1065,-91
532.595,00:04,1065,-91
533.004,00:02,1066,-93
533.059,00:03,1066,-91
533.096,00:04,1066,-91
533.504,00:02,1067,-92
533.559,00:03,1067,-91
533.596,00:04,1067,-91
534.002,00:02,1068,-92
534.057,00:03,1068,-92
534.094,00:04,1068,-91
534.504,00:02,1069,-92
534.559,00:03,1069,-92
534.596,00:04,1069,-91
535.004,00:02,1070,-92
535.058,00:03,1070,-92
535.096,00:04,1070,-91
535.505,00:02,1071,-92
535.56,00:03,1071,-92
535.594,00:04,1071,-91
536.004,00:02,1072,-92
536.06,00:03,1072,-92
536.096,00:04,1072,-92
536.504,00:02,1073,-92
536.56,00:03,1073,-92
536.595,00:04,1073,-92
537.003,00:02,1074,-91
537.059,00:03,1074,-92
537.094,00:04,1074,-92
537.506,00:02,1075,-91
537.56,00:03,1075,-92
537.595,00:04,1075,-92
538.003,00:02,1076,-91
538.057,00:03,1076,-93
538.096,00:04,1076,-92
538.503,00:02,1077,-91
538.558,00:03,1077,-93
538.595,00:04,1077,-92
539.005,00:02,1078,-91
539.059,00:03,1078,-93
539.095,00:04,1078,-92
539.505,00:02,1079,-91
539.559,00:03,1079,-93
539.596,00:04,1079,-92
540.005,00:02,1080,-90
540.058,00:03,1080,-93
540.097,00:04,1080,-92
540.505,00:02,1081,-90
540.56,00:03,1081,-93
540.596,00:04,1081,-92
541.006,00:02,1082,-90
541.057,00:03,1082,-93
541.096,00:04,1082,-92
541.506,00:02,1083,-90
541.559,00:03,1083,-93
541.595,00:04,1083,-92
542.003,00:02,1084,-90
542.059,00:03,1084,-93
542.093,00:04,1084,-92
542.502,00:02,1085,-90
542.559,00:03,1085,-94
542.594,00:04,1085,-92
543.003,00:02,1086,-90
543.058,00:03,1086,-94
543.097,00:04,1086,-92
543.504,00:02,1087,-89
543.557,00:03,1087,-94
543.595,00:04,1087,-92
544.004,00:02,1088,-89
544.058,00:03,1088,-94
544.096,00:04,1088,-92
544.503,00:02,1089,-89
544.558,00:03,1089,-94
544.594,00:04,1089,-92
545.004,00:02,1090,-89
545.058,00:03,1090,-94
545.095,00:04,1090,-92
545.504,00:02,1091,-89
545.56,00:03,1091,-94
545.595,00:04,1091,-92
546.003,00:02,1092,-89
546.058,00:03,1092,-94
546.096,00:04,1092,-92
546.504,00:02,1093,-88
546.558,00:03,1093,-94
546.595,00:04,1093,-92
547.005,00:02,1094,-88
547.06,00:03,1094,-95
547.096,00:04,1094,-92
547.505,00:02,1095,-88
547.559,00:03,1095,-95
547.596,00:04,1095,-92
548.004,00:02,1096,-88
548.058,00:03,1096,-95
548.097,00:04,1096,-92
548.503,00:02,1097,-88
548.559,00:03,1097,-95
548.594,00:04,1097,-92
549.003,00:02,1098,-88
549.059,00:03,1098,-95
549.095,00:04,1098,-92
549.504,00:02,1099,-88
549.558,00:03,1099,-95
549.596,00:04,1099,-93
550.004,00:02,1100,-87
550.06,00:03,1100,-95
550.094,00:04,1100,-93
550.503,00:02,1101,-87
550.559,00:03,1101,-95
550.594,00:04,1101,-93
551.004,00:02,1102,-87
551.059,00:03,1102,-95
551.095,00:04,1102,-93
551.504,00:02,1103,-87
551.559,00:03,1103,-96
551.593,00:04,1103,-93
552.005,00:02,1104,-87
552.059,00:03,1104,-96
552.096,00:04,1104,-93
552.505,00:02,1105,-87
552.56,00:03,1105,-96
552.596,00:04,1105,-93
553.003,00:02,1106,-91
553.06,00:03,1106,-100
553.095,00:04,1106,-97
553.503,00:02,1107,-90
553.56,00:03,1107,-100
553.594,00:04,1107,-97
554.004,00:02,1108,-90
554.059,00:03,1108,-100
554.094,00:04,1108,-97
554.503,00:02,1109,-90
554.559,00:03,1109,-100
554.594,00:04,1109,-97
555.005,00:02,1110,-90
555.059,00:03,1110,-100
555.094,00:04,1110,-97
555.504,00:02,1111,-90
555.561,00:03,1111,-100
555.594,00:04,1111,-97
556.005,00:02,1112,-90
556.057,00:03,1112,-100
556.095,00:04,1112,-97
556.506,00:02,1113,-90
556.559,00:03,1113,-101
556.596,00:04,1113,-97
557.004,00:02,1114,-86
557.06,00:03,1114,-97
557.096,00:04,1114,-93
557.503,00:02,1115,-85
557.559,00:03,1115,-97
557.595,00:04,1115,-93
558.004,00:02,1116,-85
558.06,00:03,1116,-97
558.095,00:04,1116,-93
558.506,00:02,1117,-85
558.559,00:03,1117,-97
558.596,00:04,1117,-93
559.004,00:02,1118,-85
559.058,00:03,1118,-97
559.095,00:04,1118,-94
559.503,00:02,1119,-85
559.559,00:03,1119,-97
559.595,00:04,1119,-94
560.005,00:02,1120,-85
560.06,00:03,1120,-97
560.095,00:04,1120,-94
560.505,00:02,1121,-85
560.56,00:03,1121,-97
560.596,00:04,1121,-94
561.002,00:02,1122,-85
561.059,00:03,1122,-97
561.096,00:04,1122,-94
561.503,00:02,1123,-85
561.559,00:03,1123,-98
561.596,00:04,1123,-94
562.003,00:02,1124,-85
562.061,00:03,1124,-98
562.094,00:04,1124,-94
562.505,00:02,1125,-84
562.558,00:03,1125,-98
562.595,00:04,1125,-94
563.003,00:02,1126,-84
563.06,00:03,1126,-98
563.095,00:04,1126,-94
563.502,00:02,1127,-84
563.557,00:03,1127,-98
563.595,00:04,1127,-94
564.003,00:02,1128,-84
564.06,00:03,1128,-98
564.095,00:04,1128,-94
564.504,00:02,1129,-84
564.56,00:03,1129,-98
564.595,00:04,1129,-94
565.005,00:02,1130,-84
565.058,00:03,1130,-98
565.094,00:04,1130,-94
565.503,00:02,1131,-84
565.559,00:03,1131,-98
565.594,00:04,1131,-94
566.003,00:02,1132,-84
566.06,00:03,1132,-98
566.096,00:04,1132,-94
566.504,00:02,1133,-84
566.558,00:03,1133,-99
566.595,00:04,1133,-94
567.004,00:02,1134,-84
567.057,00:03,1134,-99
567.093,00:04,1134,-95
567.505,00:02,1135,-84
567.559,00:03,1135,-99
567.596,00:04,1135,-95
568.004,00:02,1136,-84
568.058,00:03,1136,-99
568.096,00:04,1136,-95
568.504,00:02,1137,-84
568.558,00:03,1137,-99
568.596,00:04,1137,-95
569.003,00:02,1138,-84
569.059,00:03,1138,-99
569.096,00:04,1138,-95
569.503,00:02,1139,-84
569.559,00:03,1139,-99
569.595,00:04,1139,-95
570.003,00:02,1140,-84
570.06,00:03,1140,-99
570.096,00:04,1140,-95
570.503,00:02,1141,-84
570.559,00:03,1141,-99
570.596,00:04,1141,-95
571.003,00:02,1142,-84
571.06,00:03,1142,-99
571.095,00:04,1142,-95
571.502,00:02,1143,-85
571.56,00:03,1143,-99
571.594,00:04,1143,-95
572.002,00:02,1144,-85
572.059,00:03,1144,-99
572.095,00:04,1144,-95
572.505,00:02,1145,-85
572.558,00:03,1145,-99
572.595,00:04,1145,-94
573.003,00:02,1146,-86
573.058,00:03,1146,-99
573.096,00:04,1146,-94
573.504,00:02,1147,-86
573.557,00:03,1147,-99
573.594,00:04,1147,-94
574.005,00:02,1148,-86
574.058,00:03,1148,-99
574.095,00:04,1148,-94
574.504,00:02,1149,-86
574.558,00:03,1149,-99
574.594,00:04,1149,-94
575.005,00:02,1150,-87
575.058,00:03,1150,-99
575.094,00:04,1150,-94
575.503,00:02,1151,-87
575.56,00:03,1151,-99
575.596,00:04,1151,-94
576.005,00:02,1152,-87
576.06,00:03,1152,-99
576.093,00:04,1152,-94
576.503,00:02,1153,-87
576.559,00:03,1153,-99
576.595,00:04,1153,-94
577.006,00:02,1154,-87
577.058,00:03,1154,-99
577.094,00:04,1154,-94
577.506,00:02,1155,-87
577.56,00:03,1155,-99
577.595,00:04,1155,-94
578.005,00:02,1156,-87
578.059,00:03,1156,-99
578.094,00:04,1156,-94
578.502,00:02,1157,-87
578.56,00:03,1157,-99
578.594,00:04,1157,-94
579.005,00:02,1158,-87
579.06,00:03,1158,-99
579.096,00:04,1158,-94
579.503,00:02,1159,-87
579.559,00:03,1159,-99
579.595,00:04,1159,-93
580.002,00:02,1160,-87
580.058,00:03,1160,-99
580.093,00:04,1160,-93
580.504,00:02,1161,-87
580.558,00:03,1161,-99
580.594,00:04,1161,-93
581.005,00:02,1162,-87
581.058,00:03,1162,-99
581.095,00:04,1162,-93
581.504,00:02,1163,-87
581.559,00:03,1163,-98
581.596,00:04,1163,-93
582.004,00:02,1164,-87
582.057,00:03,1164,-98
582.096,00:04,1164,-93
582.505,00:02,1165,-87
582.558,00:03,1165,-98
582.595,00:04,1165,-93
583.003,00:02,1166,-87
583.058,00:03,1166,-98
583.095,00:04,1166,-93
583.505,00:02,1167,-87
583.558,00:03,1167,-98
583.596,00:04,1167,-93
584.003,00:02,1168,-87
584.058,00:03,1168,-98
584.096,00:04,1168,-93
584.504,00:02,1169,-87
584.56,00:03,1169,-98
584.593,00:04,1169,-93
585.003,00:02,1170,-87
585.057,00:03,1170,-98
585.094,00:04,1170,-93
585.504,00:02,1171,-87
585.56,00:03,1171,-98
585.593,00:04,1171,-93
586.005,00:02,1172,-87
586.058,00:03,1172,-98
586.095,00:04,1172,-93
586.504,00:02,1173,-88
586.559,00:03,1173,-98
586.595,00:04,1173,-92
587.003,00:02,1174,-88
587.058,00:03,1174,-97
587.095,00:04,1174,-92
587.502,00:02,1175,-88
587.56,00:03,1175,-97
587.594,00:04,1175,-92
588.002,00:02,1176,-88
588.06,00:03,1176,-97
588.093,00:04,1176,-92
588.503,00:02,1177,-88
588.559,00:03,1177,-97
588.593,00:04,1177,-92
589.005,00:02,1178,-92
589.059,00:03,1178,-101
589.094,00:04,1178,-96
589.505,00:02,1179,-92
589.559,00:03,1179,-101
589.595,00:04,1179,-96
590.002,00:02,1180,-92
590.058,00:03,1180,-101
590.094,00:04,1180,-96
590.504,00:02,1181,-92
590.56,00:03,1181,-101
590.595,00:04,1181,-96
591.003,00:02,1182,-92
591.06,00:03,1182,-101
591.093,00:04,1182,-96
591.503,00:02,1183,-92
591.561,00:03,1183,-101
591.595,00:04,1183,-96
592.005,00:02,1184,-93
592.059,00:03,1184,-100
592.095,00:04,1184,-96
592.504,00:02,1185,-93
592.56,00:03,1185,-100
592.595,00:04,1185,-96
593.002,00:02,1186,-89
593.06,00:03,1186,-96
593.094,00:04,1186,-92
593.503,00:02,1187,-89
593.557,00:03,1187,-96
593.593,00:04,1187,-92
594.004,00:02,1188,-89
594.059,00:03,1188,-96
594.094,00:04,1188,-92
594.505,00:02,1189,-89
594.559,00:03,1189,-96
594.593,00:04,1189,-91
595.004,00:02,1190,-89
595.057,00:03,1190,-96
595.094,00:04,1190,-91
595.503,00:02,1191,-89
595.557,00:03,1191,-96
595.594,00:04,1191,-91
596.004,00:02,1192,-89
596.059,00:03,1192,-96
596.094,00:04,1192,-91
596.504,00:02,1193,-90
596.559,00:03,1193,-96
596.595,00:04,1193,-91
597.005,00:02,1194,-90
597.058,00:03,1194,-95
597.096,00:04,1194,-91
597.504,00:02,1195,-90
597.558,00:03,1195,-95
597.594,00:04,1195,-91
598.003,00:02,1196,-90
598.06,00:03,1196,-95
598.095,00:04,1196,-91
598.503,00:02,1197,-90
598.559,00:03,1197,-95
598.595,00:04,1197,-91
599.004,00:02,1198,-90
599.058,00:03,1198,-95
599.094,00:04,1198,-91
599.505,00:02,1199,-90
599.56,00:03,1199,-95
599.594,00:04,1199,-91
600.004,00:02,1200,-90
600.058,00:03,1200,-95
600.094,00:04,1200,-91
600.504,00:02,1201,-91
600.557,00:03,1201,-95
600.595,00:04,1201,-91
601.004,00:02,1202,-91
601.059,00:03,1202,-95
601.095,00:04,1202,-91
601.504,00:02,1203,-91
601.56,00:03,1203,-95
601.596,00:04,1203,-91
602.005,00:02,1204,-91
602.06,00:03,1204,-94
602.093,00:04,1204,-91
602.504,00:02,1205,-91
602.56,00:03,1205,-94
602.594,00:04,1205,-91
603.002,00:02,1206,-91
603.058,00:03,1206,-94
603.093,00:04,1206,-91
603.503,00:02,1207,-91
603.558,00:03,1207,-94
603.593,00:04,1207,-91
604.003,00:02,1208,-91
604.059,00:03,1208,-94
604.095,00:04,1208,-91
604.504,00:02,1209,-92
604.56,00:03,1209,-94
604.595,00:04,1209,-90
605.004,00:02,1210,-92
605.058,00:03,1210,-94
605.096,00:04,1210,-90
605.504,00:02,1211,-92
605.559,00:03,1211,-94
605.595,00:04,1211,-90
606.003,00:02,1212,-92
606.061,00:03,1212,-94
606.093,00:04,1212,-90
606.505,00:02,1213,-92
606.558,00:03,1213,-93
606.595,00:04,1213,-90
607.005,00:02,1214,-92
607.06,00:03,1214,-93
607.093,00:04,1214,-90
607.505,00:02,1215,-92
607.558,00:03,1215,-93
607.595,00:04,1215,-90
608.003,00:02,1216,-92
608.057,00:03,1216,-93
608.095,00:04,1216,-90
608.504,00:02,1217,-93
608.557,00:03,1217,-93
608.594,00:04,1217,-90
609.003,00:02,1218,-93
609.059,00:03,1218,-93
609.094,00:04,1218,-90
609.505,00:02,1219,-93
609.559,00:03,1219,-93
609.594,00:04,1219,-90
610.003,00:02,1220,-93
610.057,00:03,1220,-93
610.093,00:04,1220,-90
610.504,00:02,1221,-93
610.56,00:03,1221,-93
610.595,00:04,1221,-90
611.003,00:02,1222,-93
611.059,00:03,1222,-92
611.093,00:04,1222,-90
611.505,00:02,1223,-93
611.559,00:03,1223,-92
611.594,00:04,1223,-90
612.003,00:02,1224,-94
612.059,00:03,1224,-92
612.094,00:04,1224,-90
612.505,00:02,1225,-94
612.559,00:03,1225,-92
612.595,00:04,1225,-90
613.003,00:02,1226,-94
613.06,00:03,1226,-92
613.094,00:04,1226,-90
613.505,00:02,1227,-94
613.561,00:03,1227,-92
613.593,00:04,1227,-90
614.005,00:02,1228,-94
614.059,00:03,1228,-92
614.094,00:04,1228,-90
614.503,00:02,1229,-94
614.559,00:03,1229,-92
614.594,00:04,1229,-90
615.003,00:02,1230,-94
615.06,00:03,1230,-91
615.093,00:04,1230,-90
615.506,00:02,1231,-94
615.558,00:03,1231,-91
615.592,00:04,1231,-90
616.004,00:02,1232,-95
616.058,00:03,1232,-91
616.092,00:04,1232,-90
616.504,00:02,1233,-95
616.559,00:03,1233,-91
616.594,00:04,1233,-90
617.003,00:02,1234,-95
617.059,00:03,1234,-91
617.092,00:04,1234,-90
617.502,00:02,1235,-95
617.56,00:03,1235,-91
617.594,00:04,1235,-90
618.005,00:02,1236,-95
618.06,00:03,1236,-91
618.095,00:04,1236,-90
618.502,00:02,1237,-95
618.56,00:03,1237,-91
618.594,00:04,1237,-90
619.004,00:02,1238,-95
619.059,00:03,1238,-91
619.093,00:04,1238,-90
619.504,00:02,1239,-95
619.559,00:03,1239,-90
619.595,00:04,1239,-90
620.003,00:02,1240,-96
620.059,00:03,1240,-90
620.092,00:04,1240,-90
620.503,00:02,1241,-96
620.559,00:03,1241,-90
620.593,00:04,1241,-90
621.004,00:02,1242,-96
621.06,00:03,1242,-90
621.093,00:04,1242,-90
621.505,00:02,1243,-96
621.56,00:03,1243,-90
621.593,00:04,1243,-90
622.005,00:02,1244,-96
622.058,00:03,1244,-90
622.094,00:04,1244,-90
622.503,00:02,1245,-96
622.559,00:03,1245,-90
622.592,00:04,1245,-90
623.003,00:02,1246,-96
623.06,00:03,1246,-90
623.094,00:04,1246,-90
623.503,00:02,1247,-96
623.559,00:03,1247,-89
623.593,00:04,1247,-90
624.004,00:02,1248,-97
624.059,00:03,1248,-89
624.095,00:04,1248,-90
624.502,00:02,1249,-97
624.559,00:03,1249,-89
624.594,00:04,1249,-90
625.004,00:02,1250,-97
625.061,00:03,1250,-89
625.092,00:04,1250,-90
625.504,00:02,1251,-97
625.56,00:03,1251,-89
625.595,00:04,1251,-90
626.002,00:02,1252,-97
626.06,00:03,1252,-89
626.096,00:04,1252,-90
626.504,00:02,1253,-97
626.558,00:03,1253,-89
626.594,00:04,1253,-90
627.005,00:02,1254,-97
627.059,00:03,1254,-88
627.094,00:04,1254,-90
627.503,00:02,1255,-97
627.559,00:03,1255,-88
627.595,00:04,1255,-90
628.002,00:02,1256,-98
628.059,00:03,1256,-88
628.094,00:04,1256,-90
628.502,00:02,1257,-98
628.558,00:03,1257,-88
628.593,00:04,1257,-90
629.004,00:02,1258,-98
629.059,00:03,1258,-88
629.093,00:04,1258,-90
629.504,00:02,1259,-98
629.56,00:03,1259,-88
629.592,00:04,1259,-90
630.005,00:02,1260,-98
630.058,00:03,1260,-88
630.093,00:04,1260,-90
630.503,00:02,1261,-98
630.559,00:03,1261,-88
630.594,00:04,1261,-90
631.004,00:02,1262,-98
631.058,00:03,1262,-87
631.095,00:04,1262,-90
631.504,00:02,1263,-98
631.558,00:03,1263,-87
631.593,00:04,1263,-90
632.003,00:02,1264,-98
632.059,00:03,1264,-87
632.093,00:04,1264,-90
632.503,00:02,1265,-99
632.559,00:03,1265,-87
632.594,00:04,1265,-90
633.005,00:02,1266,-99
633.06,00:03,1266,-87
633.093,00:04,1266,-90
633.505,00:02,1267,-99
633.56,00:03,1267,-87
633.594,00:04,1267,-90
634.003,00:02,1268,-99
634.061,00:03,1268,-87
634.094,00:04,1268,-90
634.505,00:02,1269,-99
634.56,00:03,1269,-87
634.592,00:04,1269,-90
635.003,00:02,1270,-99
635.06,00:03,1270,-86
635.093,00:04,1270,-90
635.502,00:02,1271,-99
635.56,00:03,1271,-86
635.595,00:04,1271,-90
636.004,00:02,1272,-99
636.06,00:03,1272,-86
636.093,00:04,1272,-90
636.503,00:02,1273,-99
636.559,00:03,1273,-86
636.593,00:04,1273,-90
637.004,00:02,1274,-100
637.059,00:03,1274,-86
637.092,00:04,1274,-90
637.504,00:02,1275,-100
637.561,00:03,1275,-86
637.594,00:04,1275,-90
638.003,00:02,1276,-100
638.059,00:03,1276,-86
638.095,00:04,1276,-91
638.505,00:02,1277,-100
638.56,00:03,1277,-85
638.594,00:04,1277,-91
639.003,00:02,1278,-100
639.059,00:03,1278,-85
639.092,00:04,1278,-91
639.504,00:02,1279,-100
639.559,00:03,1279,-85
639.594,00:04,1279,-91
640.003,00:02,1280,-100
640.059,00:03,1280,-85
640.093,00:04,1280,-91
640.504,00:02,1281,-100
640.558,00:03,1281,-85
640.595,00:04,1281,-91
641.003,00:02,1282,-100
641.06,00:03,1282,-85
641.095,00:04,1282,-91
641.503,00:02,1283,-101
641.559,00:03,1283,-85
641.592,00:04,1283,-91
642.003,00:02,1284,-101
642.06,00:03,1284,-85
642.092,00:04,1284,-91
642.502,00:02,1285,-101
642.559,00:03,1285,-84
642.595,00:04,1285,-91
643.004,00:02,1286,-101
643.059,00:03,1286,-84
643.095,00:04,1286,-91
643.505,00:02,1287,-101
643.561,00:03,1287,-84
643.593,00:04,1287,-91
644.005,00:02,1288,-101
644.061,00:03,1288,-84
644.093,00:04,1288,-91
644.503,00:02,1289,-101
644.557,00:03,1289,-84
644.594,00:04,1289,-91
645.002,00:02,1290,-101
645.06,00:03,1290,-84
645.092,00:04,1290,-91
645.504,00:02,1291,-101
645.558,00:03,1291,-84
645.594,00:04,1291,-91
646.004,00:02,1292,-101
646.059,00:03,1292,-84
646.093,00:04,1292,-91
646.505,00:02,1293,-102
646.558,00:03,1293,-83
646.593,00:04,1293,-91
647.004,00:02,1294,-102
647.058,00:03,1294,-83
647.092,00:04,1294,-91
647.503,00:02,1295,-102
647.56,00:03,1295,-83
647.594,00:04,1295,-91
648.005,00:02,1296,-102
648.058,00:03,1296,-83
648.094,00:04,1296,-92
648.505,00:02,1297,-102
648.558,00:03,1297,-83
648.593,00:04,1297,-92
649.003,00:02,1298,-106
649.06,00:03,1298,-87
649.095,00:04,1298,-96
649.504,00:02,1299,-106
649.558,00:03,1299,-87
649.594,00:04,1299,-96
650.002,00:02,1300,-106
650.059,00:03,1300,-87
650.094,00:04,1300,-96
650.503,00:02,1301,-106
650.558,00:03,1301,-87
650.593,00:04,1301,-96
651.004,00:02,1302,-106
651.059,00:03,1302,-87
651.092,00:04,1302,-96
651.505,00:02,1303,-107
651.558,00:03,1303,-86
651.593,00:04,1303,-96
652.005,00:02,1304,-107
652.059,00:03,1304,-86
652.093,00:04,1304,-96
652.502,00:02,1305,-107
652.559,00:03,1305,-86
652.592,00:04,1305,-96
653.005,00:02,1306,-103
653.059,00:03,1306,-82
653.094,00:04,1306,-92
653.505,00:02,1307,-103
653.56,00:03,1307,-82
653.591,00:04,1307,-92
654.003,00:02,1308,-103
654.06,00:03,1308,-82
654.093,00:04,1308,-92
654.505,00:02,1309,-103
654.558,00:03,1309,-82
654.593,00:04,1309,-92
655.004,00:02,1310,-103
655.058,00:03,1310,-82
655.093,00:04,1310,-92
655.502,00:02,1311,-103
655.56,00:03,1311,-82
655.594,00:04,1311,-92
656.004,00:02,1312,-103
656.061,00:03,1312,-82
656.094,00:04,1312,-93
656.502,00:02,1313,-104
656.559,00:03,1313,-82
656.593,00:04,1313,-93
657.002,00:02,1314,-104
657.061,00:03,1314,-82
657.093,00:04,1314,-93
657.504,00:02,1315,-104
657.559,00:03,1315,-81
657.594,00:04,1315,-93
658.004,00:02,1316,-104
658.06,00:03,1316,-81
658.094,00:04,1316,-93
658.504,00:02,1317,-104
658.56,00:03,1317,-81
658.594,00:04,1317,-93
659.004,00:02,1318,-104
659.057,00:03,1318,-81
659.093,00:04,1318,-93
659.504,00:02,1319,-104
659.559,00:03,1319,-81
659.592,00:04,1319,-93
660.004,00:02,1320,-104
660.06,00:03,1320,-81
660.094,00:04,1320,-93
660.502,00:02,1321,-104
660.558,00:03,1321,-81
660.594,00:04,1321,-93
661.004,00:02,1322,-104
661.06,00:03,1322,-81
661.093,00:04,1322,-93
661.503,00:02,1323,-104
661.561,00:03,1323,-81
661.591,00:04,1323,-93
662.003,00:02,1324,-105
662.059,00:03,1324,-81
662.092,00:04,1324,-93
662.503,00:02,1325,-105
662.559,00:03,1325,-81
662.593,00:04,1325,-93
663.002,00:02,1326,-105
663.058,00:03,1326,-81
663.094,00:04,1326,-94
663.502,00:02,1327,-105
663.56,00:03,1327,-81
663.594,00:04,1327,-94
664.004,00:02,1328,-105
664.06,00:03,1328,-81
664.092,00:04,1328,-94
664.502,00:02,1329,-105
664.561,00:03,1329,-81
664.595,00:04,1329,-94
665.004,00:02,1330,-105
665.058,00:03,1330,-81
665.094,00:04,1330,-94
665.504,00:02,1331,-105
665.559,00:03,1331,-81
665.594,00:04,1331,-94
666.002,00:02,1332,-105
666.06,00:03,1332,-81
666.093,00:04,1332,-94
666.503,00:02,1333,-105
666.559,00:03,1333,-81
666.592,00:04,1333,-94
667.002,00:02,1334,-105
667.059,00:03,1334,-81
667.094,00:04,1334,-94
667.504,00:02,1335,-105
667.559,00:03,1335,-82
667.592,00:04,1335,-94
668.003,00:02,1336,-105
668.059,00:03,1336,-82
668.093,00:04,1336,-94
668.503,00:02,1337,-105
668.558,00:03,1337,-82
668.593,00:04,1337,-93
669.004,00:02,1338,-105
669.061,00:03,1338,-82
669.092,00:04,1338,-93
669.505,00:02,1339,-105
669.561,00:03,1339,-83
669.593,00:04,1339,-93
670.005,00:02,1340,-105
670.059,00:03,1340,-83
670.093,00:04,1340,-93
670.505,00:02,1341,-106
670.559,00:03,1341,-83
670.593,00:04,1341,-93
671.003,00:02,1342,-106
671.06,00:03,1342,-83
671.093,00:04,1342,-93
671.505,00:02,1343,-106
671.559,00:03,1343,-83
671.593,00:04,1343,-93
672.005,00:02,1344,-106
672.058,00:03,1344,-83
672.092,00:04,1344,-93
672.504,00:02,1345,-105
672.559,00:03,1345,-83
672.594,00:04,1345,-93
673.004,00:02,1346,-105
673.061,00:03,1346,-83
673.094,00:04,1346,-93
673.503,00:02,1347,-105
673.56,00:03,1347,-83
673.594,00:04,1347,-93
674.004,00:02,1348,-105
674.06,00:03,1348,-83
674.094,00:04,1348,-93
674.503,00:02,1349,-105
674.56,00:03,1349,-83
674.593,00:04,1349,-93
675.003,00:02,1350,-105
675.061,00:03,1350,-83
675.094,00:04,1350,-93
675.503,00:02,1351,-105
675.559,00:03,1351,-83
675.591,00:04,1351,-92
676.004,00:02,1352,-105
676.06,00:03,1352,-83
676.093,00:04,1352,-92
676.504,00:02,1353,-105
676.559,00:03,1353,-83
676.592,00:04,1353,-92
677.004,00:02,1354,-105
677.06,00:03,1354,-84
677.095,00:04,1354,-92
677.504,00:02,1355,-105
677.558,00:03,1355,-84
677.593,00:04,1355,-92
678.004,00:02,1356,-105
678.059,00:03,1356,-84
678.093,00:04,1356,-92
678.504,00:02,1357,-104
678.558,00:03,1357,-84
678.594,00:04,1357,-92
679.005,00:02,1358,-104
679.059,00:03,1358,-84
679.094,00:04,1358,-92
679.503,00:02,1359,-104
679.559,00:03,1359,-84
679.594,00:04,1359,-92
680.004,00:02,1360,-104
680.057,00:03,1360,-84
680.092,00:04,1360,-92
680.504,00:02,1361,-104
680.558,00:03,1361,-84
680.593,00:04,1361,-92
681.003,00:02,1362,-104
681.061,00:03,1362,-84
681.092,00:04,1362,-92
681.502,00:02,1363,-104
681.559,00:03,1363,-84
681.594,00:04,1363,-91
682.004,00:02,1364,-104
682.059,00:03,1364,-84
682.092,00:04,1364,-91
682.503,00:02,1365,-104
682.559,00:03,1365,-84
682.594,00:04,1365,-91
683.004,00:02,1366,-104
683.06,00:03,1366,-84
683.094,00:04,1366,-91
683.504,00:02,1367,-104
683.558,00:03,1367,-84
683.592,00:04,1367,-91
684.003,00:02,1368,-103
684.059,00:03,1368,-84
684.092,00:04,1368,-91
684.504,00:02,1369,-103
684.559,00:03,1369,-84
684.593,00:04,1369,-91
685.059,00:03,1370,-88
685.093,00:04,1370,-95
685.502,00:02,1371,-107
685.559,00:03,1371,-88
685.591,00:04,1371,-95
686.06,00:03,1372,-88
686.092,00:04,1372,-95
686.505,00:02,1373,-107
686.56,00:03,1373,-89
686.593,00:04,1373,-95
687.003,00:02,1374,-107
687.058,00:03,1374,-89
687.093,00:04,1374,-95
687.502,00:02,1375,-107
687.558,00:03,1375,-89
687.594,00:04,1375,-95
688.005,00:02,1376,-107
688.06,00:03,1376,-89
688.092,00:04,1376,-95
688.503,00:02,1377,-107
688.56,00:03,1377,-89
688.593,00:04,1377,-94
689.003,00:02,1378,-103
689.059,00:03,1378,-85
689.091,00:04,1378,-90
689.504,00:02,1379,-102
689.559,00:03,1379,-85
689.592,00:04,1379,-90
690.004,00:02,1380,-102
690.06,00:03,1380,-85
690.093,00:04,1380,-90
690.505,00:02,1381,-102
690.559,00:03,1381,-85
690.593,00:04,1381,-90
691.005,00:02,1382,-102
691.061,00:03,1382,-85
691.092,00:04,1382,-90
691.504,00:02,1383,-102
691.559,00:03,1383,-85
691.593,00:04,1383,-90
692.002,00:02,1384,-102
692.06,00:03,1384,-85
692.093,00:04,1384,-90
692.503,00:02,1385,-102
692.559,00:03,1385,-86
692.592,00:04,1385,-90
693.003,00:02,1386,-102
693.059,00:03,1386,-86
693.092,00:04,1386,-90
693.504,00:02,1387,-102
693.561,00:03,1387,-86
693.593,00:04,1387,-90
694.005,00:02,1388,-102
694.058,00:03,1388,-86
694.091,00:04,1388,-90
694.504,00:02,1389,-102
694.559,00:03,1389,-86
694.592,00:04,1389,-90
695.003,00:02,1390,-101
695.059,00:03,1390,-86
695.093,00:04,1390,-90
695.502,00:02,1391,-101
695.559,00:03,1391,-86
695.593,00:04,1391,-90
696.005,00:02,1392,-101
696.06,00:03,1392,-86
696.092,00:04,1392,-89
696.502,00:02,1393,-101
696.56,00:03,1393,-86
696.592,00:04,1393,-89
697.004,00:02,1394,-101
697.058,00:03,1394,-86
697.091,00:04,1394,-89
697.505,00:02,1395,-101
697.559,00:03,1395,-87
697.592,00:04,1395,-89
698.004,00:02,1396,-101
698.059,00:03,1396,-87
698.091,00:04,1396,-89
698.503,00:02,1397,-101
698.561,00:03,1397,-87
698.592,00:04,1397,-89
699.004,00:02,1398,-101
699.059,00:03,1398,-87
699.092,00:04,1398,-89
699.504,00:02,1399,-101
699.56,00:03,1399,-87
699.592,00:04,1399,-89
700.003,00:02,1400,-100
700.06,00:03,1400,-87
700.092,00:04,1400,-89
700.503,00:02,1401,-100
700.559,00:03,1401,-87
700.592,00:04,1401,-89
701.005,00:02,1402,-100
701.059,00:03,1402,-87
701.092,00:04,1402,-89
701.503,00:02,1403,-100
701.559,00:03,1403,-87
701.593,00:04,1403,-89
702.004,00:02,1404,-100
702.06,00:03,1404,-88
702.093,00:04,1404,-89
702.504,00:02,1405,-100
702.558,00:03,1405,-88
702.591,00:04,1405,-89
703.003,00:02,1406,-100
703.06,00:03,1406,-88
703.093,00:04,1406,-89
703.503,00:02,1407,-100
703.561,00:03,1407,-88
703.591,00:04,1407,-89
704.004,00:02,1408,-100
704.059,00:03,1408,-88
704.092,00:04,1408,-89
704.504,00:02,1409,-99
704.561,00:03,1409,-88
704.592,00:04,1409,-89
705.004,00:02,1410,-99
705.061,00:03,1410,-88
705.093,00:04,1410,-89
705.503,00:02,1411,-99
705.56,00:03,1411,-88
705.591,00:04,1411,-89
706.003,00:02,1412,-99
706.061,00:03,1412,-88
706.092,00:04,1412,-89
706.504,00:02,1413,-99
706.56,00:03,1413,-89
706.593,00:04,1413,-89
707.003,00:02,1414,-99
707.061,00:03,1414,-89
707.091,00:04,1414,-88
707.504,00:02,1415,-99
707.56,00:03,1415,-89
707.592,00:04,1415,-88
708.004,00:02,1416,-99
708.059,00:03,1416,-89
708.09,00:04,1416,-88
708.504,00:02,1417,-99
708.559,00:03,1417,-89
708.592,00:04,1417,-88
709.005,00:02,1418,-99
709.061,00:03,1418,-89
709.091,00:04,1418,-88
709.502,00:02,1419,-98
709.559,00:03,1419,-89
709.593,00:04,1419,-88
710.002,00:02,1420,-98
710.06,00:03,1420,-89
710.093,00:04,1420,-88
710.505,00:02,1421,-98
710.559,00:03,1421,-89
710.592,00:04,1421,-88
711.003,00:02,1422,-98
711.06,00:03,1422,-90
711.094,00:04,1422,-88
711.504,00:02,1423,-98
711.558,00:03,1423,-90
711.593,00:04,1423,-88
712.004,00:02,1424,-98
712.058,00:03,1424,-90
712.092,00:04,1424,-88
712.504,00:02,1425,-98
712.561,00:03,1425,-90
712.592,00:04,1425,-88
713.003,00:02,1426,-98
713.06,00:03,1426,-90
713.091,00:04,1426,-88
713.505,00:02,1427,-98
713.559,00:03,1427,-90
713.592,00:04,1427,-88
714.005,00:02,1428,-97
714.06,00:03,1428,-90
714.092,00:04,1428,-88
714.502,00:02,1429,-97
714.559,00:03,1429,-90
714.591,00:04,1429,-88
715.005,00:02,1430,-97
715.062,00:03,1430,-91
715.093,00:04,1430,-88
715.502,00:02,1431,-97
715.558,00:03,1431,-91
715.592,00:04,1431,-88
716.005,00:02,1432,-97
716.06,00:03,1432,-91
716.091,00:04,1432,-88
716.504,00:02,1433,-97
716.56,00:03,1433,-91
716.591,00:04,1433,-88
717.003,00:02,1434,-97
717.06,00:03,1434,-91
717.092,00:04,1434,-88
717.503,00:02,1435,-97
717.559,00:03,1435,-91
717.591,00:04,1435,-88
718.002,00:02,1436,-97
718.061,00:03,1436,-91
718.092,00:04,1436,-88
718.503,00:02,1437,-96
718.559,00:03,1437,-91
718.591,00:04,1437,-88
719.005,00:02,1438,-96
719.059,00:03,1438,-91
719.093,00:04,1438,-88
719.503,00:02,1439,-96
719.559,00:03,1439,-92
719.593,00:04,1439,-88
720.004,00:02,1440,-96
720.058,00:03,1440,-92
720.091,00:04,1440,-88
720.503,00:02,1441,-96
720.56,00:03,1441,-92
720.591,00:04,1441,-88
721.004,00:02,1442,-96
721.059,00:03,1442,-92
721.092,00:04,1442,-88
721.504,00:02,1443,-96
721.56,00:03,1443,-92
721.591,00:04,1443,-88
722.003,00:02,1444,-96
722.06,00:03,1444,-92
722.093,00:04,1444,-88
722.504,00:02,1445,-96
722.558,00:03,1445,-92
722.591,00:04,1445,-88
723.002,00:02,1446,-95
723.058,00:03,1446,-92
723.093,00:04,1446,-88
723.503,00:02,1447,-95
723.561,00:03,1447,-92
723.592,00:04,1447,-88
724.003,00:02,1448,-95
724.059,00:03,1448,-93
724.092,00:04,1448,-88
724.505,00:02,1449,-95
724.558,00:03,1449,-93
724.593,00:04,1449,-88
725.003,00:02,1450,-95
725.06,00:03,1450,-93
725.092,00:04,1450,-88
725.502,00:02,1451,-95
725.56,00:03,1451,-93
725.592,00:04,1451,-88
726.004,00:02,1452,-95
726.06,00:03,1452,-93
726.092,00:04,1452,-88
726.503,00:02,1453,-95
726.559,00:03,1453,-93
726.592,00:04,1453,-88
727.004,00:02,1454,-94
727.059,00:03,1454,-93
727.09,00:04,1454,-89
727.505,00:02,1455,-94
727.56,00:03,1455,-93
727.592,00:04,1455,-89
728.004,00:02,1456,-94
728.058,00:03,1456,-93
728.092,00:04,1456,-89
728.504,00:02,1457,-94
728.558,00:03,1457,-93
728.592,00:04,1457,-89
729.004,00:02,1458,-94
729.06,00:03,1458,-94
729.09,00:04,1458,-89
729.503,00:02,1459,-94
729.558,00:03,1459,-94
729.592,00:04,1459,-89
730.003,00:02,1460,-94
730.059,00:03,1460,-94
730.093,00:04,1460,-89
730.503,00:02,1461,-94
730.558,00:03,1461,-94
730.592,00:04,1461,-89
731.005,00:02,1462,-94
731.06,00:03,1462,-94
731.091,00:04,1462,-89
731.502,00:02,1463,-93
731.559,00:03,1463,-94
731.593,00:04,1463,-89
732.004,00:02,1464,-93
732.061,00:03,1464,-94
732.092,00:04,1464,-89
732.504,00:02,1465,-93
732.56,00:03,1465,-94
732.591,00:04,1465,-89
733.002,00:02,1466,-93
733.061,00:03,1466,-94
733.091,00:04,1466,-89
733.503,00:02,1467,-93
733.56,00:03,1467,-95
733.593,00:04,1467,-89
734.005,00:02,1468,-93
734.061,00:03,1468,-95
734.094,00:04,1468,-89
734.502,00:02,1469,-93
734.559,00:03,1469,-95
734.591,00:04,1469,-89
735.002,00:02,1470,-93
735.061,00:03,1470,-95
735.091,00:04,1470,-89
735.503,00:02,1471,-93
735.559,00:03,1471,-95
735.592,00:04,1471,-89
736.004,00:02,1472,-92
736.06,00:03,1472,-95
736.092,00:04,1472,-89
736.503,00:02,1473,-92
736.56,00:03,1473,-95
736.592,00:04,1473,-89
737.004,00:02,1474,-92
737.059,00:03,1474,-95
737.092,00:04,1474,-89
737.502,00:02,1475,-92
737.56,00:03,1475,-95
737.592,00:04,1475,-89
738.002,00:02,1476,-92
738.059,00:03,1476,-95
738.091,00:04,1476,-90
738.504,00:02,1477,-92
738.559,00:03,1477,-96
738.591,00:04,1477,-90
739.003,00:02,1478,-92
739.06,00:03,1478,-96
739.091,00:04,1478,-90
739.504,00:02,1479,-92
739.56,00:03,1479,-96
739.591,00:04,1479,-90
740.004,00:02,1480,-92
740.06,00:03,1480,-96
740.091,00:04,1480,-90
740.504,00:02,1481,-92
740.56,00:03,1481,-96
740.59,00:04,1481,-90
741.002,00:02,1482,-91
741.06,00:03,1482,-96
741.092,00:04,1482,-90
741.504,00:02,1483,-91
741.559,00:03,1483,-96
741.592,00:04,1483,-90
742.004,00:02,1484,-91
742.059,00:03,1484,-96
742.093,00:04,1484,-90
742.504,00:02,1485,-91
742.559,00:03,1485,-96
742.593,00:04,1485,-90
743.002,00:02,1486,-91
743.059,00:03,1486,-96
743.091,00:04,1486,-90
743.505,00:02,1487,-91
743.559,00:03,1487,-96
743.593,00:04,1487,-90
744.005,00:02,1488,-91
744.059,00:03,1488,-97
744.092,00:04,1488,-90
744.503,00:02,1489,-91
744.558,00:03,1489,-97
744.591,00:04,1489,-90
745.003,00:02,1490,-95
745.06,00:03,1490,-101
745.091,00:04,1490,-94
745.503,00:02,1491,-95
745.559,00:03,1491,-101
745.591,00:04,1491,-94
746.002,00:02,1492,-95
746.06,00:03,1492,-101
746.091,00:04,1492,-95
746.502,00:02,1493,-94
746.559,00:03,1493,-101
746.592,00:04,1493,-95
747.002,00:02,1494,-94
747.06,00:03,1494,-101
747.092,00:04,1494,-95
747.502,00:02,1495,-94
747.56,00:03,1495,-101
747.591,00:04,1495,-95
748.004,00:02,1496,-94
748.059,00:03,1496,-101
748.091,00:04,1496,-95
748.503,00:02,1497,-94
748.561,00:03,1497,-101
748.59,00:04,1497,-95
749.004,00:02,1498,-90
749.06,00:03,1498,-98
749.092,00:04,1498,-91
749.504,00:02,1499,-90
749.561,00:03,1499,-98
749.59,00:04,1499,-91
750.004,00:02,1500,-90
750.061,00:03,1500,-98
750.09,00:04,1500,-91
750.503,00:02,1501,-90
750.562,00:03,1501,-98
750.591,00:04,1501,-91
751.003,00:02,1502,-90
751.059,00:03,1502,-98
751.09,00:04,1502,-91
751.503,00:02,1503,-90
751.561,00:03,1503,-98
751.593,00:04,1503,-91
752.003,00:02,1504,-90
752.059,00:03,1504,-98
752.089,00:04,1504,-91
752.504,00:02,1505,-90
752.559,00:03,1505,-98
752.591,00:04,1505,-92
753.004,00:02,1506,-90
753.059,00:03,1506,-98
753.09,00:04,1506,-92
753.502,00:02,1507,-90
753.559,00:03,1507,-98
753.591,00:04,1507,-92
754.002,00:02,1508,-90
754.059,00:03,1508,-98
754.091,00:04,1508,-92
754.504,00:02,1509,-89
754.559,00:03,1509,-98
754.592,00:04,1509,-92
755.004,00:02,1510,-89
755.06,00:03,1510,-99
755.091,00:04,1510,-92
755.505,00:02,1511,-89
755.558,00:03,1511,-99
755.59,00:04,1511,-92
756.003,00:02,1512,-89
756.06,00:03,1512,-99
756.091,00:04,1512,-92
756.504,00:02,1513,-89
756.558,00:03,1513,-99
756.592,00:04,1513,-92
757.004,00:02,1514,-89
757.06,00:03,1514,-99
757.092,00:04,1514,-92
757.505,00:02,1515,-89
757.559,00:03,1515,-99
757.591,00:04,1515,-92
758.004,00:02,1516,-89
758.06,00:03,1516,-99
758.092,00:04,1516,-92
758.504,00:02,1517,-89
758.559,00:03,1517,-99
758.592,00:04,1517,-92
759.003,00:02,1518,-89
759.059,00:03,1518,-99
759.091,00:04,1518,-93
759.504,00:02,1519,-89
759.559,00:03,1519,-99
759.592,00:04,1519,-93
760.002,00:02,1520,-89
760.06,00:03,1520,-99
760.09,00:04,1520,-93
760.504,00:02,1521,-89
760.56,00:03,1521,-100
760.59,00:04,1521,-93
761.003,00:02,1522,-89
761.06,00:03,1522,-100
761.09,00:04,1522,-93
761.503,00:02,1523,-89
761.561,00:03,1523,-100
761.591,00:04,1523,-93
762.003,00:02,1524,-89
762.06,00:03,1524,-100
762.09,00:04,1524,-93
762.502,00:02,1525,-89
762.561,00:03,1525,-100
762.591,00:04,1525,-93
763.002,00:02,1526,-90
763.06,00:03,1526,-100
763.092,00:04,1526,-93
763.503,00:02,1527,-90
763.56,00:03,1527,-100
763.591,00:04,1527,-93
764.003,00:02,1528,-90
764.06,00:03,1528,-100
764.091,00:04,1528,-93
764.503,00:02,1529,-90
764.559,00:03,1529,-100
764.591,00:04,1529,-93
765.003,00:02,1530,-90
765.061,00:03,1530,-100
765.091,00:04,1530,-92
765.503,00:02,1531,-91
765.56,00:03,1531,-100
765.59,00:04,1531,-92
766.002,00:02,1532,-91
766.059,00:03,1532,-100
766.091,00:04,1532,-92
766.503,00:02,1533,-91
766.56,00:03,1533,-100
766.591,00:04,1533,-92
767.003,00:02,1534,-91
767.062,00:03,1534,-100
767.092,00:04,1534,-92
767.502,00:02,1535,-91
767.56,00:03,1535,-100
767.59,00:04,1535,-92
768.002,00:02,1536,-91
768.061,00:03,1536,-100
768.09,00:04,1536,-92
768.503,00:02,1537,-91
768.56,00:03,1537,-100
768.591,00:04,1537,-92
769.003,00:02,1538,-91
769.059,00:03,1538,-100
769.089,00:04,1538,-92
769.503,00:02,1539,-91
769.56,00:03,1539,-100
769.591,00:04,1539,-92
770.001,00:02,1540,-91
770.06,00:03,1540,-100
770.091,00:04,1540,-92
770.505,00:02,1541,-91
770.56,00:03,1541,-100
770.591,00:04,1541,-92
771.002,00:02,1542,-91
771.058,00:03,1542,-100
771.09,00:04,1542,-92
771.505,00:02,1543,-91
771.56,00:03,1543,-100
771.589,00:04,1543,-91
772.005,00:02,1544,-91
772.061,00:03,1544,-99
772.09,00:04,1544,-91
772.504,00:02,1545,-91
772.558,00:03,1545,-99
772.59,00:04,1545,-91
773.004,00:02,1546,-91
773.06,00:03,1546,-99
773.091,00:04,1546,-91
773.503,00:02,1547,-91
773.559,00:03,1547,-99
773.591,00:04,1547,-91
774.005,00:02,1548,-91
774.06,00:03,1548,-99
774.09,00:04,1548,-91
774.504,00:02,1549,-92
774.56,00:03,1549,-99
774.59,00:04,1549,-91
775.004,00:02,1550,-92
775.06,00:03,1550,-99
775.09,00:04,1550,-91
775.504,00:02,1551,-92
775.56,00:03,1551,-99
775.591,00:04,1551,-91
776.002,00:02,1552,-92
776.059,00:03,1552,-99
776.091,00:04,1552,-91
776.502,00:02,1553,-92
776.56,00:03,1553,-99
776.592,00:04,1553,-91
777.005,00:02,1554,-92
777.06,00:03,1554,-99
777.09,00:04,1554,-90
777.503,00:02,1555,-92
777.561,00:03,1555,-99
777.591,00:04,1555,-90
778.005,00:02,1556,-92
778.06,00:03,1556,-98
778.092,00:04,1556,-90
778.503,00:02,1557,-92
778.561,00:03,1557,-98
778.591,00:04,1557,-90
779.004,00:02,1558,-92
779.059,00:03,1558,-98
779.089,00:04,1558,-90
779.503,00:02,1559,-92
779.559,00:03,1559,-98
779.59,00:04,1559,-90
780.005,00:02,1560,-92
780.06,00:03,1560,-98
780.09,00:04,1560,-90
780.505,00:02,1561,-92
780.559,00:03,1561,-98
780.589,00:04,1561,-90
781.003,00:02,1562,-96
781.059,00:03,1562,-102
781.092,00:04,1562,-94
781.502,00:02,1563,-96
781.56,00:03,1563,-102
781.591,00:04,1563,-94
782.002,00:02,1564,-96
782.059,00:03,1564,-102
782.09,00:04,1564,-94
782.502,00:02,1565,-96
782.56,00:03,1565,-102
782.589,00:04,1565,-93
783.003,00:02,1566,-96
783.061,00:03,1566,-102
783.091,00:04,1566,-93
783.503,00:02,1567,-96
783.56,00:03,1567,-102
783.591,00:04,1567,-93
784.003,00:02,1568,-96
784.061,00:03,1568,-101
784.091,00:04,1568,-93
784.502,00:02,1569,-96
784.558,00:03,1569,-101
784.59,00:04,1569,-93
785.003,00:02,1570,-93
785.058,00:03,1570,-97
785.089,00:04,1570,-89
785.503,00:02,1571,-93
785.559,00:03,1571,-97
785.591,00:04,1571,-89
786.004,00:02,1572,-93
786.06,00:03,1572,-97
786.092,00:04,1572,-89
786.504,00:02,1573,-93
786.56,00:03,1573,-97
786.59,00:04,1573,-89
787.004,00:02,1574,-93
787.059,00:03,1574,-97
787.091,00:04,1574,-89
787.505,00:02,1575,-93
787.558,00:03,1575,-97
787.591,00:04,1575,-89
788.004,00:02,1576,-93
788.059,00:03,1576,-97
788.091,00:04,1576,-89
788.503,00:02,1577,-93
788.561,00:03,1577,-97
788.592,00:04,1577,-89
789.003,00:02,1578,-93
789.059,00:03,1578,-97
789.09,00:04,1578,-88
789.503,00:02,1579,-93
789.56,00:03,1579,-96
789.59,00:04,1579,-88
790.002,00:02,1580,-93
790.058,00:03,1580,-96
790.09,00:04,1580,-88
790.502,00:02,1581,-93
790.559,00:03,1581,-96
790.591,00:04,1581,-88
791.002,00:02,1582,-93
791.059,00:03,1582,-96
791.091,00:04,1582,-88
791.503,00:02,1583,-94
791.56,00:03,1583,-96
791.592,00:04,1583,-88
792.002,00:02,1584,-94
792.059,00:03,1584,-96
792.091,00:04,1584,-88
792.504,00:02,1585,-94
792.56,00:03,1585,-96
792.591,00:04,1585,-88
793.003,00:02,1586,-94
793.061,00:03,1586,-96
793.09,00:04,1586,-88
793.502,00:02,1587,-94
793.56,00:03,1587,-96
793.589,00:04,1587,-88
794.003,00:02,1588,-94
794.058,00:03,1588,-96
794.09,00:04,1588,-88
794.504,00:02,1589,-94
794.561,00:03,1589,-96
794.59,00:04,1589,-88
795.002,00:02,1590,-94
795.06,00:03,1590,-95
795.091,00:04,1590,-88
795.504,00:02,1591,-94
795.559,00:03,1591,-95
795.592,00:04,1591,-88
796.004,00:02,1592,-94
796.059,00:03,1592,-95
796.092,00:04,1592,-87
796.503,00:02,1593,-94
796.56,00:03,1593,-95
796.591,00:04,1593,-87
797.003,00:02,1594,-95
797.06,00:03,1594,-95
797.089,00:04,1594,-87
797.505,00:02,1595,-95
797.561,00:03,1595,-95
797.592,00:04,1595,-87
798.002,00:02,1596,-95
798.059,00:03,1596,-95
798.09,00:04,1596,-87
798.503,00:02,1597,-95
798.56,00:03,1597,-95
798.592,00:04,1597,-87
799.004,00:02,1598,-95
799.062,00:03,1598,-95
799.092,00:04,1598,-87
799.504,00:02,1599,-95
799.561,00:03,1599,-95
799.59,00:04,1599,-87
800.003,00:02,1600,-95
800.059,00:03,1600,-94
800.091,00:04,1600,-87
800.504,00:02,1601,-95
800.56,00:03,1601,-94
800.592,00:04,1601,-87
801.002,00:02,1602,-95
801.061,00:03,1602,-94
801.09,00:04,1602,-87
801.503,00:02,1603,-95
801.56,00:03,1603,-94
801.59,00:04,1603,-87
802.005,00:02,1604,-96
802.06,00:03,1604,-94
802.089,00:04,1604,-87
802.502,00:02,1605,-96
802.559,00:03,1605,-94
802.59,00:04,1605,-87
803.003,00:02,1606,-96
803.06,00:03,1606,-94
803.09,00:04,1606,-87
803.503,00:02,1607,-96
803.56,00:03,1607,-94
803.59,00:04,1607,-87
804.003,00:02,1608,-96
804.061,00:03,1608,-94
804.092,00:04,1608,-87
804.505,00:02,1609,-96
804.561,00:03,1609,-94
804.59,00:04,1609,-87
805.004,00:02,1610,-96
805.058,00:03,1610,-94
805.091,00:04,1610,-87
805.504,00:02,1611,-96
805.56,00:03,1611,-93
805.591,00:04,1611,-87
806.004,00:02,1612,-96
806.06,00:03,1612,-93
806.09,00:04,1612,-87
806.503,00:02,1613,-96
806.56,00:03,1613,-93
806.59,00:04,1613,-87
807.003,00:02,1614,-97
807.059,00:03,1614,-93
807.092,00:04,1614,-87
807.505,00:02,1615,-97
807.56,00:03,1615,-93
807.59,00:04,1615,-87
808.003,00:02,1616,-97
808.062,00:03,1616,-93
808.09,00:04,1616,-87
808.505,00:02,1617,-97
808.561,00:03,1617,-93
808.59,00:04,1617,-87
809.003,00:02,1618,-97
809.059,00:03,1618,-93
809.09,00:04,1618,-86
809.503,00:02,1619,-97
809.561,00:03,1619,-93
809.589,00:04,1619,-86
810.003,00:02,1620,-97
810.062,00:03,1620,-93
810.089,00:04,1620,-86
810.504,00:02,1621,-97
810.561,00:03,1621,-92
810.59,00:04,1621,-86
811.002,00:02,1622,-97
811.061,00:03,1622,-92
811.091,00:04,1622,-86
811.503,00:02,1623,-97
811.561,00:03,1623,-92
811.591,00:04,1623,-86
812.003,00:02,1624,-98
812.06,00:03,1624,-92
812.09,00:04,1624,-86
812.504,00:02,1625,-98
812.56,00:03,1625,-92
812.591,00:04,1625,-86
813.002,00:02,1626,-98
813.061,00:03,1626,-92
813.09,00:04,1626,-86
813.504,00:02,1627,-98
813.559,00:03,1627,-92
813.59,00:04,1627,-86
814.005,00:02,1628,-98
814.061,00:03,1628,-92
814.089,00:04,1628,-86
814.502,00:02,1629,-98
814.559,00:03,1629,-92
814.592,00:04,1629,-86
815.004,00:02,1630,-98
815.06,00:03,1630,-92
815.088,00:04,1630,-86
815.503,00:02,1631,-98
815.56,00:03,1631,-91
815.59,00:04,1631,-86
816.004,00:02,1632,-98
816.06,00:03,1632,-91
816.089,00:04,1632,-86
816.504,00:02,1633,-98
816.561,00:03,1633,-91
816.59,00:04,1633,-86
817.003,00:02,1634,-99
817.06,00:03,1634,-91
817.091,00:04,1634,-86
817.505,00:02,1635,-99
817.559,00:03,1635,-91
817.588,00:04,1635,-87
818.004,00:02,1636,-99
818.06,00:03,1636,-91
818.091,00:04,1636,-87
818.502,00:02,1637,-99
818.562,00:03,1637,-91
818.589,00:04,1637,-87
819.002,00:02,1638,-99
819.06,00:03,1638,-91
819.091,00:04,1638,-87
819.502,00:02,1639,-99
819.559,00:03,1639,-91
819.59,00:04,1639,-87
820.004,00:02,1640,-99
820.059,00:03,1640,-90
820.088,00:04,1640,-87
820.502,00:02,1641,-99
820.559,00:03,1641,-90
820.59,00:04,1641,-87
821.002,00:02,1642,-99
821.058,00:03,1642,-90
821.091,00:04,1642,-87
821.504,00:02,1643,-99
821.561,00:03,1643,-90
821.59,00:04,1643,-87
822.004,00:02,1644,-100
822.06,00:03,1644,-90
822.09,00:04,1644,-87
822.505,00:02,1645,-100
822.561,00:03,1645,-90
822.59,00:04,1645,-87
823.002,00:02,1646,-100
823.061,00:03,1646,-90
823.09,00:04,1646,-87
823.502,00:02,1647,-100
823.56,00:03,1647,-90
823.59,00:04,1647,-87
824.004,00:02,1648,-100
824.06,00:03,1648,-90
824.091,00:04,1648,-87
824.503,00:02,1649,-100
824.56,00:03,1649,-90
824.589,00:04,1649,-87
825.003,00:02,1650,-100
825.06,00:03,1650,-90
825.088,00:04,1650,-87
825.504,00:02,1651,-100
825.561,00:03,1651,-89
825.59,00:04,1651,-87
826.002,00:02,1652,-100
826.06,00:03,1652,-89
826.089,00:04,1652,-87
826.503,00:02,1653,-100
826.56,00:03,1653,-89
826.591,00:04,1653,-87
827.003,00:02,1654,-100
827.061,00:03,1654,-89
827.09,00:04,1654,-87
827.502,00:02,1655,-101
827.561,00:03,1655,-89
827.59,00:04,1655,-87
828.004,00:02,1656,-101
828.06,00:03,1656,-89
828.088,00:04,1656,-87
828.502,00:02,1657,-101
828.562,00:03,1657,-89
828.59,00:04,1657,-87
829.003,00:02,1658,-101
829.06,00:03,1658,-89
829.089,00:04,1658,-87
829.504,00:02,1659,-101
829.56,00:03,1659,-89
829.59,00:04,1659,-87
830.003,00:02,1660,-101
830.06,00:03,1660,-89
830.088,00:04,1660,-88
830.502,00:02,1661,-101
830.56,00:03,1661,-88
830.59,00:04,1661,-88
831.002,00:02,1662,-101
831.061,00:03,1662,-88
831.091,00:04,1662,-88
831.502,00:02,1663,-101
831.561,00:03,1663,-88
831.59,00:04,1663,-88
832.004,00:02,1664,-101
832.058,00:03,1664,-88
832.088,00:04,1664,-88
832.503,00:02,1665,-102
832.559,00:03,1665,-88
832.59,00:04,1665,-88
833.005,00:02,1666,-102
833.06,00:03,1666,-88
833.089,00:04,1666,-88
833.503,00:02,1667,-102
833.56,00:03,1667,-88
833.591,00:04,1667,-88
834.003,00:02,1668,-102
834.059,00:03,1668,-88
834.09,00:04,1668,-88
834.502,00:02,1669,-102
834.56,00:03,1669,-88
834.588,00:04,1669,-88
835.003,00:02,1670,-102
835.059,00:03,1670,-88
835.09,00:04,1670,-88
835.501,00:02,1671,-102
835.56,00:03,1671,-88
835.59,00:04,1671,-88
836.004,00:02,1672,-102
836.061,00:03,1672,-88
836.091,00:04,1672,-88
836.504,00:02,1673,-102
836.561,00:03,1673,-87
836.59,00:04,1673,-88
837.003,00:02,1674,-102
837.06,00:03,1674,-87
837.089,00:04,1674,-88
837.504,00:02,1675,-102
837.56,00:03,1675,-87
837.589,00:04,1675,-89
838.003,00:02,1676,-103
838.061,00:03,1676,-87
838.09,00:04,1676,-89
838.504,00:02,1677,-103
838.559,00:03,1677,-87
838.59,00:04,1677,-89
839.003,00:02,1678,-103
839.061,00:03,1678,-87
839.09,00:04,1678,-89
839.502,00:02,1679,-103
839.558,00:03,1679,-87
839.59,00:04,1679,-89
840.004,00:02,1680,-103
840.059,00:03,1680,-87
840.09,00:04,1680,-89
840.504,00:02,1681,-103
840.561,00:03,1681,-87
840.589,00:04,1681,-89
841.004,00:02,1682,-107
841.059,00:03,1682,-91
841.089,00:04,1682,-93
841.502,00:02,1683,-107
841.562,00:03,1683,-91
841.591,00:04,1683,-93
842.004,00:02,1684,-107
842.059,00:03,1684,-91
842.09,00:04,1684,-93
842.505,00:02,1685,-107
842.56,00:03,1685,-91
842.589,00:04,1685,-93
843.059,00:03,1686,-90
843.087,00:04,1686,-93
843.503,00:02,1687,-108
843.562,00:03,1687,-90
843.589,00:04,1687,-93
844.003,00:02,1688,-108
844.061,00:03,1688,-90
844.09,00:04,1688,-94
844.502,00:02,1689,-108
844.561,00:03,1689,-90
844.59,00:04,1689,-94
845.004,00:02,1690,-104
845.06,00:03,1690,-86
845.089,00:04,1690,-90
845.504,00:02,1691,-104
845.559,00:03,1691,-86
845.591,00:04,1691,-90
846.005,00:02,1692,-104
846.059,00:03,1692,-86
846.089,00:04,1692,-90
846.503,00:02,1693,-104
846.559,00:03,1693,-86
846.59,00:04,1693,-90
847.003,00:02,1694,-104
847.06,00:03,1694,-86
847.089,00:04,1694,-90
847.502,00:02,1695,-104
847.56,00:03,1695,-86
847.587,00:04,1695,-90
848.004,00:02,1696,-104
848.059,00:03,1696,-86
848.089,00:04,1696,-90
848.502,00:02,1697,-104
848.561,00:03,1697,-86
848.591,00:04,1697,-90
849.003,00:02,1698,-104
849.061,00:03,1698,-86
849.089,00:04,1698,-90
849.504,00:02,1699,-105
849.561,00:03,1699,-86
849.589,00:04,1699,-91
850.004,00:02,1700,-105
850.061,00:03,1700,-86
850.089,00:04,1700,-91
850.505,00:02,1701,-105
850.559,00:03,1701,-86
850.589,00:04,1701,-91
851.003,00:02,1702,-105
851.059,00:03,1702,-86
851.088,00:04,1702,-91
851.503,00:02,1703,-105
851.56,00:03,1703,-86
851.589,00:04,1703,-91
852.004,00:02,1704,-105
852.061,00:03,1704,-86
852.09,00:04,1704,-91
852.503,00:02,1705,-105
852.561,00:03,1705,-86
852.589,00:04,1705,-91
853.002,00:02,1706,-105
853.06,00:03,1706,-86
853.088,00:04,1706,-91
853.503,00:02,1707,-105
853.561,00:03,1707,-86
853.59,00:04,1707,-91
854.001,00:02,1708,-105
854.059,00:03,1708,-86
854.089,00:04,1708,-91
854.502,00:02,1709,-105
854.561,00:03,1709,-86
854.591,00:04,1709,-91
855.003,00:02,1710,-105
855.059,00:03,1710,-86
855.09,00:04,1710,-92
855.503,00:02,1711,-106
855.558,00:03,1711,-86
855.589,00:04,1711,-92
856.004,00:02,1712,-106
856.059,00:03,1712,-86
856.09,00:04,1712,-92
856.503,00:02,1713,-106
856.56,00:03,1713,-86
856.589,00:04,1713,-92
857.005,00:02,1714,-106
857.061,00:03,1714,-86
857.09,00:04,1714,-92
857.505,00:02,1715,-106
857.56,00:03,1715,-86
857.591,00:04,1715,-92
858.004,00:02,1716,-106
858.061,00:03,1716,-86
858.089,00:04,1716,-92
858.503,00:02,1717,-106
858.561,00:03,1717,-86
858.59,00:04,1717,-92
859.003,00:02,1718,-106
859.061,00:03,1718,-86
859.09,00:04,1718,-92
859.504,00:02,1719,-106
859.559,00:03,1719,-86
859.59,00:04,1719,-92
860.002,00:02,1720,-106
860.061,00:03,1720,-86
860.09,00:04,1720,-92
860.503,00:02,1721,-106
860.558,00:03,1721,-87
860.59,00:04,1721,-92
861.002,00:02,1722,-106
861.061,00:03,1722,-87
861.09,00:04,1722,-91
861.501,00:02,1723,-106
861.56,00:03,1723,-87
861.589,00:04,1723,-91
862.004,00:02,1724,-106
862.06,00:03,1724,-87
862.088,00:04,1724,-91
862.505,00:02,1725,-106
862.559,00:03,1725,-87
862.587,00:04,1725,-91
863.004,00:02,1726,-106
863.06,00:03,1726,-87
863.089,00:04,1726,-91
863.502,00:02,1727,-106
863.561,00:03,1727,-87
863.588,00:04,1727,-91
864.002,00:02,1728,-106
864.06,00:03,1728,-87
864.088,00:04,1728,-91
864.504,00:02,1729,-106
864.56,00:03,1729,-87
864.589,00:04,1729,-91
865.002,00:02,1730,-106
865.059,00:03,1730,-87
865.087,00:04,1730,-91
865.502,00:02,1731,-106
865.561,00:03,1731,-87
865.588,00:04,1731,-91
866.003,00:02,1732,-106
866.061,00:03,1732,-87
866.089,00:04,1732,-91
866.503,00:02,1733,-106
866.559,00:03,1733,-87
866.589,00:04,1733,-91
867.003,00:02,1734,-106
867.061,00:03,1734,-87
867.089,00:04,1734,-90
867.503,00:02,1735,-106
867.56,00:03,1735,-87
867.59,00:04,1735,-90
868.002,00:02,1736,-106
868.06,00:03,1736,-87
868.089,00:04,1736,-90
868.502,00:02,1737,-106
868.56,00:03,1737,-87
868.59,00:04,1737,-90
869.002,00:02,1738,-106
869.061,00:03,1738,-88
869.089,00:04,1738,-90
869.503,00:02,1739,-105
869.561,00:03,1739,-88
869.589,00:04,1739,-90
870.003,00:02,1740,-105
870.059,00:03,1740,-88
870.09,00:04,1740,-90
870.502,00:02,1741,-105
870.56,00:03,1741,-88
870.587,00:04,1741,-90
871.003,00:02,1742,-105
871.06,00:03,1742,-88
871.09,00:04,1742,-90
871.503,00:02,1743,-105
871.56,00:03,1743,-88
871.589,00:04,1743,-90
872.004,00:02,1744,-105
872.061,00:03,1744,-88
872.088,00:04,1744,-89
872.503,00:02,1745,-105
872.561,00:03,1745,-88
872.588,00:04,1745,-89
873.004,00:02,1746,-105
873.058,00:03,1746,-88
873.09,00:04,1746,-89
873.504,00:02,1747,-105
873.561,00:03,1747,-88
873.589,00:04,1747,-89
874.003,00:02,1748,-105
874.06,00:03,1748,-88
874.089,00:04,1748,-89
874.504,00:02,1749,-105
874.56,00:03,1749,-88
874.589,00:04,1749,-89
875.002,00:02,1750,-105
875.061,00:03,1750,-88
875.088,00:04,1750,-89
875.503,00:02,1751,-105
875.562,00:03,1751,-88
875.589,00:04,1751,-89
876.004,00:02,1752,-104
876.059,00:03,1752,-88
876.088,00:04,1752,-89
876.504,00:02,1753,-104
876.559,00:03,1753,-88
876.589,00:04,1753,-89
877.004,00:02,1754,-108
877.061,00:03,1754,-92
877.087,00:04,1754,-92
877.503,00:02,1755,-108
877.562,00:03,1755,-92
877.59,00:04,1755,-92
878.003,00:02,1756,-108
878.059,00:03,1756,-92
878.089,00:04,1756,-92
878.501,00:02,1757,-108
878.562,00:03,1757,-92
878.588,00:04,1757,-92
879.003,00:02,1758,-108
879.058,00:03,1758,-92
879.088,00:04,1758,-92
879.501,00:02,1759,-108
879.559,00:03,1759,-92
879.589,00:04,1759,-92
880.002,00:02,1760,-108
880.061,00:03,1760,-92
880.09,00:04,1760,-92
880.502,00:02,1761,-108
880.561,00:03,1761,-92
880.589,00:04,1761,-92
881.003,00:02,1762,-104
881.059,00:03,1762,-88
881.088,00:04,1762,-88
881.503,00:02,1763,-104
881.559,00:03,1763,-88
881.589,00:04,1763,-88
882.004,00:02,1764,-103
882.06,00:03,1764,-89
882.088,00:04,1764,-87
882.503,00:02,1765,-103
882.562,00:03,1765,-89
882.588,00:04,1765,-87
883.003,00:02,1766,-103
883.06,00:03,1766,-89
883.089,00:04,1766,-87
883.501,00:02,1767,-103
883.562,00:03,1767,-89
883.589,00:04,1767,-87
884.002,00:02,1768,-103
884.058,00:03,1768,-89
884.088,00:04,1768,-87
884.504,00:02,1769,-103
884.561,00:03,1769,-89
884.59,00:04,1769,-87
885.003,00:02,1770,-103
885.059,00:03,1770,-89
885.089,00:04,1770,-87
885.504,00:02,1771,-103
885.56,00:03,1771,-89
885.589,00:04,1771,-87
886.005,00:02,1772,-103
886.059,00:03,1772,-89
886.089,00:04,1772,-87
886.502,00:02,1773,-103
886.561,00:03,1773,-89
886.588,00:04,1773,-87
887.004,00:02,1774,-103
887.06,00:03,1774,-89
887.089,00:04,1774,-87
887.503,00:02,1775,-103
887.56,00:03,1775,-89
887.589,00:04,1775,-86
888.003,00:02,1776,-102
888.059,00:03,1776,-89
888.089,00:04,1776,-86
888.503,00:02,1777,-102
888.561,00:03,1777,-89
888.589,00:04,1777,-86
889.003,00:02,1778,-102
889.061,00:03,1778,-89
889.088,00:04,1778,-86
889.501,00:02,1779,-102
889.56,00:03,1779,-90
889.589,00:04,1779,-86
890.004,00:02,1780,-102
890.059,00:03,1780,-90
890.089,00:04,1780,-86
890.504,00:02,1781,-102
890.56,00:03,1781,-90
890.59,00:04,1781,-86
891.004,00:02,1782,-102
891.06,00:03,1782,-90
891.089,00:04,1782,-86
891.503,00:02,1783,-102
891.56,00:03,1783,-90
891.588,00:04,1783,-86
892.002,00:02,1784,-102
892.059,00:03,1784,-90
892.088,00:04,1784,-86
892.503,00:02,1785,-102
892.56,00:03,1785,-90
892.59,00:04,1785,-86
893.003,00:02,1786,-102
893.06,00:03,1786,-90
893.089,00:04,1786,-86
893.503,00:02,1787,-101
893.559,00:03,1787,-90
893.59,00:04,1787,-86
894.003,00:02,1788,-101
894.059,00:03,1788,-90
894.089,00:04,1788,-86
894.504,00:02,1789,-101
894.56,00:03,1789,-90
894.59,00:04,1789,-85
895.001,00:02,1790,-101
895.06,00:03,1790,-90
895.09,00:04,1790,-85
895.502,00:02,1791,-101
895.559,00:03,1791,-91
895.59,00:04,1791,-85
896.003,00:02,1792,-101
896.061,00:03,1792,-91
896.087,00:04,1792,-85
896.503,00:02,1793,-101
896.56,00:03,1793,-91
896.59,00:04,1793,-85
897.003,00:02,1794,-101
897.06,00:03,1794,-91
897.089,00:04,1794,-85
897.501,00:02,1795,-101
897.559,00:03,1795,-91
897.588,00:04,1795,-85
898.004,00:02,1796,-101
898.06,00:03,1796,-91
898.09,00:04,1796,-85
898.502,00:02,1797,-101
898.56,00:03,1797,-91
898.589,00:04,1797,-85
899.003,00:02,1798,-100
899.059,00:03,1798,-91
899.088,00:04,1798,-85
899.502,00:02,1799,-100
899.561,00:03,1799,-91
899.587,00:04,1799,-85
900.002,00:02,1800,-100
900.061,00:03,1800,-91
900.088,00:04,1800,-85
900.502,00:02,1801,-100
900.561,00:03,1801,-91
900.588,00:04,1801,-85
901.004,00:02,1802,-100
901.059,00:03,1802,-91
901.086,00:04,1802,-85
901.501,00:02,1803,-100
901.561,00:03,1803,-92
901.589,00:04,1803,-85
902.003,00:02,1804,-100
902.061,00:03,1804,-92
902.088,00:04,1804,-85
902.502,00:02,1805,-100
902.561,00:03,1805,-92
902.588,00:04,1805,-85
903.001,00:02,1806,-100
903.061,00:03,1806,-92
903.088,00:04,1806,-85
903.503,00:02,1807,-100
903.56,00:03,1807,-92
903.588,00:04,1807,-85
904.002,00:02,1808,-100
904.061,00:03,1808,-92
904.088,00:04,1808,-85
904.502,00:02,1809,-99
904.56,00:03,1809,-92
904.59,00:04,1809,-85
905.003,00:02,1810,-99
905.059,00:03,1810,-92
905.087,00:04,1810,-85
905.504,00:02,1811,-99
905.56,00:03,1811,-92
905.588,00:04,1811,-85
906.004,00:02,1812,-99
906.06,00:03,1812,-92
906.087,00:04,1812,-85
906.504,00:02,1813,-99
906.561,00:03,1813,-92
906.588,00:04,1813,-85
907.003,00:02,1814,-99
907.06,00:03,1814,-93
907.088,00:04,1814,-85
907.505,00:02,1815,-99
907.56,00:03,1815,-93
907.588,00:04,1815,-84
908.003,00:02,1816,-99
908.061,00:03,1816,-93
908.088,00:04,1816,-84
908.503,00:02,1817,-99
908.561,00:03,1817,-93
908.588,00:04,1817,-84
909.002,00:02,1818,-99
909.061,00:03,1818,-93
909.089,00:04,1818,-84
909.503,00:02,1819,-99
909.561,00:03,1819,-93
909.587,00:04,1819,-84
910.002,00:02,1820,-99
910.06,00:03,1820,-93
910.09,00:04,1820,-84
910.503,00:02,1821,-98
910.561,00:03,1821,-93
910.587,00:04,1821,-84
911.003,00:02,1822,-98
911.059,00:03,1822,-93
911.087,00:04,1822,-85
911.502,00:02,1823,-98
911.56,00:03,1823,-93
911.588,00:04,1823,-85
912.003,00:02,1824,-98
912.062,00:03,1824,-93
912.088,00:04,1824,-85
912.503,00:02,1825,-98
912.561,00:03,1825,-94
912.589,00:04,1825,-85
913.004,00:02,1826,-98
913.059,00:03,1826,-94
913.088,00:04,1826,-85
913.502,00:02,1827,-98
913.56,00:03,1827,-94
913.586,00:04,1827,-85
914.004,00:02,1828,-98
914.06,00:03,1828,-94
914.089,00:04,1828,-85
914.503,00:02,1829,-98
914.559,00:03,1829,-94
914.589,00:04,1829,-85
915.002,00:02,1830,-98
915.059,00:03,1830,-94
915.088,00:04,1830,-85
915.504,00:02,1831,-98
915.56,00:03,1831,-94
915.59,00:04,1831,-85
916.003,00:02,1832,-97
916.061,00:03,1832,-94
916.089,00:04,1832,-85
916.504,00:02,1833,-97
916.561,00:03,1833,-94
916.588,00:04,1833,-85
917.002,00:02,1834,-97
917.061,00:03,1834,-94
917.088,00:04,1834,-85
917.503,00:02,1835,-97
917.56,00:03,1835,-94
917.587,00:04,1835,-85
918.002,00:02,1836,-97
918.062,00:03,1836,-95
918.087,00:04,1836,-85
918.503,00:02,1837,-97
918.559,00:03,1837,-95
918.588,00:04,1837,-85
919.004,00:02,1838,-97
919.06,00:03,1838,-95
919.089,00:04,1838,-85
919.504,00:02,1839,-97
919.561,00:03,1839,-95
919.589,00:04,1839,-85
920.001,00:02,1840,-97
920.061,00:03,1840,-95
920.088,00:04,1840,-85
920.503,00:02,1841,-97
920.559,00:03,1841,-95
920.587,00:04,1841,-85
921.004,00:02,1842,-97
921.062,00:03,1842,-95
921.088,00:04,1842,-85
921.502,00:02,1843,-96
921.561,00:03,1843,-95
921.586,00:04,1843,-85
922.003,00:02,1844,-96
922.061,00:03,1844,-95
922.087,00:04,1844,-85
922.502,00:02,1845,-96
922.562,00:03,1845,-95
922.588,00:04,1845,-85
923.004,00:02,1846,-96
923.06,00:03,1846,-95
923.089,00:04,1846,-85
923.501,00:02,1847,-96
923.559,00:03,1847,-95
923.587,00:04,1847,-85
924.002,00:02,1848,-96
924.059,00:03,1848,-96
924.088,00:04,1848,-86
924.503,00:02,1849,-96
924.56,00:03,1849,-96
924.589,00:04,1849,-86
925.003,00:02,1850,-96
925.059,00:03,1850,-96
925.089,00:04,1850,-86
925.504,00:02,1851,-96
925.56,00:03,1851,-96
925.587,00:04,1851,-86
926.004,00:02,1852,-96
926.06,00:03,1852,-96
926.089,00:04,1852,-86
926.503,00:02,1853,-96
926.559,00:03,1853,-96
926.587,00:04,1853,-86
927.002,00:02,1854,-96
927.06,00:03,1854,-96
927.089,00:04,1854,-86
927.504,00:02,1855,-96
927.561,00:03,1855,-96
927.588,00:04,1855,-86
928.002,00:02,1856,-95
928.059,00:03,1856,-96
928.089,00:04,1856,-86
928.502,00:02,1857,-95
928.561,00:03,1857,-96
928.587,00:04,1857,-86
929.001,00:02,1858,-95
929.06,00:03,1858,-96
929.086,00:04,1858,-86
929.502,00:02,1859,-95
929.56,00:03,1859,-97
929.587,00:04,1859,-86
930.002,00:02,1860,-95
930.06,00:03,1860,-97
930.09,00:04,1860,-86
930.502,00:02,1861,-95
930.56,00:03,1861,-97
930.587,00:04,1861,-87
931.004,00:02,1862,-95
931.06,00:03,1862,-97
931.088,00:04,1862,-87
931.502,00:02,1863,-95
931.561,00:03,1863,-97
931.59,00:04,1863,-87
932.002,00:02,1864,-95
932.059,00:03,1864,-97
932.088,00:04,1864,-87
932.503,00:02,1865,-95
932.56,00:03,1865,-97
932.587,00:04,1865,-87
933.003,00:02,1866,-95
933.061,00:03,1866,-97
933.087,00:04,1866,-87
933.502,00:02,1867,-95
933.559,00:03,1867,-97
933.588,00:04,1867,-87
934.003,00:02,1868,-95
934.061,00:03,1868,-97
934.087,00:04,1868,-87
934.503,00:02,1869,-95
934.562,00:03,1869,-97
934.589,00:04,1869,-87
935.004,00:02,1870,-94
935.059,00:03,1870,-97
935.089,00:04,1870,-87
935.503,00:02,1871,-94
935.562,00:03,1871,-98
935.588,00:04,1871,-87
936.001,00:02,1872,-94
936.062,00:03,1872,-98
936.087,00:04,1872,-87
936.504,00:02,1873,-94
936.559,00:03,1873,-98
936.589,00:04,1873,-88
937.003,00:02,1874,-98
937.061,00:03,1874,-102
937.087,00:04,1874,-92
937.502,00:02,1875,-98
937.56,00:03,1875,-102
937.588,00:04,1875,-92
938.003,00:02,1876,-98
938.062,00:03,1876,-102
938.088,00:04,1876,-92
938.502,00:02,1877,-98
938.561,00:03,1877,-102
938.586,00:04,1877,-92
939.004,00:02,1878,-98
939.061,00:03,1878,-102
939.087,00:04,1878,-92
939.503,00:02,1879,-98
939.562,00:03,1879,-102
939.589,00:04,1879,-92
940.003,00:02,1880,-98
940.061,00:03,1880,-102
940.086,00:04,1880,-92
940.502,00:02,1881,-98
940.562,00:03,1881,-102
940.587,00:04,1881,-92
941.004,00:02,1882,-94
941.06,00:03,1882,-98
941.089,00:04,1882,-88
941.504,00:02,1883,-94
941.561,00:03,1883,-99
941.586,00:04,1883,-89
942.003,00:02,1884,-94
942.061,00:03,1884,-99
942.088,00:04,1884,-89
942.503,00:02,1885,-94
942.562,00:03,1885,-99
942.588,00:04,1885,-89
943.002,00:02,1886,-94
943.061,00:03,1886,-99
943.087,00:04,1886,-89
943.503,00:02,1887,-94
943.56,00:03,1887,-99
943.587,00:04,1887,-89
944.004,00:02,1888,-94
944.06,00:03,1888,-99
944.088,00:04,1888,-89
944.502,00:02,1889,-94
944.56,00:03,1889,-99
944.588,00:04,1889,-89
945.003,00:02,1890,-94
945.062,00:03,1890,-99
945.087,00:04,1890,-89
945.501,00:02,1891,-93
945.561,00:03,1891,-99
945.588,00:04,1891,-89
946.001,00:02,1892,-93
946.06,00:03,1892,-99
946.087,00:04,1892,-89
946.505,00:02,1893,-93
946.562,00:03,1893,-99
946.587,00:04,1893,-90
947.003,00:02,1894,-93
947.06,00:03,1894,-99
947.087,00:04,1894,-90
947.503,00:02,1895,-93
947.561,00:03,1895,-100
947.587,00:04,1895,-90
948.003,00:02,1896,-93
948.059,00:03,1896,-100
948.087,00:04,1896,-90
948.504,00:02,1897,-93
948.559,00:03,1897,-100
948.588,00:04,1897,-90
949.002,00:02,1898,-93
949.059,00:03,1898,-100
949.088,00:04,1898,-90
949.502,00:02,1899,-93
949.559,00:03,1899,-100
949.586,00:04,1899,-90
950.001,00:02,1900,-93
950.06,00:03,1900,-100
950.086,00:04,1900,-90
950.503,00:02,1901,-93
950.56,00:03,1901,-100
950.586,00:04,1901,-90
951.003,00:02,1902,-93
951.06,00:03,1902,-100
951.088,00:04,1902,-91
951.502,00:02,1903,-93
951.56,00:03,1903,-100
951.588,00:04,1903,-91
952.004,00:02,1904,-93
952.062,00:03,1904,-100
952.088,00:04,1904,-91
952.503,00:02,1905,-93
952.561,00:03,1905,-100
952.589,00:04,1905,-91
953.003,00:02,1906,-93
953.063,00:03,1906,-100
953.086,00:04,1906,-91
953.503,00:02,1907,-93
953.56,00:03,1907,-100
953.587,00:04,1907,-91
954.003,00:02,1908,-93
954.059,00:03,1908,-100
954.088,00:04,1908,-91
954.502,00:02,1909,-93
954.562,00:03,1909,-101
954.589,00:04,1909,-91
955.003,00:02,1910,-94
955.06,00:03,1910,-101
955.088,00:04,1910,-91
955.503,00:02,1911,-94
955.559,00:03,1911,-101
955.588,00:04,1911,-91
956.002,00:02,1912,-94
956.061,00:03,1912,-101
956.088,00:04,1912,-91
956.502,00:02,1913,-94
956.562,00:03,1913,-101
956.587,00:04,1913,-91
957.002,00:02,1914,-94
957.061,00:03,1914,-101
957.089,00:04,1914,-91
957.501,00:02,1915,-94
957.561,00:03,1915,-101
957.587,00:04,1915,-90
958.004,00:02,1916,-95
958.061,00:03,1916,-101
958.086,00:04,1916,-90
958.502,00:02,1917,-95
958.56,00:03,1917,-101
958.587,00:04,1917,-90
959.001,00:02,1918,-95
959.062,00:03,1918,-101
959.087,00:04,1918,-90
959.503,00:02,1919,-95
959.561,00:03,1919,-101
959.587,00:04,1919,-90
960.001,00:02,1920,-95
960.059,00:03,1920,-101
960.088,00:04,1920,-90
960.503,00:02,1921,-95
960.559,00:03,1921,-101
960.588,00:04,1921,-90
961.003,00:02,1922,-95
961.061,00:03,1922,-101
961.086,00:04,1922,-90
961.503,00:02,1923,-95
961.559,00:03,1923,-101
961.587,00:04,1923,-90
962.002,00:02,1924,-95
962.061,00:03,1924,-101
962.087,00:04,1924,-90
962.502,00:02,1925,-95
962.561,00:03,1925,-101
962.588,00:04,1925,-90
963.004,00:02,1926,-95
963.061,00:03,1926,-100
963.087,00:04,1926,-89
963.502,00:02,1927,-95
963.56,00:03,1927,-100
963.587,00:04,1927,-89
964.002,00:02,1928,-95
964.059,00:03,1928,-100
964.087,00:04,1928,-89
964.502,00:02,1929,-95
964.561,00:03,1929,-100
964.588,00:04,1929,-89
965.002,00:02,1930,-95
965.06,00:03,1930,-100
965.087,00:04,1930,-89
965.502,00:02,1931,-95
965.559,00:03,1931,-100
965.587,00:04,1931,-89
966.002,00:02,1932,-95
966.059,00:03,1932,-100
966.087,00:04,1932,-89
966.503,00:02,1933,-95
966.56,00:03,1933,-100
966.587,00:04,1933,-89
967.003,00:02,1934,-95
967.06,00:03,1934,-100
967.086,00:04,1934,-89
967.503,00:02,1935,-95
967.56,00:03,1935,-100
967.586,00:04,1935,-88
968.004,00:02,1936,-95
968.059,00:03,1936,-100
968.088,00:04,1936,-88
968.502,00:02,1937,-95
968.561,00:03,1937,-100
968.588,00:04,1937,-88
969.003,00:02,1938,-95
969.061,00:03,1938,-100
969.086,00:04,1938,-88
969.502,00:02,1939,-95
969.561,00:03,1939,-99
969.588,00:04,1939,-88
970.003,00:02,1940,-95
970.06,00:03,1940,-99
970.087,00:04,1940,-88
970.502,00:02,1941,-95
970.56,00:03,1941,-99
970.586,00:04,1941,-88
971.001,00:02,1942,-95
971.06,00:03,1942,-99
971.088,00:04,1942,-88
971.501,00:02,1943,-95
971.562,00:03,1943,-99
971.588,00:04,1943,-87
972.003,00:02,1944,-95
972.061,00:03,1944,-99
972.088,00:04,1944,-87
972.502,00:02,1945,-95
972.562,00:03,1945,-99
972.588,00:04,1945,-87
973.003,00:02,1946,-99
973.062,00:03,1946,-103
973.086,00:04,1946,-91
973.503,00:02,1947,-99
973.559,00:03,1947,-103
973.586,00:04,1947,-91
974.003,00:02,1948,-100
974.061,00:03,1948,-103
974.085,00:04,1948,-91
974.503,00:02,1949,-100
974.561,00:03,1949,-103
974.586,00:04,1949,-91
975.004,00:02,1950,-100
975.061,00:03,1950,-103
975.088,00:04,1950,-91
975.502,00:02,1951,-100
975.559,00:03,1951,-103
975.588,00:04,1951,-91
976.003,00:02,1952,-100
976.06,00:03,1952,-103
976.086,00:04,1952,-90
976.504,00:02,1953,-100
976.561,00:03,1953,-102
976.586,00:04,1953,-90
977.002,00:02,1954,-96
977.06,00:03,1954,-98
977.085,00:04,1954,-86
977.502,00:02,1955,-96
977.562,00:03,1955,-98
977.588,00:04,1955,-86
978.004,00:02,1956,-96
978.06,00:03,1956,-98
978.087,00:04,1956,-86
978.503,00:02,1957,-96
978.562,00:03,1957,-98
978.587,00:04,1957,-86
979.003,00:02,1958,-96
979.062,00:03,1958,-98
979.089,00:04,1958,-86
979.502,00:02,1959,-96
979.56,00:03,1959,-98
979.588,00:04,1959,-86
980.002,00:02,1960,-96
980.061,00:03,1960,-98
980.086,00:04,1960,-86
980.501,00:02,1961,-96
980.561,00:03,1961,-98
980.585,00:04,1961,-85
981.002,00:02,1962,-96
981.061,00:03,1962,-98
981.085,00:04,1962,-85
981.502,00:02,1963,-96
981.561,00:03,1963,-98
981.585,00:04,1963,-85
982.002,00:02,1964,-96
982.06,00:03,1964,-98
982.087,00:04,1964,-85
982.502,00:02,1965,-96
982.561,00:03,1965,-97
982.588,00:04,1965,-85
983.001,00:02,1966,-96
983.062,00:03,1966,-97
983.085,00:04,1966,-85
983.501,00:02,1967,-96
983.56,00:03,1967,-97
983.587,00:04,1967,-85
984.003,00:02,1968,-97
984.061,00:03,1968,-97
984.086,00:04,1968,-85
984.504,00:02,1969,-97
984.562,00:03,1969,-97
984.586,00:04,1969,-85
985.004,00:02,1970,-97
985.06,00:03,1970,-97
985.086,00:04,1970,-84
985.503,00:02,1971,-97
985.559,00:03,1971,-97
985.587,00:04,1971,-84
986.002,00:02,1972,-97
986.06,00:03,1972,-97
986.086,00:04,1972,-84
986.502,00:02,1973,-97
986.56,00:03,1973,-97
986.587,00:04,1973,-84
987.001,00:02,1974,-97
987.059,00:03,1974,-97
987.087,00:04,1974,-84
987.501,00:02,1975,-97
987.561,00:03,1975,-97
987.586,00:04,1975,-84
988.003,00:02,1976,-97
988.06,00:03,1976,-97
988.087,00:04,1976,-84
988.503,00:02,1977,-97
988.56,00:03,1977,-97
988.586,00:04,1977,-84
989.002,00:02,1978,-97
989.061,00:03,1978,-96
989.086,00:04,1978,-84
989.503,00:02,1979,-97
989.561,00:03,1979,-96
989.585,00:04,1979,-84
990.002,00:02,1980,-97
990.061,00:03,1980,-96
990.086,00:04,1980,-84
990.503,00:02,1981,-97
990.561,00:03,1981,-96
990.586,00:04,1981,-84
991.001,00:02,1982,-97
991.061,00:03,1982,-96
991.088,00:04,1982,-83
991.503,00:02,1983,-98
991.56,00:03,1983,-96
991.586,00:04,1983,-83
992.004,00:02,1984,-98
992.063,00:03,1984,-96
992.088,00:04,1984,-83
992.502,00:02,1985,-98
992.561,00:03,1985,-96
992.587,00:04,1985,-83
993.003,00:02,1986,-98
993.061,00:03,1986,-96
993.086,00:04,1986,-83
993.502,00:02,1987,-98
993.561,00:03,1987,-96
993.587,00:04,1987,-83
994.002,00:02,1988,-98
994.062,00:03,1988,-96
994.087,00:04,1988,-83
994.504,00:02,1989,-98
994.561,00:03,1989,-96
994.586,00:04,1989,-83
995.002,00:02,1990,-98
995.061,00:03,1990,-95
995.087,00:04,1990,-83
995.502,00:02,1991,-98
995.562,00:03,1991,-95
995.585,00:04,1991,-83
996.003,00:02,1992,-98
996.059,00:03,1992,-95
996.087,00:04,1992,-83
996.503,00:02,1993,-98
996.561,00:03,1993,-95
996.588,00:04,1993,-83
997.001,00:02,1994,-98
997.061,00:03,1994,-95
997.085,00:04,1994,-83
997.502,00:02,1995,-98
997.561,00:03,1995,-95
997.585,00:04,1995,-83
998.003,00:02,1996,-99
998.062,00:03,1996,-95
998.088,00:04,1996,-83
998.502,00:02,1997,-99
998.561,00:03,1997,-95
998.588,00:04,1997,-83
999.003,00:02,1998,-99
999.061,00:03,1998,-95
999.085,00:04,1998,-83
999.503,00:02,1999,-99
999.561,00:03,1999,-95
999.588,00:04,1999,-82
1000,00:02,2000,-99
1000.06,00:03,2000,-95
1000.09,00:04,2000,-82
1000.5,00:02,2001,-99
1000.56,00:03,2001,-95
1000.59,00:04,2001,-82
1001,00:02,2002,-99
1001.06,00:03,2002,-94
1001.09,00:04,2002,-82
1001.5,00:02,2003,-99
1001.56,00:03,2003,-94
1001.59,00:04,2003,-82
1002,00:02,2004,-99
1002.06,00:03,2004,-94
1002.09,00:04,2004,-82
1002.5,00:02,2005,-99
1002.56,00:03,2005,-94
1002.59,00:04,2005,-82
1003,00:02,2006,-99
1003.06,00:03,2006,-94
1003.09,00:04,2006,-82
1003.5,00:02,2007,-99
1003.56,00:03,2007,-94
1003.59,00:04,2007,-82
1004,00:02,2008,-99
1004.06,00:03,2008,-94
1004.09,00:04,2008,-82
1004.5,00:02,2009,-100
1004.56,00:03,2009,-94
1004.59,00:04,2009,-82
1005,00:02,2010,-100
1005.06,00:03,2010,-94
1005.09,00:04,2010,-82
1005.5,00:02,2011,-100
1005.56,00:03,2011,-94
1005.59,00:04,2011,-82
1006,00:02,2012,-100
1006.06,00:03,2012,-94
1006.08,00:04,2012,-82
1006.5,00:02,2013,-100
1006.56,00:03,2013,-94
1006.59,00:04,2013,-82
1007,00:02,2014,-100
1007.06,00:03,2014,-94
1007.09,00:04,2014,-82
1007.5,00:02,2015,-100
1007.56,00:03,2015,-93
1007.59,00:04,2015,-82
1008,00:02,2016,-100
1008.06,00:03,2016,-93
1008.09,00:04,2016,-82
1008.5,00:02,2017,-100
1008.56,00:03,2017,-93
1008.59,00:04,2017,-82
1009,00:02,2018,-100
1009.06,00:03,2018,-93
1009.09,00:04,2018,-82
1009.5,00:02,2019,-100
1009.56,00:03,2019,-93
1009.58,00:04,2019,-82
1010,00:02,2020,-100
1010.06,00:03,2020,-93
1010.09,00:04,2020,-82
1010.5,00:02,2021,-101
1010.56,00:03,2021,-93
1010.59,00:04,2021,-82
1011,00:02,2022,-101
1011.06,00:03,2022,-93
1011.09,00:04,2022,-83
1011.5,00:02,2023,-101
1011.56,00:03,2023,-93
1011.59,00:04,2023,-83
1012,00:02,2024,-101
1012.06,00:03,2024,-93
1012.09,00:04,2024,-83
1012.5,00:02,2025,-101
1012.56,00:03,2025,-93
1012.59,00:04,2025,-83
1013,00:02,2026,-101
1013.06,00:03,2026,-93
1013.09,00:04,2026,-83
1013.5,00:02,2027,-101
1013.56,00:03,2027,-92
1013.59,00:04,2027,-83
1014,00:02,2028,-101
1014.06,00:03,2028,-92
1014.09,00:04,2028,-83
1014.5,00:02,2029,-101
1014.56,00:03,2029,-92
1014.59,00:04,2029,-83
1015,00:02,2030,-101
1015.06,00:03,2030,-92
1015.09,00:04,2030,-83
1015.5,00:02,2031,-101
1015.56,00:03,2031,-92
1015.59,00:04,2031,-83
1016,00:02,2032,-101
1016.06,00:03,2032,-92
1016.09,00:04,2032,-83
1016.5,00:02,2033,-102
1016.56,00:03,2033,-92
1016.59,00:04,2033,-83
1017,00:02,2034,-102
1017.06,00:03,2034,-92
1017.09,00:04,2034,-83
1017.5,00:02,2035,-102
1017.56,00:03,2035,-92
1017.59,00:04,2035,-83
1018,00:02,2036,-102
1018.06,00:03,2036,-92
1018.08,00:04,2036,-83
1018.5,00:02,2037,-102
1018.56,00:03,2037,-92
1018.59,00:04,2037,-83
1019,00:02,2038,-102
1019.06,00:03,2038,-92
1019.09,00:04,2038,-83
1019.5,00:02,2039,-102
1019.56,00:03,2039,-92
1019.59,00:04,2039,-84
1020,00:02,2040,-102
1020.06,00:03,2040,-92
1020.09,00:04,2040,-84
1020.5,00:02,2041,-102
1020.56,00:03,2041,-91
1020.59,00:04,2041,-84
1021,00:02,2042,-102
1021.06,00:03,2042,-91
1021.08,00:04,2042,-84
1021.5,00:02,2043,-102
1021.56,00:03,2043,-91
1021.59,00:04,2043,-84
1022,00:02,2044,-102
1022.06,00:03,2044,-91
1022.09,00:04,2044,-84
1022.5,00:02,2045,-102
1022.56,00:03,2045,-91
1022.59,00:04,2045,-84
1023,00:02,2046,-103
1023.06,00:03,2046,-91
1023.09,00:04,2046,-84
1023.5,00:02,2047,-103
1023.56,00:03,2047,-91
1023.59,00:04,2047,-84
1024,00:02,2048,-103
1024.06,00:03,2048,-91
1024.09,00:04,2048,-84
1024.5,00:02,2049,-103
1024.56,00:03,2049,-91
1024.59,00:04,2049,-84
1025,00:02,2050,-103
1025.06,00:03,2050,-91
1025.09,00:04,2050,-85
1025.5,00:02,2051,-103
1025.56,00:03,2051,-91
1025.58,00:04,2051,-85
1026,00:02,2052,-103
1026.06,00:03,2052,-91
1026.09,00:04,2052,-85
1026.5,00:02,2053,-103
1026.56,00:03,2053,-91
1026.59,00:04,2053,-85
1027,00:02,2054,-103
1027.06,00:03,2054,-91
1027.09,00:04,2054,-85
1027.5,00:02,2055,-103
1027.56,00:03,2055,-91
1027.59,00:04,2055,-85
1028,00:02,2056,-103
1028.06,00:03,2056,-90
1028.09,00:04,2056,-85
1028.5,00:02,2057,-103
1028.56,00:03,2057,-90
1028.59,00:04,2057,-85
1029,00:02,2058,-104
1029.06,00:03,2058,-90
1029.09,00:04,2058,-85
1029.5,00:02,2059,-104
1029.56,00:03,2059,-90
1029.59,00:04,2059,-85
1030,00:02,2060,-104
1030.06,00:03,2060,-90
1030.09,00:04,2060,-86
1030.5,00:02,2061,-104
1030.56,00:03,2061,-90
1030.59,00:04,2061,-86
1031,00:02,2062,-104
1031.06,00:03,2062,-90
1031.08,00:04,2062,-86
1031.5,00:02,2063,-104
1031.56,00:03,2063,-90
1031.59,00:04,2063,-86
1032,00:02,2064,-104
1032.06,00:03,2064,-90
1032.09,00:04,2064,-86
1032.5,00:02,2065,-104
1032.56,00:03,2065,-90
1032.59,00:04,2065,-86
1033,00:02,2066,-108
1033.06,00:03,2066,-94
1033.09,00:04,2066,-90
1033.56,00:03,2067,-94
1033.59,00:04,2067,-90
1034,00:02,2068,-108
1034.06,00:03,2068,-94
1034.09,00:04,2068,-90
1034.56,00:03,2069,-94
1034.59,00:04,2069,-91
1035.06,00:03,2070,-94
1035.08,00:04,2070,-91
1035.56,00:03,2071,-94
1035.59,00:04,2071,-91
1036.06,00:03,2072,-94
1036.08,00:04,2072,-91
1036.5,00:02,2073,-109
1036.56,00:03,2073,-94
1036.59,00:04,2073,-91
1037,00:02,2074,-105
1037.06,00:03,2074,-90
1037.09,00:04,2074,-87
1037.5,00:02,2075,-105
1037.56,00:03,2075,-90
1037.59,00:04,2075,-87
1038,00:02,2076,-105
1038.06,00:03,2076,-90
1038.09,00:04,2076,-87
1038.5,00:02,2077,-105
1038.56,00:03,2077,-90
1038.59,00:04,2077,-87
1039,00:02,2078,-105
1039.06,00:03,2078,-89
1039.09,00:04,2078,-88
1039.5,00:02,2079,-105
1039.56,00:03,2079,-89
1039.59,00:04,2079,-88
1040,00:02,2080,-105
1040.06,00:03,2080,-89
1040.09,00:04,2080,-88
1040.5,00:02,2081,-105
1040.56,00:03,2081,-89
1040.59,00:04,2081,-88
1041,00:02,2082,-105
1041.06,00:03,2082,-89
1041.08,00:04,2082,-88
1041.5,00:02,2083,-105
1041.56,00:03,2083,-89
1041.59,00:04,2083,-88
1042,00:02,2084,-106
1042.06,00:03,2084,-89
1042.09,00:04,2084,-88
1042.5,00:02,2085,-106
1042.56,00:03,2085,-89
1042.59,00:04,2085,-88
1043,00:02,2086,-106
1043.06,00:03,2086,-89
1043.09,00:04,2086,-89
1043.5,00:02,2087,-106
1043.56,00:03,2087,-89
1043.59,00:04,2087,-89
1044,00:02,2088,-106
1044.06,00:03,2088,-89
1044.09,00:04,2088,-89
1044.5,00:02,2089,-106
1044.56,00:03,2089,-89
1044.59,00:04,2089,-89
1045,00:02,2090,-106
1045.06,00:03,2090,-89
1045.08,00:04,2090,-89
1045.5,00:02,2091,-106
1045.56,00:03,2091,-89
1045.58,00:04,2091,-89
1046,00:02,2092,-106
1046.06,00:03,2092,-89
1046.09,00:04,2092,-89
1046.5,00:02,2093,-106
1046.56,00:03,2093,-89
1046.58,00:04,2093,-89
1047,00:02,2094,-106
1047.06,00:03,2094,-89
1047.09,00:04,2094,-89
1047.5,00:02,2095,-106
1047.56,00:03,2095,-89
1047.59,00:04,2095,-90
1048,00:02,2096,-106
1048.06,00:03,2096,-89
1048.09,00:04,2096,-90
1048.5,00:02,2097,-106
1048.56,00:03,2097,-89
1048.58,00:04,2097,-90
1049,00:02,2098,-107
1049.06,00:03,2098,-89
1049.08,00:04,2098,-90
1049.5,00:02,2099,-107
1049.56,00:03,2099,-89
1049.59,00:04,2099,-90
1050,00:02,2100,-107
1050.06,00:03,2100,-89
1050.08,00:04,2100,-90
1050.5,00:02,2101,-107
1050.56,00:03,2101,-89
1050.58,00:04,2101,-90
1051,00:02,2102,-107
1051.06,00:03,2102,-89
1051.09,00:04,2102,-90
1051.5,00:02,2103,-107
1051.56,00:03,2103,-90
1051.59,00:04,2103,-90
1052,00:02,2104,-107
1052.06,00:03,2104,-90
1052.09,00:04,2104,-90
1052.5,00:02,2105,-107
1052.56,00:03,2105,-90
1052.59,00:04,2105,-90
1053,00:02,2106,-107
1053.06,00:03,2106,-90
1053.08,00:04,2106,-90
1053.5,00:02,2107,-107
1053.56,00:03,2107,-90
1053.59,00:04,2107,-89
1054,00:02,2108,-107
1054.06,00:03,2108,-90
1054.08,00:04,2108,-89
1054.5,00:02,2109,-107
1054.56,00:03,2109,-91
1054.58,00:04,2109,-89
1055,00:02,2110,-107
1055.06,00:03,2110,-91
1055.08,00:04,2110,-89
1055.5,00:02,2111,-107
1055.56,00:03,2111,-91
1055.59,00:04,2111,-89
1056,00:02,2112,-107
1056.06,00:03,2112,-91
1056.09,00:04,2112,-89
1056.5,00:02,2113,-107
1056.56,00:03,2113,-91
1056.59,00:04,2113,-89
1057,00:02,2114,-107
1057.06,00:03,2114,-91
1057.09,00:04,2114,-89
1057.5,00:02,2115,-107
1057.56,00:03,2115,-91
1057.58,00:04,2115,-89
1058,00:02,2116,-107
1058.06,00:03,2116,-91
1058.09,00:04,2116,-89
1058.56,00:03,2117,-91
1058.59,00:04,2117,-89
1059,00:02,2118,-107
1059.06,00:03,2118,-91
1059.09,00:04,2118,-88
1059.5,00:02,2119,-107
1059.56,00:03,2119,-91
1059.59,00:04,2119,-88
1060,00:02,2120,-107
1060.06,00:03,2120,-91
1060.09,00:04,2120,-88
1060.5,00:02,2121,-107
1060.56,00:03,2121,-91
1060.59,00:04,2121,-88
1061,00:02,2122,-106
1061.06,00:03,2122,-91
1061.09,00:04,2122,-88
1061.5,00:02,2123,-106
1061.56,00:03,2123,-91
1061.59,00:04,2123,-88
1062,00:02,2124,-106
1062.06,00:03,2124,-91
1062.08,00:04,2124,-88
1062.5,00:02,2125,-106
1062.56,00:03,2125,-91
1062.59,00:04,2125,-88
1063,00:02,2126,-106
1063.06,00:03,2126,-91
1063.08,00:04,2126,-87
1063.5,00:02,2127,-106
1063.56,00:03,2127,-91
1063.59,00:04,2127,-87
1064,00:02,2128,-106
1064.06,00:03,2128,-91
1064.08,00:04,2128,-87
1064.5,00:02,2129,-106
1064.56,00:03,2129,-91
1064.59,00:04,2129,-87
1065,00:02,2130,-106
1065.06,00:03,2130,-91
1065.08,00:04,2130,-87
1065.5,00:02,2131,-106
1065.56,00:03,2131,-91
1065.59,00:04,2131,-87
1066,00:02,2132,-106
1066.06,00:03,2132,-91
1066.09,00:04,2132,-87
1066.5,00:02,2133,-106
1066.56,00:03,2133,-91
1066.59,00:04,2133,-86
1067,00:02,2134,-106
1067.06,00:03,2134,-91
1067.09,00:04,2134,-86
1067.5,00:02,2135,-106
1067.56,00:03,2135,-91
1067.58,00:04,2135,-86
1068,00:02,2136,-105
1068.06,00:03,2136,-91
1068.09,00:04,2136,-86
1068.5,00:02,2137,-105
1068.56,00:03,2137,-91
1068.59,00:04,2137,-86
1069.06,00:03,2138,-95
1069.09,00:04,2138,-90
1069.56,00:03,2139,-95
1069.59,00:04,2139,-90
1070,00:02,2140,-109
1070.06,00:03,2140,-95
1070.08,00:04,2140,-89
1070.5,00:02,2141,-109
1070.56,00:03,2141,-95
1070.59,00:04,2141,-89
1071.06,00:03,2142,-95
1071.09,00:04,2142,-89
1071.5,00:02,2143,-109
1071.56,00:03,2143,-95
1071.59,00:04,2143,-89
1072.06,00:03,2144,-95
1072.09,00:04,2144,-89
1072.56,00:03,2145,-95
1072.58,00:04,2145,-89
1073,00:02,2146,-105
1073.06,00:03,2146,-91
1073.09,00:04,2146,-85
1073.5,00:02,2147,-105
1073.56,00:03,2147,-91
1073.59,00:04,2147,-85
1074,00:02,2148,-105
1074.06,00:03,2148,-91
1074.08,00:04,2148,-84
1074.5,00:02,2149,-105
1074.56,00:03,2149,-92
1074.59,00:04,2149,-84
1075,00:02,2150,-104
1075.06,00:03,2150,-92
1075.08,00:04,2150,-84
1075.5,00:02,2151,-104
1075.56,00:03,2151,-92
1075.59,00:04,2151,-84
1076,00:02,2152,-104
1076.06,00:03,2152,-92
1076.09,00:04,2152,-84
1076.5,00:02,2153,-104
1076.56,00:03,2153,-92
1076.59,00:04,2153,-84
1077,00:02,2154,-104
1077.06,00:03,2154,-92
1077.09,00:04,2154,-84
1077.5,00:02,2155,-104
1077.56,00:03,2155,-92
1077.59,00:04,2155,-83
1078,00:02,2156,-104
1078.06,00:03,2156,-92
1078.09,00:04,2156,-83
1078.5,00:02,2157,-104
1078.56,00:03,2157,-92
1078.59,00:04,2157,-83
1079,00:02,2158,-104
1079.06,00:03,2158,-92
1079.08,00:04,2158,-83
1079.5,00:02,2159,-104
1079.56,00:03,2159,-92
1079.58,00:04,2159,-83
1080,00:02,2160,-104
1080.06,00:03,2160,-92
1080.09,00:04,2160,-83
1080.5,00:02,2161,-104
1080.56,00:03,2161,-92
1080.59,00:04,2161,-83
1081,00:02,2162,-104
1081.06,00:03,2162,-92
1081.09,00:04,2162,-83
1081.5,00:02,2163,-103
1081.56,00:03,2163,-92
1081.58,00:04,2163,-82
1082,00:02,2164,-103
1082.06,00:03,2164,-92
1082.08,00:04,2164,-82
1082.5,00:02,2165,-103
1082.56,00:03,2165,-92
1082.58,00:04,2165,-82
1083,00:02,2166,-103
1083.06,00:03,2166,-92
1083.08,00:04,2166,-82
1083.5,00:02,2167,-103
1083.56,00:03,2167,-92
1083.58,00:04,2167,-82
1084,00:02,2168,-103
1084.06,00:03,2168,-93
1084.08,00:04,2168,-82
1084.5,00:02,2169,-103
1084.56,00:03,2169,-93
1084.58,00:04,2169,-82
1085,00:02,2170,-103
1085.06,00:03,2170,-93
1085.08,00:04,2170,-82
1085.5,00:02,2171,-103
1085.56,00:03,2171,-93
1085.59,00:04,2171,-82
1086,00:02,2172,-103
1086.06,00:03,2172,-93
1086.08,00:04,2172,-81
1086.5,00:02,2173,-103
1086.56,00:03,2173,-93
1086.59,00:04,2173,-81
1087,00:02,2174,-103
1087.06,00:03,2174,-93
1087.08,00:04,2174,-81
1087.5,00:02,2175,-103
1087.56,00:03,2175,-93
1087.58,00:04,2175,-81
1088,00:02,2176,-103
1088.06,00:03,2176,-93
1088.09,00:04,2176,-81
1088.5,00:02,2177,-102
1088.56,00:03,2177,-93
1088.59,00:04,2177,-81
1089,00:02,2178,-102
1089.06,00:03,2178,-93
1089.09,00:04,2178,-81
1089.5,00:02,2179,-102
1089.56,00:03,2179,-93
1089.59,00:04,2179,-81
1090,00:02,2180,-102
1090.06,00:03,2180,-93
1090.08,00:04,2180,-81
1090.5,00:02,2181,-102
1090.56,00:03,2181,-93
1090.59,00:04,2181,-81
1091,00:02,2182,-102
1091.06,00:03,2182,-93
1091.09,00:04,2182,-81
1091.5,00:02,2183,-102
1091.56,00:03,2183,-93
1091.58,00:04,2183,-80
1092,00:02,2184,-102
1092.06,00:03,2184,-94
1092.08,00:04,2184,-80
1092.5,00:02,2185,-102
1092.56,00:03,2185,-94
1092.59,00:04,2185,-80
1093,00:02,2186,-102
1093.06,00:03,2186,-94
1093.09,00:04,2186,-80
1093.5,00:02,2187,-102
1093.56,00:03,2187,-94
1093.59,00:04,2187,-80
1094,00:02,2188,-102
1094.06,00:03,2188,-94
1094.09,00:04,2188,-80
1094.5,00:02,2189,-102
1094.56,00:03,2189,-94
1094.59,00:04,2189,-80
1095,00:02,2190,-101
1095.06,00:03,2190,-94
1095.08,00:04,2190,-80
1095.5,00:02,2191,-101
1095.56,00:03,2191,-94
1095.58,00:04,2191,-80
1096,00:02,2192,-101
1096.06,00:03,2192,-94
1096.09,00:04,2192,-80
1096.5,00:02,2193,-101
1096.56,00:03,2193,-94
1096.58,00:04,2193,-80
1097,00:02,2194,-101
1097.06,00:03,2194,-94
1097.09,00:04,2194,-80
1097.5,00:02,2195,-101
1097.56,00:03,2195,-94
1097.58,00:04,2195,-80
1098,00:02,2196,-101
1098.06,00:03,2196,-94
1098.08,00:04,2196,-80
1098.5,00:02,2197,-101
1098.56,00:03,2197,-94
1098.58,00:04,2197,-80
1099,00:02,2198,-101
1099.06,00:03,2198,-94
1099.09,00:04,2198,-80
1099.5,00:02,2199,-101
1099.56,00:03,2199,-95
1099.59,00:04,2199,-80
1100,00:02,2200,-101
1100.06,00:03,2200,-95
1100.08,00:04,2200,-80
1100.5,00:02,2201,-101
1100.56,00:03,2201,-95
1100.58,00:04,2201,-80
1101,00:02,2202,-101
1101.06,00:03,2202,-95
1101.09,00:04,2202,-80
1101.5,00:02,2203,-101
1101.56,00:03,2203,-95
1101.59,00:04,2203,-80
1102,00:02,2204,-100
1102.06,00:03,2204,-95
1102.09,00:04,2204,-80
1102.5,00:02,2205,-100
1102.56,00:03,2205,-95
1102.58,00:04,2205,-80
1103,00:02,2206,-100
1103.06,00:03,2206,-95
1103.09,00:04,2206,-80
1103.5,00:02,2207,-100
1103.56,00:03,2207,-95
1103.58,00:04,2207,-80
1104,00:02,2208,-100
1104.06,00:03,2208,-95
1104.08,00:04,2208,-80
1104.5,00:02,2209,-100
1104.56,00:03,2209,-95
1104.59,00:04,2209,-80
1105,00:02,2210,-100
1105.06,00:03,2210,-95
1105.09,00:04,2210,-80
1105.5,00:02,2211,-100
1105.56,00:03,2211,-95
1105.59,00:04,2211,-80
1106,00:02,2212,-100
1106.06,00:03,2212,-96
1106.08,00:04,2212,-80
1106.5,00:02,2213,-100
1106.56,00:03,2213,-96
1106.58,00:04,2213,-80
1107,00:02,2214,-100
1107.06,00:03,2214,-96
1107.08,00:04,2214,-80
1107.5,00:02,2215,-100
1107.56,00:03,2215,-96
1107.58,00:04,2215,-80
1108,00:02,2216,-100
1108.06,00:03,2216,-96
1108.09,00:04,2216,-80
1108.5,00:02,2217,-100
1108.56,00:03,2217,-96
1108.58,00:04,2217,-80
1109,00:02,2218,-99
1109.06,00:03,2218,-96
1109.08,00:04,2218,-80
1109.5,00:02,2219,-99
1109.56,00:03,2219,-96
1109.58,00:04,2219,-80
1110,00:02,2220,-99
1110.06,00:03,2220,-96
1110.08,00:04,2220,-80
1110.5,00:02,2221,-99
1110.56,00:03,2221,-96
1110.58,00:04,2221,-81
1111,00:02,2222,-99
1111.06,00:03,2222,-96
1111.08,00:04,2222,-81
1111.5,00:02,2223,-99
1111.56,00:03,2223,-96
1111.58,00:04,2223,-81
1112,00:02,2224,-99
1112.06,00:03,2224,-96
1112.08,00:04,2224,-81
1112.5,00:02,2225,-99
1112.56,00:03,2225,-96
1112.58,00:04,2225,-81
1113,00:02,2226,-99
1113.06,00:03,2226,-97
1113.09,00:04,2226,-81
1113.5,00:02,2227,-99
1113.56,00:03,2227,-97
1113.58,00:04,2227,-81
1114,00:02,2228,-99
1114.06,00:03,2228,-97
1114.08,00:04,2228,-81
1114.5,00:02,2229,-99
1114.56,00:03,2229,-97
1114.58,00:04,2229,-81
1115,00:02,2230,-99
1115.06,00:03,2230,-97
1115.08,00:04,2230,-81
1115.5,00:02,2231,-99
1115.56,00:03,2231,-97
1115.58,00:04,2231,-81
1116,00:02,2232,-99
1116.06,00:03,2232,-97
1116.09,00:04,2232,-82
1116.5,00:02,2233,-98
1116.56,00:03,2233,-97
1116.58,00:04,2233,-82
1117,00:02,2234,-98
1117.06,00:03,2234,-97
1117.08,00:04,2234,-82
1117.5,00:02,2235,-98
1117.56,00:03,2235,-97
1117.58,00:04,2235,-82
1118,00:02,2236,-98
1118.06,00:03,2236,-97
1118.08,00:04,2236,-82
1118.5,00:02,2237,-98
1118.56,00:03,2237,-97
1118.58,00:04,2237,-82
1119,00:02,2238,-98
1119.06,00:03,2238,-97
1119.08,00:04,2238,-82
1119.5,00:02,2239,-98
1119.56,00:03,2239,-98
1119.58,00:04,2239,-82
1120,00:02,2240,-98
1120.06,00:03,2240,-98
1120.08,00:04,2240,-82
1120.5,00:02,2241,-98
1120.56,00:03,2241,-98
1120.58,00:04,2241,-83
1121,00:02,2242,-98
1121.06,00:03,2242,-98
1121.08,00:04,2242,-83
1121.5,00:02,2243,-98
1121.56,00:03,2243,-98
1121.59,00:04,2243,-83
1122,00:02,2244,-98
1122.06,00:03,2244,-98
1122.08,00:04,2244,-83
1122.5,00:02,2245,-98
1122.56,00:03,2245,-98
1122.58,00:04,2245,-83
1123,00:02,2246,-98
1123.06,00:03,2246,-98
1123.08,00:04,2246,-83
1123.5,00:02,2247,-98
1123.56,00:03,2247,-98
1123.58,00:04,2247,-83
1124,00:02,2248,-98
1124.06,00:03,2248,-98
1124.08,00:04,2248,-83
1124.5,00:02,2249,-98
1124.56,00:03,2249,-98
1124.59,00:04,2249,-84
1125,00:02,2250,-98
1125.06,00:03,2250,-98
1125.08,00:04,2250,-84
1125.5,00:02,2251,-98
1125.56,00:03,2251,-98
1125.59,00:04,2251,-84
1126,00:02,2252,-97
1126.06,00:03,2252,-98
1126.08,00:04,2252,-84
1126.5,00:02,2253,-97
1126.56,00:03,2253,-99
1126.59,00:04,2253,-84
1127,00:02,2254,-97
1127.06,00:03,2254,-99
1127.08,00:04,2254,-84
1127.5,00:02,2255,-97
1127.56,00:03,2255,-99
1127.58,00:04,2255,-84
1128,00:02,2256,-97
1128.06,00:03,2256,-99
1128.08,00:04,2256,-84
1128.5,00:02,2257,-97
1128.56,00:03,2257,-99
1128.58,00:04,2257,-85
1129,00:02,2258,-101
1129.06,00:03,2258,-103
1129.08,00:04,2258,-89
1129.5,00:02,2259,-101
1129.56,00:03,2259,-103
1129.58,00:04,2259,-89
1130,00:02,2260,-101
1130.06,00:03,2260,-103
1130.08,00:04,2260,-89
1130.5,00:02,2261,-101
1130.56,00:03,2261,-103
1130.58,00:04,2261,-89
1131,00:02,2262,-101
1131.06,00:03,2262,-103
1131.08,00:04,2262,-89
1131.5,00:02,2263,-101
1131.56,00:03,2263,-103
1131.58,00:04,2263,-89
1132,00:02,2264,-101
1132.06,00:03,2264,-103
1132.08,00:04,2264,-90
1132.5,00:02,2265,-101
1132.56,00:03,2265,-103
1132.58,00:04,2265,-90
1133,00:02,2266,-97
1133.06,00:03,2266,-100
1133.09,00:04,2266,-86
1133.5,00:02,2267,-97
1133.56,00:03,2267,-100
1133.59,00:04,2267,-86
1134,00:02,2268,-97
1134.06,00:03,2268,-100
1134.08,00:04,2268,-86
1134.5,00:02,2269,-97
1134.56,00:03,2269,-100
1134.58,00:04,2269,-86
1135,00:02,2270,-97
1135.06,00:03,2270,-100
1135.08,00:04,2270,-86
1135.5,00:02,2271,-97
1135.56,00:03,2271,-100
1135.59,00:04,2271,-86
1136,00:02,2272,-97
1136.06,00:03,2272,-100
1136.08,00:04,2272,-87
1136.5,00:02,2273,-97
1136.56,00:03,2273,-100
1136.58,00:04,2273,-87
1137,00:02,2274,-97
1137.06,00:03,2274,-100
1137.08,00:04,2274,-87
1137.5,00:02,2275,-97
1137.56,00:03,2275,-100
1137.58,00:04,2275,-87
1138,00:02,2276,-97
1138.06,00:03,2276,-100
1138.08,00:04,2276,-87
1138.5,00:02,2277,-97
1138.56,00:03,2277,-100
1138.58,00:04,2277,-87
1139,00:02,2278,-97
1139.06,00:03,2278,-100
1139.08,00:04,2278,-87
1139.5,00:02,2279,-97
1139.56,00:03,2279,-100
1139.58,00:04,2279,-88
1140,00:02,2280,-97
1140.06,00:03,2280,-101
1140.08,00:04,2280,-88
1140.5,00:02,2281,-97
1140.56,00:03,2281,-101
1140.58,00:04,2281,-88
1141,00:02,2282,-97
1141.06,00:03,2282,-101
1141.08,00:04,2282,-88
1141.5,00:02,2283,-97
1141.56,00:03,2283,-101
1141.58,00:04,2283,-88
1142,00:02,2284,-97
1142.06,00:03,2284,-101
1142.08,00:04,2284,-88
1142.5,00:02,2285,-97
1142.56,00:03,2285,-101
1142.58,00:04,2285,-88
1143,00:02,2286,-97
1143.06,00:03,2286,-101
1143.08,00:04,2286,-88
1143.5,00:02,2287,-97
1143.56,00:03,2287,-101
1143.59,00:04,2287,-89
1144,00:02,2288,-97
1144.06,00:03,2288,-101
1144.09,00:04,2288,-89
1144.5,00:02,2289,-96
1144.56,00:03,2289,-101
1144.58,00:04,2289,-89
1145,00:02,2290,-96
1145.06,00:03,2290,-101
1145.08,00:04,2290,-89
1145.5,00:02,2291,-96
1145.56,00:03,2291,-101
1145.58,00:04,2291,-89
1146,00:02,2292,-96
1146.06,00:03,2292,-101
1146.08,00:04,2292,-89
1146.5,00:02,2293,-97
1146.56,00:03,2293,-101
1146.58,00:04,2293,-89
1147,00:02,2294,-97
1147.06,00:03,2294,-101
1147.08,00:04,2294,-89
1147.5,00:02,2295,-97
1147.56,00:03,2295,-101
1147.58,00:04,2295,-89
1148,00:02,2296,-97
1148.06,00:03,2296,-102
1148.08,00:04,2296,-89
1148.5,00:02,2297,-97
1148.56,00:03,2297,-102
1148.58,00:04,2297,-89
1149,00:02,2298,-97
1149.06,00:03,2298,-102
1149.08,00:04,2298,-89
1149.5,00:02,2299,-98
1149.56,00:03,2299,-102
1149.58,00:04,2299,-89
1150,00:02,2300,-98
1150.06,00:03,2300,-102
1150.08,00:04,2300,-89
1150.5,00:02,2301,-98
1150.56,00:03,2301,-102
1150.58,00:04,2301,-88
1151,00:02,2302,-98
1151.06,00:03,2302,-102
1151.08,00:04,2302,-88
1151.5,00:02,2303,-98
1151.56,00:03,2303,-102
1151.58,00:04,2303,-88
1152,00:02,2304,-98
1152.06,00:03,2304,-102
1152.08,00:04,2304,-88
1152.5,00:02,2305,-98
1152.56,00:03,2305,-102
1152.58,00:04,2305,-88
1153,00:02,2306,-98
1153.06,00:03,2306,-102
1153.08,00:04,2306,-88
1153.5,00:02,2307,-98
1153.56,00:03,2307,-102
1153.58,00:04,2307,-88
1154,00:02,2308,-98
1154.06,00:03,2308,-102
1154.08,00:04,2308,-88
1154.5,00:02,2309,-98
1154.56,00:03,2309,-101
1154.58,00:04,2309,-88
1155,00:02,2310,-98
1155.06,00:03,2310,-101
1155.08,00:04,2310,-87
1155.5,00:02,2311,-98
1155.56,00:03,2311,-101
1155.58,00:04,2311,-87
1156,00:02,2312,-98
1156.06,00:03,2312,-101
1156.08,00:04,2312,-87
1156.5,00:02,2313,-98
1156.56,00:03,2313,-101
1156.58,00:04,2313,-87
1157,00:02,2314,-98
1157.06,00:03,2314,-101
1157.08,00:04,2314,-87
1157.5,00:02,2315,-98
1157.56,00:03,2315,-101
1157.58,00:04,2315,-87
1158,00:02,2316,-98
1158.06,00:03,2316,-101
1158.08,00:04,2316,-87
1158.5,00:02,2317,-98
1158.56,00:03,2317,-101
1158.58,00:04,2317,-86
1159,00:02,2318,-98
1159.06,00:03,2318,-101
1159.08,00:04,2318,-86
1159.5,00:02,2319,-98
1159.56,00:03,2319,-101
1159.58,00:04,2319,-86
1160,00:02,2320,-98
1160.06,00:03,2320,-101
1160.08,00:04,2320,-86
1160.5,00:02,2321,-98
1160.56,00:03,2321,-101
1160.58,00:04,2321,-86
1161,00:02,2322,-98
1161.06,00:03,2322,-101
1161.08,00:04,2322,-86
1161.5,00:02,2323,-98
1161.56,00:03,2323,-101
1161.58,00:04,2323,-85
1162,00:02,2324,-98
1162.06,00:03,2324,-100
1162.08,00:04,2324,-85
1162.5,00:02,2325,-98
1162.56,00:03,2325,-100
1162.58,00:04,2325,-85
1163,00:02,2326,-98
1163.06,00:03,2326,-100
1163.08,00:04,2326,-85
1163.5,00:02,2327,-98
1163.56,00:03,2327,-100
1163.58,00:04,2327,-85
1164,00:02,2328,-98
1164.06,00:03,2328,-100
1164.08,00:04,2328,-85
1164.5,00:02,2329,-98
1164.56,00:03,2329,-100
1164.58,00:04,2329,-85
1165,00:02,2330,-102
1165.06,00:03,2330,-104
1165.08,00:04,2330,-88
1165.5,00:02,2331,-102
1165.56,00:03,2331,-104
1165.58,00:04,2331,-88
1166,00:02,2332,-102
1166.06,00:03,2332,-104
1166.08,00:04,2332,-88
1166.5,00:02,2333,-102
1166.56,00:03,2333,-104
1166.58,00:04,2333,-88
1167,00:02,2334,-102
1167.06,00:03,2334,-104
1167.08,00:04,2334,-88
1167.5,00:02,2335,-102
1167.56,00:03,2335,-104
1167.58,00:04,2335,-88
1168,00:02,2336,-102
1168.06,00:03,2336,-104
1168.08,00:04,2336,-87
1168.5,00:02,2337,-103
1168.56,00:03,2337,-104
1168.58,00:04,2337,-87
1169,00:02,2338,-99
1169.06,00:03,2338,-100
1169.08,00:04,2338,-83
1169.5,00:02,2339,-99
1169.56,00:03,2339,-99
1169.58,00:04,2339,-83
1170,00:02,2340,-99
1170.06,00:03,2340,-99
1170.08,00:04,2340,-83
1170.5,00:02,2341,-99
1170.56,00:03,2341,-99
1170.58,00:04,2341,-83
1171,00:02,2342,-99
1171.06,00:03,2342,-99
1171.08,00:04,2342,-82
1171.5,00:02,2343,-99
1171.56,00:03,2343,-99
1171.58,00:04,2343,-82
1172,00:02,2344,-99
1172.06,00:03,2344,-99
1172.08,00:04,2344,-82
1172.5,00:02,2345,-99
1172.56,00:03,2345,-99
1172.58,00:04,2345,-82
1173,00:02,2346,-99
1173.06,00:03,2346,-99
1173.08,00:04,2346,-82
1173.5,00:02,2347,-99
1173.56,00:03,2347,-99
1173.58,00:04,2347,-82
1174,00:02,2348,-99
1174.06,00:03,2348,-99
1174.08,00:04,2348,-82
1174.5,00:02,2349,-99
1174.56,00:03,2349,-99
1174.58,00:04,2349,-81
1175,00:02,2350,-99
1175.06,00:03,2350,-99
1175.08,00:04,2350,-81
1175.5,00:02,2351,-99
1175.56,00:03,2351,-99
1175.58,00:04,2351,-81
1176,00:02,2352,-99
1176.06,00:03,2352,-99
1176.08,00:04,2352,-81
1176.5,00:02,2353,-99
1176.56,00:03,2353,-98
1176.58,00:04,2353,-81
1177,00:02,2354,-99
1177.06,00:03,2354,-98
1177.08,00:04,2354,-81
1177.5,00:02,2355,-99
1177.56,00:03,2355,-98
1177.58,00:04,2355,-80
1178,00:02,2356,-99
1178.06,00:03,2356,-98
1178.08,00:04,2356,-80
1178.5,00:02,2357,-99
1178.56,00:03,2357,-98
1178.58,00:04,2357,-80
1179,00:02,2358,-99
1179.06,00:03,2358,-98
1179.08,00:04,2358,-80
1179.5,00:02,2359,-99
1179.56,00:03,2359,-98
1179.58,00:04,2359,-80
1180,00:02,2360,-99
1180.06,00:03,2360,-98
1180.08,00:04,2360,-80
1180.5,00:02,2361,-100
1180.56,00:03,2361,-98
1180.58,00:04,2361,-80
1181,00:02,2362,-100
1181.06,00:03,2362,-98
1181.08,00:04,2362,-79
1181.5,00:02,2363,-100
1181.56,00:03,2363,-98
1181.58,00:04,2363,-79
1182,00:02,2364,-100
1182.06,00:03,2364,-98
1182.08,00:04,2364,-79
1182.5,00:02,2365,-100
1182.56,00:03,2365,-98
1182.58,00:04,2365,-79
1183,00:02,2366,-100
1183.06,00:03,2366,-98
1183.08,00:04,2366,-79
1183.5,00:02,2367,-100
1183.56,00:03,2367,-98
1183.58,00:04,2367,-79
1184,00:02,2368,-100
1184.06,00:03,2368,-97
1184.08,00:04,2368,-79
1184.5,00:02,2369,-100
1184.56,00:03,2369,-97
1184.58,00:04,2369,-78
1185,00:02,2370,-100
1185.06,00:03,2370,-97
1185.08,00:04,2370,-78
1185.5,00:02,2371,-100
1185.56,00:03,2371,-97
1185.58,00:04,2371,-78
1186,00:02,2372,-100
1186.06,00:03,2372,-97
1186.08,00:04,2372,-78
1186.5,00:02,2373,-100
1186.56,00:03,2373,-97
1186.58,00:04,2373,-78
1187,00:02,2374,-100
1187.06,00:03,2374,-97
1187.08,00:04,2374,-78
1187.5,00:02,2375,-100
1187.56,00:03,2375,-97
1187.58,00:04,2375,-78
1188,00:02,2376,-100
1188.06,00:03,2376,-97
1188.08,00:04,2376,-78
1188.5,00:02,2377,-100
1188.56,00:03,2377,-97
1188.58,00:04,2377,-78
1189,00:02,2378,-100
1189.06,00:03,2378,-97
1189.08,00:04,2378,-78
1189.5,00:02,2379,-101
1189.56,00:03,2379,-97
1189.58,00:04,2379,-77
1190,00:02,2380,-101
1190.06,00:03,2380,-97
1190.08,00:04,2380,-77
1190.5,00:02,2381,-101
1190.56,00:03,2381,-97
1190.58,00:04,2381,-77
1191,00:02,2382,-101
1191.06,00:03,2382,-96
1191.08,00:04,2382,-77
1191.5,00:02,2383,-101
1191.56,00:03,2383,-96
1191.58,00:04,2383,-77
1192,00:02,2384,-101
1192.06,00:03,2384,-96
1192.08,00:04,2384,-77
1192.5,00:02,2385,-101
1192.56,00:03,2385,-96
1192.58,00:04,2385,-77
1193,00:02,2386,-101
1193.06,00:03,2386,-96
1193.08,00:04,2386,-77
1193.5,00:02,2387,-101
1193.56,00:03,2387,-96
1193.58,00:04,2387,-77
1194,00:02,2388,-101
1194.06,00:03,2388,-96
1194.08,00:04,2388,-77
1194.5,00:02,2389,-101
1194.56,00:03,2389,-96
1194.58,00:04,2389,-77
1195,00:02,2390,-101
1195.06,00:03,2390,-96
1195.08,00:04,2390,-77
1195.5,00:02,2391,-101
1195.56,00:03,2391,-96
1195.58,00:04,2391,-77
1196,00:02,2392,-101
1196.06,00:03,2392,-96
1196.08,00:04,2392,-77
1196.5,00:02,2393,-101
1196.56,00:03,2393,-96
1196.58,00:04,2393,-77
1197,00:02,2394,-102
1197.06,00:03,2394,-96
1197.08,00:04,2394,-77
1197.5,00:02,2395,-102
1197.56,00:03,2395,-96
1197.58,00:04,2395,-77
1198,00:02,2396,-102
1198.06,00:03,2396,-96
1198.08,00:04,2396,-77
1198.5,00:02,2397,-102
1198.56,00:03,2397,-96
1198.58,00:04,2397,-77
1199,00:02,2398,-102
1199.06,00:03,2398,-95
1199.08,00:04,2398,-77
1199.5,00:02,2399,-102
1199.56,00:03,2399,-95
1199.58,00:04,2399,-77
1200,00:02,2400,-102
1200.06,00:03,2400,-95
1200.08,00:04,2400,-77
1200.5,00:02,2401,-102
1200.56,00:03,2401,-95
1200.58,00:04,2401,-77
1201,00:02,2402,-102
1201.06,00:03,2402,-95
1201.08,00:04,2402,-77
1201.5,00:02,2403,-102
1201.56,00:03,2403,-95
1201.58,00:04,2403,-77
1202,00:02,2404,-102
1202.06,00:03,2404,-95
1202.08,00:04,2404,-77
1202.5,00:02,2405,-102
1202.56,00:03,2405,-95
1202.58,00:04,2405,-77
1203,00:02,2406,-102
1203.06,00:03,2406,-95
1203.08,00:04,2406,-77
1203.5,00:02,2407,-102
1203.56,00:03,2407,-95
1203.58,00:04,2407,-77
1204,00:02,2408,-102
1204.06,00:03,2408,-95
1204.08,00:04,2408,-77
1204.5,00:02,2409,-103
1204.56,00:03,2409,-95
1204.58,00:04,2409,-77
1205,00:02,2410,-103
1205.06,00:03,2410,-95
1205.08,00:04,2410,-78
1205.5,00:02,2411,-103
1205.56,00:03,2411,-95
1205.58,00:04,2411,-78
1206,00:02,2412,-103
1206.06,00:03,2412,-95
1206.08,00:04,2412,-78
1206.5,00:02,2413,-103
1206.56,00:03,2413,-95
1206.58,00:04,2413,-78
1207,00:02,2414,-103
1207.06,00:03,2414,-94
1207.08,00:04,2414,-78
1207.5,00:02,2415,-103
1207.56,00:03,2415,-94
1207.58,00:04,2415,-78
1208,00:02,2416,-103
1208.06,00:03,2416,-94
1208.08,00:04,2416,-78
1208.5,00:02,2417,-103
1208.56,00:03,2417,-94
1208.58,00:04,2417,-78
1209,00:02,2418,-103
1209.06,00:03,2418,-94
1209.08,00:04,2418,-78
1209.5,00:02,2419,-103
1209.56,00:03,2419,-94
1209.58,00:04,2419,-79
1210,00:02,2420,-103
1210.06,00:03,2420,-94
1210.08,00:04,2420,-79
1210.5,00:02,2421,-103
1210.56,00:03,2421,-94
1210.58,00:04,2421,-79
1211,00:02,2422,-103
1211.06,00:03,2422,-94
1211.08,00:04,2422,-79
1211.5,00:02,2423,-103
1211.56,00:03,2423,-94
1211.58,00:04,2423,-79
1212,00:02,2424,-104
1212.06,00:03,2424,-94
1212.08,00:04,2424,-79
1212.5,00:02,2425,-104
1212.56,00:03,2425,-94
1212.58,00:04,2425,-79
1213,00:02,2426,-104
1213.06,00:03,2426,-94
1213.08,00:04,2426,-79
1213.5,00:02,2427,-104
1213.56,00:03,2427,-94
1213.58,00:04,2427,-80
1214,00:02,2428,-104
1214.06,00:03,2428,-94
1214.08,00:04,2428,-80
1214.5,00:02,2429,-104
1214.56,00:03,2429,-94
1214.58,00:04,2429,-80
1215,00:02,2430,-104
1215.06,00:03,2430,-94
1215.08,00:04,2430,-80
1215.5,00:02,2431,-104
1215.56,00:03,2431,-94
1215.58,00:04,2431,-80
1216,00:02,2432,-104
1216.06,00:03,2432,-93
1216.08,00:04,2432,-80
1216.5,00:02,2433,-104
1216.56,00:03,2433,-93
1216.58,00:04,2433,-80
1217,00:02,2434,-104
1217.06,00:03,2434,-93
1217.08,00:04,2434,-81
1217.5,00:02,2435,-104
1217.56,00:03,2435,-93
1217.58,00:04,2435,-81
1218,00:02,2436,-104
1218.06,00:03,2436,-93
1218.08,00:04,2436,-81
1218.5,00:02,2437,-104
1218.56,00:03,2437,-93
1218.58,00:04,2437,-81
1219,00:02,2438,-104
1219.06,00:03,2438,-93
1219.08,00:04,2438,-81
1219.5,00:02,2439,-105
1219.56,00:03,2439,-93
1219.58,00:04,2439,-81
1220,00:02,2440,-105
1220.06,00:03,2440,-93
1220.08,00:04,2440,-82
1220.5,00:02,2441,-105
1220.56,00:03,2441,-93
1220.58,00:04,2441,-82
1221,00:02,2442,-105
1221.06,00:03,2442,-93
1221.08,00:04,2442,-82
1221.5,00:02,2443,-105
1221.56,00:03,2443,-93
1221.58,00:04,2443,-82
1222,00:02,2444,-105
1222.06,00:03,2444,-93
1222.08,00:04,2444,-82
1222.5,00:02,2445,-105
1222.56,00:03,2445,-93
1222.58,00:04,2445,-82
1223,00:02,2446,-105
1223.06,00:03,2446,-93
1223.08,00:04,2446,-83
1223.5,00:02,2447,-105
1223.56,00:03,2447,-93
1223.58,00:04,2447,-83
1224,00:02,2448,-105
1224.06,00:03,2448,-93
1224.08,00:04,2448,-83
1224.5,00:02,2449,-105
1224.56,00:03,2449,-93
1224.58,00:04,2449,-83
1225,00:02,2450,-109
1225.06,00:03,2450,-97
1225.08,00:04,2450,-87
1225.56,00:03,2451,-97
1225.58,00:04,2451,-87
1226,00:02,2452,-109
1226.06,00:03,2452,-97
1226.08,00:04,2452,-88
1226.56,00:03,2453,-97
1226.58,00:04,2453,-88
1227.06,00:03,2454,-97
1227.08,00:04,2454,-88
1227.56,00:03,2455,-97
1227.58,00:04,2455,-88
1228.06,00:03,2456,-97
1228.08,00:04,2456,-88
1228.56,00:03,2457,-97
1228.58,00:04,2457,-88
1229,00:02,2458,-106
1229.06,00:03,2458,-92
1229.08,00:04,2458,-84
1229.56,00:03,2459,-92
1229.58,00:04,2459,-85
1230,00:02,2460,-106
1230.06,00:03,2460,-92
1230.08,00:04,2460,-85
1230.5,00:02,2461,-106
1230.56,00:03,2461,-92
1230.58,00:04,2461,-85
1231,00:02,2462,-106
1231.06,00:03,2462,-92
1231.08,00:04,2462,-85
1231.5,00:02,2463,-106
1231.56,00:03,2463,-92
1231.58,00:04,2463,-85
1232,00:02,2464,-106
1232.06,00:03,2464,-92
1232.08,00:04,2464,-85
1232.5,00:02,2465,-106
1232.56,00:03,2465,-92
1232.58,00:04,2465,-86
1233,00:02,2466,-106
1233.06,00:03,2466,-92
1233.08,00:04,2466,-86
1233.5,00:02,2467,-106
1233.56,00:03,2467,-92
1233.58,00:04,2467,-86
1234,00:02,2468,-107
1234.06,00:03,2468,-92
1234.08,00:04,2468,-86
1234.5,00:02,2469,-107
1234.56,00:03,2469,-92
1234.58,00:04,2469,-86
1235,00:02,2470,-107
1235.06,00:03,2470,-92
1235.08,00:04,2470,-86
1235.5,00:02,2471,-107
1235.56,00:03,2471,-92
1235.58,00:04,2471,-86
1236,00:02,2472,-107
1236.06,00:03,2472,-92
1236.08,00:04,2472,-87
1236.5,00:02,2473,-107
1236.56,00:03,2473,-92
1236.58,00:04,2473,-87
1237,00:02,2474,-107
1237.06,00:03,2474,-92
1237.08,00:04,2474,-87
1237.5,00:02,2475,-107
1237.56,00:03,2475,-92
1237.58,00:04,2475,-87
1238,00:02,2476,-107
1238.06,00:03,2476,-92
1238.08,00:04,2476,-87
1238.56,00:03,2477,-92
1238.58,00:04,2477,-87
1239,00:02,2478,-107
1239.06,00:03,2478,-92
1239.08,00:04,2478,-88
1239.5,00:02,2479,-107
1239.56,00:03,2479,-92
1239.58,00:04,2479,-88
1240,00:02,2480,-107
1240.06,00:03,2480,-92
1240.08,00:04,2480,-88
1240.5,00:02,2481,-107
1240.56,00:03,2481,-92
1240.58,00:04,2481,-88
1241.06,00:03,2482,-92
1241.08,00:04,2482,-88
1241.5,00:02,2483,-108
1241.56,00:03,2483,-92
1241.58,00:04,2483,-88
1242,00:02,2484,-108
1242.06,00:03,2484,-92
1242.08,00:04,2484,-88
1242.56,00:03,2485,-92
1242.58,00:04,2485,-88
1243,00:02,2486,-108
1243.06,00:03,2486,-92
1243.08,00:04,2486,-88
1243.56,00:03,2487,-93
1243.58,00:04,2487,-88
1244,00:02,2488,-108
1244.06,00:03,2488,-93
1244.08,00:04,2488,-88
1244.5,00:02,2489,-108
1244.56,00:03,2489,-93
1244.58,00:04,2489,-88
1245.06,00:03,2490,-93
1245.08,00:04,2490,-88
1245.5,00:02,2491,-108
1245.56,00:03,2491,-93
1245.58,00:04,2491,-88
1246.06,00:03,2492,-93
1246.08,00:04,2492,-88
1246.5,00:02,2493,-108
1246.56,00:03,2493,-93
1246.58,00:04,2493,-88
1247,00:02,2494,-108
1247.06,00:03,2494,-93
1247.08,00:04,2494,-88
1247.5,00:02,2495,-108
1247.56,00:03,2495,-93
1247.58,00:04,2495,-88
1248.06,00:03,2496,-93
1248.08,00:04,2496,-88
1248.5,00:02,2497,-108
1248.56,00:03,2497,-93
1248.58,00:04,2497,-87
1249,00:02,2498,-108
1249.06,00:03,2498,-93
1249.08,00:04,2498,-87
1249.5,00:02,2499,-108
1249.56,00:03,2499,-93
1249.58,00:04,2499,-87
1250,00:02,2500,-108
1250.06,00:03,2500,-93
1250.08,00:04,2500,-87
1250.5,00:02,2501,-108
1250.56,00:03,2501,-93
1250.58,00:04,2501,-87
1251.06,00:03,2502,-93
1251.08,00:04,2502,-87
1251.5,00:02,2503,-108
1251.56,00:03,2503,-93
1251.58,00:04,2503,-86
1252,00:02,2504,-108
1252.06,00:03,2504,-93
1252.08,00:04,2504,-86
1252.5,00:02,2505,-107
1252.56,00:03,2505,-93
1252.58,00:04,2505,-86
1253,00:02,2506,-107
1253.06,00:03,2506,-93
1253.08,00:04,2506,-86
1253.5,00:02,2507,-107
1253.56,00:03,2507,-94
1253.58,00:04,2507,-86
1254,00:02,2508,-107
1254.06,00:03,2508,-94
1254.08,00:04,2508,-86
1254.5,00:02,2509,-107
1254.56,00:03,2509,-94
1254.58,00:04,2509,-85
1255,00:02,2510,-107
1255.06,00:03,2510,-94
1255.08,00:04,2510,-85
1255.5,00:02,2511,-107
1255.56,00:03,2511,-94
1255.58,00:04,2511,-85
1256,00:02,2512,-107
1256.06,00:03,2512,-94
1256.08,00:04,2512,-85
1256.5,00:02,2513,-107
1256.56,00:03,2513,-94
1256.58,00:04,2513,-85
1257,00:02,2514,-107
1257.06,00:03,2514,-94
1257.08,00:04,2514,-85
1257.56,00:03,2515,-94
1257.58,00:04,2515,-84
1258,00:02,2516,-107
1258.06,00:03,2516,-94
1258.08,00:04,2516,-84
1258.5,00:02,2517,-107
1258.56,00:03,2517,-94
1258.58,00:04,2517,-84
1259,00:02,2518,-107
1259.06,00:03,2518,-94
1259.08,00:04,2518,-84
1259.5,00:02,2519,-107
1259.56,00:03,2519,-94
1259.58,00:04,2519,-84
1260,00:02,2520,-107
1260.06,00:03,2520,-94
1260.08,00:04,2520,-83
1260.5,00:02,2521,-106
1260.56,00:03,2521,-94
1260.58,00:04,2521,-83
1261.06,00:03,2522,-98
1261.08,00:04,2522,-87
1261.56,00:03,2523,-98
1261.58,00:04,2523,-87
1262.06,00:03,2524,-98
1262.08,00:04,2524,-87
1262.56,00:03,2525,-98
1262.58,00:04,2525,-87
1263.06,00:03,2526,-98
1263.08,00:04,2526,-86
1263.56,00:03,2527,-98
1263.58,00:04,2527,-86
1264.06,00:03,2528,-98
1264.08,00:04,2528,-86
1264.56,00:03,2529,-98
1264.58,00:04,2529,-86
1265,00:02,2530,-106
1265.06,00:03,2530,-94
1265.08,00:04,2530,-82
1265.5,00:02,2531,-106
1265.56,00:03,2531,-94
1265.58,00:04,2531,-81
1266,00:02,2532,-106
1266.06,00:03,2532,-94
1266.08,00:04,2532,-81
1266.5,00:02,2533,-106
1266.56,00:03,2533,-94
1266.58,00:04,2533,-81
1267,00:02,2534,-106
1267.06,00:03,2534,-94
1267.08,00:04,2534,-81
1267.5,00:02,2535,-106
1267.56,00:03,2535,-94
1267.58,00:04,2535,-81
1268,00:02,2536,-106
1268.06,00:03,2536,-94
1268.08,00:04,2536,-80
1268.5,00:02,2537,-105
1268.56,00:03,2537,-94
1268.58,00:04,2537,-80
1269,00:02,2538,-105
1269.06,00:03,2538,-94
1269.08,00:04,2538,-80
1269.5,00:02,2539,-105
1269.56,00:03,2539,-94
1269.58,00:04,2539,-80
1270,00:02,2540,-105
1270.06,00:03,2540,-94
1270.08,00:04,2540,-80
1270.5,00:02,2541,-105
1270.56,00:03,2541,-94
1270.58,00:04,2541,-79
1271,00:02,2542,-105
1271.06,00:03,2542,-94
1271.08,00:04,2542,-79
1271.5,00:02,2543,-105
1271.56,00:03,2543,-94
1271.58,00:04,2543,-79
1272,00:02,2544,-105
1272.06,00:03,2544,-94
1272.08,00:04,2544,-79
1272.5,00:02,2545,-105
1272.56,00:03,2545,-95
1272.58,00:04,2545,-79
1273,00:02,2546,-105
1273.06,00:03,2546,-95
1273.08,00:04,2546,-78
1273.5,00:02,2547,-105
1273.56,00:03,2547,-95
1273.58,00:04,2547,-78
1274,00:02,2548,-105
1274.06,00:03,2548,-95
1274.08,00:04,2548,-78
1274.5,00:02,2549,-105
1274.56,00:03,2549,-95
1274.58,00:04,2549,-78
1275,00:02,2550,-105
1275.06,00:03,2550,-95
1275.08,00:04,2550,-78
1275.5,00:02,2551,-105
1275.56,00:03,2551,-95
1275.58,00:04,2551,-78
1276,00:02,2552,-105
1276.06,00:03,2552,-95
1276.08,00:04,2552,-77
1276.5,00:02,2553,-104
1276.56,00:03,2553,-95
1276.58,00:04,2553,-77
1277,00:02,2554,-104
1277.06,00:03,2554,-95
1277.08,00:04,2554,-77
1277.5,00:02,2555,-104
1277.56,00:03,2555,-95
1277.58,00:04,2555,-77
1278,00:02,2556,-104
1278.06,00:03,2556,-95
1278.08,00:04,2556,-77
1278.5,00:02,2557,-104
1278.56,00:03,2557,-95
1278.58,00:04,2557,-76
1279,00:02,2558,-104
1279.06,00:03,2558,-95
1279.08,00:04,2558,-76
1279.5,00:02,2559,-104
1279.56,00:03,2559,-95
1279.58,00:04,2559,-76
1280,00:02,2560,-104
1280.06,00:03,2560,-95
1280.08,00:04,2560,-76
1280.5,00:02,2561,-104
1280.56,00:03,2561,-95
1280.58,00:04,2561,-76
1281,00:02,2562,-104
1281.06,00:03,2562,-95
1281.08,00:04,2562,-76
1281.5,00:02,2563,-104
1281.56,00:03,2563,-95
1281.58,00:04,2563,-75
1282,00:02,2564,-104
1282.06,00:03,2564,-95
1282.08,00:04,2564,-75
1282.5,00:02,2565,-104
1282.56,00:03,2565,-95
1282.58,00:04,2565,-75
1283,00:02,2566,-104
1283.06,00:03,2566,-95
1283.08,00:04,2566,-75
1283.5,00:02,2567,-104
1283.56,00:03,2567,-96
1283.58,00:04,2567,-75
1284,00:02,2568,-103
1284.06,00:03,2568,-96
1284.08,00:04,2568,-75
1284.5,00:02,2569,-103
1284.56,00:03,2569,-96
1284.58,00:04,2569,-74
1285,00:02,2570,-103
1285.06,00:03,2570,-96
1285.08,00:04,2570,-74
1285.5,00:02,2571,-103
1285.56,00:03,2571,-96
1285.58,00:04,2571,-74
1286,00:02,2572,-103
1286.06,00:03,2572,-96
1286.08,00:04,2572,-74
1286.5,00:02,2573,-103
1286.56,00:03,2573,-96
1286.58,00:04,2573,-74
1287,00:02,2574,-103
1287.06,00:03,2574,-96
1287.08,00:04,2574,-74
1287.5,00:02,2575,-103
1287.56,00:03,2575,-96
1287.58,00:04,2575,-74
1288,00:02,2576,-103
1288.06,00:03,2576,-96
1288.08,00:04,2576,-74
1288.5,00:02,2577,-103
1288.56,00:03,2577,-96
1288.58,00:04,2577,-74
1289,00:02,2578,-103
1289.06,00:03,2578,-96
1289.08,00:04,2578,-74
1289.5,00:02,2579,-103
1289.56,00:03,2579,-96
1289.58,00:04,2579,-74
1290,00:02,2580,-103
1290.06,00:03,2580,-96
1290.08,00:04,2580,-73
1290.5,00:02,2581,-103
1290.56,00:03,2581,-96
1290.58,00:04,2581,-73
1291,00:02,2582,-103
1291.06,00:03,2582,-96
1291.08,00:04,2582,-73
1291.5,00:02,2583,-103
1291.56,00:03,2583,-96
1291.58,00:04,2583,-73
1292,00:02,2584,-103
1292.06,00:03,2584,-96
1292.08,00:04,2584,-73
1292.5,00:02,2585,-102
1292.56,00:03,2585,-97
1292.58,00:04,2585,-73
1293,00:02,2586,-102
1293.06,00:03,2586,-97
1293.08,00:04,2586,-73
1293.5,00:02,2587,-102
1293.56,00:03,2587,-97
1293.58,00:04,2587,-73
1294,00:02,2588,-102
1294.06,00:03,2588,-97
1294.08,00:04,2588,-73
1294.5,00:02,2589,-102
1294.56,00:03,2589,-97
1294.58,00:04,2589,-73
1295,00:02,2590,-102
1295.06,00:03,2590,-97
1295.08,00:04,2590,-73
1295.5,00:02,2591,-102
1295.56,00:03,2591,-97
1295.58,00:04,2591,-73
1296,00:02,2592,-102
1296.06,00:03,2592,-97
1296.08,00:04,2592,-73
1296.5,00:02,2593,-102
1296.56,00:03,2593,-97
1296.58,00:04,2593,-74
1297,00:02,2594,-102
1297.06,00:03,2594,-97
1297.08,00:04,2594,-74
1297.5,00:02,2595,-102
1297.56,00:03,2595,-97
1297.58,00:04,2595,-74
1298,00:02,2596,-102
1298.06,00:03,2596,-97
1298.08,00:04,2596,-74
1298.5,00:02,2597,-102
1298.56,00:03,2597,-97
1298.58,00:04,2597,-74
1299,00:02,2598,-102
1299.06,00:03,2598,-97
1299.08,00:04,2598,-74
1299.5,00:02,2599,-102
1299.56,00:03,2599,-97
1299.58,00:04,2599,-74
1300,00:02,2600,-102
1300.06,00:03,2600,-97
1300.08,00:04,2600,-74
1300.5,00:02,2601,-102
1300.56,00:03,2601,-98
1300.58,00:04,2601,-74
1301,00:02,2602,-102
1301.06,00:03,2602,-98
1301.08,00:04,2602,-74
1301.5,00:02,2603,-101
1301.56,00:03,2603,-98
1301.58,00:04,2603,-75
1302,00:02,2604,-101
1302.06,00:03,2604,-98
1302.08,00:04,2604,-75
1302.5,00:02,2605,-101
1302.56,00:03,2605,-98
1302.58,00:04,2605,-75
1303,00:02,2606,-101
1303.06,00:03,2606,-98
1303.08,00:04,2606,-75
1303.5,00:02,2607,-101
1303.56,00:03,2607,-98
1303.58,00:04,2607,-75
1304,00:02,2608,-101
1304.06,00:03,2608,-98
1304.08,00:04,2608,-75
1304.5,00:02,2609,-101
1304.56,00:03,2609,-98
1304.58,00:04,2609,-75
1305,00:02,2610,-101
1305.06,00:03,2610,-98
1305.08,00:04,2610,-76
1305.5,00:02,2611,-101
1305.56,00:03,2611,-98
1305.58,00:04,2611,-76
1306,00:02,2612,-101
1306.06,00:03,2612,-98
1306.08,00:04,2612,-76
1306.5,00:02,2613,-101
1306.56,00:03,2613,-98
1306.58,00:04,2613,-76
1307,00:02,2614,-101
1307.06,00:03,2614,-98
1307.08,00:04,2614,-76
1307.5,00:02,2615,-101
1307.56,00:03,2615,-98
1307.58,00:04,2615,-76
1308,00:02,2616,-101
1308.06,00:03,2616,-98
1308.08,00:04,2616,-77
1308.5,00:02,2617,-101
1308.56,00:03,2617,-99
1308.58,00:04,2617,-77
1309,00:02,2618,-101
1309.06,00:03,2618,-99
1309.08,00:04,2618,-77
1309.5,00:02,2619,-101
1309.56,00:03,2619,-99
1309.58,00:04,2619,-77
1310,00:02,2620,-101
1310.06,00:03,2620,-99
1310.08,00:04,2620,-77
1310.5,00:02,2621,-101
1310.56,00:03,2621,-99
1310.58,00:04,2621,-78
1311,00:02,2622,-101
1311.06,00:03,2622,-99
1311.08,00:04,2622,-78
1311.5,00:02,2623,-100
1311.56,00:03,2623,-99
1311.58,00:04,2623,-78
1312,00:02,2624,-100
1312.06,00:03,2624,-99
1312.08,00:04,2624,-78
1312.5,00:02,2625,-100
1312.56,00:03,2625,-99
1312.58,00:04,2625,-78
1313,00:02,2626,-100
1313.06,00:03,2626,-99
1313.08,00:04,2626,-79
1313.5,00:02,2627,-100
1313.56,00:03,2627,-99
1313.58,00:04,2627,-79
1314,00:02,2628,-100
1314.06,00:03,2628,-99
1314.08,00:04,2628,-79
1314.5,00:02,2629,-100
1314.56,00:03,2629,-99
1314.58,00:04,2629,-79
1315,00:02,2630,-100
1315.06,00:03,2630,-99
1315.08,00:04,2630,-79
1315.5,00:02,2631,-100
1315.56,00:03,2631,-99
1315.58,00:04,2631,-80
1316,00:02,2632,-100
1316.06,00:03,2632,-99
1316.08,00:04,2632,-80
1316.5,00:02,2633,-100
1316.56,00:03,2633,-100
1316.58,00:04,2633,-80
1317,00:02,2634,-100
1317.06,00:03,2634,-100
1317.08,00:04,2634,-80
1317.5,00:02,2635,-100
1317.56,00:03,2635,-100
1317.58,00:04,2635,-80
1318,00:02,2636,-100
1318.06,00:03,2636,-100
1318.08,00:04,2636,-80
1318.5,00:02,2637,-100
1318.56,00:03,2637,-100
1318.58,00:04,2637,-81
1319,00:02,2638,-100
1319.06,00:03,2638,-100
1319.08,00:04,2638,-81
1319.5,00:02,2639,-100
1319.56,00:03,2639,-100
1319.58,00:04,2639,-81
1320,00:02,2640,-100
1320.06,00:03,2640,-100
1320.08,00:04,2640,-81
1320.5,00:02,2641,-100
1320.56,00:03,2641,-100
1320.58,00:04,2641,-81
1321,00:02,2642,-100
1321.06,00:03,2642,-100
1321.08,00:04,2642,-82
1321.5,00:02,2643,-100
1321.56,00:03,2643,-100
1321.58,00:04,2643,-82
1322,00:02,2644,-100
1322.06,00:03,2644,-100
1322.08,00:04,2644,-82
1322.5,00:02,2645,-100
1322.56,00:03,2645,-100
1322.58,00:04,2645,-82
1323,00:02,2646,-100
1323.06,00:03,2646,-100
1323.08,00:04,2646,-82
1323.5,00:02,2647,-100
1323.56,00:03,2647,-100
1323.58,00:04,2647,-83
1324,00:02,2648,-100
1324.06,00:03,2648,-100
1324.08,00:04,2648,-83
1324.5,00:02,2649,-100
1324.56,00:03,2649,-101
1324.58,00:04,2649,-83
1325,00:02,2650,-100
1325.06,00:03,2650,-101
1325.08,00:04,2650,-83
1325.5,00:02,2651,-100
1325.56,00:03,2651,-101
1325.58,00:04,2651,-83
1326,00:02,2652,-100
1326.06,00:03,2652,-101
1326.08,00:04,2652,-84
1326.5,00:02,2653,-99
1326.56,00:03,2653,-101
1326.58,00:04,2653,-84
1327,00:02,2654,-99
1327.06,00:03,2654,-101
1327.08,00:04,2654,-84
1327.5,00:02,2655,-99
1327.56,00:03,2655,-101
1327.58,00:04,2655,-84
1328,00:02,2656,-99
1328.06,00:03,2656,-101
1328.08,00:04,2656,-84
1328.5,00:02,2657,-99
1328.56,00:03,2657,-101
1328.58,00:04,2657,-84
1329,00:02,2658,-99
1329.06,00:03,2658,-101
1329.08,00:04,2658,-85
1329.5,00:02,2659,-99
1329.56,00:03,2659,-101
1329.58,00:04,2659,-85
1330,00:02,2660,-99
1330.06,00:03,2660,-101
1330.08,00:04,2660,-85
1330.5,00:02,2661,-99
1330.56,00:03,2661,-101
1330.58,00:04,2661,-85
1331,00:02,2662,-99
1331.06,00:03,2662,-101
1331.08,00:04,2662,-85
1331.5,00:02,2663,-99
1331.56,00:03,2663,-101
1331.58,00:04,2663,-85
1332,00:02,2664,-99
1332.06,00:03,2664,-102
1332.08,00:04,2664,-86
1332.5,00:02,2665,-99
1332.56,00:03,2665,-102
1332.58,00:04,2665,-86
1333,00:02,2666,-99
1333.06,00:03,2666,-102
1333.08,00:04,2666,-86
1333.5,00:02,2667,-99
1333.56,00:03,2667,-102
1333.58,00:04,2667,-86
1334,00:02,2668,-99
1334.06,00:03,2668,-102
1334.08,00:04,2668,-86
1334.5,00:02,2669,-99
1334.56,00:03,2669,-102
1334.58,00:04,2669,-86
1335,00:02,2670,-99
1335.06,00:03,2670,-102
1335.08,00:04,2670,-87
1335.5,00:02,2671,-99
1335.56,00:03,2671,-102
1335.58,00:04,2671,-87
1336,00:02,2672,-99
1336.06,00:03,2672,-102
1336.08,00:04,2672,-87
1336.5,00:02,2673,-99
1336.56,00:03,2673,-102
1336.58,00:04,2673,-87
1337,00:02,2674,-99
1337.06,00:03,2674,-102
1337.08,00:04,2674,-87
1337.5,00:02,2675,-99
1337.56,00:03,2675,-102
1337.58,00:04,2675,-87
1338,00:02,2676,-99
1338.06,00:03,2676,-102
1338.08,00:04,2676,-88
1338.5,00:02,2677,-99
1338.56,00:03,2677,-102
1338.58,00:04,2677,-87
1339,00:02,2678,-100
1339.06,00:03,2678,-102
1339.08,00:04,2678,-87
1339.5,00:02,2679,-100
1339.56,00:03,2679,-102
1339.58,00:04,2679,-87
1340,00:02,2680,-100
1340.06,00:03,2680,-102
1340.08,00:04,2680,-87
1340.5,00:02,2681,-100
1340.56,00:03,2681,-102
1340.58,00:04,2681,-87
1341,00:02,2682,-100
1341.06,00:03,2682,-103
1341.08,00:04,2682,-87
1341.5,00:02,2683,-100
1341.56,00:03,2683,-103
1341.58,00:04,2683,-87
1342,00:02,2684,-100
1342.06,00:03,2684,-103
1342.08,00:04,2684,-87
1342.5,00:02,2685,-100
1342.56,00:03,2685,-103
1342.58,00:04,2685,-87
1343,00:02,2686,-100
1343.06,00:03,2686,-103
1343.08,00:04,2686,-87
1343.5,00:02,2687,-100
1343.56,00:03,2687,-103
1343.58,00:04,2687,-87
1344,00:02,2688,-100
1344.06,00:03,2688,-103
1344.08,00:04,2688,-87
1344.5,00:02,2689,-100
1344.56,00:03,2689,-103
1344.58,00:04,2689,-87
1345,00:02,2690,-100
1345.06,00:03,2690,-103
1345.08,00:04,2690,-86
1345.5,00:02,2691,-100
1345.56,00:03,2691,-103
1345.58,00:04,2691,-86
1346,00:02,2692,-100
1346.06,00:03,2692,-102
1346.08,00:04,2692,-86
1346.5,00:02,2693,-100
1346.56,00:03,2693,-102
1346.58,00:04,2693,-86
1347,00:02,2694,-100
1347.08,00:04,2694,-93
1347.5,00:02,2695,-108
1347.58,00:04,2695,-93
1348,00:02,2696,-108
1348.08,00:04,2696,-92
1348.5,00:02,2697,-108
1348.58,00:04,2697,-92
1349,00:02,2698,-108
1349.06,00:03,2698,-109
1349.08,00:04,2698,-92
1349.58,00:04,2699,-92
1350,00:02,2700,-108
1350.08,00:04,2700,-92
1350.58,00:04,2701,-91
1351,00:02,2702,-108
1351.06,00:03,2702,-109
1351.08,00:04,2702,-91
1351.5,00:02,2703,-108
1351.56,00:03,2703,-109
1351.58,00:04,2703,-91
1352,00:02,2704,-108
1352.08,00:04,2704,-91
1352.5,00:02,2705,-108
1352.56,00:03,2705,-109
1352.58,00:04,2705,-91
1353,00:02,2706,-108
1353.08,00:04,2706,-91
1353.5,00:02,2707,-108
1353.58,00:04,2707,-90
1354,00:02,2708,-108
1354.06,00:03,2708,-109
1354.08,00:04,2708,-90
1354.5,00:02,2709,-108
1354.58,00:04,2709,-90
1355.06,00:03,2710,-108
1355.08,00:04,2710,-90
1355.5,00:02,2711,-108
1355.58,00:04,2711,-90
1356,00:02,2712,-108
1356.08,00:04,2712,-89
1356.56,00:03,2713,-108
1356.58,00:04,2713,-89
1357,00:02,2714,-108
1357.06,00:03,2714,-108
1357.08,00:04,2714,-89
1357.5,00:02,2715,-108
1357.58,00:04,2715,-89
1358.06,00:03,2716,-108
1358.08,00:04,2716,-88
1358.5,00:02,2717,-108
1358.56,00:03,2717,-108
1358.58,00:04,2717,-88
1359,00:02,2718,-108
1359.06,00:03,2718,-101
1359.08,00:04,2718,-81
1359.5,00:02,2719,-101
1359.56,00:03,2719,-101
1359.58,00:04,2719,-81
1360,00:02,2720,-101
1360.06,00:03,2720,-101
1360.08,00:04,2720,-81
1360.5,00:02,2721,-101
1360.56,00:03,2721,-101
1360.58,00:04,2721,-80
1361,00:02,2722,-101
1361.06,00:03,2722,-101
1361.08,00:04,2722,-80
1361.5,00:02,2723,-101
1361.56,00:03,2723,-101
1361.58,00:04,2723,-80
1362,00:02,2724,-101
1362.06,00:03,2724,-101
1362.08,00:04,2724,-80
1362.5,00:02,2725,-101
1362.56,00:03,2725,-101
1362.58,00:04,2725,-79
1363,00:02,2726,-101
1363.06,00:03,2726,-100
1363.08,00:04,2726,-79
1363.5,00:02,2727,-101
1363.56,00:03,2727,-100
1363.58,00:04,2727,-79
1364,00:02,2728,-101
1364.06,00:03,2728,-100
1364.08,00:04,2728,-79
1364.5,00:02,2729,-101
1364.56,00:03,2729,-100
1364.58,00:04,2729,-79
1365,00:02,2730,-101
1365.06,00:03,2730,-100
1365.08,00:04,2730,-78
1365.5,00:02,2731,-101
1365.56,00:03,2731,-100
1365.58,00:04,2731,-78
1366,00:02,2732,-101
1366.06,00:03,2732,-100
1366.08,00:04,2732,-78
1366.5,00:02,2733,-101
1366.56,00:03,2733,-100
1366.58,00:04,2733,-78
1367,00:02,2734,-101
1367.06,00:03,2734,-100
1367.08,00:04,2734,-77
1367.5,00:02,2735,-101
1367.56,00:03,2735,-100
1367.58,00:04,2735,-77
1368,00:02,2736,-101
1368.06,00:03,2736,-100
1368.08,00:04,2736,-77
1368.5,00:02,2737,-101
1368.56,00:03,2737,-100
1368.58,00:04,2737,-77
1369,00:02,2738,-101
1369.06,00:03,2738,-100
1369.08,00:04,2738,-76
1369.5,00:02,2739,-101
1369.56,00:03,2739,-100
1369.58,00:04,2739,-76
1370,00:02,2740,-102
1370.06,00:03,2740,-100
1370.08,00:04,2740,-76
1370.5,00:02,2741,-102
1370.56,00:03,2741,-100
1370.58,00:04,2741,-76
1371,00:02,2742,-102
1371.06,00:03,2742,-100
1371.08,00:04,2742,-75
1371.5,00:02,2743,-102
1371.56,00:03,2743,-99
1371.58,00:04,2743,-75
1372,00:02,2744,-102
1372.06,00:03,2744,-99
1372.08,00:04,2744,-75
1372.5,00:02,2745,-102
1372.56,00:03,2745,-99
1372.58,00:04,2745,-75
1373,00:02,2746,-102
1373.06,00:03,2746,-99
1373.08,00:04,2746,-74
1373.5,00:02,2747,-102
1373.56,00:03,2747,-99
1373.58,00:04,2747,-74
1374,00:02,2748,-102
1374.06,00:03,2748,-99
1374.08,00:04,2748,-74
1374.5,00:02,2749,-102
1374.56,00:03,2749,-99
1374.58,00:04,2749,-74
1375,00:02,2750,-102
1375.06,00:03,2750,-99
1375.08,00:04,2750,-73
1375.5,00:02,2751,-102
1375.56,00:03,2751,-99
1375.58,00:04,2751,-73
1376,00:02,2752,-102
1376.06,00:03,2752,-99
1376.08,00:04,2752,-73
1376.5,00:02,2753,-102
1376.56,00:03,2753,-99
1376.58,00:04,2753,-73
1377,00:02,2754,-102
1377.06,00:03,2754,-99
1377.08,00:04,2754,-72
1377.5,00:02,2755,-102
1377.56,00:03,2755,-99
1377.58,00:04,2755,-72
1378,00:02,2756,-102
1378.06,00:03,2756,-99
1378.08,00:04,2756,-72
1378.5,00:02,2757,-102
1378.56,00:03,2757,-99
1378.58,00:04,2757,-72
1379,00:02,2758,-102
1379.06,00:03,2758,-99
1379.08,00:04,2758,-71
1379.5,00:02,2759,-102
1379.56,00:03,2759,-99
1379.58,00:04,2759,-71
1380,00:02,2760,-102
1380.06,00:03,2760,-98
1380.08,00:04,2760,-71
1380.5,00:02,2761,-102
1380.56,00:03,2761,-98
1380.58,00:04,2761,-71
1381,00:02,2762,-102
1381.06,00:03,2762,-98
1381.08,00:04,2762,-71
1381.5,00:02,2763,-103
1381.56,00:03,2763,-98
1381.58,00:04,2763,-70
1382,00:02,2764,-103
1382.06,00:03,2764,-98
1382.08,00:04,2764,-70
1382.5,00:02,2765,-103
1382.56,00:03,2765,-98
1382.58,00:04,2765,-70
1383,00:02,2766,-103
1383.06,00:03,2766,-98
1383.08,00:04,2766,-70
1383.5,00:02,2767,-103
1383.56,00:03,2767,-98
1383.58,00:04,2767,-70
1384,00:02,2768,-103
1384.06,00:03,2768,-98
1384.08,00:04,2768,-70
1384.5,00:02,2769,-103
1384.56,00:03,2769,-98
1384.58,00:04,2769,-70
1385,00:02,2770,-103
1385.06,00:03,2770,-98
1385.08,00:04,2770,-70
1385.5,00:02,2771,-103
1385.56,00:03,2771,-98
1385.58,00:04,2771,-69
1386,00:02,2772,-103
1386.06,00:03,2772,-98
1386.08,00:04,2772,-69
1386.5,00:02,2773,-103
1386.56,00:03,2773,-98
1386.58,00:04,2773,-69
1387,00:02,2774,-103
1387.06,00:03,2774,-98
1387.08,00:04,2774,-69
1387.5,00:02,2775,-103
1387.56,00:03,2775,-98
1387.58,00:04,2775,-69
1388,00:02,2776,-103
1388.06,00:03,2776,-98
1388.08,00:04,2776,-69
1388.5,00:02,2777,-103
1388.56,00:03,2777,-98
1388.58,00:04,2777,-69
1389,00:02,2778,-103
1389.06,00:03,2778,-97
1389.08,00:04,2778,-69
1389.5,00:02,2779,-103
1389.56,00:03,2779,-97
1389.58,00:04,2779,-69
1390,00:02,2780,-103
1390.06,00:03,2780,-97
1390.08,00:04,2780,-69
1390.5,00:02,2781,-103
1390.56,00:03,2781,-97
1390.58,00:04,2781,-69
1391,00:02,2782,-103
1391.06,00:03,2782,-97
1391.08,00:04,2782,-69
1391.5,00:02,2783,-104
1391.56,00:03,2783,-97
1391.58,00:04,2783,-69
1392,00:02,2784,-104
1392.06,00:03,2784,-97
1392.08,00:04,2784,-69
1392.5,00:02,2785,-104
1392.56,00:03,2785,-97
1392.58,00:04,2785,-69
1393,00:02,2786,-104
1393.06,00:03,2786,-97
1393.08,00:04,2786,-70
1393.5,00:02,2787,-104
1393.56,00:03,2787,-97
1393.58,00:04,2787,-70
1394,00:02,2788,-104
1394.06,00:03,2788,-97
1394.08,00:04,2788,-70
1394.5,00:02,2789,-104
1394.56,00:03,2789,-97
1394.58,00:04,2789,-70
1395,00:02,2790,-104
1395.06,00:03,2790,-97
1395.08,00:04,2790,-70
1395.5,00:02,2791,-104
1395.56,00:03,2791,-97
1395.58,00:04,2791,-70
1396,00:02,2792,-104
1396.06,00:03,2792,-97
1396.08,00:04,2792,-70
1396.5,00:02,2793,-104
1396.56,00:03,2793,-97
1396.58,00:04,2793,-70
1397,00:02,2794,-104
1397.06,00:03,2794,-97
1397.08,00:04,2794,-71
1397.5,00:02,2795,-104
1397.56,00:03,2795,-97
1397.58,00:04,2795,-71
1398,00:02,2796,-104
1398.06,00:03,2796,-97
1398.08,00:04,2796,-71
1398.5,00:02,2797,-104
1398.56,00:03,2797,-97
1398.58,00:04,2797,-71
1399,00:02,2798,-104
1399.06,00:03,2798,-96
1399.08,00:04,2798,-71
1399.5,00:02,2799,-104
1399.56,00:03,2799,-96
1399.58,00:04,2799,-72
1400,00:02,2800,-105
1400.06,00:03,2800,-96
1400.08,00:04,2800,-72
1400.5,00:02,2801,-105
1400.56,00:03,2801,-96
1400.58,00:04,2801,-72
1401,00:02,2802,-105
1401.06,00:03,2802,-96
1401.08,00:04,2802,-72
1401.5,00:02,2803,-105
1401.56,00:03,2803,-96
1401.58,00:04,2803,-73
1402,00:02,2804,-105
1402.06,00:03,2804,-96
1402.08,00:04,2804,-73
1402.5,00:02,2805,-105
1402.56,00:03,2805,-96
1402.58,00:04,2805,-73
1403,00:02,2806,-105
1403.06,00:03,2806,-96
1403.08,00:04,2806,-73
1403.5,00:02,2807,-105
1403.56,00:03,2807,-96
1403.58,00:04,2807,-74
1404,00:02,2808,-105
1404.06,00:03,2808,-96
1404.08,00:04,2808,-74
1404.5,00:02,2809,-105
1404.56,00:03,2809,-96
1404.58,00:04,2809,-74
1405,00:02,2810,-105
1405.06,00:03,2810,-96
1405.08,00:04,2810,-74
1405.5,00:02,2811,-105
1405.56,00:03,2811,-96
1405.58,00:04,2811,-75
1406,00:02,2812,-105
1406.06,00:03,2812,-96
1406.08,00:04,2812,-75
1406.5,00:02,2813,-105
1406.56,00:03,2813,-96
1406.58,00:04,2813,-75
1407,00:02,2814,-105
1407.06,00:03,2814,-96
1407.08,00:04,2814,-75
1407.5,00:02,2815,-105
1407.56,00:03,2815,-96
1407.58,00:04,2815,-76
1408,00:02,2816,-105
1408.06,00:03,2816,-96
1408.08,00:04,2816,-76
1408.5,00:02,2817,-105
1408.56,00:03,2817,-96
1408.58,00:04,2817,-76
1409,00:02,2818,-106
1409.06,00:03,2818,-96
1409.08,00:04,2818,-76
1409.5,00:02,2819,-106
1409.56,00:03,2819,-96
1409.58,00:04,2819,-77
1410,00:02,2820,-106
1410.06,00:03,2820,-96
1410.08,00:04,2820,-77
1410.5,00:02,2821,-106
1410.56,00:03,2821,-96
1410.58,00:04,2821,-77
1411,00:02,2822,-106
1411.06,00:03,2822,-95
1411.08,00:04,2822,-77
1411.5,00:02,2823,-106
1411.56,00:03,2823,-95
1411.58,00:04,2823,-78
1412,00:02,2824,-106
1412.06,00:03,2824,-95
1412.08,00:04,2824,-78
1412.5,00:02,2825,-106
1412.56,00:03,2825,-95
1412.58,00:04,2825,-78
1413,00:02,2826,-106
1413.06,00:03,2826,-95
1413.08,00:04,2826,-78
1413.5,00:02,2827,-106
1413.56,00:03,2827,-95
1413.58,00:04,2827,-79
1414,00:02,2828,-106
1414.06,00:03,2828,-95
1414.08,00:04,2828,-79
1414.5,00:02,2829,-106
1414.56,00:03,2829,-95
1414.58,00:04,2829,-79
1415.06,00:03,2830,-102
1415.08,00:04,2830,-86
1415.56,00:03,2831,-102
1415.58,00:04,2831,-87
1416.06,00:03,2832,-102
1416.08,00:04,2832,-87
1416.56,00:03,2833,-102
1416.58,00:04,2833,-87
1417.06,00:03,2834,-102
1417.08,00:04,2834,-87
1417.56,00:03,2835,-102
1417.58,00:04,2835,-87
1418.06,00:03,2836,-102
1418.08,00:04,2836,-88
1418.56,00:03,2837,-102
1418.58,00:04,2837,-88
1419.06,00:03,2838,-102
1419.08,00:04,2838,-88
1419.56,00:03,2839,-102
1419.58,00:04,2839,-88
1420.06,00:03,2840,-102
1420.08,00:04,2840,-89
1420.56,00:03,2841,-102
1420.58,00:04,2841,-89
1421.06,00:03,2842,-102
1421.08,00:04,2842,-89
1421.56,00:03,2843,-102
1421.58,00:04,2843,-89
1422.06,00:03,2844,-102
1422.08,00:04,2844,-89
1422.56,00:03,2845,-102
1422.58,00:04,2845,-90
1423.06,00:03,2846,-102
1423.08,00:04,2846,-90
1423.56,00:03,2847,-102
1423.58,00:04,2847,-90
1424.06,00:03,2848,-102
1424.08,00:04,2848,-90
1424.56,00:03,2849,-102
1424.58,00:04,2849,-90
1425.06,00:03,2850,-102
1425.08,00:04,2850,-91
1425.56,00:03,2851,-102
1425.58,00:04,2851,-91
1426.06,00:03,2852,-102
1426.08,00:04,2852,-91
1426.56,00:03,2853,-102
1426.58,00:04,2853,-91
1427.06,00:03,2854,-102
1427.08,00:04,2854,-91
1427.56,00:03,2855,-102
1427.58,00:04,2855,-92
1428.06,00:03,2856,-102
1428.08,00:04,2856,-92
1428.56,00:03,2857,-102
1428.58,00:04,2857,-92
1429.06,00:03,2858,-102
1429.08,00:04,2858,-92
1429.56,00:03,2859,-102
1429.58,00:04,2859,-92
1430.06,00:03,2860,-102
1430.08,00:04,2860,-92
1430.56,00:03,2861,-102
1430.58,00:04,2861,-93
1431.06,00:03,2862,-95
1431.08,00:04,2862,-86
1431.5,00:02,2863,-108
1431.56,00:03,2863,-95
1431.58,00:04,2863,-86
1432,00:02,2864,-108
1432.06,00:03,2864,-95
1432.08,00:04,2864,-86
1432.5,00:02,2865,-108
1432.56,00:03,2865,-95
1432.58,00:04,2865,-86
1433.06,00:03,2866,-95
1433.08,00:04,2866,-87
1433.5,00:02,2867,-108
1433.56,00:03,2867,-95
1433.58,00:04,2867,-87
1434,00:02,2868,-109
1434.06,00:03,2868,-95
1434.08,00:04,2868,-87
1434.5,00:02,2869,-109
1434.56,00:03,2869,-95
1434.58,00:04,2869,-87
1435,00:02,2870,-109
1435.06,00:03,2870,-95
1435.08,00:04,2870,-87
1435.56,00:03,2871,-95
1435.58,00:04,2871,-87
1436.06,00:03,2872,-95
1436.08,00:04,2872,-87
1436.5,00:02,2873,-109
1436.56,00:03,2873,-95
1436.58,00:04,2873,-87
1437,00:02,2874,-109
1437.06,00:03,2874,-95
1437.08,00:04,2874,-86
1437.56,00:03,2875,-96
1437.58,00:04,2875,-86
1438,00:02,2876,-109
1438.06,00:03,2876,-96
1438.08,00:04,2876,-86
1438.56,00:03,2877,-96
1438.58,00:04,2877,-86
1439.06,00:03,2878,-96
1439.08,00:04,2878,-86
1439.5,00:02,2879,-109
1439.56,00:03,2879,-96
1439.58,00:04,2879,-86
1440.06,00:03,2880,-96
1440.08,00:04,2880,-86
1440.56,00:03,2881,-96
1440.58,00:04,2881,-86
1441,00:02,2882,-109
1441.06,00:03,2882,-96
1441.08,00:04,2882,-86
1441.56,00:03,2883,-96
1441.58,00:04,2883,-86
1442,00:02,2884,-109
1442.06,00:03,2884,-96
1442.08,00:04,2884,-86
1442.5,00:02,2885,-109
1442.56,00:03,2885,-96
1442.58,00:04,2885,-85
1443.06,00:03,2886,-103
1443.08,00:04,2886,-92
1443.56,00:03,2887,-103
1443.58,00:04,2887,-92
1444.06,00:03,2888,-103
1444.08,00:04,2888,-92
1444.56,00:03,2889,-103
1444.58,00:04,2889,-92
1445.06,00:03,2890,-103
1445.08,00:04,2890,-91
1445.56,00:03,2891,-103
1445.58,00:04,2891,-91
1446.06,00:03,2892,-103
1446.08,00:04,2892,-91
1446.56,00:03,2893,-103
1446.58,00:04,2893,-91
1447.06,00:03,2894,-103
1447.08,00:04,2894,-91
1447.56,00:03,2895,-103
1447.58,00:04,2895,-90
1448.06,00:03,2896,-103
1448.08,00:04,2896,-90
1448.56,00:03,2897,-103
1448.58,00:04,2897,-90
1449.06,00:03,2898,-103
1449.08,00:04,2898,-90
1449.56,00:03,2899,-103
1449.58,00:04,2899,-89
1450.06,00:03,2900,-103
1450.08,00:04,2900,-89
1450.56,00:03,2901,-103
1450.58,00:04,2901,-89
1451.06,00:03,2902,-103
1451.08,00:04,2902,-89
1451.56,00:03,2903,-103
1451.58,00:04,2903,-89
1452.06,00:03,2904,-103
1452.08,00:04,2904,-88
1452.56,00:03,2905,-103
1452.58,00:04,2905,-88
1453.06,00:03,2906,-103
1453.08,00:04,2906,-88
1453.56,00:03,2907,-103
1453.58,00:04,2907,-88
1454.06,00:03,2908,-103
1454.08,00:04,2908,-87
1454.56,00:03,2909,-103
1454.58,00:04,2909,-87
1455.06,00:03,2910,-103
1455.08,00:04,2910,-87
1455.56,00:03,2911,-103
1455.58,00:04,2911,-87
1456.06,00:03,2912,-103
1456.08,00:04,2912,-86
1456.56,00:03,2913,-103
1456.58,00:04,2913,-86
1457.06,00:03,2914,-103
1457.08,00:04,2914,-86
1457.56,00:03,2915,-103
1457.58,00:04,2915,-86
1458.06,00:03,2916,-103
1458.08,00:04,2916,-85
1458.56,00:03,2917,-103
1458.58,00:04,2917,-85
1459.06,00:03,2918,-96
1459.08,00:04,2918,-78
1459.5,00:02,2919,-107
1459.56,00:03,2919,-96
1459.58,00:04,2919,-78
1460,00:02,2920,-107
1460.06,00:03,2920,-96
1460.08,00:04,2920,-77
1460.5,00:02,2921,-107
1460.56,00:03,2921,-96
1460.58,00:04,2921,-77
1461,00:02,2922,-107
1461.06,00:03,2922,-96
1461.08,00:04,2922,-77
1461.5,00:02,2923,-107
1461.56,00:03,2923,-96
1461.58,00:04,2923,-76
1462,00:02,2924,-107
1462.06,00:03,2924,-96
1462.08,00:04,2924,-76
1462.56,00:03,2925,-97
1462.58,00:04,2925,-76
1463,00:02,2926,-106
1463.06,00:03,2926,-97
1463.08,00:04,2926,-76
1463.5,00:02,2927,-106
1463.56,00:03,2927,-97
1463.58,00:04,2927,-75
1464,00:02,2928,-106
1464.06,00:03,2928,-97
1464.08,00:04,2928,-75
1464.5,00:02,2929,-106
1464.56,00:03,2929,-97
1464.58,00:04,2929,-75
1465,00:02,2930,-106
1465.06,00:03,2930,-97
1465.08,00:04,2930,-74
1465.5,00:02,2931,-106
1465.56,00:03,2931,-97
1465.58,00:04,2931,-74
1466,00:02,2932,-106
1466.06,00:03,2932,-97
1466.08,00:04,2932,-74
1466.56,00:03,2933,-97
1466.58,00:04,2933,-73
1467,00:02,2934,-106
1467.06,00:03,2934,-97
1467.08,00:04,2934,-73
1467.5,00:02,2935,-106
1467.56,00:03,2935,-97
1467.58,00:04,2935,-73
1468,00:02,2936,-106
1468.06,00:03,2936,-97
1468.08,00:04,2936,-72
1468.5,00:02,2937,-106
1468.56,00:03,2937,-97
1468.58,00:04,2937,-72
1469,00:02,2938,-106
1469.06,00:03,2938,-97
1469.08,00:04,2938,-72
1469.5,00:02,2939,-106
1469.56,00:03,2939,-97
1469.58,00:04,2939,-71
1470,00:02,2940,-106
1470.06,00:03,2940,-97
1470.08,00:04,2940,-71
1470.5,00:02,2941,-106
1470.56,00:03,2941,-97
1470.58,00:04,2941,-71
1471,00:02,2942,-106
1471.06,00:03,2942,-97
1471.08,00:04,2942,-70
1471.5,00:02,2943,-106
1471.56,00:03,2943,-97
1471.58,00:04,2943,-70
1472,00:02,2944,-105
1472.06,00:03,2944,-97
1472.08,00:04,2944,-70
1472.5,00:02,2945,-105
1472.56,00:03,2945,-97
1472.58,00:04,2945,-69
1473,00:02,2946,-105
1473.06,00:03,2946,-97
1473.08,00:04,2946,-69
1473.5,00:02,2947,-105
1473.56,00:03,2947,-97
1473.58,00:04,2947,-69
1474,00:02,2948,-105
1474.06,00:03,2948,-97
1474.08,00:04,2948,-69
1474.5,00:02,2949,-105
1474.56,00:03,2949,-97
1474.58,00:04,2949,-69
1475,00:02,2950,-105
1475.06,00:03,2950,-97
1475.08,00:04,2950,-68
1475.5,00:02,2951,-105
1475.56,00:03,2951,-97
1475.58,00:04,2951,-68
1476,00:02,2952,-105
1476.06,00:03,2952,-98
1476.08,00:04,2952,-68
1476.5,00:02,2953,-105
1476.56,00:03,2953,-98
1476.58,00:04,2953,-68
1477,00:02,2954,-105
1477.06,00:03,2954,-98
1477.08,00:04,2954,-68
1477.5,00:02,2955,-105
1477.56,00:03,2955,-98
1477.58,00:04,2955,-67
1478,00:02,2956,-105
1478.06,00:03,2956,-98
1478.08,00:04,2956,-67
1478.5,00:02,2957,-105
1478.56,00:03,2957,-98
1478.58,00:04,2957,-67
1479,00:02,2958,-105
1479.06,00:03,2958,-98
1479.08,00:04,2958,-67
1479.5,00:02,2959,-105
1479.56,00:03,2959,-98
1479.58,00:04,2959,-67
1480,00:02,2960,-105
1480.06,00:03,2960,-98
1480.08,00:04,2960,-67
1480.5,00:02,2961,-105
1480.56,00:03,2961,-98
1480.58,00:04,2961,-67
1481,00:02,2962,-105
1481.06,00:03,2962,-98
1481.08,00:04,2962,-66
1481.5,00:02,2963,-104
1481.56,00:03,2963,-98
1481.58,00:04,2963,-66
1482,00:02,2964,-104
1482.06,00:03,2964,-98
1482.08,00:04,2964,-66
1482.5,00:02,2965,-104
1482.56,00:03,2965,-98
1482.58,00:04,2965,-66
1483,00:02,2966,-104
1483.06,00:03,2966,-98
1483.08,00:04,2966,-66
1483.5,00:02,2967,-104
1483.56,00:03,2967,-98
1483.58,00:04,2967,-66
1484,00:02,2968,-104
1484.06,00:03,2968,-98
1484.08,00:04,2968,-66
1484.5,00:02,2969,-104
1484.56,00:03,2969,-98
1484.58,00:04,2969,-66
1485,00:02,2970,-104
1485.06,00:03,2970,-98
1485.08,00:04,2970,-66
1485.5,00:02,2971,-104
1485.56,00:03,2971,-98
1485.58,00:04,2971,-66
1486,00:02,2972,-104
1486.06,00:03,2972,-98
1486.08,00:04,2972,-66
1486.5,00:02,2973,-104
1486.56,00:03,2973,-98
1486.58,00:04,2973,-66
1487,00:02,2974,-104
1487.06,00:03,2974,-99
1487.08,00:04,2974,-66
1487.5,00:02,2975,-104
1487.56,00:03,2975,-99
1487.58,00:04,2975,-66
1488,00:02,2976,-104
1488.06,00:03,2976,-99
1488.08,00:04,2976,-66
1488.5,00:02,2977,-104
1488.56,00:03,2977,-99
1488.58,00:04,2977,-66
1489,00:02,2978,-104
1489.06,00:03,2978,-99
1489.08,00:04,2978,-66
1489.5,00:02,2979,-104
1489.56,00:03,2979,-99
1489.58,00:04,2979,-67
1490,00:02,2980,-104
1490.06,00:03,2980,-99
1490.08,00:04,2980,-67
1490.5,00:02,2981,-104
1490.56,00:03,2981,-99
1490.58,00:04,2981,-67
1491,00:02,2982,-104
1491.06,00:03,2982,-99
1491.08,00:04,2982,-67
1491.5,00:02,2983,-104
1491.56,00:03,2983,-99
1491.58,00:04,2983,-67
1492,00:02,2984,-103
1492.06,00:03,2984,-99
1492.08,00:04,2984,-67
1492.5,00:02,2985,-103
1492.56,00:03,2985,-99
1492.58,00:04,2985,-68
1493,00:02,2986,-103
1493.06,00:03,2986,-99
1493.08,00:04,2986,-68
1493.5,00:02,2987,-103
1493.56,00:03,2987,-99
1493.58,00:04,2987,-68
1494,00:02,2988,-103
1494.06,00:03,2988,-99
1494.08,00:04,2988,-68
1494.5,00:02,2989,-103
1494.56,00:03,2989,-99
1494.58,00:04,2989,-68
1495,00:02,2990,-103
1495.06,00:03,2990,-99
1495.08,00:04,2990,-68
1495.5,00:02,2991,-103
1495.56,00:03,2991,-99
1495.58,00:04,2991,-69
1496,00:02,2992,-103
1496.06,00:03,2992,-99
1496.08,00:04,2992,-69
1496.5,00:02,2993,-103
1496.56,00:03,2993,-99
1496.58,00:04,2993,-69
1497,00:02,2994,-103
1497.06,00:03,2994,-100
1497.08,00:04,2994,-69
1497.5,00:02,2995,-103
1497.56,00:03,2995,-100
1497.58,00:04,2995,-69
1498,00:02,2996,-103
1498.06,00:03,2996,-100
1498.08,00:04,2996,-70
1498.5,00:02,2997,-103
1498.56,00:03,2997,-100
1498.58,00:04,2997,-70
1499,00:02,2998,-103
1499.06,00:03,2998,-100
1499.08,00:04,2998,-70
1499.5,00:02,2999,-103
1499.56,00:03,2999,-100
1499.58,00:04,2999,-71
1500,00:02,3000,-103
1500.06,00:03,3000,-100
1500.08,00:04,3000,-71
1500.5,00:02,3001,-103
1500.56,00:03,3001,-100
1500.58,00:04,3001,-71
1501,00:02,3002,-103
1501.06,00:03,3002,-100
1501.08,00:04,3002,-72
1501.5,00:02,3003,-103
1501.56,00:03,3003,-100
1501.58,00:04,3003,-72
1502,00:02,3004,-103
1502.06,00:03,3004,-100
1502.08,00:04,3004,-72
1502.5,00:02,3005,-103
1502.56,00:03,3005,-100
1502.58,00:04,3005,-73
1503,00:02,3006,-103
1503.06,00:03,3006,-100
1503.08,00:04,3006,-73
1503.5,00:02,3007,-103
1503.56,00:03,3007,-100
1503.58,00:04,3007,-73
1504,00:02,3008,-103
1504.06,00:03,3008,-100
1504.08,00:04,3008,-74
1504.5,00:02,3009,-103
1504.56,00:03,3009,-100
1504.57,00:04,3009,-74
1505,00:02,3010,-102
1505.06,00:03,3010,-100
1505.08,00:04,3010,-74
1505.5,00:02,3011,-102
1505.56,00:03,3011,-100
1505.58,00:04,3011,-75
1506,00:02,3012,-102
1506.06,00:03,3012,-101
1506.08,00:04,3012,-75
1506.5,00:02,3013,-102
1506.56,00:03,3013,-101
1506.58,00:04,3013,-75
1507,00:02,3014,-102
1507.06,00:03,3014,-101
1507.08,00:04,3014,-76
1507.5,00:02,3015,-102
1507.56,00:03,3015,-101
1507.58,00:04,3015,-76
1508,00:02,3016,-102
1508.06,00:03,3016,-101
1508.08,00:04,3016,-76
1508.5,00:02,3017,-102
1508.56,00:03,3017,-101
1508.58,00:04,3017,-76
1509,00:02,3018,-102
1509.06,00:03,3018,-101
1509.08,00:04,3018,-77
1509.5,00:02,3019,-102
1509.56,00:03,3019,-101
1509.58,00:04,3019,-77
1510,00:02,3020,-102
1510.06,00:03,3020,-101
1510.08,00:04,3020,-77
1510.5,00:02,3021,-102
1510.56,00:03,3021,-101
1510.58,00:04,3021,-78
1511,00:02,3022,-102
1511.06,00:03,3022,-101
1511.08,00:04,3022,-78
1511.5,00:02,3023,-102
1511.56,00:03,3023,-101
1511.58,00:04,3023,-78
1512,00:02,3024,-102
1512.06,00:03,3024,-101
1512.08,00:04,3024,-78
1512.5,00:02,3025,-102
1512.56,00:03,3025,-101
1512.58,00:04,3025,-79
1513,00:02,3026,-102
1513.06,00:03,3026,-101
1513.08,00:04,3026,-79
1513.5,00:02,3027,-102
1513.56,00:03,3027,-101
1513.58,00:04,3027,-79
1514,00:02,3028,-102
1514.06,00:03,3028,-101
1514.08,00:04,3028,-79
1514.5,00:02,3029,-102
1514.56,00:03,3029,-101
1514.58,00:04,3029,-80
1515,00:02,3030,-109
1515.06,00:03,3030,-109
1515.08,00:04,3030,-87
1515.5,00:02,3031,-109
1515.58,00:04,3031,-87
1516.08,00:04,3032,-87
1516.58,00:04,3033,-88
1517,00:02,3034,-109
1517.07,00:04,3034,-88
1517.56,00:03,3035,-109
1517.57,00:04,3035,-88
1518,00:02,3036,-109
1518.08,00:04,3036,-88
1518.56,00:03,3037,-109
1518.58,00:04,3037,-89
1519,00:02,3038,-109
1519.08,00:04,3038,-89
1519.58,00:04,3039,-89
1520.06,00:03,3040,-109
1520.08,00:04,3040,-89
1520.5,00:02,3041,-109
1520.58,00:04,3041,-90
1521.08,00:04,3042,-90
1521.56,00:03,3043,-109
1521.58,00:04,3043,-90
1522.07,00:04,3044,-90
1522.5,00:02,3045,-109
1522.58,00:04,3045,-90
1523.08,00:04,3046,-91
1523.57,00:04,3047,-91
1524.08,00:04,3048,-91
1524.58,00:04,3049,-91
1525.08,00:04,3050,-91
1525.5,00:02,3051,-109
1525.56,00:03,3051,-110
1525.58,00:04,3051,-92
1526.08,00:04,3052,-92
1526.58,00:04,3053,-92
1527,00:02,3054,-102
1527.06,00:03,3054,-103
1527.08,00:04,3054,-85
1527.5,00:02,3055,-102
1527.56,00:03,3055,-103
1527.58,00:04,3055,-85
1528,00:02,3056,-102
1528.06,00:03,3056,-103
1528.08,00:04,3056,-86
1528.5,00:02,3057,-102
1528.56,00:03,3057,-103
1528.57,00:04,3057,-86
1529,00:02,3058,-102
1529.06,00:03,3058,-103
1529.08,00:04,3058,-86
1529.5,00:02,3059,-102
1529.56,00:03,3059,-103
1529.57,00:04,3059,-86
1530,00:02,3060,-102
1530.06,00:03,3060,-103
1530.08,00:04,3060,-86
1530.5,00:02,3061,-102
1530.56,00:03,3061,-103
1530.58,00:04,3061,-86
1531,00:02,3062,-102
1531.06,00:03,3062,-103
1531.08,00:04,3062,-86
1531.5,00:02,3063,-102
1531.56,00:03,3063,-103
1531.58,00:04,3063,-86
1532,00:02,3064,-102
1532.06,00:03,3064,-103
1532.08,00:04,3064,-86
1532.5,00:02,3065,-102
1532.56,00:03,3065,-103
1532.58,00:04,3065,-86
1533,00:02,3066,-102
1533.06,00:03,3066,-103
1533.08,00:04,3066,-86
1533.5,00:02,3067,-102
1533.56,00:03,3067,-104
1533.58,00:04,3067,-86
1534,00:02,3068,-103
1534.06,00:03,3068,-104
1534.08,00:04,3068,-86
1534.5,00:02,3069,-103
1534.56,00:03,3069,-104
1534.58,00:04,3069,-86
1535,00:02,3070,-103
1535.06,00:03,3070,-104
1535.08,00:04,3070,-86
1535.5,00:02,3071,-103
1535.56,00:03,3071,-104
1535.57,00:04,3071,-86
1536,00:02,3072,-103
1536.06,00:03,3072,-104
1536.08,00:04,3072,-86
1536.5,00:02,3073,-103
1536.56,00:03,3073,-104
1536.57,00:04,3073,-86
1537,00:02,3074,-103
1537.06,00:03,3074,-104
1537.08,00:04,3074,-85
1537.5,00:02,3075,-103
1537.56,00:03,3075,-103
1537.58,00:04,3075,-85
1538,00:02,3076,-103
1538.06,00:03,3076,-103
1538.08,00:04,3076,-85
1538.5,00:02,3077,-103
1538.56,00:03,3077,-103
1538.58,00:04,3077,-85
1539,00:02,3078,-103
1539.08,00:04,3078,-92
1539.58,00:04,3079,-91
1540.08,00:04,3080,-91
1540.58,00:04,3081,-91
1541.08,00:04,3082,-91
1541.58,00:04,3083,-91
1542.08,00:04,3084,-90
1542.58,00:04,3085,-90
1543.07,00:04,3086,-90
1543.58,00:04,3087,-90
1544.08,00:04,3088,-90
1544.58,00:04,3089,-89
1545.06,00:03,3090,-110
1545.08,00:04,3090,-89
1545.58,00:04,3091,-89
1546.07,00:04,3092,-89
1546.58,00:04,3093,-88
1547,00:02,3094,-110
1547.08,00:04,3094,-88
1547.56,00:03,3095,-109
1547.58,00:04,3095,-88
1548.08,00:04,3096,-88
1548.57,00:04,3097,-87
1549.07,00:04,3098,-87
1549.58,00:04,3099,-87
1550.08,00:04,3100,-87
1550.58,00:04,3101,-86
1551.06,00:03,3102,-102
1551.08,00:04,3102,-79
1551.5,00:02,3103,-103
1551.56,00:03,3103,-102
1551.58,00:04,3103,-79
1552,00:02,3104,-103
1552.06,00:03,3104,-102
1552.08,00:04,3104,-79
1552.5,00:02,3105,-103
1552.56,00:03,3105,-102
1552.58,00:04,3105,-78
1553,00:02,3106,-103
1553.06,00:03,3106,-102
1553.07,00:04,3106,-78
1553.5,00:02,3107,-103
1553.56,00:03,3107,-102
1553.58,00:04,3107,-78
1554,00:02,3108,-103
1554.06,00:03,3108,-102
1554.08,00:04,3108,-77
1554.5,00:02,3109,-103
1554.56,00:03,3109,-102
1554.58,00:04,3109,-77
1555,00:02,3110,-103
1555.06,00:03,3110,-102
1555.07,00:04,3110,-77
1555.5,00:02,3111,-103
1555.56,00:03,3111,-102
1555.58,00:04,3111,-76
1556,00:02,3112,-103
1556.06,00:03,3112,-102
1556.08,00:04,3112,-76
1556.5,00:02,3113,-103
1556.56,00:03,3113,-102
1556.58,00:04,3113,-76
1557,00:02,3114,-103
1557.06,00:03,3114,-101
1557.08,00:04,3114,-75
1557.5,00:02,3115,-103
1557.56,00:03,3115,-101
1557.58,00:04,3115,-75
1558,00:02,3116,-103
1558.06,00:03,3116,-101
1558.08,00:04,3116,-75
1558.5,00:02,3117,-103
1558.56,00:03,3117,-101
1558.57,00:04,3117,-74
1559,00:02,3118,-103
1559.06,00:03,3118,-101
1559.08,00:04,3118,-74
1559.5,00:02,3119,-103
1559.56,00:03,3119,-101
1559.58,00:04,3119,-74
1560,00:02,3120,-103
1560.06,00:03,3120,-101
1560.08,00:04,3120,-73
1560.5,00:02,3121,-103
1560.56,00:03,3121,-101
1560.58,00:04,3121,-73
1561,00:02,3122,-103
1561.06,00:03,3122,-101
1561.08,00:04,3122,-73
1561.5,00:02,3123,-103
1561.56,00:03,3123,-101
1561.57,00:04,3123,-72
1562,00:02,3124,-104
1562.06,00:03,3124,-101
1562.07,00:04,3124,-72
1562.5,00:02,3125,-104
1562.56,00:03,3125,-101
1562.58,00:04,3125,-71
1563,00:02,3126,-104
1563.06,00:03,3126,-101
1563.08,00:04,3126,-71
1563.5,00:02,3127,-104
1563.56,00:03,3127,-101
1563.57,00:04,3127,-71
1564,00:02,3128,-104
1564.06,00:03,3128,-101
1564.08,00:04,3128,-70
1564.5,00:02,3129,-104
1564.56,00:03,3129,-101
1564.58,00:04,3129,-70
1565,00:02,3130,-104
1565.06,00:03,3130,-101
1565.07,00:04,3130,-69
1565.5,00:02,3131,-104
1565.56,00:03,3131,-101
1565.57,00:04,3131,-69
1566,00:02,3132,-104
1566.06,00:03,3132,-101
1566.08,00:04,3132,-69
1566.5,00:02,3133,-104
1566.56,00:03,3133,-101
1566.58,00:04,3133,-69
1567,00:02,3134,-104
1567.06,00:03,3134,-100
1567.08,00:04,3134,-68
1567.5,00:02,3135,-104
1567.56,00:03,3135,-100
1567.58,00:04,3135,-68
1568,00:02,3136,-104
1568.06,00:03,3136,-100
1568.08,00:04,3136,-68
1568.5,00:02,3137,-104
1568.56,00:03,3137,-100
1568.58,00:04,3137,-68
1569,00:02,3138,-104
1569.06,00:03,3138,-100
1569.08,00:04,3138,-67
1569.5,00:02,3139,-104
1569.56,00:03,3139,-100
1569.58,00:04,3139,-67
1570,00:02,3140,-104
1570.06,00:03,3140,-100
1570.08,00:04,3140,-67
1570.5,00:02,3141,-104
1570.56,00:03,3141,-100
1570.58,00:04,3141,-66
1571,00:02,3142,-104
1571.06,00:03,3142,-100
1571.07,00:04,3142,-66
1571.5,00:02,3143,-104
1571.56,00:03,3143,-100
1571.58,00:04,3143,-66
1572,00:02,3144,-104
1572.06,00:03,3144,-100
1572.08,00:04,3144,-65
1572.5,00:02,3145,-104
1572.56,00:03,3145,-100
1572.57,00:04,3145,-65
1573,00:02,3146,-104
1573.06,00:03,3146,-100
1573.08,00:04,3146,-65
1573.5,00:02,3147,-104
1573.56,00:03,3147,-100
1573.57,00:04,3147,-64
1574,00:02,3148,-104
1574.06,00:03,3148,-100
1574.08,00:04,3148,-64
1574.5,00:02,3149,-104
1574.56,00:03,3149,-100
1574.58,00:04,3149,-64
1575,00:02,3150,-104
1575.06,00:03,3150,-100
1575.08,00:04,3150,-63
1575.5,00:02,3151,-104
1575.56,00:03,3151,-100
1575.57,00:04,3151,-63
1576,00:02,3152,-105
1576.06,00:03,3152,-100
1576.07,00:04,3152,-63
1576.5,00:02,3153,-105
1576.56,00:03,3153,-100
1576.58,00:04,3153,-63
1577,00:02,3154,-105
1577.06,00:03,3154,-100
1577.07,00:04,3154,-62
1577.5,00:02,3155,-105
1577.56,00:03,3155,-99
1577.58,00:04,3155,-62
1578,00:02,3156,-105
1578.06,00:03,3156,-99
1578.07,00:04,3156,-62
1578.5,00:02,3157,-105
1578.56,00:03,3157,-99
1578.58,00:04,3157,-62
1579,00:02,3158,-105
1579.06,00:03,3158,-99
1579.08,00:04,3158,-61
1579.5,00:02,3159,-105
1579.56,00:03,3159,-99
1579.57,00:04,3159,-61
1580,00:02,3160,-105
1580.06,00:03,3160,-99
1580.08,00:04,3160,-61
1580.5,00:02,3161,-105
1580.56,00:03,3161,-99
1580.57,00:04,3161,-61
1581,00:02,3162,-105
1581.06,00:03,3162,-99
1581.08,00:04,3162,-61
1581.5,00:02,3163,-105
1581.56,00:03,3163,-99
1581.58,00:04,3163,-61
1582,00:02,3164,-105
1582.06,00:03,3164,-99
1582.07,00:04,3164,-61
1582.5,00:02,3165,-105
1582.56,00:03,3165,-99
1582.57,00:04,3165,-61
1583,00:02,3166,-105
1583.06,00:03,3166,-99
1583.07,00:04,3166,-61
1583.5,00:02,3167,-105
1583.56,00:03,3167,-99
1583.58,00:04,3167,-62
1584,00:02,3168,-105
1584.06,00:03,3168,-99
1584.07,00:04,3168,-62
1584.5,00:02,3169,-105
1584.56,00:03,3169,-99
1584.58,00:04,3169,-62
1585,00:02,3170,-105
1585.06,00:03,3170,-99
1585.07,00:04,3170,-62
1585.5,00:02,3171,-105
1585.56,00:03,3171,-99
1585.58,00:04,3171,-63
1586,00:02,3172,-105
1586.06,00:03,3172,-99
1586.08,00:04,3172,-63
1586.5,00:02,3173,-105
1586.56,00:03,3173,-99
1586.58,00:04,3173,-63
1587,00:02,3174,-105
1587.06,00:03,3174,-99
1587.08,00:04,3174,-64
1587.5,00:02,3175,-106
1587.56,00:03,3175,-99
1587.57,00:04,3175,-64
1588,00:02,3176,-106
1588.06,00:03,3176,-99
1588.08,00:04,3176,-64
1588.5,00:02,3177,-106
1588.56,00:03,3177,-99
1588.58,00:04,3177,-65
1589,00:02,3178,-106
1589.06,00:03,3178,-98
1589.07,00:04,3178,-65
1589.5,00:02,3179,-106
1589.56,00:03,3179,-98
1589.58,00:04,3179,-65
1590,00:02,3180,-106
1590.06,00:03,3180,-98
1590.08,00:04,3180,-66
1590.5,00:02,3181,-106
1590.56,00:03,3181,-98
1590.58,00:04,3181,-66
1591,00:02,3182,-106
1591.06,00:03,3182,-98
1591.07,00:04,3182,-66
1591.5,00:02,3183,-106
1591.56,00:03,3183,-98
1591.58,00:04,3183,-66
1592,00:02,3184,-106
1592.06,00:03,3184,-98
1592.07,00:04,3184,-67
1592.5,00:02,3185,-106
1592.56,00:03,3185,-98
1592.58,00:04,3185,-67
1593,00:02,3186,-106
1593.06,00:03,3186,-98
1593.08,00:04,3186,-67
1593.5,00:02,3187,-106
1593.56,00:03,3187,-98
1593.58,00:04,3187,-68
1594,00:02,3188,-106
1594.07,00:03,3188,-98
1594.07,00:04,3188,-68
1594.5,00:02,3189,-106
1594.56,00:03,3189,-98
1594.57,00:04,3189,-68
1595,00:02,3190,-106
1595.06,00:03,3190,-98
1595.07,00:04,3190,-69
1595.5,00:02,3191,-106
1595.56,00:03,3191,-98
1595.57,00:04,3191,-69
1596,00:02,3192,-106
1596.06,00:03,3192,-98
1596.08,00:04,3192,-69
1596.5,00:02,3193,-106
1596.56,00:03,3193,-98
1596.58,00:04,3193,-69
1597,00:02,3194,-106
1597.06,00:03,3194,-98
1597.07,00:04,3194,-70
1597.5,00:02,3195,-107
1597.56,00:03,3195,-98
1597.58,00:04,3195,-70
1598,00:02,3196,-107
1598.06,00:03,3196,-98
1598.07,00:04,3196,-70
1598.5,00:02,3197,-107
1598.56,00:03,3197,-98
1598.58,00:04,3197,-71
1599,00:02,3198,-107
1599.06,00:03,3198,-98
1599.07,00:04,3198,-71
1599.5,00:02,3199,-107
1599.56,00:03,3199,-98
1599.58,00:04,3199,-72
1600,00:02,3200,-107
1600.06,00:03,3200,-98
1600.08,00:04,3200,-72
1600.5,00:02,3201,-107
1600.56,00:03,3201,-98
1600.57,00:04,3201,-72
1601,00:02,3202,-107
1601.06,00:03,3202,-98
1601.08,00:04,3202,-73
1601.5,00:02,3203,-107
1601.56,00:03,3203,-98
1601.57,00:04,3203,-73
1602,00:02,3204,-107
1602.06,00:03,3204,-98
1602.07,00:04,3204,-73
1602.5,00:02,3205,-107
1602.56,00:03,3205,-98
1602.57,00:04,3205,-74
1603,00:02,3206,-107
1603.06,00:03,3206,-98
1603.08,00:04,3206,-74
1603.5,00:02,3207,-107
1603.56,00:03,3207,-98
1603.57,00:04,3207,-75
1604,00:02,3208,-107
1604.06,00:03,3208,-97
1604.07,00:04,3208,-75
1604.5,00:02,3209,-107
1604.56,00:03,3209,-97
1604.57,00:04,3209,-75
1605,00:02,3210,-107
1605.06,00:03,3210,-97
1605.07,00:04,3210,-76
1605.5,00:02,3211,-107
1605.56,00:03,3211,-97
1605.57,00:04,3211,-76
1606,00:02,3212,-107
1606.06,00:03,3212,-97
1606.07,00:04,3212,-76
1606.5,00:02,3213,-107
1606.56,00:03,3213,-97
1606.58,00:04,3213,-77
1607,00:02,3214,-107
1607.06,00:03,3214,-104
1607.07,00:04,3214,-84
1607.56,00:03,3215,-104
1607.58,00:04,3215,-84
1608.07,00:03,3216,-104
1608.07,00:04,3216,-84
1608.56,00:03,3217,-104
1608.57,00:04,3217,-85
1609.06,00:03,3218,-104
1609.07,00:04,3218,-85
1609.56,00:03,3219,-104
1609.58,00:04,3219,-85
1610.07,00:03,3220,-104
1610.08,00:04,3220,-86
1610.56,00:03,3221,-104
1610.57,00:04,3221,-86
1611.06,00:03,3222,-104
1611.08,00:04,3222,-86
1611.56,00:03,3223,-104
1611.58,00:04,3223,-86
1612.06,00:03,3224,-104
1612.08,00:04,3224,-87
1612.56,00:03,3225,-104
1612.57,00:04,3225,-87
1613.06,00:03,3226,-104
1613.07,00:04,3226,-87
1613.56,00:03,3227,-104
1613.57,00:04,3227,-87
1614.06,00:03,3228,-104
1614.08,00:04,3228,-88
1614.56,00:03,3229,-104
1614.57,00:04,3229,-88
1615.06,00:03,3230,-104
1615.07,00:04,3230,-88
1615.56,00:03,3231,-104
1615.57,00:04,3231,-88
1616.06,00:03,3232,-104
1616.07,00:04,3232,-89
1616.56,00:03,3233,-104
1616.58,00:04,3233,-89
1617.06,00:03,3234,-104
1617.07,00:04,3234,-89
1617.56,00:03,3235,-104
1617.58,00:04,3235,-89
1618.06,00:03,3236,-104
1618.07,00:04,3236,-90
1618.56,00:03,3237,-104
1618.58,00:04,3237,-90
1619.06,00:03,3238,-104
1619.07,00:04,3238,-90
1619.56,00:03,3239,-104
1619.58,00:04,3239,-90
1620.06,00:03,3240,-104
1620.07,00:04,3240,-91
1620.56,00:03,3241,-104
1620.57,00:04,3241,-91
1621.06,00:03,3242,-104
1621.07,00:04,3242,-91
1621.56,00:03,3243,-104
1621.58,00:04,3243,-91
1622.06,00:03,3244,-104
1622.07,00:04,3244,-91
1622.56,00:03,3245,-104
1622.57,00:04,3245,-92
1623.06,00:03,3246,-97
1623.07,00:04,3246,-85
1623.56,00:03,3247,-97
1623.57,00:04,3247,-85
1624.06,00:03,3248,-97
1624.07,00:04,3248,-85
1624.5,00:02,3249,-109
1624.56,00:03,3249,-97
1624.57,00:04,3249,-85
1625.06,00:03,3250,-97
1625.07,00:04,3250,-86
1625.5,00:02,3251,-109
1625.56,00:03,3251,-97
1625.57,00:04,3251,-86
1626.06,00:03,3252,-97
1626.07,00:04,3252,-86
1626.56,00:03,3253,-97
1626.57,00:04,3253,-86
1627.06,00:03,3254,-97
1627.07,00:04,3254,-86
1627.56,00:03,3255,-97
1627.57,00:04,3255,-86
1628.06,00:03,3256,-97
1628.08,00:04,3256,-86
1628.56,00:03,3257,-97
1628.58,00:04,3257,-86
1629.06,00:03,3258,-98
1629.07,00:04,3258,-86
1629.56,00:03,3259,-98
1629.58,00:04,3259,-86
1630.06,00:03,3260,-98
1630.08,00:04,3260,-86
1630.56,00:03,3261,-98
1630.57,00:04,3261,-86
1631.06,00:03,3262,-98
1631.08,00:04,3262,-86
1631.56,00:03,3263,-98
1631.58,00:04,3263,-86
1632.07,00:03,3264,-98
1632.07,00:04,3264,-86
1632.56,00:03,3265,-98
1632.57,00:04,3265,-85
1633.06,00:03,3266,-98
1633.07,00:04,3266,-85
1633.56,00:03,3267,-98
1633.57,00:04,3267,-85
1634.06,00:03,3268,-98
1634.07,00:04,3268,-85
1634.56,00:03,3269,-98
1634.57,00:04,3269,-85
1635.06,00:03,3270,-98
1635.07,00:04,3270,-84
1635.5,00:02,3271,-110
1635.56,00:03,3271,-98
1635.57,00:04,3271,-84
1636.06,00:03,3272,-98
1636.07,00:04,3272,-84
1636.56,00:03,3273,-98
1636.58,00:04,3273,-84
1637.06,00:03,3274,-98
1637.07,00:04,3274,-84
1637.56,00:03,3275,-98
1637.57,00:04,3275,-83
1638.06,00:03,3276,-98
1638.07,00:04,3276,-83
1638.56,00:03,3277,-98
1638.57,00:04,3277,-83
1639.06,00:03,3278,-98
1639.07,00:04,3278,-83
1639.56,00:03,3279,-98
1639.57,00:04,3279,-83
1640.06,00:03,3280,-98
1640.07,00:04,3280,-82
1640.5,00:02,3281,-109
1640.56,00:03,3281,-98
1640.57,00:04,3281,-82
1641.06,00:03,3282,-98
1641.08,00:04,3282,-82
1641.56,00:03,3283,-98
1641.57,00:04,3283,-82
1642.06,00:03,3284,-98
1642.07,00:04,3284,-81
1642.56,00:03,3285,-98
1642.58,00:04,3285,-81
1643.06,00:03,3286,-98
1643.07,00:04,3286,-81
1643.56,00:03,3287,-98
1643.57,00:04,3287,-81
1644,00:02,3288,-109
1644.06,00:03,3288,-98
1644.07,00:04,3288,-80
1644.5,00:02,3289,-109
1644.56,00:03,3289,-98
1644.58,00:04,3289,-80
1645,00:02,3290,-109
1645.06,00:03,3290,-98
1645.07,00:04,3290,-80
1645.56,00:03,3291,-98
1645.57,00:04,3291,-79
1646.06,00:03,3292,-98
1646.07,00:04,3292,-79
1646.56,00:03,3293,-98
1646.57,00:04,3293,-79
1647,00:02,3294,-108
1647.06,00:03,3294,-98
1647.07,00:04,3294,-79
1647.5,00:02,3295,-108
1647.56,00:03,3295,-98
1647.57,00:04,3295,-78
1648,00:02,3296,-108
1648.06,00:03,3296,-98
1648.07,00:04,3296,-78
1648.5,00:02,3297,-108
1648.56,00:03,3297,-98
1648.58,00:04,3297,-78
1649.06,00:03,3298,-98
1649.07,00:04,3298,-77
1649.56,00:03,3299,-98
1649.57,00:04,3299,-77
1650.06,00:03,3300,-98
1650.07,00:04,3300,-77
1650.5,00:02,3301,-108
1650.56,00:03,3301,-98
1650.57,00:04,3301,-77
1651,00:02,3302,-108
1651.06,00:03,3302,-98
1651.07,00:04,3302,-76
1651.5,00:02,3303,-108
1651.56,00:03,3303,-98
1651.57,00:04,3303,-76
1652,00:02,3304,-108
1652.06,00:03,3304,-98
1652.07,00:04,3304,-76
1652.56,00:03,3305,-98
1652.58,00:04,3305,-75
1653,00:02,3306,-108
1653.06,00:03,3306,-98
1653.07,00:04,3306,-75
1653.56,00:03,3307,-98
1653.57,00:04,3307,-74
1654.06,00:03,3308,-98
1654.07,00:04,3308,-74
1654.5,00:02,3309,-108
1654.56,00:03,3309,-98
1654.57,00:04,3309,-74
1655,00:02,3310,-108
1655.06,00:03,3310,-99
1655.07,00:04,3310,-73
1655.5,00:02,3311,-108
1655.57,00:03,3311,-99
1655.57,00:04,3311,-73
1656,00:02,3312,-108
1656.06,00:03,3312,-99
1656.07,00:04,3312,-73
1656.5,00:02,3313,-108
1656.56,00:03,3313,-99
1656.57,00:04,3313,-72
1657,00:02,3314,-108
1657.06,00:03,3314,-99
1657.07,00:04,3314,-72
1657.5,00:02,3315,-107
1657.56,00:03,3315,-99
1657.57,00:04,3315,-71
1658,00:02,3316,-107
1658.06,00:03,3316,-99
1658.07,00:04,3316,-71
1658.5,00:02,3317,-107
1658.56,00:03,3317,-99
1658.58,00:04,3317,-70
1659,00:02,3318,-107
1659.06,00:03,3318,-99
1659.07,00:04,3318,-70
1659.5,00:02,3319,-107
1659.56,00:03,3319,-99
1659.57,00:04,3319,-70
1660,00:02,3320,-107
1660.06,00:03,3320,-99
1660.07,00:04,3320,-69
1660.5,00:02,3321,-107
1660.56,00:03,3321,-99
1660.57,00:04,3321,-69
1661.06,00:03,3322,-99
1661.07,00:04,3322,-69
1661.5,00:02,3323,-107
1661.56,00:03,3323,-99
1661.57,00:04,3323,-68
1662.06,00:03,3324,-99
1662.07,00:04,3324,-68
1662.5,00:02,3325,-107
1662.56,00:03,3325,-99
1662.57,00:04,3325,-68
1663,00:02,3326,-107
1663.06,00:03,3326,-99
1663.07,00:04,3326,-67
1663.5,00:02,3327,-107
1663.56,00:03,3327,-99
1663.57,00:04,3327,-67
1664,00:02,3328,-107
1664.06,00:03,3328,-99
1664.07,00:04,3328,-67
1664.5,00:02,3329,-107
1664.56,00:03,3329,-99
1664.57,00:04,3329,-66
1665,00:02,3330,-107
1665.06,00:03,3330,-99
1665.07,00:04,3330,-66
1665.5,00:02,3331,-107
1665.56,00:03,3331,-99
1665.57,00:04,3331,-66
1666.06,00:03,3332,-99
1666.07,00:04,3332,-65
1666.5,00:02,3333,-107
1666.56,00:03,3333,-99
1666.57,00:04,3333,-65
1667,00:02,3334,-107
1667.07,00:03,3334,-99
1667.07,00:04,3334,-64
1667.5,00:02,3335,-107
1667.57,00:03,3335,-99
1667.57,00:04,3335,-64
1668,00:02,3336,-107
1668.06,00:03,3336,-99
1668.07,00:04,3336,-63
1668.5,00:02,3337,-106
1668.56,00:03,3337,-99
1668.57,00:04,3337,-63
1669,00:02,3338,-106
1669.06,00:03,3338,-99
1669.07,00:04,3338,-62
1669.5,00:02,3339,-106
1669.56,00:03,3339,-99
1669.57,00:04,3339,-62
1670,00:02,3340,-106
1670.06,00:03,3340,-99
1670.07,00:04,3340,-61
1670.5,00:02,3341,-106
1670.56,00:03,3341,-99
1670.57,00:04,3341,-61
1671,00:02,3342,-106
1671.06,00:03,3342,-99
1671.07,00:04,3342,-60
1671.5,00:02,3343,-106
1671.56,00:03,3343,-100
1671.57,00:04,3343,-59
1672,00:02,3344,-106
1672.06,00:03,3344,-100
1672.07,00:04,3344,-59
1672.5,00:02,3345,-106
1672.56,00:03,3345,-100
1672.57,00:04,3345,-58
1673,00:02,3346,-106
1673.06,00:03,3346,-100
1673.07,00:04,3346,-57
1673.5,00:02,3347,-106
1673.57,00:03,3347,-100
1673.57,00:04,3347,-56
1674,00:02,3348,-106
1674.06,00:03,3348,-100
1674.07,00:04,3348,-56
1674.5,00:02,3349,-106
1674.56,00:03,3349,-100
1674.57,00:04,3349,-55
1675,00:02,3350,-106
1675.06,00:03,3350,-100
1675.07,00:04,3350,-54
1675.5,00:02,3351,-106
1675.56,00:03,3351,-100
1675.57,00:04,3351,-53
1676,00:02,3352,-106
1676.06,00:03,3352,-100
1676.07,00:04,3352,-53
1676.5,00:02,3353,-106
1676.56,00:03,3353,-100
1676.57,00:04,3353,-52
1677,00:02,3354,-106
1677.06,00:03,3354,-100
1677.07,00:04,3354,-52
1677.5,00:02,3355,-106
1677.56,00:03,3355,-100
1677.57,00:04,3355,-52
1678,00:02,3356,-106
1678.06,00:03,3356,-100
1678.07,00:04,3356,-53
1678.5,00:02,3357,-106
1678.56,00:03,3357,-100
1678.57,00:04,3357,-53
1679,00:02,3358,-106
1679.06,00:03,3358,-100
1679.07,00:04,3358,-54
1679.5,00:02,3359,-106
1679.56,00:03,3359,-100
1679.57,00:04,3359,-55
1680,00:02,3360,-106
1680.07,00:03,3360,-100
1680.07,00:04,3360,-56
1680.5,00:02,3361,-105
1680.56,00:03,3361,-100
1680.57,00:04,3361,-57
1681,00:02,3362,-105
1681.06,00:03,3362,-100
1681.07,00:04,3362,-57
1681.5,00:02,3363,-105
1681.56,00:03,3363,-100
1681.57,00:04,3363,-58
1682,00:02,3364,-105
1682.06,00:03,3364,-100
1682.07,00:04,3364,-59
1682.5,00:02,3365,-105
1682.56,00:03,3365,-100
1682.57,00:04,3365,-60
1683,00:02,3366,-105
1683.06,00:03,3366,-100
1683.07,00:04,3366,-60
1683.5,00:02,3367,-105
1683.56,00:03,3367,-100
1683.57,00:04,3367,-61
1684,00:02,3368,-105
1684.06,00:03,3368,-101
1684.07,00:04,3368,-61
1684.5,00:02,3369,-105
1684.56,00:03,3369,-101
1684.57,00:04,3369,-62
1685,00:02,3370,-105
1685.07,00:03,3370,-101
1685.07,00:04,3370,-63
1685.5,00:02,3371,-105
1685.56,00:03,3371,-101
1685.57,00:04,3371,-63
1686,00:02,3372,-105
1686.06,00:03,3372,-101
1686.07,00:04,3372,-64
1686.5,00:02,3373,-105
1686.57,00:03,3373,-101
1686.57,00:04,3373,-64
1687,00:02,3374,-105
1687.06,00:03,3374,-101
1687.07,00:04,3374,-64
1687.5,00:02,3375,-105
1687.56,00:03,3375,-101
1687.57,00:04,3375,-65
1688,00:02,3376,-105
1688.06,00:03,3376,-101
1688.07,00:04,3376,-65
1688.5,00:02,3377,-105
1688.56,00:03,3377,-101
1688.57,00:04,3377,-66
1689,00:02,3378,-105
1689.06,00:03,3378,-101
1689.07,00:04,3378,-66
1689.5,00:02,3379,-105
1689.56,00:03,3379,-101
1689.57,00:04,3379,-67
1690,00:02,3380,-105
1690.06,00:03,3380,-101
1690.07,00:04,3380,-67
1690.5,00:02,3381,-105
1690.56,00:03,3381,-101
1690.57,00:04,3381,-67
1691,00:02,3382,-105
1691.06,00:03,3382,-101
1691.07,00:04,3382,-68
1691.5,00:02,3383,-105
1691.56,00:03,3383,-101
1691.57,00:04,3383,-68
1692,00:02,3384,-105
1692.06,00:03,3384,-101
1692.07,00:04,3384,-68
1692.5,00:02,3385,-105
1692.56,00:03,3385,-101
1692.57,00:04,3385,-69
1693,00:02,3386,-105
1693.06,00:03,3386,-101
1693.07,00:04,3386,-69
1693.5,00:02,3387,-105
1693.56,00:03,3387,-101
1693.57,00:04,3387,-69
1694,00:02,3388,-105
1694.06,00:03,3388,-101
1694.07,00:04,3388,-69
1694.5,00:02,3389,-105
1694.56,00:03,3389,-101
1694.57,00:04,3389,-70
1695,00:02,3390,-105
1695.06,00:03,3390,-102
1695.07,00:04,3390,-70
1695.5,00:02,3391,-104
1695.56,00:03,3391,-102
1695.57,00:04,3391,-71
1696,00:02,3392,-104
1696.06,00:03,3392,-102
1696.07,00:04,3392,-71
1696.5,00:02,3393,-104
1696.56,00:03,3393,-102
1696.57,00:04,3393,-71
1697,00:02,3394,-104
1697.06,00:03,3394,-102
1697.07,00:04,3394,-72
1697.5,00:02,3395,-104
1697.56,00:03,3395,-102
1697.57,00:04,3395,-72
1698,00:02,3396,-104
1698.06,00:03,3396,-102
1698.07,00:04,3396,-73
1698.5,00:02,3397,-104
1698.56,00:03,3397,-102
1698.57,00:04,3397,-73
1699,00:02,3398,-104
1699.06,00:03,3398,-102
1699.07,00:04,3398,-73
1699.5,00:02,3399,-104
1699.56,00:03,3399,-102
1699.57,00:04,3399,-74
1700,00:02,3400,-104
1700.06,00:03,3400,-102
1700.07,00:04,3400,-74
1700.5,00:02,3401,-104
1700.56,00:03,3401,-102
1700.57,00:04,3401,-75
1701,00:02,3402,-104
1701.06,00:03,3402,-102
1701.07,00:04,3402,-75
1701.5,00:02,3403,-104
1701.56,00:03,3403,-102
1701.57,00:04,3403,-75
1702,00:02,3404,-104
1702.06,00:03,3404,-102
1702.07,00:04,3404,-76
1702.5,00:02,3405,-104
1702.56,00:03,3405,-102
1702.57,00:04,3405,-76
1703,00:02,3406,-104
1703.06,00:03,3406,-102
1703.07,00:04,3406,-76
1703.5,00:02,3407,-104
1703.56,00:03,3407,-102
1703.57,00:04,3407,-77
1704,00:02,3408,-104
1704.06,00:03,3408,-102
1704.07,00:04,3408,-77
1704.5,00:02,3409,-104
1704.57,00:03,3409,-102
1704.57,00:04,3409,-77
1705,00:02,3410,-104
1705.06,00:03,3410,-102
1705.07,00:04,3410,-78
1705.5,00:02,3411,-104
1705.56,00:03,3411,-103
1705.57,00:04,3411,-78
1706,00:02,3412,-104
1706.06,00:03,3412,-103
1706.07,00:04,3412,-78
1706.5,00:02,3413,-104
1706.56,00:03,3413,-103
1706.57,00:04,3413,-78
1707,00:02,3414,-104
1707.06,00:03,3414,-103
1707.07,00:04,3414,-79
1707.5,00:02,3415,-104
1707.56,00:03,3415,-103
1707.57,00:04,3415,-79
1708,00:02,3416,-104
1708.06,00:03,3416,-103
1708.07,00:04,3416,-79
1708.5,00:02,3417,-104
1708.56,00:03,3417,-103
1708.57,00:04,3417,-80
1709,00:02,3418,-104
1709.06,00:03,3418,-103
1709.07,00:04,3418,-80
1709.5,00:02,3419,-104
1709.56,00:03,3419,-103
1709.57,00:04,3419,-80
1710,00:02,3420,-104
1710.06,00:03,3420,-103
1710.07,00:04,3420,-80
1710.5,00:02,3421,-104
1710.56,00:03,3421,-103
1710.57,00:04,3421,-81
1711,00:02,3422,-104
1711.06,00:03,3422,-103
1711.07,00:04,3422,-81
1711.5,00:02,3423,-104
1711.56,00:03,3423,-103
1711.57,00:04,3423,-81
1712,00:02,3424,-104
1712.06,00:03,3424,-103
1712.07,00:04,3424,-81
1712.5,00:02,3425,-104
1712.56,00:03,3425,-103
1712.57,00:04,3425,-82
1713,00:02,3426,-104
1713.07,00:03,3426,-103
1713.07,00:04,3426,-82
1713.5,00:02,3427,-104
1713.56,00:03,3427,-103
1713.57,00:04,3427,-82
1714,00:02,3428,-104
1714.07,00:03,3428,-103
1714.07,00:04,3428,-82
1714.5,00:02,3429,-104
1714.57,00:03,3429,-103
1714.57,00:04,3429,-83
1715,00:02,3430,-104
1715.06,00:03,3430,-103
1715.07,00:04,3430,-83
1715.5,00:02,3431,-104
1715.56,00:03,3431,-104
1715.57,00:04,3431,-83
1716,00:02,3432,-104
1716.06,00:03,3432,-104
1716.07,00:04,3432,-83
1716.5,00:02,3433,-104
1716.57,00:03,3433,-104
1716.57,00:04,3433,-83
1717,00:02,3434,-104
1717.06,00:03,3434,-104
1717.07,00:04,3434,-84
1717.5,00:02,3435,-104
1717.56,00:03,3435,-104
1717.57,00:04,3435,-84
1718,00:02,3436,-104
1718.06,00:03,3436,-104
1718.07,00:04,3436,-84
1718.5,00:02,3437,-104
1718.56,00:03,3437,-104
1718.57,00:04,3437,-84
1719,00:02,3438,-104
1719.07,00:03,3438,-104
1719.07,00:04,3438,-85
1719.5,00:02,3439,-104
1719.56,00:03,3439,-104
1719.57,00:04,3439,-85
1720,00:02,3440,-104
1720.06,00:03,3440,-104
1720.07,00:04,3440,-85
1720.5,00:02,3441,-104
1720.56,00:03,3441,-104
1720.57,00:04,3441,-85
1721,00:02,3442,-104
1721.06,00:03,3442,-104
1721.07,00:04,3442,-85
1721.5,00:02,3443,-104
1721.56,00:03,3443,-104
1721.57,00:04,3443,-86
1722,00:02,3444,-104
