Time_s,Src_MAC,Seq_Num,RSSI_dBm
0.00900494,00:02,0,-52
0.0549217,00:03,0,-103
0.106565,00:04,0,-97
0.509318,00:02,1,-53
0.552999,00:03,1,-103
0.604663,00:04,1,-97
1.00731,00:02,2,-53
1.05242,00:03,2,-103
1.10812,00:04,2,-97
1.50751,00:02,3,-53
1.55432,00:03,3,-102
1.60741,00:04,3,-97
2.0078,00:02,4,-54
2.05394,00:03,4,-102
2.10642,00:04,4,-97
2.506,00:02,5,-54
2.55432,00:03,5,-102
2.60534,00:04,5,-97
3.00766,00:02,6,-55
3.0544,00:03,6,-102
3.10659,00:04,6,-97
3.50746,00:02,7,-56
3.55292,00:03,7,-102
3.60692,00:04,7,-97
4.00813,00:02,8,-56
4.05207,00:03,8,-102
4.10767,00:04,8,-97
4.50865,00:02,9,-57
4.55583,00:03,9,-102
4.60734,00:04,9,-97
5.0092,00:02,10,-57
5.05468,00:03,10,-102
5.10494,00:04,10,-97
5.50912,00:02,11,-58
5.5544,00:03,11,-102
5.60806,00:04,11,-97
6.00865,00:02,12,-59
6.05542,00:03,12,-102
6.10673,00:04,12,-97
6.50811,00:02,13,-59
6.55542,00:03,13,-101
6.60675,00:04,13,-97
7.00685,00:02,14,-60
7.05223,00:03,14,-101
7.10685,00:04,14,-97
7.50615,00:02,15,-60
7.55502,00:03,15,-101
7.60572,00:04,15,-97
8.00763,00:02,16,-61
8.05281,00:03,16,-101
8.10448,00:04,16,-97
8.50599,00:02,17,-61
8.5533,00:03,17,-101
8.60519,00:04,17,-97
9.00636,00:02,18,-62
9.05263,00:03,18,-101
9.10712,00:04,18,-97
9.50882,00:02,19,-62
9.55521,00:03,19,-101
9.60665,00:04,19,-96
10.0092,00:02,20,-63
10.0542,00:03,20,-101
10.1059,00:04,20,-96
10.5066,00:02,21,-63
10.5542,00:03,21,-101
10.6063,00:04,21,-96
11.0069,00:02,22,-64
11.0549,00:03,22,-100
11.1075,00:04,22,-96
11.508,00:02,23,-64
11.5545,00:03,23,-100
11.6071,00:04,23,-96
12.0079,00:02,24,-64
12.0539,00:03,24,-100
12.1055,00:04,24,-96
12.5072,00:02,25,-65
12.5547,00:03,25,-100
12.6056,00:04,25,-96
13.0068,00:02,26,-65
13.0541,00:03,26,-100
13.1074,00:04,26,-96
13.5091,00:02,27,-65
13.5551,00:03,27,-100
13.6054,00:04,27,-96
14.0078,00:02,28,-66
14.0537,00:03,28,-100
14.1077,00:04,28,-96
14.5069,00:02,29,-66
14.5554,00:03,29,-100
14.6073,00:04,29,-96
15.0071,00:02,30,-66
15.0552,00:03,30,-100
15.1046,00:04,30,-96
15.508,00:02,31,-67
15.5536,00:03,31,-99
15.6061,00:04,31,-96
16.0081,00:02,32,-67
16.0539,00:03,32,-99
16.1072,00:04,32,-96
16.5073,00:02,33,-67
16.5537,00:03,33,-99
16.6066,00:04,33,-96
17.0069,00:02,34,-67
17.0553,00:03,34,-99
17.1058,00:04,34,-96
17.5063,00:02,35,-68
17.555,00:03,35,-99
17.6042,00:04,35,-96
18.0075,00:02,36,-68
18.0543,00:03,36,-99
18.1046,00:04,36,-96
18.5069,00:02,37,-69
18.554,00:03,37,-99
18.6051,00:04,37,-96
19.008,00:02,38,-69
19.0547,00:03,38,-99
19.1064,00:04,38,-96
19.5075,00:02,39,-70
19.5552,00:03,39,-99
19.6046,00:04,39,-96
20.007,00:02,40,-70
20.0526,00:03,40,-98
20.1051,00:04,40,-96
20.5091,00:02,41,-70
20.5531,00:03,41,-98
20.6053,00:04,41,-96
21.0084,00:02,42,-71
21.054,00:03,42,-98
21.1071,00:04,42,-96
21.5065,00:02,43,-71
21.5525,00:03,43,-98
21.6071,00:04,43,-96
22.0074,00:02,44,-72
22.054,00:03,44,-98
22.1075,00:04,44,-96
22.5064,00:02,45,-72
22.5525,00:03,45,-98
22.605,00:04,45,-96
23.0069,00:02,46,-72
23.0553,00:03,46,-98
23.1062,00:04,46,-96
23.5084,00:02,47,-73
23.5534,00:03,47,-98
23.6073,00:04,47,-96
24.0094,00:02,48,-73
24.0526,00:03,48,-97
24.1053,00:04,48,-96
24.5075,00:02,49,-73
24.5519,00:03,49,-97
24.6062,00:04,49,-96
25.008,00:02,50,-74
25.0536,00:03,50,-97
25.1048,00:04,50,-96
25.5086,00:02,51,-74
25.5543,00:03,51,-97
25.6064,00:04,51,-96
26.0081,00:02,52,-74
26.0551,00:03,52,-97
26.1068,00:04,52,-96
26.5088,00:02,53,-75
26.5554,00:03,53,-97
26.6065,00:04,53,-96
27.007,00:02,54,-75
27.0543,00:03,54,-97
27.1073,00:04,54,-96
27.507,00:02,55,-75
27.5518,00:03,55,-96
27.6055,00:04,55,-96
28.0088,00:02,56,-76
28.0537,00:03,56,-96
28.1062,00:04,56,-95
28.5064,00:02,57,-76
28.5531,00:03,57,-96
28.6053,00:04,57,-95
29.0069,00:02,58,-76
29.055,00:03,58,-96
29.1046,00:04,58,-95
29.508,00:02,59,-77
29.5529,00:03,59,-96
29.6075,00:04,59,-95
30.0075,00:02,60,-77
30.0543,00:03,60,-96
30.1038,00:04,60,-95
30.5096,00:02,61,-77
30.5527,00:03,61,-96
30.6071,00:04,61,-95
31.008,00:02,62,-77
31.0534,00:03,62,-95
31.1062,00:04,62,-95
31.5082,00:02,63,-78
31.5548,00:03,63,-95
31.6066,00:04,63,-95
32.0077,00:02,64,-78
32.0545,00:03,64,-95
32.1055,00:04,64,-95
32.5093,00:02,65,-78
32.5545,00:03,65,-95
32.6048,00:04,65,-95
33.0091,00:02,66,-78
33.0544,00:03,66,-95
33.107,00:04,66,-95
33.5068,00:02,67,-79
33.5532,00:03,67,-95
33.6061,00:04,67,-95
34.0091,00:02,68,-79
34.0545,00:03,68,-95
34.1051,00:04,68,-95
34.5084,00:02,69,-79
34.5535,00:03,69,-94
34.6064,00:04,69,-95
35.0083,00:02,70,-79
35.0537,00:03,70,-94
35.1061,00:04,70,-95
35.5082,00:02,71,-80
35.5551,00:03,71,-94
35.6066,00:04,71,-95
36.0065,00:02,72,-80
36.0535,00:03,72,-94
36.1055,00:04,72,-95
36.5096,00:02,73,-80
36.5523,00:03,73,-94
36.6044,00:04,73,-95
37.0068,00:02,74,-80
37.0528,00:03,74,-94
37.1052,00:04,74,-95
37.5084,00:02,75,-81
37.5538,00:03,75,-93
37.606,00:04,75,-95
38.0067,00:02,76,-81
38.0529,00:03,76,-93
38.1072,00:04,76,-95
38.5068,00:02,77,-81
38.5534,00:03,77,-93
38.6051,00:04,77,-95
39.0097,00:02,78,-81
39.0544,00:03,78,-93
39.1041,00:04,78,-95
39.5087,00:02,79,-82
39.5538,00:03,79,-93
39.6065,00:04,79,-95
40.0083,00:02,80,-82
40.0535,00:03,80,-93
40.1059,00:04,80,-95
40.5068,00:02,81,-82
40.5539,00:03,81,-92
40.6059,00:04,81,-95
41.0067,00:02,82,-82
41.0541,00:03,82,-92
41.1037,00:04,82,-95
41.5089,00:02,83,-82
41.5517,00:03,83,-92
41.6049,00:04,83,-95
42.009,00:02,84,-83
42.0534,00:03,84,-92
42.1052,00:04,84,-95
42.508,00:02,85,-83
42.5523,00:03,85,-92
42.6059,00:04,85,-95
43.0089,00:02,86,-83
43.0556,00:03,86,-91
43.1057,00:04,86,-95
43.5084,00:02,87,-83
43.554,00:03,87,-91
43.6047,00:04,87,-95
44.0073,00:02,88,-83
44.0555,00:03,88,-91
44.1056,00:04,88,-95
44.5085,00:02,89,-84
44.554,00:03,89,-91
44.6067,00:04,89,-95
45.0088,00:02,90,-84
45.0554,00:03,90,-91
45.1061,00:04,90,-95
45.5088,00:02,91,-84
45.5541,00:03,91,-91
45.607,00:04,91,-95
46.008,00:02,92,-84
46.0533,00:03,92,-90
46.1059,00:04,92,-95
46.5074,00:02,93,-84
46.5529,00:03,93,-90
46.6075,00:04,93,-95
47.0072,00:02,94,-85
47.0533,00:03,94,-90
47.105,00:04,94,-95
47.5078,00:02,95,-85
47.5529,00:03,95,-90
47.605,00:04,95,-95
48.0077,00:02,96,-85
48.0521,00:03,96,-90
48.1064,00:04,96,-95
48.5085,00:02,97,-85
48.5538,00:03,97,-89
48.6054,00:04,97,-95
49.0072,00:02,98,-85
49.0542,00:03,98,-89
49.1046,00:04,98,-95
49.5069,00:02,99,-85
49.5532,00:03,99,-89
49.6051,00:04,99,-95
50.0078,00:02,100,-86
50.0524,00:03,100,-89
50.1042,00:04,100,-95
50.5062,00:02,101,-86
50.5541,00:03,101,-88
50.6048,00:04,101,-95
51.0077,00:02,102,-86
51.053,00:03,102,-88
51.1046,00:04,102,-95
51.5086,00:02,103,-86
51.5545,00:03,103,-88
51.6048,00:04,103,-95
52.008,00:02,104,-86
52.0546,00:03,104,-88
52.1068,00:04,104,-95
52.507,00:02,105,-86
52.5545,00:03,105,-88
52.6054,00:04,105,-95
53.0087,00:02,106,-87
53.0528,00:03,106,-87
53.1054,00:04,106,-95
53.5098,00:02,107,-87
53.553,00:03,107,-87
53.606,00:04,107,-95
54.0078,00:02,108,-87
54.0526,00:03,108,-87
54.1059,00:04,108,-95
54.5076,00:02,109,-87
54.5525,00:03,109,-87
54.6063,00:04,109,-95
55.0094,00:02,110,-87
55.0546,00:03,110,-86
55.1058,00:04,110,-95
55.5075,00:02,111,-87
55.5543,00:03,111,-86
55.6058,00:04,111,-95
56.0088,00:02,112,-88
56.0555,00:03,112,-86
56.1066,00:04,112,-95
56.5081,00:02,113,-88
56.5521,00:03,113,-86
56.6038,00:04,113,-95
57.0063,00:02,114,-88
57.0535,00:03,114,-85
57.1056,00:04,114,-95
57.5089,00:02,115,-88
57.5531,00:03,115,-85
57.6049,00:04,115,-95
58.0084,00:02,116,-88
58.0531,00:03,116,-85
58.1059,00:04,116,-95
58.506,00:02,117,-88
58.5544,00:03,117,-85
58.6047,00:04,117,-95
59.0088,00:02,118,-88
59.0526,00:03,118,-84
59.1049,00:04,118,-95
59.5084,00:02,119,-89
59.554,00:03,119,-84
59.6048,00:04,119,-95
60.0089,00:02,120,-89
60.053,00:03,120,-84
60.106,00:04,120,-95
60.5077,00:02,121,-89
60.5544,00:03,121,-83
60.6059,00:04,121,-95
61.0083,00:02,122,-89
61.052,00:03,122,-83
61.1054,00:04,122,-95
61.5087,00:02,123,-89
61.553,00:03,123,-83
61.6042,00:04,123,-95
62.0082,00:02,124,-89
62.0525,00:03,124,-83
62.1041,00:04,124,-95
62.5067,00:02,125,-89
62.5531,00:03,125,-82
62.605,00:04,125,-96
63.0075,00:02,126,-90
63.0546,00:03,126,-82
63.1051,00:04,126,-96
63.5067,00:02,127,-90
63.5533,00:03,127,-82
63.6046,00:04,127,-96
64.0077,00:02,128,-90
64.0515,00:03,128,-81
64.1053,00:04,128,-96
64.5072,00:02,129,-90
64.5534,00:03,129,-81
64.606,00:04,129,-96
65.0086,00:02,130,-90
65.0527,00:03,130,-81
65.1053,00:04,130,-96
65.509,00:02,131,-90
65.5535,00:03,131,-80
65.6041,00:04,131,-96
66.0088,00:02,132,-90
66.0528,00:03,132,-80
66.1054,00:04,132,-96
66.5091,00:02,133,-91
66.5532,00:03,133,-80
66.6046,00:04,133,-96
67.0066,00:02,134,-91
67.0533,00:03,134,-79
67.1042,00:04,134,-96
67.5083,00:02,135,-91
67.5521,00:03,135,-79
67.6042,00:04,135,-96
68.0084,00:02,136,-91
68.0526,00:03,136,-78
68.105,00:04,136,-96
68.5092,00:02,137,-91
68.5536,00:03,137,-78
68.6052,00:04,137,-96
69.0094,00:02,138,-91
69.0526,00:03,138,-78
69.1049,00:04,138,-96
69.5079,00:02,139,-91
69.5542,00:03,139,-77
69.6038,00:04,139,-96
70.0084,00:02,140,-91
70.0544,00:03,140,-77
70.105,00:04,140,-96
70.5096,00:02,141,-92
70.5523,00:03,141,-76
70.604,00:04,141,-96
71.0067,00:02,142,-92
71.0514,00:03,142,-76
71.1053,00:04,142,-96
71.5091,00:02,143,-92
71.5536,00:03,143,-76
71.6054,00:04,143,-96
72.0086,00:02,144,-92
72.0539,00:03,144,-75
72.1065,00:04,144,-96
72.5087,00:02,145,-92
72.5531,00:03,145,-75
72.6063,00:04,145,-96
73.0065,00:02,146,-92
73.0537,00:03,146,-74
73.1051,00:04,146,-96
73.5067,00:02,147,-92
73.5543,00:03,147,-74
73.6046,00:04,147,-96
74.008,00:02,148,-92
74.0522,00:03,148,-74
74.107,00:04,148,-96
74.5089,00:02,149,-93
74.5521,00:03,149,-74
74.6061,00:04,149,-96
75.0093,00:02,150,-93
75.0542,00:03,150,-73
75.1061,00:04,150,-96
75.5082,00:02,151,-93
75.5529,00:03,151,-73
75.6056,00:04,151,-96
76.009,00:02,152,-93
76.0521,00:03,152,-73
76.1058,00:04,152,-96
76.5072,00:02,153,-93
76.5549,00:03,153,-72
76.607,00:04,153,-96
77.0066,00:02,154,-93
77.0512,00:03,154,-72
77.103,00:04,154,-96
77.5073,00:02,155,-93
77.5528,00:03,155,-72
77.6046,00:04,155,-96
78.0096,00:02,156,-93
78.0532,00:03,156,-71
78.1034,00:04,156,-96
78.5078,00:02,157,-93
78.5527,00:03,157,-71
78.6036,00:04,157,-96
79.0099,00:02,158,-94
79.0529,00:03,158,-70
79.1047,00:04,158,-96
79.5077,00:02,159,-94
79.5531,00:03,159,-70
79.6046,00:04,159,-96
80.0071,00:02,160,-94
80.0536,00:03,160,-70
80.1058,00:04,160,-96
80.5064,00:02,161,-94
80.5532,00:03,161,-69
80.603,00:04,161,-97
81.0071,00:02,162,-94
81.0531,00:03,162,-69
81.1039,00:04,162,-97
81.5087,00:02,163,-94
81.5522,00:03,163,-68
81.6049,00:04,163,-97
82.0092,00:02,164,-94
82.052,00:03,164,-68
82.1034,00:04,164,-97
82.5079,00:02,165,-94
82.5516,00:03,165,-67
82.6044,00:04,165,-97
83.0082,00:02,166,-94
83.0517,00:03,166,-67
83.104,00:04,166,-97
83.5094,00:02,167,-94
83.5521,00:03,167,-66
83.6058,00:04,167,-97
84.0073,00:02,168,-95
84.0524,00:03,168,-66
84.1036,00:04,168,-97
84.5074,00:02,169,-95
84.5535,00:03,169,-65
84.6067,00:04,169,-97
85.0074,00:02,170,-95
85.0527,00:03,170,-64
85.1054,00:04,170,-97
85.5096,00:02,171,-95
85.5547,00:03,171,-64
85.6065,00:04,171,-97
86.0091,00:02,172,-95
86.0531,00:03,172,-63
86.1042,00:04,172,-97
86.5066,00:02,173,-95
86.5528,00:03,173,-62
86.6061,00:04,173,-97
87.0075,00:02,174,-95
87.0548,00:03,174,-62
87.1048,00:04,174,-97
87.5083,00:02,175,-95
87.5531,00:03,175,-61
87.6049,00:04,175,-97
88.0089,00:02,176,-95
88.0526,00:03,176,-61
88.1046,00:04,176,-97
88.508,00:02,177,-95
88.5527,00:03,177,-60
88.6037,00:04,177,-97
89.0077,00:02,178,-96
89.0548,00:03,178,-60
89.1058,00:04,178,-97
89.5074,00:02,179,-96
89.554,00:03,179,-60
89.6056,00:04,179,-97
90.0098,00:02,180,-96
90.0531,00:03,180,-60
90.1043,00:04,180,-97
90.508,00:02,181,-96
90.5541,00:03,181,-61
90.6038,00:04,181,-97
91.0087,00:02,182,-96
91.0523,00:03,182,-62
91.1069,00:04,182,-97
91.5098,00:02,183,-96
91.5539,00:03,183,-62
91.6039,00:04,183,-97
92.0076,00:02,184,-96
92.054,00:03,184,-63
92.1062,00:04,184,-97
92.5084,00:02,185,-96
92.5521,00:03,185,-64
92.6051,00:04,185,-97
93.0077,00:02,186,-96
93.0535,00:03,186,-65
93.1054,00:04,186,-97
93.5079,00:02,187,-96
93.5526,00:03,187,-65
93.6046,00:04,187,-97
94.0096,00:02,188,-96
94.0527,00:03,188,-66
94.1043,00:04,188,-97
94.509,00:02,189,-96
94.553,00:03,189,-67
94.605,00:04,189,-96
95.0088,00:02,190,-96
95.0548,00:03,190,-67
95.1034,00:04,190,-96
95.5069,00:02,191,-96
95.5537,00:03,191,-67
95.6048,00:04,191,-96
96.0097,00:02,192,-96
96.0528,00:03,192,-67
96.1047,00:04,192,-96
96.5087,00:02,193,-96
96.5543,00:03,193,-67
96.6049,00:04,193,-96
97.0072,00:02,194,-96
97.051,00:03,194,-67
97.1045,00:04,194,-96
97.5083,00:02,195,-96
97.5514,00:03,195,-67
97.6042,00:04,195,-96
98.0092,00:02,196,-95
98.0519,00:03,196,-68
98.1056,00:04,196,-96
98.507,00:02,197,-95
98.5527,00:03,197,-68
98.6053,00:04,197,-96
99.0082,00:02,198,-95
99.0539,00:03,198,-68
99.1039,00:04,198,-96
99.5097,00:02,199,-95
99.553,00:03,199,-68
99.6049,00:04,199,-96
100.008,00:02,200,-95
100.052,00:03,200,-68
100.104,00:04,200,-96
100.507,00:02,201,-95
100.551,00:03,201,-69
100.606,00:04,201,-96
101.009,00:02,202,-95
101.053,00:03,202,-69
101.106,00:04,202,-96
101.509,00:02,203,-95
101.551,00:03,203,-69
101.607,00:04,203,-96
102.008,00:02,204,-95
102.053,00:03,204,-69
102.104,00:04,204,-96
102.508,00:02,205,-95
102.553,00:03,205,-70
102.605,00:04,205,-96
103.009,00:02,206,-94
103.051,00:03,206,-70
103.106,00:04,206,-96
103.508,00:02,207,-94
103.553,00:03,207,-70
103.605,00:04,207,-96
104.008,00:02,208,-94
104.052,00:03,208,-70
104.104,00:04,208,-96
104.508,00:02,209,-94
104.552,00:03,209,-71
104.604,00:04,209,-96
105.008,00:02,210,-94
105.052,00:03,210,-71
105.105,00:04,210,-96
105.509,00:02,211,-94
105.553,00:03,211,-71
105.605,00:04,211,-96
106.009,00:02,212,-94
106.053,00:03,212,-72
106.106,00:04,212,-96
106.509,00:02,213,-94
106.553,00:03,213,-72
106.604,00:04,213,-96
107.007,00:02,214,-94
107.051,00:03,214,-72
107.106,00:04,214,-96
107.507,00:02,215,-93
107.554,00:03,215,-72
107.605,00:04,215,-95
108.009,00:02,216,-93
108.053,00:03,216,-73
108.104,00:04,216,-95
108.507,00:02,217,-93
108.552,00:03,217,-73
108.605,00:04,217,-95
109.007,00:02,218,-93
109.053,00:03,218,-73
109.104,00:04,218,-95
109.506,00:02,219,-93
109.552,00:03,219,-74
109.605,00:04,219,-95
110.007,00:02,220,-93
110.052,00:03,220,-74
110.106,00:04,220,-95
110.508,00:02,221,-93
110.552,00:03,221,-74
110.604,00:04,221,-95
111.008,00:02,222,-93
111.053,00:03,222,-74
111.104,00:04,222,-95
111.507,00:02,223,-93
111.552,00:03,223,-75
111.604,00:04,223,-95
112.007,00:02,224,-92
112.053,00:03,224,-75
112.105,00:04,224,-95
112.508,00:02,225,-92
112.552,00:03,225,-75
112.604,00:04,225,-95
113.009,00:02,226,-92
113.052,00:03,226,-76
113.106,00:04,226,-95
113.51,00:02,227,-92
113.553,00:03,227,-76
113.604,00:04,227,-95
114.009,00:02,228,-92
114.053,00:03,228,-77
114.106,00:04,228,-95
114.509,00:02,229,-92
114.552,00:03,229,-77
114.605,00:04,229,-95
115.009,00:02,230,-92
115.052,00:03,230,-77
115.105,00:04,230,-95
115.508,00:02,231,-92
115.554,00:03,231,-78
115.605,00:04,231,-95
116.008,00:02,232,-92
116.052,00:03,232,-78
116.105,00:04,232,-95
116.51,00:02,233,-91
116.553,00:03,233,-78
116.603,00:04,233,-95
117.01,00:02,234,-91
117.053,00:03,234,-79
117.104,00:04,234,-95
117.507,00:02,235,-91
117.552,00:03,235,-79
117.604,00:04,235,-95
118.007,00:02,236,-91
118.052,00:03,236,-79
118.104,00:04,236,-95
118.509,00:02,237,-91
118.552,00:03,237,-80
118.604,00:04,237,-95
119.008,00:02,238,-91
119.052,00:03,238,-80
119.106,00:04,238,-95
119.51,00:02,239,-91
119.552,00:03,239,-80
119.604,00:04,239,-95
120.008,00:02,240,-91
120.051,00:03,240,-81
120.105,00:04,240,-95
120.508,00:02,241,-90
120.552,00:03,241,-81
120.604,00:04,241,-95
121.009,00:02,242,-90
121.053,00:03,242,-81
121.104,00:04,242,-95
121.508,00:02,243,-90
121.552,00:03,243,-82
121.606,00:04,243,-95
122.009,00:02,244,-90
122.054,00:03,244,-82
122.105,00:04,244,-95
122.509,00:02,245,-90
122.552,00:03,245,-82
122.604,00:04,245,-95
123.008,00:02,246,-90
123.053,00:03,246,-83
123.103,00:04,246,-95
123.508,00:02,247,-90
123.552,00:03,247,-83
123.603,00:04,247,-95
124.009,00:02,248,-89
124.054,00:03,248,-83
124.104,00:04,248,-94
124.508,00:02,249,-89
124.553,00:03,249,-84
124.605,00:04,249,-94
125.008,00:02,250,-89
125.053,00:03,250,-84
125.105,00:04,250,-94
125.509,00:02,251,-89
125.553,00:03,251,-84
125.605,00:04,251,-94
126.009,00:02,252,-89
126.053,00:03,252,-84
126.104,00:04,252,-94
126.509,00:02,253,-89
126.552,00:03,253,-85
126.603,00:04,253,-94
127.009,00:02,254,-89
127.054,00:03,254,-85
127.104,00:04,254,-94
127.508,00:02,255,-88
127.553,00:03,255,-85
127.604,00:04,255,-94
128.009,00:02,256,-88
128.052,00:03,256,-85
128.104,00:04,256,-94
128.509,00:02,257,-88
128.552,00:03,257,-86
128.604,00:04,257,-94
129.007,00:02,258,-88
129.054,00:03,258,-86
129.104,00:04,258,-94
129.508,00:02,259,-88
129.552,00:03,259,-86
129.603,00:04,259,-94
130.01,00:02,260,-88
130.052,00:03,260,-86
130.103,00:04,260,-94
130.507,00:02,261,-88
130.552,00:03,261,-87
130.604,00:04,261,-94
131.01,00:02,262,-87
131.052,00:03,262,-87
131.104,00:04,262,-94
131.508,00:02,263,-87
131.552,00:03,263,-87
131.604,00:04,263,-94
132.009,00:02,264,-87
132.052,00:03,264,-87
132.105,00:04,264,-94
132.51,00:02,265,-87
132.554,00:03,265,-88
132.604,00:04,265,-94
133.007,00:02,266,-94
133.051,00:03,266,-95
133.104,00:04,266,-101
133.51,00:02,267,-94
133.553,00:03,267,-95
133.605,00:04,267,-101
134.008,00:02,268,-93
134.053,00:03,268,-95
134.104,00:04,268,-101
134.509,00:02,269,-93
134.551,00:03,269,-95
134.605,00:04,269,-101
135.009,00:02,270,-93
135.052,00:03,270,-96
135.104,00:04,270,-101
135.51,00:02,271,-93
135.553,00:03,271,-96
135.605,00:04,271,-101
136.01,00:02,272,-93
136.052,00:03,272,-96
136.104,00:04,272,-101
136.509,00:02,273,-93
136.552,00:03,273,-96
136.604,00:04,273,-101
137.009,00:02,274,-92
137.053,00:03,274,-96
137.103,00:04,274,-101
137.51,00:02,275,-92
137.554,00:03,275,-97
137.605,00:04,275,-101
138.01,00:02,276,-92
138.054,00:03,276,-97
138.106,00:04,276,-101
138.509,00:02,277,-92
138.551,00:03,277,-97
138.605,00:04,277,-101
139.008,00:02,278,-92
139.053,00:03,278,-97
139.103,00:04,278,-101
139.51,00:02,279,-92
139.553,00:03,279,-97
139.603,00:04,279,-101
140.009,00:02,280,-91
140.053,00:03,280,-98
140.104,00:04,280,-101
140.507,00:02,281,-91
140.553,00:03,281,-98
140.603,00:04,281,-101
141.009,00:02,282,-91
141.053,00:03,282,-98
141.104,00:04,282,-101
141.509,00:02,283,-91
141.553,00:03,283,-98
141.605,00:04,283,-101
142.008,00:02,284,-91
142.053,00:03,284,-98
142.104,00:04,284,-101
142.508,00:02,285,-90
142.552,00:03,285,-99
142.605,00:04,285,-101
143.008,00:02,286,-90
143.051,00:03,286,-99
143.104,00:04,286,-101
143.509,00:02,287,-90
143.551,00:03,287,-99
143.605,00:04,287,-101
144.009,00:02,288,-90
144.053,00:03,288,-99
144.103,00:04,288,-101
144.509,00:02,289,-90
144.552,00:03,289,-99
144.603,00:04,289,-101
145.008,00:02,290,-89
145.052,00:03,290,-99
145.105,00:04,290,-101
145.509,00:02,291,-89
145.55,00:03,291,-100
145.605,00:04,291,-101
146.008,00:02,292,-89
146.053,00:03,292,-100
146.105,00:04,292,-101
146.51,00:02,293,-89
146.552,00:03,293,-100
146.604,00:04,293,-101
147.01,00:02,294,-89
147.054,00:03,294,-100
147.104,00:04,294,-101
147.509,00:02,295,-88
147.554,00:03,295,-100
147.604,00:04,295,-101
148.007,00:02,296,-88
148.053,00:03,296,-100
148.104,00:04,296,-101
148.509,00:02,297,-88
148.551,00:03,297,-101
148.605,00:04,297,-101
149.01,00:02,298,-81
149.051,00:03,298,-94
149.105,00:04,298,-94
149.509,00:02,299,-81
149.553,00:03,299,-94
149.605,00:04,299,-94
150.01,00:02,300,-80
150.052,00:03,300,-94
150.104,00:04,300,-94
150.509,00:02,301,-80
150.553,00:03,301,-94
150.604,00:04,301,-94
151.007,00:02,302,-80
151.052,00:03,302,-94
151.104,00:04,302,-94
151.508,00:02,303,-80
151.553,00:03,303,-95
151.604,00:04,303,-94
152.007,00:02,304,-79
152.051,00:03,304,-95
152.103,00:04,304,-94
152.508,00:02,305,-79
152.553,00:03,305,-95
152.604,00:04,305,-94
153.008,00:02,306,-79
153.052,00:03,306,-95
153.104,00:04,306,-94
153.508,00:02,307,-79
153.554,00:03,307,-95
153.605,00:04,307,-94
154.008,00:02,308,-78
154.051,00:03,308,-95
154.103,00:04,308,-94
154.508,00:02,309,-78
154.552,00:03,309,-95
154.604,00:04,309,-94
155.009,00:02,310,-78
155.052,00:03,310,-96
155.103,00:04,310,-94
155.51,00:02,311,-78
155.553,00:03,311,-96
155.604,00:04,311,-94
156.008,00:02,312,-77
156.053,00:03,312,-96
156.103,00:04,312,-94
156.509,00:02,313,-77
156.554,00:03,313,-96
156.605,00:04,313,-94
157.008,00:02,314,-77
157.05,00:03,314,-96
157.104,00:04,314,-94
157.509,00:02,315,-76
157.55,00:03,315,-96
157.604,00:04,315,-94
158.008,00:02,316,-76
158.051,00:03,316,-96
158.106,00:04,316,-95
158.51,00:02,317,-76
158.551,00:03,317,-97
158.603,00:04,317,-95
159.008,00:02,318,-76
159.054,00:03,318,-97
159.104,00:04,318,-95
159.508,00:02,319,-75
159.553,00:03,319,-97
159.603,00:04,319,-95
160.009,00:02,320,-75
160.052,00:03,320,-97
160.103,00:04,320,-95
160.508,00:02,321,-75
160.55,00:03,321,-97
160.605,00:04,321,-95
161.007,00:02,322,-74
161.053,00:03,322,-97
161.103,00:04,322,-95
161.507,00:02,323,-74
161.552,00:03,323,-97
161.604,00:04,323,-95
162.008,00:02,324,-74
162.052,00:03,324,-98
162.103,00:04,324,-95
162.509,00:02,325,-73
162.551,00:03,325,-98
162.604,00:04,325,-95
163.008,00:02,326,-73
163.053,00:03,326,-98
163.105,00:04,326,-95
163.507,00:02,327,-73
163.553,00:03,327,-98
163.603,00:04,327,-95
164.01,00:02,328,-72
164.053,00:03,328,-98
164.103,00:04,328,-95
164.508,00:02,329,-72
164.552,00:03,329,-98
164.603,00:04,329,-95
165.009,00:02,330,-72
165.05,00:03,330,-98
165.103,00:04,330,-95
165.508,00:02,331,-71
165.553,00:03,331,-98
165.603,00:04,331,-95
166.009,00:02,332,-71
166.051,00:03,332,-99
166.103,00:04,332,-95
166.507,00:02,333,-71
166.552,00:03,333,-99
166.604,00:04,333,-95
167.007,00:02,334,-70
167.053,00:03,334,-99
167.104,00:04,334,-95
167.509,00:02,335,-70
167.552,00:03,335,-99
167.604,00:04,335,-95
168.01,00:02,336,-69
168.052,00:03,336,-99
168.104,00:04,336,-95
168.508,00:02,337,-69
168.551,00:03,337,-99
168.605,00:04,337,-95
169.009,00:02,338,-69
169.053,00:03,338,-99
169.102,00:04,338,-95
169.508,00:02,339,-68
169.551,00:03,339,-99
169.604,00:04,339,-95
170.009,00:02,340,-68
170.052,00:03,340,-99
170.103,00:04,340,-95
170.508,00:02,341,-68
170.552,00:03,341,-100
170.603,00:04,341,-95
171.01,00:02,342,-67
171.052,00:03,342,-100
171.103,00:04,342,-95
171.509,00:02,343,-67
171.551,00:03,343,-100
171.602,00:04,343,-95
172.01,00:02,344,-67
172.052,00:03,344,-100
172.104,00:04,344,-95
172.508,00:02,345,-67
172.553,00:03,345,-100
172.604,00:04,345,-95
173.008,00:02,346,-66
173.051,00:03,346,-100
173.102,00:04,346,-95
173.509,00:02,347,-66
173.552,00:03,347,-100
173.603,00:04,347,-95
174.009,00:02,348,-66
174.05,00:03,348,-100
174.104,00:04,348,-95
174.511,00:02,349,-65
174.551,00:03,349,-100
174.604,00:04,349,-95
175.01,00:02,350,-65
175.053,00:03,350,-101
175.103,00:04,350,-96
175.508,00:02,351,-65
175.551,00:03,351,-101
175.603,00:04,351,-96
176.009,00:02,352,-65
176.052,00:03,352,-101
176.104,00:04,352,-96
176.509,00:02,353,-64
176.551,00:03,353,-101
176.603,00:04,353,-96
177.009,00:02,354,-64
177.052,00:03,354,-101
177.104,00:04,354,-96
177.509,00:02,355,-64
177.551,00:03,355,-101
177.602,00:04,355,-96
178.007,00:02,356,-63
178.052,00:03,356,-101
178.104,00:04,356,-96
178.511,00:02,357,-63
178.551,00:03,357,-101
178.604,00:04,357,-96
179.008,00:02,358,-63
179.051,00:03,358,-101
179.103,00:04,358,-96
179.509,00:02,359,-63
179.551,00:03,359,-102
179.605,00:04,359,-96
180.009,00:02,360,-62
180.051,00:03,360,-102
180.103,00:04,360,-96
180.508,00:02,361,-62
180.551,00:03,361,-102
180.604,00:04,361,-96
181.01,00:02,362,-62
181.053,00:03,362,-102
181.104,00:04,362,-96
181.509,00:02,363,-62
181.553,00:03,363,-102
181.602,00:04,363,-96
182.01,00:02,364,-61
182.053,00:03,364,-102
182.103,00:04,364,-96
182.51,00:02,365,-61
182.551,00:03,365,-102
182.603,00:04,365,-96
183.01,00:02,366,-61
183.052,00:03,366,-102
183.105,00:04,366,-96
183.509,00:02,367,-61
183.551,00:03,367,-102
183.602,00:04,367,-96
184.011,00:02,368,-61
184.051,00:03,368,-102
184.103,00:04,368,-96
184.51,00:02,369,-60
184.552,00:03,369,-103
184.602,00:04,369,-96
185.007,00:02,370,-60
185.051,00:03,370,-103
185.105,00:04,370,-96
185.508,00:02,371,-60
185.554,00:03,371,-103
185.605,00:04,371,-96
186.01,00:02,372,-60
186.051,00:03,372,-103
186.102,00:04,372,-96
186.51,00:02,373,-61
186.551,00:03,373,-103
186.604,00:04,373,-96
187.009,00:02,374,-61
187.053,00:03,374,-103
187.102,00:04,374,-96
187.509,00:02,375,-62
187.551,00:03,375,-103
187.605,00:04,375,-96
188.008,00:02,376,-62
188.052,00:03,376,-103
188.104,00:04,376,-96
188.508,00:02,377,-63
188.551,00:03,377,-103
188.603,00:04,377,-96
189.01,00:02,378,-63
189.052,00:03,378,-103
189.104,00:04,378,-96
189.509,00:02,379,-64
189.552,00:03,379,-103
189.604,00:04,379,-96
190.007,00:02,380,-64
190.05,00:03,380,-103
190.105,00:04,380,-96
190.507,00:02,381,-64
190.554,00:03,381,-103
190.604,00:04,381,-96
191.01,00:02,382,-65
191.053,00:03,382,-103
191.103,00:04,382,-96
191.51,00:02,383,-65
191.552,00:03,383,-103
191.603,00:04,383,-96
192.009,00:02,384,-65
192.052,00:03,384,-103
192.104,00:04,384,-96
192.51,00:02,385,-65
192.551,00:03,385,-103
192.601,00:04,385,-96
193.009,00:02,386,-65
193.052,00:03,386,-103
193.104,00:04,386,-95
193.509,00:02,387,-65
193.552,00:03,387,-103
193.605,00:04,387,-95
194.007,00:02,388,-65
194.052,00:03,388,-103
194.103,00:04,388,-95
194.508,00:02,389,-65
194.551,00:03,389,-102
194.604,00:04,389,-95
195.01,00:02,390,-65
195.053,00:03,390,-102
195.104,00:04,390,-95
195.508,00:02,391,-65
195.551,00:03,391,-102
195.604,00:04,391,-95
196.01,00:02,392,-65
196.051,00:03,392,-102
196.102,00:04,392,-95
196.51,00:02,393,-65
196.549,00:03,393,-102
196.603,00:04,393,-95
197.01,00:02,394,-65
197.052,00:03,394,-102
197.101,00:04,394,-95
197.508,00:02,395,-66
197.553,00:03,395,-102
197.603,00:04,395,-95
198.008,00:02,396,-66
198.052,00:03,396,-102
198.103,00:04,396,-95
198.509,00:02,397,-66
198.552,00:03,397,-102
198.602,00:04,397,-95
199.01,00:02,398,-66
199.052,00:03,398,-102
199.104,00:04,398,-95
199.51,00:02,399,-66
199.55,00:03,399,-101
199.602,00:04,399,-95
200.009,00:02,400,-66
200.05,00:03,400,-101
200.103,00:04,400,-95
200.509,00:02,401,-66
200.553,00:03,401,-101
200.602,00:04,401,-95
201.008,00:02,402,-67
201.052,00:03,402,-101
201.102,00:04,402,-95
201.51,00:02,403,-67
201.55,00:03,403,-101
201.603,00:04,403,-95
202.01,00:02,404,-67
202.051,00:03,404,-101
202.103,00:04,404,-95
202.508,00:02,405,-67
202.549,00:03,405,-101
202.603,00:04,405,-95
203.008,00:02,406,-67
203.051,00:03,406,-101
203.103,00:04,406,-95
203.509,00:02,407,-68
203.551,00:03,407,-101
203.602,00:04,407,-95
204.009,00:02,408,-68
204.051,00:03,408,-100
204.103,00:04,408,-94
204.507,00:02,409,-68
204.552,00:03,409,-100
204.602,00:04,409,-94
205.008,00:02,410,-68
205.051,00:03,410,-100
205.103,00:04,410,-94
205.508,00:02,411,-69
205.552,00:03,411,-100
205.602,00:04,411,-94
206.008,00:02,412,-69
206.052,00:03,412,-100
206.102,00:04,412,-94
206.51,00:02,413,-69
206.553,00:03,413,-100
206.603,00:04,413,-94
207.011,00:02,414,-70
207.052,00:03,414,-100
207.101,00:04,414,-94
207.509,00:02,415,-70
207.552,00:03,415,-100
207.602,00:04,415,-94
208.008,00:02,416,-70
208.05,00:03,416,-100
208.102,00:04,416,-94
208.507,00:02,417,-71
208.55,00:03,417,-99
208.604,00:04,417,-94
209.008,00:02,418,-71
209.052,00:03,418,-99
209.104,00:04,418,-94
209.507,00:02,419,-71
209.551,00:03,419,-99
209.603,00:04,419,-94
210.009,00:02,420,-72
210.051,00:03,420,-99
210.102,00:04,420,-94
210.511,00:02,421,-72
210.553,00:03,421,-99
210.603,00:04,421,-94
211.007,00:02,422,-72
211.053,00:03,422,-99
211.103,00:04,422,-94
211.508,00:02,423,-72
211.55,00:03,423,-99
211.603,00:04,423,-94
212.009,00:02,424,-73
212.051,00:03,424,-99
212.103,00:04,424,-94
212.508,00:02,425,-73
212.551,00:03,425,-99
212.603,00:04,425,-94
213.009,00:02,426,-73
213.052,00:03,426,-98
213.104,00:04,426,-94
213.51,00:02,427,-74
213.551,00:03,427,-98
213.604,00:04,427,-94
214.007,00:02,428,-74
214.05,00:03,428,-98
214.103,00:04,428,-94
214.509,00:02,429,-74
214.55,00:03,429,-98
214.602,00:04,429,-94
215.01,00:02,430,-75
215.051,00:03,430,-98
215.104,00:04,430,-94
215.509,00:02,431,-75
215.553,00:03,431,-98
215.602,00:04,431,-94
216.011,00:02,432,-75
216.052,00:03,432,-98
216.102,00:04,432,-94
216.507,00:02,433,-75
216.55,00:03,433,-98
216.602,00:04,433,-94
217.01,00:02,434,-76
217.052,00:03,434,-97
217.102,00:04,434,-94
217.508,00:02,435,-76
217.551,00:03,435,-97
217.602,00:04,435,-94
218.01,00:02,436,-76
218.051,00:03,436,-97
218.101,00:04,436,-94
218.509,00:02,437,-76
218.552,00:03,437,-97
218.602,00:04,437,-94
219.01,00:02,438,-77
219.051,00:03,438,-97
219.103,00:04,438,-93
219.508,00:02,439,-77
219.55,00:03,439,-97
219.603,00:04,439,-93
220.009,00:02,440,-77
220.053,00:03,440,-97
220.102,00:04,440,-93
220.51,00:02,441,-77
220.551,00:03,441,-97
220.603,00:04,441,-93
221.008,00:02,442,-78
221.05,00:03,442,-96
221.102,00:04,442,-93
221.509,00:02,443,-78
221.552,00:03,443,-96
221.603,00:04,443,-93
222.008,00:02,444,-78
222.049,00:03,444,-96
222.103,00:04,444,-93
222.509,00:02,445,-78
222.551,00:03,445,-96
222.602,00:04,445,-93
223.009,00:02,446,-79
223.052,00:03,446,-96
223.101,00:04,446,-93
223.509,00:02,447,-79
223.551,00:03,447,-96
223.601,00:04,447,-93
224.008,00:02,448,-79
224.05,00:03,448,-96
224.102,00:04,448,-93
224.51,00:02,449,-79
224.551,00:03,449,-95
224.603,00:04,449,-93
225.01,00:02,450,-80
225.051,00:03,450,-95
225.101,00:04,450,-93
225.509,00:02,451,-80
225.551,00:03,451,-95
225.604,00:04,451,-93
226.01,00:02,452,-80
226.05,00:03,452,-95
226.103,00:04,452,-93
226.509,00:02,453,-80
226.55,00:03,453,-95
226.603,00:04,453,-93
227.01,00:02,454,-81
227.05,00:03,454,-95
227.101,00:04,454,-93
227.509,00:02,455,-81
227.55,00:03,455,-95
227.603,00:04,455,-93
228.007,00:02,456,-81
228.051,00:03,456,-94
228.103,00:04,456,-93
228.51,00:02,457,-81
228.55,00:03,457,-94
228.603,00:04,457,-93
229.011,00:02,458,-81
229.053,00:03,458,-94
229.103,00:04,458,-93
229.509,00:02,459,-82
229.552,00:03,459,-94
229.604,00:04,459,-93
230.008,00:02,460,-82
230.051,00:03,460,-94
230.102,00:04,460,-93
230.509,00:02,461,-82
230.55,00:03,461,-94
230.603,00:04,461,-93
231.009,00:02,462,-82
231.05,00:03,462,-93
231.103,00:04,462,-93
231.51,00:02,463,-82
231.551,00:03,463,-93
231.604,00:04,463,-93
232.008,00:02,464,-83
232.051,00:03,464,-93
232.102,00:04,464,-93
232.509,00:02,465,-83
232.551,00:03,465,-93
232.603,00:04,465,-93
233.011,00:02,466,-83
233.051,00:03,466,-93
233.102,00:04,466,-93
233.508,00:02,467,-83
233.55,00:03,467,-93
233.603,00:04,467,-93
234.008,00:02,468,-83
234.049,00:03,468,-92
234.103,00:04,468,-93
234.507,00:02,469,-84
234.551,00:03,469,-92
234.602,00:04,469,-93
235.01,00:02,470,-84
235.051,00:03,470,-92
235.104,00:04,470,-93
235.511,00:02,471,-84
235.55,00:03,471,-92
235.602,00:04,471,-93
236.01,00:02,472,-84
236.051,00:03,472,-92
236.102,00:04,472,-93
236.509,00:02,473,-84
236.551,00:03,473,-92
236.603,00:04,473,-93
237.01,00:02,474,-84
237.051,00:03,474,-91
237.102,00:04,474,-93
237.509,00:02,475,-85
237.552,00:03,475,-91
237.603,00:04,475,-93
238.009,00:02,476,-85
238.051,00:03,476,-91
238.103,00:04,476,-93
238.51,00:02,477,-85
238.55,00:03,477,-91
238.603,00:04,477,-93
239.01,00:02,478,-85
239.052,00:03,478,-91
239.102,00:04,478,-93
239.51,00:02,479,-85
239.552,00:03,479,-90
239.601,00:04,479,-93
240.01,00:02,480,-85
240.051,00:03,480,-90
240.103,00:04,480,-93
240.508,00:02,481,-86
240.551,00:03,481,-90
240.602,00:04,481,-93
241.01,00:02,482,-86
241.05,00:03,482,-90
241.103,00:04,482,-93
241.508,00:02,483,-86
241.552,00:03,483,-90
241.603,00:04,483,-93
242.009,00:02,484,-86
242.05,00:03,484,-90
242.103,00:04,484,-93
242.509,00:02,485,-86
242.55,00:03,485,-89
242.603,00:04,485,-93
243.01,00:02,486,-86
243.05,00:03,486,-89
243.102,00:04,486,-93
243.508,00:02,487,-87
243.549,00:03,487,-89
243.603,00:04,487,-93
244.01,00:02,488,-87
244.05,00:03,488,-89
244.102,00:04,488,-93
244.507,00:02,489,-87
244.551,00:03,489,-89
244.603,00:04,489,-93
245.009,00:02,490,-87
245.051,00:03,490,-88
245.102,00:04,490,-93
245.51,00:02,491,-87
245.551,00:03,491,-88
245.601,00:04,491,-93
246.008,00:02,492,-87
246.05,00:03,492,-88
246.103,00:04,492,-93
246.509,00:02,493,-88
246.55,00:03,493,-88
246.603,00:04,493,-93
247.009,00:02,494,-88
247.053,00:03,494,-87
247.104,00:04,494,-93
247.509,00:02,495,-88
247.549,00:03,495,-87
247.603,00:04,495,-93
248.009,00:02,496,-88
248.05,00:03,496,-87
248.101,00:04,496,-93
248.51,00:02,497,-88
248.55,00:03,497,-87
248.601,00:04,497,-93
249.011,00:02,498,-88
249.051,00:03,498,-87
249.104,00:04,498,-93
249.508,00:02,499,-88
249.55,00:03,499,-86
249.602,00:04,499,-93
250.009,00:02,500,-89
250.049,00:03,500,-86
250.103,00:04,500,-93
250.509,00:02,501,-89
250.55,00:03,501,-86
250.602,00:04,501,-93
251.01,00:02,502,-89
251.049,00:03,502,-86
251.102,00:04,502,-93
251.508,00:02,503,-89
251.552,00:03,503,-85
251.602,00:04,503,-93
252.011,00:02,504,-89
252.052,00:03,504,-85
252.101,00:04,504,-93
252.507,00:02,505,-89
252.551,00:03,505,-85
252.601,00:04,505,-93
253.008,00:02,506,-89
253.052,00:03,506,-85
253.102,00:04,506,-93
253.509,00:02,507,-90
253.55,00:03,507,-84
253.602,00:04,507,-93
254.01,00:02,508,-90
254.051,00:03,508,-84
254.103,00:04,508,-93
254.509,00:02,509,-90
254.55,00:03,509,-84
254.602,00:04,509,-93
255.01,00:02,510,-90
255.05,00:03,510,-84
255.103,00:04,510,-94
255.508,00:02,511,-90
255.549,00:03,511,-83
255.601,00:04,511,-94
256.011,00:02,512,-90
256.052,00:03,512,-83
256.101,00:04,512,-94
256.511,00:02,513,-90
256.549,00:03,513,-83
256.603,00:04,513,-94
257.01,00:02,514,-90
257.052,00:03,514,-83
257.101,00:04,514,-94
257.51,00:02,515,-91
257.551,00:03,515,-82
257.602,00:04,515,-94
258.01,00:02,516,-91
258.05,00:03,516,-82
258.1,00:04,516,-94
258.509,00:02,517,-91
258.552,00:03,517,-82
258.604,00:04,517,-94
259.01,00:02,518,-91
259.051,00:03,518,-81
259.103,00:04,518,-94
259.509,00:02,519,-91
259.55,00:03,519,-81
259.601,00:04,519,-94
260.009,00:02,520,-91
260.05,00:03,520,-81
260.102,00:04,520,-94
260.51,00:02,521,-91
260.549,00:03,521,-81
260.602,00:04,521,-94
261.009,00:02,522,-91
261.05,00:03,522,-80
261.103,00:04,522,-94
261.509,00:02,523,-92
261.549,00:03,523,-80
261.601,00:04,523,-94
262.01,00:02,524,-92
262.049,00:03,524,-80
262.102,00:04,524,-94
262.509,00:02,525,-92
262.553,00:03,525,-79
262.602,00:04,525,-94
263.009,00:02,526,-92
263.05,00:03,526,-79
263.101,00:04,526,-94
263.51,00:02,527,-92
263.55,00:03,527,-79
263.601,00:04,527,-94
264.01,00:02,528,-92
264.051,00:03,528,-78
264.101,00:04,528,-94
264.509,00:02,529,-92
264.552,00:03,529,-78
264.601,00:04,529,-94
265.01,00:02,530,-92
265.049,00:03,530,-78
265.101,00:04,530,-94
265.51,00:02,531,-93
265.549,00:03,531,-78
265.602,00:04,531,-94
266.008,00:02,532,-93
266.051,00:03,532,-77
266.103,00:04,532,-94
266.507,00:02,533,-93
266.55,00:03,533,-77
266.603,00:04,533,-94
267.011,00:02,534,-93
267.05,00:03,534,-77
267.101,00:04,534,-94
267.509,00:02,535,-93
267.551,00:03,535,-76
267.601,00:04,535,-94
268.009,00:02,536,-93
268.05,00:03,536,-76
268.103,00:04,536,-94
268.511,00:02,537,-93
268.549,00:03,537,-76
268.604,00:04,537,-94
269.01,00:02,538,-93
269.051,00:03,538,-75
269.102,00:04,538,-94
269.508,00:02,539,-93
269.55,00:03,539,-75
269.601,00:04,539,-94
270.009,00:02,540,-94
270.05,00:03,540,-75
270.101,00:04,540,-95
270.51,00:02,541,-94
270.55,00:03,541,-74
270.603,00:04,541,-95
271.009,00:02,542,-94
271.051,00:03,542,-74
271.101,00:04,542,-95
271.508,00:02,543,-94
271.551,00:03,543,-74
271.602,00:04,543,-95
272.011,00:02,544,-94
272.049,00:03,544,-74
272.103,00:04,544,-95
272.51,00:02,545,-94
272.551,00:03,545,-74
272.601,00:04,545,-95
273.009,00:02,546,-94
273.05,00:03,546,-74
273.102,00:04,546,-95
273.51,00:02,547,-94
273.552,00:03,547,-73
273.6,00:04,547,-95
274.01,00:02,548,-94
274.052,00:03,548,-73
274.103,00:04,548,-95
274.508,00:02,549,-94
274.549,00:03,549,-73
274.602,00:04,549,-95
275.01,00:02,550,-95
275.052,00:03,550,-73
275.103,00:04,550,-95
275.508,00:02,551,-95
275.552,00:03,551,-73
275.601,00:04,551,-95
276.008,00:02,552,-95
276.05,00:03,552,-73
276.103,00:04,552,-95
276.51,00:02,553,-95
276.551,00:03,553,-73
276.601,00:04,553,-95
277.009,00:02,554,-95
277.051,00:03,554,-72
277.102,00:04,554,-95
277.511,00:02,555,-95
277.551,00:03,555,-72
277.602,00:04,555,-95
278.009,00:02,556,-95
278.051,00:03,556,-72
278.101,00:04,556,-95
278.509,00:02,557,-95
278.55,00:03,557,-72
278.602,00:04,557,-95
279.01,00:02,558,-95
279.049,00:03,558,-72
279.1,00:04,558,-95
279.511,00:02,559,-95
279.549,00:03,559,-72
279.601,00:04,559,-95
280.011,00:02,560,-96
280.051,00:03,560,-72
280.102,00:04,560,-95
280.51,00:02,561,-96
280.551,00:03,561,-72
280.603,00:04,561,-95
281.01,00:02,562,-96
281.051,00:03,562,-72
281.101,00:04,562,-96
281.51,00:02,563,-96
281.55,00:03,563,-72
281.603,00:04,563,-96
282.01,00:02,564,-96
282.051,00:03,564,-72
282.103,00:04,564,-96
282.508,00:02,565,-96
282.548,00:03,565,-72
282.602,00:04,565,-95
283.01,00:02,566,-96
283.05,00:03,566,-72
283.101,00:04,566,-95
283.51,00:02,567,-96
283.55,00:03,567,-73
283.601,00:04,567,-95
284.009,00:02,568,-96
284.049,00:03,568,-73
284.101,00:04,568,-95
284.51,00:02,569,-96
284.55,00:03,569,-73
284.601,00:04,569,-95
285.009,00:02,570,-96
285.049,00:03,570,-74
285.103,00:04,570,-95
285.51,00:02,571,-96
285.549,00:03,571,-74
285.602,00:04,571,-95
286.01,00:02,572,-96
286.05,00:03,572,-74
286.101,00:04,572,-95
286.511,00:02,573,-96
286.551,00:03,573,-75
286.601,00:04,573,-95
287.009,00:02,574,-96
287.048,00:03,574,-75
287.102,00:04,574,-95
287.511,00:02,575,-96
287.551,00:03,575,-75
287.6,00:04,575,-95
288.01,00:02,576,-96
288.05,00:03,576,-75
288.101,00:04,576,-95
288.507,00:02,577,-96
288.55,00:03,577,-75
288.602,00:04,577,-95
289.009,00:02,578,-96
289.05,00:03,578,-75
289.1,00:04,578,-95
289.51,00:02,579,-96
289.551,00:03,579,-75
289.601,00:04,579,-95
290.008,00:02,580,-96
290.052,00:03,580,-75
290.101,00:04,580,-95
290.509,00:02,581,-96
290.551,00:03,581,-75
290.6,00:04,581,-94
291.01,00:02,582,-96
291.05,00:03,582,-75
291.103,00:04,582,-94
291.51,00:02,583,-95
291.549,00:03,583,-75
291.602,00:04,583,-94
292.01,00:02,584,-95
292.051,00:03,584,-75
292.102,00:04,584,-94
292.51,00:02,585,-95
292.55,00:03,585,-75
292.6,00:04,585,-94
293.01,00:02,586,-95
293.048,00:03,586,-76
293.102,00:04,586,-94
293.509,00:02,587,-95
293.551,00:03,587,-76
293.601,00:04,587,-94
294.011,00:02,588,-95
294.049,00:03,588,-76
294.103,00:04,588,-94
294.51,00:02,589,-95
294.551,00:03,589,-76
294.603,00:04,589,-94
295.009,00:02,590,-95
295.049,00:03,590,-76
295.102,00:04,590,-94
295.51,00:02,591,-95
295.55,00:03,591,-76
295.602,00:04,591,-94
296.01,00:02,592,-95
296.049,00:03,592,-76
296.101,00:04,592,-94
296.509,00:02,593,-94
296.552,00:03,593,-77
296.602,00:04,593,-94
297.008,00:02,594,-94
297.049,00:03,594,-77
297.103,00:04,594,-94
297.51,00:02,595,-94
297.55,00:03,595,-77
297.601,00:04,595,-94
298.01,00:02,596,-94
298.049,00:03,596,-77
298.102,00:04,596,-94
298.509,00:02,597,-94
298.55,00:03,597,-77
298.602,00:04,597,-94
299.011,00:02,598,-94
299.051,00:03,598,-78
299.102,00:04,598,-94
299.51,00:02,599,-94
299.552,00:03,599,-78
299.601,00:04,599,-94
300.011,00:02,600,-94
300.051,00:03,600,-78
300.103,00:04,600,-94
300.511,00:02,601,-94
300.549,00:03,601,-78
300.6,00:04,601,-93
301.011,00:02,602,-94
301.05,00:03,602,-79
301.102,00:04,602,-93
301.51,00:02,603,-93
301.55,00:03,603,-79
301.602,00:04,603,-93
302.01,00:02,604,-93
302.049,00:03,604,-79
302.102,00:04,604,-93
302.51,00:02,605,-93
302.551,00:03,605,-79
302.601,00:04,605,-93
303.008,00:02,606,-93
303.05,00:03,606,-79
303.102,00:04,606,-93
303.51,00:02,607,-93
303.55,00:03,607,-80
303.601,00:04,607,-93
304.009,00:02,608,-93
304.051,00:03,608,-80
304.103,00:04,608,-93
304.51,00:02,609,-93
304.549,00:03,609,-80
304.603,00:04,609,-93
305.009,00:02,610,-93
305.052,00:03,610,-80
305.102,00:04,610,-93
305.51,00:02,611,-93
305.551,00:03,611,-81
305.601,00:04,611,-93
306.011,00:02,612,-92
306.048,00:03,612,-81
306.101,00:04,612,-93
306.509,00:02,613,-92
306.55,00:03,613,-81
306.599,00:04,613,-93
307.01,00:02,614,-92
307.05,00:03,614,-81
307.102,00:04,614,-93
307.51,00:02,615,-92
307.548,00:03,615,-82
307.6,00:04,615,-93
308.01,00:02,616,-92
308.051,00:03,616,-82
308.103,00:04,616,-93
308.509,00:02,617,-92
308.55,00:03,617,-82
308.6,00:04,617,-93
309.01,00:02,618,-92
309.049,00:03,618,-82
309.101,00:04,618,-93
309.509,00:02,619,-92
309.551,00:03,619,-83
309.602,00:04,619,-93
310.011,00:02,620,-91
310.05,00:03,620,-83
310.102,00:04,620,-93
310.508,00:02,621,-91
310.55,00:03,621,-83
310.602,00:04,621,-93
311.008,00:02,622,-91
311.048,00:03,622,-83
311.1,00:04,622,-93
311.51,00:02,623,-91
311.55,00:03,623,-83
311.599,00:04,623,-93
312.008,00:02,624,-91
312.049,00:03,624,-84
312.102,00:04,624,-93
312.511,00:02,625,-91
312.551,00:03,625,-84
312.602,00:04,625,-93
313.008,00:02,626,-91
313.051,00:03,626,-84
313.102,00:04,626,-93
313.51,00:02,627,-91
313.55,00:03,627,-84
313.6,00:04,627,-92
314.008,00:02,628,-91
314.05,00:03,628,-85
314.101,00:04,628,-92
314.51,00:02,629,-90
314.55,00:03,629,-85
314.602,00:04,629,-92
315.009,00:02,630,-90
315.05,00:03,630,-85
315.102,00:04,630,-92
315.51,00:02,631,-90
315.551,00:03,631,-85
315.601,00:04,631,-92
316.011,00:02,632,-90
316.051,00:03,632,-86
316.102,00:04,632,-92
316.509,00:02,633,-90
316.55,00:03,633,-86
316.601,00:04,633,-92
317.01,00:02,634,-90
317.05,00:03,634,-86
317.101,00:04,634,-92
317.511,00:02,635,-90
317.549,00:03,635,-86
317.602,00:04,635,-92
318.01,00:02,636,-89
318.05,00:03,636,-86
318.1,00:04,636,-92
318.511,00:02,637,-89
318.552,00:03,637,-87
318.602,00:04,637,-92
319.009,00:02,638,-89
319.051,00:03,638,-87
319.101,00:04,638,-92
319.509,00:02,639,-89
319.548,00:03,639,-87
319.601,00:04,639,-92
320.011,00:02,640,-89
320.049,00:03,640,-87
320.101,00:04,640,-92
320.508,00:02,641,-89
320.549,00:03,641,-87
320.601,00:04,641,-92
321.01,00:02,642,-89
321.049,00:03,642,-88
321.1,00:04,642,-92
321.511,00:02,643,-89
321.549,00:03,643,-88
321.6,00:04,643,-92
322.009,00:02,644,-88
322.05,00:03,644,-88
322.101,00:04,644,-92
322.509,00:02,645,-88
322.55,00:03,645,-88
322.601,00:04,645,-92
323.009,00:02,646,-88
323.049,00:03,646,-88
323.1,00:04,646,-92
323.509,00:02,647,-88
323.548,00:03,647,-89
323.601,00:04,647,-92
324.009,00:02,648,-88
324.048,00:03,648,-89
324.099,00:04,648,-92
324.508,00:02,649,-88
324.55,00:03,649,-89
324.6,00:04,649,-92
325.011,00:02,650,-88
325.05,00:03,650,-89
325.102,00:04,650,-92
325.512,00:02,651,-87
325.549,00:03,651,-89
325.601,00:04,651,-92
326.009,00:02,652,-87
326.05,00:03,652,-90
326.103,00:04,652,-92
326.51,00:02,653,-87
326.55,00:03,653,-90
326.599,00:04,653,-92
327.011,00:02,654,-91
327.051,00:03,654,-94
327.1,00:04,654,-96
327.508,00:02,655,-91
327.551,00:03,655,-94
327.602,00:04,655,-96
328.009,00:02,656,-91
328.049,00:03,656,-94
328.101,00:04,656,-96
328.509,00:02,657,-90
328.549,00:03,657,-94
328.599,00:04,657,-96
329.009,00:02,658,-90
329.049,00:03,658,-95
329.101,00:04,658,-96
329.509,00:02,659,-90
329.549,00:03,659,-95
329.601,00:04,659,-96
330.01,00:02,660,-90
330.048,00:03,660,-95
330.1,00:04,660,-96
330.509,00:02,661,-90
330.551,00:03,661,-95
330.601,00:04,661,-96
331.01,00:02,662,-90
331.049,00:03,662,-95
331.102,00:04,662,-96
331.509,00:02,663,-90
331.551,00:03,663,-96
331.599,00:04,663,-96
332.009,00:02,664,-89
332.048,00:03,664,-96
332.099,00:04,664,-96
332.508,00:02,665,-89
332.548,00:03,665,-96
332.601,00:04,665,-96
333.008,00:02,666,-89
333.048,00:03,666,-96
333.099,00:04,666,-96
333.509,00:02,667,-89
333.549,00:03,667,-96
333.6,00:04,667,-96
334.009,00:02,668,-89
334.05,00:03,668,-96
334.101,00:04,668,-96
334.511,00:02,669,-89
334.551,00:03,669,-97
334.601,00:04,669,-96
335.011,00:02,670,-88
335.049,00:03,670,-97
335.099,00:04,670,-96
335.51,00:02,671,-88
335.551,00:03,671,-97
335.599,00:04,671,-96
336.01,00:02,672,-88
336.051,00:03,672,-97
336.101,00:04,672,-96
336.509,00:02,673,-88
336.55,00:03,673,-97
336.602,00:04,673,-96
337.009,00:02,674,-88
337.049,00:03,674,-97
337.1,00:04,674,-96
337.509,00:02,675,-87
337.551,00:03,675,-97
337.601,00:04,675,-96
338.01,00:02,676,-87
338.05,00:03,676,-98
338.102,00:04,676,-96
338.51,00:02,677,-87
338.549,00:03,677,-98
338.6,00:04,677,-96
339.011,00:02,678,-83
339.05,00:03,678,-94
339.1,00:04,678,-92
339.511,00:02,679,-83
339.549,00:03,679,-94
339.601,00:04,679,-92
340.011,00:02,680,-83
340.049,00:03,680,-94
340.101,00:04,680,-92
340.512,00:02,681,-82
340.55,00:03,681,-94
340.601,00:04,681,-92
341.01,00:02,682,-82
341.05,00:03,682,-95
341.1,00:04,682,-92
341.51,00:02,683,-82
341.551,00:03,683,-95
341.601,00:04,683,-92
342.011,00:02,684,-82
342.049,00:03,684,-95
342.1,00:04,684,-92
342.51,00:02,685,-82
342.55,00:03,685,-95
342.601,00:04,685,-92
343.01,00:02,686,-81
343.05,00:03,686,-95
343.101,00:04,686,-92
343.511,00:02,687,-81
343.549,00:03,687,-95
343.601,00:04,687,-92
344.011,00:02,688,-81
344.049,00:03,688,-95
344.101,00:04,688,-92
344.509,00:02,689,-81
344.551,00:03,689,-96
344.6,00:04,689,-92
345.011,00:02,690,-81
345.048,00:03,690,-96
345.101,00:04,690,-92
345.509,00:02,691,-80
345.55,00:03,691,-96
345.599,00:04,691,-92
346.011,00:02,692,-80
346.049,00:03,692,-96
346.1,00:04,692,-92
346.508,00:02,693,-80
346.551,00:03,693,-96
346.599,00:04,693,-92
347.008,00:02,694,-80
347.049,00:03,694,-96
347.1,00:04,694,-92
347.511,00:02,695,-80
347.55,00:03,695,-96
347.599,00:04,695,-92
348.01,00:02,696,-79
348.048,00:03,696,-96
348.101,00:04,696,-92
348.51,00:02,697,-79
348.551,00:03,697,-97
348.599,00:04,697,-92
349.01,00:02,698,-79
349.048,00:03,698,-97
349.1,00:04,698,-92
349.51,00:02,699,-79
349.548,00:03,699,-97
349.6,00:04,699,-92
350.01,00:02,700,-79
350.049,00:03,700,-97
350.101,00:04,700,-92
350.51,00:02,701,-78
350.55,00:03,701,-97
350.602,00:04,701,-92
351.009,00:02,702,-78
351.05,00:03,702,-97
351.1,00:04,702,-92
351.511,00:02,703,-78
351.55,00:03,703,-97
351.602,00:04,703,-92
352.009,00:02,704,-78
352.048,00:03,704,-98
352.099,00:04,704,-92
352.511,00:02,705,-77
352.548,00:03,705,-98
352.602,00:04,705,-92
353.012,00:02,706,-77
353.049,00:03,706,-98
353.102,00:04,706,-93
353.51,00:02,707,-77
353.55,00:03,707,-98
353.6,00:04,707,-93
354.01,00:02,708,-77
354.049,00:03,708,-98
354.101,00:04,708,-93
354.51,00:02,709,-76
354.548,00:03,709,-98
354.6,00:04,709,-93
355.01,00:02,710,-76
355.05,00:03,710,-98
355.101,00:04,710,-93
355.509,00:02,711,-76
355.549,00:03,711,-98
355.599,00:04,711,-93
356.012,00:02,712,-76
356.049,00:03,712,-98
356.1,00:04,712,-93
356.511,00:02,713,-76
356.551,00:03,713,-99
356.6,00:04,713,-93
357.011,00:02,714,-75
357.049,00:03,714,-99
357.1,00:04,714,-93
357.51,00:02,715,-75
357.549,00:03,715,-99
357.601,00:04,715,-93
358.01,00:02,716,-75
358.05,00:03,716,-99
358.1,00:04,716,-93
358.509,00:02,717,-75
358.548,00:03,717,-99
358.601,00:04,717,-93
359.01,00:02,718,-74
359.049,00:03,718,-99
359.099,00:04,718,-93
359.51,00:02,719,-74
359.549,00:03,719,-99
359.6,00:04,719,-93
360.01,00:02,720,-74
360.05,00:03,720,-99
360.1,00:04,720,-93
360.512,00:02,721,-74
360.551,00:03,721,-100
360.599,00:04,721,-93
361.01,00:02,722,-77
361.051,00:03,722,-104
361.101,00:04,722,-97
361.51,00:02,723,-77
361.551,00:03,723,-104
361.599,00:04,723,-97
362.01,00:02,724,-77
362.05,00:03,724,-104
362.1,00:04,724,-97
362.51,00:02,725,-77
362.549,00:03,725,-104
362.601,00:04,725,-97
363.01,00:02,726,-76
363.05,00:03,726,-104
363.102,00:04,726,-97
363.51,00:02,727,-76
363.549,00:03,727,-104
363.6,00:04,727,-97
364.01,00:02,728,-76
364.049,00:03,728,-104
364.102,00:04,728,-97
364.509,00:02,729,-76
364.548,00:03,729,-104
364.599,00:04,729,-97
365.012,00:02,730,-72
365.049,00:03,730,-101
365.099,00:04,730,-93
365.51,00:02,731,-71
365.548,00:03,731,-101
365.6,00:04,731,-93
366.011,00:02,732,-71
366.049,00:03,732,-101
366.101,00:04,732,-94
366.51,00:02,733,-71
366.549,00:03,733,-101
366.598,00:04,733,-94
367.011,00:02,734,-71
367.049,00:03,734,-101
367.099,00:04,734,-94
367.512,00:02,735,-70
367.548,00:03,735,-101
367.601,00:04,735,-94
368.008,00:02,736,-70
368.05,00:03,736,-101
368.099,00:04,736,-94
368.509,00:02,737,-70
368.55,00:03,737,-101
368.601,00:04,737,-94
369.012,00:02,738,-70
369.048,00:03,738,-101
369.101,00:04,738,-94
369.511,00:02,739,-70
369.548,00:03,739,-101
369.598,00:04,739,-94
370.012,00:02,740,-69
370.049,00:03,740,-102
370.1,00:04,740,-94
370.509,00:02,741,-69
370.55,00:03,741,-102
370.599,00:04,741,-94
371.009,00:02,742,-69
371.05,00:03,742,-102
371.099,00:04,742,-94
371.511,00:02,743,-69
371.548,00:03,743,-102
371.6,00:04,743,-94
372.01,00:02,744,-69
372.049,00:03,744,-102
372.101,00:04,744,-94
372.509,00:02,745,-69
372.548,00:03,745,-102
372.601,00:04,745,-94
373.01,00:02,746,-69
373.05,00:03,746,-102
373.099,00:04,746,-94
373.511,00:02,747,-68
373.547,00:03,747,-102
373.599,00:04,747,-94
374.011,00:02,748,-68
374.048,00:03,748,-102
374.101,00:04,748,-94
374.51,00:02,749,-68
374.549,00:03,749,-102
374.601,00:04,749,-94
375.009,00:02,750,-68
375.048,00:03,750,-103
375.101,00:04,750,-94
375.511,00:02,751,-68
375.548,00:03,751,-103
375.601,00:04,751,-94
376.009,00:02,752,-68
376.048,00:03,752,-103
376.1,00:04,752,-95
376.51,00:02,753,-68
376.551,00:03,753,-103
376.599,00:04,753,-95
377.011,00:02,754,-68
377.048,00:03,754,-103
377.1,00:04,754,-95
377.509,00:02,755,-68
377.548,00:03,755,-103
377.601,00:04,755,-95
378.01,00:02,756,-68
378.049,00:03,756,-103
378.099,00:04,756,-95
378.512,00:02,757,-68
378.55,00:03,757,-103
378.598,00:04,757,-95
379.01,00:02,758,-69
379.05,00:03,758,-103
379.099,00:04,758,-95
379.51,00:02,759,-69
379.547,00:03,759,-103
379.601,00:04,759,-94
380.009,00:02,760,-70
380.049,00:03,760,-103
380.1,00:04,760,-94
380.51,00:02,761,-70
380.548,00:03,761,-103
380.599,00:04,761,-94
381.01,00:02,762,-71
381.05,00:03,762,-103
381.1,00:04,762,-94
381.51,00:02,763,-71
381.55,00:03,763,-103
381.6,00:04,763,-94
382.009,00:02,764,-71
382.049,00:03,764,-103
382.1,00:04,764,-94
382.51,00:02,765,-72
382.548,00:03,765,-103
382.599,00:04,765,-94
383.01,00:02,766,-72
383.05,00:03,766,-103
383.1,00:04,766,-94
383.511,00:02,767,-72
383.548,00:03,767,-103
383.602,00:04,767,-94
384.011,00:02,768,-72
384.048,00:03,768,-103
384.099,00:04,768,-94
384.51,00:02,769,-72
384.549,00:03,769,-103
384.601,00:04,769,-94
385.011,00:02,770,-72
385.049,00:03,770,-103
385.1,00:04,770,-94
385.511,00:02,771,-72
385.549,00:03,771,-103
385.601,00:04,771,-94
386.01,00:02,772,-72
386.049,00:03,772,-103
386.1,00:04,772,-94
386.509,00:02,773,-72
386.549,00:03,773,-103
386.6,00:04,773,-94
387.009,00:02,774,-72
387.049,00:03,774,-103
387.099,00:04,774,-93
387.51,00:02,775,-72
387.549,00:03,775,-103
387.599,00:04,775,-93
388.01,00:02,776,-72
388.048,00:03,776,-103
388.102,00:04,776,-93
388.509,00:02,777,-72
388.549,00:03,777,-102
388.601,00:04,777,-93
389.01,00:02,778,-73
389.048,00:03,778,-102
389.101,00:04,778,-93
389.511,00:02,779,-73
389.55,00:03,779,-102
389.598,00:04,779,-93
390.009,00:02,780,-73
390.047,00:03,780,-102
390.101,00:04,780,-93
390.511,00:02,781,-73
390.548,00:03,781,-102
390.599,00:04,781,-93
391.011,00:02,782,-73
391.049,00:03,782,-102
391.099,00:04,782,-93
391.512,00:02,783,-73
391.55,00:03,783,-102
391.599,00:04,783,-93
392.009,00:02,784,-73
392.05,00:03,784,-102
392.1,00:04,784,-93
392.512,00:02,785,-73
392.549,00:03,785,-102
392.599,00:04,785,-93
393.01,00:02,786,-73
393.048,00:03,786,-102
393.1,00:04,786,-93
393.51,00:02,787,-74
393.548,00:03,787,-101
393.6,00:04,787,-93
394.01,00:02,788,-74
394.049,00:03,788,-101
394.101,00:04,788,-93
394.512,00:02,789,-74
394.547,00:03,789,-101
394.6,00:04,789,-93
395.012,00:02,790,-74
395.048,00:03,790,-101
395.1,00:04,790,-93
395.511,00:02,791,-74
395.547,00:03,791,-101
395.6,00:04,791,-93
396.009,00:02,792,-74
396.048,00:03,792,-101
396.098,00:04,792,-93
396.509,00:02,793,-74
396.548,00:03,793,-101
396.599,00:04,793,-92
397.01,00:02,794,-79
397.048,00:03,794,-105
397.1,00:04,794,-96
397.511,00:02,795,-79
397.55,00:03,795,-105
397.6,00:04,795,-96
398.009,00:02,796,-79
398.047,00:03,796,-105
398.101,00:04,796,-96
398.512,00:02,797,-79
398.548,00:03,797,-104
398.6,00:04,797,-96
399.012,00:02,798,-79
399.049,00:03,798,-104
399.1,00:04,798,-96
399.511,00:02,799,-79
399.549,00:03,799,-104
399.599,00:04,799,-96
400.011,00:02,800,-80
400.048,00:03,800,-104
400.099,00:04,800,-96
400.512,00:02,801,-80
400.547,00:03,801,-104
400.601,00:04,801,-96
401.01,00:02,802,-76
401.047,00:03,802,-100
401.1,00:04,802,-92
401.509,00:02,803,-76
401.548,00:03,803,-100
401.6,00:04,803,-92
402.011,00:02,804,-76
402.048,00:03,804,-100
402.098,00:04,804,-92
402.509,00:02,805,-76
402.548,00:03,805,-100
402.599,00:04,805,-92
403.011,00:02,806,-77
403.049,00:03,806,-99
403.1,00:04,806,-92
403.512,00:02,807,-77
403.551,00:03,807,-99
403.6,00:04,807,-92
404.011,00:02,808,-77
404.048,00:03,808,-99
404.099,00:04,808,-92
404.512,00:02,809,-77
404.548,00:03,809,-99
404.6,00:04,809,-92
405.01,00:02,810,-77
405.048,00:03,810,-99
405.1,00:04,810,-92
405.511,00:02,811,-78
405.548,00:03,811,-99
405.599,00:04,811,-92
406.01,00:02,812,-78
406.049,00:03,812,-99
406.101,00:04,812,-92
406.511,00:02,813,-78
406.548,00:03,813,-99
406.6,00:04,813,-92
407.01,00:02,814,-78
407.048,00:03,814,-99
407.099,00:04,814,-92
407.51,00:02,815,-78
407.547,00:03,815,-98
407.598,00:04,815,-91
408.011,00:02,816,-79
408.048,00:03,816,-98
408.101,00:04,816,-91
408.51,00:02,817,-79
408.548,00:03,817,-98
408.598,00:04,817,-91
409.01,00:02,818,-79
409.05,00:03,818,-98
409.1,00:04,818,-91
409.509,00:02,819,-79
409.549,00:03,819,-98
409.599,00:04,819,-91
410.011,00:02,820,-79
410.05,00:03,820,-98
410.1,00:04,820,-91
410.511,00:02,821,-79
410.548,00:03,821,-98
410.599,00:04,821,-91
411.011,00:02,822,-80
411.049,00:03,822,-98
411.099,00:04,822,-91
411.512,00:02,823,-80
411.547,00:03,823,-98
411.598,00:04,823,-91
412.009,00:02,824,-80
412.049,00:03,824,-97
412.099,00:04,824,-91
412.51,00:02,825,-80
412.548,00:03,825,-97
412.598,00:04,825,-91
413.009,00:02,826,-80
413.049,00:03,826,-97
413.099,00:04,826,-91
413.511,00:02,827,-81
413.547,00:03,827,-97
413.6,00:04,827,-91
414.01,00:02,828,-81
414.048,00:03,828,-97
414.1,00:04,828,-91
414.51,00:02,829,-81
414.548,00:03,829,-97
414.599,00:04,829,-91
415.01,00:02,830,-81
415.047,00:03,830,-97
415.101,00:04,830,-91
415.511,00:02,831,-81
415.549,00:03,831,-97
415.598,00:04,831,-91
416.011,00:02,832,-81
416.047,00:03,832,-96
416.099,00:04,832,-91
416.511,00:02,833,-82
416.548,00:03,833,-96
416.6,00:04,833,-91
417.009,00:02,834,-82
417.048,00:03,834,-96
417.099,00:04,834,-91
417.509,00:02,835,-82
417.55,00:03,835,-96
417.599,00:04,835,-91
418.01,00:02,836,-82
418.049,00:03,836,-96
418.099,00:04,836,-91
418.511,00:02,837,-82
418.549,00:03,837,-96
418.598,00:04,837,-91
419.012,00:02,838,-83
419.049,00:03,838,-96
419.099,00:04,838,-91
419.512,00:02,839,-83
419.55,00:03,839,-95
419.598,00:04,839,-91
420.009,00:02,840,-83
420.048,00:03,840,-95
420.099,00:04,840,-91
420.511,00:02,841,-83
420.547,00:03,841,-95
420.6,00:04,841,-91
421.009,00:02,842,-83
421.049,00:03,842,-95
421.099,00:04,842,-91
421.511,00:02,843,-83
421.548,00:03,843,-95
421.6,00:04,843,-91
422.011,00:02,844,-84
422.048,00:03,844,-95
422.098,00:04,844,-91
422.51,00:02,845,-84
422.547,00:03,845,-95
422.6,00:04,845,-91
423.008,00:02,846,-88
423.049,00:03,846,-98
423.099,00:04,846,-95
423.51,00:02,847,-88
423.549,00:03,847,-98
423.6,00:04,847,-95
424.01,00:02,848,-88
424.049,00:03,848,-98
424.1,00:04,848,-95
424.51,00:02,849,-88
424.548,00:03,849,-98
424.6,00:04,849,-95
425.012,00:02,850,-89
425.049,00:03,850,-98
425.098,00:04,850,-95
425.511,00:02,851,-89
425.549,00:03,851,-98
425.6,00:04,851,-95
426.009,00:02,852,-89
426.048,00:03,852,-98
426.098,00:04,852,-95
426.51,00:02,853,-89
426.549,00:03,853,-97
426.599,00:04,853,-95
427.01,00:02,854,-89
427.049,00:03,854,-97
427.098,00:04,854,-95
427.512,00:02,855,-89
427.549,00:03,855,-97
427.6,00:04,855,-95
428.012,00:02,856,-89
428.049,00:03,856,-97
428.099,00:04,856,-95
428.511,00:02,857,-90
428.55,00:03,857,-97
428.6,00:04,857,-95
429.009,00:02,858,-90
429.047,00:03,858,-97
429.1,00:04,858,-95
429.51,00:02,859,-90
429.546,00:03,859,-97
429.601,00:04,859,-95
430.009,00:02,860,-90
430.049,00:03,860,-96
430.099,00:04,860,-95
430.511,00:02,861,-90
430.55,00:03,861,-96
430.599,00:04,861,-95
431.009,00:02,862,-90
431.049,00:03,862,-96
431.099,00:04,862,-95
431.512,00:02,863,-91
431.548,00:03,863,-96
431.6,00:04,863,-95
432.011,00:02,864,-91
432.049,00:03,864,-96
432.099,00:04,864,-95
432.51,00:02,865,-91
432.547,00:03,865,-96
432.597,00:04,865,-95
433.011,00:02,866,-91
433.048,00:03,866,-95
433.1,00:04,866,-95
433.51,00:02,867,-91
433.547,00:03,867,-95
433.599,00:04,867,-95
434.01,00:02,868,-91
434.047,00:03,868,-95
434.1,00:04,868,-95
434.511,00:02,869,-91
434.549,00:03,869,-95
434.598,00:04,869,-95
435.012,00:02,870,-88
435.048,00:03,870,-91
435.098,00:04,870,-91
435.511,00:02,871,-88
435.548,00:03,871,-91
435.601,00:04,871,-91
436.01,00:02,872,-88
436.048,00:03,872,-90
436.098,00:04,872,-91
436.509,00:02,873,-88
436.548,00:03,873,-90
436.599,00:04,873,-91
437.011,00:02,874,-88
437.05,00:03,874,-90
437.1,00:04,874,-91
437.512,00:02,875,-88
437.549,00:03,875,-90
437.598,00:04,875,-91
438.012,00:02,876,-88
438.049,00:03,876,-90
438.099,00:04,876,-91
438.509,00:02,877,-88
438.547,00:03,877,-90
438.6,00:04,877,-91
439.011,00:02,878,-89
439.047,00:03,878,-89
439.101,00:04,878,-91
439.51,00:02,879,-89
439.547,00:03,879,-89
439.599,00:04,879,-91
440.012,00:02,880,-89
440.048,00:03,880,-89
440.098,00:04,880,-91
440.509,00:02,881,-89
440.549,00:03,881,-89
440.6,00:04,881,-91
441.01,00:02,882,-89
441.048,00:03,882,-89
441.099,00:04,882,-91
441.511,00:02,883,-89
441.547,00:03,883,-89
441.599,00:04,883,-91
442.013,00:02,884,-89
442.049,00:03,884,-88
442.099,00:04,884,-91
442.511,00:02,885,-90
442.549,00:03,885,-88
442.599,00:04,885,-91
443.012,00:02,886,-90
443.048,00:03,886,-88
443.099,00:04,886,-91
443.511,00:02,887,-90
443.548,00:03,887,-88
443.6,00:04,887,-91
444.011,00:02,888,-90
444.049,00:03,888,-88
444.098,00:04,888,-91
444.511,00:02,889,-90
444.548,00:03,889,-88
444.6,00:04,889,-91
445.012,00:02,890,-90
445.047,00:03,890,-87
445.099,00:04,890,-91
445.51,00:02,891,-90
445.55,00:03,891,-87
445.599,00:04,891,-91
446.011,00:02,892,-90
446.05,00:03,892,-87
446.097,00:04,892,-91
446.511,00:02,893,-91
446.547,00:03,893,-87
446.599,00:04,893,-91
447.009,00:02,894,-91
447.049,00:03,894,-87
447.098,00:04,894,-91
447.51,00:02,895,-91
447.55,00:03,895,-86
447.598,00:04,895,-91
448.009,00:02,896,-91
448.046,00:03,896,-86
448.098,00:04,896,-91
448.51,00:02,897,-91
448.549,00:03,897,-86
448.597,00:04,897,-91
449.009,00:02,898,-91
449.049,00:03,898,-86
449.099,00:04,898,-91
449.511,00:02,899,-91
449.548,00:03,899,-86
449.6,00:04,899,-91
450.01,00:02,900,-91
450.048,00:03,900,-85
450.1,00:04,900,-91
450.512,00:02,901,-92
450.548,00:03,901,-85
450.599,00:04,901,-91
451.011,00:02,902,-92
451.049,00:03,902,-85
451.099,00:04,902,-92
451.51,00:02,903,-92
451.548,00:03,903,-85
451.597,00:04,903,-92
452.009,00:02,904,-92
452.048,00:03,904,-85
452.097,00:04,904,-92
452.51,00:02,905,-92
452.548,00:03,905,-85
452.598,00:04,905,-92
453.011,00:02,906,-92
453.047,00:03,906,-84
453.099,00:04,906,-92
453.509,00:02,907,-92
453.547,00:03,907,-84
453.597,00:04,907,-92
454.011,00:02,908,-92
454.047,00:03,908,-84
454.1,00:04,908,-92
454.51,00:02,909,-92
454.549,00:03,909,-84
454.6,00:04,909,-92
455.011,00:02,910,-93
455.049,00:03,910,-84
455.099,00:04,910,-92
455.51,00:02,911,-93
455.547,00:03,911,-83
455.598,00:04,911,-92
456.011,00:02,912,-93
456.048,00:03,912,-83
456.097,00:04,912,-92
456.511,00:02,913,-93
456.548,00:03,913,-83
456.598,00:04,913,-92
457.011,00:02,914,-97
457.047,00:03,914,-87
457.1,00:04,914,-96
457.51,00:02,915,-97
457.547,00:03,915,-87
457.6,00:04,915,-96
458.012,00:02,916,-97
458.049,00:03,916,-87
458.099,00:04,916,-96
458.51,00:02,917,-97
458.546,00:03,917,-86
458.599,00:04,917,-96
459.01,00:02,918,-97
459.047,00:03,918,-86
459.1,00:04,918,-96
459.509,00:02,919,-97
459.547,00:03,919,-86
459.598,00:04,919,-96
460.01,00:02,920,-98
460.048,00:03,920,-86
460.1,00:04,920,-96
460.51,00:02,921,-98
460.548,00:03,921,-86
460.6,00:04,921,-96
461.01,00:02,922,-94
461.049,00:03,922,-81
461.099,00:04,922,-92
461.511,00:02,923,-94
461.547,00:03,923,-81
461.599,00:04,923,-92
462.011,00:02,924,-94
462.046,00:03,924,-81
462.098,00:04,924,-93
462.511,00:02,925,-94
462.548,00:03,925,-81
462.599,00:04,925,-93
463.011,00:02,926,-94
463.047,00:03,926,-81
463.1,00:04,926,-93
463.51,00:02,927,-94
463.547,00:03,927,-81
463.599,00:04,927,-93
464.01,00:02,928,-94
464.047,00:03,928,-81
464.1,00:04,928,-93
464.511,00:02,929,-95
464.547,00:03,929,-80
464.598,00:04,929,-93
465.01,00:02,930,-95
465.049,00:03,930,-80
465.1,00:04,930,-93
465.509,00:02,931,-95
465.549,00:03,931,-80
465.599,00:04,931,-93
466.012,00:02,932,-95
466.047,00:03,932,-80
466.098,00:04,932,-93
466.51,00:02,933,-95
466.548,00:03,933,-80
466.598,00:04,933,-93
467.01,00:02,934,-95
467.047,00:03,934,-80
467.097,00:04,934,-93
467.51,00:02,935,-95
467.548,00:03,935,-80
467.6,00:04,935,-93
468.011,00:02,936,-95
468.048,00:03,936,-80
468.098,00:04,936,-93
468.512,00:02,937,-95
468.546,00:03,937,-80
468.6,00:04,937,-93
469.01,00:02,938,-95
469.048,00:03,938,-80
469.099,00:04,938,-93
469.51,00:02,939,-95
469.548,00:03,939,-79
469.598,00:04,939,-93
470.01,00:02,940,-96
470.047,00:03,940,-79
470.098,00:04,940,-93
470.511,00:02,941,-96
470.548,00:03,941,-79
470.597,00:04,941,-93
471.01,00:02,942,-96
471.048,00:03,942,-79
471.098,00:04,942,-94
471.512,00:02,943,-96
471.548,00:03,943,-79
471.597,00:04,943,-94
472.011,00:02,944,-96
472.048,00:03,944,-79
472.099,00:04,944,-94
472.509,00:02,945,-96
472.547,00:03,945,-79
472.597,00:04,945,-94
473.012,00:02,946,-96
473.048,00:03,946,-79
473.1,00:04,946,-94
473.509,00:02,947,-96
473.546,00:03,947,-79
473.599,00:04,947,-94
474.011,00:02,948,-96
474.047,00:03,948,-79
474.099,00:04,948,-94
474.51,00:02,949,-96
474.548,00:03,949,-80
474.597,00:04,949,-94
475.012,00:02,950,-96
475.048,00:03,950,-80
475.098,00:04,950,-94
475.512,00:02,951,-96
475.547,00:03,951,-80
475.599,00:04,951,-94
476.011,00:02,952,-96
476.048,00:03,952,-81
476.096,00:04,952,-93
476.511,00:02,953,-96
476.547,00:03,953,-81
476.6,00:04,953,-93
477.013,00:02,954,-96
477.046,00:03,954,-81
477.099,00:04,954,-93
477.509,00:02,955,-96
477.547,00:03,955,-82
477.597,00:04,955,-93
478.011,00:02,956,-97
478.048,00:03,956,-82
478.098,00:04,956,-93
478.511,00:02,957,-97
478.548,00:03,957,-82
478.598,00:04,957,-93
479.011,00:02,958,-97
479.047,00:03,958,-83
479.099,00:04,958,-93
479.511,00:02,959,-97
479.546,00:03,959,-83
479.598,00:04,959,-93
480.011,00:02,960,-97
480.048,00:03,960,-83
480.1,00:04,960,-93
480.51,00:02,961,-96
480.547,00:03,961,-83
480.6,00:04,961,-93
481.01,00:02,962,-96
481.047,00:03,962,-83
481.097,00:04,962,-93
481.51,00:02,963,-96
481.548,00:03,963,-83
481.6,00:04,963,-93
482.011,00:02,964,-96
482.049,00:03,964,-83
482.099,00:04,964,-93
482.512,00:02,965,-96
482.548,00:03,965,-83
482.599,00:04,965,-93
483.011,00:02,966,-96
483.046,00:03,966,-83
483.1,00:04,966,-93
483.512,00:02,967,-96
483.547,00:03,967,-83
483.598,00:04,967,-92
484.01,00:02,968,-96
484.049,00:03,968,-83
484.099,00:04,968,-92
484.51,00:02,969,-96
484.546,00:03,969,-83
484.598,00:04,969,-92
485.012,00:02,970,-96
485.048,00:03,970,-83
485.1,00:04,970,-92
485.51,00:02,971,-96
485.547,00:03,971,-83
485.599,00:04,971,-92
486.009,00:02,972,-95
486.048,00:03,972,-83
486.1,00:04,972,-92
486.513,00:02,973,-95
486.548,00:03,973,-83
486.599,00:04,973,-92
487.011,00:02,974,-95
487.049,00:03,974,-83
487.098,00:04,974,-92
487.511,00:02,975,-95
487.549,00:03,975,-83
487.598,00:04,975,-92
488.011,00:02,976,-95
488.047,00:03,976,-83
488.1,00:04,976,-92
488.51,00:02,977,-95
488.549,00:03,977,-83
488.599,00:04,977,-92
489.011,00:02,978,-95
489.047,00:03,978,-83
489.098,00:04,978,-92
489.512,00:02,979,-95
489.548,00:03,979,-83
489.599,00:04,979,-92
490.01,00:02,980,-95
490.048,00:03,980,-84
490.098,00:04,980,-92
490.512,00:02,981,-95
490.547,00:03,981,-84
490.599,00:04,981,-92
491.011,00:02,982,-95
491.049,00:03,982,-84
491.099,00:04,982,-92
491.509,00:02,983,-94
491.548,00:03,983,-84
491.599,00:04,983,-91
492.01,00:02,984,-94
492.048,00:03,984,-84
492.097,00:04,984,-91
492.511,00:02,985,-94
492.546,00:03,985,-84
492.596,00:04,985,-91
493.011,00:02,986,-98
493.048,00:03,986,-88
493.099,00:04,986,-95
493.512,00:02,987,-98
493.546,00:03,987,-88
493.597,00:04,987,-95
494.012,00:02,988,-98
494.046,00:03,988,-88
494.098,00:04,988,-95
494.51,00:02,989,-98
494.547,00:03,989,-89
494.597,00:04,989,-95
495.01,00:02,990,-98
495.047,00:03,990,-89
495.096,00:04,990,-95
495.51,00:02,991,-98
495.546,00:03,991,-89
495.596,00:04,991,-95
496.012,00:02,992,-98
496.047,00:03,992,-89
496.097,00:04,992,-95
496.51,00:02,993,-97
496.549,00:03,993,-89
496.598,00:04,993,-95
497.01,00:02,994,-93
497.047,00:03,994,-85
497.097,00:04,994,-91
497.512,00:02,995,-93
497.547,00:03,995,-85
497.598,00:04,995,-91
498.011,00:02,996,-93
498.048,00:03,996,-86
498.097,00:04,996,-91
498.511,00:02,997,-93
498.547,00:03,997,-86
498.598,00:04,997,-91
499.012,00:02,998,-93
499.047,00:03,998,-86
499.099,00:04,998,-91
499.51,00:02,999,-93
499.547,00:03,999,-86
499.596,00:04,999,-91
500.011,00:02,1000,-93
500.046,00:03,1000,-86
500.098,00:04,1000,-91
500.51,00:02,1001,-93
500.547,00:03,1001,-86
500.597,00:04,1001,-91
501.01,00:02,1002,-92
501.048,00:03,1002,-86
501.096,00:04,1002,-90
501.511,00:02,1003,-92
501.546,00:03,1003,-87
501.6,00:04,1003,-90
502.012,00:02,1004,-92
502.046,00:03,1004,-87
502.098,00:04,1004,-90
502.512,00:02,1005,-92
502.548,00:03,1005,-87
502.597,00:04,1005,-90
503.012,00:02,1006,-92
503.047,00:03,1006,-87
503.098,00:04,1006,-90
503.512,00:02,1007,-92
503.546,00:03,1007,-87
503.597,00:04,1007,-90
504.012,00:02,1008,-92
504.048,00:03,1008,-87
504.098,00:04,1008,-90
504.51,00:02,1009,-92
504.546,00:03,1009,-87
504.597,00:04,1009,-90
505.011,00:02,1010,-92
505.047,00:03,1010,-88
505.098,00:04,1010,-90
505.512,00:02,1011,-91
505.548,00:03,1011,-88
505.598,00:04,1011,-90
506.011,00:02,1012,-91
506.047,00:03,1012,-88
506.099,00:04,1012,-90
506.51,00:02,1013,-91
506.548,00:03,1013,-88
506.599,00:04,1013,-90
507.011,00:02,1014,-91
507.045,00:03,1014,-88
507.1,00:04,1014,-90
507.511,00:02,1015,-91
507.548,00:03,1015,-88
507.599,00:04,1015,-90
508.01,00:02,1016,-91
508.046,00:03,1016,-89
508.098,00:04,1016,-90
508.511,00:02,1017,-91
508.547,00:03,1017,-89
508.599,00:04,1017,-90
509.011,00:02,1018,-91
509.047,00:03,1018,-89
509.097,00:04,1018,-90
509.511,00:02,1019,-91
509.548,00:03,1019,-89
509.598,00:04,1019,-90
510.01,00:02,1020,-90
510.046,00:03,1020,-89
510.099,00:04,1020,-90
510.511,00:02,1021,-90
510.549,00:03,1021,-89
510.598,00:04,1021,-90
511.011,00:02,1022,-90
511.048,00:03,1022,-89
511.098,00:04,1022,-90
511.511,00:02,1023,-90
511.546,00:03,1023,-90
511.599,00:04,1023,-90
512.012,00:02,1024,-90
512.047,00:03,1024,-90
512.099,00:04,1024,-90
512.51,00:02,1025,-90
512.547,00:03,1025,-90
512.598,00:04,1025,-90
513.009,00:02,1026,-90
513.048,00:03,1026,-90
513.098,00:04,1026,-90
513.512,00:02,1027,-90
513.546,00:03,1027,-90
513.597,00:04,1027,-90
514.01,00:02,1028,-89
514.047,00:03,1028,-90
514.099,00:04,1028,-90
514.511,00:02,1029,-89
514.547,00:03,1029,-91
514.597,00:04,1029,-90
515.012,00:02,1030,-89
515.047,00:03,1030,-91
515.098,00:04,1030,-90
515.511,00:02,1031,-89
515.547,00:03,1031,-91
515.598,00:04,1031,-89
516.01,00:02,1032,-89
516.045,00:03,1032,-91
516.098,00:04,1032,-89
516.511,00:02,1033,-89
516.549,00:03,1033,-91
516.596,00:04,1033,-89
517.011,00:02,1034,-89
517.047,00:03,1034,-91
517.098,00:04,1034,-89
517.511,00:02,1035,-89
517.546,00:03,1035,-91
517.599,00:04,1035,-89
518.011,00:02,1036,-88
518.046,00:03,1036,-92
518.097,00:04,1036,-89
518.511,00:02,1037,-88
518.547,00:03,1037,-92
518.599,00:04,1037,-89
519.011,00:02,1038,-92
519.047,00:03,1038,-96
519.097,00:04,1038,-93
519.51,00:02,1039,-92
519.547,00:03,1039,-96
519.597,00:04,1039,-93
520.01,00:02,1040,-92
520.048,00:03,1040,-96
520.098,00:04,1040,-93
520.51,00:02,1041,-92
520.548,00:03,1041,-96
520.597,00:04,1041,-93
521.01,00:02,1042,-92
521.046,00:03,1042,-96
521.098,00:04,1042,-93
521.512,00:02,1043,-92
521.547,00:03,1043,-97
521.597,00:04,1043,-93
522.01,00:02,1044,-91
522.048,00:03,1044,-97
522.098,00:04,1044,-93
522.511,00:02,1045,-91
522.546,00:03,1045,-97
522.596,00:04,1045,-93
523.012,00:02,1046,-91
523.047,00:03,1046,-97
523.098,00:04,1046,-93
523.51,00:02,1047,-91
523.546,00:03,1047,-97
523.595,00:04,1047,-93
524.011,00:02,1048,-91
524.047,00:03,1048,-97
524.098,00:04,1048,-93
524.511,00:02,1049,-91
524.546,00:03,1049,-97
524.598,00:04,1049,-93
525.011,00:02,1050,-91
525.047,00:03,1050,-98
525.098,00:04,1050,-93
525.512,00:02,1051,-90
525.545,00:03,1051,-98
525.598,00:04,1051,-93
526.01,00:02,1052,-90
526.047,00:03,1052,-98
526.099,00:04,1052,-93
526.512,00:02,1053,-90
526.546,00:03,1053,-98
526.599,00:04,1053,-93
527.011,00:02,1054,-90
527.046,00:03,1054,-98
527.097,00:04,1054,-93
527.509,00:02,1055,-90
527.547,00:03,1055,-98
527.596,00:04,1055,-93
528.009,00:02,1056,-90
528.047,00:03,1056,-98
528.098,00:04,1056,-93
528.509,00:02,1057,-90
528.545,00:03,1057,-99
528.596,00:04,1057,-93
529.01,00:02,1058,-89
529.045,00:03,1058,-99
529.099,00:04,1058,-93
529.511,00:02,1059,-89
529.546,00:03,1059,-99
529.597,00:04,1059,-93
530.01,00:02,1060,-89
530.045,00:03,1060,-99
530.096,00:04,1060,-93
530.51,00:02,1061,-89
530.547,00:03,1061,-99
530.596,00:04,1061,-93
531.01,00:02,1062,-85
531.047,00:03,1062,-95
531.098,00:04,1062,-89
531.51,00:02,1063,-85
531.546,00:03,1063,-95
531.597,00:04,1063,-89
532.013,00:02,1064,-85
532.047,00:03,1064,-95
532.097,00:04,1064,-89
532.511,00:02,1065,-84
532.546,00:03,1065,-96
532.598,00:04,1065,-89
533.013,00:02,1066,-84
533.046,00:03,1066,-96
533.099,00:04,1066,-89
533.511,00:02,1067,-84
533.546,00:03,1067,-96
533.597,00:04,1067,-89
534.011,00:02,1068,-84
534.045,00:03,1068,-96
534.098,00:04,1068,-89
534.51,00:02,1069,-84
534.547,00:03,1069,-96
534.597,00:04,1069,-89
535.011,00:02,1070,-84
535.045,00:03,1070,-96
535.099,00:04,1070,-90
535.512,00:02,1071,-84
535.548,00:03,1071,-96
535.598,00:04,1071,-90
536.011,00:02,1072,-83
536.048,00:03,1072,-96
536.097,00:04,1072,-90
536.512,00:02,1073,-83
536.548,00:03,1073,-97
536.597,00:04,1073,-90
537.011,00:02,1074,-83
537.046,00:03,1074,-97
537.099,00:04,1074,-90
537.511,00:02,1075,-83
537.547,00:03,1075,-97
537.598,00:04,1075,-90
538.012,00:02,1076,-83
538.049,00:03,1076,-97
538.097,00:04,1076,-90
538.512,00:02,1077,-83
538.547,00:03,1077,-97
538.596,00:04,1077,-90
539.011,00:02,1078,-82
539.046,00:03,1078,-97
539.099,00:04,1078,-90
539.511,00:02,1079,-82
539.546,00:03,1079,-97
539.598,00:04,1079,-90
540.012,00:02,1080,-82
540.048,00:03,1080,-97
540.097,00:04,1080,-90
540.511,00:02,1081,-82
540.547,00:03,1081,-98
540.598,00:04,1081,-90
541.011,00:02,1082,-82
541.046,00:03,1082,-98
541.096,00:04,1082,-90
541.511,00:02,1083,-82
541.545,00:03,1083,-98
541.597,00:04,1083,-90
542.011,00:02,1084,-82
542.047,00:03,1084,-98
542.098,00:04,1084,-90
542.511,00:02,1085,-81
542.545,00:03,1085,-98
542.596,00:04,1085,-90
543.009,00:02,1086,-81
543.045,00:03,1086,-98
543.096,00:04,1086,-90
543.513,00:02,1087,-81
543.546,00:03,1087,-98
543.599,00:04,1087,-90
544.012,00:02,1088,-81
544.046,00:03,1088,-98
544.097,00:04,1088,-90
544.513,00:02,1089,-81
544.547,00:03,1089,-98
544.598,00:04,1089,-90
545.012,00:02,1090,-81
545.048,00:03,1090,-99
545.097,00:04,1090,-90
545.51,00:02,1091,-80
545.547,00:03,1091,-99
545.598,00:04,1091,-90
546.013,00:02,1092,-80
546.047,00:03,1092,-99
546.095,00:04,1092,-90
546.511,00:02,1093,-80
546.545,00:03,1093,-99
546.597,00:04,1093,-90
547.01,00:02,1094,-80
547.046,00:03,1094,-99
547.096,00:04,1094,-90
547.511,00:02,1095,-80
547.548,00:03,1095,-99
547.598,00:04,1095,-90
548.01,00:02,1096,-80
548.047,00:03,1096,-99
548.097,00:04,1096,-90
548.512,00:02,1097,-80
548.545,00:03,1097,-99
548.598,00:04,1097,-90
549.01,00:02,1098,-79
549.047,00:03,1098,-99
549.098,00:04,1098,-91
549.513,00:02,1099,-79
549.547,00:03,1099,-100
549.597,00:04,1099,-91
550.013,00:02,1100,-79
550.047,00:03,1100,-100
550.097,00:04,1100,-91
550.511,00:02,1101,-79
550.546,00:03,1101,-100
550.598,00:04,1101,-91
551.01,00:02,1102,-79
551.048,00:03,1102,-100
551.097,00:04,1102,-91
551.513,00:02,1103,-79
551.548,00:03,1103,-100
551.595,00:04,1103,-91
552.011,00:02,1104,-79
552.046,00:03,1104,-100
552.098,00:04,1104,-91
552.512,00:02,1105,-78
552.546,00:03,1105,-100
552.598,00:04,1105,-91
553.01,00:02,1106,-82
553.047,00:03,1106,-104
553.096,00:04,1106,-95
553.512,00:02,1107,-82
553.547,00:03,1107,-104
553.597,00:04,1107,-95
554.013,00:02,1108,-82
554.048,00:03,1108,-105
554.097,00:04,1108,-95
554.511,00:02,1109,-82
554.547,00:03,1109,-105
554.596,00:04,1109,-95
555.011,00:02,1110,-82
555.044,00:03,1110,-105
555.096,00:04,1110,-95
555.51,00:02,1111,-82
555.548,00:03,1111,-105
555.596,00:04,1111,-95
556.012,00:02,1112,-81
556.048,00:03,1112,-105
556.098,00:04,1112,-95
556.511,00:02,1113,-81
556.545,00:03,1113,-105
556.597,00:04,1113,-95
557.013,00:02,1114,-77
557.046,00:03,1114,-101
557.096,00:04,1114,-91
557.51,00:02,1115,-77
557.547,00:03,1115,-101
557.597,00:04,1115,-91
558.01,00:02,1116,-77
558.046,00:03,1116,-101
558.097,00:04,1116,-91
558.511,00:02,1117,-77
558.546,00:03,1117,-101
558.596,00:04,1117,-92
559.012,00:02,1118,-77
559.046,00:03,1118,-102
559.097,00:04,1118,-92
559.512,00:02,1119,-77
559.544,00:03,1119,-102
559.597,00:04,1119,-92
560.01,00:02,1120,-77
560.047,00:03,1120,-102
560.097,00:04,1120,-92
560.511,00:02,1121,-76
560.546,00:03,1121,-102
560.596,00:04,1121,-92
561.011,00:02,1122,-76
561.047,00:03,1122,-102
561.095,00:04,1122,-92
561.512,00:02,1123,-76
561.547,00:03,1123,-102
561.596,00:04,1123,-92
562.011,00:02,1124,-76
562.047,00:03,1124,-102
562.097,00:04,1124,-92
562.512,00:02,1125,-76
562.548,00:03,1125,-102
562.597,00:04,1125,-92
563.011,00:02,1126,-76
563.046,00:03,1126,-102
563.098,00:04,1126,-92
563.512,00:02,1127,-76
563.545,00:03,1127,-102
563.596,00:04,1127,-92
564.01,00:02,1128,-76
564.045,00:03,1128,-102
564.096,00:04,1128,-92
564.511,00:02,1129,-76
564.545,00:03,1129,-103
564.598,00:04,1129,-92
565.011,00:02,1130,-76
565.047,00:03,1130,-103
565.099,00:04,1130,-92
565.511,00:02,1131,-76
565.546,00:03,1131,-103
565.597,00:04,1131,-92
566.012,00:02,1132,-76
566.047,00:03,1132,-103
566.095,00:04,1132,-92
566.512,00:02,1133,-76
566.547,00:03,1133,-103
566.597,00:04,1133,-93
567.012,00:02,1134,-76
567.048,00:03,1134,-103
567.096,00:04,1134,-93
567.512,00:02,1135,-76
567.548,00:03,1135,-103
567.597,00:04,1135,-93
568.011,00:02,1136,-76
568.046,00:03,1136,-103
568.098,00:04,1136,-93
568.513,00:02,1137,-76
568.546,00:03,1137,-103
568.596,00:04,1137,-93
569.012,00:02,1138,-76
569.047,00:03,1138,-103
569.096,00:04,1138,-93
569.513,00:02,1139,-76
569.546,00:03,1139,-103
569.599,00:04,1139,-93
570.011,00:02,1140,-76
570.046,00:03,1140,-104
570.097,00:04,1140,-93
570.511,00:02,1141,-76
570.546,00:03,1141,-104
570.597,00:04,1141,-93
571.01,00:02,1142,-76
571.047,00:03,1142,-104
571.096,00:04,1142,-93
571.51,00:02,1143,-76
571.545,00:03,1143,-104
571.597,00:04,1143,-93
572.01,00:02,1144,-77
572.046,00:03,1144,-104
572.098,00:04,1144,-93
572.511,00:02,1145,-77
572.547,00:03,1145,-104
572.597,00:04,1145,-92
573.012,00:02,1146,-77
573.046,00:03,1146,-104
573.097,00:04,1146,-92
573.512,00:02,1147,-78
573.547,00:03,1147,-104
573.596,00:04,1147,-92
574.011,00:02,1148,-78
574.046,00:03,1148,-104
574.097,00:04,1148,-92
574.512,00:02,1149,-78
574.546,00:03,1149,-104
574.597,00:04,1149,-92
575.011,00:02,1150,-78
575.048,00:03,1150,-104
575.098,00:04,1150,-92
575.511,00:02,1151,-78
575.547,00:03,1151,-104
575.597,00:04,1151,-92
576.012,00:02,1152,-78
576.045,00:03,1152,-104
576.097,00:04,1152,-92
576.513,00:02,1153,-78
576.547,00:03,1153,-104
576.596,00:04,1153,-92
577.013,00:02,1154,-78
577.047,00:03,1154,-104
577.097,00:04,1154,-92
577.512,00:02,1155,-78
577.546,00:03,1155,-104
577.597,00:04,1155,-92
578.012,00:02,1156,-78
578.046,00:03,1156,-103
578.096,00:04,1156,-92
578.512,00:02,1157,-78
578.546,00:03,1157,-103
578.598,00:04,1157,-92
579.012,00:02,1158,-78
579.046,00:03,1158,-103
579.097,00:04,1158,-92
579.511,00:02,1159,-78
579.547,00:03,1159,-103
579.597,00:04,1159,-91
580.011,00:02,1160,-79
580.045,00:03,1160,-103
580.099,00:04,1160,-91
580.513,00:02,1161,-79
580.548,00:03,1161,-103
580.595,00:04,1161,-91
581.011,00:02,1162,-79
581.047,00:03,1162,-103
581.098,00:04,1162,-91
581.513,00:02,1163,-79
581.546,00:03,1163,-103
581.597,00:04,1163,-91
582.011,00:02,1164,-79
582.046,00:03,1164,-103
582.097,00:04,1164,-91
582.51,00:02,1165,-79
582.546,00:03,1165,-103
582.596,00:04,1165,-91
583.012,00:02,1166,-79
583.046,00:03,1166,-103
583.097,00:04,1166,-91
583.511,00:02,1167,-79
583.547,00:03,1167,-103
583.597,00:04,1167,-91
584.011,00:02,1168,-79
584.045,00:03,1168,-102
584.095,00:04,1168,-91
584.512,00:02,1169,-79
584.547,00:03,1169,-102
584.598,00:04,1169,-91
585.012,00:02,1170,-79
585.047,00:03,1170,-102
585.097,00:04,1170,-91
585.512,00:02,1171,-79
585.546,00:03,1171,-102
585.597,00:04,1171,-91
586.011,00:02,1172,-79
586.047,00:03,1172,-102
586.097,00:04,1172,-91
586.512,00:02,1173,-79
586.546,00:03,1173,-102
586.596,00:04,1173,-91
587.011,00:02,1174,-79
587.048,00:03,1174,-102
587.097,00:04,1174,-90
587.512,00:02,1175,-79
587.547,00:03,1175,-102
587.596,00:04,1175,-90
588.013,00:02,1176,-79
588.046,00:03,1176,-102
588.096,00:04,1176,-90
588.512,00:02,1177,-80
588.545,00:03,1177,-102
588.597,00:04,1177,-90
589.011,00:02,1178,-84
589.045,00:03,1178,-105
589.098,00:04,1178,-94
589.51,00:02,1179,-84
589.547,00:03,1179,-105
589.597,00:04,1179,-94
590.011,00:02,1180,-84
590.044,00:03,1180,-105
590.095,00:04,1180,-94
590.512,00:02,1181,-84
590.547,00:03,1181,-105
590.597,00:04,1181,-94
591.011,00:02,1182,-84
591.046,00:03,1182,-105
591.096,00:04,1182,-94
591.512,00:02,1183,-84
591.544,00:03,1183,-105
591.596,00:04,1183,-94
592.012,00:02,1184,-84
592.046,00:03,1184,-105
592.094,00:04,1184,-94
592.511,00:02,1185,-84
592.544,00:03,1185,-105
592.595,00:04,1185,-94
593.01,00:02,1186,-80
593.046,00:03,1186,-101
593.096,00:04,1186,-90
593.512,00:02,1187,-81
593.545,00:03,1187,-101
593.598,00:04,1187,-90
594.012,00:02,1188,-81
594.048,00:03,1188,-101
594.096,00:04,1188,-90
594.511,00:02,1189,-81
594.545,00:03,1189,-100
594.596,00:04,1189,-90
595.012,00:02,1190,-81
595.046,00:03,1190,-100
595.096,00:04,1190,-89
595.511,00:02,1191,-81
595.545,00:03,1191,-100
595.597,00:04,1191,-89
596.01,00:02,1192,-81
596.047,00:03,1192,-100
596.097,00:04,1192,-89
596.512,00:02,1193,-81
596.544,00:03,1193,-100
596.596,00:04,1193,-89
597.011,00:02,1194,-81
597.045,00:03,1194,-100
597.097,00:04,1194,-89
597.509,00:02,1195,-81
597.546,00:03,1195,-100
597.597,00:04,1195,-89
598.012,00:02,1196,-82
598.046,00:03,1196,-100
598.097,00:04,1196,-89
598.511,00:02,1197,-82
598.547,00:03,1197,-100
598.598,00:04,1197,-89
599.013,00:02,1198,-82
599.045,00:03,1198,-100
599.094,00:04,1198,-89
599.51,00:02,1199,-82
599.546,00:03,1199,-99
599.597,00:04,1199,-89
600.011,00:02,1200,-82
600.046,00:03,1200,-99
600.097,00:04,1200,-89
600.512,00:02,1201,-82
600.546,00:03,1201,-99
600.597,00:04,1201,-89
601.011,00:02,1202,-82
601.046,00:03,1202,-99
601.096,00:04,1202,-89
601.511,00:02,1203,-82
601.546,00:03,1203,-99
601.597,00:04,1203,-89
602.01,00:02,1204,-83
602.045,00:03,1204,-99
602.097,00:04,1204,-89
602.512,00:02,1205,-83
602.546,00:03,1205,-99
602.594,00:04,1205,-89
603.01,00:02,1206,-83
603.046,00:03,1206,-99
603.097,00:04,1206,-89
603.511,00:02,1207,-83
603.545,00:03,1207,-99
603.596,00:04,1207,-89
604.012,00:02,1208,-83
604.045,00:03,1208,-98
604.095,00:04,1208,-89
604.512,00:02,1209,-83
604.545,00:03,1209,-98
604.595,00:04,1209,-89
605.011,00:02,1210,-83
605.045,00:03,1210,-98
605.096,00:04,1210,-88
605.512,00:02,1211,-83
605.546,00:03,1211,-98
605.595,00:04,1211,-88
606.012,00:02,1212,-84
606.046,00:03,1212,-98
606.095,00:04,1212,-88
606.511,00:02,1213,-84
606.545,00:03,1213,-98
606.594,00:04,1213,-88
607.013,00:02,1214,-84
607.045,00:03,1214,-98
607.096,00:04,1214,-88
607.512,00:02,1215,-84
607.546,00:03,1215,-98
607.598,00:04,1215,-88
608.011,00:02,1216,-84
608.046,00:03,1216,-98
608.097,00:04,1216,-88
608.511,00:02,1217,-84
608.546,00:03,1217,-97
608.596,00:04,1217,-88
609.01,00:02,1218,-84
609.044,00:03,1218,-97
609.096,00:04,1218,-88
609.511,00:02,1219,-85
609.545,00:03,1219,-97
609.597,00:04,1219,-88
610.011,00:02,1220,-85
610.045,00:03,1220,-97
610.096,00:04,1220,-88
610.511,00:02,1221,-85
610.546,00:03,1221,-97
610.596,00:04,1221,-88
611.011,00:02,1222,-85
611.044,00:03,1222,-97
611.096,00:04,1222,-88
611.512,00:02,1223,-85
611.547,00:03,1223,-97
611.596,00:04,1223,-88
612.01,00:02,1224,-85
612.045,00:03,1224,-97
612.096,00:04,1224,-88
612.512,00:02,1225,-85
612.547,00:03,1225,-97
612.595,00:04,1225,-88
613.011,00:02,1226,-85
613.047,00:03,1226,-96
613.096,00:04,1226,-88
613.511,00:02,1227,-86
613.546,00:03,1227,-96
613.596,00:04,1227,-88
614.011,00:02,1228,-86
614.045,00:03,1228,-96
614.096,00:04,1228,-88
614.51,00:02,1229,-86
614.545,00:03,1229,-96
614.596,00:04,1229,-88
615.011,00:02,1230,-86
615.046,00:03,1230,-96
615.098,00:04,1230,-88
615.51,00:02,1231,-86
615.547,00:03,1231,-96
615.595,00:04,1231,-88
616.01,00:02,1232,-86
616.045,00:03,1232,-96
616.095,00:04,1232,-88
616.511,00:02,1233,-86
616.544,00:03,1233,-96
616.596,00:04,1233,-88
617.012,00:02,1234,-86
617.043,00:03,1234,-95
617.095,00:04,1234,-88
617.511,00:02,1235,-87
617.546,00:03,1235,-95
617.597,00:04,1235,-88
618.011,00:02,1236,-87
618.045,00:03,1236,-95
618.095,00:04,1236,-88
618.51,00:02,1237,-87
618.545,00:03,1237,-95
618.594,00:04,1237,-88
619.012,00:02,1238,-87
619.045,00:03,1238,-95
619.098,00:04,1238,-88
619.512,00:02,1239,-87
619.546,00:03,1239,-95
619.594,00:04,1239,-88
620.011,00:02,1240,-87
620.044,00:03,1240,-95
620.096,00:04,1240,-88
620.511,00:02,1241,-87
620.543,00:03,1241,-95
620.595,00:04,1241,-88
621.012,00:02,1242,-87
621.047,00:03,1242,-94
621.096,00:04,1242,-88
621.512,00:02,1243,-88
621.547,00:03,1243,-94
621.596,00:04,1243,-88
622.011,00:02,1244,-88
622.045,00:03,1244,-94
622.096,00:04,1244,-88
622.512,00:02,1245,-88
622.547,00:03,1245,-94
622.596,00:04,1245,-88
623.011,00:02,1246,-88
623.047,00:03,1246,-94
623.097,00:04,1246,-88
623.511,00:02,1247,-88
623.547,00:03,1247,-94
623.596,00:04,1247,-88
624.011,00:02,1248,-88
624.047,00:03,1248,-94
624.097,00:04,1248,-88
624.512,00:02,1249,-88
624.544,00:03,1249,-94
624.597,00:04,1249,-88
625.013,00:02,1250,-88
625.046,00:03,1250,-93
625.095,00:04,1250,-88
625.513,00:02,1251,-89
625.545,00:03,1251,-93
625.596,00:04,1251,-88
626.014,00:02,1252,-89
626.046,00:03,1252,-93
626.094,00:04,1252,-88
626.511,00:02,1253,-89
626.547,00:03,1253,-93
626.596,00:04,1253,-88
627.013,00:02,1254,-89
627.045,00:03,1254,-93
627.094,00:04,1254,-88
627.513,00:02,1255,-89
627.545,00:03,1255,-93
627.597,00:04,1255,-88
628.012,00:02,1256,-89
628.046,00:03,1256,-93
628.097,00:04,1256,-88
628.512,00:02,1257,-89
628.545,00:03,1257,-93
628.595,00:04,1257,-88
629.011,00:02,1258,-89
629.045,00:03,1258,-92
629.097,00:04,1258,-88
629.513,00:02,1259,-90
629.546,00:03,1259,-92
629.595,00:04,1259,-88
630.012,00:02,1260,-90
630.046,00:03,1260,-92
630.095,00:04,1260,-88
630.511,00:02,1261,-90
630.545,00:03,1261,-92
630.595,00:04,1261,-88
631.012,00:02,1262,-90
631.044,00:03,1262,-92
631.094,00:04,1262,-88
631.513,00:02,1263,-90
631.544,00:03,1263,-92
631.596,00:04,1263,-88
632.012,00:02,1264,-90
632.046,00:03,1264,-92
632.096,00:04,1264,-88
632.511,00:02,1265,-90
632.545,00:03,1265,-91
632.597,00:04,1265,-88
633.01,00:02,1266,-90
633.044,00:03,1266,-91
633.095,00:04,1266,-88
633.513,00:02,1267,-90
633.547,00:03,1267,-91
633.596,00:04,1267,-88
634.011,00:02,1268,-91
634.044,00:03,1268,-91
634.095,00:04,1268,-88
634.512,00:02,1269,-91
634.545,00:03,1269,-91
634.596,00:04,1269,-88
635.013,00:02,1270,-91
635.045,00:03,1270,-91
635.095,00:04,1270,-88
635.512,00:02,1271,-91
635.547,00:03,1271,-91
635.597,00:04,1271,-88
636.013,00:02,1272,-91
636.046,00:03,1272,-91
636.095,00:04,1272,-88
636.51,00:02,1273,-91
636.546,00:03,1273,-90
636.595,00:04,1273,-88
637.013,00:02,1274,-91
637.044,00:03,1274,-90
637.097,00:04,1274,-88
637.512,00:02,1275,-91
637.545,00:03,1275,-90
637.596,00:04,1275,-89
638.013,00:02,1276,-91
638.045,00:03,1276,-90
638.096,00:04,1276,-89
638.511,00:02,1277,-92
638.545,00:03,1277,-90
638.596,00:04,1277,-89
639.012,00:02,1278,-92
639.045,00:03,1278,-90
639.096,00:04,1278,-89
639.512,00:02,1279,-92
639.544,00:03,1279,-90
639.595,00:04,1279,-89
640.013,00:02,1280,-92
640.043,00:03,1280,-90
640.094,00:04,1280,-89
640.513,00:02,1281,-92
640.546,00:03,1281,-89
640.596,00:04,1281,-89
641.011,00:02,1282,-92
641.046,00:03,1282,-89
641.095,00:04,1282,-89
641.512,00:02,1283,-92
641.547,00:03,1283,-89
641.595,00:04,1283,-89
642.012,00:02,1284,-92
642.045,00:03,1284,-89
642.095,00:04,1284,-89
642.512,00:02,1285,-92
642.545,00:03,1285,-89
642.596,00:04,1285,-89
643.01,00:02,1286,-93
643.045,00:03,1286,-89
643.095,00:04,1286,-89
643.51,00:02,1287,-93
643.546,00:03,1287,-89
643.595,00:04,1287,-89
644.012,00:02,1288,-93
644.046,00:03,1288,-89
644.097,00:04,1288,-89
644.511,00:02,1289,-93
644.546,00:03,1289,-88
644.597,00:04,1289,-89
645.012,00:02,1290,-93
645.046,00:03,1290,-88
645.096,00:04,1290,-89
645.512,00:02,1291,-93
645.545,00:03,1291,-88
645.597,00:04,1291,-89
646.012,00:02,1292,-93
646.045,00:03,1292,-88
646.096,00:04,1292,-89
646.512,00:02,1293,-93
646.546,00:03,1293,-88
646.595,00:04,1293,-89
647.011,00:02,1294,-93
647.045,00:03,1294,-88
647.096,00:04,1294,-89
647.511,00:02,1295,-93
647.544,00:03,1295,-88
647.595,00:04,1295,-90
648.013,00:02,1296,-94
648.046,00:03,1296,-88
648.097,00:04,1296,-90
648.511,00:02,1297,-94
648.544,00:03,1297,-87
648.596,00:04,1297,-90
649.013,00:02,1298,-98
649.044,00:03,1298,-91
649.096,00:04,1298,-94
649.512,00:02,1299,-98
649.544,00:03,1299,-91
649.596,00:04,1299,-94
650.012,00:02,1300,-98
650.043,00:03,1300,-91
650.097,00:04,1300,-94
650.513,00:02,1301,-98
650.544,00:03,1301,-91
650.597,00:04,1301,-94
651.012,00:02,1302,-98
651.045,00:03,1302,-91
651.096,00:04,1302,-94
651.513,00:02,1303,-98
651.545,00:03,1303,-91
651.595,00:04,1303,-94
652.01,00:02,1304,-98
652.045,00:03,1304,-91
652.095,00:04,1304,-94
652.511,00:02,1305,-98
652.545,00:03,1305,-91
652.596,00:04,1305,-94
653.011,00:02,1306,-95
653.046,00:03,1306,-87
653.094,00:04,1306,-90
653.511,00:02,1307,-95
653.545,00:03,1307,-87
653.594,00:04,1307,-90
654.012,00:02,1308,-95
654.046,00:03,1308,-86
654.093,00:04,1308,-90
654.511,00:02,1309,-95
654.545,00:03,1309,-86
654.597,00:04,1309,-90
655.013,00:02,1310,-95
655.044,00:03,1310,-86
655.096,00:04,1310,-90
655.511,00:02,1311,-95
655.547,00:03,1311,-86
655.596,00:04,1311,-91
656.011,00:02,1312,-95
656.045,00:03,1312,-86
656.095,00:04,1312,-91
656.512,00:02,1313,-95
656.545,00:03,1313,-86
656.595,00:04,1313,-91
657.011,00:02,1314,-95
657.044,00:03,1314,-86
657.096,00:04,1314,-91
657.513,00:02,1315,-95
657.544,00:03,1315,-86
657.595,00:04,1315,-91
658.012,00:02,1316,-95
658.046,00:03,1316,-86
658.093,00:04,1316,-91
658.51,00:02,1317,-96
658.544,00:03,1317,-86
658.595,00:04,1317,-91
659.012,00:02,1318,-96
659.044,00:03,1318,-86
659.094,00:04,1318,-91
659.514,00:02,1319,-96
659.545,00:03,1319,-86
659.595,00:04,1319,-91
660.011,00:02,1320,-96
660.045,00:03,1320,-86
660.094,00:04,1320,-91
660.512,00:02,1321,-96
660.544,00:03,1321,-86
660.594,00:04,1321,-91
661.012,00:02,1322,-96
661.044,00:03,1322,-86
661.095,00:04,1322,-91
661.511,00:02,1323,-96
661.544,00:03,1323,-86
661.596,00:04,1323,-91
662.013,00:02,1324,-96
662.045,00:03,1324,-85
662.094,00:04,1324,-91
662.512,00:02,1325,-96
662.546,00:03,1325,-85
662.596,00:04,1325,-92
663.014,00:02,1326,-96
663.045,00:03,1326,-85
663.097,00:04,1326,-92
663.513,00:02,1327,-96
663.544,00:03,1327,-85
663.596,00:04,1327,-92
664.011,00:02,1328,-97
664.045,00:03,1328,-85
664.097,00:04,1328,-92
664.511,00:02,1329,-97
664.546,00:03,1329,-85
664.596,00:04,1329,-92
665.012,00:02,1330,-97
665.046,00:03,1330,-85
665.096,00:04,1330,-92
665.513,00:02,1331,-97
665.546,00:03,1331,-85
665.595,00:04,1331,-92
666.014,00:02,1332,-97
666.043,00:03,1332,-85
666.096,00:04,1332,-92
666.512,00:02,1333,-97
666.545,00:03,1333,-86
666.596,00:04,1333,-92
667.012,00:02,1334,-97
667.043,00:03,1334,-86
667.094,00:04,1334,-92
667.512,00:02,1335,-97
667.545,00:03,1335,-86
667.595,00:04,1335,-92
668.01,00:02,1336,-97
668.046,00:03,1336,-86
668.095,00:04,1336,-92
668.512,00:02,1337,-97
668.546,00:03,1337,-87
668.596,00:04,1337,-92
669.013,00:02,1338,-97
669.045,00:03,1338,-87
669.094,00:04,1338,-91
669.513,00:02,1339,-97
669.545,00:03,1339,-87
669.595,00:04,1339,-91
670.014,00:02,1340,-97
670.044,00:03,1340,-87
670.095,00:04,1340,-91
670.514,00:02,1341,-97
670.544,00:03,1341,-88
670.596,00:04,1341,-91
671.013,00:02,1342,-97
671.045,00:03,1342,-88
671.096,00:04,1342,-91
671.513,00:02,1343,-97
671.546,00:03,1343,-88
671.597,00:04,1343,-91
672.011,00:02,1344,-97
672.045,00:03,1344,-88
672.095,00:04,1344,-91
672.513,00:02,1345,-97
672.546,00:03,1345,-88
672.595,00:04,1345,-91
673.011,00:02,1346,-97
673.045,00:03,1346,-88
673.095,00:04,1346,-91
673.512,00:02,1347,-97
673.543,00:03,1347,-88
673.594,00:04,1347,-91
674.013,00:02,1348,-97
674.046,00:03,1348,-88
674.096,00:04,1348,-91
674.511,00:02,1349,-97
674.544,00:03,1349,-88
674.596,00:04,1349,-91
675.012,00:02,1350,-97
675.045,00:03,1350,-88
675.094,00:04,1350,-91
675.514,00:02,1351,-97
675.544,00:03,1351,-88
675.593,00:04,1351,-90
676.01,00:02,1352,-97
676.045,00:03,1352,-88
676.094,00:04,1352,-90
676.511,00:02,1353,-96
676.547,00:03,1353,-88
676.595,00:04,1353,-90
677.011,00:02,1354,-96
677.045,00:03,1354,-88
677.093,00:04,1354,-90
677.512,00:02,1355,-96
677.544,00:03,1355,-88
677.596,00:04,1355,-90
678.011,00:02,1356,-96
678.046,00:03,1356,-88
678.095,00:04,1356,-90
678.511,00:02,1357,-96
678.546,00:03,1357,-88
678.596,00:04,1357,-90
679.012,00:02,1358,-96
679.044,00:03,1358,-88
679.095,00:04,1358,-90
679.511,00:02,1359,-96
679.544,00:03,1359,-88
679.594,00:04,1359,-90
680.012,00:02,1360,-96
680.045,00:03,1360,-88
680.095,00:04,1360,-90
680.514,00:02,1361,-96
680.545,00:03,1361,-88
680.595,00:04,1361,-90
681.012,00:02,1362,-96
681.045,00:03,1362,-88
681.097,00:04,1362,-90
681.514,00:02,1363,-96
681.544,00:03,1363,-88
681.595,00:04,1363,-90
682.012,00:02,1364,-95
682.045,00:03,1364,-88
682.096,00:04,1364,-89
682.512,00:02,1365,-95
682.544,00:03,1365,-88
682.595,00:04,1365,-89
683.012,00:02,1366,-95
683.046,00:03,1366,-88
683.095,00:04,1366,-89
683.513,00:02,1367,-95
683.545,00:03,1367,-89
683.595,00:04,1367,-89
684.012,00:02,1368,-95
684.045,00:03,1368,-89
684.095,00:04,1368,-89
684.513,00:02,1369,-95
684.543,00:03,1369,-89
684.594,00:04,1369,-89
685.012,00:02,1370,-99
685.043,00:03,1370,-93
685.096,00:04,1370,-93
685.511,00:02,1371,-99
685.547,00:03,1371,-93
685.596,00:04,1371,-93
686.011,00:02,1372,-99
686.046,00:03,1372,-93
686.094,00:04,1372,-93
686.51,00:02,1373,-99
686.543,00:03,1373,-93
686.594,00:04,1373,-93
687.012,00:02,1374,-99
687.045,00:03,1374,-93
687.094,00:04,1374,-93
687.513,00:02,1375,-98
687.544,00:03,1375,-93
687.595,00:04,1375,-93
688.013,00:02,1376,-98
688.044,00:03,1376,-93
688.095,00:04,1376,-93
688.513,00:02,1377,-98
688.546,00:03,1377,-93
688.595,00:04,1377,-92
689.012,00:02,1378,-94
689.045,00:03,1378,-89
689.095,00:04,1378,-88
689.511,00:02,1379,-94
689.543,00:03,1379,-89
689.594,00:04,1379,-88
690.013,00:02,1380,-94
690.043,00:03,1380,-90
690.096,00:04,1380,-88
690.512,00:02,1381,-94
690.543,00:03,1381,-90
690.595,00:04,1381,-88
691.012,00:02,1382,-94
691.045,00:03,1382,-90
691.094,00:04,1382,-88
691.514,00:02,1383,-94
691.543,00:03,1383,-90
691.596,00:04,1383,-88
692.012,00:02,1384,-94
692.046,00:03,1384,-90
692.094,00:04,1384,-88
692.513,00:02,1385,-94
692.544,00:03,1385,-90
692.594,00:04,1385,-88
693.011,00:02,1386,-93
693.045,00:03,1386,-90
693.097,00:04,1386,-88
693.514,00:02,1387,-93
693.544,00:03,1387,-90
693.593,00:04,1387,-88
694.01,00:02,1388,-93
694.046,00:03,1388,-90
694.096,00:04,1388,-88
694.512,00:02,1389,-93
694.545,00:03,1389,-90
694.594,00:04,1389,-88
695.011,00:02,1390,-93
695.043,00:03,1390,-91
695.095,00:04,1390,-88
695.512,00:02,1391,-93
695.544,00:03,1391,-91
695.595,00:04,1391,-88
696.011,00:02,1392,-93
696.045,00:03,1392,-91
696.095,00:04,1392,-88
696.514,00:02,1393,-93
696.546,00:03,1393,-91
696.597,00:04,1393,-87
697.012,00:02,1394,-93
697.044,00:03,1394,-91
697.096,00:04,1394,-87
697.512,00:02,1395,-93
697.544,00:03,1395,-91
697.594,00:04,1395,-87
698.013,00:02,1396,-92
698.044,00:03,1396,-91
698.094,00:04,1396,-87
698.512,00:02,1397,-92
698.545,00:03,1397,-91
698.595,00:04,1397,-87
699.012,00:02,1398,-92
699.045,00:03,1398,-91
699.094,00:04,1398,-87
699.511,00:02,1399,-92
699.545,00:03,1399,-91
699.595,00:04,1399,-87
700.014,00:02,1400,-92
700.045,00:03,1400,-92
700.095,00:04,1400,-87
700.513,00:02,1401,-92
700.543,00:03,1401,-92
700.594,00:04,1401,-87
701.012,00:02,1402,-92
701.043,00:03,1402,-92
701.095,00:04,1402,-87
701.511,00:02,1403,-92
701.543,00:03,1403,-92
701.596,00:04,1403,-87
702.011,00:02,1404,-92
702.044,00:03,1404,-92
702.095,00:04,1404,-87
702.511,00:02,1405,-92
702.544,00:03,1405,-92
702.595,00:04,1405,-87
703.011,00:02,1406,-91
703.045,00:03,1406,-92
703.094,00:04,1406,-87
703.513,00:02,1407,-91
703.546,00:03,1407,-92
703.595,00:04,1407,-87
704.013,00:02,1408,-91
704.046,00:03,1408,-92
704.094,00:04,1408,-87
704.513,00:02,1409,-91
704.544,00:03,1409,-93
704.594,00:04,1409,-87
705.012,00:02,1410,-91
705.044,00:03,1410,-93
705.096,00:04,1410,-87
705.511,00:02,1411,-91
705.544,00:03,1411,-93
705.594,00:04,1411,-87
706.013,00:02,1412,-91
706.044,00:03,1412,-93
706.096,00:04,1412,-87
706.511,00:02,1413,-91
706.545,00:03,1413,-93
706.594,00:04,1413,-87
707.014,00:02,1414,-91
707.045,00:03,1414,-93
707.094,00:04,1414,-87
707.513,00:02,1415,-91
707.545,00:03,1415,-93
707.594,00:04,1415,-87
708.011,00:02,1416,-90
708.045,00:03,1416,-93
708.093,00:04,1416,-86
708.513,00:02,1417,-90
708.543,00:03,1417,-93
708.594,00:04,1417,-86
709.012,00:02,1418,-90
709.044,00:03,1418,-94
709.093,00:04,1418,-86
709.512,00:02,1419,-90
709.544,00:03,1419,-94
709.595,00:04,1419,-86
710.013,00:02,1420,-90
710.045,00:03,1420,-94
710.094,00:04,1420,-86
710.511,00:02,1421,-90
710.543,00:03,1421,-94
710.596,00:04,1421,-86
711.014,00:02,1422,-90
711.045,00:03,1422,-94
711.094,00:04,1422,-86
711.513,00:02,1423,-90
711.543,00:03,1423,-94
711.594,00:04,1423,-86
712.011,00:02,1424,-90
712.044,00:03,1424,-94
712.095,00:04,1424,-86
712.512,00:02,1425,-89
712.544,00:03,1425,-94
712.593,00:04,1425,-86
713.011,00:02,1426,-89
713.045,00:03,1426,-94
713.095,00:04,1426,-86
713.512,00:02,1427,-89
713.545,00:03,1427,-95
713.595,00:04,1427,-86
714.013,00:02,1428,-89
714.044,00:03,1428,-95
714.093,00:04,1428,-86
714.513,00:02,1429,-89
714.544,00:03,1429,-95
714.594,00:04,1429,-86
715.01,00:02,1430,-89
715.043,00:03,1430,-95
715.095,00:04,1430,-86
715.514,00:02,1431,-89
715.544,00:03,1431,-95
715.593,00:04,1431,-86
716.012,00:02,1432,-89
716.045,00:03,1432,-95
716.094,00:04,1432,-86
716.513,00:02,1433,-89
716.544,00:03,1433,-95
716.596,00:04,1433,-86
717.011,00:02,1434,-88
717.044,00:03,1434,-95
717.094,00:04,1434,-86
717.513,00:02,1435,-88
717.545,00:03,1435,-96
717.595,00:04,1435,-86
718.014,00:02,1436,-88
718.044,00:03,1436,-96
718.096,00:04,1436,-86
718.514,00:02,1437,-88
718.546,00:03,1437,-96
718.596,00:04,1437,-86
719.012,00:02,1438,-88
719.044,00:03,1438,-96
719.094,00:04,1438,-86
719.512,00:02,1439,-88
719.544,00:03,1439,-96
719.593,00:04,1439,-86
720.012,00:02,1440,-88
720.043,00:03,1440,-96
720.095,00:04,1440,-86
720.512,00:02,1441,-88
720.545,00:03,1441,-96
720.595,00:04,1441,-86
721.012,00:02,1442,-88
721.045,00:03,1442,-96
721.093,00:04,1442,-86
721.514,00:02,1443,-87
721.544,00:03,1443,-96
721.595,00:04,1443,-86
722.012,00:02,1444,-87
722.044,00:03,1444,-97
722.095,00:04,1444,-86
722.513,00:02,1445,-87
722.545,00:03,1445,-97
722.595,00:04,1445,-86
723.013,00:02,1446,-87
723.044,00:03,1446,-97
723.094,00:04,1446,-86
723.514,00:02,1447,-87
723.545,00:03,1447,-97
723.595,00:04,1447,-86
724.013,00:02,1448,-87
724.046,00:03,1448,-97
724.095,00:04,1448,-86
724.512,00:02,1449,-87
724.544,00:03,1449,-97
724.594,00:04,1449,-86
725.013,00:02,1450,-87
725.045,00:03,1450,-97
725.095,00:04,1450,-86
725.513,00:02,1451,-86
725.543,00:03,1451,-97
725.595,00:04,1451,-86
726.013,00:02,1452,-86
726.045,00:03,1452,-97
726.093,00:04,1452,-86
726.511,00:02,1453,-86
726.544,00:03,1453,-97
726.594,00:04,1453,-87
727.013,00:02,1454,-86
727.045,00:03,1454,-98
727.095,00:04,1454,-87
727.513,00:02,1455,-86
727.545,00:03,1455,-98
727.595,00:04,1455,-87
728.013,00:02,1456,-86
728.044,00:03,1456,-98
728.095,00:04,1456,-87
728.514,00:02,1457,-86
728.543,00:03,1457,-98
728.595,00:04,1457,-87
729.012,00:02,1458,-86
729.043,00:03,1458,-98
729.094,00:04,1458,-87
729.511,00:02,1459,-86
729.543,00:03,1459,-98
729.595,00:04,1459,-87
730.011,00:02,1460,-85
730.044,00:03,1460,-98
730.093,00:04,1460,-87
730.512,00:02,1461,-85
730.543,00:03,1461,-98
730.593,00:04,1461,-87
731.012,00:02,1462,-85
731.045,00:03,1462,-98
731.095,00:04,1462,-87
731.512,00:02,1463,-85
731.543,00:03,1463,-99
731.594,00:04,1463,-87
732.013,00:02,1464,-85
732.045,00:03,1464,-99
732.093,00:04,1464,-87
732.513,00:02,1465,-85
732.543,00:03,1465,-99
732.593,00:04,1465,-87
733.012,00:02,1466,-85
733.045,00:03,1466,-99
733.094,00:04,1466,-87
733.513,00:02,1467,-85
733.542,00:03,1467,-99
733.595,00:04,1467,-87
734.013,00:02,1468,-85
734.045,00:03,1468,-99
734.095,00:04,1468,-87
734.513,00:02,1469,-84
734.545,00:03,1469,-99
734.594,00:04,1469,-87
735.011,00:02,1470,-84
735.042,00:03,1470,-99
735.093,00:04,1470,-87
735.512,00:02,1471,-84
735.543,00:03,1471,-99
735.593,00:04,1471,-87
736.011,00:02,1472,-84
736.044,00:03,1472,-99
736.094,00:04,1472,-87
736.511,00:02,1473,-84
736.545,00:03,1473,-100
736.595,00:04,1473,-87
737.012,00:02,1474,-84
737.043,00:03,1474,-100
737.096,00:04,1474,-87
737.512,00:02,1475,-84
737.545,00:03,1475,-100
737.594,00:04,1475,-87
738.012,00:02,1476,-84
738.044,00:03,1476,-100
738.092,00:04,1476,-88
738.513,00:02,1477,-84
738.544,00:03,1477,-100
738.596,00:04,1477,-88
739.013,00:02,1478,-84
739.044,00:03,1478,-100
739.094,00:04,1478,-88
739.513,00:02,1479,-83
739.542,00:03,1479,-100
739.593,00:04,1479,-88
740.012,00:02,1480,-83
740.043,00:03,1480,-100
740.095,00:04,1480,-88
740.513,00:02,1481,-83
740.544,00:03,1481,-100
740.593,00:04,1481,-88
741.014,00:02,1482,-83
741.043,00:03,1482,-100
741.094,00:04,1482,-88
741.513,00:02,1483,-83
741.543,00:03,1483,-101
741.594,00:04,1483,-88
742.011,00:02,1484,-83
742.044,00:03,1484,-101
742.093,00:04,1484,-88
742.513,00:02,1485,-83
742.544,00:03,1485,-101
742.594,00:04,1485,-88
743.013,00:02,1486,-83
743.045,00:03,1486,-101
743.093,00:04,1486,-88
743.512,00:02,1487,-83
743.544,00:03,1487,-101
743.593,00:04,1487,-88
744.013,00:02,1488,-83
744.046,00:03,1488,-101
744.094,00:04,1488,-88
744.513,00:02,1489,-82
744.545,00:03,1489,-101
744.595,00:04,1489,-88
745.014,00:02,1490,-86
745.042,00:03,1490,-105
745.094,00:04,1490,-92
745.512,00:02,1491,-86
745.544,00:03,1491,-105
745.592,00:04,1491,-93
746.012,00:02,1492,-86
746.042,00:03,1492,-105
746.095,00:04,1492,-93
746.511,00:02,1493,-86
746.544,00:03,1493,-105
746.593,00:04,1493,-93
747.014,00:02,1494,-86
747.044,00:03,1494,-106
747.093,00:04,1494,-93
747.512,00:02,1495,-86
747.544,00:03,1495,-106
747.593,00:04,1495,-93
748.012,00:02,1496,-86
748.044,00:03,1496,-106
748.094,00:04,1496,-93
748.512,00:02,1497,-86
748.545,00:03,1497,-106
748.592,00:04,1497,-93
749.014,00:02,1498,-82
749.044,00:03,1498,-102
749.095,00:04,1498,-89
749.512,00:02,1499,-82
749.544,00:03,1499,-102
749.592,00:04,1499,-89
750.012,00:02,1500,-82
750.045,00:03,1500,-102
750.095,00:04,1500,-89
750.514,00:02,1501,-82
750.543,00:03,1501,-102
750.595,00:04,1501,-89
751.013,00:02,1502,-82
751.043,00:03,1502,-102
751.093,00:04,1502,-89
751.51,00:02,1503,-81
751.545,00:03,1503,-102
751.595,00:04,1503,-89
752.012,00:02,1504,-81
752.042,00:03,1504,-102
752.093,00:04,1504,-89
752.513,00:02,1505,-81
752.545,00:03,1505,-103
752.594,00:04,1505,-90
753.012,00:02,1506,-81
753.044,00:03,1506,-103
753.094,00:04,1506,-90
753.511,00:02,1507,-81
753.544,00:03,1507,-103
753.594,00:04,1507,-90
754.013,00:02,1508,-81
754.043,00:03,1508,-103
754.093,00:04,1508,-90
754.513,00:02,1509,-81
754.545,00:03,1509,-103
754.593,00:04,1509,-90
755.012,00:02,1510,-81
755.042,00:03,1510,-103
755.093,00:04,1510,-90
755.514,00:02,1511,-81
755.544,00:03,1511,-103
755.594,00:04,1511,-90
756.013,00:02,1512,-81
756.045,00:03,1512,-103
756.092,00:04,1512,-90
756.513,00:02,1513,-81
756.545,00:03,1513,-103
756.595,00:04,1513,-90
757.014,00:02,1514,-81
757.044,00:03,1514,-103
757.093,00:04,1514,-90
757.514,00:02,1515,-81
757.543,00:03,1515,-103
757.594,00:04,1515,-90
758.012,00:02,1516,-81
758.042,00:03,1516,-104
758.094,00:04,1516,-90
758.512,00:02,1517,-81
758.543,00:03,1517,-104
758.593,00:04,1517,-91
759.012,00:02,1518,-81
759.042,00:03,1518,-104
759.094,00:04,1518,-91
759.512,00:02,1519,-81
759.544,00:03,1519,-104
759.593,00:04,1519,-91
760.011,00:02,1520,-81
760.044,00:03,1520,-104
760.094,00:04,1520,-91
760.514,00:02,1521,-81
760.543,00:03,1521,-104
760.593,00:04,1521,-91
761.013,00:02,1522,-81
761.044,00:03,1522,-104
761.094,00:04,1522,-91
761.513,00:02,1523,-81
761.544,00:03,1523,-104
761.593,00:04,1523,-91
762.011,00:02,1524,-81
762.043,00:03,1524,-104
762.094,00:04,1524,-91
762.513,00:02,1525,-81
762.544,00:03,1525,-104
762.595,00:04,1525,-91
763.013,00:02,1526,-81
763.045,00:03,1526,-104
763.094,00:04,1526,-91
763.513,00:02,1527,-81
763.544,00:03,1527,-104
763.593,00:04,1527,-91
764.012,00:02,1528,-82
764.045,00:03,1528,-104
764.093,00:04,1528,-91
764.512,00:02,1529,-82
764.542,00:03,1529,-104
764.594,00:04,1529,-91
765.013,00:02,1530,-82
765.041,00:03,1530,-104
765.093,00:04,1530,-90
765.512,00:02,1531,-82
765.543,00:03,1531,-104
765.594,00:04,1531,-90
766.014,00:02,1532,-83
766.044,00:03,1532,-104
766.094,00:04,1532,-90
766.512,00:02,1533,-83
766.542,00:03,1533,-104
766.595,00:04,1533,-90
767.011,00:02,1534,-83
767.042,00:03,1534,-105
767.093,00:04,1534,-90
767.513,00:02,1535,-83
767.542,00:03,1535,-105
767.594,00:04,1535,-90
768.013,00:02,1536,-83
768.045,00:03,1536,-105
768.094,00:04,1536,-90
768.512,00:02,1537,-83
768.545,00:03,1537,-104
768.593,00:04,1537,-90
769.013,00:02,1538,-83
769.045,00:03,1538,-104
769.095,00:04,1538,-90
769.512,00:02,1539,-83
769.543,00:03,1539,-104
769.593,00:04,1539,-90
770.013,00:02,1540,-83
770.044,00:03,1540,-104
770.093,00:04,1540,-90
770.512,00:02,1541,-83
770.544,00:03,1541,-104
770.593,00:04,1541,-90
771.013,00:02,1542,-83
771.044,00:03,1542,-104
771.093,00:04,1542,-90
771.514,00:02,1543,-83
771.543,00:03,1543,-104
771.593,00:04,1543,-89
772.013,00:02,1544,-83
772.044,00:03,1544,-104
772.093,00:04,1544,-89
772.513,00:02,1545,-83
772.543,00:03,1545,-104
772.595,00:04,1545,-89
773.012,00:02,1546,-83
773.042,00:03,1546,-104
773.092,00:04,1546,-89
773.511,00:02,1547,-83
773.543,00:03,1547,-104
773.594,00:04,1547,-89
774.013,00:02,1548,-83
774.043,00:03,1548,-104
774.092,00:04,1548,-89
774.512,00:02,1549,-83
774.543,00:03,1549,-103
774.594,00:04,1549,-89
775.013,00:02,1550,-83
775.045,00:03,1550,-103
775.095,00:04,1550,-89
775.512,00:02,1551,-83
775.543,00:03,1551,-103
775.593,00:04,1551,-89
776.014,00:02,1552,-83
776.042,00:03,1552,-103
776.095,00:04,1552,-89
776.514,00:02,1553,-83
776.543,00:03,1553,-103
776.594,00:04,1553,-89
777.012,00:02,1554,-83
777.044,00:03,1554,-103
777.092,00:04,1554,-88
777.514,00:02,1555,-83
777.543,00:03,1555,-103
777.594,00:04,1555,-88
778.012,00:02,1556,-83
778.044,00:03,1556,-103
778.095,00:04,1556,-88
778.511,00:02,1557,-83
778.542,00:03,1557,-103
778.595,00:04,1557,-88
779.013,00:02,1558,-84
779.043,00:03,1558,-103
779.093,00:04,1558,-88
779.515,00:02,1559,-84
779.544,00:03,1559,-103
779.593,00:04,1559,-88
780.012,00:02,1560,-84
780.043,00:03,1560,-103
780.095,00:04,1560,-88
780.513,00:02,1561,-84
780.545,00:03,1561,-102
780.593,00:04,1561,-88
781.013,00:02,1562,-88
781.043,00:03,1562,-106
781.095,00:04,1562,-92
781.512,00:02,1563,-88
781.543,00:03,1563,-106
781.595,00:04,1563,-92
782.012,00:02,1564,-88
782.044,00:03,1564,-106
782.094,00:04,1564,-92
782.513,00:02,1565,-88
782.544,00:03,1565,-106
782.593,00:04,1565,-92
783.015,00:02,1566,-88
783.044,00:03,1566,-106
783.093,00:04,1566,-91
783.514,00:02,1567,-88
783.542,00:03,1567,-106
783.593,00:04,1567,-91
784.012,00:02,1568,-88
784.043,00:03,1568,-106
784.095,00:04,1568,-91
784.512,00:02,1569,-88
784.544,00:03,1569,-106
784.594,00:04,1569,-91
785.013,00:02,1570,-84
785.044,00:03,1570,-102
785.093,00:04,1570,-87
785.513,00:02,1571,-84
785.544,00:03,1571,-102
785.593,00:04,1571,-87
786.013,00:02,1572,-84
786.044,00:03,1572,-102
786.094,00:04,1572,-87
786.512,00:02,1573,-84
786.544,00:03,1573,-101
786.593,00:04,1573,-87
787.014,00:02,1574,-85
787.044,00:03,1574,-101
787.094,00:04,1574,-87
787.511,00:02,1575,-85
787.543,00:03,1575,-101
787.594,00:04,1575,-87
788.013,00:02,1576,-85
788.041,00:03,1576,-101
788.093,00:04,1576,-87
788.512,00:02,1577,-85
788.544,00:03,1577,-101
788.594,00:04,1577,-87
789.013,00:02,1578,-85
789.042,00:03,1578,-101
789.092,00:04,1578,-86
789.513,00:02,1579,-85
789.543,00:03,1579,-101
789.595,00:04,1579,-86
790.013,00:02,1580,-85
790.043,00:03,1580,-101
790.092,00:04,1580,-86
790.512,00:02,1581,-85
790.544,00:03,1581,-101
790.593,00:04,1581,-86
791.013,00:02,1582,-85
791.043,00:03,1582,-101
791.094,00:04,1582,-86
791.511,00:02,1583,-85
791.544,00:03,1583,-101
791.593,00:04,1583,-86
792.013,00:02,1584,-85
792.042,00:03,1584,-100
792.093,00:04,1584,-86
792.512,00:02,1585,-85
792.543,00:03,1585,-100
792.593,00:04,1585,-86
793.013,00:02,1586,-85
793.044,00:03,1586,-100
793.093,00:04,1586,-86
793.512,00:02,1587,-86
793.543,00:03,1587,-100
793.593,00:04,1587,-86
794.012,00:02,1588,-86
794.044,00:03,1588,-100
794.094,00:04,1588,-86
794.511,00:02,1589,-86
794.542,00:03,1589,-100
794.594,00:04,1589,-86
795.012,00:02,1590,-86
795.044,00:03,1590,-100
795.094,00:04,1590,-86
795.512,00:02,1591,-86
795.543,00:03,1591,-100
795.592,00:04,1591,-86
796.012,00:02,1592,-86
796.043,00:03,1592,-100
796.091,00:04,1592,-86
796.513,00:02,1593,-86
796.544,00:03,1593,-100
796.593,00:04,1593,-85
797.014,00:02,1594,-86
797.044,00:03,1594,-99
797.093,00:04,1594,-85
797.512,00:02,1595,-86
797.544,00:03,1595,-99
797.592,00:04,1595,-85
798.012,00:02,1596,-86
798.043,00:03,1596,-99
798.092,00:04,1596,-85
798.513,00:02,1597,-86
798.542,00:03,1597,-99
798.593,00:04,1597,-85
799.014,00:02,1598,-87
799.043,00:03,1598,-99
799.092,00:04,1598,-85
799.514,00:02,1599,-87
799.544,00:03,1599,-99
799.593,00:04,1599,-85
800.013,00:02,1600,-87
800.042,00:03,1600,-99
800.093,00:04,1600,-85
800.513,00:02,1601,-87
800.542,00:03,1601,-99
800.592,00:04,1601,-85
801.012,00:02,1602,-87
801.045,00:03,1602,-99
801.092,00:04,1602,-85
801.514,00:02,1603,-87
801.543,00:03,1603,-99
801.593,00:04,1603,-85
802.012,00:02,1604,-87
802.044,00:03,1604,-99
802.093,00:04,1604,-85
802.515,00:02,1605,-87
802.543,00:03,1605,-98
802.593,00:04,1605,-85
803.013,00:02,1606,-87
803.042,00:03,1606,-98
803.092,00:04,1606,-85
803.512,00:02,1607,-87
803.543,00:03,1607,-98
803.591,00:04,1607,-85
804.013,00:02,1608,-88
804.044,00:03,1608,-98
804.092,00:04,1608,-85
804.512,00:02,1609,-88
804.542,00:03,1609,-98
804.592,00:04,1609,-85
805.014,00:02,1610,-88
805.043,00:03,1610,-98
805.095,00:04,1610,-85
805.513,00:02,1611,-88
805.542,00:03,1611,-98
805.593,00:04,1611,-85
806.013,00:02,1612,-88
806.041,00:03,1612,-98
806.093,00:04,1612,-85
806.515,00:02,1613,-88
806.543,00:03,1613,-98
806.593,00:04,1613,-85
807.011,00:02,1614,-88
807.042,00:03,1614,-98
807.095,00:04,1614,-85
807.512,00:02,1615,-88
807.542,00:03,1615,-97
807.592,00:04,1615,-85
808.012,00:02,1616,-88
808.043,00:03,1616,-97
808.093,00:04,1616,-85
808.512,00:02,1617,-88
808.543,00:03,1617,-97
808.593,00:04,1617,-85
809.012,00:02,1618,-89
809.042,00:03,1618,-97
809.092,00:04,1618,-85
809.514,00:02,1619,-89
809.541,00:03,1619,-97
809.592,00:04,1619,-85
810.013,00:02,1620,-89
810.043,00:03,1620,-97
810.092,00:04,1620,-85
810.514,00:02,1621,-89
810.541,00:03,1621,-97
810.592,00:04,1621,-85
811.013,00:02,1622,-89
811.041,00:03,1622,-97
811.094,00:04,1622,-84
811.512,00:02,1623,-89
811.543,00:03,1623,-97
811.593,00:04,1623,-84
812.013,00:02,1624,-89
812.043,00:03,1624,-97
812.093,00:04,1624,-84
812.512,00:02,1625,-89
812.542,00:03,1625,-96
812.593,00:04,1625,-84
813.013,00:02,1626,-89
813.043,00:03,1626,-96
813.091,00:04,1626,-84
813.513,00:02,1627,-89
813.544,00:03,1627,-96
813.593,00:04,1627,-84
814.014,00:02,1628,-90
814.043,00:03,1628,-96
814.094,00:04,1628,-84
814.514,00:02,1629,-90
814.543,00:03,1629,-96
814.594,00:04,1629,-84
815.012,00:02,1630,-90
815.043,00:03,1630,-96
815.092,00:04,1630,-84
815.511,00:02,1631,-90
815.543,00:03,1631,-96
815.594,00:04,1631,-85
816.012,00:02,1632,-90
816.042,00:03,1632,-96
816.092,00:04,1632,-85
816.513,00:02,1633,-90
816.544,00:03,1633,-96
816.594,00:04,1633,-85
817.014,00:02,1634,-90
817.042,00:03,1634,-96
817.092,00:04,1634,-85
817.513,00:02,1635,-90
817.544,00:03,1635,-95
817.594,00:04,1635,-85
818.013,00:02,1636,-90
818.043,00:03,1636,-95
818.092,00:04,1636,-85
818.513,00:02,1637,-90
818.541,00:03,1637,-95
818.593,00:04,1637,-85
819.013,00:02,1638,-91
819.042,00:03,1638,-95
819.093,00:04,1638,-85
819.515,00:02,1639,-91
819.544,00:03,1639,-95
819.593,00:04,1639,-85
820.013,00:02,1640,-91
820.042,00:03,1640,-95
820.093,00:04,1640,-85
820.514,00:02,1641,-91
820.542,00:03,1641,-95
820.593,00:04,1641,-85
821.013,00:02,1642,-91
821.043,00:03,1642,-95
821.091,00:04,1642,-85
821.513,00:02,1643,-91
821.544,00:03,1643,-95
821.593,00:04,1643,-85
822.014,00:02,1644,-91
822.041,00:03,1644,-95
822.093,00:04,1644,-85
822.512,00:02,1645,-91
822.543,00:03,1645,-94
822.594,00:04,1645,-85
823.013,00:02,1646,-91
823.041,00:03,1646,-94
823.091,00:04,1646,-85
823.512,00:02,1647,-91
823.543,00:03,1647,-94
823.592,00:04,1647,-85
824.013,00:02,1648,-92
824.043,00:03,1648,-94
824.092,00:04,1648,-85
824.511,00:02,1649,-92
824.542,00:03,1649,-94
824.592,00:04,1649,-85
825.013,00:02,1650,-92
825.044,00:03,1650,-94
825.092,00:04,1650,-85
825.512,00:02,1651,-92
825.542,00:03,1651,-94
825.591,00:04,1651,-85
826.011,00:02,1652,-92
826.043,00:03,1652,-94
826.093,00:04,1652,-85
826.513,00:02,1653,-92
826.542,00:03,1653,-94
826.593,00:04,1653,-85
827.012,00:02,1654,-92
827.044,00:03,1654,-94
827.093,00:04,1654,-85
827.512,00:02,1655,-92
827.541,00:03,1655,-93
827.59,00:04,1655,-85
828.013,00:02,1656,-92
828.042,00:03,1656,-93
828.091,00:04,1656,-85
828.512,00:02,1657,-92
828.541,00:03,1657,-93
828.594,00:04,1657,-85
829.014,00:02,1658,-93
829.044,00:03,1658,-93
829.092,00:04,1658,-85
829.514,00:02,1659,-93
829.542,00:03,1659,-93
829.593,00:04,1659,-85
830.011,00:02,1660,-93
830.041,00:03,1660,-93
830.093,00:04,1660,-86
830.513,00:02,1661,-93
830.544,00:03,1661,-93
830.593,00:04,1661,-86
831.014,00:02,1662,-93
831.043,00:03,1662,-93
831.093,00:04,1662,-86
831.514,00:02,1663,-93
831.543,00:03,1663,-93
831.594,00:04,1663,-86
832.011,00:02,1664,-93
832.043,00:03,1664,-93
832.092,00:04,1664,-86
832.513,00:02,1665,-93
832.544,00:03,1665,-93
832.592,00:04,1665,-86
833.014,00:02,1666,-93
833.042,00:03,1666,-92
833.092,00:04,1666,-86
833.514,00:02,1667,-93
833.542,00:03,1667,-92
833.591,00:04,1667,-86
834.014,00:02,1668,-93
834.041,00:03,1668,-92
834.091,00:04,1668,-86
834.514,00:02,1669,-94
834.543,00:03,1669,-92
834.593,00:04,1669,-86
835.012,00:02,1670,-94
835.043,00:03,1670,-92
835.091,00:04,1670,-86
835.513,00:02,1671,-94
835.542,00:03,1671,-92
835.593,00:04,1671,-86
836.012,00:02,1672,-94
836.041,00:03,1672,-92
836.094,00:04,1672,-86
836.512,00:02,1673,-94
836.542,00:03,1673,-92
836.592,00:04,1673,-86
837.014,00:02,1674,-94
837.042,00:03,1674,-92
837.094,00:04,1674,-87
837.513,00:02,1675,-94
837.542,00:03,1675,-92
837.592,00:04,1675,-87
838.013,00:02,1676,-94
838.043,00:03,1676,-92
838.094,00:04,1676,-87
838.511,00:02,1677,-94
838.544,00:03,1677,-92
838.591,00:04,1677,-87
839.012,00:02,1678,-94
839.041,00:03,1678,-91
839.093,00:04,1678,-87
839.515,00:02,1679,-94
839.544,00:03,1679,-91
839.593,00:04,1679,-87
840.013,00:02,1680,-95
840.043,00:03,1680,-91
840.091,00:04,1680,-87
840.513,00:02,1681,-95
840.542,00:03,1681,-91
840.592,00:04,1681,-87
841.012,00:02,1682,-99
841.042,00:03,1682,-95
841.091,00:04,1682,-91
841.513,00:02,1683,-99
841.542,00:03,1683,-95
841.593,00:04,1683,-91
842.012,00:02,1684,-99
842.043,00:03,1684,-95
842.092,00:04,1684,-91
842.514,00:02,1685,-99
842.542,00:03,1685,-95
842.592,00:04,1685,-91
843.014,00:02,1686,-99
843.043,00:03,1686,-95
843.093,00:04,1686,-91
843.514,00:02,1687,-99
843.541,00:03,1687,-95
843.593,00:04,1687,-92
844.012,00:02,1688,-99
844.044,00:03,1688,-95
844.092,00:04,1688,-92
844.515,00:02,1689,-99
844.542,00:03,1689,-95
844.593,00:04,1689,-92
845.015,00:02,1690,-95
845.043,00:03,1690,-91
845.092,00:04,1690,-88
845.512,00:02,1691,-96
845.544,00:03,1691,-91
845.592,00:04,1691,-88
846.015,00:02,1692,-96
846.042,00:03,1692,-91
846.092,00:04,1692,-88
846.513,00:02,1693,-96
846.543,00:03,1693,-91
846.59,00:04,1693,-88
847.014,00:02,1694,-96
847.042,00:03,1694,-90
847.091,00:04,1694,-88
847.511,00:02,1695,-96
847.543,00:03,1695,-90
847.592,00:04,1695,-88
848.014,00:02,1696,-96
848.043,00:03,1696,-90
848.093,00:04,1696,-88
848.512,00:02,1697,-96
848.544,00:03,1697,-90
848.591,00:04,1697,-88
849.015,00:02,1698,-96
849.042,00:03,1698,-90
849.093,00:04,1698,-88
849.513,00:02,1699,-96
849.542,00:03,1699,-90
849.592,00:04,1699,-89
850.013,00:02,1700,-96
850.042,00:03,1700,-90
850.091,00:04,1700,-89
850.514,00:02,1701,-96
850.543,00:03,1701,-90
850.592,00:04,1701,-89
851.013,00:02,1702,-96
851.041,00:03,1702,-90
851.091,00:04,1702,-89
851.513,00:02,1703,-97
851.543,00:03,1703,-90
851.59,00:04,1703,-89
852.013,00:02,1704,-97
852.042,00:03,1704,-90
852.092,00:04,1704,-89
852.513,00:02,1705,-97
852.543,00:03,1705,-90
852.593,00:04,1705,-89
853.014,00:02,1706,-97
853.043,00:03,1706,-90
853.092,00:04,1706,-89
853.512,00:02,1707,-97
853.542,00:03,1707,-90
853.592,00:04,1707,-89
854.013,00:02,1708,-97
854.043,00:03,1708,-90
854.092,00:04,1708,-89
854.514,00:02,1709,-97
854.542,00:03,1709,-90
854.591,00:04,1709,-89
855.014,00:02,1710,-97
855.04,00:03,1710,-90
855.092,00:04,1710,-90
855.512,00:02,1711,-97
855.542,00:03,1711,-90
855.591,00:04,1711,-90
856.012,00:02,1712,-97
856.042,00:03,1712,-90
856.092,00:04,1712,-90
856.513,00:02,1713,-97
856.543,00:03,1713,-90
856.591,00:04,1713,-90
857.013,00:02,1714,-97
857.043,00:03,1714,-90
857.09,00:04,1714,-90
857.512,00:02,1715,-97
857.542,00:03,1715,-90
857.591,00:04,1715,-90
858.015,00:02,1716,-98
858.041,00:03,1716,-90
858.092,00:04,1716,-90
858.515,00:02,1717,-98
858.541,00:03,1717,-90
858.593,00:04,1717,-90
859.012,00:02,1718,-98
859.043,00:03,1718,-90
859.091,00:04,1718,-90
859.514,00:02,1719,-98
859.542,00:03,1719,-91
859.592,00:04,1719,-90
860.013,00:02,1720,-98
860.041,00:03,1720,-91
860.092,00:04,1720,-90
860.515,00:02,1721,-98
860.543,00:03,1721,-91
860.593,00:04,1721,-90
861.013,00:02,1722,-98
861.042,00:03,1722,-91
861.093,00:04,1722,-90
861.514,00:02,1723,-98
861.541,00:03,1723,-91
861.594,00:04,1723,-89
862.015,00:02,1724,-98
862.042,00:03,1724,-91
862.094,00:04,1724,-89
862.513,00:02,1725,-98
862.542,00:03,1725,-92
862.59,00:04,1725,-89
863.012,00:02,1726,-98
863.043,00:03,1726,-92
863.092,00:04,1726,-89
863.513,00:02,1727,-98
863.542,00:03,1727,-92
863.593,00:04,1727,-89
864.013,00:02,1728,-98
864.041,00:03,1728,-92
864.091,00:04,1728,-89
864.515,00:02,1729,-98
864.541,00:03,1729,-92
864.591,00:04,1729,-89
865.012,00:02,1730,-98
865.042,00:03,1730,-92
865.092,00:04,1730,-89
865.512,00:02,1731,-98
865.543,00:03,1731,-92
865.593,00:04,1731,-89
866.014,00:02,1732,-98
866.042,00:03,1732,-92
866.092,00:04,1732,-89
866.513,00:02,1733,-98
866.543,00:03,1733,-92
866.592,00:04,1733,-89
867.012,00:02,1734,-97
867.041,00:03,1734,-92
867.092,00:04,1734,-89
867.511,00:02,1735,-97
867.542,00:03,1735,-92
867.593,00:04,1735,-88
868.013,00:02,1736,-97
868.042,00:03,1736,-92
868.091,00:04,1736,-88
868.515,00:02,1737,-97
868.543,00:03,1737,-92
868.592,00:04,1737,-88
869.012,00:02,1738,-97
869.042,00:03,1738,-92
869.091,00:04,1738,-88
869.512,00:02,1739,-97
869.54,00:03,1739,-92
869.591,00:04,1739,-88
870.012,00:02,1740,-97
870.041,00:03,1740,-92
870.093,00:04,1740,-88
870.511,00:02,1741,-97
870.542,00:03,1741,-92
870.592,00:04,1741,-88
871.013,00:02,1742,-97
871.041,00:03,1742,-92
871.09,00:04,1742,-88
871.514,00:02,1743,-97
871.542,00:03,1743,-92
871.593,00:04,1743,-88
872.013,00:02,1744,-97
872.041,00:03,1744,-92
872.091,00:04,1744,-87
872.515,00:02,1745,-97
872.542,00:03,1745,-92
872.591,00:04,1745,-87
873.013,00:02,1746,-97
873.042,00:03,1746,-92
873.091,00:04,1746,-87
873.513,00:02,1747,-96
873.543,00:03,1747,-92
873.591,00:04,1747,-87
874.011,00:02,1748,-96
874.042,00:03,1748,-92
874.091,00:04,1748,-87
874.515,00:02,1749,-96
874.54,00:03,1749,-92
874.592,00:04,1749,-87
875.013,00:02,1750,-96
875.042,00:03,1750,-92
875.092,00:04,1750,-87
875.513,00:02,1751,-96
875.543,00:03,1751,-92
875.591,00:04,1751,-87
876.012,00:02,1752,-96
876.042,00:03,1752,-92
876.09,00:04,1752,-87
876.514,00:02,1753,-96
876.54,00:03,1753,-92
876.592,00:04,1753,-87
877.012,00:02,1754,-100
877.04,00:03,1754,-96
877.091,00:04,1754,-90
877.514,00:02,1755,-100
877.541,00:03,1755,-97
877.594,00:04,1755,-90
878.013,00:02,1756,-100
878.04,00:03,1756,-97
878.092,00:04,1756,-90
878.513,00:02,1757,-100
878.542,00:03,1757,-97
878.592,00:04,1757,-90
879.013,00:02,1758,-100
879.041,00:03,1758,-97
879.092,00:04,1758,-90
879.514,00:02,1759,-100
879.541,00:03,1759,-97
879.591,00:04,1759,-90
880.012,00:02,1760,-99
880.044,00:03,1760,-97
880.09,00:04,1760,-90
880.512,00:02,1761,-99
880.543,00:03,1761,-97
880.592,00:04,1761,-90
881.013,00:02,1762,-95
881.042,00:03,1762,-93
881.093,00:04,1762,-86
881.513,00:02,1763,-95
881.542,00:03,1763,-93
881.593,00:04,1763,-86
882.012,00:02,1764,-95
882.041,00:03,1764,-93
882.093,00:04,1764,-86
882.514,00:02,1765,-95
882.542,00:03,1765,-93
882.591,00:04,1765,-85
883.013,00:02,1766,-95
883.041,00:03,1766,-93
883.091,00:04,1766,-85
883.514,00:02,1767,-95
883.542,00:03,1767,-93
883.593,00:04,1767,-85
884.013,00:02,1768,-95
884.042,00:03,1768,-93
884.092,00:04,1768,-85
884.513,00:02,1769,-95
884.541,00:03,1769,-93
884.592,00:04,1769,-85
885.013,00:02,1770,-95
885.041,00:03,1770,-93
885.091,00:04,1770,-85
885.514,00:02,1771,-94
885.543,00:03,1771,-93
885.591,00:04,1771,-85
886.014,00:02,1772,-94
886.042,00:03,1772,-94
886.092,00:04,1772,-85
886.514,00:02,1773,-94
886.542,00:03,1773,-94
886.591,00:04,1773,-85
887.015,00:02,1774,-94
887.042,00:03,1774,-94
887.091,00:04,1774,-85
887.513,00:02,1775,-94
887.541,00:03,1775,-94
887.591,00:04,1775,-85
888.013,00:02,1776,-94
888.042,00:03,1776,-94
888.09,00:04,1776,-84
888.513,00:02,1777,-94
888.541,00:03,1777,-94
888.591,00:04,1777,-84
889.013,00:02,1778,-94
889.041,00:03,1778,-94
889.093,00:04,1778,-84
889.514,00:02,1779,-94
889.541,00:03,1779,-94
889.592,00:04,1779,-84
890.014,00:02,1780,-94
890.043,00:03,1780,-94
890.092,00:04,1780,-84
890.513,00:02,1781,-94
890.541,00:03,1781,-94
890.591,00:04,1781,-84
891.014,00:02,1782,-94
891.042,00:03,1782,-94
891.09,00:04,1782,-84
891.512,00:02,1783,-93
891.543,00:03,1783,-94
891.592,00:04,1783,-84
892.013,00:02,1784,-93
892.041,00:03,1784,-94
892.092,00:04,1784,-84
892.513,00:02,1785,-93
892.541,00:03,1785,-94
892.591,00:04,1785,-84
893.015,00:02,1786,-93
893.04,00:03,1786,-95
893.09,00:04,1786,-84
893.513,00:02,1787,-93
893.541,00:03,1787,-95
893.593,00:04,1787,-84
894.013,00:02,1788,-93
894.042,00:03,1788,-95
894.09,00:04,1788,-84
894.512,00:02,1789,-93
894.541,00:03,1789,-95
894.59,00:04,1789,-83
895.013,00:02,1790,-93
895.041,00:03,1790,-95
895.091,00:04,1790,-83
895.515,00:02,1791,-93
895.541,00:03,1791,-95
895.592,00:04,1791,-83
896.011,00:02,1792,-93
896.043,00:03,1792,-95
896.09,00:04,1792,-83
896.513,00:02,1793,-93
896.541,00:03,1793,-95
896.591,00:04,1793,-83
897.014,00:02,1794,-92
897.041,00:03,1794,-95
897.092,00:04,1794,-83
897.513,00:02,1795,-92
897.541,00:03,1795,-95
897.59,00:04,1795,-83
898.015,00:02,1796,-92
898.042,00:03,1796,-95
898.093,00:04,1796,-83
898.513,00:02,1797,-92
898.542,00:03,1797,-95
898.593,00:04,1797,-83
899.014,00:02,1798,-92
899.04,00:03,1798,-96
899.092,00:04,1798,-83
899.515,00:02,1799,-92
899.542,00:03,1799,-96
899.593,00:04,1799,-83
900.014,00:02,1800,-92
900.041,00:03,1800,-96
900.09,00:04,1800,-83
900.511,00:02,1801,-92
900.541,00:03,1801,-96
900.592,00:04,1801,-83
901.012,00:02,1802,-92
901.042,00:03,1802,-96
901.092,00:04,1802,-83
901.515,00:02,1803,-92
901.54,00:03,1803,-96
901.592,00:04,1803,-83
902.015,00:02,1804,-92
902.042,00:03,1804,-96
902.092,00:04,1804,-83
902.514,00:02,1805,-92
902.54,00:03,1805,-96
902.592,00:04,1805,-83
903.013,00:02,1806,-91
903.041,00:03,1806,-96
903.092,00:04,1806,-83
903.514,00:02,1807,-91
903.542,00:03,1807,-96
903.591,00:04,1807,-83
904.014,00:02,1808,-91
904.043,00:03,1808,-96
904.092,00:04,1808,-83
904.513,00:02,1809,-91
904.541,00:03,1809,-97
904.591,00:04,1809,-83
905.014,00:02,1810,-91
905.042,00:03,1810,-97
905.092,00:04,1810,-83
905.514,00:02,1811,-91
905.542,00:03,1811,-97
905.589,00:04,1811,-83
906.014,00:02,1812,-91
906.042,00:03,1812,-97
906.089,00:04,1812,-83
906.514,00:02,1813,-91
906.542,00:03,1813,-97
906.591,00:04,1813,-83
907.015,00:02,1814,-91
907.043,00:03,1814,-97
907.092,00:04,1814,-83
907.512,00:02,1815,-91
907.541,00:03,1815,-97
907.592,00:04,1815,-83
908.014,00:02,1816,-91
908.04,00:03,1816,-97
908.091,00:04,1816,-83
908.512,00:02,1817,-90
908.543,00:03,1817,-97
908.592,00:04,1817,-83
909.014,00:02,1818,-90
909.043,00:03,1818,-97
909.091,00:04,1818,-83
909.513,00:02,1819,-90
909.542,00:03,1819,-97
909.591,00:04,1819,-83
910.015,00:02,1820,-90
910.042,00:03,1820,-97
910.092,00:04,1820,-83
910.514,00:02,1821,-90
910.542,00:03,1821,-98
910.591,00:04,1821,-83
911.014,00:02,1822,-90
911.041,00:03,1822,-98
911.091,00:04,1822,-83
911.513,00:02,1823,-90
911.54,00:03,1823,-98
911.59,00:04,1823,-83
912.014,00:02,1824,-90
912.043,00:03,1824,-98
912.092,00:04,1824,-83
912.514,00:02,1825,-90
912.54,00:03,1825,-98
912.591,00:04,1825,-83
913.015,00:02,1826,-90
913.041,00:03,1826,-98
913.091,00:04,1826,-83
913.515,00:02,1827,-90
913.539,00:03,1827,-98
913.591,00:04,1827,-83
914.014,00:02,1828,-89
914.043,00:03,1828,-98
914.091,00:04,1828,-83
914.514,00:02,1829,-89
914.542,00:03,1829,-98
914.591,00:04,1829,-83
915.013,00:02,1830,-89
915.041,00:03,1830,-98
915.092,00:04,1830,-83
915.513,00:02,1831,-89
915.542,00:03,1831,-98
915.591,00:04,1831,-83
916.013,00:02,1832,-89
916.042,00:03,1832,-99
916.093,00:04,1832,-83
916.512,00:02,1833,-89
916.54,00:03,1833,-99
916.59,00:04,1833,-83
917.013,00:02,1834,-89
917.042,00:03,1834,-99
917.091,00:04,1834,-83
917.513,00:02,1835,-89
917.541,00:03,1835,-99
917.591,00:04,1835,-83
918.014,00:02,1836,-89
918.043,00:03,1836,-99
918.091,00:04,1836,-83
918.513,00:02,1837,-89
918.542,00:03,1837,-99
918.591,00:04,1837,-83
919.012,00:02,1838,-89
919.043,00:03,1838,-99
919.092,00:04,1838,-83
919.514,00:02,1839,-88
919.542,00:03,1839,-99
919.59,00:04,1839,-83
920.012,00:02,1840,-88
920.041,00:03,1840,-99
920.09,00:04,1840,-83
920.514,00:02,1841,-88
920.542,00:03,1841,-99
920.59,00:04,1841,-83
921.015,00:02,1842,-88
921.041,00:03,1842,-99
921.091,00:04,1842,-83
921.514,00:02,1843,-88
921.542,00:03,1843,-100
921.59,00:04,1843,-83
922.015,00:02,1844,-88
922.041,00:03,1844,-100
922.091,00:04,1844,-83
922.514,00:02,1845,-88
922.542,00:03,1845,-100
922.592,00:04,1845,-83
923.014,00:02,1846,-88
923.043,00:03,1846,-100
923.091,00:04,1846,-83
923.515,00:02,1847,-88
923.541,00:03,1847,-100
923.589,00:04,1847,-84
924.014,00:02,1848,-88
924.041,00:03,1848,-100
924.091,00:04,1848,-84
924.514,00:02,1849,-88
924.542,00:03,1849,-100
924.591,00:04,1849,-84
925.014,00:02,1850,-88
925.043,00:03,1850,-100
925.09,00:04,1850,-84
925.514,00:02,1851,-87
925.541,00:03,1851,-100
925.591,00:04,1851,-84
926.015,00:02,1852,-87
926.04,00:03,1852,-100
926.09,00:04,1852,-84
926.515,00:02,1853,-87
926.541,00:03,1853,-100
926.591,00:04,1853,-84
927.015,00:02,1854,-87
927.041,00:03,1854,-101
927.092,00:04,1854,-84
927.515,00:02,1855,-87
927.541,00:03,1855,-101
927.592,00:04,1855,-84
928.015,00:02,1856,-87
928.041,00:03,1856,-101
928.092,00:04,1856,-84
928.513,00:02,1857,-87
928.539,00:03,1857,-101
928.592,00:04,1857,-84
929.012,00:02,1858,-87
929.04,00:03,1858,-101
929.091,00:04,1858,-84
929.513,00:02,1859,-87
929.542,00:03,1859,-101
929.591,00:04,1859,-84
930.014,00:02,1860,-87
930.042,00:03,1860,-101
930.092,00:04,1860,-84
930.513,00:02,1861,-87
930.542,00:03,1861,-101
930.59,00:04,1861,-85
931.015,00:02,1862,-87
931.04,00:03,1862,-101
931.09,00:04,1862,-85
931.515,00:02,1863,-87
931.541,00:03,1863,-101
931.59,00:04,1863,-85
932.015,00:02,1864,-87
932.043,00:03,1864,-101
932.091,00:04,1864,-85
932.514,00:02,1865,-86
932.54,00:03,1865,-101
932.592,00:04,1865,-85
933.012,00:02,1866,-86
933.042,00:03,1866,-102
933.09,00:04,1866,-85
933.514,00:02,1867,-86
933.541,00:03,1867,-102
933.591,00:04,1867,-85
934.015,00:02,1868,-86
934.04,00:03,1868,-102
934.091,00:04,1868,-85
934.513,00:02,1869,-86
934.54,00:03,1869,-102
934.591,00:04,1869,-85
935.013,00:02,1870,-86
935.043,00:03,1870,-102
935.091,00:04,1870,-85
935.514,00:02,1871,-86
935.539,00:03,1871,-102
935.589,00:04,1871,-85
936.013,00:02,1872,-86
936.04,00:03,1872,-102
936.092,00:04,1872,-86
936.512,00:02,1873,-86
936.541,00:03,1873,-102
936.59,00:04,1873,-86
937.014,00:02,1874,-90
937.041,00:03,1874,-106
937.091,00:04,1874,-90
937.512,00:02,1875,-90
937.543,00:03,1875,-106
937.591,00:04,1875,-90
938.016,00:02,1876,-90
938.043,00:03,1876,-106
938.091,00:04,1876,-90
938.513,00:02,1877,-90
938.542,00:03,1877,-106
938.591,00:04,1877,-90
939.014,00:02,1878,-90
939.04,00:03,1878,-107
939.091,00:04,1878,-90
939.513,00:02,1879,-90
939.543,00:03,1879,-107
939.591,00:04,1879,-90
940.015,00:02,1880,-90
940.092,00:04,1880,-90
940.513,00:02,1881,-90
940.541,00:03,1881,-107
940.59,00:04,1881,-90
941.014,00:02,1882,-85
941.039,00:03,1882,-103
941.089,00:04,1882,-87
941.514,00:02,1883,-85
941.541,00:03,1883,-103
941.591,00:04,1883,-87
942.016,00:02,1884,-85
942.041,00:03,1884,-103
942.091,00:04,1884,-87
942.514,00:02,1885,-85
942.541,00:03,1885,-103
942.592,00:04,1885,-87
943.014,00:02,1886,-85
943.041,00:03,1886,-103
943.091,00:04,1886,-87
943.515,00:02,1887,-85
943.542,00:03,1887,-103
943.59,00:04,1887,-87
944.015,00:02,1888,-85
944.043,00:03,1888,-103
944.091,00:04,1888,-87
944.514,00:02,1889,-85
944.541,00:03,1889,-103
944.59,00:04,1889,-87
945.015,00:02,1890,-85
945.039,00:03,1890,-104
945.09,00:04,1890,-87
945.513,00:02,1891,-85
945.54,00:03,1891,-104
945.592,00:04,1891,-87
946.014,00:02,1892,-85
946.04,00:03,1892,-104
946.091,00:04,1892,-88
946.514,00:02,1893,-85
946.542,00:03,1893,-104
946.59,00:04,1893,-88
947.015,00:02,1894,-85
947.041,00:03,1894,-104
947.09,00:04,1894,-88
947.515,00:02,1895,-85
947.539,00:03,1895,-104
947.591,00:04,1895,-88
948.012,00:02,1896,-85
948.041,00:03,1896,-104
948.09,00:04,1896,-88
948.512,00:02,1897,-85
948.54,00:03,1897,-104
948.592,00:04,1897,-88
949.013,00:02,1898,-85
949.04,00:03,1898,-104
949.09,00:04,1898,-88
949.514,00:02,1899,-85
949.54,00:03,1899,-104
949.591,00:04,1899,-88
950.013,00:02,1900,-85
950.04,00:03,1900,-104
950.091,00:04,1900,-88
950.515,00:02,1901,-85
950.542,00:03,1901,-104
950.589,00:04,1901,-88
951.014,00:02,1902,-85
951.039,00:03,1902,-104
951.092,00:04,1902,-89
951.513,00:02,1903,-85
951.54,00:03,1903,-105
951.591,00:04,1903,-89
952.013,00:02,1904,-85
952.041,00:03,1904,-105
952.091,00:04,1904,-89
952.513,00:02,1905,-85
952.54,00:03,1905,-105
952.591,00:04,1905,-89
953.013,00:02,1906,-85
953.041,00:03,1906,-105
953.09,00:04,1906,-89
953.515,00:02,1907,-85
953.541,00:03,1907,-105
953.59,00:04,1907,-89
954.014,00:02,1908,-85
954.04,00:03,1908,-105
954.09,00:04,1908,-89
954.512,00:02,1909,-85
954.541,00:03,1909,-105
954.591,00:04,1909,-89
955.013,00:02,1910,-85
955.042,00:03,1910,-105
955.092,00:04,1910,-89
955.515,00:02,1911,-85
955.541,00:03,1911,-105
955.59,00:04,1911,-89
956.014,00:02,1912,-86
956.04,00:03,1912,-105
956.091,00:04,1912,-89
956.515,00:02,1913,-86
956.542,00:03,1913,-105
956.59,00:04,1913,-89
957.014,00:02,1914,-86
957.042,00:03,1914,-105
957.09,00:04,1914,-89
957.514,00:02,1915,-86
957.54,00:03,1915,-105
957.591,00:04,1915,-88
958.015,00:02,1916,-86
958.041,00:03,1916,-105
958.09,00:04,1916,-88
958.514,00:02,1917,-86
958.539,00:03,1917,-105
958.591,00:04,1917,-88
959.014,00:02,1918,-87
959.04,00:03,1918,-105
959.091,00:04,1918,-88
959.512,00:02,1919,-87
959.541,00:03,1919,-105
959.589,00:04,1919,-88
960.014,00:02,1920,-87
960.039,00:03,1920,-105
960.089,00:04,1920,-88
960.514,00:02,1921,-87
960.54,00:03,1921,-105
960.591,00:04,1921,-88
961.013,00:02,1922,-87
961.039,00:03,1922,-105
961.089,00:04,1922,-88
961.513,00:02,1923,-87
961.541,00:03,1923,-105
961.59,00:04,1923,-88
962.013,00:02,1924,-87
962.041,00:03,1924,-105
962.09,00:04,1924,-88
962.513,00:02,1925,-87
962.542,00:03,1925,-105
962.588,00:04,1925,-88
963.016,00:02,1926,-87
963.04,00:03,1926,-105
963.09,00:04,1926,-87
963.515,00:02,1927,-87
963.54,00:03,1927,-105
963.592,00:04,1927,-87
964.014,00:02,1928,-87
964.04,00:03,1928,-105
964.089,00:04,1928,-87
964.516,00:02,1929,-87
964.542,00:03,1929,-105
964.589,00:04,1929,-87
965.012,00:02,1930,-87
965.04,00:03,1930,-105
965.092,00:04,1930,-87
965.514,00:02,1931,-87
965.541,00:03,1931,-105
965.589,00:04,1931,-87
966.013,00:02,1932,-87
966.04,00:03,1932,-104
966.091,00:04,1932,-87
966.514,00:02,1933,-87
966.541,00:03,1933,-104
966.589,00:04,1933,-87
967.013,00:02,1934,-87
967.04,00:03,1934,-104
967.09,00:04,1934,-87
967.514,00:02,1935,-87
967.541,00:03,1935,-104
967.589,00:04,1935,-86
968.014,00:02,1936,-87
968.04,00:03,1936,-104
968.089,00:04,1936,-86
968.513,00:02,1937,-87
968.541,00:03,1937,-104
968.59,00:04,1937,-86
969.014,00:02,1938,-87
969.04,00:03,1938,-104
969.089,00:04,1938,-86
969.514,00:02,1939,-87
969.542,00:03,1939,-104
969.59,00:04,1939,-86
970.015,00:02,1940,-87
970.041,00:03,1940,-104
970.091,00:04,1940,-86
970.513,00:02,1941,-87
970.542,00:03,1941,-104
970.588,00:04,1941,-86
971.013,00:02,1942,-87
971.04,00:03,1942,-104
971.091,00:04,1942,-86
971.514,00:02,1943,-87
971.54,00:03,1943,-104
971.591,00:04,1943,-86
972.014,00:02,1944,-87
972.039,00:03,1944,-104
972.09,00:04,1944,-85
972.515,00:02,1945,-87
972.541,00:03,1945,-103
972.591,00:04,1945,-85
973.014,00:02,1946,-91
973.041,00:03,1946,-107
973.089,00:04,1946,-89
973.515,00:02,1947,-91
973.541,00:03,1947,-107
973.591,00:04,1947,-89
974.013,00:02,1948,-91
974.04,00:03,1948,-107
974.091,00:04,1948,-89
974.516,00:02,1949,-91
974.54,00:03,1949,-107
974.591,00:04,1949,-89
975.013,00:02,1950,-91
975.04,00:03,1950,-107
975.09,00:04,1950,-89
975.513,00:02,1951,-91
975.539,00:03,1951,-107
975.59,00:04,1951,-89
976.013,00:02,1952,-91
976.04,00:03,1952,-107
976.091,00:04,1952,-88
976.513,00:02,1953,-91
976.541,00:03,1953,-107
976.589,00:04,1953,-88
977.015,00:02,1954,-87
977.041,00:03,1954,-103
977.09,00:04,1954,-84
977.513,00:02,1955,-87
977.54,00:03,1955,-103
977.589,00:04,1955,-84
978.015,00:02,1956,-88
978.041,00:03,1956,-103
978.089,00:04,1956,-84
978.515,00:02,1957,-88
978.539,00:03,1957,-103
978.591,00:04,1957,-84
979.014,00:02,1958,-88
979.042,00:03,1958,-102
979.09,00:04,1958,-84
979.514,00:02,1959,-88
979.541,00:03,1959,-102
979.589,00:04,1959,-84
980.012,00:02,1960,-88
980.04,00:03,1960,-102
980.09,00:04,1960,-84
980.514,00:02,1961,-88
980.539,00:03,1961,-102
980.589,00:04,1961,-83
981.015,00:02,1962,-88
981.041,00:03,1962,-102
981.089,00:04,1962,-83
981.513,00:02,1963,-88
981.539,00:03,1963,-102
981.591,00:04,1963,-83
982.013,00:02,1964,-88
982.041,00:03,1964,-102
982.09,00:04,1964,-83
982.516,00:02,1965,-88
982.539,00:03,1965,-102
982.588,00:04,1965,-83
983.015,00:02,1966,-88
983.04,00:03,1966,-102
983.089,00:04,1966,-83
983.516,00:02,1967,-88
983.541,00:03,1967,-102
983.59,00:04,1967,-83
984.016,00:02,1968,-88
984.04,00:03,1968,-102
984.091,00:04,1968,-83
984.514,00:02,1969,-88
984.541,00:03,1969,-102
984.59,00:04,1969,-83
985.016,00:02,1970,-88
985.042,00:03,1970,-102
985.089,00:04,1970,-83
985.514,00:02,1971,-88
985.542,00:03,1971,-101
985.588,00:04,1971,-82
986.015,00:02,1972,-88
986.04,00:03,1972,-101
986.089,00:04,1972,-82
986.513,00:02,1973,-89
986.542,00:03,1973,-101
986.589,00:04,1973,-82
987.015,00:02,1974,-89
987.041,00:03,1974,-101
987.091,00:04,1974,-82
987.513,00:02,1975,-89
987.542,00:03,1975,-101
987.59,00:04,1975,-82
988.015,00:02,1976,-89
988.04,00:03,1976,-101
988.09,00:04,1976,-82
988.515,00:02,1977,-89
988.541,00:03,1977,-101
988.591,00:04,1977,-82
989.015,00:02,1978,-89
989.042,00:03,1978,-101
989.089,00:04,1978,-82
989.513,00:02,1979,-89
989.539,00:03,1979,-101
989.591,00:04,1979,-82
990.013,00:02,1980,-89
990.04,00:03,1980,-101
990.088,00:04,1980,-82
990.514,00:02,1981,-89
990.542,00:03,1981,-101
990.591,00:04,1981,-82
991.014,00:02,1982,-89
991.042,00:03,1982,-101
991.09,00:04,1982,-81
991.514,00:02,1983,-89
991.541,00:03,1983,-100
991.59,00:04,1983,-81
992.013,00:02,1984,-89
992.04,00:03,1984,-100
992.088,00:04,1984,-81
992.515,00:02,1985,-89
992.54,00:03,1985,-100
992.59,00:04,1985,-81
993.015,00:02,1986,-89
993.041,00:03,1986,-100
993.09,00:04,1986,-81
993.515,00:02,1987,-90
993.542,00:03,1987,-100
993.591,00:04,1987,-81
994.015,00:02,1988,-90
994.04,00:03,1988,-100
994.09,00:04,1988,-81
994.513,00:02,1989,-90
994.54,00:03,1989,-100
994.589,00:04,1989,-81
995.015,00:02,1990,-90
995.04,00:03,1990,-100
995.088,00:04,1990,-81
995.515,00:02,1991,-90
995.541,00:03,1991,-100
995.59,00:04,1991,-81
996.015,00:02,1992,-90
996.038,00:03,1992,-100
996.089,00:04,1992,-81
996.514,00:02,1993,-90
996.541,00:03,1993,-100
996.589,00:04,1993,-81
997.015,00:02,1994,-90
997.04,00:03,1994,-100
997.091,00:04,1994,-81
997.513,00:02,1995,-90
997.54,00:03,1995,-99
997.589,00:04,1995,-81
998.014,00:02,1996,-90
998.04,00:03,1996,-99
998.089,00:04,1996,-81
998.514,00:02,1997,-90
998.54,00:03,1997,-99
998.589,00:04,1997,-81
999.015,00:02,1998,-90
999.039,00:03,1998,-99
999.09,00:04,1998,-81
999.515,00:02,1999,-90
999.54,00:03,1999,-99
999.589,00:04,1999,-81
1000.02,00:02,2000,-90
1000.04,00:03,2000,-99
1000.09,00:04,2000,-80
1000.51,00:02,2001,-91
1000.54,00:03,2001,-99
1000.59,00:04,2001,-80
1001.01,00:02,2002,-91
1001.04,00:03,2002,-99
1001.09,00:04,2002,-80
1001.52,00:02,2003,-91
1001.54,00:03,2003,-99
1001.59,00:04,2003,-80
1002.01,00:02,2004,-91
1002.04,00:03,2004,-99
1002.09,00:04,2004,-80
1002.51,00:02,2005,-91
1002.54,00:03,2005,-99
1002.59,00:04,2005,-80
1003.01,00:02,2006,-91
1003.04,00:03,2006,-99
1003.09,00:04,2006,-80
1003.51,00:02,2007,-91
1003.54,00:03,2007,-99
1003.59,00:04,2007,-80
1004.01,00:02,2008,-91
1004.04,00:03,2008,-98
1004.09,00:04,2008,-80
1004.51,00:02,2009,-91
1004.54,00:03,2009,-98
1004.59,00:04,2009,-80
1005.02,00:02,2010,-91
1005.04,00:03,2010,-98
1005.09,00:04,2010,-80
1005.51,00:02,2011,-91
1005.54,00:03,2011,-98
1005.59,00:04,2011,-80
1006.01,00:02,2012,-91
1006.04,00:03,2012,-98
1006.09,00:04,2012,-80
1006.51,00:02,2013,-92
1006.54,00:03,2013,-98
1006.59,00:04,2013,-80
1007.01,00:02,2014,-92
1007.04,00:03,2014,-98
1007.09,00:04,2014,-80
1007.52,00:02,2015,-92
1007.54,00:03,2015,-98
1007.59,00:04,2015,-80
1008.02,00:02,2016,-92
1008.04,00:03,2016,-98
1008.09,00:04,2016,-80
1008.51,00:02,2017,-92
1008.54,00:03,2017,-98
1008.59,00:04,2017,-80
1009.01,00:02,2018,-92
1009.04,00:03,2018,-98
1009.09,00:04,2018,-80
1009.52,00:02,2019,-92
1009.54,00:03,2019,-98
1009.59,00:04,2019,-80
1010.01,00:02,2020,-92
1010.04,00:03,2020,-97
1010.09,00:04,2020,-80
1010.51,00:02,2021,-92
1010.54,00:03,2021,-97
1010.59,00:04,2021,-81
1011.01,00:02,2022,-92
1011.04,00:03,2022,-97
1011.09,00:04,2022,-81
1011.51,00:02,2023,-92
1011.54,00:03,2023,-97
1011.59,00:04,2023,-81
1012.02,00:02,2024,-92
1012.04,00:03,2024,-97
1012.09,00:04,2024,-81
1012.51,00:02,2025,-93
1012.54,00:03,2025,-97
1012.59,00:04,2025,-81
1013.02,00:02,2026,-93
1013.04,00:03,2026,-97
1013.09,00:04,2026,-81
1013.51,00:02,2027,-93
1013.54,00:03,2027,-97
1013.59,00:04,2027,-81
1014.01,00:02,2028,-93
1014.04,00:03,2028,-97
1014.09,00:04,2028,-81
1014.51,00:02,2029,-93
1014.54,00:03,2029,-97
1014.59,00:04,2029,-81
1015.01,00:02,2030,-93
1015.04,00:03,2030,-97
1015.09,00:04,2030,-81
1015.51,00:02,2031,-93
1015.54,00:03,2031,-97
1015.59,00:04,2031,-81
1016.01,00:02,2032,-93
1016.04,00:03,2032,-97
1016.09,00:04,2032,-81
1016.51,00:02,2033,-93
1016.54,00:03,2033,-96
1016.59,00:04,2033,-81
1017.01,00:02,2034,-93
1017.04,00:03,2034,-96
1017.09,00:04,2034,-81
1017.51,00:02,2035,-93
1017.54,00:03,2035,-96
1017.59,00:04,2035,-81
1018.01,00:02,2036,-93
1018.04,00:03,2036,-96
1018.09,00:04,2036,-81
1018.51,00:02,2037,-93
1018.54,00:03,2037,-96
1018.59,00:04,2037,-81
1019.01,00:02,2038,-94
1019.04,00:03,2038,-96
1019.09,00:04,2038,-82
1019.52,00:02,2039,-94
1019.54,00:03,2039,-96
1019.59,00:04,2039,-82
1020.01,00:02,2040,-94
1020.04,00:03,2040,-96
1020.09,00:04,2040,-82
1020.52,00:02,2041,-94
1020.54,00:03,2041,-96
1020.59,00:04,2041,-82
1021.01,00:02,2042,-94
1021.04,00:03,2042,-96
1021.09,00:04,2042,-82
1021.51,00:02,2043,-94
1021.54,00:03,2043,-96
1021.59,00:04,2043,-82
1022.01,00:02,2044,-94
1022.04,00:03,2044,-96
1022.09,00:04,2044,-82
1022.51,00:02,2045,-94
1022.54,00:03,2045,-96
1022.59,00:04,2045,-82
1023.02,00:02,2046,-94
1023.04,00:03,2046,-96
1023.09,00:04,2046,-82
1023.52,00:02,2047,-94
1023.54,00:03,2047,-95
1023.59,00:04,2047,-82
1024.01,00:02,2048,-94
1024.04,00:03,2048,-95
1024.09,00:04,2048,-82
1024.52,00:02,2049,-94
1024.54,00:03,2049,-95
1024.59,00:04,2049,-82
1025.01,00:02,2050,-95
1025.04,00:03,2050,-95
1025.09,00:04,2050,-83
1025.51,00:02,2051,-95
1025.54,00:03,2051,-95
1025.59,00:04,2051,-83
1026.02,00:02,2052,-95
1026.04,00:03,2052,-95
1026.09,00:04,2052,-83
1026.51,00:02,2053,-95
1026.54,00:03,2053,-95
1026.59,00:04,2053,-83
1027.02,00:02,2054,-95
1027.04,00:03,2054,-95
1027.09,00:04,2054,-83
1027.51,00:02,2055,-95
1027.54,00:03,2055,-95
1027.59,00:04,2055,-83
1028.02,00:02,2056,-95
1028.04,00:03,2056,-95
1028.09,00:04,2056,-83
1028.51,00:02,2057,-95
1028.54,00:03,2057,-95
1028.59,00:04,2057,-83
1029.01,00:02,2058,-95
1029.04,00:03,2058,-95
1029.09,00:04,2058,-83
1029.51,00:02,2059,-95
1029.54,00:03,2059,-95
1029.59,00:04,2059,-84
1030.02,00:02,2060,-95
1030.04,00:03,2060,-95
1030.09,00:04,2060,-84
1030.52,00:02,2061,-95
1030.54,00:03,2061,-95
1030.59,00:04,2061,-84
1031.01,00:02,2062,-96
1031.04,00:03,2062,-95
1031.09,00:04,2062,-84
1031.51,00:02,2063,-96
1031.54,00:03,2063,-95
1031.59,00:04,2063,-84
1032.01,00:02,2064,-96
1032.04,00:03,2064,-95
1032.09,00:04,2064,-84
1032.52,00:02,2065,-96
1032.54,00:03,2065,-94
1032.59,00:04,2065,-84
1033.02,00:02,2066,-100
1033.04,00:03,2066,-98
1033.09,00:04,2066,-88
1033.52,00:02,2067,-100
1033.54,00:03,2067,-98
1033.59,00:04,2067,-88
1034.01,00:02,2068,-100
1034.04,00:03,2068,-98
1034.09,00:04,2068,-89
1034.51,00:02,2069,-100
1034.54,00:03,2069,-98
1034.59,00:04,2069,-89
1035.01,00:02,2070,-100
1035.04,00:03,2070,-98
1035.09,00:04,2070,-89
1035.51,00:02,2071,-100
1035.54,00:03,2071,-98
1035.59,00:04,2071,-89
1036.01,00:02,2072,-100
1036.04,00:03,2072,-98
1036.09,00:04,2072,-89
1036.51,00:02,2073,-100
1036.54,00:03,2073,-98
1036.59,00:04,2073,-89
1037.02,00:02,2074,-96
1037.04,00:03,2074,-94
1037.09,00:04,2074,-85
1037.51,00:02,2075,-97
1037.54,00:03,2075,-94
1037.59,00:04,2075,-85
1038.01,00:02,2076,-97
1038.04,00:03,2076,-94
1038.09,00:04,2076,-85
1038.51,00:02,2077,-97
1038.54,00:03,2077,-94
1038.59,00:04,2077,-86
1039.02,00:02,2078,-97
1039.04,00:03,2078,-94
1039.09,00:04,2078,-86
1039.51,00:02,2079,-97
1039.54,00:03,2079,-94
1039.59,00:04,2079,-86
1040.01,00:02,2080,-97
1040.04,00:03,2080,-94
1040.09,00:04,2080,-86
1040.51,00:02,2081,-97
1040.54,00:03,2081,-94
1040.59,00:04,2081,-86
1041.01,00:02,2082,-97
1041.04,00:03,2082,-94
1041.09,00:04,2082,-86
1041.51,00:02,2083,-97
1041.54,00:03,2083,-94
1041.59,00:04,2083,-86
1042.01,00:02,2084,-97
1042.04,00:03,2084,-94
1042.09,00:04,2084,-86
1042.51,00:02,2085,-97
1042.54,00:03,2085,-94
1042.59,00:04,2085,-86
1043.01,00:02,2086,-97
1043.04,00:03,2086,-94
1043.09,00:04,2086,-87
1043.52,00:02,2087,-97
1043.54,00:03,2087,-94
1043.59,00:04,2087,-87
1044.01,00:02,2088,-97
1044.04,00:03,2088,-94
1044.09,00:04,2088,-87
1044.51,00:02,2089,-98
1044.54,00:03,2089,-94
1044.59,00:04,2089,-87
1045.02,00:02,2090,-98
1045.04,00:03,2090,-94
1045.09,00:04,2090,-87
1045.51,00:02,2091,-98
1045.54,00:03,2091,-94
1045.59,00:04,2091,-87
1046.01,00:02,2092,-98
1046.04,00:03,2092,-94
1046.09,00:04,2092,-87
1046.51,00:02,2093,-98
1046.54,00:03,2093,-94
1046.59,00:04,2093,-87
1047.02,00:02,2094,-98
1047.04,00:03,2094,-94
1047.09,00:04,2094,-88
1047.52,00:02,2095,-98
1047.54,00:03,2095,-94
1047.59,00:04,2095,-88
1048.02,00:02,2096,-98
1048.04,00:03,2096,-94
1048.09,00:04,2096,-88
1048.51,00:02,2097,-98
1048.54,00:03,2097,-94
1048.59,00:04,2097,-88
1049.02,00:02,2098,-98
1049.04,00:03,2098,-94
1049.09,00:04,2098,-88
1049.52,00:02,2099,-98
1049.54,00:03,2099,-94
1049.59,00:04,2099,-88
1050.02,00:02,2100,-98
1050.04,00:03,2100,-94
1050.09,00:04,2100,-88
1050.51,00:02,2101,-98
1050.54,00:03,2101,-94
1050.59,00:04,2101,-88
1051.01,00:02,2102,-98
1051.04,00:03,2102,-94
1051.09,00:04,2102,-88
1051.52,00:02,2103,-98
1051.54,00:03,2103,-94
1051.59,00:04,2103,-88
1052.02,00:02,2104,-99
1052.04,00:03,2104,-94
1052.09,00:04,2104,-88
1052.51,00:02,2105,-99
1052.54,00:03,2105,-94
1052.59,00:04,2105,-88
1053.01,00:02,2106,-99
1053.04,00:03,2106,-95
1053.09,00:04,2106,-88
1053.51,00:02,2107,-99
1053.54,00:03,2107,-95
1053.59,00:04,2107,-88
1054.02,00:02,2108,-99
1054.04,00:03,2108,-95
1054.09,00:04,2108,-87
1054.52,00:02,2109,-99
1054.54,00:03,2109,-95
1054.59,00:04,2109,-87
1055.01,00:02,2110,-99
1055.04,00:03,2110,-95
1055.09,00:04,2110,-87
1055.52,00:02,2111,-99
1055.54,00:03,2111,-95
1055.59,00:04,2111,-87
1056.01,00:02,2112,-99
1056.04,00:03,2112,-95
1056.09,00:04,2112,-87
1056.52,00:02,2113,-99
1056.54,00:03,2113,-95
1056.59,00:04,2113,-87
1057.02,00:02,2114,-99
1057.04,00:03,2114,-95
1057.09,00:04,2114,-87
1057.52,00:02,2115,-99
1057.54,00:03,2115,-95
1057.59,00:04,2115,-87
1058.02,00:02,2116,-99
1058.04,00:03,2116,-95
1058.09,00:04,2116,-87
1058.51,00:02,2117,-98
1058.54,00:03,2117,-95
1058.59,00:04,2117,-87
1059.01,00:02,2118,-98
1059.04,00:03,2118,-95
1059.09,00:04,2118,-86
1059.51,00:02,2119,-98
1059.54,00:03,2119,-95
1059.59,00:04,2119,-86
1060.01,00:02,2120,-98
1060.04,00:03,2120,-95
1060.09,00:04,2120,-86
1060.52,00:02,2121,-98
1060.54,00:03,2121,-95
1060.59,00:04,2121,-86
1061.02,00:02,2122,-98
1061.04,00:03,2122,-95
1061.09,00:04,2122,-86
1061.51,00:02,2123,-98
1061.54,00:03,2123,-95
1061.59,00:04,2123,-86
1062.01,00:02,2124,-98
1062.04,00:03,2124,-95
1062.09,00:04,2124,-86
1062.52,00:02,2125,-98
1062.54,00:03,2125,-95
1062.59,00:04,2125,-86
1063.01,00:02,2126,-98
1063.04,00:03,2126,-95
1063.09,00:04,2126,-85
1063.52,00:02,2127,-98
1063.54,00:03,2127,-95
1063.59,00:04,2127,-85
1064.01,00:02,2128,-98
1064.04,00:03,2128,-95
1064.09,00:04,2128,-85
1064.52,00:02,2129,-98
1064.54,00:03,2129,-95
1064.59,00:04,2129,-85
1065.02,00:02,2130,-98
1065.04,00:03,2130,-95
1065.09,00:04,2130,-85
1065.52,00:02,2131,-97
1065.54,00:03,2131,-95
1065.59,00:04,2131,-85
1066.01,00:02,2132,-97
1066.04,00:03,2132,-95
1066.09,00:04,2132,-85
1066.51,00:02,2133,-97
1066.54,00:03,2133,-95
1066.59,00:04,2133,-84
1067.02,00:02,2134,-97
1067.04,00:03,2134,-95
1067.09,00:04,2134,-84
1067.51,00:02,2135,-97
1067.54,00:03,2135,-95
1067.59,00:04,2135,-84
1068.01,00:02,2136,-97
1068.04,00:03,2136,-95
1068.09,00:04,2136,-84
1068.51,00:02,2137,-97
1068.54,00:03,2137,-96
1068.59,00:04,2137,-84
1069.01,00:02,2138,-101
1069.04,00:03,2138,-100
1069.09,00:04,2138,-88
1069.51,00:02,2139,-101
1069.54,00:03,2139,-100
1069.59,00:04,2139,-88
1070.02,00:02,2140,-101
1070.04,00:03,2140,-100
1070.09,00:04,2140,-88
1070.51,00:02,2141,-101
1070.54,00:03,2141,-100
1070.59,00:04,2141,-87
1071.01,00:02,2142,-101
1071.04,00:03,2142,-100
1071.09,00:04,2142,-87
1071.52,00:02,2143,-101
1071.54,00:03,2143,-100
1071.59,00:04,2143,-87
1072.02,00:02,2144,-101
1072.04,00:03,2144,-100
1072.09,00:04,2144,-87
1072.51,00:02,2145,-100
1072.54,00:03,2145,-100
1072.59,00:04,2145,-87
1073.01,00:02,2146,-96
1073.04,00:03,2146,-96
1073.09,00:04,2146,-83
1073.52,00:02,2147,-96
1073.54,00:03,2147,-96
1073.59,00:04,2147,-83
1074.01,00:02,2148,-96
1074.04,00:03,2148,-96
1074.09,00:04,2148,-82
1074.51,00:02,2149,-96
1074.54,00:03,2149,-96
1074.59,00:04,2149,-82
1075.02,00:02,2150,-96
1075.04,00:03,2150,-96
1075.09,00:04,2150,-82
1075.51,00:02,2151,-96
1075.54,00:03,2151,-96
1075.59,00:04,2151,-82
1076.01,00:02,2152,-96
1076.04,00:03,2152,-96
1076.09,00:04,2152,-82
1076.51,00:02,2153,-96
1076.54,00:03,2153,-96
1076.59,00:04,2153,-82
1077.02,00:02,2154,-96
1077.04,00:03,2154,-96
1077.09,00:04,2154,-82
1077.51,00:02,2155,-96
1077.54,00:03,2155,-96
1077.59,00:04,2155,-82
1078.02,00:02,2156,-96
1078.04,00:03,2156,-96
1078.09,00:04,2156,-81
1078.51,00:02,2157,-96
1078.54,00:03,2157,-96
1078.59,00:04,2157,-81
1079.01,00:02,2158,-96
1079.04,00:03,2158,-96
1079.09,00:04,2158,-81
1079.52,00:02,2159,-95
1079.54,00:03,2159,-96
1079.59,00:04,2159,-81
1080.01,00:02,2160,-95
1080.04,00:03,2160,-96
1080.09,00:04,2160,-81
1080.52,00:02,2161,-95
1080.54,00:03,2161,-97
1080.59,00:04,2161,-81
1081.02,00:02,2162,-95
1081.04,00:03,2162,-97
1081.09,00:04,2162,-81
1081.51,00:02,2163,-95
1081.54,00:03,2163,-97
1081.59,00:04,2163,-81
1082.02,00:02,2164,-95
1082.04,00:03,2164,-97
1082.09,00:04,2164,-80
1082.51,00:02,2165,-95
1082.54,00:03,2165,-97
1082.59,00:04,2165,-80
1083.02,00:02,2166,-95
1083.04,00:03,2166,-97
1083.09,00:04,2166,-80
1083.52,00:02,2167,-95
1083.54,00:03,2167,-97
1083.59,00:04,2167,-80
1084.01,00:02,2168,-95
1084.04,00:03,2168,-97
1084.09,00:04,2168,-80
1084.52,00:02,2169,-95
1084.54,00:03,2169,-97
1084.59,00:04,2169,-80
1085.01,00:02,2170,-95
1085.04,00:03,2170,-97
1085.09,00:04,2170,-80
1085.51,00:02,2171,-95
1085.54,00:03,2171,-97
1085.59,00:04,2171,-80
1086.01,00:02,2172,-94
1086.04,00:03,2172,-97
1086.09,00:04,2172,-80
1086.51,00:02,2173,-94
1086.54,00:03,2173,-97
1086.59,00:04,2173,-79
1087.02,00:02,2174,-94
1087.04,00:03,2174,-97
1087.09,00:04,2174,-79
1087.52,00:02,2175,-94
1087.54,00:03,2175,-97
1087.59,00:04,2175,-79
1088.01,00:02,2176,-94
1088.04,00:03,2176,-97
1088.09,00:04,2176,-79
1088.51,00:02,2177,-94
1088.54,00:03,2177,-97
1088.59,00:04,2177,-79
1089.02,00:02,2178,-94
1089.04,00:03,2178,-98
1089.09,00:04,2178,-79
1089.51,00:02,2179,-94
1089.54,00:03,2179,-98
1089.59,00:04,2179,-79
1090.02,00:02,2180,-94
1090.04,00:03,2180,-98
1090.09,00:04,2180,-79
1090.52,00:02,2181,-94
1090.54,00:03,2181,-98
1090.59,00:04,2181,-79
1091.01,00:02,2182,-94
1091.04,00:03,2182,-98
1091.09,00:04,2182,-79
1091.51,00:02,2183,-94
1091.54,00:03,2183,-98
1091.59,00:04,2183,-79
1092.02,00:02,2184,-94
1092.04,00:03,2184,-98
1092.09,00:04,2184,-78
1092.51,00:02,2185,-93
1092.54,00:03,2185,-98
1092.59,00:04,2185,-78
1093.01,00:02,2186,-93
1093.04,00:03,2186,-98
1093.09,00:04,2186,-78
1093.51,00:02,2187,-93
1093.54,00:03,2187,-98
1093.59,00:04,2187,-78
1094.01,00:02,2188,-93
1094.04,00:03,2188,-98
1094.09,00:04,2188,-78
1094.51,00:02,2189,-93
1094.54,00:03,2189,-98
1094.59,00:04,2189,-78
1095.01,00:02,2190,-93
1095.04,00:03,2190,-98
1095.09,00:04,2190,-78
1095.51,00:02,2191,-93
1095.54,00:03,2191,-98
1095.59,00:04,2191,-78
1096.02,00:02,2192,-93
1096.04,00:03,2192,-99
1096.09,00:04,2192,-78
1096.51,00:02,2193,-93
1096.54,00:03,2193,-99
1096.59,00:04,2193,-78
1097.01,00:02,2194,-93
1097.04,00:03,2194,-99
1097.09,00:04,2194,-78
1097.51,00:02,2195,-93
1097.54,00:03,2195,-99
1097.59,00:04,2195,-78
1098.01,00:02,2196,-93
1098.04,00:03,2196,-99
1098.09,00:04,2196,-78
1098.52,00:02,2197,-93
1098.54,00:03,2197,-99
1098.59,00:04,2197,-78
1099.01,00:02,2198,-93
1099.04,00:03,2198,-99
1099.09,00:04,2198,-78
1099.51,00:02,2199,-92
1099.54,00:03,2199,-99
1099.59,00:04,2199,-78
1100.02,00:02,2200,-92
1100.04,00:03,2200,-99
1100.09,00:04,2200,-78
1100.51,00:02,2201,-92
1100.54,00:03,2201,-99
1100.59,00:04,2201,-78
1101.01,00:02,2202,-92
1101.04,00:03,2202,-99
1101.09,00:04,2202,-78
1101.52,00:02,2203,-92
1101.54,00:03,2203,-99
1101.59,00:04,2203,-78
1102.01,00:02,2204,-92
1102.04,00:03,2204,-99
1102.09,00:04,2204,-78
1102.51,00:02,2205,-92
1102.54,00:03,2205,-99
1102.59,00:04,2205,-78
1103.02,00:02,2206,-92
1103.04,00:03,2206,-100
1103.09,00:04,2206,-78
1103.51,00:02,2207,-92
1103.54,00:03,2207,-100
1103.59,00:04,2207,-78
1104.02,00:02,2208,-92
1104.04,00:03,2208,-100
1104.09,00:04,2208,-78
1104.51,00:02,2209,-92
1104.54,00:03,2209,-100
1104.59,00:04,2209,-78
1105.02,00:02,2210,-92
1105.04,00:03,2210,-100
1105.09,00:04,2210,-78
1105.51,00:02,2211,-92
1105.54,00:03,2211,-100
1105.59,00:04,2211,-78
1106.02,00:02,2212,-92
1106.04,00:03,2212,-100
1106.09,00:04,2212,-78
1106.52,00:02,2213,-91
1106.54,00:03,2213,-100
1106.59,00:04,2213,-78
1107.01,00:02,2214,-91
1107.04,00:03,2214,-100
1107.09,00:04,2214,-78
1107.51,00:02,2215,-91
1107.54,00:03,2215,-100
1107.59,00:04,2215,-78
1108.01,00:02,2216,-91
1108.04,00:03,2216,-100
1108.09,00:04,2216,-78
1108.52,00:02,2217,-91
1108.54,00:03,2217,-100
1108.59,00:04,2217,-78
1109.01,00:02,2218,-91
1109.04,00:03,2218,-100
1109.09,00:04,2218,-78
1109.51,00:02,2219,-91
1109.54,00:03,2219,-100
1109.59,00:04,2219,-78
1110.02,00:02,2220,-91
1110.04,00:03,2220,-101
1110.09,00:04,2220,-78
1110.52,00:02,2221,-91
1110.54,00:03,2221,-101
1110.59,00:04,2221,-79
1111.01,00:02,2222,-91
1111.04,00:03,2222,-101
1111.09,00:04,2222,-79
1111.52,00:02,2223,-91
1111.54,00:03,2223,-101
1111.59,00:04,2223,-79
1112.02,00:02,2224,-91
1112.04,00:03,2224,-101
1112.09,00:04,2224,-79
1112.52,00:02,2225,-91
1112.54,00:03,2225,-101
1112.59,00:04,2225,-79
1113.02,00:02,2226,-91
1113.04,00:03,2226,-101
1113.09,00:04,2226,-79
1113.52,00:02,2227,-91
1113.54,00:03,2227,-101
1113.59,00:04,2227,-79
1114.02,00:02,2228,-90
1114.04,00:03,2228,-101
1114.09,00:04,2228,-79
1114.51,00:02,2229,-90
1114.54,00:03,2229,-101
1114.59,00:04,2229,-79
1115.02,00:02,2230,-90
1115.04,00:03,2230,-101
1115.09,00:04,2230,-79
1115.52,00:02,2231,-90
1115.54,00:03,2231,-101
1115.59,00:04,2231,-79
1116.01,00:02,2232,-90
1116.04,00:03,2232,-101
1116.09,00:04,2232,-80
1116.51,00:02,2233,-90
1116.54,00:03,2233,-102
1116.59,00:04,2233,-80
1117.01,00:02,2234,-90
1117.04,00:03,2234,-102
1117.09,00:04,2234,-80
1117.51,00:02,2235,-90
1117.54,00:03,2235,-102
1117.59,00:04,2235,-80
1118.02,00:02,2236,-90
1118.04,00:03,2236,-102
1118.09,00:04,2236,-80
1118.51,00:02,2237,-90
1118.54,00:03,2237,-102
1118.59,00:04,2237,-80
1119.01,00:02,2238,-90
1119.04,00:03,2238,-102
1119.09,00:04,2238,-80
1119.51,00:02,2239,-90
1119.54,00:03,2239,-102
1119.59,00:04,2239,-80
1120.01,00:02,2240,-90
1120.04,00:03,2240,-102
1120.09,00:04,2240,-80
1120.51,00:02,2241,-90
1120.54,00:03,2241,-102
1120.59,00:04,2241,-81
1121.01,00:02,2242,-90
1121.04,00:03,2242,-102
1121.09,00:04,2242,-81
1121.51,00:02,2243,-90
1121.54,00:03,2243,-102
1121.59,00:04,2243,-81
1122.02,00:02,2244,-90
1122.04,00:03,2244,-102
1122.09,00:04,2244,-81
1122.51,00:02,2245,-89
1122.54,00:03,2245,-102
1122.59,00:04,2245,-81
1123.02,00:02,2246,-89
1123.04,00:03,2246,-102
1123.09,00:04,2246,-81
1123.52,00:02,2247,-89
1123.54,00:03,2247,-103
1123.59,00:04,2247,-81
1124.02,00:02,2248,-89
1124.04,00:03,2248,-103
1124.09,00:04,2248,-81
1124.51,00:02,2249,-89
1124.54,00:03,2249,-103
1124.59,00:04,2249,-82
1125.01,00:02,2250,-89
1125.04,00:03,2250,-103
1125.09,00:04,2250,-82
1125.51,00:02,2251,-89
1125.54,00:03,2251,-103
1125.59,00:04,2251,-82
1126.01,00:02,2252,-89
1126.04,00:03,2252,-103
1126.09,00:04,2252,-82
1126.52,00:02,2253,-89
1126.54,00:03,2253,-103
1126.59,00:04,2253,-82
1127.02,00:02,2254,-89
1127.04,00:03,2254,-103
1127.09,00:04,2254,-82
1127.52,00:02,2255,-89
1127.54,00:03,2255,-103
1127.59,00:04,2255,-82
1128.01,00:02,2256,-89
1128.04,00:03,2256,-103
1128.09,00:04,2256,-82
1128.52,00:02,2257,-89
1128.54,00:03,2257,-103
1128.59,00:04,2257,-83
1129.01,00:02,2258,-93
1129.04,00:03,2258,-107
1129.09,00:04,2258,-87
1129.51,00:02,2259,-93
1129.54,00:03,2259,-107
1129.59,00:04,2259,-87
1130.01,00:02,2260,-93
1130.09,00:04,2260,-87
1130.52,00:02,2261,-93
1130.54,00:03,2261,-108
1130.59,00:04,2261,-87
1131.02,00:02,2262,-93
1131.04,00:03,2262,-108
1131.09,00:04,2262,-87
1131.52,00:02,2263,-93
1131.54,00:03,2263,-108
1131.59,00:04,2263,-87
1132.01,00:02,2264,-93
1132.04,00:03,2264,-108
1132.09,00:04,2264,-88
1132.51,00:02,2265,-93
1132.54,00:03,2265,-108
1132.59,00:04,2265,-88
1133.02,00:02,2266,-89
1133.04,00:03,2266,-104
1133.09,00:04,2266,-84
1133.51,00:02,2267,-89
1133.54,00:03,2267,-104
1133.59,00:04,2267,-84
1134.01,00:02,2268,-89
1134.04,00:03,2268,-104
1134.09,00:04,2268,-84
1134.51,00:02,2269,-88
1134.54,00:03,2269,-104
1134.59,00:04,2269,-84
1135.01,00:02,2270,-88
1135.04,00:03,2270,-104
1135.09,00:04,2270,-84
1135.52,00:02,2271,-88
1135.54,00:03,2271,-104
1135.59,00:04,2271,-85
1136.02,00:02,2272,-88
1136.04,00:03,2272,-104
1136.09,00:04,2272,-85
1136.51,00:02,2273,-88
1136.54,00:03,2273,-104
1136.59,00:04,2273,-85
1137.02,00:02,2274,-88
1137.04,00:03,2274,-105
1137.09,00:04,2274,-85
1137.51,00:02,2275,-88
1137.54,00:03,2275,-105
1137.59,00:04,2275,-85
1138.01,00:02,2276,-88
1138.04,00:03,2276,-105
1138.09,00:04,2276,-85
1138.52,00:02,2277,-88
1138.54,00:03,2277,-105
1138.59,00:04,2277,-85
1139.02,00:02,2278,-88
1139.04,00:03,2278,-105
1139.09,00:04,2278,-85
1139.51,00:02,2279,-88
1139.54,00:03,2279,-105
1139.59,00:04,2279,-86
1140.01,00:02,2280,-88
1140.04,00:03,2280,-105
1140.09,00:04,2280,-86
1140.52,00:02,2281,-88
1140.54,00:03,2281,-105
1140.59,00:04,2281,-86
1141.02,00:02,2282,-88
1141.04,00:03,2282,-105
1141.09,00:04,2282,-86
1141.51,00:02,2283,-88
1141.54,00:03,2283,-105
1141.59,00:04,2283,-86
1142.02,00:02,2284,-88
1142.04,00:03,2284,-105
1142.09,00:04,2284,-86
1142.51,00:02,2285,-88
1142.54,00:03,2285,-105
1142.59,00:04,2285,-86
1143.01,00:02,2286,-88
1143.04,00:03,2286,-105
1143.09,00:04,2286,-87
1143.51,00:02,2287,-88
1143.54,00:03,2287,-105
1143.59,00:04,2287,-87
1144.01,00:02,2288,-88
1144.04,00:03,2288,-105
1144.09,00:04,2288,-87
1144.52,00:02,2289,-88
1144.54,00:03,2289,-106
1144.59,00:04,2289,-87
1145.02,00:02,2290,-88
1145.04,00:03,2290,-106
1145.09,00:04,2290,-87
1145.51,00:02,2291,-88
1145.54,00:03,2291,-106
1145.59,00:04,2291,-87
1146.02,00:02,2292,-88
1146.04,00:03,2292,-106
1146.09,00:04,2292,-87
1146.51,00:02,2293,-88
1146.54,00:03,2293,-106
1146.59,00:04,2293,-87
1147.02,00:02,2294,-88
1147.04,00:03,2294,-106
1147.09,00:04,2294,-87
1147.51,00:02,2295,-89
1147.54,00:03,2295,-106
1147.59,00:04,2295,-87
1148.01,00:02,2296,-89
1148.04,00:03,2296,-106
1148.09,00:04,2296,-87
1148.52,00:02,2297,-89
1148.54,00:03,2297,-106
1148.59,00:04,2297,-87
1149.01,00:02,2298,-89
1149.04,00:03,2298,-106
1149.09,00:04,2298,-87
1149.52,00:02,2299,-89
1149.54,00:03,2299,-106
1149.59,00:04,2299,-87
1150.02,00:02,2300,-89
1150.04,00:03,2300,-106
1150.09,00:04,2300,-87
1150.51,00:02,2301,-89
1150.54,00:03,2301,-106
1150.59,00:04,2301,-86
1151.02,00:02,2302,-90
1151.04,00:03,2302,-106
1151.09,00:04,2302,-86
1151.52,00:02,2303,-90
1151.54,00:03,2303,-106
1151.59,00:04,2303,-86
1152.01,00:02,2304,-90
1152.04,00:03,2304,-106
1152.09,00:04,2304,-86
1152.51,00:02,2305,-90
1152.54,00:03,2305,-106
1152.59,00:04,2305,-86
1153.02,00:02,2306,-90
1153.04,00:03,2306,-106
1153.09,00:04,2306,-86
1153.52,00:02,2307,-90
1153.54,00:03,2307,-106
1153.59,00:04,2307,-86
1154.01,00:02,2308,-90
1154.04,00:03,2308,-106
1154.09,00:04,2308,-86
1154.51,00:02,2309,-90
1154.54,00:03,2309,-106
1154.59,00:04,2309,-86
1155.01,00:02,2310,-90
1155.04,00:03,2310,-106
1155.09,00:04,2310,-86
1155.52,00:02,2311,-90
1155.54,00:03,2311,-106
1155.59,00:04,2311,-85
1156.02,00:02,2312,-90
1156.04,00:03,2312,-106
1156.09,00:04,2312,-85
1156.51,00:02,2313,-90
1156.54,00:03,2313,-106
1156.59,00:04,2313,-85
1157.02,00:02,2314,-90
1157.04,00:03,2314,-106
1157.09,00:04,2314,-85
1157.51,00:02,2315,-90
1157.54,00:03,2315,-105
1157.59,00:04,2315,-85
1158.02,00:02,2316,-90
1158.04,00:03,2316,-105
1158.09,00:04,2316,-85
1158.51,00:02,2317,-90
1158.54,00:03,2317,-105
1158.59,00:04,2317,-84
1159.02,00:02,2318,-90
1159.04,00:03,2318,-105
1159.09,00:04,2318,-84
1159.51,00:02,2319,-90
1159.54,00:03,2319,-105
1159.59,00:04,2319,-84
1160.01,00:02,2320,-90
1160.04,00:03,2320,-105
1160.09,00:04,2320,-84
1160.52,00:02,2321,-90
1160.54,00:03,2321,-105
1160.59,00:04,2321,-84
1161.01,00:02,2322,-90
1161.04,00:03,2322,-105
1161.09,00:04,2322,-84
1161.51,00:02,2323,-90
1161.54,00:03,2323,-105
1161.59,00:04,2323,-84
1162.02,00:02,2324,-90
1162.04,00:03,2324,-105
1162.09,00:04,2324,-83
1162.51,00:02,2325,-90
1162.54,00:03,2325,-105
1162.59,00:04,2325,-83
1163.02,00:02,2326,-90
1163.04,00:03,2326,-105
1163.09,00:04,2326,-83
1163.51,00:02,2327,-90
1163.54,00:03,2327,-105
1163.59,00:04,2327,-83
1164.02,00:02,2328,-90
1164.04,00:03,2328,-105
1164.09,00:04,2328,-83
1164.52,00:02,2329,-90
1164.54,00:03,2329,-105
1164.59,00:04,2329,-83
1165.02,00:02,2330,-94
1165.09,00:04,2330,-86
1165.51,00:02,2331,-94
1165.54,00:03,2331,-108
1165.59,00:04,2331,-86
1166.01,00:02,2332,-94
1166.04,00:03,2332,-108
1166.09,00:04,2332,-86
1166.52,00:02,2333,-94
1166.54,00:03,2333,-108
1166.59,00:04,2333,-86
1167.02,00:02,2334,-94
1167.09,00:04,2334,-86
1167.52,00:02,2335,-94
1167.58,00:04,2335,-86
1168.02,00:02,2336,-94
1168.04,00:03,2336,-108
1168.09,00:04,2336,-85
1168.51,00:02,2337,-94
1168.54,00:03,2337,-108
1168.59,00:04,2337,-85
1169.02,00:02,2338,-90
1169.04,00:03,2338,-104
1169.09,00:04,2338,-81
1169.52,00:02,2339,-90
1169.54,00:03,2339,-104
1169.59,00:04,2339,-81
1170.01,00:02,2340,-90
1170.04,00:03,2340,-104
1170.09,00:04,2340,-81
1170.52,00:02,2341,-90
1170.54,00:03,2341,-104
1170.59,00:04,2341,-81
1171.02,00:02,2342,-90
1171.04,00:03,2342,-104
1171.09,00:04,2342,-81
1171.52,00:02,2343,-90
1171.54,00:03,2343,-104
1171.59,00:04,2343,-80
1172.02,00:02,2344,-90
1172.04,00:03,2344,-104
1172.09,00:04,2344,-80
1172.51,00:02,2345,-90
1172.54,00:03,2345,-103
1172.59,00:04,2345,-80
1173.01,00:02,2346,-90
1173.04,00:03,2346,-103
1173.09,00:04,2346,-80
1173.51,00:02,2347,-91
1173.54,00:03,2347,-103
1173.59,00:04,2347,-80
1174.01,00:02,2348,-91
1174.04,00:03,2348,-103
1174.09,00:04,2348,-80
1174.52,00:02,2349,-91
1174.54,00:03,2349,-103
1174.59,00:04,2349,-79
1175.01,00:02,2350,-91
1175.04,00:03,2350,-103
1175.09,00:04,2350,-79
1175.52,00:02,2351,-91
1175.54,00:03,2351,-103
1175.59,00:04,2351,-79
1176.02,00:02,2352,-91
1176.04,00:03,2352,-103
1176.09,00:04,2352,-79
1176.52,00:02,2353,-91
1176.54,00:03,2353,-103
1176.59,00:04,2353,-79
1177.02,00:02,2354,-91
1177.04,00:03,2354,-103
1177.09,00:04,2354,-79
1177.52,00:02,2355,-91
1177.54,00:03,2355,-103
1177.59,00:04,2355,-78
1178.01,00:02,2356,-91
1178.04,00:03,2356,-103
1178.09,00:04,2356,-78
1178.51,00:02,2357,-91
1178.54,00:03,2357,-103
1178.59,00:04,2357,-78
1179.01,00:02,2358,-91
1179.04,00:03,2358,-103
1179.09,00:04,2358,-78
1179.52,00:02,2359,-91
1179.54,00:03,2359,-102
1179.59,00:04,2359,-78
1180.01,00:02,2360,-91
1180.04,00:03,2360,-102
1180.09,00:04,2360,-78
1180.51,00:02,2361,-91
1180.54,00:03,2361,-102
1180.59,00:04,2361,-78
1181.02,00:02,2362,-91
1181.04,00:03,2362,-102
1181.09,00:04,2362,-77
1181.51,00:02,2363,-91
1181.54,00:03,2363,-102
1181.58,00:04,2363,-77
1182.01,00:02,2364,-91
1182.04,00:03,2364,-102
1182.09,00:04,2364,-77
1182.51,00:02,2365,-91
1182.54,00:03,2365,-102
1182.59,00:04,2365,-77
1183.02,00:02,2366,-91
1183.04,00:03,2366,-102
1183.09,00:04,2366,-77
1183.51,00:02,2367,-92
1183.54,00:03,2367,-102
1183.59,00:04,2367,-77
1184.02,00:02,2368,-92
1184.04,00:03,2368,-102
1184.09,00:04,2368,-77
1184.52,00:02,2369,-92
1184.54,00:03,2369,-102
1184.59,00:04,2369,-77
1185.01,00:02,2370,-92
1185.04,00:03,2370,-102
1185.09,00:04,2370,-76
1185.51,00:02,2371,-92
1185.54,00:03,2371,-102
1185.59,00:04,2371,-76
1186.02,00:02,2372,-92
1186.04,00:03,2372,-102
1186.09,00:04,2372,-76
1186.52,00:02,2373,-92
1186.54,00:03,2373,-102
1186.59,00:04,2373,-76
1187.02,00:02,2374,-92
1187.04,00:03,2374,-101
1187.08,00:04,2374,-76
1187.52,00:02,2375,-92
1187.54,00:03,2375,-101
1187.59,00:04,2375,-76
1188.02,00:02,2376,-92
1188.04,00:03,2376,-101
1188.09,00:04,2376,-76
1188.51,00:02,2377,-92
1188.54,00:03,2377,-101
1188.59,00:04,2377,-76
1189.02,00:02,2378,-92
1189.04,00:03,2378,-101
1189.09,00:04,2378,-76
1189.52,00:02,2379,-92
1189.54,00:03,2379,-101
1189.59,00:04,2379,-76
1190.01,00:02,2380,-92
1190.04,00:03,2380,-101
1190.09,00:04,2380,-75
1190.52,00:02,2381,-92
1190.54,00:03,2381,-101
1190.59,00:04,2381,-75
1191.02,00:02,2382,-92
1191.04,00:03,2382,-101
1191.09,00:04,2382,-75
1191.52,00:02,2383,-92
1191.54,00:03,2383,-101
1191.59,00:04,2383,-75
1192.02,00:02,2384,-93
1192.04,00:03,2384,-101
1192.09,00:04,2384,-75
1192.52,00:02,2385,-93
1192.54,00:03,2385,-101
1192.59,00:04,2385,-75
1193.02,00:02,2386,-93
1193.04,00:03,2386,-101
1193.09,00:04,2386,-75
1193.52,00:02,2387,-93
1193.54,00:03,2387,-101
1193.59,00:04,2387,-75
1194.02,00:02,2388,-93
1194.04,00:03,2388,-101
1194.09,00:04,2388,-75
1194.52,00:02,2389,-93
1194.54,00:03,2389,-100
1194.58,00:04,2389,-75
1195.01,00:02,2390,-93
1195.04,00:03,2390,-100
1195.09,00:04,2390,-75
1195.52,00:02,2391,-93
1195.54,00:03,2391,-100
1195.59,00:04,2391,-75
1196.02,00:02,2392,-93
1196.04,00:03,2392,-100
1196.09,00:04,2392,-75
1196.51,00:02,2393,-93
1196.54,00:03,2393,-100
1196.59,00:04,2393,-75
1197.02,00:02,2394,-93
1197.04,00:03,2394,-100
1197.09,00:04,2394,-75
1197.51,00:02,2395,-93
1197.54,00:03,2395,-100
1197.59,00:04,2395,-75
1198.01,00:02,2396,-93
1198.04,00:03,2396,-100
1198.09,00:04,2396,-75
1198.52,00:02,2397,-93
1198.54,00:03,2397,-100
1198.59,00:04,2397,-75
1199.01,00:02,2398,-93
1199.04,00:03,2398,-100
1199.09,00:04,2398,-75
1199.52,00:02,2399,-93
1199.54,00:03,2399,-100
1199.59,00:04,2399,-75
1200.02,00:02,2400,-94
1200.04,00:03,2400,-100
1200.09,00:04,2400,-75
1200.52,00:02,2401,-94
1200.54,00:03,2401,-100
1200.58,00:04,2401,-75
1201.02,00:02,2402,-94
1201.04,00:03,2402,-100
1201.08,00:04,2402,-75
1201.52,00:02,2403,-94
1201.54,00:03,2403,-100
1201.58,00:04,2403,-75
1202.02,00:02,2404,-94
1202.04,00:03,2404,-99
1202.09,00:04,2404,-75
1202.52,00:02,2405,-94
1202.54,00:03,2405,-99
1202.59,00:04,2405,-75
1203.01,00:02,2406,-94
1203.04,00:03,2406,-99
1203.09,00:04,2406,-75
1203.51,00:02,2407,-94
1203.54,00:03,2407,-99
1203.58,00:04,2407,-75
1204.01,00:02,2408,-94
1204.04,00:03,2408,-99
1204.08,00:04,2408,-75
1204.52,00:02,2409,-94
1204.54,00:03,2409,-99
1204.59,00:04,2409,-76
1205.01,00:02,2410,-94
1205.04,00:03,2410,-99
1205.09,00:04,2410,-76
1205.51,00:02,2411,-94
1205.54,00:03,2411,-99
1205.59,00:04,2411,-76
1206.01,00:02,2412,-94
1206.04,00:03,2412,-99
1206.09,00:04,2412,-76
1206.51,00:02,2413,-94
1206.54,00:03,2413,-99
1206.59,00:04,2413,-76
1207.01,00:02,2414,-94
1207.04,00:03,2414,-99
1207.09,00:04,2414,-76
1207.52,00:02,2415,-95
1207.54,00:03,2415,-99
1207.59,00:04,2415,-76
1208.01,00:02,2416,-95
1208.04,00:03,2416,-99
1208.09,00:04,2416,-76
1208.52,00:02,2417,-95
1208.54,00:03,2417,-99
1208.58,00:04,2417,-76
1209.02,00:02,2418,-95
1209.04,00:03,2418,-99
1209.09,00:04,2418,-76
1209.51,00:02,2419,-95
1209.54,00:03,2419,-99
1209.59,00:04,2419,-77
1210.02,00:02,2420,-95
1210.04,00:03,2420,-99
1210.09,00:04,2420,-77
1210.51,00:02,2421,-95
1210.54,00:03,2421,-98
1210.59,00:04,2421,-77
1211.02,00:02,2422,-95
1211.04,00:03,2422,-98
1211.09,00:04,2422,-77
1211.52,00:02,2423,-95
1211.54,00:03,2423,-98
1211.59,00:04,2423,-77
1212.01,00:02,2424,-95
1212.04,00:03,2424,-98
1212.09,00:04,2424,-77
1212.52,00:02,2425,-95
1212.54,00:03,2425,-98
1212.59,00:04,2425,-77
1213.02,00:02,2426,-95
1213.04,00:03,2426,-98
1213.09,00:04,2426,-78
1213.52,00:02,2427,-95
1213.54,00:03,2427,-98
1213.59,00:04,2427,-78
1214.02,00:02,2428,-95
1214.04,00:03,2428,-98
1214.09,00:04,2428,-78
1214.51,00:02,2429,-96
1214.54,00:03,2429,-98
1214.59,00:04,2429,-78
1215.01,00:02,2430,-96
1215.04,00:03,2430,-98
1215.09,00:04,2430,-78
1215.52,00:02,2431,-96
1215.54,00:03,2431,-98
1215.59,00:04,2431,-78
1216.01,00:02,2432,-96
1216.04,00:03,2432,-98
1216.08,00:04,2432,-78
1216.52,00:02,2433,-96
1216.54,00:03,2433,-98
1216.59,00:04,2433,-79
1217.01,00:02,2434,-96
1217.04,00:03,2434,-98
1217.09,00:04,2434,-79
1217.52,00:02,2435,-96
1217.54,00:03,2435,-98
1217.58,00:04,2435,-79
1218.02,00:02,2436,-96
1218.04,00:03,2436,-98
1218.09,00:04,2436,-79
1218.52,00:02,2437,-96
1218.54,00:03,2437,-98
1218.59,00:04,2437,-79
1219.01,00:02,2438,-96
1219.04,00:03,2438,-98
1219.09,00:04,2438,-79
1219.52,00:02,2439,-96
1219.53,00:03,2439,-98
1219.59,00:04,2439,-79
1220.02,00:02,2440,-96
1220.04,00:03,2440,-98
1220.09,00:04,2440,-80
1220.52,00:02,2441,-96
1220.54,00:03,2441,-98
1220.59,00:04,2441,-80
1221.02,00:02,2442,-96
1221.04,00:03,2442,-97
1221.09,00:04,2442,-80
1221.51,00:02,2443,-96
1221.54,00:03,2443,-97
1221.59,00:04,2443,-80
1222.02,00:02,2444,-97
1222.04,00:03,2444,-97
1222.09,00:04,2444,-80
1222.52,00:02,2445,-97
1222.54,00:03,2445,-97
1222.59,00:04,2445,-80
1223.02,00:02,2446,-97
1223.04,00:03,2446,-97
1223.09,00:04,2446,-81
1223.51,00:02,2447,-97
1223.54,00:03,2447,-97
1223.58,00:04,2447,-81
1224.01,00:02,2448,-97
1224.04,00:03,2448,-97
1224.08,00:04,2448,-81
1224.52,00:02,2449,-97
1224.54,00:03,2449,-97
1224.59,00:04,2449,-81
1225.02,00:02,2450,-101
1225.04,00:03,2450,-101
1225.08,00:04,2450,-85
1225.52,00:02,2451,-101
1225.54,00:03,2451,-101
1225.59,00:04,2451,-85
1226.02,00:02,2452,-101
1226.04,00:03,2452,-101
1226.09,00:04,2452,-86
1226.51,00:02,2453,-101
1226.54,00:03,2453,-101
1226.58,00:04,2453,-86
1227.02,00:02,2454,-101
1227.04,00:03,2454,-101
1227.09,00:04,2454,-86
1227.52,00:02,2455,-101
1227.54,00:03,2455,-101
1227.59,00:04,2455,-86
1228.02,00:02,2456,-101
1228.04,00:03,2456,-101
1228.09,00:04,2456,-86
1228.52,00:02,2457,-101
1228.54,00:03,2457,-101
1228.58,00:04,2457,-86
1229.02,00:02,2458,-98
1229.04,00:03,2458,-97
1229.09,00:04,2458,-83
1229.51,00:02,2459,-98
1229.54,00:03,2459,-97
1229.59,00:04,2459,-83
1230.02,00:02,2460,-98
1230.04,00:03,2460,-97
1230.09,00:04,2460,-83
1230.51,00:02,2461,-98
1230.54,00:03,2461,-97
1230.59,00:04,2461,-83
1231.02,00:02,2462,-98
1231.04,00:03,2462,-97
1231.09,00:04,2462,-83
1231.52,00:02,2463,-98
1231.54,00:03,2463,-97
1231.59,00:04,2463,-83
1232.02,00:02,2464,-98
1232.04,00:03,2464,-97
1232.09,00:04,2464,-83
1232.52,00:02,2465,-98
1232.54,00:03,2465,-97
1232.59,00:04,2465,-84
1233.02,00:02,2466,-98
1233.04,00:03,2466,-97
1233.08,00:04,2466,-84
1233.52,00:02,2467,-98
1233.54,00:03,2467,-97
1233.59,00:04,2467,-84
1234.02,00:02,2468,-98
1234.04,00:03,2468,-97
1234.09,00:04,2468,-84
1234.52,00:02,2469,-98
1234.54,00:03,2469,-97
1234.59,00:04,2469,-84
1235.02,00:02,2470,-98
1235.04,00:03,2470,-97
1235.09,00:04,2470,-84
1235.52,00:02,2471,-98
1235.54,00:03,2471,-97
1235.58,00:04,2471,-85
1236.02,00:02,2472,-98
1236.04,00:03,2472,-97
1236.09,00:04,2472,-85
1236.52,00:02,2473,-99
1236.54,00:03,2473,-97
1236.59,00:04,2473,-85
1237.01,00:02,2474,-99
1237.04,00:03,2474,-97
1237.08,00:04,2474,-85
1237.52,00:02,2475,-99
1237.54,00:03,2475,-97
1237.59,00:04,2475,-85
1238.02,00:02,2476,-99
1238.04,00:03,2476,-97
1238.09,00:04,2476,-85
1238.52,00:02,2477,-99
1238.54,00:03,2477,-97
1238.59,00:04,2477,-85
1239.02,00:02,2478,-99
1239.04,00:03,2478,-97
1239.09,00:04,2478,-86
1239.52,00:02,2479,-99
1239.54,00:03,2479,-97
1239.59,00:04,2479,-86
1240.02,00:02,2480,-99
1240.04,00:03,2480,-97
1240.08,00:04,2480,-86
1240.52,00:02,2481,-99
1240.54,00:03,2481,-97
1240.58,00:04,2481,-86
1241.02,00:02,2482,-99
1241.04,00:03,2482,-97
1241.09,00:04,2482,-86
1241.52,00:02,2483,-99
1241.54,00:03,2483,-97
1241.58,00:04,2483,-86
1242.02,00:02,2484,-99
1242.03,00:03,2484,-97
1242.09,00:04,2484,-86
1242.51,00:02,2485,-99
1242.54,00:03,2485,-97
1242.59,00:04,2485,-86
1243.02,00:02,2486,-99
1243.04,00:03,2486,-97
1243.08,00:04,2486,-86
1243.51,00:02,2487,-99
1243.53,00:03,2487,-97
1243.58,00:04,2487,-86
1244.02,00:02,2488,-99
1244.04,00:03,2488,-97
1244.09,00:04,2488,-86
1244.52,00:02,2489,-99
1244.54,00:03,2489,-97
1244.59,00:04,2489,-86
1245.02,00:02,2490,-100
1245.04,00:03,2490,-97
1245.09,00:04,2490,-86
1245.52,00:02,2491,-100
1245.54,00:03,2491,-98
1245.59,00:04,2491,-86
1246.02,00:02,2492,-100
1246.04,00:03,2492,-98
1246.09,00:04,2492,-86
1246.51,00:02,2493,-100
1246.54,00:03,2493,-98
1246.58,00:04,2493,-86
1247.02,00:02,2494,-100
1247.03,00:03,2494,-98
1247.09,00:04,2494,-86
1247.52,00:02,2495,-100
1247.54,00:03,2495,-98
1247.58,00:04,2495,-86
1248.02,00:02,2496,-100
1248.04,00:03,2496,-98
1248.09,00:04,2496,-86
1248.52,00:02,2497,-100
1248.54,00:03,2497,-98
1248.59,00:04,2497,-85
1249.02,00:02,2498,-100
1249.04,00:03,2498,-98
1249.08,00:04,2498,-85
1249.52,00:02,2499,-100
1249.54,00:03,2499,-98
1249.58,00:04,2499,-85
1250.01,00:02,2500,-99
1250.04,00:03,2500,-98
1250.09,00:04,2500,-85
1250.52,00:02,2501,-99
1250.53,00:03,2501,-98
1250.58,00:04,2501,-85
1251.02,00:02,2502,-99
1251.04,00:03,2502,-98
1251.08,00:04,2502,-85
1251.51,00:02,2503,-99
1251.54,00:03,2503,-98
1251.59,00:04,2503,-84
1252.02,00:02,2504,-99
1252.04,00:03,2504,-98
1252.08,00:04,2504,-84
1252.52,00:02,2505,-99
1252.54,00:03,2505,-98
1252.59,00:04,2505,-84
1253.02,00:02,2506,-99
1253.04,00:03,2506,-98
1253.09,00:04,2506,-84
1253.51,00:02,2507,-99
1253.54,00:03,2507,-98
1253.58,00:04,2507,-84
1254.02,00:02,2508,-99
1254.04,00:03,2508,-98
1254.08,00:04,2508,-84
1254.51,00:02,2509,-99
1254.53,00:03,2509,-98
1254.58,00:04,2509,-83
1255.02,00:02,2510,-99
1255.04,00:03,2510,-98
1255.09,00:04,2510,-83
1255.52,00:02,2511,-99
1255.54,00:03,2511,-98
1255.58,00:04,2511,-83
1256.02,00:02,2512,-99
1256.04,00:03,2512,-98
1256.09,00:04,2512,-83
1256.52,00:02,2513,-99
1256.54,00:03,2513,-98
1256.59,00:04,2513,-83
1257.02,00:02,2514,-99
1257.04,00:03,2514,-98
1257.09,00:04,2514,-83
1257.52,00:02,2515,-99
1257.54,00:03,2515,-98
1257.59,00:04,2515,-82
1258.02,00:02,2516,-98
1258.04,00:03,2516,-98
1258.09,00:04,2516,-82
1258.52,00:02,2517,-98
1258.54,00:03,2517,-98
1258.59,00:04,2517,-82
1259.01,00:02,2518,-98
1259.04,00:03,2518,-98
1259.09,00:04,2518,-82
1259.52,00:02,2519,-98
1259.54,00:03,2519,-98
1259.59,00:04,2519,-82
1260.02,00:02,2520,-98
1260.04,00:03,2520,-98
1260.09,00:04,2520,-82
1260.52,00:02,2521,-98
1260.54,00:03,2521,-98
1260.59,00:04,2521,-81
1261.02,00:02,2522,-102
1261.04,00:03,2522,-102
1261.08,00:04,2522,-85
1261.52,00:02,2523,-102
1261.54,00:03,2523,-102
1261.59,00:04,2523,-85
1262.02,00:02,2524,-102
1262.04,00:03,2524,-102
1262.08,00:04,2524,-85
1262.52,00:02,2525,-102
1262.54,00:03,2525,-102
1262.58,00:04,2525,-85
1263.02,00:02,2526,-102
1263.04,00:03,2526,-102
1263.08,00:04,2526,-84
1263.52,00:02,2527,-102
1263.54,00:03,2527,-102
1263.58,00:04,2527,-84
1264.02,00:02,2528,-102
1264.04,00:03,2528,-102
1264.08,00:04,2528,-84
1264.52,00:02,2529,-102
1264.54,00:03,2529,-102
1264.59,00:04,2529,-84
1265.02,00:02,2530,-98
1265.04,00:03,2530,-98
1265.08,00:04,2530,-80
1265.51,00:02,2531,-97
1265.54,00:03,2531,-98
1265.59,00:04,2531,-79
1266.02,00:02,2532,-97
1266.04,00:03,2532,-98
1266.08,00:04,2532,-79
1266.52,00:02,2533,-97
1266.54,00:03,2533,-99
1266.59,00:04,2533,-79
1267.01,00:02,2534,-97
1267.04,00:03,2534,-99
1267.08,00:04,2534,-79
1267.52,00:02,2535,-97
1267.53,00:03,2535,-99
1267.58,00:04,2535,-79
1268.02,00:02,2536,-97
1268.04,00:03,2536,-99
1268.09,00:04,2536,-78
1268.51,00:02,2537,-97
1268.54,00:03,2537,-99
1268.59,00:04,2537,-78
1269.02,00:02,2538,-97
1269.04,00:03,2538,-99
1269.08,00:04,2538,-78
1269.52,00:02,2539,-97
1269.54,00:03,2539,-99
1269.59,00:04,2539,-78
1270.02,00:02,2540,-97
1270.04,00:03,2540,-99
1270.08,00:04,2540,-78
1270.52,00:02,2541,-97
1270.54,00:03,2541,-99
1270.58,00:04,2541,-78
1271.02,00:02,2542,-97
1271.04,00:03,2542,-99
1271.09,00:04,2542,-77
1271.52,00:02,2543,-97
1271.54,00:03,2543,-99
1271.58,00:04,2543,-77
1272.02,00:02,2544,-97
1272.04,00:03,2544,-99
1272.08,00:04,2544,-77
1272.52,00:02,2545,-97
1272.53,00:03,2545,-99
1272.58,00:04,2545,-77
1273.01,00:02,2546,-97
1273.04,00:03,2546,-99
1273.09,00:04,2546,-77
1273.52,00:02,2547,-96
1273.53,00:03,2547,-99
1273.58,00:04,2547,-76
1274.01,00:02,2548,-96
1274.04,00:03,2548,-99
1274.09,00:04,2548,-76
1274.51,00:02,2549,-96
1274.54,00:03,2549,-99
1274.58,00:04,2549,-76
1275.02,00:02,2550,-96
1275.03,00:03,2550,-99
1275.09,00:04,2550,-76
1275.52,00:02,2551,-96
1275.54,00:03,2551,-99
1275.59,00:04,2551,-76
1276.02,00:02,2552,-96
1276.04,00:03,2552,-99
1276.08,00:04,2552,-75
1276.51,00:02,2553,-96
1276.53,00:03,2553,-99
1276.59,00:04,2553,-75
1277.02,00:02,2554,-96
1277.04,00:03,2554,-99
1277.08,00:04,2554,-75
1277.51,00:02,2555,-96
1277.54,00:03,2555,-99
1277.58,00:04,2555,-75
1278.01,00:02,2556,-96
1278.04,00:03,2556,-99
1278.09,00:04,2556,-75
1278.52,00:02,2557,-96
1278.54,00:03,2557,-99
1278.59,00:04,2557,-74
1279.02,00:02,2558,-96
1279.04,00:03,2558,-100
1279.08,00:04,2558,-74
1279.52,00:02,2559,-96
1279.53,00:03,2559,-100
1279.58,00:04,2559,-74
1280.02,00:02,2560,-96
1280.04,00:03,2560,-100
1280.08,00:04,2560,-74
1280.52,00:02,2561,-96
1280.54,00:03,2561,-100
1280.59,00:04,2561,-74
1281.02,00:02,2562,-96
1281.04,00:03,2562,-100
1281.09,00:04,2562,-74
1281.52,00:02,2563,-95
1281.54,00:03,2563,-100
1281.58,00:04,2563,-73
1282.02,00:02,2564,-95
1282.04,00:03,2564,-100
1282.08,00:04,2564,-73
1282.52,00:02,2565,-95
1282.54,00:03,2565,-100
1282.58,00:04,2565,-73
1283.02,00:02,2566,-95
1283.04,00:03,2566,-100
1283.08,00:04,2566,-73
1283.52,00:02,2567,-95
1283.54,00:03,2567,-100
1283.58,00:04,2567,-73
1284.02,00:02,2568,-95
1284.03,00:03,2568,-100
1284.09,00:04,2568,-73
1284.52,00:02,2569,-95
1284.54,00:03,2569,-100
1284.58,00:04,2569,-73
1285.02,00:02,2570,-95
1285.04,00:03,2570,-100
1285.09,00:04,2570,-72
1285.51,00:02,2571,-95
1285.54,00:03,2571,-100
1285.59,00:04,2571,-72
1286.02,00:02,2572,-95
1286.04,00:03,2572,-100
1286.09,00:04,2572,-72
1286.52,00:02,2573,-95
1286.54,00:03,2573,-100
1286.58,00:04,2573,-72
1287.02,00:02,2574,-95
1287.04,00:03,2574,-100
1287.08,00:04,2574,-72
1287.52,00:02,2575,-95
1287.54,00:03,2575,-100
1287.59,00:04,2575,-72
1288.02,00:02,2576,-95
1288.04,00:03,2576,-100
1288.08,00:04,2576,-72
1288.52,00:02,2577,-95
1288.54,00:03,2577,-101
1288.58,00:04,2577,-72
1289.02,00:02,2578,-95
1289.03,00:03,2578,-101
1289.08,00:04,2578,-72
1289.52,00:02,2579,-94
1289.54,00:03,2579,-101
1289.59,00:04,2579,-72
1290.02,00:02,2580,-94
1290.04,00:03,2580,-101
1290.08,00:04,2580,-72
1290.52,00:02,2581,-94
1290.54,00:03,2581,-101
1290.59,00:04,2581,-71
1291.02,00:02,2582,-94
1291.04,00:03,2582,-101
1291.08,00:04,2582,-71
1291.52,00:02,2583,-94
1291.54,00:03,2583,-101
1291.59,00:04,2583,-71
1292.02,00:02,2584,-94
1292.04,00:03,2584,-101
1292.08,00:04,2584,-71
1292.52,00:02,2585,-94
1292.54,00:03,2585,-101
1292.58,00:04,2585,-71
1293.02,00:02,2586,-94
1293.04,00:03,2586,-101
1293.08,00:04,2586,-71
1293.51,00:02,2587,-94
1293.54,00:03,2587,-101
1293.58,00:04,2587,-71
1294.02,00:02,2588,-94
1294.03,00:03,2588,-101
1294.08,00:04,2588,-71
1294.52,00:02,2589,-94
1294.54,00:03,2589,-101
1294.58,00:04,2589,-71
1295.02,00:02,2590,-94
1295.04,00:03,2590,-101
1295.08,00:04,2590,-71
1295.52,00:02,2591,-94
1295.54,00:03,2591,-101
1295.58,00:04,2591,-71
1296.02,00:02,2592,-94
1296.04,00:03,2592,-101
1296.08,00:04,2592,-72
1296.51,00:02,2593,-94
1296.54,00:03,2593,-101
1296.58,00:04,2593,-72
1297.02,00:02,2594,-94
1297.03,00:03,2594,-102
1297.08,00:04,2594,-72
1297.52,00:02,2595,-94
1297.54,00:03,2595,-102
1297.58,00:04,2595,-72
1298.02,00:02,2596,-93
1298.04,00:03,2596,-102
1298.08,00:04,2596,-72
1298.52,00:02,2597,-93
1298.54,00:03,2597,-102
1298.58,00:04,2597,-72
1299.02,00:02,2598,-93
1299.04,00:03,2598,-102
1299.08,00:04,2598,-72
1299.52,00:02,2599,-93
1299.54,00:03,2599,-102
1299.59,00:04,2599,-72
1300.02,00:02,2600,-93
1300.04,00:03,2600,-102
1300.09,00:04,2600,-72
1300.52,00:02,2601,-93
1300.54,00:03,2601,-102
1300.58,00:04,2601,-72
1301.02,00:02,2602,-93
1301.04,00:03,2602,-102
1301.08,00:04,2602,-72
1301.52,00:02,2603,-93
1301.53,00:03,2603,-102
1301.59,00:04,2603,-73
1302.02,00:02,2604,-93
1302.04,00:03,2604,-102
1302.08,00:04,2604,-73
1302.52,00:02,2605,-93
1302.54,00:03,2605,-102
1302.59,00:04,2605,-73
1303.02,00:02,2606,-93
1303.04,00:03,2606,-102
1303.08,00:04,2606,-73
1303.52,00:02,2607,-93
1303.54,00:03,2607,-102
1303.59,00:04,2607,-73
1304.02,00:02,2608,-93
1304.03,00:03,2608,-102
1304.08,00:04,2608,-73
1304.52,00:02,2609,-93
1304.54,00:03,2609,-102
1304.58,00:04,2609,-73
1305.01,00:02,2610,-93
1305.04,00:03,2610,-103
1305.08,00:04,2610,-74
1305.52,00:02,2611,-93
1305.54,00:03,2611,-103
1305.59,00:04,2611,-74
1306.02,00:02,2612,-93
1306.04,00:03,2612,-103
1306.08,00:04,2612,-74
1306.52,00:02,2613,-93
1306.54,00:03,2613,-103
1306.59,00:04,2613,-74
1307.02,00:02,2614,-93
1307.04,00:03,2614,-103
1307.08,00:04,2614,-74
1307.52,00:02,2615,-92
1307.53,00:03,2615,-103
1307.58,00:04,2615,-74
1308.02,00:02,2616,-92
1308.04,00:03,2616,-103
1308.09,00:04,2616,-75
1308.52,00:02,2617,-92
1308.53,00:03,2617,-103
1308.58,00:04,2617,-75
1309.01,00:02,2618,-92
1309.04,00:03,2618,-103
1309.08,00:04,2618,-75
1309.52,00:02,2619,-92
1309.54,00:03,2619,-103
1309.58,00:04,2619,-75
1310.01,00:02,2620,-92
1310.04,00:03,2620,-103
1310.08,00:04,2620,-75
1310.52,00:02,2621,-92
1310.54,00:03,2621,-103
1310.58,00:04,2621,-76
1311.02,00:02,2622,-92
1311.03,00:03,2622,-103
1311.08,00:04,2622,-76
1311.52,00:02,2623,-92
1311.54,00:03,2623,-103
1311.58,00:04,2623,-76
1312.02,00:02,2624,-92
1312.03,00:03,2624,-103
1312.08,00:04,2624,-76
1312.52,00:02,2625,-92
1312.54,00:03,2625,-103
1312.58,00:04,2625,-76
1313.02,00:02,2626,-92
1313.03,00:03,2626,-104
1313.08,00:04,2626,-77
1313.52,00:02,2627,-92
1313.53,00:03,2627,-104
1313.59,00:04,2627,-77
1314.02,00:02,2628,-92
1314.04,00:03,2628,-104
1314.09,00:04,2628,-77
1314.52,00:02,2629,-92
1314.54,00:03,2629,-104
1314.58,00:04,2629,-77
1315.02,00:02,2630,-92
1315.04,00:03,2630,-104
1315.08,00:04,2630,-77
1315.52,00:02,2631,-92
1315.54,00:03,2631,-104
1315.58,00:04,2631,-78
1316.02,00:02,2632,-92
1316.03,00:03,2632,-104
1316.08,00:04,2632,-78
1316.52,00:02,2633,-92
1316.54,00:03,2633,-104
1316.58,00:04,2633,-78
1317.02,00:02,2634,-92
1317.04,00:03,2634,-104
1317.08,00:04,2634,-78
1317.52,00:02,2635,-92
1317.53,00:03,2635,-104
1317.58,00:04,2635,-78
1318.02,00:02,2636,-92
1318.03,00:03,2636,-104
1318.08,00:04,2636,-79
1318.52,00:02,2637,-92
1318.54,00:03,2637,-104
1318.58,00:04,2637,-79
1319.02,00:02,2638,-92
1319.04,00:03,2638,-104
1319.08,00:04,2638,-79
1319.52,00:02,2639,-92
1319.53,00:03,2639,-104
1319.58,00:04,2639,-79
1320.02,00:02,2640,-91
1320.04,00:03,2640,-104
1320.08,00:04,2640,-79
1320.52,00:02,2641,-91
1320.54,00:03,2641,-104
1320.58,00:04,2641,-80
1321.02,00:02,2642,-91
1321.04,00:03,2642,-105
1321.08,00:04,2642,-80
1321.52,00:02,2643,-91
1321.53,00:03,2643,-105
1321.59,00:04,2643,-80
1322.02,00:02,2644,-91
1322.03,00:03,2644,-105
1322.08,00:04,2644,-80
1322.52,00:02,2645,-91
1322.54,00:03,2645,-105
1322.58,00:04,2645,-80
1323.02,00:02,2646,-91
1323.04,00:03,2646,-105
1323.08,00:04,2646,-80
1323.52,00:02,2647,-91
1323.53,00:03,2647,-105
1323.58,00:04,2647,-81
1324.02,00:02,2648,-91
1324.04,00:03,2648,-105
1324.08,00:04,2648,-81
1324.52,00:02,2649,-91
1324.54,00:03,2649,-105
1324.58,00:04,2649,-81
1325.02,00:02,2650,-91
1325.03,00:03,2650,-105
1325.09,00:04,2650,-81
1325.52,00:02,2651,-91
1325.54,00:03,2651,-105
1325.58,00:04,2651,-81
1326.02,00:02,2652,-91
1326.04,00:03,2652,-105
1326.08,00:04,2652,-82
1326.52,00:02,2653,-91
1326.53,00:03,2653,-105
1326.59,00:04,2653,-82
1327.02,00:02,2654,-91
1327.04,00:03,2654,-105
1327.08,00:04,2654,-82
1327.52,00:02,2655,-91
1327.54,00:03,2655,-105
1327.58,00:04,2655,-82
1328.02,00:02,2656,-91
1328.04,00:03,2656,-105
1328.08,00:04,2656,-82
1328.52,00:02,2657,-91
1328.54,00:03,2657,-105
1328.58,00:04,2657,-82
1329.02,00:02,2658,-91
1329.03,00:03,2658,-106
1329.08,00:04,2658,-83
1329.52,00:02,2659,-91
1329.53,00:03,2659,-106
1329.58,00:04,2659,-83
1330.02,00:02,2660,-91
1330.03,00:03,2660,-106
1330.09,00:04,2660,-83
1330.52,00:02,2661,-91
1330.54,00:03,2661,-106
1330.58,00:04,2661,-83
1331.02,00:02,2662,-91
1331.03,00:03,2662,-106
1331.08,00:04,2662,-83
1331.52,00:02,2663,-91
1331.53,00:03,2663,-106
1331.59,00:04,2663,-83
1332.02,00:02,2664,-91
1332.04,00:03,2664,-106
1332.08,00:04,2664,-84
1332.51,00:02,2665,-91
1332.54,00:03,2665,-106
1332.58,00:04,2665,-84
1333.02,00:02,2666,-91
1333.04,00:03,2666,-106
1333.08,00:04,2666,-84
1333.52,00:02,2667,-91
1333.54,00:03,2667,-106
1333.58,00:04,2667,-84
1334.02,00:02,2668,-91
1334.04,00:03,2668,-106
1334.08,00:04,2668,-84
1334.52,00:02,2669,-91
1334.54,00:03,2669,-106
1334.58,00:04,2669,-84
1335.02,00:02,2670,-91
1335.04,00:03,2670,-106
1335.08,00:04,2670,-85
1335.52,00:02,2671,-91
1335.53,00:03,2671,-106
1335.58,00:04,2671,-85
1336.01,00:02,2672,-91
1336.04,00:03,2672,-106
1336.08,00:04,2672,-85
1336.52,00:02,2673,-91
1336.53,00:03,2673,-106
1336.58,00:04,2673,-85
1337.02,00:02,2674,-91
1337.03,00:03,2674,-107
1337.08,00:04,2674,-85
1337.52,00:02,2675,-91
1337.53,00:03,2675,-107
1337.58,00:04,2675,-85
1338.02,00:02,2676,-91
1338.04,00:03,2676,-107
1338.09,00:04,2676,-86
1338.52,00:02,2677,-91
1338.54,00:03,2677,-107
1338.58,00:04,2677,-85
1339.01,00:02,2678,-91
1339.03,00:03,2678,-107
1339.08,00:04,2678,-85
1339.52,00:02,2679,-91
1339.54,00:03,2679,-107
1339.58,00:04,2679,-85
1340.02,00:02,2680,-91
1340.03,00:03,2680,-107
1340.08,00:04,2680,-85
1340.52,00:02,2681,-92
1340.53,00:03,2681,-107
1340.58,00:04,2681,-85
1341.02,00:02,2682,-92
1341.04,00:03,2682,-107
1341.08,00:04,2682,-85
1341.52,00:02,2683,-92
1341.54,00:03,2683,-107
1341.58,00:04,2683,-85
1342.02,00:02,2684,-92
1342.03,00:03,2684,-107
1342.08,00:04,2684,-85
1342.52,00:02,2685,-92
1342.54,00:03,2685,-107
1342.58,00:04,2685,-85
1343.02,00:02,2686,-92
1343.03,00:03,2686,-107
1343.08,00:04,2686,-85
1343.52,00:02,2687,-92
1343.54,00:03,2687,-107
1343.58,00:04,2687,-85
1344.02,00:02,2688,-92
1344.04,00:03,2688,-107
1344.08,00:04,2688,-85
1344.52,00:02,2689,-92
1344.54,00:03,2689,-107
1344.58,00:04,2689,-85
1345.02,00:02,2690,-92
1345.03,00:03,2690,-107
1345.08,00:04,2690,-85
1345.52,00:02,2691,-92
1345.54,00:03,2691,-107
1345.58,00:04,2691,-84
1346.02,00:02,2692,-92
1346.04,00:03,2692,-107
1346.08,00:04,2692,-84
1346.52,00:02,2693,-92
1346.54,00:03,2693,-107
1346.58,00:04,2693,-84
1347.02,00:02,2694,-99
1347.08,00:04,2694,-91
1347.52,00:02,2695,-99
1347.58,00:04,2695,-91
1348.02,00:02,2696,-99
1348.08,00:04,2696,-90
1348.51,00:02,2697,-99
1348.59,00:04,2697,-90
1349.02,00:02,2698,-99
1349.09,00:04,2698,-90
1349.52,00:02,2699,-99
1349.58,00:04,2699,-90
1350.02,00:02,2700,-99
1350.08,00:04,2700,-90
1350.52,00:02,2701,-99
1350.58,00:04,2701,-90
1351.02,00:02,2702,-99
1351.08,00:04,2702,-89
1351.52,00:02,2703,-99
1351.58,00:04,2703,-89
1352.02,00:02,2704,-99
1352.08,00:04,2704,-89
1352.52,00:02,2705,-99
1352.58,00:04,2705,-89
1353.02,00:02,2706,-99
1353.08,00:04,2706,-89
1353.52,00:02,2707,-99
1353.58,00:04,2707,-88
1354.02,00:02,2708,-99
1354.09,00:04,2708,-88
1354.52,00:02,2709,-99
1354.58,00:04,2709,-88
1355.02,00:02,2710,-99
1355.08,00:04,2710,-88
1355.52,00:02,2711,-99
1355.58,00:04,2711,-88
1356.02,00:02,2712,-99
1356.08,00:04,2712,-87
1356.51,00:02,2713,-99
1356.58,00:04,2713,-87
1357.02,00:02,2714,-99
1357.08,00:04,2714,-87
1357.52,00:02,2715,-99
1357.58,00:04,2715,-87
1358.02,00:02,2716,-99
1358.08,00:04,2716,-87
1358.51,00:02,2717,-99
1358.58,00:04,2717,-86
1359.02,00:02,2718,-92
1359.04,00:03,2718,-105
1359.08,00:04,2718,-79
1359.51,00:02,2719,-93
1359.54,00:03,2719,-105
1359.58,00:04,2719,-79
1360.02,00:02,2720,-93
1360.03,00:03,2720,-105
1360.08,00:04,2720,-79
1360.52,00:02,2721,-93
1360.54,00:03,2721,-105
1360.58,00:04,2721,-78
1361.02,00:02,2722,-93
1361.04,00:03,2722,-105
1361.08,00:04,2722,-78
1361.52,00:02,2723,-93
1361.53,00:03,2723,-105
1361.58,00:04,2723,-78
1362.02,00:02,2724,-93
1362.03,00:03,2724,-105
1362.08,00:04,2724,-78
1362.52,00:02,2725,-93
1362.54,00:03,2725,-105
1362.58,00:04,2725,-78
1363.02,00:02,2726,-93
1363.03,00:03,2726,-105
1363.08,00:04,2726,-77
1363.52,00:02,2727,-93
1363.53,00:03,2727,-105
1363.59,00:04,2727,-77
1364.02,00:02,2728,-93
1364.04,00:03,2728,-105
1364.08,00:04,2728,-77
1364.52,00:02,2729,-93
1364.53,00:03,2729,-105
1364.58,00:04,2729,-77
1365.02,00:02,2730,-93
1365.03,00:03,2730,-105
1365.08,00:04,2730,-76
1365.52,00:02,2731,-93
1365.54,00:03,2731,-105
1365.58,00:04,2731,-76
1366.02,00:02,2732,-93
1366.04,00:03,2732,-105
1366.08,00:04,2732,-76
1366.52,00:02,2733,-93
1366.54,00:03,2733,-104
1366.58,00:04,2733,-76
1367.02,00:02,2734,-93
1367.04,00:03,2734,-104
1367.08,00:04,2734,-75
1367.52,00:02,2735,-93
1367.53,00:03,2735,-104
1367.58,00:04,2735,-75
1368.02,00:02,2736,-93
1368.04,00:03,2736,-104
1368.08,00:04,2736,-75
1368.52,00:02,2737,-93
1368.54,00:03,2737,-104
1368.58,00:04,2737,-75
1369.02,00:02,2738,-93
1369.04,00:03,2738,-104
1369.08,00:04,2738,-74
1369.52,00:02,2739,-93
1369.53,00:03,2739,-104
1369.58,00:04,2739,-74
1370.02,00:02,2740,-93
1370.03,00:03,2740,-104
1370.08,00:04,2740,-74
1370.52,00:02,2741,-93
1370.54,00:03,2741,-104
1370.58,00:04,2741,-74
1371.02,00:02,2742,-93
1371.03,00:03,2742,-104
1371.08,00:04,2742,-73
1371.52,00:02,2743,-93
1371.54,00:03,2743,-104
1371.58,00:04,2743,-73
1372.02,00:02,2744,-93
1372.03,00:03,2744,-104
1372.08,00:04,2744,-73
1372.52,00:02,2745,-93
1372.53,00:03,2745,-104
1372.58,00:04,2745,-73
1373.02,00:02,2746,-93
1373.03,00:03,2746,-104
1373.08,00:04,2746,-72
1373.52,00:02,2747,-93
1373.54,00:03,2747,-104
1373.58,00:04,2747,-72
1374.02,00:02,2748,-93
1374.03,00:03,2748,-104
1374.08,00:04,2748,-72
1374.52,00:02,2749,-94
1374.53,00:03,2749,-104
1374.58,00:04,2749,-72
1375.02,00:02,2750,-94
1375.03,00:03,2750,-103
1375.08,00:04,2750,-71
1375.52,00:02,2751,-94
1375.54,00:03,2751,-103
1375.58,00:04,2751,-71
1376.02,00:02,2752,-94
1376.03,00:03,2752,-103
1376.08,00:04,2752,-71
1376.52,00:02,2753,-94
1376.53,00:03,2753,-103
1376.58,00:04,2753,-71
1377.02,00:02,2754,-94
1377.04,00:03,2754,-103
1377.08,00:04,2754,-70
1377.52,00:02,2755,-94
1377.53,00:03,2755,-103
1377.58,00:04,2755,-70
1378.01,00:02,2756,-94
1378.03,00:03,2756,-103
1378.08,00:04,2756,-70
1378.52,00:02,2757,-94
1378.53,00:03,2757,-103
1378.58,00:04,2757,-70
1379.02,00:02,2758,-94
1379.03,00:03,2758,-103
1379.08,00:04,2758,-69
1379.52,00:02,2759,-94
1379.53,00:03,2759,-103
1379.58,00:04,2759,-69
1380.02,00:02,2760,-94
1380.04,00:03,2760,-103
1380.08,00:04,2760,-69
1380.52,00:02,2761,-94
1380.54,00:03,2761,-103
1380.58,00:04,2761,-69
1381.02,00:02,2762,-94
1381.04,00:03,2762,-103
1381.08,00:04,2762,-69
1381.52,00:02,2763,-94
1381.54,00:03,2763,-103
1381.58,00:04,2763,-68
1382.02,00:02,2764,-94
1382.03,00:03,2764,-103
1382.08,00:04,2764,-68
1382.52,00:02,2765,-94
1382.54,00:03,2765,-103
1382.58,00:04,2765,-68
1383.02,00:02,2766,-94
1383.03,00:03,2766,-103
1383.08,00:04,2766,-68
1383.52,00:02,2767,-94
1383.54,00:03,2767,-103
1383.58,00:04,2767,-68
1384.02,00:02,2768,-94
1384.04,00:03,2768,-102
1384.08,00:04,2768,-68
1384.52,00:02,2769,-94
1384.54,00:03,2769,-102
1384.58,00:04,2769,-68
1385.02,00:02,2770,-95
1385.03,00:03,2770,-102
1385.08,00:04,2770,-68
1385.51,00:02,2771,-95
1385.53,00:03,2771,-102
1385.58,00:04,2771,-68
1386.02,00:02,2772,-95
1386.04,00:03,2772,-102
1386.08,00:04,2772,-67
1386.52,00:02,2773,-95
1386.54,00:03,2773,-102
1386.58,00:04,2773,-67
1387.02,00:02,2774,-95
1387.03,00:03,2774,-102
1387.08,00:04,2774,-67
1387.52,00:02,2775,-95
1387.53,00:03,2775,-102
1387.58,00:04,2775,-67
1388.02,00:02,2776,-95
1388.03,00:03,2776,-102
1388.08,00:04,2776,-67
1388.52,00:02,2777,-95
1388.54,00:03,2777,-102
1388.58,00:04,2777,-67
1389.02,00:02,2778,-95
1389.04,00:03,2778,-102
1389.08,00:04,2778,-67
1389.52,00:02,2779,-95
1389.54,00:03,2779,-102
1389.58,00:04,2779,-67
1390.02,00:02,2780,-95
1390.03,00:03,2780,-102
1390.08,00:04,2780,-67
1390.52,00:02,2781,-95
1390.54,00:03,2781,-102
1390.58,00:04,2781,-67
1391.02,00:02,2782,-95
1391.04,00:03,2782,-102
1391.08,00:04,2782,-67
1391.52,00:02,2783,-95
1391.54,00:03,2783,-102
1391.58,00:04,2783,-67
1392.02,00:02,2784,-95
1392.03,00:03,2784,-102
1392.08,00:04,2784,-67
1392.52,00:02,2785,-95
1392.53,00:03,2785,-102
1392.58,00:04,2785,-68
1393.02,00:02,2786,-95
1393.04,00:03,2786,-101
1393.08,00:04,2786,-68
1393.52,00:02,2787,-95
1393.54,00:03,2787,-101
1393.58,00:04,2787,-68
1394.02,00:02,2788,-95
1394.04,00:03,2788,-101
1394.08,00:04,2788,-68
1394.52,00:02,2789,-96
1394.53,00:03,2789,-101
1394.58,00:04,2789,-68
1395.02,00:02,2790,-96
1395.03,00:03,2790,-101
1395.08,00:04,2790,-68
1395.52,00:02,2791,-96
1395.53,00:03,2791,-101
1395.58,00:04,2791,-68
1396.02,00:02,2792,-96
1396.03,00:03,2792,-101
1396.08,00:04,2792,-68
1396.52,00:02,2793,-96
1396.53,00:03,2793,-101
1396.58,00:04,2793,-68
1397.02,00:02,2794,-96
1397.03,00:03,2794,-101
1397.08,00:04,2794,-69
1397.52,00:02,2795,-96
1397.53,00:03,2795,-101
1397.58,00:04,2795,-69
1398.02,00:02,2796,-96
1398.03,00:03,2796,-101
1398.08,00:04,2796,-69
1398.52,00:02,2797,-96
1398.53,00:03,2797,-101
1398.58,00:04,2797,-69
1399.02,00:02,2798,-96
1399.04,00:03,2798,-101
1399.08,00:04,2798,-70
1399.52,00:02,2799,-96
1399.54,00:03,2799,-101
1399.58,00:04,2799,-70
1400.02,00:02,2800,-96
1400.03,00:03,2800,-101
1400.08,00:04,2800,-70
1400.52,00:02,2801,-96
1400.53,00:03,2801,-101
1400.58,00:04,2801,-70
1401.02,00:02,2802,-96
1401.03,00:03,2802,-101
1401.08,00:04,2802,-70
1401.52,00:02,2803,-96
1401.54,00:03,2803,-101
1401.58,00:04,2803,-71
1402.02,00:02,2804,-96
1402.03,00:03,2804,-101
1402.08,00:04,2804,-71
1402.52,00:02,2805,-96
1402.53,00:03,2805,-101
1402.58,00:04,2805,-71
1403.02,00:02,2806,-97
1403.03,00:03,2806,-101
1403.08,00:04,2806,-71
1403.52,00:02,2807,-97
1403.54,00:03,2807,-101
1403.58,00:04,2807,-72
1404.02,00:02,2808,-97
1404.03,00:03,2808,-100
1404.08,00:04,2808,-72
1404.52,00:02,2809,-97
1404.53,00:03,2809,-100
1404.58,00:04,2809,-72
1405.02,00:02,2810,-97
1405.03,00:03,2810,-100
1405.08,00:04,2810,-72
1405.52,00:02,2811,-97
1405.53,00:03,2811,-100
1405.58,00:04,2811,-73
1406.02,00:02,2812,-97
1406.03,00:03,2812,-100
1406.08,00:04,2812,-73
1406.52,00:02,2813,-97
1406.53,00:03,2813,-100
1406.58,00:04,2813,-73
1407.02,00:02,2814,-97
1407.04,00:03,2814,-100
1407.08,00:04,2814,-73
1407.52,00:02,2815,-97
1407.53,00:03,2815,-100
1407.58,00:04,2815,-74
1408.02,00:02,2816,-97
1408.03,00:03,2816,-100
1408.08,00:04,2816,-74
1408.52,00:02,2817,-97
1408.53,00:03,2817,-100
1408.58,00:04,2817,-74
1409.02,00:02,2818,-97
1409.03,00:03,2818,-100
1409.08,00:04,2818,-74
1409.52,00:02,2819,-97
1409.54,00:03,2819,-100
1409.58,00:04,2819,-75
1410.02,00:02,2820,-97
1410.04,00:03,2820,-100
1410.08,00:04,2820,-75
1410.52,00:02,2821,-97
1410.54,00:03,2821,-100
1410.58,00:04,2821,-75
1411.02,00:02,2822,-97
1411.04,00:03,2822,-100
1411.08,00:04,2822,-75
1411.52,00:02,2823,-98
1411.53,00:03,2823,-100
1411.58,00:04,2823,-76
1412.02,00:02,2824,-98
1412.03,00:03,2824,-100
1412.08,00:04,2824,-76
1412.52,00:02,2825,-98
1412.53,00:03,2825,-100
1412.58,00:04,2825,-76
1413.02,00:02,2826,-98
1413.03,00:03,2826,-100
1413.08,00:04,2826,-76
1413.52,00:02,2827,-98
1413.54,00:03,2827,-100
1413.58,00:04,2827,-77
1414.02,00:02,2828,-98
1414.04,00:03,2828,-100
1414.08,00:04,2828,-77
1414.52,00:02,2829,-98
1414.53,00:03,2829,-100
1414.58,00:04,2829,-77
1415.02,00:02,2830,-105
1415.03,00:03,2830,-107
1415.08,00:04,2830,-84
1415.52,00:02,2831,-105
1415.54,00:03,2831,-107
1415.58,00:04,2831,-85
1416.02,00:02,2832,-105
1416.03,00:03,2832,-107
1416.08,00:04,2832,-85
1416.52,00:02,2833,-105
1416.53,00:03,2833,-107
1416.58,00:04,2833,-85
1417.02,00:02,2834,-105
1417.04,00:03,2834,-107
1417.08,00:04,2834,-85
1417.52,00:02,2835,-105
1417.53,00:03,2835,-107
1417.58,00:04,2835,-85
1418.02,00:02,2836,-105
1418.04,00:03,2836,-107
1418.08,00:04,2836,-86
1418.52,00:02,2837,-105
1418.53,00:03,2837,-106
1418.58,00:04,2837,-86
1419.02,00:02,2838,-105
1419.04,00:03,2838,-106
1419.08,00:04,2838,-86
1419.52,00:02,2839,-105
1419.54,00:03,2839,-106
1419.58,00:04,2839,-86
1420.02,00:02,2840,-106
1420.03,00:03,2840,-106
1420.08,00:04,2840,-87
1420.52,00:02,2841,-106
1420.54,00:03,2841,-106
1420.58,00:04,2841,-87
1421.02,00:02,2842,-106
1421.03,00:03,2842,-106
1421.08,00:04,2842,-87
1421.52,00:02,2843,-106
1421.54,00:03,2843,-106
1421.58,00:04,2843,-87
1422.02,00:02,2844,-106
1422.03,00:03,2844,-106
1422.08,00:04,2844,-87
1422.52,00:02,2845,-106
1422.53,00:03,2845,-106
1422.58,00:04,2845,-88
1423.02,00:02,2846,-106
1423.03,00:03,2846,-106
1423.08,00:04,2846,-88
1423.52,00:02,2847,-106
1423.53,00:03,2847,-106
1423.58,00:04,2847,-88
1424.02,00:02,2848,-106
1424.03,00:03,2848,-106
1424.08,00:04,2848,-88
1424.52,00:02,2849,-106
1424.53,00:03,2849,-106
1424.58,00:04,2849,-88
1425.02,00:02,2850,-106
1425.04,00:03,2850,-106
1425.08,00:04,2850,-89
1425.52,00:02,2851,-106
1425.53,00:03,2851,-106
1425.58,00:04,2851,-89
1426.02,00:02,2852,-106
1426.04,00:03,2852,-106
1426.08,00:04,2852,-89
1426.52,00:02,2853,-106
1426.53,00:03,2853,-106
1426.58,00:04,2853,-89
1427.02,00:02,2854,-106
1427.03,00:03,2854,-106
1427.08,00:04,2854,-89
1427.52,00:02,2855,-106
1427.53,00:03,2855,-106
1427.58,00:04,2855,-90
1428.02,00:02,2856,-106
1428.03,00:03,2856,-106
1428.08,00:04,2856,-90
1428.52,00:02,2857,-107
1428.53,00:03,2857,-106
1428.58,00:04,2857,-90
1429.02,00:02,2858,-107
1429.03,00:03,2858,-106
1429.08,00:04,2858,-90
1429.52,00:02,2859,-107
1429.53,00:03,2859,-106
1429.58,00:04,2859,-90
1430.02,00:02,2860,-107
1430.03,00:03,2860,-106
1430.08,00:04,2860,-91
1430.52,00:02,2861,-107
1430.53,00:03,2861,-106
1430.58,00:04,2861,-91
1431.02,00:02,2862,-100
1431.04,00:03,2862,-99
1431.08,00:04,2862,-84
1431.52,00:02,2863,-100
1431.54,00:03,2863,-99
1431.58,00:04,2863,-84
1432.02,00:02,2864,-100
1432.03,00:03,2864,-99
1432.08,00:04,2864,-84
1432.52,00:02,2865,-100
1432.53,00:03,2865,-99
1432.58,00:04,2865,-84
1433.02,00:02,2866,-100
1433.03,00:03,2866,-99
1433.08,00:04,2866,-85
1433.52,00:02,2867,-100
1433.53,00:03,2867,-99
1433.58,00:04,2867,-85
1434.02,00:02,2868,-100
1434.03,00:03,2868,-99
1434.08,00:04,2868,-85
1434.52,00:02,2869,-100
1434.53,00:03,2869,-99
1434.58,00:04,2869,-85
1435.02,00:02,2870,-100
1435.03,00:03,2870,-99
1435.08,00:04,2870,-85
1435.52,00:02,2871,-100
1435.53,00:03,2871,-99
1435.58,00:04,2871,-85
1436.02,00:02,2872,-100
1436.03,00:03,2872,-100
1436.08,00:04,2872,-85
1436.52,00:02,2873,-100
1436.53,00:03,2873,-100
1436.58,00:04,2873,-85
1437.02,00:02,2874,-100
1437.04,00:03,2874,-100
1437.08,00:04,2874,-85
1437.52,00:02,2875,-100
1437.53,00:03,2875,-100
1437.58,00:04,2875,-84
1438.02,00:02,2876,-101
1438.03,00:03,2876,-100
1438.08,00:04,2876,-84
1438.52,00:02,2877,-101
1438.53,00:03,2877,-100
1438.58,00:04,2877,-84
1439.02,00:02,2878,-101
1439.03,00:03,2878,-100
1439.08,00:04,2878,-84
1439.52,00:02,2879,-101
1439.54,00:03,2879,-100
1439.58,00:04,2879,-84
1440.02,00:02,2880,-101
1440.03,00:03,2880,-100
1440.08,00:04,2880,-84
1440.52,00:02,2881,-101
1440.53,00:03,2881,-100
1440.58,00:04,2881,-84
1441.02,00:02,2882,-101
1441.03,00:03,2882,-100
1441.08,00:04,2882,-84
1441.52,00:02,2883,-100
1441.53,00:03,2883,-100
1441.58,00:04,2883,-84
1442.02,00:02,2884,-100
1442.03,00:03,2884,-100
1442.08,00:04,2884,-84
1442.52,00:02,2885,-100
1442.53,00:03,2885,-100
1442.58,00:04,2885,-83
1443.02,00:02,2886,-107
1443.03,00:03,2886,-107
1443.08,00:04,2886,-90
1443.52,00:02,2887,-107
1443.53,00:03,2887,-107
1443.58,00:04,2887,-90
1444.02,00:02,2888,-107
1444.03,00:03,2888,-107
1444.08,00:04,2888,-90
1444.52,00:02,2889,-107
1444.53,00:03,2889,-107
1444.58,00:04,2889,-90
1445.03,00:03,2890,-107
1445.08,00:04,2890,-89
1445.52,00:02,2891,-107
1445.54,00:03,2891,-107
1445.58,00:04,2891,-89
1446.02,00:02,2892,-107
1446.03,00:03,2892,-107
1446.08,00:04,2892,-89
1446.52,00:02,2893,-107
1446.53,00:03,2893,-107
1446.58,00:04,2893,-89
1447.02,00:02,2894,-107
1447.03,00:03,2894,-107
1447.08,00:04,2894,-89
1447.52,00:02,2895,-107
1447.53,00:03,2895,-107
1447.58,00:04,2895,-88
1448.03,00:03,2896,-107
1448.08,00:04,2896,-88
1448.52,00:02,2897,-107
1448.53,00:03,2897,-107
1448.58,00:04,2897,-88
1449.03,00:03,2898,-107
1449.08,00:04,2898,-88
1449.52,00:02,2899,-107
1449.53,00:03,2899,-107
1449.58,00:04,2899,-88
1450.02,00:02,2900,-107
1450.03,00:03,2900,-107
1450.08,00:04,2900,-87
1450.52,00:02,2901,-106
1450.53,00:03,2901,-107
1450.58,00:04,2901,-87
1451.02,00:02,2902,-106
1451.08,00:04,2902,-87
1451.52,00:02,2903,-106
1451.54,00:03,2903,-107
1451.58,00:04,2903,-87
1452.02,00:02,2904,-106
1452.03,00:03,2904,-107
1452.08,00:04,2904,-86
1452.52,00:02,2905,-106
1452.53,00:03,2905,-107
1452.58,00:04,2905,-86
1453.02,00:02,2906,-106
1453.08,00:04,2906,-86
1453.52,00:02,2907,-106
1453.54,00:03,2907,-108
1453.58,00:04,2907,-86
1454.02,00:02,2908,-106
1454.08,00:04,2908,-85
1454.52,00:02,2909,-106
1454.53,00:03,2909,-108
1454.58,00:04,2909,-85
1455.02,00:02,2910,-106
1455.03,00:03,2910,-108
1455.08,00:04,2910,-85
1455.52,00:02,2911,-106
1455.53,00:03,2911,-108
1455.58,00:04,2911,-85
1456.02,00:02,2912,-106
1456.03,00:03,2912,-108
1456.08,00:04,2912,-84
1456.52,00:02,2913,-106
1456.53,00:03,2913,-108
1456.58,00:04,2913,-84
1457.02,00:02,2914,-106
1457.08,00:04,2914,-84
1457.52,00:02,2915,-106
1457.53,00:03,2915,-108
1457.58,00:04,2915,-84
1458.02,00:02,2916,-106
1458.03,00:03,2916,-108
1458.08,00:04,2916,-83
1458.52,00:02,2917,-106
1458.54,00:03,2917,-108
1458.58,00:04,2917,-83
1459.02,00:02,2918,-99
1459.03,00:03,2918,-101
1459.08,00:04,2918,-76
1459.52,00:02,2919,-98
1459.53,00:03,2919,-101
1459.58,00:04,2919,-76
1460.02,00:02,2920,-98
1460.03,00:03,2920,-101
1460.08,00:04,2920,-75
1460.52,00:02,2921,-98
1460.53,00:03,2921,-101
1460.58,00:04,2921,-75
1461.02,00:02,2922,-98
1461.03,00:03,2922,-101
1461.08,00:04,2922,-75
1461.52,00:02,2923,-98
1461.53,00:03,2923,-101
1461.58,00:04,2923,-74
1462.02,00:02,2924,-98
1462.03,00:03,2924,-101
1462.08,00:04,2924,-74
1462.52,00:02,2925,-98
1462.53,00:03,2925,-101
1462.58,00:04,2925,-74
1463.02,00:02,2926,-98
1463.03,00:03,2926,-101
1463.08,00:04,2926,-74
1463.52,00:02,2927,-98
1463.53,00:03,2927,-101
1463.58,00:04,2927,-73
1464.02,00:02,2928,-98
1464.03,00:03,2928,-101
1464.08,00:04,2928,-73
1464.52,00:02,2929,-98
1464.53,00:03,2929,-101
1464.58,00:04,2929,-73
1465.02,00:02,2930,-98
1465.03,00:03,2930,-101
1465.08,00:04,2930,-72
1465.52,00:02,2931,-98
1465.53,00:03,2931,-101
1465.58,00:04,2931,-72
1466.02,00:02,2932,-98
1466.03,00:03,2932,-101
1466.08,00:04,2932,-72
1466.52,00:02,2933,-98
1466.53,00:03,2933,-101
1466.58,00:04,2933,-71
1467.02,00:02,2934,-98
1467.03,00:03,2934,-101
1467.08,00:04,2934,-71
1467.52,00:02,2935,-98
1467.53,00:03,2935,-101
1467.58,00:04,2935,-71
1468.02,00:02,2936,-98
1468.03,00:03,2936,-101
1468.08,00:04,2936,-70
1468.52,00:02,2937,-97
1468.53,00:03,2937,-101
1468.58,00:04,2937,-70
1469.02,00:02,2938,-97
1469.03,00:03,2938,-101
1469.08,00:04,2938,-70
1469.52,00:02,2939,-97
1469.53,00:03,2939,-101
1469.58,00:04,2939,-69
1470.02,00:02,2940,-97
1470.03,00:03,2940,-101
1470.08,00:04,2940,-69
1470.52,00:02,2941,-97
1470.53,00:03,2941,-102
1470.58,00:04,2941,-69
1471.02,00:02,2942,-97
1471.03,00:03,2942,-102
1471.08,00:04,2942,-68
1471.52,00:02,2943,-97
1471.54,00:03,2943,-102
1471.58,00:04,2943,-68
1472.02,00:02,2944,-97
1472.03,00:03,2944,-102
1472.08,00:04,2944,-68
1472.52,00:02,2945,-97
1472.53,00:03,2945,-102
1472.58,00:04,2945,-67
1473.02,00:02,2946,-97
1473.03,00:03,2946,-102
1473.08,00:04,2946,-67
1473.52,00:02,2947,-97
1473.53,00:03,2947,-102
1473.58,00:04,2947,-67
1474.02,00:02,2948,-97
1474.03,00:03,2948,-102
1474.08,00:04,2948,-67
1474.52,00:02,2949,-97
1474.53,00:03,2949,-102
1474.58,00:04,2949,-67
1475.02,00:02,2950,-97
1475.03,00:03,2950,-102
1475.08,00:04,2950,-66
1475.52,00:02,2951,-97
1475.53,00:03,2951,-102
1475.58,00:04,2951,-66
1476.02,00:02,2952,-97
1476.03,00:03,2952,-102
1476.08,00:04,2952,-66
1476.52,00:02,2953,-97
1476.53,00:03,2953,-102
1476.58,00:04,2953,-66
1477.02,00:02,2954,-97
1477.03,00:03,2954,-102
1477.08,00:04,2954,-66
1477.52,00:02,2955,-97
1477.53,00:03,2955,-102
1477.58,00:04,2955,-66
1478.02,00:02,2956,-96
1478.03,00:03,2956,-102
1478.08,00:04,2956,-65
1478.52,00:02,2957,-96
1478.53,00:03,2957,-102
1478.58,00:04,2957,-65
1479.02,00:02,2958,-96
1479.03,00:03,2958,-102
1479.08,00:04,2958,-65
1479.52,00:02,2959,-96
1479.53,00:03,2959,-102
1479.58,00:04,2959,-65
1480.02,00:02,2960,-96
1480.03,00:03,2960,-102
1480.08,00:04,2960,-65
1480.52,00:02,2961,-96
1480.53,00:03,2961,-102
1480.58,00:04,2961,-65
1481.02,00:02,2962,-96
1481.03,00:03,2962,-102
1481.08,00:04,2962,-64
1481.52,00:02,2963,-96
1481.53,00:03,2963,-102
1481.58,00:04,2963,-64
1482.02,00:02,2964,-96
1482.03,00:03,2964,-102
1482.08,00:04,2964,-64
1482.52,00:02,2965,-96
1482.53,00:03,2965,-103
1482.58,00:04,2965,-64
1483.02,00:02,2966,-96
1483.03,00:03,2966,-103
1483.08,00:04,2966,-64
1483.52,00:02,2967,-96
1483.53,00:03,2967,-103
1483.58,00:04,2967,-64
1484.02,00:02,2968,-96
1484.03,00:03,2968,-103
1484.08,00:04,2968,-64
1484.52,00:02,2969,-96
1484.53,00:03,2969,-103
1484.58,00:04,2969,-64
1485.02,00:02,2970,-96
1485.03,00:03,2970,-103
1485.08,00:04,2970,-64
1485.52,00:02,2971,-96
1485.53,00:03,2971,-103
1485.58,00:04,2971,-64
1486.02,00:02,2972,-96
1486.03,00:03,2972,-103
1486.08,00:04,2972,-64
1486.52,00:02,2973,-96
1486.53,00:03,2973,-103
1486.58,00:04,2973,-64
1487.02,00:02,2974,-96
1487.03,00:03,2974,-103
1487.08,00:04,2974,-64
1487.52,00:02,2975,-96
1487.53,00:03,2975,-103
1487.58,00:04,2975,-64
1488.02,00:02,2976,-95
1488.03,00:03,2976,-103
1488.08,00:04,2976,-64
1488.52,00:02,2977,-95
1488.53,00:03,2977,-103
1488.58,00:04,2977,-64
1489.02,00:02,2978,-95
1489.03,00:03,2978,-103
1489.08,00:04,2978,-65
1489.52,00:02,2979,-95
1489.53,00:03,2979,-103
1489.58,00:04,2979,-65
1490.02,00:02,2980,-95
1490.03,00:03,2980,-103
1490.08,00:04,2980,-65
1490.52,00:02,2981,-95
1490.53,00:03,2981,-103
1490.58,00:04,2981,-65
1491.02,00:02,2982,-95
1491.03,00:03,2982,-103
1491.08,00:04,2982,-65
1491.52,00:02,2983,-95
1491.53,00:03,2983,-103
1491.58,00:04,2983,-65
1492.02,00:02,2984,-95
1492.03,00:03,2984,-103
1492.08,00:04,2984,-65
1492.52,00:02,2985,-95
1492.53,00:03,2985,-104
1492.58,00:04,2985,-66
1493.02,00:02,2986,-95
1493.03,00:03,2986,-104
1493.08,00:04,2986,-66
1493.52,00:02,2987,-95
1493.53,00:03,2987,-104
1493.58,00:04,2987,-66
1494.02,00:02,2988,-95
1494.03,00:03,2988,-104
1494.08,00:04,2988,-66
1494.52,00:02,2989,-95
1494.53,00:03,2989,-104
1494.58,00:04,2989,-66
1495.02,00:02,2990,-95
1495.03,00:03,2990,-104
1495.08,00:04,2990,-67
1495.52,00:02,2991,-95
1495.53,00:03,2991,-104
1495.58,00:04,2991,-67
1496.02,00:02,2992,-95
1496.03,00:03,2992,-104
1496.08,00:04,2992,-67
1496.52,00:02,2993,-95
1496.53,00:03,2993,-104
1496.58,00:04,2993,-67
1497.02,00:02,2994,-95
1497.03,00:03,2994,-104
1497.08,00:04,2994,-67
1497.52,00:02,2995,-95
1497.53,00:03,2995,-104
1497.58,00:04,2995,-68
1498.02,00:02,2996,-95
1498.03,00:03,2996,-104
1498.08,00:04,2996,-68
1498.52,00:02,2997,-95
1498.53,00:03,2997,-104
1498.58,00:04,2997,-68
1499.02,00:02,2998,-95
1499.03,00:03,2998,-104
1499.08,00:04,2998,-68
1499.52,00:02,2999,-95
1499.53,00:03,2999,-104
1499.58,00:04,2999,-69
1500.02,00:02,3000,-94
1500.03,00:03,3000,-104
1500.08,00:04,3000,-69
1500.52,00:02,3001,-94
1500.53,00:03,3001,-104
1500.58,00:04,3001,-69
1501.02,00:02,3002,-94
1501.03,00:03,3002,-104
1501.08,00:04,3002,-70
1501.52,00:02,3003,-94
1501.53,00:03,3003,-104
1501.58,00:04,3003,-70
1502.02,00:02,3004,-94
1502.03,00:03,3004,-105
1502.08,00:04,3004,-70
1502.52,00:02,3005,-94
1502.53,00:03,3005,-105
1502.58,00:04,3005,-71
1503.02,00:02,3006,-94
1503.03,00:03,3006,-105
1503.08,00:04,3006,-71
1503.52,00:02,3007,-94
1503.53,00:03,3007,-105
1503.58,00:04,3007,-71
1504.02,00:02,3008,-94
1504.03,00:03,3008,-105
1504.08,00:04,3008,-72
1504.52,00:02,3009,-94
1504.53,00:03,3009,-105
1504.58,00:04,3009,-72
1505.02,00:02,3010,-94
1505.03,00:03,3010,-105
1505.08,00:04,3010,-72
1505.52,00:02,3011,-94
1505.53,00:03,3011,-105
1505.58,00:04,3011,-73
1506.02,00:02,3012,-94
1506.03,00:03,3012,-105
1506.08,00:04,3012,-73
1506.52,00:02,3013,-94
1506.53,00:03,3013,-105
1506.58,00:04,3013,-73
1507.02,00:02,3014,-94
1507.03,00:03,3014,-105
1507.08,00:04,3014,-74
1507.52,00:02,3015,-94
1507.53,00:03,3015,-105
1507.58,00:04,3015,-74
1508.02,00:02,3016,-94
1508.03,00:03,3016,-105
1508.08,00:04,3016,-74
1508.52,00:02,3017,-94
1508.53,00:03,3017,-105
1508.58,00:04,3017,-75
1509.02,00:02,3018,-94
1509.03,00:03,3018,-105
1509.08,00:04,3018,-75
1509.52,00:02,3019,-94
1509.53,00:03,3019,-105
1509.58,00:04,3019,-75
1510.02,00:02,3020,-94
1510.03,00:03,3020,-105
1510.08,00:04,3020,-75
1510.52,00:02,3021,-94
1510.53,00:03,3021,-105
1510.58,00:04,3021,-76
1511.02,00:02,3022,-94
1511.03,00:03,3022,-106
1511.08,00:04,3022,-76
1511.52,00:02,3023,-94
1511.53,00:03,3023,-106
1511.58,00:04,3023,-76
1512.02,00:02,3024,-94
1512.03,00:03,3024,-106
1512.08,00:04,3024,-76
1512.52,00:02,3025,-94
1512.53,00:03,3025,-106
1512.58,00:04,3025,-77
1513.02,00:02,3026,-94
1513.03,00:03,3026,-106
1513.08,00:04,3026,-77
1513.52,00:02,3027,-94
1513.53,00:03,3027,-106
1513.58,00:04,3027,-77
1514.02,00:02,3028,-94
1514.03,00:03,3028,-106
1514.08,00:04,3028,-78
1514.52,00:02,3029,-94
1514.53,00:03,3029,-106
1514.58,00:04,3029,-78
1515.02,00:02,3030,-101
1515.08,00:04,3030,-85
1515.52,00:02,3031,-101
1515.58,00:04,3031,-85
1516.02,00:02,3032,-101
1516.08,00:04,3032,-86
1516.52,00:02,3033,-101
1516.58,00:04,3033,-86
1517.02,00:02,3034,-101
1517.08,00:04,3034,-86
1517.52,00:02,3035,-101
1517.58,00:04,3035,-86
1518.02,00:02,3036,-100
1518.08,00:04,3036,-86
1518.52,00:02,3037,-100
1518.58,00:04,3037,-87
1519.02,00:02,3038,-100
1519.08,00:04,3038,-87
1519.52,00:02,3039,-100
1519.58,00:04,3039,-87
1520.02,00:02,3040,-100
1520.08,00:04,3040,-87
1520.52,00:02,3041,-100
1520.58,00:04,3041,-88
1521.02,00:02,3042,-100
1521.08,00:04,3042,-88
1521.52,00:02,3043,-100
1521.58,00:04,3043,-88
1522.02,00:02,3044,-100
1522.08,00:04,3044,-88
1522.52,00:02,3045,-100
1522.58,00:04,3045,-88
1523.02,00:02,3046,-100
1523.08,00:04,3046,-89
1523.52,00:02,3047,-100
1523.58,00:04,3047,-89
1524.02,00:02,3048,-100
1524.08,00:04,3048,-89
1524.52,00:02,3049,-100
1524.58,00:04,3049,-89
1525.02,00:02,3050,-100
1525.08,00:04,3050,-89
1525.52,00:02,3051,-100
1525.58,00:04,3051,-90
1526.02,00:02,3052,-100
1526.08,00:04,3052,-90
1526.52,00:02,3053,-100
1526.58,00:04,3053,-90
1527.02,00:02,3054,-93
1527.03,00:03,3054,-107
1527.08,00:04,3054,-83
1527.52,00:02,3055,-93
1527.53,00:03,3055,-107
1527.58,00:04,3055,-83
1528.02,00:02,3056,-93
1528.03,00:03,3056,-107
1528.08,00:04,3056,-84
1528.52,00:02,3057,-93
1528.53,00:03,3057,-107
1528.58,00:04,3057,-84
1529.02,00:02,3058,-93
1529.08,00:04,3058,-84
1529.52,00:02,3059,-93
1529.53,00:03,3059,-108
1529.58,00:04,3059,-84
1530.02,00:02,3060,-93
1530.03,00:03,3060,-108
1530.08,00:04,3060,-84
1530.52,00:02,3061,-93
1530.53,00:03,3061,-108
1530.58,00:04,3061,-84
1531.02,00:02,3062,-94
1531.03,00:03,3062,-108
1531.08,00:04,3062,-84
1531.52,00:02,3063,-94
1531.53,00:03,3063,-108
1531.58,00:04,3063,-84
1532.02,00:02,3064,-94
1532.03,00:03,3064,-108
1532.08,00:04,3064,-84
1532.52,00:02,3065,-94
1532.53,00:03,3065,-108
1532.58,00:04,3065,-84
1533.02,00:02,3066,-94
1533.08,00:04,3066,-84
1533.52,00:02,3067,-94
1533.53,00:03,3067,-108
1533.58,00:04,3067,-84
1534.02,00:02,3068,-94
1534.03,00:03,3068,-108
1534.08,00:04,3068,-84
1534.52,00:02,3069,-94
1534.53,00:03,3069,-108
1534.58,00:04,3069,-84
1535.02,00:02,3070,-94
1535.03,00:03,3070,-108
1535.08,00:04,3070,-84
1535.52,00:02,3071,-94
1535.58,00:04,3071,-84
1536.02,00:02,3072,-94
1536.03,00:03,3072,-108
1536.08,00:04,3072,-84
1536.52,00:02,3073,-94
1536.53,00:03,3073,-108
1536.58,00:04,3073,-84
1537.02,00:02,3074,-94
1537.03,00:03,3074,-108
1537.08,00:04,3074,-84
1537.52,00:02,3075,-94
1537.53,00:03,3075,-108
1537.58,00:04,3075,-83
1538.02,00:02,3076,-94
1538.08,00:04,3076,-83
1538.52,00:02,3077,-94
1538.53,00:03,3077,-108
1538.58,00:04,3077,-83
1539.02,00:02,3078,-101
1539.08,00:04,3078,-90
1539.52,00:02,3079,-101
1539.58,00:04,3079,-90
1540.02,00:02,3080,-101
1540.08,00:04,3080,-89
1540.52,00:02,3081,-101
1540.58,00:04,3081,-89
1541.02,00:02,3082,-101
1541.08,00:04,3082,-89
1541.52,00:02,3083,-101
1541.58,00:04,3083,-89
1542.02,00:02,3084,-101
1542.08,00:04,3084,-88
1542.52,00:02,3085,-101
1542.58,00:04,3085,-88
1543.02,00:02,3086,-101
1543.08,00:04,3086,-88
1543.52,00:02,3087,-101
1543.58,00:04,3087,-88
1544.02,00:02,3088,-101
1544.08,00:04,3088,-88
1544.52,00:02,3089,-101
1544.58,00:04,3089,-87
1545.02,00:02,3090,-101
1545.08,00:04,3090,-87
1545.52,00:02,3091,-101
1545.58,00:04,3091,-87
1546.02,00:02,3092,-101
1546.08,00:04,3092,-87
1546.52,00:02,3093,-102
1546.58,00:04,3093,-86
1547.02,00:02,3094,-102
1547.08,00:04,3094,-86
1547.52,00:02,3095,-102
1547.58,00:04,3095,-86
1548.02,00:02,3096,-102
1548.08,00:04,3096,-86
1548.52,00:02,3097,-102
1548.58,00:04,3097,-85
1549.02,00:02,3098,-102
1549.08,00:04,3098,-85
1549.52,00:02,3099,-102
1549.58,00:04,3099,-85
1550.02,00:02,3100,-102
1550.08,00:04,3100,-85
1550.52,00:02,3101,-102
1550.58,00:04,3101,-84
1551.02,00:02,3102,-95
1551.03,00:03,3102,-107
1551.08,00:04,3102,-77
1551.52,00:02,3103,-95
1551.53,00:03,3103,-106
1551.58,00:04,3103,-77
1552.02,00:02,3104,-95
1552.03,00:03,3104,-106
1552.08,00:04,3104,-77
1552.52,00:02,3105,-95
1552.53,00:03,3105,-106
1552.58,00:04,3105,-76
1553.02,00:02,3106,-95
1553.08,00:04,3106,-76
1553.52,00:02,3107,-95
1553.53,00:03,3107,-106
1553.58,00:04,3107,-76
1554.02,00:02,3108,-95
1554.03,00:03,3108,-106
1554.08,00:04,3108,-75
1554.52,00:02,3109,-95
1554.53,00:03,3109,-106
1554.58,00:04,3109,-75
1555.02,00:02,3110,-95
1555.03,00:03,3110,-106
1555.08,00:04,3110,-75
1555.52,00:02,3111,-95
1555.53,00:03,3111,-106
1555.58,00:04,3111,-74
1556.02,00:02,3112,-95
1556.03,00:03,3112,-106
1556.08,00:04,3112,-74
1556.52,00:02,3113,-95
1556.53,00:03,3113,-106
1556.58,00:04,3113,-74
1557.02,00:02,3114,-95
1557.03,00:03,3114,-106
1557.08,00:04,3114,-74
1557.52,00:02,3115,-95
1557.53,00:03,3115,-106
1557.58,00:04,3115,-73
1558.02,00:02,3116,-95
1558.03,00:03,3116,-106
1558.08,00:04,3116,-73
1558.52,00:02,3117,-95
1558.53,00:03,3117,-106
1558.58,00:04,3117,-72
1559.02,00:02,3118,-95
1559.03,00:03,3118,-106
1559.08,00:04,3118,-72
1559.52,00:02,3119,-95
1559.53,00:03,3119,-106
1559.58,00:04,3119,-72
1560.02,00:02,3120,-95
1560.03,00:03,3120,-106
1560.08,00:04,3120,-71
1560.52,00:02,3121,-95
1560.53,00:03,3121,-106
1560.58,00:04,3121,-71
1561.02,00:02,3122,-95
1561.03,00:03,3122,-105
1561.08,00:04,3122,-71
1561.52,00:02,3123,-95
1561.53,00:03,3123,-105
1561.58,00:04,3123,-70
1562.02,00:02,3124,-95
1562.03,00:03,3124,-105
1562.08,00:04,3124,-70
1562.52,00:02,3125,-95
1562.53,00:03,3125,-105
1562.58,00:04,3125,-69
1563.02,00:02,3126,-95
1563.03,00:03,3126,-105
1563.08,00:04,3126,-69
1563.52,00:02,3127,-95
1563.53,00:03,3127,-105
1563.58,00:04,3127,-69
1564.02,00:02,3128,-95
1564.03,00:03,3128,-105
1564.08,00:04,3128,-68
1564.52,00:02,3129,-95
1564.53,00:03,3129,-105
1564.58,00:04,3129,-68
1565.02,00:02,3130,-95
1565.03,00:03,3130,-105
1565.08,00:04,3130,-68
1565.52,00:02,3131,-95
1565.53,00:03,3131,-105
1565.58,00:04,3131,-67
1566.02,00:02,3132,-95
1566.03,00:03,3132,-105
1566.08,00:04,3132,-67
1566.52,00:02,3133,-95
1566.53,00:03,3133,-105
1566.58,00:04,3133,-67
1567.02,00:02,3134,-96
1567.03,00:03,3134,-105
1567.08,00:04,3134,-66
1567.52,00:02,3135,-96
1567.53,00:03,3135,-105
1567.58,00:04,3135,-66
1568.02,00:02,3136,-96
1568.03,00:03,3136,-105
1568.08,00:04,3136,-66
1568.52,00:02,3137,-96
1568.53,00:03,3137,-105
1568.58,00:04,3137,-66
1569.02,00:02,3138,-96
1569.03,00:03,3138,-105
1569.08,00:04,3138,-65
1569.52,00:02,3139,-96
1569.53,00:03,3139,-105
1569.58,00:04,3139,-65
1570.02,00:02,3140,-96
1570.03,00:03,3140,-105
1570.08,00:04,3140,-65
1570.52,00:02,3141,-96
1570.53,00:03,3141,-105
1570.58,00:04,3141,-64
1571.02,00:02,3142,-96
1571.03,00:03,3142,-105
1571.08,00:04,3142,-64
1571.52,00:02,3143,-96
1571.53,00:03,3143,-104
1571.58,00:04,3143,-64
1572.02,00:02,3144,-96
1572.03,00:03,3144,-104
1572.08,00:04,3144,-63
1572.52,00:02,3145,-96
1572.53,00:03,3145,-104
1572.58,00:04,3145,-63
1573.02,00:02,3146,-96
1573.03,00:03,3146,-104
1573.08,00:04,3146,-63
1573.52,00:02,3147,-96
1573.53,00:03,3147,-104
1573.58,00:04,3147,-62
1574.02,00:02,3148,-96
1574.03,00:03,3148,-104
1574.08,00:04,3148,-62
1574.52,00:02,3149,-96
1574.53,00:03,3149,-104
1574.58,00:04,3149,-62
1575.02,00:02,3150,-96
1575.03,00:03,3150,-104
1575.08,00:04,3150,-61
1575.52,00:02,3151,-96
1575.53,00:03,3151,-104
1575.58,00:04,3151,-61
1576.02,00:02,3152,-96
1576.03,00:03,3152,-104
1576.08,00:04,3152,-61
1576.52,00:02,3153,-96
1576.53,00:03,3153,-104
1576.58,00:04,3153,-61
1577.02,00:02,3154,-96
1577.03,00:03,3154,-104
1577.08,00:04,3154,-60
1577.52,00:02,3155,-96
1577.53,00:03,3155,-104
1577.58,00:04,3155,-60
1578.02,00:02,3156,-96
1578.03,00:03,3156,-104
1578.08,00:04,3156,-60
1578.52,00:02,3157,-96
1578.53,00:03,3157,-104
1578.58,00:04,3157,-60
1579.02,00:02,3158,-96
1579.03,00:03,3158,-104
1579.08,00:04,3158,-59
1579.52,00:02,3159,-96
1579.53,00:03,3159,-104
1579.58,00:04,3159,-59
1580.02,00:02,3160,-97
1580.03,00:03,3160,-104
1580.08,00:04,3160,-59
1580.52,00:02,3161,-97
1580.53,00:03,3161,-104
1580.58,00:04,3161,-59
1581.02,00:02,3162,-97
1581.03,00:03,3162,-104
1581.08,00:04,3162,-59
1581.52,00:02,3163,-97
1581.53,00:03,3163,-104
1581.58,00:04,3163,-59
1582.02,00:02,3164,-97
1582.03,00:03,3164,-103
1582.08,00:04,3164,-59
1582.52,00:02,3165,-97
1582.53,00:03,3165,-103
1582.58,00:04,3165,-59
1583.02,00:02,3166,-97
1583.03,00:03,3166,-103
1583.08,00:04,3166,-59
1583.52,00:02,3167,-97
1583.53,00:03,3167,-103
1583.58,00:04,3167,-60
1584.02,00:02,3168,-97
1584.03,00:03,3168,-103
1584.08,00:04,3168,-60
1584.52,00:02,3169,-97
1584.53,00:03,3169,-103
1584.58,00:04,3169,-60
1585.02,00:02,3170,-97
1585.03,00:03,3170,-103
1585.08,00:04,3170,-60
1585.52,00:02,3171,-97
1585.53,00:03,3171,-103
1585.58,00:04,3171,-61
1586.02,00:02,3172,-97
1586.03,00:03,3172,-103
1586.08,00:04,3172,-61
1586.52,00:02,3173,-97
1586.53,00:03,3173,-103
1586.58,00:04,3173,-61
1587.02,00:02,3174,-97
1587.03,00:03,3174,-103
1587.08,00:04,3174,-62
1587.52,00:02,3175,-97
1587.53,00:03,3175,-103
1587.58,00:04,3175,-62
1588.02,00:02,3176,-97
1588.03,00:03,3176,-103
1588.08,00:04,3176,-62
1588.52,00:02,3177,-97
1588.53,00:03,3177,-103
1588.58,00:04,3177,-63
1589.02,00:02,3178,-97
1589.03,00:03,3178,-103
1589.08,00:04,3178,-63
1589.52,00:02,3179,-97
1589.53,00:03,3179,-103
1589.58,00:04,3179,-63
1590.02,00:02,3180,-97
1590.03,00:03,3180,-103
1590.08,00:04,3180,-64
1590.52,00:02,3181,-97
1590.53,00:03,3181,-103
1590.58,00:04,3181,-64
1591.02,00:02,3182,-98
1591.03,00:03,3182,-103
1591.08,00:04,3182,-64
1591.52,00:02,3183,-98
1591.53,00:03,3183,-103
1591.58,00:04,3183,-65
1592.02,00:02,3184,-98
1592.03,00:03,3184,-103
1592.08,00:04,3184,-65
1592.52,00:02,3185,-98
1592.53,00:03,3185,-103
1592.58,00:04,3185,-65
1593.02,00:02,3186,-98
1593.03,00:03,3186,-103
1593.08,00:04,3186,-65
1593.52,00:02,3187,-98
1593.53,00:03,3187,-103
1593.58,00:04,3187,-66
1594.02,00:02,3188,-98
1594.03,00:03,3188,-103
1594.08,00:04,3188,-66
1594.52,00:02,3189,-98
1594.53,00:03,3189,-103
1594.58,00:04,3189,-66
1595.02,00:02,3190,-98
1595.03,00:03,3190,-102
1595.08,00:04,3190,-67
1595.52,00:02,3191,-98
1595.53,00:03,3191,-102
1595.58,00:04,3191,-67
1596.02,00:02,3192,-98
1596.03,00:03,3192,-102
1596.08,00:04,3192,-67
1596.52,00:02,3193,-98
1596.53,00:03,3193,-102
1596.58,00:04,3193,-67
1597.02,00:02,3194,-98
1597.03,00:03,3194,-102
1597.08,00:04,3194,-68
1597.52,00:02,3195,-98
1597.53,00:03,3195,-102
1597.58,00:04,3195,-68
1598.02,00:02,3196,-98
1598.03,00:03,3196,-102
1598.08,00:04,3196,-68
1598.52,00:02,3197,-98
1598.53,00:03,3197,-102
1598.58,00:04,3197,-69
1599.02,00:02,3198,-98
1599.03,00:03,3198,-102
1599.08,00:04,3198,-69
1599.52,00:02,3199,-98
1599.53,00:03,3199,-102
1599.58,00:04,3199,-70
1600.02,00:02,3200,-98
1600.03,00:03,3200,-102
1600.08,00:04,3200,-70
1600.52,00:02,3201,-98
1600.53,00:03,3201,-102
1600.58,00:04,3201,-70
1601.02,00:02,3202,-99
1601.03,00:03,3202,-102
1601.08,00:04,3202,-71
1601.52,00:02,3203,-99
1601.53,00:03,3203,-102
1601.58,00:04,3203,-71
1602.02,00:02,3204,-99
1602.03,00:03,3204,-102
1602.08,00:04,3204,-72
1602.52,00:02,3205,-99
1602.53,00:03,3205,-102
1602.58,00:04,3205,-72
1603.02,00:02,3206,-99
1603.03,00:03,3206,-102
1603.08,00:04,3206,-72
1603.52,00:02,3207,-99
1603.53,00:03,3207,-102
1603.58,00:04,3207,-73
1604.02,00:02,3208,-99
1604.03,00:03,3208,-102
1604.08,00:04,3208,-73
1604.52,00:02,3209,-99
1604.53,00:03,3209,-102
1604.58,00:04,3209,-73
1605.02,00:02,3210,-99
1605.03,00:03,3210,-102
1605.08,00:04,3210,-74
1605.52,00:02,3211,-99
1605.53,00:03,3211,-102
1605.58,00:04,3211,-74
1606.02,00:02,3212,-99
1606.03,00:03,3212,-102
1606.08,00:04,3212,-74
1606.52,00:02,3213,-99
1606.53,00:03,3213,-102
1606.58,00:04,3213,-75
1607.02,00:02,3214,-106
1607.08,00:04,3214,-82
1607.52,00:02,3215,-106
1607.58,00:04,3215,-82
1608.02,00:02,3216,-106
1608.03,00:03,3216,-109
1608.08,00:04,3216,-82
1608.52,00:02,3217,-106
1608.58,00:04,3217,-83
1609.02,00:02,3218,-106
1609.08,00:04,3218,-83
1609.52,00:02,3219,-106
1609.53,00:03,3219,-109
1609.58,00:04,3219,-83
1610.02,00:02,3220,-106
1610.03,00:03,3220,-109
1610.08,00:04,3220,-84
1610.52,00:02,3221,-106
1610.58,00:04,3221,-84
1611.02,00:02,3222,-107
1611.03,00:03,3222,-109
1611.08,00:04,3222,-84
1611.52,00:02,3223,-107
1611.58,00:04,3223,-84
1612.02,00:02,3224,-107
1612.08,00:04,3224,-85
1612.52,00:02,3225,-107
1612.58,00:04,3225,-85
1613.02,00:02,3226,-107
1613.03,00:03,3226,-109
1613.08,00:04,3226,-85
1613.52,00:02,3227,-107
1613.53,00:03,3227,-109
1613.58,00:04,3227,-86
1614.02,00:02,3228,-107
1614.08,00:04,3228,-86
1614.52,00:02,3229,-107
1614.58,00:04,3229,-86
1615.02,00:02,3230,-107
1615.08,00:04,3230,-86
1615.52,00:02,3231,-107
1615.53,00:03,3231,-108
1615.58,00:04,3231,-87
1616.02,00:02,3232,-107
1616.08,00:04,3232,-87
1616.52,00:02,3233,-107
1616.53,00:03,3233,-108
1616.58,00:04,3233,-87
1617.02,00:02,3234,-107
1617.03,00:03,3234,-108
1617.08,00:04,3234,-87
1617.52,00:02,3235,-107
1617.58,00:04,3235,-87
1618.02,00:02,3236,-107
1618.08,00:04,3236,-88
1618.52,00:02,3237,-107
1618.58,00:04,3237,-88
1619.03,00:03,3238,-108
1619.08,00:04,3238,-88
1619.52,00:02,3239,-107
1619.58,00:04,3239,-88
1620.02,00:02,3240,-107
1620.03,00:03,3240,-108
1620.08,00:04,3240,-89
1620.52,00:02,3241,-108
1620.53,00:03,3241,-108
1620.58,00:04,3241,-89
1621.02,00:02,3242,-108
1621.08,00:04,3242,-89
1621.52,00:02,3243,-108
1621.53,00:03,3243,-108
1621.58,00:04,3243,-89
1622.02,00:02,3244,-108
1622.03,00:03,3244,-108
1622.08,00:04,3244,-89
1622.53,00:03,3245,-108
1622.58,00:04,3245,-90
1623.02,00:02,3246,-101
1623.03,00:03,3246,-101
1623.08,00:04,3246,-83
1623.52,00:02,3247,-101
1623.53,00:03,3247,-101
1623.58,00:04,3247,-83
1624.02,00:02,3248,-101
1624.03,00:03,3248,-101
1624.08,00:04,3248,-83
1624.52,00:02,3249,-101
1624.53,00:03,3249,-101
1624.58,00:04,3249,-83
1625.02,00:02,3250,-101
1625.03,00:03,3250,-101
1625.08,00:04,3250,-84
1625.52,00:02,3251,-101
1625.53,00:03,3251,-101
1625.58,00:04,3251,-84
1626.02,00:02,3252,-101
1626.03,00:03,3252,-101
1626.08,00:04,3252,-84
1626.52,00:02,3253,-101
1626.53,00:03,3253,-101
1626.58,00:04,3253,-84
1627.02,00:02,3254,-101
1627.03,00:03,3254,-102
1627.08,00:04,3254,-84
1627.52,00:02,3255,-101
1627.53,00:03,3255,-102
1627.58,00:04,3255,-84
1628.02,00:02,3256,-101
1628.03,00:03,3256,-102
1628.08,00:04,3256,-84
1628.52,00:02,3257,-101
1628.53,00:03,3257,-102
1628.58,00:04,3257,-84
1629.02,00:02,3258,-101
1629.03,00:03,3258,-102
1629.08,00:04,3258,-84
1629.52,00:02,3259,-101
1629.53,00:03,3259,-102
1629.58,00:04,3259,-84
1630.02,00:02,3260,-102
1630.03,00:03,3260,-102
1630.08,00:04,3260,-84
1630.52,00:02,3261,-102
1630.53,00:03,3261,-102
1630.58,00:04,3261,-84
1631.02,00:02,3262,-102
1631.03,00:03,3262,-102
1631.08,00:04,3262,-84
1631.52,00:02,3263,-102
1631.53,00:03,3263,-102
1631.58,00:04,3263,-84
1632.02,00:02,3264,-102
1632.03,00:03,3264,-102
1632.08,00:04,3264,-84
1632.52,00:02,3265,-102
1632.53,00:03,3265,-102
1632.58,00:04,3265,-84
1633.02,00:02,3266,-101
1633.03,00:03,3266,-102
1633.08,00:04,3266,-83
1633.52,00:02,3267,-101
1633.53,00:03,3267,-102
1633.58,00:04,3267,-83
1634.02,00:02,3268,-101
1634.03,00:03,3268,-102
1634.08,00:04,3268,-83
1634.52,00:02,3269,-101
1634.53,00:03,3269,-102
1634.58,00:04,3269,-83
1635.02,00:02,3270,-101
1635.03,00:03,3270,-102
1635.08,00:04,3270,-83
1635.52,00:02,3271,-101
1635.53,00:03,3271,-102
1635.58,00:04,3271,-82
1636.02,00:02,3272,-101
1636.03,00:03,3272,-102
1636.08,00:04,3272,-82
1636.52,00:02,3273,-101
1636.53,00:03,3273,-102
1636.58,00:04,3273,-82
1637.02,00:02,3274,-101
1637.03,00:03,3274,-102
1637.08,00:04,3274,-82
1637.52,00:02,3275,-101
1637.53,00:03,3275,-102
1637.58,00:04,3275,-81
1638.02,00:02,3276,-101
1638.03,00:03,3276,-102
1638.08,00:04,3276,-81
1638.52,00:02,3277,-101
1638.53,00:03,3277,-102
1638.58,00:04,3277,-81
1639.02,00:02,3278,-101
1639.03,00:03,3278,-102
1639.08,00:04,3278,-81
1639.52,00:02,3279,-101
1639.53,00:03,3279,-102
1639.58,00:04,3279,-81
1640.02,00:02,3280,-101
1640.03,00:03,3280,-102
1640.08,00:04,3280,-80
1640.52,00:02,3281,-101
1640.53,00:03,3281,-102
1640.58,00:04,3281,-80
1641.02,00:02,3282,-101
1641.03,00:03,3282,-102
1641.08,00:04,3282,-80
1641.52,00:02,3283,-101
1641.53,00:03,3283,-102
1641.58,00:04,3283,-80
1642.02,00:02,3284,-101
1642.03,00:03,3284,-102
1642.08,00:04,3284,-79
1642.52,00:02,3285,-101
1642.53,00:03,3285,-102
1642.58,00:04,3285,-79
1643.02,00:02,3286,-101
1643.03,00:03,3286,-102
1643.08,00:04,3286,-79
1643.52,00:02,3287,-100
1643.53,00:03,3287,-103
1643.58,00:04,3287,-79
1644.02,00:02,3288,-100
1644.03,00:03,3288,-103
1644.08,00:04,3288,-78
1644.52,00:02,3289,-100
1644.53,00:03,3289,-103
1644.58,00:04,3289,-78
1645.02,00:02,3290,-100
1645.03,00:03,3290,-103
1645.08,00:04,3290,-78
1645.52,00:02,3291,-100
1645.53,00:03,3291,-103
1645.58,00:04,3291,-78
1646.02,00:02,3292,-100
1646.03,00:03,3292,-103
1646.08,00:04,3292,-77
1646.52,00:02,3293,-100
1646.53,00:03,3293,-103
1646.58,00:04,3293,-77
1647.02,00:02,3294,-100
1647.03,00:03,3294,-103
1647.08,00:04,3294,-77
1647.52,00:02,3295,-100
1647.53,00:03,3295,-103
1647.58,00:04,3295,-76
1648.02,00:02,3296,-100
1648.03,00:03,3296,-103
1648.08,00:04,3296,-76
1648.52,00:02,3297,-100
1648.53,00:03,3297,-103
1648.58,00:04,3297,-76
1649.02,00:02,3298,-100
1649.03,00:03,3298,-103
1649.08,00:04,3298,-76
1649.52,00:02,3299,-100
1649.53,00:03,3299,-103
1649.58,00:04,3299,-75
1650.02,00:02,3300,-100
1650.03,00:03,3300,-103
1650.08,00:04,3300,-75
1650.52,00:02,3301,-100
1650.53,00:03,3301,-103
1650.58,00:04,3301,-75
1651.02,00:02,3302,-100
1651.03,00:03,3302,-103
1651.08,00:04,3302,-74
1651.52,00:02,3303,-100
1651.53,00:03,3303,-103
1651.58,00:04,3303,-74
1652.02,00:02,3304,-100
1652.03,00:03,3304,-103
1652.08,00:04,3304,-74
1652.52,00:02,3305,-100
1652.53,00:03,3305,-103
1652.58,00:04,3305,-73
1653.02,00:02,3306,-100
1653.03,00:03,3306,-103
1653.08,00:04,3306,-73
1653.52,00:02,3307,-99
1653.53,00:03,3307,-103
1653.58,00:04,3307,-73
1654.02,00:02,3308,-99
1654.03,00:03,3308,-103
1654.08,00:04,3308,-72
1654.52,00:02,3309,-99
1654.53,00:03,3309,-103
1654.58,00:04,3309,-72
1655.02,00:02,3310,-99
1655.03,00:03,3310,-103
1655.08,00:04,3310,-71
1655.52,00:02,3311,-99
1655.53,00:03,3311,-103
1655.58,00:04,3311,-71
1656.02,00:02,3312,-99
1656.03,00:03,3312,-103
1656.08,00:04,3312,-71
1656.52,00:02,3313,-99
1656.53,00:03,3313,-103
1656.58,00:04,3313,-70
1657.02,00:02,3314,-99
1657.03,00:03,3314,-103
1657.08,00:04,3314,-70
1657.52,00:02,3315,-99
1657.53,00:03,3315,-103
1657.58,00:04,3315,-69
1658.02,00:02,3316,-99
1658.03,00:03,3316,-103
1658.08,00:04,3316,-69
1658.52,00:02,3317,-99
1658.53,00:03,3317,-103
1658.58,00:04,3317,-68
1659.02,00:02,3318,-99
1659.03,00:03,3318,-103
1659.08,00:04,3318,-68
1659.52,00:02,3319,-99
1659.53,00:03,3319,-103
1659.58,00:04,3319,-68
1660.02,00:02,3320,-99
1660.03,00:03,3320,-103
1660.08,00:04,3320,-67
1660.52,00:02,3321,-99
1660.53,00:03,3321,-103
1660.58,00:04,3321,-67
1661.02,00:02,3322,-99
1661.03,00:03,3322,-103
1661.08,00:04,3322,-67
1661.52,00:02,3323,-99
1661.53,00:03,3323,-103
1661.58,00:04,3323,-66
1662.02,00:02,3324,-99
1662.03,00:03,3324,-103
1662.08,00:04,3324,-66
1662.52,00:02,3325,-99
1662.53,00:03,3325,-103
1662.58,00:04,3325,-66
1663.02,00:02,3326,-99
1663.03,00:03,3326,-103
1663.08,00:04,3326,-66
1663.52,00:02,3327,-99
1663.53,00:03,3327,-103
1663.58,00:04,3327,-65
1664.02,00:02,3328,-99
1664.03,00:03,3328,-103
1664.08,00:04,3328,-65
1664.52,00:02,3329,-98
1664.53,00:03,3329,-103
1664.58,00:04,3329,-64
1665.02,00:02,3330,-98
1665.03,00:03,3330,-104
1665.08,00:04,3330,-64
1665.52,00:02,3331,-98
1665.53,00:03,3331,-104
1665.58,00:04,3331,-64
1666.02,00:02,3332,-98
1666.03,00:03,3332,-104
1666.08,00:04,3332,-63
1666.52,00:02,3333,-98
1666.53,00:03,3333,-104
1666.58,00:04,3333,-63
1667.02,00:02,3334,-98
1667.03,00:03,3334,-104
1667.08,00:04,3334,-62
1667.52,00:02,3335,-98
1667.53,00:03,3335,-104
1667.58,00:04,3335,-62
1668.02,00:02,3336,-98
1668.03,00:03,3336,-104
1668.08,00:04,3336,-61
1668.52,00:02,3337,-98
1668.53,00:03,3337,-104
1668.58,00:04,3337,-61
1669.02,00:02,3338,-98
1669.03,00:03,3338,-104
1669.08,00:04,3338,-60
1669.52,00:02,3339,-98
1669.53,00:03,3339,-104
1669.58,00:04,3339,-60
1670.02,00:02,3340,-98
1670.03,00:03,3340,-104
1670.08,00:04,3340,-59
1670.52,00:02,3341,-98
1670.53,00:03,3341,-104
1670.58,00:04,3341,-59
1671.02,00:02,3342,-98
1671.03,00:03,3342,-104
1671.08,00:04,3342,-58
1671.52,00:02,3343,-98
1671.53,00:03,3343,-104
1671.58,00:04,3343,-57
1672.02,00:02,3344,-98
1672.03,00:03,3344,-104
1672.08,00:04,3344,-57
1672.52,00:02,3345,-98
1672.53,00:03,3345,-104
1672.58,00:04,3345,-56
1673.02,00:02,3346,-98
1673.03,00:03,3346,-104
1673.08,00:04,3346,-55
1673.52,00:02,3347,-98
1673.53,00:03,3347,-104
1673.58,00:04,3347,-54
1674.02,00:02,3348,-98
1674.03,00:03,3348,-104
1674.08,00:04,3348,-54
1674.52,00:02,3349,-98
1674.53,00:03,3349,-104
1674.58,00:04,3349,-53
1675.02,00:02,3350,-98
1675.03,00:03,3350,-104
1675.08,00:04,3350,-52
1675.52,00:02,3351,-98
1675.53,00:03,3351,-104
1675.58,00:04,3351,-51
1676.02,00:02,3352,-97
1676.03,00:03,3352,-104
1676.08,00:04,3352,-51
1676.52,00:02,3353,-97
1676.53,00:03,3353,-104
1676.58,00:04,3353,-50
1677.02,00:02,3354,-97
1677.03,00:03,3354,-104
1677.08,00:04,3354,-50
1677.52,00:02,3355,-97
1677.53,00:03,3355,-104
1677.58,00:04,3355,-50
1678.02,00:02,3356,-97
1678.03,00:03,3356,-104
1678.08,00:04,3356,-51
1678.52,00:02,3357,-97
1678.53,00:03,3357,-104
1678.58,00:04,3357,-52
1679.02,00:02,3358,-97
1679.03,00:03,3358,-105
1679.08,00:04,3358,-52
1679.52,00:02,3359,-97
1679.53,00:03,3359,-105
1679.58,00:04,3359,-53
1680.02,00:02,3360,-97
1680.03,00:03,3360,-105
1680.08,00:04,3360,-54
1680.52,00:02,3361,-97
1680.53,00:03,3361,-105
1680.58,00:04,3361,-55
1681.02,00:02,3362,-97
1681.03,00:03,3362,-105
1681.08,00:04,3362,-55
1681.52,00:02,3363,-97
1681.53,00:03,3363,-105
1681.58,00:04,3363,-56
1682.02,00:02,3364,-97
1682.03,00:03,3364,-105
1682.08,00:04,3364,-57
1682.52,00:02,3365,-97
1682.53,00:03,3365,-105
1682.58,00:04,3365,-58
1683.02,00:02,3366,-97
1683.03,00:03,3366,-105
1683.08,00:04,3366,-58
1683.52,00:02,3367,-97
1683.53,00:03,3367,-105
1683.58,00:04,3367,-59
1684.02,00:02,3368,-97
1684.03,00:03,3368,-105
1684.08,00:04,3368,-59
1684.52,00:02,3369,-97
1684.53,00:03,3369,-105
1684.58,00:04,3369,-60
1685.02,00:02,3370,-97
1685.03,00:03,3370,-105
1685.08,00:04,3370,-61
1685.52,00:02,3371,-97
1685.53,00:03,3371,-105
1685.58,00:04,3371,-61
1686.02,00:02,3372,-97
1686.03,00:03,3372,-105
1686.08,00:04,3372,-62
1686.52,00:02,3373,-97
1686.53,00:03,3373,-105
1686.58,00:04,3373,-62
1687.02,00:02,3374,-97
1687.03,00:03,3374,-105
1687.08,00:04,3374,-63
1687.52,00:02,3375,-97
1687.53,00:03,3375,-105
1687.58,00:04,3375,-63
1688.02,00:02,3376,-97
1688.03,00:03,3376,-105
1688.08,00:04,3376,-63
1688.52,00:02,3377,-97
1688.53,00:03,3377,-105
1688.58,00:04,3377,-64
1689.02,00:02,3378,-97
1689.03,00:03,3378,-105
1689.08,00:04,3378,-64
1689.52,00:02,3379,-96
1689.53,00:03,3379,-105
1689.58,00:04,3379,-65
1690.02,00:02,3380,-96
1690.03,00:03,3380,-105
1690.08,00:04,3380,-65
1690.52,00:02,3381,-96
1690.53,00:03,3381,-106
1690.58,00:04,3381,-65
1691.02,00:02,3382,-96
1691.03,00:03,3382,-106
1691.08,00:04,3382,-66
1691.52,00:02,3383,-96
1691.53,00:03,3383,-106
1691.58,00:04,3383,-66
1692.02,00:02,3384,-96
1692.03,00:03,3384,-106
1692.08,00:04,3384,-66
1692.52,00:02,3385,-96
1692.53,00:03,3385,-106
1692.58,00:04,3385,-67
1693.02,00:02,3386,-96
1693.03,00:03,3386,-106
1693.08,00:04,3386,-67
1693.52,00:02,3387,-96
1693.53,00:03,3387,-106
1693.58,00:04,3387,-67
1694.02,00:02,3388,-96
1694.03,00:03,3388,-106
1694.08,00:04,3388,-67
1694.52,00:02,3389,-96
1694.53,00:03,3389,-106
1694.58,00:04,3389,-68
1695.02,00:02,3390,-96
1695.03,00:03,3390,-106
1695.08,00:04,3390,-68
1695.52,00:02,3391,-96
1695.53,00:03,3391,-106
1695.58,00:04,3391,-69
1696.02,00:02,3392,-96
1696.03,00:03,3392,-106
1696.08,00:04,3392,-69
1696.52,00:02,3393,-96
1696.53,00:03,3393,-106
1696.58,00:04,3393,-69
1697.02,00:02,3394,-96
1697.03,00:03,3394,-106
1697.08,00:04,3394,-70
1697.52,00:02,3395,-96
1697.53,00:03,3395,-106
1697.58,00:04,3395,-70
1698.02,00:02,3396,-96
1698.03,00:03,3396,-106
1698.08,00:04,3396,-71
1698.52,00:02,3397,-96
1698.53,00:03,3397,-106
1698.58,00:04,3397,-71
1699.02,00:02,3398,-96
1699.03,00:03,3398,-106
1699.08,00:04,3398,-71
1699.52,00:02,3399,-96
1699.53,00:03,3399,-106
1699.58,00:04,3399,-72
1700.02,00:02,3400,-96
1700.03,00:03,3400,-106
1700.08,00:04,3400,-72
1700.52,00:02,3401,-96
1700.53,00:03,3401,-106
1700.58,00:04,3401,-73
1701.02,00:02,3402,-96
1701.03,00:03,3402,-107
1701.08,00:04,3402,-73
1701.52,00:02,3403,-96
1701.53,00:03,3403,-107
1701.58,00:04,3403,-73
1702.02,00:02,3404,-96
1702.03,00:03,3404,-107
1702.08,00:04,3404,-74
1702.52,00:02,3405,-96
1702.53,00:03,3405,-107
1702.58,00:04,3405,-74
1703.02,00:02,3406,-96
1703.03,00:03,3406,-107
1703.08,00:04,3406,-74
1703.52,00:02,3407,-96
1703.53,00:03,3407,-107
1703.58,00:04,3407,-75
1704.02,00:02,3408,-96
1704.03,00:03,3408,-107
1704.08,00:04,3408,-75
1704.52,00:02,3409,-96
1704.53,00:03,3409,-107
1704.58,00:04,3409,-75
1705.02,00:02,3410,-96
1705.03,00:03,3410,-107
1705.08,00:04,3410,-76
1705.52,00:02,3411,-96
1705.53,00:03,3411,-107
1705.58,00:04,3411,-76
1706.02,00:02,3412,-96
1706.03,00:03,3412,-107
1706.08,00:04,3412,-76
1706.52,00:02,3413,-96
1706.58,00:04,3413,-77
1707.02,00:02,3414,-96
1707.03,00:03,3414,-107
1707.08,00:04,3414,-77
1707.52,00:02,3415,-96
1707.53,00:03,3415,-107
1707.58,00:04,3415,-77
1708.02,00:02,3416,-96
1708.03,00:03,3416,-107
1708.08,00:04,3416,-77
1708.52,00:02,3417,-96
1708.53,00:03,3417,-107
1708.58,00:04,3417,-78
1709.02,00:02,3418,-96
1709.03,00:03,3418,-107
1709.08,00:04,3418,-78
1709.52,00:02,3419,-96
1709.58,00:04,3419,-78
1710.02,00:02,3420,-96
1710.03,00:03,3420,-107
1710.08,00:04,3420,-78
1710.52,00:02,3421,-96
1710.58,00:04,3421,-79
1711.02,00:02,3422,-96
1711.03,00:03,3422,-107
1711.08,00:04,3422,-79
1711.52,00:02,3423,-96
1711.53,00:03,3423,-108
1711.58,00:04,3423,-79
1712.02,00:02,3424,-95
1712.03,00:03,3424,-108
1712.08,00:04,3424,-79
1712.52,00:02,3425,-95
1712.53,00:03,3425,-108
1712.58,00:04,3425,-80
1713.02,00:02,3426,-95
1713.03,00:03,3426,-108
1713.08,00:04,3426,-80
1713.52,00:02,3427,-95
1713.53,00:03,3427,-108
1713.58,00:04,3427,-80
1714.02,00:02,3428,-95
1714.08,00:04,3428,-80
1714.52,00:02,3429,-95
1714.53,00:03,3429,-108
1714.58,00:04,3429,-81
1715.02,00:02,3430,-95
1715.03,00:03,3430,-108
1715.08,00:04,3430,-81
1715.52,00:02,3431,-95
1715.53,00:03,3431,-108
1715.58,00:04,3431,-81
1716.02,00:02,3432,-95
1716.03,00:03,3432,-108
1716.08,00:04,3432,-81
1716.52,00:02,3433,-95
1716.53,00:03,3433,-108
1716.58,00:04,3433,-82
1717.02,00:02,3434,-95
1717.03,00:03,3434,-108
1717.08,00:04,3434,-82
1717.52,00:02,3435,-95
1717.53,00:03,3435,-108
1717.58,00:04,3435,-82
1718.02,00:02,3436,-95
1718.03,00:03,3436,-108
1718.08,00:04,3436,-82
1718.52,00:02,3437,-95
1718.58,00:04,3437,-82
1719.02,00:02,3438,-95
1719.08,00:04,3438,-83
1719.52,00:02,3439,-95
1719.58,00:04,3439,-83
1720.02,00:02,3440,-95
1720.03,00:03,3440,-108
1720.08,00:04,3440,-83
1720.52,00:02,3441,-95
1720.58,00:04,3441,-83
1721.02,00:02,3442,-95
1721.08,00:04,3442,-83
1721.52,00:02,3443,-95
1721.53,00:03,3443,-109
1721.58,00:04,3443,-84
