Time_s,Src_MAC,Seq_Num,RSSI_dBm
0.00607176,00:02,0,-60
0.0571016,00:03,0,-90
0.105716,00:04,0,-107
0.504467,00:02,1,-60
0.554205,00:03,1,-90
0.605264,00:04,1,-107
1.00436,00:02,2,-60
1.05665,00:03,2,-90
1.50305,00:02,3,-61
1.5544,00:03,3,-89
1.60513,00:04,3,-107
2.0046,00:02,4,-61
2.05427,00:03,4,-89
2.10669,00:04,4,-107
2.50269,00:02,5,-62
2.5551,00:03,5,-89
2.60598,00:04,5,-107
3.0039,00:02,6,-62
3.05722,00:03,6,-89
3.10544,00:04,6,-107
3.50466,00:02,7,-63
3.55468,00:03,7,-89
3.6061,00:04,7,-107
4.00348,00:02,8,-64
4.05495,00:03,8,-89
4.10424,00:04,8,-107
4.50614,00:02,9,-64
4.55456,00:03,9,-89
4.60702,00:04,9,-107
5.00348,00:02,10,-65
5.05491,00:03,10,-89
5.10585,00:04,10,-107
5.50403,00:02,11,-66
5.55529,00:03,11,-89
5.60504,00:04,11,-107
6.00338,00:02,12,-66
6.05613,00:03,12,-89
6.10413,00:04,12,-107
6.50431,00:02,13,-67
6.55579,00:03,13,-88
6.60626,00:04,13,-107
7.00303,00:02,14,-67
7.05598,00:03,14,-88
7.10536,00:04,14,-107
7.50584,00:02,15,-68
7.55623,00:03,15,-88
7.6059,00:04,15,-107
8.00507,00:02,16,-68
8.05553,00:03,16,-88
8.10522,00:04,16,-107
8.50404,00:02,17,-69
8.55538,00:03,17,-88
8.60629,00:04,17,-106
9.0042,00:02,18,-69
9.05495,00:03,18,-88
9.1067,00:04,18,-106
9.50628,00:02,19,-70
9.55584,00:03,19,-88
9.60534,00:04,19,-106
10.0049,00:02,20,-70
10.0569,00:03,20,-88
10.107,00:04,20,-106
10.5041,00:02,21,-71
10.5559,00:03,21,-88
10.6048,00:04,21,-106
11.0044,00:02,22,-71
11.056,00:03,22,-87
11.107,00:04,22,-106
11.5046,00:02,23,-71
11.5544,00:03,23,-87
11.6052,00:04,23,-106
12.0051,00:02,24,-72
12.0536,00:03,24,-87
12.1043,00:04,24,-106
12.5041,00:02,25,-72
12.5548,00:03,25,-87
12.6057,00:04,25,-106
13.0029,00:02,26,-73
13.0539,00:03,26,-87
13.1056,00:04,26,-106
13.5039,00:02,27,-73
13.5539,00:03,27,-87
13.6044,00:04,27,-106
14.0048,00:02,28,-73
14.0545,00:03,28,-87
14.1054,00:04,28,-106
14.504,00:02,29,-74
14.5545,00:03,29,-87
14.6059,00:04,29,-106
15.0048,00:02,30,-74
15.0543,00:03,30,-87
15.1052,00:04,30,-106
15.5047,00:02,31,-74
15.5555,00:03,31,-86
15.6056,00:04,31,-106
16.004,00:02,32,-74
16.0569,00:03,32,-86
16.1049,00:04,32,-106
16.5052,00:02,33,-75
16.5569,00:03,33,-86
16.6052,00:04,33,-106
17.0051,00:02,34,-75
17.0562,00:03,34,-86
17.1065,00:04,34,-106
17.5037,00:02,35,-75
17.5551,00:03,35,-86
17.6045,00:04,35,-106
18.0049,00:02,36,-76
18.0564,00:03,36,-86
18.106,00:04,36,-106
18.5034,00:02,37,-76
18.5557,00:03,37,-86
18.6056,00:04,37,-106
19.0045,00:02,38,-77
19.0561,00:03,38,-86
19.504,00:02,39,-77
19.5564,00:03,39,-86
19.6048,00:04,39,-106
20.006,00:02,40,-77
20.0553,00:03,40,-85
20.1038,00:04,40,-106
20.5038,00:02,41,-78
20.5553,00:03,41,-85
20.6064,00:04,41,-106
21.0053,00:02,42,-78
21.0564,00:03,42,-85
21.1056,00:04,42,-106
21.504,00:02,43,-79
21.5551,00:03,43,-85
21.6054,00:04,43,-106
22.0055,00:02,44,-79
22.0544,00:03,44,-85
22.1066,00:04,44,-106
22.5051,00:02,45,-79
22.5575,00:03,45,-85
22.6054,00:04,45,-106
23.006,00:02,46,-80
23.057,00:03,46,-85
23.1062,00:04,46,-106
23.5029,00:02,47,-80
23.5576,00:03,47,-85
23.6073,00:04,47,-106
24.0028,00:02,48,-81
24.0552,00:03,48,-84
24.1065,00:04,48,-106
24.5047,00:02,49,-81
24.5573,00:03,49,-84
24.6078,00:04,49,-106
25.0032,00:02,50,-81
25.0577,00:03,50,-84
25.1051,00:04,50,-106
25.5037,00:02,51,-82
25.5553,00:03,51,-84
25.6075,00:04,51,-106
26.0039,00:02,52,-82
26.0552,00:03,52,-84
26.106,00:04,52,-105
26.5034,00:02,53,-82
26.5556,00:03,53,-84
26.6078,00:04,53,-105
27.0043,00:02,54,-83
27.0552,00:03,54,-84
27.1063,00:04,54,-105
27.5032,00:02,55,-83
27.5552,00:03,55,-83
27.6065,00:04,55,-105
28.0037,00:02,56,-83
28.0556,00:03,56,-83
28.1047,00:04,56,-105
28.5052,00:02,57,-83
28.5553,00:03,57,-83
28.6051,00:04,57,-105
29.0048,00:02,58,-84
29.0541,00:03,58,-83
29.1058,00:04,58,-105
29.5055,00:02,59,-84
29.5551,00:03,59,-83
29.6076,00:04,59,-105
30.0038,00:02,60,-84
30.0544,00:03,60,-83
30.1052,00:04,60,-105
30.5041,00:02,61,-85
30.5544,00:03,61,-83
30.6055,00:04,61,-105
31.0054,00:02,62,-85
31.0568,00:03,62,-82
31.1051,00:04,62,-105
31.5029,00:02,63,-85
31.5543,00:03,63,-82
31.6042,00:04,63,-105
32.004,00:02,64,-85
32.0544,00:03,64,-82
32.1078,00:04,64,-105
32.5041,00:02,65,-86
32.5557,00:03,65,-82
32.6054,00:04,65,-105
33.0031,00:02,66,-86
33.0546,00:03,66,-82
33.1075,00:04,66,-105
33.5029,00:02,67,-86
33.5545,00:03,67,-82
33.6059,00:04,67,-105
34.0023,00:02,68,-86
34.0545,00:03,68,-82
34.1062,00:04,68,-105
34.5052,00:02,69,-87
34.5547,00:03,69,-81
34.6058,00:04,69,-105
35.0036,00:02,70,-87
35.0568,00:03,70,-81
35.1048,00:04,70,-105
35.5035,00:02,71,-87
35.5545,00:03,71,-81
35.6061,00:04,71,-105
36.0058,00:02,72,-87
36.0541,00:03,72,-81
36.106,00:04,72,-105
36.5044,00:02,73,-88
36.5555,00:03,73,-81
36.6044,00:04,73,-105
37.0053,00:02,74,-88
37.0553,00:03,74,-81
37.1071,00:04,74,-105
37.5033,00:02,75,-88
37.5556,00:03,75,-80
37.607,00:04,75,-105
38.0044,00:02,76,-88
38.0547,00:03,76,-80
38.1056,00:04,76,-105
38.5035,00:02,77,-89
38.5568,00:03,77,-80
38.605,00:04,77,-105
39.0039,00:02,78,-89
39.0549,00:03,78,-80
39.1056,00:04,78,-105
39.5037,00:02,79,-89
39.5557,00:03,79,-80
39.6066,00:04,79,-105
40.0039,00:02,80,-89
40.0537,00:03,80,-80
40.1071,00:04,80,-105
40.5027,00:02,81,-89
40.5534,00:03,81,-79
40.606,00:04,81,-105
41.0037,00:02,82,-90
41.0561,00:03,82,-79
41.1055,00:04,82,-105
41.5053,00:02,83,-90
41.555,00:03,83,-79
41.605,00:04,83,-105
42.0025,00:02,84,-90
42.0547,00:03,84,-79
42.1065,00:04,84,-105
42.504,00:02,85,-90
42.5546,00:03,85,-79
42.6062,00:04,85,-105
43.0028,00:02,86,-90
43.0559,00:03,86,-78
43.1067,00:04,86,-105
43.506,00:02,87,-91
43.5546,00:03,87,-78
43.6066,00:04,87,-105
44.0046,00:02,88,-91
44.055,00:03,88,-78
44.1052,00:04,88,-105
44.5046,00:02,89,-91
44.5545,00:03,89,-78
44.6058,00:04,89,-105
45.0037,00:02,90,-91
45.0562,00:03,90,-78
45.1074,00:04,90,-105
45.5036,00:02,91,-91
45.5548,00:03,91,-78
45.6056,00:04,91,-105
46.0048,00:02,92,-92
46.0566,00:03,92,-77
46.106,00:04,92,-105
46.5036,00:02,93,-92
46.5558,00:03,93,-77
46.607,00:04,93,-105
47.0046,00:02,94,-92
47.0561,00:03,94,-77
47.1057,00:04,94,-105
47.5039,00:02,95,-92
47.5546,00:03,95,-77
47.6071,00:04,95,-105
48.0027,00:02,96,-92
48.0553,00:03,96,-77
48.1052,00:04,96,-105
48.5027,00:02,97,-93
48.5556,00:03,97,-76
48.6053,00:04,97,-105
49.0036,00:02,98,-93
49.0551,00:03,98,-76
49.1041,00:04,98,-105
49.503,00:02,99,-93
49.5566,00:03,99,-76
49.6072,00:04,99,-105
50.0032,00:02,100,-93
50.0567,00:03,100,-76
50.1062,00:04,100,-105
50.5043,00:02,101,-93
50.5564,00:03,101,-75
50.607,00:04,101,-105
51.0027,00:02,102,-93
51.0565,00:03,102,-75
51.1071,00:04,102,-105
51.5042,00:02,103,-94
51.5566,00:03,103,-75
51.605,00:04,103,-105
52.0019,00:02,104,-94
52.0549,00:03,104,-75
52.1052,00:04,104,-105
52.5034,00:02,105,-94
52.5556,00:03,105,-75
52.6068,00:04,105,-105
53.0042,00:02,106,-94
53.057,00:03,106,-74
53.1074,00:04,106,-105
53.5035,00:02,107,-94
53.5559,00:03,107,-74
53.6044,00:04,107,-105
54.0027,00:02,108,-94
54.0559,00:03,108,-74
54.1048,00:04,108,-105
54.5042,00:02,109,-95
54.5553,00:03,109,-74
54.6054,00:04,109,-105
55.0048,00:02,110,-95
55.0562,00:03,110,-73
55.5041,00:02,111,-95
55.5575,00:03,111,-73
55.6054,00:04,111,-105
56.0029,00:02,112,-95
56.0545,00:03,112,-73
56.107,00:04,112,-105
56.5027,00:02,113,-95
56.5534,00:03,113,-73
56.6068,00:04,113,-105
57.0034,00:02,114,-95
57.055,00:03,114,-72
57.1044,00:04,114,-105
57.5044,00:02,115,-96
57.5553,00:03,115,-72
57.6049,00:04,115,-105
58.0029,00:02,116,-96
58.0546,00:03,116,-72
58.1051,00:04,116,-105
58.5045,00:02,117,-96
58.5549,00:03,117,-72
58.606,00:04,117,-105
59.0027,00:02,118,-96
59.0541,00:03,118,-71
59.1052,00:04,118,-105
59.5041,00:02,119,-96
59.5538,00:03,119,-71
59.6052,00:04,119,-105
60.0044,00:02,120,-96
60.0542,00:03,120,-71
60.1041,00:04,120,-105
60.5038,00:02,121,-96
60.5534,00:03,121,-70
60.606,00:04,121,-105
61.0018,00:02,122,-97
61.0537,00:03,122,-70
61.1056,00:04,122,-105
61.5047,00:02,123,-97
61.5556,00:03,123,-70
61.6049,00:04,123,-105
62.0026,00:02,124,-97
62.0559,00:03,124,-70
62.1049,00:04,124,-105
62.5055,00:02,125,-97
62.556,00:03,125,-69
62.6073,00:04,125,-105
63.0036,00:02,126,-97
63.0559,00:03,126,-69
63.1066,00:04,126,-105
63.5027,00:02,127,-97
63.5551,00:03,127,-69
63.6053,00:04,127,-105
64.0024,00:02,128,-97
64.0563,00:03,128,-68
64.1072,00:04,128,-106
64.5049,00:02,129,-98
64.5541,00:03,129,-68
64.605,00:04,129,-106
65.0033,00:02,130,-98
65.0555,00:03,130,-68
65.1047,00:04,130,-106
65.5023,00:02,131,-98
65.5539,00:03,131,-67
65.6053,00:04,131,-106
66.0041,00:02,132,-98
66.0558,00:03,132,-67
66.1065,00:04,132,-106
66.5057,00:02,133,-98
66.5544,00:03,133,-67
66.606,00:04,133,-106
67.0021,00:02,134,-98
67.0534,00:03,134,-66
67.1061,00:04,134,-106
67.5036,00:02,135,-98
67.5534,00:03,135,-66
67.6073,00:04,135,-106
68.0035,00:02,136,-98
68.0562,00:03,136,-65
68.1069,00:04,136,-106
68.5044,00:02,137,-99
68.5546,00:03,137,-65
68.605,00:04,137,-106
69.0036,00:02,138,-99
69.0555,00:03,138,-65
69.1061,00:04,138,-106
69.5032,00:02,139,-99
69.5558,00:03,139,-64
69.6062,00:04,139,-106
70.0038,00:02,140,-99
70.0549,00:03,140,-64
70.1063,00:04,140,-106
70.5035,00:02,141,-99
70.5562,00:03,141,-63
70.606,00:04,141,-106
71.0043,00:02,142,-99
71.0551,00:03,142,-63
71.1049,00:04,142,-106
71.5033,00:02,143,-99
71.5562,00:03,143,-63
71.6055,00:04,143,-106
72.002,00:02,144,-99
72.0555,00:03,144,-62
72.1058,00:04,144,-106
72.5042,00:02,145,-100
72.5548,00:03,145,-62
72.6053,00:04,145,-106
73.0031,00:02,146,-100
73.0561,00:03,146,-61
73.1056,00:04,146,-106
73.5042,00:02,147,-100
73.5552,00:03,147,-61
73.6063,00:04,147,-106
74.0017,00:02,148,-100
74.0558,00:03,148,-61
74.1048,00:04,148,-106
74.505,00:02,149,-100
74.5553,00:03,149,-61
74.6054,00:04,149,-106
75.0037,00:02,150,-100
75.0558,00:03,150,-60
75.1059,00:04,150,-106
75.5034,00:02,151,-100
75.5551,00:03,151,-60
75.6065,00:04,151,-106
76.0023,00:02,152,-100
76.055,00:03,152,-60
76.1046,00:04,152,-106
76.5027,00:02,153,-100
76.5561,00:03,153,-59
76.6048,00:04,153,-106
77.0049,00:02,154,-101
77.0537,00:03,154,-59
77.1057,00:04,154,-106
77.505,00:02,155,-101
77.5538,00:03,155,-59
77.605,00:04,155,-106
78.0039,00:02,156,-101
78.0568,00:03,156,-58
78.1059,00:04,156,-106
78.5036,00:02,157,-101
78.5564,00:03,157,-58
78.6053,00:04,157,-106
79.0031,00:02,158,-101
79.0555,00:03,158,-57
79.1065,00:04,158,-106
79.5048,00:02,159,-101
79.5556,00:03,159,-57
79.6049,00:04,159,-106
80.0031,00:02,160,-101
80.0552,00:03,160,-57
80.105,00:04,160,-106
80.5045,00:02,161,-101
80.5551,00:03,161,-56
80.6067,00:04,161,-106
81.0048,00:02,162,-101
81.055,00:03,162,-56
81.1059,00:04,162,-106
81.5031,00:02,163,-102
81.5561,00:03,163,-55
81.6062,00:04,163,-107
82.0041,00:02,164,-102
82.0543,00:03,164,-55
82.1066,00:04,164,-107
82.5042,00:02,165,-102
82.555,00:03,165,-54
82.6051,00:04,165,-107
83.0027,00:02,166,-102
83.0547,00:03,166,-54
83.1047,00:04,166,-107
83.5043,00:02,167,-102
83.5535,00:03,167,-53
83.6055,00:04,167,-107
84.0043,00:02,168,-102
84.0542,00:03,168,-53
84.1065,00:04,168,-107
84.5025,00:02,169,-102
84.5552,00:03,169,-52
84.6067,00:04,169,-107
85.0031,00:02,170,-102
85.0571,00:03,170,-51
85.1042,00:04,170,-107
85.5036,00:02,171,-102
85.5545,00:03,171,-51
85.6054,00:04,171,-107
86.0025,00:02,172,-102
86.055,00:03,172,-50
86.1053,00:04,172,-107
86.503,00:02,173,-103
86.5553,00:03,173,-49
86.6062,00:04,173,-107
87.0033,00:02,174,-103
87.0558,00:03,174,-49
87.107,00:04,174,-107
87.5031,00:02,175,-103
87.5535,00:03,175,-48
87.6064,00:04,175,-107
88.004,00:02,176,-103
88.0565,00:03,176,-48
88.1054,00:04,176,-107
88.5027,00:02,177,-103
88.5554,00:03,177,-47
88.6037,00:04,177,-107
89.0031,00:02,178,-103
89.0555,00:03,178,-47
89.502,00:02,179,-103
89.5542,00:03,179,-47
89.605,00:04,179,-107
90.0026,00:02,180,-103
90.054,00:03,180,-47
90.1062,00:04,180,-107
90.5024,00:02,181,-103
90.5559,00:03,181,-48
91.0029,00:02,182,-103
91.0541,00:03,182,-49
91.1067,00:04,182,-107
91.5027,00:02,183,-103
91.5555,00:03,183,-49
91.6066,00:04,183,-107
92.002,00:02,184,-103
92.0569,00:03,184,-50
92.1049,00:04,184,-107
92.5023,00:02,185,-103
92.5562,00:03,185,-51
92.6065,00:04,185,-107
93.004,00:02,186,-103
93.0557,00:03,186,-52
93.1056,00:04,186,-107
93.5035,00:02,187,-103
93.555,00:03,187,-52
94.0031,00:02,188,-103
94.0564,00:03,188,-53
94.1071,00:04,188,-106
94.5036,00:02,189,-103
94.5547,00:03,189,-54
94.604,00:04,189,-106
95.0017,00:02,190,-103
95.0552,00:03,190,-54
95.1075,00:04,190,-106
95.5018,00:02,191,-103
95.5557,00:03,191,-54
95.607,00:04,191,-106
96.003,00:02,192,-103
96.0536,00:03,192,-54
96.1057,00:04,192,-106
96.5035,00:02,193,-103
96.5553,00:03,193,-54
96.606,00:04,193,-106
97.0029,00:02,194,-103
97.0548,00:03,194,-54
97.1045,00:04,194,-106
97.5023,00:02,195,-103
97.5556,00:03,195,-54
97.6046,00:04,195,-106
98.0026,00:02,196,-103
98.0554,00:03,196,-55
98.1068,00:04,196,-106
98.5034,00:02,197,-103
98.5549,00:03,197,-55
98.6062,00:04,197,-106
99.0013,00:02,198,-103
99.0571,00:03,198,-55
99.1061,00:04,198,-106
99.5017,00:02,199,-103
99.5553,00:03,199,-55
99.6049,00:04,199,-106
100.003,00:02,200,-103
100.054,00:03,200,-55
100.107,00:04,200,-106
100.505,00:02,201,-102
100.554,00:03,201,-56
100.605,00:04,201,-106
101.004,00:02,202,-102
101.056,00:03,202,-56
101.107,00:04,202,-106
101.503,00:02,203,-102
101.557,00:03,203,-56
101.605,00:04,203,-106
102.004,00:02,204,-102
102.055,00:03,204,-56
102.105,00:04,204,-106
102.502,00:02,205,-102
102.554,00:03,205,-57
102.604,00:04,205,-106
103.005,00:02,206,-102
103.056,00:03,206,-57
103.105,00:04,206,-106
103.503,00:02,207,-102
103.554,00:03,207,-57
103.605,00:04,207,-106
104.003,00:02,208,-102
104.055,00:03,208,-57
104.106,00:04,208,-106
104.502,00:02,209,-102
104.555,00:03,209,-58
104.607,00:04,209,-106
105.004,00:02,210,-102
105.055,00:03,210,-58
105.107,00:04,210,-106
105.505,00:02,211,-101
105.555,00:03,211,-58
105.606,00:04,211,-106
106.002,00:02,212,-101
106.055,00:03,212,-59
106.105,00:04,212,-106
106.503,00:02,213,-101
106.557,00:03,213,-59
106.606,00:04,213,-105
107.003,00:02,214,-101
107.056,00:03,214,-59
107.106,00:04,214,-105
107.501,00:02,215,-101
107.555,00:03,215,-60
107.604,00:04,215,-105
108.004,00:02,216,-101
108.055,00:03,216,-60
108.106,00:04,216,-105
108.503,00:02,217,-101
108.555,00:03,217,-60
108.605,00:04,217,-105
109.003,00:02,218,-101
109.056,00:03,218,-60
109.107,00:04,218,-105
109.503,00:02,219,-101
109.557,00:03,219,-61
109.606,00:04,219,-105
110.004,00:02,220,-100
110.055,00:03,220,-61
110.104,00:04,220,-105
110.503,00:02,221,-100
110.555,00:03,221,-61
110.606,00:04,221,-105
111.003,00:02,222,-100
111.054,00:03,222,-61
111.105,00:04,222,-105
111.504,00:02,223,-100
111.554,00:03,223,-62
111.606,00:04,223,-105
112.003,00:02,224,-100
112.053,00:03,224,-62
112.107,00:04,224,-105
112.504,00:02,225,-100
112.554,00:03,225,-62
112.606,00:04,225,-105
113.005,00:02,226,-100
113.055,00:03,226,-63
113.106,00:04,226,-105
113.502,00:02,227,-100
113.555,00:03,227,-63
113.606,00:04,227,-105
114.002,00:02,228,-100
114.056,00:03,228,-64
114.105,00:04,228,-105
114.503,00:02,229,-99
114.556,00:03,229,-64
114.607,00:04,229,-105
115.002,00:02,230,-99
115.055,00:03,230,-64
115.107,00:04,230,-105
115.502,00:02,231,-99
115.554,00:03,231,-65
115.606,00:04,231,-105
116.004,00:02,232,-99
116.056,00:03,232,-65
116.106,00:04,232,-105
116.502,00:02,233,-99
116.555,00:03,233,-65
116.606,00:04,233,-105
117.003,00:02,234,-99
117.057,00:03,234,-66
117.108,00:04,234,-105
117.502,00:02,235,-99
117.554,00:03,235,-66
117.606,00:04,235,-105
118.002,00:02,236,-99
118.056,00:03,236,-66
118.105,00:04,236,-105
118.504,00:02,237,-98
118.554,00:03,237,-67
118.605,00:04,237,-105
119.001,00:02,238,-98
119.056,00:03,238,-67
119.107,00:04,238,-105
119.504,00:02,239,-98
119.556,00:03,239,-67
119.605,00:04,239,-105
120.003,00:02,240,-98
120.055,00:03,240,-68
120.108,00:04,240,-105
120.502,00:02,241,-98
120.554,00:03,241,-68
120.606,00:04,241,-105
121.003,00:02,242,-98
121.055,00:03,242,-68
121.107,00:04,242,-105
121.503,00:02,243,-98
121.556,00:03,243,-69
121.606,00:04,243,-105
122.004,00:02,244,-97
122.053,00:03,244,-69
122.105,00:04,244,-105
122.503,00:02,245,-97
122.556,00:03,245,-69
122.606,00:04,245,-104
123.004,00:02,246,-97
123.056,00:03,246,-70
123.106,00:04,246,-104
123.503,00:02,247,-97
123.554,00:03,247,-70
123.605,00:04,247,-104
124.003,00:02,248,-97
124.054,00:03,248,-70
124.107,00:04,248,-104
124.502,00:02,249,-97
124.555,00:03,249,-71
124.605,00:04,249,-104
125.003,00:02,250,-97
125.053,00:03,250,-71
125.106,00:04,250,-104
125.503,00:02,251,-97
125.557,00:03,251,-71
125.606,00:04,251,-104
126.002,00:02,252,-96
126.054,00:03,252,-71
126.106,00:04,252,-104
126.503,00:02,253,-96
126.555,00:03,253,-72
126.605,00:04,253,-104
127.002,00:02,254,-96
127.055,00:03,254,-72
127.107,00:04,254,-104
127.502,00:02,255,-96
127.557,00:03,255,-72
127.605,00:04,255,-104
128.002,00:02,256,-96
128.055,00:03,256,-72
128.104,00:04,256,-104
128.502,00:02,257,-96
128.556,00:03,257,-73
128.605,00:04,257,-104
129.002,00:02,258,-96
129.055,00:03,258,-73
129.104,00:04,258,-104
129.501,00:02,259,-95
129.554,00:03,259,-73
129.606,00:04,259,-104
130.001,00:02,260,-95
130.055,00:03,260,-73
130.106,00:04,260,-104
130.503,00:02,261,-95
130.555,00:03,261,-74
130.604,00:04,261,-104
131.003,00:02,262,-95
131.057,00:03,262,-74
131.105,00:04,262,-104
131.503,00:02,263,-95
131.555,00:03,263,-74
131.606,00:04,263,-104
132.004,00:02,264,-95
132.056,00:03,264,-74
132.105,00:04,264,-104
132.501,00:02,265,-94
132.554,00:03,265,-75
132.606,00:04,265,-104
133.003,00:02,266,-101
133.053,00:03,266,-82
133.502,00:02,267,-101
133.555,00:03,267,-82
134.003,00:02,268,-101
134.054,00:03,268,-82
134.502,00:02,269,-101
134.553,00:03,269,-82
135.002,00:02,270,-101
135.053,00:03,270,-83
135.502,00:02,271,-100
135.555,00:03,271,-83
136.003,00:02,272,-100
136.055,00:03,272,-83
136.503,00:02,273,-100
136.554,00:03,273,-83
137.002,00:02,274,-100
137.055,00:03,274,-83
137.503,00:02,275,-100
137.554,00:03,275,-84
138.003,00:02,276,-100
138.054,00:03,276,-84
138.503,00:02,277,-99
138.556,00:03,277,-84
139.003,00:02,278,-99
139.055,00:03,278,-84
139.502,00:02,279,-99
139.554,00:03,279,-84
140.003,00:02,280,-99
140.056,00:03,280,-85
140.502,00:02,281,-99
140.556,00:03,281,-85
141.004,00:02,282,-99
141.055,00:03,282,-85
141.502,00:02,283,-98
141.554,00:03,283,-85
142.004,00:02,284,-98
142.055,00:03,284,-85
142.503,00:02,285,-98
142.554,00:03,285,-86
143.002,00:02,286,-98
143.055,00:03,286,-86
143.503,00:02,287,-98
143.556,00:03,287,-86
144.001,00:02,288,-97
144.055,00:03,288,-86
144.501,00:02,289,-97
144.556,00:03,289,-86
145.001,00:02,290,-97
145.056,00:03,290,-86
145.502,00:02,291,-97
145.555,00:03,291,-87
146.002,00:02,292,-97
146.053,00:03,292,-87
146.501,00:02,293,-96
146.554,00:03,293,-87
147.004,00:02,294,-96
147.055,00:03,294,-87
147.504,00:02,295,-96
147.556,00:03,295,-87
148.002,00:02,296,-96
148.054,00:03,296,-87
148.502,00:02,297,-95
148.556,00:03,297,-88
149.003,00:02,298,-88
149.055,00:03,298,-81
149.105,00:04,298,-104
149.502,00:02,299,-88
149.554,00:03,299,-81
149.604,00:04,299,-104
150.001,00:02,300,-88
150.053,00:03,300,-81
150.106,00:04,300,-104
150.504,00:02,301,-88
150.555,00:03,301,-81
150.606,00:04,301,-104
151,00:02,302,-87
151.056,00:03,302,-81
151.105,00:04,302,-104
151.501,00:02,303,-87
151.554,00:03,303,-82
151.607,00:04,303,-104
152.003,00:02,304,-87
152.055,00:03,304,-82
152.105,00:04,304,-104
152.503,00:02,305,-87
152.555,00:03,305,-82
152.607,00:04,305,-104
153,00:02,306,-86
153.055,00:03,306,-82
153.105,00:04,306,-104
153.504,00:02,307,-86
153.556,00:03,307,-82
153.604,00:04,307,-104
154.003,00:02,308,-86
154.056,00:03,308,-82
154.107,00:04,308,-104
154.504,00:02,309,-86
154.554,00:03,309,-82
154.605,00:04,309,-104
155.001,00:02,310,-85
155.054,00:03,310,-83
155.104,00:04,310,-104
155.502,00:02,311,-85
155.554,00:03,311,-83
155.607,00:04,311,-104
156.003,00:02,312,-85
156.055,00:03,312,-83
156.105,00:04,312,-104
156.504,00:02,313,-85
156.556,00:03,313,-83
156.605,00:04,313,-104
157.003,00:02,314,-84
157.055,00:03,314,-83
157.106,00:04,314,-104
157.501,00:02,315,-84
157.554,00:03,315,-83
157.605,00:04,315,-104
158.003,00:02,316,-84
158.055,00:03,316,-83
158.104,00:04,316,-104
158.502,00:02,317,-83
158.554,00:03,317,-84
158.606,00:04,317,-104
159.002,00:02,318,-83
159.055,00:03,318,-84
159.107,00:04,318,-104
159.501,00:02,319,-83
159.556,00:03,319,-84
159.607,00:04,319,-104
160.003,00:02,320,-83
160.055,00:03,320,-84
160.105,00:04,320,-105
160.503,00:02,321,-82
160.553,00:03,321,-84
160.605,00:04,321,-105
161.002,00:02,322,-82
161.056,00:03,322,-84
161.107,00:04,322,-105
161.501,00:02,323,-82
161.554,00:03,323,-84
161.605,00:04,323,-105
162.003,00:02,324,-81
162.054,00:03,324,-85
162.105,00:04,324,-105
162.501,00:02,325,-81
162.555,00:03,325,-85
162.607,00:04,325,-105
163.002,00:02,326,-81
163.054,00:03,326,-85
163.105,00:04,326,-105
163.504,00:02,327,-80
163.555,00:03,327,-85
163.604,00:04,327,-105
164.003,00:02,328,-80
164.056,00:03,328,-85
164.105,00:04,328,-105
164.502,00:02,329,-80
164.556,00:03,329,-85
164.606,00:04,329,-105
165.002,00:02,330,-79
165.054,00:03,330,-85
165.104,00:04,330,-105
165.501,00:02,331,-79
165.554,00:03,331,-85
165.607,00:04,331,-105
166.003,00:02,332,-79
166.055,00:03,332,-86
166.106,00:04,332,-105
166.503,00:02,333,-78
166.554,00:03,333,-86
166.605,00:04,333,-105
167.002,00:02,334,-78
167.054,00:03,334,-86
167.106,00:04,334,-105
167.502,00:02,335,-77
167.554,00:03,335,-86
167.604,00:04,335,-105
168.001,00:02,336,-77
168.053,00:03,336,-86
168.105,00:04,336,-105
168.503,00:02,337,-77
168.556,00:03,337,-86
168.606,00:04,337,-105
169.002,00:02,338,-76
169.055,00:03,338,-86
169.106,00:04,338,-105
169.503,00:02,339,-76
169.556,00:03,339,-86
169.605,00:04,339,-105
170.002,00:02,340,-75
170.055,00:03,340,-86
170.106,00:04,340,-105
170.5,00:02,341,-75
170.554,00:03,341,-87
170.604,00:04,341,-105
171.003,00:02,342,-75
171.054,00:03,342,-87
171.104,00:04,342,-105
171.503,00:02,343,-75
171.553,00:03,343,-87
171.607,00:04,343,-105
172.003,00:02,344,-74
172.053,00:03,344,-87
172.106,00:04,344,-105
172.501,00:02,345,-74
172.557,00:03,345,-87
172.604,00:04,345,-105
173.002,00:02,346,-74
173.054,00:03,346,-87
173.106,00:04,346,-105
173.502,00:02,347,-74
173.553,00:03,347,-87
173.605,00:04,347,-105
174.002,00:02,348,-73
174.056,00:03,348,-87
174.104,00:04,348,-105
174.502,00:02,349,-73
174.554,00:03,349,-87
174.606,00:04,349,-105
175.001,00:02,350,-73
175.054,00:03,350,-88
175.104,00:04,350,-105
175.502,00:02,351,-72
175.555,00:03,351,-88
175.605,00:04,351,-105
176.003,00:02,352,-72
176.055,00:03,352,-88
176.105,00:04,352,-106
176.503,00:02,353,-72
176.555,00:03,353,-88
176.605,00:04,353,-106
177.002,00:02,354,-72
177.054,00:03,354,-88
177.106,00:04,354,-106
177.503,00:02,355,-71
177.554,00:03,355,-88
177.606,00:04,355,-106
178.002,00:02,356,-71
178.054,00:03,356,-88
178.105,00:04,356,-106
178.501,00:02,357,-71
178.555,00:03,357,-88
178.606,00:04,357,-106
179.001,00:02,358,-70
179.054,00:03,358,-88
179.107,00:04,358,-106
179.503,00:02,359,-70
179.555,00:03,359,-89
179.607,00:04,359,-106
180.001,00:02,360,-70
180.055,00:03,360,-89
180.104,00:04,360,-106
180.503,00:02,361,-70
180.553,00:03,361,-89
180.606,00:04,361,-106
181.002,00:02,362,-69
181.053,00:03,362,-89
181.106,00:04,362,-106
181.502,00:02,363,-69
181.554,00:03,363,-89
181.606,00:04,363,-106
182.002,00:02,364,-69
182.055,00:03,364,-89
182.105,00:04,364,-106
182.502,00:02,365,-69
182.555,00:03,365,-89
182.605,00:04,365,-106
183.002,00:02,366,-68
183.053,00:03,366,-89
183.106,00:04,366,-106
183.503,00:02,367,-68
183.554,00:03,367,-89
183.607,00:04,367,-106
184.002,00:02,368,-68
184.053,00:03,368,-89
184.104,00:04,368,-106
184.502,00:02,369,-68
184.554,00:03,369,-90
184.604,00:04,369,-106
185.002,00:02,370,-68
185.054,00:03,370,-90
185.106,00:04,370,-106
185.501,00:02,371,-68
185.553,00:03,371,-90
185.605,00:04,371,-106
186.001,00:02,372,-68
186.054,00:03,372,-90
186.105,00:04,372,-106
186.5,00:02,373,-68
186.555,00:03,373,-90
186.608,00:04,373,-106
187.002,00:02,374,-69
187.055,00:03,374,-90
187.106,00:04,374,-106
187.502,00:02,375,-69
187.555,00:03,375,-90
187.604,00:04,375,-106
188.001,00:02,376,-70
188.054,00:03,376,-90
188.105,00:04,376,-106
188.502,00:02,377,-70
188.555,00:03,377,-90
188.607,00:04,377,-106
189.001,00:02,378,-71
189.055,00:03,378,-90
189.106,00:04,378,-106
189.502,00:02,379,-71
189.555,00:03,379,-90
189.607,00:04,379,-106
190.002,00:02,380,-72
190.054,00:03,380,-90
190.107,00:04,380,-106
190.501,00:02,381,-72
190.555,00:03,381,-90
190.605,00:04,381,-106
191.001,00:02,382,-72
191.055,00:03,382,-90
191.106,00:04,382,-106
191.5,00:02,383,-72
191.554,00:03,383,-90
191.606,00:04,383,-106
192.001,00:02,384,-72
192.054,00:03,384,-90
192.105,00:04,384,-106
192.501,00:02,385,-72
192.554,00:03,385,-90
192.604,00:04,385,-105
193.001,00:02,386,-72
193.054,00:03,386,-90
193.105,00:04,386,-105
193.501,00:02,387,-72
193.555,00:03,387,-90
193.606,00:04,387,-105
194.001,00:02,388,-72
194.054,00:03,388,-90
194.107,00:04,388,-105
194.501,00:02,389,-72
194.554,00:03,389,-89
194.604,00:04,389,-105
195.001,00:02,390,-73
195.054,00:03,390,-89
195.107,00:04,390,-105
195.502,00:02,391,-73
195.553,00:03,391,-89
195.606,00:04,391,-105
196.003,00:02,392,-73
196.056,00:03,392,-89
196.104,00:04,392,-105
196.5,00:02,393,-73
196.554,00:03,393,-89
196.606,00:04,393,-105
197.001,00:02,394,-73
197.054,00:03,394,-89
197.104,00:04,394,-105
197.501,00:02,395,-73
197.554,00:03,395,-89
197.606,00:04,395,-105
198.001,00:02,396,-73
198.054,00:03,396,-89
198.104,00:04,396,-105
198.501,00:02,397,-73
198.554,00:03,397,-89
198.606,00:04,397,-105
199.003,00:02,398,-73
199.056,00:03,398,-89
199.105,00:04,398,-105
199.502,00:02,399,-74
199.555,00:03,399,-88
199.606,00:04,399,-105
200.003,00:02,400,-74
200.054,00:03,400,-88
200.105,00:04,400,-105
200.501,00:02,401,-74
200.556,00:03,401,-88
200.607,00:04,401,-105
201.002,00:02,402,-74
201.055,00:03,402,-88
201.104,00:04,402,-105
201.501,00:02,403,-74
201.554,00:03,403,-88
201.604,00:04,403,-105
202.003,00:02,404,-74
202.054,00:03,404,-88
202.106,00:04,404,-105
202.501,00:02,405,-75
202.553,00:03,405,-88
202.605,00:04,405,-105
203,00:02,406,-75
203.054,00:03,406,-88
203.105,00:04,406,-105
203.5,00:02,407,-75
203.556,00:03,407,-88
203.604,00:04,407,-104
204,00:02,408,-75
204.053,00:03,408,-87
204.106,00:04,408,-104
204.503,00:02,409,-75
204.553,00:03,409,-87
204.604,00:04,409,-104
205.002,00:02,410,-76
205.055,00:03,410,-87
205.105,00:04,410,-104
205.501,00:02,411,-76
205.553,00:03,411,-87
205.607,00:04,411,-104
206.002,00:02,412,-76
206.056,00:03,412,-87
206.104,00:04,412,-104
206.501,00:02,413,-77
206.555,00:03,413,-87
206.607,00:04,413,-104
207.001,00:02,414,-77
207.055,00:03,414,-87
207.105,00:04,414,-104
207.502,00:02,415,-77
207.554,00:03,415,-87
207.606,00:04,415,-104
208.002,00:02,416,-78
208.055,00:03,416,-87
208.107,00:04,416,-104
208.501,00:02,417,-78
208.555,00:03,417,-86
208.606,00:04,417,-104
209.001,00:02,418,-78
209.053,00:03,418,-86
209.107,00:04,418,-104
209.502,00:02,419,-79
209.555,00:03,419,-86
209.606,00:04,419,-104
210.001,00:02,420,-79
210.054,00:03,420,-86
210.105,00:04,420,-104
210.501,00:02,421,-79
210.553,00:03,421,-86
210.605,00:04,421,-104
211.002,00:02,422,-80
211.054,00:03,422,-86
211.106,00:04,422,-104
211.501,00:02,423,-80
211.555,00:03,423,-86
211.605,00:04,423,-104
212.002,00:02,424,-80
212.054,00:03,424,-86
212.106,00:04,424,-104
212.501,00:02,425,-81
212.554,00:03,425,-86
212.605,00:04,425,-104
213.001,00:02,426,-81
213.053,00:03,426,-85
213.104,00:04,426,-104
213.503,00:02,427,-81
213.554,00:03,427,-85
213.605,00:04,427,-104
214,00:02,428,-81
214.054,00:03,428,-85
214.105,00:04,428,-104
214.501,00:02,429,-82
214.555,00:03,429,-85
214.604,00:04,429,-104
215.002,00:02,430,-82
215.053,00:03,430,-85
215.105,00:04,430,-104
215.503,00:02,431,-82
215.554,00:03,431,-85
215.605,00:04,431,-104
216.003,00:02,432,-83
216.055,00:03,432,-85
216.104,00:04,432,-104
216.502,00:02,433,-83
216.555,00:03,433,-85
216.607,00:04,433,-104
217.001,00:02,434,-83
217.056,00:03,434,-84
217.105,00:04,434,-104
217.503,00:02,435,-83
217.554,00:03,435,-84
217.604,00:04,435,-104
218.001,00:02,436,-84
218.055,00:03,436,-84
218.105,00:04,436,-103
218.503,00:02,437,-84
218.553,00:03,437,-84
218.607,00:04,437,-103
219.002,00:02,438,-84
219.056,00:03,438,-84
219.106,00:04,438,-103
219.502,00:02,439,-84
219.556,00:03,439,-84
219.605,00:04,439,-103
220.002,00:02,440,-85
220.053,00:03,440,-84
220.106,00:04,440,-103
220.5,00:02,441,-85
220.555,00:03,441,-84
220.605,00:04,441,-103
221.002,00:02,442,-85
221.054,00:03,442,-83
221.106,00:04,442,-103
221.499,00:02,443,-85
221.553,00:03,443,-83
221.605,00:04,443,-103
222.001,00:02,444,-86
222.054,00:03,444,-83
222.106,00:04,444,-103
222.5,00:02,445,-86
222.556,00:03,445,-83
222.607,00:04,445,-103
223,00:02,446,-86
223.054,00:03,446,-83
223.105,00:04,446,-103
223.5,00:02,447,-86
223.555,00:03,447,-83
223.606,00:04,447,-103
224.001,00:02,448,-87
224.055,00:03,448,-83
224.105,00:04,448,-103
224.502,00:02,449,-87
224.555,00:03,449,-82
224.605,00:04,449,-103
225.001,00:02,450,-87
225.056,00:03,450,-82
225.105,00:04,450,-103
225.501,00:02,451,-87
225.554,00:03,451,-82
225.606,00:04,451,-103
226,00:02,452,-88
226.054,00:03,452,-82
226.104,00:04,452,-103
226.5,00:02,453,-88
226.554,00:03,453,-82
226.607,00:04,453,-103
227.003,00:02,454,-88
227.054,00:03,454,-82
227.106,00:04,454,-103
227.5,00:02,455,-88
227.555,00:03,455,-82
227.606,00:04,455,-103
228,00:02,456,-88
228.053,00:03,456,-81
228.104,00:04,456,-103
228.502,00:02,457,-89
228.555,00:03,457,-81
228.607,00:04,457,-103
229.001,00:02,458,-89
229.054,00:03,458,-81
229.108,00:04,458,-103
229.5,00:02,459,-89
229.555,00:03,459,-81
229.605,00:04,459,-103
230,00:02,460,-89
230.053,00:03,460,-81
230.105,00:04,460,-103
230.502,00:02,461,-89
230.556,00:03,461,-81
230.604,00:04,461,-103
231.001,00:02,462,-90
231.054,00:03,462,-80
231.106,00:04,462,-103
231.501,00:02,463,-90
231.554,00:03,463,-80
231.607,00:04,463,-103
232,00:02,464,-90
232.056,00:03,464,-80
232.105,00:04,464,-103
232.502,00:02,465,-90
232.555,00:03,465,-80
232.606,00:04,465,-103
233.001,00:02,466,-90
233.054,00:03,466,-80
233.106,00:04,466,-103
233.501,00:02,467,-91
233.554,00:03,467,-80
233.605,00:04,467,-103
234.002,00:02,468,-91
234.053,00:03,468,-79
234.105,00:04,468,-103
234.5,00:02,469,-91
234.555,00:03,469,-79
234.605,00:04,469,-103
235.001,00:02,470,-91
235.055,00:03,470,-79
235.106,00:04,470,-103
235.5,00:02,471,-91
235.555,00:03,471,-79
235.606,00:04,471,-103
236,00:02,472,-92
236.053,00:03,472,-79
236.105,00:04,472,-103
236.501,00:02,473,-92
236.554,00:03,473,-79
236.608,00:04,473,-103
237.002,00:02,474,-92
237.053,00:03,474,-78
237.105,00:04,474,-103
237.501,00:02,475,-92
237.556,00:03,475,-78
237.605,00:04,475,-103
238.001,00:02,476,-92
238.053,00:03,476,-78
238.106,00:04,476,-103
238.501,00:02,477,-92
238.555,00:03,477,-78
238.607,00:04,477,-103
239.001,00:02,478,-93
239.054,00:03,478,-78
239.104,00:04,478,-103
239.501,00:02,479,-93
239.553,00:03,479,-77
239.605,00:04,479,-103
240.001,00:02,480,-93
240.054,00:03,480,-77
240.106,00:04,480,-103
240.499,00:02,481,-93
240.554,00:03,481,-77
240.604,00:04,481,-103
241.001,00:02,482,-93
241.054,00:03,482,-77
241.106,00:04,482,-103
241.501,00:02,483,-93
241.553,00:03,483,-77
241.605,00:04,483,-103
242,00:02,484,-94
242.056,00:03,484,-77
242.107,00:04,484,-103
242.501,00:02,485,-94
242.553,00:03,485,-76
242.606,00:04,485,-103
243,00:02,486,-94
243.054,00:03,486,-76
243.106,00:04,486,-103
243.5,00:02,487,-94
243.553,00:03,487,-76
243.605,00:04,487,-103
244,00:02,488,-94
244.054,00:03,488,-76
244.107,00:04,488,-103
244.501,00:02,489,-94
244.556,00:03,489,-76
244.605,00:04,489,-103
245.002,00:02,490,-95
245.054,00:03,490,-75
245.104,00:04,490,-103
245.501,00:02,491,-95
245.554,00:03,491,-75
245.606,00:04,491,-103
246.001,00:02,492,-95
246.053,00:03,492,-75
246.104,00:04,492,-103
246.501,00:02,493,-95
246.555,00:03,493,-75
246.607,00:04,493,-103
247.002,00:02,494,-95
247.054,00:03,494,-74
247.106,00:04,494,-103
247.502,00:02,495,-95
247.553,00:03,495,-74
247.606,00:04,495,-103
248.002,00:02,496,-95
248.054,00:03,496,-74
248.106,00:04,496,-103
248.503,00:02,497,-96
248.554,00:03,497,-74
248.605,00:04,497,-103
249,00:02,498,-96
249.054,00:03,498,-74
249.106,00:04,498,-103
249.501,00:02,499,-96
249.553,00:03,499,-73
249.606,00:04,499,-103
250,00:02,500,-96
250.053,00:03,500,-73
250.104,00:04,500,-103
250.5,00:02,501,-96
250.555,00:03,501,-73
250.605,00:04,501,-103
251.001,00:02,502,-96
251.055,00:03,502,-73
251.105,00:04,502,-103
251.5,00:02,503,-96
251.554,00:03,503,-72
251.606,00:04,503,-103
252,00:02,504,-97
252.054,00:03,504,-72
252.106,00:04,504,-103
252.499,00:02,505,-97
252.555,00:03,505,-72
252.606,00:04,505,-103
253.002,00:02,506,-97
253.054,00:03,506,-72
253.106,00:04,506,-103
253.501,00:02,507,-97
253.556,00:03,507,-71
253.606,00:04,507,-103
254,00:02,508,-97
254.054,00:03,508,-71
254.107,00:04,508,-103
254.5,00:02,509,-97
254.553,00:03,509,-71
254.605,00:04,509,-103
254.999,00:02,510,-97
255.055,00:03,510,-71
255.107,00:04,510,-103
255.501,00:02,511,-98
255.554,00:03,511,-70
255.604,00:04,511,-103
256.001,00:02,512,-98
256.052,00:03,512,-70
256.106,00:04,512,-103
256.502,00:02,513,-98
256.555,00:03,513,-70
256.606,00:04,513,-104
257.002,00:02,514,-98
257.054,00:03,514,-70
257.106,00:04,514,-104
257.499,00:02,515,-98
257.553,00:03,515,-69
257.606,00:04,515,-104
258.002,00:02,516,-98
258.054,00:03,516,-69
258.106,00:04,516,-104
258.499,00:02,517,-98
258.555,00:03,517,-69
258.604,00:04,517,-104
259.001,00:02,518,-98
259.055,00:03,518,-68
259.106,00:04,518,-104
259.501,00:02,519,-99
259.553,00:03,519,-68
259.603,00:04,519,-104
260.002,00:02,520,-99
260.052,00:03,520,-68
260.106,00:04,520,-104
260.5,00:02,521,-99
260.553,00:03,521,-68
260.606,00:04,521,-104
261.002,00:02,522,-99
261.053,00:03,522,-67
261.105,00:04,522,-104
261.501,00:02,523,-99
261.555,00:03,523,-67
261.606,00:04,523,-104
262.001,00:02,524,-99
262.055,00:03,524,-67
262.106,00:04,524,-104
262.5,00:02,525,-99
262.554,00:03,525,-66
262.606,00:04,525,-104
263.002,00:02,526,-99
263.054,00:03,526,-66
263.105,00:04,526,-104
263.501,00:02,527,-100
263.554,00:03,527,-66
263.606,00:04,527,-104
264.001,00:02,528,-100
264.054,00:03,528,-65
264.106,00:04,528,-104
264.5,00:02,529,-100
264.553,00:03,529,-65
264.605,00:04,529,-104
265.001,00:02,530,-100
265.053,00:03,530,-65
265.105,00:04,530,-104
265.5,00:02,531,-100
265.554,00:03,531,-65
265.605,00:04,531,-104
266,00:02,532,-100
266.054,00:03,532,-64
266.106,00:04,532,-104
266.501,00:02,533,-100
266.554,00:03,533,-64
266.604,00:04,533,-104
267.001,00:02,534,-100
267.055,00:03,534,-64
267.107,00:04,534,-104
267.5,00:02,535,-100
267.554,00:03,535,-63
267.606,00:04,535,-104
268.001,00:02,536,-101
268.053,00:03,536,-63
268.105,00:04,536,-104
268.502,00:02,537,-101
268.553,00:03,537,-63
268.606,00:04,537,-104
269.001,00:02,538,-101
269.053,00:03,538,-62
269.106,00:04,538,-104
269.502,00:02,539,-101
269.553,00:03,539,-62
269.605,00:04,539,-104
270,00:02,540,-101
270.054,00:03,540,-62
270.104,00:04,540,-104
270.5,00:02,541,-101
270.554,00:03,541,-62
270.603,00:04,541,-104
271.002,00:02,542,-101
271.054,00:03,542,-61
271.105,00:04,542,-105
271.5,00:02,543,-101
271.554,00:03,543,-61
271.605,00:04,543,-105
271.999,00:02,544,-101
272.053,00:03,544,-61
272.105,00:04,544,-105
272.499,00:02,545,-102
272.552,00:03,545,-61
272.606,00:04,545,-105
273,00:02,546,-102
273.053,00:03,546,-61
273.104,00:04,546,-105
273.499,00:02,547,-102
273.554,00:03,547,-60
273.606,00:04,547,-105
274,00:02,548,-102
274.054,00:03,548,-60
274.106,00:04,548,-105
274.499,00:02,549,-102
274.556,00:03,549,-60
274.605,00:04,549,-105
274.999,00:02,550,-102
275.052,00:03,550,-60
275.105,00:04,550,-105
275.501,00:02,551,-102
275.554,00:03,551,-60
275.604,00:04,551,-105
276,00:02,552,-102
276.053,00:03,552,-60
276.105,00:04,552,-105
276.501,00:02,553,-102
276.553,00:03,553,-60
276.605,00:04,553,-105
277.001,00:02,554,-102
277.054,00:03,554,-59
277.105,00:04,554,-105
277.5,00:02,555,-103
277.554,00:03,555,-59
277.606,00:04,555,-105
278.001,00:02,556,-103
278.056,00:03,556,-59
278.106,00:04,556,-105
278.499,00:02,557,-103
278.555,00:03,557,-59
278.604,00:04,557,-105
279.001,00:02,558,-103
279.054,00:03,558,-59
279.105,00:04,558,-105
279.5,00:02,559,-103
279.555,00:03,559,-59
279.606,00:04,559,-105
279.999,00:02,560,-103
280.054,00:03,560,-59
280.502,00:02,561,-103
280.555,00:03,561,-59
280.607,00:04,561,-105
281,00:02,562,-103
281.054,00:03,562,-59
281.106,00:04,562,-105
281.501,00:02,563,-103
281.554,00:03,563,-59
281.604,00:04,563,-105
282,00:02,564,-103
282.054,00:03,564,-59
282.106,00:04,564,-106
282.5,00:02,565,-103
282.555,00:03,565,-59
282.604,00:04,565,-105
283.001,00:02,566,-103
283.054,00:03,566,-60
283.107,00:04,566,-105
283.501,00:02,567,-103
283.554,00:03,567,-60
283.606,00:04,567,-105
284.001,00:02,568,-104
284.054,00:03,568,-60
284.105,00:04,568,-105
284.499,00:02,569,-104
284.553,00:03,569,-60
284.605,00:04,569,-105
284.999,00:02,570,-104
285.054,00:03,570,-61
285.105,00:04,570,-105
285.499,00:02,571,-104
285.554,00:03,571,-61
285.604,00:04,571,-105
286.001,00:02,572,-104
286.054,00:03,572,-61
286.105,00:04,572,-105
286.499,00:02,573,-104
286.554,00:03,573,-62
286.605,00:04,573,-105
287.001,00:02,574,-104
287.054,00:03,574,-62
287.105,00:04,574,-105
287.5,00:02,575,-104
287.553,00:03,575,-62
287.606,00:04,575,-105
288,00:02,576,-104
288.054,00:03,576,-62
288.104,00:04,576,-105
288.501,00:02,577,-104
288.553,00:03,577,-62
288.604,00:04,577,-105
288.999,00:02,578,-103
289.054,00:03,578,-62
289.105,00:04,578,-105
289.5,00:02,579,-103
289.555,00:03,579,-62
289.603,00:04,579,-104
290,00:02,580,-103
290.055,00:03,580,-62
290.106,00:04,580,-104
290.5,00:02,581,-103
290.553,00:03,581,-62
290.605,00:04,581,-104
291.001,00:02,582,-103
291.053,00:03,582,-62
291.105,00:04,582,-104
291.501,00:02,583,-103
291.555,00:03,583,-62
291.606,00:04,583,-104
291.999,00:02,584,-103
292.054,00:03,584,-62
292.105,00:04,584,-104
292.5,00:02,585,-103
292.554,00:03,585,-62
292.604,00:04,585,-104
293.001,00:02,586,-103
293.054,00:03,586,-63
293.106,00:04,586,-104
293.501,00:02,587,-103
293.554,00:03,587,-63
293.605,00:04,587,-104
294.001,00:02,588,-102
294.053,00:03,588,-63
294.105,00:04,588,-104
294.5,00:02,589,-102
294.553,00:03,589,-63
294.604,00:04,589,-104
295,00:02,590,-102
295.055,00:03,590,-63
295.104,00:04,590,-104
295.5,00:02,591,-102
295.554,00:03,591,-63
295.606,00:04,591,-104
296,00:02,592,-102
296.054,00:03,592,-63
296.106,00:04,592,-104
296.502,00:02,593,-102
296.553,00:03,593,-64
296.603,00:04,593,-104
296.999,00:02,594,-102
297.054,00:03,594,-64
297.106,00:04,594,-104
297.501,00:02,595,-102
297.554,00:03,595,-64
297.604,00:04,595,-104
298,00:02,596,-102
298.053,00:03,596,-64
298.104,00:04,596,-104
298.499,00:02,597,-102
298.555,00:03,597,-64
298.606,00:04,597,-104
299.002,00:02,598,-101
299.055,00:03,598,-65
299.105,00:04,598,-104
299.5,00:02,599,-101
299.554,00:03,599,-65
299.605,00:04,599,-103
299.999,00:02,600,-101
300.052,00:03,600,-65
300.104,00:04,600,-103
300.5,00:02,601,-101
300.555,00:03,601,-65
300.603,00:04,601,-103
301.002,00:02,602,-101
301.053,00:03,602,-66
301.103,00:04,602,-103
301.498,00:02,603,-101
301.552,00:03,603,-66
301.606,00:04,603,-103
301.999,00:02,604,-101
302.054,00:03,604,-66
302.105,00:04,604,-103
302.502,00:02,605,-101
302.555,00:03,605,-66
302.604,00:04,605,-103
302.999,00:02,606,-101
303.054,00:03,606,-66
303.104,00:04,606,-103
303.5,00:02,607,-100
303.555,00:03,607,-67
303.607,00:04,607,-103
304.001,00:02,608,-100
304.053,00:03,608,-67
304.106,00:04,608,-103
304.501,00:02,609,-100
304.554,00:03,609,-67
304.606,00:04,609,-103
305,00:02,610,-100
305.052,00:03,610,-67
305.106,00:04,610,-103
305.498,00:02,611,-100
305.554,00:03,611,-68
305.606,00:04,611,-103
306,00:02,612,-100
306.055,00:03,612,-68
306.105,00:04,612,-103
306.5,00:02,613,-100
306.554,00:03,613,-68
306.606,00:04,613,-103
306.999,00:02,614,-100
307.054,00:03,614,-68
307.106,00:04,614,-103
307.5,00:02,615,-100
307.553,00:03,615,-69
307.605,00:04,615,-103
307.999,00:02,616,-99
308.053,00:03,616,-69
308.105,00:04,616,-103
308.499,00:02,617,-99
308.554,00:03,617,-69
308.605,00:04,617,-103
308.999,00:02,618,-99
309.055,00:03,618,-69
309.105,00:04,618,-103
309.501,00:02,619,-99
309.553,00:03,619,-70
309.606,00:04,619,-103
310.001,00:02,620,-99
310.054,00:03,620,-70
310.105,00:04,620,-103
310.499,00:02,621,-99
310.553,00:03,621,-70
310.606,00:04,621,-103
310.999,00:02,622,-99
311.054,00:03,622,-70
311.107,00:04,622,-103
311.498,00:02,623,-99
311.555,00:03,623,-71
311.604,00:04,623,-103
312,00:02,624,-99
312.054,00:03,624,-71
312.105,00:04,624,-103
312.5,00:02,625,-98
312.554,00:03,625,-71
312.604,00:04,625,-102
313.001,00:02,626,-98
313.053,00:03,626,-71
313.104,00:04,626,-102
313.499,00:02,627,-98
313.552,00:03,627,-71
313.606,00:04,627,-102
314.001,00:02,628,-98
314.054,00:03,628,-72
314.106,00:04,628,-102
314.5,00:02,629,-98
314.554,00:03,629,-72
314.606,00:04,629,-102
315,00:02,630,-98
315.053,00:03,630,-72
315.106,00:04,630,-102
315.5,00:02,631,-98
315.555,00:03,631,-72
315.607,00:04,631,-102
316,00:02,632,-98
316.055,00:03,632,-73
316.105,00:04,632,-102
316.501,00:02,633,-97
316.555,00:03,633,-73
316.604,00:04,633,-102
317,00:02,634,-97
317.054,00:03,634,-73
317.105,00:04,634,-102
317.498,00:02,635,-97
317.554,00:03,635,-73
317.606,00:04,635,-102
318.001,00:02,636,-97
318.054,00:03,636,-73
318.105,00:04,636,-102
318.498,00:02,637,-97
318.554,00:03,637,-74
318.605,00:04,637,-102
319.001,00:02,638,-97
319.053,00:03,638,-74
319.105,00:04,638,-102
319.499,00:02,639,-97
319.555,00:03,639,-74
319.604,00:04,639,-102
320.001,00:02,640,-96
320.053,00:03,640,-74
320.107,00:04,640,-102
320.5,00:02,641,-96
320.553,00:03,641,-74
320.605,00:04,641,-102
320.999,00:02,642,-96
321.055,00:03,642,-75
321.103,00:04,642,-102
321.5,00:02,643,-96
321.555,00:03,643,-75
321.606,00:04,643,-102
322,00:02,644,-96
322.053,00:03,644,-75
322.106,00:04,644,-102
322.499,00:02,645,-96
322.553,00:03,645,-75
322.606,00:04,645,-102
322.999,00:02,646,-96
323.052,00:03,646,-75
323.104,00:04,646,-102
323.499,00:02,647,-95
323.553,00:03,647,-76
323.604,00:04,647,-102
323.999,00:02,648,-95
324.054,00:03,648,-76
324.104,00:04,648,-102
324.498,00:02,649,-95
324.554,00:03,649,-76
324.605,00:04,649,-102
325,00:02,650,-95
325.053,00:03,650,-76
325.105,00:04,650,-102
325.501,00:02,651,-95
325.554,00:03,651,-76
325.606,00:04,651,-102
325.998,00:02,652,-95
326.052,00:03,652,-77
326.104,00:04,652,-102
326.5,00:02,653,-95
326.555,00:03,653,-77
326.605,00:04,653,-102
326.998,00:02,654,-94
327.053,00:03,654,-81
327.106,00:04,654,-106
327.499,00:02,655,-98
327.553,00:03,655,-81
327.604,00:04,655,-106
327.998,00:02,656,-98
328.055,00:03,656,-81
328.104,00:04,656,-106
328.5,00:02,657,-98
328.553,00:03,657,-81
328.606,00:04,657,-106
329.001,00:02,658,-98
329.055,00:03,658,-82
329.105,00:04,658,-106
329.5,00:02,659,-98
329.554,00:03,659,-82
329.607,00:04,659,-106
330,00:02,660,-98
330.053,00:03,660,-82
330.107,00:04,660,-106
330.501,00:02,661,-97
330.554,00:03,661,-82
330.605,00:04,661,-106
331,00:02,662,-97
331.054,00:03,662,-82
331.104,00:04,662,-106
331.499,00:02,663,-97
331.553,00:03,663,-83
331.606,00:04,663,-106
332.001,00:02,664,-97
332.054,00:03,664,-83
332.105,00:04,664,-106
332.501,00:02,665,-97
332.552,00:03,665,-83
332.605,00:04,665,-106
333.001,00:02,666,-97
333.053,00:03,666,-83
333.107,00:04,666,-106
333.5,00:02,667,-96
333.554,00:03,667,-83
333.607,00:04,667,-106
334.001,00:02,668,-96
334.055,00:03,668,-83
334.105,00:04,668,-106
334.501,00:02,669,-96
334.553,00:03,669,-84
334.604,00:04,669,-106
335,00:02,670,-96
335.054,00:03,670,-84
335.104,00:04,670,-106
335.499,00:02,671,-96
335.553,00:03,671,-84
335.606,00:04,671,-106
335.999,00:02,672,-96
336.054,00:03,672,-84
336.107,00:04,672,-106
336.499,00:02,673,-95
336.554,00:03,673,-84
336.604,00:04,673,-106
336.999,00:02,674,-95
337.052,00:03,674,-84
337.105,00:04,674,-106
337.5,00:02,675,-95
337.552,00:03,675,-84
337.605,00:04,675,-106
337.999,00:02,676,-95
338.053,00:03,676,-85
338.105,00:04,676,-106
338.499,00:02,677,-95
338.552,00:03,677,-85
338.605,00:04,677,-106
339,00:02,678,-94
339.052,00:03,678,-81
339.103,00:04,678,-102
339.5,00:02,679,-90
339.552,00:03,679,-81
339.606,00:04,679,-102
339.999,00:02,680,-90
340.053,00:03,680,-81
340.105,00:04,680,-102
340.501,00:02,681,-90
340.553,00:03,681,-81
340.605,00:04,681,-102
340.999,00:02,682,-90
341.052,00:03,682,-82
341.105,00:04,682,-102
341.5,00:02,683,-90
341.555,00:03,683,-82
341.604,00:04,683,-102
341.999,00:02,684,-89
342.052,00:03,684,-82
342.106,00:04,684,-102
342.498,00:02,685,-89
342.554,00:03,685,-82
342.606,00:04,685,-102
342.999,00:02,686,-89
343.055,00:03,686,-82
343.104,00:04,686,-102
343.499,00:02,687,-89
343.554,00:03,687,-82
343.607,00:04,687,-102
344.001,00:02,688,-89
344.053,00:03,688,-82
344.106,00:04,688,-102
344.5,00:02,689,-88
344.553,00:03,689,-83
344.604,00:04,689,-102
344.998,00:02,690,-88
345.054,00:03,690,-83
345.106,00:04,690,-102
345.498,00:02,691,-88
345.553,00:03,691,-83
345.607,00:04,691,-102
345.999,00:02,692,-88
346.053,00:03,692,-83
346.107,00:04,692,-102
346.5,00:02,693,-88
346.555,00:03,693,-83
346.606,00:04,693,-102
346.999,00:02,694,-87
347.054,00:03,694,-83
347.107,00:04,694,-102
347.498,00:02,695,-87
347.553,00:03,695,-83
347.605,00:04,695,-102
348,00:02,696,-87
348.054,00:03,696,-83
348.104,00:04,696,-102
348.501,00:02,697,-87
348.553,00:03,697,-84
348.605,00:04,697,-102
348.999,00:02,698,-86
349.054,00:03,698,-84
349.107,00:04,698,-102
349.5,00:02,699,-86
349.554,00:03,699,-84
349.605,00:04,699,-102
349.998,00:02,700,-86
350.054,00:03,700,-84
350.107,00:04,700,-102
350.499,00:02,701,-86
350.553,00:03,701,-84
350.606,00:04,701,-102
350.999,00:02,702,-86
351.053,00:03,702,-84
351.104,00:04,702,-102
351.497,00:02,703,-85
351.553,00:03,703,-84
351.604,00:04,703,-102
351.999,00:02,704,-85
352.053,00:03,704,-85
352.105,00:04,704,-102
352.501,00:02,705,-85
352.554,00:03,705,-85
352.604,00:04,705,-102
352.999,00:02,706,-85
353.052,00:03,706,-85
353.104,00:04,706,-102
353.499,00:02,707,-84
353.552,00:03,707,-85
353.606,00:04,707,-102
354,00:02,708,-84
354.052,00:03,708,-85
354.106,00:04,708,-103
354.498,00:02,709,-84
354.552,00:03,709,-85
354.606,00:04,709,-103
354.999,00:02,710,-84
355.055,00:03,710,-85
355.105,00:04,710,-103
355.499,00:02,711,-84
355.553,00:03,711,-85
355.605,00:04,711,-103
355.998,00:02,712,-83
356.055,00:03,712,-85
356.105,00:04,712,-103
356.499,00:02,713,-83
356.555,00:03,713,-86
356.607,00:04,713,-103
356.999,00:02,714,-83
357.053,00:03,714,-86
357.106,00:04,714,-103
357.5,00:02,715,-83
357.554,00:03,715,-86
357.605,00:04,715,-103
358,00:02,716,-82
358.052,00:03,716,-86
358.105,00:04,716,-103
358.499,00:02,717,-82
358.553,00:03,717,-86
358.605,00:04,717,-103
358.999,00:02,718,-82
359.052,00:03,718,-86
359.106,00:04,718,-103
359.5,00:02,719,-82
359.552,00:03,719,-86
359.606,00:04,719,-103
359.999,00:02,720,-81
360.052,00:03,720,-86
360.105,00:04,720,-103
360.501,00:02,721,-81
360.554,00:03,721,-87
360.605,00:04,721,-103
360.999,00:02,722,-81
361.054,00:03,722,-91
361.499,00:02,723,-85
361.553,00:03,723,-91
361.606,00:04,723,-107
361.998,00:02,724,-84
362.052,00:03,724,-91
362.105,00:04,724,-107
362.499,00:02,725,-84
362.553,00:03,725,-91
362.605,00:04,725,-107
362.998,00:02,726,-84
363.053,00:03,726,-91
363.103,00:04,726,-107
363.499,00:02,727,-84
363.554,00:03,727,-91
363.604,00:04,727,-107
363.998,00:02,728,-83
364.053,00:03,728,-91
364.104,00:04,728,-107
364.5,00:02,729,-83
364.553,00:03,729,-91
364.604,00:04,729,-107
365,00:02,730,-83
365.053,00:03,730,-88
365.104,00:04,730,-103
365.499,00:02,731,-79
365.553,00:03,731,-88
365.604,00:04,731,-103
365.999,00:02,732,-79
366.053,00:03,732,-88
366.105,00:04,732,-103
366.5,00:02,733,-78
366.552,00:03,733,-88
366.604,00:04,733,-104
366.999,00:02,734,-78
367.052,00:03,734,-88
367.103,00:04,734,-104
367.497,00:02,735,-78
367.552,00:03,735,-88
367.606,00:04,735,-104
368.001,00:02,736,-78
368.054,00:03,736,-88
368.106,00:04,736,-104
368.497,00:02,737,-78
368.552,00:03,737,-88
368.605,00:04,737,-104
368.998,00:02,738,-77
369.053,00:03,738,-88
369.104,00:04,738,-104
369.499,00:02,739,-77
369.552,00:03,739,-88
369.605,00:04,739,-104
369.998,00:02,740,-77
370.053,00:03,740,-89
370.105,00:04,740,-104
370.498,00:02,741,-77
370.553,00:03,741,-89
370.605,00:04,741,-104
370.999,00:02,742,-77
371.054,00:03,742,-89
371.106,00:04,742,-104
371.498,00:02,743,-76
371.555,00:03,743,-89
371.607,00:04,743,-104
371.998,00:02,744,-76
372.053,00:03,744,-89
372.106,00:04,744,-104
372.499,00:02,745,-76
372.554,00:03,745,-89
372.605,00:04,745,-104
372.999,00:02,746,-76
373.053,00:03,746,-89
373.105,00:04,746,-104
373.5,00:02,747,-76
373.554,00:03,747,-89
373.605,00:04,747,-104
373.999,00:02,748,-76
374.053,00:03,748,-89
374.106,00:04,748,-104
374.499,00:02,749,-76
374.553,00:03,749,-89
374.606,00:04,749,-104
375,00:02,750,-76
375.054,00:03,750,-90
375.106,00:04,750,-104
375.498,00:02,751,-76
375.552,00:03,751,-90
375.604,00:04,751,-104
375.999,00:02,752,-76
376.053,00:03,752,-90
376.106,00:04,752,-104
376.499,00:02,753,-75
376.553,00:03,753,-90
376.605,00:04,753,-105
376.997,00:02,754,-75
377.053,00:03,754,-90
377.105,00:04,754,-105
377.499,00:02,755,-75
377.554,00:03,755,-90
377.606,00:04,755,-105
377.998,00:02,756,-75
378.054,00:03,756,-90
378.105,00:04,756,-105
378.499,00:02,757,-76
378.553,00:03,757,-90
378.607,00:04,757,-105
378.997,00:02,758,-76
379.054,00:03,758,-90
379.107,00:04,758,-104
379.498,00:02,759,-77
379.554,00:03,759,-90
379.604,00:04,759,-104
379.999,00:02,760,-77
380.054,00:03,760,-90
380.105,00:04,760,-104
380.498,00:02,761,-78
380.554,00:03,761,-90
380.605,00:04,761,-104
381,00:02,762,-78
381.055,00:03,762,-90
381.107,00:04,762,-104
381.497,00:02,763,-78
381.553,00:03,763,-90
381.606,00:04,763,-104
382,00:02,764,-79
382.053,00:03,764,-90
382.105,00:04,764,-104
382.498,00:02,765,-79
382.554,00:03,765,-90
382.607,00:04,765,-104
383,00:02,766,-80
383.052,00:03,766,-90
383.107,00:04,766,-104
383.5,00:02,767,-80
383.555,00:03,767,-90
383.606,00:04,767,-104
383.998,00:02,768,-80
384.053,00:03,768,-90
384.104,00:04,768,-104
384.498,00:02,769,-80
384.555,00:03,769,-90
384.606,00:04,769,-104
384.998,00:02,770,-80
385.053,00:03,770,-90
385.105,00:04,770,-104
385.498,00:02,771,-80
385.552,00:03,771,-90
385.605,00:04,771,-104
385.999,00:02,772,-80
386.051,00:03,772,-90
386.105,00:04,772,-104
386.499,00:02,773,-80
386.554,00:03,773,-90
386.606,00:04,773,-103
386.998,00:02,774,-80
387.052,00:03,774,-90
387.105,00:04,774,-103
387.499,00:02,775,-80
387.554,00:03,775,-90
387.606,00:04,775,-103
388,00:02,776,-80
388.053,00:03,776,-90
388.106,00:04,776,-103
388.497,00:02,777,-80
388.554,00:03,777,-89
388.607,00:04,777,-103
388.998,00:02,778,-80
389.052,00:03,778,-89
389.106,00:04,778,-103
389.499,00:02,779,-80
389.555,00:03,779,-89
389.605,00:04,779,-103
389.998,00:02,780,-80
390.054,00:03,780,-89
390.105,00:04,780,-103
390.5,00:02,781,-80
390.552,00:03,781,-89
390.604,00:04,781,-103
390.999,00:02,782,-80
391.053,00:03,782,-89
391.107,00:04,782,-103
391.499,00:02,783,-81
391.553,00:03,783,-89
391.606,00:04,783,-103
391.998,00:02,784,-81
392.054,00:03,784,-89
392.103,00:04,784,-103
392.497,00:02,785,-81
392.553,00:03,785,-89
392.603,00:04,785,-103
392.999,00:02,786,-81
393.052,00:03,786,-89
393.105,00:04,786,-103
393.499,00:02,787,-81
393.553,00:03,787,-88
393.604,00:04,787,-103
393.998,00:02,788,-81
394.053,00:03,788,-88
394.106,00:04,788,-103
394.498,00:02,789,-81
394.555,00:03,789,-88
394.606,00:04,789,-103
394.998,00:02,790,-81
395.054,00:03,790,-88
395.104,00:04,790,-103
395.5,00:02,791,-82
395.554,00:03,791,-88
395.604,00:04,791,-102
395.998,00:02,792,-82
396.051,00:03,792,-88
396.104,00:04,792,-102
396.497,00:02,793,-82
396.554,00:03,793,-88
396.607,00:04,793,-102
396.999,00:02,794,-82
397.052,00:03,794,-92
397.105,00:04,794,-106
397.498,00:02,795,-86
397.553,00:03,795,-92
397.605,00:04,795,-106
397.999,00:02,796,-86
398.053,00:03,796,-92
398.105,00:04,796,-106
398.498,00:02,797,-87
398.553,00:03,797,-91
398.604,00:04,797,-106
398.999,00:02,798,-87
399.053,00:03,798,-91
399.104,00:04,798,-106
399.5,00:02,799,-87
399.554,00:03,799,-91
399.604,00:04,799,-106
399.998,00:02,800,-87
400.055,00:03,800,-91
400.104,00:04,800,-106
400.498,00:02,801,-87
400.552,00:03,801,-91
400.606,00:04,801,-106
400.997,00:02,802,-87
401.054,00:03,802,-87
401.105,00:04,802,-102
401.499,00:02,803,-84
401.555,00:03,803,-87
401.603,00:04,803,-102
401.998,00:02,804,-84
402.053,00:03,804,-87
402.104,00:04,804,-102
402.497,00:02,805,-84
402.553,00:03,805,-87
402.606,00:04,805,-102
402.997,00:02,806,-84
403.053,00:03,806,-86
403.105,00:04,806,-102
403.497,00:02,807,-84
403.554,00:03,807,-86
403.604,00:04,807,-102
403.998,00:02,808,-84
404.052,00:03,808,-86
404.105,00:04,808,-102
404.498,00:02,809,-85
404.553,00:03,809,-86
404.606,00:04,809,-102
404.998,00:02,810,-85
405.053,00:03,810,-86
405.104,00:04,810,-102
405.499,00:02,811,-85
405.553,00:03,811,-86
405.607,00:04,811,-102
405.997,00:02,812,-85
406.053,00:03,812,-86
406.106,00:04,812,-102
406.499,00:02,813,-85
406.552,00:03,813,-86
406.607,00:04,813,-101
406.997,00:02,814,-86
407.053,00:03,814,-86
407.106,00:04,814,-101
407.497,00:02,815,-86
407.555,00:03,815,-85
407.605,00:04,815,-101
407.999,00:02,816,-86
408.053,00:03,816,-85
408.105,00:04,816,-101
408.5,00:02,817,-86
408.554,00:03,817,-85
408.604,00:04,817,-101
408.998,00:02,818,-86
409.052,00:03,818,-85
409.104,00:04,818,-101
409.499,00:02,819,-87
409.552,00:03,819,-85
409.605,00:04,819,-101
409.998,00:02,820,-87
410.052,00:03,820,-85
410.107,00:04,820,-101
410.498,00:02,821,-87
410.553,00:03,821,-85
410.605,00:04,821,-101
410.997,00:02,822,-87
411.052,00:03,822,-85
411.105,00:04,822,-101
411.5,00:02,823,-87
411.554,00:03,823,-85
411.604,00:04,823,-101
411.998,00:02,824,-87
412.055,00:03,824,-84
412.105,00:04,824,-101
412.5,00:02,825,-88
412.553,00:03,825,-84
412.605,00:04,825,-101
412.999,00:02,826,-88
413.054,00:03,826,-84
413.105,00:04,826,-101
413.498,00:02,827,-88
413.552,00:03,827,-84
413.605,00:04,827,-101
413.998,00:02,828,-88
414.054,00:03,828,-84
414.106,00:04,828,-101
414.498,00:02,829,-88
414.552,00:03,829,-84
414.605,00:04,829,-101
414.997,00:02,830,-89
415.053,00:03,830,-84
415.107,00:04,830,-101
415.499,00:02,831,-89
415.554,00:03,831,-84
415.605,00:04,831,-101
415.998,00:02,832,-89
416.052,00:03,832,-83
416.106,00:04,832,-101
416.496,00:02,833,-89
416.551,00:03,833,-83
416.604,00:04,833,-101
416.999,00:02,834,-89
417.053,00:03,834,-83
417.106,00:04,834,-101
417.499,00:02,835,-89
417.553,00:03,835,-83
417.604,00:04,835,-101
417.998,00:02,836,-90
418.051,00:03,836,-83
418.105,00:04,836,-101
418.497,00:02,837,-90
418.553,00:03,837,-83
418.607,00:04,837,-101
419,00:02,838,-90
419.053,00:03,838,-83
419.105,00:04,838,-101
419.497,00:02,839,-90
419.555,00:03,839,-82
419.606,00:04,839,-101
419.998,00:02,840,-90
420.053,00:03,840,-82
420.106,00:04,840,-101
420.499,00:02,841,-91
420.553,00:03,841,-82
420.605,00:04,841,-101
420.999,00:02,842,-91
421.054,00:03,842,-82
421.105,00:04,842,-101
421.499,00:02,843,-91
421.553,00:03,843,-82
421.606,00:04,843,-101
421.999,00:02,844,-91
422.052,00:03,844,-82
422.104,00:04,844,-101
422.498,00:02,845,-91
422.553,00:03,845,-82
422.603,00:04,845,-101
422.998,00:02,846,-91
423.054,00:03,846,-85
423.104,00:04,846,-105
423.497,00:02,847,-96
423.553,00:03,847,-85
423.604,00:04,847,-105
423.996,00:02,848,-96
424.052,00:03,848,-85
424.105,00:04,848,-105
424.497,00:02,849,-96
424.552,00:03,849,-85
424.605,00:04,849,-105
424.998,00:02,850,-96
425.053,00:03,850,-85
425.106,00:04,850,-105
425.498,00:02,851,-96
425.552,00:03,851,-85
425.604,00:04,851,-105
425.999,00:02,852,-96
426.054,00:03,852,-85
426.104,00:04,852,-105
426.497,00:02,853,-96
426.554,00:03,853,-84
426.604,00:04,853,-105
426.998,00:02,854,-97
427.054,00:03,854,-84
427.105,00:04,854,-105
427.497,00:02,855,-97
427.552,00:03,855,-84
427.605,00:04,855,-105
427.997,00:02,856,-97
428.053,00:03,856,-84
428.103,00:04,856,-105
428.499,00:02,857,-97
428.554,00:03,857,-84
428.605,00:04,857,-105
428.998,00:02,858,-97
429.055,00:03,858,-84
429.106,00:04,858,-105
429.498,00:02,859,-97
429.553,00:03,859,-84
429.606,00:04,859,-105
429.998,00:02,860,-98
430.053,00:03,860,-83
430.105,00:04,860,-105
430.497,00:02,861,-98
430.555,00:03,861,-83
430.605,00:04,861,-105
430.998,00:02,862,-98
431.054,00:03,862,-83
431.105,00:04,862,-105
431.498,00:02,863,-98
431.552,00:03,863,-83
431.606,00:04,863,-105
431.999,00:02,864,-98
432.053,00:03,864,-83
432.106,00:04,864,-105
432.499,00:02,865,-98
432.553,00:03,865,-83
432.606,00:04,865,-105
432.999,00:02,866,-98
433.054,00:03,866,-82
433.105,00:04,866,-105
433.496,00:02,867,-99
433.554,00:03,867,-82
433.605,00:04,867,-105
433.997,00:02,868,-99
434.054,00:03,868,-82
434.105,00:04,868,-105
434.499,00:02,869,-99
434.553,00:03,869,-82
434.605,00:04,869,-105
434.997,00:02,870,-99
435.053,00:03,870,-78
435.104,00:04,870,-101
435.497,00:02,871,-95
435.553,00:03,871,-78
435.605,00:04,871,-101
435.999,00:02,872,-95
436.053,00:03,872,-77
436.106,00:04,872,-101
436.499,00:02,873,-95
436.554,00:03,873,-77
436.604,00:04,873,-101
436.999,00:02,874,-96
437.052,00:03,874,-77
437.104,00:04,874,-101
437.497,00:02,875,-96
437.552,00:03,875,-77
437.605,00:04,875,-101
437.997,00:02,876,-96
438.053,00:03,876,-77
438.105,00:04,876,-101
438.498,00:02,877,-96
438.554,00:03,877,-77
438.605,00:04,877,-101
438.996,00:02,878,-96
439.051,00:03,878,-76
439.106,00:04,878,-101
439.497,00:02,879,-96
439.551,00:03,879,-76
439.605,00:04,879,-101
439.998,00:02,880,-96
440.052,00:03,880,-76
440.106,00:04,880,-101
440.497,00:02,881,-97
440.553,00:03,881,-76
440.605,00:04,881,-101
440.999,00:02,882,-97
441.053,00:03,882,-76
441.106,00:04,882,-101
441.497,00:02,883,-97
441.552,00:03,883,-76
441.603,00:04,883,-101
441.998,00:02,884,-97
442.055,00:03,884,-75
442.104,00:04,884,-101
442.498,00:02,885,-97
442.553,00:03,885,-75
442.606,00:04,885,-101
442.999,00:02,886,-97
443.053,00:03,886,-75
443.105,00:04,886,-101
443.498,00:02,887,-97
443.554,00:03,887,-75
443.604,00:04,887,-101
443.997,00:02,888,-97
444.053,00:03,888,-75
444.104,00:04,888,-101
444.498,00:02,889,-98
444.553,00:03,889,-75
444.606,00:04,889,-101
444.997,00:02,890,-98
445.052,00:03,890,-74
445.107,00:04,890,-101
445.497,00:02,891,-98
445.553,00:03,891,-74
445.605,00:04,891,-101
445.998,00:02,892,-98
446.054,00:03,892,-74
446.105,00:04,892,-101
446.499,00:02,893,-98
446.553,00:03,893,-74
446.603,00:04,893,-101
446.997,00:02,894,-98
447.053,00:03,894,-74
447.105,00:04,894,-101
447.498,00:02,895,-98
447.552,00:03,895,-73
447.605,00:04,895,-101
447.998,00:02,896,-98
448.053,00:03,896,-73
448.106,00:04,896,-101
448.499,00:02,897,-99
448.552,00:03,897,-73
448.605,00:04,897,-101
448.997,00:02,898,-99
449.053,00:03,898,-73
449.103,00:04,898,-101
449.497,00:02,899,-99
449.554,00:03,899,-73
449.604,00:04,899,-101
449.998,00:02,900,-99
450.052,00:03,900,-72
450.106,00:04,900,-101
450.498,00:02,901,-99
450.554,00:03,901,-72
450.606,00:04,901,-101
450.998,00:02,902,-99
451.051,00:03,902,-72
451.104,00:04,902,-101
451.5,00:02,903,-99
451.555,00:03,903,-72
451.605,00:04,903,-101
451.998,00:02,904,-99
452.054,00:03,904,-72
452.106,00:04,904,-102
452.498,00:02,905,-99
452.552,00:03,905,-72
452.606,00:04,905,-102
452.998,00:02,906,-100
453.054,00:03,906,-71
453.106,00:04,906,-102
453.497,00:02,907,-100
453.553,00:03,907,-71
453.605,00:04,907,-102
453.997,00:02,908,-100
454.052,00:03,908,-71
454.105,00:04,908,-102
454.497,00:02,909,-100
454.553,00:03,909,-71
454.604,00:04,909,-102
454.998,00:02,910,-100
455.053,00:03,910,-71
455.104,00:04,910,-102
455.496,00:02,911,-100
455.554,00:03,911,-70
455.603,00:04,911,-102
455.999,00:02,912,-100
456.054,00:03,912,-70
456.106,00:04,912,-102
456.496,00:02,913,-100
456.551,00:03,913,-70
456.605,00:04,913,-102
456.997,00:02,914,-100
457.055,00:03,914,-74
457.105,00:04,914,-106
457.498,00:02,915,-105
457.552,00:03,915,-74
457.606,00:04,915,-106
457.999,00:02,916,-105
458.054,00:03,916,-74
458.104,00:04,916,-106
458.497,00:02,917,-105
458.551,00:03,917,-73
458.605,00:04,917,-106
458.999,00:02,918,-105
459.053,00:03,918,-73
459.105,00:04,918,-106
459.496,00:02,919,-105
459.554,00:03,919,-73
459.603,00:04,919,-106
459.997,00:02,920,-105
460.052,00:03,920,-73
460.106,00:04,920,-106
460.496,00:02,921,-105
460.553,00:03,921,-73
460.605,00:04,921,-106
460.997,00:02,922,-105
461.054,00:03,922,-69
461.106,00:04,922,-102
461.498,00:02,923,-101
461.551,00:03,923,-68
461.606,00:04,923,-102
461.996,00:02,924,-102
462.053,00:03,924,-68
462.105,00:04,924,-102
462.496,00:02,925,-102
462.552,00:03,925,-68
462.605,00:04,925,-103
462.997,00:02,926,-102
463.054,00:03,926,-68
463.103,00:04,926,-103
463.497,00:02,927,-102
463.554,00:03,927,-68
463.606,00:04,927,-103
463.997,00:02,928,-102
464.053,00:03,928,-68
464.106,00:04,928,-103
464.498,00:02,929,-102
464.552,00:03,929,-67
464.605,00:04,929,-103
464.997,00:02,930,-102
465.054,00:03,930,-67
465.104,00:04,930,-103
465.498,00:02,931,-102
465.552,00:03,931,-67
465.604,00:04,931,-103
465.998,00:02,932,-102
466.053,00:03,932,-67
466.106,00:04,932,-103
466.496,00:02,933,-102
466.551,00:03,933,-67
466.606,00:04,933,-103
466.997,00:02,934,-103
467.053,00:03,934,-67
467.106,00:04,934,-103
467.497,00:02,935,-103
467.552,00:03,935,-67
467.606,00:04,935,-103
467.995,00:02,936,-103
468.051,00:03,936,-67
468.103,00:04,936,-103
468.498,00:02,937,-103
468.553,00:03,937,-67
468.605,00:04,937,-103
468.998,00:02,938,-103
469.053,00:03,938,-67
469.105,00:04,938,-103
469.498,00:02,939,-103
469.553,00:03,939,-66
469.606,00:04,939,-103
469.996,00:02,940,-103
470.053,00:03,940,-66
470.104,00:04,940,-103
470.496,00:02,941,-103
470.551,00:03,941,-66
470.606,00:04,941,-103
470.995,00:02,942,-103
471.052,00:03,942,-66
471.107,00:04,942,-103
471.499,00:02,943,-103
471.552,00:03,943,-66
471.606,00:04,943,-104
471.998,00:02,944,-103
472.053,00:03,944,-66
472.104,00:04,944,-104
472.496,00:02,945,-104
472.551,00:03,945,-66
472.605,00:04,945,-104
472.998,00:02,946,-104
473.053,00:03,946,-66
473.104,00:04,946,-104
473.496,00:02,947,-104
473.553,00:03,947,-66
473.605,00:04,947,-104
473.998,00:02,948,-104
474.053,00:03,948,-66
474.105,00:04,948,-104
474.496,00:02,949,-104
474.552,00:03,949,-67
474.606,00:04,949,-104
474.998,00:02,950,-104
475.053,00:03,950,-67
475.106,00:04,950,-104
475.498,00:02,951,-104
475.552,00:03,951,-67
475.607,00:04,951,-104
475.997,00:02,952,-104
476.053,00:03,952,-68
476.106,00:04,952,-103
476.497,00:02,953,-104
476.553,00:03,953,-68
476.606,00:04,953,-103
476.997,00:02,954,-104
477.052,00:03,954,-68
477.106,00:04,954,-103
477.497,00:02,955,-104
477.551,00:03,955,-69
477.606,00:04,955,-103
477.997,00:02,956,-104
478.054,00:03,956,-69
478.105,00:04,956,-103
478.496,00:02,957,-104
478.552,00:03,957,-69
478.606,00:04,957,-103
478.997,00:02,958,-104
479.053,00:03,958,-70
479.104,00:04,958,-103
479.496,00:02,959,-104
479.552,00:03,959,-70
479.605,00:04,959,-103
479.997,00:02,960,-104
480.054,00:03,960,-70
480.104,00:04,960,-103
480.497,00:02,961,-104
480.553,00:03,961,-70
480.604,00:04,961,-103
480.996,00:02,962,-104
481.054,00:03,962,-70
481.104,00:04,962,-103
481.496,00:02,963,-104
481.554,00:03,963,-70
481.605,00:04,963,-103
481.998,00:02,964,-104
482.053,00:03,964,-70
482.104,00:04,964,-103
482.497,00:02,965,-104
482.554,00:03,965,-70
482.606,00:04,965,-103
482.997,00:02,966,-104
483.052,00:03,966,-70
483.104,00:04,966,-102
483.499,00:02,967,-103
483.554,00:03,967,-70
483.604,00:04,967,-102
483.997,00:02,968,-103
484.053,00:03,968,-70
484.107,00:04,968,-102
484.499,00:02,969,-103
484.553,00:03,969,-70
484.605,00:04,969,-102
484.996,00:02,970,-103
485.052,00:03,970,-70
485.105,00:04,970,-102
485.497,00:02,971,-103
485.553,00:03,971,-70
485.605,00:04,971,-102
485.997,00:02,972,-103
486.051,00:03,972,-70
486.106,00:04,972,-102
486.496,00:02,973,-103
486.553,00:03,973,-70
486.606,00:04,973,-102
486.997,00:02,974,-103
487.052,00:03,974,-70
487.106,00:04,974,-102
487.497,00:02,975,-103
487.552,00:03,975,-70
487.606,00:04,975,-102
487.997,00:02,976,-103
488.052,00:03,976,-70
488.104,00:04,976,-102
488.497,00:02,977,-103
488.553,00:03,977,-70
488.606,00:04,977,-102
488.997,00:02,978,-102
489.051,00:03,978,-70
489.104,00:04,978,-102
489.496,00:02,979,-102
489.551,00:03,979,-70
489.603,00:04,979,-102
489.997,00:02,980,-102
490.051,00:03,980,-71
490.106,00:04,980,-102
490.498,00:02,981,-102
490.552,00:03,981,-71
490.604,00:04,981,-102
490.997,00:02,982,-102
491.054,00:03,982,-71
491.104,00:04,982,-101
491.498,00:02,983,-102
491.552,00:03,983,-71
491.606,00:04,983,-101
491.997,00:02,984,-102
492.052,00:03,984,-71
492.104,00:04,984,-101
492.498,00:02,985,-102
492.552,00:03,985,-71
492.606,00:04,985,-101
492.995,00:02,986,-102
493.053,00:03,986,-75
493.105,00:04,986,-105
493.497,00:02,987,-106
493.553,00:03,987,-75
493.604,00:04,987,-105
493.996,00:02,988,-105
494.052,00:03,988,-75
494.104,00:04,988,-105
494.498,00:02,989,-105
494.552,00:03,989,-76
494.606,00:04,989,-105
494.997,00:02,990,-105
495.053,00:03,990,-76
495.104,00:04,990,-105
495.498,00:02,991,-105
495.553,00:03,991,-76
495.605,00:04,991,-105
495.997,00:02,992,-105
496.051,00:03,992,-76
496.106,00:04,992,-105
496.498,00:02,993,-105
496.552,00:03,993,-76
496.606,00:04,993,-105
496.997,00:02,994,-105
497.052,00:03,994,-72
497.105,00:04,994,-101
497.497,00:02,995,-101
497.553,00:03,995,-72
497.605,00:04,995,-101
497.997,00:02,996,-101
498.054,00:03,996,-73
498.105,00:04,996,-101
498.495,00:02,997,-101
498.551,00:03,997,-73
498.606,00:04,997,-101
498.997,00:02,998,-100
499.052,00:03,998,-73
499.106,00:04,998,-101
499.498,00:02,999,-100
499.552,00:03,999,-73
499.605,00:04,999,-101
499.998,00:02,1000,-100
500.052,00:03,1000,-73
500.105,00:04,1000,-101
500.497,00:02,1001,-100
500.553,00:03,1001,-73
500.605,00:04,1001,-100
500.996,00:02,1002,-100
501.051,00:03,1002,-73
501.104,00:04,1002,-100
501.497,00:02,1003,-100
501.554,00:03,1003,-74
501.604,00:04,1003,-100
501.997,00:02,1004,-100
502.053,00:03,1004,-74
502.105,00:04,1004,-100
502.497,00:02,1005,-100
502.553,00:03,1005,-74
502.606,00:04,1005,-100
502.995,00:02,1006,-100
503.054,00:03,1006,-74
503.104,00:04,1006,-100
503.496,00:02,1007,-99
503.552,00:03,1007,-74
503.605,00:04,1007,-100
503.997,00:02,1008,-99
504.053,00:03,1008,-74
504.104,00:04,1008,-100
504.497,00:02,1009,-99
504.552,00:03,1009,-74
504.603,00:04,1009,-100
504.997,00:02,1010,-99
505.053,00:03,1010,-75
505.104,00:04,1010,-100
505.496,00:02,1011,-99
505.553,00:03,1011,-75
505.605,00:04,1011,-100
505.997,00:02,1012,-99
506.054,00:03,1012,-75
506.104,00:04,1012,-100
506.497,00:02,1013,-99
506.553,00:03,1013,-75
506.605,00:04,1013,-100
506.996,00:02,1014,-99
507.052,00:03,1014,-75
507.103,00:04,1014,-100
507.498,00:02,1015,-99
507.551,00:03,1015,-75
507.604,00:04,1015,-100
507.996,00:02,1016,-98
508.055,00:03,1016,-76
508.107,00:04,1016,-100
508.496,00:02,1017,-98
508.551,00:03,1017,-76
508.604,00:04,1017,-100
508.997,00:02,1018,-98
509.053,00:03,1018,-76
509.104,00:04,1018,-100
509.498,00:02,1019,-98
509.553,00:03,1019,-76
509.604,00:04,1019,-100
509.997,00:02,1020,-98
510.052,00:03,1020,-76
510.107,00:04,1020,-100
510.497,00:02,1021,-98
510.552,00:03,1021,-76
510.605,00:04,1021,-100
510.997,00:02,1022,-98
511.053,00:03,1022,-76
511.104,00:04,1022,-100
511.498,00:02,1023,-98
511.552,00:03,1023,-77
511.605,00:04,1023,-100
511.997,00:02,1024,-97
512.051,00:03,1024,-77
512.105,00:04,1024,-100
512.497,00:02,1025,-97
512.553,00:03,1025,-77
512.605,00:04,1025,-100
512.997,00:02,1026,-97
513.054,00:03,1026,-77
513.104,00:04,1026,-100
513.496,00:02,1027,-97
513.554,00:03,1027,-77
513.605,00:04,1027,-100
513.997,00:02,1028,-97
514.052,00:03,1028,-77
514.103,00:04,1028,-99
514.498,00:02,1029,-97
514.554,00:03,1029,-78
514.607,00:04,1029,-99
514.997,00:02,1030,-97
515.053,00:03,1030,-78
515.104,00:04,1030,-99
515.495,00:02,1031,-97
515.554,00:03,1031,-78
515.603,00:04,1031,-99
515.996,00:02,1032,-96
516.053,00:03,1032,-78
516.106,00:04,1032,-99
516.496,00:02,1033,-96
516.554,00:03,1033,-78
516.605,00:04,1033,-99
516.995,00:02,1034,-96
517.052,00:03,1034,-78
517.106,00:04,1034,-99
517.495,00:02,1035,-96
517.554,00:03,1035,-78
517.605,00:04,1035,-99
517.996,00:02,1036,-96
518.052,00:03,1036,-79
518.107,00:04,1036,-99
518.494,00:02,1037,-96
518.552,00:03,1037,-79
518.606,00:04,1037,-99
518.996,00:02,1038,-96
519.052,00:03,1038,-83
519.105,00:04,1038,-103
519.496,00:02,1039,-100
519.553,00:03,1039,-83
519.606,00:04,1039,-103
519.996,00:02,1040,-99
520.052,00:03,1040,-83
520.105,00:04,1040,-103
520.497,00:02,1041,-99
520.553,00:03,1041,-83
520.605,00:04,1041,-103
520.997,00:02,1042,-99
521.051,00:03,1042,-83
521.103,00:04,1042,-103
521.497,00:02,1043,-99
521.553,00:03,1043,-84
521.605,00:04,1043,-103
521.996,00:02,1044,-99
522.052,00:03,1044,-84
522.105,00:04,1044,-103
522.497,00:02,1045,-99
522.551,00:03,1045,-84
522.605,00:04,1045,-103
522.995,00:02,1046,-99
523.053,00:03,1046,-84
523.105,00:04,1046,-103
523.496,00:02,1047,-98
523.554,00:03,1047,-84
523.604,00:04,1047,-103
523.997,00:02,1048,-98
524.053,00:03,1048,-84
524.104,00:04,1048,-103
524.498,00:02,1049,-98
524.551,00:03,1049,-84
524.606,00:04,1049,-103
524.996,00:02,1050,-98
525.053,00:03,1050,-85
525.104,00:04,1050,-103
525.497,00:02,1051,-98
525.552,00:03,1051,-85
525.606,00:04,1051,-103
525.995,00:02,1052,-98
526.052,00:03,1052,-85
526.106,00:04,1052,-103
526.498,00:02,1053,-98
526.552,00:03,1053,-85
526.605,00:04,1053,-103
526.998,00:02,1054,-98
527.052,00:03,1054,-85
527.107,00:04,1054,-103
527.496,00:02,1055,-97
527.553,00:03,1055,-85
527.607,00:04,1055,-103
527.996,00:02,1056,-97
528.054,00:03,1056,-85
528.105,00:04,1056,-103
528.497,00:02,1057,-97
528.553,00:03,1057,-86
528.606,00:04,1057,-103
528.997,00:02,1058,-97
529.052,00:03,1058,-86
529.104,00:04,1058,-103
529.498,00:02,1059,-97
529.551,00:03,1059,-86
529.605,00:04,1059,-103
529.997,00:02,1060,-97
530.054,00:03,1060,-86
530.106,00:04,1060,-103
530.494,00:02,1061,-97
530.552,00:03,1061,-86
530.605,00:04,1061,-103
530.997,00:02,1062,-96
531.053,00:03,1062,-82
531.105,00:04,1062,-99
531.498,00:02,1063,-92
531.552,00:03,1063,-82
531.604,00:04,1063,-99
531.997,00:02,1064,-92
532.051,00:03,1064,-82
532.105,00:04,1064,-99
532.496,00:02,1065,-92
532.552,00:03,1065,-83
532.603,00:04,1065,-99
532.997,00:02,1066,-92
533.052,00:03,1066,-83
533.105,00:04,1066,-99
533.496,00:02,1067,-92
533.552,00:03,1067,-83
533.604,00:04,1067,-99
533.998,00:02,1068,-91
534.051,00:03,1068,-83
534.105,00:04,1068,-99
534.496,00:02,1069,-91
534.551,00:03,1069,-83
534.604,00:04,1069,-99
534.998,00:02,1070,-91
535.053,00:03,1070,-83
535.105,00:04,1070,-99
535.496,00:02,1071,-91
535.553,00:03,1071,-83
535.605,00:04,1071,-99
535.995,00:02,1072,-91
536.052,00:03,1072,-83
536.107,00:04,1072,-99
536.497,00:02,1073,-91
536.552,00:03,1073,-84
536.607,00:04,1073,-100
536.996,00:02,1074,-91
537.053,00:03,1074,-84
537.105,00:04,1074,-100
537.495,00:02,1075,-90
537.554,00:03,1075,-84
537.605,00:04,1075,-100
537.995,00:02,1076,-90
538.053,00:03,1076,-84
538.106,00:04,1076,-100
538.496,00:02,1077,-90
538.553,00:03,1077,-84
538.604,00:04,1077,-100
538.997,00:02,1078,-90
539.051,00:03,1078,-84
539.104,00:04,1078,-100
539.497,00:02,1079,-90
539.552,00:03,1079,-84
539.605,00:04,1079,-100
539.997,00:02,1080,-90
540.054,00:03,1080,-84
540.106,00:04,1080,-100
540.495,00:02,1081,-89
540.552,00:03,1081,-85
540.604,00:04,1081,-100
540.995,00:02,1082,-89
541.051,00:03,1082,-85
541.106,00:04,1082,-100
541.496,00:02,1083,-89
541.553,00:03,1083,-85
541.604,00:04,1083,-100
541.997,00:02,1084,-89
542.051,00:03,1084,-85
542.105,00:04,1084,-100
542.496,00:02,1085,-89
542.551,00:03,1085,-85
542.606,00:04,1085,-100
542.996,00:02,1086,-89
543.054,00:03,1086,-85
543.106,00:04,1086,-100
543.496,00:02,1087,-89
543.552,00:03,1087,-85
543.605,00:04,1087,-100
543.996,00:02,1088,-88
544.052,00:03,1088,-85
544.105,00:04,1088,-100
544.495,00:02,1089,-88
544.552,00:03,1089,-85
544.606,00:04,1089,-100
544.996,00:02,1090,-88
545.053,00:03,1090,-86
545.105,00:04,1090,-100
545.497,00:02,1091,-88
545.551,00:03,1091,-86
545.604,00:04,1091,-100
545.997,00:02,1092,-88
546.052,00:03,1092,-86
546.104,00:04,1092,-100
546.495,00:02,1093,-88
546.554,00:03,1093,-86
546.606,00:04,1093,-100
546.997,00:02,1094,-87
547.052,00:03,1094,-86
547.104,00:04,1094,-100
547.496,00:02,1095,-87
547.551,00:03,1095,-86
547.603,00:04,1095,-100
547.997,00:02,1096,-87
548.053,00:03,1096,-86
548.105,00:04,1096,-100
548.496,00:02,1097,-87
548.55,00:03,1097,-86
548.604,00:04,1097,-100
548.997,00:02,1098,-87
549.053,00:03,1098,-86
549.105,00:04,1098,-100
549.496,00:02,1099,-87
549.552,00:03,1099,-87
549.603,00:04,1099,-100
549.996,00:02,1100,-87
550.052,00:03,1100,-87
550.104,00:04,1100,-101
550.495,00:02,1101,-86
550.553,00:03,1101,-87
550.604,00:04,1101,-101
550.997,00:02,1102,-86
551.052,00:03,1102,-87
551.104,00:04,1102,-101
551.495,00:02,1103,-86
551.553,00:03,1103,-87
551.604,00:04,1103,-101
551.997,00:02,1104,-86
552.052,00:03,1104,-87
552.105,00:04,1104,-101
552.495,00:02,1105,-86
552.553,00:03,1105,-87
552.605,00:04,1105,-101
552.997,00:02,1106,-86
553.052,00:03,1106,-91
553.107,00:04,1106,-105
553.495,00:02,1107,-90
553.554,00:03,1107,-91
553.605,00:04,1107,-105
553.995,00:02,1108,-89
554.052,00:03,1108,-92
554.104,00:04,1108,-105
554.496,00:02,1109,-89
554.554,00:03,1109,-92
554.604,00:04,1109,-105
554.995,00:02,1110,-89
555.054,00:03,1110,-92
555.104,00:04,1110,-105
555.497,00:02,1111,-89
555.552,00:03,1111,-92
555.606,00:04,1111,-105
555.995,00:02,1112,-89
556.053,00:03,1112,-92
556.104,00:04,1112,-105
556.496,00:02,1113,-89
556.551,00:03,1113,-92
556.605,00:04,1113,-105
556.994,00:02,1114,-89
557.053,00:03,1114,-88
557.107,00:04,1114,-101
557.496,00:02,1115,-85
557.553,00:03,1115,-88
557.605,00:04,1115,-101
557.996,00:02,1116,-84
558.052,00:03,1116,-88
558.104,00:04,1116,-101
558.495,00:02,1117,-84
558.552,00:03,1117,-88
558.605,00:04,1117,-101
558.996,00:02,1118,-84
559.051,00:03,1118,-89
559.104,00:04,1118,-102
559.497,00:02,1119,-84
559.553,00:03,1119,-89
559.607,00:04,1119,-102
559.996,00:02,1120,-84
560.052,00:03,1120,-89
560.105,00:04,1120,-102
560.497,00:02,1121,-84
560.55,00:03,1121,-89
560.604,00:04,1121,-102
560.996,00:02,1122,-84
561.052,00:03,1122,-89
561.105,00:04,1122,-102
561.496,00:02,1123,-84
561.553,00:03,1123,-89
561.606,00:04,1123,-102
561.994,00:02,1124,-84
562.053,00:03,1124,-89
562.106,00:04,1124,-102
562.495,00:02,1125,-84
562.552,00:03,1125,-89
562.605,00:04,1125,-102
562.994,00:02,1126,-84
563.052,00:03,1126,-89
563.105,00:04,1126,-102
563.495,00:02,1127,-83
563.552,00:03,1127,-89
563.604,00:04,1127,-102
563.995,00:02,1128,-83
564.053,00:03,1128,-89
564.105,00:04,1128,-102
564.498,00:02,1129,-83
564.554,00:03,1129,-90
564.605,00:04,1129,-102
564.997,00:02,1130,-83
565.053,00:03,1130,-90
565.104,00:04,1130,-102
565.495,00:02,1131,-83
565.553,00:03,1131,-90
565.604,00:04,1131,-102
565.996,00:02,1132,-83
566.054,00:03,1132,-90
566.104,00:04,1132,-102
566.496,00:02,1133,-83
566.553,00:03,1133,-90
566.606,00:04,1133,-102
566.995,00:02,1134,-83
567.053,00:03,1134,-90
567.105,00:04,1134,-103
567.497,00:02,1135,-83
567.55,00:03,1135,-90
567.607,00:04,1135,-103
567.996,00:02,1136,-83
568.052,00:03,1136,-90
568.104,00:04,1136,-103
568.497,00:02,1137,-83
568.552,00:03,1137,-90
568.605,00:04,1137,-103
568.995,00:02,1138,-83
569.052,00:03,1138,-90
569.106,00:04,1138,-103
569.494,00:02,1139,-83
569.552,00:03,1139,-90
569.604,00:04,1139,-103
569.996,00:02,1140,-83
570.054,00:03,1140,-91
570.104,00:04,1140,-103
570.496,00:02,1141,-83
570.553,00:03,1141,-91
570.605,00:04,1141,-103
570.994,00:02,1142,-84
571.052,00:03,1142,-91
571.105,00:04,1142,-103
571.496,00:02,1143,-84
571.553,00:03,1143,-91
571.605,00:04,1143,-103
571.996,00:02,1144,-84
572.051,00:03,1144,-91
572.103,00:04,1144,-102
572.494,00:02,1145,-85
572.551,00:03,1145,-91
572.604,00:04,1145,-102
572.994,00:02,1146,-85
573.051,00:03,1146,-91
573.104,00:04,1146,-102
573.495,00:02,1147,-85
573.553,00:03,1147,-91
573.604,00:04,1147,-102
573.996,00:02,1148,-85
574.053,00:03,1148,-91
574.105,00:04,1148,-102
574.498,00:02,1149,-86
574.552,00:03,1149,-91
574.605,00:04,1149,-102
574.995,00:02,1150,-86
575.051,00:03,1150,-91
575.105,00:04,1150,-102
575.496,00:02,1151,-86
575.554,00:03,1151,-91
575.604,00:04,1151,-102
575.996,00:02,1152,-86
576.051,00:03,1152,-91
576.106,00:04,1152,-102
576.496,00:02,1153,-86
576.551,00:03,1153,-91
576.606,00:04,1153,-102
576.995,00:02,1154,-86
577.052,00:03,1154,-91
577.104,00:04,1154,-102
577.497,00:02,1155,-86
577.552,00:03,1155,-91
577.606,00:04,1155,-102
577.996,00:02,1156,-86
578.052,00:03,1156,-90
578.104,00:04,1156,-102
578.497,00:02,1157,-86
578.552,00:03,1157,-90
578.604,00:04,1157,-102
578.995,00:02,1158,-86
579.052,00:03,1158,-90
579.106,00:04,1158,-102
579.495,00:02,1159,-86
579.552,00:03,1159,-90
579.606,00:04,1159,-101
579.996,00:02,1160,-86
580.05,00:03,1160,-90
580.104,00:04,1160,-101
580.494,00:02,1161,-86
580.551,00:03,1161,-90
580.605,00:04,1161,-101
580.996,00:02,1162,-86
581.052,00:03,1162,-90
581.106,00:04,1162,-101
581.495,00:02,1163,-86
581.55,00:03,1163,-90
581.605,00:04,1163,-101
581.995,00:02,1164,-86
582.05,00:03,1164,-90
582.105,00:04,1164,-101
582.497,00:02,1165,-86
582.551,00:03,1165,-90
582.605,00:04,1165,-101
582.995,00:02,1166,-86
583.053,00:03,1166,-90
583.104,00:04,1166,-101
583.496,00:02,1167,-86
583.553,00:03,1167,-90
583.605,00:04,1167,-101
583.996,00:02,1168,-86
584.053,00:03,1168,-89
584.104,00:04,1168,-101
584.495,00:02,1169,-86
584.553,00:03,1169,-89
584.605,00:04,1169,-101
584.994,00:02,1170,-86
585.051,00:03,1170,-89
585.106,00:04,1170,-101
585.496,00:02,1171,-87
585.554,00:03,1171,-89
585.604,00:04,1171,-101
585.995,00:02,1172,-87
586.052,00:03,1172,-89
586.105,00:04,1172,-101
586.496,00:02,1173,-87
586.552,00:03,1173,-89
586.605,00:04,1173,-100
586.996,00:02,1174,-87
587.053,00:03,1174,-89
587.106,00:04,1174,-100
587.495,00:02,1175,-87
587.552,00:03,1175,-89
587.604,00:04,1175,-100
587.994,00:02,1176,-87
588.052,00:03,1176,-89
588.106,00:04,1176,-100
588.496,00:02,1177,-87
588.551,00:03,1177,-89
588.604,00:04,1177,-100
588.996,00:02,1178,-87
589.052,00:03,1178,-93
589.105,00:04,1178,-104
589.496,00:02,1179,-91
589.551,00:03,1179,-92
589.605,00:04,1179,-104
589.996,00:02,1180,-91
590.052,00:03,1180,-92
590.105,00:04,1180,-104
590.497,00:02,1181,-91
590.551,00:03,1181,-92
590.604,00:04,1181,-104
590.994,00:02,1182,-91
591.052,00:03,1182,-92
591.105,00:04,1182,-104
591.494,00:02,1183,-92
591.553,00:03,1183,-92
591.605,00:04,1183,-104
591.996,00:02,1184,-92
592.051,00:03,1184,-92
592.105,00:04,1184,-104
592.497,00:02,1185,-92
592.55,00:03,1185,-92
592.604,00:04,1185,-104
592.996,00:02,1186,-92
593.053,00:03,1186,-88
593.104,00:04,1186,-100
593.496,00:02,1187,-88
593.552,00:03,1187,-88
593.606,00:04,1187,-100
593.993,00:02,1188,-88
594.051,00:03,1188,-88
594.105,00:04,1188,-99
594.494,00:02,1189,-88
594.551,00:03,1189,-87
594.605,00:04,1189,-99
594.995,00:02,1190,-88
595.051,00:03,1190,-87
595.103,00:04,1190,-99
595.497,00:02,1191,-88
595.553,00:03,1191,-87
595.605,00:04,1191,-99
595.996,00:02,1192,-89
596.052,00:03,1192,-87
596.105,00:04,1192,-99
596.494,00:02,1193,-89
596.552,00:03,1193,-87
596.603,00:04,1193,-99
596.995,00:02,1194,-89
597.053,00:03,1194,-87
597.105,00:04,1194,-99
597.496,00:02,1195,-89
597.552,00:03,1195,-87
597.604,00:04,1195,-99
597.996,00:02,1196,-89
598.051,00:03,1196,-87
598.106,00:04,1196,-99
598.494,00:02,1197,-89
598.553,00:03,1197,-87
598.604,00:04,1197,-99
598.994,00:02,1198,-89
599.052,00:03,1198,-87
599.105,00:04,1198,-99
599.496,00:02,1199,-89
599.551,00:03,1199,-86
599.606,00:04,1199,-99
599.995,00:02,1200,-90
600.051,00:03,1200,-86
600.105,00:04,1200,-99
600.495,00:02,1201,-90
600.553,00:03,1201,-86
600.604,00:04,1201,-99
600.995,00:02,1202,-90
601.052,00:03,1202,-86
601.104,00:04,1202,-99
601.496,00:02,1203,-90
601.552,00:03,1203,-86
601.606,00:04,1203,-99
601.995,00:02,1204,-90
602.051,00:03,1204,-86
602.106,00:04,1204,-99
602.495,00:02,1205,-90
602.551,00:03,1205,-86
602.605,00:04,1205,-99
602.995,00:02,1206,-90
603.053,00:03,1206,-86
603.105,00:04,1206,-99
603.496,00:02,1207,-90
603.551,00:03,1207,-86
603.605,00:04,1207,-99
603.996,00:02,1208,-91
604.053,00:03,1208,-85
604.105,00:04,1208,-98
604.495,00:02,1209,-91
604.552,00:03,1209,-85
604.605,00:04,1209,-98
604.995,00:02,1210,-91
605.052,00:03,1210,-85
605.104,00:04,1210,-98
605.496,00:02,1211,-91
605.553,00:03,1211,-85
605.605,00:04,1211,-98
605.996,00:02,1212,-91
606.051,00:03,1212,-85
606.104,00:04,1212,-98
606.495,00:02,1213,-91
606.552,00:03,1213,-85
606.605,00:04,1213,-98
606.995,00:02,1214,-91
607.052,00:03,1214,-85
607.105,00:04,1214,-98
607.496,00:02,1215,-91
607.551,00:03,1215,-85
607.607,00:04,1215,-98
607.995,00:02,1216,-92
608.05,00:03,1216,-85
608.104,00:04,1216,-98
608.495,00:02,1217,-92
608.553,00:03,1217,-84
608.606,00:04,1217,-98
608.994,00:02,1218,-92
609.053,00:03,1218,-84
609.104,00:04,1218,-98
609.495,00:02,1219,-92
609.553,00:03,1219,-84
609.606,00:04,1219,-98
609.996,00:02,1220,-92
610.053,00:03,1220,-84
610.104,00:04,1220,-98
610.496,00:02,1221,-92
610.551,00:03,1221,-84
610.604,00:04,1221,-98
610.993,00:02,1222,-92
611.053,00:03,1222,-84
611.104,00:04,1222,-98
611.496,00:02,1223,-93
611.551,00:03,1223,-84
611.605,00:04,1223,-98
611.995,00:02,1224,-93
612.053,00:03,1224,-84
612.104,00:04,1224,-98
612.496,00:02,1225,-93
612.553,00:03,1225,-84
612.605,00:04,1225,-98
612.995,00:02,1226,-93
613.051,00:03,1226,-83
613.104,00:04,1226,-98
613.497,00:02,1227,-93
613.552,00:03,1227,-83
613.603,00:04,1227,-98
613.994,00:02,1228,-93
614.052,00:03,1228,-83
614.106,00:04,1228,-98
614.495,00:02,1229,-93
614.55,00:03,1229,-83
614.605,00:04,1229,-98
614.995,00:02,1230,-93
615.053,00:03,1230,-83
615.103,00:04,1230,-98
615.494,00:02,1231,-94
615.55,00:03,1231,-83
615.604,00:04,1231,-98
615.996,00:02,1232,-94
616.052,00:03,1232,-83
616.105,00:04,1232,-98
616.495,00:02,1233,-94
616.553,00:03,1233,-83
616.604,00:04,1233,-98
616.996,00:02,1234,-94
617.053,00:03,1234,-82
617.105,00:04,1234,-98
617.495,00:02,1235,-94
617.551,00:03,1235,-82
617.606,00:04,1235,-98
617.995,00:02,1236,-94
618.052,00:03,1236,-82
618.104,00:04,1236,-98
618.496,00:02,1237,-94
618.551,00:03,1237,-82
618.603,00:04,1237,-98
618.995,00:02,1238,-94
619.051,00:03,1238,-82
619.105,00:04,1238,-98
619.497,00:02,1239,-95
619.553,00:03,1239,-82
619.603,00:04,1239,-98
619.996,00:02,1240,-95
620.053,00:03,1240,-82
620.103,00:04,1240,-98
620.495,00:02,1241,-95
620.552,00:03,1241,-82
620.604,00:04,1241,-98
620.995,00:02,1242,-95
621.051,00:03,1242,-81
621.105,00:04,1242,-98
621.497,00:02,1243,-95
621.552,00:03,1243,-81
621.604,00:04,1243,-98
621.994,00:02,1244,-95
622.052,00:03,1244,-81
622.105,00:04,1244,-98
622.495,00:02,1245,-95
622.551,00:03,1245,-81
622.604,00:04,1245,-98
622.994,00:02,1246,-95
623.051,00:03,1246,-81
623.103,00:04,1246,-98
623.494,00:02,1247,-96
623.551,00:03,1247,-81
623.603,00:04,1247,-98
623.996,00:02,1248,-96
624.051,00:03,1248,-81
624.104,00:04,1248,-98
624.496,00:02,1249,-96
624.551,00:03,1249,-81
624.605,00:04,1249,-98
624.995,00:02,1250,-96
625.051,00:03,1250,-80
625.105,00:04,1250,-98
625.495,00:02,1251,-96
625.553,00:03,1251,-80
625.606,00:04,1251,-98
625.995,00:02,1252,-96
626.05,00:03,1252,-80
626.107,00:04,1252,-98
626.496,00:02,1253,-96
626.551,00:03,1253,-80
626.606,00:04,1253,-98
626.993,00:02,1254,-96
627.051,00:03,1254,-80
627.105,00:04,1254,-98
627.496,00:02,1255,-97
627.552,00:03,1255,-80
627.605,00:04,1255,-98
627.996,00:02,1256,-97
628.052,00:03,1256,-80
628.104,00:04,1256,-98
628.494,00:02,1257,-97
628.553,00:03,1257,-80
628.604,00:04,1257,-98
628.996,00:02,1258,-97
629.05,00:03,1258,-79
629.103,00:04,1258,-98
629.494,00:02,1259,-97
629.551,00:03,1259,-79
629.603,00:04,1259,-98
629.994,00:02,1260,-97
630.051,00:03,1260,-79
630.105,00:04,1260,-98
630.495,00:02,1261,-97
630.551,00:03,1261,-79
630.603,00:04,1261,-98
630.993,00:02,1262,-97
631.052,00:03,1262,-79
631.106,00:04,1262,-98
631.493,00:02,1263,-98
631.551,00:03,1263,-79
631.605,00:04,1263,-98
631.995,00:02,1264,-98
632.053,00:03,1264,-79
632.104,00:04,1264,-98
632.496,00:02,1265,-98
632.551,00:03,1265,-78
632.604,00:04,1265,-98
632.993,00:02,1266,-98
633.051,00:03,1266,-78
633.104,00:04,1266,-98
633.496,00:02,1267,-98
633.552,00:03,1267,-78
633.604,00:04,1267,-98
633.996,00:02,1268,-98
634.053,00:03,1268,-78
634.103,00:04,1268,-98
634.497,00:02,1269,-98
634.55,00:03,1269,-78
634.606,00:04,1269,-98
634.996,00:02,1270,-98
635.051,00:03,1270,-78
635.105,00:04,1270,-98
635.495,00:02,1271,-98
635.553,00:03,1271,-78
635.605,00:04,1271,-98
635.995,00:02,1272,-99
636.054,00:03,1272,-78
636.106,00:04,1272,-98
636.494,00:02,1273,-99
636.551,00:03,1273,-77
636.605,00:04,1273,-98
636.994,00:02,1274,-99
637.052,00:03,1274,-77
637.104,00:04,1274,-98
637.495,00:02,1275,-99
637.552,00:03,1275,-77
637.606,00:04,1275,-98
637.994,00:02,1276,-99
638.052,00:03,1276,-77
638.105,00:04,1276,-99
638.495,00:02,1277,-99
638.551,00:03,1277,-77
638.604,00:04,1277,-99
638.994,00:02,1278,-99
639.052,00:03,1278,-77
639.105,00:04,1278,-99
639.494,00:02,1279,-99
639.552,00:03,1279,-77
639.605,00:04,1279,-99
639.996,00:02,1280,-99
640.05,00:03,1280,-77
640.106,00:04,1280,-99
640.494,00:02,1281,-100
640.553,00:03,1281,-76
640.604,00:04,1281,-99
640.995,00:02,1282,-100
641.052,00:03,1282,-76
641.105,00:04,1282,-99
641.494,00:02,1283,-100
641.552,00:03,1283,-76
641.606,00:04,1283,-99
641.993,00:02,1284,-100
642.054,00:03,1284,-76
642.104,00:04,1284,-99
642.495,00:02,1285,-100
642.551,00:03,1285,-76
642.604,00:04,1285,-99
642.995,00:02,1286,-100
643.052,00:03,1286,-76
643.106,00:04,1286,-99
643.496,00:02,1287,-100
643.552,00:03,1287,-76
643.604,00:04,1287,-99
643.994,00:02,1288,-100
644.051,00:03,1288,-76
644.104,00:04,1288,-99
644.496,00:02,1289,-100
644.552,00:03,1289,-75
644.604,00:04,1289,-99
644.994,00:02,1290,-100
645.051,00:03,1290,-75
645.104,00:04,1290,-99
645.496,00:02,1291,-101
645.551,00:03,1291,-75
645.605,00:04,1291,-99
645.995,00:02,1292,-101
646.053,00:03,1292,-75
646.105,00:04,1292,-99
646.494,00:02,1293,-101
646.552,00:03,1293,-75
646.604,00:04,1293,-99
646.996,00:02,1294,-101
647.051,00:03,1294,-75
647.104,00:04,1294,-99
647.493,00:02,1295,-101
647.552,00:03,1295,-75
647.605,00:04,1295,-99
647.995,00:02,1296,-101
648.053,00:03,1296,-75
648.104,00:04,1296,-100
648.493,00:02,1297,-101
648.553,00:03,1297,-74
648.606,00:04,1297,-100
648.995,00:02,1298,-101
649.053,00:03,1298,-78
649.105,00:04,1298,-104
649.495,00:02,1299,-105
649.552,00:03,1299,-78
649.603,00:04,1299,-104
649.995,00:02,1300,-105
650.052,00:03,1300,-78
650.107,00:04,1300,-104
650.493,00:02,1301,-106
650.551,00:03,1301,-78
650.603,00:04,1301,-104
650.994,00:02,1302,-106
651.052,00:03,1302,-78
651.105,00:04,1302,-104
651.495,00:02,1303,-106
651.551,00:03,1303,-78
651.605,00:04,1303,-104
651.992,00:02,1304,-106
652.052,00:03,1304,-78
652.105,00:04,1304,-104
652.495,00:02,1305,-106
652.551,00:03,1305,-78
652.605,00:04,1305,-104
652.994,00:02,1306,-106
653.051,00:03,1306,-74
653.104,00:04,1306,-100
653.494,00:02,1307,-102
653.551,00:03,1307,-74
653.603,00:04,1307,-100
653.994,00:02,1308,-102
654.051,00:03,1308,-73
654.106,00:04,1308,-100
654.494,00:02,1309,-102
654.551,00:03,1309,-73
654.604,00:04,1309,-100
654.996,00:02,1310,-102
655.052,00:03,1310,-73
655.105,00:04,1310,-100
655.494,00:02,1311,-102
655.55,00:03,1311,-73
655.605,00:04,1311,-100
655.996,00:02,1312,-103
656.051,00:03,1312,-73
656.104,00:04,1312,-101
656.493,00:02,1313,-103
656.552,00:03,1313,-73
656.604,00:04,1313,-101
656.995,00:02,1314,-103
657.052,00:03,1314,-73
657.104,00:04,1314,-101
657.494,00:02,1315,-103
657.551,00:03,1315,-73
657.605,00:04,1315,-101
657.993,00:02,1316,-103
658.051,00:03,1316,-73
658.105,00:04,1316,-101
658.495,00:02,1317,-103
658.551,00:03,1317,-73
658.606,00:04,1317,-101
658.995,00:02,1318,-103
659.053,00:03,1318,-73
659.103,00:04,1318,-101
659.494,00:02,1319,-103
659.552,00:03,1319,-73
659.605,00:04,1319,-101
659.994,00:02,1320,-103
660.052,00:03,1320,-73
660.104,00:04,1320,-101
660.493,00:02,1321,-103
660.551,00:03,1321,-73
660.605,00:04,1321,-101
660.993,00:02,1322,-103
661.052,00:03,1322,-73
661.104,00:04,1322,-101
661.493,00:02,1323,-104
661.552,00:03,1323,-73
661.605,00:04,1323,-101
661.994,00:02,1324,-104
662.05,00:03,1324,-72
662.104,00:04,1324,-101
662.495,00:02,1325,-104
662.551,00:03,1325,-72
662.604,00:04,1325,-101
662.995,00:02,1326,-104
663.05,00:03,1326,-72
663.105,00:04,1326,-102
663.494,00:02,1327,-104
663.552,00:03,1327,-72
663.605,00:04,1327,-102
663.996,00:02,1328,-104
664.051,00:03,1328,-72
664.105,00:04,1328,-102
664.494,00:02,1329,-104
664.551,00:03,1329,-72
664.605,00:04,1329,-102
664.993,00:02,1330,-104
665.052,00:03,1330,-72
665.105,00:04,1330,-102
665.495,00:02,1331,-104
665.552,00:03,1331,-72
665.604,00:04,1331,-102
665.995,00:02,1332,-104
666.05,00:03,1332,-72
666.103,00:04,1332,-102
666.496,00:02,1333,-104
666.551,00:03,1333,-73
666.606,00:04,1333,-102
666.995,00:02,1334,-104
667.053,00:03,1334,-73
667.104,00:04,1334,-102
667.494,00:02,1335,-104
667.553,00:03,1335,-73
667.606,00:04,1335,-102
667.994,00:02,1336,-104
668.051,00:03,1336,-73
668.104,00:04,1336,-102
668.495,00:02,1337,-105
668.552,00:03,1337,-74
668.605,00:04,1337,-101
668.994,00:02,1338,-105
669.051,00:03,1338,-74
669.104,00:04,1338,-101
669.495,00:02,1339,-105
669.55,00:03,1339,-74
669.604,00:04,1339,-101
669.994,00:02,1340,-105
670.05,00:03,1340,-74
670.107,00:04,1340,-101
670.495,00:02,1341,-105
670.552,00:03,1341,-75
670.606,00:04,1341,-101
670.994,00:02,1342,-105
671.05,00:03,1342,-75
671.105,00:04,1342,-101
671.494,00:02,1343,-105
671.55,00:03,1343,-75
671.604,00:04,1343,-101
671.995,00:02,1344,-105
672.051,00:03,1344,-75
672.105,00:04,1344,-101
672.496,00:02,1345,-105
672.551,00:03,1345,-75
672.605,00:04,1345,-101
672.994,00:02,1346,-105
673.053,00:03,1346,-75
673.104,00:04,1346,-101
673.496,00:02,1347,-104
673.552,00:03,1347,-75
673.605,00:04,1347,-101
673.995,00:02,1348,-104
674.05,00:03,1348,-75
674.105,00:04,1348,-101
674.494,00:02,1349,-104
674.551,00:03,1349,-75
674.603,00:04,1349,-101
674.995,00:02,1350,-104
675.051,00:03,1350,-75
675.106,00:04,1350,-100
675.492,00:02,1351,-104
675.552,00:03,1351,-75
675.604,00:04,1351,-100
675.994,00:02,1352,-104
676.053,00:03,1352,-75
676.103,00:04,1352,-100
676.494,00:02,1353,-104
676.553,00:03,1353,-75
676.604,00:04,1353,-100
676.995,00:02,1354,-104
677.052,00:03,1354,-75
677.105,00:04,1354,-100
677.494,00:02,1355,-104
677.551,00:03,1355,-75
677.604,00:04,1355,-100
677.996,00:02,1356,-104
678.052,00:03,1356,-75
678.105,00:04,1356,-100
678.495,00:02,1357,-104
678.551,00:03,1357,-75
678.604,00:04,1357,-100
678.994,00:02,1358,-104
679.051,00:03,1358,-75
679.104,00:04,1358,-100
679.493,00:02,1359,-103
679.552,00:03,1359,-75
679.605,00:04,1359,-100
679.994,00:02,1360,-103
680.051,00:03,1360,-75
680.103,00:04,1360,-100
680.494,00:02,1361,-103
680.55,00:03,1361,-75
680.605,00:04,1361,-100
680.995,00:02,1362,-103
681.052,00:03,1362,-75
681.106,00:04,1362,-100
681.495,00:02,1363,-103
681.551,00:03,1363,-75
681.604,00:04,1363,-99
681.995,00:02,1364,-103
682.05,00:03,1364,-75
682.104,00:04,1364,-99
682.493,00:02,1365,-103
682.55,00:03,1365,-75
682.605,00:04,1365,-99
682.994,00:02,1366,-103
683.05,00:03,1366,-76
683.105,00:04,1366,-99
683.495,00:02,1367,-103
683.55,00:03,1367,-76
683.604,00:04,1367,-99
683.993,00:02,1368,-103
684.05,00:03,1368,-76
684.107,00:04,1368,-99
684.493,00:02,1369,-103
684.551,00:03,1369,-76
684.606,00:04,1369,-99
684.993,00:02,1370,-102
685.053,00:03,1370,-80
685.106,00:04,1370,-103
685.495,00:02,1371,-106
685.551,00:03,1371,-80
685.605,00:04,1371,-103
685.994,00:02,1372,-106
686.051,00:03,1372,-80
686.103,00:04,1372,-103
686.493,00:02,1373,-106
686.552,00:03,1373,-80
686.604,00:04,1373,-103
686.993,00:02,1374,-106
687.05,00:03,1374,-80
687.106,00:04,1374,-103
687.495,00:02,1375,-106
687.552,00:03,1375,-80
687.605,00:04,1375,-103
687.995,00:02,1376,-106
688.053,00:03,1376,-80
688.105,00:04,1376,-102
688.495,00:02,1377,-106
688.552,00:03,1377,-80
688.604,00:04,1377,-102
688.992,00:02,1378,-106
689.051,00:03,1378,-76
689.106,00:04,1378,-98
689.493,00:02,1379,-102
689.551,00:03,1379,-76
689.603,00:04,1379,-98
689.993,00:02,1380,-102
690.052,00:03,1380,-77
690.105,00:04,1380,-98
690.492,00:02,1381,-101
690.552,00:03,1381,-77
690.604,00:04,1381,-98
690.995,00:02,1382,-101
691.051,00:03,1382,-77
691.104,00:04,1382,-98
691.492,00:02,1383,-101
691.55,00:03,1383,-77
691.606,00:04,1383,-98
691.993,00:02,1384,-101
692.051,00:03,1384,-77
692.105,00:04,1384,-98
692.495,00:02,1385,-101
692.553,00:03,1385,-77
692.604,00:04,1385,-98
692.992,00:02,1386,-101
693.053,00:03,1386,-77
693.104,00:04,1386,-98
693.494,00:02,1387,-101
693.551,00:03,1387,-77
693.603,00:04,1387,-98
693.993,00:02,1388,-101
694.053,00:03,1388,-77
694.105,00:04,1388,-98
694.492,00:02,1389,-101
694.551,00:03,1389,-77
694.606,00:04,1389,-98
694.994,00:02,1390,-101
695.051,00:03,1390,-78
695.103,00:04,1390,-98
695.495,00:02,1391,-100
695.552,00:03,1391,-78
695.604,00:04,1391,-98
695.993,00:02,1392,-100
696.05,00:03,1392,-78
696.105,00:04,1392,-97
696.492,00:02,1393,-100
696.552,00:03,1393,-78
696.605,00:04,1393,-97
696.994,00:02,1394,-100
697.051,00:03,1394,-78
697.103,00:04,1394,-97
697.495,00:02,1395,-100
697.553,00:03,1395,-78
697.605,00:04,1395,-97
697.992,00:02,1396,-100
698.052,00:03,1396,-78
698.104,00:04,1396,-97
698.494,00:02,1397,-100
698.551,00:03,1397,-78
698.605,00:04,1397,-97
698.994,00:02,1398,-100
699.051,00:03,1398,-78
699.105,00:04,1398,-97
699.495,00:02,1399,-100
699.551,00:03,1399,-78
699.606,00:04,1399,-97
699.993,00:02,1400,-100
700.052,00:03,1400,-79
700.104,00:04,1400,-97
700.493,00:02,1401,-99
700.551,00:03,1401,-79
700.603,00:04,1401,-97
700.993,00:02,1402,-99
701.05,00:03,1402,-79
701.106,00:04,1402,-97
701.494,00:02,1403,-99
701.551,00:03,1403,-79
701.603,00:04,1403,-97
701.995,00:02,1404,-99
702.051,00:03,1404,-79
702.105,00:04,1404,-97
702.493,00:02,1405,-99
702.551,00:03,1405,-79
702.604,00:04,1405,-97
702.993,00:02,1406,-99
703.051,00:03,1406,-79
703.106,00:04,1406,-97
703.494,00:02,1407,-99
703.553,00:03,1407,-79
703.604,00:04,1407,-97
703.993,00:02,1408,-99
704.053,00:03,1408,-79
704.105,00:04,1408,-97
704.493,00:02,1409,-99
704.553,00:03,1409,-80
704.604,00:04,1409,-97
704.994,00:02,1410,-99
705.052,00:03,1410,-80
705.105,00:04,1410,-97
705.494,00:02,1411,-98
705.551,00:03,1411,-80
705.606,00:04,1411,-97
705.993,00:02,1412,-98
706.052,00:03,1412,-80
706.105,00:04,1412,-97
706.494,00:02,1413,-98
706.55,00:03,1413,-80
706.605,00:04,1413,-97
706.993,00:02,1414,-98
707.052,00:03,1414,-80
707.105,00:04,1414,-96
707.493,00:02,1415,-98
707.551,00:03,1415,-80
707.604,00:04,1415,-96
707.995,00:02,1416,-98
708.05,00:03,1416,-80
708.104,00:04,1416,-96
708.495,00:02,1417,-98
708.55,00:03,1417,-80
708.606,00:04,1417,-96
708.993,00:02,1418,-98
709.052,00:03,1418,-81
709.103,00:04,1418,-96
709.494,00:02,1419,-98
709.551,00:03,1419,-81
709.603,00:04,1419,-96
709.994,00:02,1420,-97
710.051,00:03,1420,-81
710.104,00:04,1420,-96
710.493,00:02,1421,-97
710.552,00:03,1421,-81
710.606,00:04,1421,-96
710.995,00:02,1422,-97
711.051,00:03,1422,-81
711.105,00:04,1422,-96
711.494,00:02,1423,-97
711.55,00:03,1423,-81
711.605,00:04,1423,-96
711.993,00:02,1424,-97
712.052,00:03,1424,-81
712.105,00:04,1424,-96
712.493,00:02,1425,-97
712.551,00:03,1425,-81
712.603,00:04,1425,-96
712.994,00:02,1426,-97
713.053,00:03,1426,-82
713.106,00:04,1426,-96
713.494,00:02,1427,-97
713.552,00:03,1427,-82
713.604,00:04,1427,-96
713.993,00:02,1428,-97
714.05,00:03,1428,-82
714.104,00:04,1428,-96
714.495,00:02,1429,-96
714.553,00:03,1429,-82
714.606,00:04,1429,-96
714.993,00:02,1430,-96
715.05,00:03,1430,-82
715.106,00:04,1430,-96
715.492,00:02,1431,-96
715.551,00:03,1431,-82
715.604,00:04,1431,-96
715.994,00:02,1432,-96
716.051,00:03,1432,-82
716.104,00:04,1432,-96
716.494,00:02,1433,-96
716.552,00:03,1433,-82
716.605,00:04,1433,-96
716.992,00:02,1434,-96
717.052,00:03,1434,-82
717.104,00:04,1434,-96
717.492,00:02,1435,-96
717.551,00:03,1435,-83
717.603,00:04,1435,-96
717.994,00:02,1436,-96
718.051,00:03,1436,-83
718.104,00:04,1436,-96
718.494,00:02,1437,-96
718.553,00:03,1437,-83
718.606,00:04,1437,-96
718.993,00:02,1438,-95
719.05,00:03,1438,-83
719.105,00:04,1438,-96
719.495,00:02,1439,-95
719.551,00:03,1439,-83
719.602,00:04,1439,-96
719.995,00:02,1440,-95
720.051,00:03,1440,-83
720.104,00:04,1440,-96
720.492,00:02,1441,-95
720.55,00:03,1441,-83
720.605,00:04,1441,-96
720.994,00:02,1442,-95
721.052,00:03,1442,-83
721.104,00:04,1442,-96
721.494,00:02,1443,-95
721.55,00:03,1443,-83
721.604,00:04,1443,-96
721.992,00:02,1444,-95
722.052,00:03,1444,-84
722.104,00:04,1444,-96
722.494,00:02,1445,-95
722.55,00:03,1445,-84
722.604,00:04,1445,-96
722.994,00:02,1446,-95
723.051,00:03,1446,-84
723.105,00:04,1446,-96
723.492,00:02,1447,-94
723.551,00:03,1447,-84
723.605,00:04,1447,-96
723.992,00:02,1448,-94
724.049,00:03,1448,-84
724.104,00:04,1448,-96
724.494,00:02,1449,-94
724.551,00:03,1449,-84
724.605,00:04,1449,-96
724.993,00:02,1450,-94
725.053,00:03,1450,-84
725.103,00:04,1450,-96
725.492,00:02,1451,-94
725.551,00:03,1451,-84
725.603,00:04,1451,-96
725.994,00:02,1452,-94
726.052,00:03,1452,-84
726.104,00:04,1452,-96
726.492,00:02,1453,-94
726.552,00:03,1453,-84
726.606,00:04,1453,-96
726.993,00:02,1454,-94
727.049,00:03,1454,-85
727.104,00:04,1454,-96
727.494,00:02,1455,-94
727.551,00:03,1455,-85
727.604,00:04,1455,-97
727.992,00:02,1456,-93
728.05,00:03,1456,-85
728.104,00:04,1456,-97
728.492,00:02,1457,-93
728.552,00:03,1457,-85
728.604,00:04,1457,-97
728.992,00:02,1458,-93
729.05,00:03,1458,-85
729.105,00:04,1458,-97
729.491,00:02,1459,-93
729.551,00:03,1459,-85
729.605,00:04,1459,-97
729.993,00:02,1460,-93
730.051,00:03,1460,-85
730.103,00:04,1460,-97
730.493,00:02,1461,-93
730.552,00:03,1461,-85
730.604,00:04,1461,-97
730.994,00:02,1462,-93
731.052,00:03,1462,-85
731.106,00:04,1462,-97
731.492,00:02,1463,-93
731.551,00:03,1463,-86
731.604,00:04,1463,-97
731.993,00:02,1464,-93
732.049,00:03,1464,-86
732.105,00:04,1464,-97
732.494,00:02,1465,-92
732.549,00:03,1465,-86
732.605,00:04,1465,-97
732.993,00:02,1466,-92
733.052,00:03,1466,-86
733.105,00:04,1466,-97
733.492,00:02,1467,-92
733.551,00:03,1467,-86
733.605,00:04,1467,-97
733.992,00:02,1468,-92
734.051,00:03,1468,-86
734.105,00:04,1468,-97
734.494,00:02,1469,-92
734.551,00:03,1469,-86
734.606,00:04,1469,-97
734.993,00:02,1470,-92
735.052,00:03,1470,-86
735.105,00:04,1470,-97
735.495,00:02,1471,-92
735.55,00:03,1471,-86
735.604,00:04,1471,-97
735.993,00:02,1472,-92
736.051,00:03,1472,-86
736.105,00:04,1472,-97
736.495,00:02,1473,-92
736.552,00:03,1473,-87
736.606,00:04,1473,-97
736.992,00:02,1474,-91
737.05,00:03,1474,-87
737.105,00:04,1474,-97
737.493,00:02,1475,-91
737.55,00:03,1475,-87
737.605,00:04,1475,-97
737.992,00:02,1476,-91
738.05,00:03,1476,-87
738.105,00:04,1476,-97
738.492,00:02,1477,-91
738.551,00:03,1477,-87
738.605,00:04,1477,-98
738.993,00:02,1478,-91
739.051,00:03,1478,-87
739.104,00:04,1478,-98
739.494,00:02,1479,-91
739.551,00:03,1479,-87
739.603,00:04,1479,-98
739.993,00:02,1480,-91
740.05,00:03,1480,-87
740.104,00:04,1480,-98
740.494,00:02,1481,-91
740.551,00:03,1481,-87
740.606,00:04,1481,-98
740.994,00:02,1482,-91
741.05,00:03,1482,-87
741.105,00:04,1482,-98
741.494,00:02,1483,-91
741.551,00:03,1483,-88
741.604,00:04,1483,-98
741.992,00:02,1484,-90
742.051,00:03,1484,-88
742.103,00:04,1484,-98
742.493,00:02,1485,-90
742.552,00:03,1485,-88
742.606,00:04,1485,-98
742.992,00:02,1486,-90
743.052,00:03,1486,-88
743.105,00:04,1486,-98
743.495,00:02,1487,-90
743.552,00:03,1487,-88
743.603,00:04,1487,-98
743.993,00:02,1488,-90
744.052,00:03,1488,-88
744.104,00:04,1488,-98
744.494,00:02,1489,-90
744.551,00:03,1489,-88
744.605,00:04,1489,-98
744.992,00:02,1490,-90
745.053,00:03,1490,-92
745.104,00:04,1490,-102
745.493,00:02,1491,-94
745.551,00:03,1491,-92
745.605,00:04,1491,-102
745.995,00:02,1492,-94
746.05,00:03,1492,-92
746.105,00:04,1492,-103
746.493,00:02,1493,-94
746.553,00:03,1493,-92
746.603,00:04,1493,-103
746.993,00:02,1494,-94
747.053,00:03,1494,-93
747.104,00:04,1494,-103
747.493,00:02,1495,-93
747.55,00:03,1495,-93
747.604,00:04,1495,-103
747.992,00:02,1496,-93
748.05,00:03,1496,-93
748.105,00:04,1496,-103
748.493,00:02,1497,-93
748.551,00:03,1497,-93
748.604,00:04,1497,-103
748.993,00:02,1498,-93
749.052,00:03,1498,-89
749.104,00:04,1498,-99
749.492,00:02,1499,-89
749.55,00:03,1499,-89
749.604,00:04,1499,-99
749.993,00:02,1500,-89
750.052,00:03,1500,-89
750.105,00:04,1500,-99
750.495,00:02,1501,-89
750.552,00:03,1501,-89
750.603,00:04,1501,-99
750.994,00:02,1502,-89
751.05,00:03,1502,-89
751.105,00:04,1502,-99
751.494,00:02,1503,-89
751.55,00:03,1503,-89
751.605,00:04,1503,-99
751.993,00:02,1504,-89
752.049,00:03,1504,-89
752.105,00:04,1504,-99
752.493,00:02,1505,-89
752.552,00:03,1505,-90
752.604,00:04,1505,-99
752.992,00:02,1506,-89
753.052,00:03,1506,-90
753.104,00:04,1506,-100
753.493,00:02,1507,-89
753.552,00:03,1507,-90
753.605,00:04,1507,-100
753.992,00:02,1508,-89
754.051,00:03,1508,-90
754.105,00:04,1508,-100
754.492,00:02,1509,-89
754.55,00:03,1509,-90
754.605,00:04,1509,-100
754.992,00:02,1510,-89
755.051,00:03,1510,-90
755.105,00:04,1510,-100
755.492,00:02,1511,-89
755.552,00:03,1511,-90
755.605,00:04,1511,-100
755.995,00:02,1512,-89
756.049,00:03,1512,-90
756.104,00:04,1512,-100
756.493,00:02,1513,-88
756.549,00:03,1513,-90
756.603,00:04,1513,-100
756.993,00:02,1514,-88
757.051,00:03,1514,-90
757.103,00:04,1514,-100
757.493,00:02,1515,-88
757.551,00:03,1515,-90
757.606,00:04,1515,-100
757.993,00:02,1516,-88
758.053,00:03,1516,-91
758.103,00:04,1516,-100
758.492,00:02,1517,-88
758.553,00:03,1517,-91
758.604,00:04,1517,-100
758.995,00:02,1518,-88
759.05,00:03,1518,-91
759.104,00:04,1518,-101
759.493,00:02,1519,-88
759.55,00:03,1519,-91
759.605,00:04,1519,-101
759.991,00:02,1520,-88
760.051,00:03,1520,-91
760.105,00:04,1520,-101
760.492,00:02,1521,-88
760.551,00:03,1521,-91
760.605,00:04,1521,-101
760.992,00:02,1522,-88
761.051,00:03,1522,-91
761.104,00:04,1522,-101
761.492,00:02,1523,-88
761.55,00:03,1523,-91
761.605,00:04,1523,-101
761.992,00:02,1524,-88
762.05,00:03,1524,-91
762.105,00:04,1524,-101
762.493,00:02,1525,-89
762.55,00:03,1525,-91
762.603,00:04,1525,-101
762.992,00:02,1526,-89
763.052,00:03,1526,-91
763.104,00:04,1526,-101
763.494,00:02,1527,-89
763.55,00:03,1527,-91
763.603,00:04,1527,-101
763.991,00:02,1528,-89
764.051,00:03,1528,-91
764.105,00:04,1528,-101
764.491,00:02,1529,-89
764.551,00:03,1529,-91
764.605,00:04,1529,-101
764.992,00:02,1530,-90
765.051,00:03,1530,-91
765.103,00:04,1530,-100
765.495,00:02,1531,-90
765.552,00:03,1531,-91
765.606,00:04,1531,-100
765.992,00:02,1532,-90
766.052,00:03,1532,-91
766.105,00:04,1532,-100
766.491,00:02,1533,-90
766.551,00:03,1533,-92
766.606,00:04,1533,-100
766.993,00:02,1534,-90
767.051,00:03,1534,-92
767.104,00:04,1534,-100
767.492,00:02,1535,-90
767.549,00:03,1535,-92
767.604,00:04,1535,-100
767.992,00:02,1536,-90
768.053,00:03,1536,-92
768.103,00:04,1536,-100
768.492,00:02,1537,-90
768.55,00:03,1537,-91
768.604,00:04,1537,-100
768.992,00:02,1538,-90
769.049,00:03,1538,-91
769.106,00:04,1538,-100
769.492,00:02,1539,-90
769.55,00:03,1539,-91
769.603,00:04,1539,-100
769.993,00:02,1540,-90
770.05,00:03,1540,-91
770.104,00:04,1540,-100
770.492,00:02,1541,-90
770.552,00:03,1541,-91
770.604,00:04,1541,-100
770.992,00:02,1542,-90
771.051,00:03,1542,-91
771.106,00:04,1542,-99
771.493,00:02,1543,-91
771.551,00:03,1543,-91
771.605,00:04,1543,-99
771.993,00:02,1544,-91
772.051,00:03,1544,-91
772.105,00:04,1544,-99
772.494,00:02,1545,-91
772.551,00:03,1545,-91
772.605,00:04,1545,-99
772.992,00:02,1546,-91
773.051,00:03,1546,-91
773.105,00:04,1546,-99
773.493,00:02,1547,-91
773.55,00:03,1547,-91
773.604,00:04,1547,-99
773.992,00:02,1548,-91
774.05,00:03,1548,-91
774.104,00:04,1548,-99
774.493,00:02,1549,-91
774.551,00:03,1549,-90
774.604,00:04,1549,-99
774.993,00:02,1550,-91
775.051,00:03,1550,-90
775.105,00:04,1550,-99
775.492,00:02,1551,-91
775.551,00:03,1551,-90
775.604,00:04,1551,-99
775.994,00:02,1552,-91
776.049,00:03,1552,-90
776.104,00:04,1552,-99
776.494,00:02,1553,-91
776.55,00:03,1553,-90
776.605,00:04,1553,-98
776.993,00:02,1554,-91
777.05,00:03,1554,-90
777.104,00:04,1554,-98
777.493,00:02,1555,-91
777.551,00:03,1555,-90
777.603,00:04,1555,-98
777.994,00:02,1556,-91
778.051,00:03,1556,-90
778.105,00:04,1556,-98
778.492,00:02,1557,-91
778.551,00:03,1557,-90
778.606,00:04,1557,-98
778.994,00:02,1558,-91
779.052,00:03,1558,-90
779.105,00:04,1558,-98
779.492,00:02,1559,-91
779.55,00:03,1559,-90
779.605,00:04,1559,-98
779.993,00:02,1560,-91
780.049,00:03,1560,-90
780.105,00:04,1560,-98
780.494,00:02,1561,-91
780.551,00:03,1561,-89
780.605,00:04,1561,-98
780.992,00:02,1562,-91
781.052,00:03,1562,-93
781.104,00:04,1562,-102
781.49,00:02,1563,-95
781.551,00:03,1563,-93
781.605,00:04,1563,-102
781.991,00:02,1564,-95
782.05,00:03,1564,-93
782.104,00:04,1564,-102
782.494,00:02,1565,-95
782.553,00:03,1565,-93
782.604,00:04,1565,-101
782.993,00:02,1566,-95
783.049,00:03,1566,-93
783.104,00:04,1566,-101
783.491,00:02,1567,-96
783.55,00:03,1567,-93
783.602,00:04,1567,-101
783.993,00:02,1568,-96
784.052,00:03,1568,-93
784.103,00:04,1568,-101
784.492,00:02,1569,-96
784.551,00:03,1569,-93
784.604,00:04,1569,-101
784.991,00:02,1570,-96
785.051,00:03,1570,-89
785.105,00:04,1570,-97
785.492,00:02,1571,-92
785.551,00:03,1571,-89
785.604,00:04,1571,-97
785.992,00:02,1572,-92
786.05,00:03,1572,-89
786.106,00:04,1572,-97
786.492,00:02,1573,-92
786.549,00:03,1573,-88
786.604,00:04,1573,-97
786.993,00:02,1574,-92
787.051,00:03,1574,-88
787.105,00:04,1574,-97
787.494,00:02,1575,-92
787.552,00:03,1575,-88
787.604,00:04,1575,-97
787.992,00:02,1576,-92
788.053,00:03,1576,-88
788.106,00:04,1576,-97
788.492,00:02,1577,-92
788.55,00:03,1577,-88
788.604,00:04,1577,-96
788.992,00:02,1578,-92
789.049,00:03,1578,-88
789.104,00:04,1578,-96
789.494,00:02,1579,-92
789.55,00:03,1579,-88
789.603,00:04,1579,-96
789.992,00:02,1580,-92
790.052,00:03,1580,-88
790.104,00:04,1580,-96
790.491,00:02,1581,-93
790.551,00:03,1581,-88
790.604,00:04,1581,-96
790.991,00:02,1582,-93
791.049,00:03,1582,-88
791.104,00:04,1582,-96
791.493,00:02,1583,-93
791.55,00:03,1583,-88
791.604,00:04,1583,-96
791.993,00:02,1584,-93
792.052,00:03,1584,-87
792.105,00:04,1584,-96
792.491,00:02,1585,-93
792.55,00:03,1585,-87
792.604,00:04,1585,-96
792.991,00:02,1586,-93
793.051,00:03,1586,-87
793.105,00:04,1586,-96
793.491,00:02,1587,-93
793.55,00:03,1587,-87
793.605,00:04,1587,-96
793.994,00:02,1588,-93
794.051,00:03,1588,-87
794.106,00:04,1588,-96
794.494,00:02,1589,-93
794.549,00:03,1589,-87
794.604,00:04,1589,-96
794.992,00:02,1590,-93
795.05,00:03,1590,-87
795.105,00:04,1590,-96
795.494,00:02,1591,-93
795.549,00:03,1591,-87
795.604,00:04,1591,-96
795.994,00:02,1592,-94
796.052,00:03,1592,-87
796.105,00:04,1592,-95
796.494,00:02,1593,-94
796.55,00:03,1593,-87
796.604,00:04,1593,-95
796.994,00:02,1594,-94
797.05,00:03,1594,-86
797.106,00:04,1594,-95
797.49,00:02,1595,-94
797.551,00:03,1595,-86
797.604,00:04,1595,-95
797.994,00:02,1596,-94
798.051,00:03,1596,-86
798.106,00:04,1596,-95
798.493,00:02,1597,-94
798.55,00:03,1597,-86
798.603,00:04,1597,-95
798.994,00:02,1598,-94
799.049,00:03,1598,-86
799.104,00:04,1598,-95
799.49,00:02,1599,-94
799.55,00:03,1599,-86
799.605,00:04,1599,-95
799.991,00:02,1600,-94
800.051,00:03,1600,-86
800.103,00:04,1600,-95
800.493,00:02,1601,-94
800.551,00:03,1601,-86
800.606,00:04,1601,-95
800.993,00:02,1602,-94
801.05,00:03,1602,-86
801.102,00:04,1602,-95
801.492,00:02,1603,-95
801.55,00:03,1603,-86
801.606,00:04,1603,-95
801.993,00:02,1604,-95
802.051,00:03,1604,-86
802.103,00:04,1604,-95
802.491,00:02,1605,-95
802.549,00:03,1605,-85
802.604,00:04,1605,-95
802.992,00:02,1606,-95
803.05,00:03,1606,-85
803.105,00:04,1606,-95
803.492,00:02,1607,-95
803.551,00:03,1607,-85
803.604,00:04,1607,-95
803.992,00:02,1608,-95
804.051,00:03,1608,-85
804.103,00:04,1608,-95
804.491,00:02,1609,-95
804.552,00:03,1609,-85
804.606,00:04,1609,-95
804.991,00:02,1610,-95
805.052,00:03,1610,-85
805.103,00:04,1610,-95
805.491,00:02,1611,-95
805.55,00:03,1611,-85
805.604,00:04,1611,-95
805.992,00:02,1612,-95
806.049,00:03,1612,-85
806.105,00:04,1612,-95
806.492,00:02,1613,-96
806.549,00:03,1613,-85
806.604,00:04,1613,-95
806.992,00:02,1614,-96
807.05,00:03,1614,-85
807.102,00:04,1614,-95
807.492,00:02,1615,-96
807.549,00:03,1615,-84
807.606,00:04,1615,-95
807.992,00:02,1616,-96
808.051,00:03,1616,-84
808.105,00:04,1616,-95
808.493,00:02,1617,-96
808.55,00:03,1617,-84
808.605,00:04,1617,-94
808.991,00:02,1618,-96
809.05,00:03,1618,-84
809.105,00:04,1618,-94
809.493,00:02,1619,-96
809.552,00:03,1619,-84
809.604,00:04,1619,-94
809.991,00:02,1620,-96
810.05,00:03,1620,-84
810.105,00:04,1620,-94
810.492,00:02,1621,-96
810.552,00:03,1621,-84
810.604,00:04,1621,-94
810.994,00:02,1622,-96
811.052,00:03,1622,-84
811.105,00:04,1622,-94
811.493,00:02,1623,-97
811.551,00:03,1623,-84
811.605,00:04,1623,-94
811.992,00:02,1624,-97
812.049,00:03,1624,-84
812.104,00:04,1624,-94
812.492,00:02,1625,-97
812.55,00:03,1625,-83
812.604,00:04,1625,-94
812.994,00:02,1626,-97
813.05,00:03,1626,-83
813.104,00:04,1626,-94
813.492,00:02,1627,-97
813.552,00:03,1627,-83
813.605,00:04,1627,-94
813.992,00:02,1628,-97
814.049,00:03,1628,-83
814.104,00:04,1628,-94
814.493,00:02,1629,-97
814.551,00:03,1629,-83
814.603,00:04,1629,-94
814.992,00:02,1630,-97
815.05,00:03,1630,-83
815.104,00:04,1630,-94
815.491,00:02,1631,-97
815.552,00:03,1631,-83
815.605,00:04,1631,-94
815.992,00:02,1632,-97
816.049,00:03,1632,-83
816.103,00:04,1632,-94
816.493,00:02,1633,-98
816.549,00:03,1633,-83
816.605,00:04,1633,-94
816.993,00:02,1634,-98
817.051,00:03,1634,-83
817.105,00:04,1634,-94
817.492,00:02,1635,-98
817.55,00:03,1635,-82
817.605,00:04,1635,-94
817.991,00:02,1636,-98
818.05,00:03,1636,-82
818.105,00:04,1636,-95
818.49,00:02,1637,-98
818.552,00:03,1637,-82
818.605,00:04,1637,-95
818.993,00:02,1638,-98
819.051,00:03,1638,-82
819.103,00:04,1638,-95
819.491,00:02,1639,-98
819.552,00:03,1639,-82
819.604,00:04,1639,-95
819.99,00:02,1640,-98
820.052,00:03,1640,-82
820.104,00:04,1640,-95
820.491,00:02,1641,-98
820.551,00:03,1641,-82
820.603,00:04,1641,-95
820.99,00:02,1642,-98
821.05,00:03,1642,-82
821.104,00:04,1642,-95
821.494,00:02,1643,-99
821.55,00:03,1643,-82
821.603,00:04,1643,-95
821.991,00:02,1644,-99
822.052,00:03,1644,-82
822.104,00:04,1644,-95
822.49,00:02,1645,-99
822.551,00:03,1645,-81
822.604,00:04,1645,-95
822.992,00:02,1646,-99
823.049,00:03,1646,-81
823.103,00:04,1646,-95
823.491,00:02,1647,-99
823.551,00:03,1647,-81
823.602,00:04,1647,-95
823.993,00:02,1648,-99
824.051,00:03,1648,-81
824.105,00:04,1648,-95
824.491,00:02,1649,-99
824.55,00:03,1649,-81
824.605,00:04,1649,-95
824.993,00:02,1650,-99
825.051,00:03,1650,-81
825.104,00:04,1650,-95
825.493,00:02,1651,-99
825.552,00:03,1651,-81
825.606,00:04,1651,-95
825.991,00:02,1652,-99
826.051,00:03,1652,-81
826.103,00:04,1652,-95
826.491,00:02,1653,-100
826.551,00:03,1653,-81
826.603,00:04,1653,-95
826.991,00:02,1654,-100
827.05,00:03,1654,-81
827.103,00:04,1654,-95
827.492,00:02,1655,-100
827.551,00:03,1655,-80
827.604,00:04,1655,-95
827.991,00:02,1656,-100
828.05,00:03,1656,-80
828.103,00:04,1656,-95
828.491,00:02,1657,-100
828.549,00:03,1657,-80
828.605,00:04,1657,-95
828.991,00:02,1658,-100
829.05,00:03,1658,-80
829.106,00:04,1658,-95
829.491,00:02,1659,-100
829.552,00:03,1659,-80
829.604,00:04,1659,-95
829.99,00:02,1660,-100
830.052,00:03,1660,-80
830.105,00:04,1660,-95
830.492,00:02,1661,-100
830.549,00:03,1661,-80
830.604,00:04,1661,-96
830.992,00:02,1662,-100
831.049,00:03,1662,-80
831.105,00:04,1662,-96
831.492,00:02,1663,-100
831.549,00:03,1663,-80
831.606,00:04,1663,-96
831.992,00:02,1664,-101
832.05,00:03,1664,-80
832.104,00:04,1664,-96
832.491,00:02,1665,-101
832.549,00:03,1665,-80
832.605,00:04,1665,-96
832.992,00:02,1666,-101
833.049,00:03,1666,-79
833.105,00:04,1666,-96
833.49,00:02,1667,-101
833.55,00:03,1667,-79
833.604,00:04,1667,-96
833.992,00:02,1668,-101
834.051,00:03,1668,-79
834.105,00:04,1668,-96
834.491,00:02,1669,-101
834.552,00:03,1669,-79
834.605,00:04,1669,-96
834.991,00:02,1670,-101
835.051,00:03,1670,-79
835.106,00:04,1670,-96
835.493,00:02,1671,-101
835.549,00:03,1671,-79
835.603,00:04,1671,-96
835.991,00:02,1672,-101
836.05,00:03,1672,-79
836.106,00:04,1672,-96
836.49,00:02,1673,-101
836.55,00:03,1673,-79
836.605,00:04,1673,-96
836.991,00:02,1674,-102
837.049,00:03,1674,-79
837.106,00:04,1674,-96
837.492,00:02,1675,-102
837.551,00:03,1675,-79
837.604,00:04,1675,-97
837.99,00:02,1676,-102
838.048,00:03,1676,-79
838.105,00:04,1676,-97
838.491,00:02,1677,-102
838.551,00:03,1677,-79
838.604,00:04,1677,-97
838.99,00:02,1678,-102
839.052,00:03,1678,-78
839.104,00:04,1678,-97
839.492,00:02,1679,-102
839.549,00:03,1679,-78
839.604,00:04,1679,-97
839.991,00:02,1680,-102
840.049,00:03,1680,-78
840.104,00:04,1680,-97
840.492,00:02,1681,-102
840.552,00:03,1681,-78
840.604,00:04,1681,-97
840.992,00:02,1682,-102
841.049,00:03,1682,-82
841.104,00:04,1682,-101
841.491,00:02,1683,-106
841.55,00:03,1683,-82
841.603,00:04,1683,-101
841.992,00:02,1684,-106
842.051,00:03,1684,-82
842.105,00:04,1684,-101
842.492,00:02,1685,-106
842.55,00:03,1685,-82
842.603,00:04,1685,-101
842.991,00:02,1686,-107
843.05,00:03,1686,-82
843.104,00:04,1686,-101
843.491,00:02,1687,-107
843.551,00:03,1687,-82
843.605,00:04,1687,-101
843.991,00:02,1688,-107
844.051,00:03,1688,-82
844.104,00:04,1688,-102
844.491,00:02,1689,-107
844.549,00:03,1689,-82
844.605,00:04,1689,-102
844.991,00:02,1690,-107
845.051,00:03,1690,-78
845.102,00:04,1690,-98
845.493,00:02,1691,-103
845.55,00:03,1691,-78
845.603,00:04,1691,-98
845.992,00:02,1692,-103
846.05,00:03,1692,-78
846.104,00:04,1692,-98
846.492,00:02,1693,-103
846.551,00:03,1693,-78
846.602,00:04,1693,-98
846.992,00:02,1694,-103
847.05,00:03,1694,-77
847.106,00:04,1694,-98
847.491,00:02,1695,-103
847.55,00:03,1695,-77
847.604,00:04,1695,-98
847.992,00:02,1696,-103
848.05,00:03,1696,-77
848.104,00:04,1696,-98
848.49,00:02,1697,-104
848.551,00:03,1697,-77
848.604,00:04,1697,-98
848.99,00:02,1698,-104
849.05,00:03,1698,-77
849.104,00:04,1698,-98
849.491,00:02,1699,-104
849.55,00:03,1699,-77
849.603,00:04,1699,-99
849.99,00:02,1700,-104
850.05,00:03,1700,-77
850.103,00:04,1700,-99
850.492,00:02,1701,-104
850.549,00:03,1701,-77
850.604,00:04,1701,-99
850.991,00:02,1702,-104
851.051,00:03,1702,-77
851.104,00:04,1702,-99
851.49,00:02,1703,-104
851.552,00:03,1703,-77
851.605,00:04,1703,-99
851.992,00:02,1704,-104
852.05,00:03,1704,-77
852.103,00:04,1704,-99
852.491,00:02,1705,-104
852.552,00:03,1705,-77
852.605,00:04,1705,-99
852.993,00:02,1706,-104
853.051,00:03,1706,-77
853.104,00:04,1706,-99
853.491,00:02,1707,-104
853.55,00:03,1707,-77
853.604,00:04,1707,-99
853.992,00:02,1708,-104
854.049,00:03,1708,-77
854.104,00:04,1708,-99
854.49,00:02,1709,-104
854.55,00:03,1709,-77
854.603,00:04,1709,-99
854.992,00:02,1710,-105
855.05,00:03,1710,-77
855.104,00:04,1710,-100
855.491,00:02,1711,-105
855.549,00:03,1711,-77
855.605,00:04,1711,-100
855.991,00:02,1712,-105
856.05,00:03,1712,-77
856.105,00:04,1712,-100
856.491,00:02,1713,-105
856.55,00:03,1713,-77
856.604,00:04,1713,-100
856.992,00:02,1714,-105
857.05,00:03,1714,-77
857.105,00:04,1714,-100
857.49,00:02,1715,-105
857.551,00:03,1715,-77
857.604,00:04,1715,-100
857.992,00:02,1716,-105
858.05,00:03,1716,-77
858.105,00:04,1716,-100
858.49,00:02,1717,-105
858.55,00:03,1717,-77
858.603,00:04,1717,-100
858.992,00:02,1718,-105
859.049,00:03,1718,-77
859.106,00:04,1718,-100
859.491,00:02,1719,-105
859.55,00:03,1719,-78
859.603,00:04,1719,-100
859.992,00:02,1720,-105
860.05,00:03,1720,-78
860.105,00:04,1720,-100
860.492,00:02,1721,-105
860.55,00:03,1721,-78
860.604,00:04,1721,-100
860.99,00:02,1722,-105
861.049,00:03,1722,-78
861.104,00:04,1722,-99
861.491,00:02,1723,-105
861.551,00:03,1723,-78
861.605,00:04,1723,-99
861.991,00:02,1724,-105
862.051,00:03,1724,-79
862.106,00:04,1724,-99
862.492,00:02,1725,-105
862.551,00:03,1725,-79
862.605,00:04,1725,-99
862.99,00:02,1726,-105
863.052,00:03,1726,-79
863.103,00:04,1726,-99
863.493,00:02,1727,-105
863.548,00:03,1727,-79
863.604,00:04,1727,-99
863.99,00:02,1728,-105
864.051,00:03,1728,-79
864.105,00:04,1728,-99
864.49,00:02,1729,-105
864.551,00:03,1729,-79
864.604,00:04,1729,-99
864.99,00:02,1730,-105
865.05,00:03,1730,-79
865.103,00:04,1730,-99
865.492,00:02,1731,-105
865.55,00:03,1731,-79
865.605,00:04,1731,-99
865.993,00:02,1732,-105
866.051,00:03,1732,-79
866.106,00:04,1732,-99
866.491,00:02,1733,-105
866.551,00:03,1733,-79
866.605,00:04,1733,-99
866.991,00:02,1734,-105
867.05,00:03,1734,-79
867.104,00:04,1734,-98
867.492,00:02,1735,-105
867.548,00:03,1735,-79
867.604,00:04,1735,-98
867.991,00:02,1736,-105
868.051,00:03,1736,-79
868.105,00:04,1736,-98
868.493,00:02,1737,-105
868.55,00:03,1737,-79
868.605,00:04,1737,-98
868.991,00:02,1738,-105
869.048,00:03,1738,-79
869.105,00:04,1738,-98
869.491,00:02,1739,-105
869.55,00:03,1739,-79
869.603,00:04,1739,-98
869.99,00:02,1740,-105
870.051,00:03,1740,-79
870.104,00:04,1740,-98
870.491,00:02,1741,-104
870.551,00:03,1741,-79
870.603,00:04,1741,-98
870.992,00:02,1742,-104
871.05,00:03,1742,-79
871.105,00:04,1742,-98
871.493,00:02,1743,-104
871.551,00:03,1743,-79
871.603,00:04,1743,-98
871.99,00:02,1744,-104
872.049,00:03,1744,-79
872.103,00:04,1744,-97
872.49,00:02,1745,-104
872.548,00:03,1745,-79
872.603,00:04,1745,-97
872.991,00:02,1746,-104
873.049,00:03,1746,-79
873.102,00:04,1746,-97
873.491,00:02,1747,-104
873.55,00:03,1747,-79
873.604,00:04,1747,-97
873.991,00:02,1748,-104
874.052,00:03,1748,-79
874.106,00:04,1748,-97
874.492,00:02,1749,-104
874.552,00:03,1749,-79
874.604,00:04,1749,-97
874.991,00:02,1750,-104
875.051,00:03,1750,-79
875.103,00:04,1750,-97
875.492,00:02,1751,-104
875.549,00:03,1751,-79
875.605,00:04,1751,-97
875.99,00:02,1752,-104
876.05,00:03,1752,-79
876.104,00:04,1752,-97
876.491,00:02,1753,-103
876.55,00:03,1753,-79
876.605,00:04,1753,-97
876.992,00:02,1754,-103
877.05,00:03,1754,-83
877.104,00:04,1754,-100
877.49,00:02,1755,-107
877.551,00:03,1755,-84
877.605,00:04,1755,-100
877.991,00:02,1756,-107
878.05,00:03,1756,-84
878.103,00:04,1756,-100
878.491,00:02,1757,-107
878.55,00:03,1757,-84
878.605,00:04,1757,-100
878.993,00:02,1758,-107
879.051,00:03,1758,-84
879.105,00:04,1758,-100
879.551,00:03,1759,-84
879.604,00:04,1759,-100
879.99,00:02,1760,-107
880.049,00:03,1760,-84
880.103,00:04,1760,-100
880.492,00:02,1761,-107
880.551,00:03,1761,-84
880.604,00:04,1761,-100
880.99,00:02,1762,-107
881.049,00:03,1762,-80
881.103,00:04,1762,-96
881.489,00:02,1763,-103
881.549,00:03,1763,-80
881.604,00:04,1763,-96
881.989,00:02,1764,-103
882.051,00:03,1764,-80
882.103,00:04,1764,-95
882.491,00:02,1765,-103
882.552,00:03,1765,-80
882.605,00:04,1765,-95
882.99,00:02,1766,-102
883.05,00:03,1766,-80
883.104,00:04,1766,-95
883.491,00:02,1767,-102
883.548,00:03,1767,-80
883.604,00:04,1767,-95
883.992,00:02,1768,-102
884.049,00:03,1768,-80
884.103,00:04,1768,-95
884.491,00:02,1769,-102
884.551,00:03,1769,-80
884.605,00:04,1769,-95
884.991,00:02,1770,-102
885.051,00:03,1770,-80
885.103,00:04,1770,-95
885.491,00:02,1771,-102
885.551,00:03,1771,-80
885.605,00:04,1771,-95
885.991,00:02,1772,-102
886.051,00:03,1772,-81
886.103,00:04,1772,-95
886.491,00:02,1773,-102
886.549,00:03,1773,-81
886.606,00:04,1773,-95
886.991,00:02,1774,-102
887.049,00:03,1774,-81
887.103,00:04,1774,-95
887.49,00:02,1775,-102
887.551,00:03,1775,-81
887.603,00:04,1775,-94
887.99,00:02,1776,-102
888.05,00:03,1776,-81
888.104,00:04,1776,-94
888.492,00:02,1777,-101
888.55,00:03,1777,-81
888.603,00:04,1777,-94
888.991,00:02,1778,-101
889.051,00:03,1778,-81
889.104,00:04,1778,-94
889.493,00:02,1779,-101
889.551,00:03,1779,-81
889.605,00:04,1779,-94
889.991,00:02,1780,-101
890.05,00:03,1780,-81
890.105,00:04,1780,-94
890.492,00:02,1781,-101
890.55,00:03,1781,-81
890.603,00:04,1781,-94
890.99,00:02,1782,-101
891.048,00:03,1782,-81
891.104,00:04,1782,-94
891.489,00:02,1783,-101
891.551,00:03,1783,-81
891.605,00:04,1783,-94
891.99,00:02,1784,-101
892.05,00:03,1784,-81
892.103,00:04,1784,-94
892.49,00:02,1785,-101
892.548,00:03,1785,-81
892.603,00:04,1785,-94
892.99,00:02,1786,-101
893.05,00:03,1786,-82
893.106,00:04,1786,-94
893.49,00:02,1787,-101
893.551,00:03,1787,-82
893.603,00:04,1787,-94
893.99,00:02,1788,-101
894.051,00:03,1788,-82
894.105,00:04,1788,-93
894.49,00:02,1789,-100
894.549,00:03,1789,-82
894.603,00:04,1789,-93
894.99,00:02,1790,-100
895.049,00:03,1790,-82
895.105,00:04,1790,-93
895.489,00:02,1791,-100
895.55,00:03,1791,-82
895.603,00:04,1791,-93
895.989,00:02,1792,-100
896.049,00:03,1792,-82
896.105,00:04,1792,-93
896.491,00:02,1793,-100
896.55,00:03,1793,-82
896.603,00:04,1793,-93
896.992,00:02,1794,-100
897.049,00:03,1794,-82
897.105,00:04,1794,-93
897.491,00:02,1795,-100
897.55,00:03,1795,-82
897.605,00:04,1795,-93
897.991,00:02,1796,-100
898.05,00:03,1796,-82
898.106,00:04,1796,-93
898.49,00:02,1797,-100
898.55,00:03,1797,-82
898.606,00:04,1797,-93
898.991,00:02,1798,-100
899.048,00:03,1798,-83
899.106,00:04,1798,-93
899.492,00:02,1799,-100
899.551,00:03,1799,-83
899.604,00:04,1799,-93
899.991,00:02,1800,-99
900.049,00:03,1800,-83
900.105,00:04,1800,-93
900.491,00:02,1801,-99
900.549,00:03,1801,-83
900.602,00:04,1801,-93
900.991,00:02,1802,-99
901.05,00:03,1802,-83
901.103,00:04,1802,-93
901.492,00:02,1803,-99
901.552,00:03,1803,-83
901.604,00:04,1803,-93
901.992,00:02,1804,-99
902.05,00:03,1804,-83
902.103,00:04,1804,-93
902.49,00:02,1805,-99
902.551,00:03,1805,-83
902.605,00:04,1805,-93
902.989,00:02,1806,-99
903.049,00:03,1806,-83
903.104,00:04,1806,-93
903.491,00:02,1807,-99
903.549,00:03,1807,-83
903.604,00:04,1807,-93
903.989,00:02,1808,-99
904.05,00:03,1808,-83
904.106,00:04,1808,-93
904.49,00:02,1809,-99
904.549,00:03,1809,-84
904.603,00:04,1809,-93
904.991,00:02,1810,-99
905.05,00:03,1810,-84
905.104,00:04,1810,-93
905.49,00:02,1811,-98
905.55,00:03,1811,-84
905.606,00:04,1811,-93
905.991,00:02,1812,-98
906.05,00:03,1812,-84
906.105,00:04,1812,-93
906.492,00:02,1813,-98
906.55,00:03,1813,-84
906.604,00:04,1813,-92
906.991,00:02,1814,-98
907.05,00:03,1814,-84
907.102,00:04,1814,-92
907.491,00:02,1815,-98
907.551,00:03,1815,-84
907.603,00:04,1815,-92
907.99,00:02,1816,-98
908.049,00:03,1816,-84
908.106,00:04,1816,-92
908.491,00:02,1817,-98
908.548,00:03,1817,-84
908.604,00:04,1817,-92
908.991,00:02,1818,-98
909.049,00:03,1818,-84
909.105,00:04,1818,-92
909.491,00:02,1819,-98
909.551,00:03,1819,-84
909.605,00:04,1819,-92
909.99,00:02,1820,-98
910.051,00:03,1820,-85
910.106,00:04,1820,-92
910.491,00:02,1821,-98
910.55,00:03,1821,-85
910.605,00:04,1821,-92
910.991,00:02,1822,-97
911.05,00:03,1822,-85
911.103,00:04,1822,-92
911.49,00:02,1823,-97
911.549,00:03,1823,-85
911.604,00:04,1823,-92
911.99,00:02,1824,-97
912.05,00:03,1824,-85
912.104,00:04,1824,-93
912.489,00:02,1825,-97
912.55,00:03,1825,-85
912.603,00:04,1825,-93
912.991,00:02,1826,-97
913.049,00:03,1826,-85
913.105,00:04,1826,-93
913.489,00:02,1827,-97
913.549,00:03,1827,-85
913.604,00:04,1827,-93
913.99,00:02,1828,-97
914.05,00:03,1828,-85
914.103,00:04,1828,-93
914.492,00:02,1829,-97
914.549,00:03,1829,-85
914.604,00:04,1829,-93
914.989,00:02,1830,-97
915.049,00:03,1830,-85
915.105,00:04,1830,-93
915.49,00:02,1831,-97
915.551,00:03,1831,-86
915.605,00:04,1831,-93
915.99,00:02,1832,-97
916.05,00:03,1832,-86
916.105,00:04,1832,-93
916.491,00:02,1833,-96
916.55,00:03,1833,-86
916.604,00:04,1833,-93
916.991,00:02,1834,-96
917.051,00:03,1834,-86
917.104,00:04,1834,-93
917.491,00:02,1835,-96
917.552,00:03,1835,-86
917.604,00:04,1835,-93
917.991,00:02,1836,-96
918.05,00:03,1836,-86
918.105,00:04,1836,-93
918.49,00:02,1837,-96
918.55,00:03,1837,-86
918.605,00:04,1837,-93
918.99,00:02,1838,-96
919.049,00:03,1838,-86
919.103,00:04,1838,-93
919.491,00:02,1839,-96
919.55,00:03,1839,-86
919.604,00:04,1839,-93
919.989,00:02,1840,-96
920.05,00:03,1840,-86
920.105,00:04,1840,-93
920.49,00:02,1841,-96
920.549,00:03,1841,-86
920.605,00:04,1841,-93
920.99,00:02,1842,-96
921.048,00:03,1842,-86
921.104,00:04,1842,-93
921.49,00:02,1843,-96
921.549,00:03,1843,-87
921.602,00:04,1843,-93
921.99,00:02,1844,-96
922.051,00:03,1844,-87
922.104,00:04,1844,-93
922.489,00:02,1845,-95
922.55,00:03,1845,-87
922.604,00:04,1845,-93
922.989,00:02,1846,-95
923.05,00:03,1846,-87
923.103,00:04,1846,-93
923.49,00:02,1847,-95
923.549,00:03,1847,-87
923.603,00:04,1847,-93
923.991,00:02,1848,-95
924.05,00:03,1848,-87
924.104,00:04,1848,-94
924.491,00:02,1849,-95
924.55,00:03,1849,-87
924.604,00:04,1849,-94
924.991,00:02,1850,-95
925.049,00:03,1850,-87
925.103,00:04,1850,-94
925.491,00:02,1851,-95
925.551,00:03,1851,-87
925.605,00:04,1851,-94
925.991,00:02,1852,-95
926.049,00:03,1852,-87
926.103,00:04,1852,-94
926.49,00:02,1853,-95
926.55,00:03,1853,-87
926.605,00:04,1853,-94
926.99,00:02,1854,-95
927.051,00:03,1854,-88
927.106,00:04,1854,-94
927.489,00:02,1855,-95
927.55,00:03,1855,-88
927.604,00:04,1855,-94
927.991,00:02,1856,-95
928.048,00:03,1856,-88
928.104,00:04,1856,-94
928.49,00:02,1857,-95
928.55,00:03,1857,-88
928.603,00:04,1857,-94
928.99,00:02,1858,-94
929.049,00:03,1858,-88
929.106,00:04,1858,-94
929.488,00:02,1859,-94
929.548,00:03,1859,-88
929.603,00:04,1859,-94
929.991,00:02,1860,-94
930.049,00:03,1860,-88
930.103,00:04,1860,-94
930.491,00:02,1861,-94
930.548,00:03,1861,-88
930.605,00:04,1861,-94
930.988,00:02,1862,-94
931.049,00:03,1862,-88
931.105,00:04,1862,-95
931.489,00:02,1863,-94
931.55,00:03,1863,-88
931.605,00:04,1863,-95
931.99,00:02,1864,-94
932.051,00:03,1864,-88
932.106,00:04,1864,-95
932.488,00:02,1865,-94
932.55,00:03,1865,-88
932.605,00:04,1865,-95
932.991,00:02,1866,-94
933.05,00:03,1866,-89
933.105,00:04,1866,-95
933.489,00:02,1867,-94
933.55,00:03,1867,-89
933.605,00:04,1867,-95
933.99,00:02,1868,-94
934.05,00:03,1868,-89
934.103,00:04,1868,-95
934.49,00:02,1869,-94
934.55,00:03,1869,-89
934.604,00:04,1869,-95
934.991,00:02,1870,-94
935.051,00:03,1870,-89
935.105,00:04,1870,-95
935.489,00:02,1871,-94
935.548,00:03,1871,-89
935.604,00:04,1871,-95
935.99,00:02,1872,-94
936.049,00:03,1872,-89
936.106,00:04,1872,-95
936.49,00:02,1873,-93
936.55,00:03,1873,-89
936.603,00:04,1873,-96
936.991,00:02,1874,-93
937.05,00:03,1874,-93
937.104,00:04,1874,-100
937.488,00:02,1875,-97
937.552,00:03,1875,-93
937.603,00:04,1875,-100
937.99,00:02,1876,-97
938.05,00:03,1876,-93
938.104,00:04,1876,-100
938.49,00:02,1877,-97
938.549,00:03,1877,-93
938.604,00:04,1877,-100
938.989,00:02,1878,-97
939.05,00:03,1878,-94
939.105,00:04,1878,-100
939.49,00:02,1879,-97
939.551,00:03,1879,-94
939.602,00:04,1879,-100
939.991,00:02,1880,-97
940.049,00:03,1880,-94
940.105,00:04,1880,-100
940.49,00:02,1881,-97
940.55,00:03,1881,-94
940.604,00:04,1881,-100
940.99,00:02,1882,-97
941.051,00:03,1882,-90
941.103,00:04,1882,-96
941.489,00:02,1883,-93
941.549,00:03,1883,-90
941.606,00:04,1883,-97
941.99,00:02,1884,-93
942.05,00:03,1884,-90
942.105,00:04,1884,-97
942.489,00:02,1885,-93
942.55,00:03,1885,-90
942.604,00:04,1885,-97
942.991,00:02,1886,-93
943.05,00:03,1886,-90
943.105,00:04,1886,-97
943.489,00:02,1887,-93
943.549,00:03,1887,-90
943.603,00:04,1887,-97
943.989,00:02,1888,-93
944.051,00:03,1888,-90
944.102,00:04,1888,-97
944.49,00:02,1889,-93
944.549,00:03,1889,-90
944.605,00:04,1889,-97
944.99,00:02,1890,-93
945.051,00:03,1890,-91
945.104,00:04,1890,-97
945.489,00:02,1891,-93
945.549,00:03,1891,-91
945.604,00:04,1891,-97
945.99,00:02,1892,-93
946.049,00:03,1892,-91
946.103,00:04,1892,-97
946.49,00:02,1893,-93
946.55,00:03,1893,-91
946.604,00:04,1893,-98
946.991,00:02,1894,-93
947.05,00:03,1894,-91
947.105,00:04,1894,-98
947.491,00:02,1895,-93
947.55,00:03,1895,-91
947.605,00:04,1895,-98
947.99,00:02,1896,-92
948.049,00:03,1896,-91
948.103,00:04,1896,-98
948.49,00:02,1897,-92
948.548,00:03,1897,-91
948.604,00:04,1897,-98
948.988,00:02,1898,-92
949.048,00:03,1898,-91
949.105,00:04,1898,-98
949.489,00:02,1899,-92
949.551,00:03,1899,-91
949.604,00:04,1899,-98
949.989,00:02,1900,-92
950.049,00:03,1900,-91
950.105,00:04,1900,-98
950.49,00:02,1901,-92
950.55,00:03,1901,-91
950.605,00:04,1901,-98
950.99,00:02,1902,-92
951.05,00:03,1902,-91
951.103,00:04,1902,-98
951.489,00:02,1903,-92
951.549,00:03,1903,-92
951.603,00:04,1903,-99
951.99,00:02,1904,-92
952.049,00:03,1904,-92
952.105,00:04,1904,-99
952.49,00:02,1905,-92
952.549,00:03,1905,-92
952.604,00:04,1905,-99
952.99,00:02,1906,-92
953.048,00:03,1906,-92
953.105,00:04,1906,-99
953.489,00:02,1907,-92
953.548,00:03,1907,-92
953.605,00:04,1907,-99
953.989,00:02,1908,-92
954.048,00:03,1908,-92
954.106,00:04,1908,-99
954.489,00:02,1909,-93
954.551,00:03,1909,-92
954.605,00:04,1909,-99
954.99,00:02,1910,-93
955.051,00:03,1910,-92
955.103,00:04,1910,-99
955.49,00:02,1911,-93
955.55,00:03,1911,-92
955.602,00:04,1911,-99
955.989,00:02,1912,-93
956.049,00:03,1912,-92
956.106,00:04,1912,-99
956.491,00:02,1913,-93
956.549,00:03,1913,-92
956.605,00:04,1913,-99
956.991,00:02,1914,-93
957.05,00:03,1914,-92
957.105,00:04,1914,-98
957.49,00:02,1915,-94
957.55,00:03,1915,-92
957.604,00:04,1915,-98
957.989,00:02,1916,-94
958.049,00:03,1916,-92
958.105,00:04,1916,-98
958.488,00:02,1917,-94
958.549,00:03,1917,-92
958.605,00:04,1917,-98
958.989,00:02,1918,-94
959.051,00:03,1918,-92
959.105,00:04,1918,-98
959.489,00:02,1919,-94
959.55,00:03,1919,-92
959.606,00:04,1919,-98
959.989,00:02,1920,-94
960.05,00:03,1920,-92
960.104,00:04,1920,-98
960.489,00:02,1921,-94
960.55,00:03,1921,-92
960.604,00:04,1921,-98
960.988,00:02,1922,-94
961.05,00:03,1922,-92
961.105,00:04,1922,-98
961.489,00:02,1923,-94
961.55,00:03,1923,-92
961.603,00:04,1923,-98
961.989,00:02,1924,-94
962.049,00:03,1924,-92
962.103,00:04,1924,-98
962.489,00:02,1925,-94
962.549,00:03,1925,-92
962.605,00:04,1925,-98
962.989,00:02,1926,-94
963.049,00:03,1926,-92
963.102,00:04,1926,-97
963.489,00:02,1927,-94
963.549,00:03,1927,-92
963.604,00:04,1927,-97
963.99,00:02,1928,-94
964.048,00:03,1928,-92
964.105,00:04,1928,-97
964.488,00:02,1929,-94
964.55,00:03,1929,-92
964.605,00:04,1929,-97
964.988,00:02,1930,-94
965.049,00:03,1930,-92
965.105,00:04,1930,-97
965.489,00:02,1931,-94
965.55,00:03,1931,-92
965.604,00:04,1931,-97
965.988,00:02,1932,-94
966.05,00:03,1932,-91
966.102,00:04,1932,-97
966.489,00:02,1933,-94
966.55,00:03,1933,-91
966.604,00:04,1933,-97
966.988,00:02,1934,-94
967.049,00:03,1934,-91
967.104,00:04,1934,-96
967.49,00:02,1935,-94
967.549,00:03,1935,-91
967.605,00:04,1935,-96
967.99,00:02,1936,-94
968.049,00:03,1936,-91
968.105,00:04,1936,-96
968.488,00:02,1937,-94
968.55,00:03,1937,-91
968.604,00:04,1937,-96
968.99,00:02,1938,-94
969.05,00:03,1938,-91
969.104,00:04,1938,-96
969.491,00:02,1939,-94
969.551,00:03,1939,-91
969.602,00:04,1939,-96
969.989,00:02,1940,-94
970.049,00:03,1940,-91
970.103,00:04,1940,-96
970.489,00:02,1941,-94
970.548,00:03,1941,-91
970.604,00:04,1941,-96
970.989,00:02,1942,-94
971.048,00:03,1942,-91
971.104,00:04,1942,-96
971.488,00:02,1943,-94
971.548,00:03,1943,-91
971.603,00:04,1943,-95
971.988,00:02,1944,-95
972.048,00:03,1944,-91
972.105,00:04,1944,-95
972.489,00:02,1945,-95
972.549,00:03,1945,-90
972.604,00:04,1945,-95
972.989,00:02,1946,-95
973.05,00:03,1946,-94
973.104,00:04,1946,-99
973.491,00:02,1947,-99
973.55,00:03,1947,-94
973.603,00:04,1947,-99
973.99,00:02,1948,-99
974.05,00:03,1948,-94
974.104,00:04,1948,-99
974.491,00:02,1949,-99
974.55,00:03,1949,-94
974.605,00:04,1949,-99
974.989,00:02,1950,-99
975.048,00:03,1950,-94
975.102,00:04,1950,-99
975.49,00:02,1951,-99
975.55,00:03,1951,-94
975.604,00:04,1951,-99
975.989,00:02,1952,-99
976.051,00:03,1952,-94
976.104,00:04,1952,-98
976.489,00:02,1953,-99
976.548,00:03,1953,-94
976.604,00:04,1953,-98
976.991,00:02,1954,-99
977.049,00:03,1954,-90
977.105,00:04,1954,-94
977.49,00:02,1955,-95
977.551,00:03,1955,-90
977.605,00:04,1955,-94
977.99,00:02,1956,-95
978.049,00:03,1956,-90
978.104,00:04,1956,-94
978.491,00:02,1957,-95
978.551,00:03,1957,-90
978.605,00:04,1957,-94
978.991,00:02,1958,-95
979.048,00:03,1958,-89
979.104,00:04,1958,-94
979.491,00:02,1959,-95
979.55,00:03,1959,-89
979.604,00:04,1959,-94
979.989,00:02,1960,-95
980.048,00:03,1960,-89
980.103,00:04,1960,-93
980.487,00:02,1961,-95
980.55,00:03,1961,-89
980.606,00:04,1961,-93
980.988,00:02,1962,-95
981.051,00:03,1962,-89
981.102,00:04,1962,-93
981.488,00:02,1963,-95
981.55,00:03,1963,-89
981.603,00:04,1963,-93
981.989,00:02,1964,-95
982.047,00:03,1964,-89
982.104,00:04,1964,-93
982.489,00:02,1965,-96
982.55,00:03,1965,-89
982.604,00:04,1965,-93
982.991,00:02,1966,-96
983.047,00:03,1966,-89
983.103,00:04,1966,-93
983.491,00:02,1967,-96
983.549,00:03,1967,-89
983.605,00:04,1967,-93
983.99,00:02,1968,-96
984.048,00:03,1968,-89
984.103,00:04,1968,-93
984.49,00:02,1969,-96
984.55,00:03,1969,-89
984.603,00:04,1969,-93
984.987,00:02,1970,-96
985.05,00:03,1970,-89
985.104,00:04,1970,-92
985.489,00:02,1971,-96
985.551,00:03,1971,-88
985.604,00:04,1971,-92
985.99,00:02,1972,-96
986.048,00:03,1972,-88
986.104,00:04,1972,-92
986.49,00:02,1973,-96
986.551,00:03,1973,-88
986.605,00:04,1973,-92
986.99,00:02,1974,-96
987.049,00:03,1974,-88
987.105,00:04,1974,-92
987.489,00:02,1975,-96
987.548,00:03,1975,-88
987.604,00:04,1975,-92
987.989,00:02,1976,-96
988.05,00:03,1976,-88
988.103,00:04,1976,-92
988.488,00:02,1977,-96
988.551,00:03,1977,-88
988.603,00:04,1977,-92
988.99,00:02,1978,-96
989.048,00:03,1978,-88
989.102,00:04,1978,-92
989.488,00:02,1979,-96
989.548,00:03,1979,-88
989.602,00:04,1979,-92
989.988,00:02,1980,-96
990.049,00:03,1980,-88
990.106,00:04,1980,-92
990.489,00:02,1981,-97
990.549,00:03,1981,-88
990.603,00:04,1981,-91
990.988,00:02,1982,-97
991.051,00:03,1982,-88
991.103,00:04,1982,-91
991.489,00:02,1983,-97
991.551,00:03,1983,-87
991.604,00:04,1983,-91
991.989,00:02,1984,-97
992.049,00:03,1984,-87
992.103,00:04,1984,-91
992.49,00:02,1985,-97
992.549,00:03,1985,-87
992.603,00:04,1985,-91
992.99,00:02,1986,-97
993.051,00:03,1986,-87
993.102,00:04,1986,-91
993.488,00:02,1987,-97
993.55,00:03,1987,-87
993.606,00:04,1987,-91
993.989,00:02,1988,-97
994.051,00:03,1988,-87
994.104,00:04,1988,-91
994.49,00:02,1989,-97
994.551,00:03,1989,-87
994.605,00:04,1989,-91
994.99,00:02,1990,-97
995.05,00:03,1990,-87
995.103,00:04,1990,-91
995.491,00:02,1991,-97
995.551,00:03,1991,-87
995.604,00:04,1991,-91
995.99,00:02,1992,-97
996.049,00:03,1992,-87
996.104,00:04,1992,-91
996.488,00:02,1993,-97
996.548,00:03,1993,-87
996.603,00:04,1993,-91
996.987,00:02,1994,-98
997.048,00:03,1994,-87
997.105,00:04,1994,-91
997.489,00:02,1995,-98
997.55,00:03,1995,-86
997.604,00:04,1995,-91
997.989,00:02,1996,-98
998.048,00:03,1996,-86
998.104,00:04,1996,-91
998.489,00:02,1997,-98
998.549,00:03,1997,-86
998.604,00:04,1997,-91
998.989,00:02,1998,-98
999.05,00:03,1998,-86
999.104,00:04,1998,-90
999.489,00:02,1999,-98
999.549,00:03,1999,-86
999.603,00:04,1999,-90
999.989,00:02,2000,-98
1000.05,00:03,2000,-86
1000.1,00:04,2000,-90
1000.49,00:02,2001,-98
1000.55,00:03,2001,-86
1000.6,00:04,2001,-90
1000.99,00:02,2002,-98
1001.05,00:03,2002,-86
1001.1,00:04,2002,-90
1001.49,00:02,2003,-98
1001.55,00:03,2003,-86
1001.61,00:04,2003,-90
1001.99,00:02,2004,-98
1002.05,00:03,2004,-86
1002.11,00:04,2004,-90
1002.49,00:02,2005,-98
1002.55,00:03,2005,-86
1002.6,00:04,2005,-90
1002.99,00:02,2006,-98
1003.05,00:03,2006,-86
1003.1,00:04,2006,-90
1003.49,00:02,2007,-99
1003.55,00:03,2007,-86
1003.6,00:04,2007,-90
1003.99,00:02,2008,-99
1004.05,00:03,2008,-85
1004.1,00:04,2008,-90
1004.49,00:02,2009,-99
1004.55,00:03,2009,-85
1004.6,00:04,2009,-90
1004.99,00:02,2010,-99
1005.05,00:03,2010,-85
1005.11,00:04,2010,-90
1005.49,00:02,2011,-99
1005.55,00:03,2011,-85
1005.6,00:04,2011,-90
1005.99,00:02,2012,-99
1006.05,00:03,2012,-85
1006.1,00:04,2012,-90
1006.49,00:02,2013,-99
1006.55,00:03,2013,-85
1006.6,00:04,2013,-90
1006.99,00:02,2014,-99
1007.05,00:03,2014,-85
1007.11,00:04,2014,-90
1007.49,00:02,2015,-99
1007.55,00:03,2015,-85
1007.6,00:04,2015,-90
1007.99,00:02,2016,-99
1008.05,00:03,2016,-85
1008.1,00:04,2016,-90
1008.49,00:02,2017,-99
1008.55,00:03,2017,-85
1008.61,00:04,2017,-90
1008.99,00:02,2018,-99
1009.05,00:03,2018,-85
1009.1,00:04,2018,-90
1009.49,00:02,2019,-100
1009.55,00:03,2019,-85
1009.6,00:04,2019,-90
1009.99,00:02,2020,-100
1010.05,00:03,2020,-84
1010.1,00:04,2020,-90
1010.49,00:02,2021,-100
1010.55,00:03,2021,-84
1010.6,00:04,2021,-90
1010.99,00:02,2022,-100
1011.05,00:03,2022,-84
1011.1,00:04,2022,-90
1011.49,00:02,2023,-100
1011.55,00:03,2023,-84
1011.6,00:04,2023,-91
1011.99,00:02,2024,-100
1012.05,00:03,2024,-84
1012.1,00:04,2024,-91
1012.49,00:02,2025,-100
1012.55,00:03,2025,-84
1012.6,00:04,2025,-91
1012.99,00:02,2026,-100
1013.05,00:03,2026,-84
1013.1,00:04,2026,-91
1013.49,00:02,2027,-100
1013.55,00:03,2027,-84
1013.6,00:04,2027,-91
1013.99,00:02,2028,-100
1014.05,00:03,2028,-84
1014.11,00:04,2028,-91
1014.49,00:02,2029,-100
1014.55,00:03,2029,-84
1014.6,00:04,2029,-91
1014.99,00:02,2030,-100
1015.05,00:03,2030,-84
1015.1,00:04,2030,-91
1015.49,00:02,2031,-100
1015.55,00:03,2031,-84
1015.6,00:04,2031,-91
1015.99,00:02,2032,-101
1016.05,00:03,2032,-84
1016.1,00:04,2032,-91
1016.49,00:02,2033,-101
1016.55,00:03,2033,-83
1016.6,00:04,2033,-91
1016.99,00:02,2034,-101
1017.05,00:03,2034,-83
1017.1,00:04,2034,-91
1017.49,00:02,2035,-101
1017.55,00:03,2035,-83
1017.6,00:04,2035,-91
1017.99,00:02,2036,-101
1018.05,00:03,2036,-83
1018.1,00:04,2036,-91
1018.49,00:02,2037,-101
1018.55,00:03,2037,-83
1018.6,00:04,2037,-91
1018.99,00:02,2038,-101
1019.05,00:03,2038,-83
1019.1,00:04,2038,-91
1019.49,00:02,2039,-101
1019.55,00:03,2039,-83
1019.6,00:04,2039,-92
1019.99,00:02,2040,-101
1020.05,00:03,2040,-83
1020.1,00:04,2040,-92
1020.49,00:02,2041,-101
1020.55,00:03,2041,-83
1020.6,00:04,2041,-92
1020.99,00:02,2042,-101
1021.05,00:03,2042,-83
1021.1,00:04,2042,-92
1021.49,00:02,2043,-101
1021.55,00:03,2043,-83
1021.6,00:04,2043,-92
1021.99,00:02,2044,-102
1022.05,00:03,2044,-83
1022.1,00:04,2044,-92
1022.49,00:02,2045,-102
1022.55,00:03,2045,-83
1022.6,00:04,2045,-92
1022.99,00:02,2046,-102
1023.05,00:03,2046,-83
1023.1,00:04,2046,-92
1023.49,00:02,2047,-102
1023.55,00:03,2047,-82
1023.6,00:04,2047,-92
1023.99,00:02,2048,-102
1024.05,00:03,2048,-82
1024.1,00:04,2048,-92
1024.49,00:02,2049,-102
1024.55,00:03,2049,-82
1024.6,00:04,2049,-92
1024.99,00:02,2050,-102
1025.05,00:03,2050,-82
1025.1,00:04,2050,-93
1025.49,00:02,2051,-102
1025.55,00:03,2051,-82
1025.6,00:04,2051,-93
1025.99,00:02,2052,-102
1026.05,00:03,2052,-82
1026.1,00:04,2052,-93
1026.49,00:02,2053,-102
1026.55,00:03,2053,-82
1026.61,00:04,2053,-93
1026.99,00:02,2054,-102
1027.05,00:03,2054,-82
1027.1,00:04,2054,-93
1027.49,00:02,2055,-102
1027.55,00:03,2055,-82
1027.6,00:04,2055,-93
1027.99,00:02,2056,-103
1028.05,00:03,2056,-82
1028.1,00:04,2056,-93
1028.49,00:02,2057,-103
1028.55,00:03,2057,-82
1028.61,00:04,2057,-93
1028.99,00:02,2058,-103
1029.05,00:03,2058,-82
1029.1,00:04,2058,-93
1029.49,00:02,2059,-103
1029.55,00:03,2059,-82
1029.6,00:04,2059,-93
1029.99,00:02,2060,-103
1030.05,00:03,2060,-82
1030.11,00:04,2060,-94
1030.49,00:02,2061,-103
1030.55,00:03,2061,-82
1030.6,00:04,2061,-94
1030.99,00:02,2062,-103
1031.05,00:03,2062,-82
1031.11,00:04,2062,-94
1031.49,00:02,2063,-103
1031.55,00:03,2063,-82
1031.61,00:04,2063,-94
1031.99,00:02,2064,-103
1032.05,00:03,2064,-82
1032.1,00:04,2064,-94
1032.49,00:02,2065,-103
1032.55,00:03,2065,-81
1032.6,00:04,2065,-94
1032.99,00:02,2066,-103
1033.05,00:03,2066,-85
1033.1,00:04,2066,-98
1033.49,00:02,2067,-107
1033.55,00:03,2067,-85
1033.61,00:04,2067,-98
1033.99,00:02,2068,-107
1034.05,00:03,2068,-85
1034.1,00:04,2068,-98
1034.55,00:03,2069,-85
1034.6,00:04,2069,-99
1034.99,00:02,2070,-108
1035.05,00:03,2070,-85
1035.1,00:04,2070,-99
1035.49,00:02,2071,-108
1035.55,00:03,2071,-85
1035.6,00:04,2071,-99
1035.99,00:02,2072,-108
1036.05,00:03,2072,-85
1036.1,00:04,2072,-99
1036.49,00:02,2073,-108
1036.55,00:03,2073,-85
1036.6,00:04,2073,-99
1037.05,00:03,2074,-81
1037.1,00:04,2074,-95
1037.49,00:02,2075,-104
1037.55,00:03,2075,-81
1037.6,00:04,2075,-95
1037.99,00:02,2076,-104
1038.05,00:03,2076,-81
1038.1,00:04,2076,-95
1038.49,00:02,2077,-104
1038.55,00:03,2077,-81
1038.6,00:04,2077,-95
1038.99,00:02,2078,-104
1039.05,00:03,2078,-81
1039.1,00:04,2078,-96
1039.49,00:02,2079,-104
1039.55,00:03,2079,-81
1039.6,00:04,2079,-96
1039.99,00:02,2080,-104
1040.05,00:03,2080,-81
1040.1,00:04,2080,-96
1040.49,00:02,2081,-104
1040.55,00:03,2081,-81
1040.6,00:04,2081,-96
1040.99,00:02,2082,-105
1041.05,00:03,2082,-81
1041.1,00:04,2082,-96
1041.49,00:02,2083,-105
1041.55,00:03,2083,-81
1041.6,00:04,2083,-96
1041.99,00:02,2084,-105
1042.05,00:03,2084,-81
1042.1,00:04,2084,-96
1042.49,00:02,2085,-105
1042.55,00:03,2085,-81
1042.6,00:04,2085,-96
1042.99,00:02,2086,-105
1043.05,00:03,2086,-81
1043.1,00:04,2086,-97
1043.49,00:02,2087,-105
1043.55,00:03,2087,-81
1043.6,00:04,2087,-97
1043.99,00:02,2088,-105
1044.05,00:03,2088,-81
1044.1,00:04,2088,-97
1044.49,00:02,2089,-105
1044.55,00:03,2089,-81
1044.6,00:04,2089,-97
1044.99,00:02,2090,-105
1045.05,00:03,2090,-81
1045.1,00:04,2090,-97
1045.49,00:02,2091,-105
1045.55,00:03,2091,-81
1045.6,00:04,2091,-97
1045.99,00:02,2092,-105
1046.05,00:03,2092,-81
1046.1,00:04,2092,-97
1046.49,00:02,2093,-105
1046.55,00:03,2093,-81
1046.6,00:04,2093,-97
1046.99,00:02,2094,-105
1047.05,00:03,2094,-81
1047.1,00:04,2094,-97
1047.49,00:02,2095,-105
1047.55,00:03,2095,-81
1047.6,00:04,2095,-98
1047.99,00:02,2096,-106
1048.05,00:03,2096,-81
1048.1,00:04,2096,-98
1048.49,00:02,2097,-106
1048.55,00:03,2097,-81
1048.6,00:04,2097,-98
1048.99,00:02,2098,-106
1049.05,00:03,2098,-81
1049.1,00:04,2098,-98
1049.49,00:02,2099,-106
1049.55,00:03,2099,-81
1049.61,00:04,2099,-98
1049.99,00:02,2100,-106
1050.05,00:03,2100,-81
1050.1,00:04,2100,-98
1050.49,00:02,2101,-106
1050.55,00:03,2101,-81
1050.6,00:04,2101,-98
1050.99,00:02,2102,-106
1051.05,00:03,2102,-81
1051.1,00:04,2102,-98
1051.49,00:02,2103,-106
1051.55,00:03,2103,-81
1051.6,00:04,2103,-98
1051.99,00:02,2104,-106
1052.05,00:03,2104,-81
1052.1,00:04,2104,-98
1052.49,00:02,2105,-106
1052.55,00:03,2105,-81
1052.6,00:04,2105,-98
1052.99,00:02,2106,-106
1053.05,00:03,2106,-82
1053.1,00:04,2106,-98
1053.49,00:02,2107,-106
1053.55,00:03,2107,-82
1053.6,00:04,2107,-97
1054.05,00:03,2108,-82
1054.1,00:04,2108,-97
1054.49,00:02,2109,-106
1054.55,00:03,2109,-82
1054.6,00:04,2109,-97
1054.99,00:02,2110,-106
1055.05,00:03,2110,-82
1055.1,00:04,2110,-97
1055.49,00:02,2111,-106
1055.55,00:03,2111,-82
1055.61,00:04,2111,-97
1055.99,00:02,2112,-106
1056.05,00:03,2112,-82
1056.11,00:04,2112,-97
1056.49,00:02,2113,-106
1056.55,00:03,2113,-82
1056.6,00:04,2113,-97
1056.99,00:02,2114,-106
1057.05,00:03,2114,-82
1057.1,00:04,2114,-97
1057.49,00:02,2115,-106
1057.55,00:03,2115,-82
1057.6,00:04,2115,-97
1057.99,00:02,2116,-106
1058.05,00:03,2116,-82
1058.1,00:04,2116,-97
1058.49,00:02,2117,-106
1058.55,00:03,2117,-82
1058.6,00:04,2117,-97
1058.99,00:02,2118,-106
1059.05,00:03,2118,-82
1059.11,00:04,2118,-96
1059.49,00:02,2119,-106
1059.55,00:03,2119,-82
1059.6,00:04,2119,-96
1059.99,00:02,2120,-106
1060.05,00:03,2120,-82
1060.1,00:04,2120,-96
1060.49,00:02,2121,-106
1060.55,00:03,2121,-82
1060.6,00:04,2121,-96
1060.99,00:02,2122,-106
1061.05,00:03,2122,-82
1061.1,00:04,2122,-96
1061.49,00:02,2123,-106
1061.55,00:03,2123,-82
1061.6,00:04,2123,-96
1061.99,00:02,2124,-105
1062.05,00:03,2124,-82
1062.1,00:04,2124,-96
1062.49,00:02,2125,-105
1062.55,00:03,2125,-82
1062.6,00:04,2125,-95
1062.99,00:02,2126,-105
1063.05,00:03,2126,-82
1063.1,00:04,2126,-95
1063.49,00:02,2127,-105
1063.55,00:03,2127,-82
1063.6,00:04,2127,-95
1063.99,00:02,2128,-105
1064.05,00:03,2128,-82
1064.1,00:04,2128,-95
1064.49,00:02,2129,-105
1064.55,00:03,2129,-82
1064.6,00:04,2129,-95
1064.99,00:02,2130,-105
1065.05,00:03,2130,-82
1065.1,00:04,2130,-95
1065.49,00:02,2131,-105
1065.55,00:03,2131,-82
1065.6,00:04,2131,-95
1065.99,00:02,2132,-105
1066.05,00:03,2132,-82
1066.1,00:04,2132,-95
1066.49,00:02,2133,-105
1066.55,00:03,2133,-82
1066.6,00:04,2133,-94
1066.99,00:02,2134,-105
1067.05,00:03,2134,-82
1067.1,00:04,2134,-94
1067.49,00:02,2135,-105
1067.55,00:03,2135,-82
1067.6,00:04,2135,-94
1067.99,00:02,2136,-105
1068.05,00:03,2136,-82
1068.1,00:04,2136,-94
1068.49,00:02,2137,-105
1068.55,00:03,2137,-83
1068.6,00:04,2137,-94
1068.99,00:02,2138,-104
1069.05,00:03,2138,-87
1069.1,00:04,2138,-98
1069.49,00:02,2139,-108
1069.55,00:03,2139,-87
1069.6,00:04,2139,-98
1069.99,00:02,2140,-108
1070.05,00:03,2140,-87
1070.11,00:04,2140,-97
1070.55,00:03,2141,-87
1070.6,00:04,2141,-97
1071.05,00:03,2142,-87
1071.1,00:04,2142,-97
1071.49,00:02,2143,-108
1071.55,00:03,2143,-87
1071.6,00:04,2143,-97
1071.99,00:02,2144,-108
1072.05,00:03,2144,-87
1072.1,00:04,2144,-97
1072.49,00:02,2145,-108
1072.55,00:03,2145,-87
1072.61,00:04,2145,-97
1072.99,00:02,2146,-108
1073.05,00:03,2146,-83
1073.1,00:04,2146,-93
1073.49,00:02,2147,-104
1073.55,00:03,2147,-83
1073.61,00:04,2147,-93
1073.99,00:02,2148,-104
1074.05,00:03,2148,-83
1074.1,00:04,2148,-92
1074.49,00:02,2149,-104
1074.55,00:03,2149,-83
1074.6,00:04,2149,-92
1074.99,00:02,2150,-104
1075.05,00:03,2150,-83
1075.1,00:04,2150,-92
1075.49,00:02,2151,-104
1075.55,00:03,2151,-83
1075.6,00:04,2151,-92
1075.99,00:02,2152,-103
1076.05,00:03,2152,-83
1076.1,00:04,2152,-92
1076.49,00:02,2153,-103
1076.55,00:03,2153,-83
1076.6,00:04,2153,-92
1076.99,00:02,2154,-103
1077.05,00:03,2154,-83
1077.11,00:04,2154,-92
1077.49,00:02,2155,-103
1077.55,00:03,2155,-83
1077.6,00:04,2155,-91
1077.99,00:02,2156,-103
1078.05,00:03,2156,-83
1078.1,00:04,2156,-91
1078.49,00:02,2157,-103
1078.55,00:03,2157,-83
1078.6,00:04,2157,-91
1078.99,00:02,2158,-103
1079.05,00:03,2158,-83
1079.1,00:04,2158,-91
1079.49,00:02,2159,-103
1079.55,00:03,2159,-83
1079.6,00:04,2159,-91
1079.99,00:02,2160,-103
1080.05,00:03,2160,-84
1080.1,00:04,2160,-91
1080.49,00:02,2161,-103
1080.55,00:03,2161,-84
1080.6,00:04,2161,-91
1080.99,00:02,2162,-103
1081.05,00:03,2162,-84
1081.11,00:04,2162,-91
1081.49,00:02,2163,-103
1081.55,00:03,2163,-84
1081.6,00:04,2163,-90
1081.99,00:02,2164,-103
1082.05,00:03,2164,-84
1082.1,00:04,2164,-90
1082.49,00:02,2165,-102
1082.55,00:03,2165,-84
1082.6,00:04,2165,-90
1082.99,00:02,2166,-102
1083.05,00:03,2166,-84
1083.1,00:04,2166,-90
1083.49,00:02,2167,-102
1083.55,00:03,2167,-84
1083.6,00:04,2167,-90
1083.99,00:02,2168,-102
1084.05,00:03,2168,-84
1084.1,00:04,2168,-90
1084.49,00:02,2169,-102
1084.55,00:03,2169,-84
1084.6,00:04,2169,-90
1084.99,00:02,2170,-102
1085.05,00:03,2170,-84
1085.11,00:04,2170,-90
1085.49,00:02,2171,-102
1085.55,00:03,2171,-84
1085.6,00:04,2171,-90
1085.99,00:02,2172,-102
1086.05,00:03,2172,-84
1086.1,00:04,2172,-89
1086.49,00:02,2173,-102
1086.55,00:03,2173,-84
1086.6,00:04,2173,-89
1086.99,00:02,2174,-102
1087.05,00:03,2174,-84
1087.1,00:04,2174,-89
1087.49,00:02,2175,-102
1087.55,00:03,2175,-84
1087.6,00:04,2175,-89
1087.99,00:02,2176,-102
1088.05,00:03,2176,-84
1088.1,00:04,2176,-89
1088.49,00:02,2177,-102
1088.55,00:03,2177,-85
1088.6,00:04,2177,-89
1088.99,00:02,2178,-102
1089.05,00:03,2178,-85
1089.1,00:04,2178,-89
1089.49,00:02,2179,-101
1089.55,00:03,2179,-85
1089.6,00:04,2179,-89
1089.99,00:02,2180,-101
1090.05,00:03,2180,-85
1090.1,00:04,2180,-89
1090.49,00:02,2181,-101
1090.55,00:03,2181,-85
1090.6,00:04,2181,-89
1090.99,00:02,2182,-101
1091.05,00:03,2182,-85
1091.1,00:04,2182,-89
1091.49,00:02,2183,-101
1091.55,00:03,2183,-85
1091.6,00:04,2183,-88
1091.99,00:02,2184,-101
1092.05,00:03,2184,-85
1092.1,00:04,2184,-88
1092.49,00:02,2185,-101
1092.55,00:03,2185,-85
1092.61,00:04,2185,-88
1092.99,00:02,2186,-101
1093.05,00:03,2186,-85
1093.1,00:04,2186,-88
1093.49,00:02,2187,-101
1093.55,00:03,2187,-85
1093.6,00:04,2187,-88
1093.99,00:02,2188,-101
1094.05,00:03,2188,-85
1094.1,00:04,2188,-88
1094.49,00:02,2189,-101
1094.55,00:03,2189,-85
1094.6,00:04,2189,-88
1094.99,00:02,2190,-101
1095.05,00:03,2190,-85
1095.1,00:04,2190,-88
1095.49,00:02,2191,-101
1095.55,00:03,2191,-85
1095.6,00:04,2191,-88
1095.99,00:02,2192,-100
1096.05,00:03,2192,-86
1096.1,00:04,2192,-88
1096.49,00:02,2193,-100
1096.55,00:03,2193,-86
1096.6,00:04,2193,-88
1096.99,00:02,2194,-100
1097.05,00:03,2194,-86
1097.1,00:04,2194,-88
1097.49,00:02,2195,-100
1097.55,00:03,2195,-86
1097.6,00:04,2195,-88
1097.99,00:02,2196,-100
1098.05,00:03,2196,-86
1098.1,00:04,2196,-88
1098.49,00:02,2197,-100
1098.55,00:03,2197,-86
1098.6,00:04,2197,-88
1098.99,00:02,2198,-100
1099.05,00:03,2198,-86
1099.1,00:04,2198,-88
1099.49,00:02,2199,-100
1099.55,00:03,2199,-86
1099.6,00:04,2199,-88
1099.99,00:02,2200,-100
1100.05,00:03,2200,-86
1100.1,00:04,2200,-88
1100.49,00:02,2201,-100
1100.55,00:03,2201,-86
1100.6,00:04,2201,-88
1100.99,00:02,2202,-100
1101.05,00:03,2202,-86
1101.1,00:04,2202,-88
1101.49,00:02,2203,-100
1101.55,00:03,2203,-86
1101.6,00:04,2203,-88
1101.99,00:02,2204,-100
1102.05,00:03,2204,-86
1102.1,00:04,2204,-88
1102.49,00:02,2205,-100
1102.55,00:03,2205,-86
1102.6,00:04,2205,-88
1102.99,00:02,2206,-99
1103.05,00:03,2206,-87
1103.1,00:04,2206,-88
1103.49,00:02,2207,-99
1103.55,00:03,2207,-87
1103.6,00:04,2207,-88
1103.99,00:02,2208,-99
1104.05,00:03,2208,-87
1104.1,00:04,2208,-88
1104.49,00:02,2209,-99
1104.55,00:03,2209,-87
1104.6,00:04,2209,-88
1104.99,00:02,2210,-99
1105.05,00:03,2210,-87
1105.1,00:04,2210,-88
1105.49,00:02,2211,-99
1105.55,00:03,2211,-87
1105.6,00:04,2211,-88
1105.99,00:02,2212,-99
1106.05,00:03,2212,-87
1106.1,00:04,2212,-88
1106.49,00:02,2213,-99
1106.55,00:03,2213,-87
1106.61,00:04,2213,-88
1106.99,00:02,2214,-99
1107.05,00:03,2214,-87
1107.1,00:04,2214,-88
1107.49,00:02,2215,-99
1107.55,00:03,2215,-87
1107.61,00:04,2215,-88
1107.99,00:02,2216,-99
1108.05,00:03,2216,-87
1108.1,00:04,2216,-88
1108.49,00:02,2217,-99
1108.55,00:03,2217,-87
1108.6,00:04,2217,-88
1108.99,00:02,2218,-99
1109.05,00:03,2218,-87
1109.1,00:04,2218,-88
1109.49,00:02,2219,-99
1109.55,00:03,2219,-87
1109.6,00:04,2219,-88
1109.99,00:02,2220,-98
1110.05,00:03,2220,-88
1110.1,00:04,2220,-88
1110.49,00:02,2221,-98
1110.55,00:03,2221,-88
1110.6,00:04,2221,-88
1110.99,00:02,2222,-98
1111.05,00:03,2222,-88
1111.1,00:04,2222,-89
1111.49,00:02,2223,-98
1111.55,00:03,2223,-88
1111.6,00:04,2223,-89
1111.99,00:02,2224,-98
1112.05,00:03,2224,-88
1112.1,00:04,2224,-89
1112.49,00:02,2225,-98
1112.55,00:03,2225,-88
1112.6,00:04,2225,-89
1112.99,00:02,2226,-98
1113.05,00:03,2226,-88
1113.1,00:04,2226,-89
1113.49,00:02,2227,-98
1113.55,00:03,2227,-88
1113.6,00:04,2227,-89
1113.99,00:02,2228,-98
1114.05,00:03,2228,-88
1114.1,00:04,2228,-89
1114.49,00:02,2229,-98
1114.55,00:03,2229,-88
1114.6,00:04,2229,-89
1114.99,00:02,2230,-98
1115.05,00:03,2230,-88
1115.1,00:04,2230,-89
1115.49,00:02,2231,-98
1115.55,00:03,2231,-88
1115.6,00:04,2231,-89
1115.99,00:02,2232,-98
1116.05,00:03,2232,-88
1116.1,00:04,2232,-89
1116.49,00:02,2233,-98
1116.55,00:03,2233,-89
1116.6,00:04,2233,-90
1116.99,00:02,2234,-98
1117.05,00:03,2234,-89
1117.1,00:04,2234,-90
1117.49,00:02,2235,-98
1117.55,00:03,2235,-89
1117.6,00:04,2235,-90
1117.99,00:02,2236,-97
1118.05,00:03,2236,-89
1118.1,00:04,2236,-90
1118.49,00:02,2237,-97
1118.55,00:03,2237,-89
1118.6,00:04,2237,-90
1118.99,00:02,2238,-97
1119.05,00:03,2238,-89
1119.1,00:04,2238,-90
1119.49,00:02,2239,-97
1119.55,00:03,2239,-89
1119.6,00:04,2239,-90
1119.99,00:02,2240,-97
1120.05,00:03,2240,-89
1120.1,00:04,2240,-90
1120.49,00:02,2241,-97
1120.55,00:03,2241,-89
1120.6,00:04,2241,-91
1120.99,00:02,2242,-97
1121.05,00:03,2242,-89
1121.1,00:04,2242,-91
1121.49,00:02,2243,-97
1121.55,00:03,2243,-89
1121.61,00:04,2243,-91
1121.99,00:02,2244,-97
1122.05,00:03,2244,-89
1122.1,00:04,2244,-91
1122.49,00:02,2245,-97
1122.55,00:03,2245,-89
1122.6,00:04,2245,-91
1122.99,00:02,2246,-97
1123.05,00:03,2246,-89
1123.1,00:04,2246,-91
1123.49,00:02,2247,-97
1123.55,00:03,2247,-90
1123.6,00:04,2247,-91
1123.99,00:02,2248,-97
1124.05,00:03,2248,-90
1124.1,00:04,2248,-91
1124.49,00:02,2249,-97
1124.55,00:03,2249,-90
1124.6,00:04,2249,-92
1124.99,00:02,2250,-97
1125.05,00:03,2250,-90
1125.1,00:04,2250,-92
1125.49,00:02,2251,-97
1125.55,00:03,2251,-90
1125.6,00:04,2251,-92
1125.99,00:02,2252,-97
1126.05,00:03,2252,-90
1126.1,00:04,2252,-92
1126.49,00:02,2253,-97
1126.55,00:03,2253,-90
1126.6,00:04,2253,-92
1126.99,00:02,2254,-97
1127.05,00:03,2254,-90
1127.1,00:04,2254,-92
1127.49,00:02,2255,-96
1127.55,00:03,2255,-90
1127.6,00:04,2255,-92
1127.99,00:02,2256,-96
1128.05,00:03,2256,-90
1128.1,00:04,2256,-92
1128.49,00:02,2257,-96
1128.55,00:03,2257,-90
1128.6,00:04,2257,-93
1128.99,00:02,2258,-96
1129.05,00:03,2258,-94
1129.1,00:04,2258,-97
1129.49,00:02,2259,-100
1129.55,00:03,2259,-94
1129.6,00:04,2259,-97
1129.99,00:02,2260,-100
1130.05,00:03,2260,-95
1130.1,00:04,2260,-97
1130.49,00:02,2261,-100
1130.55,00:03,2261,-95
1130.6,00:04,2261,-97
1130.99,00:02,2262,-100
1131.05,00:03,2262,-95
1131.1,00:04,2262,-97
1131.49,00:02,2263,-100
1131.55,00:03,2263,-95
1131.6,00:04,2263,-97
1131.99,00:02,2264,-100
1132.05,00:03,2264,-95
1132.1,00:04,2264,-98
1132.49,00:02,2265,-100
1132.55,00:03,2265,-95
1132.6,00:04,2265,-98
1132.99,00:02,2266,-100
1133.05,00:03,2266,-91
1133.1,00:04,2266,-94
1133.49,00:02,2267,-96
1133.55,00:03,2267,-91
1133.6,00:04,2267,-94
1133.99,00:02,2268,-96
1134.05,00:03,2268,-91
1134.1,00:04,2268,-94
1134.49,00:02,2269,-96
1134.55,00:03,2269,-91
1134.6,00:04,2269,-94
1134.99,00:02,2270,-96
1135.05,00:03,2270,-91
1135.1,00:04,2270,-94
1135.49,00:02,2271,-96
1135.55,00:03,2271,-91
1135.6,00:04,2271,-94
1135.99,00:02,2272,-96
1136.05,00:03,2272,-91
1136.11,00:04,2272,-95
1136.49,00:02,2273,-96
1136.55,00:03,2273,-91
1136.6,00:04,2273,-95
1136.99,00:02,2274,-96
1137.05,00:03,2274,-92
1137.1,00:04,2274,-95
1137.49,00:02,2275,-96
1137.55,00:03,2275,-92
1137.6,00:04,2275,-95
1137.99,00:02,2276,-96
1138.05,00:03,2276,-92
1138.1,00:04,2276,-95
1138.49,00:02,2277,-96
1138.55,00:03,2277,-92
1138.6,00:04,2277,-95
1138.99,00:02,2278,-96
1139.05,00:03,2278,-92
1139.1,00:04,2278,-95
1139.49,00:02,2279,-96
1139.55,00:03,2279,-92
1139.6,00:04,2279,-96
1139.99,00:02,2280,-96
1140.05,00:03,2280,-92
1140.1,00:04,2280,-96
1140.49,00:02,2281,-96
1140.55,00:03,2281,-92
1140.6,00:04,2281,-96
1140.99,00:02,2282,-96
1141.05,00:03,2282,-92
1141.1,00:04,2282,-96
1141.49,00:02,2283,-96
1141.55,00:03,2283,-92
1141.6,00:04,2283,-96
1141.99,00:02,2284,-96
1142.05,00:03,2284,-92
1142.1,00:04,2284,-96
1142.49,00:02,2285,-96
1142.55,00:03,2285,-92
1142.6,00:04,2285,-96
1142.99,00:02,2286,-96
1143.05,00:03,2286,-92
1143.1,00:04,2286,-96
1143.49,00:02,2287,-96
1143.55,00:03,2287,-92
1143.6,00:04,2287,-97
1143.99,00:02,2288,-96
1144.05,00:03,2288,-93
1144.1,00:04,2288,-97
1144.49,00:02,2289,-96
1144.55,00:03,2289,-93
1144.6,00:04,2289,-97
1144.99,00:02,2290,-96
1145.05,00:03,2290,-93
1145.1,00:04,2290,-97
1145.49,00:02,2291,-96
1145.55,00:03,2291,-93
1145.6,00:04,2291,-97
1145.99,00:02,2292,-96
1146.05,00:03,2292,-93
1146.1,00:04,2292,-97
1146.49,00:02,2293,-96
1146.55,00:03,2293,-93
1146.6,00:04,2293,-97
1146.99,00:02,2294,-96
1147.05,00:03,2294,-93
1147.1,00:04,2294,-97
1147.49,00:02,2295,-96
1147.55,00:03,2295,-93
1147.6,00:04,2295,-97
1147.99,00:02,2296,-96
1148.05,00:03,2296,-93
1148.1,00:04,2296,-97
1148.49,00:02,2297,-96
1148.55,00:03,2297,-93
1148.6,00:04,2297,-97
1148.99,00:02,2298,-97
1149.05,00:03,2298,-93
1149.1,00:04,2298,-97
1149.49,00:02,2299,-97
1149.55,00:03,2299,-93
1149.6,00:04,2299,-97
1149.99,00:02,2300,-97
1150.05,00:03,2300,-93
1150.1,00:04,2300,-96
1150.49,00:02,2301,-97
1150.55,00:03,2301,-93
1150.6,00:04,2301,-96
1150.98,00:02,2302,-97
1151.05,00:03,2302,-93
1151.1,00:04,2302,-96
1151.49,00:02,2303,-97
1151.55,00:03,2303,-93
1151.6,00:04,2303,-96
1151.99,00:02,2304,-97
1152.05,00:03,2304,-93
1152.1,00:04,2304,-96
1152.49,00:02,2305,-97
1152.55,00:03,2305,-93
1152.6,00:04,2305,-96
1152.99,00:02,2306,-97
1153.05,00:03,2306,-93
1153.1,00:04,2306,-96
1153.49,00:02,2307,-97
1153.55,00:03,2307,-93
1153.61,00:04,2307,-96
1153.98,00:02,2308,-97
1154.05,00:03,2308,-93
1154.1,00:04,2308,-96
1154.49,00:02,2309,-97
1154.55,00:03,2309,-93
1154.6,00:04,2309,-96
1154.99,00:02,2310,-97
1155.05,00:03,2310,-93
1155.1,00:04,2310,-95
1155.49,00:02,2311,-97
1155.55,00:03,2311,-93
1155.6,00:04,2311,-95
1155.99,00:02,2312,-97
1156.05,00:03,2312,-93
1156.1,00:04,2312,-95
1156.49,00:02,2313,-97
1156.55,00:03,2313,-93
1156.6,00:04,2313,-95
1156.99,00:02,2314,-97
1157.05,00:03,2314,-93
1157.1,00:04,2314,-95
1157.49,00:02,2315,-97
1157.55,00:03,2315,-92
1157.6,00:04,2315,-95
1157.99,00:02,2316,-97
1158.05,00:03,2316,-92
1158.1,00:04,2316,-95
1158.49,00:02,2317,-97
1158.55,00:03,2317,-92
1158.6,00:04,2317,-94
1158.99,00:02,2318,-97
1159.05,00:03,2318,-92
1159.1,00:04,2318,-94
1159.49,00:02,2319,-97
1159.55,00:03,2319,-92
1159.6,00:04,2319,-94
1159.99,00:02,2320,-97
1160.05,00:03,2320,-92
1160.11,00:04,2320,-94
1160.49,00:02,2321,-97
1160.55,00:03,2321,-92
1160.6,00:04,2321,-94
1160.99,00:02,2322,-97
1161.05,00:03,2322,-92
1161.1,00:04,2322,-94
1161.49,00:02,2323,-97
1161.55,00:03,2323,-92
1161.6,00:04,2323,-93
1161.99,00:02,2324,-97
1162.05,00:03,2324,-92
1162.1,00:04,2324,-93
1162.49,00:02,2325,-97
1162.55,00:03,2325,-92
1162.6,00:04,2325,-93
1162.99,00:02,2326,-97
1163.05,00:03,2326,-92
1163.1,00:04,2326,-93
1163.49,00:02,2327,-97
1163.55,00:03,2327,-92
1163.6,00:04,2327,-93
1163.99,00:02,2328,-97
1164.05,00:03,2328,-92
1164.1,00:04,2328,-93
1164.49,00:02,2329,-97
1164.55,00:03,2329,-92
1164.6,00:04,2329,-93
1164.98,00:02,2330,-97
1165.05,00:03,2330,-95
1165.1,00:04,2330,-96
1165.49,00:02,2331,-101
1165.55,00:03,2331,-95
1165.6,00:04,2331,-96
1165.99,00:02,2332,-101
1166.05,00:03,2332,-95
1166.1,00:04,2332,-96
1166.49,00:02,2333,-102
1166.55,00:03,2333,-95
1166.6,00:04,2333,-96
1166.99,00:02,2334,-102
1167.05,00:03,2334,-95
1167.1,00:04,2334,-96
1167.49,00:02,2335,-102
1167.55,00:03,2335,-95
1167.6,00:04,2335,-96
1167.99,00:02,2336,-102
1168.05,00:03,2336,-95
1168.11,00:04,2336,-95
1168.49,00:02,2337,-102
1168.55,00:03,2337,-95
1168.6,00:04,2337,-95
1168.99,00:02,2338,-102
1169.05,00:03,2338,-91
1169.1,00:04,2338,-91
1169.49,00:02,2339,-98
1169.55,00:03,2339,-91
1169.61,00:04,2339,-91
1169.99,00:02,2340,-98
1170.05,00:03,2340,-91
1170.1,00:04,2340,-91
1170.49,00:02,2341,-98
1170.55,00:03,2341,-91
1170.61,00:04,2341,-91
1170.99,00:02,2342,-98
1171.05,00:03,2342,-91
1171.1,00:04,2342,-90
1171.49,00:02,2343,-98
1171.55,00:03,2343,-91
1171.6,00:04,2343,-90
1171.99,00:02,2344,-98
1172.05,00:03,2344,-91
1172.1,00:04,2344,-90
1172.49,00:02,2345,-98
1172.55,00:03,2345,-90
1172.6,00:04,2345,-90
1172.99,00:02,2346,-98
1173.05,00:03,2346,-90
1173.1,00:04,2346,-90
1173.49,00:02,2347,-98
1173.55,00:03,2347,-90
1173.6,00:04,2347,-90
1173.98,00:02,2348,-98
1174.05,00:03,2348,-90
1174.1,00:04,2348,-90
1174.48,00:02,2349,-98
1174.55,00:03,2349,-90
1174.6,00:04,2349,-89
1174.99,00:02,2350,-98
1175.05,00:03,2350,-90
1175.1,00:04,2350,-89
1175.49,00:02,2351,-98
1175.55,00:03,2351,-90
1175.6,00:04,2351,-89
1175.99,00:02,2352,-98
1176.05,00:03,2352,-90
1176.1,00:04,2352,-89
1176.49,00:02,2353,-98
1176.55,00:03,2353,-90
1176.6,00:04,2353,-89
1176.99,00:02,2354,-98
1177.05,00:03,2354,-90
1177.1,00:04,2354,-89
1177.49,00:02,2355,-98
1177.55,00:03,2355,-90
1177.6,00:04,2355,-88
1177.98,00:02,2356,-98
1178.05,00:03,2356,-90
1178.1,00:04,2356,-88
1178.49,00:02,2357,-98
1178.55,00:03,2357,-90
1178.6,00:04,2357,-88
1178.99,00:02,2358,-99
1179.05,00:03,2358,-90
1179.1,00:04,2358,-88
1179.49,00:02,2359,-99
1179.55,00:03,2359,-90
1179.6,00:04,2359,-88
1179.99,00:02,2360,-99
1180.05,00:03,2360,-89
1180.1,00:04,2360,-88
1180.49,00:02,2361,-99
1180.55,00:03,2361,-89
1180.6,00:04,2361,-88
1180.98,00:02,2362,-99
1181.05,00:03,2362,-89
1181.1,00:04,2362,-87
1181.49,00:02,2363,-99
1181.55,00:03,2363,-89
1181.6,00:04,2363,-87
1181.99,00:02,2364,-99
1182.05,00:03,2364,-89
1182.1,00:04,2364,-87
1182.48,00:02,2365,-99
1182.55,00:03,2365,-89
1182.6,00:04,2365,-87
1182.99,00:02,2366,-99
1183.05,00:03,2366,-89
1183.11,00:04,2366,-87
1183.49,00:02,2367,-99
1183.55,00:03,2367,-89
1183.6,00:04,2367,-87
1183.99,00:02,2368,-99
1184.05,00:03,2368,-89
1184.1,00:04,2368,-87
1184.48,00:02,2369,-99
1184.55,00:03,2369,-89
1184.6,00:04,2369,-86
1184.98,00:02,2370,-99
1185.05,00:03,2370,-89
1185.1,00:04,2370,-86
1185.49,00:02,2371,-99
1185.55,00:03,2371,-89
1185.6,00:04,2371,-86
1185.99,00:02,2372,-99
1186.05,00:03,2372,-89
1186.1,00:04,2372,-86
1186.49,00:02,2373,-99
1186.55,00:03,2373,-89
1186.6,00:04,2373,-86
1186.99,00:02,2374,-99
1187.05,00:03,2374,-88
1187.1,00:04,2374,-86
1187.49,00:02,2375,-99
1187.55,00:03,2375,-88
1187.6,00:04,2375,-86
1187.98,00:02,2376,-100
1188.05,00:03,2376,-88
1188.1,00:04,2376,-86
1188.49,00:02,2377,-100
1188.55,00:03,2377,-88
1188.6,00:04,2377,-86
1188.98,00:02,2378,-100
1189.05,00:03,2378,-88
1189.1,00:04,2378,-86
1189.49,00:02,2379,-100
1189.55,00:03,2379,-88
1189.6,00:04,2379,-85
1189.99,00:02,2380,-100
1190.05,00:03,2380,-88
1190.1,00:04,2380,-85
1190.49,00:02,2381,-100
1190.55,00:03,2381,-88
1190.6,00:04,2381,-85
1190.99,00:02,2382,-100
1191.05,00:03,2382,-88
1191.1,00:04,2382,-85
1191.48,00:02,2383,-100
1191.55,00:03,2383,-88
1191.6,00:04,2383,-85
1191.99,00:02,2384,-100
1192.05,00:03,2384,-88
1192.1,00:04,2384,-85
1192.49,00:02,2385,-100
1192.55,00:03,2385,-88
1192.6,00:04,2385,-85
1192.99,00:02,2386,-100
1193.05,00:03,2386,-88
1193.1,00:04,2386,-85
1193.49,00:02,2387,-100
1193.55,00:03,2387,-88
1193.6,00:04,2387,-85
1193.99,00:02,2388,-100
1194.05,00:03,2388,-88
1194.1,00:04,2388,-85
1194.49,00:02,2389,-100
1194.55,00:03,2389,-87
1194.6,00:04,2389,-85
1194.99,00:02,2390,-100
1195.05,00:03,2390,-87
1195.1,00:04,2390,-85
1195.49,00:02,2391,-100
1195.55,00:03,2391,-87
1195.6,00:04,2391,-85
1195.98,00:02,2392,-101
1196.05,00:03,2392,-87
1196.1,00:04,2392,-85
1196.49,00:02,2393,-101
1196.55,00:03,2393,-87
1196.6,00:04,2393,-85
1196.99,00:02,2394,-101
1197.05,00:03,2394,-87
1197.1,00:04,2394,-85
1197.49,00:02,2395,-101
1197.55,00:03,2395,-87
1197.6,00:04,2395,-85
1197.99,00:02,2396,-101
1198.05,00:03,2396,-87
1198.1,00:04,2396,-85
1198.49,00:02,2397,-101
1198.55,00:03,2397,-87
1198.6,00:04,2397,-85
1198.99,00:02,2398,-101
1199.05,00:03,2398,-87
1199.1,00:04,2398,-85
1199.49,00:02,2399,-101
1199.55,00:03,2399,-87
1199.6,00:04,2399,-85
1199.99,00:02,2400,-101
1200.05,00:03,2400,-87
1200.1,00:04,2400,-85
1200.49,00:02,2401,-101
1200.55,00:03,2401,-87
1200.6,00:04,2401,-85
1200.99,00:02,2402,-101
1201.05,00:03,2402,-87
1201.1,00:04,2402,-85
1201.48,00:02,2403,-101
1201.55,00:03,2403,-87
1201.6,00:04,2403,-85
1201.99,00:02,2404,-101
1202.05,00:03,2404,-86
1202.1,00:04,2404,-85
1202.48,00:02,2405,-101
1202.55,00:03,2405,-86
1202.61,00:04,2405,-85
1202.98,00:02,2406,-101
1203.05,00:03,2406,-86
1203.1,00:04,2406,-85
1203.49,00:02,2407,-102
1203.55,00:03,2407,-86
1203.6,00:04,2407,-85
1203.98,00:02,2408,-102
1204.05,00:03,2408,-86
1204.1,00:04,2408,-85
1204.49,00:02,2409,-102
1204.55,00:03,2409,-86
1204.6,00:04,2409,-85
1204.99,00:02,2410,-102
1205.05,00:03,2410,-86
1205.1,00:04,2410,-86
1205.49,00:02,2411,-102
1205.55,00:03,2411,-86
1205.6,00:04,2411,-86
1205.98,00:02,2412,-102
1206.05,00:03,2412,-86
1206.1,00:04,2412,-86
1206.49,00:02,2413,-102
1206.55,00:03,2413,-86
1206.6,00:04,2413,-86
1206.99,00:02,2414,-102
1207.05,00:03,2414,-86
1207.1,00:04,2414,-86
1207.49,00:02,2415,-102
1207.55,00:03,2415,-86
1207.6,00:04,2415,-86
1207.99,00:02,2416,-102
1208.05,00:03,2416,-86
1208.1,00:04,2416,-86
1208.49,00:02,2417,-102
1208.55,00:03,2417,-86
1208.6,00:04,2417,-86
1208.99,00:02,2418,-102
1209.05,00:03,2418,-86
1209.1,00:04,2418,-86
1209.49,00:02,2419,-102
1209.55,00:03,2419,-86
1209.6,00:04,2419,-87
1209.99,00:02,2420,-102
1210.05,00:03,2420,-86
1210.1,00:04,2420,-87
1210.49,00:02,2421,-102
1210.55,00:03,2421,-85
1210.6,00:04,2421,-87
1210.99,00:02,2422,-103
1211.05,00:03,2422,-85
1211.1,00:04,2422,-87
1211.48,00:02,2423,-103
1211.55,00:03,2423,-85
1211.6,00:04,2423,-87
1211.98,00:02,2424,-103
1212.05,00:03,2424,-85
1212.1,00:04,2424,-87
1212.49,00:02,2425,-103
1212.55,00:03,2425,-85
1212.61,00:04,2425,-87
1212.99,00:02,2426,-103
1213.05,00:03,2426,-85
1213.1,00:04,2426,-87
1213.49,00:02,2427,-103
1213.55,00:03,2427,-85
1213.6,00:04,2427,-88
1213.98,00:02,2428,-103
1214.05,00:03,2428,-85
1214.1,00:04,2428,-88
1214.49,00:02,2429,-103
1214.55,00:03,2429,-85
1214.6,00:04,2429,-88
1214.99,00:02,2430,-103
1215.05,00:03,2430,-85
1215.1,00:04,2430,-88
1215.49,00:02,2431,-103
1215.55,00:03,2431,-85
1215.6,00:04,2431,-88
1215.99,00:02,2432,-103
1216.05,00:03,2432,-85
1216.11,00:04,2432,-88
1216.49,00:02,2433,-103
1216.55,00:03,2433,-85
1216.6,00:04,2433,-88
1216.98,00:02,2434,-103
1217.05,00:03,2434,-85
1217.1,00:04,2434,-89
1217.49,00:02,2435,-103
1217.55,00:03,2435,-85
1217.6,00:04,2435,-89
1217.99,00:02,2436,-104
1218.05,00:03,2436,-85
1218.1,00:04,2436,-89
1218.49,00:02,2437,-104
1218.55,00:03,2437,-85
1218.6,00:04,2437,-89
1218.98,00:02,2438,-104
1219.05,00:03,2438,-85
1219.1,00:04,2438,-89
1219.48,00:02,2439,-104
1219.55,00:03,2439,-85
1219.6,00:04,2439,-89
1219.99,00:02,2440,-104
1220.05,00:03,2440,-85
1220.11,00:04,2440,-90
1220.49,00:02,2441,-104
1220.55,00:03,2441,-85
1220.6,00:04,2441,-90
1220.99,00:02,2442,-104
1221.05,00:03,2442,-84
1221.1,00:04,2442,-90
1221.49,00:02,2443,-104
1221.55,00:03,2443,-84
1221.6,00:04,2443,-90
1221.98,00:02,2444,-104
1222.05,00:03,2444,-84
1222.1,00:04,2444,-90
1222.49,00:02,2445,-104
1222.55,00:03,2445,-84
1222.6,00:04,2445,-90
1222.98,00:02,2446,-104
1223.05,00:03,2446,-84
1223.1,00:04,2446,-91
1223.49,00:02,2447,-104
1223.55,00:03,2447,-84
1223.6,00:04,2447,-91
1223.98,00:02,2448,-104
1224.05,00:03,2448,-84
1224.1,00:04,2448,-91
1224.49,00:02,2449,-104
1224.55,00:03,2449,-84
1224.6,00:04,2449,-91
1224.98,00:02,2450,-104
1225.05,00:03,2450,-88
1225.1,00:04,2450,-95
1225.49,00:02,2451,-109
1225.55,00:03,2451,-88
1225.6,00:04,2451,-95
1226.05,00:03,2452,-88
1226.1,00:04,2452,-95
1226.55,00:03,2453,-88
1226.6,00:04,2453,-96
1227.05,00:03,2454,-88
1227.1,00:04,2454,-96
1227.48,00:02,2455,-109
1227.55,00:03,2455,-88
1227.6,00:04,2455,-96
1228.05,00:03,2456,-88
1228.1,00:04,2456,-96
1228.55,00:03,2457,-88
1228.6,00:04,2457,-96
1228.99,00:02,2458,-109
1229.05,00:03,2458,-84
1229.1,00:04,2458,-92
1229.49,00:02,2459,-105
1229.55,00:03,2459,-84
1229.6,00:04,2459,-93
1229.99,00:02,2460,-105
1230.05,00:03,2460,-84
1230.1,00:04,2460,-93
1230.49,00:02,2461,-105
1230.55,00:03,2461,-84
1230.6,00:04,2461,-93
1230.98,00:02,2462,-105
1231.05,00:03,2462,-84
1231.1,00:04,2462,-93
1231.49,00:02,2463,-105
1231.55,00:03,2463,-84
1231.6,00:04,2463,-93
1231.99,00:02,2464,-105
1232.05,00:03,2464,-84
1232.1,00:04,2464,-93
1232.48,00:02,2465,-105
1232.55,00:03,2465,-84
1232.6,00:04,2465,-94
1232.99,00:02,2466,-106
1233.05,00:03,2466,-84
1233.1,00:04,2466,-94
1233.49,00:02,2467,-106
1233.55,00:03,2467,-84
1233.6,00:04,2467,-94
1233.99,00:02,2468,-106
1234.05,00:03,2468,-84
1234.1,00:04,2468,-94
1234.49,00:02,2469,-106
1234.55,00:03,2469,-84
1234.6,00:04,2469,-94
1234.98,00:02,2470,-106
1235.05,00:03,2470,-84
1235.1,00:04,2470,-94
1235.48,00:02,2471,-106
1235.55,00:03,2471,-84
1235.6,00:04,2471,-94
1235.98,00:02,2472,-106
1236.05,00:03,2472,-84
1236.1,00:04,2472,-95
1236.48,00:02,2473,-106
1236.55,00:03,2473,-84
1236.6,00:04,2473,-95
1236.98,00:02,2474,-106
1237.05,00:03,2474,-84
1237.1,00:04,2474,-95
1237.48,00:02,2475,-106
1237.55,00:03,2475,-84
1237.6,00:04,2475,-95
1237.98,00:02,2476,-106
1238.05,00:03,2476,-84
1238.1,00:04,2476,-95
1238.49,00:02,2477,-106
1238.55,00:03,2477,-84
1238.6,00:04,2477,-95
1238.99,00:02,2478,-106
1239.05,00:03,2478,-84
1239.1,00:04,2478,-95
1239.49,00:02,2479,-106
1239.55,00:03,2479,-84
1239.6,00:04,2479,-96
1239.98,00:02,2480,-106
1240.05,00:03,2480,-84
1240.1,00:04,2480,-96
1240.48,00:02,2481,-107
1240.55,00:03,2481,-84
1240.6,00:04,2481,-96
1240.98,00:02,2482,-107
1241.05,00:03,2482,-84
1241.1,00:04,2482,-96
1241.48,00:02,2483,-107
1241.55,00:03,2483,-84
1241.6,00:04,2483,-96
1241.98,00:02,2484,-107
1242.05,00:03,2484,-84
1242.1,00:04,2484,-96
1242.49,00:02,2485,-107
1242.55,00:03,2485,-84
1242.6,00:04,2485,-96
1242.99,00:02,2486,-107
1243.05,00:03,2486,-84
1243.1,00:04,2486,-96
1243.55,00:03,2487,-84
1243.6,00:04,2487,-96
1243.98,00:02,2488,-107
1244.05,00:03,2488,-84
1244.11,00:04,2488,-96
1244.49,00:02,2489,-107
1244.55,00:03,2489,-84
1244.6,00:04,2489,-96
1244.98,00:02,2490,-107
1245.05,00:03,2490,-84
1245.1,00:04,2490,-96
1245.48,00:02,2491,-107
1245.55,00:03,2491,-85
1245.6,00:04,2491,-96
1245.98,00:02,2492,-107
1246.05,00:03,2492,-85
1246.1,00:04,2492,-96
1246.48,00:02,2493,-107
1246.55,00:03,2493,-85
1246.6,00:04,2493,-96
1246.98,00:02,2494,-107
1247.05,00:03,2494,-85
1247.1,00:04,2494,-96
1247.55,00:03,2495,-85
1247.6,00:04,2495,-96
1247.99,00:02,2496,-107
1248.05,00:03,2496,-85
1248.1,00:04,2496,-95
1248.55,00:03,2497,-85
1248.6,00:04,2497,-95
1248.99,00:02,2498,-107
1249.05,00:03,2498,-85
1249.1,00:04,2498,-95
1249.48,00:02,2499,-107
1249.55,00:03,2499,-85
1249.6,00:04,2499,-95
1250.05,00:03,2500,-85
1250.1,00:04,2500,-95
1250.49,00:02,2501,-107
1250.55,00:03,2501,-85
1250.6,00:04,2501,-95
1250.98,00:02,2502,-107
1251.05,00:03,2502,-85
1251.1,00:04,2502,-95
1251.49,00:02,2503,-107
1251.55,00:03,2503,-85
1251.6,00:04,2503,-94
1251.99,00:02,2504,-107
1252.05,00:03,2504,-85
1252.1,00:04,2504,-94
1252.48,00:02,2505,-107
1252.55,00:03,2505,-85
1252.6,00:04,2505,-94
1252.98,00:02,2506,-107
1253.05,00:03,2506,-85
1253.1,00:04,2506,-94
1253.48,00:02,2507,-107
1253.55,00:03,2507,-85
1253.6,00:04,2507,-94
1253.98,00:02,2508,-106
1254.05,00:03,2508,-85
1254.1,00:04,2508,-94
1254.49,00:02,2509,-106
1254.55,00:03,2509,-85
1254.6,00:04,2509,-93
1254.98,00:02,2510,-106
1255.05,00:03,2510,-85
1255.1,00:04,2510,-93
1255.48,00:02,2511,-106
1255.55,00:03,2511,-85
1255.6,00:04,2511,-93
1255.99,00:02,2512,-106
1256.05,00:03,2512,-85
1256.1,00:04,2512,-93
1256.48,00:02,2513,-106
1256.55,00:03,2513,-85
1256.61,00:04,2513,-93
1256.98,00:02,2514,-106
1257.05,00:03,2514,-85
1257.1,00:04,2514,-93
1257.48,00:02,2515,-106
1257.55,00:03,2515,-85
1257.6,00:04,2515,-92
1257.99,00:02,2516,-106
1258.05,00:03,2516,-85
1258.1,00:04,2516,-92
1258.48,00:02,2517,-106
1258.55,00:03,2517,-85
1258.6,00:04,2517,-92
1258.98,00:02,2518,-106
1259.05,00:03,2518,-85
1259.1,00:04,2518,-92
1259.48,00:02,2519,-106
1259.55,00:03,2519,-85
1259.6,00:04,2519,-92
1259.98,00:02,2520,-106
1260.05,00:03,2520,-85
1260.1,00:04,2520,-91
1260.49,00:02,2521,-106
1260.55,00:03,2521,-85
1260.6,00:04,2521,-91
1260.98,00:02,2522,-106
1261.05,00:03,2522,-89
1261.1,00:04,2522,-95
1261.55,00:03,2523,-89
1261.6,00:04,2523,-95
1262.05,00:03,2524,-89
1262.11,00:04,2524,-95
1262.55,00:03,2525,-89
1262.6,00:04,2525,-95
1262.98,00:02,2526,-109
1263.05,00:03,2526,-89
1263.1,00:04,2526,-94
1263.55,00:03,2527,-89
1263.6,00:04,2527,-94
1264.05,00:03,2528,-89
1264.1,00:04,2528,-94
1264.55,00:03,2529,-89
1264.6,00:04,2529,-94
1265.05,00:03,2530,-85
1265.1,00:04,2530,-90
1265.49,00:02,2531,-105
1265.55,00:03,2531,-85
1265.61,00:04,2531,-89
1265.98,00:02,2532,-105
1266.05,00:03,2532,-85
1266.1,00:04,2532,-89
1266.48,00:02,2533,-105
1266.55,00:03,2533,-86
1266.61,00:04,2533,-89
1266.98,00:02,2534,-105
1267.05,00:03,2534,-86
1267.1,00:04,2534,-89
1267.49,00:02,2535,-105
1267.55,00:03,2535,-86
1267.6,00:04,2535,-89
1267.98,00:02,2536,-105
1268.05,00:03,2536,-86
1268.1,00:04,2536,-88
1268.49,00:02,2537,-105
1268.55,00:03,2537,-86
1268.6,00:04,2537,-88
1268.98,00:02,2538,-105
1269.05,00:03,2538,-86
1269.1,00:04,2538,-88
1269.48,00:02,2539,-104
1269.55,00:03,2539,-86
1269.6,00:04,2539,-88
1269.99,00:02,2540,-104
1270.05,00:03,2540,-86
1270.1,00:04,2540,-88
1270.49,00:02,2541,-104
1270.55,00:03,2541,-86
1270.6,00:04,2541,-87
1270.98,00:02,2542,-104
1271.05,00:03,2542,-86
1271.1,00:04,2542,-87
1271.49,00:02,2543,-104
1271.55,00:03,2543,-86
1271.6,00:04,2543,-87
1271.99,00:02,2544,-104
1272.05,00:03,2544,-86
1272.1,00:04,2544,-87
1272.49,00:02,2545,-104
1272.55,00:03,2545,-86
1272.61,00:04,2545,-87
1272.98,00:02,2546,-104
1273.05,00:03,2546,-86
1273.1,00:04,2546,-86
1273.49,00:02,2547,-104
1273.55,00:03,2547,-86
1273.6,00:04,2547,-86
1273.98,00:02,2548,-104
1274.05,00:03,2548,-86
1274.1,00:04,2548,-86
1274.49,00:02,2549,-104
1274.55,00:03,2549,-86
1274.6,00:04,2549,-86
1274.98,00:02,2550,-104
1275.05,00:03,2550,-86
1275.1,00:04,2550,-86
1275.48,00:02,2551,-104
1275.55,00:03,2551,-86
1275.6,00:04,2551,-85
1275.98,00:02,2552,-104
1276.05,00:03,2552,-86
1276.1,00:04,2552,-85
1276.48,00:02,2553,-104
1276.55,00:03,2553,-86
1276.6,00:04,2553,-85
1276.98,00:02,2554,-104
1277.05,00:03,2554,-86
1277.1,00:04,2554,-85
1277.48,00:02,2555,-103
1277.55,00:03,2555,-86
1277.6,00:04,2555,-85
1277.98,00:02,2556,-103
1278.05,00:03,2556,-86
1278.1,00:04,2556,-85
1278.48,00:02,2557,-103
1278.55,00:03,2557,-86
1278.6,00:04,2557,-84
1278.98,00:02,2558,-103
1279.05,00:03,2558,-87
1279.1,00:04,2558,-84
1279.48,00:02,2559,-103
1279.55,00:03,2559,-87
1279.6,00:04,2559,-84
1279.98,00:02,2560,-103
1280.05,00:03,2560,-87
1280.1,00:04,2560,-84
1280.48,00:02,2561,-103
1280.55,00:03,2561,-87
1280.6,00:04,2561,-84
1280.99,00:02,2562,-103
1281.05,00:03,2562,-87
1281.1,00:04,2562,-83
1281.48,00:02,2563,-103
1281.55,00:03,2563,-87
1281.6,00:04,2563,-83
1281.98,00:02,2564,-103
1282.05,00:03,2564,-87
1282.1,00:04,2564,-83
1282.48,00:02,2565,-103
1282.55,00:03,2565,-87
1282.6,00:04,2565,-83
1282.98,00:02,2566,-103
1283.05,00:03,2566,-87
1283.1,00:04,2566,-83
1283.49,00:02,2567,-103
1283.55,00:03,2567,-87
1283.6,00:04,2567,-83
1283.98,00:02,2568,-103
1284.05,00:03,2568,-87
1284.1,00:04,2568,-83
1284.48,00:02,2569,-103
1284.55,00:03,2569,-87
1284.6,00:04,2569,-82
1284.98,00:02,2570,-103
1285.05,00:03,2570,-87
1285.1,00:04,2570,-82
1285.49,00:02,2571,-102
1285.55,00:03,2571,-87
1285.6,00:04,2571,-82
1285.99,00:02,2572,-102
1286.05,00:03,2572,-87
1286.1,00:04,2572,-82
1286.49,00:02,2573,-102
1286.55,00:03,2573,-87
1286.6,00:04,2573,-82
1286.98,00:02,2574,-102
1287.05,00:03,2574,-87
1287.1,00:04,2574,-82
1287.48,00:02,2575,-102
1287.55,00:03,2575,-87
1287.6,00:04,2575,-82
1287.98,00:02,2576,-102
1288.05,00:03,2576,-87
1288.1,00:04,2576,-82
1288.48,00:02,2577,-102
1288.55,00:03,2577,-88
1288.6,00:04,2577,-82
1288.98,00:02,2578,-102
1289.05,00:03,2578,-88
1289.1,00:04,2578,-82
1289.48,00:02,2579,-102
1289.55,00:03,2579,-88
1289.6,00:04,2579,-81
1289.98,00:02,2580,-102
1290.05,00:03,2580,-88
1290.1,00:04,2580,-81
1290.49,00:02,2581,-102
1290.55,00:03,2581,-88
1290.6,00:04,2581,-81
1290.98,00:02,2582,-102
1291.05,00:03,2582,-88
1291.1,00:04,2582,-81
1291.48,00:02,2583,-102
1291.55,00:03,2583,-88
1291.6,00:04,2583,-81
1291.98,00:02,2584,-102
1292.05,00:03,2584,-88
1292.1,00:04,2584,-81
1292.49,00:02,2585,-102
1292.55,00:03,2585,-88
1292.6,00:04,2585,-81
1292.98,00:02,2586,-102
1293.05,00:03,2586,-88
1293.1,00:04,2586,-81
1293.48,00:02,2587,-101
1293.55,00:03,2587,-88
1293.6,00:04,2587,-81
1293.99,00:02,2588,-101
1294.05,00:03,2588,-88
1294.1,00:04,2588,-81
1294.49,00:02,2589,-101
1294.55,00:03,2589,-88
1294.6,00:04,2589,-81
1294.98,00:02,2590,-101
1295.05,00:03,2590,-88
1295.1,00:04,2590,-81
1295.48,00:02,2591,-101
1295.55,00:03,2591,-88
1295.6,00:04,2591,-81
1295.99,00:02,2592,-101
1296.05,00:03,2592,-88
1296.1,00:04,2592,-81
1296.49,00:02,2593,-101
1296.55,00:03,2593,-88
1296.6,00:04,2593,-82
1296.98,00:02,2594,-101
1297.05,00:03,2594,-89
1297.1,00:04,2594,-82
1297.48,00:02,2595,-101
1297.55,00:03,2595,-89
1297.6,00:04,2595,-82
1297.98,00:02,2596,-101
1298.05,00:03,2596,-89
1298.1,00:04,2596,-82
1298.49,00:02,2597,-101
1298.55,00:03,2597,-89
1298.6,00:04,2597,-82
1298.99,00:02,2598,-101
1299.05,00:03,2598,-89
1299.1,00:04,2598,-82
1299.48,00:02,2599,-101
1299.55,00:03,2599,-89
1299.6,00:04,2599,-82
1299.98,00:02,2600,-101
1300.05,00:03,2600,-89
1300.1,00:04,2600,-82
1300.48,00:02,2601,-101
1300.55,00:03,2601,-89
1300.6,00:04,2601,-82
1300.98,00:02,2602,-101
1301.05,00:03,2602,-89
1301.1,00:04,2602,-82
1301.48,00:02,2603,-101
1301.55,00:03,2603,-89
1301.6,00:04,2603,-83
1301.98,00:02,2604,-101
1302.05,00:03,2604,-89
1302.1,00:04,2604,-83
1302.48,00:02,2605,-100
1302.55,00:03,2605,-89
1302.6,00:04,2605,-83
1302.98,00:02,2606,-100
1303.05,00:03,2606,-89
1303.1,00:04,2606,-83
1303.49,00:02,2607,-100
1303.55,00:03,2607,-89
1303.6,00:04,2607,-83
1303.98,00:02,2608,-100
1304.05,00:03,2608,-89
1304.1,00:04,2608,-83
1304.49,00:02,2609,-100
1304.55,00:03,2609,-89
1304.6,00:04,2609,-83
1304.98,00:02,2610,-100
1305.05,00:03,2610,-90
1305.11,00:04,2610,-84
1305.49,00:02,2611,-100
1305.55,00:03,2611,-90
1305.6,00:04,2611,-84
1305.99,00:02,2612,-100
1306.05,00:03,2612,-90
1306.1,00:04,2612,-84
1306.48,00:02,2613,-100
1306.55,00:03,2613,-90
1306.6,00:04,2613,-84
1306.98,00:02,2614,-100
1307.05,00:03,2614,-90
1307.1,00:04,2614,-84
1307.49,00:02,2615,-100
1307.55,00:03,2615,-90
1307.6,00:04,2615,-84
1307.99,00:02,2616,-100
1308.05,00:03,2616,-90
1308.1,00:04,2616,-85
1308.48,00:02,2617,-100
1308.55,00:03,2617,-90
1308.6,00:04,2617,-85
1308.98,00:02,2618,-100
1309.05,00:03,2618,-90
1309.1,00:04,2618,-85
1309.48,00:02,2619,-100
1309.55,00:03,2619,-90
1309.6,00:04,2619,-85
1309.99,00:02,2620,-100
1310.05,00:03,2620,-90
1310.11,00:04,2620,-85
1310.49,00:02,2621,-100
1310.55,00:03,2621,-90
1310.6,00:04,2621,-86
1310.99,00:02,2622,-100
1311.05,00:03,2622,-90
1311.1,00:04,2622,-86
1311.49,00:02,2623,-100
1311.55,00:03,2623,-90
1311.6,00:04,2623,-86
1311.98,00:02,2624,-100
1312.05,00:03,2624,-90
1312.1,00:04,2624,-86
1312.49,00:02,2625,-100
1312.55,00:03,2625,-90
1312.6,00:04,2625,-86
1312.98,00:02,2626,-100
1313.05,00:03,2626,-91
1313.1,00:04,2626,-87
1313.48,00:02,2627,-99
1313.55,00:03,2627,-91
1313.6,00:04,2627,-87
1313.98,00:02,2628,-99
1314.05,00:03,2628,-91
1314.1,00:04,2628,-87
1314.49,00:02,2629,-99
1314.55,00:03,2629,-91
1314.6,00:04,2629,-87
1314.98,00:02,2630,-99
1315.05,00:03,2630,-91
1315.1,00:04,2630,-87
1315.48,00:02,2631,-99
1315.55,00:03,2631,-91
1315.6,00:04,2631,-88
1315.98,00:02,2632,-99
1316.05,00:03,2632,-91
1316.1,00:04,2632,-88
1316.48,00:02,2633,-99
1316.55,00:03,2633,-91
1316.6,00:04,2633,-88
1316.98,00:02,2634,-99
1317.05,00:03,2634,-91
1317.1,00:04,2634,-88
1317.48,00:02,2635,-99
1317.55,00:03,2635,-91
1317.6,00:04,2635,-88
1317.98,00:02,2636,-99
1318.05,00:03,2636,-91
1318.1,00:04,2636,-88
1318.48,00:02,2637,-99
1318.55,00:03,2637,-91
1318.6,00:04,2637,-89
1318.98,00:02,2638,-99
1319.05,00:03,2638,-91
1319.1,00:04,2638,-89
1319.48,00:02,2639,-99
1319.55,00:03,2639,-91
1319.6,00:04,2639,-89
1319.98,00:02,2640,-99
1320.05,00:03,2640,-91
1320.1,00:04,2640,-89
1320.48,00:02,2641,-99
1320.55,00:03,2641,-91
1320.6,00:04,2641,-89
1320.98,00:02,2642,-99
1321.05,00:03,2642,-92
1321.1,00:04,2642,-90
1321.48,00:02,2643,-99
1321.55,00:03,2643,-92
1321.6,00:04,2643,-90
1321.98,00:02,2644,-99
1322.05,00:03,2644,-92
1322.1,00:04,2644,-90
1322.48,00:02,2645,-99
1322.55,00:03,2645,-92
1322.6,00:04,2645,-90
1322.98,00:02,2646,-99
1323.05,00:03,2646,-92
1323.1,00:04,2646,-90
1323.48,00:02,2647,-99
1323.55,00:03,2647,-92
1323.6,00:04,2647,-91
1323.98,00:02,2648,-99
1324.05,00:03,2648,-92
1324.1,00:04,2648,-91
1324.49,00:02,2649,-99
1324.55,00:03,2649,-92
1324.6,00:04,2649,-91
1324.98,00:02,2650,-99
1325.05,00:03,2650,-92
1325.1,00:04,2650,-91
1325.48,00:02,2651,-99
1325.55,00:03,2651,-92
1325.6,00:04,2651,-91
1325.98,00:02,2652,-99
1326.05,00:03,2652,-92
1326.1,00:04,2652,-92
1326.48,00:02,2653,-99
1326.55,00:03,2653,-92
1326.6,00:04,2653,-92
1326.98,00:02,2654,-99
1327.05,00:03,2654,-92
1327.1,00:04,2654,-92
1327.48,00:02,2655,-99
1327.55,00:03,2655,-92
1327.6,00:04,2655,-92
1327.98,00:02,2656,-99
1328.05,00:03,2656,-92
1328.1,00:04,2656,-92
1328.48,00:02,2657,-99
1328.55,00:03,2657,-92
1328.6,00:04,2657,-92
1328.98,00:02,2658,-99
1329.05,00:03,2658,-93
1329.1,00:04,2658,-93
1329.48,00:02,2659,-99
1329.55,00:03,2659,-93
1329.6,00:04,2659,-93
1329.98,00:02,2660,-99
1330.05,00:03,2660,-93
1330.1,00:04,2660,-93
1330.48,00:02,2661,-99
1330.55,00:03,2661,-93
1330.6,00:04,2661,-93
1330.98,00:02,2662,-98
1331.05,00:03,2662,-93
1331.1,00:04,2662,-93
1331.48,00:02,2663,-98
1331.55,00:03,2663,-93
1331.6,00:04,2663,-93
1331.99,00:02,2664,-98
1332.05,00:03,2664,-93
1332.1,00:04,2664,-94
1332.48,00:02,2665,-98
1332.55,00:03,2665,-93
1332.6,00:04,2665,-94
1332.98,00:02,2666,-98
1333.05,00:03,2666,-93
1333.1,00:04,2666,-94
1333.48,00:02,2667,-98
1333.55,00:03,2667,-93
1333.6,00:04,2667,-94
1333.98,00:02,2668,-98
1334.05,00:03,2668,-93
1334.1,00:04,2668,-94
1334.48,00:02,2669,-98
1334.55,00:03,2669,-93
1334.6,00:04,2669,-94
1334.98,00:02,2670,-98
1335.05,00:03,2670,-93
1335.1,00:04,2670,-95
1335.48,00:02,2671,-98
1335.55,00:03,2671,-93
1335.6,00:04,2671,-95
1335.98,00:02,2672,-98
1336.05,00:03,2672,-93
1336.1,00:04,2672,-95
1336.48,00:02,2673,-98
1336.55,00:03,2673,-93
1336.6,00:04,2673,-95
1336.98,00:02,2674,-98
1337.05,00:03,2674,-94
1337.1,00:04,2674,-95
1337.49,00:02,2675,-98
1337.55,00:03,2675,-94
1337.6,00:04,2675,-95
1337.98,00:02,2676,-98
1338.05,00:03,2676,-94
1338.1,00:04,2676,-95
1338.48,00:02,2677,-99
1338.55,00:03,2677,-94
1338.6,00:04,2677,-95
1338.98,00:02,2678,-99
1339.05,00:03,2678,-94
1339.1,00:04,2678,-95
1339.48,00:02,2679,-99
1339.55,00:03,2679,-94
1339.6,00:04,2679,-95
1339.98,00:02,2680,-99
1340.05,00:03,2680,-94
1340.1,00:04,2680,-95
1340.48,00:02,2681,-99
1340.55,00:03,2681,-94
1340.6,00:04,2681,-95
1340.98,00:02,2682,-99
1341.05,00:03,2682,-94
1341.1,00:04,2682,-95
1341.48,00:02,2683,-99
1341.55,00:03,2683,-94
1341.6,00:04,2683,-95
1341.98,00:02,2684,-99
1342.05,00:03,2684,-94
1342.1,00:04,2684,-95
1342.48,00:02,2685,-100
1342.55,00:03,2685,-94
1342.6,00:04,2685,-95
1342.98,00:02,2686,-100
1343.05,00:03,2686,-94
1343.1,00:04,2686,-95
1343.48,00:02,2687,-100
1343.55,00:03,2687,-94
1343.6,00:04,2687,-95
1343.98,00:02,2688,-100
1344.05,00:03,2688,-94
1344.1,00:04,2688,-95
1344.48,00:02,2689,-100
1344.55,00:03,2689,-94
1344.6,00:04,2689,-95
1344.99,00:02,2690,-100
1345.05,00:03,2690,-94
1345.1,00:04,2690,-94
1345.48,00:02,2691,-100
1345.55,00:03,2691,-94
1345.6,00:04,2691,-94
1345.99,00:02,2692,-100
1346.05,00:03,2692,-94
1346.1,00:04,2692,-94
1346.48,00:02,2693,-100
1346.55,00:03,2693,-94
1346.6,00:04,2693,-94
1346.98,00:02,2694,-100
1347.05,00:03,2694,-101
1347.1,00:04,2694,-101
1347.48,00:02,2695,-107
1347.55,00:03,2695,-101
1347.6,00:04,2695,-101
1347.98,00:02,2696,-107
1348.05,00:03,2696,-101
1348.1,00:04,2696,-100
1348.48,00:02,2697,-107
1348.55,00:03,2697,-101
1348.6,00:04,2697,-100
1348.98,00:02,2698,-107
1349.05,00:03,2698,-101
1349.1,00:04,2698,-100
1349.48,00:02,2699,-107
1349.55,00:03,2699,-100
1349.6,00:04,2699,-100
1349.98,00:02,2700,-107
1350.05,00:03,2700,-100
1350.1,00:04,2700,-100
1350.48,00:02,2701,-107
1350.55,00:03,2701,-100
1350.6,00:04,2701,-99
1350.98,00:02,2702,-107
1351.05,00:03,2702,-100
1351.1,00:04,2702,-99
1351.48,00:02,2703,-107
1351.55,00:03,2703,-100
1351.6,00:04,2703,-99
1351.98,00:02,2704,-107
1352.05,00:03,2704,-100
1352.1,00:04,2704,-99
1352.48,00:02,2705,-107
1352.55,00:03,2705,-100
1352.6,00:04,2705,-99
1352.98,00:02,2706,-107
1353.05,00:03,2706,-100
1353.1,00:04,2706,-98
1353.48,00:02,2707,-107
1353.55,00:03,2707,-100
1353.6,00:04,2707,-98
1353.98,00:02,2708,-107
1354.04,00:03,2708,-100
1354.1,00:04,2708,-98
1354.48,00:02,2709,-107
1354.55,00:03,2709,-100
1354.6,00:04,2709,-98
1354.98,00:02,2710,-107
1355.05,00:03,2710,-100
1355.1,00:04,2710,-98
1355.48,00:02,2711,-107
1355.55,00:03,2711,-100
1355.6,00:04,2711,-97
1355.98,00:02,2712,-107
1356.05,00:03,2712,-100
1356.1,00:04,2712,-97
1356.48,00:02,2713,-107
1356.55,00:03,2713,-100
1356.6,00:04,2713,-97
1356.98,00:02,2714,-107
1357.05,00:03,2714,-100
1357.1,00:04,2714,-97
1357.48,00:02,2715,-107
1357.55,00:03,2715,-100
1357.6,00:04,2715,-97
1357.98,00:02,2716,-107
1358.05,00:03,2716,-99
1358.1,00:04,2716,-96
1358.48,00:02,2717,-107
1358.55,00:03,2717,-99
1358.6,00:04,2717,-96
1358.98,00:02,2718,-107
1359.05,00:03,2718,-92
1359.1,00:04,2718,-89
1359.48,00:02,2719,-100
1359.55,00:03,2719,-92
1359.6,00:04,2719,-89
1359.98,00:02,2720,-100
1360.05,00:03,2720,-92
1360.1,00:04,2720,-89
1360.48,00:02,2721,-100
1360.55,00:03,2721,-92
1360.6,00:04,2721,-88
1360.98,00:02,2722,-100
1361.05,00:03,2722,-92
1361.1,00:04,2722,-88
1361.48,00:02,2723,-100
1361.55,00:03,2723,-92
1361.6,00:04,2723,-88
1361.98,00:02,2724,-100
1362.05,00:03,2724,-92
1362.1,00:04,2724,-88
1362.48,00:02,2725,-100
1362.55,00:03,2725,-92
1362.6,00:04,2725,-87
1362.98,00:02,2726,-100
1363.05,00:03,2726,-92
1363.1,00:04,2726,-87
1363.48,00:02,2727,-100
1363.55,00:03,2727,-92
1363.6,00:04,2727,-87
1363.98,00:02,2728,-100
1364.05,00:03,2728,-92
1364.1,00:04,2728,-87
1364.48,00:02,2729,-100
1364.55,00:03,2729,-92
1364.6,00:04,2729,-86
1364.98,00:02,2730,-100
1365.05,00:03,2730,-92
1365.1,00:04,2730,-86
1365.48,00:02,2731,-100
1365.55,00:03,2731,-92
1365.6,00:04,2731,-86
1365.98,00:02,2732,-100
1366.05,00:03,2732,-92
1366.1,00:04,2732,-86
1366.48,00:02,2733,-100
1366.55,00:03,2733,-91
1366.6,00:04,2733,-86
1366.98,00:02,2734,-100
1367.05,00:03,2734,-91
1367.1,00:04,2734,-85
1367.48,00:02,2735,-100
1367.55,00:03,2735,-91
1367.6,00:04,2735,-85
1367.98,00:02,2736,-101
1368.05,00:03,2736,-91
1368.1,00:04,2736,-85
1368.48,00:02,2737,-101
1368.55,00:03,2737,-91
1368.6,00:04,2737,-85
1368.98,00:02,2738,-101
1369.05,00:03,2738,-91
1369.1,00:04,2738,-84
1369.48,00:02,2739,-101
1369.55,00:03,2739,-91
1369.6,00:04,2739,-84
1369.98,00:02,2740,-101
1370.05,00:03,2740,-91
1370.1,00:04,2740,-84
1370.48,00:02,2741,-101
1370.55,00:03,2741,-91
1370.6,00:04,2741,-84
1370.98,00:02,2742,-101
1371.05,00:03,2742,-91
1371.1,00:04,2742,-83
1371.48,00:02,2743,-101
1371.55,00:03,2743,-91
1371.6,00:04,2743,-83
1371.98,00:02,2744,-101
1372.05,00:03,2744,-91
1372.1,00:04,2744,-83
1372.48,00:02,2745,-101
1372.55,00:03,2745,-91
1372.6,00:04,2745,-83
1372.98,00:02,2746,-101
1373.05,00:03,2746,-91
1373.1,00:04,2746,-82
1373.48,00:02,2747,-101
1373.55,00:03,2747,-91
1373.6,00:04,2747,-82
1373.98,00:02,2748,-101
1374.05,00:03,2748,-91
1374.1,00:04,2748,-82
1374.48,00:02,2749,-101
1374.55,00:03,2749,-91
1374.6,00:04,2749,-82
1374.98,00:02,2750,-101
1375.05,00:03,2750,-90
1375.1,00:04,2750,-81
1375.48,00:02,2751,-101
1375.55,00:03,2751,-90
1375.6,00:04,2751,-81
1375.98,00:02,2752,-101
1376.05,00:03,2752,-90
1376.1,00:04,2752,-81
1376.48,00:02,2753,-101
1376.55,00:03,2753,-90
1376.6,00:04,2753,-81
1376.98,00:02,2754,-101
1377.05,00:03,2754,-90
1377.1,00:04,2754,-80
1377.48,00:02,2755,-101
1377.55,00:03,2755,-90
1377.6,00:04,2755,-80
1377.98,00:02,2756,-101
1378.05,00:03,2756,-90
1378.1,00:04,2756,-80
1378.48,00:02,2757,-101
1378.55,00:03,2757,-90
1378.6,00:04,2757,-80
1378.98,00:02,2758,-101
1379.05,00:03,2758,-90
1379.1,00:04,2758,-79
1379.48,00:02,2759,-101
1379.55,00:03,2759,-90
1379.6,00:04,2759,-79
1379.98,00:02,2760,-102
1380.05,00:03,2760,-90
1380.1,00:04,2760,-79
1380.48,00:02,2761,-102
1380.55,00:03,2761,-90
1380.6,00:04,2761,-79
1380.98,00:02,2762,-102
1381.05,00:03,2762,-90
1381.1,00:04,2762,-79
1381.48,00:02,2763,-102
1381.55,00:03,2763,-90
1381.6,00:04,2763,-78
1381.98,00:02,2764,-102
1382.05,00:03,2764,-90
1382.1,00:04,2764,-78
1382.48,00:02,2765,-102
1382.55,00:03,2765,-90
1382.6,00:04,2765,-78
1382.98,00:02,2766,-102
1383.05,00:03,2766,-90
1383.1,00:04,2766,-78
1383.48,00:02,2767,-102
1383.55,00:03,2767,-90
1383.6,00:04,2767,-78
1383.98,00:02,2768,-102
1384.05,00:03,2768,-89
1384.1,00:04,2768,-78
1384.48,00:02,2769,-102
1384.55,00:03,2769,-89
1384.6,00:04,2769,-78
1384.98,00:02,2770,-102
1385.05,00:03,2770,-89
1385.1,00:04,2770,-77
1385.48,00:02,2771,-102
1385.55,00:03,2771,-89
1385.6,00:04,2771,-77
1385.98,00:02,2772,-102
1386.05,00:03,2772,-89
1386.1,00:04,2772,-77
1386.48,00:02,2773,-102
1386.55,00:03,2773,-89
1386.6,00:04,2773,-77
1386.98,00:02,2774,-102
1387.05,00:03,2774,-89
1387.1,00:04,2774,-77
1387.48,00:02,2775,-102
1387.55,00:03,2775,-89
1387.6,00:04,2775,-77
1387.98,00:02,2776,-102
1388.05,00:03,2776,-89
1388.1,00:04,2776,-77
1388.48,00:02,2777,-102
1388.55,00:03,2777,-89
1388.6,00:04,2777,-77
1388.98,00:02,2778,-102
1389.05,00:03,2778,-89
1389.1,00:04,2778,-77
1389.48,00:02,2779,-102
1389.55,00:03,2779,-89
1389.6,00:04,2779,-77
1389.98,00:02,2780,-103
1390.05,00:03,2780,-89
1390.1,00:04,2780,-77
1390.48,00:02,2781,-103
1390.55,00:03,2781,-89
1390.6,00:04,2781,-77
1390.98,00:02,2782,-103
1391.05,00:03,2782,-89
1391.1,00:04,2782,-77
1391.48,00:02,2783,-103
1391.55,00:03,2783,-89
1391.6,00:04,2783,-77
1391.98,00:02,2784,-103
1392.05,00:03,2784,-89
1392.1,00:04,2784,-77
1392.48,00:02,2785,-103
1392.55,00:03,2785,-89
1392.6,00:04,2785,-77
1392.98,00:02,2786,-103
1393.05,00:03,2786,-88
1393.1,00:04,2786,-78
1393.48,00:02,2787,-103
1393.55,00:03,2787,-88
1393.6,00:04,2787,-78
1393.98,00:02,2788,-103
1394.05,00:03,2788,-88
1394.1,00:04,2788,-78
1394.48,00:02,2789,-103
1394.55,00:03,2789,-88
1394.6,00:04,2789,-78
1394.98,00:02,2790,-103
1395.05,00:03,2790,-88
1395.1,00:04,2790,-78
1395.48,00:02,2791,-103
1395.55,00:03,2791,-88
1395.6,00:04,2791,-78
1395.98,00:02,2792,-103
1396.05,00:03,2792,-88
1396.1,00:04,2792,-78
1396.48,00:02,2793,-103
1396.55,00:03,2793,-88
1396.6,00:04,2793,-78
1396.98,00:02,2794,-103
1397.05,00:03,2794,-88
1397.1,00:04,2794,-79
1397.48,00:02,2795,-103
1397.55,00:03,2795,-88
1397.6,00:04,2795,-79
1397.98,00:02,2796,-103
1398.05,00:03,2796,-88
1398.1,00:04,2796,-79
1398.48,00:02,2797,-103
1398.55,00:03,2797,-88
1398.6,00:04,2797,-79
1398.98,00:02,2798,-104
1399.05,00:03,2798,-88
1399.1,00:04,2798,-79
1399.48,00:02,2799,-104
1399.55,00:03,2799,-88
1399.6,00:04,2799,-80
1399.98,00:02,2800,-104
1400.05,00:03,2800,-88
1400.1,00:04,2800,-80
1400.48,00:02,2801,-104
1400.55,00:03,2801,-88
1400.6,00:04,2801,-80
1400.98,00:02,2802,-104
1401.04,00:03,2802,-88
1401.1,00:04,2802,-80
1401.48,00:02,2803,-104
1401.55,00:03,2803,-88
1401.6,00:04,2803,-81
1401.98,00:02,2804,-104
1402.05,00:03,2804,-88
1402.1,00:04,2804,-81
1402.48,00:02,2805,-104
1402.55,00:03,2805,-88
1402.6,00:04,2805,-81
1402.98,00:02,2806,-104
1403.04,00:03,2806,-88
1403.1,00:04,2806,-81
1403.48,00:02,2807,-104
1403.55,00:03,2807,-88
1403.6,00:04,2807,-82
1403.98,00:02,2808,-104
1404.05,00:03,2808,-87
1404.1,00:04,2808,-82
1404.48,00:02,2809,-104
1404.55,00:03,2809,-87
1404.6,00:04,2809,-82
1404.98,00:02,2810,-104
1405.05,00:03,2810,-87
1405.1,00:04,2810,-82
1405.48,00:02,2811,-104
1405.55,00:03,2811,-87
1405.6,00:04,2811,-83
1405.98,00:02,2812,-104
1406.05,00:03,2812,-87
1406.11,00:04,2812,-83
1406.48,00:02,2813,-104
1406.55,00:03,2813,-87
1406.6,00:04,2813,-83
1406.98,00:02,2814,-104
1407.05,00:03,2814,-87
1407.1,00:04,2814,-83
1407.48,00:02,2815,-105
1407.55,00:03,2815,-87
1407.6,00:04,2815,-84
1407.98,00:02,2816,-105
1408.05,00:03,2816,-87
1408.1,00:04,2816,-84
1408.48,00:02,2817,-105
1408.55,00:03,2817,-87
1408.6,00:04,2817,-84
1408.98,00:02,2818,-105
1409.04,00:03,2818,-87
1409.1,00:04,2818,-84
1409.48,00:02,2819,-105
1409.55,00:03,2819,-87
1409.6,00:04,2819,-85
1409.98,00:02,2820,-105
1410.05,00:03,2820,-87
1410.1,00:04,2820,-85
1410.48,00:02,2821,-105
1410.55,00:03,2821,-87
1410.6,00:04,2821,-85
1410.98,00:02,2822,-105
1411.05,00:03,2822,-87
1411.1,00:04,2822,-85
1411.48,00:02,2823,-105
1411.55,00:03,2823,-87
1411.6,00:04,2823,-86
1411.98,00:02,2824,-105
1412.05,00:03,2824,-87
1412.1,00:04,2824,-86
1412.48,00:02,2825,-105
1412.55,00:03,2825,-87
1412.6,00:04,2825,-86
1412.98,00:02,2826,-105
1413.05,00:03,2826,-87
1413.1,00:04,2826,-86
1413.48,00:02,2827,-105
1413.55,00:03,2827,-87
1413.6,00:04,2827,-87
1413.98,00:02,2828,-105
1414.05,00:03,2828,-87
1414.1,00:04,2828,-87
1414.48,00:02,2829,-105
1414.55,00:03,2829,-87
1414.6,00:04,2829,-87
1414.98,00:02,2830,-105
1415.05,00:03,2830,-94
1415.1,00:04,2830,-94
1415.55,00:03,2831,-94
1415.6,00:04,2831,-95
1416.05,00:03,2832,-94
1416.1,00:04,2832,-95
1416.55,00:03,2833,-94
1416.6,00:04,2833,-95
1417.05,00:03,2834,-94
1417.1,00:04,2834,-95
1417.55,00:03,2835,-94
1417.6,00:04,2835,-95
1418.05,00:03,2836,-94
1418.1,00:04,2836,-96
1418.55,00:03,2837,-94
1418.6,00:04,2837,-96
1419.05,00:03,2838,-93
1419.1,00:04,2838,-96
1419.55,00:03,2839,-93
1419.6,00:04,2839,-96
1420.05,00:03,2840,-93
1420.1,00:04,2840,-97
1420.55,00:03,2841,-93
1420.6,00:04,2841,-97
1421.05,00:03,2842,-93
1421.1,00:04,2842,-97
1421.55,00:03,2843,-93
1421.6,00:04,2843,-97
1422.05,00:03,2844,-93
1422.1,00:04,2844,-97
1422.55,00:03,2845,-93
1422.6,00:04,2845,-98
1423.05,00:03,2846,-93
1423.1,00:04,2846,-98
1423.55,00:03,2847,-93
1423.6,00:04,2847,-98
1424.05,00:03,2848,-93
1424.1,00:04,2848,-98
1424.55,00:03,2849,-93
1424.6,00:04,2849,-98
1425.04,00:03,2850,-93
1425.1,00:04,2850,-99
1425.55,00:03,2851,-93
1425.6,00:04,2851,-99
1426.05,00:03,2852,-93
1426.1,00:04,2852,-99
1426.55,00:03,2853,-93
1426.6,00:04,2853,-99
1427.05,00:03,2854,-93
1427.1,00:04,2854,-99
1427.55,00:03,2855,-93
1427.6,00:04,2855,-100
1428.05,00:03,2856,-93
1428.1,00:04,2856,-100
1428.55,00:03,2857,-93
1428.6,00:04,2857,-100
1429.05,00:03,2858,-93
1429.1,00:04,2858,-100
1429.55,00:03,2859,-93
1429.6,00:04,2859,-100
1430.05,00:03,2860,-93
1430.1,00:04,2860,-100
1430.55,00:03,2861,-93
1430.6,00:04,2861,-101
1431.05,00:03,2862,-86
1431.1,00:04,2862,-94
1431.48,00:02,2863,-107
1431.55,00:03,2863,-86
1431.6,00:04,2863,-94
1432.05,00:03,2864,-86
1432.1,00:04,2864,-94
1432.48,00:02,2865,-107
1432.55,00:03,2865,-86
1432.6,00:04,2865,-94
1432.98,00:02,2866,-108
1433.05,00:03,2866,-86
1433.1,00:04,2866,-95
1433.55,00:03,2867,-86
1433.6,00:04,2867,-95
1433.98,00:02,2868,-108
1434.05,00:03,2868,-86
1434.1,00:04,2868,-95
1434.48,00:02,2869,-108
1434.55,00:03,2869,-86
1434.6,00:04,2869,-95
1434.98,00:02,2870,-108
1435.05,00:03,2870,-86
1435.1,00:04,2870,-95
1435.48,00:02,2871,-108
1435.55,00:03,2871,-86
1435.6,00:04,2871,-95
1435.98,00:02,2872,-108
1436.05,00:03,2872,-87
1436.1,00:04,2872,-95
1436.48,00:02,2873,-108
1436.55,00:03,2873,-87
1436.6,00:04,2873,-94
1436.98,00:02,2874,-108
1437.05,00:03,2874,-87
1437.1,00:04,2874,-94
1437.48,00:02,2875,-108
1437.55,00:03,2875,-87
1437.6,00:04,2875,-94
1438.05,00:03,2876,-87
1438.1,00:04,2876,-94
1438.48,00:02,2877,-108
1438.55,00:03,2877,-87
1438.6,00:04,2877,-94
1439.05,00:03,2878,-87
1439.1,00:04,2878,-94
1439.55,00:03,2879,-87
1439.6,00:04,2879,-94
1439.98,00:02,2880,-108
1440.05,00:03,2880,-87
1440.1,00:04,2880,-94
1440.48,00:02,2881,-108
1440.55,00:03,2881,-87
1440.6,00:04,2881,-94
1441.05,00:03,2882,-87
1441.1,00:04,2882,-94
1441.48,00:02,2883,-108
1441.54,00:03,2883,-87
1441.6,00:04,2883,-94
1441.98,00:02,2884,-108
1442.05,00:03,2884,-87
1442.1,00:04,2884,-93
1442.48,00:02,2885,-108
1442.55,00:03,2885,-87
1442.6,00:04,2885,-93
1442.98,00:02,2886,-108
1443.05,00:03,2886,-94
1443.1,00:04,2886,-100
1443.55,00:03,2887,-94
1443.6,00:04,2887,-100
1444.05,00:03,2888,-94
1444.1,00:04,2888,-100
1444.55,00:03,2889,-94
1444.6,00:04,2889,-100
1445.05,00:03,2890,-94
1445.1,00:04,2890,-99
1445.55,00:03,2891,-94
1445.6,00:04,2891,-99
1446.05,00:03,2892,-94
1446.1,00:04,2892,-99
1446.55,00:03,2893,-94
1446.6,00:04,2893,-99
1447.04,00:03,2894,-94
1447.1,00:04,2894,-99
1447.55,00:03,2895,-94
1447.6,00:04,2895,-98
1448.05,00:03,2896,-94
1448.1,00:04,2896,-98
1448.55,00:03,2897,-94
1448.6,00:04,2897,-98
1449.05,00:03,2898,-94
1449.1,00:04,2898,-98
1449.55,00:03,2899,-94
1449.6,00:04,2899,-97
1450.05,00:03,2900,-94
1450.1,00:04,2900,-97
1450.55,00:03,2901,-94
1450.6,00:04,2901,-97
1451.05,00:03,2902,-94
1451.1,00:04,2902,-97
1451.55,00:03,2903,-94
1451.6,00:04,2903,-97
1452.05,00:03,2904,-94
1452.1,00:04,2904,-96
1452.55,00:03,2905,-94
1452.6,00:04,2905,-96
1453.05,00:03,2906,-95
1453.1,00:04,2906,-96
1453.55,00:03,2907,-95
1453.6,00:04,2907,-96
1454.05,00:03,2908,-95
1454.1,00:04,2908,-95
1454.55,00:03,2909,-95
1454.6,00:04,2909,-95
1455.05,00:03,2910,-95
1455.1,00:04,2910,-95
1455.55,00:03,2911,-95
1455.6,00:04,2911,-95
1456.05,00:03,2912,-95
1456.1,00:04,2912,-94
1456.55,00:03,2913,-95
1456.6,00:04,2913,-94
1457.05,00:03,2914,-95
1457.1,00:04,2914,-94
1457.55,00:03,2915,-95
1457.6,00:04,2915,-94
1458.05,00:03,2916,-95
1458.1,00:04,2916,-93
1458.54,00:03,2917,-95
1458.6,00:04,2917,-93
1459.05,00:03,2918,-88
1459.1,00:04,2918,-86
1459.48,00:02,2919,-106
1459.55,00:03,2919,-88
1459.6,00:04,2919,-86
1459.98,00:02,2920,-106
1460.05,00:03,2920,-88
1460.1,00:04,2920,-85
1460.48,00:02,2921,-106
1460.55,00:03,2921,-88
1460.6,00:04,2921,-85
1460.98,00:02,2922,-106
1461.05,00:03,2922,-88
1461.1,00:04,2922,-85
1461.48,00:02,2923,-106
1461.54,00:03,2923,-88
1461.6,00:04,2923,-84
1461.98,00:02,2924,-106
1462.05,00:03,2924,-88
1462.1,00:04,2924,-84
1462.48,00:02,2925,-106
1462.55,00:03,2925,-88
1462.6,00:04,2925,-84
1462.98,00:02,2926,-106
1463.05,00:03,2926,-88
1463.1,00:04,2926,-83
1463.48,00:02,2927,-106
1463.55,00:03,2927,-88
1463.6,00:04,2927,-83
1463.98,00:02,2928,-105
1464.05,00:03,2928,-88
1464.1,00:04,2928,-83
1464.48,00:02,2929,-105
1464.55,00:03,2929,-88
1464.6,00:04,2929,-83
1464.98,00:02,2930,-105
1465.05,00:03,2930,-88
1465.1,00:04,2930,-82
1465.48,00:02,2931,-105
1465.55,00:03,2931,-88
1465.6,00:04,2931,-82
1465.98,00:02,2932,-105
1466.05,00:03,2932,-88
1466.1,00:04,2932,-82
1466.48,00:02,2933,-105
1466.55,00:03,2933,-88
1466.6,00:04,2933,-81
1466.98,00:02,2934,-105
1467.04,00:03,2934,-88
1467.1,00:04,2934,-81
1467.48,00:02,2935,-105
1467.55,00:03,2935,-88
1467.6,00:04,2935,-81
1467.98,00:02,2936,-105
1468.05,00:03,2936,-88
1468.1,00:04,2936,-80
1468.48,00:02,2937,-105
1468.55,00:03,2937,-88
1468.6,00:04,2937,-80
1468.98,00:02,2938,-105
1469.05,00:03,2938,-88
1469.1,00:04,2938,-80
1469.48,00:02,2939,-105
1469.55,00:03,2939,-88
1469.6,00:04,2939,-79
1469.98,00:02,2940,-105
1470.05,00:03,2940,-88
1470.1,00:04,2940,-79
1470.48,00:02,2941,-105
1470.55,00:03,2941,-89
1470.6,00:04,2941,-79
1470.98,00:02,2942,-105
1471.05,00:03,2942,-89
1471.1,00:04,2942,-78
1471.48,00:02,2943,-105
1471.54,00:03,2943,-89
1471.6,00:04,2943,-78
1471.98,00:02,2944,-105
1472.05,00:03,2944,-89
1472.1,00:04,2944,-78
1472.48,00:02,2945,-105
1472.55,00:03,2945,-89
1472.6,00:04,2945,-77
1472.98,00:02,2946,-104
1473.05,00:03,2946,-89
1473.1,00:04,2946,-77
1473.48,00:02,2947,-104
1473.55,00:03,2947,-89
1473.6,00:04,2947,-77
1473.98,00:02,2948,-104
1474.05,00:03,2948,-89
1474.1,00:04,2948,-77
1474.48,00:02,2949,-104
1474.55,00:03,2949,-89
1474.6,00:04,2949,-77
1474.98,00:02,2950,-104
1475.05,00:03,2950,-89
1475.1,00:04,2950,-76
1475.48,00:02,2951,-104
1475.55,00:03,2951,-89
1475.6,00:04,2951,-76
1475.98,00:02,2952,-104
1476.05,00:03,2952,-89
1476.1,00:04,2952,-76
1476.48,00:02,2953,-104
1476.55,00:03,2953,-89
1476.6,00:04,2953,-76
1476.98,00:02,2954,-104
1477.05,00:03,2954,-89
1477.1,00:04,2954,-76
1477.48,00:02,2955,-104
1477.54,00:03,2955,-89
1477.6,00:04,2955,-75
1477.98,00:02,2956,-104
1478.05,00:03,2956,-89
1478.1,00:04,2956,-75
1478.48,00:02,2957,-104
1478.55,00:03,2957,-89
1478.6,00:04,2957,-75
1478.98,00:02,2958,-104
1479.05,00:03,2958,-89
1479.1,00:04,2958,-75
1479.48,00:02,2959,-104
1479.54,00:03,2959,-89
1479.6,00:04,2959,-75
1479.98,00:02,2960,-104
1480.05,00:03,2960,-89
1480.1,00:04,2960,-75
1480.48,00:02,2961,-104
1480.55,00:03,2961,-89
1480.6,00:04,2961,-75
1480.98,00:02,2962,-104
1481.05,00:03,2962,-89
1481.1,00:04,2962,-74
1481.48,00:02,2963,-104
1481.54,00:03,2963,-89
1481.6,00:04,2963,-74
1481.98,00:02,2964,-104
1482.04,00:03,2964,-89
1482.1,00:04,2964,-74
1482.48,00:02,2965,-104
1482.55,00:03,2965,-90
1482.6,00:04,2965,-74
1482.98,00:02,2966,-103
1483.04,00:03,2966,-90
1483.1,00:04,2966,-74
1483.48,00:02,2967,-103
1483.54,00:03,2967,-90
1483.6,00:04,2967,-74
1483.98,00:02,2968,-103
1484.05,00:03,2968,-90
1484.1,00:04,2968,-74
1484.48,00:02,2969,-103
1484.55,00:03,2969,-90
1484.6,00:04,2969,-74
1484.98,00:02,2970,-103
1485.05,00:03,2970,-90
1485.1,00:04,2970,-74
1485.48,00:02,2971,-103
1485.55,00:03,2971,-90
1485.6,00:04,2971,-74
1485.98,00:02,2972,-103
1486.05,00:03,2972,-90
1486.1,00:04,2972,-74
1486.48,00:02,2973,-103
1486.54,00:03,2973,-90
1486.6,00:04,2973,-74
1486.98,00:02,2974,-103
1487.05,00:03,2974,-90
1487.1,00:04,2974,-74
1487.48,00:02,2975,-103
1487.55,00:03,2975,-90
1487.6,00:04,2975,-74
1487.98,00:02,2976,-103
1488.05,00:03,2976,-90
1488.1,00:04,2976,-74
1488.48,00:02,2977,-103
1488.55,00:03,2977,-90
1488.6,00:04,2977,-74
1488.98,00:02,2978,-103
1489.05,00:03,2978,-90
1489.1,00:04,2978,-74
1489.48,00:02,2979,-103
1489.55,00:03,2979,-90
1489.6,00:04,2979,-75
1489.98,00:02,2980,-103
1490.05,00:03,2980,-90
1490.1,00:04,2980,-75
1490.48,00:02,2981,-103
1490.55,00:03,2981,-90
1490.6,00:04,2981,-75
1490.98,00:02,2982,-103
1491.05,00:03,2982,-90
1491.1,00:04,2982,-75
1491.48,00:02,2983,-103
1491.55,00:03,2983,-90
1491.6,00:04,2983,-75
1491.98,00:02,2984,-103
1492.05,00:03,2984,-90
1492.1,00:04,2984,-75
1492.48,00:02,2985,-103
1492.55,00:03,2985,-91
1492.6,00:04,2985,-76
1492.98,00:02,2986,-103
1493.05,00:03,2986,-91
1493.1,00:04,2986,-76
1493.48,00:02,2987,-103
1493.55,00:03,2987,-91
1493.6,00:04,2987,-76
1493.98,00:02,2988,-102
1494.05,00:03,2988,-91
1494.1,00:04,2988,-76
1494.48,00:02,2989,-102
1494.55,00:03,2989,-91
1494.6,00:04,2989,-76
1494.98,00:02,2990,-102
1495.05,00:03,2990,-91
1495.1,00:04,2990,-76
1495.48,00:02,2991,-102
1495.55,00:03,2991,-91
1495.6,00:04,2991,-77
1495.98,00:02,2992,-102
1496.05,00:03,2992,-91
1496.1,00:04,2992,-77
1496.48,00:02,2993,-102
1496.55,00:03,2993,-91
1496.6,00:04,2993,-77
1496.98,00:02,2994,-102
1497.05,00:03,2994,-91
1497.1,00:04,2994,-77
1497.48,00:02,2995,-102
1497.54,00:03,2995,-91
1497.6,00:04,2995,-77
1497.98,00:02,2996,-102
1498.05,00:03,2996,-91
1498.1,00:04,2996,-78
1498.48,00:02,2997,-102
1498.55,00:03,2997,-91
1498.6,00:04,2997,-78
1498.98,00:02,2998,-102
1499.05,00:03,2998,-91
1499.1,00:04,2998,-78
1499.48,00:02,2999,-102
1499.55,00:03,2999,-91
1499.6,00:04,2999,-79
1499.98,00:02,3000,-102
1500.05,00:03,3000,-91
1500.1,00:04,3000,-79
1500.48,00:02,3001,-102
1500.55,00:03,3001,-91
1500.6,00:04,3001,-79
1500.98,00:02,3002,-102
1501.04,00:03,3002,-91
1501.1,00:04,3002,-80
1501.48,00:02,3003,-102
1501.55,00:03,3003,-91
1501.6,00:04,3003,-80
1501.98,00:02,3004,-102
1502.05,00:03,3004,-92
1502.1,00:04,3004,-80
1502.48,00:02,3005,-102
1502.55,00:03,3005,-92
1502.6,00:04,3005,-81
1502.98,00:02,3006,-102
1503.05,00:03,3006,-92
1503.1,00:04,3006,-81
1503.48,00:02,3007,-102
1503.55,00:03,3007,-92
1503.6,00:04,3007,-81
1503.98,00:02,3008,-102
1504.04,00:03,3008,-92
1504.1,00:04,3008,-82
1504.48,00:02,3009,-102
1504.55,00:03,3009,-92
1504.6,00:04,3009,-82
1504.98,00:02,3010,-102
1505.05,00:03,3010,-92
1505.1,00:04,3010,-82
1505.48,00:02,3011,-102
1505.55,00:03,3011,-92
1505.6,00:04,3011,-83
1505.98,00:02,3012,-102
1506.05,00:03,3012,-92
1506.1,00:04,3012,-83
1506.48,00:02,3013,-102
1506.54,00:03,3013,-92
1506.6,00:04,3013,-83
1506.98,00:02,3014,-102
1507.05,00:03,3014,-92
1507.1,00:04,3014,-84
1507.48,00:02,3015,-101
1507.55,00:03,3015,-92
1507.6,00:04,3015,-84
1507.98,00:02,3016,-101
1508.05,00:03,3016,-92
1508.1,00:04,3016,-84
1508.48,00:02,3017,-101
1508.55,00:03,3017,-92
1508.6,00:04,3017,-84
1508.98,00:02,3018,-101
1509.05,00:03,3018,-92
1509.1,00:04,3018,-85
1509.48,00:02,3019,-101
1509.54,00:03,3019,-92
1509.6,00:04,3019,-85
1509.98,00:02,3020,-101
1510.05,00:03,3020,-92
1510.1,00:04,3020,-85
1510.48,00:02,3021,-101
1510.55,00:03,3021,-92
1510.6,00:04,3021,-86
1510.98,00:02,3022,-101
1511.05,00:03,3022,-93
1511.1,00:04,3022,-86
1511.48,00:02,3023,-101
1511.55,00:03,3023,-93
1511.6,00:04,3023,-86
1511.98,00:02,3024,-101
1512.05,00:03,3024,-93
1512.1,00:04,3024,-86
1512.48,00:02,3025,-101
1512.55,00:03,3025,-93
1512.6,00:04,3025,-87
1512.98,00:02,3026,-101
1513.05,00:03,3026,-93
1513.1,00:04,3026,-87
1513.48,00:02,3027,-101
1513.55,00:03,3027,-93
1513.6,00:04,3027,-87
1513.98,00:02,3028,-101
1514.05,00:03,3028,-93
1514.1,00:04,3028,-87
1514.48,00:02,3029,-101
1514.55,00:03,3029,-93
1514.6,00:04,3029,-88
1514.98,00:02,3030,-101
1515.05,00:03,3030,-100
1515.1,00:04,3030,-95
1515.55,00:03,3031,-100
1515.6,00:04,3031,-95
1515.98,00:02,3032,-108
1516.05,00:03,3032,-100
1516.1,00:04,3032,-95
1516.48,00:02,3033,-108
1516.55,00:03,3033,-100
1516.6,00:04,3033,-96
1516.98,00:02,3034,-108
1517.04,00:03,3034,-100
1517.1,00:04,3034,-96
1517.48,00:02,3035,-108
1517.54,00:03,3035,-100
1517.6,00:04,3035,-96
1517.98,00:02,3036,-108
1518.05,00:03,3036,-100
1518.1,00:04,3036,-96
1518.48,00:02,3037,-108
1518.55,00:03,3037,-100
1518.6,00:04,3037,-97
1519.04,00:03,3038,-100
1519.1,00:04,3038,-97
1519.48,00:02,3039,-108
1519.55,00:03,3039,-100
1519.6,00:04,3039,-97
1519.98,00:02,3040,-108
1520.05,00:03,3040,-101
1520.1,00:04,3040,-97
1520.48,00:02,3041,-108
1520.55,00:03,3041,-101
1520.6,00:04,3041,-98
1521.04,00:03,3042,-101
1521.1,00:04,3042,-98
1521.48,00:02,3043,-108
1521.55,00:03,3043,-101
1521.6,00:04,3043,-98
1521.98,00:02,3044,-108
1522.05,00:03,3044,-101
1522.1,00:04,3044,-98
1522.48,00:02,3045,-108
1522.55,00:03,3045,-101
1522.6,00:04,3045,-98
1522.98,00:02,3046,-108
1523.04,00:03,3046,-101
1523.1,00:04,3046,-99
1523.55,00:03,3047,-101
1523.6,00:04,3047,-99
1523.98,00:02,3048,-108
1524.05,00:03,3048,-101
1524.1,00:04,3048,-99
1524.48,00:02,3049,-108
1524.55,00:03,3049,-101
1524.6,00:04,3049,-99
1524.98,00:02,3050,-108
1525.05,00:03,3050,-101
1525.1,00:04,3050,-99
1525.48,00:02,3051,-108
1525.54,00:03,3051,-101
1525.6,00:04,3051,-100
1525.98,00:02,3052,-108
1526.05,00:03,3052,-101
1526.1,00:04,3052,-100
1526.48,00:02,3053,-108
1526.55,00:03,3053,-101
1526.6,00:04,3053,-100
1527.05,00:03,3054,-94
1527.1,00:04,3054,-93
1527.48,00:02,3055,-101
1527.55,00:03,3055,-94
1527.6,00:04,3055,-93
1527.98,00:02,3056,-101
1528.05,00:03,3056,-94
1528.1,00:04,3056,-94
1528.48,00:02,3057,-101
1528.55,00:03,3057,-94
1528.6,00:04,3057,-94
1528.98,00:02,3058,-101
1529.05,00:03,3058,-95
1529.1,00:04,3058,-94
1529.48,00:02,3059,-101
1529.55,00:03,3059,-95
1529.6,00:04,3059,-94
1529.98,00:02,3060,-101
1530.05,00:03,3060,-95
1530.1,00:04,3060,-94
1530.48,00:02,3061,-101
1530.55,00:03,3061,-95
1530.6,00:04,3061,-94
1530.98,00:02,3062,-101
1531.04,00:03,3062,-95
1531.1,00:04,3062,-94
1531.48,00:02,3063,-101
1531.55,00:03,3063,-95
1531.6,00:04,3063,-94
1531.98,00:02,3064,-101
1532.05,00:03,3064,-95
1532.1,00:04,3064,-94
1532.48,00:02,3065,-101
1532.55,00:03,3065,-95
1532.6,00:04,3065,-94
1532.98,00:02,3066,-101
1533.05,00:03,3066,-95
1533.1,00:04,3066,-94
1533.48,00:02,3067,-102
1533.55,00:03,3067,-95
1533.6,00:04,3067,-94
1533.98,00:02,3068,-102
1534.05,00:03,3068,-95
1534.1,00:04,3068,-94
1534.48,00:02,3069,-102
1534.55,00:03,3069,-95
1534.6,00:04,3069,-94
1534.98,00:02,3070,-102
1535.05,00:03,3070,-95
1535.1,00:04,3070,-94
1535.48,00:02,3071,-102
1535.55,00:03,3071,-95
1535.6,00:04,3071,-94
1535.98,00:02,3072,-102
1536.05,00:03,3072,-95
1536.1,00:04,3072,-94
1536.48,00:02,3073,-102
1536.55,00:03,3073,-95
1536.6,00:04,3073,-94
1536.98,00:02,3074,-102
1537.05,00:03,3074,-95
1537.1,00:04,3074,-93
1537.48,00:02,3075,-102
1537.55,00:03,3075,-95
1537.6,00:04,3075,-93
1537.98,00:02,3076,-102
1538.05,00:03,3076,-95
1538.1,00:04,3076,-93
1538.48,00:02,3077,-102
1538.55,00:03,3077,-95
1538.6,00:04,3077,-93
1538.98,00:02,3078,-102
1539.04,00:03,3078,-102
1539.1,00:04,3078,-100
1539.48,00:02,3079,-109
1539.54,00:03,3079,-102
1539.6,00:04,3079,-99
1540.05,00:03,3080,-102
1540.1,00:04,3080,-99
1540.55,00:03,3081,-102
1540.6,00:04,3081,-99
1541.04,00:03,3082,-102
1541.1,00:04,3082,-99
1541.55,00:03,3083,-102
1541.6,00:04,3083,-99
1542.05,00:03,3084,-101
1542.1,00:04,3084,-98
1542.48,00:02,3085,-109
1542.55,00:03,3085,-101
1542.6,00:04,3085,-98
1543.05,00:03,3086,-101
1543.1,00:04,3086,-98
1543.48,00:02,3087,-109
1543.55,00:03,3087,-101
1543.6,00:04,3087,-98
1543.98,00:02,3088,-109
1544.05,00:03,3088,-101
1544.1,00:04,3088,-98
1544.48,00:02,3089,-109
1544.55,00:03,3089,-101
1544.6,00:04,3089,-97
1545.05,00:03,3090,-101
1545.1,00:04,3090,-97
1545.55,00:03,3091,-101
1545.6,00:04,3091,-97
1546.05,00:03,3092,-101
1546.1,00:04,3092,-97
1546.48,00:02,3093,-109
1546.55,00:03,3093,-101
1546.6,00:04,3093,-96
1547.05,00:03,3094,-101
1547.1,00:04,3094,-96
1547.48,00:02,3095,-109
1547.55,00:03,3095,-101
1547.6,00:04,3095,-96
1548.05,00:03,3096,-101
1548.1,00:04,3096,-96
1548.55,00:03,3097,-101
1548.6,00:04,3097,-95
1549.05,00:03,3098,-101
1549.1,00:04,3098,-95
1549.55,00:03,3099,-101
1549.6,00:04,3099,-95
1550.04,00:03,3100,-101
1550.1,00:04,3100,-95
1550.55,00:03,3101,-101
1550.6,00:04,3101,-94
1551.04,00:03,3102,-94
1551.1,00:04,3102,-87
1551.48,00:02,3103,-102
1551.54,00:03,3103,-93
1551.6,00:04,3103,-87
1551.98,00:02,3104,-102
1552.04,00:03,3104,-93
1552.1,00:04,3104,-86
1552.48,00:02,3105,-102
1552.55,00:03,3105,-93
1552.6,00:04,3105,-86
1552.98,00:02,3106,-102
1553.05,00:03,3106,-93
1553.1,00:04,3106,-86
1553.48,00:02,3107,-102
1553.54,00:03,3107,-93
1553.6,00:04,3107,-86
1553.98,00:02,3108,-102
1554.04,00:03,3108,-93
1554.1,00:04,3108,-85
1554.48,00:02,3109,-102
1554.55,00:03,3109,-93
1554.6,00:04,3109,-85
1554.98,00:02,3110,-102
1555.05,00:03,3110,-93
1555.1,00:04,3110,-85
1555.48,00:02,3111,-102
1555.55,00:03,3111,-93
1555.6,00:04,3111,-84
1555.98,00:02,3112,-102
1556.05,00:03,3112,-93
1556.1,00:04,3112,-84
1556.48,00:02,3113,-102
1556.54,00:03,3113,-93
1556.6,00:04,3113,-84
1556.98,00:02,3114,-102
1557.05,00:03,3114,-93
1557.1,00:04,3114,-83
1557.48,00:02,3115,-102
1557.55,00:03,3115,-93
1557.6,00:04,3115,-83
1557.98,00:02,3116,-102
1558.04,00:03,3116,-93
1558.1,00:04,3116,-83
1558.48,00:02,3117,-102
1558.55,00:03,3117,-93
1558.6,00:04,3117,-82
1558.98,00:02,3118,-103
1559.05,00:03,3118,-93
1559.1,00:04,3118,-82
1559.48,00:02,3119,-103
1559.55,00:03,3119,-93
1559.6,00:04,3119,-82
1559.98,00:02,3120,-103
1560.05,00:03,3120,-93
1560.1,00:04,3120,-81
1560.48,00:02,3121,-103
1560.55,00:03,3121,-93
1560.6,00:04,3121,-81
1560.98,00:02,3122,-103
1561.05,00:03,3122,-92
1561.1,00:04,3122,-81
1561.48,00:02,3123,-103
1561.55,00:03,3123,-92
1561.6,00:04,3123,-80
1561.98,00:02,3124,-103
1562.05,00:03,3124,-92
1562.1,00:04,3124,-80
1562.48,00:02,3125,-103
1562.55,00:03,3125,-92
1562.6,00:04,3125,-79
1562.98,00:02,3126,-103
1563.05,00:03,3126,-92
1563.1,00:04,3126,-79
1563.48,00:02,3127,-103
1563.55,00:03,3127,-92
1563.6,00:04,3127,-79
1563.98,00:02,3128,-103
1564.04,00:03,3128,-92
1564.1,00:04,3128,-78
1564.48,00:02,3129,-103
1564.55,00:03,3129,-92
1564.6,00:04,3129,-78
1564.98,00:02,3130,-103
1565.05,00:03,3130,-92
1565.1,00:04,3130,-77
1565.48,00:02,3131,-103
1565.55,00:03,3131,-92
1565.6,00:04,3131,-77
1565.98,00:02,3132,-103
1566.05,00:03,3132,-92
1566.1,00:04,3132,-77
1566.48,00:02,3133,-103
1566.54,00:03,3133,-92
1566.6,00:04,3133,-77
1566.98,00:02,3134,-103
1567.05,00:03,3134,-92
1567.1,00:04,3134,-76
1567.48,00:02,3135,-103
1567.55,00:03,3135,-92
1567.6,00:04,3135,-76
1567.98,00:02,3136,-103
1568.04,00:03,3136,-92
1568.1,00:04,3136,-76
1568.48,00:02,3137,-103
1568.55,00:03,3137,-92
1568.6,00:04,3137,-76
1568.98,00:02,3138,-103
1569.05,00:03,3138,-92
1569.1,00:04,3138,-75
1569.48,00:02,3139,-103
1569.55,00:03,3139,-92
1569.6,00:04,3139,-75
1569.98,00:02,3140,-103
1570.05,00:03,3140,-92
1570.1,00:04,3140,-75
1570.48,00:02,3141,-103
1570.54,00:03,3141,-92
1570.6,00:04,3141,-74
1570.98,00:02,3142,-103
1571.05,00:03,3142,-92
1571.1,00:04,3142,-74
1571.48,00:02,3143,-103
1571.55,00:03,3143,-91
1571.6,00:04,3143,-74
1571.98,00:02,3144,-103
1572.05,00:03,3144,-91
1572.1,00:04,3144,-73
1572.48,00:02,3145,-103
1572.55,00:03,3145,-91
1572.6,00:04,3145,-73
1572.98,00:02,3146,-103
1573.04,00:03,3146,-91
1573.1,00:04,3146,-73
1573.48,00:02,3147,-103
1573.55,00:03,3147,-91
1573.6,00:04,3147,-72
1573.98,00:02,3148,-104
1574.05,00:03,3148,-91
1574.1,00:04,3148,-72
1574.48,00:02,3149,-104
1574.55,00:03,3149,-91
1574.6,00:04,3149,-72
1574.98,00:02,3150,-104
1575.05,00:03,3150,-91
1575.1,00:04,3150,-71
1575.48,00:02,3151,-104
1575.55,00:03,3151,-91
1575.6,00:04,3151,-71
1575.98,00:02,3152,-104
1576.05,00:03,3152,-91
1576.1,00:04,3152,-71
1576.48,00:02,3153,-104
1576.54,00:03,3153,-91
1576.6,00:04,3153,-70
1576.98,00:02,3154,-104
1577.05,00:03,3154,-91
1577.1,00:04,3154,-70
1577.48,00:02,3155,-104
1577.55,00:03,3155,-91
1577.6,00:04,3155,-70
1577.98,00:02,3156,-104
1578.05,00:03,3156,-91
1578.1,00:04,3156,-70
1578.48,00:02,3157,-104
1578.55,00:03,3157,-91
1578.6,00:04,3157,-69
1578.98,00:02,3158,-104
1579.04,00:03,3158,-91
1579.1,00:04,3158,-69
1579.48,00:02,3159,-104
1579.55,00:03,3159,-91
1579.6,00:04,3159,-69
1579.98,00:02,3160,-104
1580.04,00:03,3160,-91
1580.1,00:04,3160,-69
1580.48,00:02,3161,-104
1580.55,00:03,3161,-91
1580.6,00:04,3161,-69
1580.98,00:02,3162,-104
1581.05,00:03,3162,-91
1581.1,00:04,3162,-69
1581.48,00:02,3163,-104
1581.54,00:03,3163,-91
1581.6,00:04,3163,-69
1581.98,00:02,3164,-104
1582.05,00:03,3164,-90
1582.1,00:04,3164,-69
1582.48,00:02,3165,-104
1582.54,00:03,3165,-90
1582.6,00:04,3165,-69
1582.98,00:02,3166,-104
1583.05,00:03,3166,-90
1583.1,00:04,3166,-69
1583.48,00:02,3167,-104
1583.55,00:03,3167,-90
1583.6,00:04,3167,-70
1583.98,00:02,3168,-104
1584.05,00:03,3168,-90
1584.1,00:04,3168,-70
1584.48,00:02,3169,-104
1584.54,00:03,3169,-90
1584.6,00:04,3169,-70
1584.98,00:02,3170,-104
1585.04,00:03,3170,-90
1585.1,00:04,3170,-70
1585.48,00:02,3171,-105
1585.54,00:03,3171,-90
1585.6,00:04,3171,-71
1585.98,00:02,3172,-105
1586.04,00:03,3172,-90
1586.1,00:04,3172,-71
1586.48,00:02,3173,-105
1586.55,00:03,3173,-90
1586.6,00:04,3173,-71
1586.98,00:02,3174,-105
1587.05,00:03,3174,-90
1587.1,00:04,3174,-72
1587.48,00:02,3175,-105
1587.54,00:03,3175,-90
1587.6,00:04,3175,-72
1587.98,00:02,3176,-105
1588.05,00:03,3176,-90
1588.1,00:04,3176,-72
1588.48,00:02,3177,-105
1588.54,00:03,3177,-90
1588.6,00:04,3177,-73
1588.98,00:02,3178,-105
1589.05,00:03,3178,-90
1589.1,00:04,3178,-73
1589.48,00:02,3179,-105
1589.54,00:03,3179,-90
1589.6,00:04,3179,-73
1589.98,00:02,3180,-105
1590.04,00:03,3180,-90
1590.1,00:04,3180,-74
1590.48,00:02,3181,-105
1590.54,00:03,3181,-90
1590.6,00:04,3181,-74
1590.98,00:02,3182,-105
1591.05,00:03,3182,-90
1591.1,00:04,3182,-74
1591.48,00:02,3183,-105
1591.55,00:03,3183,-90
1591.6,00:04,3183,-74
1591.98,00:02,3184,-105
1592.05,00:03,3184,-90
1592.1,00:04,3184,-75
1592.48,00:02,3185,-105
1592.54,00:03,3185,-90
1592.6,00:04,3185,-75
1592.98,00:02,3186,-105
1593.04,00:03,3186,-90
1593.1,00:04,3186,-75
1593.48,00:02,3187,-105
1593.55,00:03,3187,-90
1593.6,00:04,3187,-76
1593.98,00:02,3188,-105
1594.04,00:03,3188,-90
1594.1,00:04,3188,-76
1594.48,00:02,3189,-105
1594.54,00:03,3189,-90
1594.6,00:04,3189,-76
1594.98,00:02,3190,-105
1595.05,00:03,3190,-89
1595.1,00:04,3190,-77
1595.48,00:02,3191,-105
1595.55,00:03,3191,-89
1595.6,00:04,3191,-77
1595.98,00:02,3192,-106
1596.05,00:03,3192,-89
1596.1,00:04,3192,-77
1596.48,00:02,3193,-106
1596.55,00:03,3193,-89
1596.6,00:04,3193,-77
1596.98,00:02,3194,-106
1597.05,00:03,3194,-89
1597.1,00:04,3194,-78
1597.48,00:02,3195,-106
1597.54,00:03,3195,-89
1597.6,00:04,3195,-78
1597.98,00:02,3196,-106
1598.05,00:03,3196,-89
1598.1,00:04,3196,-78
1598.48,00:02,3197,-106
1598.54,00:03,3197,-89
1598.6,00:04,3197,-79
1598.98,00:02,3198,-106
1599.05,00:03,3198,-89
1599.1,00:04,3198,-79
1599.48,00:02,3199,-106
1599.54,00:03,3199,-89
1599.6,00:04,3199,-80
1599.98,00:02,3200,-106
1600.05,00:03,3200,-89
1600.1,00:04,3200,-80
1600.48,00:02,3201,-106
1600.54,00:03,3201,-89
1600.6,00:04,3201,-80
1600.98,00:02,3202,-106
1601.05,00:03,3202,-89
1601.1,00:04,3202,-81
1601.48,00:02,3203,-106
1601.55,00:03,3203,-89
1601.6,00:04,3203,-81
1601.98,00:02,3204,-106
1602.05,00:03,3204,-89
1602.1,00:04,3204,-81
1602.48,00:02,3205,-106
1602.55,00:03,3205,-89
1602.6,00:04,3205,-82
1602.98,00:02,3206,-106
1603.04,00:03,3206,-89
1603.1,00:04,3206,-82
1603.48,00:02,3207,-106
1603.55,00:03,3207,-89
1603.6,00:04,3207,-83
1603.98,00:02,3208,-106
1604.05,00:03,3208,-89
1604.1,00:04,3208,-83
1604.48,00:02,3209,-106
1604.55,00:03,3209,-89
1604.6,00:04,3209,-83
1604.98,00:02,3210,-106
1605.05,00:03,3210,-89
1605.1,00:04,3210,-84
1605.48,00:02,3211,-106
1605.54,00:03,3211,-89
1605.6,00:04,3211,-84
1605.98,00:02,3212,-107
1606.04,00:03,3212,-89
1606.1,00:04,3212,-84
1606.48,00:02,3213,-107
1606.55,00:03,3213,-89
1606.6,00:04,3213,-85
1606.98,00:02,3214,-107
1607.05,00:03,3214,-96
1607.1,00:04,3214,-92
1607.55,00:03,3215,-96
1607.6,00:04,3215,-92
1608.05,00:03,3216,-96
1608.1,00:04,3216,-92
1608.55,00:03,3217,-96
1608.6,00:04,3217,-93
1609.05,00:03,3218,-96
1609.1,00:04,3218,-93
1609.55,00:03,3219,-96
1609.6,00:04,3219,-93
1610.05,00:03,3220,-96
1610.1,00:04,3220,-94
1610.54,00:03,3221,-96
1610.6,00:04,3221,-94
1611.05,00:03,3222,-96
1611.1,00:04,3222,-94
1611.55,00:03,3223,-96
1611.6,00:04,3223,-94
1612.05,00:03,3224,-96
1612.1,00:04,3224,-95
1612.54,00:03,3225,-96
1612.6,00:04,3225,-95
1613.05,00:03,3226,-96
1613.1,00:04,3226,-95
1613.54,00:03,3227,-96
1613.6,00:04,3227,-95
1614.04,00:03,3228,-96
1614.1,00:04,3228,-96
1614.54,00:03,3229,-96
1614.6,00:04,3229,-96
1615.05,00:03,3230,-95
1615.1,00:04,3230,-96
1615.55,00:03,3231,-95
1615.6,00:04,3231,-96
1616.04,00:03,3232,-95
1616.1,00:04,3232,-97
1616.54,00:03,3233,-95
1616.6,00:04,3233,-97
1617.04,00:03,3234,-95
1617.1,00:04,3234,-97
1617.54,00:03,3235,-95
1617.6,00:04,3235,-97
1618.05,00:03,3236,-95
1618.1,00:04,3236,-98
1618.55,00:03,3237,-95
1618.6,00:04,3237,-98
1619.05,00:03,3238,-95
1619.1,00:04,3238,-98
1619.55,00:03,3239,-95
1619.6,00:04,3239,-98
1620.05,00:03,3240,-95
1620.1,00:04,3240,-98
1620.54,00:03,3241,-95
1620.6,00:04,3241,-99
1621.05,00:03,3242,-95
1621.1,00:04,3242,-99
1621.55,00:03,3243,-95
1621.6,00:04,3243,-99
1622.05,00:03,3244,-95
1622.1,00:04,3244,-99
1622.54,00:03,3245,-95
1622.6,00:04,3245,-100
1623.05,00:03,3246,-88
1623.1,00:04,3246,-93
1623.55,00:03,3247,-88
1623.6,00:04,3247,-93
1623.98,00:02,3248,-108
1624.04,00:03,3248,-88
1624.1,00:04,3248,-93
1624.48,00:02,3249,-108
1624.55,00:03,3249,-88
1624.6,00:04,3249,-93
1625.04,00:03,3250,-88
1625.1,00:04,3250,-94
1625.55,00:03,3251,-88
1625.6,00:04,3251,-94
1625.98,00:02,3252,-109
1626.05,00:03,3252,-88
1626.1,00:04,3252,-94
1626.55,00:03,3253,-88
1626.6,00:04,3253,-94
1626.98,00:02,3254,-109
1627.05,00:03,3254,-89
1627.1,00:04,3254,-94
1627.48,00:02,3255,-109
1627.55,00:03,3255,-89
1627.6,00:04,3255,-94
1628.05,00:03,3256,-89
1628.1,00:04,3256,-94
1628.55,00:03,3257,-89
1628.6,00:04,3257,-94
1629.05,00:03,3258,-89
1629.1,00:04,3258,-94
1629.54,00:03,3259,-89
1629.6,00:04,3259,-94
1630.04,00:03,3260,-89
1630.1,00:04,3260,-94
1630.54,00:03,3261,-89
1630.6,00:04,3261,-94
1631.04,00:03,3262,-89
1631.1,00:04,3262,-94
1631.54,00:03,3263,-89
1631.6,00:04,3263,-94
1632.05,00:03,3264,-89
1632.1,00:04,3264,-94
1632.55,00:03,3265,-89
1632.6,00:04,3265,-93
1632.98,00:02,3266,-109
1633.04,00:03,3266,-89
1633.1,00:04,3266,-93
1633.48,00:02,3267,-109
1633.55,00:03,3267,-89
1633.6,00:04,3267,-93
1633.98,00:02,3268,-109
1634.05,00:03,3268,-89
1634.1,00:04,3268,-93
1634.48,00:02,3269,-109
1634.55,00:03,3269,-89
1634.6,00:04,3269,-93
1634.98,00:02,3270,-109
1635.05,00:03,3270,-89
1635.1,00:04,3270,-92
1635.55,00:03,3271,-89
1635.6,00:04,3271,-92
1635.98,00:02,3272,-109
1636.05,00:03,3272,-89
1636.1,00:04,3272,-92
1636.48,00:02,3273,-109
1636.55,00:03,3273,-89
1636.6,00:04,3273,-92
1637.05,00:03,3274,-89
1637.1,00:04,3274,-92
1637.55,00:03,3275,-89
1637.6,00:04,3275,-91
1637.98,00:02,3276,-109
1638.04,00:03,3276,-89
1638.1,00:04,3276,-91
1638.54,00:03,3277,-89
1638.6,00:04,3277,-91
1638.98,00:02,3278,-108
1639.05,00:03,3278,-89
1639.1,00:04,3278,-91
1639.48,00:02,3279,-108
1639.55,00:03,3279,-89
1639.6,00:04,3279,-90
1639.98,00:02,3280,-108
1640.05,00:03,3280,-89
1640.1,00:04,3280,-90
1640.55,00:03,3281,-89
1640.6,00:04,3281,-90
1640.98,00:02,3282,-108
1641.05,00:03,3282,-89
1641.1,00:04,3282,-90
1641.55,00:03,3283,-89
1641.6,00:04,3283,-90
1642.04,00:03,3284,-89
1642.1,00:04,3284,-89
1642.48,00:02,3285,-108
1642.55,00:03,3285,-89
1642.6,00:04,3285,-89
1642.98,00:02,3286,-108
1643.04,00:03,3286,-90
1643.1,00:04,3286,-89
1643.48,00:02,3287,-108
1643.55,00:03,3287,-90
1643.6,00:04,3287,-89
1643.98,00:02,3288,-108
1644.05,00:03,3288,-90
1644.1,00:04,3288,-88
1644.55,00:03,3289,-90
1644.6,00:04,3289,-88
1644.98,00:02,3290,-108
1645.05,00:03,3290,-90
1645.1,00:04,3290,-88
1645.48,00:02,3291,-108
1645.55,00:03,3291,-90
1645.6,00:04,3291,-87
1645.98,00:02,3292,-108
1646.05,00:03,3292,-90
1646.1,00:04,3292,-87
1646.48,00:02,3293,-108
1646.54,00:03,3293,-90
1646.6,00:04,3293,-87
1646.98,00:02,3294,-108
1647.04,00:03,3294,-90
1647.1,00:04,3294,-87
1647.48,00:02,3295,-108
1647.55,00:03,3295,-90
1647.6,00:04,3295,-86
1647.98,00:02,3296,-108
1648.04,00:03,3296,-90
1648.1,00:04,3296,-86
1648.48,00:02,3297,-107
1648.55,00:03,3297,-90
1648.6,00:04,3297,-86
1648.98,00:02,3298,-107
1649.04,00:03,3298,-90
1649.1,00:04,3298,-85
1649.48,00:02,3299,-107
1649.54,00:03,3299,-90
1649.6,00:04,3299,-85
1649.98,00:02,3300,-107
1650.05,00:03,3300,-90
1650.1,00:04,3300,-85
1650.48,00:02,3301,-107
1650.54,00:03,3301,-90
1650.6,00:04,3301,-84
1651.05,00:03,3302,-90
1651.1,00:04,3302,-84
1651.55,00:03,3303,-90
1651.6,00:04,3303,-84
1651.98,00:02,3304,-107
1652.04,00:03,3304,-90
1652.1,00:04,3304,-83
1652.48,00:02,3305,-107
1652.55,00:03,3305,-90
1652.6,00:04,3305,-83
1652.98,00:02,3306,-107
1653.04,00:03,3306,-90
1653.1,00:04,3306,-83
1653.48,00:02,3307,-107
1653.54,00:03,3307,-90
1653.6,00:04,3307,-82
1654.05,00:03,3308,-90
1654.1,00:04,3308,-82
1654.48,00:02,3309,-107
1654.54,00:03,3309,-90
1654.6,00:04,3309,-82
1654.98,00:02,3310,-107
1655.05,00:03,3310,-90
1655.1,00:04,3310,-81
1655.48,00:02,3311,-107
1655.54,00:03,3311,-90
1655.6,00:04,3311,-81
1655.98,00:02,3312,-107
1656.05,00:03,3312,-90
1656.1,00:04,3312,-80
1656.48,00:02,3313,-107
1656.55,00:03,3313,-90
1656.6,00:04,3313,-80
1657.05,00:03,3314,-90
1657.1,00:04,3314,-80
1657.48,00:02,3315,-107
1657.54,00:03,3315,-90
1657.6,00:04,3315,-79
1657.98,00:02,3316,-107
1658.05,00:03,3316,-90
1658.1,00:04,3316,-79
1658.48,00:02,3317,-107
1658.55,00:03,3317,-90
1658.6,00:04,3317,-78
1658.98,00:02,3318,-106
1659.04,00:03,3318,-90
1659.1,00:04,3318,-78
1659.48,00:02,3319,-106
1659.55,00:03,3319,-90
1659.6,00:04,3319,-78
1659.98,00:02,3320,-106
1660.05,00:03,3320,-90
1660.1,00:04,3320,-77
1660.48,00:02,3321,-106
1660.55,00:03,3321,-90
1660.6,00:04,3321,-77
1660.98,00:02,3322,-106
1661.05,00:03,3322,-90
1661.1,00:04,3322,-77
1661.48,00:02,3323,-106
1661.55,00:03,3323,-90
1661.6,00:04,3323,-76
1661.98,00:02,3324,-106
1662.04,00:03,3324,-90
1662.1,00:04,3324,-76
1662.48,00:02,3325,-106
1662.54,00:03,3325,-90
1662.6,00:04,3325,-76
1662.98,00:02,3326,-106
1663.05,00:03,3326,-90
1663.1,00:04,3326,-75
1663.48,00:02,3327,-106
1663.54,00:03,3327,-90
1663.6,00:04,3327,-75
1663.98,00:02,3328,-106
1664.05,00:03,3328,-90
1664.1,00:04,3328,-75
1664.48,00:02,3329,-106
1664.54,00:03,3329,-90
1664.6,00:04,3329,-74
1664.98,00:02,3330,-106
1665.05,00:03,3330,-91
1665.1,00:04,3330,-74
1665.48,00:02,3331,-106
1665.55,00:03,3331,-91
1665.6,00:04,3331,-74
1665.98,00:02,3332,-106
1666.04,00:03,3332,-91
1666.1,00:04,3332,-73
1666.48,00:02,3333,-106
1666.54,00:03,3333,-91
1666.6,00:04,3333,-73
1666.98,00:02,3334,-106
1667.05,00:03,3334,-91
1667.1,00:04,3334,-72
1667.48,00:02,3335,-106
1667.55,00:03,3335,-91
1667.6,00:04,3335,-72
1667.98,00:02,3336,-106
1668.05,00:03,3336,-91
1668.1,00:04,3336,-71
1668.48,00:02,3337,-106
1668.54,00:03,3337,-91
1668.6,00:04,3337,-71
1668.98,00:02,3338,-106
1669.04,00:03,3338,-91
1669.1,00:04,3338,-70
1669.48,00:02,3339,-106
1669.55,00:03,3339,-91
1669.6,00:04,3339,-70
1669.98,00:02,3340,-105
1670.05,00:03,3340,-91
1670.1,00:04,3340,-69
1670.48,00:02,3341,-105
1670.54,00:03,3341,-91
1670.6,00:04,3341,-69
1670.98,00:02,3342,-105
1671.04,00:03,3342,-91
1671.1,00:04,3342,-68
1671.48,00:02,3343,-105
1671.55,00:03,3343,-91
1671.6,00:04,3343,-67
1671.98,00:02,3344,-105
1672.04,00:03,3344,-91
1672.1,00:04,3344,-67
1672.48,00:02,3345,-105
1672.55,00:03,3345,-91
1672.6,00:04,3345,-66
1672.98,00:02,3346,-105
1673.05,00:03,3346,-91
1673.1,00:04,3346,-65
1673.48,00:02,3347,-105
1673.54,00:03,3347,-91
1673.6,00:04,3347,-64
1673.98,00:02,3348,-105
1674.04,00:03,3348,-91
1674.1,00:04,3348,-63
1674.48,00:02,3349,-105
1674.54,00:03,3349,-91
1674.6,00:04,3349,-63
1674.98,00:02,3350,-105
1675.05,00:03,3350,-91
1675.1,00:04,3350,-62
1675.48,00:02,3351,-105
1675.55,00:03,3351,-91
1675.6,00:04,3351,-61
1675.98,00:02,3352,-105
1676.04,00:03,3352,-91
1676.1,00:04,3352,-61
1676.48,00:02,3353,-105
1676.55,00:03,3353,-91
1676.6,00:04,3353,-60
1676.98,00:02,3354,-105
1677.04,00:03,3354,-91
1677.1,00:04,3354,-60
1677.48,00:02,3355,-105
1677.55,00:03,3355,-91
1677.6,00:04,3355,-60
1677.98,00:02,3356,-105
1678.05,00:03,3356,-91
1678.1,00:04,3356,-61
1678.48,00:02,3357,-105
1678.55,00:03,3357,-92
1678.6,00:04,3357,-61
1678.98,00:02,3358,-105
1679.04,00:03,3358,-92
1679.1,00:04,3358,-62
1679.48,00:02,3359,-105
1679.55,00:03,3359,-92
1679.6,00:04,3359,-63
1679.98,00:02,3360,-105
1680.05,00:03,3360,-92
1680.1,00:04,3360,-64
1680.48,00:02,3361,-105
1680.55,00:03,3361,-92
1680.6,00:04,3361,-65
1680.98,00:02,3362,-105
1681.04,00:03,3362,-92
1681.1,00:04,3362,-65
1681.48,00:02,3363,-105
1681.54,00:03,3363,-92
1681.6,00:04,3363,-66
1681.98,00:02,3364,-105
1682.05,00:03,3364,-92
1682.1,00:04,3364,-67
1682.48,00:02,3365,-104
1682.54,00:03,3365,-92
1682.6,00:04,3365,-68
1682.98,00:02,3366,-104
1683.04,00:03,3366,-92
1683.1,00:04,3366,-68
1683.48,00:02,3367,-104
1683.54,00:03,3367,-92
1683.6,00:04,3367,-69
1683.98,00:02,3368,-104
1684.05,00:03,3368,-92
1684.1,00:04,3368,-69
1684.48,00:02,3369,-104
1684.54,00:03,3369,-92
1684.6,00:04,3369,-70
1684.98,00:02,3370,-104
1685.05,00:03,3370,-92
1685.1,00:04,3370,-71
1685.48,00:02,3371,-104
1685.54,00:03,3371,-92
1685.6,00:04,3371,-71
1685.98,00:02,3372,-104
1686.05,00:03,3372,-92
1686.1,00:04,3372,-72
1686.48,00:02,3373,-104
1686.55,00:03,3373,-92
1686.6,00:04,3373,-72
1686.98,00:02,3374,-104
1687.04,00:03,3374,-92
1687.1,00:04,3374,-72
1687.48,00:02,3375,-104
1687.54,00:03,3375,-92
1687.6,00:04,3375,-73
1687.98,00:02,3376,-104
1688.05,00:03,3376,-92
1688.1,00:04,3376,-73
1688.48,00:02,3377,-104
1688.54,00:03,3377,-92
1688.6,00:04,3377,-74
1688.98,00:02,3378,-104
1689.05,00:03,3378,-92
1689.1,00:04,3378,-74
1689.48,00:02,3379,-104
1689.54,00:03,3379,-92
1689.6,00:04,3379,-75
1689.98,00:02,3380,-104
1690.04,00:03,3380,-93
1690.1,00:04,3380,-75
1690.48,00:02,3381,-104
1690.55,00:03,3381,-93
1690.6,00:04,3381,-75
1690.98,00:02,3382,-104
1691.04,00:03,3382,-93
1691.1,00:04,3382,-76
1691.48,00:02,3383,-104
1691.54,00:03,3383,-93
1691.6,00:04,3383,-76
1691.98,00:02,3384,-104
1692.04,00:03,3384,-93
1692.1,00:04,3384,-76
1692.48,00:02,3385,-104
1692.54,00:03,3385,-93
1692.6,00:04,3385,-77
1692.98,00:02,3386,-104
1693.04,00:03,3386,-93
1693.1,00:04,3386,-77
1693.48,00:02,3387,-104
1693.55,00:03,3387,-93
1693.6,00:04,3387,-77
1693.98,00:02,3388,-104
1694.04,00:03,3388,-93
1694.1,00:04,3388,-77
1694.48,00:02,3389,-104
1694.55,00:03,3389,-93
1694.6,00:04,3389,-78
1694.98,00:02,3390,-104
1695.05,00:03,3390,-93
1695.1,00:04,3390,-78
1695.48,00:02,3391,-104
1695.54,00:03,3391,-93
1695.6,00:04,3391,-79
1695.98,00:02,3392,-104
1696.05,00:03,3392,-93
1696.1,00:04,3392,-79
1696.48,00:02,3393,-104
1696.55,00:03,3393,-93
1696.6,00:04,3393,-79
1696.98,00:02,3394,-104
1697.04,00:03,3394,-93
1697.1,00:04,3394,-80
1697.48,00:02,3395,-104
1697.54,00:03,3395,-93
1697.6,00:04,3395,-80
1697.98,00:02,3396,-104
1698.04,00:03,3396,-93
1698.1,00:04,3396,-81
1698.48,00:02,3397,-103
1698.55,00:03,3397,-93
1698.6,00:04,3397,-81
1698.98,00:02,3398,-103
1699.04,00:03,3398,-93
1699.1,00:04,3398,-81
1699.48,00:02,3399,-103
1699.54,00:03,3399,-93
1699.6,00:04,3399,-82
1699.98,00:02,3400,-103
1700.05,00:03,3400,-93
1700.1,00:04,3400,-82
1700.48,00:02,3401,-103
1700.54,00:03,3401,-93
1700.6,00:04,3401,-83
1700.98,00:02,3402,-103
1701.04,00:03,3402,-94
1701.1,00:04,3402,-83
1701.48,00:02,3403,-103
1701.55,00:03,3403,-94
1701.6,00:04,3403,-83
1701.98,00:02,3404,-103
1702.05,00:03,3404,-94
1702.1,00:04,3404,-84
1702.48,00:02,3405,-103
1702.54,00:03,3405,-94
1702.6,00:04,3405,-84
1702.98,00:02,3406,-103
1703.05,00:03,3406,-94
1703.1,00:04,3406,-84
1703.48,00:02,3407,-103
1703.55,00:03,3407,-94
1703.6,00:04,3407,-85
1703.98,00:02,3408,-103
1704.04,00:03,3408,-94
1704.1,00:04,3408,-85
1704.48,00:02,3409,-103
1704.55,00:03,3409,-94
1704.6,00:04,3409,-85
1704.98,00:02,3410,-103
1705.04,00:03,3410,-94
1705.1,00:04,3410,-86
1705.48,00:02,3411,-103
1705.54,00:03,3411,-94
1705.6,00:04,3411,-86
1705.98,00:02,3412,-103
1706.04,00:03,3412,-94
1706.1,00:04,3412,-86
1706.48,00:02,3413,-103
1706.55,00:03,3413,-94
1706.6,00:04,3413,-86
1706.98,00:02,3414,-103
1707.04,00:03,3414,-94
1707.1,00:04,3414,-87
1707.48,00:02,3415,-103
1707.54,00:03,3415,-94
1707.6,00:04,3415,-87
1707.98,00:02,3416,-103
1708.04,00:03,3416,-94
1708.1,00:04,3416,-87
1708.48,00:02,3417,-103
1708.54,00:03,3417,-94
1708.6,00:04,3417,-88
1708.98,00:02,3418,-103
1709.05,00:03,3418,-94
1709.1,00:04,3418,-88
1709.48,00:02,3419,-103
1709.55,00:03,3419,-94
1709.6,00:04,3419,-88
1709.98,00:02,3420,-103
1710.04,00:03,3420,-94
1710.1,00:04,3420,-88
1710.48,00:02,3421,-103
1710.55,00:03,3421,-94
1710.6,00:04,3421,-89
1710.98,00:02,3422,-103
1711.04,00:03,3422,-95
1711.1,00:04,3422,-89
1711.48,00:02,3423,-103
1711.54,00:03,3423,-95
1711.6,00:04,3423,-89
1711.98,00:02,3424,-103
1712.04,00:03,3424,-95
1712.1,00:04,3424,-89
1712.48,00:02,3425,-103
1712.54,00:03,3425,-95
1712.6,00:04,3425,-90
1712.98,00:02,3426,-103
1713.04,00:03,3426,-95
1713.1,00:04,3426,-90
1713.48,00:02,3427,-103
1713.54,00:03,3427,-95
1713.6,00:04,3427,-90
1713.98,00:02,3428,-103
1714.04,00:03,3428,-95
1714.1,00:04,3428,-90
1714.48,00:02,3429,-103
1714.54,00:03,3429,-95
1714.6,00:04,3429,-91
1714.98,00:02,3430,-103
1715.05,00:03,3430,-95
1715.1,00:04,3430,-91
1715.48,00:02,3431,-103
1715.54,00:03,3431,-95
1715.6,00:04,3431,-91
1715.98,00:02,3432,-103
1716.05,00:03,3432,-95
1716.1,00:04,3432,-91
1716.48,00:02,3433,-103
1716.54,00:03,3433,-95
1716.6,00:04,3433,-91
1716.98,00:02,3434,-103
1717.04,00:03,3434,-95
1717.1,00:04,3434,-92
1717.48,00:02,3435,-103
1717.55,00:03,3435,-95
1717.6,00:04,3435,-92
1717.98,00:02,3436,-103
1718.04,00:03,3436,-95
1718.1,00:04,3436,-92
1718.48,00:02,3437,-103
1718.55,00:03,3437,-95
1718.6,00:04,3437,-92
1718.98,00:02,3438,-103
1719.04,00:03,3438,-95
1719.1,00:04,3438,-93
1719.48,00:02,3439,-103
1719.55,00:03,3439,-95
1719.6,00:04,3439,-93
1719.98,00:02,3440,-103
1720.04,00:03,3440,-95
1720.1,00:04,3440,-93
1720.48,00:02,3441,-103
1720.54,00:03,3441,-95
1720.6,00:04,3441,-93
1720.98,00:02,3442,-103
1721.04,00:03,3442,-95
1721.1,00:04,3442,-93
1721.48,00:02,3443,-103
1721.54,00:03,3443,-96
1721.6,00:04,3443,-94
1721.98,00:02,3444,-103
