Time_s,Src_MAC,Seq_Num,RSSI_dBm
0.00571992,00:02,0,-41
0.0550814,00:03,0,-88
0.103496,00:04,0,-108
0.504415,00:02,1,-41
0.555206,00:03,1,-88
0.604271,00:04,1,-108
1.00386,00:02,2,-42
1.05678,00:03,2,-88
1.10531,00:04,2,-108
1.50602,00:02,3,-42
1.55466,00:03,3,-88
2.00722,00:02,4,-43
2.05642,00:03,4,-88
2.50673,00:02,5,-43
2.55734,00:03,5,-88
2.60365,00:04,5,-108
3.00574,00:02,6,-44
3.05489,00:03,6,-88
3.50412,00:02,7,-44
3.5566,00:03,7,-87
3.60421,00:04,7,-108
4.00433,00:02,8,-45
4.05436,00:03,8,-87
4.5066,00:02,9,-46
4.55422,00:03,9,-87
5.00479,00:02,10,-46
5.05551,00:03,10,-87
5.10442,00:04,10,-108
5.50342,00:02,11,-47
5.55767,00:03,11,-87
6.00523,00:02,12,-48
6.05785,00:03,12,-87
6.1051,00:04,12,-108
6.50608,00:02,13,-48
6.55607,00:03,13,-87
6.60225,00:04,13,-108
7.00554,00:02,14,-49
7.05516,00:03,14,-87
7.10379,00:04,14,-108
7.50462,00:02,15,-49
7.55619,00:03,15,-87
7.60334,00:04,15,-108
8.00534,00:02,16,-50
8.05498,00:03,16,-87
8.10217,00:04,16,-108
8.50523,00:02,17,-50
8.5568,00:03,17,-86
8.60325,00:04,17,-108
9.00496,00:02,18,-51
9.05484,00:03,18,-86
9.50596,00:02,19,-51
9.5569,00:03,19,-86
9.60401,00:04,19,-108
10.0052,00:02,20,-52
10.0548,00:03,20,-86
10.1028,00:04,20,-108
10.5044,00:02,21,-52
10.5555,00:03,21,-86
10.6045,00:04,21,-108
11.0053,00:02,22,-52
11.0556,00:03,22,-86
11.1035,00:04,22,-108
11.5054,00:02,23,-53
11.5569,00:03,23,-86
11.6042,00:04,23,-108
12.0044,00:02,24,-53
12.0551,00:03,24,-86
12.1051,00:04,24,-108
12.5059,00:02,25,-54
12.5553,00:03,25,-86
12.6057,00:04,25,-108
13.0047,00:02,26,-54
13.0549,00:03,26,-85
13.1027,00:04,26,-107
13.5049,00:02,27,-54
13.5553,00:03,27,-85
13.6035,00:04,27,-107
14.0058,00:02,28,-55
14.0565,00:03,28,-85
14.1027,00:04,28,-107
14.5051,00:02,29,-55
14.5569,00:03,29,-85
14.6048,00:04,29,-107
15.0048,00:02,30,-55
15.056,00:03,30,-85
15.1027,00:04,30,-107
15.5051,00:02,31,-56
15.5547,00:03,31,-85
15.6044,00:04,31,-107
16.0047,00:02,32,-56
16.0555,00:03,32,-85
16.1038,00:04,32,-107
16.5047,00:02,33,-56
16.5563,00:03,33,-85
16.6038,00:04,33,-107
17.0048,00:02,34,-56
17.0564,00:03,34,-85
17.1027,00:04,34,-107
17.5047,00:02,35,-57
17.5551,00:03,35,-84
17.6053,00:04,35,-107
18.0042,00:02,36,-57
18.055,00:03,36,-84
18.1036,00:04,36,-107
18.507,00:02,37,-58
18.5557,00:03,37,-84
18.6043,00:04,37,-107
19.0051,00:02,38,-58
19.0564,00:03,38,-84
19.1047,00:04,38,-107
19.5072,00:02,39,-58
19.5561,00:03,39,-84
19.6027,00:04,39,-107
20.0063,00:02,40,-59
20.0554,00:03,40,-84
20.1049,00:04,40,-107
20.505,00:02,41,-59
20.5556,00:03,41,-84
20.604,00:04,41,-107
21.0054,00:02,42,-60
21.0562,00:03,42,-84
21.104,00:04,42,-107
21.5054,00:02,43,-60
21.5555,00:03,43,-83
21.6046,00:04,43,-107
22.005,00:02,44,-60
22.0565,00:03,44,-83
22.1029,00:04,44,-107
22.5045,00:02,45,-61
22.5557,00:03,45,-83
22.604,00:04,45,-107
23.0044,00:02,46,-61
23.0566,00:03,46,-83
23.1032,00:04,46,-107
23.5048,00:02,47,-62
23.5561,00:03,47,-83
23.6038,00:04,47,-107
24.0035,00:02,48,-62
24.0545,00:03,48,-83
24.104,00:04,48,-107
24.5045,00:02,49,-62
24.5575,00:03,49,-83
24.6032,00:04,49,-107
25.0032,00:02,50,-63
25.0568,00:03,50,-83
25.1059,00:04,50,-107
25.5059,00:02,51,-63
25.5569,00:03,51,-82
25.6035,00:04,51,-107
26.0057,00:02,52,-63
26.0543,00:03,52,-82
26.1048,00:04,52,-107
26.5047,00:02,53,-64
26.5579,00:03,53,-82
27.0052,00:02,54,-64
27.0572,00:03,54,-82
27.1049,00:04,54,-107
27.5067,00:02,55,-64
27.5571,00:03,55,-82
27.6039,00:04,55,-107
28.0068,00:02,56,-65
28.0571,00:03,56,-82
28.1028,00:04,56,-107
28.5061,00:02,57,-65
28.5556,00:03,57,-82
28.6043,00:04,57,-107
29.0068,00:02,58,-65
29.0552,00:03,58,-81
29.1048,00:04,58,-107
29.5065,00:02,59,-65
29.5557,00:03,59,-81
29.603,00:04,59,-107
30.0051,00:02,60,-66
30.0552,00:03,60,-81
30.1048,00:04,60,-107
30.5049,00:02,61,-66
30.5551,00:03,61,-81
30.6046,00:04,61,-107
31.0041,00:02,62,-66
31.0548,00:03,62,-81
31.1048,00:04,62,-107
31.5049,00:02,63,-67
31.5552,00:03,63,-81
31.6058,00:04,63,-107
32.0047,00:02,64,-67
32.0552,00:03,64,-81
32.1024,00:04,64,-107
32.505,00:02,65,-67
32.5553,00:03,65,-80
32.6027,00:04,65,-107
33.0046,00:02,66,-67
33.0551,00:03,66,-80
33.1032,00:04,66,-107
33.5053,00:02,67,-68
33.5557,00:03,67,-80
33.6029,00:04,67,-107
34.0035,00:02,68,-68
34.0541,00:03,68,-80
34.1059,00:04,68,-107
34.5061,00:02,69,-68
34.555,00:03,69,-80
34.602,00:04,69,-107
35.0041,00:02,70,-68
35.0572,00:03,70,-80
35.1048,00:04,70,-107
35.5058,00:02,71,-69
35.5543,00:03,71,-79
35.6047,00:04,71,-106
36.0047,00:02,72,-69
36.0556,00:03,72,-79
36.102,00:04,72,-106
36.505,00:02,73,-69
36.5547,00:03,73,-79
36.6038,00:04,73,-106
37.0046,00:02,74,-69
37.0572,00:03,74,-79
37.1046,00:04,74,-106
37.5052,00:02,75,-70
37.5557,00:03,75,-79
37.6031,00:04,75,-106
38.0048,00:02,76,-70
38.0552,00:03,76,-79
38.1031,00:04,76,-106
38.5062,00:02,77,-70
38.5547,00:03,77,-79
38.6047,00:04,77,-106
39.0054,00:02,78,-70
39.0557,00:03,78,-78
39.5048,00:02,79,-70
39.556,00:03,79,-78
39.6034,00:04,79,-106
40.0044,00:02,80,-71
40.0545,00:03,80,-78
40.1053,00:04,80,-106
40.5064,00:02,81,-71
40.5554,00:03,81,-78
40.6032,00:04,81,-106
41.006,00:02,82,-71
41.055,00:03,82,-78
41.1034,00:04,82,-106
41.5047,00:02,83,-71
41.5543,00:03,83,-77
41.6059,00:04,83,-106
42.0043,00:02,84,-71
42.0544,00:03,84,-77
42.1032,00:04,84,-106
42.5052,00:02,85,-72
42.5559,00:03,85,-77
42.6051,00:04,85,-106
43.0063,00:02,86,-72
43.0557,00:03,86,-77
43.1046,00:04,86,-106
43.5056,00:02,87,-72
43.5548,00:03,87,-77
43.6046,00:04,87,-106
44.0069,00:02,88,-72
44.0565,00:03,88,-77
44.1027,00:04,88,-106
44.5051,00:02,89,-72
44.5556,00:03,89,-76
44.6051,00:04,89,-106
45.0062,00:02,90,-73
45.0567,00:03,90,-76
45.1026,00:04,90,-106
45.5046,00:02,91,-73
45.5543,00:03,91,-76
45.6046,00:04,91,-106
46.0051,00:02,92,-73
46.055,00:03,92,-76
46.1025,00:04,92,-106
46.5066,00:02,93,-73
46.5552,00:03,93,-76
46.605,00:04,93,-106
47.0045,00:02,94,-73
47.0554,00:03,94,-75
47.1043,00:04,94,-106
47.5071,00:02,95,-74
47.5575,00:03,95,-75
47.6046,00:04,95,-106
48.0051,00:02,96,-74
48.0561,00:03,96,-75
48.5036,00:02,97,-74
48.5551,00:03,97,-75
48.6043,00:04,97,-106
49.0046,00:02,98,-74
49.0572,00:03,98,-75
49.1022,00:04,98,-106
49.5055,00:02,99,-74
49.5558,00:03,99,-74
49.6052,00:04,99,-106
50.0049,00:02,100,-74
50.0564,00:03,100,-74
50.1032,00:04,100,-106
50.5058,00:02,101,-75
50.5571,00:03,101,-74
50.6033,00:04,101,-106
51.0055,00:02,102,-75
51.0572,00:03,102,-74
51.1024,00:04,102,-106
51.5054,00:02,103,-75
51.5561,00:03,103,-73
51.6026,00:04,103,-106
52.0045,00:02,104,-75
52.0554,00:03,104,-73
52.1056,00:04,104,-106
52.5052,00:02,105,-75
52.554,00:03,105,-73
52.6023,00:04,105,-106
53.0053,00:02,106,-76
53.0556,00:03,106,-73
53.1041,00:04,106,-106
53.5071,00:02,107,-76
53.5559,00:03,107,-73
53.6036,00:04,107,-106
54.0052,00:02,108,-76
54.0548,00:03,108,-72
54.1051,00:04,108,-106
54.5059,00:02,109,-76
54.5541,00:03,109,-72
54.603,00:04,109,-107
55.0048,00:02,110,-76
55.0551,00:03,110,-72
55.1039,00:04,110,-107
55.5075,00:02,111,-76
55.5554,00:03,111,-72
55.6026,00:04,111,-107
56.0053,00:02,112,-76
56.0557,00:03,112,-71
56.1039,00:04,112,-107
56.5059,00:02,113,-77
56.5573,00:03,113,-71
56.6036,00:04,113,-107
57.0058,00:02,114,-77
57.0542,00:03,114,-71
57.1031,00:04,114,-107
57.5055,00:02,115,-77
57.5557,00:03,115,-71
57.6033,00:04,115,-107
58.0046,00:02,116,-77
58.0557,00:03,116,-70
58.104,00:04,116,-107
58.5042,00:02,117,-77
58.5573,00:03,117,-70
58.6039,00:04,117,-107
59.0059,00:02,118,-77
59.0552,00:03,118,-70
59.1038,00:04,118,-107
59.505,00:02,119,-78
59.5551,00:03,119,-69
59.6037,00:04,119,-107
60.0065,00:02,120,-78
60.0572,00:03,120,-69
60.1043,00:04,120,-107
60.5062,00:02,121,-78
60.5552,00:03,121,-69
60.6025,00:04,121,-107
61.006,00:02,122,-78
61.0554,00:03,122,-69
61.1017,00:04,122,-107
61.5059,00:02,123,-78
61.5552,00:03,123,-68
61.6044,00:04,123,-107
62.0052,00:02,124,-78
62.0553,00:03,124,-68
62.1036,00:04,124,-107
62.5066,00:02,125,-78
62.5549,00:03,125,-68
62.6051,00:04,125,-107
63.0055,00:02,126,-78
63.0562,00:03,126,-67
63.1051,00:04,126,-107
63.5051,00:02,127,-79
63.5548,00:03,127,-67
63.6033,00:04,127,-107
64.0055,00:02,128,-79
64.0569,00:03,128,-67
64.1029,00:04,128,-107
64.505,00:02,129,-79
64.5552,00:03,129,-66
64.6034,00:04,129,-107
65.0061,00:02,130,-79
65.0541,00:03,130,-66
65.1042,00:04,130,-107
65.5061,00:02,131,-79
65.5559,00:03,131,-66
65.6046,00:04,131,-107
66.0052,00:02,132,-79
66.0568,00:03,132,-65
66.105,00:04,132,-107
66.5037,00:02,133,-79
66.5543,00:03,133,-65
66.6045,00:04,133,-107
67.0053,00:02,134,-80
67.0545,00:03,134,-65
67.5059,00:02,135,-80
67.5547,00:03,135,-64
68.0061,00:02,136,-80
68.0561,00:03,136,-64
68.1038,00:04,136,-107
68.5067,00:02,137,-80
68.5553,00:03,137,-64
68.6021,00:04,137,-107
69.0052,00:02,138,-80
69.057,00:03,138,-63
69.1026,00:04,138,-107
69.5058,00:02,139,-80
69.5565,00:03,139,-63
69.6046,00:04,139,-107
70.0071,00:02,140,-80
70.0569,00:03,140,-62
70.103,00:04,140,-107
70.5051,00:02,141,-80
70.5552,00:03,141,-62
71.0051,00:02,142,-81
71.0546,00:03,142,-61
71.1036,00:04,142,-107
71.5055,00:02,143,-81
71.5545,00:03,143,-61
71.6032,00:04,143,-107
72.0046,00:02,144,-81
72.0568,00:03,144,-61
72.1033,00:04,144,-107
72.5054,00:02,145,-81
72.5543,00:03,145,-60
72.605,00:04,145,-107
73.006,00:02,146,-81
73.0547,00:03,146,-60
73.1031,00:04,146,-107
73.5058,00:02,147,-81
73.557,00:03,147,-60
73.6032,00:04,147,-107
74.0056,00:02,148,-81
74.056,00:03,148,-59
74.1038,00:04,148,-107
74.5047,00:02,149,-81
74.5562,00:03,149,-59
74.6044,00:04,149,-107
75.0049,00:02,150,-82
75.0558,00:03,150,-59
75.1029,00:04,150,-107
75.5061,00:02,151,-82
75.5568,00:03,151,-58
75.6036,00:04,151,-107
76.005,00:02,152,-82
76.0541,00:03,152,-58
76.1046,00:04,152,-107
76.5062,00:02,153,-82
76.5555,00:03,153,-58
76.6017,00:04,153,-107
77.006,00:02,154,-82
77.0553,00:03,154,-57
77.1044,00:04,154,-108
77.5038,00:02,155,-82
77.5547,00:03,155,-57
77.6037,00:04,155,-108
78.0054,00:02,156,-82
78.0575,00:03,156,-57
78.1023,00:04,156,-108
78.5048,00:02,157,-82
78.5562,00:03,157,-56
78.605,00:04,157,-108
79.0048,00:02,158,-82
79.0555,00:03,158,-56
79.1042,00:04,158,-108
79.5064,00:02,159,-83
79.5555,00:03,159,-56
79.6042,00:04,159,-108
80.0057,00:02,160,-83
80.055,00:03,160,-55
80.1022,00:04,160,-108
80.5065,00:02,161,-83
80.5559,00:03,161,-55
80.602,00:04,161,-108
81.0042,00:02,162,-83
81.0546,00:03,162,-54
81.5041,00:02,163,-83
81.5576,00:03,163,-54
82.0065,00:02,164,-83
82.0561,00:03,164,-53
82.1021,00:04,164,-108
82.5061,00:02,165,-83
82.5546,00:03,165,-53
82.6037,00:04,165,-108
83.0065,00:02,166,-83
83.0565,00:03,166,-52
83.1046,00:04,166,-108
83.5054,00:02,167,-83
83.5558,00:03,167,-52
83.6018,00:04,167,-108
84.0076,00:02,168,-83
84.0546,00:03,168,-51
84.1042,00:04,168,-108
84.5072,00:02,169,-84
84.5544,00:03,169,-50
84.6046,00:04,169,-108
85.0048,00:02,170,-84
85.0578,00:03,170,-50
85.5062,00:02,171,-84
85.555,00:03,171,-49
85.6021,00:04,171,-108
86.0053,00:02,172,-84
86.0557,00:03,172,-49
86.5062,00:02,173,-84
86.5556,00:03,173,-48
86.6027,00:04,173,-108
87.0052,00:02,174,-84
87.0569,00:03,174,-47
87.505,00:02,175,-84
87.5578,00:03,175,-47
88.0049,00:02,176,-84
88.0543,00:03,176,-46
88.505,00:02,177,-84
88.5543,00:03,177,-46
88.604,00:04,177,-108
89.006,00:02,178,-84
89.0561,00:03,178,-45
89.1014,00:04,178,-108
89.506,00:02,179,-85
89.5549,00:03,179,-45
90.005,00:02,180,-85
90.0562,00:03,180,-45
90.1025,00:04,180,-108
90.506,00:02,181,-85
90.5556,00:03,181,-46
90.6018,00:04,181,-108
91.0067,00:02,182,-85
91.0562,00:03,182,-47
91.1021,00:04,182,-108
91.5049,00:02,183,-85
91.5569,00:03,183,-48
91.6037,00:04,183,-108
92.005,00:02,184,-85
92.0545,00:03,184,-49
92.5054,00:02,185,-85
92.5539,00:03,185,-49
93.0074,00:02,186,-85
93.0545,00:03,186,-50
93.1047,00:04,186,-108
93.5065,00:02,187,-85
93.5573,00:03,187,-51
94.0065,00:02,188,-85
94.0557,00:03,188,-52
94.5036,00:02,189,-85
94.5544,00:03,189,-52
94.6031,00:04,189,-108
95.0061,00:02,190,-85
95.0558,00:03,190,-53
95.1035,00:04,190,-108
95.5046,00:02,191,-85
95.5537,00:03,191,-53
96.0063,00:02,192,-85
96.055,00:03,192,-53
96.1029,00:04,192,-108
96.5063,00:02,193,-85
96.5559,00:03,193,-53
96.6025,00:04,193,-108
97.005,00:02,194,-85
97.0545,00:03,194,-53
97.1032,00:04,194,-108
97.5046,00:02,195,-84
97.5564,00:03,195,-53
97.6025,00:04,195,-108
98.0058,00:02,196,-84
98.0556,00:03,196,-53
98.1036,00:04,196,-107
98.5067,00:02,197,-84
98.5549,00:03,197,-53
98.6028,00:04,197,-107
99.0044,00:02,198,-84
99.0565,00:03,198,-53
99.1025,00:04,198,-107
99.5056,00:02,199,-84
99.5552,00:03,199,-53
99.6032,00:04,199,-107
100.005,00:02,200,-84
100.057,00:03,200,-54
100.105,00:04,200,-107
100.504,00:02,201,-84
100.555,00:03,201,-54
100.605,00:04,201,-107
101.007,00:02,202,-84
101.055,00:03,202,-54
101.102,00:04,202,-107
101.505,00:02,203,-84
101.555,00:03,203,-54
101.604,00:04,203,-107
102.005,00:02,204,-84
102.055,00:03,204,-55
102.103,00:04,204,-107
102.506,00:02,205,-83
102.556,00:03,205,-55
103.007,00:02,206,-83
103.054,00:03,206,-55
103.102,00:04,206,-107
103.505,00:02,207,-83
103.556,00:03,207,-56
103.603,00:04,207,-107
104.005,00:02,208,-83
104.055,00:03,208,-56
104.505,00:02,209,-83
104.557,00:03,209,-56
105.005,00:02,210,-83
105.054,00:03,210,-56
105.103,00:04,210,-107
105.506,00:02,211,-83
105.556,00:03,211,-57
105.604,00:04,211,-107
106.006,00:02,212,-83
106.057,00:03,212,-57
106.104,00:04,212,-107
106.506,00:02,213,-83
106.557,00:03,213,-57
106.604,00:04,213,-107
107.007,00:02,214,-82
107.055,00:03,214,-58
107.507,00:02,215,-82
107.557,00:03,215,-58
107.604,00:04,215,-107
108.004,00:02,216,-82
108.056,00:03,216,-58
108.104,00:04,216,-107
108.504,00:02,217,-82
108.556,00:03,217,-58
108.605,00:04,217,-107
109.007,00:02,218,-82
109.056,00:03,218,-59
109.105,00:04,218,-107
109.506,00:02,219,-82
109.556,00:03,219,-59
109.603,00:04,219,-107
110.005,00:02,220,-82
110.055,00:03,220,-59
110.104,00:04,220,-107
110.507,00:02,221,-82
110.556,00:03,221,-60
110.604,00:04,221,-106
111.006,00:02,222,-82
111.056,00:03,222,-60
111.101,00:04,222,-106
111.506,00:02,223,-81
111.554,00:03,223,-60
111.604,00:04,223,-106
112.005,00:02,224,-81
112.056,00:03,224,-60
112.102,00:04,224,-106
112.507,00:02,225,-81
112.556,00:03,225,-61
112.604,00:04,225,-106
113.007,00:02,226,-81
113.056,00:03,226,-61
113.104,00:04,226,-106
113.505,00:02,227,-81
113.555,00:03,227,-62
113.605,00:04,227,-106
114.006,00:02,228,-81
114.056,00:03,228,-62
114.101,00:04,228,-106
114.505,00:02,229,-81
114.554,00:03,229,-62
114.603,00:04,229,-106
115.005,00:02,230,-81
115.055,00:03,230,-63
115.104,00:04,230,-106
115.505,00:02,231,-81
115.556,00:03,231,-63
115.603,00:04,231,-106
116.006,00:02,232,-80
116.055,00:03,232,-63
116.104,00:04,232,-106
116.504,00:02,233,-80
116.556,00:03,233,-64
116.603,00:04,233,-106
117.005,00:02,234,-80
117.055,00:03,234,-64
117.104,00:04,234,-106
117.507,00:02,235,-80
117.556,00:03,235,-65
117.604,00:04,235,-106
118.006,00:02,236,-80
118.056,00:03,236,-65
118.103,00:04,236,-106
118.506,00:02,237,-80
118.555,00:03,237,-65
118.602,00:04,237,-106
119.005,00:02,238,-80
119.057,00:03,238,-66
119.103,00:04,238,-106
119.507,00:02,239,-80
119.556,00:03,239,-66
119.602,00:04,239,-106
120.005,00:02,240,-79
120.055,00:03,240,-66
120.104,00:04,240,-106
120.505,00:02,241,-79
120.555,00:03,241,-67
120.605,00:04,241,-106
121.006,00:02,242,-79
121.055,00:03,242,-67
121.102,00:04,242,-106
121.507,00:02,243,-79
121.556,00:03,243,-67
121.603,00:04,243,-106
122.006,00:02,244,-79
122.055,00:03,244,-67
122.103,00:04,244,-106
122.506,00:02,245,-79
122.555,00:03,245,-68
122.601,00:04,245,-106
123.005,00:02,246,-79
123.057,00:03,246,-68
123.103,00:04,246,-106
123.505,00:02,247,-78
123.556,00:03,247,-68
123.605,00:04,247,-106
124.006,00:02,248,-78
124.055,00:03,248,-69
124.104,00:04,248,-106
124.507,00:02,249,-78
124.556,00:03,249,-69
124.605,00:04,249,-106
125.005,00:02,250,-78
125.057,00:03,250,-69
125.101,00:04,250,-106
125.506,00:02,251,-78
125.555,00:03,251,-69
125.603,00:04,251,-106
126.005,00:02,252,-78
126.056,00:03,252,-70
126.103,00:04,252,-106
126.507,00:02,253,-78
126.555,00:03,253,-70
126.601,00:04,253,-106
127.005,00:02,254,-77
127.055,00:03,254,-70
127.102,00:04,254,-106
127.506,00:02,255,-77
127.555,00:03,255,-71
127.605,00:04,255,-106
128.007,00:02,256,-77
128.054,00:03,256,-71
128.104,00:04,256,-106
128.505,00:02,257,-77
128.557,00:03,257,-71
128.602,00:04,257,-106
129.006,00:02,258,-77
129.055,00:03,258,-71
129.103,00:04,258,-106
129.506,00:02,259,-77
129.556,00:03,259,-72
129.602,00:04,259,-106
130.007,00:02,260,-77
130.056,00:03,260,-72
130.102,00:04,260,-106
130.507,00:02,261,-76
130.557,00:03,261,-72
130.603,00:04,261,-106
131.006,00:02,262,-76
131.057,00:03,262,-72
131.101,00:04,262,-105
131.506,00:02,263,-76
131.555,00:03,263,-73
131.603,00:04,263,-105
132.005,00:02,264,-76
132.058,00:03,264,-73
132.104,00:04,264,-105
132.507,00:02,265,-76
132.555,00:03,265,-73
132.603,00:04,265,-105
133.005,00:02,266,-83
133.056,00:03,266,-80
133.507,00:02,267,-83
133.555,00:03,267,-80
134.006,00:02,268,-82
134.055,00:03,268,-81
134.505,00:02,269,-82
134.555,00:03,269,-81
135.007,00:02,270,-82
135.056,00:03,270,-81
135.505,00:02,271,-82
135.555,00:03,271,-81
136.005,00:02,272,-82
136.056,00:03,272,-81
136.507,00:02,273,-82
136.554,00:03,273,-82
137.005,00:02,274,-81
137.054,00:03,274,-82
137.506,00:02,275,-81
137.557,00:03,275,-82
138.004,00:02,276,-81
138.054,00:03,276,-82
138.504,00:02,277,-81
138.555,00:03,277,-82
139.007,00:02,278,-81
139.054,00:03,278,-83
139.506,00:02,279,-80
139.556,00:03,279,-83
140.005,00:02,280,-80
140.055,00:03,280,-83
140.506,00:02,281,-80
140.556,00:03,281,-83
141.006,00:02,282,-80
141.055,00:03,282,-83
141.506,00:02,283,-80
141.556,00:03,283,-84
142.007,00:02,284,-80
142.057,00:03,284,-84
142.506,00:02,285,-79
142.557,00:03,285,-84
143.006,00:02,286,-79
143.055,00:03,286,-84
143.504,00:02,287,-79
143.555,00:03,287,-84
144.006,00:02,288,-79
144.056,00:03,288,-85
144.508,00:02,289,-79
144.555,00:03,289,-85
145.006,00:02,290,-78
145.056,00:03,290,-85
145.506,00:02,291,-78
145.555,00:03,291,-85
146.006,00:02,292,-78
146.055,00:03,292,-85
146.505,00:02,293,-78
146.554,00:03,293,-85
147.007,00:02,294,-78
147.056,00:03,294,-86
147.504,00:02,295,-77
147.557,00:03,295,-86
148.006,00:02,296,-77
148.056,00:03,296,-86
148.508,00:02,297,-77
148.556,00:03,297,-86
149.005,00:02,298,-70
149.057,00:03,298,-79
149.104,00:04,298,-105
149.506,00:02,299,-69
149.555,00:03,299,-79
149.604,00:04,299,-105
150.005,00:02,300,-69
150.056,00:03,300,-80
150.104,00:04,300,-105
150.507,00:02,301,-69
150.555,00:03,301,-80
150.604,00:04,301,-105
151.006,00:02,302,-69
151.057,00:03,302,-80
151.103,00:04,302,-105
151.506,00:02,303,-68
151.556,00:03,303,-80
151.602,00:04,303,-106
152.004,00:02,304,-68
152.057,00:03,304,-80
152.103,00:04,304,-106
152.507,00:02,305,-68
152.555,00:03,305,-80
152.603,00:04,305,-106
153.007,00:02,306,-68
153.056,00:03,306,-80
153.102,00:04,306,-106
153.504,00:02,307,-68
153.554,00:03,307,-81
153.603,00:04,307,-106
154.006,00:02,308,-67
154.057,00:03,308,-81
154.103,00:04,308,-106
154.506,00:02,309,-67
154.557,00:03,309,-81
154.602,00:04,309,-106
155.008,00:02,310,-67
155.054,00:03,310,-81
155.103,00:04,310,-106
155.506,00:02,311,-66
155.556,00:03,311,-81
155.602,00:04,311,-106
156.007,00:02,312,-66
156.055,00:03,312,-81
156.103,00:04,312,-106
156.506,00:02,313,-66
156.555,00:03,313,-81
156.603,00:04,313,-106
157.006,00:02,314,-66
157.056,00:03,314,-82
157.103,00:04,314,-106
157.505,00:02,315,-65
157.556,00:03,315,-82
157.604,00:04,315,-106
158.006,00:02,316,-65
158.058,00:03,316,-82
158.101,00:04,316,-106
158.507,00:02,317,-65
158.555,00:03,317,-82
158.604,00:04,317,-106
159.006,00:02,318,-65
159.058,00:03,318,-82
159.105,00:04,318,-106
159.506,00:02,319,-64
159.556,00:03,319,-82
159.602,00:04,319,-106
160.005,00:02,320,-64
160.056,00:03,320,-82
160.102,00:04,320,-106
160.507,00:02,321,-64
160.557,00:03,321,-83
160.602,00:04,321,-106
161.006,00:02,322,-63
161.056,00:03,322,-83
161.104,00:04,322,-106
161.505,00:02,323,-63
161.556,00:03,323,-83
162.007,00:02,324,-63
162.056,00:03,324,-83
162.102,00:04,324,-106
162.507,00:02,325,-62
162.556,00:03,325,-83
162.602,00:04,325,-106
163.005,00:02,326,-62
163.057,00:03,326,-83
163.103,00:04,326,-106
163.506,00:02,327,-62
163.558,00:03,327,-83
163.603,00:04,327,-106
164.006,00:02,328,-61
164.057,00:03,328,-83
164.102,00:04,328,-106
164.506,00:02,329,-61
164.555,00:03,329,-84
164.601,00:04,329,-106
165.005,00:02,330,-61
165.056,00:03,330,-84
165.103,00:04,330,-106
165.506,00:02,331,-60
165.556,00:03,331,-84
165.602,00:04,331,-106
166.008,00:02,332,-60
166.055,00:03,332,-84
166.102,00:04,332,-106
166.505,00:02,333,-60
166.557,00:03,333,-84
166.603,00:04,333,-106
167.005,00:02,334,-59
167.056,00:03,334,-84
167.104,00:04,334,-106
167.506,00:02,335,-59
167.554,00:03,335,-84
167.601,00:04,335,-106
168.007,00:02,336,-58
168.056,00:03,336,-84
168.103,00:04,336,-106
168.505,00:02,337,-58
168.555,00:03,337,-85
168.602,00:04,337,-106
169.006,00:02,338,-58
169.056,00:03,338,-85
169.104,00:04,338,-106
169.504,00:02,339,-57
169.556,00:03,339,-85
169.602,00:04,339,-106
170.007,00:02,340,-57
170.057,00:03,340,-85
170.103,00:04,340,-106
170.505,00:02,341,-56
170.555,00:03,341,-85
170.603,00:04,341,-106
171.005,00:02,342,-56
171.057,00:03,342,-85
171.102,00:04,342,-106
171.506,00:02,343,-56
171.557,00:03,343,-85
171.603,00:04,343,-106
172.007,00:02,344,-56
172.058,00:03,344,-85
172.104,00:04,344,-107
172.506,00:02,345,-55
172.556,00:03,345,-85
172.602,00:04,345,-107
173.006,00:02,346,-55
173.055,00:03,346,-86
173.103,00:04,346,-107
173.506,00:02,347,-55
173.555,00:03,347,-86
173.601,00:04,347,-107
174.007,00:02,348,-55
174.055,00:03,348,-86
174.101,00:04,348,-107
174.504,00:02,349,-54
174.558,00:03,349,-86
174.603,00:04,349,-107
175.005,00:02,350,-54
175.055,00:03,350,-86
175.104,00:04,350,-107
175.506,00:02,351,-54
175.555,00:03,351,-86
175.605,00:04,351,-107
176.005,00:02,352,-54
176.057,00:03,352,-86
176.102,00:04,352,-107
176.506,00:02,353,-53
176.554,00:03,353,-86
176.603,00:04,353,-107
177.006,00:02,354,-53
177.054,00:03,354,-86
177.105,00:04,354,-107
177.506,00:02,355,-53
177.556,00:03,355,-87
177.603,00:04,355,-107
178.005,00:02,356,-52
178.056,00:03,356,-87
178.103,00:04,356,-107
178.507,00:02,357,-52
178.556,00:03,357,-87
178.603,00:04,357,-107
179.005,00:02,358,-52
179.057,00:03,358,-87
179.102,00:04,358,-107
179.506,00:02,359,-51
179.555,00:03,359,-87
179.602,00:04,359,-107
180.005,00:02,360,-51
180.058,00:03,360,-87
180.102,00:04,360,-107
180.507,00:02,361,-51
180.556,00:03,361,-87
180.602,00:04,361,-107
181.005,00:02,362,-51
181.055,00:03,362,-87
181.102,00:04,362,-107
181.506,00:02,363,-50
181.557,00:03,363,-87
181.603,00:04,363,-107
182.006,00:02,364,-50
182.056,00:03,364,-87
182.102,00:04,364,-107
182.506,00:02,365,-50
182.555,00:03,365,-88
182.602,00:04,365,-107
183.006,00:02,366,-50
183.054,00:03,366,-88
183.102,00:04,366,-107
183.506,00:02,367,-50
183.555,00:03,367,-88
183.603,00:04,367,-107
184.005,00:02,368,-49
184.056,00:03,368,-88
184.507,00:02,369,-49
184.556,00:03,369,-88
184.602,00:04,369,-108
185.008,00:02,370,-49
185.055,00:03,370,-88
185.104,00:04,370,-108
185.505,00:02,371,-49
185.555,00:03,371,-88
185.602,00:04,371,-108
186.004,00:02,372,-49
186.056,00:03,372,-88
186.103,00:04,372,-108
186.505,00:02,373,-50
186.555,00:03,373,-88
186.603,00:04,373,-108
187.004,00:02,374,-50
187.055,00:03,374,-88
187.101,00:04,374,-107
187.505,00:02,375,-51
187.556,00:03,375,-88
187.603,00:04,375,-107
188.007,00:02,376,-51
188.054,00:03,376,-88
188.104,00:04,376,-107
188.506,00:02,377,-52
188.554,00:03,377,-88
188.604,00:04,377,-107
189.008,00:02,378,-52
189.055,00:03,378,-88
189.103,00:04,378,-107
189.506,00:02,379,-53
189.555,00:03,379,-88
189.602,00:04,379,-107
190.004,00:02,380,-53
190.056,00:03,380,-88
190.101,00:04,380,-107
190.506,00:02,381,-53
190.555,00:03,381,-88
190.601,00:04,381,-107
191.007,00:02,382,-54
191.056,00:03,382,-88
191.103,00:04,382,-107
191.507,00:02,383,-54
191.555,00:03,383,-88
191.604,00:04,383,-107
192.008,00:02,384,-54
192.056,00:03,384,-88
192.104,00:04,384,-107
192.506,00:02,385,-54
192.556,00:03,385,-88
192.602,00:04,385,-107
193.006,00:02,386,-54
193.056,00:03,386,-88
193.101,00:04,386,-107
193.505,00:02,387,-54
193.556,00:03,387,-88
193.602,00:04,387,-107
194.006,00:02,388,-54
194.056,00:03,388,-88
194.101,00:04,388,-107
194.505,00:02,389,-54
194.556,00:03,389,-88
194.603,00:04,389,-107
195.007,00:02,390,-54
195.055,00:03,390,-88
195.101,00:04,390,-107
195.507,00:02,391,-54
195.556,00:03,391,-88
195.602,00:04,391,-106
196.008,00:02,392,-54
196.056,00:03,392,-88
196.103,00:04,392,-106
196.505,00:02,393,-54
196.555,00:03,393,-87
196.602,00:04,393,-106
197.006,00:02,394,-54
197.056,00:03,394,-87
197.103,00:04,394,-106
197.506,00:02,395,-54
197.555,00:03,395,-87
197.603,00:04,395,-106
198.005,00:02,396,-55
198.056,00:03,396,-87
198.101,00:04,396,-106
198.507,00:02,397,-55
198.558,00:03,397,-87
198.604,00:04,397,-106
199.007,00:02,398,-55
199.057,00:03,398,-87
199.103,00:04,398,-106
199.504,00:02,399,-55
199.557,00:03,399,-87
199.602,00:04,399,-106
200.006,00:02,400,-55
200.057,00:03,400,-87
200.104,00:04,400,-106
200.506,00:02,401,-55
200.557,00:03,401,-87
200.601,00:04,401,-106
201.005,00:02,402,-56
201.055,00:03,402,-87
201.102,00:04,402,-106
201.506,00:02,403,-56
201.555,00:03,403,-86
201.603,00:04,403,-106
202.006,00:02,404,-56
202.056,00:03,404,-86
202.102,00:04,404,-106
202.508,00:02,405,-56
202.556,00:03,405,-86
202.603,00:04,405,-106
203.006,00:02,406,-56
203.056,00:03,406,-86
203.102,00:04,406,-106
203.505,00:02,407,-56
203.555,00:03,407,-86
203.602,00:04,407,-106
204.006,00:02,408,-57
204.056,00:03,408,-86
204.104,00:04,408,-106
204.508,00:02,409,-57
204.557,00:03,409,-86
204.602,00:04,409,-106
205.005,00:02,410,-57
205.057,00:03,410,-86
205.102,00:04,410,-106
205.508,00:02,411,-58
205.555,00:03,411,-86
205.601,00:04,411,-106
206.007,00:02,412,-58
206.055,00:03,412,-85
206.103,00:04,412,-106
206.507,00:02,413,-58
206.557,00:03,413,-85
206.603,00:04,413,-106
207.006,00:02,414,-59
207.055,00:03,414,-85
207.103,00:04,414,-105
207.505,00:02,415,-59
207.556,00:03,415,-85
207.603,00:04,415,-105
208.005,00:02,416,-59
208.056,00:03,416,-85
208.101,00:04,416,-105
208.507,00:02,417,-59
208.556,00:03,417,-85
208.602,00:04,417,-105
209.005,00:02,418,-60
209.056,00:03,418,-85
209.101,00:04,418,-105
209.506,00:02,419,-60
209.557,00:03,419,-85
209.603,00:04,419,-105
210.004,00:02,420,-60
210.056,00:03,420,-85
210.101,00:04,420,-105
210.505,00:02,421,-61
210.556,00:03,421,-84
210.604,00:04,421,-105
211.007,00:02,422,-61
211.056,00:03,422,-84
211.101,00:04,422,-105
211.507,00:02,423,-61
211.555,00:03,423,-84
211.601,00:04,423,-105
212.007,00:02,424,-62
212.055,00:03,424,-84
212.103,00:04,424,-105
212.506,00:02,425,-62
212.555,00:03,425,-84
212.603,00:04,425,-105
213.008,00:02,426,-62
213.054,00:03,426,-84
213.102,00:04,426,-105
213.506,00:02,427,-63
213.555,00:03,427,-84
213.602,00:04,427,-105
214.005,00:02,428,-63
214.056,00:03,428,-84
214.101,00:04,428,-105
214.506,00:02,429,-63
214.556,00:03,429,-83
214.603,00:04,429,-105
215.006,00:02,430,-63
215.055,00:03,430,-83
215.104,00:04,430,-105
215.507,00:02,431,-64
215.555,00:03,431,-83
215.602,00:04,431,-105
216.005,00:02,432,-64
216.057,00:03,432,-83
216.102,00:04,432,-105
216.506,00:02,433,-64
216.557,00:03,433,-83
216.603,00:04,433,-105
217.005,00:02,434,-65
217.058,00:03,434,-83
217.102,00:04,434,-105
217.505,00:02,435,-65
217.556,00:03,435,-83
217.603,00:04,435,-105
218.008,00:02,436,-65
218.056,00:03,436,-83
218.102,00:04,436,-105
218.507,00:02,437,-65
218.557,00:03,437,-82
218.601,00:04,437,-105
219.006,00:02,438,-66
219.055,00:03,438,-82
219.103,00:04,438,-105
219.506,00:02,439,-66
219.556,00:03,439,-82
219.602,00:04,439,-105
220.007,00:02,440,-66
220.056,00:03,440,-82
220.102,00:04,440,-105
220.507,00:02,441,-66
220.556,00:03,441,-82
220.602,00:04,441,-105
221.007,00:02,442,-67
221.054,00:03,442,-82
221.102,00:04,442,-105
221.507,00:02,443,-67
221.555,00:03,443,-82
221.603,00:04,443,-105
222.007,00:02,444,-67
222.056,00:03,444,-82
222.103,00:04,444,-105
222.505,00:02,445,-67
222.555,00:03,445,-81
222.602,00:04,445,-105
223.006,00:02,446,-68
223.056,00:03,446,-81
223.103,00:04,446,-105
223.508,00:02,447,-68
223.555,00:03,447,-81
223.601,00:04,447,-105
224.005,00:02,448,-68
224.055,00:03,448,-81
224.102,00:04,448,-105
224.507,00:02,449,-68
224.555,00:03,449,-81
224.602,00:04,449,-104
225.007,00:02,450,-69
225.055,00:03,450,-81
225.101,00:04,450,-104
225.505,00:02,451,-69
225.555,00:03,451,-81
225.601,00:04,451,-104
226.005,00:02,452,-69
226.057,00:03,452,-80
226.102,00:04,452,-104
226.507,00:02,453,-69
226.556,00:03,453,-80
226.602,00:04,453,-104
227.007,00:02,454,-69
227.056,00:03,454,-80
227.102,00:04,454,-104
227.507,00:02,455,-70
227.555,00:03,455,-80
227.603,00:04,455,-104
228.008,00:02,456,-70
228.056,00:03,456,-80
228.102,00:04,456,-104
228.506,00:02,457,-70
228.557,00:03,457,-80
228.602,00:04,457,-104
229.007,00:02,458,-70
229.055,00:03,458,-79
229.102,00:04,458,-104
229.506,00:02,459,-70
229.554,00:03,459,-79
229.601,00:04,459,-104
230.008,00:02,460,-71
230.054,00:03,460,-79
230.104,00:04,460,-104
230.507,00:02,461,-71
230.555,00:03,461,-79
230.603,00:04,461,-104
231.006,00:02,462,-71
231.056,00:03,462,-79
231.102,00:04,462,-104
231.507,00:02,463,-71
231.555,00:03,463,-79
231.601,00:04,463,-104
232.005,00:02,464,-71
232.055,00:03,464,-79
232.101,00:04,464,-104
232.506,00:02,465,-72
232.556,00:03,465,-78
232.603,00:04,465,-104
233.006,00:02,466,-72
233.056,00:03,466,-78
233.101,00:04,466,-104
233.507,00:02,467,-72
233.555,00:03,467,-78
233.603,00:04,467,-104
234.006,00:02,468,-72
234.056,00:03,468,-78
234.103,00:04,468,-104
234.506,00:02,469,-72
234.557,00:03,469,-78
234.601,00:04,469,-104
235.007,00:02,470,-73
235.057,00:03,470,-78
235.102,00:04,470,-104
235.506,00:02,471,-73
235.557,00:03,471,-77
235.602,00:04,471,-104
236.007,00:02,472,-73
236.056,00:03,472,-77
236.102,00:04,472,-104
236.507,00:02,473,-73
236.556,00:03,473,-77
236.603,00:04,473,-104
237.006,00:02,474,-73
237.056,00:03,474,-77
237.103,00:04,474,-104
237.505,00:02,475,-74
237.555,00:03,475,-77
237.603,00:04,475,-104
238.006,00:02,476,-74
238.056,00:03,476,-76
238.102,00:04,476,-104
238.507,00:02,477,-74
238.554,00:03,477,-76
238.603,00:04,477,-104
239.005,00:02,478,-74
239.055,00:03,478,-76
239.101,00:04,478,-104
239.507,00:02,479,-74
239.556,00:03,479,-76
239.603,00:04,479,-104
240.006,00:02,480,-74
240.054,00:03,480,-76
240.101,00:04,480,-104
240.507,00:02,481,-75
240.556,00:03,481,-76
240.602,00:04,481,-104
241.006,00:02,482,-75
241.056,00:03,482,-75
241.102,00:04,482,-104
241.508,00:02,483,-75
241.557,00:03,483,-75
241.603,00:04,483,-104
242.007,00:02,484,-75
242.056,00:03,484,-75
242.102,00:04,484,-104
242.505,00:02,485,-75
242.557,00:03,485,-75
242.603,00:04,485,-104
243.006,00:02,486,-75
243.055,00:03,486,-75
243.102,00:04,486,-104
243.506,00:02,487,-76
243.557,00:03,487,-74
243.601,00:04,487,-104
244.007,00:02,488,-76
244.057,00:03,488,-74
244.102,00:04,488,-104
244.506,00:02,489,-76
244.555,00:03,489,-74
244.602,00:04,489,-104
245.007,00:02,490,-76
245.054,00:03,490,-74
245.101,00:04,490,-104
245.506,00:02,491,-76
245.555,00:03,491,-74
245.602,00:04,491,-104
246.006,00:02,492,-76
246.057,00:03,492,-73
246.102,00:04,492,-104
246.507,00:02,493,-76
246.556,00:03,493,-73
246.602,00:04,493,-104
247.008,00:02,494,-77
247.057,00:03,494,-73
247.102,00:04,494,-104
247.507,00:02,495,-77
247.556,00:03,495,-73
247.601,00:04,495,-104
248.008,00:02,496,-77
248.056,00:03,496,-72
248.101,00:04,496,-104
248.507,00:02,497,-77
248.554,00:03,497,-72
248.603,00:04,497,-104
249.006,00:02,498,-77
249.057,00:03,498,-72
249.104,00:04,498,-104
249.506,00:02,499,-77
249.556,00:03,499,-72
249.603,00:04,499,-105
250.006,00:02,500,-77
250.055,00:03,500,-72
250.101,00:04,500,-105
250.508,00:02,501,-78
250.557,00:03,501,-71
250.601,00:04,501,-105
251.007,00:02,502,-78
251.057,00:03,502,-71
251.102,00:04,502,-105
251.507,00:02,503,-78
251.555,00:03,503,-71
251.601,00:04,503,-105
252.006,00:02,504,-78
252.054,00:03,504,-71
252.103,00:04,504,-105
252.508,00:02,505,-78
252.555,00:03,505,-70
252.602,00:04,505,-105
253.008,00:02,506,-78
253.054,00:03,506,-70
253.102,00:04,506,-105
253.507,00:02,507,-78
253.555,00:03,507,-70
253.602,00:04,507,-105
254.005,00:02,508,-79
254.054,00:03,508,-70
254.103,00:04,508,-105
254.506,00:02,509,-79
254.556,00:03,509,-69
254.601,00:04,509,-105
255.007,00:02,510,-79
255.056,00:03,510,-69
255.102,00:04,510,-105
255.506,00:02,511,-79
255.557,00:03,511,-69
255.603,00:04,511,-105
256.006,00:02,512,-79
256.057,00:03,512,-69
256.1,00:04,512,-105
256.506,00:02,513,-79
256.556,00:03,513,-68
256.603,00:04,513,-105
257.005,00:02,514,-79
257.055,00:03,514,-68
257.104,00:04,514,-105
257.507,00:02,515,-79
257.555,00:03,515,-68
257.603,00:04,515,-105
258.008,00:02,516,-80
258.056,00:03,516,-67
258.101,00:04,516,-105
258.505,00:02,517,-80
258.558,00:03,517,-67
258.601,00:04,517,-105
259.005,00:02,518,-80
259.055,00:03,518,-67
259.103,00:04,518,-105
259.506,00:02,519,-80
259.556,00:03,519,-67
259.602,00:04,519,-105
260.006,00:02,520,-80
260.055,00:03,520,-66
260.103,00:04,520,-105
260.507,00:02,521,-80
260.555,00:03,521,-66
260.603,00:04,521,-105
261.007,00:02,522,-80
261.056,00:03,522,-66
261.103,00:04,522,-105
261.507,00:02,523,-80
261.556,00:03,523,-65
261.602,00:04,523,-105
262.008,00:02,524,-81
262.057,00:03,524,-65
262.102,00:04,524,-105
262.505,00:02,525,-81
262.555,00:03,525,-65
262.602,00:04,525,-105
263.006,00:02,526,-81
263.058,00:03,526,-65
263.103,00:04,526,-105
263.507,00:02,527,-81
263.556,00:03,527,-64
263.603,00:04,527,-105
264.005,00:02,528,-81
264.055,00:03,528,-64
264.102,00:04,528,-105
264.507,00:02,529,-81
264.555,00:03,529,-64
264.602,00:04,529,-105
265.006,00:02,530,-81
265.056,00:03,530,-63
265.102,00:04,530,-105
265.507,00:02,531,-81
265.555,00:03,531,-63
265.602,00:04,531,-105
266.007,00:02,532,-82
266.055,00:03,532,-63
266.103,00:04,532,-105
266.505,00:02,533,-82
266.555,00:03,533,-62
266.601,00:04,533,-105
267.008,00:02,534,-82
267.054,00:03,534,-62
267.101,00:04,534,-106
267.507,00:02,535,-82
267.556,00:03,535,-62
267.601,00:04,535,-106
268.005,00:02,536,-82
268.055,00:03,536,-61
268.102,00:04,536,-106
268.507,00:02,537,-82
268.556,00:03,537,-61
268.602,00:04,537,-106
269.007,00:02,538,-82
269.054,00:03,538,-61
269.101,00:04,538,-106
269.508,00:02,539,-82
269.555,00:03,539,-60
269.602,00:04,539,-106
270.007,00:02,540,-82
270.056,00:03,540,-60
270.102,00:04,540,-106
270.507,00:02,541,-83
270.558,00:03,541,-60
270.602,00:04,541,-106
271.005,00:02,542,-83
271.055,00:03,542,-60
271.102,00:04,542,-106
271.507,00:02,543,-83
271.556,00:03,543,-60
271.6,00:04,543,-106
272.007,00:02,544,-83
272.055,00:03,544,-59
272.101,00:04,544,-106
272.506,00:02,545,-83
272.555,00:03,545,-59
272.6,00:04,545,-106
273.005,00:02,546,-83
273.057,00:03,546,-59
273.102,00:04,546,-106
273.506,00:02,547,-83
273.558,00:03,547,-59
273.601,00:04,547,-106
274.007,00:02,548,-83
274.056,00:03,548,-59
274.102,00:04,548,-106
274.506,00:02,549,-83
274.558,00:03,549,-59
274.601,00:04,549,-106
275.006,00:02,550,-83
275.055,00:03,550,-58
275.102,00:04,550,-106
275.506,00:02,551,-84
275.556,00:03,551,-58
275.601,00:04,551,-106
276.007,00:02,552,-84
276.057,00:03,552,-58
276.102,00:04,552,-106
276.506,00:02,553,-84
276.557,00:03,553,-58
276.602,00:04,553,-106
277.006,00:02,554,-84
277.054,00:03,554,-58
277.103,00:04,554,-106
277.505,00:02,555,-84
277.556,00:03,555,-58
277.601,00:04,555,-106
278.007,00:02,556,-84
278.055,00:03,556,-58
278.102,00:04,556,-106
278.506,00:02,557,-84
278.557,00:03,557,-58
278.601,00:04,557,-106
279.006,00:02,558,-84
279.055,00:03,558,-57
279.103,00:04,558,-107
279.507,00:02,559,-84
279.555,00:03,559,-57
279.602,00:04,559,-107
280.008,00:02,560,-84
280.056,00:03,560,-57
280.102,00:04,560,-107
280.505,00:02,561,-85
280.558,00:03,561,-57
280.601,00:04,561,-107
281.006,00:02,562,-85
281.057,00:03,562,-57
281.104,00:04,562,-107
281.506,00:02,563,-85
281.556,00:03,563,-57
281.601,00:04,563,-107
282.007,00:02,564,-85
282.055,00:03,564,-57
282.102,00:04,564,-107
282.508,00:02,565,-85
282.555,00:03,565,-58
282.604,00:04,565,-107
283.008,00:02,566,-85
283.055,00:03,566,-58
283.102,00:04,566,-107
283.507,00:02,567,-85
283.554,00:03,567,-58
283.602,00:04,567,-107
284.005,00:02,568,-85
284.055,00:03,568,-59
284.102,00:04,568,-106
284.508,00:02,569,-85
284.556,00:03,569,-59
284.602,00:04,569,-106
285.006,00:02,570,-85
285.055,00:03,570,-59
285.102,00:04,570,-106
285.507,00:02,571,-85
285.556,00:03,571,-60
285.602,00:04,571,-106
286.007,00:02,572,-85
286.056,00:03,572,-60
286.101,00:04,572,-106
286.507,00:02,573,-85
286.555,00:03,573,-60
286.604,00:04,573,-106
287.006,00:02,574,-85
287.056,00:03,574,-60
287.103,00:04,574,-106
287.507,00:02,575,-85
287.556,00:03,575,-60
287.601,00:04,575,-106
288.006,00:02,576,-85
288.056,00:03,576,-60
288.102,00:04,576,-106
288.507,00:02,577,-85
288.557,00:03,577,-60
288.602,00:04,577,-106
289.006,00:02,578,-85
289.056,00:03,578,-60
289.103,00:04,578,-106
289.506,00:02,579,-85
289.554,00:03,579,-60
289.602,00:04,579,-106
290.007,00:02,580,-85
290.057,00:03,580,-60
290.101,00:04,580,-106
290.506,00:02,581,-85
290.554,00:03,581,-61
290.603,00:04,581,-106
291.006,00:02,582,-84
291.055,00:03,582,-61
291.102,00:04,582,-106
291.507,00:02,583,-84
291.556,00:03,583,-61
291.604,00:04,583,-106
292.008,00:02,584,-84
292.057,00:03,584,-61
292.102,00:04,584,-106
292.507,00:02,585,-84
292.554,00:03,585,-61
292.601,00:04,585,-105
293.006,00:02,586,-84
293.054,00:03,586,-61
293.1,00:04,586,-105
293.508,00:02,587,-84
293.557,00:03,587,-61
293.602,00:04,587,-105
294.007,00:02,588,-84
294.056,00:03,588,-61
294.102,00:04,588,-105
294.508,00:02,589,-84
294.555,00:03,589,-61
294.602,00:04,589,-105
295.006,00:02,590,-84
295.056,00:03,590,-62
295.102,00:04,590,-105
295.507,00:02,591,-84
295.556,00:03,591,-62
295.603,00:04,591,-105
296.007,00:02,592,-83
296.056,00:03,592,-62
296.101,00:04,592,-105
296.505,00:02,593,-83
296.557,00:03,593,-62
296.601,00:04,593,-105
297.006,00:02,594,-83
297.056,00:03,594,-62
297.102,00:04,594,-105
297.507,00:02,595,-83
297.558,00:03,595,-62
297.601,00:04,595,-105
298.005,00:02,596,-83
298.057,00:03,596,-63
298.102,00:04,596,-105
298.507,00:02,597,-83
298.555,00:03,597,-63
298.601,00:04,597,-105
299.007,00:02,598,-83
299.055,00:03,598,-63
299.101,00:04,598,-105
299.509,00:02,599,-83
299.555,00:03,599,-63
299.602,00:04,599,-105
300.006,00:02,600,-83
300.056,00:03,600,-64
300.102,00:04,600,-105
300.505,00:02,601,-83
300.557,00:03,601,-64
300.6,00:04,601,-105
301.007,00:02,602,-82
301.056,00:03,602,-64
301.102,00:04,602,-105
301.507,00:02,603,-82
301.555,00:03,603,-64
301.601,00:04,603,-105
302.007,00:02,604,-82
302.057,00:03,604,-64
302.1,00:04,604,-105
302.506,00:02,605,-82
302.555,00:03,605,-65
302.601,00:04,605,-105
303.007,00:02,606,-82
303.055,00:03,606,-65
303.101,00:04,606,-104
303.508,00:02,607,-82
303.554,00:03,607,-65
303.6,00:04,607,-104
304.006,00:02,608,-82
304.054,00:03,608,-65
304.102,00:04,608,-104
304.506,00:02,609,-82
304.557,00:03,609,-66
304.601,00:04,609,-104
305.006,00:02,610,-82
305.055,00:03,610,-66
305.101,00:04,610,-104
305.506,00:02,611,-81
305.555,00:03,611,-66
305.6,00:04,611,-104
306.006,00:02,612,-81
306.056,00:03,612,-66
306.101,00:04,612,-104
306.507,00:02,613,-81
306.557,00:03,613,-67
306.602,00:04,613,-104
307.008,00:02,614,-81
307.056,00:03,614,-67
307.102,00:04,614,-104
307.509,00:02,615,-81
307.557,00:03,615,-67
307.6,00:04,615,-104
308.007,00:02,616,-81
308.056,00:03,616,-67
308.102,00:04,616,-104
308.508,00:02,617,-81
308.555,00:03,617,-68
308.602,00:04,617,-104
309.005,00:02,618,-81
309.054,00:03,618,-68
309.101,00:04,618,-104
309.507,00:02,619,-81
309.557,00:03,619,-68
309.602,00:04,619,-104
310.006,00:02,620,-80
310.056,00:03,620,-68
310.101,00:04,620,-104
310.506,00:02,621,-80
310.556,00:03,621,-68
310.602,00:04,621,-104
311.005,00:02,622,-80
311.056,00:03,622,-69
311.104,00:04,622,-104
311.506,00:02,623,-80
311.555,00:03,623,-69
311.602,00:04,623,-104
312.007,00:02,624,-80
312.057,00:03,624,-69
312.103,00:04,624,-104
312.507,00:02,625,-80
312.555,00:03,625,-69
312.601,00:04,625,-104
313.007,00:02,626,-80
313.057,00:03,626,-70
313.101,00:04,626,-104
313.506,00:02,627,-80
313.557,00:03,627,-70
313.6,00:04,627,-104
314.005,00:02,628,-79
314.058,00:03,628,-70
314.103,00:04,628,-104
314.507,00:02,629,-79
314.556,00:03,629,-70
314.602,00:04,629,-104
315.006,00:02,630,-79
315.058,00:03,630,-71
315.102,00:04,630,-104
315.506,00:02,631,-79
315.556,00:03,631,-71
315.6,00:04,631,-104
316.008,00:02,632,-79
316.056,00:03,632,-71
316.102,00:04,632,-104
316.507,00:02,633,-79
316.554,00:03,633,-71
316.602,00:04,633,-104
317.006,00:02,634,-79
317.056,00:03,634,-71
317.1,00:04,634,-104
317.507,00:02,635,-79
317.554,00:03,635,-72
317.602,00:04,635,-103
318.009,00:02,636,-78
318.056,00:03,636,-72
318.101,00:04,636,-103
318.507,00:02,637,-78
318.555,00:03,637,-72
318.602,00:04,637,-103
319.006,00:02,638,-78
319.056,00:03,638,-72
319.1,00:04,638,-103
319.507,00:02,639,-78
319.556,00:03,639,-72
319.603,00:04,639,-103
320.009,00:02,640,-78
320.055,00:03,640,-73
320.102,00:04,640,-103
320.506,00:02,641,-78
320.556,00:03,641,-73
320.6,00:04,641,-103
321.006,00:02,642,-78
321.056,00:03,642,-73
321.101,00:04,642,-103
321.506,00:02,643,-77
321.558,00:03,643,-73
321.601,00:04,643,-103
322.008,00:02,644,-77
322.056,00:03,644,-73
322.102,00:04,644,-103
322.507,00:02,645,-77
322.557,00:03,645,-74
322.603,00:04,645,-103
323.008,00:02,646,-77
323.055,00:03,646,-74
323.101,00:04,646,-103
323.506,00:02,647,-77
323.556,00:03,647,-74
323.6,00:04,647,-103
324.008,00:02,648,-77
324.055,00:03,648,-74
324.102,00:04,648,-103
324.507,00:02,649,-77
324.556,00:03,649,-74
324.602,00:04,649,-103
325.006,00:02,650,-76
325.055,00:03,650,-75
325.102,00:04,650,-103
325.507,00:02,651,-76
325.555,00:03,651,-75
325.602,00:04,651,-103
326.007,00:02,652,-76
326.055,00:03,652,-75
326.102,00:04,652,-103
326.507,00:02,653,-76
326.555,00:03,653,-75
326.603,00:04,653,-103
327.006,00:02,654,-80
327.054,00:03,654,-79
327.102,00:04,654,-107
327.507,00:02,655,-80
327.557,00:03,655,-80
327.602,00:04,655,-107
328.008,00:02,656,-80
328.056,00:03,656,-80
328.103,00:04,656,-107
328.509,00:02,657,-79
328.557,00:03,657,-80
328.602,00:04,657,-107
329.007,00:02,658,-79
329.055,00:03,658,-80
329.099,00:04,658,-107
329.508,00:02,659,-79
329.557,00:03,659,-80
329.6,00:04,659,-107
330.005,00:02,660,-79
330.056,00:03,660,-80
330.103,00:04,660,-107
330.508,00:02,661,-79
330.557,00:03,661,-81
330.601,00:04,661,-107
331.007,00:02,662,-79
331.056,00:03,662,-81
331.506,00:02,663,-78
331.556,00:03,663,-81
331.6,00:04,663,-107
332.006,00:02,664,-78
332.056,00:03,664,-81
332.101,00:04,664,-107
332.507,00:02,665,-78
332.556,00:03,665,-81
332.601,00:04,665,-107
333.006,00:02,666,-78
333.056,00:03,666,-81
333.102,00:04,666,-107
333.507,00:02,667,-78
333.555,00:03,667,-82
333.601,00:04,667,-107
334.008,00:02,668,-78
334.056,00:03,668,-82
334.1,00:04,668,-107
334.506,00:02,669,-77
334.555,00:03,669,-82
334.602,00:04,669,-107
335.009,00:02,670,-77
335.054,00:03,670,-82
335.102,00:04,670,-107
335.506,00:02,671,-77
335.557,00:03,671,-82
335.601,00:04,671,-107
336.008,00:02,672,-77
336.055,00:03,672,-82
336.102,00:04,672,-107
336.506,00:02,673,-77
336.556,00:03,673,-83
336.602,00:04,673,-107
337.006,00:02,674,-77
337.056,00:03,674,-83
337.102,00:04,674,-107
337.506,00:02,675,-76
337.556,00:03,675,-83
337.601,00:04,675,-107
338.008,00:02,676,-76
338.055,00:03,676,-83
338.101,00:04,676,-107
338.506,00:02,677,-76
338.557,00:03,677,-83
338.602,00:04,677,-107
339.006,00:02,678,-72
339.056,00:03,678,-79
339.102,00:04,678,-103
339.506,00:02,679,-72
339.556,00:03,679,-80
339.602,00:04,679,-103
340.006,00:02,680,-71
340.056,00:03,680,-80
340.101,00:04,680,-103
340.507,00:02,681,-71
340.555,00:03,681,-80
340.601,00:04,681,-103
341.008,00:02,682,-71
341.056,00:03,682,-80
341.102,00:04,682,-103
341.505,00:02,683,-71
341.557,00:03,683,-80
341.601,00:04,683,-103
342.006,00:02,684,-71
342.055,00:03,684,-80
342.1,00:04,684,-103
342.506,00:02,685,-71
342.554,00:03,685,-80
342.601,00:04,685,-103
343.006,00:02,686,-70
343.056,00:03,686,-81
343.101,00:04,686,-103
343.506,00:02,687,-70
343.556,00:03,687,-81
343.601,00:04,687,-103
344.006,00:02,688,-70
344.057,00:03,688,-81
344.1,00:04,688,-103
344.506,00:02,689,-70
344.556,00:03,689,-81
344.601,00:04,689,-103
345.007,00:02,690,-70
345.054,00:03,690,-81
345.102,00:04,690,-103
345.507,00:02,691,-69
345.556,00:03,691,-81
345.602,00:04,691,-103
346.007,00:02,692,-69
346.055,00:03,692,-81
346.101,00:04,692,-103
346.505,00:02,693,-69
346.556,00:03,693,-82
346.603,00:04,693,-103
347.008,00:02,694,-69
347.058,00:03,694,-82
347.102,00:04,694,-103
347.509,00:02,695,-68
347.555,00:03,695,-82
347.602,00:04,695,-103
348.006,00:02,696,-68
348.055,00:03,696,-82
348.1,00:04,696,-103
348.507,00:02,697,-68
348.554,00:03,697,-82
348.6,00:04,697,-104
349.008,00:02,698,-68
349.055,00:03,698,-82
349.102,00:04,698,-104
349.508,00:02,699,-68
349.555,00:03,699,-82
349.6,00:04,699,-104
350.008,00:02,700,-67
350.055,00:03,700,-82
350.103,00:04,700,-104
350.506,00:02,701,-67
350.558,00:03,701,-83
350.6,00:04,701,-104
351.006,00:02,702,-67
351.057,00:03,702,-83
351.102,00:04,702,-104
351.506,00:02,703,-67
351.555,00:03,703,-83
351.602,00:04,703,-104
352.007,00:02,704,-67
352.056,00:03,704,-83
352.101,00:04,704,-104
352.508,00:02,705,-66
352.556,00:03,705,-83
352.602,00:04,705,-104
353.005,00:02,706,-66
353.055,00:03,706,-83
353.1,00:04,706,-104
353.507,00:02,707,-66
353.555,00:03,707,-83
353.601,00:04,707,-104
354.008,00:02,708,-66
354.057,00:03,708,-83
354.102,00:04,708,-104
354.506,00:02,709,-65
354.554,00:03,709,-84
354.602,00:04,709,-104
355.008,00:02,710,-65
355.056,00:03,710,-84
355.101,00:04,710,-104
355.508,00:02,711,-65
355.554,00:03,711,-84
355.602,00:04,711,-104
356.006,00:02,712,-65
356.055,00:03,712,-84
356.102,00:04,712,-104
356.508,00:02,713,-64
356.555,00:03,713,-84
356.6,00:04,713,-104
357.007,00:02,714,-64
357.054,00:03,714,-84
357.102,00:04,714,-104
357.505,00:02,715,-64
357.556,00:03,715,-84
357.602,00:04,715,-104
358.007,00:02,716,-64
358.056,00:03,716,-84
358.101,00:04,716,-104
358.508,00:02,717,-64
358.554,00:03,717,-85
358.602,00:04,717,-104
359.007,00:02,718,-63
359.055,00:03,718,-85
359.102,00:04,718,-104
359.507,00:02,719,-63
359.557,00:03,719,-85
359.601,00:04,719,-104
360.008,00:02,720,-63
360.057,00:03,720,-85
360.1,00:04,720,-104
360.506,00:02,721,-63
360.554,00:03,721,-85
360.601,00:04,721,-104
361.008,00:02,722,-66
361.056,00:03,722,-89
361.101,00:04,722,-108
361.505,00:02,723,-66
361.555,00:03,723,-89
361.602,00:04,723,-108
362.008,00:02,724,-66
362.057,00:03,724,-89
362.101,00:04,724,-108
362.506,00:02,725,-66
362.556,00:03,725,-89
362.601,00:04,725,-108
363.007,00:02,726,-65
363.056,00:03,726,-90
363.101,00:04,726,-109
363.506,00:02,727,-65
363.555,00:03,727,-90
363.601,00:04,727,-109
364.006,00:02,728,-65
364.055,00:03,728,-90
364.102,00:04,728,-109
364.505,00:02,729,-65
364.554,00:03,729,-90
364.601,00:04,729,-109
365.007,00:02,730,-60
365.057,00:03,730,-86
365.1,00:04,730,-105
365.507,00:02,731,-60
365.557,00:03,731,-86
365.601,00:04,731,-105
366.006,00:02,732,-60
366.056,00:03,732,-86
366.101,00:04,732,-105
366.509,00:02,733,-60
366.557,00:03,733,-86
366.6,00:04,733,-105
367.007,00:02,734,-60
367.056,00:03,734,-86
367.102,00:04,734,-105
367.505,00:02,735,-59
367.555,00:03,735,-86
367.601,00:04,735,-105
368.007,00:02,736,-59
368.054,00:03,736,-87
368.102,00:04,736,-105
368.507,00:02,737,-59
368.555,00:03,737,-87
368.6,00:04,737,-105
369.008,00:02,738,-59
369.056,00:03,738,-87
369.101,00:04,738,-105
369.508,00:02,739,-59
369.556,00:03,739,-87
369.6,00:04,739,-105
370.006,00:02,740,-58
370.057,00:03,740,-87
370.103,00:04,740,-105
370.507,00:02,741,-58
370.557,00:03,741,-87
370.601,00:04,741,-105
371.008,00:02,742,-58
371.055,00:03,742,-87
371.1,00:04,742,-105
371.507,00:02,743,-58
371.554,00:03,743,-87
371.601,00:04,743,-105
372.007,00:02,744,-58
372.056,00:03,744,-87
372.101,00:04,744,-105
372.508,00:02,745,-58
372.557,00:03,745,-87
372.602,00:04,745,-105
373.009,00:02,746,-57
373.055,00:03,746,-88
373.1,00:04,746,-105
373.507,00:02,747,-57
373.556,00:03,747,-88
373.602,00:04,747,-106
374.007,00:02,748,-57
374.054,00:03,748,-88
374.102,00:04,748,-106
374.507,00:02,749,-57
374.557,00:03,749,-88
374.603,00:04,749,-106
375.007,00:02,750,-57
375.056,00:03,750,-88
375.102,00:04,750,-106
375.508,00:02,751,-57
375.557,00:03,751,-88
375.602,00:04,751,-106
376.008,00:02,752,-57
376.057,00:03,752,-88
376.103,00:04,752,-106
376.507,00:02,753,-57
376.557,00:03,753,-88
376.601,00:04,753,-106
377.007,00:02,754,-57
377.056,00:03,754,-88
377.1,00:04,754,-106
377.506,00:02,755,-57
377.556,00:03,755,-88
377.6,00:04,755,-106
378.006,00:02,756,-57
378.056,00:03,756,-89
378.101,00:04,756,-106
378.506,00:02,757,-57
378.555,00:03,757,-89
378.602,00:04,757,-106
379.007,00:02,758,-58
379.058,00:03,758,-89
379.101,00:04,758,-106
379.508,00:02,759,-58
379.556,00:03,759,-89
379.602,00:04,759,-106
380.008,00:02,760,-59
380.055,00:03,760,-89
380.101,00:04,760,-106
380.506,00:02,761,-59
380.555,00:03,761,-89
380.602,00:04,761,-106
381.007,00:02,762,-59
381.054,00:03,762,-89
381.101,00:04,762,-105
381.507,00:02,763,-60
381.555,00:03,763,-89
381.601,00:04,763,-105
382.006,00:02,764,-60
382.056,00:03,764,-89
382.1,00:04,764,-105
382.506,00:02,765,-61
382.555,00:03,765,-89
382.602,00:04,765,-105
383.006,00:02,766,-61
383.055,00:03,766,-89
383.101,00:04,766,-105
383.507,00:02,767,-61
383.556,00:03,767,-89
383.599,00:04,767,-105
384.007,00:02,768,-61
384.056,00:03,768,-89
384.102,00:04,768,-105
384.506,00:02,769,-61
384.555,00:03,769,-89
384.6,00:04,769,-105
385.007,00:02,770,-61
385.057,00:03,770,-89
385.101,00:04,770,-105
385.508,00:02,771,-61
385.556,00:03,771,-88
385.601,00:04,771,-105
386.007,00:02,772,-61
386.056,00:03,772,-88
386.101,00:04,772,-105
386.507,00:02,773,-61
386.555,00:03,773,-88
386.602,00:04,773,-105
387.006,00:02,774,-61
387.056,00:03,774,-88
387.101,00:04,774,-105
387.507,00:02,775,-61
387.556,00:03,775,-88
387.6,00:04,775,-105
388.007,00:02,776,-61
388.054,00:03,776,-88
388.1,00:04,776,-105
388.507,00:02,777,-61
388.558,00:03,777,-88
388.6,00:04,777,-105
389.007,00:02,778,-61
389.056,00:03,778,-88
389.101,00:04,778,-104
389.506,00:02,779,-62
389.555,00:03,779,-88
389.599,00:04,779,-104
390.007,00:02,780,-62
390.057,00:03,780,-88
390.099,00:04,780,-104
390.507,00:02,781,-62
390.556,00:03,781,-88
390.6,00:04,781,-104
391.007,00:02,782,-62
391.057,00:03,782,-87
391.102,00:04,782,-104
391.506,00:02,783,-62
391.555,00:03,783,-87
391.602,00:04,783,-104
392.008,00:02,784,-62
392.057,00:03,784,-87
392.102,00:04,784,-104
392.508,00:02,785,-62
392.556,00:03,785,-87
392.601,00:04,785,-104
393.007,00:02,786,-62
393.055,00:03,786,-87
393.102,00:04,786,-104
393.508,00:02,787,-62
393.556,00:03,787,-87
393.602,00:04,787,-104
394.007,00:02,788,-63
394.056,00:03,788,-87
394.1,00:04,788,-104
394.506,00:02,789,-63
394.554,00:03,789,-87
394.6,00:04,789,-104
395.007,00:02,790,-63
395.056,00:03,790,-87
395.101,00:04,790,-104
395.507,00:02,791,-63
395.554,00:03,791,-87
395.602,00:04,791,-104
396.008,00:02,792,-63
396.055,00:03,792,-86
396.099,00:04,792,-104
396.507,00:02,793,-63
396.555,00:03,793,-86
396.601,00:04,793,-104
397.007,00:02,794,-67
397.054,00:03,794,-90
397.101,00:04,794,-108
397.507,00:02,795,-68
397.554,00:03,795,-90
397.6,00:04,795,-108
398.007,00:02,796,-68
398.056,00:03,796,-90
398.506,00:02,797,-68
398.555,00:03,797,-90
398.601,00:04,797,-107
399.007,00:02,798,-68
399.054,00:03,798,-90
399.1,00:04,798,-107
399.506,00:02,799,-68
399.557,00:03,799,-90
399.601,00:04,799,-107
400.009,00:02,800,-68
400.055,00:03,800,-90
400.1,00:04,800,-107
400.507,00:02,801,-69
400.557,00:03,801,-89
400.6,00:04,801,-107
401.005,00:02,802,-65
401.056,00:03,802,-85
401.1,00:04,802,-103
401.506,00:02,803,-65
401.557,00:03,803,-85
401.6,00:04,803,-103
402.006,00:02,804,-65
402.057,00:03,804,-85
402.099,00:04,804,-103
402.508,00:02,805,-65
402.557,00:03,805,-85
402.601,00:04,805,-103
403.008,00:02,806,-66
403.057,00:03,806,-85
403.1,00:04,806,-103
403.509,00:02,807,-66
403.557,00:03,807,-85
403.602,00:04,807,-103
404.006,00:02,808,-66
404.057,00:03,808,-85
404.1,00:04,808,-103
404.508,00:02,809,-66
404.555,00:03,809,-85
404.6,00:04,809,-103
405.007,00:02,810,-66
405.056,00:03,810,-84
405.102,00:04,810,-103
405.505,00:02,811,-66
405.556,00:03,811,-84
405.601,00:04,811,-103
406.008,00:02,812,-67
406.055,00:03,812,-84
406.101,00:04,812,-103
406.509,00:02,813,-67
406.554,00:03,813,-84
406.6,00:04,813,-103
407.006,00:02,814,-67
407.057,00:03,814,-84
407.102,00:04,814,-103
407.509,00:02,815,-67
407.556,00:03,815,-84
407.601,00:04,815,-103
408.008,00:02,816,-67
408.055,00:03,816,-84
408.101,00:04,816,-103
408.507,00:02,817,-68
408.555,00:03,817,-84
408.6,00:04,817,-103
409.008,00:02,818,-68
409.055,00:03,818,-84
409.101,00:04,818,-103
409.506,00:02,819,-68
409.557,00:03,819,-83
409.6,00:04,819,-103
410.007,00:02,820,-68
410.055,00:03,820,-83
410.1,00:04,820,-103
410.508,00:02,821,-68
410.556,00:03,821,-83
410.601,00:04,821,-102
411.009,00:02,822,-69
411.057,00:03,822,-83
411.1,00:04,822,-102
411.507,00:02,823,-69
411.555,00:03,823,-83
411.602,00:04,823,-102
412.009,00:02,824,-69
412.055,00:03,824,-83
412.101,00:04,824,-102
412.507,00:02,825,-69
412.554,00:03,825,-83
412.601,00:04,825,-102
413.008,00:02,826,-69
413.057,00:03,826,-83
413.101,00:04,826,-102
413.506,00:02,827,-69
413.556,00:03,827,-82
413.601,00:04,827,-102
414.008,00:02,828,-70
414.055,00:03,828,-82
414.1,00:04,828,-102
414.508,00:02,829,-70
414.557,00:03,829,-82
414.601,00:04,829,-102
415.007,00:02,830,-70
415.056,00:03,830,-82
415.1,00:04,830,-102
415.507,00:02,831,-70
415.557,00:03,831,-82
415.602,00:04,831,-102
416.007,00:02,832,-70
416.055,00:03,832,-82
416.102,00:04,832,-102
416.507,00:02,833,-71
416.555,00:03,833,-82
416.599,00:04,833,-102
417.009,00:02,834,-71
417.056,00:03,834,-82
417.101,00:04,834,-102
417.507,00:02,835,-71
417.556,00:03,835,-81
417.601,00:04,835,-102
418.007,00:02,836,-71
418.055,00:03,836,-81
418.1,00:04,836,-102
418.509,00:02,837,-71
418.554,00:03,837,-81
418.599,00:04,837,-102
419.008,00:02,838,-71
419.057,00:03,838,-81
419.102,00:04,838,-102
419.508,00:02,839,-72
419.556,00:03,839,-81
419.601,00:04,839,-102
420.008,00:02,840,-72
420.056,00:03,840,-81
420.102,00:04,840,-102
420.507,00:02,841,-72
420.556,00:03,841,-81
420.602,00:04,841,-102
421.007,00:02,842,-72
421.057,00:03,842,-80
421.101,00:04,842,-102
421.507,00:02,843,-72
421.554,00:03,843,-80
421.601,00:04,843,-102
422.006,00:02,844,-72
422.054,00:03,844,-80
422.1,00:04,844,-102
422.506,00:02,845,-73
422.556,00:03,845,-80
422.6,00:04,845,-102
423.008,00:02,846,-77
423.056,00:03,846,-84
423.1,00:04,846,-106
423.505,00:02,847,-77
423.556,00:03,847,-84
423.6,00:04,847,-106
424.006,00:02,848,-77
424.056,00:03,848,-84
424.099,00:04,848,-106
424.508,00:02,849,-77
424.556,00:03,849,-83
424.6,00:04,849,-106
425.007,00:02,850,-77
425.055,00:03,850,-83
425.101,00:04,850,-106
425.507,00:02,851,-78
425.555,00:03,851,-83
425.6,00:04,851,-106
426.007,00:02,852,-78
426.055,00:03,852,-83
426.099,00:04,852,-106
426.506,00:02,853,-78
426.557,00:03,853,-83
426.601,00:04,853,-106
427.006,00:02,854,-78
427.056,00:03,854,-83
427.1,00:04,854,-106
427.507,00:02,855,-78
427.555,00:03,855,-83
427.601,00:04,855,-106
428.008,00:02,856,-78
428.054,00:03,856,-82
428.101,00:04,856,-106
428.508,00:02,857,-79
428.555,00:03,857,-82
428.602,00:04,857,-106
429.008,00:02,858,-79
429.054,00:03,858,-82
429.1,00:04,858,-106
429.508,00:02,859,-79
429.556,00:03,859,-82
429.6,00:04,859,-106
430.007,00:02,860,-79
430.055,00:03,860,-82
430.101,00:04,860,-106
430.507,00:02,861,-79
430.557,00:03,861,-82
430.6,00:04,861,-106
431.006,00:02,862,-79
431.057,00:03,862,-82
431.101,00:04,862,-106
431.507,00:02,863,-79
431.555,00:03,863,-81
431.6,00:04,863,-106
432.008,00:02,864,-80
432.054,00:03,864,-81
432.1,00:04,864,-106
432.508,00:02,865,-80
432.556,00:03,865,-81
432.6,00:04,865,-106
433.009,00:02,866,-80
433.056,00:03,866,-81
433.099,00:04,866,-106
433.508,00:02,867,-80
433.555,00:03,867,-81
433.6,00:04,867,-106
434.007,00:02,868,-80
434.054,00:03,868,-81
434.1,00:04,868,-106
434.506,00:02,869,-80
434.555,00:03,869,-80
434.598,00:04,869,-106
435.009,00:02,870,-76
435.057,00:03,870,-76
435.102,00:04,870,-102
435.507,00:02,871,-77
435.556,00:03,871,-76
435.602,00:04,871,-102
436.008,00:02,872,-77
436.055,00:03,872,-76
436.099,00:04,872,-102
436.507,00:02,873,-77
436.555,00:03,873,-76
436.6,00:04,873,-102
437.008,00:02,874,-77
437.057,00:03,874,-76
437.101,00:04,874,-102
437.508,00:02,875,-77
437.557,00:03,875,-75
437.6,00:04,875,-102
438.007,00:02,876,-77
438.054,00:03,876,-75
438.101,00:04,876,-102
438.507,00:02,877,-77
438.557,00:03,877,-75
438.602,00:04,877,-102
439.007,00:02,878,-78
439.054,00:03,878,-75
439.1,00:04,878,-102
439.507,00:02,879,-78
439.554,00:03,879,-75
439.602,00:04,879,-102
440.009,00:02,880,-78
440.055,00:03,880,-75
440.101,00:04,880,-102
440.509,00:02,881,-78
440.556,00:03,881,-74
440.6,00:04,881,-102
441.007,00:02,882,-78
441.056,00:03,882,-74
441.1,00:04,882,-102
441.506,00:02,883,-78
441.556,00:03,883,-74
441.602,00:04,883,-102
442.006,00:02,884,-78
442.056,00:03,884,-74
442.101,00:04,884,-102
442.508,00:02,885,-78
442.557,00:03,885,-74
442.601,00:04,885,-102
443.007,00:02,886,-79
443.055,00:03,886,-73
443.102,00:04,886,-102
443.508,00:02,887,-79
443.558,00:03,887,-73
443.601,00:04,887,-102
444.007,00:02,888,-79
444.056,00:03,888,-73
444.099,00:04,888,-102
444.506,00:02,889,-79
444.555,00:03,889,-73
444.601,00:04,889,-102
445.008,00:02,890,-79
445.056,00:03,890,-73
445.101,00:04,890,-102
445.507,00:02,891,-79
445.557,00:03,891,-73
445.6,00:04,891,-102
446.007,00:02,892,-79
446.054,00:03,892,-72
446.1,00:04,892,-102
446.507,00:02,893,-79
446.554,00:03,893,-72
446.602,00:04,893,-102
447.007,00:02,894,-80
447.055,00:03,894,-72
447.1,00:04,894,-102
447.508,00:02,895,-80
447.556,00:03,895,-72
447.599,00:04,895,-103
448.008,00:02,896,-80
448.056,00:03,896,-72
448.1,00:04,896,-103
448.508,00:02,897,-80
448.557,00:03,897,-71
448.602,00:04,897,-103
449.007,00:02,898,-80
449.057,00:03,898,-71
449.102,00:04,898,-103
449.507,00:02,899,-80
449.554,00:03,899,-71
449.6,00:04,899,-103
450.008,00:02,900,-80
450.056,00:03,900,-71
450.101,00:04,900,-103
450.508,00:02,901,-80
450.557,00:03,901,-71
450.6,00:04,901,-103
451.008,00:02,902,-81
451.055,00:03,902,-71
451.1,00:04,902,-103
451.507,00:02,903,-81
451.555,00:03,903,-70
451.6,00:04,903,-103
452.009,00:02,904,-81
452.055,00:03,904,-70
452.099,00:04,904,-103
452.507,00:02,905,-81
452.555,00:03,905,-70
452.6,00:04,905,-103
453.008,00:02,906,-81
453.056,00:03,906,-70
453.099,00:04,906,-103
453.506,00:02,907,-81
453.556,00:03,907,-70
453.601,00:04,907,-103
454.008,00:02,908,-81
454.056,00:03,908,-69
454.1,00:04,908,-103
454.507,00:02,909,-81
454.555,00:03,909,-69
454.6,00:04,909,-103
455.006,00:02,910,-81
455.054,00:03,910,-69
455.099,00:04,910,-103
455.507,00:02,911,-82
455.556,00:03,911,-69
455.602,00:04,911,-103
456.008,00:02,912,-82
456.055,00:03,912,-69
456.1,00:04,912,-103
456.508,00:02,913,-82
456.555,00:03,913,-68
456.6,00:04,913,-103
457.007,00:02,914,-86
457.055,00:03,914,-72
457.509,00:02,915,-86
457.556,00:03,915,-72
457.599,00:04,915,-107
458.008,00:02,916,-86
458.055,00:03,916,-72
458.1,00:04,916,-107
458.506,00:02,917,-86
458.558,00:03,917,-72
458.601,00:04,917,-107
459.008,00:02,918,-86
459.054,00:03,918,-72
459.1,00:04,918,-107
459.509,00:02,919,-86
459.556,00:03,919,-71
459.6,00:04,919,-108
460.007,00:02,920,-86
460.055,00:03,920,-71
460.1,00:04,920,-108
460.508,00:02,921,-87
460.555,00:03,921,-71
460.602,00:04,921,-108
461.007,00:02,922,-83
461.055,00:03,922,-67
461.1,00:04,922,-104
461.508,00:02,923,-83
461.556,00:03,923,-67
461.601,00:04,923,-104
462.008,00:02,924,-83
462.055,00:03,924,-67
462.101,00:04,924,-104
462.506,00:02,925,-83
462.555,00:03,925,-66
462.599,00:04,925,-104
463.006,00:02,926,-83
463.054,00:03,926,-66
463.1,00:04,926,-104
463.509,00:02,927,-83
463.557,00:03,927,-66
463.599,00:04,927,-104
464.007,00:02,928,-83
464.056,00:03,928,-66
464.1,00:04,928,-104
464.507,00:02,929,-83
464.555,00:03,929,-66
464.601,00:04,929,-104
465.006,00:02,930,-84
465.056,00:03,930,-66
465.1,00:04,930,-104
465.507,00:02,931,-84
465.556,00:03,931,-66
465.601,00:04,931,-104
466.006,00:02,932,-84
466.057,00:03,932,-66
466.1,00:04,932,-104
466.509,00:02,933,-84
466.557,00:03,933,-65
466.6,00:04,933,-104
467.007,00:02,934,-84
467.056,00:03,934,-65
467.101,00:04,934,-104
467.509,00:02,935,-84
467.555,00:03,935,-65
467.6,00:04,935,-104
468.008,00:02,936,-84
468.056,00:03,936,-65
468.101,00:04,936,-104
468.506,00:02,937,-84
468.554,00:03,937,-65
468.599,00:04,937,-104
469.008,00:02,938,-84
469.057,00:03,938,-65
469.101,00:04,938,-105
469.508,00:02,939,-84
469.555,00:03,939,-65
469.601,00:04,939,-105
470.007,00:02,940,-84
470.056,00:03,940,-65
470.099,00:04,940,-105
470.507,00:02,941,-85
470.555,00:03,941,-65
470.599,00:04,941,-105
471.009,00:02,942,-85
471.056,00:03,942,-65
471.1,00:04,942,-105
471.506,00:02,943,-85
471.556,00:03,943,-65
471.6,00:04,943,-105
472.006,00:02,944,-85
472.056,00:03,944,-65
472.1,00:04,944,-105
472.507,00:02,945,-85
472.556,00:03,945,-65
472.599,00:04,945,-105
473.008,00:02,946,-85
473.057,00:03,946,-65
473.101,00:04,946,-105
473.509,00:02,947,-85
473.555,00:03,947,-65
473.601,00:04,947,-105
474.006,00:02,948,-85
474.055,00:03,948,-65
474.099,00:04,948,-105
474.508,00:02,949,-85
474.556,00:03,949,-65
474.599,00:04,949,-105
475.008,00:02,950,-85
475.056,00:03,950,-65
475.1,00:04,950,-105
475.509,00:02,951,-85
475.555,00:03,951,-66
475.599,00:04,951,-105
476.007,00:02,952,-85
476.055,00:03,952,-66
476.1,00:04,952,-105
476.508,00:02,953,-85
476.555,00:03,953,-66
476.6,00:04,953,-105
477.008,00:02,954,-85
477.057,00:03,954,-67
477.101,00:04,954,-105
477.507,00:02,955,-85
477.556,00:03,955,-67
477.6,00:04,955,-104
478.007,00:02,956,-85
478.055,00:03,956,-67
478.101,00:04,956,-104
478.507,00:02,957,-85
478.557,00:03,957,-68
478.601,00:04,957,-104
479.007,00:02,958,-85
479.056,00:03,958,-68
479.1,00:04,958,-104
479.506,00:02,959,-85
479.555,00:03,959,-68
479.599,00:04,959,-104
480.007,00:02,960,-85
480.054,00:03,960,-68
480.102,00:04,960,-104
480.506,00:02,961,-85
480.555,00:03,961,-68
480.599,00:04,961,-104
481.007,00:02,962,-85
481.057,00:03,962,-68
481.099,00:04,962,-104
481.508,00:02,963,-85
481.554,00:03,963,-68
481.6,00:04,963,-104
482.009,00:02,964,-85
482.055,00:03,964,-68
482.1,00:04,964,-104
482.509,00:02,965,-85
482.555,00:03,965,-68
482.601,00:04,965,-104
483.009,00:02,966,-85
483.056,00:03,966,-68
483.1,00:04,966,-104
483.507,00:02,967,-85
483.554,00:03,967,-68
483.6,00:04,967,-104
484.008,00:02,968,-85
484.055,00:03,968,-68
484.101,00:04,968,-104
484.507,00:02,969,-85
484.557,00:03,969,-68
484.599,00:04,969,-104
485.007,00:02,970,-85
485.056,00:03,970,-68
485.1,00:04,970,-104
485.508,00:02,971,-84
485.557,00:03,971,-68
485.598,00:04,971,-103
486.009,00:02,972,-84
486.055,00:03,972,-68
486.099,00:04,972,-103
486.509,00:02,973,-84
486.555,00:03,973,-68
486.6,00:04,973,-103
487.008,00:02,974,-84
487.057,00:03,974,-68
487.099,00:04,974,-103
487.507,00:02,975,-84
487.555,00:03,975,-69
487.6,00:04,975,-103
488.008,00:02,976,-84
488.055,00:03,976,-69
488.098,00:04,976,-103
488.507,00:02,977,-84
488.555,00:03,977,-69
488.6,00:04,977,-103
489.006,00:02,978,-84
489.056,00:03,978,-69
489.101,00:04,978,-103
489.508,00:02,979,-84
489.555,00:03,979,-69
489.6,00:04,979,-103
490.007,00:02,980,-84
490.055,00:03,980,-69
490.099,00:04,980,-103
490.507,00:02,981,-84
490.555,00:03,981,-69
490.601,00:04,981,-103
491.008,00:02,982,-83
491.055,00:03,982,-69
491.1,00:04,982,-103
491.509,00:02,983,-83
491.555,00:03,983,-69
491.599,00:04,983,-103
492.01,00:02,984,-83
492.056,00:03,984,-69
492.099,00:04,984,-103
492.507,00:02,985,-83
492.556,00:03,985,-70
492.598,00:04,985,-103
493.006,00:02,986,-87
493.056,00:03,986,-74
493.1,00:04,986,-107
493.507,00:02,987,-87
493.557,00:03,987,-74
493.6,00:04,987,-106
494.007,00:02,988,-87
494.056,00:03,988,-74
494.101,00:04,988,-106
494.508,00:02,989,-87
494.556,00:03,989,-74
494.601,00:04,989,-106
495.009,00:02,990,-87
495.057,00:03,990,-74
495.1,00:04,990,-106
495.508,00:02,991,-87
495.556,00:03,991,-74
495.601,00:04,991,-106
496.007,00:02,992,-86
496.056,00:03,992,-74
496.099,00:04,992,-106
496.508,00:02,993,-86
496.557,00:03,993,-75
496.598,00:04,993,-106
497.007,00:02,994,-82
497.055,00:03,994,-71
497.1,00:04,994,-102
497.508,00:02,995,-82
497.555,00:03,995,-71
497.601,00:04,995,-102
498.007,00:02,996,-82
498.056,00:03,996,-71
498.099,00:04,996,-102
498.508,00:02,997,-82
498.557,00:03,997,-71
498.601,00:04,997,-102
499.008,00:02,998,-82
499.055,00:03,998,-71
499.1,00:04,998,-102
499.506,00:02,999,-82
499.557,00:03,999,-71
499.598,00:04,999,-102
500.006,00:02,1000,-82
500.054,00:03,1000,-72
500.1,00:04,1000,-102
500.507,00:02,1001,-81
500.556,00:03,1001,-72
500.6,00:04,1001,-102
501.007,00:02,1002,-81
501.055,00:03,1002,-72
501.099,00:04,1002,-102
501.506,00:02,1003,-81
501.556,00:03,1003,-72
501.599,00:04,1003,-102
502.006,00:02,1004,-81
502.056,00:03,1004,-72
502.1,00:04,1004,-102
502.507,00:02,1005,-81
502.556,00:03,1005,-72
502.598,00:04,1005,-102
503.007,00:02,1006,-81
503.054,00:03,1006,-72
503.099,00:04,1006,-102
503.509,00:02,1007,-81
503.557,00:03,1007,-73
503.6,00:04,1007,-101
504.009,00:02,1008,-81
504.055,00:03,1008,-73
504.099,00:04,1008,-101
504.506,00:02,1009,-81
504.554,00:03,1009,-73
504.6,00:04,1009,-101
505.007,00:02,1010,-80
505.056,00:03,1010,-73
505.1,00:04,1010,-101
505.509,00:02,1011,-80
505.556,00:03,1011,-73
505.599,00:04,1011,-101
506.009,00:02,1012,-80
506.056,00:03,1012,-73
506.099,00:04,1012,-101
506.508,00:02,1013,-80
506.555,00:03,1013,-74
506.6,00:04,1013,-101
507.007,00:02,1014,-80
507.056,00:03,1014,-74
507.101,00:04,1014,-101
507.509,00:02,1015,-80
507.556,00:03,1015,-74
507.6,00:04,1015,-101
508.007,00:02,1016,-80
508.055,00:03,1016,-74
508.101,00:04,1016,-101
508.508,00:02,1017,-80
508.557,00:03,1017,-74
508.6,00:04,1017,-101
509.008,00:02,1018,-80
509.054,00:03,1018,-74
509.101,00:04,1018,-101
509.508,00:02,1019,-79
509.557,00:03,1019,-74
509.599,00:04,1019,-101
510.008,00:02,1020,-79
510.055,00:03,1020,-75
510.101,00:04,1020,-101
510.508,00:02,1021,-79
510.556,00:03,1021,-75
510.599,00:04,1021,-101
511.008,00:02,1022,-79
511.054,00:03,1022,-75
511.101,00:04,1022,-101
511.507,00:02,1023,-79
511.555,00:03,1023,-75
511.6,00:04,1023,-101
512.009,00:02,1024,-79
512.055,00:03,1024,-75
512.1,00:04,1024,-101
512.507,00:02,1025,-79
512.556,00:03,1025,-75
512.6,00:04,1025,-101
513.007,00:02,1026,-79
513.055,00:03,1026,-76
513.1,00:04,1026,-101
513.508,00:02,1027,-78
513.557,00:03,1027,-76
513.601,00:04,1027,-101
514.007,00:02,1028,-78
514.056,00:03,1028,-76
514.098,00:04,1028,-101
514.509,00:02,1029,-78
514.555,00:03,1029,-76
514.599,00:04,1029,-101
515.008,00:02,1030,-78
515.056,00:03,1030,-76
515.099,00:04,1030,-101
515.507,00:02,1031,-78
515.556,00:03,1031,-76
515.6,00:04,1031,-101
516.009,00:02,1032,-78
516.056,00:03,1032,-76
516.101,00:04,1032,-101
516.507,00:02,1033,-78
516.557,00:03,1033,-77
516.601,00:04,1033,-101
517.008,00:02,1034,-78
517.054,00:03,1034,-77
517.1,00:04,1034,-101
517.508,00:02,1035,-77
517.557,00:03,1035,-77
517.601,00:04,1035,-101
518.009,00:02,1036,-77
518.055,00:03,1036,-77
518.099,00:04,1036,-101
518.508,00:02,1037,-77
518.554,00:03,1037,-77
518.6,00:04,1037,-101
519.006,00:02,1038,-81
519.054,00:03,1038,-81
519.101,00:04,1038,-105
519.51,00:02,1039,-81
519.556,00:03,1039,-81
519.598,00:04,1039,-105
520.007,00:02,1040,-81
520.057,00:03,1040,-82
520.099,00:04,1040,-105
520.508,00:02,1041,-81
520.556,00:03,1041,-82
520.598,00:04,1041,-105
521.009,00:02,1042,-81
521.054,00:03,1042,-82
521.1,00:04,1042,-105
521.508,00:02,1043,-80
521.556,00:03,1043,-82
521.6,00:04,1043,-105
522.007,00:02,1044,-80
522.058,00:03,1044,-82
522.101,00:04,1044,-105
522.508,00:02,1045,-80
522.556,00:03,1045,-82
522.6,00:04,1045,-105
523.01,00:02,1046,-80
523.055,00:03,1046,-82
523.101,00:04,1046,-105
523.508,00:02,1047,-80
523.556,00:03,1047,-83
523.598,00:04,1047,-105
524.008,00:02,1048,-80
524.056,00:03,1048,-83
524.1,00:04,1048,-105
524.508,00:02,1049,-80
524.555,00:03,1049,-83
524.599,00:04,1049,-105
525.009,00:02,1050,-79
525.054,00:03,1050,-83
525.099,00:04,1050,-105
525.508,00:02,1051,-79
525.556,00:03,1051,-83
525.598,00:04,1051,-105
526.009,00:02,1052,-79
526.057,00:03,1052,-83
526.099,00:04,1052,-105
526.509,00:02,1053,-79
526.556,00:03,1053,-83
526.601,00:04,1053,-105
527.008,00:02,1054,-79
527.054,00:03,1054,-84
527.099,00:04,1054,-105
527.509,00:02,1055,-79
527.556,00:03,1055,-84
527.601,00:04,1055,-105
528.009,00:02,1056,-79
528.056,00:03,1056,-84
528.099,00:04,1056,-105
528.51,00:02,1057,-78
528.557,00:03,1057,-84
528.598,00:04,1057,-105
529.009,00:02,1058,-78
529.055,00:03,1058,-84
529.101,00:04,1058,-105
529.509,00:02,1059,-78
529.556,00:03,1059,-84
529.6,00:04,1059,-105
530.008,00:02,1060,-78
530.056,00:03,1060,-84
530.101,00:04,1060,-105
530.506,00:02,1061,-78
530.557,00:03,1061,-85
530.599,00:04,1061,-105
531.007,00:02,1062,-74
531.055,00:03,1062,-81
531.099,00:04,1062,-101
531.509,00:02,1063,-74
531.558,00:03,1063,-81
531.599,00:04,1063,-101
532.007,00:02,1064,-73
532.054,00:03,1064,-81
532.098,00:04,1064,-101
532.508,00:02,1065,-73
532.554,00:03,1065,-81
532.598,00:04,1065,-101
533.007,00:02,1066,-73
533.057,00:03,1066,-81
533.1,00:04,1066,-101
533.508,00:02,1067,-73
533.556,00:03,1067,-81
533.6,00:04,1067,-101
534.008,00:02,1068,-73
534.057,00:03,1068,-81
534.099,00:04,1068,-101
534.507,00:02,1069,-73
534.556,00:03,1069,-82
534.601,00:04,1069,-101
535.008,00:02,1070,-73
535.054,00:03,1070,-82
535.1,00:04,1070,-101
535.507,00:02,1071,-72
535.556,00:03,1071,-82
535.6,00:04,1071,-101
536.008,00:02,1072,-72
536.056,00:03,1072,-82
536.1,00:04,1072,-101
536.507,00:02,1073,-72
536.556,00:03,1073,-82
536.6,00:04,1073,-101
537.008,00:02,1074,-72
537.055,00:03,1074,-82
537.099,00:04,1074,-101
537.508,00:02,1075,-72
537.556,00:03,1075,-82
537.6,00:04,1075,-101
538.007,00:02,1076,-72
538.056,00:03,1076,-82
538.099,00:04,1076,-101
538.508,00:02,1077,-72
538.556,00:03,1077,-83
538.598,00:04,1077,-101
539.007,00:02,1078,-71
539.055,00:03,1078,-83
539.099,00:04,1078,-101
539.508,00:02,1079,-71
539.555,00:03,1079,-83
539.6,00:04,1079,-101
540.008,00:02,1080,-71
540.056,00:03,1080,-83
540.099,00:04,1080,-101
540.509,00:02,1081,-71
540.554,00:03,1081,-83
540.6,00:04,1081,-101
541.008,00:02,1082,-71
541.055,00:03,1082,-83
541.099,00:04,1082,-101
541.506,00:02,1083,-71
541.556,00:03,1083,-83
541.6,00:04,1083,-101
542.007,00:02,1084,-70
542.055,00:03,1084,-83
542.099,00:04,1084,-101
542.51,00:02,1085,-70
542.555,00:03,1085,-83
542.599,00:04,1085,-101
543.007,00:02,1086,-70
543.056,00:03,1086,-84
543.101,00:04,1086,-101
543.508,00:02,1087,-70
543.556,00:03,1087,-84
543.599,00:04,1087,-101
544.007,00:02,1088,-70
544.054,00:03,1088,-84
544.099,00:04,1088,-101
544.507,00:02,1089,-70
544.556,00:03,1089,-84
544.601,00:04,1089,-101
545.007,00:02,1090,-69
545.057,00:03,1090,-84
545.1,00:04,1090,-101
545.508,00:02,1091,-69
545.554,00:03,1091,-84
545.599,00:04,1091,-101
546.007,00:02,1092,-69
546.056,00:03,1092,-84
546.101,00:04,1092,-101
546.508,00:02,1093,-69
546.555,00:03,1093,-84
546.599,00:04,1093,-102
547.007,00:02,1094,-69
547.056,00:03,1094,-84
547.098,00:04,1094,-102
547.507,00:02,1095,-69
547.554,00:03,1095,-85
547.601,00:04,1095,-102
548.008,00:02,1096,-69
548.056,00:03,1096,-85
548.101,00:04,1096,-102
548.509,00:02,1097,-68
548.555,00:03,1097,-85
548.598,00:04,1097,-102
549.007,00:02,1098,-68
549.054,00:03,1098,-85
549.1,00:04,1098,-102
549.507,00:02,1099,-68
549.556,00:03,1099,-85
549.6,00:04,1099,-102
550.008,00:02,1100,-68
550.056,00:03,1100,-85
550.101,00:04,1100,-102
550.508,00:02,1101,-68
550.557,00:03,1101,-85
550.6,00:04,1101,-102
551.008,00:02,1102,-68
551.055,00:03,1102,-85
551.099,00:04,1102,-102
551.507,00:02,1103,-68
551.556,00:03,1103,-85
551.6,00:04,1103,-102
552.008,00:02,1104,-67
552.054,00:03,1104,-86
552.101,00:04,1104,-102
552.506,00:02,1105,-67
552.554,00:03,1105,-86
552.598,00:04,1105,-102
553.009,00:02,1106,-71
553.055,00:03,1106,-90
553.098,00:04,1106,-106
553.509,00:02,1107,-71
553.555,00:03,1107,-90
553.599,00:04,1107,-106
554.009,00:02,1108,-71
554.055,00:03,1108,-90
554.099,00:04,1108,-106
554.509,00:02,1109,-71
554.557,00:03,1109,-90
554.601,00:04,1109,-106
555.008,00:02,1110,-71
555.057,00:03,1110,-90
555.1,00:04,1110,-106
555.509,00:02,1111,-70
555.554,00:03,1111,-90
555.6,00:04,1111,-106
556.009,00:02,1112,-70
556.055,00:03,1112,-90
556.101,00:04,1112,-106
556.507,00:02,1113,-70
556.556,00:03,1113,-90
556.598,00:04,1113,-107
557.007,00:02,1114,-66
557.054,00:03,1114,-87
557.1,00:04,1114,-103
557.507,00:02,1115,-66
557.555,00:03,1115,-87
557.6,00:04,1115,-103
558.007,00:02,1116,-66
558.054,00:03,1116,-87
558.098,00:04,1116,-103
558.508,00:02,1117,-66
558.556,00:03,1117,-87
558.599,00:04,1117,-103
559.009,00:02,1118,-66
559.054,00:03,1118,-87
559.1,00:04,1118,-103
559.507,00:02,1119,-66
559.555,00:03,1119,-87
559.601,00:04,1119,-103
560.008,00:02,1120,-65
560.056,00:03,1120,-87
560.1,00:04,1120,-103
560.508,00:02,1121,-65
560.556,00:03,1121,-87
560.6,00:04,1121,-103
561.008,00:02,1122,-65
561.056,00:03,1122,-87
561.101,00:04,1122,-103
561.508,00:02,1123,-65
561.556,00:03,1123,-87
561.599,00:04,1123,-103
562.008,00:02,1124,-65
562.056,00:03,1124,-88
562.099,00:04,1124,-103
562.508,00:02,1125,-65
562.554,00:03,1125,-88
562.599,00:04,1125,-103
563.01,00:02,1126,-65
563.055,00:03,1126,-88
563.099,00:04,1126,-103
563.509,00:02,1127,-65
563.558,00:03,1127,-88
563.601,00:04,1127,-103
564.008,00:02,1128,-65
564.057,00:03,1128,-88
564.1,00:04,1128,-103
564.508,00:02,1129,-65
564.555,00:03,1129,-88
564.601,00:04,1129,-103
565.008,00:02,1130,-65
565.056,00:03,1130,-88
565.097,00:04,1130,-104
565.508,00:02,1131,-65
565.556,00:03,1131,-88
565.598,00:04,1131,-104
566.006,00:02,1132,-65
566.055,00:03,1132,-88
566.101,00:04,1132,-104
566.509,00:02,1133,-65
566.555,00:03,1133,-88
566.6,00:04,1133,-104
567.008,00:02,1134,-65
567.056,00:03,1134,-88
567.098,00:04,1134,-104
567.509,00:02,1135,-65
567.556,00:03,1135,-89
567.598,00:04,1135,-104
568.007,00:02,1136,-64
568.054,00:03,1136,-89
568.099,00:04,1136,-104
568.507,00:02,1137,-64
568.555,00:03,1137,-89
568.599,00:04,1137,-104
569.008,00:02,1138,-64
569.055,00:03,1138,-89
569.099,00:04,1138,-104
569.507,00:02,1139,-64
569.555,00:03,1139,-89
569.598,00:04,1139,-104
570.008,00:02,1140,-64
570.055,00:03,1140,-89
570.1,00:04,1140,-104
570.507,00:02,1141,-65
570.554,00:03,1141,-89
570.599,00:04,1141,-104
571.009,00:02,1142,-65
571.056,00:03,1142,-89
571.099,00:04,1142,-104
571.507,00:02,1143,-65
571.557,00:03,1143,-89
571.598,00:04,1143,-104
572.006,00:02,1144,-66
572.056,00:03,1144,-89
572.1,00:04,1144,-104
572.508,00:02,1145,-66
572.557,00:03,1145,-89
572.599,00:04,1145,-104
573.008,00:02,1146,-66
573.056,00:03,1146,-89
573.1,00:04,1146,-104
573.51,00:02,1147,-66
573.556,00:03,1147,-89
573.6,00:04,1147,-104
574.01,00:02,1148,-67
574.056,00:03,1148,-89
574.101,00:04,1148,-103
574.507,00:02,1149,-67
574.556,00:03,1149,-89
574.598,00:04,1149,-103
575.009,00:02,1150,-67
575.056,00:03,1150,-89
575.098,00:04,1150,-103
575.507,00:02,1151,-67
575.557,00:03,1151,-89
575.6,00:04,1151,-103
576.008,00:02,1152,-67
576.056,00:03,1152,-89
576.098,00:04,1152,-103
576.508,00:02,1153,-67
576.558,00:03,1153,-89
576.6,00:04,1153,-103
577.008,00:02,1154,-67
577.055,00:03,1154,-89
577.099,00:04,1154,-103
577.507,00:02,1155,-67
577.554,00:03,1155,-89
577.599,00:04,1155,-103
578.008,00:02,1156,-67
578.055,00:03,1156,-89
578.097,00:04,1156,-103
578.509,00:02,1157,-67
578.555,00:03,1157,-89
578.598,00:04,1157,-103
579.006,00:02,1158,-67
579.054,00:03,1158,-89
579.099,00:04,1158,-103
579.508,00:02,1159,-67
579.556,00:03,1159,-89
579.599,00:04,1159,-103
580.01,00:02,1160,-67
580.055,00:03,1160,-89
580.098,00:04,1160,-103
580.509,00:02,1161,-67
580.555,00:03,1161,-88
580.597,00:04,1161,-103
581.008,00:02,1162,-67
581.057,00:03,1162,-88
581.1,00:04,1162,-103
581.507,00:02,1163,-68
581.556,00:03,1163,-88
581.599,00:04,1163,-102
582.01,00:02,1164,-68
582.055,00:03,1164,-88
582.098,00:04,1164,-102
582.507,00:02,1165,-68
582.555,00:03,1165,-88
582.599,00:04,1165,-102
583.008,00:02,1166,-68
583.054,00:03,1166,-88
583.099,00:04,1166,-102
583.509,00:02,1167,-68
583.557,00:03,1167,-88
583.6,00:04,1167,-102
584.009,00:02,1168,-68
584.056,00:03,1168,-88
584.099,00:04,1168,-102
584.51,00:02,1169,-68
584.556,00:03,1169,-88
584.6,00:04,1169,-102
585.008,00:02,1170,-68
585.055,00:03,1170,-88
585.099,00:04,1170,-102
585.51,00:02,1171,-68
585.556,00:03,1171,-88
585.598,00:04,1171,-102
586.008,00:02,1172,-68
586.055,00:03,1172,-87
586.099,00:04,1172,-102
586.509,00:02,1173,-68
586.556,00:03,1173,-87
586.601,00:04,1173,-102
587.007,00:02,1174,-68
587.056,00:03,1174,-87
587.099,00:04,1174,-102
587.509,00:02,1175,-68
587.557,00:03,1175,-87
587.599,00:04,1175,-102
588.009,00:02,1176,-68
588.056,00:03,1176,-87
588.099,00:04,1176,-102
588.507,00:02,1177,-68
588.555,00:03,1177,-87
588.598,00:04,1177,-101
589.008,00:02,1178,-73
589.056,00:03,1178,-91
589.099,00:04,1178,-105
589.509,00:02,1179,-73
589.555,00:03,1179,-91
589.6,00:04,1179,-105
590.009,00:02,1180,-73
590.054,00:03,1180,-91
590.1,00:04,1180,-105
590.508,00:02,1181,-73
590.557,00:03,1181,-91
590.6,00:04,1181,-105
591.008,00:02,1182,-73
591.055,00:03,1182,-91
591.099,00:04,1182,-105
591.507,00:02,1183,-73
591.555,00:03,1183,-90
591.6,00:04,1183,-105
592.009,00:02,1184,-73
592.054,00:03,1184,-90
592.101,00:04,1184,-105
592.51,00:02,1185,-73
592.557,00:03,1185,-90
592.599,00:04,1185,-105
593.008,00:02,1186,-69
593.055,00:03,1186,-86
593.099,00:04,1186,-101
593.507,00:02,1187,-69
593.557,00:03,1187,-86
593.599,00:04,1187,-101
594.009,00:02,1188,-70
594.056,00:03,1188,-86
594.099,00:04,1188,-101
594.508,00:02,1189,-70
594.554,00:03,1189,-86
594.597,00:04,1189,-101
595.008,00:02,1190,-70
595.055,00:03,1190,-86
595.1,00:04,1190,-101
595.507,00:02,1191,-70
595.556,00:03,1191,-86
595.6,00:04,1191,-101
596.008,00:02,1192,-70
596.055,00:03,1192,-86
596.1,00:04,1192,-101
596.508,00:02,1193,-70
596.557,00:03,1193,-85
596.6,00:04,1193,-101
597.01,00:02,1194,-70
597.057,00:03,1194,-85
597.1,00:04,1194,-100
597.508,00:02,1195,-70
597.556,00:03,1195,-85
597.598,00:04,1195,-100
598.01,00:02,1196,-70
598.056,00:03,1196,-85
598.098,00:04,1196,-100
598.51,00:02,1197,-71
598.555,00:03,1197,-85
598.598,00:04,1197,-100
599.008,00:02,1198,-71
599.056,00:03,1198,-85
599.099,00:04,1198,-100
599.508,00:02,1199,-71
599.556,00:03,1199,-85
599.599,00:04,1199,-100
600.009,00:02,1200,-71
600.057,00:03,1200,-85
600.1,00:04,1200,-100
600.508,00:02,1201,-71
600.556,00:03,1201,-85
600.6,00:04,1201,-100
601.008,00:02,1202,-71
601.056,00:03,1202,-85
601.098,00:04,1202,-100
601.51,00:02,1203,-71
601.556,00:03,1203,-84
601.598,00:04,1203,-100
602.007,00:02,1204,-71
602.055,00:03,1204,-84
602.098,00:04,1204,-100
602.51,00:02,1205,-72
602.556,00:03,1205,-84
602.597,00:04,1205,-100
603.008,00:02,1206,-72
603.056,00:03,1206,-84
603.098,00:04,1206,-100
603.508,00:02,1207,-72
603.555,00:03,1207,-84
603.601,00:04,1207,-100
604.008,00:02,1208,-72
604.055,00:03,1208,-84
604.099,00:04,1208,-100
604.508,00:02,1209,-72
604.556,00:03,1209,-84
604.599,00:04,1209,-100
605.009,00:02,1210,-72
605.055,00:03,1210,-84
605.1,00:04,1210,-100
605.508,00:02,1211,-72
605.556,00:03,1211,-84
605.599,00:04,1211,-100
606.009,00:02,1212,-72
606.058,00:03,1212,-83
606.099,00:04,1212,-100
606.509,00:02,1213,-73
606.555,00:03,1213,-83
606.599,00:04,1213,-100
607.008,00:02,1214,-73
607.055,00:03,1214,-83
607.099,00:04,1214,-100
607.507,00:02,1215,-73
607.557,00:03,1215,-83
607.598,00:04,1215,-100
608.008,00:02,1216,-73
608.055,00:03,1216,-83
608.099,00:04,1216,-99
608.508,00:02,1217,-73
608.554,00:03,1217,-83
608.6,00:04,1217,-99
609.01,00:02,1218,-73
609.054,00:03,1218,-83
609.1,00:04,1218,-99
609.508,00:02,1219,-73
609.557,00:03,1219,-83
609.6,00:04,1219,-99
610.007,00:02,1220,-74
610.055,00:03,1220,-83
610.099,00:04,1220,-99
610.509,00:02,1221,-74
610.557,00:03,1221,-82
610.599,00:04,1221,-99
611.008,00:02,1222,-74
611.055,00:03,1222,-82
611.1,00:04,1222,-99
611.508,00:02,1223,-74
611.555,00:03,1223,-82
611.6,00:04,1223,-99
612.007,00:02,1224,-74
612.055,00:03,1224,-82
612.1,00:04,1224,-99
612.507,00:02,1225,-74
612.557,00:03,1225,-82
612.601,00:04,1225,-99
613.008,00:02,1226,-74
613.057,00:03,1226,-82
613.099,00:04,1226,-99
613.509,00:02,1227,-74
613.555,00:03,1227,-82
613.599,00:04,1227,-99
614.007,00:02,1228,-75
614.054,00:03,1228,-82
614.098,00:04,1228,-99
614.509,00:02,1229,-75
614.555,00:03,1229,-81
614.597,00:04,1229,-99
615.007,00:02,1230,-75
615.054,00:03,1230,-81
615.099,00:04,1230,-99
615.509,00:02,1231,-75
615.554,00:03,1231,-81
615.599,00:04,1231,-99
616.009,00:02,1232,-75
616.055,00:03,1232,-81
616.098,00:04,1232,-99
616.508,00:02,1233,-75
616.555,00:03,1233,-81
616.598,00:04,1233,-99
617.01,00:02,1234,-75
617.054,00:03,1234,-81
617.099,00:04,1234,-99
617.508,00:02,1235,-75
617.556,00:03,1235,-81
617.598,00:04,1235,-99
618.009,00:02,1236,-76
618.055,00:03,1236,-81
618.099,00:04,1236,-99
618.509,00:02,1237,-76
618.556,00:03,1237,-81
618.6,00:04,1237,-99
619.007,00:02,1238,-76
619.055,00:03,1238,-80
619.1,00:04,1238,-99
619.508,00:02,1239,-76
619.557,00:03,1239,-80
619.6,00:04,1239,-99
620.01,00:02,1240,-76
620.057,00:03,1240,-80
620.098,00:04,1240,-99
620.508,00:02,1241,-76
620.556,00:03,1241,-80
620.6,00:04,1241,-99
621.009,00:02,1242,-76
621.055,00:03,1242,-80
621.098,00:04,1242,-99
621.508,00:02,1243,-76
621.554,00:03,1243,-80
621.599,00:04,1243,-99
622.008,00:02,1244,-77
622.056,00:03,1244,-80
622.098,00:04,1244,-99
622.508,00:02,1245,-77
622.556,00:03,1245,-80
622.6,00:04,1245,-99
623.007,00:02,1246,-77
623.055,00:03,1246,-79
623.1,00:04,1246,-99
623.508,00:02,1247,-77
623.556,00:03,1247,-79
623.599,00:04,1247,-99
624.009,00:02,1248,-77
624.055,00:03,1248,-79
624.098,00:04,1248,-99
624.507,00:02,1249,-77
624.556,00:03,1249,-79
624.6,00:04,1249,-99
625.007,00:02,1250,-77
625.057,00:03,1250,-79
625.097,00:04,1250,-99
625.509,00:02,1251,-77
625.555,00:03,1251,-79
625.599,00:04,1251,-99
626.009,00:02,1252,-78
626.055,00:03,1252,-79
626.099,00:04,1252,-99
626.508,00:02,1253,-78
626.554,00:03,1253,-78
626.597,00:04,1253,-99
627.006,00:02,1254,-78
627.056,00:03,1254,-78
627.1,00:04,1254,-99
627.507,00:02,1255,-78
627.555,00:03,1255,-78
627.599,00:04,1255,-99
628.009,00:02,1256,-78
628.056,00:03,1256,-78
628.098,00:04,1256,-99
628.509,00:02,1257,-78
628.556,00:03,1257,-78
628.597,00:04,1257,-99
629.009,00:02,1258,-78
629.054,00:03,1258,-78
629.099,00:04,1258,-99
629.507,00:02,1259,-78
629.555,00:03,1259,-78
629.598,00:04,1259,-99
630.008,00:02,1260,-79
630.055,00:03,1260,-78
630.099,00:04,1260,-99
630.508,00:02,1261,-79
630.556,00:03,1261,-77
630.599,00:04,1261,-99
631.006,00:02,1262,-79
631.056,00:03,1262,-77
631.098,00:04,1262,-99
631.509,00:02,1263,-79
631.555,00:03,1263,-77
631.601,00:04,1263,-99
632.009,00:02,1264,-79
632.056,00:03,1264,-77
632.098,00:04,1264,-99
632.51,00:02,1265,-79
632.557,00:03,1265,-77
632.598,00:04,1265,-99
633.009,00:02,1266,-79
633.054,00:03,1266,-77
633.1,00:04,1266,-99
633.507,00:02,1267,-79
633.557,00:03,1267,-77
633.598,00:04,1267,-99
634.007,00:02,1268,-79
634.054,00:03,1268,-77
634.098,00:04,1268,-100
634.508,00:02,1269,-80
634.556,00:03,1269,-76
634.598,00:04,1269,-100
635.01,00:02,1270,-80
635.055,00:03,1270,-76
635.098,00:04,1270,-100
635.509,00:02,1271,-80
635.554,00:03,1271,-76
635.599,00:04,1271,-100
636.01,00:02,1272,-80
636.056,00:03,1272,-76
636.097,00:04,1272,-100
636.51,00:02,1273,-80
636.556,00:03,1273,-76
636.6,00:04,1273,-100
637.007,00:02,1274,-80
637.056,00:03,1274,-76
637.097,00:04,1274,-100
637.51,00:02,1275,-80
637.556,00:03,1275,-76
637.598,00:04,1275,-100
638.009,00:02,1276,-80
638.055,00:03,1276,-75
638.099,00:04,1276,-100
638.51,00:02,1277,-80
638.556,00:03,1277,-75
638.598,00:04,1277,-100
639.008,00:02,1278,-81
639.057,00:03,1278,-75
639.098,00:04,1278,-100
639.508,00:02,1279,-81
639.556,00:03,1279,-75
639.598,00:04,1279,-100
640.009,00:02,1280,-81
640.056,00:03,1280,-75
640.1,00:04,1280,-100
640.509,00:02,1281,-81
640.555,00:03,1281,-75
640.6,00:04,1281,-100
641.009,00:02,1282,-81
641.056,00:03,1282,-75
641.1,00:04,1282,-100
641.509,00:02,1283,-81
641.555,00:03,1283,-75
641.599,00:04,1283,-100
642.009,00:02,1284,-81
642.054,00:03,1284,-74
642.099,00:04,1284,-100
642.509,00:02,1285,-81
642.554,00:03,1285,-74
642.597,00:04,1285,-100
643.009,00:02,1286,-81
643.057,00:03,1286,-74
643.099,00:04,1286,-100
643.507,00:02,1287,-82
643.555,00:03,1287,-74
643.598,00:04,1287,-100
644.007,00:02,1288,-82
644.054,00:03,1288,-74
644.098,00:04,1288,-100
644.507,00:02,1289,-82
644.555,00:03,1289,-74
644.597,00:04,1289,-100
645.007,00:02,1290,-82
645.056,00:03,1290,-74
645.1,00:04,1290,-100
645.51,00:02,1291,-82
645.556,00:03,1291,-74
645.597,00:04,1291,-101
646.01,00:02,1292,-82
646.055,00:03,1292,-73
646.098,00:04,1292,-101
646.507,00:02,1293,-82
646.555,00:03,1293,-73
646.598,00:04,1293,-101
647.008,00:02,1294,-82
647.055,00:03,1294,-73
647.098,00:04,1294,-101
647.509,00:02,1295,-82
647.555,00:03,1295,-73
647.6,00:04,1295,-101
648.01,00:02,1296,-82
648.056,00:03,1296,-73
648.097,00:04,1296,-101
648.51,00:02,1297,-83
648.555,00:03,1297,-73
648.597,00:04,1297,-101
649.009,00:02,1298,-87
649.057,00:03,1298,-77
649.097,00:04,1298,-105
649.509,00:02,1299,-87
649.557,00:03,1299,-77
649.598,00:04,1299,-105
650.009,00:02,1300,-87
650.054,00:03,1300,-77
650.098,00:04,1300,-105
650.508,00:02,1301,-87
650.554,00:03,1301,-77
650.598,00:04,1301,-105
651.008,00:02,1302,-87
651.057,00:03,1302,-76
651.1,00:04,1302,-105
651.508,00:02,1303,-87
651.555,00:03,1303,-76
651.599,00:04,1303,-105
652.009,00:02,1304,-87
652.056,00:03,1304,-76
652.098,00:04,1304,-105
652.508,00:02,1305,-87
652.555,00:03,1305,-76
652.599,00:04,1305,-105
653.009,00:02,1306,-83
653.055,00:03,1306,-72
653.099,00:04,1306,-101
653.51,00:02,1307,-84
653.556,00:03,1307,-72
653.598,00:04,1307,-102
654.009,00:02,1308,-84
654.055,00:03,1308,-72
654.098,00:04,1308,-102
654.507,00:02,1309,-84
654.554,00:03,1309,-72
654.598,00:04,1309,-102
655.009,00:02,1310,-84
655.056,00:03,1310,-72
655.098,00:04,1310,-102
655.508,00:02,1311,-84
655.556,00:03,1311,-72
655.597,00:04,1311,-102
656.007,00:02,1312,-84
656.054,00:03,1312,-72
656.098,00:04,1312,-102
656.509,00:02,1313,-84
656.558,00:03,1313,-71
656.598,00:04,1313,-102
657.009,00:02,1314,-84
657.054,00:03,1314,-71
657.098,00:04,1314,-102
657.509,00:02,1315,-84
657.556,00:03,1315,-71
657.598,00:04,1315,-102
658.008,00:02,1316,-84
658.057,00:03,1316,-71
658.098,00:04,1316,-102
658.508,00:02,1317,-84
658.555,00:03,1317,-71
658.599,00:04,1317,-102
659.008,00:02,1318,-85
659.056,00:03,1318,-71
659.099,00:04,1318,-102
659.51,00:02,1319,-85
659.556,00:03,1319,-71
659.599,00:04,1319,-102
660.007,00:02,1320,-85
660.054,00:03,1320,-71
660.098,00:04,1320,-102
660.509,00:02,1321,-85
660.556,00:03,1321,-71
660.599,00:04,1321,-102
661.008,00:02,1322,-85
661.055,00:03,1322,-71
661.098,00:04,1322,-103
661.51,00:02,1323,-85
661.555,00:03,1323,-71
661.598,00:04,1323,-103
662.009,00:02,1324,-85
662.055,00:03,1324,-71
662.098,00:04,1324,-103
662.509,00:02,1325,-85
662.556,00:03,1325,-71
662.6,00:04,1325,-103
663.009,00:02,1326,-85
663.056,00:03,1326,-71
663.099,00:04,1326,-103
663.509,00:02,1327,-85
663.557,00:03,1327,-71
663.597,00:04,1327,-103
664.009,00:02,1328,-85
664.057,00:03,1328,-71
664.1,00:04,1328,-103
664.509,00:02,1329,-86
664.557,00:03,1329,-71
664.599,00:04,1329,-103
665.008,00:02,1330,-86
665.055,00:03,1330,-71
665.099,00:04,1330,-103
665.508,00:02,1331,-86
665.557,00:03,1331,-71
665.599,00:04,1331,-103
666.011,00:02,1332,-86
666.057,00:03,1332,-71
666.1,00:04,1332,-103
666.508,00:02,1333,-86
666.556,00:03,1333,-71
666.598,00:04,1333,-103
667.008,00:02,1334,-86
667.056,00:03,1334,-71
667.098,00:04,1334,-103
667.508,00:02,1335,-86
667.557,00:03,1335,-72
667.599,00:04,1335,-103
668.008,00:02,1336,-86
668.057,00:03,1336,-72
668.098,00:04,1336,-103
668.507,00:02,1337,-86
668.555,00:03,1337,-72
668.598,00:04,1337,-103
669.01,00:02,1338,-86
669.054,00:03,1338,-72
669.1,00:04,1338,-103
669.509,00:02,1339,-86
669.555,00:03,1339,-73
669.599,00:04,1339,-103
670.009,00:02,1340,-86
670.055,00:03,1340,-73
670.099,00:04,1340,-102
670.509,00:02,1341,-86
670.556,00:03,1341,-73
670.598,00:04,1341,-102
671.008,00:02,1342,-86
671.056,00:03,1342,-73
671.098,00:04,1342,-102
671.509,00:02,1343,-86
671.555,00:03,1343,-73
671.599,00:04,1343,-102
672.01,00:02,1344,-86
672.053,00:03,1344,-73
672.099,00:04,1344,-102
672.51,00:02,1345,-86
672.555,00:03,1345,-73
672.599,00:04,1345,-102
673.009,00:02,1346,-86
673.056,00:03,1346,-73
673.098,00:04,1346,-102
673.508,00:02,1347,-86
673.555,00:03,1347,-73
673.598,00:04,1347,-102
674.007,00:02,1348,-86
674.056,00:03,1348,-73
674.098,00:04,1348,-102
674.509,00:02,1349,-86
674.554,00:03,1349,-73
674.598,00:04,1349,-102
675.007,00:02,1350,-86
675.055,00:03,1350,-73
675.099,00:04,1350,-102
675.509,00:02,1351,-86
675.555,00:03,1351,-73
675.597,00:04,1351,-102
676.01,00:02,1352,-85
676.055,00:03,1352,-73
676.097,00:04,1352,-102
676.509,00:02,1353,-85
676.558,00:03,1353,-73
676.597,00:04,1353,-102
677.009,00:02,1354,-85
677.057,00:03,1354,-73
677.096,00:04,1354,-101
677.509,00:02,1355,-85
677.557,00:03,1355,-73
677.598,00:04,1355,-101
678.008,00:02,1356,-85
678.057,00:03,1356,-73
678.098,00:04,1356,-101
678.509,00:02,1357,-85
678.554,00:03,1357,-73
678.599,00:04,1357,-101
679.008,00:02,1358,-85
679.055,00:03,1358,-74
679.1,00:04,1358,-101
679.51,00:02,1359,-85
679.557,00:03,1359,-74
679.599,00:04,1359,-101
680.008,00:02,1360,-85
680.056,00:03,1360,-74
680.098,00:04,1360,-101
680.508,00:02,1361,-85
680.555,00:03,1361,-74
680.599,00:04,1361,-101
681.007,00:02,1362,-85
681.054,00:03,1362,-74
681.098,00:04,1362,-101
681.508,00:02,1363,-84
681.555,00:03,1363,-74
681.598,00:04,1363,-101
682.009,00:02,1364,-84
682.057,00:03,1364,-74
682.097,00:04,1364,-101
682.508,00:02,1365,-84
682.554,00:03,1365,-74
682.598,00:04,1365,-101
683.011,00:02,1366,-84
683.057,00:03,1366,-74
683.097,00:04,1366,-101
683.51,00:02,1367,-84
683.556,00:03,1367,-74
683.598,00:04,1367,-100
684.008,00:02,1368,-84
684.055,00:03,1368,-74
684.099,00:04,1368,-100
684.509,00:02,1369,-84
684.557,00:03,1369,-74
684.598,00:04,1369,-100
685.009,00:02,1370,-88
685.055,00:03,1370,-78
685.098,00:04,1370,-104
685.507,00:02,1371,-88
685.556,00:03,1371,-78
685.6,00:04,1371,-104
686.008,00:02,1372,-88
686.057,00:03,1372,-78
686.099,00:04,1372,-104
686.507,00:02,1373,-88
686.555,00:03,1373,-78
686.6,00:04,1373,-104
687.01,00:02,1374,-87
687.055,00:03,1374,-78
687.097,00:04,1374,-104
687.509,00:02,1375,-87
687.556,00:03,1375,-79
687.597,00:04,1375,-104
688.009,00:02,1376,-87
688.056,00:03,1376,-79
688.099,00:04,1376,-104
688.51,00:02,1377,-87
688.556,00:03,1377,-79
688.597,00:04,1377,-104
689.008,00:02,1378,-83
689.054,00:03,1378,-75
689.097,00:04,1378,-100
689.51,00:02,1379,-83
689.557,00:03,1379,-75
689.598,00:04,1379,-100
690.009,00:02,1380,-83
690.056,00:03,1380,-75
690.099,00:04,1380,-100
690.507,00:02,1381,-83
690.555,00:03,1381,-75
690.597,00:04,1381,-99
691.009,00:02,1382,-83
691.054,00:03,1382,-75
691.098,00:04,1382,-99
691.511,00:02,1383,-83
691.554,00:03,1383,-75
691.6,00:04,1383,-99
692.009,00:02,1384,-83
692.056,00:03,1384,-75
692.1,00:04,1384,-99
692.509,00:02,1385,-82
692.554,00:03,1385,-75
692.597,00:04,1385,-99
693.007,00:02,1386,-82
693.057,00:03,1386,-76
693.099,00:04,1386,-99
693.509,00:02,1387,-82
693.556,00:03,1387,-76
693.6,00:04,1387,-99
694.008,00:02,1388,-82
694.055,00:03,1388,-76
694.098,00:04,1388,-99
694.509,00:02,1389,-82
694.555,00:03,1389,-76
694.598,00:04,1389,-99
695.01,00:02,1390,-82
695.055,00:03,1390,-76
695.098,00:04,1390,-99
695.509,00:02,1391,-82
695.556,00:03,1391,-76
695.599,00:04,1391,-99
696.008,00:02,1392,-82
696.055,00:03,1392,-76
696.098,00:04,1392,-99
696.51,00:02,1393,-82
696.557,00:03,1393,-76
696.598,00:04,1393,-99
697.009,00:02,1394,-82
697.056,00:03,1394,-76
697.098,00:04,1394,-99
697.509,00:02,1395,-81
697.556,00:03,1395,-76
697.599,00:04,1395,-99
698.009,00:02,1396,-81
698.056,00:03,1396,-77
698.099,00:04,1396,-99
698.511,00:02,1397,-81
698.555,00:03,1397,-77
698.598,00:04,1397,-98
699.01,00:02,1398,-81
699.056,00:03,1398,-77
699.1,00:04,1398,-98
699.509,00:02,1399,-81
699.555,00:03,1399,-77
699.599,00:04,1399,-98
700.008,00:02,1400,-81
700.057,00:03,1400,-77
700.098,00:04,1400,-98
700.509,00:02,1401,-81
700.556,00:03,1401,-77
700.598,00:04,1401,-98
701.011,00:02,1402,-81
701.055,00:03,1402,-77
701.097,00:04,1402,-98
701.51,00:02,1403,-81
701.556,00:03,1403,-77
701.598,00:04,1403,-98
702.01,00:02,1404,-81
702.055,00:03,1404,-77
702.098,00:04,1404,-98
702.51,00:02,1405,-80
702.555,00:03,1405,-78
702.598,00:04,1405,-98
703.009,00:02,1406,-80
703.056,00:03,1406,-78
703.098,00:04,1406,-98
703.507,00:02,1407,-80
703.556,00:03,1407,-78
703.598,00:04,1407,-98
704.01,00:02,1408,-80
704.057,00:03,1408,-78
704.097,00:04,1408,-98
704.511,00:02,1409,-80
704.556,00:03,1409,-78
704.598,00:04,1409,-98
705.009,00:02,1410,-80
705.055,00:03,1410,-78
705.096,00:04,1410,-98
705.509,00:02,1411,-80
705.555,00:03,1411,-78
705.596,00:04,1411,-98
706.008,00:02,1412,-80
706.054,00:03,1412,-78
706.097,00:04,1412,-98
706.508,00:02,1413,-80
706.555,00:03,1413,-78
706.597,00:04,1413,-98
707.009,00:02,1414,-80
707.056,00:03,1414,-79
707.098,00:04,1414,-98
707.509,00:02,1415,-79
707.557,00:03,1415,-79
707.597,00:04,1415,-98
708.009,00:02,1416,-79
708.055,00:03,1416,-79
708.098,00:04,1416,-98
708.509,00:02,1417,-79
708.556,00:03,1417,-79
708.598,00:04,1417,-98
709.01,00:02,1418,-79
709.056,00:03,1418,-79
709.098,00:04,1418,-98
709.509,00:02,1419,-79
709.556,00:03,1419,-79
709.6,00:04,1419,-98
710.007,00:02,1420,-79
710.054,00:03,1420,-79
710.098,00:04,1420,-98
710.509,00:02,1421,-79
710.553,00:03,1421,-79
710.598,00:04,1421,-98
711.008,00:02,1422,-79
711.055,00:03,1422,-79
711.097,00:04,1422,-98
711.509,00:02,1423,-79
711.556,00:03,1423,-80
711.6,00:04,1423,-98
712.01,00:02,1424,-78
712.057,00:03,1424,-80
712.099,00:04,1424,-98
712.509,00:02,1425,-78
712.556,00:03,1425,-80
712.598,00:04,1425,-98
713.009,00:02,1426,-78
713.057,00:03,1426,-80
713.097,00:04,1426,-98
713.507,00:02,1427,-78
713.556,00:03,1427,-80
713.597,00:04,1427,-98
714.007,00:02,1428,-78
714.057,00:03,1428,-80
714.098,00:04,1428,-97
714.509,00:02,1429,-78
714.554,00:03,1429,-80
714.598,00:04,1429,-97
715.007,00:02,1430,-78
715.055,00:03,1430,-80
715.097,00:04,1430,-97
715.509,00:02,1431,-78
715.557,00:03,1431,-81
715.597,00:04,1431,-97
716.008,00:02,1432,-78
716.055,00:03,1432,-81
716.098,00:04,1432,-97
716.508,00:02,1433,-77
716.557,00:03,1433,-81
716.598,00:04,1433,-97
717.009,00:02,1434,-77
717.056,00:03,1434,-81
717.098,00:04,1434,-97
717.508,00:02,1435,-77
717.555,00:03,1435,-81
717.598,00:04,1435,-97
718.01,00:02,1436,-77
718.057,00:03,1436,-81
718.098,00:04,1436,-97
718.509,00:02,1437,-77
718.556,00:03,1437,-81
718.597,00:04,1437,-97
719.009,00:02,1438,-77
719.055,00:03,1438,-81
719.099,00:04,1438,-97
719.509,00:02,1439,-77
719.556,00:03,1439,-81
719.599,00:04,1439,-97
720.008,00:02,1440,-77
720.056,00:03,1440,-82
720.096,00:04,1440,-97
720.508,00:02,1441,-77
720.556,00:03,1441,-82
720.599,00:04,1441,-98
721.008,00:02,1442,-76
721.055,00:03,1442,-82
721.098,00:04,1442,-98
721.51,00:02,1443,-76
721.557,00:03,1443,-82
721.597,00:04,1443,-98
722.01,00:02,1444,-76
722.054,00:03,1444,-82
722.099,00:04,1444,-98
722.509,00:02,1445,-76
722.555,00:03,1445,-82
722.598,00:04,1445,-98
723.009,00:02,1446,-76
723.055,00:03,1446,-82
723.098,00:04,1446,-98
723.509,00:02,1447,-76
723.556,00:03,1447,-82
723.598,00:04,1447,-98
724.009,00:02,1448,-76
724.055,00:03,1448,-82
724.098,00:04,1448,-98
724.51,00:02,1449,-76
724.555,00:03,1449,-82
724.599,00:04,1449,-98
725.009,00:02,1450,-75
725.055,00:03,1450,-83
725.097,00:04,1450,-98
725.51,00:02,1451,-75
725.556,00:03,1451,-83
725.597,00:04,1451,-98
726.009,00:02,1452,-75
726.054,00:03,1452,-83
726.098,00:04,1452,-98
726.509,00:02,1453,-75
726.556,00:03,1453,-83
726.598,00:04,1453,-98
727.008,00:02,1454,-75
727.055,00:03,1454,-83
727.099,00:04,1454,-98
727.51,00:02,1455,-75
727.555,00:03,1455,-83
727.597,00:04,1455,-98
728.009,00:02,1456,-75
728.057,00:03,1456,-83
728.098,00:04,1456,-98
728.509,00:02,1457,-75
728.557,00:03,1457,-83
728.598,00:04,1457,-98
729.009,00:02,1458,-75
729.055,00:03,1458,-83
729.096,00:04,1458,-98
729.511,00:02,1459,-74
729.556,00:03,1459,-84
729.599,00:04,1459,-98
730.007,00:02,1460,-74
730.054,00:03,1460,-84
730.099,00:04,1460,-98
730.509,00:02,1461,-74
730.555,00:03,1461,-84
730.597,00:04,1461,-98
731.008,00:02,1462,-74
731.056,00:03,1462,-84
731.099,00:04,1462,-98
731.508,00:02,1463,-74
731.556,00:03,1463,-84
731.596,00:04,1463,-98
732.011,00:02,1464,-74
732.054,00:03,1464,-84
732.097,00:04,1464,-98
732.508,00:02,1465,-74
732.556,00:03,1465,-84
732.597,00:04,1465,-98
733.01,00:02,1466,-74
733.056,00:03,1466,-84
733.099,00:04,1466,-98
733.507,00:02,1467,-74
733.555,00:03,1467,-84
733.598,00:04,1467,-98
734.01,00:02,1468,-73
734.055,00:03,1468,-84
734.097,00:04,1468,-98
734.509,00:02,1469,-73
734.556,00:03,1469,-85
734.598,00:04,1469,-98
735.01,00:02,1470,-73
735.055,00:03,1470,-85
735.098,00:04,1470,-98
735.508,00:02,1471,-73
735.554,00:03,1471,-85
735.597,00:04,1471,-99
736.009,00:02,1472,-73
736.054,00:03,1472,-85
736.1,00:04,1472,-99
736.508,00:02,1473,-73
736.555,00:03,1473,-85
736.598,00:04,1473,-99
737.008,00:02,1474,-73
737.054,00:03,1474,-85
737.097,00:04,1474,-99
737.51,00:02,1475,-73
737.555,00:03,1475,-85
737.597,00:04,1475,-99
738.009,00:02,1476,-73
738.056,00:03,1476,-85
738.097,00:04,1476,-99
738.511,00:02,1477,-73
738.557,00:03,1477,-85
738.6,00:04,1477,-99
739.008,00:02,1478,-72
739.055,00:03,1478,-85
739.097,00:04,1478,-99
739.509,00:02,1479,-72
739.555,00:03,1479,-86
739.599,00:04,1479,-99
740.011,00:02,1480,-72
740.057,00:03,1480,-86
740.098,00:04,1480,-99
740.508,00:02,1481,-72
740.555,00:03,1481,-86
740.598,00:04,1481,-99
741.008,00:02,1482,-72
741.055,00:03,1482,-86
741.097,00:04,1482,-99
741.51,00:02,1483,-72
741.556,00:03,1483,-86
741.598,00:04,1483,-99
742.01,00:02,1484,-72
742.055,00:03,1484,-86
742.098,00:04,1484,-99
742.508,00:02,1485,-72
742.555,00:03,1485,-86
742.598,00:04,1485,-99
743.009,00:02,1486,-72
743.055,00:03,1486,-86
743.098,00:04,1486,-99
743.509,00:02,1487,-72
743.554,00:03,1487,-86
743.597,00:04,1487,-99
744.01,00:02,1488,-71
744.055,00:03,1488,-86
744.096,00:04,1488,-100
744.511,00:02,1489,-71
744.556,00:03,1489,-87
744.598,00:04,1489,-100
745.01,00:02,1490,-75
745.056,00:03,1490,-91
745.099,00:04,1490,-104
745.51,00:02,1491,-75
745.556,00:03,1491,-91
745.598,00:04,1491,-104
746.01,00:02,1492,-75
746.055,00:03,1492,-91
746.097,00:04,1492,-104
746.509,00:02,1493,-75
746.554,00:03,1493,-91
746.597,00:04,1493,-104
747.009,00:02,1494,-75
747.055,00:03,1494,-91
747.097,00:04,1494,-104
747.51,00:02,1495,-75
747.555,00:03,1495,-91
747.599,00:04,1495,-104
748.009,00:02,1496,-75
748.057,00:03,1496,-91
748.097,00:04,1496,-104
748.511,00:02,1497,-75
748.556,00:03,1497,-91
748.598,00:04,1497,-104
749.01,00:02,1498,-71
749.056,00:03,1498,-87
749.097,00:04,1498,-100
749.51,00:02,1499,-71
749.553,00:03,1499,-87
749.598,00:04,1499,-100
750.007,00:02,1500,-71
750.055,00:03,1500,-88
750.098,00:04,1500,-100
750.509,00:02,1501,-70
750.554,00:03,1501,-88
750.598,00:04,1501,-100
751.01,00:02,1502,-70
751.055,00:03,1502,-88
751.097,00:04,1502,-101
751.51,00:02,1503,-70
751.556,00:03,1503,-88
751.596,00:04,1503,-101
752.009,00:02,1504,-70
752.055,00:03,1504,-88
752.098,00:04,1504,-101
752.509,00:02,1505,-70
752.556,00:03,1505,-88
752.597,00:04,1505,-101
753.009,00:02,1506,-70
753.056,00:03,1506,-88
753.097,00:04,1506,-101
753.51,00:02,1507,-70
753.555,00:03,1507,-88
753.598,00:04,1507,-101
754.009,00:02,1508,-70
754.056,00:03,1508,-88
754.099,00:04,1508,-101
754.511,00:02,1509,-70
754.555,00:03,1509,-88
754.598,00:04,1509,-101
755.007,00:02,1510,-70
755.056,00:03,1510,-88
755.097,00:04,1510,-101
755.509,00:02,1511,-70
755.554,00:03,1511,-89
755.597,00:04,1511,-101
756.009,00:02,1512,-70
756.056,00:03,1512,-89
756.098,00:04,1512,-101
756.509,00:02,1513,-70
756.557,00:03,1513,-89
756.599,00:04,1513,-101
757.011,00:02,1514,-70
757.054,00:03,1514,-89
757.099,00:04,1514,-102
757.51,00:02,1515,-70
757.555,00:03,1515,-89
757.596,00:04,1515,-102
758.009,00:02,1516,-70
758.056,00:03,1516,-89
758.097,00:04,1516,-102
758.51,00:02,1517,-70
758.555,00:03,1517,-89
758.599,00:04,1517,-102
759.009,00:02,1518,-70
759.054,00:03,1518,-89
759.098,00:04,1518,-102
759.51,00:02,1519,-70
759.556,00:03,1519,-89
759.599,00:04,1519,-102
760.009,00:02,1520,-70
760.055,00:03,1520,-89
760.098,00:04,1520,-102
760.51,00:02,1521,-70
760.555,00:03,1521,-89
760.599,00:04,1521,-102
761.008,00:02,1522,-70
761.057,00:03,1522,-89
761.097,00:04,1522,-102
761.509,00:02,1523,-70
761.557,00:03,1523,-90
761.598,00:04,1523,-102
762.01,00:02,1524,-70
762.057,00:03,1524,-90
762.097,00:04,1524,-102
762.509,00:02,1525,-70
762.554,00:03,1525,-90
762.597,00:04,1525,-102
763.009,00:02,1526,-70
763.056,00:03,1526,-90
763.097,00:04,1526,-102
763.509,00:02,1527,-70
763.556,00:03,1527,-90
763.597,00:04,1527,-102
764.008,00:02,1528,-71
764.055,00:03,1528,-90
764.098,00:04,1528,-102
764.508,00:02,1529,-71
764.555,00:03,1529,-90
764.598,00:04,1529,-102
765.008,00:02,1530,-71
765.055,00:03,1530,-90
765.098,00:04,1530,-102
765.508,00:02,1531,-71
765.556,00:03,1531,-90
765.597,00:04,1531,-102
766.011,00:02,1532,-71
766.056,00:03,1532,-90
766.098,00:04,1532,-102
766.507,00:02,1533,-72
766.557,00:03,1533,-90
766.599,00:04,1533,-101
767.009,00:02,1534,-72
767.056,00:03,1534,-90
767.099,00:04,1534,-101
767.511,00:02,1535,-72
767.556,00:03,1535,-90
767.597,00:04,1535,-101
768.011,00:02,1536,-72
768.054,00:03,1536,-90
768.099,00:04,1536,-101
768.51,00:02,1537,-72
768.555,00:03,1537,-90
768.598,00:04,1537,-101
769.007,00:02,1538,-72
769.056,00:03,1538,-90
769.097,00:04,1538,-101
769.509,00:02,1539,-72
769.556,00:03,1539,-90
769.598,00:04,1539,-101
770.01,00:02,1540,-72
770.054,00:03,1540,-90
770.097,00:04,1540,-101
770.508,00:02,1541,-72
770.555,00:03,1541,-90
770.598,00:04,1541,-101
771.009,00:02,1542,-72
771.056,00:03,1542,-89
771.097,00:04,1542,-101
771.509,00:02,1543,-72
771.557,00:03,1543,-89
771.599,00:04,1543,-101
772.011,00:02,1544,-72
772.057,00:03,1544,-89
772.099,00:04,1544,-101
772.511,00:02,1545,-72
772.556,00:03,1545,-89
772.598,00:04,1545,-101
773.011,00:02,1546,-72
773.055,00:03,1546,-89
773.098,00:04,1546,-100
773.51,00:02,1547,-72
773.554,00:03,1547,-89
773.597,00:04,1547,-100
774.01,00:02,1548,-72
774.055,00:03,1548,-89
774.096,00:04,1548,-100
774.508,00:02,1549,-72
774.556,00:03,1549,-89
774.597,00:04,1549,-100
775.011,00:02,1550,-72
775.055,00:03,1550,-89
775.097,00:04,1550,-100
775.508,00:02,1551,-72
775.556,00:03,1551,-89
775.597,00:04,1551,-100
776.01,00:02,1552,-72
776.055,00:03,1552,-89
776.098,00:04,1552,-100
776.508,00:02,1553,-72
776.555,00:03,1553,-89
776.597,00:04,1553,-100
777.009,00:02,1554,-72
777.057,00:03,1554,-89
777.097,00:04,1554,-100
777.508,00:02,1555,-72
777.555,00:03,1555,-88
777.598,00:04,1555,-100
778.01,00:02,1556,-72
778.057,00:03,1556,-88
778.098,00:04,1556,-100
778.51,00:02,1557,-72
778.554,00:03,1557,-88
778.598,00:04,1557,-99
779.01,00:02,1558,-72
779.055,00:03,1558,-88
779.097,00:04,1558,-99
779.508,00:02,1559,-72
779.556,00:03,1559,-88
779.596,00:04,1559,-99
780.009,00:02,1560,-73
780.056,00:03,1560,-88
780.097,00:04,1560,-99
780.509,00:02,1561,-73
780.555,00:03,1561,-88
780.598,00:04,1561,-99
781.009,00:02,1562,-77
781.055,00:03,1562,-92
781.097,00:04,1562,-103
781.51,00:02,1563,-77
781.556,00:03,1563,-92
781.599,00:04,1563,-103
782.008,00:02,1564,-77
782.057,00:03,1564,-92
782.097,00:04,1564,-103
782.508,00:02,1565,-77
782.555,00:03,1565,-92
782.597,00:04,1565,-103
783.009,00:02,1566,-77
783.056,00:03,1566,-91
783.097,00:04,1566,-103
783.51,00:02,1567,-77
783.554,00:03,1567,-91
783.599,00:04,1567,-103
784.009,00:02,1568,-77
784.055,00:03,1568,-91
784.097,00:04,1568,-102
784.511,00:02,1569,-77
784.556,00:03,1569,-91
784.596,00:04,1569,-102
785.01,00:02,1570,-73
785.054,00:03,1570,-87
785.097,00:04,1570,-98
785.508,00:02,1571,-73
785.555,00:03,1571,-87
785.597,00:04,1571,-98
786.01,00:02,1572,-73
786.055,00:03,1572,-87
786.097,00:04,1572,-98
786.509,00:02,1573,-73
786.555,00:03,1573,-87
786.597,00:04,1573,-98
787.009,00:02,1574,-73
787.056,00:03,1574,-87
787.097,00:04,1574,-98
787.509,00:02,1575,-73
787.553,00:03,1575,-87
787.597,00:04,1575,-98
788.009,00:02,1576,-74
788.056,00:03,1576,-87
788.098,00:04,1576,-98
788.509,00:02,1577,-74
788.555,00:03,1577,-87
788.597,00:04,1577,-98
789.009,00:02,1578,-74
789.056,00:03,1578,-86
789.099,00:04,1578,-98
789.51,00:02,1579,-74
789.556,00:03,1579,-86
789.597,00:04,1579,-98
790.011,00:02,1580,-74
790.056,00:03,1580,-86
790.098,00:04,1580,-98
790.51,00:02,1581,-74
790.555,00:03,1581,-86
790.596,00:04,1581,-97
791.009,00:02,1582,-74
791.056,00:03,1582,-86
791.098,00:04,1582,-97
791.509,00:02,1583,-74
791.555,00:03,1583,-86
791.597,00:04,1583,-97
792.008,00:02,1584,-74
792.056,00:03,1584,-86
792.097,00:04,1584,-97
792.508,00:02,1585,-74
792.554,00:03,1585,-86
792.599,00:04,1585,-97
793.008,00:02,1586,-74
793.056,00:03,1586,-86
793.098,00:04,1586,-97
793.51,00:02,1587,-74
793.554,00:03,1587,-86
793.596,00:04,1587,-97
794.01,00:02,1588,-75
794.055,00:03,1588,-85
794.098,00:04,1588,-97
794.509,00:02,1589,-75
794.555,00:03,1589,-85
794.596,00:04,1589,-97
795.008,00:02,1590,-75
795.056,00:03,1590,-85
795.098,00:04,1590,-97
795.508,00:02,1591,-75
795.554,00:03,1591,-85
795.596,00:04,1591,-97
796.009,00:02,1592,-75
796.055,00:03,1592,-85
796.099,00:04,1592,-97
796.509,00:02,1593,-75
796.554,00:03,1593,-85
796.598,00:04,1593,-97
797.008,00:02,1594,-75
797.056,00:03,1594,-85
797.097,00:04,1594,-97
797.507,00:02,1595,-75
797.555,00:03,1595,-85
797.599,00:04,1595,-97
798.01,00:02,1596,-75
798.055,00:03,1596,-85
798.097,00:04,1596,-97
798.509,00:02,1597,-75
798.556,00:03,1597,-85
798.598,00:04,1597,-96
799.01,00:02,1598,-75
799.055,00:03,1598,-85
799.097,00:04,1598,-96
799.509,00:02,1599,-76
799.555,00:03,1599,-84
799.599,00:04,1599,-96
800.009,00:02,1600,-76
800.056,00:03,1600,-84
800.098,00:04,1600,-96
800.511,00:02,1601,-76
800.554,00:03,1601,-84
800.598,00:04,1601,-96
801.009,00:02,1602,-76
801.057,00:03,1602,-84
801.098,00:04,1602,-96
801.51,00:02,1603,-76
801.557,00:03,1603,-84
801.596,00:04,1603,-96
802.008,00:02,1604,-76
802.055,00:03,1604,-84
802.098,00:04,1604,-96
802.51,00:02,1605,-76
802.557,00:03,1605,-84
802.598,00:04,1605,-96
803.009,00:02,1606,-76
803.057,00:03,1606,-84
803.097,00:04,1606,-96
803.509,00:02,1607,-76
803.556,00:03,1607,-84
803.597,00:04,1607,-96
804.008,00:02,1608,-76
804.054,00:03,1608,-84
804.098,00:04,1608,-96
804.509,00:02,1609,-77
804.555,00:03,1609,-83
804.595,00:04,1609,-96
805.01,00:02,1610,-77
805.055,00:03,1610,-83
805.098,00:04,1610,-96
805.51,00:02,1611,-77
805.554,00:03,1611,-83
805.596,00:04,1611,-96
806.009,00:02,1612,-77
806.055,00:03,1612,-83
806.096,00:04,1612,-96
806.511,00:02,1613,-77
806.556,00:03,1613,-83
806.598,00:04,1613,-96
807.009,00:02,1614,-77
807.054,00:03,1614,-83
807.097,00:04,1614,-96
807.509,00:02,1615,-77
807.556,00:03,1615,-83
807.597,00:04,1615,-96
808.008,00:02,1616,-77
808.054,00:03,1616,-83
808.098,00:04,1616,-96
808.509,00:02,1617,-77
808.555,00:03,1617,-83
808.598,00:04,1617,-96
809.011,00:02,1618,-77
809.055,00:03,1618,-83
809.097,00:04,1618,-96
809.511,00:02,1619,-78
809.557,00:03,1619,-82
809.598,00:04,1619,-96
810.011,00:02,1620,-78
810.057,00:03,1620,-82
810.098,00:04,1620,-96
810.509,00:02,1621,-78
810.554,00:03,1621,-82
810.598,00:04,1621,-96
811.01,00:02,1622,-78
811.054,00:03,1622,-82
811.097,00:04,1622,-96
811.508,00:02,1623,-78
811.554,00:03,1623,-82
811.598,00:04,1623,-96
812.009,00:02,1624,-78
812.055,00:03,1624,-82
812.098,00:04,1624,-96
812.51,00:02,1625,-78
812.554,00:03,1625,-82
812.595,00:04,1625,-96
813.009,00:02,1626,-78
813.056,00:03,1626,-82
813.098,00:04,1626,-96
813.509,00:02,1627,-78
813.557,00:03,1627,-82
813.597,00:04,1627,-96
814.008,00:02,1628,-78
814.056,00:03,1628,-82
814.098,00:04,1628,-96
814.509,00:02,1629,-79
814.555,00:03,1629,-81
814.599,00:04,1629,-96
815.009,00:02,1630,-79
815.056,00:03,1630,-81
815.098,00:04,1630,-96
815.508,00:02,1631,-79
815.555,00:03,1631,-81
815.597,00:04,1631,-96
816.01,00:02,1632,-79
816.054,00:03,1632,-81
816.098,00:04,1632,-96
816.51,00:02,1633,-79
816.554,00:03,1633,-81
816.599,00:04,1633,-96
817.011,00:02,1634,-79
817.054,00:03,1634,-81
817.098,00:04,1634,-96
817.51,00:02,1635,-79
817.554,00:03,1635,-81
817.599,00:04,1635,-96
818.009,00:02,1636,-79
818.055,00:03,1636,-81
818.096,00:04,1636,-96
818.509,00:02,1637,-79
818.557,00:03,1637,-81
818.596,00:04,1637,-96
819.009,00:02,1638,-79
819.056,00:03,1638,-81
819.096,00:04,1638,-96
819.508,00:02,1639,-80
819.556,00:03,1639,-80
819.597,00:04,1639,-96
820.009,00:02,1640,-80
820.055,00:03,1640,-80
820.096,00:04,1640,-96
820.508,00:02,1641,-80
820.553,00:03,1641,-80
820.596,00:04,1641,-96
821.009,00:02,1642,-80
821.055,00:03,1642,-80
821.097,00:04,1642,-96
821.511,00:02,1643,-80
821.555,00:03,1643,-80
821.597,00:04,1643,-96
822.01,00:02,1644,-80
822.056,00:03,1644,-80
822.097,00:04,1644,-96
822.511,00:02,1645,-80
822.555,00:03,1645,-80
822.597,00:04,1645,-96
823.008,00:02,1646,-80
823.056,00:03,1646,-80
823.097,00:04,1646,-96
823.51,00:02,1647,-80
823.555,00:03,1647,-80
823.597,00:04,1647,-96
824.009,00:02,1648,-80
824.057,00:03,1648,-80
824.097,00:04,1648,-96
824.508,00:02,1649,-81
824.555,00:03,1649,-79
824.598,00:04,1649,-96
825.01,00:02,1650,-81
825.056,00:03,1650,-79
825.096,00:04,1650,-96
825.508,00:02,1651,-81
825.556,00:03,1651,-79
825.596,00:04,1651,-96
826.009,00:02,1652,-81
826.056,00:03,1652,-79
826.097,00:04,1652,-96
826.51,00:02,1653,-81
826.556,00:03,1653,-79
826.595,00:04,1653,-96
827.011,00:02,1654,-81
827.056,00:03,1654,-79
827.097,00:04,1654,-96
827.509,00:02,1655,-81
827.555,00:03,1655,-79
827.598,00:04,1655,-97
828.011,00:02,1656,-81
828.056,00:03,1656,-79
828.096,00:04,1656,-97
828.51,00:02,1657,-81
828.554,00:03,1657,-79
828.596,00:04,1657,-97
829.008,00:02,1658,-81
829.057,00:03,1658,-79
829.097,00:04,1658,-97
829.511,00:02,1659,-82
829.555,00:03,1659,-79
829.595,00:04,1659,-97
830.01,00:02,1660,-82
830.054,00:03,1660,-78
830.097,00:04,1660,-97
830.51,00:02,1661,-82
830.555,00:03,1661,-78
830.595,00:04,1661,-97
831.01,00:02,1662,-82
831.056,00:03,1662,-78
831.097,00:04,1662,-97
831.51,00:02,1663,-82
831.554,00:03,1663,-78
831.596,00:04,1663,-97
832.01,00:02,1664,-82
832.055,00:03,1664,-78
832.095,00:04,1664,-97
832.509,00:02,1665,-82
832.555,00:03,1665,-78
832.596,00:04,1665,-97
833.007,00:02,1666,-82
833.056,00:03,1666,-78
833.097,00:04,1666,-97
833.51,00:02,1667,-82
833.555,00:03,1667,-78
833.598,00:04,1667,-97
834.009,00:02,1668,-82
834.057,00:03,1668,-78
834.098,00:04,1668,-97
834.508,00:02,1669,-82
834.555,00:03,1669,-78
834.597,00:04,1669,-97
835.009,00:02,1670,-83
835.055,00:03,1670,-78
835.097,00:04,1670,-97
835.509,00:02,1671,-83
835.555,00:03,1671,-77
835.596,00:04,1671,-98
836.008,00:02,1672,-83
836.056,00:03,1672,-77
836.096,00:04,1672,-98
836.509,00:02,1673,-83
836.555,00:03,1673,-77
836.596,00:04,1673,-98
837.009,00:02,1674,-83
837.056,00:03,1674,-77
837.098,00:04,1674,-98
837.509,00:02,1675,-83
837.556,00:03,1675,-77
837.598,00:04,1675,-98
838.009,00:02,1676,-83
838.057,00:03,1676,-77
838.095,00:04,1676,-98
838.509,00:02,1677,-83
838.554,00:03,1677,-77
838.596,00:04,1677,-98
839.009,00:02,1678,-83
839.054,00:03,1678,-77
839.096,00:04,1678,-98
839.51,00:02,1679,-83
839.557,00:03,1679,-77
839.595,00:04,1679,-98
840.009,00:02,1680,-83
840.055,00:03,1680,-77
840.098,00:04,1680,-98
840.509,00:02,1681,-84
840.554,00:03,1681,-77
840.597,00:04,1681,-98
841.009,00:02,1682,-88
841.055,00:03,1682,-81
841.096,00:04,1682,-102
841.51,00:02,1683,-88
841.556,00:03,1683,-81
841.597,00:04,1683,-102
842.01,00:02,1684,-88
842.056,00:03,1684,-80
842.097,00:04,1684,-103
842.509,00:02,1685,-88
842.557,00:03,1685,-80
842.596,00:04,1685,-103
843.011,00:02,1686,-88
843.055,00:03,1686,-80
843.095,00:04,1686,-103
843.511,00:02,1687,-88
843.554,00:03,1687,-80
843.598,00:04,1687,-103
844.01,00:02,1688,-88
844.055,00:03,1688,-80
844.097,00:04,1688,-103
844.51,00:02,1689,-88
844.555,00:03,1689,-80
844.596,00:04,1689,-103
845.008,00:02,1690,-84
845.056,00:03,1690,-76
845.096,00:04,1690,-99
845.51,00:02,1691,-84
845.556,00:03,1691,-76
845.597,00:04,1691,-99
846.009,00:02,1692,-84
846.055,00:03,1692,-76
846.097,00:04,1692,-99
846.509,00:02,1693,-85
846.555,00:03,1693,-76
846.598,00:04,1693,-99
847.011,00:02,1694,-85
847.055,00:03,1694,-76
847.096,00:04,1694,-99
847.508,00:02,1695,-85
847.556,00:03,1695,-76
847.596,00:04,1695,-99
848.011,00:02,1696,-85
848.054,00:03,1696,-76
848.098,00:04,1696,-100
848.508,00:02,1697,-85
848.554,00:03,1697,-76
848.599,00:04,1697,-100
849.009,00:02,1698,-85
849.055,00:03,1698,-76
849.097,00:04,1698,-100
849.509,00:02,1699,-85
849.556,00:03,1699,-76
849.598,00:04,1699,-100
850.009,00:02,1700,-85
850.055,00:03,1700,-76
850.097,00:04,1700,-100
850.509,00:02,1701,-85
850.554,00:03,1701,-76
850.599,00:04,1701,-100
851.009,00:02,1702,-85
851.054,00:03,1702,-76
851.096,00:04,1702,-100
851.508,00:02,1703,-85
851.557,00:03,1703,-76
851.598,00:04,1703,-100
852.009,00:02,1704,-85
852.055,00:03,1704,-76
852.097,00:04,1704,-100
852.51,00:02,1705,-86
852.556,00:03,1705,-76
852.596,00:04,1705,-100
853.009,00:02,1706,-86
853.057,00:03,1706,-75
853.095,00:04,1706,-100
853.509,00:02,1707,-86
853.555,00:03,1707,-75
853.598,00:04,1707,-101
854.01,00:02,1708,-86
854.057,00:03,1708,-75
854.095,00:04,1708,-101
854.511,00:02,1709,-86
854.556,00:03,1709,-75
854.596,00:04,1709,-101
855.009,00:02,1710,-86
855.056,00:03,1710,-75
855.096,00:04,1710,-101
855.508,00:02,1711,-86
855.555,00:03,1711,-75
855.595,00:04,1711,-101
856.008,00:02,1712,-86
856.057,00:03,1712,-75
856.097,00:04,1712,-101
856.509,00:02,1713,-86
856.554,00:03,1713,-75
856.596,00:04,1713,-101
857.01,00:02,1714,-86
857.054,00:03,1714,-75
857.095,00:04,1714,-101
857.51,00:02,1715,-86
857.555,00:03,1715,-75
857.597,00:04,1715,-101
858.008,00:02,1716,-86
858.055,00:03,1716,-75
858.096,00:04,1716,-101
858.51,00:02,1717,-86
858.556,00:03,1717,-76
858.598,00:04,1717,-101
859.01,00:02,1718,-87
859.056,00:03,1718,-76
859.098,00:04,1718,-101
859.51,00:02,1719,-87
859.557,00:03,1719,-76
859.598,00:04,1719,-101
860.009,00:02,1720,-87
860.055,00:03,1720,-76
860.097,00:04,1720,-101
860.51,00:02,1721,-87
860.557,00:03,1721,-76
860.599,00:04,1721,-101
861.009,00:02,1722,-87
861.057,00:03,1722,-77
861.097,00:04,1722,-101
861.509,00:02,1723,-87
861.556,00:03,1723,-77
861.598,00:04,1723,-101
862.01,00:02,1724,-87
862.057,00:03,1724,-77
862.096,00:04,1724,-101
862.509,00:02,1725,-87
862.557,00:03,1725,-77
862.596,00:04,1725,-100
863.01,00:02,1726,-87
863.056,00:03,1726,-77
863.097,00:04,1726,-100
863.509,00:02,1727,-87
863.556,00:03,1727,-77
863.595,00:04,1727,-100
864.01,00:02,1728,-87
864.055,00:03,1728,-77
864.098,00:04,1728,-100
864.51,00:02,1729,-87
864.555,00:03,1729,-77
864.598,00:04,1729,-100
865.008,00:02,1730,-87
865.054,00:03,1730,-77
865.096,00:04,1730,-100
865.509,00:02,1731,-87
865.557,00:03,1731,-77
865.597,00:04,1731,-100
866.008,00:02,1732,-87
866.056,00:03,1732,-77
866.097,00:04,1732,-100
866.509,00:02,1733,-86
866.556,00:03,1733,-77
866.596,00:04,1733,-100
867.009,00:02,1734,-86
867.055,00:03,1734,-77
867.096,00:04,1734,-100
867.511,00:02,1735,-86
867.556,00:03,1735,-77
867.597,00:04,1735,-100
868.01,00:02,1736,-86
868.055,00:03,1736,-77
868.096,00:04,1736,-100
868.511,00:02,1737,-86
868.554,00:03,1737,-77
868.598,00:04,1737,-99
869.01,00:02,1738,-86
869.056,00:03,1738,-77
869.095,00:04,1738,-99
869.508,00:02,1739,-86
869.554,00:03,1739,-77
869.597,00:04,1739,-99
870.009,00:02,1740,-86
870.054,00:03,1740,-77
870.097,00:04,1740,-99
870.509,00:02,1741,-86
870.555,00:03,1741,-77
870.598,00:04,1741,-99
871.01,00:02,1742,-86
871.054,00:03,1742,-77
871.095,00:04,1742,-99
871.51,00:02,1743,-86
871.556,00:03,1743,-77
871.598,00:04,1743,-99
872.01,00:02,1744,-86
872.054,00:03,1744,-78
872.095,00:04,1744,-99
872.51,00:02,1745,-86
872.557,00:03,1745,-78
872.597,00:04,1745,-99
873.01,00:02,1746,-85
873.056,00:03,1746,-78
873.097,00:04,1746,-99
873.509,00:02,1747,-85
873.556,00:03,1747,-78
873.597,00:04,1747,-98
874.008,00:02,1748,-85
874.054,00:03,1748,-78
874.096,00:04,1748,-98
874.51,00:02,1749,-85
874.557,00:03,1749,-78
874.598,00:04,1749,-98
875.01,00:02,1750,-85
875.054,00:03,1750,-78
875.097,00:04,1750,-98
875.511,00:02,1751,-85
875.556,00:03,1751,-78
875.596,00:04,1751,-98
876.01,00:02,1752,-85
876.055,00:03,1752,-78
876.097,00:04,1752,-98
876.51,00:02,1753,-85
876.555,00:03,1753,-78
876.595,00:04,1753,-98
877.009,00:02,1754,-89
877.056,00:03,1754,-82
877.097,00:04,1754,-102
877.509,00:02,1755,-89
877.557,00:03,1755,-82
877.597,00:04,1755,-102
878.008,00:02,1756,-89
878.057,00:03,1756,-82
878.097,00:04,1756,-102
878.51,00:02,1757,-89
878.553,00:03,1757,-82
878.596,00:04,1757,-101
879.01,00:02,1758,-88
879.054,00:03,1758,-82
879.097,00:04,1758,-101
879.51,00:02,1759,-88
879.556,00:03,1759,-82
879.595,00:04,1759,-101
880.01,00:02,1760,-88
880.054,00:03,1760,-82
880.096,00:04,1760,-101
880.511,00:02,1761,-88
880.557,00:03,1761,-82
880.597,00:04,1761,-101
881.01,00:02,1762,-84
881.055,00:03,1762,-78
881.096,00:04,1762,-97
881.511,00:02,1763,-84
881.555,00:03,1763,-78
881.596,00:04,1763,-97
882.012,00:02,1764,-84
882.055,00:03,1764,-78
882.097,00:04,1764,-97
882.51,00:02,1765,-84
882.554,00:03,1765,-78
882.596,00:04,1765,-97
883.01,00:02,1766,-84
883.056,00:03,1766,-79
883.095,00:04,1766,-97
883.51,00:02,1767,-84
883.555,00:03,1767,-79
883.597,00:04,1767,-96
884.01,00:02,1768,-84
884.055,00:03,1768,-79
884.096,00:04,1768,-96
884.512,00:02,1769,-84
884.556,00:03,1769,-79
884.598,00:04,1769,-96
885.01,00:02,1770,-83
885.055,00:03,1770,-79
885.098,00:04,1770,-96
885.51,00:02,1771,-83
885.557,00:03,1771,-79
885.598,00:04,1771,-96
886.011,00:02,1772,-83
886.054,00:03,1772,-79
886.096,00:04,1772,-96
886.511,00:02,1773,-83
886.554,00:03,1773,-79
886.597,00:04,1773,-96
887.011,00:02,1774,-83
887.054,00:03,1774,-79
887.095,00:04,1774,-96
887.509,00:02,1775,-83
887.556,00:03,1775,-79
887.596,00:04,1775,-96
888.01,00:02,1776,-83
888.057,00:03,1776,-79
888.098,00:04,1776,-96
888.511,00:02,1777,-83
888.555,00:03,1777,-79
888.597,00:04,1777,-96
889.01,00:02,1778,-83
889.056,00:03,1778,-79
889.098,00:04,1778,-96
889.509,00:02,1779,-83
889.555,00:03,1779,-79
889.596,00:04,1779,-95
890.008,00:02,1780,-83
890.056,00:03,1780,-80
890.097,00:04,1780,-95
890.51,00:02,1781,-83
890.556,00:03,1781,-80
890.597,00:04,1781,-95
891.01,00:02,1782,-82
891.057,00:03,1782,-80
891.095,00:04,1782,-95
891.509,00:02,1783,-82
891.555,00:03,1783,-80
891.596,00:04,1783,-95
892.009,00:02,1784,-82
892.054,00:03,1784,-80
892.097,00:04,1784,-95
892.511,00:02,1785,-82
892.556,00:03,1785,-80
892.597,00:04,1785,-95
893.011,00:02,1786,-82
893.056,00:03,1786,-80
893.098,00:04,1786,-95
893.511,00:02,1787,-82
893.558,00:03,1787,-80
893.597,00:04,1787,-95
894.01,00:02,1788,-82
894.056,00:03,1788,-80
894.096,00:04,1788,-95
894.51,00:02,1789,-82
894.557,00:03,1789,-80
894.598,00:04,1789,-95
895.011,00:02,1790,-82
895.057,00:03,1790,-80
895.097,00:04,1790,-95
895.51,00:02,1791,-82
895.556,00:03,1791,-80
895.597,00:04,1791,-95
896.01,00:02,1792,-82
896.055,00:03,1792,-80
896.096,00:04,1792,-95
896.51,00:02,1793,-81
896.556,00:03,1793,-81
896.596,00:04,1793,-94
897.01,00:02,1794,-81
897.056,00:03,1794,-81
897.097,00:04,1794,-94
897.509,00:02,1795,-81
897.555,00:03,1795,-81
897.597,00:04,1795,-94
898.01,00:02,1796,-81
898.055,00:03,1796,-81
898.096,00:04,1796,-94
898.511,00:02,1797,-81
898.556,00:03,1797,-81
898.598,00:04,1797,-94
899.012,00:02,1798,-81
899.055,00:03,1798,-81
899.097,00:04,1798,-94
899.509,00:02,1799,-81
899.556,00:03,1799,-81
899.598,00:04,1799,-94
900.009,00:02,1800,-81
900.056,00:03,1800,-81
900.097,00:04,1800,-94
900.512,00:02,1801,-81
900.555,00:03,1801,-81
900.597,00:04,1801,-94
901.009,00:02,1802,-81
901.056,00:03,1802,-81
901.097,00:04,1802,-94
901.511,00:02,1803,-81
901.557,00:03,1803,-81
901.597,00:04,1803,-94
902.01,00:02,1804,-80
902.054,00:03,1804,-82
902.096,00:04,1804,-94
902.509,00:02,1805,-80
902.555,00:03,1805,-82
902.598,00:04,1805,-94
903.011,00:02,1806,-80
903.056,00:03,1806,-82
903.095,00:04,1806,-94
903.511,00:02,1807,-80
903.555,00:03,1807,-82
903.598,00:04,1807,-94
904.011,00:02,1808,-80
904.056,00:03,1808,-82
904.098,00:04,1808,-94
904.509,00:02,1809,-80
904.556,00:03,1809,-82
904.596,00:04,1809,-94
905.008,00:02,1810,-80
905.055,00:03,1810,-82
905.095,00:04,1810,-94
905.511,00:02,1811,-80
905.555,00:03,1811,-82
905.596,00:04,1811,-94
906.008,00:02,1812,-80
906.054,00:03,1812,-82
906.098,00:04,1812,-94
906.509,00:02,1813,-80
906.557,00:03,1813,-82
906.596,00:04,1813,-94
907.008,00:02,1814,-80
907.056,00:03,1814,-82
907.096,00:04,1814,-94
907.509,00:02,1815,-79
907.557,00:03,1815,-82
907.597,00:04,1815,-94
908.008,00:02,1816,-79
908.057,00:03,1816,-83
908.096,00:04,1816,-94
908.51,00:02,1817,-79
908.555,00:03,1817,-83
908.595,00:04,1817,-94
909.009,00:02,1818,-79
909.055,00:03,1818,-83
909.095,00:04,1818,-94
909.51,00:02,1819,-79
909.557,00:03,1819,-83
909.597,00:04,1819,-94
910.009,00:02,1820,-79
910.055,00:03,1820,-83
910.096,00:04,1820,-94
910.51,00:02,1821,-79
910.557,00:03,1821,-83
910.596,00:04,1821,-94
911.011,00:02,1822,-79
911.056,00:03,1822,-83
911.096,00:04,1822,-94
911.509,00:02,1823,-79
911.554,00:03,1823,-83
911.596,00:04,1823,-94
912.009,00:02,1824,-79
912.056,00:03,1824,-83
912.096,00:04,1824,-94
912.51,00:02,1825,-79
912.555,00:03,1825,-83
912.596,00:04,1825,-94
913.008,00:02,1826,-79
913.056,00:03,1826,-83
913.095,00:04,1826,-94
913.511,00:02,1827,-78
913.557,00:03,1827,-84
913.596,00:04,1827,-94
914.008,00:02,1828,-78
914.056,00:03,1828,-84
914.098,00:04,1828,-94
914.511,00:02,1829,-78
914.554,00:03,1829,-84
914.596,00:04,1829,-94
915.01,00:02,1830,-78
915.056,00:03,1830,-84
915.096,00:04,1830,-94
915.51,00:02,1831,-78
915.556,00:03,1831,-84
915.598,00:04,1831,-94
916.011,00:02,1832,-78
916.055,00:03,1832,-84
916.096,00:04,1832,-94
916.512,00:02,1833,-78
916.556,00:03,1833,-84
916.595,00:04,1833,-94
917.01,00:02,1834,-78
917.054,00:03,1834,-84
917.095,00:04,1834,-94
917.509,00:02,1835,-78
917.556,00:03,1835,-84
917.597,00:04,1835,-94
918.012,00:02,1836,-78
918.055,00:03,1836,-84
918.096,00:04,1836,-94
918.509,00:02,1837,-78
918.554,00:03,1837,-84
918.596,00:04,1837,-94
919.011,00:02,1838,-77
919.054,00:03,1838,-85
919.097,00:04,1838,-94
919.51,00:02,1839,-77
919.555,00:03,1839,-85
919.598,00:04,1839,-94
920.009,00:02,1840,-77
920.055,00:03,1840,-85
920.096,00:04,1840,-94
920.511,00:02,1841,-77
920.555,00:03,1841,-85
920.596,00:04,1841,-94
921.011,00:02,1842,-77
921.056,00:03,1842,-85
921.096,00:04,1842,-94
921.51,00:02,1843,-77
921.557,00:03,1843,-85
921.596,00:04,1843,-95
922.01,00:02,1844,-77
922.054,00:03,1844,-85
922.096,00:04,1844,-95
922.511,00:02,1845,-77
922.555,00:03,1845,-85
922.597,00:04,1845,-95
923.01,00:02,1846,-77
923.057,00:03,1846,-85
923.097,00:04,1846,-95
923.51,00:02,1847,-77
923.556,00:03,1847,-85
923.598,00:04,1847,-95
924.011,00:02,1848,-77
924.055,00:03,1848,-85
924.096,00:04,1848,-95
924.51,00:02,1849,-77
924.556,00:03,1849,-86
924.596,00:04,1849,-95
925.011,00:02,1850,-76
925.055,00:03,1850,-86
925.097,00:04,1850,-95
925.51,00:02,1851,-76
925.556,00:03,1851,-86
925.595,00:04,1851,-95
926.01,00:02,1852,-76
926.055,00:03,1852,-86
926.097,00:04,1852,-95
926.511,00:02,1853,-76
926.554,00:03,1853,-86
926.596,00:04,1853,-95
927.01,00:02,1854,-76
927.056,00:03,1854,-86
927.095,00:04,1854,-95
927.512,00:02,1855,-76
927.555,00:03,1855,-86
927.595,00:04,1855,-95
928.009,00:02,1856,-76
928.057,00:03,1856,-86
928.098,00:04,1856,-95
928.509,00:02,1857,-76
928.555,00:03,1857,-86
928.598,00:04,1857,-95
929.009,00:02,1858,-76
929.057,00:03,1858,-86
929.095,00:04,1858,-96
929.51,00:02,1859,-76
929.558,00:03,1859,-86
929.597,00:04,1859,-96
930.009,00:02,1860,-76
930.056,00:03,1860,-86
930.097,00:04,1860,-96
930.511,00:02,1861,-76
930.556,00:03,1861,-87
930.598,00:04,1861,-96
931.01,00:02,1862,-76
931.055,00:03,1862,-87
931.096,00:04,1862,-96
931.511,00:02,1863,-75
931.556,00:03,1863,-87
931.598,00:04,1863,-96
932.009,00:02,1864,-75
932.055,00:03,1864,-87
932.097,00:04,1864,-96
932.509,00:02,1865,-75
932.555,00:03,1865,-87
932.596,00:04,1865,-96
933.01,00:02,1866,-75
933.057,00:03,1866,-87
933.095,00:04,1866,-96
933.512,00:02,1867,-75
933.555,00:03,1867,-87
933.597,00:04,1867,-96
934.011,00:02,1868,-75
934.057,00:03,1868,-87
934.096,00:04,1868,-96
934.509,00:02,1869,-75
934.557,00:03,1869,-87
934.596,00:04,1869,-97
935.012,00:02,1870,-75
935.056,00:03,1870,-87
935.095,00:04,1870,-97
935.511,00:02,1871,-75
935.555,00:03,1871,-87
935.597,00:04,1871,-97
936.009,00:02,1872,-75
936.056,00:03,1872,-88
936.097,00:04,1872,-97
936.512,00:02,1873,-75
936.554,00:03,1873,-88
936.596,00:04,1873,-97
937.012,00:02,1874,-79
937.055,00:03,1874,-92
937.094,00:04,1874,-101
937.51,00:02,1875,-79
937.555,00:03,1875,-92
937.596,00:04,1875,-101
938.009,00:02,1876,-79
938.057,00:03,1876,-92
938.097,00:04,1876,-101
938.51,00:02,1877,-79
938.555,00:03,1877,-92
938.596,00:04,1877,-101
939.01,00:02,1878,-79
939.055,00:03,1878,-92
939.095,00:04,1878,-101
939.511,00:02,1879,-79
939.554,00:03,1879,-92
939.596,00:04,1879,-101
940.01,00:02,1880,-78
940.056,00:03,1880,-92
940.096,00:04,1880,-102
940.511,00:02,1881,-78
940.555,00:03,1881,-92
940.595,00:04,1881,-102
941.01,00:02,1882,-74
941.055,00:03,1882,-88
941.095,00:04,1882,-98
941.509,00:02,1883,-74
941.557,00:03,1883,-88
941.595,00:04,1883,-98
942.009,00:02,1884,-74
942.057,00:03,1884,-88
942.097,00:04,1884,-98
942.51,00:02,1885,-74
942.556,00:03,1885,-89
942.595,00:04,1885,-98
943.01,00:02,1886,-74
943.056,00:03,1886,-89
943.097,00:04,1886,-98
943.512,00:02,1887,-74
943.555,00:03,1887,-89
943.595,00:04,1887,-98
944.008,00:02,1888,-74
944.057,00:03,1888,-89
944.097,00:04,1888,-98
944.51,00:02,1889,-74
944.555,00:03,1889,-89
944.597,00:04,1889,-98
945.011,00:02,1890,-74
945.055,00:03,1890,-89
945.097,00:04,1890,-99
945.509,00:02,1891,-74
945.554,00:03,1891,-89
945.595,00:04,1891,-99
946.009,00:02,1892,-74
946.057,00:03,1892,-89
946.096,00:04,1892,-99
946.509,00:02,1893,-74
946.556,00:03,1893,-89
946.597,00:04,1893,-99
947.01,00:02,1894,-74
947.055,00:03,1894,-89
947.096,00:04,1894,-99
947.512,00:02,1895,-74
947.554,00:03,1895,-89
947.595,00:04,1895,-99
948.011,00:02,1896,-74
948.056,00:03,1896,-89
948.095,00:04,1896,-99
948.511,00:02,1897,-74
948.555,00:03,1897,-90
948.595,00:04,1897,-99
949.009,00:02,1898,-74
949.055,00:03,1898,-90
949.095,00:04,1898,-99
949.512,00:02,1899,-74
949.557,00:03,1899,-90
949.596,00:04,1899,-99
950.011,00:02,1900,-74
950.054,00:03,1900,-90
950.095,00:04,1900,-100
950.511,00:02,1901,-74
950.556,00:03,1901,-90
950.594,00:04,1901,-100
951.009,00:02,1902,-74
951.055,00:03,1902,-90
951.098,00:04,1902,-100
951.511,00:02,1903,-74
951.555,00:03,1903,-90
951.597,00:04,1903,-100
952.01,00:02,1904,-74
952.056,00:03,1904,-90
952.096,00:04,1904,-100
952.512,00:02,1905,-74
952.554,00:03,1905,-90
952.597,00:04,1905,-100
953.012,00:02,1906,-74
953.056,00:03,1906,-90
953.096,00:04,1906,-100
953.509,00:02,1907,-74
953.556,00:03,1907,-90
953.596,00:04,1907,-100
954.01,00:02,1908,-74
954.056,00:03,1908,-90
954.097,00:04,1908,-100
954.509,00:02,1909,-74
954.557,00:03,1909,-90
954.597,00:04,1909,-100
955.009,00:02,1910,-74
955.054,00:03,1910,-90
955.096,00:04,1910,-100
955.512,00:02,1911,-74
955.556,00:03,1911,-90
955.595,00:04,1911,-100
956.011,00:02,1912,-74
956.057,00:03,1912,-91
956.094,00:04,1912,-100
956.511,00:02,1913,-75
956.557,00:03,1913,-91
956.594,00:04,1913,-100
957.01,00:02,1914,-75
957.055,00:03,1914,-91
957.097,00:04,1914,-100
957.509,00:02,1915,-75
957.556,00:03,1915,-91
957.598,00:04,1915,-100
958.008,00:02,1916,-75
958.055,00:03,1916,-91
958.097,00:04,1916,-100
958.511,00:02,1917,-75
958.555,00:03,1917,-91
958.595,00:04,1917,-100
959.01,00:02,1918,-75
959.055,00:03,1918,-91
959.096,00:04,1918,-99
959.51,00:02,1919,-75
959.556,00:03,1919,-91
959.596,00:04,1919,-99
960.011,00:02,1920,-75
960.056,00:03,1920,-91
960.094,00:04,1920,-99
960.511,00:02,1921,-75
960.555,00:03,1921,-91
960.597,00:04,1921,-99
961.012,00:02,1922,-75
961.056,00:03,1922,-91
961.097,00:04,1922,-99
961.51,00:02,1923,-75
961.557,00:03,1923,-91
961.596,00:04,1923,-99
962.009,00:02,1924,-75
962.057,00:03,1924,-90
962.096,00:04,1924,-99
962.509,00:02,1925,-75
962.554,00:03,1925,-90
962.595,00:04,1925,-99
963.011,00:02,1926,-76
963.055,00:03,1926,-90
963.096,00:04,1926,-99
963.51,00:02,1927,-76
963.555,00:03,1927,-90
963.596,00:04,1927,-99
964.011,00:02,1928,-76
964.056,00:03,1928,-90
964.095,00:04,1928,-98
964.509,00:02,1929,-76
964.556,00:03,1929,-90
964.595,00:04,1929,-98
965.01,00:02,1930,-76
965.057,00:03,1930,-90
965.097,00:04,1930,-98
965.51,00:02,1931,-76
965.556,00:03,1931,-90
965.597,00:04,1931,-98
966.01,00:02,1932,-76
966.056,00:03,1932,-90
966.096,00:04,1932,-98
966.509,00:02,1933,-76
966.555,00:03,1933,-90
966.597,00:04,1933,-98
967.01,00:02,1934,-76
967.055,00:03,1934,-90
967.096,00:04,1934,-98
967.51,00:02,1935,-76
967.557,00:03,1935,-90
967.596,00:04,1935,-98
968.01,00:02,1936,-76
968.053,00:03,1936,-90
968.095,00:04,1936,-98
968.51,00:02,1937,-76
968.556,00:03,1937,-90
968.596,00:04,1937,-97
969.01,00:02,1938,-76
969.054,00:03,1938,-89
969.096,00:04,1938,-97
969.512,00:02,1939,-76
969.556,00:03,1939,-89
969.595,00:04,1939,-97
970.009,00:02,1940,-76
970.056,00:03,1940,-89
970.096,00:04,1940,-97
970.51,00:02,1941,-76
970.554,00:03,1941,-89
970.595,00:04,1941,-97
971.01,00:02,1942,-76
971.056,00:03,1942,-89
971.094,00:04,1942,-97
971.51,00:02,1943,-76
971.554,00:03,1943,-89
971.595,00:04,1943,-97
972.012,00:02,1944,-76
972.056,00:03,1944,-89
972.095,00:04,1944,-97
972.51,00:02,1945,-76
972.556,00:03,1945,-89
972.596,00:04,1945,-97
973.011,00:02,1946,-80
973.054,00:03,1946,-93
973.097,00:04,1946,-100
973.511,00:02,1947,-80
973.556,00:03,1947,-93
973.596,00:04,1947,-100
974.011,00:02,1948,-80
974.057,00:03,1948,-93
974.095,00:04,1948,-100
974.51,00:02,1949,-80
974.557,00:03,1949,-93
974.595,00:04,1949,-100
975.01,00:02,1950,-80
975.056,00:03,1950,-93
975.095,00:04,1950,-100
975.51,00:02,1951,-80
975.557,00:03,1951,-92
975.594,00:04,1951,-100
976.01,00:02,1952,-80
976.054,00:03,1952,-92
976.098,00:04,1952,-100
976.51,00:02,1953,-80
976.557,00:03,1953,-92
976.596,00:04,1953,-100
977.01,00:02,1954,-76
977.056,00:03,1954,-88
977.096,00:04,1954,-95
977.511,00:02,1955,-76
977.555,00:03,1955,-88
977.596,00:04,1955,-95
978.01,00:02,1956,-76
978.055,00:03,1956,-88
978.097,00:04,1956,-95
978.51,00:02,1957,-76
978.557,00:03,1957,-88
978.597,00:04,1957,-95
979.009,00:02,1958,-77
979.055,00:03,1958,-88
979.096,00:04,1958,-95
979.511,00:02,1959,-77
979.556,00:03,1959,-88
979.596,00:04,1959,-95
980.01,00:02,1960,-77
980.057,00:03,1960,-88
980.095,00:04,1960,-95
980.51,00:02,1961,-77
980.555,00:03,1961,-88
980.594,00:04,1961,-95
981.011,00:02,1962,-77
981.054,00:03,1962,-88
981.096,00:04,1962,-95
981.51,00:02,1963,-77
981.556,00:03,1963,-88
981.595,00:04,1963,-94
982.01,00:02,1964,-77
982.056,00:03,1964,-87
982.095,00:04,1964,-94
982.511,00:02,1965,-77
982.555,00:03,1965,-87
982.595,00:04,1965,-94
983.01,00:02,1966,-77
983.055,00:03,1966,-87
983.094,00:04,1966,-94
983.511,00:02,1967,-77
983.556,00:03,1967,-87
983.595,00:04,1967,-94
984.011,00:02,1968,-77
984.055,00:03,1968,-87
984.098,00:04,1968,-94
984.51,00:02,1969,-77
984.556,00:03,1969,-87
984.595,00:04,1969,-94
985.01,00:02,1970,-77
985.055,00:03,1970,-87
985.096,00:04,1970,-94
985.51,00:02,1971,-77
985.555,00:03,1971,-87
985.595,00:04,1971,-94
986.01,00:02,1972,-77
986.055,00:03,1972,-87
986.095,00:04,1972,-94
986.511,00:02,1973,-77
986.556,00:03,1973,-87
986.597,00:04,1973,-93
987.01,00:02,1974,-77
987.056,00:03,1974,-87
987.095,00:04,1974,-93
987.511,00:02,1975,-78
987.556,00:03,1975,-87
987.594,00:04,1975,-93
988.011,00:02,1976,-78
988.056,00:03,1976,-86
988.097,00:04,1976,-93
988.511,00:02,1977,-78
988.554,00:03,1977,-86
988.595,00:04,1977,-93
989.012,00:02,1978,-78
989.056,00:03,1978,-86
989.096,00:04,1978,-93
989.511,00:02,1979,-78
989.555,00:03,1979,-86
989.597,00:04,1979,-93
990.009,00:02,1980,-78
990.055,00:03,1980,-86
990.096,00:04,1980,-93
990.512,00:02,1981,-78
990.555,00:03,1981,-86
990.596,00:04,1981,-93
991.01,00:02,1982,-78
991.056,00:03,1982,-86
991.095,00:04,1982,-93
991.511,00:02,1983,-78
991.556,00:03,1983,-86
991.596,00:04,1983,-93
992.012,00:02,1984,-78
992.057,00:03,1984,-86
992.096,00:04,1984,-93
992.511,00:02,1985,-78
992.558,00:03,1985,-86
992.596,00:04,1985,-92
993.01,00:02,1986,-78
993.055,00:03,1986,-86
993.095,00:04,1986,-92
993.51,00:02,1987,-78
993.557,00:03,1987,-86
993.596,00:04,1987,-92
994.01,00:02,1988,-78
994.055,00:03,1988,-85
994.096,00:04,1988,-92
994.511,00:02,1989,-79
994.557,00:03,1989,-85
994.595,00:04,1989,-92
995.01,00:02,1990,-79
995.057,00:03,1990,-85
995.096,00:04,1990,-92
995.511,00:02,1991,-79
995.556,00:03,1991,-85
995.595,00:04,1991,-92
996.012,00:02,1992,-79
996.054,00:03,1992,-85
996.096,00:04,1992,-92
996.509,00:02,1993,-79
996.555,00:03,1993,-85
996.596,00:04,1993,-92
997.009,00:02,1994,-79
997.054,00:03,1994,-85
997.096,00:04,1994,-92
997.51,00:02,1995,-79
997.556,00:03,1995,-85
997.596,00:04,1995,-92
998.012,00:02,1996,-79
998.056,00:03,1996,-85
998.094,00:04,1996,-92
998.51,00:02,1997,-79
998.555,00:03,1997,-85
998.596,00:04,1997,-92
999.011,00:02,1998,-79
999.056,00:03,1998,-85
999.098,00:04,1998,-92
999.511,00:02,1999,-79
999.554,00:03,1999,-85
999.595,00:04,1999,-92
1000.01,00:02,2000,-79
1000.06,00:03,2000,-85
1000.1,00:04,2000,-92
1000.51,00:02,2001,-79
1000.56,00:03,2001,-84
1000.6,00:04,2001,-92
1001.01,00:02,2002,-80
1001.06,00:03,2002,-84
1001.09,00:04,2002,-92
1001.51,00:02,2003,-80
1001.55,00:03,2003,-84
1001.59,00:04,2003,-92
1002.01,00:02,2004,-80
1002.05,00:03,2004,-84
1002.1,00:04,2004,-92
1002.51,00:02,2005,-80
1002.56,00:03,2005,-84
1002.59,00:04,2005,-92
1003.01,00:02,2006,-80
1003.06,00:03,2006,-84
1003.1,00:04,2006,-92
1003.51,00:02,2007,-80
1003.56,00:03,2007,-84
1003.6,00:04,2007,-92
1004.01,00:02,2008,-80
1004.05,00:03,2008,-84
1004.1,00:04,2008,-92
1004.51,00:02,2009,-80
1004.55,00:03,2009,-84
1004.6,00:04,2009,-92
1005.01,00:02,2010,-80
1005.06,00:03,2010,-84
1005.1,00:04,2010,-92
1005.51,00:02,2011,-80
1005.56,00:03,2011,-84
1005.59,00:04,2011,-92
1006.01,00:02,2012,-80
1006.06,00:03,2012,-84
1006.1,00:04,2012,-92
1006.51,00:02,2013,-80
1006.56,00:03,2013,-83
1006.6,00:04,2013,-92
1007.01,00:02,2014,-81
1007.06,00:03,2014,-83
1007.1,00:04,2014,-92
1007.51,00:02,2015,-81
1007.56,00:03,2015,-83
1007.6,00:04,2015,-92
1008.01,00:02,2016,-81
1008.06,00:03,2016,-83
1008.1,00:04,2016,-92
1008.51,00:02,2017,-81
1008.56,00:03,2017,-83
1008.59,00:04,2017,-92
1009.01,00:02,2018,-81
1009.06,00:03,2018,-83
1009.1,00:04,2018,-92
1009.51,00:02,2019,-81
1009.56,00:03,2019,-83
1009.59,00:04,2019,-92
1010.01,00:02,2020,-81
1010.06,00:03,2020,-83
1010.1,00:04,2020,-92
1010.51,00:02,2021,-81
1010.56,00:03,2021,-83
1010.59,00:04,2021,-92
1011.01,00:02,2022,-81
1011.05,00:03,2022,-83
1011.09,00:04,2022,-92
1011.51,00:02,2023,-81
1011.56,00:03,2023,-83
1011.6,00:04,2023,-92
1012.01,00:02,2024,-81
1012.06,00:03,2024,-83
1012.09,00:04,2024,-92
1012.51,00:02,2025,-81
1012.55,00:03,2025,-83
1012.59,00:04,2025,-92
1013.01,00:02,2026,-81
1013.06,00:03,2026,-82
1013.09,00:04,2026,-92
1013.51,00:02,2027,-82
1013.56,00:03,2027,-82
1013.6,00:04,2027,-92
1014.01,00:02,2028,-82
1014.06,00:03,2028,-82
1014.09,00:04,2028,-92
1014.51,00:02,2029,-82
1014.55,00:03,2029,-82
1014.59,00:04,2029,-92
1015.01,00:02,2030,-82
1015.06,00:03,2030,-82
1015.1,00:04,2030,-92
1015.51,00:02,2031,-82
1015.56,00:03,2031,-82
1015.6,00:04,2031,-92
1016.01,00:02,2032,-82
1016.05,00:03,2032,-82
1016.1,00:04,2032,-92
1016.51,00:02,2033,-82
1016.55,00:03,2033,-82
1016.59,00:04,2033,-92
1017.01,00:02,2034,-82
1017.06,00:03,2034,-82
1017.1,00:04,2034,-92
1017.51,00:02,2035,-82
1017.55,00:03,2035,-82
1017.6,00:04,2035,-93
1018.01,00:02,2036,-82
1018.06,00:03,2036,-82
1018.1,00:04,2036,-93
1018.51,00:02,2037,-82
1018.55,00:03,2037,-82
1018.6,00:04,2037,-93
1019.01,00:02,2038,-82
1019.06,00:03,2038,-82
1019.1,00:04,2038,-93
1019.51,00:02,2039,-83
1019.56,00:03,2039,-81
1019.59,00:04,2039,-93
1020.01,00:02,2040,-83
1020.06,00:03,2040,-81
1020.1,00:04,2040,-93
1020.51,00:02,2041,-83
1020.56,00:03,2041,-81
1020.6,00:04,2041,-93
1021.01,00:02,2042,-83
1021.06,00:03,2042,-81
1021.1,00:04,2042,-93
1021.51,00:02,2043,-83
1021.56,00:03,2043,-81
1021.6,00:04,2043,-93
1022.01,00:02,2044,-83
1022.06,00:03,2044,-81
1022.09,00:04,2044,-93
1022.51,00:02,2045,-83
1022.56,00:03,2045,-81
1022.59,00:04,2045,-93
1023.01,00:02,2046,-83
1023.06,00:03,2046,-81
1023.1,00:04,2046,-93
1023.51,00:02,2047,-83
1023.56,00:03,2047,-81
1023.6,00:04,2047,-94
1024.01,00:02,2048,-83
1024.06,00:03,2048,-81
1024.09,00:04,2048,-94
1024.51,00:02,2049,-83
1024.55,00:03,2049,-81
1024.6,00:04,2049,-94
1025.01,00:02,2050,-83
1025.06,00:03,2050,-81
1025.1,00:04,2050,-94
1025.51,00:02,2051,-84
1025.56,00:03,2051,-81
1025.6,00:04,2051,-94
1026.01,00:02,2052,-84
1026.05,00:03,2052,-81
1026.1,00:04,2052,-94
1026.51,00:02,2053,-84
1026.55,00:03,2053,-81
1026.59,00:04,2053,-94
1027.01,00:02,2054,-84
1027.06,00:03,2054,-80
1027.1,00:04,2054,-94
1027.51,00:02,2055,-84
1027.56,00:03,2055,-80
1027.59,00:04,2055,-94
1028.01,00:02,2056,-84
1028.05,00:03,2056,-80
1028.1,00:04,2056,-94
1028.51,00:02,2057,-84
1028.56,00:03,2057,-80
1028.6,00:04,2057,-95
1029.01,00:02,2058,-84
1029.06,00:03,2058,-80
1029.09,00:04,2058,-95
1029.51,00:02,2059,-84
1029.55,00:03,2059,-80
1029.6,00:04,2059,-95
1030.01,00:02,2060,-84
1030.05,00:03,2060,-80
1030.09,00:04,2060,-95
1030.51,00:02,2061,-84
1030.56,00:03,2061,-80
1030.59,00:04,2061,-95
1031.01,00:02,2062,-84
1031.06,00:03,2062,-80
1031.1,00:04,2062,-95
1031.51,00:02,2063,-84
1031.56,00:03,2063,-80
1031.59,00:04,2063,-95
1032.01,00:02,2064,-85
1032.06,00:03,2064,-80
1032.1,00:04,2064,-95
1032.51,00:02,2065,-85
1032.56,00:03,2065,-80
1032.59,00:04,2065,-95
1033.01,00:02,2066,-89
1033.05,00:03,2066,-84
1033.1,00:04,2066,-100
1033.51,00:02,2067,-89
1033.56,00:03,2067,-84
1033.6,00:04,2067,-100
1034.01,00:02,2068,-89
1034.06,00:03,2068,-84
1034.09,00:04,2068,-100
1034.51,00:02,2069,-89
1034.56,00:03,2069,-84
1034.59,00:04,2069,-100
1035.01,00:02,2070,-89
1035.06,00:03,2070,-84
1035.1,00:04,2070,-100
1035.51,00:02,2071,-89
1035.55,00:03,2071,-84
1035.59,00:04,2071,-100
1036.01,00:02,2072,-89
1036.06,00:03,2072,-84
1036.1,00:04,2072,-100
1036.51,00:02,2073,-89
1036.56,00:03,2073,-84
1036.59,00:04,2073,-100
1037.01,00:02,2074,-85
1037.06,00:03,2074,-80
1037.09,00:04,2074,-96
1037.51,00:02,2075,-85
1037.56,00:03,2075,-79
1037.59,00:04,2075,-97
1038.01,00:02,2076,-85
1038.06,00:03,2076,-79
1038.09,00:04,2076,-97
1038.51,00:02,2077,-86
1038.56,00:03,2077,-79
1038.6,00:04,2077,-97
1039.01,00:02,2078,-86
1039.06,00:03,2078,-79
1039.1,00:04,2078,-97
1039.51,00:02,2079,-86
1039.56,00:03,2079,-79
1039.6,00:04,2079,-97
1040.01,00:02,2080,-86
1040.06,00:03,2080,-79
1040.1,00:04,2080,-97
1040.51,00:02,2081,-86
1040.55,00:03,2081,-79
1040.59,00:04,2081,-97
1041.01,00:02,2082,-86
1041.05,00:03,2082,-79
1041.09,00:04,2082,-97
1041.51,00:02,2083,-86
1041.56,00:03,2083,-79
1041.59,00:04,2083,-97
1042.01,00:02,2084,-86
1042.05,00:03,2084,-79
1042.1,00:04,2084,-98
1042.51,00:02,2085,-86
1042.56,00:03,2085,-79
1042.59,00:04,2085,-98
1043.01,00:02,2086,-86
1043.06,00:03,2086,-79
1043.1,00:04,2086,-98
1043.51,00:02,2087,-86
1043.56,00:03,2087,-79
1043.6,00:04,2087,-98
1044.01,00:02,2088,-86
1044.06,00:03,2088,-79
1044.09,00:04,2088,-98
1044.51,00:02,2089,-86
1044.56,00:03,2089,-79
1044.59,00:04,2089,-98
1045.01,00:02,2090,-87
1045.05,00:03,2090,-79
1045.1,00:04,2090,-98
1045.51,00:02,2091,-87
1045.55,00:03,2091,-79
1045.59,00:04,2091,-98
1046.01,00:02,2092,-87
1046.06,00:03,2092,-79
1046.1,00:04,2092,-99
1046.51,00:02,2093,-87
1046.56,00:03,2093,-79
1046.6,00:04,2093,-99
1047.01,00:02,2094,-87
1047.05,00:03,2094,-79
1047.1,00:04,2094,-99
1047.51,00:02,2095,-87
1047.56,00:03,2095,-79
1047.59,00:04,2095,-99
1048.01,00:02,2096,-87
1048.05,00:03,2096,-79
1048.09,00:04,2096,-99
1048.51,00:02,2097,-87
1048.56,00:03,2097,-79
1048.6,00:04,2097,-99
1049.01,00:02,2098,-87
1049.05,00:03,2098,-79
1049.1,00:04,2098,-99
1049.51,00:02,2099,-87
1049.56,00:03,2099,-79
1049.59,00:04,2099,-99
1050.01,00:02,2100,-87
1050.06,00:03,2100,-79
1050.09,00:04,2100,-99
1050.51,00:02,2101,-87
1050.55,00:03,2101,-79
1050.59,00:04,2101,-99
1051.01,00:02,2102,-87
1051.06,00:03,2102,-79
1051.09,00:04,2102,-99
1051.51,00:02,2103,-87
1051.55,00:03,2103,-80
1051.59,00:04,2103,-99
1052.01,00:02,2104,-87
1052.06,00:03,2104,-80
1052.09,00:04,2104,-99
1052.51,00:02,2105,-87
1052.55,00:03,2105,-80
1052.6,00:04,2105,-99
1053.01,00:02,2106,-88
1053.05,00:03,2106,-80
1053.1,00:04,2106,-99
1053.51,00:02,2107,-88
1053.55,00:03,2107,-80
1053.6,00:04,2107,-99
1054.01,00:02,2108,-88
1054.06,00:03,2108,-80
1054.1,00:04,2108,-99
1054.51,00:02,2109,-88
1054.55,00:03,2109,-80
1054.6,00:04,2109,-99
1055.01,00:02,2110,-88
1055.05,00:03,2110,-81
1055.09,00:04,2110,-99
1055.51,00:02,2111,-88
1055.55,00:03,2111,-81
1055.59,00:04,2111,-99
1056.01,00:02,2112,-88
1056.06,00:03,2112,-81
1056.1,00:04,2112,-98
1056.51,00:02,2113,-88
1056.56,00:03,2113,-81
1056.6,00:04,2113,-98
1057.01,00:02,2114,-88
1057.06,00:03,2114,-81
1057.1,00:04,2114,-98
1057.51,00:02,2115,-87
1057.55,00:03,2115,-81
1057.59,00:04,2115,-98
1058.01,00:02,2116,-87
1058.05,00:03,2116,-81
1058.09,00:04,2116,-98
1058.51,00:02,2117,-87
1058.56,00:03,2117,-81
1058.59,00:04,2117,-98
1059.01,00:02,2118,-87
1059.06,00:03,2118,-81
1059.1,00:04,2118,-98
1059.51,00:02,2119,-87
1059.56,00:03,2119,-81
1059.59,00:04,2119,-98
1060.01,00:02,2120,-87
1060.06,00:03,2120,-81
1060.1,00:04,2120,-97
1060.51,00:02,2121,-87
1060.55,00:03,2121,-81
1060.6,00:04,2121,-97
1061.01,00:02,2122,-87
1061.06,00:03,2122,-81
1061.1,00:04,2122,-97
1061.51,00:02,2123,-87
1061.56,00:03,2123,-81
1061.59,00:04,2123,-97
1062.01,00:02,2124,-87
1062.06,00:03,2124,-81
1062.1,00:04,2124,-97
1062.51,00:02,2125,-87
1062.56,00:03,2125,-81
1062.6,00:04,2125,-97
1063.01,00:02,2126,-87
1063.06,00:03,2126,-81
1063.1,00:04,2126,-97
1063.51,00:02,2127,-87
1063.55,00:03,2127,-81
1063.6,00:04,2127,-97
1064.01,00:02,2128,-87
1064.05,00:03,2128,-81
1064.1,00:04,2128,-96
1064.51,00:02,2129,-86
1064.56,00:03,2129,-81
1064.6,00:04,2129,-96
1065.01,00:02,2130,-86
1065.06,00:03,2130,-81
1065.1,00:04,2130,-96
1065.51,00:02,2131,-86
1065.55,00:03,2131,-81
1065.59,00:04,2131,-96
1066.01,00:02,2132,-86
1066.05,00:03,2132,-81
1066.09,00:04,2132,-96
1066.51,00:02,2133,-86
1066.56,00:03,2133,-81
1066.59,00:04,2133,-96
1067.01,00:02,2134,-86
1067.06,00:03,2134,-81
1067.09,00:04,2134,-96
1067.51,00:02,2135,-86
1067.55,00:03,2135,-81
1067.6,00:04,2135,-95
1068.01,00:02,2136,-86
1068.06,00:03,2136,-81
1068.1,00:04,2136,-95
1068.51,00:02,2137,-86
1068.55,00:03,2137,-81
1068.59,00:04,2137,-95
1069.01,00:02,2138,-90
1069.06,00:03,2138,-85
1069.1,00:04,2138,-99
1069.51,00:02,2139,-90
1069.56,00:03,2139,-85
1069.6,00:04,2139,-99
1070.01,00:02,2140,-90
1070.06,00:03,2140,-85
1070.09,00:04,2140,-99
1070.51,00:02,2141,-90
1070.56,00:03,2141,-85
1070.6,00:04,2141,-99
1071.01,00:02,2142,-90
1071.06,00:03,2142,-85
1071.09,00:04,2142,-98
1071.51,00:02,2143,-89
1071.56,00:03,2143,-85
1071.59,00:04,2143,-98
1072.01,00:02,2144,-89
1072.06,00:03,2144,-85
1072.1,00:04,2144,-98
1072.51,00:02,2145,-89
1072.56,00:03,2145,-85
1072.6,00:04,2145,-98
1073.01,00:02,2146,-85
1073.06,00:03,2146,-81
1073.09,00:04,2146,-94
1073.51,00:02,2147,-85
1073.56,00:03,2147,-81
1073.59,00:04,2147,-94
1074.01,00:02,2148,-85
1074.06,00:03,2148,-81
1074.09,00:04,2148,-94
1074.51,00:02,2149,-85
1074.55,00:03,2149,-81
1074.59,00:04,2149,-94
1075.01,00:02,2150,-85
1075.06,00:03,2150,-81
1075.09,00:04,2150,-93
1075.51,00:02,2151,-85
1075.55,00:03,2151,-81
1075.6,00:04,2151,-93
1076.01,00:02,2152,-85
1076.06,00:03,2152,-82
1076.1,00:04,2152,-93
1076.51,00:02,2153,-85
1076.56,00:03,2153,-82
1076.6,00:04,2153,-93
1077.01,00:02,2154,-85
1077.06,00:03,2154,-82
1077.09,00:04,2154,-93
1077.51,00:02,2155,-85
1077.56,00:03,2155,-82
1077.59,00:04,2155,-93
1078.01,00:02,2156,-85
1078.05,00:03,2156,-82
1078.1,00:04,2156,-93
1078.51,00:02,2157,-84
1078.56,00:03,2157,-82
1078.6,00:04,2157,-93
1079.01,00:02,2158,-84
1079.05,00:03,2158,-82
1079.1,00:04,2158,-92
1079.51,00:02,2159,-84
1079.55,00:03,2159,-82
1079.59,00:04,2159,-92
1080.01,00:02,2160,-84
1080.05,00:03,2160,-82
1080.1,00:04,2160,-92
1080.51,00:02,2161,-84
1080.56,00:03,2161,-82
1080.6,00:04,2161,-92
1081.01,00:02,2162,-84
1081.05,00:03,2162,-82
1081.1,00:04,2162,-92
1081.51,00:02,2163,-84
1081.56,00:03,2163,-82
1081.59,00:04,2163,-92
1082.01,00:02,2164,-84
1082.05,00:03,2164,-82
1082.09,00:04,2164,-92
1082.51,00:02,2165,-84
1082.56,00:03,2165,-82
1082.59,00:04,2165,-92
1083.01,00:02,2166,-84
1083.06,00:03,2166,-82
1083.09,00:04,2166,-91
1083.51,00:02,2167,-84
1083.55,00:03,2167,-82
1083.59,00:04,2167,-91
1084.01,00:02,2168,-84
1084.05,00:03,2168,-82
1084.09,00:04,2168,-91
1084.51,00:02,2169,-84
1084.55,00:03,2169,-82
1084.59,00:04,2169,-91
1085.01,00:02,2170,-84
1085.05,00:03,2170,-83
1085.09,00:04,2170,-91
1085.51,00:02,2171,-83
1085.55,00:03,2171,-83
1085.59,00:04,2171,-91
1086.01,00:02,2172,-83
1086.06,00:03,2172,-83
1086.09,00:04,2172,-91
1086.51,00:02,2173,-83
1086.56,00:03,2173,-83
1086.59,00:04,2173,-91
1087.01,00:02,2174,-83
1087.06,00:03,2174,-83
1087.09,00:04,2174,-91
1087.51,00:02,2175,-83
1087.55,00:03,2175,-83
1087.59,00:04,2175,-90
1088.01,00:02,2176,-83
1088.06,00:03,2176,-83
1088.1,00:04,2176,-90
1088.51,00:02,2177,-83
1088.56,00:03,2177,-83
1088.59,00:04,2177,-90
1089.01,00:02,2178,-83
1089.06,00:03,2178,-83
1089.1,00:04,2178,-90
1089.51,00:02,2179,-83
1089.56,00:03,2179,-83
1089.59,00:04,2179,-90
1090.01,00:02,2180,-83
1090.05,00:03,2180,-83
1090.1,00:04,2180,-90
1090.51,00:02,2181,-83
1090.56,00:03,2181,-83
1090.59,00:04,2181,-90
1091.01,00:02,2182,-83
1091.05,00:03,2182,-83
1091.09,00:04,2182,-90
1091.51,00:02,2183,-83
1091.56,00:03,2183,-83
1091.59,00:04,2183,-90
1092.01,00:02,2184,-82
1092.05,00:03,2184,-83
1092.1,00:04,2184,-90
1092.51,00:02,2185,-82
1092.56,00:03,2185,-83
1092.6,00:04,2185,-90
1093.01,00:02,2186,-82
1093.06,00:03,2186,-84
1093.1,00:04,2186,-90
1093.51,00:02,2187,-82
1093.56,00:03,2187,-84
1093.59,00:04,2187,-90
1094.01,00:02,2188,-82
1094.06,00:03,2188,-84
1094.1,00:04,2188,-89
1094.51,00:02,2189,-82
1094.56,00:03,2189,-84
1094.59,00:04,2189,-89
1095.01,00:02,2190,-82
1095.05,00:03,2190,-84
1095.09,00:04,2190,-89
1095.51,00:02,2191,-82
1095.55,00:03,2191,-84
1095.59,00:04,2191,-89
1096.01,00:02,2192,-82
1096.05,00:03,2192,-84
1096.09,00:04,2192,-89
1096.51,00:02,2193,-82
1096.55,00:03,2193,-84
1096.59,00:04,2193,-89
1097.01,00:02,2194,-82
1097.06,00:03,2194,-84
1097.1,00:04,2194,-89
1097.51,00:02,2195,-82
1097.55,00:03,2195,-84
1097.59,00:04,2195,-89
1098.01,00:02,2196,-82
1098.06,00:03,2196,-84
1098.09,00:04,2196,-89
1098.51,00:02,2197,-81
1098.56,00:03,2197,-84
1098.59,00:04,2197,-89
1099.01,00:02,2198,-81
1099.06,00:03,2198,-84
1099.1,00:04,2198,-89
1099.51,00:02,2199,-81
1099.55,00:03,2199,-84
1099.59,00:04,2199,-89
1100.01,00:02,2200,-81
1100.06,00:03,2200,-85
1100.09,00:04,2200,-89
1100.51,00:02,2201,-81
1100.55,00:03,2201,-85
1100.6,00:04,2201,-89
1101.01,00:02,2202,-81
1101.06,00:03,2202,-85
1101.09,00:04,2202,-89
1101.51,00:02,2203,-81
1101.55,00:03,2203,-85
1101.59,00:04,2203,-89
1102.01,00:02,2204,-81
1102.06,00:03,2204,-85
1102.1,00:04,2204,-89
1102.51,00:02,2205,-81
1102.55,00:03,2205,-85
1102.59,00:04,2205,-89
1103.01,00:02,2206,-81
1103.06,00:03,2206,-85
1103.09,00:04,2206,-89
1103.51,00:02,2207,-81
1103.55,00:03,2207,-85
1103.6,00:04,2207,-89
1104.01,00:02,2208,-81
1104.06,00:03,2208,-85
1104.09,00:04,2208,-89
1104.51,00:02,2209,-81
1104.55,00:03,2209,-85
1104.6,00:04,2209,-89
1105.01,00:02,2210,-81
1105.05,00:03,2210,-85
1105.09,00:04,2210,-89
1105.51,00:02,2211,-80
1105.55,00:03,2211,-85
1105.59,00:04,2211,-89
1106.01,00:02,2212,-80
1106.06,00:03,2212,-85
1106.09,00:04,2212,-89
1106.51,00:02,2213,-80
1106.55,00:03,2213,-85
1106.6,00:04,2213,-89
1107.01,00:02,2214,-80
1107.06,00:03,2214,-86
1107.09,00:04,2214,-89
1107.51,00:02,2215,-80
1107.55,00:03,2215,-86
1107.59,00:04,2215,-89
1108.01,00:02,2216,-80
1108.06,00:03,2216,-86
1108.1,00:04,2216,-89
1108.51,00:02,2217,-80
1108.56,00:03,2217,-86
1108.59,00:04,2217,-90
1109.01,00:02,2218,-80
1109.06,00:03,2218,-86
1109.09,00:04,2218,-90
1109.51,00:02,2219,-80
1109.56,00:03,2219,-86
1109.59,00:04,2219,-90
1110.01,00:02,2220,-80
1110.06,00:03,2220,-86
1110.09,00:04,2220,-90
1110.51,00:02,2221,-80
1110.56,00:03,2221,-86
1110.59,00:04,2221,-90
1111.01,00:02,2222,-80
1111.05,00:03,2222,-86
1111.09,00:04,2222,-90
1111.51,00:02,2223,-80
1111.56,00:03,2223,-86
1111.59,00:04,2223,-90
1112.01,00:02,2224,-80
1112.05,00:03,2224,-86
1112.1,00:04,2224,-90
1112.51,00:02,2225,-80
1112.56,00:03,2225,-86
1112.6,00:04,2225,-90
1113.01,00:02,2226,-79
1113.06,00:03,2226,-86
1113.1,00:04,2226,-90
1113.51,00:02,2227,-79
1113.56,00:03,2227,-87
1113.59,00:04,2227,-90
1114.01,00:02,2228,-79
1114.05,00:03,2228,-87
1114.09,00:04,2228,-90
1114.51,00:02,2229,-79
1114.56,00:03,2229,-87
1114.59,00:04,2229,-90
1115.01,00:02,2230,-79
1115.05,00:03,2230,-87
1115.1,00:04,2230,-91
1115.51,00:02,2231,-79
1115.56,00:03,2231,-87
1115.59,00:04,2231,-91
1116.01,00:02,2232,-79
1116.05,00:03,2232,-87
1116.1,00:04,2232,-91
1116.51,00:02,2233,-79
1116.56,00:03,2233,-87
1116.59,00:04,2233,-91
1117.01,00:02,2234,-79
1117.06,00:03,2234,-87
1117.09,00:04,2234,-91
1117.51,00:02,2235,-79
1117.56,00:03,2235,-87
1117.59,00:04,2235,-91
1118.01,00:02,2236,-79
1118.05,00:03,2236,-87
1118.09,00:04,2236,-91
1118.51,00:02,2237,-79
1118.55,00:03,2237,-87
1118.59,00:04,2237,-91
1119.01,00:02,2238,-79
1119.06,00:03,2238,-87
1119.1,00:04,2238,-91
1119.51,00:02,2239,-79
1119.56,00:03,2239,-87
1119.59,00:04,2239,-92
1120.01,00:02,2240,-79
1120.05,00:03,2240,-87
1120.09,00:04,2240,-92
1120.51,00:02,2241,-79
1120.56,00:03,2241,-88
1120.59,00:04,2241,-92
1121.01,00:02,2242,-79
1121.06,00:03,2242,-88
1121.09,00:04,2242,-92
1121.51,00:02,2243,-78
1121.56,00:03,2243,-88
1121.59,00:04,2243,-92
1122.01,00:02,2244,-78
1122.05,00:03,2244,-88
1122.1,00:04,2244,-92
1122.51,00:02,2245,-78
1122.56,00:03,2245,-88
1122.59,00:04,2245,-92
1123.01,00:02,2246,-78
1123.05,00:03,2246,-88
1123.09,00:04,2246,-92
1123.51,00:02,2247,-78
1123.56,00:03,2247,-88
1123.6,00:04,2247,-93
1124.01,00:02,2248,-78
1124.06,00:03,2248,-88
1124.09,00:04,2248,-93
1124.51,00:02,2249,-78
1124.55,00:03,2249,-88
1124.59,00:04,2249,-93
1125.01,00:02,2250,-78
1125.05,00:03,2250,-88
1125.09,00:04,2250,-93
1125.51,00:02,2251,-78
1125.56,00:03,2251,-88
1125.6,00:04,2251,-93
1126.01,00:02,2252,-78
1126.06,00:03,2252,-88
1126.1,00:04,2252,-93
1126.51,00:02,2253,-78
1126.56,00:03,2253,-88
1126.59,00:04,2253,-93
1127.01,00:02,2254,-78
1127.05,00:03,2254,-89
1127.09,00:04,2254,-93
1127.51,00:02,2255,-78
1127.56,00:03,2255,-89
1127.6,00:04,2255,-94
1128.01,00:02,2256,-78
1128.06,00:03,2256,-89
1128.09,00:04,2256,-94
1128.51,00:02,2257,-78
1128.56,00:03,2257,-89
1128.59,00:04,2257,-94
1129.01,00:02,2258,-82
1129.06,00:03,2258,-93
1129.1,00:04,2258,-98
1129.51,00:02,2259,-82
1129.56,00:03,2259,-93
1129.6,00:04,2259,-98
1130.01,00:02,2260,-82
1130.06,00:03,2260,-93
1130.1,00:04,2260,-98
1130.51,00:02,2261,-82
1130.55,00:03,2261,-93
1130.59,00:04,2261,-98
1131.01,00:02,2262,-82
1131.06,00:03,2262,-93
1131.1,00:04,2262,-99
1131.51,00:02,2263,-82
1131.56,00:03,2263,-93
1131.6,00:04,2263,-99
1132.01,00:02,2264,-82
1132.06,00:03,2264,-93
1132.09,00:04,2264,-99
1132.51,00:02,2265,-81
1132.56,00:03,2265,-93
1132.59,00:04,2265,-99
1133.01,00:02,2266,-77
1133.05,00:03,2266,-89
1133.09,00:04,2266,-95
1133.51,00:02,2267,-77
1133.55,00:03,2267,-89
1133.59,00:04,2267,-95
1134.01,00:02,2268,-77
1134.06,00:03,2268,-90
1134.09,00:04,2268,-95
1134.51,00:02,2269,-77
1134.56,00:03,2269,-90
1134.59,00:04,2269,-95
1135.01,00:02,2270,-77
1135.06,00:03,2270,-90
1135.09,00:04,2270,-96
1135.51,00:02,2271,-77
1135.56,00:03,2271,-90
1135.59,00:04,2271,-96
1136.01,00:02,2272,-77
1136.06,00:03,2272,-90
1136.1,00:04,2272,-96
1136.51,00:02,2273,-77
1136.56,00:03,2273,-90
1136.59,00:04,2273,-96
1137.01,00:02,2274,-77
1137.06,00:03,2274,-90
1137.1,00:04,2274,-96
1137.51,00:02,2275,-77
1137.55,00:03,2275,-90
1137.6,00:04,2275,-96
1138.01,00:02,2276,-77
1138.05,00:03,2276,-90
1138.09,00:04,2276,-96
1138.51,00:02,2277,-77
1138.56,00:03,2277,-90
1138.59,00:04,2277,-97
1139.01,00:02,2278,-77
1139.06,00:03,2278,-90
1139.09,00:04,2278,-97
1139.51,00:02,2279,-77
1139.56,00:03,2279,-90
1139.6,00:04,2279,-97
1140.01,00:02,2280,-77
1140.06,00:03,2280,-90
1140.09,00:04,2280,-97
1140.51,00:02,2281,-77
1140.56,00:03,2281,-90
1140.59,00:04,2281,-97
1141.01,00:02,2282,-77
1141.05,00:03,2282,-91
1141.09,00:04,2282,-97
1141.51,00:02,2283,-77
1141.56,00:03,2283,-91
1141.6,00:04,2283,-97
1142.01,00:02,2284,-77
1142.06,00:03,2284,-91
1142.1,00:04,2284,-97
1142.51,00:02,2285,-77
1142.55,00:03,2285,-91
1142.6,00:04,2285,-98
1143.01,00:02,2286,-77
1143.05,00:03,2286,-91
1143.09,00:04,2286,-98
1143.51,00:02,2287,-77
1143.55,00:03,2287,-91
1143.59,00:04,2287,-98
1144.01,00:02,2288,-77
1144.05,00:03,2288,-91
1144.09,00:04,2288,-98
1144.51,00:02,2289,-77
1144.56,00:03,2289,-91
1144.59,00:04,2289,-98
1145.01,00:02,2290,-77
1145.06,00:03,2290,-91
1145.09,00:04,2290,-98
1145.51,00:02,2291,-77
1145.55,00:03,2291,-91
1145.59,00:04,2291,-98
1146.01,00:02,2292,-77
1146.05,00:03,2292,-91
1146.09,00:04,2292,-98
1146.51,00:02,2293,-77
1146.56,00:03,2293,-91
1146.59,00:04,2293,-98
1147.01,00:02,2294,-77
1147.06,00:03,2294,-91
1147.1,00:04,2294,-98
1147.51,00:02,2295,-77
1147.56,00:03,2295,-91
1147.59,00:04,2295,-98
1148.01,00:02,2296,-78
1148.05,00:03,2296,-91
1148.09,00:04,2296,-98
1148.51,00:02,2297,-78
1148.56,00:03,2297,-91
1148.59,00:04,2297,-98
1149.01,00:02,2298,-78
1149.06,00:03,2298,-91
1149.09,00:04,2298,-98
1149.51,00:02,2299,-78
1149.55,00:03,2299,-92
1149.59,00:04,2299,-98
1150.01,00:02,2300,-78
1150.06,00:03,2300,-92
1150.1,00:04,2300,-98
1150.51,00:02,2301,-78
1150.56,00:03,2301,-92
1150.59,00:04,2301,-98
1151.01,00:02,2302,-78
1151.06,00:03,2302,-92
1151.09,00:04,2302,-98
1151.51,00:02,2303,-78
1151.55,00:03,2303,-92
1151.59,00:04,2303,-98
1152.01,00:02,2304,-78
1152.05,00:03,2304,-92
1152.09,00:04,2304,-98
1152.51,00:02,2305,-78
1152.56,00:03,2305,-92
1152.6,00:04,2305,-97
1153.01,00:02,2306,-78
1153.06,00:03,2306,-92
1153.09,00:04,2306,-97
1153.51,00:02,2307,-78
1153.56,00:03,2307,-91
1153.59,00:04,2307,-97
1154.01,00:02,2308,-78
1154.06,00:03,2308,-91
1154.09,00:04,2308,-97
1154.51,00:02,2309,-78
1154.56,00:03,2309,-91
1154.59,00:04,2309,-97
1155.01,00:02,2310,-78
1155.06,00:03,2310,-91
1155.09,00:04,2310,-97
1155.51,00:02,2311,-79
1155.56,00:03,2311,-91
1155.59,00:04,2311,-97
1156.01,00:02,2312,-79
1156.05,00:03,2312,-91
1156.1,00:04,2312,-96
1156.51,00:02,2313,-79
1156.56,00:03,2313,-91
1156.59,00:04,2313,-96
1157.01,00:02,2314,-79
1157.05,00:03,2314,-91
1157.09,00:04,2314,-96
1157.51,00:02,2315,-79
1157.56,00:03,2315,-91
1157.59,00:04,2315,-96
1158.01,00:02,2316,-79
1158.06,00:03,2316,-91
1158.09,00:04,2316,-96
1158.51,00:02,2317,-79
1158.56,00:03,2317,-91
1158.59,00:04,2317,-96
1159.01,00:02,2318,-79
1159.05,00:03,2318,-91
1159.09,00:04,2318,-96
1159.51,00:02,2319,-79
1159.55,00:03,2319,-91
1159.6,00:04,2319,-95
1160.01,00:02,2320,-79
1160.06,00:03,2320,-91
1160.09,00:04,2320,-95
1160.51,00:02,2321,-79
1160.55,00:03,2321,-91
1160.59,00:04,2321,-95
1161.01,00:02,2322,-79
1161.05,00:03,2322,-90
1161.09,00:04,2322,-95
1161.51,00:02,2323,-79
1161.56,00:03,2323,-90
1161.59,00:04,2323,-95
1162.01,00:02,2324,-79
1162.05,00:03,2324,-90
1162.09,00:04,2324,-95
1162.51,00:02,2325,-79
1162.55,00:03,2325,-90
1162.59,00:04,2325,-94
1163.01,00:02,2326,-79
1163.06,00:03,2326,-90
1163.09,00:04,2326,-94
1163.51,00:02,2327,-79
1163.56,00:03,2327,-90
1163.59,00:04,2327,-94
1164.01,00:02,2328,-79
1164.05,00:03,2328,-90
1164.09,00:04,2328,-94
1164.51,00:02,2329,-79
1164.56,00:03,2329,-90
1164.59,00:04,2329,-94
1165.01,00:02,2330,-83
1165.06,00:03,2330,-94
1165.09,00:04,2330,-98
1165.51,00:02,2331,-83
1165.55,00:03,2331,-94
1165.59,00:04,2331,-98
1166.01,00:02,2332,-83
1166.06,00:03,2332,-94
1166.09,00:04,2332,-97
1166.51,00:02,2333,-83
1166.56,00:03,2333,-94
1166.59,00:04,2333,-97
1167.01,00:02,2334,-83
1167.06,00:03,2334,-94
1167.09,00:04,2334,-97
1167.51,00:02,2335,-83
1167.56,00:03,2335,-94
1167.6,00:04,2335,-97
1168.01,00:02,2336,-83
1168.06,00:03,2336,-94
1168.09,00:04,2336,-97
1168.51,00:02,2337,-83
1168.55,00:03,2337,-93
1168.59,00:04,2337,-97
1169.01,00:02,2338,-79
1169.05,00:03,2338,-89
1169.09,00:04,2338,-92
1169.51,00:02,2339,-79
1169.56,00:03,2339,-89
1169.59,00:04,2339,-92
1170.01,00:02,2340,-79
1170.05,00:03,2340,-89
1170.09,00:04,2340,-92
1170.51,00:02,2341,-79
1170.56,00:03,2341,-89
1170.59,00:04,2341,-92
1171.01,00:02,2342,-79
1171.06,00:03,2342,-89
1171.1,00:04,2342,-92
1171.51,00:02,2343,-79
1171.56,00:03,2343,-89
1171.59,00:04,2343,-92
1172.01,00:02,2344,-79
1172.06,00:03,2344,-89
1172.09,00:04,2344,-91
1172.51,00:02,2345,-79
1172.56,00:03,2345,-89
1172.59,00:04,2345,-91
1173.01,00:02,2346,-79
1173.06,00:03,2346,-89
1173.09,00:04,2346,-91
1173.51,00:02,2347,-79
1173.55,00:03,2347,-89
1173.59,00:04,2347,-91
1174.01,00:02,2348,-79
1174.06,00:03,2348,-89
1174.09,00:04,2348,-91
1174.51,00:02,2349,-80
1174.56,00:03,2349,-89
1174.59,00:04,2349,-91
1175.01,00:02,2350,-80
1175.05,00:03,2350,-89
1175.09,00:04,2350,-90
1175.51,00:02,2351,-80
1175.55,00:03,2351,-88
1175.6,00:04,2351,-90
1176.01,00:02,2352,-80
1176.06,00:03,2352,-88
1176.09,00:04,2352,-90
1176.51,00:02,2353,-80
1176.56,00:03,2353,-88
1176.59,00:04,2353,-90
1177.01,00:02,2354,-80
1177.06,00:03,2354,-88
1177.09,00:04,2354,-90
1177.51,00:02,2355,-80
1177.56,00:03,2355,-88
1177.59,00:04,2355,-90
1178.01,00:02,2356,-80
1178.06,00:03,2356,-88
1178.09,00:04,2356,-90
1178.51,00:02,2357,-80
1178.56,00:03,2357,-88
1178.59,00:04,2357,-89
1179.01,00:02,2358,-80
1179.06,00:03,2358,-88
1179.09,00:04,2358,-89
1179.51,00:02,2359,-80
1179.55,00:03,2359,-88
1179.59,00:04,2359,-89
1180.01,00:02,2360,-80
1180.06,00:03,2360,-88
1180.09,00:04,2360,-89
1180.51,00:02,2361,-80
1180.56,00:03,2361,-88
1180.59,00:04,2361,-89
1181.01,00:02,2362,-80
1181.05,00:03,2362,-88
1181.09,00:04,2362,-89
1181.51,00:02,2363,-80
1181.55,00:03,2363,-88
1181.59,00:04,2363,-89
1182.01,00:02,2364,-80
1182.06,00:03,2364,-88
1182.1,00:04,2364,-88
1182.51,00:02,2365,-80
1182.55,00:03,2365,-88
1182.59,00:04,2365,-88
1183.01,00:02,2366,-80
1183.05,00:03,2366,-87
1183.09,00:04,2366,-88
1183.51,00:02,2367,-80
1183.55,00:03,2367,-87
1183.6,00:04,2367,-88
1184.01,00:02,2368,-80
1184.06,00:03,2368,-87
1184.1,00:04,2368,-88
1184.51,00:02,2369,-81
1184.55,00:03,2369,-87
1184.6,00:04,2369,-88
1185.01,00:02,2370,-81
1185.06,00:03,2370,-87
1185.09,00:04,2370,-88
1185.51,00:02,2371,-81
1185.56,00:03,2371,-87
1185.59,00:04,2371,-88
1186.01,00:02,2372,-81
1186.05,00:03,2372,-87
1186.1,00:04,2372,-87
1186.51,00:02,2373,-81
1186.55,00:03,2373,-87
1186.59,00:04,2373,-87
1187.01,00:02,2374,-81
1187.06,00:03,2374,-87
1187.09,00:04,2374,-87
1187.51,00:02,2375,-81
1187.56,00:03,2375,-87
1187.59,00:04,2375,-87
1188.01,00:02,2376,-81
1188.06,00:03,2376,-87
1188.09,00:04,2376,-87
1188.51,00:02,2377,-81
1188.55,00:03,2377,-87
1188.59,00:04,2377,-87
1189.01,00:02,2378,-81
1189.06,00:03,2378,-87
1189.09,00:04,2378,-87
1189.51,00:02,2379,-81
1189.56,00:03,2379,-87
1189.59,00:04,2379,-87
1190.01,00:02,2380,-81
1190.05,00:03,2380,-86
1190.09,00:04,2380,-87
1190.51,00:02,2381,-81
1190.55,00:03,2381,-86
1190.59,00:04,2381,-87
1191.01,00:02,2382,-81
1191.06,00:03,2382,-86
1191.09,00:04,2382,-87
1191.51,00:02,2383,-81
1191.56,00:03,2383,-86
1191.59,00:04,2383,-86
1192.01,00:02,2384,-81
1192.05,00:03,2384,-86
1192.09,00:04,2384,-86
1192.51,00:02,2385,-81
1192.56,00:03,2385,-86
1192.59,00:04,2385,-86
1193.01,00:02,2386,-82
1193.06,00:03,2386,-86
1193.1,00:04,2386,-86
1193.51,00:02,2387,-82
1193.55,00:03,2387,-86
1193.59,00:04,2387,-86
1194.01,00:02,2388,-82
1194.06,00:03,2388,-86
1194.09,00:04,2388,-86
1194.51,00:02,2389,-82
1194.56,00:03,2389,-86
1194.59,00:04,2389,-86
1195.01,00:02,2390,-82
1195.06,00:03,2390,-86
1195.09,00:04,2390,-86
1195.51,00:02,2391,-82
1195.56,00:03,2391,-86
1195.59,00:04,2391,-86
1196.01,00:02,2392,-82
1196.06,00:03,2392,-86
1196.09,00:04,2392,-86
1196.51,00:02,2393,-82
1196.56,00:03,2393,-86
1196.59,00:04,2393,-86
1197.01,00:02,2394,-82
1197.06,00:03,2394,-86
1197.09,00:04,2394,-86
1197.51,00:02,2395,-82
1197.55,00:03,2395,-86
1197.59,00:04,2395,-86
1198.01,00:02,2396,-82
1198.06,00:03,2396,-85
1198.09,00:04,2396,-86
1198.51,00:02,2397,-82
1198.56,00:03,2397,-85
1198.59,00:04,2397,-86
1199.01,00:02,2398,-82
1199.05,00:03,2398,-85
1199.09,00:04,2398,-86
1199.51,00:02,2399,-82
1199.55,00:03,2399,-85
1199.59,00:04,2399,-86
1200.01,00:02,2400,-82
1200.05,00:03,2400,-85
1200.09,00:04,2400,-86
1200.51,00:02,2401,-83
1200.56,00:03,2401,-85
1200.59,00:04,2401,-86
1201.01,00:02,2402,-83
1201.05,00:03,2402,-85
1201.1,00:04,2402,-86
1201.51,00:02,2403,-83
1201.56,00:03,2403,-85
1201.6,00:04,2403,-86
1202.01,00:02,2404,-83
1202.05,00:03,2404,-85
1202.09,00:04,2404,-86
1202.51,00:02,2405,-83
1202.56,00:03,2405,-85
1202.59,00:04,2405,-86
1203.01,00:02,2406,-83
1203.06,00:03,2406,-85
1203.09,00:04,2406,-87
1203.51,00:02,2407,-83
1203.56,00:03,2407,-85
1203.59,00:04,2407,-87
1204.01,00:02,2408,-83
1204.06,00:03,2408,-85
1204.09,00:04,2408,-87
1204.51,00:02,2409,-83
1204.55,00:03,2409,-85
1204.59,00:04,2409,-87
1205.01,00:02,2410,-83
1205.06,00:03,2410,-85
1205.09,00:04,2410,-87
1205.51,00:02,2411,-83
1205.56,00:03,2411,-85
1205.59,00:04,2411,-87
1206.01,00:02,2412,-83
1206.05,00:03,2412,-84
1206.09,00:04,2412,-87
1206.51,00:02,2413,-83
1206.55,00:03,2413,-84
1206.59,00:04,2413,-87
1207.01,00:02,2414,-83
1207.06,00:03,2414,-84
1207.09,00:04,2414,-87
1207.51,00:02,2415,-83
1207.56,00:03,2415,-84
1207.59,00:04,2415,-87
1208.01,00:02,2416,-84
1208.06,00:03,2416,-84
1208.09,00:04,2416,-87
1208.51,00:02,2417,-84
1208.56,00:03,2417,-84
1208.59,00:04,2417,-88
1209.01,00:02,2418,-84
1209.06,00:03,2418,-84
1209.09,00:04,2418,-88
1209.51,00:02,2419,-84
1209.56,00:03,2419,-84
1209.59,00:04,2419,-88
1210.01,00:02,2420,-84
1210.05,00:03,2420,-84
1210.09,00:04,2420,-88
1210.51,00:02,2421,-84
1210.55,00:03,2421,-84
1210.59,00:04,2421,-88
1211.01,00:02,2422,-84
1211.05,00:03,2422,-84
1211.09,00:04,2422,-88
1211.51,00:02,2423,-84
1211.55,00:03,2423,-84
1211.59,00:04,2423,-88
1212.01,00:02,2424,-84
1212.06,00:03,2424,-84
1212.09,00:04,2424,-88
1212.51,00:02,2425,-84
1212.56,00:03,2425,-84
1212.59,00:04,2425,-89
1213.01,00:02,2426,-84
1213.06,00:03,2426,-84
1213.09,00:04,2426,-89
1213.51,00:02,2427,-84
1213.56,00:03,2427,-84
1213.59,00:04,2427,-89
1214.01,00:02,2428,-84
1214.05,00:03,2428,-84
1214.09,00:04,2428,-89
1214.51,00:02,2429,-84
1214.56,00:03,2429,-84
1214.59,00:04,2429,-89
1215.01,00:02,2430,-84
1215.06,00:03,2430,-83
1215.09,00:04,2430,-89
1215.51,00:02,2431,-85
1215.56,00:03,2431,-83
1215.59,00:04,2431,-89
1216.01,00:02,2432,-85
1216.06,00:03,2432,-83
1216.09,00:04,2432,-90
1216.51,00:02,2433,-85
1216.56,00:03,2433,-83
1216.59,00:04,2433,-90
1217.01,00:02,2434,-85
1217.06,00:03,2434,-83
1217.09,00:04,2434,-90
1217.51,00:02,2435,-85
1217.56,00:03,2435,-83
1217.59,00:04,2435,-90
1218.01,00:02,2436,-85
1218.05,00:03,2436,-83
1218.09,00:04,2436,-90
1218.51,00:02,2437,-85
1218.55,00:03,2437,-83
1218.59,00:04,2437,-90
1219.01,00:02,2438,-85
1219.06,00:03,2438,-83
1219.09,00:04,2438,-91
1219.51,00:02,2439,-85
1219.56,00:03,2439,-83
1219.59,00:04,2439,-91
1220.01,00:02,2440,-85
1220.06,00:03,2440,-83
1220.09,00:04,2440,-91
1220.51,00:02,2441,-85
1220.56,00:03,2441,-83
1220.59,00:04,2441,-91
1221.01,00:02,2442,-85
1221.06,00:03,2442,-83
1221.1,00:04,2442,-91
1221.51,00:02,2443,-85
1221.55,00:03,2443,-83
1221.59,00:04,2443,-91
1222.01,00:02,2444,-85
1222.05,00:03,2444,-83
1222.09,00:04,2444,-92
1222.51,00:02,2445,-86
1222.55,00:03,2445,-83
1222.59,00:04,2445,-92
1223.01,00:02,2446,-86
1223.06,00:03,2446,-83
1223.09,00:04,2446,-92
1223.51,00:02,2447,-86
1223.56,00:03,2447,-83
1223.59,00:04,2447,-92
1224.01,00:02,2448,-86
1224.06,00:03,2448,-83
1224.09,00:04,2448,-92
1224.51,00:02,2449,-86
1224.56,00:03,2449,-83
1224.59,00:04,2449,-92
1225.01,00:02,2450,-90
1225.06,00:03,2450,-87
1225.09,00:04,2450,-96
1225.51,00:02,2451,-90
1225.55,00:03,2451,-87
1225.59,00:04,2451,-97
1226.01,00:02,2452,-90
1226.06,00:03,2452,-87
1226.09,00:04,2452,-97
1226.51,00:02,2453,-90
1226.56,00:03,2453,-87
1226.59,00:04,2453,-97
1227.01,00:02,2454,-90
1227.06,00:03,2454,-86
1227.09,00:04,2454,-97
1227.51,00:02,2455,-90
1227.56,00:03,2455,-86
1227.59,00:04,2455,-97
1228.01,00:02,2456,-90
1228.05,00:03,2456,-86
1228.09,00:04,2456,-97
1228.51,00:02,2457,-90
1228.56,00:03,2457,-86
1228.59,00:04,2457,-98
1229.01,00:02,2458,-86
1229.06,00:03,2458,-82
1229.09,00:04,2458,-94
1229.51,00:02,2459,-86
1229.55,00:03,2459,-82
1229.59,00:04,2459,-94
1230.01,00:02,2460,-87
1230.05,00:03,2460,-82
1230.09,00:04,2460,-94
1230.51,00:02,2461,-87
1230.55,00:03,2461,-82
1230.59,00:04,2461,-94
1231.01,00:02,2462,-87
1231.06,00:03,2462,-82
1231.09,00:04,2462,-94
1231.51,00:02,2463,-87
1231.56,00:03,2463,-82
1231.6,00:04,2463,-95
1232.01,00:02,2464,-87
1232.05,00:03,2464,-82
1232.1,00:04,2464,-95
1232.51,00:02,2465,-87
1232.56,00:03,2465,-82
1232.59,00:04,2465,-95
1233.01,00:02,2466,-87
1233.05,00:03,2466,-82
1233.09,00:04,2466,-95
1233.51,00:02,2467,-87
1233.56,00:03,2467,-82
1233.6,00:04,2467,-95
1234.01,00:02,2468,-87
1234.05,00:03,2468,-82
1234.09,00:04,2468,-95
1234.51,00:02,2469,-87
1234.56,00:03,2469,-82
1234.59,00:04,2469,-95
1235.01,00:02,2470,-87
1235.06,00:03,2470,-82
1235.09,00:04,2470,-96
1235.51,00:02,2471,-87
1235.56,00:03,2471,-82
1235.59,00:04,2471,-96
1236.01,00:02,2472,-87
1236.06,00:03,2472,-82
1236.09,00:04,2472,-96
1236.51,00:02,2473,-87
1236.56,00:03,2473,-82
1236.59,00:04,2473,-96
1237.01,00:02,2474,-87
1237.06,00:03,2474,-82
1237.09,00:04,2474,-96
1237.51,00:02,2475,-88
1237.56,00:03,2475,-82
1237.59,00:04,2475,-96
1238.01,00:02,2476,-88
1238.06,00:03,2476,-82
1238.09,00:04,2476,-96
1238.51,00:02,2477,-88
1238.55,00:03,2477,-82
1238.59,00:04,2477,-97
1239.01,00:02,2478,-88
1239.05,00:03,2478,-82
1239.09,00:04,2478,-97
1239.51,00:02,2479,-88
1239.56,00:03,2479,-82
1239.6,00:04,2479,-97
1240.01,00:02,2480,-88
1240.06,00:03,2480,-82
1240.09,00:04,2480,-97
1240.51,00:02,2481,-88
1240.56,00:03,2481,-82
1240.59,00:04,2481,-97
1241.01,00:02,2482,-88
1241.06,00:03,2482,-82
1241.09,00:04,2482,-97
1241.51,00:02,2483,-88
1241.56,00:03,2483,-82
1241.59,00:04,2483,-98
1242.01,00:02,2484,-88
1242.06,00:03,2484,-82
1242.09,00:04,2484,-98
1242.51,00:02,2485,-88
1242.55,00:03,2485,-82
1242.59,00:04,2485,-98
1243.01,00:02,2486,-88
1243.06,00:03,2486,-82
1243.09,00:04,2486,-97
1243.51,00:02,2487,-88
1243.56,00:03,2487,-82
1243.59,00:04,2487,-97
1244.01,00:02,2488,-88
1244.06,00:03,2488,-83
1244.09,00:04,2488,-97
1244.51,00:02,2489,-88
1244.56,00:03,2489,-83
1244.59,00:04,2489,-97
1245.01,00:02,2490,-88
1245.06,00:03,2490,-83
1245.09,00:04,2490,-97
1245.51,00:02,2491,-88
1245.56,00:03,2491,-83
1245.59,00:04,2491,-97
1246.01,00:02,2492,-88
1246.05,00:03,2492,-83
1246.09,00:04,2492,-97
1246.51,00:02,2493,-89
1246.56,00:03,2493,-83
1246.59,00:04,2493,-97
1247.01,00:02,2494,-89
1247.05,00:03,2494,-83
1247.09,00:04,2494,-97
1247.51,00:02,2495,-89
1247.55,00:03,2495,-83
1247.59,00:04,2495,-97
1248.01,00:02,2496,-89
1248.05,00:03,2496,-83
1248.09,00:04,2496,-97
1248.51,00:02,2497,-89
1248.56,00:03,2497,-83
1248.59,00:04,2497,-97
1249.01,00:02,2498,-88
1249.05,00:03,2498,-83
1249.09,00:04,2498,-96
1249.51,00:02,2499,-88
1249.55,00:03,2499,-83
1249.59,00:04,2499,-96
1250.01,00:02,2500,-88
1250.05,00:03,2500,-83
1250.09,00:04,2500,-96
1250.51,00:02,2501,-88
1250.56,00:03,2501,-83
1250.6,00:04,2501,-96
1251.01,00:02,2502,-88
1251.06,00:03,2502,-83
1251.09,00:04,2502,-96
1251.51,00:02,2503,-88
1251.56,00:03,2503,-83
1251.59,00:04,2503,-96
1252.01,00:02,2504,-88
1252.05,00:03,2504,-83
1252.09,00:04,2504,-96
1252.51,00:02,2505,-88
1252.56,00:03,2505,-83
1252.59,00:04,2505,-95
1253.01,00:02,2506,-88
1253.06,00:03,2506,-83
1253.09,00:04,2506,-95
1253.51,00:02,2507,-88
1253.56,00:03,2507,-83
1253.59,00:04,2507,-95
1254.01,00:02,2508,-88
1254.05,00:03,2508,-83
1254.09,00:04,2508,-95
1254.51,00:02,2509,-88
1254.55,00:03,2509,-83
1254.59,00:04,2509,-95
1255.01,00:02,2510,-88
1255.05,00:03,2510,-83
1255.09,00:04,2510,-95
1255.51,00:02,2511,-88
1255.55,00:03,2511,-83
1255.59,00:04,2511,-94
1256.01,00:02,2512,-88
1256.06,00:03,2512,-83
1256.09,00:04,2512,-94
1256.51,00:02,2513,-88
1256.56,00:03,2513,-83
1256.59,00:04,2513,-94
1257.01,00:02,2514,-87
1257.06,00:03,2514,-83
1257.09,00:04,2514,-94
1257.51,00:02,2515,-87
1257.55,00:03,2515,-83
1257.59,00:04,2515,-94
1258.01,00:02,2516,-87
1258.06,00:03,2516,-84
1258.09,00:04,2516,-93
1258.51,00:02,2517,-87
1258.56,00:03,2517,-84
1258.59,00:04,2517,-93
1259.01,00:02,2518,-87
1259.06,00:03,2518,-84
1259.09,00:04,2518,-93
1259.51,00:02,2519,-87
1259.55,00:03,2519,-84
1259.59,00:04,2519,-93
1260.01,00:02,2520,-87
1260.06,00:03,2520,-84
1260.09,00:04,2520,-93
1260.51,00:02,2521,-87
1260.55,00:03,2521,-84
1260.59,00:04,2521,-93
1261.01,00:02,2522,-91
1261.06,00:03,2522,-88
1261.09,00:04,2522,-96
1261.51,00:02,2523,-91
1261.55,00:03,2523,-88
1261.59,00:04,2523,-96
1262.01,00:02,2524,-91
1262.05,00:03,2524,-88
1262.09,00:04,2524,-96
1262.51,00:02,2525,-91
1262.56,00:03,2525,-88
1262.59,00:04,2525,-96
1263.01,00:02,2526,-91
1263.06,00:03,2526,-88
1263.09,00:04,2526,-96
1263.51,00:02,2527,-91
1263.56,00:03,2527,-88
1263.59,00:04,2527,-95
1264.01,00:02,2528,-91
1264.05,00:03,2528,-88
1264.09,00:04,2528,-95
1264.51,00:02,2529,-91
1264.55,00:03,2529,-88
1264.59,00:04,2529,-95
1265.01,00:02,2530,-86
1265.06,00:03,2530,-84
1265.09,00:04,2530,-91
1265.51,00:02,2531,-86
1265.55,00:03,2531,-84
1265.59,00:04,2531,-91
1266.01,00:02,2532,-86
1266.05,00:03,2532,-84
1266.09,00:04,2532,-90
1266.51,00:02,2533,-86
1266.56,00:03,2533,-84
1266.59,00:04,2533,-90
1267.01,00:02,2534,-86
1267.06,00:03,2534,-84
1267.09,00:04,2534,-90
1267.51,00:02,2535,-86
1267.56,00:03,2535,-84
1267.59,00:04,2535,-90
1268.01,00:02,2536,-86
1268.05,00:03,2536,-84
1268.09,00:04,2536,-90
1268.51,00:02,2537,-86
1268.56,00:03,2537,-84
1268.59,00:04,2537,-90
1269.01,00:02,2538,-86
1269.05,00:03,2538,-84
1269.09,00:04,2538,-89
1269.51,00:02,2539,-86
1269.56,00:03,2539,-84
1269.59,00:04,2539,-89
1270.01,00:02,2540,-86
1270.06,00:03,2540,-84
1270.09,00:04,2540,-89
1270.51,00:02,2541,-86
1270.56,00:03,2541,-84
1270.59,00:04,2541,-89
1271.01,00:02,2542,-86
1271.05,00:03,2542,-84
1271.09,00:04,2542,-89
1271.51,00:02,2543,-86
1271.55,00:03,2543,-84
1271.59,00:04,2543,-88
1272.01,00:02,2544,-86
1272.06,00:03,2544,-84
1272.09,00:04,2544,-88
1272.51,00:02,2545,-85
1272.55,00:03,2545,-84
1272.59,00:04,2545,-88
1273.01,00:02,2546,-85
1273.06,00:03,2546,-84
1273.09,00:04,2546,-88
1273.51,00:02,2547,-85
1273.55,00:03,2547,-84
1273.59,00:04,2547,-88
1274.01,00:02,2548,-85
1274.05,00:03,2548,-85
1274.09,00:04,2548,-87
1274.51,00:02,2549,-85
1274.56,00:03,2549,-85
1274.59,00:04,2549,-87
1275.01,00:02,2550,-85
1275.06,00:03,2550,-85
1275.09,00:04,2550,-87
1275.51,00:02,2551,-85
1275.55,00:03,2551,-85
1275.59,00:04,2551,-87
1276.01,00:02,2552,-85
1276.05,00:03,2552,-85
1276.09,00:04,2552,-87
1276.51,00:02,2553,-85
1276.55,00:03,2553,-85
1276.59,00:04,2553,-86
1277.01,00:02,2554,-85
1277.06,00:03,2554,-85
1277.09,00:04,2554,-86
1277.51,00:02,2555,-85
1277.56,00:03,2555,-85
1277.59,00:04,2555,-86
1278.01,00:02,2556,-85
1278.06,00:03,2556,-85
1278.09,00:04,2556,-86
1278.51,00:02,2557,-85
1278.55,00:03,2557,-85
1278.59,00:04,2557,-86
1279.01,00:02,2558,-85
1279.06,00:03,2558,-85
1279.09,00:04,2558,-85
1279.51,00:02,2559,-85
1279.55,00:03,2559,-85
1279.59,00:04,2559,-85
1280.01,00:02,2560,-85
1280.05,00:03,2560,-85
1280.09,00:04,2560,-85
1280.51,00:02,2561,-84
1280.56,00:03,2561,-85
1280.59,00:04,2561,-85
1281.01,00:02,2562,-84
1281.06,00:03,2562,-85
1281.09,00:04,2562,-85
1281.51,00:02,2563,-84
1281.55,00:03,2563,-85
1281.59,00:04,2563,-85
1282.01,00:02,2564,-84
1282.06,00:03,2564,-85
1282.09,00:04,2564,-84
1282.51,00:02,2565,-84
1282.55,00:03,2565,-85
1282.6,00:04,2565,-84
1283.01,00:02,2566,-84
1283.06,00:03,2566,-85
1283.09,00:04,2566,-84
1283.51,00:02,2567,-84
1283.55,00:03,2567,-85
1283.6,00:04,2567,-84
1284.01,00:02,2568,-84
1284.05,00:03,2568,-85
1284.09,00:04,2568,-84
1284.51,00:02,2569,-84
1284.55,00:03,2569,-86
1284.59,00:04,2569,-84
1285.01,00:02,2570,-84
1285.05,00:03,2570,-86
1285.09,00:04,2570,-84
1285.51,00:02,2571,-84
1285.55,00:03,2571,-86
1285.59,00:04,2571,-84
1286.01,00:02,2572,-84
1286.06,00:03,2572,-86
1286.09,00:04,2572,-83
1286.51,00:02,2573,-84
1286.55,00:03,2573,-86
1286.59,00:04,2573,-83
1287.01,00:02,2574,-84
1287.06,00:03,2574,-86
1287.09,00:04,2574,-83
1287.51,00:02,2575,-84
1287.56,00:03,2575,-86
1287.59,00:04,2575,-83
1288.01,00:02,2576,-84
1288.06,00:03,2576,-86
1288.09,00:04,2576,-83
1288.51,00:02,2577,-83
1288.56,00:03,2577,-86
1288.59,00:04,2577,-83
1289.01,00:02,2578,-83
1289.06,00:03,2578,-86
1289.09,00:04,2578,-83
1289.51,00:02,2579,-83
1289.55,00:03,2579,-86
1289.59,00:04,2579,-83
1290.01,00:02,2580,-83
1290.05,00:03,2580,-86
1290.09,00:04,2580,-83
1290.51,00:02,2581,-83
1290.55,00:03,2581,-86
1290.59,00:04,2581,-83
1291.01,00:02,2582,-83
1291.06,00:03,2582,-86
1291.09,00:04,2582,-83
1291.51,00:02,2583,-83
1291.55,00:03,2583,-86
1291.59,00:04,2583,-83
1292.01,00:02,2584,-83
1292.06,00:03,2584,-86
1292.09,00:04,2584,-83
1292.51,00:02,2585,-83
1292.56,00:03,2585,-86
1292.59,00:04,2585,-83
1293.01,00:02,2586,-83
1293.05,00:03,2586,-86
1293.09,00:04,2586,-83
1293.51,00:02,2587,-83
1293.56,00:03,2587,-87
1293.59,00:04,2587,-83
1294.01,00:02,2588,-83
1294.06,00:03,2588,-87
1294.09,00:04,2588,-83
1294.51,00:02,2589,-83
1294.56,00:03,2589,-87
1294.59,00:04,2589,-83
1295.01,00:02,2590,-83
1295.05,00:03,2590,-87
1295.09,00:04,2590,-83
1295.51,00:02,2591,-83
1295.55,00:03,2591,-87
1295.59,00:04,2591,-83
1296.01,00:02,2592,-83
1296.06,00:03,2592,-87
1296.09,00:04,2592,-83
1296.51,00:02,2593,-83
1296.55,00:03,2593,-87
1296.59,00:04,2593,-83
1297.01,00:02,2594,-82
1297.06,00:03,2594,-87
1297.09,00:04,2594,-83
1297.51,00:02,2595,-82
1297.55,00:03,2595,-87
1297.59,00:04,2595,-83
1298.01,00:02,2596,-82
1298.05,00:03,2596,-87
1298.09,00:04,2596,-83
1298.51,00:02,2597,-82
1298.56,00:03,2597,-87
1298.59,00:04,2597,-83
1299.01,00:02,2598,-82
1299.06,00:03,2598,-87
1299.09,00:04,2598,-83
1299.51,00:02,2599,-82
1299.55,00:03,2599,-87
1299.59,00:04,2599,-83
1300.01,00:02,2600,-82
1300.06,00:03,2600,-87
1300.09,00:04,2600,-83
1300.51,00:02,2601,-82
1300.56,00:03,2601,-87
1300.59,00:04,2601,-84
1301.01,00:02,2602,-82
1301.06,00:03,2602,-87
1301.09,00:04,2602,-84
1301.51,00:02,2603,-82
1301.56,00:03,2603,-88
1301.59,00:04,2603,-84
1302.01,00:02,2604,-82
1302.05,00:03,2604,-88
1302.09,00:04,2604,-84
1302.51,00:02,2605,-82
1302.55,00:03,2605,-88
1302.59,00:04,2605,-84
1303.01,00:02,2606,-82
1303.05,00:03,2606,-88
1303.09,00:04,2606,-84
1303.51,00:02,2607,-82
1303.55,00:03,2607,-88
1303.59,00:04,2607,-84
1304.01,00:02,2608,-82
1304.06,00:03,2608,-88
1304.09,00:04,2608,-85
1304.51,00:02,2609,-82
1304.55,00:03,2609,-88
1304.59,00:04,2609,-85
1305.01,00:02,2610,-82
1305.05,00:03,2610,-88
1305.09,00:04,2610,-85
1305.51,00:02,2611,-82
1305.56,00:03,2611,-88
1305.59,00:04,2611,-85
1306.01,00:02,2612,-82
1306.06,00:03,2612,-88
1306.09,00:04,2612,-85
1306.51,00:02,2613,-81
1306.56,00:03,2613,-88
1306.59,00:04,2613,-85
1307.01,00:02,2614,-81
1307.05,00:03,2614,-88
1307.09,00:04,2614,-86
1307.51,00:02,2615,-81
1307.56,00:03,2615,-88
1307.59,00:04,2615,-86
1308.01,00:02,2616,-81
1308.06,00:03,2616,-88
1308.09,00:04,2616,-86
1308.51,00:02,2617,-81
1308.56,00:03,2617,-88
1308.59,00:04,2617,-86
1309.01,00:02,2618,-81
1309.06,00:03,2618,-88
1309.09,00:04,2618,-86
1309.51,00:02,2619,-81
1309.55,00:03,2619,-89
1309.59,00:04,2619,-86
1310.01,00:02,2620,-81
1310.06,00:03,2620,-89
1310.09,00:04,2620,-87
1310.51,00:02,2621,-81
1310.55,00:03,2621,-89
1310.59,00:04,2621,-87
1311.01,00:02,2622,-81
1311.05,00:03,2622,-89
1311.09,00:04,2622,-87
1311.51,00:02,2623,-81
1311.56,00:03,2623,-89
1311.59,00:04,2623,-87
1312.01,00:02,2624,-81
1312.05,00:03,2624,-89
1312.09,00:04,2624,-87
1312.51,00:02,2625,-81
1312.55,00:03,2625,-89
1312.59,00:04,2625,-88
1313.01,00:02,2626,-81
1313.05,00:03,2626,-89
1313.09,00:04,2626,-88
1313.51,00:02,2627,-81
1313.56,00:03,2627,-89
1313.59,00:04,2627,-88
1314.01,00:02,2628,-81
1314.05,00:03,2628,-89
1314.09,00:04,2628,-88
1314.51,00:02,2629,-81
1314.56,00:03,2629,-89
1314.59,00:04,2629,-88
1315.01,00:02,2630,-81
1315.05,00:03,2630,-89
1315.09,00:04,2630,-89
1315.51,00:02,2631,-81
1315.56,00:03,2631,-89
1315.59,00:04,2631,-89
1316.01,00:02,2632,-81
1316.06,00:03,2632,-89
1316.09,00:04,2632,-89
1316.51,00:02,2633,-81
1316.56,00:03,2633,-89
1316.59,00:04,2633,-89
1317.01,00:02,2634,-81
1317.06,00:03,2634,-89
1317.09,00:04,2634,-89
1317.51,00:02,2635,-81
1317.56,00:03,2635,-90
1317.59,00:04,2635,-90
1318.01,00:02,2636,-81
1318.06,00:03,2636,-90
1318.09,00:04,2636,-90
1318.51,00:02,2637,-80
1318.56,00:03,2637,-90
1318.59,00:04,2637,-90
1319.01,00:02,2638,-80
1319.05,00:03,2638,-90
1319.09,00:04,2638,-90
1319.51,00:02,2639,-80
1319.56,00:03,2639,-90
1319.59,00:04,2639,-90
1320.01,00:02,2640,-80
1320.06,00:03,2640,-90
1320.09,00:04,2640,-91
1320.51,00:02,2641,-80
1320.56,00:03,2641,-90
1320.59,00:04,2641,-91
1321.01,00:02,2642,-80
1321.05,00:03,2642,-90
1321.09,00:04,2642,-91
1321.51,00:02,2643,-80
1321.56,00:03,2643,-90
1321.59,00:04,2643,-91
1322.01,00:02,2644,-80
1322.06,00:03,2644,-90
1322.09,00:04,2644,-91
1322.51,00:02,2645,-80
1322.55,00:03,2645,-90
1322.59,00:04,2645,-92
1323.01,00:02,2646,-80
1323.06,00:03,2646,-90
1323.09,00:04,2646,-92
1323.51,00:02,2647,-80
1323.55,00:03,2647,-90
1323.59,00:04,2647,-92
1324.01,00:02,2648,-80
1324.06,00:03,2648,-90
1324.09,00:04,2648,-92
1324.51,00:02,2649,-80
1324.55,00:03,2649,-90
1324.59,00:04,2649,-92
1325.01,00:02,2650,-80
1325.06,00:03,2650,-90
1325.09,00:04,2650,-92
1325.51,00:02,2651,-80
1325.56,00:03,2651,-91
1325.59,00:04,2651,-93
1326.01,00:02,2652,-80
1326.06,00:03,2652,-91
1326.09,00:04,2652,-93
1326.51,00:02,2653,-80
1326.55,00:03,2653,-91
1326.59,00:04,2653,-93
1327.01,00:02,2654,-80
1327.05,00:03,2654,-91
1327.09,00:04,2654,-93
1327.51,00:02,2655,-80
1327.56,00:03,2655,-91
1327.59,00:04,2655,-93
1328.01,00:02,2656,-80
1328.05,00:03,2656,-91
1328.09,00:04,2656,-94
1328.51,00:02,2657,-80
1328.56,00:03,2657,-91
1328.59,00:04,2657,-94
1329.01,00:02,2658,-80
1329.06,00:03,2658,-91
1329.09,00:04,2658,-94
1329.51,00:02,2659,-80
1329.55,00:03,2659,-91
1329.59,00:04,2659,-94
1330.01,00:02,2660,-80
1330.06,00:03,2660,-91
1330.09,00:04,2660,-94
1330.51,00:02,2661,-80
1330.56,00:03,2661,-91
1330.59,00:04,2661,-94
1331.01,00:02,2662,-80
1331.06,00:03,2662,-91
1331.09,00:04,2662,-95
1331.51,00:02,2663,-80
1331.55,00:03,2663,-91
1331.59,00:04,2663,-95
1332.01,00:02,2664,-80
1332.05,00:03,2664,-91
1332.09,00:04,2664,-95
1332.51,00:02,2665,-80
1332.56,00:03,2665,-91
1332.59,00:04,2665,-95
1333.01,00:02,2666,-80
1333.05,00:03,2666,-91
1333.09,00:04,2666,-95
1333.51,00:02,2667,-80
1333.56,00:03,2667,-92
1333.59,00:04,2667,-95
1334.01,00:02,2668,-80
1334.06,00:03,2668,-92
1334.09,00:04,2668,-96
1334.51,00:02,2669,-80
1334.56,00:03,2669,-92
1334.59,00:04,2669,-96
1335.01,00:02,2670,-80
1335.06,00:03,2670,-92
1335.09,00:04,2670,-96
1335.51,00:02,2671,-80
1335.55,00:03,2671,-92
1335.59,00:04,2671,-96
1336.01,00:02,2672,-80
1336.06,00:03,2672,-92
1336.09,00:04,2672,-96
1336.51,00:02,2673,-80
1336.55,00:03,2673,-92
1336.59,00:04,2673,-96
1337.01,00:02,2674,-80
1337.06,00:03,2674,-92
1337.09,00:04,2674,-97
1337.51,00:02,2675,-80
1337.56,00:03,2675,-92
1337.59,00:04,2675,-97
1338.01,00:02,2676,-80
1338.05,00:03,2676,-92
1338.09,00:04,2676,-97
1338.51,00:02,2677,-80
1338.55,00:03,2677,-92
1338.59,00:04,2677,-97
1339.01,00:02,2678,-80
1339.06,00:03,2678,-92
1339.09,00:04,2678,-97
1339.51,00:02,2679,-80
1339.56,00:03,2679,-92
1339.59,00:04,2679,-97
1340.01,00:02,2680,-80
1340.06,00:03,2680,-92
1340.09,00:04,2680,-97
1340.51,00:02,2681,-80
1340.56,00:03,2681,-92
1340.59,00:04,2681,-96
1341.01,00:02,2682,-81
1341.06,00:03,2682,-92
1341.09,00:04,2682,-96
1341.51,00:02,2683,-81
1341.56,00:03,2683,-92
1341.59,00:04,2683,-96
1342.01,00:02,2684,-81
1342.06,00:03,2684,-92
1342.09,00:04,2684,-96
1342.51,00:02,2685,-81
1342.56,00:03,2685,-93
1342.59,00:04,2685,-96
1343.01,00:02,2686,-81
1343.05,00:03,2686,-93
1343.09,00:04,2686,-96
1343.51,00:02,2687,-81
1343.55,00:03,2687,-93
1343.59,00:04,2687,-96
1344.01,00:02,2688,-81
1344.06,00:03,2688,-93
1344.09,00:04,2688,-96
1344.51,00:02,2689,-81
1344.56,00:03,2689,-93
1344.59,00:04,2689,-96
1345.01,00:02,2690,-81
1345.06,00:03,2690,-92
1345.09,00:04,2690,-96
1345.51,00:02,2691,-81
1345.56,00:03,2691,-92
1345.59,00:04,2691,-96
1346.01,00:02,2692,-81
1346.05,00:03,2692,-92
1346.09,00:04,2692,-95
1346.51,00:02,2693,-81
1346.55,00:03,2693,-92
1346.59,00:04,2693,-95
1347.01,00:02,2694,-88
1347.06,00:03,2694,-99
1347.09,00:04,2694,-102
1347.51,00:02,2695,-88
1347.55,00:03,2695,-99
1347.59,00:04,2695,-102
1348.01,00:02,2696,-88
1348.05,00:03,2696,-99
1348.09,00:04,2696,-102
1348.51,00:02,2697,-88
1348.56,00:03,2697,-99
1348.59,00:04,2697,-102
1349.01,00:02,2698,-88
1349.05,00:03,2698,-99
1349.09,00:04,2698,-101
1349.51,00:02,2699,-88
1349.56,00:03,2699,-99
1349.59,00:04,2699,-101
1350.01,00:02,2700,-88
1350.05,00:03,2700,-99
1350.09,00:04,2700,-101
1350.51,00:02,2701,-88
1350.55,00:03,2701,-99
1350.59,00:04,2701,-101
1351.01,00:02,2702,-88
1351.06,00:03,2702,-99
1351.09,00:04,2702,-101
1351.51,00:02,2703,-88
1351.55,00:03,2703,-99
1351.59,00:04,2703,-100
1352.01,00:02,2704,-88
1352.05,00:03,2704,-99
1352.09,00:04,2704,-100
1352.51,00:02,2705,-88
1352.56,00:03,2705,-99
1352.59,00:04,2705,-100
1353.01,00:02,2706,-88
1353.05,00:03,2706,-99
1353.09,00:04,2706,-100
1353.51,00:02,2707,-88
1353.55,00:03,2707,-98
1353.59,00:04,2707,-100
1354.01,00:02,2708,-88
1354.05,00:03,2708,-98
1354.09,00:04,2708,-99
1354.51,00:02,2709,-88
1354.56,00:03,2709,-98
1354.59,00:04,2709,-99
1355.01,00:02,2710,-88
1355.06,00:03,2710,-98
1355.09,00:04,2710,-99
1355.51,00:02,2711,-88
1355.56,00:03,2711,-98
1355.59,00:04,2711,-99
1356.01,00:02,2712,-88
1356.06,00:03,2712,-98
1356.09,00:04,2712,-99
1356.51,00:02,2713,-88
1356.56,00:03,2713,-98
1356.59,00:04,2713,-98
1357.01,00:02,2714,-88
1357.06,00:03,2714,-98
1357.09,00:04,2714,-98
1357.51,00:02,2715,-88
1357.55,00:03,2715,-98
1357.59,00:04,2715,-98
1358.01,00:02,2716,-88
1358.05,00:03,2716,-98
1358.09,00:04,2716,-98
1358.51,00:02,2717,-88
1358.55,00:03,2717,-98
1358.59,00:04,2717,-98
1359.01,00:02,2718,-81
1359.06,00:03,2718,-91
1359.09,00:04,2718,-90
1359.51,00:02,2719,-81
1359.56,00:03,2719,-91
1359.59,00:04,2719,-90
1360.01,00:02,2720,-81
1360.06,00:03,2720,-91
1360.09,00:04,2720,-90
1360.51,00:02,2721,-81
1360.56,00:03,2721,-91
1360.59,00:04,2721,-90
1361.01,00:02,2722,-81
1361.06,00:03,2722,-91
1361.09,00:04,2722,-89
1361.51,00:02,2723,-82
1361.55,00:03,2723,-91
1361.59,00:04,2723,-89
1362.01,00:02,2724,-82
1362.05,00:03,2724,-90
1362.09,00:04,2724,-89
1362.51,00:02,2725,-82
1362.55,00:03,2725,-90
1362.59,00:04,2725,-89
1363.01,00:02,2726,-82
1363.05,00:03,2726,-90
1363.09,00:04,2726,-89
1363.51,00:02,2727,-82
1363.56,00:03,2727,-90
1363.59,00:04,2727,-88
1364.01,00:02,2728,-82
1364.05,00:03,2728,-90
1364.09,00:04,2728,-88
1364.51,00:02,2729,-82
1364.55,00:03,2729,-90
1364.59,00:04,2729,-88
1365.01,00:02,2730,-82
1365.06,00:03,2730,-90
1365.09,00:04,2730,-88
1365.51,00:02,2731,-82
1365.56,00:03,2731,-90
1365.59,00:04,2731,-87
1366.01,00:02,2732,-82
1366.06,00:03,2732,-90
1366.09,00:04,2732,-87
1366.51,00:02,2733,-82
1366.55,00:03,2733,-90
1366.59,00:04,2733,-87
1367.01,00:02,2734,-82
1367.05,00:03,2734,-90
1367.09,00:04,2734,-87
1367.51,00:02,2735,-82
1367.56,00:03,2735,-90
1367.59,00:04,2735,-86
1368.01,00:02,2736,-82
1368.05,00:03,2736,-90
1368.09,00:04,2736,-86
1368.51,00:02,2737,-82
1368.56,00:03,2737,-90
1368.59,00:04,2737,-86
1369.01,00:02,2738,-82
1369.06,00:03,2738,-90
1369.09,00:04,2738,-86
1369.51,00:02,2739,-82
1369.55,00:03,2739,-90
1369.59,00:04,2739,-85
1370.01,00:02,2740,-82
1370.06,00:03,2740,-89
1370.09,00:04,2740,-85
1370.51,00:02,2741,-82
1370.56,00:03,2741,-89
1370.59,00:04,2741,-85
1371.01,00:02,2742,-82
1371.06,00:03,2742,-89
1371.09,00:04,2742,-85
1371.51,00:02,2743,-82
1371.56,00:03,2743,-89
1371.59,00:04,2743,-84
1372.01,00:02,2744,-82
1372.06,00:03,2744,-89
1372.09,00:04,2744,-84
1372.51,00:02,2745,-82
1372.56,00:03,2745,-89
1372.59,00:04,2745,-84
1373.01,00:02,2746,-82
1373.06,00:03,2746,-89
1373.09,00:04,2746,-84
1373.51,00:02,2747,-82
1373.55,00:03,2747,-89
1373.59,00:04,2747,-83
1374.01,00:02,2748,-82
1374.06,00:03,2748,-89
1374.09,00:04,2748,-83
1374.51,00:02,2749,-82
1374.55,00:03,2749,-89
1374.59,00:04,2749,-83
1375.01,00:02,2750,-82
1375.06,00:03,2750,-89
1375.09,00:04,2750,-83
1375.51,00:02,2751,-83
1375.55,00:03,2751,-89
1375.59,00:04,2751,-82
1376.01,00:02,2752,-83
1376.05,00:03,2752,-89
1376.09,00:04,2752,-82
1376.51,00:02,2753,-83
1376.55,00:03,2753,-89
1376.59,00:04,2753,-82
1377.01,00:02,2754,-83
1377.05,00:03,2754,-89
1377.09,00:04,2754,-82
1377.51,00:02,2755,-83
1377.55,00:03,2755,-89
1377.59,00:04,2755,-81
1378.01,00:02,2756,-83
1378.06,00:03,2756,-89
1378.09,00:04,2756,-81
1378.51,00:02,2757,-83
1378.55,00:03,2757,-89
1378.59,00:04,2757,-81
1379.01,00:02,2758,-83
1379.06,00:03,2758,-88
1379.09,00:04,2758,-81
1379.51,00:02,2759,-83
1379.56,00:03,2759,-88
1379.59,00:04,2759,-80
1380.01,00:02,2760,-83
1380.06,00:03,2760,-88
1380.09,00:04,2760,-80
1380.51,00:02,2761,-83
1380.55,00:03,2761,-88
1380.59,00:04,2761,-80
1381.01,00:02,2762,-83
1381.05,00:03,2762,-88
1381.09,00:04,2762,-80
1381.51,00:02,2763,-83
1381.55,00:03,2763,-88
1381.59,00:04,2763,-80
1382.01,00:02,2764,-83
1382.05,00:03,2764,-88
1382.09,00:04,2764,-79
1382.51,00:02,2765,-83
1382.56,00:03,2765,-88
1382.59,00:04,2765,-79
1383.01,00:02,2766,-83
1383.06,00:03,2766,-88
1383.09,00:04,2766,-79
1383.51,00:02,2767,-83
1383.56,00:03,2767,-88
1383.59,00:04,2767,-79
1384.01,00:02,2768,-83
1384.05,00:03,2768,-88
1384.09,00:04,2768,-79
1384.51,00:02,2769,-83
1384.56,00:03,2769,-88
1384.59,00:04,2769,-79
1385.01,00:02,2770,-83
1385.06,00:03,2770,-88
1385.09,00:04,2770,-79
1385.51,00:02,2771,-83
1385.56,00:03,2771,-88
1385.59,00:04,2771,-79
1386.01,00:02,2772,-84
1386.05,00:03,2772,-88
1386.09,00:04,2772,-79
1386.51,00:02,2773,-84
1386.55,00:03,2773,-88
1386.59,00:04,2773,-79
1387.01,00:02,2774,-84
1387.05,00:03,2774,-88
1387.09,00:04,2774,-79
1387.51,00:02,2775,-84
1387.55,00:03,2775,-88
1387.59,00:04,2775,-79
1388.01,00:02,2776,-84
1388.06,00:03,2776,-87
1388.09,00:04,2776,-79
1388.51,00:02,2777,-84
1388.55,00:03,2777,-87
1388.59,00:04,2777,-79
1389.01,00:02,2778,-84
1389.06,00:03,2778,-87
1389.09,00:04,2778,-79
1389.51,00:02,2779,-84
1389.55,00:03,2779,-87
1389.59,00:04,2779,-79
1390.01,00:02,2780,-84
1390.06,00:03,2780,-87
1390.09,00:04,2780,-79
1390.51,00:02,2781,-84
1390.55,00:03,2781,-87
1390.59,00:04,2781,-79
1391.01,00:02,2782,-84
1391.06,00:03,2782,-87
1391.09,00:04,2782,-79
1391.51,00:02,2783,-84
1391.56,00:03,2783,-87
1391.59,00:04,2783,-79
1392.01,00:02,2784,-84
1392.06,00:03,2784,-87
1392.09,00:04,2784,-79
1392.51,00:02,2785,-84
1392.55,00:03,2785,-87
1392.59,00:04,2785,-79
1393.01,00:02,2786,-84
1393.06,00:03,2786,-87
1393.09,00:04,2786,-79
1393.51,00:02,2787,-84
1393.55,00:03,2787,-87
1393.59,00:04,2787,-79
1394.01,00:02,2788,-84
1394.06,00:03,2788,-87
1394.09,00:04,2788,-79
1394.51,00:02,2789,-84
1394.56,00:03,2789,-87
1394.59,00:04,2789,-79
1395.01,00:02,2790,-84
1395.06,00:03,2790,-87
1395.09,00:04,2790,-79
1395.51,00:02,2791,-85
1395.56,00:03,2791,-87
1395.59,00:04,2791,-79
1396.01,00:02,2792,-85
1396.06,00:03,2792,-87
1396.09,00:04,2792,-80
1396.51,00:02,2793,-85
1396.56,00:03,2793,-87
1396.59,00:04,2793,-80
1397.01,00:02,2794,-85
1397.06,00:03,2794,-87
1397.09,00:04,2794,-80
1397.51,00:02,2795,-85
1397.56,00:03,2795,-86
1397.59,00:04,2795,-80
1398.01,00:02,2796,-85
1398.06,00:03,2796,-86
1398.09,00:04,2796,-80
1398.51,00:02,2797,-85
1398.55,00:03,2797,-86
1398.59,00:04,2797,-81
1399.01,00:02,2798,-85
1399.06,00:03,2798,-86
1399.09,00:04,2798,-81
1399.51,00:02,2799,-85
1399.56,00:03,2799,-86
1399.59,00:04,2799,-81
1400.01,00:02,2800,-85
1400.06,00:03,2800,-86
1400.09,00:04,2800,-81
1400.51,00:02,2801,-85
1400.55,00:03,2801,-86
1400.59,00:04,2801,-81
1401.01,00:02,2802,-85
1401.06,00:03,2802,-86
1401.09,00:04,2802,-82
1401.51,00:02,2803,-85
1401.55,00:03,2803,-86
1401.59,00:04,2803,-82
1402.01,00:02,2804,-85
1402.05,00:03,2804,-86
1402.09,00:04,2804,-82
1402.51,00:02,2805,-85
1402.56,00:03,2805,-86
1402.59,00:04,2805,-82
1403.01,00:02,2806,-85
1403.06,00:03,2806,-86
1403.09,00:04,2806,-83
1403.51,00:02,2807,-85
1403.55,00:03,2807,-86
1403.59,00:04,2807,-83
1404.01,00:02,2808,-86
1404.06,00:03,2808,-86
1404.09,00:04,2808,-83
1404.51,00:02,2809,-86
1404.55,00:03,2809,-86
1404.59,00:04,2809,-83
1405.01,00:02,2810,-86
1405.05,00:03,2810,-86
1405.09,00:04,2810,-84
1405.51,00:02,2811,-86
1405.55,00:03,2811,-86
1405.59,00:04,2811,-84
1406.01,00:02,2812,-86
1406.05,00:03,2812,-86
1406.09,00:04,2812,-84
1406.51,00:02,2813,-86
1406.56,00:03,2813,-86
1406.59,00:04,2813,-84
1407.01,00:02,2814,-86
1407.05,00:03,2814,-86
1407.09,00:04,2814,-85
1407.51,00:02,2815,-86
1407.55,00:03,2815,-86
1407.59,00:04,2815,-85
1408.01,00:02,2816,-86
1408.06,00:03,2816,-86
1408.09,00:04,2816,-85
1408.51,00:02,2817,-86
1408.56,00:03,2817,-86
1408.59,00:04,2817,-85
1409.01,00:02,2818,-86
1409.05,00:03,2818,-86
1409.09,00:04,2818,-86
1409.51,00:02,2819,-86
1409.56,00:03,2819,-85
1409.59,00:04,2819,-86
1410.01,00:02,2820,-86
1410.05,00:03,2820,-85
1410.09,00:04,2820,-86
1410.51,00:02,2821,-86
1410.56,00:03,2821,-85
1410.59,00:04,2821,-86
1411.01,00:02,2822,-86
1411.05,00:03,2822,-85
1411.09,00:04,2822,-87
1411.51,00:02,2823,-86
1411.55,00:03,2823,-85
1411.59,00:04,2823,-87
1412.01,00:02,2824,-86
1412.05,00:03,2824,-85
1412.09,00:04,2824,-87
1412.51,00:02,2825,-87
1412.55,00:03,2825,-85
1412.59,00:04,2825,-87
1413.01,00:02,2826,-87
1413.06,00:03,2826,-85
1413.09,00:04,2826,-88
1413.51,00:02,2827,-87
1413.55,00:03,2827,-85
1413.59,00:04,2827,-88
1414.01,00:02,2828,-87
1414.06,00:03,2828,-85
1414.09,00:04,2828,-88
1414.51,00:02,2829,-87
1414.56,00:03,2829,-85
1414.59,00:04,2829,-88
1415.01,00:02,2830,-94
1415.06,00:03,2830,-92
1415.09,00:04,2830,-96
1415.51,00:02,2831,-94
1415.56,00:03,2831,-92
1415.59,00:04,2831,-96
1416.01,00:02,2832,-94
1416.06,00:03,2832,-92
1416.09,00:04,2832,-96
1416.51,00:02,2833,-94
1416.56,00:03,2833,-92
1416.59,00:04,2833,-96
1417.01,00:02,2834,-94
1417.06,00:03,2834,-92
1417.09,00:04,2834,-97
1417.51,00:02,2835,-94
1417.56,00:03,2835,-92
1417.59,00:04,2835,-97
1418.01,00:02,2836,-94
1418.05,00:03,2836,-92
1418.09,00:04,2836,-97
1418.51,00:02,2837,-94
1418.56,00:03,2837,-92
1418.59,00:04,2837,-97
1419.01,00:02,2838,-94
1419.05,00:03,2838,-92
1419.09,00:04,2838,-97
1419.51,00:02,2839,-94
1419.55,00:03,2839,-92
1419.59,00:04,2839,-98
1420.01,00:02,2840,-94
1420.06,00:03,2840,-92
1420.09,00:04,2840,-98
1420.51,00:02,2841,-94
1420.56,00:03,2841,-92
1420.59,00:04,2841,-98
1421.01,00:02,2842,-95
1421.05,00:03,2842,-92
1421.09,00:04,2842,-98
1421.51,00:02,2843,-95
1421.56,00:03,2843,-92
1421.59,00:04,2843,-98
1422.01,00:02,2844,-95
1422.06,00:03,2844,-92
1422.09,00:04,2844,-99
1422.51,00:02,2845,-95
1422.55,00:03,2845,-92
1422.59,00:04,2845,-99
1423.01,00:02,2846,-95
1423.06,00:03,2846,-92
1423.09,00:04,2846,-99
1423.51,00:02,2847,-95
1423.55,00:03,2847,-92
1423.59,00:04,2847,-99
1424.01,00:02,2848,-95
1424.06,00:03,2848,-92
1424.09,00:04,2848,-99
1424.51,00:02,2849,-95
1424.56,00:03,2849,-92
1424.59,00:04,2849,-100
1425.01,00:02,2850,-95
1425.05,00:03,2850,-92
1425.09,00:04,2850,-100
1425.51,00:02,2851,-95
1425.55,00:03,2851,-92
1425.59,00:04,2851,-100
1426.01,00:02,2852,-95
1426.06,00:03,2852,-92
1426.09,00:04,2852,-100
1426.51,00:02,2853,-95
1426.56,00:03,2853,-92
1426.59,00:04,2853,-100
1427.01,00:02,2854,-95
1427.06,00:03,2854,-92
1427.09,00:04,2854,-101
1427.51,00:02,2855,-95
1427.56,00:03,2855,-92
1427.59,00:04,2855,-101
1428.01,00:02,2856,-95
1428.05,00:03,2856,-92
1428.09,00:04,2856,-101
1428.51,00:02,2857,-95
1428.55,00:03,2857,-92
1428.59,00:04,2857,-101
1429.01,00:02,2858,-95
1429.05,00:03,2858,-92
1429.09,00:04,2858,-101
1429.51,00:02,2859,-96
1429.55,00:03,2859,-92
1429.59,00:04,2859,-102
1430.01,00:02,2860,-96
1430.05,00:03,2860,-92
1430.09,00:04,2860,-102
1430.51,00:02,2861,-96
1430.55,00:03,2861,-92
1430.59,00:04,2861,-102
1431.01,00:02,2862,-89
1431.06,00:03,2862,-85
1431.09,00:04,2862,-95
1431.51,00:02,2863,-89
1431.56,00:03,2863,-85
1431.59,00:04,2863,-95
1432.01,00:02,2864,-89
1432.06,00:03,2864,-85
1432.09,00:04,2864,-95
1432.51,00:02,2865,-89
1432.55,00:03,2865,-85
1432.59,00:04,2865,-96
1433.01,00:02,2866,-89
1433.06,00:03,2866,-85
1433.09,00:04,2866,-96
1433.51,00:02,2867,-89
1433.56,00:03,2867,-85
1433.59,00:04,2867,-96
1434.01,00:02,2868,-89
1434.06,00:03,2868,-85
1434.09,00:04,2868,-96
1434.51,00:02,2869,-89
1434.56,00:03,2869,-85
1434.59,00:04,2869,-96
1435.01,00:02,2870,-89
1435.05,00:03,2870,-85
1435.09,00:04,2870,-96
1435.51,00:02,2871,-89
1435.55,00:03,2871,-85
1435.59,00:04,2871,-96
1436.01,00:02,2872,-89
1436.06,00:03,2872,-85
1436.09,00:04,2872,-96
1436.51,00:02,2873,-89
1436.55,00:03,2873,-85
1436.59,00:04,2873,-96
1437.01,00:02,2874,-89
1437.05,00:03,2874,-85
1437.09,00:04,2874,-96
1437.51,00:02,2875,-89
1437.55,00:03,2875,-85
1437.59,00:04,2875,-96
1438.01,00:02,2876,-89
1438.06,00:03,2876,-85
1438.09,00:04,2876,-96
1438.51,00:02,2877,-89
1438.56,00:03,2877,-86
1438.59,00:04,2877,-96
1439.01,00:02,2878,-90
1439.06,00:03,2878,-86
1439.09,00:04,2878,-96
1439.51,00:02,2879,-90
1439.56,00:03,2879,-86
1439.59,00:04,2879,-96
1440.01,00:02,2880,-90
1440.06,00:03,2880,-86
1440.09,00:04,2880,-96
1440.51,00:02,2881,-89
1440.55,00:03,2881,-86
1440.59,00:04,2881,-95
1441.01,00:02,2882,-89
1441.05,00:03,2882,-86
1441.09,00:04,2882,-95
1441.51,00:02,2883,-89
1441.56,00:03,2883,-86
1441.59,00:04,2883,-95
1442.01,00:02,2884,-89
1442.06,00:03,2884,-86
1442.09,00:04,2884,-95
1442.51,00:02,2885,-89
1442.56,00:03,2885,-86
1442.59,00:04,2885,-95
1443.01,00:02,2886,-96
1443.06,00:03,2886,-93
1443.09,00:04,2886,-101
1443.51,00:02,2887,-96
1443.56,00:03,2887,-93
1443.59,00:04,2887,-101
1444.01,00:02,2888,-96
1444.05,00:03,2888,-93
1444.09,00:04,2888,-101
1444.51,00:02,2889,-96
1444.56,00:03,2889,-93
1444.59,00:04,2889,-101
1445.01,00:02,2890,-96
1445.05,00:03,2890,-93
1445.09,00:04,2890,-101
1445.51,00:02,2891,-96
1445.56,00:03,2891,-93
1445.59,00:04,2891,-100
1446.01,00:02,2892,-96
1446.06,00:03,2892,-93
1446.09,00:04,2892,-100
1446.51,00:02,2893,-96
1446.56,00:03,2893,-93
1446.59,00:04,2893,-100
1447.01,00:02,2894,-96
1447.06,00:03,2894,-93
1447.09,00:04,2894,-100
1447.51,00:02,2895,-96
1447.55,00:03,2895,-93
1447.59,00:04,2895,-100
1448.01,00:02,2896,-96
1448.05,00:03,2896,-93
1448.09,00:04,2896,-99
1448.51,00:02,2897,-96
1448.55,00:03,2897,-93
1448.59,00:04,2897,-99
1449.01,00:02,2898,-96
1449.06,00:03,2898,-93
1449.09,00:04,2898,-99
1449.51,00:02,2899,-95
1449.56,00:03,2899,-93
1449.59,00:04,2899,-99
1450.01,00:02,2900,-95
1450.06,00:03,2900,-93
1450.09,00:04,2900,-99
1450.51,00:02,2901,-95
1450.55,00:03,2901,-93
1450.59,00:04,2901,-98
1451.01,00:02,2902,-95
1451.05,00:03,2902,-93
1451.09,00:04,2902,-98
1451.51,00:02,2903,-95
1451.55,00:03,2903,-93
1451.59,00:04,2903,-98
1452.01,00:02,2904,-95
1452.06,00:03,2904,-93
1452.09,00:04,2904,-98
1452.51,00:02,2905,-95
1452.56,00:03,2905,-93
1452.59,00:04,2905,-97
1453.01,00:02,2906,-95
1453.05,00:03,2906,-93
1453.09,00:04,2906,-97
1453.51,00:02,2907,-95
1453.55,00:03,2907,-93
1453.59,00:04,2907,-97
1454.01,00:02,2908,-95
1454.06,00:03,2908,-93
1454.09,00:04,2908,-97
1454.51,00:02,2909,-95
1454.56,00:03,2909,-93
1454.59,00:04,2909,-96
1455.01,00:02,2910,-95
1455.06,00:03,2910,-93
1455.09,00:04,2910,-96
1455.51,00:02,2911,-95
1455.56,00:03,2911,-93
1455.59,00:04,2911,-96
1456.01,00:02,2912,-95
1456.06,00:03,2912,-93
1456.09,00:04,2912,-96
1456.51,00:02,2913,-95
1456.55,00:03,2913,-93
1456.59,00:04,2913,-95
1457.01,00:02,2914,-95
1457.06,00:03,2914,-93
1457.09,00:04,2914,-95
1457.51,00:02,2915,-95
1457.56,00:03,2915,-93
1457.59,00:04,2915,-95
1458.01,00:02,2916,-95
1458.06,00:03,2916,-93
1458.09,00:04,2916,-95
1458.51,00:02,2917,-94
1458.56,00:03,2917,-93
1458.59,00:04,2917,-94
1459.01,00:02,2918,-87
1459.06,00:03,2918,-86
1459.09,00:04,2918,-87
1459.51,00:02,2919,-87
1459.56,00:03,2919,-86
1459.59,00:04,2919,-87
1460.01,00:02,2920,-87
1460.06,00:03,2920,-86
1460.09,00:04,2920,-87
1460.51,00:02,2921,-87
1460.56,00:03,2921,-86
1460.59,00:04,2921,-86
1461.01,00:02,2922,-87
1461.06,00:03,2922,-86
1461.09,00:04,2922,-86
1461.51,00:02,2923,-87
1461.55,00:03,2923,-86
1461.59,00:04,2923,-86
1462.01,00:02,2924,-87
1462.06,00:03,2924,-86
1462.09,00:04,2924,-85
1462.51,00:02,2925,-87
1462.56,00:03,2925,-86
1462.59,00:04,2925,-85
1463.01,00:02,2926,-87
1463.06,00:03,2926,-86
1463.09,00:04,2926,-85
1463.51,00:02,2927,-87
1463.55,00:03,2927,-86
1463.59,00:04,2927,-84
1464.01,00:02,2928,-87
1464.05,00:03,2928,-86
1464.09,00:04,2928,-84
1464.51,00:02,2929,-87
1464.55,00:03,2929,-87
1464.59,00:04,2929,-84
1465.01,00:02,2930,-87
1465.06,00:03,2930,-87
1465.09,00:04,2930,-84
1465.51,00:02,2931,-87
1465.56,00:03,2931,-87
1465.59,00:04,2931,-83
1466.01,00:02,2932,-87
1466.05,00:03,2932,-87
1466.09,00:04,2932,-83
1466.51,00:02,2933,-87
1466.55,00:03,2933,-87
1466.59,00:04,2933,-83
1467.01,00:02,2934,-87
1467.05,00:03,2934,-87
1467.09,00:04,2934,-82
1467.51,00:02,2935,-86
1467.55,00:03,2935,-87
1467.59,00:04,2935,-82
1468.01,00:02,2936,-86
1468.06,00:03,2936,-87
1468.09,00:04,2936,-82
1468.51,00:02,2937,-86
1468.56,00:03,2937,-87
1468.59,00:04,2937,-81
1469.01,00:02,2938,-86
1469.06,00:03,2938,-87
1469.09,00:04,2938,-81
1469.51,00:02,2939,-86
1469.56,00:03,2939,-87
1469.59,00:04,2939,-81
1470.01,00:02,2940,-86
1470.05,00:03,2940,-87
1470.09,00:04,2940,-80
1470.51,00:02,2941,-86
1470.56,00:03,2941,-87
1470.59,00:04,2941,-80
1471.01,00:02,2942,-86
1471.06,00:03,2942,-87
1471.09,00:04,2942,-80
1471.51,00:02,2943,-86
1471.55,00:03,2943,-87
1471.59,00:04,2943,-79
1472.01,00:02,2944,-86
1472.05,00:03,2944,-87
1472.09,00:04,2944,-79
1472.51,00:02,2945,-86
1472.56,00:03,2945,-87
1472.59,00:04,2945,-79
1473.01,00:02,2946,-86
1473.06,00:03,2946,-87
1473.09,00:04,2946,-78
1473.51,00:02,2947,-86
1473.56,00:03,2947,-87
1473.59,00:04,2947,-78
1474.01,00:02,2948,-86
1474.05,00:03,2948,-87
1474.09,00:04,2948,-78
1474.51,00:02,2949,-86
1474.55,00:03,2949,-87
1474.59,00:04,2949,-78
1475.01,00:02,2950,-86
1475.06,00:03,2950,-87
1475.09,00:04,2950,-78
1475.51,00:02,2951,-86
1475.56,00:03,2951,-87
1475.59,00:04,2951,-78
1476.01,00:02,2952,-86
1476.06,00:03,2952,-87
1476.09,00:04,2952,-77
1476.51,00:02,2953,-86
1476.55,00:03,2953,-87
1476.59,00:04,2953,-77
1477.01,00:02,2954,-85
1477.06,00:03,2954,-87
1477.09,00:04,2954,-77
1477.51,00:02,2955,-85
1477.56,00:03,2955,-88
1477.59,00:04,2955,-77
1478.01,00:02,2956,-85
1478.05,00:03,2956,-88
1478.09,00:04,2956,-77
1478.51,00:02,2957,-85
1478.56,00:03,2957,-88
1478.59,00:04,2957,-76
1479.01,00:02,2958,-85
1479.05,00:03,2958,-88
1479.09,00:04,2958,-76
1479.51,00:02,2959,-85
1479.55,00:03,2959,-88
1479.59,00:04,2959,-76
1480.01,00:02,2960,-85
1480.05,00:03,2960,-88
1480.09,00:04,2960,-76
1480.51,00:02,2961,-85
1480.56,00:03,2961,-88
1480.59,00:04,2961,-76
1481.01,00:02,2962,-85
1481.05,00:03,2962,-88
1481.09,00:04,2962,-76
1481.51,00:02,2963,-85
1481.56,00:03,2963,-88
1481.59,00:04,2963,-76
1482.01,00:02,2964,-85
1482.06,00:03,2964,-88
1482.09,00:04,2964,-76
1482.51,00:02,2965,-85
1482.55,00:03,2965,-88
1482.59,00:04,2965,-75
1483.01,00:02,2966,-85
1483.06,00:03,2966,-88
1483.09,00:04,2966,-75
1483.51,00:02,2967,-85
1483.55,00:03,2967,-88
1483.59,00:04,2967,-75
1484.01,00:02,2968,-85
1484.06,00:03,2968,-88
1484.09,00:04,2968,-75
1484.51,00:02,2969,-85
1484.55,00:03,2969,-88
1484.59,00:04,2969,-75
1485.01,00:02,2970,-85
1485.06,00:03,2970,-88
1485.09,00:04,2970,-75
1485.51,00:02,2971,-85
1485.56,00:03,2971,-88
1485.59,00:04,2971,-75
1486.01,00:02,2972,-85
1486.06,00:03,2972,-88
1486.09,00:04,2972,-75
1486.51,00:02,2973,-85
1486.56,00:03,2973,-88
1486.59,00:04,2973,-75
1487.01,00:02,2974,-84
1487.06,00:03,2974,-88
1487.09,00:04,2974,-75
1487.51,00:02,2975,-84
1487.56,00:03,2975,-88
1487.59,00:04,2975,-75
1488.01,00:02,2976,-84
1488.06,00:03,2976,-88
1488.09,00:04,2976,-76
1488.51,00:02,2977,-84
1488.55,00:03,2977,-89
1488.59,00:04,2977,-76
1489.01,00:02,2978,-84
1489.05,00:03,2978,-89
1489.09,00:04,2978,-76
1489.51,00:02,2979,-84
1489.55,00:03,2979,-89
1489.59,00:04,2979,-76
1490.01,00:02,2980,-84
1490.05,00:03,2980,-89
1490.09,00:04,2980,-76
1490.51,00:02,2981,-84
1490.55,00:03,2981,-89
1490.59,00:04,2981,-76
1491.01,00:02,2982,-84
1491.05,00:03,2982,-89
1491.09,00:04,2982,-76
1491.51,00:02,2983,-84
1491.55,00:03,2983,-89
1491.59,00:04,2983,-76
1492.01,00:02,2984,-84
1492.05,00:03,2984,-89
1492.09,00:04,2984,-77
1492.51,00:02,2985,-84
1492.56,00:03,2985,-89
1492.59,00:04,2985,-77
1493.01,00:02,2986,-84
1493.06,00:03,2986,-89
1493.09,00:04,2986,-77
1493.51,00:02,2987,-84
1493.55,00:03,2987,-89
1493.59,00:04,2987,-77
1494.01,00:02,2988,-84
1494.05,00:03,2988,-89
1494.09,00:04,2988,-77
1494.51,00:02,2989,-84
1494.55,00:03,2989,-89
1494.59,00:04,2989,-78
1495.01,00:02,2990,-84
1495.05,00:03,2990,-89
1495.09,00:04,2990,-78
1495.51,00:02,2991,-84
1495.55,00:03,2991,-89
1495.59,00:04,2991,-78
1496.01,00:02,2992,-84
1496.06,00:03,2992,-89
1496.09,00:04,2992,-78
1496.51,00:02,2993,-84
1496.55,00:03,2993,-89
1496.59,00:04,2993,-78
1497.01,00:02,2994,-84
1497.06,00:03,2994,-89
1497.09,00:04,2994,-79
1497.51,00:02,2995,-84
1497.55,00:03,2995,-89
1497.59,00:04,2995,-79
1498.01,00:02,2996,-84
1498.06,00:03,2996,-90
1498.09,00:04,2996,-79
1498.51,00:02,2997,-83
1498.56,00:03,2997,-90
1498.59,00:04,2997,-79
1499.01,00:02,2998,-83
1499.06,00:03,2998,-90
1499.09,00:04,2998,-80
1499.51,00:02,2999,-83
1499.55,00:03,2999,-90
1499.59,00:04,2999,-80
1500.01,00:02,3000,-83
1500.06,00:03,3000,-90
1500.09,00:04,3000,-80
1500.51,00:02,3001,-83
1500.56,00:03,3001,-90
1500.59,00:04,3001,-81
1501.01,00:02,3002,-83
1501.05,00:03,3002,-90
1501.09,00:04,3002,-81
1501.51,00:02,3003,-83
1501.56,00:03,3003,-90
1501.59,00:04,3003,-81
1502.01,00:02,3004,-83
1502.05,00:03,3004,-90
1502.09,00:04,3004,-82
1502.51,00:02,3005,-83
1502.56,00:03,3005,-90
1502.59,00:04,3005,-82
1503.01,00:02,3006,-83
1503.05,00:03,3006,-90
1503.09,00:04,3006,-82
1503.51,00:02,3007,-83
1503.55,00:03,3007,-90
1503.59,00:04,3007,-83
1504.01,00:02,3008,-83
1504.05,00:03,3008,-90
1504.09,00:04,3008,-83
1504.51,00:02,3009,-83
1504.55,00:03,3009,-90
1504.59,00:04,3009,-83
1505.01,00:02,3010,-83
1505.05,00:03,3010,-90
1505.09,00:04,3010,-84
1505.51,00:02,3011,-83
1505.55,00:03,3011,-90
1505.59,00:04,3011,-84
1506.01,00:02,3012,-83
1506.06,00:03,3012,-90
1506.09,00:04,3012,-84
1506.51,00:02,3013,-83
1506.56,00:03,3013,-90
1506.59,00:04,3013,-85
1507.01,00:02,3014,-83
1507.06,00:03,3014,-91
1507.09,00:04,3014,-85
1507.51,00:02,3015,-83
1507.55,00:03,3015,-91
1507.59,00:04,3015,-85
1508.02,00:02,3016,-83
1508.06,00:03,3016,-91
1508.09,00:04,3016,-85
1508.51,00:02,3017,-83
1508.56,00:03,3017,-91
1508.59,00:04,3017,-86
1509.01,00:02,3018,-83
1509.06,00:03,3018,-91
1509.09,00:04,3018,-86
1509.51,00:02,3019,-83
1509.56,00:03,3019,-91
1509.59,00:04,3019,-86
1510.01,00:02,3020,-83
1510.06,00:03,3020,-91
1510.09,00:04,3020,-87
1510.51,00:02,3021,-83
1510.55,00:03,3021,-91
1510.59,00:04,3021,-87
1511.01,00:02,3022,-83
1511.06,00:03,3022,-91
1511.09,00:04,3022,-87
1511.51,00:02,3023,-83
1511.55,00:03,3023,-91
1511.59,00:04,3023,-87
1512.01,00:02,3024,-83
1512.06,00:03,3024,-91
1512.09,00:04,3024,-88
1512.51,00:02,3025,-83
1512.56,00:03,3025,-91
1512.59,00:04,3025,-88
1513.01,00:02,3026,-83
1513.06,00:03,3026,-91
1513.09,00:04,3026,-88
1513.51,00:02,3027,-83
1513.55,00:03,3027,-91
1513.59,00:04,3027,-89
1514.01,00:02,3028,-83
1514.05,00:03,3028,-91
1514.09,00:04,3028,-89
1514.51,00:02,3029,-83
1514.56,00:03,3029,-91
1514.59,00:04,3029,-89
1515.01,00:02,3030,-89
1515.06,00:03,3030,-98
1515.09,00:04,3030,-96
1515.51,00:02,3031,-89
1515.55,00:03,3031,-98
1515.59,00:04,3031,-97
1516.01,00:02,3032,-89
1516.06,00:03,3032,-99
1516.09,00:04,3032,-97
1516.51,00:02,3033,-89
1516.55,00:03,3033,-99
1516.59,00:04,3033,-97
1517.01,00:02,3034,-89
1517.05,00:03,3034,-99
1517.09,00:04,3034,-97
1517.51,00:02,3035,-89
1517.56,00:03,3035,-99
1517.59,00:04,3035,-97
1518.01,00:02,3036,-89
1518.06,00:03,3036,-99
1518.09,00:04,3036,-98
1518.51,00:02,3037,-89
1518.56,00:03,3037,-99
1518.59,00:04,3037,-98
1519.01,00:02,3038,-89
1519.06,00:03,3038,-99
1519.09,00:04,3038,-98
1519.51,00:02,3039,-89
1519.56,00:03,3039,-99
1519.59,00:04,3039,-98
1520.01,00:02,3040,-89
1520.06,00:03,3040,-99
1520.09,00:04,3040,-99
1520.51,00:02,3041,-89
1520.56,00:03,3041,-99
1520.59,00:04,3041,-99
1521.01,00:02,3042,-89
1521.05,00:03,3042,-99
1521.09,00:04,3042,-99
1521.51,00:02,3043,-89
1521.55,00:03,3043,-99
1521.59,00:04,3043,-99
1522.01,00:02,3044,-89
1522.06,00:03,3044,-99
1522.09,00:04,3044,-99
1522.51,00:02,3045,-89
1522.56,00:03,3045,-99
1522.59,00:04,3045,-100
1523.01,00:02,3046,-89
1523.05,00:03,3046,-99
1523.09,00:04,3046,-100
1523.51,00:02,3047,-89
1523.56,00:03,3047,-99
1523.59,00:04,3047,-100
1524.01,00:02,3048,-89
1524.05,00:03,3048,-99
1524.09,00:04,3048,-100
1524.51,00:02,3049,-89
1524.56,00:03,3049,-99
1524.59,00:04,3049,-101
1525.01,00:02,3050,-89
1525.05,00:03,3050,-100
1525.09,00:04,3050,-101
1525.51,00:02,3051,-89
1525.56,00:03,3051,-100
1525.59,00:04,3051,-101
1526.01,00:02,3052,-89
1526.06,00:03,3052,-100
1526.09,00:04,3052,-101
1526.51,00:02,3053,-89
1526.56,00:03,3053,-100
1526.59,00:04,3053,-101
1527.01,00:02,3054,-82
1527.05,00:03,3054,-93
1527.09,00:04,3054,-94
1527.51,00:02,3055,-82
1527.56,00:03,3055,-93
1527.59,00:04,3055,-95
1528.01,00:02,3056,-82
1528.06,00:03,3056,-93
1528.09,00:04,3056,-95
1528.51,00:02,3057,-82
1528.55,00:03,3057,-93
1528.59,00:04,3057,-95
1529.01,00:02,3058,-82
1529.06,00:03,3058,-93
1529.09,00:04,3058,-95
1529.51,00:02,3059,-82
1529.56,00:03,3059,-93
1529.59,00:04,3059,-95
1530.01,00:02,3060,-82
1530.06,00:03,3060,-93
1530.09,00:04,3060,-96
1530.51,00:02,3061,-82
1530.56,00:03,3061,-93
1530.59,00:04,3061,-95
1531.01,00:02,3062,-82
1531.06,00:03,3062,-93
1531.09,00:04,3062,-95
1531.51,00:02,3063,-83
1531.56,00:03,3063,-93
1531.59,00:04,3063,-95
1532.01,00:02,3064,-83
1532.06,00:03,3064,-93
1532.09,00:04,3064,-95
1532.51,00:02,3065,-83
1532.56,00:03,3065,-93
1532.59,00:04,3065,-95
1533.01,00:02,3066,-83
1533.05,00:03,3066,-93
1533.09,00:04,3066,-95
1533.51,00:02,3067,-83
1533.56,00:03,3067,-93
1533.59,00:04,3067,-95
1534.01,00:02,3068,-83
1534.06,00:03,3068,-93
1534.09,00:04,3068,-95
1534.51,00:02,3069,-83
1534.55,00:03,3069,-93
1534.59,00:04,3069,-95
1535.01,00:02,3070,-83
1535.05,00:03,3070,-94
1535.09,00:04,3070,-95
1535.51,00:02,3071,-83
1535.56,00:03,3071,-94
1535.59,00:04,3071,-95
1536.01,00:02,3072,-83
1536.06,00:03,3072,-94
1536.09,00:04,3072,-95
1536.51,00:02,3073,-83
1536.56,00:03,3073,-93
1536.59,00:04,3073,-95
1537.01,00:02,3074,-83
1537.05,00:03,3074,-93
1537.09,00:04,3074,-95
1537.51,00:02,3075,-83
1537.55,00:03,3075,-93
1537.59,00:04,3075,-95
1538.01,00:02,3076,-83
1538.05,00:03,3076,-93
1538.09,00:04,3076,-94
1538.51,00:02,3077,-83
1538.55,00:03,3077,-93
1538.59,00:04,3077,-94
1539.01,00:02,3078,-90
1539.06,00:03,3078,-100
1539.09,00:04,3078,-101
1539.51,00:02,3079,-90
1539.56,00:03,3079,-100
1539.59,00:04,3079,-101
1540.01,00:02,3080,-90
1540.05,00:03,3080,-100
1540.09,00:04,3080,-101
1540.51,00:02,3081,-90
1540.56,00:03,3081,-100
1540.59,00:04,3081,-100
1541.01,00:02,3082,-90
1541.06,00:03,3082,-100
1541.09,00:04,3082,-100
1541.51,00:02,3083,-90
1541.55,00:03,3083,-100
1541.59,00:04,3083,-100
1542.02,00:02,3084,-90
1542.06,00:03,3084,-100
1542.09,00:04,3084,-100
1542.51,00:02,3085,-90
1542.56,00:03,3085,-100
1542.59,00:04,3085,-99
1543.01,00:02,3086,-90
1543.06,00:03,3086,-100
1543.09,00:04,3086,-99
1543.51,00:02,3087,-90
1543.55,00:03,3087,-100
1543.59,00:04,3087,-99
1544.01,00:02,3088,-90
1544.05,00:03,3088,-100
1544.09,00:04,3088,-99
1544.51,00:02,3089,-90
1544.55,00:03,3089,-100
1544.59,00:04,3089,-99
1545.01,00:02,3090,-90
1545.06,00:03,3090,-100
1545.09,00:04,3090,-98
1545.51,00:02,3091,-90
1545.56,00:03,3091,-100
1545.59,00:04,3091,-98
1546.01,00:02,3092,-90
1546.05,00:03,3092,-99
1546.09,00:04,3092,-98
1546.51,00:02,3093,-90
1546.55,00:03,3093,-99
1546.59,00:04,3093,-98
1547.01,00:02,3094,-90
1547.06,00:03,3094,-99
1547.09,00:04,3094,-97
1547.51,00:02,3095,-90
1547.56,00:03,3095,-99
1547.59,00:04,3095,-97
1548.01,00:02,3096,-90
1548.05,00:03,3096,-99
1548.09,00:04,3096,-97
1548.51,00:02,3097,-90
1548.56,00:03,3097,-99
1548.59,00:04,3097,-97
1549.01,00:02,3098,-90
1549.05,00:03,3098,-99
1549.09,00:04,3098,-96
1549.51,00:02,3099,-90
1549.55,00:03,3099,-99
1549.59,00:04,3099,-96
1550.01,00:02,3100,-91
1550.05,00:03,3100,-99
1550.09,00:04,3100,-96
1550.51,00:02,3101,-91
1550.55,00:03,3101,-99
1550.59,00:04,3101,-96
1551.01,00:02,3102,-84
1551.06,00:03,3102,-92
1551.09,00:04,3102,-88
1551.51,00:02,3103,-84
1551.56,00:03,3103,-92
1551.59,00:04,3103,-88
1552.01,00:02,3104,-84
1552.05,00:03,3104,-92
1552.09,00:04,3104,-88
1552.51,00:02,3105,-84
1552.55,00:03,3105,-92
1552.59,00:04,3105,-88
1553.01,00:02,3106,-84
1553.06,00:03,3106,-92
1553.09,00:04,3106,-87
1553.51,00:02,3107,-84
1553.55,00:03,3107,-92
1553.59,00:04,3107,-87
1554.01,00:02,3108,-84
1554.05,00:03,3108,-92
1554.09,00:04,3108,-87
1554.51,00:02,3109,-84
1554.55,00:03,3109,-92
1554.59,00:04,3109,-86
1555.01,00:02,3110,-84
1555.06,00:03,3110,-92
1555.09,00:04,3110,-86
1555.51,00:02,3111,-84
1555.56,00:03,3111,-91
1555.59,00:04,3111,-86
1556.01,00:02,3112,-84
1556.05,00:03,3112,-91
1556.09,00:04,3112,-85
1556.51,00:02,3113,-84
1556.56,00:03,3113,-91
1556.59,00:04,3113,-85
1557.01,00:02,3114,-84
1557.05,00:03,3114,-91
1557.09,00:04,3114,-85
1557.52,00:02,3115,-84
1557.56,00:03,3115,-91
1557.59,00:04,3115,-84
1558.01,00:02,3116,-84
1558.05,00:03,3116,-91
1558.09,00:04,3116,-84
1558.51,00:02,3117,-84
1558.56,00:03,3117,-91
1558.59,00:04,3117,-84
1559.01,00:02,3118,-84
1559.05,00:03,3118,-91
1559.09,00:04,3118,-83
1559.51,00:02,3119,-84
1559.55,00:03,3119,-91
1559.59,00:04,3119,-83
1560.01,00:02,3120,-84
1560.05,00:03,3120,-91
1560.09,00:04,3120,-83
1560.51,00:02,3121,-84
1560.56,00:03,3121,-91
1560.59,00:04,3121,-82
1561.01,00:02,3122,-84
1561.06,00:03,3122,-91
1561.09,00:04,3122,-82
1561.52,00:02,3123,-84
1561.56,00:03,3123,-91
1561.59,00:04,3123,-81
1562.01,00:02,3124,-84
1562.06,00:03,3124,-91
1562.09,00:04,3124,-81
1562.51,00:02,3125,-84
1562.56,00:03,3125,-91
1562.59,00:04,3125,-81
1563.01,00:02,3126,-84
1563.06,00:03,3126,-91
1563.09,00:04,3126,-80
1563.51,00:02,3127,-84
1563.55,00:03,3127,-91
1563.59,00:04,3127,-80
1564.01,00:02,3128,-84
1564.06,00:03,3128,-91
1564.09,00:04,3128,-79
1564.51,00:02,3129,-84
1564.55,00:03,3129,-91
1564.59,00:04,3129,-79
1565.01,00:02,3130,-84
1565.06,00:03,3130,-91
1565.09,00:04,3130,-79
1565.51,00:02,3131,-84
1565.56,00:03,3131,-90
1565.59,00:04,3131,-79
1566.01,00:02,3132,-84
1566.06,00:03,3132,-90
1566.09,00:04,3132,-78
1566.52,00:02,3133,-84
1566.55,00:03,3133,-90
1566.59,00:04,3133,-78
1567.01,00:02,3134,-84
1567.06,00:03,3134,-90
1567.09,00:04,3134,-78
1567.51,00:02,3135,-84
1567.56,00:03,3135,-90
1567.59,00:04,3135,-77
1568.01,00:02,3136,-84
1568.05,00:03,3136,-90
1568.09,00:04,3136,-77
1568.51,00:02,3137,-84
1568.56,00:03,3137,-90
1568.59,00:04,3137,-77
1569.01,00:02,3138,-85
1569.05,00:03,3138,-90
1569.09,00:04,3138,-77
1569.51,00:02,3139,-85
1569.56,00:03,3139,-90
1569.59,00:04,3139,-76
1570.01,00:02,3140,-85
1570.06,00:03,3140,-90
1570.09,00:04,3140,-76
1570.51,00:02,3141,-85
1570.56,00:03,3141,-90
1570.59,00:04,3141,-76
1571.01,00:02,3142,-85
1571.06,00:03,3142,-90
1571.09,00:04,3142,-75
1571.51,00:02,3143,-85
1571.56,00:03,3143,-90
1571.59,00:04,3143,-75
1572.01,00:02,3144,-85
1572.05,00:03,3144,-90
1572.09,00:04,3144,-75
1572.51,00:02,3145,-85
1572.56,00:03,3145,-90
1572.59,00:04,3145,-74
1573.01,00:02,3146,-85
1573.05,00:03,3146,-90
1573.09,00:04,3146,-74
1573.51,00:02,3147,-85
1573.55,00:03,3147,-90
1573.59,00:04,3147,-74
1574.01,00:02,3148,-85
1574.06,00:03,3148,-90
1574.09,00:04,3148,-73
1574.51,00:02,3149,-85
1574.55,00:03,3149,-90
1574.59,00:04,3149,-73
1575.01,00:02,3150,-85
1575.05,00:03,3150,-90
1575.09,00:04,3150,-73
1575.51,00:02,3151,-85
1575.56,00:03,3151,-90
1575.59,00:04,3151,-72
1576.01,00:02,3152,-85
1576.06,00:03,3152,-89
1576.09,00:04,3152,-72
1576.52,00:02,3153,-85
1576.55,00:03,3153,-89
1576.59,00:04,3153,-72
1577.01,00:02,3154,-85
1577.05,00:03,3154,-89
1577.09,00:04,3154,-71
1577.51,00:02,3155,-85
1577.56,00:03,3155,-89
1577.59,00:04,3155,-71
1578.01,00:02,3156,-85
1578.05,00:03,3156,-89
1578.09,00:04,3156,-71
1578.51,00:02,3157,-85
1578.56,00:03,3157,-89
1578.59,00:04,3157,-71
1579.01,00:02,3158,-85
1579.06,00:03,3158,-89
1579.09,00:04,3158,-71
1579.51,00:02,3159,-85
1579.56,00:03,3159,-89
1579.59,00:04,3159,-70
1580.01,00:02,3160,-85
1580.06,00:03,3160,-89
1580.09,00:04,3160,-70
1580.51,00:02,3161,-85
1580.55,00:03,3161,-89
1580.59,00:04,3161,-70
1581.01,00:02,3162,-85
1581.05,00:03,3162,-89
1581.09,00:04,3162,-70
1581.51,00:02,3163,-86
1581.56,00:03,3163,-89
1581.59,00:04,3163,-70
1582.01,00:02,3164,-86
1582.06,00:03,3164,-89
1582.09,00:04,3164,-70
1582.51,00:02,3165,-86
1582.55,00:03,3165,-89
1582.59,00:04,3165,-71
1583.01,00:02,3166,-86
1583.06,00:03,3166,-89
1583.09,00:04,3166,-71
1583.51,00:02,3167,-86
1583.55,00:03,3167,-89
1583.59,00:04,3167,-71
1584.01,00:02,3168,-86
1584.06,00:03,3168,-89
1584.09,00:04,3168,-71
1584.51,00:02,3169,-86
1584.55,00:03,3169,-89
1584.59,00:04,3169,-71
1585.01,00:02,3170,-86
1585.06,00:03,3170,-89
1585.09,00:04,3170,-72
1585.51,00:02,3171,-86
1585.56,00:03,3171,-89
1585.59,00:04,3171,-72
1586.01,00:02,3172,-86
1586.05,00:03,3172,-89
1586.09,00:04,3172,-72
1586.51,00:02,3173,-86
1586.55,00:03,3173,-89
1586.59,00:04,3173,-73
1587.01,00:02,3174,-86
1587.06,00:03,3174,-89
1587.09,00:04,3174,-73
1587.51,00:02,3175,-86
1587.56,00:03,3175,-88
1587.59,00:04,3175,-73
1588.01,00:02,3176,-86
1588.05,00:03,3176,-88
1588.09,00:04,3176,-73
1588.51,00:02,3177,-86
1588.55,00:03,3177,-88
1588.59,00:04,3177,-74
1589.01,00:02,3178,-86
1589.05,00:03,3178,-88
1589.09,00:04,3178,-74
1589.51,00:02,3179,-86
1589.56,00:03,3179,-88
1589.59,00:04,3179,-74
1590.01,00:02,3180,-86
1590.06,00:03,3180,-88
1590.09,00:04,3180,-75
1590.51,00:02,3181,-86
1590.55,00:03,3181,-88
1590.59,00:04,3181,-75
1591.01,00:02,3182,-86
1591.05,00:03,3182,-88
1591.09,00:04,3182,-75
1591.51,00:02,3183,-86
1591.56,00:03,3183,-88
1591.59,00:04,3183,-76
1592.01,00:02,3184,-87
1592.06,00:03,3184,-88
1592.09,00:04,3184,-76
1592.51,00:02,3185,-87
1592.56,00:03,3185,-88
1592.59,00:04,3185,-76
1593.01,00:02,3186,-87
1593.05,00:03,3186,-88
1593.09,00:04,3186,-77
1593.51,00:02,3187,-87
1593.56,00:03,3187,-88
1593.59,00:04,3187,-77
1594.01,00:02,3188,-87
1594.06,00:03,3188,-88
1594.09,00:04,3188,-77
1594.51,00:02,3189,-87
1594.56,00:03,3189,-88
1594.59,00:04,3189,-78
1595.01,00:02,3190,-87
1595.05,00:03,3190,-88
1595.09,00:04,3190,-78
1595.51,00:02,3191,-87
1595.55,00:03,3191,-88
1595.59,00:04,3191,-78
1596.01,00:02,3192,-87
1596.05,00:03,3192,-88
1596.09,00:04,3192,-78
1596.51,00:02,3193,-87
1596.55,00:03,3193,-88
1596.59,00:04,3193,-79
1597.01,00:02,3194,-87
1597.05,00:03,3194,-88
1597.09,00:04,3194,-79
1597.51,00:02,3195,-87
1597.56,00:03,3195,-88
1597.59,00:04,3195,-79
1598.01,00:02,3196,-87
1598.06,00:03,3196,-88
1598.09,00:04,3196,-80
1598.51,00:02,3197,-87
1598.56,00:03,3197,-88
1598.59,00:04,3197,-80
1599.01,00:02,3198,-87
1599.06,00:03,3198,-88
1599.09,00:04,3198,-80
1599.51,00:02,3199,-87
1599.56,00:03,3199,-88
1599.59,00:04,3199,-81
1600.01,00:02,3200,-87
1600.06,00:03,3200,-88
1600.09,00:04,3200,-81
1600.51,00:02,3201,-87
1600.56,00:03,3201,-88
1600.59,00:04,3201,-82
1601.01,00:02,3202,-87
1601.06,00:03,3202,-88
1601.09,00:04,3202,-82
1601.51,00:02,3203,-87
1601.55,00:03,3203,-88
1601.59,00:04,3203,-82
1602.02,00:02,3204,-88
1602.06,00:03,3204,-87
1602.09,00:04,3204,-83
1602.51,00:02,3205,-88
1602.55,00:03,3205,-87
1602.59,00:04,3205,-83
1603.01,00:02,3206,-88
1603.05,00:03,3206,-87
1603.09,00:04,3206,-83
1603.51,00:02,3207,-88
1603.56,00:03,3207,-87
1603.59,00:04,3207,-84
1604.01,00:02,3208,-88
1604.06,00:03,3208,-87
1604.09,00:04,3208,-84
1604.51,00:02,3209,-88
1604.55,00:03,3209,-87
1604.59,00:04,3209,-85
1605.01,00:02,3210,-88
1605.06,00:03,3210,-87
1605.09,00:04,3210,-85
1605.51,00:02,3211,-88
1605.56,00:03,3211,-87
1605.59,00:04,3211,-85
1606.01,00:02,3212,-88
1606.06,00:03,3212,-87
1606.09,00:04,3212,-86
1606.51,00:02,3213,-88
1606.56,00:03,3213,-87
1606.59,00:04,3213,-86
1607.01,00:02,3214,-95
1607.06,00:03,3214,-94
1607.09,00:04,3214,-93
1607.51,00:02,3215,-95
1607.56,00:03,3215,-94
1607.59,00:04,3215,-93
1608.01,00:02,3216,-95
1608.06,00:03,3216,-94
1608.09,00:04,3216,-94
1608.51,00:02,3217,-95
1608.55,00:03,3217,-94
1608.59,00:04,3217,-94
1609.01,00:02,3218,-95
1609.06,00:03,3218,-94
1609.09,00:04,3218,-94
1609.51,00:02,3219,-95
1609.56,00:03,3219,-94
1609.59,00:04,3219,-95
1610.01,00:02,3220,-95
1610.05,00:03,3220,-94
1610.09,00:04,3220,-95
1610.51,00:02,3221,-95
1610.55,00:03,3221,-94
1610.59,00:04,3221,-95
1611.01,00:02,3222,-95
1611.05,00:03,3222,-94
1611.09,00:04,3222,-95
1611.51,00:02,3223,-95
1611.55,00:03,3223,-94
1611.59,00:04,3223,-96
1612.01,00:02,3224,-96
1612.06,00:03,3224,-94
1612.09,00:04,3224,-96
1612.51,00:02,3225,-96
1612.55,00:03,3225,-94
1612.59,00:04,3225,-96
1613.01,00:02,3226,-96
1613.06,00:03,3226,-94
1613.09,00:04,3226,-97
1613.51,00:02,3227,-96
1613.55,00:03,3227,-94
1613.59,00:04,3227,-97
1614.01,00:02,3228,-96
1614.05,00:03,3228,-94
1614.09,00:04,3228,-97
1614.51,00:02,3229,-96
1614.55,00:03,3229,-94
1614.59,00:04,3229,-97
1615.01,00:02,3230,-96
1615.06,00:03,3230,-94
1615.09,00:04,3230,-98
1615.51,00:02,3231,-96
1615.56,00:03,3231,-94
1615.59,00:04,3231,-98
1616.01,00:02,3232,-96
1616.06,00:03,3232,-94
1616.09,00:04,3232,-98
1616.51,00:02,3233,-96
1616.56,00:03,3233,-94
1616.59,00:04,3233,-98
1617.01,00:02,3234,-96
1617.05,00:03,3234,-94
1617.09,00:04,3234,-98
1617.51,00:02,3235,-96
1617.55,00:03,3235,-94
1617.59,00:04,3235,-99
1618.01,00:02,3236,-96
1618.05,00:03,3236,-94
1618.09,00:04,3236,-99
1618.51,00:02,3237,-96
1618.56,00:03,3237,-94
1618.59,00:04,3237,-99
1619.01,00:02,3238,-96
1619.05,00:03,3238,-94
1619.09,00:04,3238,-99
1619.51,00:02,3239,-96
1619.56,00:03,3239,-94
1619.59,00:04,3239,-100
1620.01,00:02,3240,-96
1620.05,00:03,3240,-94
1620.09,00:04,3240,-100
1620.51,00:02,3241,-96
1620.56,00:03,3241,-94
1620.59,00:04,3241,-100
1621.02,00:02,3242,-96
1621.06,00:03,3242,-94
1621.09,00:04,3242,-100
1621.51,00:02,3243,-97
1621.56,00:03,3243,-94
1621.59,00:04,3243,-100
1622.01,00:02,3244,-97
1622.05,00:03,3244,-94
1622.09,00:04,3244,-101
1622.52,00:02,3245,-97
1622.55,00:03,3245,-94
1622.59,00:04,3245,-101
1623.01,00:02,3246,-90
1623.05,00:03,3246,-87
1623.09,00:04,3246,-94
1623.51,00:02,3247,-90
1623.55,00:03,3247,-87
1623.59,00:04,3247,-94
1624.01,00:02,3248,-90
1624.06,00:03,3248,-87
1624.09,00:04,3248,-94
1624.51,00:02,3249,-90
1624.55,00:03,3249,-87
1624.59,00:04,3249,-95
1625.01,00:02,3250,-90
1625.05,00:03,3250,-87
1625.09,00:04,3250,-95
1625.51,00:02,3251,-90
1625.56,00:03,3251,-87
1625.59,00:04,3251,-95
1626.01,00:02,3252,-90
1626.06,00:03,3252,-87
1626.09,00:04,3252,-95
1626.51,00:02,3253,-90
1626.55,00:03,3253,-87
1626.59,00:04,3253,-95
1627.01,00:02,3254,-90
1627.06,00:03,3254,-87
1627.09,00:04,3254,-95
1627.51,00:02,3255,-90
1627.56,00:03,3255,-87
1627.59,00:04,3255,-95
1628.01,00:02,3256,-90
1628.05,00:03,3256,-87
1628.09,00:04,3256,-95
1628.51,00:02,3257,-90
1628.55,00:03,3257,-87
1628.59,00:04,3257,-95
1629.01,00:02,3258,-90
1629.05,00:03,3258,-87
1629.09,00:04,3258,-95
1629.51,00:02,3259,-90
1629.56,00:03,3259,-88
1629.59,00:04,3259,-95
1630.01,00:02,3260,-90
1630.06,00:03,3260,-88
1630.09,00:04,3260,-95
1630.52,00:02,3261,-90
1630.55,00:03,3261,-88
1630.59,00:04,3261,-95
1631.01,00:02,3262,-90
1631.05,00:03,3262,-88
1631.09,00:04,3262,-95
1631.51,00:02,3263,-90
1631.56,00:03,3263,-88
1631.59,00:04,3263,-95
1632.01,00:02,3264,-90
1632.05,00:03,3264,-88
1632.09,00:04,3264,-95
1632.51,00:02,3265,-90
1632.56,00:03,3265,-88
1632.59,00:04,3265,-95
1633.01,00:02,3266,-90
1633.05,00:03,3266,-88
1633.09,00:04,3266,-95
1633.51,00:02,3267,-90
1633.55,00:03,3267,-88
1633.59,00:04,3267,-94
1634.02,00:02,3268,-90
1634.06,00:03,3268,-88
1634.09,00:04,3268,-94
1634.52,00:02,3269,-90
1634.56,00:03,3269,-88
1634.59,00:04,3269,-94
1635.01,00:02,3270,-90
1635.05,00:03,3270,-88
1635.09,00:04,3270,-94
1635.51,00:02,3271,-90
1635.56,00:03,3271,-88
1635.59,00:04,3271,-94
1636.01,00:02,3272,-90
1636.06,00:03,3272,-88
1636.09,00:04,3272,-93
1636.51,00:02,3273,-90
1636.55,00:03,3273,-88
1636.59,00:04,3273,-93
1637.01,00:02,3274,-90
1637.05,00:03,3274,-88
1637.09,00:04,3274,-93
1637.51,00:02,3275,-90
1637.56,00:03,3275,-88
1637.59,00:04,3275,-93
1638.01,00:02,3276,-90
1638.06,00:03,3276,-88
1638.09,00:04,3276,-92
1638.51,00:02,3277,-90
1638.55,00:03,3277,-88
1638.59,00:04,3277,-92
1639.01,00:02,3278,-90
1639.06,00:03,3278,-88
1639.09,00:04,3278,-92
1639.51,00:02,3279,-90
1639.56,00:03,3279,-88
1639.59,00:04,3279,-92
1640.01,00:02,3280,-90
1640.05,00:03,3280,-88
1640.09,00:04,3280,-92
1640.51,00:02,3281,-90
1640.55,00:03,3281,-88
1640.59,00:04,3281,-91
1641.01,00:02,3282,-90
1641.05,00:03,3282,-88
1641.09,00:04,3282,-91
1641.51,00:02,3283,-90
1641.56,00:03,3283,-88
1641.59,00:04,3283,-91
1642.01,00:02,3284,-90
1642.05,00:03,3284,-88
1642.09,00:04,3284,-91
1642.51,00:02,3285,-89
1642.55,00:03,3285,-88
1642.59,00:04,3285,-90
1643.01,00:02,3286,-89
1643.06,00:03,3286,-88
1643.09,00:04,3286,-90
1643.51,00:02,3287,-89
1643.56,00:03,3287,-88
1643.59,00:04,3287,-90
1644.01,00:02,3288,-89
1644.05,00:03,3288,-88
1644.09,00:04,3288,-90
1644.51,00:02,3289,-89
1644.56,00:03,3289,-88
1644.59,00:04,3289,-89
1645.01,00:02,3290,-89
1645.06,00:03,3290,-88
1645.09,00:04,3290,-89
1645.51,00:02,3291,-89
1645.56,00:03,3291,-88
1645.59,00:04,3291,-89
1646.01,00:02,3292,-89
1646.06,00:03,3292,-88
1646.09,00:04,3292,-88
1646.51,00:02,3293,-89
1646.56,00:03,3293,-88
1646.59,00:04,3293,-88
1647.02,00:02,3294,-89
1647.05,00:03,3294,-88
1647.09,00:04,3294,-88
1647.51,00:02,3295,-89
1647.56,00:03,3295,-88
1647.59,00:04,3295,-88
1648.01,00:02,3296,-89
1648.05,00:03,3296,-88
1648.09,00:04,3296,-87
1648.51,00:02,3297,-89
1648.56,00:03,3297,-88
1648.59,00:04,3297,-87
1649.01,00:02,3298,-89
1649.05,00:03,3298,-88
1649.09,00:04,3298,-87
1649.51,00:02,3299,-89
1649.55,00:03,3299,-88
1649.59,00:04,3299,-86
1650.01,00:02,3300,-89
1650.05,00:03,3300,-88
1650.09,00:04,3300,-86
1650.51,00:02,3301,-89
1650.55,00:03,3301,-88
1650.59,00:04,3301,-86
1651.01,00:02,3302,-89
1651.06,00:03,3302,-88
1651.09,00:04,3302,-85
1651.51,00:02,3303,-89
1651.55,00:03,3303,-88
1651.59,00:04,3303,-85
1652.01,00:02,3304,-89
1652.05,00:03,3304,-88
1652.09,00:04,3304,-85
1652.52,00:02,3305,-88
1652.56,00:03,3305,-88
1652.59,00:04,3305,-84
1653.01,00:02,3306,-88
1653.06,00:03,3306,-88
1653.09,00:04,3306,-84
1653.52,00:02,3307,-88
1653.56,00:03,3307,-88
1653.59,00:04,3307,-84
1654.01,00:02,3308,-88
1654.05,00:03,3308,-88
1654.09,00:04,3308,-83
1654.51,00:02,3309,-88
1654.56,00:03,3309,-88
1654.59,00:04,3309,-83
1655.01,00:02,3310,-88
1655.06,00:03,3310,-88
1655.09,00:04,3310,-83
1655.52,00:02,3311,-88
1655.56,00:03,3311,-88
1655.59,00:04,3311,-82
1656.01,00:02,3312,-88
1656.06,00:03,3312,-88
1656.09,00:04,3312,-82
1656.51,00:02,3313,-88
1656.55,00:03,3313,-88
1656.59,00:04,3313,-81
1657.01,00:02,3314,-88
1657.06,00:03,3314,-88
1657.09,00:04,3314,-81
1657.51,00:02,3315,-88
1657.55,00:03,3315,-88
1657.59,00:04,3315,-81
1658.01,00:02,3316,-88
1658.06,00:03,3316,-89
1658.09,00:04,3316,-80
1658.51,00:02,3317,-88
1658.56,00:03,3317,-89
1658.59,00:04,3317,-80
1659.02,00:02,3318,-88
1659.05,00:03,3318,-89
1659.09,00:04,3318,-79
1659.51,00:02,3319,-88
1659.56,00:03,3319,-89
1659.59,00:04,3319,-79
1660.02,00:02,3320,-88
1660.06,00:03,3320,-89
1660.09,00:04,3320,-79
1660.51,00:02,3321,-88
1660.55,00:03,3321,-89
1660.59,00:04,3321,-78
1661.01,00:02,3322,-88
1661.06,00:03,3322,-89
1661.09,00:04,3322,-78
1661.52,00:02,3323,-88
1661.56,00:03,3323,-89
1661.59,00:04,3323,-78
1662.01,00:02,3324,-88
1662.05,00:03,3324,-89
1662.09,00:04,3324,-77
1662.51,00:02,3325,-88
1662.56,00:03,3325,-89
1662.59,00:04,3325,-77
1663.01,00:02,3326,-87
1663.05,00:03,3326,-89
1663.09,00:04,3326,-77
1663.51,00:02,3327,-87
1663.56,00:03,3327,-89
1663.59,00:04,3327,-76
1664.01,00:02,3328,-87
1664.05,00:03,3328,-89
1664.09,00:04,3328,-76
1664.51,00:02,3329,-87
1664.56,00:03,3329,-89
1664.59,00:04,3329,-76
1665.01,00:02,3330,-87
1665.05,00:03,3330,-89
1665.09,00:04,3330,-75
1665.51,00:02,3331,-87
1665.55,00:03,3331,-89
1665.59,00:04,3331,-75
1666.01,00:02,3332,-87
1666.06,00:03,3332,-89
1666.09,00:04,3332,-74
1666.51,00:02,3333,-87
1666.55,00:03,3333,-89
1666.59,00:04,3333,-74
1667.01,00:02,3334,-87
1667.06,00:03,3334,-89
1667.09,00:04,3334,-74
1667.52,00:02,3335,-87
1667.55,00:03,3335,-89
1667.59,00:04,3335,-73
1668.01,00:02,3336,-87
1668.05,00:03,3336,-89
1668.09,00:04,3336,-73
1668.51,00:02,3337,-87
1668.55,00:03,3337,-89
1668.59,00:04,3337,-72
1669.02,00:02,3338,-87
1669.06,00:03,3338,-89
1669.09,00:04,3338,-72
1669.51,00:02,3339,-87
1669.55,00:03,3339,-89
1669.59,00:04,3339,-71
1670.01,00:02,3340,-87
1670.06,00:03,3340,-89
1670.09,00:04,3340,-71
1670.51,00:02,3341,-87
1670.55,00:03,3341,-89
1670.59,00:04,3341,-70
1671.01,00:02,3342,-87
1671.05,00:03,3342,-89
1671.09,00:04,3342,-69
1671.51,00:02,3343,-87
1671.56,00:03,3343,-89
1671.59,00:04,3343,-69
1672.01,00:02,3344,-87
1672.06,00:03,3344,-89
1672.09,00:04,3344,-68
1672.51,00:02,3345,-87
1672.56,00:03,3345,-89
1672.59,00:04,3345,-67
1673.01,00:02,3346,-87
1673.05,00:03,3346,-90
1673.09,00:04,3346,-66
1673.52,00:02,3347,-87
1673.55,00:03,3347,-90
1673.59,00:04,3347,-66
1674.01,00:02,3348,-87
1674.05,00:03,3348,-90
1674.09,00:04,3348,-65
1674.51,00:02,3349,-86
1674.56,00:03,3349,-90
1674.59,00:04,3349,-64
1675.01,00:02,3350,-86
1675.06,00:03,3350,-90
1675.09,00:04,3350,-63
1675.51,00:02,3351,-86
1675.55,00:03,3351,-90
1675.59,00:04,3351,-63
1676.01,00:02,3352,-86
1676.05,00:03,3352,-90
1676.09,00:04,3352,-62
1676.51,00:02,3353,-86
1676.55,00:03,3353,-90
1676.59,00:04,3353,-62
1677.01,00:02,3354,-86
1677.05,00:03,3354,-90
1677.09,00:04,3354,-62
1677.51,00:02,3355,-86
1677.56,00:03,3355,-90
1677.59,00:04,3355,-62
1678.01,00:02,3356,-86
1678.05,00:03,3356,-90
1678.09,00:04,3356,-62
1678.51,00:02,3357,-86
1678.55,00:03,3357,-90
1678.59,00:04,3357,-63
1679.01,00:02,3358,-86
1679.06,00:03,3358,-90
1679.09,00:04,3358,-63
1679.51,00:02,3359,-86
1679.55,00:03,3359,-90
1679.59,00:04,3359,-64
1680.01,00:02,3360,-86
1680.06,00:03,3360,-90
1680.09,00:04,3360,-65
1680.51,00:02,3361,-86
1680.55,00:03,3361,-90
1680.59,00:04,3361,-66
1681.01,00:02,3362,-86
1681.05,00:03,3362,-90
1681.09,00:04,3362,-67
1681.51,00:02,3363,-86
1681.55,00:03,3363,-90
1681.59,00:04,3363,-67
1682.01,00:02,3364,-86
1682.06,00:03,3364,-90
1682.09,00:04,3364,-68
1682.51,00:02,3365,-86
1682.55,00:03,3365,-90
1682.59,00:04,3365,-69
1683.01,00:02,3366,-86
1683.05,00:03,3366,-90
1683.09,00:04,3366,-70
1683.51,00:02,3367,-86
1683.56,00:03,3367,-90
1683.59,00:04,3367,-70
1684.01,00:02,3368,-86
1684.05,00:03,3368,-90
1684.09,00:04,3368,-71
1684.51,00:02,3369,-86
1684.55,00:03,3369,-90
1684.59,00:04,3369,-71
1685.01,00:02,3370,-86
1685.06,00:03,3370,-90
1685.09,00:04,3370,-72
1685.51,00:02,3371,-86
1685.55,00:03,3371,-91
1685.59,00:04,3371,-72
1686.02,00:02,3372,-86
1686.06,00:03,3372,-91
1686.09,00:04,3372,-73
1686.51,00:02,3373,-86
1686.56,00:03,3373,-91
1686.59,00:04,3373,-73
1687.01,00:02,3374,-86
1687.05,00:03,3374,-91
1687.09,00:04,3374,-74
1687.51,00:02,3375,-86
1687.55,00:03,3375,-91
1687.59,00:04,3375,-74
1688.01,00:02,3376,-85
1688.06,00:03,3376,-91
1688.09,00:04,3376,-75
1688.52,00:02,3377,-85
1688.55,00:03,3377,-91
1688.59,00:04,3377,-75
1689.01,00:02,3378,-85
1689.05,00:03,3378,-91
1689.09,00:04,3378,-75
1689.51,00:02,3379,-85
1689.55,00:03,3379,-91
1689.59,00:04,3379,-76
1690.01,00:02,3380,-85
1690.05,00:03,3380,-91
1690.09,00:04,3380,-76
1690.51,00:02,3381,-85
1690.56,00:03,3381,-91
1690.59,00:04,3381,-77
1691.01,00:02,3382,-85
1691.05,00:03,3382,-91
1691.09,00:04,3382,-77
1691.51,00:02,3383,-85
1691.56,00:03,3383,-91
1691.59,00:04,3383,-77
1692.01,00:02,3384,-85
1692.05,00:03,3384,-91
1692.09,00:04,3384,-77
1692.51,00:02,3385,-85
1692.56,00:03,3385,-91
1692.59,00:04,3385,-78
1693.01,00:02,3386,-85
1693.05,00:03,3386,-91
1693.09,00:04,3386,-78
1693.51,00:02,3387,-85
1693.55,00:03,3387,-91
1693.59,00:04,3387,-78
1694.01,00:02,3388,-85
1694.05,00:03,3388,-91
1694.09,00:04,3388,-79
1694.51,00:02,3389,-85
1694.56,00:03,3389,-91
1694.59,00:04,3389,-79
1695.01,00:02,3390,-85
1695.05,00:03,3390,-91
1695.09,00:04,3390,-79
1695.51,00:02,3391,-85
1695.56,00:03,3391,-91
1695.59,00:04,3391,-80
1696.02,00:02,3392,-85
1696.05,00:03,3392,-91
1696.09,00:04,3392,-80
1696.51,00:02,3393,-85
1696.55,00:03,3393,-92
1696.59,00:04,3393,-81
1697.01,00:02,3394,-85
1697.05,00:03,3394,-92
1697.09,00:04,3394,-81
1697.51,00:02,3395,-85
1697.55,00:03,3395,-92
1697.59,00:04,3395,-82
1698.01,00:02,3396,-85
1698.05,00:03,3396,-92
1698.09,00:04,3396,-82
1698.51,00:02,3397,-85
1698.56,00:03,3397,-92
1698.59,00:04,3397,-82
1699.01,00:02,3398,-85
1699.05,00:03,3398,-92
1699.09,00:04,3398,-83
1699.51,00:02,3399,-85
1699.56,00:03,3399,-92
1699.59,00:04,3399,-83
1700.01,00:02,3400,-85
1700.05,00:03,3400,-92
1700.09,00:04,3400,-83
1700.51,00:02,3401,-85
1700.56,00:03,3401,-92
1700.59,00:04,3401,-84
1701.01,00:02,3402,-85
1701.06,00:03,3402,-92
1701.09,00:04,3402,-84
1701.51,00:02,3403,-85
1701.56,00:03,3403,-92
1701.59,00:04,3403,-85
1702.01,00:02,3404,-85
1702.05,00:03,3404,-92
1702.09,00:04,3404,-85
1702.52,00:02,3405,-85
1702.55,00:03,3405,-92
1702.59,00:04,3405,-85
1703.02,00:02,3406,-85
1703.05,00:03,3406,-92
1703.09,00:04,3406,-86
1703.51,00:02,3407,-85
1703.55,00:03,3407,-92
1703.59,00:04,3407,-86
1704.01,00:02,3408,-85
1704.05,00:03,3408,-92
1704.09,00:04,3408,-86
1704.51,00:02,3409,-85
1704.55,00:03,3409,-92
1704.59,00:04,3409,-87
1705.01,00:02,3410,-85
1705.05,00:03,3410,-92
1705.09,00:04,3410,-87
1705.52,00:02,3411,-85
1705.55,00:03,3411,-92
1705.59,00:04,3411,-87
1706.01,00:02,3412,-85
1706.06,00:03,3412,-92
1706.09,00:04,3412,-87
1706.51,00:02,3413,-85
1706.56,00:03,3413,-92
1706.59,00:04,3413,-88
1707.02,00:02,3414,-85
1707.05,00:03,3414,-93
1707.09,00:04,3414,-88
1707.51,00:02,3415,-85
1707.56,00:03,3415,-93
1707.59,00:04,3415,-88
1708.02,00:02,3416,-84
1708.05,00:03,3416,-93
1708.09,00:04,3416,-89
1708.52,00:02,3417,-84
1708.55,00:03,3417,-93
1708.59,00:04,3417,-89
1709.02,00:02,3418,-84
1709.06,00:03,3418,-93
1709.09,00:04,3418,-89
1709.51,00:02,3419,-84
1709.55,00:03,3419,-93
1709.59,00:04,3419,-89
1710.01,00:02,3420,-84
1710.06,00:03,3420,-93
1710.09,00:04,3420,-90
1710.51,00:02,3421,-84
1710.56,00:03,3421,-93
1710.59,00:04,3421,-90
1711.01,00:02,3422,-84
1711.05,00:03,3422,-93
1711.09,00:04,3422,-90
1711.51,00:02,3423,-84
1711.56,00:03,3423,-93
1711.59,00:04,3423,-90
1712.01,00:02,3424,-84
1712.05,00:03,3424,-93
1712.09,00:04,3424,-91
1712.52,00:02,3425,-84
1712.56,00:03,3425,-93
1712.59,00:04,3425,-91
1713.01,00:02,3426,-84
1713.06,00:03,3426,-93
1713.09,00:04,3426,-91
1713.51,00:02,3427,-84
1713.56,00:03,3427,-93
1713.59,00:04,3427,-91
1714.01,00:02,3428,-84
1714.06,00:03,3428,-93
1714.09,00:04,3428,-92
1714.51,00:02,3429,-84
1714.55,00:03,3429,-93
1714.59,00:04,3429,-92
1715.01,00:02,3430,-84
1715.06,00:03,3430,-93
1715.09,00:04,3430,-92
1715.51,00:02,3431,-84
1715.56,00:03,3431,-93
1715.59,00:04,3431,-92
1716.01,00:02,3432,-84
1716.06,00:03,3432,-93
1716.09,00:04,3432,-93
1716.51,00:02,3433,-84
1716.56,00:03,3433,-93
1716.59,00:04,3433,-93
1717.01,00:02,3434,-84
1717.06,00:03,3434,-94
1717.09,00:04,3434,-93
1717.51,00:02,3435,-84
1717.56,00:03,3435,-94
1717.59,00:04,3435,-93
1718.01,00:02,3436,-84
1718.06,00:03,3436,-94
1718.09,00:04,3436,-93
1718.51,00:02,3437,-84
1718.56,00:03,3437,-94
1718.59,00:04,3437,-94
1719.01,00:02,3438,-84
1719.06,00:03,3438,-94
1719.09,00:04,3438,-94
1719.51,00:02,3439,-84
1719.56,00:03,3439,-94
1719.59,00:04,3439,-94
1720.01,00:02,3440,-84
1720.06,00:03,3440,-94
1720.09,00:04,3440,-94
1720.51,00:02,3441,-84
1720.56,00:03,3441,-94
1720.59,00:04,3441,-94
1721.01,00:02,3442,-84
1721.05,00:03,3442,-94
1721.09,00:04,3442,-95
1721.51,00:02,3443,-84
1721.56,00:03,3443,-94
1721.59,00:04,3443,-95
