Time_s,Src_MAC,Seq_Num,RSSI_dBm
0.00909169,00:02,0,-67
0.0577202,00:03,0,-98
0.106308,00:04,0,-100
0.506746,00:02,1,-67
0.558161,00:03,1,-97
0.603157,00:04,1,-100
1.00842,00:02,2,-67
1.05689,00:03,2,-97
1.10655,00:04,2,-100
1.5084,00:02,3,-68
1.55791,00:03,3,-97
1.60487,00:04,3,-100
2.00587,00:02,4,-68
2.05755,00:03,4,-97
2.10456,00:04,4,-100
2.50742,00:02,5,-69
2.55874,00:03,5,-97
2.60613,00:04,5,-100
3.00813,00:02,6,-69
3.05978,00:03,6,-97
3.10585,00:04,6,-100
3.50834,00:02,7,-70
3.55848,00:03,7,-97
3.60463,00:04,7,-100
4.00633,00:02,8,-71
4.0573,00:03,8,-97
4.10623,00:04,8,-100
4.50787,00:02,9,-71
4.5584,00:03,9,-97
4.60489,00:04,9,-100
5.00836,00:02,10,-72
5.05834,00:03,10,-97
5.10491,00:04,10,-100
5.50724,00:02,11,-72
5.55973,00:03,11,-96
5.60418,00:04,11,-100
6.00789,00:02,12,-73
6.05775,00:03,12,-96
6.10427,00:04,12,-100
6.5067,00:02,13,-74
6.55726,00:03,13,-96
6.60362,00:04,13,-99
7.00766,00:02,14,-74
7.05764,00:03,14,-96
7.10573,00:04,14,-99
7.50915,00:02,15,-75
7.55926,00:03,15,-96
7.60413,00:04,15,-99
8.00858,00:02,16,-75
8.05801,00:03,16,-96
8.10429,00:04,16,-99
8.50903,00:02,17,-76
8.55873,00:03,17,-96
8.60401,00:04,17,-99
9.00762,00:02,18,-76
9.05882,00:03,18,-96
9.10462,00:04,18,-99
9.50928,00:02,19,-77
9.55814,00:03,19,-96
9.60365,00:04,19,-99
10.0081,00:02,20,-77
10.058,00:03,20,-96
10.1046,00:04,20,-99
10.5085,00:02,21,-78
10.5573,00:03,21,-95
10.6061,00:04,21,-99
11.0072,00:02,22,-78
11.0578,00:03,22,-95
11.1051,00:04,22,-99
11.5088,00:02,23,-78
11.5576,00:03,23,-95
11.6037,00:04,23,-99
12.0092,00:02,24,-79
12.0572,00:03,24,-95
12.1036,00:04,24,-99
12.5083,00:02,25,-79
12.557,00:03,25,-95
12.6051,00:04,25,-99
13.0093,00:02,26,-79
13.0594,00:03,26,-95
13.1064,00:04,26,-99
13.5081,00:02,27,-80
13.5582,00:03,27,-95
13.6044,00:04,27,-99
14.0073,00:02,28,-80
14.0573,00:03,28,-95
14.1034,00:04,28,-99
14.5081,00:02,29,-80
14.5583,00:03,29,-95
14.6048,00:04,29,-99
15.0086,00:02,30,-81
15.0576,00:03,30,-94
15.1061,00:04,30,-99
15.5083,00:02,31,-81
15.5566,00:03,31,-94
15.604,00:04,31,-99
16.007,00:02,32,-81
16.0584,00:03,32,-94
16.1038,00:04,32,-99
16.5067,00:02,33,-82
16.5577,00:03,33,-94
16.6038,00:04,33,-99
17.0073,00:02,34,-82
17.0559,00:03,34,-94
17.1057,00:04,34,-99
17.5095,00:02,35,-82
17.5565,00:03,35,-94
17.604,00:04,35,-99
18.0077,00:02,36,-83
18.0556,00:03,36,-94
18.104,00:04,36,-99
18.5079,00:02,37,-83
18.5578,00:03,37,-94
18.6036,00:04,37,-99
19.0075,00:02,38,-83
19.0566,00:03,38,-93
19.1046,00:04,38,-99
19.5076,00:02,39,-84
19.5576,00:03,39,-93
19.6032,00:04,39,-99
20.0088,00:02,40,-84
20.0583,00:03,40,-93
20.1043,00:04,40,-99
20.5071,00:02,41,-85
20.5576,00:03,41,-93
20.6043,00:04,41,-99
21.007,00:02,42,-85
21.0572,00:03,42,-93
21.1042,00:04,42,-99
21.5066,00:02,43,-86
21.5579,00:03,43,-93
21.6052,00:04,43,-99
22.0089,00:02,44,-86
22.0582,00:03,44,-93
22.1058,00:04,44,-99
22.5075,00:02,45,-86
22.5583,00:03,45,-93
22.6055,00:04,45,-98
23.0095,00:02,46,-87
23.0571,00:03,46,-92
23.1033,00:04,46,-98
23.5075,00:02,47,-87
23.5579,00:03,47,-92
23.6057,00:04,47,-98
24.0077,00:02,48,-87
24.0578,00:03,48,-92
24.1066,00:04,48,-98
24.5083,00:02,49,-88
24.5591,00:03,49,-92
24.6052,00:04,49,-98
25.0069,00:02,50,-88
25.0558,00:03,50,-92
25.1051,00:04,50,-98
25.507,00:02,51,-88
25.558,00:03,51,-92
25.6046,00:04,51,-98
26.0078,00:02,52,-89
26.0576,00:03,52,-92
26.1054,00:04,52,-98
26.5072,00:02,53,-89
26.5563,00:03,53,-92
26.6032,00:04,53,-98
27.0095,00:02,54,-89
27.059,00:03,54,-91
27.1046,00:04,54,-98
27.5075,00:02,55,-90
27.5574,00:03,55,-91
27.6051,00:04,55,-98
28.0087,00:02,56,-90
28.0581,00:03,56,-91
28.1047,00:04,56,-98
28.5085,00:02,57,-90
28.5575,00:03,57,-91
28.6052,00:04,57,-98
29.0065,00:02,58,-91
29.0567,00:03,58,-91
29.1038,00:04,58,-98
29.509,00:02,59,-91
29.558,00:03,59,-91
29.6067,00:04,59,-98
30.0089,00:02,60,-91
30.0571,00:03,60,-91
30.1042,00:04,60,-98
30.5073,00:02,61,-91
30.5575,00:03,61,-90
30.6056,00:04,61,-98
31.0084,00:02,62,-92
31.056,00:03,62,-90
31.106,00:04,62,-98
31.5085,00:02,63,-92
31.5575,00:03,63,-90
31.6037,00:04,63,-98
32.0091,00:02,64,-92
32.0564,00:03,64,-90
32.1035,00:04,64,-98
32.5087,00:02,65,-93
32.5581,00:03,65,-90
32.6044,00:04,65,-98
33.0067,00:02,66,-93
33.0577,00:03,66,-90
33.105,00:04,66,-98
33.5089,00:02,67,-93
33.5571,00:03,67,-89
33.6054,00:04,67,-98
34.007,00:02,68,-93
34.0573,00:03,68,-89
34.1049,00:04,68,-98
34.5083,00:02,69,-94
34.5581,00:03,69,-89
34.6041,00:04,69,-98
35.0079,00:02,70,-94
35.0575,00:03,70,-89
35.1049,00:04,70,-98
35.508,00:02,71,-94
35.5564,00:03,71,-89
35.6057,00:04,71,-98
36.0082,00:02,72,-94
36.0575,00:03,72,-89
36.1039,00:04,72,-98
36.5097,00:02,73,-95
36.5583,00:03,73,-89
36.6051,00:04,73,-98
37.0062,00:02,74,-95
37.0581,00:03,74,-88
37.1039,00:04,74,-98
37.5092,00:02,75,-95
37.5576,00:03,75,-88
37.6063,00:04,75,-98
38.0083,00:02,76,-95
38.0584,00:03,76,-88
38.1037,00:04,76,-98
38.5083,00:02,77,-95
38.5587,00:03,77,-88
38.6062,00:04,77,-98
39.0072,00:02,78,-96
39.0579,00:03,78,-88
39.1059,00:04,78,-98
39.5077,00:02,79,-96
39.5597,00:03,79,-88
39.6068,00:04,79,-98
40.0094,00:02,80,-96
40.0583,00:03,80,-87
40.1054,00:04,80,-98
40.5075,00:02,81,-96
40.5589,00:03,81,-87
40.6064,00:04,81,-98
41.0077,00:02,82,-97
41.0579,00:03,82,-87
41.1055,00:04,82,-98
41.5085,00:02,83,-97
41.5587,00:03,83,-87
41.6052,00:04,83,-98
42.0079,00:02,84,-97
42.0564,00:03,84,-87
42.1049,00:04,84,-98
42.5081,00:02,85,-97
42.5581,00:03,85,-86
42.6052,00:04,85,-98
43.007,00:02,86,-97
43.0578,00:03,86,-86
43.1063,00:04,86,-98
43.5075,00:02,87,-98
43.5574,00:03,87,-86
43.6047,00:04,87,-98
44.0093,00:02,88,-98
44.058,00:03,88,-86
44.1055,00:04,88,-98
44.5074,00:02,89,-98
44.5563,00:03,89,-86
44.6045,00:04,89,-98
45.0083,00:02,90,-98
45.0577,00:03,90,-86
45.1063,00:04,90,-98
45.5068,00:02,91,-98
45.5562,00:03,91,-85
45.6055,00:04,91,-98
46.0059,00:02,92,-99
46.0567,00:03,92,-85
46.1041,00:04,92,-98
46.5097,00:02,93,-99
46.5573,00:03,93,-85
46.6043,00:04,93,-98
47.0066,00:02,94,-99
47.0561,00:03,94,-85
47.1058,00:04,94,-98
47.506,00:02,95,-99
47.5586,00:03,95,-85
47.6055,00:04,95,-98
48.0078,00:02,96,-99
48.0568,00:03,96,-84
48.1064,00:04,96,-98
48.5073,00:02,97,-99
48.5575,00:03,97,-84
48.6047,00:04,97,-98
49.0083,00:02,98,-100
49.0583,00:03,98,-84
49.1047,00:04,98,-98
49.5074,00:02,99,-100
49.5585,00:03,99,-84
49.6058,00:04,99,-98
50.0098,00:02,100,-100
50.0573,00:03,100,-84
50.1043,00:04,100,-98
50.5078,00:02,101,-100
50.5596,00:03,101,-83
50.6053,00:04,101,-98
51.0071,00:02,102,-100
51.0591,00:03,102,-83
51.107,00:04,102,-98
51.5071,00:02,103,-100
51.5591,00:03,103,-83
51.607,00:04,103,-98
52.0081,00:02,104,-101
52.0586,00:03,104,-83
52.1056,00:04,104,-98
52.508,00:02,105,-101
52.5579,00:03,105,-82
52.6053,00:04,105,-98
53.0089,00:02,106,-101
53.0572,00:03,106,-82
53.104,00:04,106,-98
53.5063,00:02,107,-101
53.5561,00:03,107,-82
53.6065,00:04,107,-98
54.0083,00:02,108,-101
54.0566,00:03,108,-82
54.1057,00:04,108,-98
54.5083,00:02,109,-101
54.5571,00:03,109,-81
54.606,00:04,109,-98
55.0079,00:02,110,-102
55.0558,00:03,110,-81
55.1051,00:04,110,-98
55.5085,00:02,111,-102
55.5582,00:03,111,-81
55.6071,00:04,111,-98
56.0072,00:02,112,-102
56.0573,00:03,112,-81
56.1047,00:04,112,-98
56.5073,00:02,113,-102
56.5567,00:03,113,-80
56.6055,00:04,113,-98
57.0084,00:02,114,-102
57.0565,00:03,114,-80
57.1049,00:04,114,-98
57.5085,00:02,115,-102
57.5567,00:03,115,-80
57.6053,00:04,115,-98
58.008,00:02,116,-103
58.0565,00:03,116,-80
58.1068,00:04,116,-98
58.5063,00:02,117,-103
58.5559,00:03,117,-79
58.6074,00:04,117,-98
59.0097,00:02,118,-103
59.0562,00:03,118,-79
59.1062,00:04,118,-98
59.5078,00:02,119,-103
59.5559,00:03,119,-79
59.606,00:04,119,-98
60.0077,00:02,120,-103
60.0579,00:03,120,-79
60.1054,00:04,120,-98
60.5073,00:02,121,-103
60.5556,00:03,121,-78
60.6038,00:04,121,-98
61.0074,00:02,122,-103
61.0574,00:03,122,-78
61.1059,00:04,122,-98
61.5081,00:02,123,-104
61.5584,00:03,123,-78
61.6067,00:04,123,-98
62.008,00:02,124,-104
62.0582,00:03,124,-77
62.1052,00:04,124,-98
62.5082,00:02,125,-104
62.5578,00:03,125,-77
62.6066,00:04,125,-98
63.0071,00:02,126,-104
63.0558,00:03,126,-77
63.1052,00:04,126,-98
63.5092,00:02,127,-104
63.5592,00:03,127,-76
63.6068,00:04,127,-98
64.0068,00:02,128,-104
64.0588,00:03,128,-76
64.1051,00:04,128,-98
64.5083,00:02,129,-104
64.558,00:03,129,-76
64.6047,00:04,129,-98
65.0075,00:02,130,-105
65.0579,00:03,130,-75
65.1042,00:04,130,-98
65.5088,00:02,131,-105
65.5576,00:03,131,-75
65.6072,00:04,131,-98
66.0076,00:02,132,-105
66.0584,00:03,132,-75
66.1062,00:04,132,-98
66.5063,00:02,133,-105
66.5594,00:03,133,-74
66.6037,00:04,133,-98
67.0066,00:02,134,-105
67.057,00:03,134,-74
67.1044,00:04,134,-98
67.5066,00:02,135,-105
67.5577,00:03,135,-74
67.6054,00:04,135,-98
68.0084,00:02,136,-105
68.0568,00:03,136,-73
68.1039,00:04,136,-99
68.5096,00:02,137,-105
68.5569,00:03,137,-73
68.6046,00:04,137,-99
69.0091,00:02,138,-106
69.0571,00:03,138,-72
69.1056,00:04,138,-99
69.5087,00:02,139,-106
69.5566,00:03,139,-72
69.6063,00:04,139,-99
70.0079,00:02,140,-106
70.0583,00:03,140,-72
70.1044,00:04,140,-99
70.5081,00:02,141,-106
70.5592,00:03,141,-71
70.6043,00:04,141,-99
71.0083,00:02,142,-106
71.0568,00:03,142,-71
71.1054,00:04,142,-99
71.5088,00:02,143,-106
71.559,00:03,143,-70
71.6048,00:04,143,-99
72.0072,00:02,144,-106
72.058,00:03,144,-70
72.1067,00:04,144,-99
72.5083,00:02,145,-106
72.5576,00:03,145,-70
72.6045,00:04,145,-99
73.0093,00:02,146,-107
73.0577,00:03,146,-69
73.1053,00:04,146,-99
73.5064,00:02,147,-107
73.5582,00:03,147,-69
73.6062,00:04,147,-99
74.0073,00:02,148,-107
74.0568,00:03,148,-69
74.1065,00:04,148,-99
74.5084,00:02,149,-107
74.5577,00:03,149,-68
74.6044,00:04,149,-99
75.0076,00:02,150,-107
75.0568,00:03,150,-68
75.1057,00:04,150,-99
75.5068,00:02,151,-107
75.5581,00:03,151,-68
75.6063,00:04,151,-99
76.0082,00:02,152,-107
76.0583,00:03,152,-67
76.107,00:04,152,-99
76.509,00:02,153,-107
76.5578,00:03,153,-67
76.6038,00:04,153,-99
77.0094,00:02,154,-107
77.0572,00:03,154,-67
77.1063,00:04,154,-99
77.5069,00:02,155,-108
77.5578,00:03,155,-66
77.6055,00:04,155,-99
78.0093,00:02,156,-108
78.0563,00:03,156,-66
78.1073,00:04,156,-99
78.5085,00:02,157,-108
78.5569,00:03,157,-66
78.6074,00:04,157,-99
79.0089,00:02,158,-108
79.0581,00:03,158,-65
79.1063,00:04,158,-99
79.5595,00:03,159,-65
79.6074,00:04,159,-99
80.0092,00:02,160,-108
80.0565,00:03,160,-64
80.1053,00:04,160,-99
80.5571,00:03,161,-64
80.6051,00:04,161,-99
81.0571,00:03,162,-64
81.1054,00:04,162,-99
81.509,00:02,163,-108
81.5563,00:03,163,-63
81.6036,00:04,163,-99
82.0082,00:02,164,-109
82.0583,00:03,164,-63
82.1063,00:04,164,-99
82.558,00:03,165,-62
82.6056,00:04,165,-99
83.056,00:03,166,-62
83.1066,00:04,166,-99
83.5559,00:03,167,-61
83.605,00:04,167,-99
84.0592,00:03,168,-60
84.1068,00:04,168,-100
84.5568,00:03,169,-60
84.6049,00:04,169,-100
85.0569,00:03,170,-59
85.1055,00:04,170,-100
85.558,00:03,171,-59
85.6041,00:04,171,-100
86.0587,00:03,172,-58
86.1043,00:04,172,-100
86.5589,00:03,173,-57
86.606,00:04,173,-100
87.0576,00:03,174,-57
87.1052,00:04,174,-100
87.5572,00:03,175,-56
87.6041,00:04,175,-100
88.059,00:03,176,-55
88.1054,00:04,176,-100
88.5577,00:03,177,-55
88.6055,00:04,177,-100
89.0589,00:03,178,-55
89.1069,00:04,178,-100
89.5593,00:03,179,-54
89.6053,00:04,179,-100
90.0577,00:03,180,-54
90.1055,00:04,180,-100
90.5576,00:03,181,-55
90.6053,00:04,181,-100
91.0576,00:03,182,-56
91.106,00:04,182,-100
91.5559,00:03,183,-57
91.6051,00:04,183,-100
92.0577,00:03,184,-58
92.1061,00:04,184,-100
92.556,00:03,185,-59
92.6071,00:04,185,-100
93.057,00:03,186,-60
93.1058,00:04,186,-99
93.556,00:03,187,-60
93.6048,00:04,187,-99
94.0567,00:03,188,-61
94.1067,00:04,188,-99
94.5579,00:03,189,-62
94.6072,00:04,189,-99
95.0571,00:03,190,-62
95.1046,00:04,190,-99
95.5572,00:03,191,-62
95.6065,00:04,191,-99
96.0574,00:03,192,-62
96.1055,00:04,192,-99
96.5583,00:03,193,-62
96.6046,00:04,193,-99
97.0576,00:03,194,-62
97.1063,00:04,194,-99
97.5566,00:03,195,-62
97.6047,00:04,195,-99
98.0586,00:03,196,-62
98.1039,00:04,196,-99
98.5568,00:03,197,-62
98.6045,00:04,197,-99
99.0069,00:02,198,-110
99.0572,00:03,198,-63
99.1061,00:04,198,-99
99.5587,00:03,199,-63
99.6071,00:04,199,-99
100.059,00:03,200,-63
100.106,00:04,200,-99
100.556,00:03,201,-63
100.606,00:04,201,-99
101.059,00:03,202,-64
101.106,00:04,202,-99
101.557,00:03,203,-64
101.605,00:04,203,-99
102.058,00:03,204,-64
102.106,00:04,204,-99
102.507,00:02,205,-109
102.557,00:03,205,-64
102.605,00:04,205,-99
103.01,00:02,206,-109
103.056,00:03,206,-65
103.106,00:04,206,-99
103.558,00:03,207,-65
103.605,00:04,207,-99
104.057,00:03,208,-65
104.105,00:04,208,-98
104.508,00:02,209,-109
104.559,00:03,209,-66
104.605,00:04,209,-98
105.009,00:02,210,-108
105.059,00:03,210,-66
105.108,00:04,210,-98
105.558,00:03,211,-66
105.605,00:04,211,-98
106.008,00:02,212,-108
106.056,00:03,212,-66
106.104,00:04,212,-98
106.509,00:02,213,-108
106.558,00:03,213,-67
106.607,00:04,213,-98
107.056,00:03,214,-67
107.105,00:04,214,-98
107.507,00:02,215,-108
107.556,00:03,215,-67
107.606,00:04,215,-98
108.007,00:02,216,-108
108.058,00:03,216,-68
108.106,00:04,216,-98
108.507,00:02,217,-108
108.557,00:03,217,-68
108.606,00:04,217,-98
109.009,00:02,218,-108
109.058,00:03,218,-68
109.105,00:04,218,-98
109.508,00:02,219,-107
109.559,00:03,219,-68
109.606,00:04,219,-98
110.057,00:03,220,-69
110.106,00:04,220,-98
110.508,00:02,221,-107
110.556,00:03,221,-69
110.604,00:04,221,-98
111.006,00:02,222,-107
111.058,00:03,222,-69
111.108,00:04,222,-98
111.509,00:02,223,-107
111.558,00:03,223,-69
111.608,00:04,223,-98
112.008,00:02,224,-107
112.058,00:03,224,-70
112.105,00:04,224,-98
112.508,00:02,225,-107
112.557,00:03,225,-70
112.606,00:04,225,-98
113.008,00:02,226,-107
113.057,00:03,226,-71
113.105,00:04,226,-98
113.51,00:02,227,-106
113.556,00:03,227,-71
113.607,00:04,227,-98
114.007,00:02,228,-106
114.058,00:03,228,-71
114.105,00:04,228,-98
114.509,00:02,229,-106
114.558,00:03,229,-72
114.605,00:04,229,-98
115.009,00:02,230,-106
115.058,00:03,230,-72
115.107,00:04,230,-98
115.508,00:02,231,-106
115.557,00:03,231,-72
115.606,00:04,231,-98
116.007,00:02,232,-106
116.058,00:03,232,-73
116.106,00:04,232,-98
116.507,00:02,233,-106
116.558,00:03,233,-73
116.606,00:04,233,-98
117.01,00:02,234,-106
117.057,00:03,234,-74
117.106,00:04,234,-98
117.51,00:02,235,-106
117.556,00:03,235,-74
117.606,00:04,235,-98
118.01,00:02,236,-105
118.056,00:03,236,-74
118.106,00:04,236,-98
118.509,00:02,237,-105
118.557,00:03,237,-75
118.606,00:04,237,-98
119.008,00:02,238,-105
119.056,00:03,238,-75
119.106,00:04,238,-97
119.508,00:02,239,-105
119.557,00:03,239,-75
119.606,00:04,239,-97
120.007,00:02,240,-105
120.059,00:03,240,-76
120.105,00:04,240,-97
120.51,00:02,241,-105
120.556,00:03,241,-76
120.607,00:04,241,-97
121.009,00:02,242,-105
121.059,00:03,242,-76
121.107,00:04,242,-97
121.508,00:02,243,-104
121.558,00:03,243,-77
121.606,00:04,243,-97
122.007,00:02,244,-104
122.058,00:03,244,-77
122.104,00:04,244,-97
122.509,00:02,245,-104
122.556,00:03,245,-77
122.607,00:04,245,-97
123.009,00:02,246,-104
123.058,00:03,246,-77
123.107,00:04,246,-97
123.51,00:02,247,-104
123.558,00:03,247,-78
123.607,00:04,247,-97
124.009,00:02,248,-104
124.057,00:03,248,-78
124.106,00:04,248,-97
124.509,00:02,249,-104
124.559,00:03,249,-78
124.606,00:04,249,-97
125.009,00:02,250,-104
125.058,00:03,250,-79
125.107,00:04,250,-97
125.508,00:02,251,-103
125.557,00:03,251,-79
125.606,00:04,251,-97
126.006,00:02,252,-103
126.058,00:03,252,-79
126.106,00:04,252,-97
126.509,00:02,253,-103
126.558,00:03,253,-79
126.608,00:04,253,-97
127.008,00:02,254,-103
127.059,00:03,254,-80
127.106,00:04,254,-97
127.51,00:02,255,-103
127.557,00:03,255,-80
127.606,00:04,255,-97
128.007,00:02,256,-103
128.058,00:03,256,-80
128.107,00:04,256,-97
128.509,00:02,257,-103
128.557,00:03,257,-80
128.606,00:04,257,-97
129.009,00:02,258,-102
129.056,00:03,258,-81
129.105,00:04,258,-97
129.509,00:02,259,-102
129.556,00:03,259,-81
129.607,00:04,259,-97
130.007,00:02,260,-102
130.058,00:03,260,-81
130.107,00:04,260,-97
130.507,00:02,261,-102
130.558,00:03,261,-81
130.605,00:04,261,-97
131.009,00:02,262,-102
131.057,00:03,262,-82
131.105,00:04,262,-97
131.51,00:02,263,-102
131.559,00:03,263,-82
131.605,00:04,263,-97
132.009,00:02,264,-101
132.059,00:03,264,-82
132.106,00:04,264,-97
132.508,00:02,265,-101
132.559,00:03,265,-82
132.607,00:04,265,-97
133.008,00:02,266,-108
133.058,00:03,266,-90
133.106,00:04,266,-104
133.508,00:02,267,-108
133.559,00:03,267,-90
133.607,00:04,267,-104
134.059,00:03,268,-90
134.105,00:04,268,-104
134.51,00:02,269,-108
134.556,00:03,269,-90
134.607,00:04,269,-104
135.058,00:03,270,-90
135.107,00:04,270,-104
135.509,00:02,271,-107
135.559,00:03,271,-91
135.607,00:04,271,-104
136.008,00:02,272,-107
136.058,00:03,272,-91
136.104,00:04,272,-104
136.507,00:02,273,-107
136.557,00:03,273,-91
136.605,00:04,273,-104
137.01,00:02,274,-107
137.058,00:03,274,-91
137.108,00:04,274,-104
137.509,00:02,275,-107
137.557,00:03,275,-91
137.607,00:04,275,-104
138.008,00:02,276,-106
138.058,00:03,276,-92
138.107,00:04,276,-104
138.507,00:02,277,-106
138.557,00:03,277,-92
138.607,00:04,277,-104
139.009,00:02,278,-106
139.056,00:03,278,-92
139.106,00:04,278,-104
139.508,00:02,279,-106
139.558,00:03,279,-92
139.606,00:04,279,-104
140.009,00:02,280,-106
140.056,00:03,280,-92
140.107,00:04,280,-104
140.51,00:02,281,-106
140.559,00:03,281,-93
140.607,00:04,281,-104
141.008,00:02,282,-105
141.059,00:03,282,-93
141.107,00:04,282,-104
141.508,00:02,283,-105
141.556,00:03,283,-93
141.607,00:04,283,-104
142.009,00:02,284,-105
142.058,00:03,284,-93
142.106,00:04,284,-104
142.508,00:02,285,-105
142.559,00:03,285,-93
142.608,00:04,285,-104
143.01,00:02,286,-105
143.059,00:03,286,-94
143.107,00:04,286,-104
143.508,00:02,287,-104
143.556,00:03,287,-94
143.607,00:04,287,-104
144.007,00:02,288,-104
144.056,00:03,288,-94
144.107,00:04,288,-104
144.509,00:02,289,-104
144.559,00:03,289,-94
144.606,00:04,289,-104
145.008,00:02,290,-104
145.056,00:03,290,-94
145.107,00:04,290,-104
145.509,00:02,291,-104
145.558,00:03,291,-94
145.607,00:04,291,-104
146.008,00:02,292,-103
146.058,00:03,292,-95
146.107,00:04,292,-104
146.506,00:02,293,-103
146.556,00:03,293,-95
146.607,00:04,293,-104
147.007,00:02,294,-103
147.058,00:03,294,-95
147.106,00:04,294,-104
147.508,00:02,295,-103
147.558,00:03,295,-95
147.605,00:04,295,-104
148.009,00:02,296,-103
148.058,00:03,296,-95
148.106,00:04,296,-104
148.508,00:02,297,-102
148.557,00:03,297,-95
148.606,00:04,297,-104
149.007,00:02,298,-95
149.058,00:03,298,-89
149.108,00:04,298,-97
149.509,00:02,299,-95
149.556,00:03,299,-89
149.606,00:04,299,-97
150.01,00:02,300,-95
150.058,00:03,300,-89
150.105,00:04,300,-97
150.508,00:02,301,-94
150.557,00:03,301,-89
150.606,00:04,301,-97
151.009,00:02,302,-94
151.057,00:03,302,-89
151.107,00:04,302,-97
151.508,00:02,303,-94
151.556,00:03,303,-89
151.607,00:04,303,-97
152.01,00:02,304,-94
152.057,00:03,304,-90
152.107,00:04,304,-97
152.508,00:02,305,-93
152.559,00:03,305,-90
152.607,00:04,305,-97
153.007,00:02,306,-93
153.057,00:03,306,-90
153.105,00:04,306,-97
153.508,00:02,307,-93
153.558,00:03,307,-90
153.606,00:04,307,-97
154.008,00:02,308,-93
154.057,00:03,308,-90
154.107,00:04,308,-97
154.509,00:02,309,-92
154.557,00:03,309,-90
154.605,00:04,309,-97
155.01,00:02,310,-92
155.058,00:03,310,-90
155.108,00:04,310,-97
155.509,00:02,311,-92
155.559,00:03,311,-91
155.605,00:04,311,-97
156.007,00:02,312,-92
156.058,00:03,312,-91
156.108,00:04,312,-97
156.509,00:02,313,-91
156.559,00:03,313,-91
156.606,00:04,313,-97
157.008,00:02,314,-91
157.058,00:03,314,-91
157.108,00:04,314,-97
157.508,00:02,315,-91
157.559,00:03,315,-91
157.608,00:04,315,-97
158.008,00:02,316,-91
158.059,00:03,316,-91
158.106,00:04,316,-97
158.509,00:02,317,-90
158.557,00:03,317,-91
158.606,00:04,317,-97
159.007,00:02,318,-90
159.055,00:03,318,-92
159.105,00:04,318,-97
159.507,00:02,319,-90
159.559,00:03,319,-92
159.608,00:04,319,-97
160.008,00:02,320,-89
160.058,00:03,320,-92
160.108,00:04,320,-97
160.508,00:02,321,-89
160.558,00:03,321,-92
160.607,00:04,321,-97
161.008,00:02,322,-89
161.057,00:03,322,-92
161.106,00:04,322,-97
161.509,00:02,323,-88
161.557,00:03,323,-92
161.608,00:04,323,-97
162.01,00:02,324,-88
162.058,00:03,324,-92
162.108,00:04,324,-97
162.507,00:02,325,-88
162.557,00:03,325,-92
162.608,00:04,325,-97
163.007,00:02,326,-88
163.058,00:03,326,-93
163.109,00:04,326,-98
163.51,00:02,327,-87
163.557,00:03,327,-93
163.606,00:04,327,-98
164.008,00:02,328,-87
164.058,00:03,328,-93
164.107,00:04,328,-98
164.507,00:02,329,-86
164.558,00:03,329,-93
164.608,00:04,329,-98
165.008,00:02,330,-86
165.057,00:03,330,-93
165.106,00:04,330,-98
165.509,00:02,331,-86
165.558,00:03,331,-93
165.607,00:04,331,-98
166.008,00:02,332,-85
166.058,00:03,332,-93
166.106,00:04,332,-98
166.509,00:02,333,-85
166.556,00:03,333,-93
166.606,00:04,333,-98
167.008,00:02,334,-85
167.057,00:03,334,-94
167.107,00:04,334,-98
167.509,00:02,335,-84
167.557,00:03,335,-94
167.607,00:04,335,-98
168.008,00:02,336,-84
168.058,00:03,336,-94
168.107,00:04,336,-98
168.509,00:02,337,-83
168.557,00:03,337,-94
168.606,00:04,337,-98
169.009,00:02,338,-83
169.059,00:03,338,-94
169.106,00:04,338,-98
169.508,00:02,339,-83
169.557,00:03,339,-94
169.608,00:04,339,-98
170.009,00:02,340,-82
170.056,00:03,340,-94
170.106,00:04,340,-98
170.509,00:02,341,-82
170.557,00:03,341,-94
170.606,00:04,341,-98
171.008,00:02,342,-82
171.058,00:03,342,-95
171.107,00:04,342,-98
171.508,00:02,343,-81
171.557,00:03,343,-95
171.606,00:04,343,-98
172.008,00:02,344,-81
172.056,00:03,344,-95
172.105,00:04,344,-98
172.507,00:02,345,-81
172.557,00:03,345,-95
172.609,00:04,345,-98
173.008,00:02,346,-81
173.057,00:03,346,-95
173.108,00:04,346,-98
173.509,00:02,347,-80
173.557,00:03,347,-95
173.607,00:04,347,-98
174.009,00:02,348,-80
174.057,00:03,348,-95
174.107,00:04,348,-98
174.509,00:02,349,-80
174.557,00:03,349,-95
174.606,00:04,349,-98
175.009,00:02,350,-80
175.058,00:03,350,-95
175.106,00:04,350,-98
175.507,00:02,351,-79
175.558,00:03,351,-96
175.609,00:04,351,-98
176.009,00:02,352,-79
176.058,00:03,352,-96
176.105,00:04,352,-98
176.507,00:02,353,-79
176.557,00:03,353,-96
176.607,00:04,353,-98
177.009,00:02,354,-78
177.056,00:03,354,-96
177.107,00:04,354,-98
177.508,00:02,355,-78
177.557,00:03,355,-96
177.607,00:04,355,-98
178.009,00:02,356,-78
178.058,00:03,356,-96
178.108,00:04,356,-99
178.507,00:02,357,-78
178.559,00:03,357,-96
178.607,00:04,357,-99
179.007,00:02,358,-77
179.058,00:03,358,-96
179.107,00:04,358,-99
179.509,00:02,359,-77
179.557,00:03,359,-96
179.608,00:04,359,-99
180.009,00:02,360,-77
180.057,00:03,360,-96
180.105,00:04,360,-99
180.509,00:02,361,-76
180.557,00:03,361,-97
180.606,00:04,361,-99
181.008,00:02,362,-76
181.056,00:03,362,-97
181.107,00:04,362,-99
181.509,00:02,363,-76
181.559,00:03,363,-97
181.606,00:04,363,-99
182.009,00:02,364,-76
182.057,00:03,364,-97
182.106,00:04,364,-99
182.507,00:02,365,-75
182.559,00:03,365,-97
182.607,00:04,365,-99
183.007,00:02,366,-75
183.058,00:03,366,-97
183.108,00:04,366,-99
183.509,00:02,367,-75
183.556,00:03,367,-97
183.606,00:04,367,-99
184.009,00:02,368,-75
184.056,00:03,368,-97
184.107,00:04,368,-99
184.508,00:02,369,-75
184.556,00:03,369,-97
184.608,00:04,369,-99
185.007,00:02,370,-75
185.057,00:03,370,-97
185.107,00:04,370,-99
185.51,00:02,371,-75
185.558,00:03,371,-98
185.606,00:04,371,-99
186.008,00:02,372,-75
186.059,00:03,372,-98
186.107,00:04,372,-99
186.509,00:02,373,-75
186.557,00:03,373,-98
186.608,00:04,373,-99
187.009,00:02,374,-76
187.059,00:03,374,-98
187.106,00:04,374,-99
187.508,00:02,375,-76
187.556,00:03,375,-98
187.607,00:04,375,-99
188.007,00:02,376,-77
188.057,00:03,376,-98
188.108,00:04,376,-99
188.509,00:02,377,-77
188.557,00:03,377,-98
188.606,00:04,377,-99
189.009,00:02,378,-78
189.058,00:03,378,-98
189.105,00:04,378,-99
189.508,00:02,379,-78
189.557,00:03,379,-98
189.607,00:04,379,-99
190.008,00:02,380,-78
190.057,00:03,380,-98
190.106,00:04,380,-98
190.508,00:02,381,-79
190.558,00:03,381,-98
190.606,00:04,381,-98
191.01,00:02,382,-79
191.058,00:03,382,-98
191.106,00:04,382,-98
191.51,00:02,383,-79
191.557,00:03,383,-98
191.607,00:04,383,-98
192.008,00:02,384,-79
192.057,00:03,384,-98
192.108,00:04,384,-98
192.508,00:02,385,-79
192.558,00:03,385,-98
192.606,00:04,385,-98
193.009,00:02,386,-79
193.057,00:03,386,-98
193.106,00:04,386,-98
193.508,00:02,387,-79
193.557,00:03,387,-97
193.607,00:04,387,-98
194.01,00:02,388,-79
194.057,00:03,388,-97
194.108,00:04,388,-98
194.509,00:02,389,-79
194.558,00:03,389,-97
194.608,00:04,389,-98
195.008,00:02,390,-79
195.059,00:03,390,-97
195.108,00:04,390,-98
195.508,00:02,391,-79
195.558,00:03,391,-97
195.608,00:04,391,-98
196.01,00:02,392,-80
196.057,00:03,392,-97
196.108,00:04,392,-98
196.508,00:02,393,-80
196.557,00:03,393,-97
196.606,00:04,393,-98
197.007,00:02,394,-80
197.058,00:03,394,-97
197.107,00:04,394,-98
197.509,00:02,395,-80
197.556,00:03,395,-97
197.607,00:04,395,-98
198.009,00:02,396,-80
198.057,00:03,396,-97
198.109,00:04,396,-98
198.507,00:02,397,-80
198.558,00:03,397,-96
198.607,00:04,397,-98
199.008,00:02,398,-80
199.058,00:03,398,-96
199.108,00:04,398,-98
199.51,00:02,399,-81
199.558,00:03,399,-96
199.607,00:04,399,-98
200.01,00:02,400,-81
200.058,00:03,400,-96
200.109,00:04,400,-98
200.51,00:02,401,-81
200.557,00:03,401,-96
200.606,00:04,401,-98
201.008,00:02,402,-81
201.058,00:03,402,-96
201.107,00:04,402,-98
201.509,00:02,403,-81
201.559,00:03,403,-96
201.606,00:04,403,-97
202.01,00:02,404,-81
202.058,00:03,404,-96
202.106,00:04,404,-97
202.508,00:02,405,-82
202.557,00:03,405,-96
202.609,00:04,405,-97
203.011,00:02,406,-82
203.055,00:03,406,-96
203.108,00:04,406,-97
203.508,00:02,407,-82
203.558,00:03,407,-95
203.607,00:04,407,-97
204.008,00:02,408,-82
204.058,00:03,408,-95
204.107,00:04,408,-97
204.509,00:02,409,-82
204.558,00:03,409,-95
204.608,00:04,409,-97
205.008,00:02,410,-83
205.057,00:03,410,-95
205.108,00:04,410,-97
205.51,00:02,411,-83
205.556,00:03,411,-95
205.609,00:04,411,-97
206.008,00:02,412,-83
206.056,00:03,412,-95
206.106,00:04,412,-97
206.51,00:02,413,-84
206.557,00:03,413,-95
206.607,00:04,413,-97
207.007,00:02,414,-84
207.058,00:03,414,-95
207.108,00:04,414,-97
207.508,00:02,415,-84
207.557,00:03,415,-95
207.606,00:04,415,-97
208.01,00:02,416,-85
208.058,00:03,416,-94
208.108,00:04,416,-97
208.51,00:02,417,-85
208.557,00:03,417,-94
208.607,00:04,417,-97
209.008,00:02,418,-85
209.059,00:03,418,-94
209.107,00:04,418,-97
209.509,00:02,419,-86
209.558,00:03,419,-94
209.606,00:04,419,-97
210.009,00:02,420,-86
210.057,00:03,420,-94
210.106,00:04,420,-97
210.508,00:02,421,-86
210.557,00:03,421,-94
210.608,00:04,421,-97
211.01,00:02,422,-87
211.057,00:03,422,-94
211.108,00:04,422,-97
211.508,00:02,423,-87
211.555,00:03,423,-94
211.609,00:04,423,-97
212.008,00:02,424,-87
212.057,00:03,424,-93
212.107,00:04,424,-97
212.509,00:02,425,-87
212.558,00:03,425,-93
212.608,00:04,425,-97
213.007,00:02,426,-88
213.059,00:03,426,-93
213.11,00:04,426,-97
213.509,00:02,427,-88
213.558,00:03,427,-93
213.608,00:04,427,-97
214.007,00:02,428,-88
214.056,00:03,428,-93
214.108,00:04,428,-97
214.507,00:02,429,-89
214.557,00:03,429,-93
214.609,00:04,429,-97
215.007,00:02,430,-89
215.057,00:03,430,-93
215.107,00:04,430,-96
215.508,00:02,431,-89
215.559,00:03,431,-93
215.607,00:04,431,-96
216.007,00:02,432,-89
216.058,00:03,432,-92
216.107,00:04,432,-96
216.507,00:02,433,-90
216.556,00:03,433,-92
216.607,00:04,433,-96
217.008,00:02,434,-90
217.057,00:03,434,-92
217.107,00:04,434,-96
217.509,00:02,435,-90
217.557,00:03,435,-92
217.606,00:04,435,-96
218.008,00:02,436,-91
218.059,00:03,436,-92
218.109,00:04,436,-96
218.509,00:02,437,-91
218.557,00:03,437,-92
218.609,00:04,437,-96
219.008,00:02,438,-91
219.058,00:03,438,-92
219.107,00:04,438,-96
219.509,00:02,439,-91
219.557,00:03,439,-92
219.608,00:04,439,-96
220.009,00:02,440,-92
220.058,00:03,440,-91
220.107,00:04,440,-96
220.51,00:02,441,-92
220.558,00:03,441,-91
220.608,00:04,441,-96
221.009,00:02,442,-92
221.058,00:03,442,-91
221.108,00:04,442,-96
221.508,00:02,443,-92
221.558,00:03,443,-91
221.608,00:04,443,-96
222.008,00:02,444,-93
222.058,00:03,444,-91
222.107,00:04,444,-96
222.508,00:02,445,-93
222.557,00:03,445,-91
222.608,00:04,445,-96
223.009,00:02,446,-93
223.058,00:03,446,-91
223.11,00:04,446,-96
223.507,00:02,447,-93
223.559,00:03,447,-90
223.609,00:04,447,-96
224.01,00:02,448,-94
224.058,00:03,448,-90
224.109,00:04,448,-96
224.509,00:02,449,-94
224.559,00:03,449,-90
224.607,00:04,449,-96
225.009,00:02,450,-94
225.057,00:03,450,-90
225.109,00:04,450,-96
225.509,00:02,451,-94
225.557,00:03,451,-90
225.606,00:04,451,-96
226.009,00:02,452,-94
226.058,00:03,452,-90
226.109,00:04,452,-96
226.507,00:02,453,-95
226.557,00:03,453,-90
226.609,00:04,453,-96
227.008,00:02,454,-95
227.057,00:03,454,-89
227.108,00:04,454,-96
227.508,00:02,455,-95
227.556,00:03,455,-89
227.609,00:04,455,-96
228.009,00:02,456,-95
228.057,00:03,456,-89
228.107,00:04,456,-96
228.508,00:02,457,-96
228.556,00:03,457,-89
228.607,00:04,457,-96
229.009,00:02,458,-96
229.058,00:03,458,-89
229.107,00:04,458,-96
229.51,00:02,459,-96
229.556,00:03,459,-89
229.609,00:04,459,-96
230.01,00:02,460,-96
230.056,00:03,460,-89
230.106,00:04,460,-96
230.511,00:02,461,-96
230.559,00:03,461,-88
230.609,00:04,461,-96
231.008,00:02,462,-97
231.059,00:03,462,-88
231.107,00:04,462,-96
231.508,00:02,463,-97
231.558,00:03,463,-88
231.608,00:04,463,-96
232.008,00:02,464,-97
232.056,00:03,464,-88
232.108,00:04,464,-96
232.51,00:02,465,-97
232.557,00:03,465,-88
232.606,00:04,465,-96
233.009,00:02,466,-97
233.056,00:03,466,-88
233.107,00:04,466,-96
233.507,00:02,467,-98
233.556,00:03,467,-87
233.607,00:04,467,-96
234.007,00:02,468,-98
234.059,00:03,468,-87
234.108,00:04,468,-96
234.508,00:02,469,-98
234.558,00:03,469,-87
234.607,00:04,469,-96
235.011,00:02,470,-98
235.057,00:03,470,-87
235.109,00:04,470,-96
235.508,00:02,471,-98
235.559,00:03,471,-87
235.608,00:04,471,-96
236.009,00:02,472,-98
236.057,00:03,472,-87
236.108,00:04,472,-96
236.507,00:02,473,-99
236.557,00:03,473,-86
236.608,00:04,473,-96
237.009,00:02,474,-99
237.057,00:03,474,-86
237.108,00:04,474,-96
237.508,00:02,475,-99
237.557,00:03,475,-86
237.607,00:04,475,-96
238.009,00:02,476,-99
238.057,00:03,476,-86
238.108,00:04,476,-96
238.509,00:02,477,-99
238.557,00:03,477,-86
238.607,00:04,477,-96
239.01,00:02,478,-100
239.058,00:03,478,-85
239.109,00:04,478,-96
239.508,00:02,479,-100
239.556,00:03,479,-85
239.606,00:04,479,-96
240.008,00:02,480,-100
240.059,00:03,480,-85
240.108,00:04,480,-96
240.507,00:02,481,-100
240.557,00:03,481,-85
240.608,00:04,481,-96
241.008,00:02,482,-100
241.059,00:03,482,-85
241.109,00:04,482,-96
241.508,00:02,483,-100
241.557,00:03,483,-85
241.608,00:04,483,-96
242.01,00:02,484,-101
242.058,00:03,484,-84
242.109,00:04,484,-96
242.51,00:02,485,-101
242.556,00:03,485,-84
242.608,00:04,485,-96
243.01,00:02,486,-101
243.058,00:03,486,-84
243.107,00:04,486,-96
243.509,00:02,487,-101
243.557,00:03,487,-84
243.608,00:04,487,-96
244.01,00:02,488,-101
244.058,00:03,488,-84
244.107,00:04,488,-96
244.509,00:02,489,-101
244.559,00:03,489,-83
244.608,00:04,489,-96
245.009,00:02,490,-101
245.059,00:03,490,-83
245.106,00:04,490,-96
245.51,00:02,491,-102
245.557,00:03,491,-83
245.608,00:04,491,-96
246.009,00:02,492,-102
246.056,00:03,492,-83
246.109,00:04,492,-96
246.508,00:02,493,-102
246.557,00:03,493,-82
246.609,00:04,493,-96
247.007,00:02,494,-102
247.056,00:03,494,-82
247.108,00:04,494,-96
247.507,00:02,495,-102
247.557,00:03,495,-82
247.609,00:04,495,-96
248.009,00:02,496,-102
248.058,00:03,496,-82
248.108,00:04,496,-96
248.51,00:02,497,-103
248.557,00:03,497,-82
248.608,00:04,497,-96
249.011,00:02,498,-103
249.056,00:03,498,-81
249.108,00:04,498,-96
249.509,00:02,499,-103
249.558,00:03,499,-81
249.609,00:04,499,-96
250.008,00:02,500,-103
250.059,00:03,500,-81
250.109,00:04,500,-96
250.508,00:02,501,-103
250.556,00:03,501,-81
250.607,00:04,501,-96
251.008,00:02,502,-103
251.057,00:03,502,-80
251.109,00:04,502,-96
251.509,00:02,503,-103
251.556,00:03,503,-80
251.607,00:04,503,-96
252.009,00:02,504,-104
252.059,00:03,504,-80
252.109,00:04,504,-96
252.508,00:02,505,-104
252.557,00:03,505,-80
252.609,00:04,505,-96
253.008,00:02,506,-104
253.057,00:03,506,-79
253.109,00:04,506,-96
253.509,00:02,507,-104
253.556,00:03,507,-79
253.608,00:04,507,-96
254.01,00:02,508,-104
254.058,00:03,508,-79
254.108,00:04,508,-96
254.508,00:02,509,-104
254.559,00:03,509,-79
254.608,00:04,509,-96
255.009,00:02,510,-104
255.056,00:03,510,-78
255.109,00:04,510,-96
255.51,00:02,511,-104
255.558,00:03,511,-78
255.607,00:04,511,-96
256.008,00:02,512,-105
256.056,00:03,512,-78
256.108,00:04,512,-96
256.51,00:02,513,-105
256.557,00:03,513,-78
256.609,00:04,513,-96
257.009,00:02,514,-105
257.057,00:03,514,-77
257.106,00:04,514,-96
257.509,00:02,515,-105
257.559,00:03,515,-77
257.606,00:04,515,-96
258.008,00:02,516,-105
258.057,00:03,516,-77
258.108,00:04,516,-96
258.509,00:02,517,-105
258.558,00:03,517,-77
258.608,00:04,517,-96
259.009,00:02,518,-105
259.056,00:03,518,-76
259.107,00:04,518,-96
259.509,00:02,519,-105
259.558,00:03,519,-76
259.608,00:04,519,-97
260.009,00:02,520,-106
260.056,00:03,520,-76
260.109,00:04,520,-97
260.511,00:02,521,-106
260.557,00:03,521,-75
260.608,00:04,521,-97
261.008,00:02,522,-106
261.057,00:03,522,-75
261.11,00:04,522,-97
261.509,00:02,523,-106
261.557,00:03,523,-75
261.608,00:04,523,-97
262.008,00:02,524,-106
262.058,00:03,524,-75
262.109,00:04,524,-97
262.509,00:02,525,-106
262.559,00:03,525,-74
262.608,00:04,525,-97
263.009,00:02,526,-106
263.056,00:03,526,-74
263.109,00:04,526,-97
263.51,00:02,527,-106
263.559,00:03,527,-74
263.607,00:04,527,-97
264.008,00:02,528,-107
264.056,00:03,528,-73
264.108,00:04,528,-97
264.507,00:02,529,-107
264.556,00:03,529,-73
264.609,00:04,529,-97
265.008,00:02,530,-107
265.056,00:03,530,-73
265.106,00:04,530,-97
265.51,00:02,531,-107
265.557,00:03,531,-72
265.608,00:04,531,-97
266.007,00:02,532,-107
266.057,00:03,532,-72
266.108,00:04,532,-97
266.51,00:02,533,-107
266.558,00:03,533,-72
266.608,00:04,533,-97
267.008,00:02,534,-107
267.058,00:03,534,-71
267.11,00:04,534,-97
267.509,00:02,535,-107
267.557,00:03,535,-71
267.61,00:04,535,-97
268.01,00:02,536,-107
268.058,00:03,536,-71
268.107,00:04,536,-97
268.508,00:02,537,-108
268.559,00:03,537,-70
268.609,00:04,537,-97
269.009,00:02,538,-108
269.056,00:03,538,-70
269.108,00:04,538,-97
269.509,00:02,539,-108
269.557,00:03,539,-70
269.608,00:04,539,-97
270.011,00:02,540,-108
270.056,00:03,540,-69
270.108,00:04,540,-97
270.51,00:02,541,-108
270.556,00:03,541,-69
270.608,00:04,541,-97
271.058,00:03,542,-69
271.107,00:04,542,-97
271.51,00:02,543,-108
271.557,00:03,543,-69
271.609,00:04,543,-97
272.009,00:02,544,-108
272.057,00:03,544,-69
272.109,00:04,544,-97
272.558,00:03,545,-69
272.608,00:04,545,-97
273.057,00:03,546,-68
273.109,00:04,546,-98
273.51,00:02,547,-109
273.557,00:03,547,-68
273.608,00:04,547,-98
274.01,00:02,548,-109
274.059,00:03,548,-68
274.11,00:04,548,-98
274.556,00:03,549,-68
274.61,00:04,549,-98
275.057,00:03,550,-68
275.109,00:04,550,-98
275.508,00:02,551,-109
275.557,00:03,551,-68
275.608,00:04,551,-98
276.007,00:02,552,-109
276.056,00:03,552,-67
276.109,00:04,552,-98
276.557,00:03,553,-67
276.606,00:04,553,-98
277.058,00:03,554,-67
277.108,00:04,554,-98
277.558,00:03,555,-67
277.607,00:04,555,-98
278.057,00:03,556,-67
278.109,00:04,556,-98
278.556,00:03,557,-67
278.609,00:04,557,-98
279.058,00:03,558,-67
279.11,00:04,558,-98
279.557,00:03,559,-67
279.608,00:04,559,-98
280.057,00:03,560,-67
280.109,00:04,560,-98
280.557,00:03,561,-67
280.607,00:04,561,-98
281.058,00:03,562,-67
281.107,00:04,562,-98
281.556,00:03,563,-67
281.609,00:04,563,-98
282.059,00:03,564,-67
282.107,00:04,564,-98
282.558,00:03,565,-67
282.609,00:04,565,-98
283.058,00:03,566,-67
283.108,00:04,566,-98
283.557,00:03,567,-68
283.607,00:04,567,-98
284.057,00:03,568,-68
284.108,00:04,568,-98
284.558,00:03,569,-68
284.61,00:04,569,-98
285.057,00:03,570,-69
285.108,00:04,570,-98
285.557,00:03,571,-69
285.607,00:04,571,-98
286.057,00:03,572,-69
286.109,00:04,572,-98
286.558,00:03,573,-69
286.608,00:04,573,-98
287.059,00:03,574,-70
287.108,00:04,574,-97
287.556,00:03,575,-70
287.607,00:04,575,-97
288.058,00:03,576,-70
288.109,00:04,576,-97
288.558,00:03,577,-70
288.608,00:04,577,-97
289.056,00:03,578,-70
289.108,00:04,578,-97
289.557,00:03,579,-70
289.607,00:04,579,-97
290.057,00:03,580,-70
290.107,00:04,580,-97
290.556,00:03,581,-70
290.609,00:04,581,-97
291.058,00:03,582,-70
291.108,00:04,582,-97
291.556,00:03,583,-70
291.61,00:04,583,-97
292.058,00:03,584,-70
292.109,00:04,584,-97
292.555,00:03,585,-70
292.608,00:04,585,-97
293.057,00:03,586,-70
293.109,00:04,586,-97
293.558,00:03,587,-71
293.61,00:04,587,-97
294.058,00:03,588,-71
294.109,00:04,588,-97
294.559,00:03,589,-71
294.607,00:04,589,-97
295.057,00:03,590,-71
295.109,00:04,590,-97
295.509,00:02,591,-109
295.557,00:03,591,-71
295.609,00:04,591,-97
296.011,00:02,592,-109
296.058,00:03,592,-71
296.11,00:04,592,-97
296.509,00:02,593,-109
296.556,00:03,593,-71
296.607,00:04,593,-97
297.057,00:03,594,-72
297.11,00:04,594,-97
297.558,00:03,595,-72
297.61,00:04,595,-97
298.009,00:02,596,-109
298.058,00:03,596,-72
298.109,00:04,596,-96
298.557,00:03,597,-72
298.609,00:04,597,-96
299.058,00:03,598,-72
299.107,00:04,598,-96
299.509,00:02,599,-108
299.556,00:03,599,-73
299.608,00:04,599,-96
300.009,00:02,600,-108
300.057,00:03,600,-73
300.108,00:04,600,-96
300.509,00:02,601,-108
300.556,00:03,601,-73
300.61,00:04,601,-96
301.01,00:02,602,-108
301.057,00:03,602,-73
301.11,00:04,602,-96
301.509,00:02,603,-108
301.559,00:03,603,-74
301.608,00:04,603,-96
302.009,00:02,604,-108
302.057,00:03,604,-74
302.108,00:04,604,-96
302.558,00:03,605,-74
302.609,00:04,605,-96
303.009,00:02,606,-107
303.058,00:03,606,-74
303.11,00:04,606,-96
303.558,00:03,607,-75
303.608,00:04,607,-96
304.009,00:02,608,-107
304.058,00:03,608,-75
304.109,00:04,608,-96
304.559,00:03,609,-75
304.609,00:04,609,-96
305.01,00:02,610,-107
305.057,00:03,610,-75
305.108,00:04,610,-96
305.51,00:02,611,-107
305.557,00:03,611,-75
305.609,00:04,611,-96
306.011,00:02,612,-107
306.059,00:03,612,-76
306.107,00:04,612,-96
306.509,00:02,613,-107
306.557,00:03,613,-76
306.607,00:04,613,-96
307.011,00:02,614,-107
307.056,00:03,614,-76
307.109,00:04,614,-96
307.509,00:02,615,-106
307.557,00:03,615,-76
307.609,00:04,615,-96
308.009,00:02,616,-106
308.057,00:03,616,-77
308.109,00:04,616,-96
308.507,00:02,617,-106
308.559,00:03,617,-77
308.609,00:04,617,-96
309.007,00:02,618,-106
309.057,00:03,618,-77
309.109,00:04,618,-96
309.51,00:02,619,-106
309.557,00:03,619,-77
309.609,00:04,619,-96
310.009,00:02,620,-106
310.059,00:03,620,-78
310.108,00:04,620,-95
310.508,00:02,621,-106
310.557,00:03,621,-78
310.608,00:04,621,-95
311.009,00:02,622,-106
311.057,00:03,622,-78
311.109,00:04,622,-95
311.51,00:02,623,-106
311.557,00:03,623,-78
311.609,00:04,623,-95
312.01,00:02,624,-105
312.056,00:03,624,-79
312.11,00:04,624,-95
312.509,00:02,625,-105
312.558,00:03,625,-79
312.609,00:04,625,-95
313.009,00:02,626,-105
313.059,00:03,626,-79
313.107,00:04,626,-95
313.508,00:02,627,-105
313.556,00:03,627,-79
313.608,00:04,627,-95
314.009,00:02,628,-105
314.059,00:03,628,-79
314.109,00:04,628,-95
314.509,00:02,629,-105
314.559,00:03,629,-80
314.607,00:04,629,-95
315.009,00:02,630,-105
315.058,00:03,630,-80
315.11,00:04,630,-95
315.509,00:02,631,-105
315.557,00:03,631,-80
315.608,00:04,631,-95
316.01,00:02,632,-104
316.059,00:03,632,-80
316.108,00:04,632,-95
316.511,00:02,633,-104
316.556,00:03,633,-81
316.608,00:04,633,-95
317.008,00:02,634,-104
317.056,00:03,634,-81
317.109,00:04,634,-95
317.51,00:02,635,-104
317.558,00:03,635,-81
317.609,00:04,635,-95
318.009,00:02,636,-104
318.058,00:03,636,-81
318.107,00:04,636,-95
318.509,00:02,637,-104
318.556,00:03,637,-81
318.61,00:04,637,-95
319.008,00:02,638,-104
319.057,00:03,638,-82
319.109,00:04,638,-95
319.508,00:02,639,-103
319.558,00:03,639,-82
319.608,00:04,639,-95
320.009,00:02,640,-103
320.057,00:03,640,-82
320.111,00:04,640,-95
320.508,00:02,641,-103
320.558,00:03,641,-82
320.609,00:04,641,-95
321.01,00:02,642,-103
321.057,00:03,642,-82
321.107,00:04,642,-95
321.511,00:02,643,-103
321.558,00:03,643,-83
321.609,00:04,643,-95
322.007,00:02,644,-103
322.057,00:03,644,-83
322.107,00:04,644,-95
322.508,00:02,645,-103
322.556,00:03,645,-83
322.609,00:04,645,-95
323.011,00:02,646,-102
323.056,00:03,646,-83
323.108,00:04,646,-95
323.509,00:02,647,-102
323.557,00:03,647,-83
323.609,00:04,647,-95
324.009,00:02,648,-102
324.058,00:03,648,-84
324.11,00:04,648,-95
324.509,00:02,649,-102
324.558,00:03,649,-84
324.607,00:04,649,-95
325.009,00:02,650,-102
325.059,00:03,650,-84
325.108,00:04,650,-95
325.509,00:02,651,-102
325.558,00:03,651,-84
325.61,00:04,651,-95
326.01,00:02,652,-102
326.057,00:03,652,-84
326.11,00:04,652,-95
326.509,00:02,653,-101
326.557,00:03,653,-85
326.61,00:04,653,-95
327.009,00:02,654,-105
327.057,00:03,654,-89
327.108,00:04,654,-99
327.509,00:02,655,-105
327.559,00:03,655,-89
327.609,00:04,655,-99
328.008,00:02,656,-105
328.057,00:03,656,-89
328.108,00:04,656,-99
328.509,00:02,657,-105
328.556,00:03,657,-89
328.608,00:04,657,-99
329.008,00:02,658,-105
329.056,00:03,658,-89
329.11,00:04,658,-99
329.509,00:02,659,-105
329.556,00:03,659,-90
329.609,00:04,659,-99
330.009,00:02,660,-104
330.057,00:03,660,-90
330.108,00:04,660,-99
330.51,00:02,661,-104
330.558,00:03,661,-90
330.608,00:04,661,-99
331.008,00:02,662,-104
331.059,00:03,662,-90
331.108,00:04,662,-99
331.509,00:02,663,-104
331.557,00:03,663,-90
331.61,00:04,663,-99
332.008,00:02,664,-104
332.056,00:03,664,-91
332.109,00:04,664,-99
332.511,00:02,665,-104
332.557,00:03,665,-91
332.608,00:04,665,-99
333.009,00:02,666,-103
333.058,00:03,666,-91
333.109,00:04,666,-99
333.51,00:02,667,-103
333.557,00:03,667,-91
333.61,00:04,667,-99
334.008,00:02,668,-103
334.056,00:03,668,-91
334.111,00:04,668,-99
334.51,00:02,669,-103
334.558,00:03,669,-91
334.61,00:04,669,-99
335.01,00:02,670,-103
335.059,00:03,670,-91
335.107,00:04,670,-99
335.511,00:02,671,-103
335.556,00:03,671,-92
335.609,00:04,671,-99
336.01,00:02,672,-102
336.057,00:03,672,-92
336.109,00:04,672,-99
336.508,00:02,673,-102
336.557,00:03,673,-92
336.609,00:04,673,-99
337.009,00:02,674,-102
337.058,00:03,674,-92
337.109,00:04,674,-99
337.509,00:02,675,-102
337.555,00:03,675,-92
337.609,00:04,675,-99
338.01,00:02,676,-102
338.058,00:03,676,-92
338.109,00:04,676,-99
338.508,00:02,677,-101
338.556,00:03,677,-93
338.608,00:04,677,-99
339.008,00:02,678,-97
339.058,00:03,678,-89
339.11,00:04,678,-95
339.509,00:02,679,-97
339.557,00:03,679,-89
339.609,00:04,679,-95
340.011,00:02,680,-97
340.058,00:03,680,-89
340.108,00:04,680,-95
340.508,00:02,681,-97
340.558,00:03,681,-89
340.611,00:04,681,-95
341.008,00:02,682,-97
341.057,00:03,682,-89
341.109,00:04,682,-95
341.509,00:02,683,-96
341.556,00:03,683,-89
341.609,00:04,683,-95
342.009,00:02,684,-96
342.057,00:03,684,-90
342.11,00:04,684,-95
342.51,00:02,685,-96
342.559,00:03,685,-90
342.61,00:04,685,-95
343.009,00:02,686,-96
343.057,00:03,686,-90
343.109,00:04,686,-95
343.509,00:02,687,-96
343.556,00:03,687,-90
343.609,00:04,687,-95
344.009,00:02,688,-95
344.056,00:03,688,-90
344.11,00:04,688,-95
344.51,00:02,689,-95
344.558,00:03,689,-90
344.608,00:04,689,-95
345.009,00:02,690,-95
345.057,00:03,690,-90
345.11,00:04,690,-95
345.508,00:02,691,-95
345.556,00:03,691,-91
345.608,00:04,691,-95
346.008,00:02,692,-95
346.056,00:03,692,-91
346.109,00:04,692,-95
346.51,00:02,693,-94
346.557,00:03,693,-91
346.608,00:04,693,-95
347.011,00:02,694,-94
347.057,00:03,694,-91
347.11,00:04,694,-95
347.51,00:02,695,-94
347.557,00:03,695,-91
347.609,00:04,695,-95
348.008,00:02,696,-94
348.058,00:03,696,-91
348.11,00:04,696,-95
348.51,00:02,697,-94
348.559,00:03,697,-91
348.609,00:04,697,-95
349.008,00:02,698,-93
349.057,00:03,698,-92
349.108,00:04,698,-95
349.51,00:02,699,-93
349.556,00:03,699,-92
349.609,00:04,699,-95
350.008,00:02,700,-93
350.058,00:03,700,-92
350.107,00:04,700,-95
350.509,00:02,701,-93
350.556,00:03,701,-92
350.611,00:04,701,-95
351.008,00:02,702,-92
351.058,00:03,702,-92
351.108,00:04,702,-95
351.508,00:02,703,-92
351.559,00:03,703,-92
351.608,00:04,703,-95
352.009,00:02,704,-92
352.057,00:03,704,-92
352.109,00:04,704,-95
352.508,00:02,705,-92
352.558,00:03,705,-92
352.609,00:04,705,-95
353.01,00:02,706,-92
353.057,00:03,706,-93
353.11,00:04,706,-95
353.509,00:02,707,-91
353.557,00:03,707,-93
353.609,00:04,707,-95
354.009,00:02,708,-91
354.058,00:03,708,-93
354.109,00:04,708,-95
354.508,00:02,709,-91
354.558,00:03,709,-93
354.608,00:04,709,-95
355.008,00:02,710,-91
355.058,00:03,710,-93
355.11,00:04,710,-95
355.51,00:02,711,-90
355.557,00:03,711,-93
355.608,00:04,711,-95
356.01,00:02,712,-90
356.058,00:03,712,-93
356.108,00:04,712,-95
356.511,00:02,713,-90
356.556,00:03,713,-93
356.607,00:04,713,-96
357.009,00:02,714,-90
357.057,00:03,714,-94
357.11,00:04,714,-96
357.51,00:02,715,-89
357.556,00:03,715,-94
357.609,00:04,715,-96
358.01,00:02,716,-89
358.057,00:03,716,-94
358.109,00:04,716,-96
358.509,00:02,717,-89
358.557,00:03,717,-94
358.61,00:04,717,-96
359.008,00:02,718,-89
359.058,00:03,718,-94
359.11,00:04,718,-96
359.51,00:02,719,-89
359.556,00:03,719,-94
359.61,00:04,719,-96
360.01,00:02,720,-88
360.059,00:03,720,-94
360.108,00:04,720,-96
360.508,00:02,721,-88
360.558,00:03,721,-94
360.609,00:04,721,-96
361.008,00:02,722,-92
361.058,00:03,722,-98
361.109,00:04,722,-100
361.508,00:02,723,-92
361.558,00:03,723,-99
361.609,00:04,723,-100
362.011,00:02,724,-91
362.058,00:03,724,-99
362.109,00:04,724,-100
362.51,00:02,725,-91
362.558,00:03,725,-99
362.61,00:04,725,-100
363.009,00:02,726,-91
363.058,00:03,726,-99
363.109,00:04,726,-100
363.507,00:02,727,-91
363.558,00:03,727,-99
363.61,00:04,727,-100
364.01,00:02,728,-90
364.056,00:03,728,-99
364.109,00:04,728,-100
364.509,00:02,729,-90
364.557,00:03,729,-99
364.61,00:04,729,-100
365.007,00:02,730,-86
365.059,00:03,730,-95
365.11,00:04,730,-96
365.51,00:02,731,-86
365.556,00:03,731,-95
365.61,00:04,731,-96
366.01,00:02,732,-85
366.059,00:03,732,-96
366.109,00:04,732,-96
366.509,00:02,733,-85
366.557,00:03,733,-96
366.611,00:04,733,-96
367.009,00:02,734,-85
367.055,00:03,734,-96
367.11,00:04,734,-96
367.509,00:02,735,-85
367.557,00:03,735,-96
367.609,00:04,735,-96
368.008,00:02,736,-85
368.056,00:03,736,-96
368.111,00:04,736,-96
368.509,00:02,737,-84
368.557,00:03,737,-96
368.61,00:04,737,-97
369.01,00:02,738,-84
369.057,00:03,738,-96
369.11,00:04,738,-97
369.508,00:02,739,-84
369.559,00:03,739,-96
369.609,00:04,739,-97
370.01,00:02,740,-84
370.057,00:03,740,-96
370.108,00:04,740,-97
370.511,00:02,741,-84
370.559,00:03,741,-96
370.609,00:04,741,-97
371.009,00:02,742,-84
371.059,00:03,742,-97
371.109,00:04,742,-97
371.509,00:02,743,-83
371.559,00:03,743,-97
371.609,00:04,743,-97
372.011,00:02,744,-83
372.059,00:03,744,-97
372.111,00:04,744,-97
372.51,00:02,745,-83
372.558,00:03,745,-97
372.611,00:04,745,-97
373.01,00:02,746,-83
373.058,00:03,746,-97
373.109,00:04,746,-97
373.508,00:02,747,-83
373.557,00:03,747,-97
373.609,00:04,747,-97
374.008,00:02,748,-83
374.058,00:03,748,-97
374.11,00:04,748,-97
374.51,00:02,749,-83
374.558,00:03,749,-97
374.609,00:04,749,-97
375.01,00:02,750,-83
375.058,00:03,750,-97
375.108,00:04,750,-97
375.508,00:02,751,-82
375.558,00:03,751,-97
375.608,00:04,751,-97
376.01,00:02,752,-82
376.056,00:03,752,-98
376.111,00:04,752,-97
376.51,00:02,753,-82
376.558,00:03,753,-98
376.611,00:04,753,-97
377.009,00:02,754,-82
377.059,00:03,754,-98
377.109,00:04,754,-97
377.51,00:02,755,-82
377.557,00:03,755,-98
377.611,00:04,755,-97
378.009,00:02,756,-82
378.057,00:03,756,-98
378.109,00:04,756,-97
378.51,00:02,757,-83
378.557,00:03,757,-98
378.609,00:04,757,-97
379.009,00:02,758,-83
379.058,00:03,758,-98
379.11,00:04,758,-97
379.51,00:02,759,-84
379.557,00:03,759,-98
379.609,00:04,759,-97
380.01,00:02,760,-84
380.057,00:03,760,-98
380.11,00:04,760,-97
380.509,00:02,761,-85
380.558,00:03,761,-98
380.61,00:04,761,-97
381.009,00:02,762,-85
381.057,00:03,762,-98
381.108,00:04,762,-97
381.509,00:02,763,-85
381.556,00:03,763,-98
381.611,00:04,763,-97
382.01,00:02,764,-86
382.057,00:03,764,-98
382.108,00:04,764,-97
382.509,00:02,765,-86
382.557,00:03,765,-98
382.61,00:04,765,-97
383.01,00:02,766,-87
383.056,00:03,766,-98
383.109,00:04,766,-97
383.51,00:02,767,-87
383.557,00:03,767,-98
383.609,00:04,767,-97
384.01,00:02,768,-87
384.058,00:03,768,-98
384.109,00:04,768,-97
384.508,00:02,769,-87
384.557,00:03,769,-98
384.61,00:04,769,-97
385.011,00:02,770,-87
385.057,00:03,770,-98
385.109,00:04,770,-96
385.509,00:02,771,-87
385.559,00:03,771,-98
385.609,00:04,771,-96
386.009,00:02,772,-87
386.058,00:03,772,-98
386.112,00:04,772,-96
386.509,00:02,773,-87
386.558,00:03,773,-98
386.61,00:04,773,-96
387.008,00:02,774,-87
387.058,00:03,774,-98
387.109,00:04,774,-96
387.509,00:02,775,-87
387.557,00:03,775,-97
387.609,00:04,775,-96
388.01,00:02,776,-87
388.056,00:03,776,-97
388.108,00:04,776,-96
388.51,00:02,777,-87
388.558,00:03,777,-97
388.609,00:04,777,-96
389.01,00:02,778,-87
389.057,00:03,778,-97
389.11,00:04,778,-96
389.509,00:02,779,-87
389.558,00:03,779,-97
389.608,00:04,779,-96
390.008,00:02,780,-87
390.056,00:03,780,-97
390.109,00:04,780,-96
390.511,00:02,781,-87
390.557,00:03,781,-97
390.609,00:04,781,-96
391.009,00:02,782,-87
391.057,00:03,782,-97
391.109,00:04,782,-96
391.51,00:02,783,-87
391.557,00:03,783,-97
391.61,00:04,783,-96
392.01,00:02,784,-88
392.058,00:03,784,-97
392.108,00:04,784,-96
392.508,00:02,785,-88
392.558,00:03,785,-96
392.609,00:04,785,-96
393.01,00:02,786,-88
393.058,00:03,786,-96
393.109,00:04,786,-96
393.51,00:02,787,-88
393.559,00:03,787,-96
393.612,00:04,787,-96
394.01,00:02,788,-88
394.059,00:03,788,-96
394.108,00:04,788,-95
394.51,00:02,789,-88
394.559,00:03,789,-96
394.608,00:04,789,-95
395.011,00:02,790,-88
395.057,00:03,790,-96
395.109,00:04,790,-95
395.51,00:02,791,-88
395.555,00:03,791,-96
395.61,00:04,791,-95
396.009,00:02,792,-89
396.058,00:03,792,-96
396.11,00:04,792,-95
396.509,00:02,793,-89
396.558,00:03,793,-96
396.611,00:04,793,-95
397.01,00:02,794,-93
397.057,00:03,794,-100
397.109,00:04,794,-99
397.508,00:02,795,-93
397.557,00:03,795,-99
397.61,00:04,795,-99
398.007,00:02,796,-93
398.059,00:03,796,-99
398.111,00:04,796,-99
398.508,00:02,797,-93
398.557,00:03,797,-99
398.609,00:04,797,-99
399.009,00:02,798,-94
399.058,00:03,798,-99
399.111,00:04,798,-99
399.509,00:02,799,-94
399.557,00:03,799,-99
399.61,00:04,799,-99
400.01,00:02,800,-94
400.057,00:03,800,-99
400.11,00:04,800,-99
400.508,00:02,801,-94
400.556,00:03,801,-99
400.609,00:04,801,-99
401.01,00:02,802,-90
401.058,00:03,802,-95
401.109,00:04,802,-95
401.51,00:02,803,-90
401.558,00:03,803,-95
401.609,00:04,803,-95
402.01,00:02,804,-91
402.058,00:03,804,-95
402.111,00:04,804,-95
402.508,00:02,805,-91
402.558,00:03,805,-94
402.61,00:04,805,-95
403.011,00:02,806,-91
403.059,00:03,806,-94
403.109,00:04,806,-95
403.508,00:02,807,-91
403.558,00:03,807,-94
403.611,00:04,807,-95
404.009,00:02,808,-91
404.057,00:03,808,-94
404.11,00:04,808,-95
404.51,00:02,809,-92
404.557,00:03,809,-94
404.608,00:04,809,-94
405.011,00:02,810,-92
405.056,00:03,810,-94
405.109,00:04,810,-94
405.51,00:02,811,-92
405.558,00:03,811,-94
405.609,00:04,811,-94
406.009,00:02,812,-92
406.056,00:03,812,-94
406.109,00:04,812,-94
406.51,00:02,813,-92
406.556,00:03,813,-94
406.611,00:04,813,-94
407.01,00:02,814,-93
407.057,00:03,814,-93
407.11,00:04,814,-94
407.508,00:02,815,-93
407.556,00:03,815,-93
407.609,00:04,815,-94
408.01,00:02,816,-93
408.056,00:03,816,-93
408.11,00:04,816,-94
408.511,00:02,817,-93
408.559,00:03,817,-93
408.611,00:04,817,-94
409.009,00:02,818,-93
409.057,00:03,818,-93
409.11,00:04,818,-94
409.508,00:02,819,-93
409.558,00:03,819,-93
409.61,00:04,819,-94
410.008,00:02,820,-94
410.057,00:03,820,-93
410.109,00:04,820,-94
410.508,00:02,821,-94
410.556,00:03,821,-93
410.609,00:04,821,-94
411.008,00:02,822,-94
411.056,00:03,822,-92
411.11,00:04,822,-94
411.508,00:02,823,-94
411.557,00:03,823,-92
411.609,00:04,823,-94
412.009,00:02,824,-94
412.057,00:03,824,-92
412.109,00:04,824,-94
412.508,00:02,825,-95
412.557,00:03,825,-92
412.61,00:04,825,-94
413.009,00:02,826,-95
413.057,00:03,826,-92
413.11,00:04,826,-94
413.509,00:02,827,-95
413.557,00:03,827,-92
413.61,00:04,827,-94
414.009,00:02,828,-95
414.056,00:03,828,-92
414.11,00:04,828,-94
414.51,00:02,829,-95
414.557,00:03,829,-92
414.61,00:04,829,-94
415.01,00:02,830,-95
415.056,00:03,830,-91
415.111,00:04,830,-94
415.51,00:02,831,-96
415.557,00:03,831,-91
415.611,00:04,831,-94
416.009,00:02,832,-96
416.057,00:03,832,-91
416.11,00:04,832,-94
416.511,00:02,833,-96
416.555,00:03,833,-91
416.61,00:04,833,-94
417.009,00:02,834,-96
417.058,00:03,834,-91
417.112,00:04,834,-94
417.509,00:02,835,-96
417.558,00:03,835,-91
417.611,00:04,835,-94
418.008,00:02,836,-97
418.057,00:03,836,-91
418.11,00:04,836,-94
418.508,00:02,837,-97
418.559,00:03,837,-91
418.611,00:04,837,-94
419.01,00:02,838,-97
419.057,00:03,838,-90
419.111,00:04,838,-94
419.508,00:02,839,-97
419.556,00:03,839,-90
419.609,00:04,839,-94
420.01,00:02,840,-97
420.057,00:03,840,-90
420.11,00:04,840,-94
420.511,00:02,841,-97
420.557,00:03,841,-90
420.61,00:04,841,-94
421.009,00:02,842,-98
421.058,00:03,842,-90
421.11,00:04,842,-94
421.51,00:02,843,-98
421.558,00:03,843,-90
421.611,00:04,843,-93
422.01,00:02,844,-98
422.059,00:03,844,-90
422.111,00:04,844,-93
422.508,00:02,845,-98
422.557,00:03,845,-89
422.61,00:04,845,-93
423.009,00:02,846,-102
423.058,00:03,846,-93
423.111,00:04,846,-97
423.508,00:02,847,-102
423.556,00:03,847,-93
423.609,00:04,847,-97
424.008,00:02,848,-103
424.057,00:03,848,-93
424.109,00:04,848,-97
424.509,00:02,849,-103
424.556,00:03,849,-93
424.61,00:04,849,-97
425.011,00:02,850,-103
425.058,00:03,850,-93
425.11,00:04,850,-97
425.509,00:02,851,-103
425.557,00:03,851,-93
425.612,00:04,851,-97
426.01,00:02,852,-103
426.058,00:03,852,-92
426.111,00:04,852,-97
426.511,00:02,853,-103
426.556,00:03,853,-92
426.61,00:04,853,-97
427.01,00:02,854,-104
427.058,00:03,854,-92
427.11,00:04,854,-97
427.509,00:02,855,-104
427.559,00:03,855,-92
427.61,00:04,855,-97
428.011,00:02,856,-104
428.058,00:03,856,-92
428.109,00:04,856,-97
428.51,00:02,857,-104
428.558,00:03,857,-92
428.61,00:04,857,-97
429.008,00:02,858,-104
429.055,00:03,858,-92
429.111,00:04,858,-97
429.508,00:02,859,-104
429.557,00:03,859,-91
429.612,00:04,859,-97
430.01,00:02,860,-104
430.058,00:03,860,-91
430.109,00:04,860,-97
430.51,00:02,861,-105
430.557,00:03,861,-91
430.612,00:04,861,-97
431.009,00:02,862,-105
431.056,00:03,862,-91
431.11,00:04,862,-97
431.511,00:02,863,-105
431.557,00:03,863,-91
431.609,00:04,863,-97
432.008,00:02,864,-105
432.058,00:03,864,-91
432.111,00:04,864,-97
432.508,00:02,865,-105
432.556,00:03,865,-90
432.612,00:04,865,-97
433.009,00:02,866,-105
433.057,00:03,866,-90
433.109,00:04,866,-97
433.509,00:02,867,-105
433.559,00:03,867,-90
433.612,00:04,867,-97
434.01,00:02,868,-106
434.059,00:03,868,-90
434.111,00:04,868,-97
434.509,00:02,869,-106
434.558,00:03,869,-90
434.612,00:04,869,-97
435.009,00:02,870,-102
435.057,00:03,870,-86
435.109,00:04,870,-93
435.511,00:02,871,-102
435.557,00:03,871,-85
435.61,00:04,871,-93
436.01,00:02,872,-102
436.057,00:03,872,-85
436.111,00:04,872,-93
436.509,00:02,873,-102
436.557,00:03,873,-85
436.612,00:04,873,-93
437.008,00:02,874,-102
437.059,00:03,874,-85
437.111,00:04,874,-94
437.51,00:02,875,-103
437.557,00:03,875,-85
437.61,00:04,875,-94
438.01,00:02,876,-103
438.056,00:03,876,-85
438.11,00:04,876,-94
438.51,00:02,877,-103
438.557,00:03,877,-84
438.611,00:04,877,-94
439.01,00:02,878,-103
439.057,00:03,878,-84
439.108,00:04,878,-94
439.509,00:02,879,-103
439.555,00:03,879,-84
439.609,00:04,879,-94
440.011,00:02,880,-103
440.059,00:03,880,-84
440.111,00:04,880,-94
440.51,00:02,881,-103
440.558,00:03,881,-84
440.611,00:04,881,-94
441.008,00:02,882,-104
441.056,00:03,882,-84
441.111,00:04,882,-94
441.51,00:02,883,-104
441.558,00:03,883,-83
441.612,00:04,883,-94
442.009,00:02,884,-104
442.059,00:03,884,-83
442.11,00:04,884,-94
442.508,00:02,885,-104
442.557,00:03,885,-83
442.61,00:04,885,-94
443.008,00:02,886,-104
443.059,00:03,886,-83
443.11,00:04,886,-94
443.51,00:02,887,-104
443.558,00:03,887,-83
443.611,00:04,887,-94
444.01,00:02,888,-104
444.057,00:03,888,-82
444.109,00:04,888,-94
444.508,00:02,889,-104
444.556,00:03,889,-82
444.609,00:04,889,-94
445.011,00:02,890,-105
445.057,00:03,890,-82
445.11,00:04,890,-94
445.509,00:02,891,-105
445.559,00:03,891,-82
445.61,00:04,891,-94
446.01,00:02,892,-105
446.057,00:03,892,-82
446.109,00:04,892,-94
446.51,00:02,893,-105
446.557,00:03,893,-82
446.61,00:04,893,-94
447.011,00:02,894,-105
447.056,00:03,894,-81
447.11,00:04,894,-94
447.509,00:02,895,-105
447.558,00:03,895,-81
447.61,00:04,895,-94
448.009,00:02,896,-105
448.057,00:03,896,-81
448.108,00:04,896,-94
448.509,00:02,897,-105
448.557,00:03,897,-81
448.612,00:04,897,-94
449.011,00:02,898,-106
449.056,00:03,898,-81
449.112,00:04,898,-94
449.511,00:02,899,-106
449.556,00:03,899,-80
449.611,00:04,899,-94
450.01,00:02,900,-106
450.058,00:03,900,-80
450.11,00:04,900,-94
450.509,00:02,901,-106
450.557,00:03,901,-80
450.61,00:04,901,-94
451.009,00:02,902,-106
451.058,00:03,902,-80
451.109,00:04,902,-94
451.51,00:02,903,-106
451.557,00:03,903,-80
451.61,00:04,903,-94
452.008,00:02,904,-106
452.057,00:03,904,-80
452.111,00:04,904,-94
452.511,00:02,905,-106
452.556,00:03,905,-79
452.611,00:04,905,-94
453.01,00:02,906,-106
453.058,00:03,906,-79
453.11,00:04,906,-94
453.51,00:02,907,-107
453.558,00:03,907,-79
453.612,00:04,907,-94
454.01,00:02,908,-107
454.057,00:03,908,-79
454.112,00:04,908,-95
454.51,00:02,909,-107
454.557,00:03,909,-79
454.61,00:04,909,-95
455.009,00:02,910,-107
455.057,00:03,910,-78
455.11,00:04,910,-95
455.509,00:02,911,-107
455.556,00:03,911,-78
455.611,00:04,911,-95
456.058,00:03,912,-78
456.11,00:04,912,-95
456.556,00:03,913,-78
456.61,00:04,913,-95
457.057,00:03,914,-82
457.111,00:04,914,-99
457.557,00:03,915,-81
457.612,00:04,915,-99
458.058,00:03,916,-81
458.112,00:04,916,-99
458.558,00:03,917,-81
458.612,00:04,917,-99
459.057,00:03,918,-81
459.109,00:04,918,-99
459.558,00:03,919,-81
459.61,00:04,919,-99
460.058,00:03,920,-81
460.111,00:04,920,-99
460.558,00:03,921,-80
460.612,00:04,921,-99
461.01,00:02,922,-108
461.056,00:03,922,-76
461.112,00:04,922,-95
461.509,00:02,923,-108
461.557,00:03,923,-76
461.61,00:04,923,-95
462.011,00:02,924,-108
462.057,00:03,924,-76
462.109,00:04,924,-95
462.51,00:02,925,-108
462.556,00:03,925,-76
462.61,00:04,925,-95
463.057,00:03,926,-76
463.111,00:04,926,-95
463.509,00:02,927,-109
463.557,00:03,927,-76
463.611,00:04,927,-95
464.057,00:03,928,-75
464.111,00:04,928,-95
464.51,00:02,929,-109
464.556,00:03,929,-75
464.612,00:04,929,-96
465.058,00:03,930,-75
465.11,00:04,930,-96
465.556,00:03,931,-75
465.61,00:04,931,-96
466.057,00:03,932,-75
466.11,00:04,932,-96
466.557,00:03,933,-75
466.61,00:04,933,-96
467.056,00:03,934,-75
467.113,00:04,934,-96
467.557,00:03,935,-75
467.611,00:04,935,-96
468.058,00:03,936,-74
468.109,00:04,936,-96
468.557,00:03,937,-74
468.612,00:04,937,-96
469.059,00:03,938,-74
469.11,00:04,938,-96
469.509,00:02,939,-110
469.558,00:03,939,-74
469.61,00:04,939,-96
470.057,00:03,940,-74
470.111,00:04,940,-96
470.558,00:03,941,-74
470.61,00:04,941,-96
471.059,00:03,942,-74
471.11,00:04,942,-96
471.559,00:03,943,-74
471.612,00:04,943,-96
472.058,00:03,944,-74
472.111,00:04,944,-96
472.558,00:03,945,-74
472.61,00:04,945,-96
473.057,00:03,946,-74
473.112,00:04,946,-97
473.557,00:03,947,-74
473.612,00:04,947,-97
474.059,00:03,948,-74
474.11,00:04,948,-97
474.558,00:03,949,-74
474.61,00:04,949,-97
475.056,00:03,950,-75
475.112,00:04,950,-96
475.558,00:03,951,-75
475.611,00:04,951,-96
476.058,00:03,952,-75
476.109,00:04,952,-96
476.558,00:03,953,-76
476.609,00:04,953,-96
477.056,00:03,954,-76
477.11,00:04,954,-96
477.559,00:03,955,-76
477.611,00:04,955,-96
478.058,00:03,956,-77
478.112,00:04,956,-96
478.556,00:03,957,-77
478.611,00:04,957,-96
479.058,00:03,958,-77
479.11,00:04,958,-96
479.558,00:03,959,-77
479.613,00:04,959,-96
480.057,00:03,960,-77
480.112,00:04,960,-96
480.557,00:03,961,-77
480.611,00:04,961,-96
481.056,00:03,962,-77
481.112,00:04,962,-96
481.557,00:03,963,-77
481.61,00:04,963,-95
482.057,00:03,964,-77
482.111,00:04,964,-95
482.556,00:03,965,-77
482.611,00:04,965,-95
483.057,00:03,966,-77
483.109,00:04,966,-95
483.557,00:03,967,-77
483.61,00:04,967,-95
484.058,00:03,968,-78
484.112,00:04,968,-95
484.557,00:03,969,-78
484.609,00:04,969,-95
485.056,00:03,970,-78
485.11,00:04,970,-95
485.556,00:03,971,-78
485.611,00:04,971,-95
486.057,00:03,972,-78
486.111,00:04,972,-95
486.558,00:03,973,-78
486.612,00:04,973,-95
487.058,00:03,974,-78
487.112,00:04,974,-95
487.558,00:03,975,-78
487.611,00:04,975,-95
488.057,00:03,976,-78
488.111,00:04,976,-95
488.557,00:03,977,-78
488.611,00:04,977,-95
489.01,00:02,978,-109
489.058,00:03,978,-78
489.113,00:04,978,-95
489.557,00:03,979,-78
489.612,00:04,979,-94
490.057,00:03,980,-78
490.11,00:04,980,-94
490.557,00:03,981,-78
490.611,00:04,981,-94
491.059,00:03,982,-79
491.111,00:04,982,-94
491.508,00:02,983,-109
491.559,00:03,983,-79
491.611,00:04,983,-94
492.057,00:03,984,-79
492.111,00:04,984,-94
492.559,00:03,985,-79
492.611,00:04,985,-94
493.056,00:03,986,-83
493.112,00:04,986,-98
493.557,00:03,987,-83
493.609,00:04,987,-98
494.056,00:03,988,-83
494.111,00:04,988,-98
494.557,00:03,989,-83
494.612,00:04,989,-98
495.055,00:03,990,-84
495.113,00:04,990,-98
495.557,00:03,991,-84
495.611,00:04,991,-98
496.057,00:03,992,-84
496.112,00:04,992,-98
496.557,00:03,993,-84
496.61,00:04,993,-98
497.056,00:03,994,-80
497.111,00:04,994,-94
497.558,00:03,995,-80
497.611,00:04,995,-94
498.011,00:02,996,-107
498.056,00:03,996,-80
498.11,00:04,996,-94
498.509,00:02,997,-107
498.558,00:03,997,-80
498.613,00:04,997,-93
499.011,00:02,998,-107
499.056,00:03,998,-81
499.113,00:04,998,-93
499.509,00:02,999,-107
499.558,00:03,999,-81
499.613,00:04,999,-93
500.008,00:02,1000,-107
500.055,00:03,1000,-81
500.112,00:04,1000,-93
500.511,00:02,1001,-107
500.557,00:03,1001,-81
500.612,00:04,1001,-93
501.01,00:02,1002,-107
501.056,00:03,1002,-81
501.112,00:04,1002,-93
501.509,00:02,1003,-107
501.557,00:03,1003,-81
501.611,00:04,1003,-93
502.01,00:02,1004,-107
502.058,00:03,1004,-81
502.112,00:04,1004,-93
502.511,00:02,1005,-107
502.558,00:03,1005,-82
502.611,00:04,1005,-93
503.009,00:02,1006,-106
503.058,00:03,1006,-82
503.111,00:04,1006,-93
503.51,00:02,1007,-106
503.557,00:03,1007,-82
503.611,00:04,1007,-93
504.01,00:02,1008,-106
504.057,00:03,1008,-82
504.111,00:04,1008,-93
504.509,00:02,1009,-106
504.557,00:03,1009,-82
504.611,00:04,1009,-93
505.009,00:02,1010,-106
505.057,00:03,1010,-82
505.111,00:04,1010,-93
505.51,00:02,1011,-106
505.558,00:03,1011,-83
505.61,00:04,1011,-93
506.008,00:02,1012,-106
506.058,00:03,1012,-83
506.111,00:04,1012,-93
506.508,00:02,1013,-106
506.557,00:03,1013,-83
506.61,00:04,1013,-93
507.01,00:02,1014,-106
507.058,00:03,1014,-83
507.11,00:04,1014,-93
507.508,00:02,1015,-105
507.557,00:03,1015,-83
507.611,00:04,1015,-93
508.011,00:02,1016,-105
508.057,00:03,1016,-83
508.112,00:04,1016,-93
508.51,00:02,1017,-105
508.556,00:03,1017,-83
508.612,00:04,1017,-93
509.01,00:02,1018,-105
509.057,00:03,1018,-84
509.111,00:04,1018,-93
509.509,00:02,1019,-105
509.556,00:03,1019,-84
509.611,00:04,1019,-93
510.01,00:02,1020,-105
510.057,00:03,1020,-84
510.113,00:04,1020,-93
510.509,00:02,1021,-105
510.558,00:03,1021,-84
510.61,00:04,1021,-92
511.01,00:02,1022,-105
511.058,00:03,1022,-84
511.112,00:04,1022,-92
511.509,00:02,1023,-104
511.557,00:03,1023,-84
511.613,00:04,1023,-92
512.011,00:02,1024,-104
512.059,00:03,1024,-85
512.112,00:04,1024,-92
512.509,00:02,1025,-104
512.559,00:03,1025,-85
512.612,00:04,1025,-92
513.009,00:02,1026,-104
513.056,00:03,1026,-85
513.111,00:04,1026,-92
513.51,00:02,1027,-104
513.559,00:03,1027,-85
513.612,00:04,1027,-92
514.008,00:02,1028,-104
514.057,00:03,1028,-85
514.113,00:04,1028,-92
514.509,00:02,1029,-104
514.556,00:03,1029,-85
514.611,00:04,1029,-92
515.009,00:02,1030,-104
515.058,00:03,1030,-85
515.112,00:04,1030,-92
515.511,00:02,1031,-103
515.557,00:03,1031,-86
515.61,00:04,1031,-92
516.008,00:02,1032,-103
516.058,00:03,1032,-86
516.112,00:04,1032,-92
516.508,00:02,1033,-103
516.557,00:03,1033,-86
516.612,00:04,1033,-92
517.009,00:02,1034,-103
517.059,00:03,1034,-86
517.111,00:04,1034,-92
517.51,00:02,1035,-103
517.558,00:03,1035,-86
517.612,00:04,1035,-92
518.01,00:02,1036,-103
518.058,00:03,1036,-86
518.113,00:04,1036,-92
518.508,00:02,1037,-103
518.557,00:03,1037,-87
518.611,00:04,1037,-92
519.01,00:02,1038,-107
519.056,00:03,1038,-91
519.111,00:04,1038,-96
519.51,00:02,1039,-106
519.557,00:03,1039,-91
519.611,00:04,1039,-96
520.011,00:02,1040,-106
520.057,00:03,1040,-91
520.112,00:04,1040,-96
520.511,00:02,1041,-106
520.558,00:03,1041,-91
520.611,00:04,1041,-96
521.01,00:02,1042,-106
521.056,00:03,1042,-91
521.111,00:04,1042,-96
521.508,00:02,1043,-106
521.556,00:03,1043,-91
521.612,00:04,1043,-96
522.009,00:02,1044,-106
522.056,00:03,1044,-92
522.113,00:04,1044,-96
522.509,00:02,1045,-106
522.559,00:03,1045,-92
522.61,00:04,1045,-96
523.011,00:02,1046,-106
523.056,00:03,1046,-92
523.11,00:04,1046,-96
523.51,00:02,1047,-105
523.556,00:03,1047,-92
523.612,00:04,1047,-96
524.011,00:02,1048,-105
524.057,00:03,1048,-92
524.112,00:04,1048,-96
524.51,00:02,1049,-105
524.556,00:03,1049,-92
524.612,00:04,1049,-96
525.009,00:02,1050,-105
525.058,00:03,1050,-92
525.11,00:04,1050,-96
525.51,00:02,1051,-105
525.558,00:03,1051,-93
525.613,00:04,1051,-96
526.009,00:02,1052,-105
526.057,00:03,1052,-93
526.11,00:04,1052,-96
526.509,00:02,1053,-105
526.558,00:03,1053,-93
526.612,00:04,1053,-96
527.008,00:02,1054,-104
527.058,00:03,1054,-93
527.113,00:04,1054,-96
527.51,00:02,1055,-104
527.558,00:03,1055,-93
527.611,00:04,1055,-96
528.01,00:02,1056,-104
528.059,00:03,1056,-93
528.111,00:04,1056,-96
528.51,00:02,1057,-104
528.556,00:03,1057,-93
528.611,00:04,1057,-96
529.009,00:02,1058,-104
529.056,00:03,1058,-93
529.111,00:04,1058,-96
529.51,00:02,1059,-104
529.559,00:03,1059,-94
529.612,00:04,1059,-96
530.008,00:02,1060,-104
530.057,00:03,1060,-94
530.111,00:04,1060,-96
530.508,00:02,1061,-103
530.557,00:03,1061,-94
530.611,00:04,1061,-96
531.011,00:02,1062,-99
531.056,00:03,1062,-90
531.112,00:04,1062,-92
531.508,00:02,1063,-99
531.557,00:03,1063,-90
531.61,00:04,1063,-92
532.009,00:02,1064,-99
532.058,00:03,1064,-90
532.111,00:04,1064,-92
532.512,00:02,1065,-99
532.558,00:03,1065,-90
532.612,00:04,1065,-92
533.01,00:02,1066,-99
533.057,00:03,1066,-91
533.111,00:04,1066,-92
533.51,00:02,1067,-99
533.557,00:03,1067,-91
533.612,00:04,1067,-92
534.01,00:02,1068,-98
534.057,00:03,1068,-91
534.111,00:04,1068,-92
534.508,00:02,1069,-98
534.558,00:03,1069,-91
534.61,00:04,1069,-92
535.009,00:02,1070,-98
535.056,00:03,1070,-91
535.111,00:04,1070,-92
535.51,00:02,1071,-98
535.559,00:03,1071,-91
535.612,00:04,1071,-92
536.01,00:02,1072,-98
536.057,00:03,1072,-91
536.111,00:04,1072,-92
536.511,00:02,1073,-98
536.557,00:03,1073,-91
536.611,00:04,1073,-92
537.01,00:02,1074,-97
537.058,00:03,1074,-92
537.113,00:04,1074,-92
537.51,00:02,1075,-97
537.558,00:03,1075,-92
537.613,00:04,1075,-92
538.011,00:02,1076,-97
538.058,00:03,1076,-92
538.112,00:04,1076,-92
538.509,00:02,1077,-97
538.557,00:03,1077,-92
538.612,00:04,1077,-92
539.009,00:02,1078,-97
539.057,00:03,1078,-92
539.112,00:04,1078,-92
539.508,00:02,1079,-97
539.555,00:03,1079,-92
539.611,00:04,1079,-93
540.011,00:02,1080,-97
540.058,00:03,1080,-92
540.111,00:04,1080,-93
540.511,00:02,1081,-96
540.556,00:03,1081,-92
540.611,00:04,1081,-93
541.009,00:02,1082,-96
541.057,00:03,1082,-92
541.111,00:04,1082,-93
541.511,00:02,1083,-96
541.557,00:03,1083,-93
541.612,00:04,1083,-93
542.011,00:02,1084,-96
542.058,00:03,1084,-93
542.113,00:04,1084,-93
542.508,00:02,1085,-96
542.556,00:03,1085,-93
542.611,00:04,1085,-93
543.011,00:02,1086,-96
543.056,00:03,1086,-93
543.111,00:04,1086,-93
543.509,00:02,1087,-95
543.558,00:03,1087,-93
543.611,00:04,1087,-93
544.009,00:02,1088,-95
544.057,00:03,1088,-93
544.113,00:04,1088,-93
544.51,00:02,1089,-95
544.558,00:03,1089,-93
544.61,00:04,1089,-93
545.01,00:02,1090,-95
545.057,00:03,1090,-93
545.11,00:04,1090,-93
545.509,00:02,1091,-95
545.559,00:03,1091,-94
545.613,00:04,1091,-93
546.01,00:02,1092,-95
546.057,00:03,1092,-94
546.112,00:04,1092,-93
546.509,00:02,1093,-95
546.556,00:03,1093,-94
546.611,00:04,1093,-93
547.01,00:02,1094,-94
547.059,00:03,1094,-94
547.111,00:04,1094,-93
547.509,00:02,1095,-94
547.558,00:03,1095,-94
547.611,00:04,1095,-93
548.008,00:02,1096,-94
548.058,00:03,1096,-94
548.111,00:04,1096,-93
548.511,00:02,1097,-94
548.557,00:03,1097,-94
548.613,00:04,1097,-93
549.01,00:02,1098,-94
549.059,00:03,1098,-94
549.111,00:04,1098,-93
549.51,00:02,1099,-94
549.557,00:03,1099,-94
549.613,00:04,1099,-93
550.009,00:02,1100,-93
550.058,00:03,1100,-94
550.111,00:04,1100,-93
550.51,00:02,1101,-93
550.557,00:03,1101,-95
550.611,00:04,1101,-93
551.009,00:02,1102,-93
551.058,00:03,1102,-95
551.113,00:04,1102,-93
551.509,00:02,1103,-93
551.555,00:03,1103,-95
551.612,00:04,1103,-94
552.011,00:02,1104,-93
552.057,00:03,1104,-95
552.113,00:04,1104,-94
552.509,00:02,1105,-93
552.559,00:03,1105,-95
552.611,00:04,1105,-94
553.01,00:02,1106,-97
553.057,00:03,1106,-99
553.112,00:04,1106,-98
553.51,00:02,1107,-96
553.557,00:03,1107,-99
553.611,00:04,1107,-98
554.01,00:02,1108,-96
554.057,00:03,1108,-99
554.111,00:04,1108,-98
554.51,00:02,1109,-96
554.557,00:03,1109,-99
554.611,00:04,1109,-98
555.008,00:02,1110,-96
555.058,00:03,1110,-100
555.111,00:04,1110,-98
555.511,00:02,1111,-96
555.557,00:03,1111,-100
555.61,00:04,1111,-98
556.01,00:02,1112,-96
556.058,00:03,1112,-100
556.112,00:04,1112,-98
556.509,00:02,1113,-96
556.555,00:03,1113,-100
556.61,00:04,1113,-98
557.009,00:02,1114,-92
557.057,00:03,1114,-96
557.112,00:04,1114,-94
557.51,00:02,1115,-91
557.557,00:03,1115,-96
557.612,00:04,1115,-94
558.009,00:02,1116,-91
558.057,00:03,1116,-96
558.114,00:04,1116,-94
558.51,00:02,1117,-91
558.557,00:03,1117,-96
558.61,00:04,1117,-94
559.009,00:02,1118,-91
559.057,00:03,1118,-96
559.113,00:04,1118,-94
559.509,00:02,1119,-91
559.558,00:03,1119,-96
559.613,00:04,1119,-94
560.012,00:02,1120,-91
560.057,00:03,1120,-97
560.112,00:04,1120,-94
560.511,00:02,1121,-91
560.558,00:03,1121,-97
560.611,00:04,1121,-95
561.009,00:02,1122,-91
561.056,00:03,1122,-97
561.114,00:04,1122,-95
561.512,00:02,1123,-91
561.556,00:03,1123,-97
561.611,00:04,1123,-95
562.01,00:02,1124,-91
562.057,00:03,1124,-97
562.112,00:04,1124,-95
562.511,00:02,1125,-91
562.557,00:03,1125,-97
562.613,00:04,1125,-95
563.01,00:02,1126,-90
563.057,00:03,1126,-97
563.112,00:04,1126,-95
563.511,00:02,1127,-90
563.556,00:03,1127,-97
563.614,00:04,1127,-95
564.008,00:02,1128,-90
564.059,00:03,1128,-97
564.11,00:04,1128,-95
564.509,00:02,1129,-90
564.557,00:03,1129,-97
564.613,00:04,1129,-95
565.009,00:02,1130,-90
565.058,00:03,1130,-97
565.112,00:04,1130,-95
565.509,00:02,1131,-90
565.558,00:03,1131,-98
565.61,00:04,1131,-95
566.009,00:02,1132,-90
566.057,00:03,1132,-98
566.112,00:04,1132,-95
566.51,00:02,1133,-90
566.558,00:03,1133,-98
566.611,00:04,1133,-95
567.008,00:02,1134,-90
567.057,00:03,1134,-98
567.11,00:04,1134,-95
567.51,00:02,1135,-90
567.557,00:03,1135,-98
567.613,00:04,1135,-95
568.009,00:02,1136,-90
568.057,00:03,1136,-98
568.113,00:04,1136,-95
568.512,00:02,1137,-90
568.557,00:03,1137,-98
568.613,00:04,1137,-96
569.01,00:02,1138,-90
569.058,00:03,1138,-98
569.112,00:04,1138,-96
569.511,00:02,1139,-90
569.558,00:03,1139,-98
569.612,00:04,1139,-96
570.009,00:02,1140,-90
570.056,00:03,1140,-98
570.112,00:04,1140,-96
570.51,00:02,1141,-90
570.558,00:03,1141,-98
570.613,00:04,1141,-96
571.01,00:02,1142,-91
571.056,00:03,1142,-98
571.112,00:04,1142,-96
571.511,00:02,1143,-91
571.559,00:03,1143,-98
571.614,00:04,1143,-95
572.01,00:02,1144,-91
572.058,00:03,1144,-98
572.113,00:04,1144,-95
572.512,00:02,1145,-91
572.557,00:03,1145,-99
572.613,00:04,1145,-95
573.01,00:02,1146,-92
573.058,00:03,1146,-99
573.113,00:04,1146,-95
573.509,00:02,1147,-92
573.557,00:03,1147,-99
573.612,00:04,1147,-95
574.01,00:02,1148,-92
574.057,00:03,1148,-99
574.113,00:04,1148,-95
574.51,00:02,1149,-92
574.558,00:03,1149,-99
574.611,00:04,1149,-95
575.01,00:02,1150,-93
575.057,00:03,1150,-99
575.111,00:04,1150,-95
575.509,00:02,1151,-93
575.557,00:03,1151,-99
575.612,00:04,1151,-95
576.01,00:02,1152,-93
576.058,00:03,1152,-99
576.113,00:04,1152,-95
576.511,00:02,1153,-93
576.555,00:03,1153,-99
576.612,00:04,1153,-95
577.011,00:02,1154,-93
577.055,00:03,1154,-98
577.112,00:04,1154,-95
577.511,00:02,1155,-93
577.556,00:03,1155,-98
577.612,00:04,1155,-95
578.011,00:02,1156,-93
578.057,00:03,1156,-98
578.113,00:04,1156,-94
578.511,00:02,1157,-93
578.558,00:03,1157,-98
578.612,00:04,1157,-94
579.009,00:02,1158,-93
579.056,00:03,1158,-98
579.112,00:04,1158,-94
579.509,00:02,1159,-93
579.558,00:03,1159,-98
579.613,00:04,1159,-94
580.011,00:02,1160,-93
580.056,00:03,1160,-98
580.112,00:04,1160,-94
580.508,00:02,1161,-93
580.558,00:03,1161,-98
580.614,00:04,1161,-94
581.011,00:02,1162,-93
581.057,00:03,1162,-98
581.112,00:04,1162,-94
581.509,00:02,1163,-93
581.559,00:03,1163,-98
581.612,00:04,1163,-94
582.011,00:02,1164,-93
582.058,00:03,1164,-98
582.113,00:04,1164,-94
582.51,00:02,1165,-93
582.557,00:03,1165,-98
582.612,00:04,1165,-94
583.011,00:02,1166,-93
583.059,00:03,1166,-97
583.113,00:04,1166,-94
583.509,00:02,1167,-93
583.556,00:03,1167,-97
583.611,00:04,1167,-94
584.008,00:02,1168,-93
584.056,00:03,1168,-97
584.113,00:04,1168,-94
584.512,00:02,1169,-93
584.559,00:03,1169,-97
584.612,00:04,1169,-94
585.009,00:02,1170,-93
585.057,00:03,1170,-97
585.112,00:04,1170,-93
585.512,00:02,1171,-93
585.558,00:03,1171,-97
585.614,00:04,1171,-93
586.009,00:02,1172,-94
586.056,00:03,1172,-97
586.114,00:04,1172,-93
586.508,00:02,1173,-94
586.557,00:03,1173,-97
586.613,00:04,1173,-93
587.012,00:02,1174,-94
587.059,00:03,1174,-97
587.112,00:04,1174,-93
587.509,00:02,1175,-94
587.557,00:03,1175,-97
587.611,00:04,1175,-93
588.008,00:02,1176,-94
588.057,00:03,1176,-96
588.113,00:04,1176,-93
588.509,00:02,1177,-94
588.557,00:03,1177,-96
588.612,00:04,1177,-93
589.011,00:02,1178,-98
589.056,00:03,1178,-100
589.112,00:04,1178,-97
589.51,00:02,1179,-98
589.556,00:03,1179,-100
589.612,00:04,1179,-97
590.01,00:02,1180,-98
590.057,00:03,1180,-100
590.113,00:04,1180,-97
590.509,00:02,1181,-98
590.556,00:03,1181,-100
590.613,00:04,1181,-97
591.011,00:02,1182,-98
591.057,00:03,1182,-100
591.113,00:04,1182,-97
591.509,00:02,1183,-98
591.556,00:03,1183,-100
591.612,00:04,1183,-97
592.01,00:02,1184,-99
592.057,00:03,1184,-100
592.113,00:04,1184,-97
592.51,00:02,1185,-99
592.555,00:03,1185,-100
592.612,00:04,1185,-97
593.01,00:02,1186,-95
593.057,00:03,1186,-96
593.113,00:04,1186,-92
593.511,00:02,1187,-95
593.556,00:03,1187,-95
593.612,00:04,1187,-92
594.01,00:02,1188,-95
594.056,00:03,1188,-95
594.112,00:04,1188,-92
594.511,00:02,1189,-95
594.558,00:03,1189,-95
594.613,00:04,1189,-92
595.009,00:02,1190,-95
595.056,00:03,1190,-95
595.113,00:04,1190,-92
595.512,00:02,1191,-95
595.558,00:03,1191,-95
595.611,00:04,1191,-92
596.009,00:02,1192,-95
596.058,00:03,1192,-95
596.113,00:04,1192,-92
596.512,00:02,1193,-96
596.556,00:03,1193,-95
596.611,00:04,1193,-92
597.009,00:02,1194,-96
597.057,00:03,1194,-95
597.113,00:04,1194,-92
597.509,00:02,1195,-96
597.557,00:03,1195,-95
597.611,00:04,1195,-92
598.011,00:02,1196,-96
598.057,00:03,1196,-95
598.111,00:04,1196,-92
598.509,00:02,1197,-96
598.556,00:03,1197,-94
598.612,00:04,1197,-92
599.01,00:02,1198,-96
599.056,00:03,1198,-94
599.113,00:04,1198,-92
599.511,00:02,1199,-96
599.557,00:03,1199,-94
599.612,00:04,1199,-92
600.01,00:02,1200,-96
600.056,00:03,1200,-94
600.112,00:04,1200,-92
600.511,00:02,1201,-97
600.555,00:03,1201,-94
600.611,00:04,1201,-92
601.01,00:02,1202,-97
601.056,00:03,1202,-94
601.114,00:04,1202,-92
601.51,00:02,1203,-97
601.557,00:03,1203,-94
601.612,00:04,1203,-92
602.01,00:02,1204,-97
602.057,00:03,1204,-94
602.113,00:04,1204,-91
602.509,00:02,1205,-97
602.557,00:03,1205,-94
602.612,00:04,1205,-91
603.008,00:02,1206,-97
603.057,00:03,1206,-93
603.112,00:04,1206,-91
603.509,00:02,1207,-97
603.558,00:03,1207,-93
603.613,00:04,1207,-91
604.01,00:02,1208,-97
604.056,00:03,1208,-93
604.114,00:04,1208,-91
604.51,00:02,1209,-98
604.557,00:03,1209,-93
604.613,00:04,1209,-91
605.009,00:02,1210,-98
605.056,00:03,1210,-93
605.112,00:04,1210,-91
605.509,00:02,1211,-98
605.558,00:03,1211,-93
605.612,00:04,1211,-91
606.01,00:02,1212,-98
606.059,00:03,1212,-93
606.113,00:04,1212,-91
606.508,00:02,1213,-98
606.556,00:03,1213,-93
606.613,00:04,1213,-91
607.011,00:02,1214,-98
607.057,00:03,1214,-93
607.111,00:04,1214,-91
607.511,00:02,1215,-98
607.556,00:03,1215,-92
607.614,00:04,1215,-91
608.009,00:02,1216,-98
608.055,00:03,1216,-92
608.111,00:04,1216,-91
608.51,00:02,1217,-99
608.555,00:03,1217,-92
608.612,00:04,1217,-91
609.009,00:02,1218,-99
609.058,00:03,1218,-92
609.113,00:04,1218,-91
609.509,00:02,1219,-99
609.557,00:03,1219,-92
609.612,00:04,1219,-91
610.011,00:02,1220,-99
610.057,00:03,1220,-92
610.114,00:04,1220,-91
610.51,00:02,1221,-99
610.558,00:03,1221,-92
610.613,00:04,1221,-91
611.01,00:02,1222,-99
611.057,00:03,1222,-92
611.111,00:04,1222,-91
611.51,00:02,1223,-99
611.558,00:03,1223,-92
611.612,00:04,1223,-91
612.01,00:02,1224,-100
612.056,00:03,1224,-91
612.113,00:04,1224,-91
612.511,00:02,1225,-100
612.558,00:03,1225,-91
612.612,00:04,1225,-91
613.011,00:02,1226,-100
613.056,00:03,1226,-91
613.112,00:04,1226,-91
613.509,00:02,1227,-100
613.558,00:03,1227,-91
613.612,00:04,1227,-91
614.01,00:02,1228,-100
614.058,00:03,1228,-91
614.114,00:04,1228,-91
614.511,00:02,1229,-100
614.555,00:03,1229,-91
614.612,00:04,1229,-91
615.009,00:02,1230,-100
615.057,00:03,1230,-91
615.113,00:04,1230,-91
615.51,00:02,1231,-100
615.555,00:03,1231,-91
615.612,00:04,1231,-91
616.009,00:02,1232,-101
616.056,00:03,1232,-90
616.114,00:04,1232,-91
616.508,00:02,1233,-101
616.557,00:03,1233,-90
616.612,00:04,1233,-91
617.009,00:02,1234,-101
617.057,00:03,1234,-90
617.113,00:04,1234,-91
617.509,00:02,1235,-101
617.556,00:03,1235,-90
617.612,00:04,1235,-91
618.012,00:02,1236,-101
618.057,00:03,1236,-90
618.112,00:04,1236,-91
618.509,00:02,1237,-101
618.558,00:03,1237,-90
618.612,00:04,1237,-91
619.009,00:02,1238,-101
619.056,00:03,1238,-90
619.111,00:04,1238,-91
619.509,00:02,1239,-101
619.557,00:03,1239,-90
619.611,00:04,1239,-91
620.009,00:02,1240,-102
620.057,00:03,1240,-89
620.113,00:04,1240,-91
620.509,00:02,1241,-102
620.559,00:03,1241,-89
620.611,00:04,1241,-91
621.01,00:02,1242,-102
621.057,00:03,1242,-89
621.111,00:04,1242,-91
621.51,00:02,1243,-102
621.558,00:03,1243,-89
621.611,00:04,1243,-91
622.01,00:02,1244,-102
622.058,00:03,1244,-89
622.111,00:04,1244,-91
622.51,00:02,1245,-102
622.556,00:03,1245,-89
622.613,00:04,1245,-91
623.01,00:02,1246,-102
623.057,00:03,1246,-89
623.111,00:04,1246,-91
623.509,00:02,1247,-102
623.556,00:03,1247,-89
623.611,00:04,1247,-91
624.011,00:02,1248,-103
624.057,00:03,1248,-88
624.114,00:04,1248,-91
624.509,00:02,1249,-103
624.558,00:03,1249,-88
624.614,00:04,1249,-91
625.011,00:02,1250,-103
625.057,00:03,1250,-88
625.111,00:04,1250,-91
625.509,00:02,1251,-103
625.558,00:03,1251,-88
625.613,00:04,1251,-91
626.012,00:02,1252,-103
626.055,00:03,1252,-88
626.113,00:04,1252,-91
626.51,00:02,1253,-103
626.557,00:03,1253,-88
626.612,00:04,1253,-91
627.011,00:02,1254,-103
627.057,00:03,1254,-88
627.113,00:04,1254,-91
627.51,00:02,1255,-103
627.558,00:03,1255,-88
627.613,00:04,1255,-91
628.011,00:02,1256,-104
628.058,00:03,1256,-87
628.115,00:04,1256,-91
628.511,00:02,1257,-104
628.557,00:03,1257,-87
628.613,00:04,1257,-91
629.009,00:02,1258,-104
629.057,00:03,1258,-87
629.114,00:04,1258,-91
629.511,00:02,1259,-104
629.557,00:03,1259,-87
629.614,00:04,1259,-91
630.009,00:02,1260,-104
630.057,00:03,1260,-87
630.112,00:04,1260,-91
630.509,00:02,1261,-104
630.557,00:03,1261,-87
630.612,00:04,1261,-91
631.01,00:02,1262,-104
631.059,00:03,1262,-87
631.112,00:04,1262,-91
631.509,00:02,1263,-104
631.557,00:03,1263,-87
631.614,00:04,1263,-91
632.009,00:02,1264,-105
632.056,00:03,1264,-86
632.114,00:04,1264,-91
632.51,00:02,1265,-105
632.557,00:03,1265,-86
632.613,00:04,1265,-91
633.009,00:02,1266,-105
633.058,00:03,1266,-86
633.113,00:04,1266,-91
633.51,00:02,1267,-105
633.559,00:03,1267,-86
633.613,00:04,1267,-91
634.012,00:02,1268,-105
634.058,00:03,1268,-86
634.113,00:04,1268,-91
634.512,00:02,1269,-105
634.557,00:03,1269,-86
634.613,00:04,1269,-91
635.01,00:02,1270,-105
635.056,00:03,1270,-86
635.114,00:04,1270,-91
635.511,00:02,1271,-105
635.557,00:03,1271,-85
635.614,00:04,1271,-91
636.01,00:02,1272,-105
636.058,00:03,1272,-85
636.114,00:04,1272,-91
636.509,00:02,1273,-106
636.557,00:03,1273,-85
636.611,00:04,1273,-91
637.011,00:02,1274,-106
637.057,00:03,1274,-85
637.113,00:04,1274,-91
637.511,00:02,1275,-106
637.556,00:03,1275,-85
637.613,00:04,1275,-91
638.012,00:02,1276,-106
638.058,00:03,1276,-85
638.114,00:04,1276,-91
638.512,00:02,1277,-106
638.559,00:03,1277,-85
638.611,00:04,1277,-91
639.011,00:02,1278,-106
639.057,00:03,1278,-85
639.114,00:04,1278,-91
639.511,00:02,1279,-106
639.557,00:03,1279,-84
639.613,00:04,1279,-91
640.01,00:02,1280,-106
640.056,00:03,1280,-84
640.112,00:04,1280,-92
640.51,00:02,1281,-106
640.557,00:03,1281,-84
640.613,00:04,1281,-92
641.011,00:02,1282,-106
641.057,00:03,1282,-84
641.114,00:04,1282,-92
641.509,00:02,1283,-107
641.555,00:03,1283,-84
641.614,00:04,1283,-92
642.011,00:02,1284,-107
642.059,00:03,1284,-84
642.114,00:04,1284,-92
642.509,00:02,1285,-107
642.558,00:03,1285,-84
642.612,00:04,1285,-92
643.01,00:02,1286,-107
643.057,00:03,1286,-84
643.113,00:04,1286,-92
643.555,00:03,1287,-83
643.614,00:04,1287,-92
644.009,00:02,1288,-107
644.055,00:03,1288,-83
644.113,00:04,1288,-92
644.511,00:02,1289,-107
644.555,00:03,1289,-83
644.613,00:04,1289,-92
645.011,00:02,1290,-107
645.058,00:03,1290,-83
645.112,00:04,1290,-92
645.51,00:02,1291,-107
645.557,00:03,1291,-83
645.612,00:04,1291,-92
646.009,00:02,1292,-108
646.057,00:03,1292,-83
646.114,00:04,1292,-92
646.51,00:02,1293,-108
646.558,00:03,1293,-83
646.613,00:04,1293,-92
647.01,00:02,1294,-108
647.056,00:03,1294,-83
647.114,00:04,1294,-92
647.51,00:02,1295,-108
647.559,00:03,1295,-83
647.614,00:04,1295,-92
648.011,00:02,1296,-108
648.058,00:03,1296,-82
648.114,00:04,1296,-92
648.51,00:02,1297,-108
648.556,00:03,1297,-82
648.612,00:04,1297,-92
649.057,00:03,1298,-86
649.113,00:04,1298,-96
649.558,00:03,1299,-86
649.614,00:04,1299,-97
650.057,00:03,1300,-86
650.114,00:04,1300,-97
650.557,00:03,1301,-86
650.611,00:04,1301,-97
651.057,00:03,1302,-86
651.113,00:04,1302,-97
651.557,00:03,1303,-86
651.612,00:04,1303,-97
652.057,00:03,1304,-86
652.112,00:04,1304,-97
652.556,00:03,1305,-85
652.613,00:04,1305,-97
653.057,00:03,1306,-81
653.111,00:04,1306,-93
653.557,00:03,1307,-81
653.614,00:04,1307,-93
654.056,00:03,1308,-81
654.113,00:04,1308,-93
654.556,00:03,1309,-81
654.612,00:04,1309,-93
655.056,00:03,1310,-81
655.114,00:04,1310,-93
655.557,00:03,1311,-81
655.613,00:04,1311,-93
656.055,00:03,1312,-81
656.112,00:04,1312,-93
656.555,00:03,1313,-81
656.613,00:04,1313,-93
657.057,00:03,1314,-81
657.113,00:04,1314,-94
657.559,00:03,1315,-81
657.613,00:04,1315,-94
658.057,00:03,1316,-81
658.113,00:04,1316,-94
658.511,00:02,1317,-110
658.558,00:03,1317,-81
658.615,00:04,1317,-94
659.057,00:03,1318,-81
659.114,00:04,1318,-94
659.556,00:03,1319,-80
659.613,00:04,1319,-94
660.058,00:03,1320,-80
660.113,00:04,1320,-94
660.558,00:03,1321,-80
660.614,00:04,1321,-94
661.057,00:03,1322,-80
661.112,00:04,1322,-94
661.556,00:03,1323,-80
661.614,00:04,1323,-94
662.057,00:03,1324,-80
662.114,00:04,1324,-94
662.558,00:03,1325,-80
662.612,00:04,1325,-94
663.057,00:03,1326,-80
663.112,00:04,1326,-94
663.556,00:03,1327,-80
663.615,00:04,1327,-94
664.057,00:03,1328,-80
664.112,00:04,1328,-95
664.556,00:03,1329,-80
664.614,00:04,1329,-95
665.057,00:03,1330,-80
665.114,00:04,1330,-95
665.557,00:03,1331,-80
665.613,00:04,1331,-95
666.056,00:03,1332,-80
666.113,00:04,1332,-95
666.556,00:03,1333,-80
666.612,00:04,1333,-95
667.057,00:03,1334,-81
667.112,00:04,1334,-95
667.556,00:03,1335,-81
667.615,00:04,1335,-94
668.059,00:03,1336,-81
668.112,00:04,1336,-94
668.557,00:03,1337,-81
668.612,00:04,1337,-94
669.058,00:03,1338,-82
669.112,00:04,1338,-94
669.557,00:03,1339,-82
669.614,00:04,1339,-94
670.056,00:03,1340,-82
670.112,00:04,1340,-94
670.557,00:03,1341,-82
670.613,00:04,1341,-94
671.057,00:03,1342,-83
671.115,00:04,1342,-94
671.555,00:03,1343,-83
671.613,00:04,1343,-94
672.056,00:03,1344,-83
672.113,00:04,1344,-94
672.558,00:03,1345,-83
672.614,00:04,1345,-94
673.058,00:03,1346,-83
673.114,00:04,1346,-94
673.557,00:03,1347,-83
673.613,00:04,1347,-94
674.058,00:03,1348,-83
674.113,00:04,1348,-93
674.558,00:03,1349,-83
674.614,00:04,1349,-93
675.057,00:03,1350,-83
675.114,00:04,1350,-93
675.556,00:03,1351,-83
675.612,00:04,1351,-93
676.057,00:03,1352,-83
676.113,00:04,1352,-93
676.555,00:03,1353,-83
676.612,00:04,1353,-93
677.056,00:03,1354,-83
677.114,00:04,1354,-93
677.557,00:03,1355,-83
677.615,00:04,1355,-93
678.058,00:03,1356,-83
678.115,00:04,1356,-93
678.557,00:03,1357,-83
678.613,00:04,1357,-93
679.056,00:03,1358,-83
679.115,00:04,1358,-93
679.557,00:03,1359,-83
679.614,00:04,1359,-93
680.056,00:03,1360,-83
680.112,00:04,1360,-93
680.556,00:03,1361,-83
680.614,00:04,1361,-92
681.058,00:03,1362,-83
681.113,00:04,1362,-92
681.555,00:03,1363,-83
681.612,00:04,1363,-92
682.056,00:03,1364,-83
682.115,00:04,1364,-92
682.556,00:03,1365,-83
682.613,00:04,1365,-92
683.059,00:03,1366,-83
683.112,00:04,1366,-92
683.555,00:03,1367,-83
683.614,00:04,1367,-92
684.056,00:03,1368,-83
684.113,00:04,1368,-92
684.557,00:03,1369,-83
684.615,00:04,1369,-92
685.058,00:03,1370,-88
685.113,00:04,1370,-96
685.556,00:03,1371,-88
685.613,00:04,1371,-96
686.058,00:03,1372,-88
686.112,00:04,1372,-96
686.557,00:03,1373,-88
686.613,00:04,1373,-96
687.057,00:03,1374,-88
687.112,00:04,1374,-95
687.558,00:03,1375,-88
687.612,00:04,1375,-95
688.055,00:03,1376,-88
688.113,00:04,1376,-95
688.558,00:03,1377,-88
688.614,00:04,1377,-95
689.012,00:02,1378,-109
689.057,00:03,1378,-84
689.112,00:04,1378,-91
689.509,00:02,1379,-108
689.556,00:03,1379,-84
689.613,00:04,1379,-91
690.056,00:03,1380,-84
690.113,00:04,1380,-91
690.556,00:03,1381,-84
690.613,00:04,1381,-91
691.057,00:03,1382,-85
691.114,00:04,1382,-91
691.557,00:03,1383,-85
691.614,00:04,1383,-91
692.01,00:02,1384,-108
692.057,00:03,1384,-85
692.114,00:04,1384,-91
692.511,00:02,1385,-108
692.556,00:03,1385,-85
692.613,00:04,1385,-91
693.009,00:02,1386,-108
693.058,00:03,1386,-85
693.114,00:04,1386,-91
693.51,00:02,1387,-108
693.556,00:03,1387,-85
693.614,00:04,1387,-91
694.01,00:02,1388,-108
694.057,00:03,1388,-85
694.114,00:04,1388,-91
694.509,00:02,1389,-108
694.557,00:03,1389,-85
694.615,00:04,1389,-90
695.011,00:02,1390,-107
695.056,00:03,1390,-85
695.114,00:04,1390,-90
695.51,00:02,1391,-107
695.558,00:03,1391,-85
695.615,00:04,1391,-90
696.01,00:02,1392,-107
696.058,00:03,1392,-86
696.114,00:04,1392,-90
696.511,00:02,1393,-107
696.555,00:03,1393,-86
696.612,00:04,1393,-90
697.01,00:02,1394,-107
697.056,00:03,1394,-86
697.114,00:04,1394,-90
697.51,00:02,1395,-107
697.557,00:03,1395,-86
697.613,00:04,1395,-90
698.01,00:02,1396,-107
698.058,00:03,1396,-86
698.114,00:04,1396,-90
698.51,00:02,1397,-107
698.558,00:03,1397,-86
698.614,00:04,1397,-90
699.01,00:02,1398,-107
699.057,00:03,1398,-86
699.114,00:04,1398,-90
699.51,00:02,1399,-107
699.557,00:03,1399,-86
699.615,00:04,1399,-90
700.011,00:02,1400,-106
700.056,00:03,1400,-86
700.114,00:04,1400,-90
700.511,00:02,1401,-106
700.557,00:03,1401,-86
700.614,00:04,1401,-90
701.012,00:02,1402,-106
701.055,00:03,1402,-87
701.114,00:04,1402,-90
701.511,00:02,1403,-106
701.557,00:03,1403,-87
701.615,00:04,1403,-90
702.01,00:02,1404,-106
702.059,00:03,1404,-87
702.113,00:04,1404,-90
702.511,00:02,1405,-106
702.558,00:03,1405,-87
702.613,00:04,1405,-90
703.01,00:02,1406,-106
703.058,00:03,1406,-87
703.114,00:04,1406,-90
703.511,00:02,1407,-106
703.558,00:03,1407,-87
703.612,00:04,1407,-90
704.008,00:02,1408,-106
704.057,00:03,1408,-87
704.116,00:04,1408,-90
704.511,00:02,1409,-106
704.557,00:03,1409,-87
704.614,00:04,1409,-89
705.011,00:02,1410,-105
705.055,00:03,1410,-87
705.113,00:04,1410,-89
705.51,00:02,1411,-105
705.557,00:03,1411,-88
705.612,00:04,1411,-89
706.009,00:02,1412,-105
706.057,00:03,1412,-88
706.114,00:04,1412,-89
706.509,00:02,1413,-105
706.556,00:03,1413,-88
706.613,00:04,1413,-89
707.011,00:02,1414,-105
707.055,00:03,1414,-88
707.113,00:04,1414,-89
707.51,00:02,1415,-105
707.557,00:03,1415,-88
707.613,00:04,1415,-89
708.01,00:02,1416,-105
708.057,00:03,1416,-88
708.114,00:04,1416,-89
708.51,00:02,1417,-105
708.556,00:03,1417,-88
708.615,00:04,1417,-89
709.01,00:02,1418,-105
709.058,00:03,1418,-88
709.113,00:04,1418,-89
709.509,00:02,1419,-104
709.558,00:03,1419,-89
709.614,00:04,1419,-89
710.011,00:02,1420,-104
710.057,00:03,1420,-89
710.113,00:04,1420,-89
710.511,00:02,1421,-104
710.557,00:03,1421,-89
710.614,00:04,1421,-89
711.009,00:02,1422,-104
711.057,00:03,1422,-89
711.114,00:04,1422,-89
711.51,00:02,1423,-104
711.557,00:03,1423,-89
711.614,00:04,1423,-89
712.011,00:02,1424,-104
712.056,00:03,1424,-89
712.114,00:04,1424,-89
712.511,00:02,1425,-104
712.557,00:03,1425,-89
712.615,00:04,1425,-89
713.011,00:02,1426,-104
713.057,00:03,1426,-89
713.113,00:04,1426,-89
713.51,00:02,1427,-104
713.557,00:03,1427,-89
713.614,00:04,1427,-89
714.01,00:02,1428,-103
714.058,00:03,1428,-90
714.114,00:04,1428,-89
714.509,00:02,1429,-103
714.558,00:03,1429,-90
714.613,00:04,1429,-89
715.011,00:02,1430,-103
715.055,00:03,1430,-90
715.114,00:04,1430,-89
715.51,00:02,1431,-103
715.558,00:03,1431,-90
715.613,00:04,1431,-89
716.011,00:02,1432,-103
716.057,00:03,1432,-90
716.114,00:04,1432,-89
716.509,00:02,1433,-103
716.556,00:03,1433,-90
716.614,00:04,1433,-89
717.012,00:02,1434,-103
717.057,00:03,1434,-90
717.114,00:04,1434,-89
717.511,00:02,1435,-103
717.558,00:03,1435,-90
717.614,00:04,1435,-89
718.01,00:02,1436,-103
718.059,00:03,1436,-90
718.115,00:04,1436,-89
718.51,00:02,1437,-102
718.555,00:03,1437,-91
718.616,00:04,1437,-89
719.01,00:02,1438,-102
719.056,00:03,1438,-91
719.114,00:04,1438,-89
719.511,00:02,1439,-102
719.557,00:03,1439,-91
719.614,00:04,1439,-89
720.01,00:02,1440,-102
720.058,00:03,1440,-91
720.115,00:04,1440,-89
720.511,00:02,1441,-102
720.558,00:03,1441,-91
720.615,00:04,1441,-89
721.011,00:02,1442,-102
721.058,00:03,1442,-91
721.116,00:04,1442,-89
721.512,00:02,1443,-102
721.558,00:03,1443,-91
721.614,00:04,1443,-89
722.01,00:02,1444,-102
722.058,00:03,1444,-91
722.114,00:04,1444,-89
722.51,00:02,1445,-102
722.559,00:03,1445,-91
722.614,00:04,1445,-89
723.009,00:02,1446,-101
723.056,00:03,1446,-92
723.114,00:04,1446,-89
723.51,00:02,1447,-101
723.557,00:03,1447,-92
723.614,00:04,1447,-89
724.009,00:02,1448,-101
724.056,00:03,1448,-92
724.113,00:04,1448,-89
724.51,00:02,1449,-101
724.556,00:03,1449,-92
724.613,00:04,1449,-89
725.01,00:02,1450,-101
725.057,00:03,1450,-92
725.114,00:04,1450,-89
725.509,00:02,1451,-101
725.558,00:03,1451,-92
725.616,00:04,1451,-89
726.012,00:02,1452,-101
726.059,00:03,1452,-92
726.114,00:04,1452,-89
726.511,00:02,1453,-101
726.557,00:03,1453,-92
726.614,00:04,1453,-89
727.011,00:02,1454,-101
727.057,00:03,1454,-92
727.113,00:04,1454,-89
727.512,00:02,1455,-100
727.555,00:03,1455,-93
727.614,00:04,1455,-89
728.01,00:02,1456,-100
728.058,00:03,1456,-93
728.113,00:04,1456,-89
728.51,00:02,1457,-100
728.557,00:03,1457,-93
728.615,00:04,1457,-89
729.011,00:02,1458,-100
729.058,00:03,1458,-93
729.113,00:04,1458,-89
729.511,00:02,1459,-100
729.557,00:03,1459,-93
729.614,00:04,1459,-89
730.009,00:02,1460,-100
730.056,00:03,1460,-93
730.114,00:04,1460,-90
730.511,00:02,1461,-100
730.557,00:03,1461,-93
730.613,00:04,1461,-90
731.011,00:02,1462,-100
731.057,00:03,1462,-93
731.115,00:04,1462,-90
731.51,00:02,1463,-99
731.558,00:03,1463,-93
731.613,00:04,1463,-90
732.009,00:02,1464,-99
732.057,00:03,1464,-93
732.113,00:04,1464,-90
732.511,00:02,1465,-99
732.557,00:03,1465,-94
732.615,00:04,1465,-90
733.011,00:02,1466,-99
733.057,00:03,1466,-94
733.114,00:04,1466,-90
733.51,00:02,1467,-99
733.556,00:03,1467,-94
733.615,00:04,1467,-90
734.012,00:02,1468,-99
734.057,00:03,1468,-94
734.113,00:04,1468,-90
734.509,00:02,1469,-99
734.558,00:03,1469,-94
734.613,00:04,1469,-90
735.011,00:02,1470,-99
735.055,00:03,1470,-94
735.115,00:04,1470,-90
735.51,00:02,1471,-99
735.558,00:03,1471,-94
735.613,00:04,1471,-90
736.01,00:02,1472,-99
736.056,00:03,1472,-94
736.113,00:04,1472,-90
736.511,00:02,1473,-98
736.558,00:03,1473,-94
736.613,00:04,1473,-90
737.009,00:02,1474,-98
737.056,00:03,1474,-94
737.115,00:04,1474,-90
737.51,00:02,1475,-98
737.557,00:03,1475,-95
737.614,00:04,1475,-90
738.012,00:02,1476,-98
738.057,00:03,1476,-95
738.115,00:04,1476,-90
738.51,00:02,1477,-98
738.558,00:03,1477,-95
738.613,00:04,1477,-90
739.009,00:02,1478,-98
739.058,00:03,1478,-95
739.114,00:04,1478,-90
739.51,00:02,1479,-98
739.556,00:03,1479,-95
739.614,00:04,1479,-90
740.01,00:02,1480,-98
740.059,00:03,1480,-95
740.114,00:04,1480,-91
740.512,00:02,1481,-98
740.556,00:03,1481,-95
740.612,00:04,1481,-91
741.011,00:02,1482,-98
741.058,00:03,1482,-95
741.114,00:04,1482,-91
741.51,00:02,1483,-97
741.556,00:03,1483,-95
741.615,00:04,1483,-91
742.01,00:02,1484,-97
742.056,00:03,1484,-95
742.113,00:04,1484,-91
742.509,00:02,1485,-97
742.555,00:03,1485,-96
742.614,00:04,1485,-91
743.01,00:02,1486,-97
743.055,00:03,1486,-96
743.114,00:04,1486,-91
743.511,00:02,1487,-97
743.559,00:03,1487,-96
743.613,00:04,1487,-91
744.01,00:02,1488,-97
744.056,00:03,1488,-96
744.116,00:04,1488,-91
744.511,00:02,1489,-97
744.555,00:03,1489,-96
744.615,00:04,1489,-91
745.012,00:02,1490,-101
745.056,00:03,1490,-100
745.114,00:04,1490,-95
745.51,00:02,1491,-101
745.558,00:03,1491,-100
745.615,00:04,1491,-95
746.011,00:02,1492,-101
746.057,00:03,1492,-100
746.115,00:04,1492,-95
746.51,00:02,1493,-101
746.557,00:03,1493,-100
746.614,00:04,1493,-95
747.011,00:02,1494,-100
747.058,00:03,1494,-100
747.114,00:04,1494,-95
747.51,00:02,1495,-100
747.557,00:03,1495,-100
747.613,00:04,1495,-96
748.01,00:02,1496,-100
748.057,00:03,1496,-101
748.114,00:04,1496,-96
748.51,00:02,1497,-100
748.556,00:03,1497,-101
748.613,00:04,1497,-96
749.011,00:02,1498,-96
749.058,00:03,1498,-97
749.113,00:04,1498,-92
749.509,00:02,1499,-96
749.557,00:03,1499,-97
749.615,00:04,1499,-92
750.012,00:02,1500,-96
750.057,00:03,1500,-97
750.114,00:04,1500,-92
750.511,00:02,1501,-96
750.557,00:03,1501,-97
750.614,00:04,1501,-92
751.012,00:02,1502,-96
751.058,00:03,1502,-97
751.114,00:04,1502,-92
751.511,00:02,1503,-96
751.556,00:03,1503,-97
751.614,00:04,1503,-92
752.011,00:02,1504,-96
752.058,00:03,1504,-97
752.114,00:04,1504,-92
752.511,00:02,1505,-96
752.557,00:03,1505,-97
752.615,00:04,1505,-92
753.009,00:02,1506,-96
753.058,00:03,1506,-97
753.114,00:04,1506,-92
753.51,00:02,1507,-96
753.557,00:03,1507,-98
753.615,00:04,1507,-92
754.01,00:02,1508,-96
754.058,00:03,1508,-98
754.113,00:04,1508,-93
754.511,00:02,1509,-96
754.557,00:03,1509,-98
754.613,00:04,1509,-93
755.01,00:02,1510,-95
755.057,00:03,1510,-98
755.114,00:04,1510,-93
755.513,00:02,1511,-95
755.559,00:03,1511,-98
755.616,00:04,1511,-93
756.009,00:02,1512,-95
756.056,00:03,1512,-98
756.115,00:04,1512,-93
756.511,00:02,1513,-95
756.556,00:03,1513,-98
756.614,00:04,1513,-93
757.009,00:02,1514,-95
757.056,00:03,1514,-98
757.115,00:04,1514,-93
757.51,00:02,1515,-95
757.556,00:03,1515,-98
757.614,00:04,1515,-93
758.012,00:02,1516,-95
758.055,00:03,1516,-98
758.115,00:04,1516,-93
758.51,00:02,1517,-95
758.557,00:03,1517,-98
758.614,00:04,1517,-93
759.012,00:02,1518,-95
759.057,00:03,1518,-98
759.116,00:04,1518,-93
759.511,00:02,1519,-95
759.559,00:03,1519,-99
759.615,00:04,1519,-93
760.009,00:02,1520,-95
760.055,00:03,1520,-99
760.115,00:04,1520,-94
760.512,00:02,1521,-95
760.558,00:03,1521,-99
760.614,00:04,1521,-94
761.012,00:02,1522,-95
761.056,00:03,1522,-99
761.114,00:04,1522,-94
761.512,00:02,1523,-95
761.557,00:03,1523,-99
761.615,00:04,1523,-94
762.01,00:02,1524,-95
762.057,00:03,1524,-99
762.113,00:04,1524,-94
762.512,00:02,1525,-95
762.556,00:03,1525,-99
762.614,00:04,1525,-94
763.01,00:02,1526,-96
763.057,00:03,1526,-99
763.115,00:04,1526,-94
763.513,00:02,1527,-96
763.556,00:03,1527,-99
763.616,00:04,1527,-94
764.011,00:02,1528,-96
764.057,00:03,1528,-99
764.116,00:04,1528,-93
764.51,00:02,1529,-96
764.556,00:03,1529,-99
764.614,00:04,1529,-93
765.01,00:02,1530,-97
765.058,00:03,1530,-99
765.114,00:04,1530,-93
765.51,00:02,1531,-97
765.559,00:03,1531,-99
765.615,00:04,1531,-93
766.009,00:02,1532,-97
766.056,00:03,1532,-99
766.114,00:04,1532,-93
766.509,00:02,1533,-97
766.556,00:03,1533,-99
766.616,00:04,1533,-93
767.011,00:02,1534,-97
767.057,00:03,1534,-99
767.115,00:04,1534,-93
767.511,00:02,1535,-97
767.558,00:03,1535,-99
767.613,00:04,1535,-93
768.012,00:02,1536,-97
768.059,00:03,1536,-99
768.115,00:04,1536,-93
768.511,00:02,1537,-97
768.557,00:03,1537,-99
768.613,00:04,1537,-93
769.012,00:02,1538,-97
769.056,00:03,1538,-99
769.115,00:04,1538,-93
769.511,00:02,1539,-97
769.556,00:03,1539,-99
769.614,00:04,1539,-93
770.01,00:02,1540,-97
770.057,00:03,1540,-99
770.114,00:04,1540,-92
770.511,00:02,1541,-97
770.556,00:03,1541,-99
770.616,00:04,1541,-92
771.011,00:02,1542,-97
771.056,00:03,1542,-99
771.114,00:04,1542,-92
771.509,00:02,1543,-97
771.557,00:03,1543,-99
771.615,00:04,1543,-92
772.011,00:02,1544,-97
772.057,00:03,1544,-99
772.116,00:04,1544,-92
772.512,00:02,1545,-97
772.557,00:03,1545,-99
772.616,00:04,1545,-92
773.012,00:02,1546,-97
773.058,00:03,1546,-99
773.116,00:04,1546,-92
773.512,00:02,1547,-97
773.555,00:03,1547,-98
773.616,00:04,1547,-92
774.01,00:02,1548,-98
774.056,00:03,1548,-98
774.114,00:04,1548,-92
774.51,00:02,1549,-98
774.557,00:03,1549,-98
774.614,00:04,1549,-92
775.01,00:02,1550,-98
775.056,00:03,1550,-98
775.115,00:04,1550,-92
775.509,00:02,1551,-98
775.556,00:03,1551,-98
775.616,00:04,1551,-91
776.012,00:02,1552,-98
776.057,00:03,1552,-98
776.115,00:04,1552,-91
776.511,00:02,1553,-98
776.557,00:03,1553,-98
776.616,00:04,1553,-91
777.01,00:02,1554,-98
777.057,00:03,1554,-98
777.114,00:04,1554,-91
777.51,00:02,1555,-98
777.555,00:03,1555,-98
777.614,00:04,1555,-91
778.01,00:02,1556,-98
778.058,00:03,1556,-98
778.116,00:04,1556,-91
778.51,00:02,1557,-98
778.558,00:03,1557,-98
778.614,00:04,1557,-91
779.011,00:02,1558,-98
779.058,00:03,1558,-98
779.115,00:04,1558,-91
779.51,00:02,1559,-98
779.558,00:03,1559,-97
779.615,00:04,1559,-91
780.011,00:02,1560,-98
780.056,00:03,1560,-97
780.114,00:04,1560,-91
780.511,00:02,1561,-98
780.557,00:03,1561,-97
780.613,00:04,1561,-91
781.011,00:02,1562,-102
781.057,00:03,1562,-101
781.114,00:04,1562,-95
781.51,00:02,1563,-102
781.555,00:03,1563,-101
781.616,00:04,1563,-94
782.01,00:02,1564,-102
782.057,00:03,1564,-101
782.114,00:04,1564,-94
782.509,00:02,1565,-102
782.557,00:03,1565,-101
782.616,00:04,1565,-94
783.011,00:02,1566,-102
783.055,00:03,1566,-101
783.114,00:04,1566,-94
783.511,00:02,1567,-102
783.555,00:03,1567,-101
783.617,00:04,1567,-94
784.01,00:02,1568,-102
784.057,00:03,1568,-101
784.115,00:04,1568,-94
784.51,00:02,1569,-103
784.556,00:03,1569,-101
784.616,00:04,1569,-94
785.01,00:02,1570,-99
785.056,00:03,1570,-96
785.114,00:04,1570,-90
785.511,00:02,1571,-99
785.556,00:03,1571,-96
785.613,00:04,1571,-90
786.011,00:02,1572,-99
786.057,00:03,1572,-96
786.116,00:04,1572,-90
786.511,00:02,1573,-99
786.556,00:03,1573,-96
786.615,00:04,1573,-90
787.011,00:02,1574,-99
787.058,00:03,1574,-96
787.116,00:04,1574,-90
787.511,00:02,1575,-99
787.555,00:03,1575,-96
787.613,00:04,1575,-89
788.009,00:02,1576,-99
788.055,00:03,1576,-96
788.114,00:04,1576,-89
788.511,00:02,1577,-99
788.556,00:03,1577,-96
788.614,00:04,1577,-89
789.009,00:02,1578,-99
789.057,00:03,1578,-96
789.115,00:04,1578,-89
789.51,00:02,1579,-99
789.556,00:03,1579,-96
789.614,00:04,1579,-89
790.01,00:02,1580,-99
790.057,00:03,1580,-96
790.114,00:04,1580,-89
790.512,00:02,1581,-99
790.558,00:03,1581,-96
790.616,00:04,1581,-89
791.012,00:02,1582,-100
791.056,00:03,1582,-95
791.116,00:04,1582,-89
791.511,00:02,1583,-100
791.557,00:03,1583,-95
791.615,00:04,1583,-89
792.011,00:02,1584,-100
792.056,00:03,1584,-95
792.115,00:04,1584,-89
792.512,00:02,1585,-100
792.558,00:03,1585,-95
792.615,00:04,1585,-89
793.011,00:02,1586,-100
793.055,00:03,1586,-95
793.114,00:04,1586,-89
793.511,00:02,1587,-100
793.557,00:03,1587,-95
793.613,00:04,1587,-89
794.01,00:02,1588,-100
794.056,00:03,1588,-95
794.113,00:04,1588,-89
794.51,00:02,1589,-100
794.557,00:03,1589,-95
794.615,00:04,1589,-88
795.01,00:02,1590,-100
795.056,00:03,1590,-95
795.115,00:04,1590,-88
795.509,00:02,1591,-100
795.557,00:03,1591,-95
795.614,00:04,1591,-88
796.01,00:02,1592,-100
796.057,00:03,1592,-94
796.114,00:04,1592,-88
796.51,00:02,1593,-100
796.556,00:03,1593,-94
796.614,00:04,1593,-88
797.011,00:02,1594,-101
797.057,00:03,1594,-94
797.113,00:04,1594,-88
797.51,00:02,1595,-101
797.557,00:03,1595,-94
797.614,00:04,1595,-88
798.012,00:02,1596,-101
798.056,00:03,1596,-94
798.116,00:04,1596,-88
798.513,00:02,1597,-101
798.558,00:03,1597,-94
798.614,00:04,1597,-88
799.012,00:02,1598,-101
799.057,00:03,1598,-94
799.116,00:04,1598,-88
799.511,00:02,1599,-101
799.559,00:03,1599,-94
799.615,00:04,1599,-88
800.012,00:02,1600,-101
800.057,00:03,1600,-94
800.115,00:04,1600,-88
800.509,00:02,1601,-101
800.556,00:03,1601,-94
800.615,00:04,1601,-88
801.01,00:02,1602,-101
801.055,00:03,1602,-94
801.113,00:04,1602,-88
801.509,00:02,1603,-101
801.557,00:03,1603,-93
801.616,00:04,1603,-88
802.01,00:02,1604,-102
802.057,00:03,1604,-93
802.115,00:04,1604,-88
802.512,00:02,1605,-102
802.558,00:03,1605,-93
802.616,00:04,1605,-88
803.01,00:02,1606,-102
803.056,00:03,1606,-93
803.115,00:04,1606,-88
803.51,00:02,1607,-102
803.557,00:03,1607,-93
803.615,00:04,1607,-88
804.012,00:02,1608,-102
804.057,00:03,1608,-93
804.113,00:04,1608,-88
804.51,00:02,1609,-102
804.557,00:03,1609,-93
804.613,00:04,1609,-88
805.012,00:02,1610,-102
805.057,00:03,1610,-93
805.117,00:04,1610,-87
805.512,00:02,1611,-102
805.556,00:03,1611,-93
805.617,00:04,1611,-87
806.009,00:02,1612,-102
806.056,00:03,1612,-93
806.115,00:04,1612,-87
806.511,00:02,1613,-102
806.557,00:03,1613,-92
806.616,00:04,1613,-87
807.012,00:02,1614,-103
807.055,00:03,1614,-92
807.116,00:04,1614,-87
807.51,00:02,1615,-103
807.556,00:03,1615,-92
807.615,00:04,1615,-87
808.009,00:02,1616,-103
808.056,00:03,1616,-92
808.116,00:04,1616,-87
808.51,00:02,1617,-103
808.558,00:03,1617,-92
808.614,00:04,1617,-87
809.011,00:02,1618,-103
809.056,00:03,1618,-92
809.115,00:04,1618,-87
809.512,00:02,1619,-103
809.556,00:03,1619,-92
809.615,00:04,1619,-87
810.011,00:02,1620,-103
810.056,00:03,1620,-92
810.116,00:04,1620,-87
810.509,00:02,1621,-103
810.556,00:03,1621,-92
810.616,00:04,1621,-87
811.011,00:02,1622,-103
811.056,00:03,1622,-92
811.114,00:04,1622,-87
811.509,00:02,1623,-103
811.557,00:03,1623,-91
811.616,00:04,1623,-87
812.011,00:02,1624,-104
812.058,00:03,1624,-91
812.115,00:04,1624,-87
812.51,00:02,1625,-104
812.557,00:03,1625,-91
812.616,00:04,1625,-87
813.012,00:02,1626,-104
813.057,00:03,1626,-91
813.117,00:04,1626,-87
813.512,00:02,1627,-104
813.557,00:03,1627,-91
813.615,00:04,1627,-87
814.01,00:02,1628,-104
814.056,00:03,1628,-91
814.116,00:04,1628,-87
814.511,00:02,1629,-104
814.556,00:03,1629,-91
814.616,00:04,1629,-87
815.011,00:02,1630,-104
815.058,00:03,1630,-91
815.115,00:04,1630,-87
815.511,00:02,1631,-104
815.557,00:03,1631,-91
815.615,00:04,1631,-87
816.011,00:02,1632,-104
816.057,00:03,1632,-91
816.115,00:04,1632,-87
816.51,00:02,1633,-104
816.556,00:03,1633,-90
816.616,00:04,1633,-87
817.012,00:02,1634,-105
817.056,00:03,1634,-90
817.116,00:04,1634,-87
817.512,00:02,1635,-105
817.555,00:03,1635,-90
817.616,00:04,1635,-87
818.011,00:02,1636,-105
818.058,00:03,1636,-90
818.116,00:04,1636,-87
818.51,00:02,1637,-105
818.556,00:03,1637,-90
818.616,00:04,1637,-87
819.009,00:02,1638,-105
819.057,00:03,1638,-90
819.116,00:04,1638,-87
819.51,00:02,1639,-105
819.557,00:03,1639,-90
819.614,00:04,1639,-87
820.011,00:02,1640,-105
820.056,00:03,1640,-90
820.116,00:04,1640,-87
820.51,00:02,1641,-105
820.557,00:03,1641,-90
820.614,00:04,1641,-87
821.013,00:02,1642,-105
821.056,00:03,1642,-90
821.115,00:04,1642,-87
821.511,00:02,1643,-105
821.557,00:03,1643,-89
821.613,00:04,1643,-88
822.011,00:02,1644,-106
822.058,00:03,1644,-89
822.115,00:04,1644,-88
822.509,00:02,1645,-106
822.557,00:03,1645,-89
822.617,00:04,1645,-88
823.01,00:02,1646,-106
823.056,00:03,1646,-89
823.117,00:04,1646,-88
823.512,00:02,1647,-106
823.556,00:03,1647,-89
823.614,00:04,1647,-88
824.011,00:02,1648,-106
824.058,00:03,1648,-89
824.116,00:04,1648,-88
824.51,00:02,1649,-106
824.558,00:03,1649,-89
824.615,00:04,1649,-88
825.009,00:02,1650,-106
825.056,00:03,1650,-89
825.115,00:04,1650,-88
825.511,00:02,1651,-106
825.557,00:03,1651,-89
825.616,00:04,1651,-88
826.011,00:02,1652,-106
826.056,00:03,1652,-89
826.115,00:04,1652,-88
826.51,00:02,1653,-106
826.557,00:03,1653,-88
826.617,00:04,1653,-88
827.009,00:02,1654,-107
827.056,00:03,1654,-88
827.115,00:04,1654,-88
827.511,00:02,1655,-107
827.557,00:03,1655,-88
827.615,00:04,1655,-88
828.01,00:02,1656,-107
828.058,00:03,1656,-88
828.115,00:04,1656,-88
828.511,00:02,1657,-107
828.556,00:03,1657,-88
828.616,00:04,1657,-88
829.01,00:02,1658,-107
829.056,00:03,1658,-88
829.117,00:04,1658,-88
829.512,00:02,1659,-107
829.558,00:03,1659,-88
829.616,00:04,1659,-88
830.009,00:02,1660,-107
830.056,00:03,1660,-88
830.116,00:04,1660,-88
830.51,00:02,1661,-107
830.558,00:03,1661,-88
830.614,00:04,1661,-88
831.012,00:02,1662,-107
831.056,00:03,1662,-88
831.116,00:04,1662,-88
831.51,00:02,1663,-107
831.558,00:03,1663,-88
831.614,00:04,1663,-88
832.011,00:02,1664,-107
832.058,00:03,1664,-87
832.116,00:04,1664,-89
832.556,00:03,1665,-87
832.615,00:04,1665,-89
833.011,00:02,1666,-108
833.056,00:03,1666,-87
833.113,00:04,1666,-89
833.512,00:02,1667,-108
833.557,00:03,1667,-87
833.614,00:04,1667,-89
834.011,00:02,1668,-108
834.058,00:03,1668,-87
834.116,00:04,1668,-89
834.511,00:02,1669,-108
834.555,00:03,1669,-87
834.614,00:04,1669,-89
835.011,00:02,1670,-108
835.058,00:03,1670,-87
835.114,00:04,1670,-89
835.509,00:02,1671,-108
835.559,00:03,1671,-87
835.616,00:04,1671,-89
836.012,00:02,1672,-108
836.055,00:03,1672,-87
836.113,00:04,1672,-89
836.557,00:03,1673,-87
836.614,00:04,1673,-89
837.057,00:03,1674,-87
837.117,00:04,1674,-89
837.511,00:02,1675,-108
837.557,00:03,1675,-87
837.617,00:04,1675,-89
838.011,00:02,1676,-109
838.057,00:03,1676,-86
838.116,00:04,1676,-89
838.557,00:03,1677,-86
838.615,00:04,1677,-89
839.058,00:03,1678,-86
839.114,00:04,1678,-90
839.556,00:03,1679,-86
839.615,00:04,1679,-90
840.056,00:03,1680,-86
840.114,00:04,1680,-90
840.559,00:03,1681,-86
840.614,00:04,1681,-90
841.055,00:03,1682,-90
841.114,00:04,1682,-94
841.557,00:03,1683,-90
841.614,00:04,1683,-94
842.059,00:03,1684,-90
842.116,00:04,1684,-94
842.559,00:03,1685,-90
842.616,00:04,1685,-94
843.056,00:03,1686,-90
843.114,00:04,1686,-94
843.558,00:03,1687,-90
843.616,00:04,1687,-94
844.056,00:03,1688,-90
844.118,00:04,1688,-94
844.555,00:03,1689,-90
844.616,00:04,1689,-94
845.058,00:03,1690,-85
845.116,00:04,1690,-91
845.557,00:03,1691,-85
845.614,00:04,1691,-91
846.056,00:03,1692,-85
846.116,00:04,1692,-91
846.556,00:03,1693,-85
846.616,00:04,1693,-91
847.056,00:03,1694,-85
847.116,00:04,1694,-91
847.558,00:03,1695,-85
847.614,00:04,1695,-91
848.057,00:03,1696,-85
848.116,00:04,1696,-91
848.559,00:03,1697,-85
848.615,00:04,1697,-91
849.056,00:03,1698,-85
849.116,00:04,1698,-91
849.555,00:03,1699,-85
849.617,00:04,1699,-91
850.057,00:03,1700,-85
850.115,00:04,1700,-91
850.558,00:03,1701,-85
850.617,00:04,1701,-92
851.058,00:03,1702,-85
851.115,00:04,1702,-92
851.557,00:03,1703,-85
851.615,00:04,1703,-92
852.055,00:03,1704,-85
852.115,00:04,1704,-92
852.558,00:03,1705,-85
852.615,00:04,1705,-92
853.058,00:03,1706,-85
853.118,00:04,1706,-92
853.556,00:03,1707,-85
853.616,00:04,1707,-92
854.057,00:03,1708,-85
854.115,00:04,1708,-92
854.555,00:03,1709,-85
854.617,00:04,1709,-92
855.058,00:03,1710,-85
855.115,00:04,1710,-92
855.558,00:03,1711,-85
855.617,00:04,1711,-92
856.057,00:03,1712,-85
856.114,00:04,1712,-93
856.557,00:03,1713,-85
856.616,00:04,1713,-93
857.056,00:03,1714,-85
857.118,00:04,1714,-93
857.557,00:03,1715,-85
857.616,00:04,1715,-93
858.056,00:03,1716,-85
858.115,00:04,1716,-93
858.558,00:03,1717,-85
858.618,00:04,1717,-93
859.058,00:03,1718,-85
859.115,00:04,1718,-93
859.556,00:03,1719,-85
859.617,00:04,1719,-93
860.057,00:03,1720,-86
860.116,00:04,1720,-92
860.557,00:03,1721,-86
860.615,00:04,1721,-92
861.058,00:03,1722,-86
861.115,00:04,1722,-92
861.557,00:03,1723,-86
861.617,00:04,1723,-92
862.058,00:03,1724,-86
862.116,00:04,1724,-92
862.557,00:03,1725,-86
862.616,00:04,1725,-92
863.056,00:03,1726,-87
863.114,00:04,1726,-92
863.555,00:03,1727,-87
863.614,00:04,1727,-92
864.055,00:03,1728,-87
864.115,00:04,1728,-92
864.558,00:03,1729,-87
864.617,00:04,1729,-92
865.056,00:03,1730,-87
865.116,00:04,1730,-92
865.556,00:03,1731,-87
865.616,00:04,1731,-92
866.058,00:03,1732,-87
866.116,00:04,1732,-91
866.556,00:03,1733,-87
866.616,00:04,1733,-91
867.057,00:03,1734,-87
867.116,00:04,1734,-91
867.556,00:03,1735,-87
867.616,00:04,1735,-91
868.057,00:03,1736,-87
868.116,00:04,1736,-91
868.557,00:03,1737,-87
868.616,00:04,1737,-91
869.057,00:03,1738,-87
869.117,00:04,1738,-91
869.556,00:03,1739,-87
869.616,00:04,1739,-91
870.056,00:03,1740,-87
870.117,00:04,1740,-91
870.556,00:03,1741,-87
870.615,00:04,1741,-91
871.056,00:03,1742,-87
871.115,00:04,1742,-90
871.558,00:03,1743,-87
871.617,00:04,1743,-90
872.059,00:03,1744,-87
872.116,00:04,1744,-90
872.556,00:03,1745,-87
872.616,00:04,1745,-90
873.057,00:03,1746,-87
873.115,00:04,1746,-90
873.556,00:03,1747,-87
873.614,00:04,1747,-90
874.056,00:03,1748,-87
874.115,00:04,1748,-90
874.556,00:03,1749,-87
874.617,00:04,1749,-90
875.057,00:03,1750,-87
875.114,00:04,1750,-90
875.557,00:03,1751,-87
875.614,00:04,1751,-90
876.058,00:03,1752,-87
876.117,00:04,1752,-89
876.558,00:03,1753,-87
876.617,00:04,1753,-89
877.057,00:03,1754,-91
877.116,00:04,1754,-93
877.556,00:03,1755,-91
877.616,00:04,1755,-93
878.058,00:03,1756,-91
878.117,00:04,1756,-93
878.556,00:03,1757,-91
878.617,00:04,1757,-93
879.056,00:03,1758,-91
879.115,00:04,1758,-93
879.557,00:03,1759,-92
879.616,00:04,1759,-93
880.056,00:03,1760,-92
880.116,00:04,1760,-93
880.557,00:03,1761,-92
880.615,00:04,1761,-93
881.057,00:03,1762,-88
881.116,00:04,1762,-88
881.558,00:03,1763,-88
881.615,00:04,1763,-88
882.058,00:03,1764,-88
882.116,00:04,1764,-88
882.556,00:03,1765,-88
882.615,00:04,1765,-88
883.057,00:03,1766,-88
883.115,00:04,1766,-88
883.558,00:03,1767,-88
883.617,00:04,1767,-88
884.055,00:03,1768,-88
884.116,00:04,1768,-88
884.512,00:02,1769,-109
884.556,00:03,1769,-88
884.617,00:04,1769,-88
885.01,00:02,1770,-109
885.057,00:03,1770,-88
885.115,00:04,1770,-88
885.558,00:03,1771,-88
885.616,00:04,1771,-88
886.057,00:03,1772,-88
886.115,00:04,1772,-88
886.512,00:02,1773,-109
886.557,00:03,1773,-88
886.616,00:04,1773,-87
887.056,00:03,1774,-88
887.116,00:04,1774,-87
887.511,00:02,1775,-109
887.555,00:03,1775,-89
887.616,00:04,1775,-87
888.056,00:03,1776,-89
888.117,00:04,1776,-87
888.51,00:02,1777,-108
888.556,00:03,1777,-89
888.617,00:04,1777,-87
889.012,00:02,1778,-108
889.056,00:03,1778,-89
889.116,00:04,1778,-87
889.511,00:02,1779,-108
889.558,00:03,1779,-89
889.615,00:04,1779,-87
890.012,00:02,1780,-108
890.058,00:03,1780,-89
890.116,00:04,1780,-87
890.558,00:03,1781,-89
890.616,00:04,1781,-87
891.011,00:02,1782,-108
891.057,00:03,1782,-89
891.118,00:04,1782,-87
891.512,00:02,1783,-108
891.557,00:03,1783,-89
891.617,00:04,1783,-87
892.011,00:02,1784,-108
892.055,00:03,1784,-89
892.116,00:04,1784,-87
892.555,00:03,1785,-89
892.615,00:04,1785,-87
893.01,00:02,1786,-108
893.056,00:03,1786,-89
893.117,00:04,1786,-86
893.51,00:02,1787,-107
893.556,00:03,1787,-89
893.617,00:04,1787,-86
894.011,00:02,1788,-107
894.057,00:03,1788,-90
894.116,00:04,1788,-86
894.511,00:02,1789,-107
894.555,00:03,1789,-90
894.615,00:04,1789,-86
895.011,00:02,1790,-107
895.055,00:03,1790,-90
895.117,00:04,1790,-86
895.511,00:02,1791,-107
895.557,00:03,1791,-90
895.616,00:04,1791,-86
896.011,00:02,1792,-107
896.056,00:03,1792,-90
896.116,00:04,1792,-86
896.511,00:02,1793,-107
896.557,00:03,1793,-90
896.617,00:04,1793,-86
897.057,00:03,1794,-90
897.116,00:04,1794,-86
897.511,00:02,1795,-107
897.559,00:03,1795,-90
897.616,00:04,1795,-86
898.012,00:02,1796,-107
898.057,00:03,1796,-90
898.118,00:04,1796,-86
898.51,00:02,1797,-107
898.557,00:03,1797,-90
898.615,00:04,1797,-86
899.01,00:02,1798,-107
899.056,00:03,1798,-90
899.117,00:04,1798,-86
899.511,00:02,1799,-106
899.556,00:03,1799,-90
899.615,00:04,1799,-86
900.011,00:02,1800,-106
900.056,00:03,1800,-91
900.116,00:04,1800,-86
900.512,00:02,1801,-106
900.558,00:03,1801,-91
900.615,00:04,1801,-86
901.012,00:02,1802,-106
901.055,00:03,1802,-91
901.115,00:04,1802,-86
901.51,00:02,1803,-106
901.558,00:03,1803,-91
901.617,00:04,1803,-86
902.009,00:02,1804,-106
902.056,00:03,1804,-91
902.117,00:04,1804,-86
902.511,00:02,1805,-106
902.555,00:03,1805,-91
902.617,00:04,1805,-85
903.013,00:02,1806,-106
903.055,00:03,1806,-91
903.117,00:04,1806,-85
903.512,00:02,1807,-106
903.557,00:03,1807,-91
903.615,00:04,1807,-85
904.011,00:02,1808,-106
904.055,00:03,1808,-91
904.118,00:04,1808,-85
904.51,00:02,1809,-106
904.556,00:03,1809,-91
904.615,00:04,1809,-85
905.012,00:02,1810,-105
905.057,00:03,1810,-91
905.116,00:04,1810,-85
905.511,00:02,1811,-105
905.556,00:03,1811,-91
905.616,00:04,1811,-85
906.012,00:02,1812,-105
906.056,00:03,1812,-92
906.116,00:04,1812,-85
906.511,00:02,1813,-105
906.557,00:03,1813,-92
906.615,00:04,1813,-85
907.012,00:02,1814,-105
907.056,00:03,1814,-92
907.117,00:04,1814,-85
907.512,00:02,1815,-105
907.558,00:03,1815,-92
907.618,00:04,1815,-85
908.011,00:02,1816,-105
908.055,00:03,1816,-92
908.117,00:04,1816,-85
908.51,00:02,1817,-105
908.557,00:03,1817,-92
908.615,00:04,1817,-85
909.011,00:02,1818,-105
909.057,00:03,1818,-92
909.115,00:04,1818,-85
909.511,00:02,1819,-105
909.557,00:03,1819,-92
909.616,00:04,1819,-85
910.011,00:02,1820,-105
910.058,00:03,1820,-92
910.115,00:04,1820,-85
910.512,00:02,1821,-104
910.557,00:03,1821,-92
910.618,00:04,1821,-85
911.011,00:02,1822,-104
911.057,00:03,1822,-92
911.117,00:04,1822,-85
911.511,00:02,1823,-104
911.557,00:03,1823,-93
911.617,00:04,1823,-85
912.01,00:02,1824,-104
912.057,00:03,1824,-93
912.118,00:04,1824,-85
912.511,00:02,1825,-104
912.558,00:03,1825,-93
912.616,00:04,1825,-85
913.01,00:02,1826,-104
913.057,00:03,1826,-93
913.117,00:04,1826,-85
913.511,00:02,1827,-104
913.556,00:03,1827,-93
913.618,00:04,1827,-85
914.012,00:02,1828,-104
914.056,00:03,1828,-93
914.115,00:04,1828,-85
914.511,00:02,1829,-104
914.557,00:03,1829,-93
914.616,00:04,1829,-85
915.013,00:02,1830,-104
915.056,00:03,1830,-93
915.115,00:04,1830,-85
915.51,00:02,1831,-104
915.559,00:03,1831,-93
915.616,00:04,1831,-85
916.011,00:02,1832,-103
916.055,00:03,1832,-93
916.118,00:04,1832,-86
916.511,00:02,1833,-103
916.558,00:03,1833,-93
916.617,00:04,1833,-86
917.012,00:02,1834,-103
917.058,00:03,1834,-94
917.117,00:04,1834,-86
917.51,00:02,1835,-103
917.555,00:03,1835,-94
917.616,00:04,1835,-86
918.01,00:02,1836,-103
918.058,00:03,1836,-94
918.118,00:04,1836,-86
918.509,00:02,1837,-103
918.557,00:03,1837,-94
918.617,00:04,1837,-86
919.01,00:02,1838,-103
919.058,00:03,1838,-94
919.117,00:04,1838,-86
919.512,00:02,1839,-103
919.557,00:03,1839,-94
919.615,00:04,1839,-86
920.011,00:02,1840,-103
920.058,00:03,1840,-94
920.116,00:04,1840,-86
920.511,00:02,1841,-103
920.557,00:03,1841,-94
920.615,00:04,1841,-86
921.011,00:02,1842,-103
921.057,00:03,1842,-94
921.117,00:04,1842,-86
921.511,00:02,1843,-103
921.558,00:03,1843,-94
921.618,00:04,1843,-86
922.01,00:02,1844,-102
922.058,00:03,1844,-94
922.115,00:04,1844,-86
922.511,00:02,1845,-102
922.556,00:03,1845,-95
922.617,00:04,1845,-86
923.011,00:02,1846,-102
923.056,00:03,1846,-95
923.117,00:04,1846,-86
923.511,00:02,1847,-102
923.557,00:03,1847,-95
923.615,00:04,1847,-86
924.013,00:02,1848,-102
924.057,00:03,1848,-95
924.117,00:04,1848,-86
924.512,00:02,1849,-102
924.556,00:03,1849,-95
924.617,00:04,1849,-86
925.012,00:02,1850,-102
925.057,00:03,1850,-95
925.117,00:04,1850,-86
925.512,00:02,1851,-102
925.557,00:03,1851,-95
925.616,00:04,1851,-87
926.01,00:02,1852,-102
926.057,00:03,1852,-95
926.118,00:04,1852,-87
926.511,00:02,1853,-102
926.556,00:03,1853,-95
926.618,00:04,1853,-87
927.01,00:02,1854,-102
927.057,00:03,1854,-95
927.117,00:04,1854,-87
927.51,00:02,1855,-102
927.556,00:03,1855,-95
927.616,00:04,1855,-87
928.011,00:02,1856,-101
928.057,00:03,1856,-96
928.118,00:04,1856,-87
928.51,00:02,1857,-101
928.557,00:03,1857,-96
928.618,00:04,1857,-87
929.01,00:02,1858,-101
929.056,00:03,1858,-96
929.118,00:04,1858,-87
929.51,00:02,1859,-101
929.558,00:03,1859,-96
929.618,00:04,1859,-87
930.013,00:02,1860,-101
930.057,00:03,1860,-96
930.117,00:04,1860,-87
930.513,00:02,1861,-101
930.556,00:03,1861,-96
930.617,00:04,1861,-87
931.011,00:02,1862,-101
931.057,00:03,1862,-96
931.117,00:04,1862,-87
931.512,00:02,1863,-101
931.557,00:03,1863,-96
931.617,00:04,1863,-87
932.011,00:02,1864,-101
932.058,00:03,1864,-96
932.118,00:04,1864,-88
932.51,00:02,1865,-101
932.556,00:03,1865,-96
932.616,00:04,1865,-88
933.01,00:02,1866,-101
933.056,00:03,1866,-96
933.116,00:04,1866,-88
933.512,00:02,1867,-101
933.555,00:03,1867,-96
933.618,00:04,1867,-88
934.009,00:02,1868,-101
934.056,00:03,1868,-97
934.116,00:04,1868,-88
934.511,00:02,1869,-101
934.557,00:03,1869,-97
934.617,00:04,1869,-88
935.011,00:02,1870,-101
935.056,00:03,1870,-97
935.116,00:04,1870,-88
935.512,00:02,1871,-100
935.555,00:03,1871,-97
935.617,00:04,1871,-88
936.011,00:02,1872,-100
936.055,00:03,1872,-97
936.116,00:04,1872,-88
936.512,00:02,1873,-100
936.557,00:03,1873,-97
936.618,00:04,1873,-88
937.01,00:02,1874,-104
937.056,00:03,1874,-101
937.118,00:04,1874,-92
937.512,00:02,1875,-104
937.556,00:03,1875,-101
937.616,00:04,1875,-93
938.01,00:02,1876,-104
938.057,00:03,1876,-101
938.115,00:04,1876,-93
938.511,00:02,1877,-104
938.556,00:03,1877,-101
938.616,00:04,1877,-93
939.011,00:02,1878,-104
939.058,00:03,1878,-101
939.119,00:04,1878,-93
939.511,00:02,1879,-104
939.558,00:03,1879,-101
939.619,00:04,1879,-93
940.012,00:02,1880,-104
940.056,00:03,1880,-102
940.115,00:04,1880,-93
940.511,00:02,1881,-104
940.557,00:03,1881,-102
940.618,00:04,1881,-93
941.013,00:02,1882,-100
941.056,00:03,1882,-98
941.117,00:04,1882,-89
941.51,00:02,1883,-100
941.558,00:03,1883,-98
941.617,00:04,1883,-89
942.012,00:02,1884,-100
942.055,00:03,1884,-98
942.116,00:04,1884,-89
942.511,00:02,1885,-100
942.556,00:03,1885,-98
942.615,00:04,1885,-90
943.011,00:02,1886,-100
943.057,00:03,1886,-98
943.118,00:04,1886,-90
943.511,00:02,1887,-100
943.556,00:03,1887,-98
943.616,00:04,1887,-90
944.011,00:02,1888,-100
944.056,00:03,1888,-98
944.118,00:04,1888,-90
944.512,00:02,1889,-100
944.556,00:03,1889,-98
944.617,00:04,1889,-90
945.01,00:02,1890,-100
945.056,00:03,1890,-98
945.117,00:04,1890,-90
945.512,00:02,1891,-100
945.559,00:03,1891,-98
945.616,00:04,1891,-90
946.011,00:02,1892,-99
946.055,00:03,1892,-99
946.116,00:04,1892,-90
946.511,00:02,1893,-99
946.558,00:03,1893,-99
946.618,00:04,1893,-90
947.01,00:02,1894,-99
947.056,00:03,1894,-99
947.115,00:04,1894,-90
947.512,00:02,1895,-99
947.556,00:03,1895,-99
947.617,00:04,1895,-91
948.011,00:02,1896,-99
948.058,00:03,1896,-99
948.116,00:04,1896,-91
948.511,00:02,1897,-99
948.556,00:03,1897,-99
948.618,00:04,1897,-91
949.012,00:02,1898,-99
949.058,00:03,1898,-99
949.117,00:04,1898,-91
949.511,00:02,1899,-99
949.558,00:03,1899,-99
949.616,00:04,1899,-91
950.011,00:02,1900,-99
950.057,00:03,1900,-99
950.116,00:04,1900,-91
950.511,00:02,1901,-99
950.558,00:03,1901,-99
950.616,00:04,1901,-91
951.01,00:02,1902,-99
951.057,00:03,1902,-99
951.117,00:04,1902,-91
951.512,00:02,1903,-99
951.557,00:03,1903,-99
951.618,00:04,1903,-91
952.011,00:02,1904,-99
952.056,00:03,1904,-99
952.116,00:04,1904,-92
952.511,00:02,1905,-99
952.557,00:03,1905,-100
952.618,00:04,1905,-92
953.011,00:02,1906,-99
953.058,00:03,1906,-100
953.119,00:04,1906,-92
953.511,00:02,1907,-99
953.557,00:03,1907,-100
953.617,00:04,1907,-92
954.012,00:02,1908,-99
954.058,00:03,1908,-100
954.118,00:04,1908,-92
954.512,00:02,1909,-99
954.556,00:03,1909,-100
954.618,00:04,1909,-92
955.013,00:02,1910,-100
955.057,00:03,1910,-100
955.117,00:04,1910,-92
955.512,00:02,1911,-100
955.559,00:03,1911,-100
955.617,00:04,1911,-92
956.011,00:02,1912,-100
956.057,00:03,1912,-100
956.118,00:04,1912,-92
956.511,00:02,1913,-100
956.558,00:03,1913,-100
956.618,00:04,1913,-91
957.01,00:02,1914,-100
957.057,00:03,1914,-100
957.115,00:04,1914,-91
957.513,00:02,1915,-100
957.557,00:03,1915,-100
957.618,00:04,1915,-91
958.011,00:02,1916,-101
958.058,00:03,1916,-100
958.117,00:04,1916,-91
958.509,00:02,1917,-101
958.557,00:03,1917,-100
958.616,00:04,1917,-91
959.01,00:02,1918,-101
959.057,00:03,1918,-100
959.119,00:04,1918,-91
959.512,00:02,1919,-101
959.558,00:03,1919,-100
959.615,00:04,1919,-91
960.01,00:02,1920,-101
960.056,00:03,1920,-100
960.117,00:04,1920,-91
960.513,00:02,1921,-101
960.557,00:03,1921,-100
960.617,00:04,1921,-91
961.011,00:02,1922,-101
961.057,00:03,1922,-100
961.116,00:04,1922,-91
961.511,00:02,1923,-101
961.557,00:03,1923,-100
961.617,00:04,1923,-91
962.011,00:02,1924,-101
962.057,00:03,1924,-100
962.117,00:04,1924,-90
962.511,00:02,1925,-101
962.556,00:03,1925,-100
962.618,00:04,1925,-90
963.01,00:02,1926,-101
963.058,00:03,1926,-100
963.115,00:04,1926,-90
963.511,00:02,1927,-101
963.557,00:03,1927,-100
963.617,00:04,1927,-90
964.012,00:02,1928,-101
964.055,00:03,1928,-100
964.117,00:04,1928,-90
964.511,00:02,1929,-101
964.557,00:03,1929,-99
964.617,00:04,1929,-90
965.011,00:02,1930,-101
965.057,00:03,1930,-99
965.117,00:04,1930,-90
965.512,00:02,1931,-101
965.556,00:03,1931,-99
965.615,00:04,1931,-90
966.012,00:02,1932,-101
966.058,00:03,1932,-99
966.119,00:04,1932,-90
966.511,00:02,1933,-101
966.557,00:03,1933,-99
966.617,00:04,1933,-89
967.012,00:02,1934,-101
967.056,00:03,1934,-99
967.116,00:04,1934,-89
967.512,00:02,1935,-101
967.559,00:03,1935,-99
967.619,00:04,1935,-89
968.011,00:02,1936,-101
968.057,00:03,1936,-99
968.116,00:04,1936,-89
968.512,00:02,1937,-101
968.557,00:03,1937,-99
968.616,00:04,1937,-89
969.011,00:02,1938,-101
969.057,00:03,1938,-99
969.115,00:04,1938,-89
969.511,00:02,1939,-101
969.556,00:03,1939,-99
969.616,00:04,1939,-89
970.012,00:02,1940,-101
970.057,00:03,1940,-99
970.117,00:04,1940,-89
970.513,00:02,1941,-101
970.556,00:03,1941,-99
970.618,00:04,1941,-88
971.011,00:02,1942,-101
971.058,00:03,1942,-99
971.118,00:04,1942,-88
971.512,00:02,1943,-101
971.557,00:03,1943,-98
971.617,00:04,1943,-88
972.011,00:02,1944,-101
972.057,00:03,1944,-98
972.118,00:04,1944,-88
972.513,00:02,1945,-101
972.558,00:03,1945,-98
972.619,00:04,1945,-88
973.011,00:02,1946,-105
973.057,00:03,1946,-102
973.118,00:04,1946,-92
973.512,00:02,1947,-106
973.555,00:03,1947,-102
973.618,00:04,1947,-92
974.009,00:02,1948,-106
974.055,00:03,1948,-102
974.117,00:04,1948,-92
974.512,00:02,1949,-106
974.556,00:03,1949,-102
974.616,00:04,1949,-92
975.012,00:02,1950,-106
975.057,00:03,1950,-102
975.118,00:04,1950,-91
975.512,00:02,1951,-106
975.557,00:03,1951,-102
975.617,00:04,1951,-91
976.01,00:02,1952,-106
976.057,00:03,1952,-102
976.117,00:04,1952,-91
976.512,00:02,1953,-106
976.558,00:03,1953,-102
976.617,00:04,1953,-91
977.011,00:02,1954,-102
977.058,00:03,1954,-98
977.117,00:04,1954,-87
977.513,00:02,1955,-102
977.555,00:03,1955,-98
977.619,00:04,1955,-87
978.01,00:02,1956,-102
978.058,00:03,1956,-97
978.117,00:04,1956,-87
978.511,00:02,1957,-102
978.557,00:03,1957,-97
978.617,00:04,1957,-87
979.011,00:02,1958,-102
979.057,00:03,1958,-97
979.118,00:04,1958,-87
979.511,00:02,1959,-102
979.555,00:03,1959,-97
979.617,00:04,1959,-86
980.01,00:02,1960,-102
980.058,00:03,1960,-97
980.117,00:04,1960,-86
980.511,00:02,1961,-102
980.556,00:03,1961,-97
980.616,00:04,1961,-86
981.013,00:02,1962,-102
981.057,00:03,1962,-97
981.116,00:04,1962,-86
981.511,00:02,1963,-102
981.556,00:03,1963,-97
981.616,00:04,1963,-86
982.011,00:02,1964,-102
982.057,00:03,1964,-97
982.119,00:04,1964,-86
982.511,00:02,1965,-102
982.558,00:03,1965,-97
982.618,00:04,1965,-86
983.011,00:02,1966,-102
983.056,00:03,1966,-97
983.118,00:04,1966,-86
983.511,00:02,1967,-103
983.556,00:03,1967,-97
983.616,00:04,1967,-86
984.01,00:02,1968,-103
984.056,00:03,1968,-96
984.118,00:04,1968,-85
984.512,00:02,1969,-103
984.555,00:03,1969,-96
984.618,00:04,1969,-85
985.01,00:02,1970,-103
985.056,00:03,1970,-96
985.119,00:04,1970,-85
985.512,00:02,1971,-103
985.557,00:03,1971,-96
985.617,00:04,1971,-85
986.012,00:02,1972,-103
986.056,00:03,1972,-96
986.119,00:04,1972,-85
986.511,00:02,1973,-103
986.556,00:03,1973,-96
986.619,00:04,1973,-85
987.012,00:02,1974,-103
987.057,00:03,1974,-96
987.118,00:04,1974,-85
987.513,00:02,1975,-103
987.555,00:03,1975,-96
987.618,00:04,1975,-85
988.01,00:02,1976,-103
988.055,00:03,1976,-96
988.118,00:04,1976,-85
988.512,00:02,1977,-103
988.557,00:03,1977,-96
988.619,00:04,1977,-85
989.011,00:02,1978,-103
989.056,00:03,1978,-96
989.118,00:04,1978,-85
989.512,00:02,1979,-103
989.556,00:03,1979,-96
989.618,00:04,1979,-84
990.012,00:02,1980,-103
990.056,00:03,1980,-96
990.116,00:04,1980,-84
990.51,00:02,1981,-103
990.557,00:03,1981,-95
990.618,00:04,1981,-84
991.011,00:02,1982,-104
991.058,00:03,1982,-95
991.117,00:04,1982,-84
991.512,00:02,1983,-104
991.556,00:03,1983,-95
991.619,00:04,1983,-84
992.012,00:02,1984,-104
992.056,00:03,1984,-95
992.117,00:04,1984,-84
992.512,00:02,1985,-104
992.557,00:03,1985,-95
992.617,00:04,1985,-84
993.011,00:02,1986,-104
993.055,00:03,1986,-95
993.118,00:04,1986,-84
993.512,00:02,1987,-104
993.555,00:03,1987,-95
993.617,00:04,1987,-84
994.011,00:02,1988,-104
994.055,00:03,1988,-95
994.117,00:04,1988,-84
994.511,00:02,1989,-104
994.558,00:03,1989,-95
994.618,00:04,1989,-84
995.012,00:02,1990,-104
995.056,00:03,1990,-95
995.118,00:04,1990,-84
995.511,00:02,1991,-104
995.555,00:03,1991,-95
995.617,00:04,1991,-84
996.011,00:02,1992,-104
996.057,00:03,1992,-95
996.117,00:04,1992,-84
996.512,00:02,1993,-104
996.557,00:03,1993,-94
996.618,00:04,1993,-84
997.01,00:02,1994,-104
997.055,00:03,1994,-94
997.117,00:04,1994,-83
997.513,00:02,1995,-104
997.558,00:03,1995,-94
997.619,00:04,1995,-83
998.012,00:02,1996,-105
998.058,00:03,1996,-94
998.118,00:04,1996,-83
998.513,00:02,1997,-105
998.557,00:03,1997,-94
998.619,00:04,1997,-83
999.011,00:02,1998,-105
999.055,00:03,1998,-94
999.116,00:04,1998,-83
999.512,00:02,1999,-105
999.558,00:03,1999,-94
999.619,00:04,1999,-83
1000.01,00:02,2000,-105
1000.06,00:03,2000,-94
1000.12,00:04,2000,-83
1000.51,00:02,2001,-105
1000.55,00:03,2001,-94
1000.62,00:04,2001,-83
1001.01,00:02,2002,-105
1001.06,00:03,2002,-94
1001.12,00:04,2002,-83
1001.51,00:02,2003,-105
1001.56,00:03,2003,-94
1001.62,00:04,2003,-83
1002.01,00:02,2004,-105
1002.06,00:03,2004,-94
1002.12,00:04,2004,-83
1002.51,00:02,2005,-105
1002.56,00:03,2005,-93
1002.62,00:04,2005,-83
1003.01,00:02,2006,-105
1003.06,00:03,2006,-93
1003.12,00:04,2006,-83
1003.51,00:02,2007,-105
1003.56,00:03,2007,-93
1003.62,00:04,2007,-83
1004.01,00:02,2008,-106
1004.06,00:03,2008,-93
1004.12,00:04,2008,-83
1004.51,00:02,2009,-106
1004.55,00:03,2009,-93
1004.62,00:04,2009,-83
1005.01,00:02,2010,-106
1005.06,00:03,2010,-93
1005.12,00:04,2010,-83
1005.51,00:02,2011,-106
1005.56,00:03,2011,-93
1005.62,00:04,2011,-83
1006.01,00:02,2012,-106
1006.06,00:03,2012,-93
1006.12,00:04,2012,-83
1006.51,00:02,2013,-106
1006.56,00:03,2013,-93
1006.62,00:04,2013,-83
1007.01,00:02,2014,-106
1007.06,00:03,2014,-93
1007.12,00:04,2014,-83
1007.51,00:02,2015,-106
1007.55,00:03,2015,-93
1007.62,00:04,2015,-83
1008.01,00:02,2016,-106
1008.06,00:03,2016,-93
1008.12,00:04,2016,-83
1008.51,00:02,2017,-106
1008.56,00:03,2017,-93
1008.62,00:04,2017,-83
1009.01,00:02,2018,-106
1009.06,00:03,2018,-92
1009.12,00:04,2018,-83
1009.51,00:02,2019,-106
1009.56,00:03,2019,-92
1009.62,00:04,2019,-83
1010.01,00:02,2020,-106
1010.06,00:03,2020,-92
1010.12,00:04,2020,-83
1010.51,00:02,2021,-107
1010.56,00:03,2021,-92
1010.62,00:04,2021,-83
1011.01,00:02,2022,-107
1011.06,00:03,2022,-92
1011.12,00:04,2022,-83
1011.51,00:02,2023,-107
1011.56,00:03,2023,-92
1011.62,00:04,2023,-83
1012.01,00:02,2024,-107
1012.05,00:03,2024,-92
1012.12,00:04,2024,-83
1012.51,00:02,2025,-107
1012.56,00:03,2025,-92
1012.62,00:04,2025,-83
1013.01,00:02,2026,-107
1013.06,00:03,2026,-92
1013.12,00:04,2026,-83
1013.51,00:02,2027,-107
1013.56,00:03,2027,-92
1013.62,00:04,2027,-84
1014.01,00:02,2028,-107
1014.06,00:03,2028,-92
1014.12,00:04,2028,-84
1014.51,00:02,2029,-107
1014.56,00:03,2029,-92
1014.62,00:04,2029,-84
1015.01,00:02,2030,-107
1015.06,00:03,2030,-91
1015.12,00:04,2030,-84
1015.51,00:02,2031,-107
1015.56,00:03,2031,-91
1015.62,00:04,2031,-84
1016.01,00:02,2032,-107
1016.06,00:03,2032,-91
1016.12,00:04,2032,-84
1016.51,00:02,2033,-108
1016.56,00:03,2033,-91
1016.62,00:04,2033,-84
1017.01,00:02,2034,-108
1017.06,00:03,2034,-91
1017.12,00:04,2034,-84
1017.51,00:02,2035,-108
1017.56,00:03,2035,-91
1017.62,00:04,2035,-84
1018.01,00:02,2036,-108
1018.06,00:03,2036,-91
1018.12,00:04,2036,-84
1018.51,00:02,2037,-108
1018.56,00:03,2037,-91
1018.62,00:04,2037,-84
1019.01,00:02,2038,-108
1019.06,00:03,2038,-91
1019.12,00:04,2038,-84
1019.51,00:02,2039,-108
1019.56,00:03,2039,-91
1019.62,00:04,2039,-84
1020.06,00:03,2040,-91
1020.12,00:04,2040,-84
1020.56,00:03,2041,-91
1020.62,00:04,2041,-85
1021.06,00:03,2042,-91
1021.12,00:04,2042,-85
1021.51,00:02,2043,-108
1021.56,00:03,2043,-91
1021.62,00:04,2043,-85
1022.01,00:02,2044,-108
1022.06,00:03,2044,-90
1022.12,00:04,2044,-85
1022.55,00:03,2045,-90
1022.62,00:04,2045,-85
1023.06,00:03,2046,-90
1023.12,00:04,2046,-85
1023.56,00:03,2047,-90
1023.62,00:04,2047,-85
1024.01,00:02,2048,-109
1024.05,00:03,2048,-90
1024.12,00:04,2048,-85
1024.56,00:03,2049,-90
1024.62,00:04,2049,-85
1025.01,00:02,2050,-109
1025.06,00:03,2050,-90
1025.12,00:04,2050,-85
1025.56,00:03,2051,-90
1025.62,00:04,2051,-85
1026.06,00:03,2052,-90
1026.12,00:04,2052,-86
1026.56,00:03,2053,-90
1026.62,00:04,2053,-86
1027.01,00:02,2054,-109
1027.06,00:03,2054,-90
1027.12,00:04,2054,-86
1027.51,00:02,2055,-109
1027.56,00:03,2055,-90
1027.62,00:04,2055,-86
1028.06,00:03,2056,-90
1028.12,00:04,2056,-86
1028.56,00:03,2057,-90
1028.62,00:04,2057,-86
1029.06,00:03,2058,-90
1029.12,00:04,2058,-86
1029.56,00:03,2059,-90
1029.62,00:04,2059,-86
1030.01,00:02,2060,-110
1030.06,00:03,2060,-90
1030.12,00:04,2060,-86
1030.56,00:03,2061,-89
1030.62,00:04,2061,-86
1031.06,00:03,2062,-89
1031.12,00:04,2062,-87
1031.56,00:03,2063,-89
1031.62,00:04,2063,-87
1032.06,00:03,2064,-89
1032.12,00:04,2064,-87
1032.56,00:03,2065,-89
1032.62,00:04,2065,-87
1033.06,00:03,2066,-93
1033.12,00:04,2066,-91
1033.56,00:03,2067,-93
1033.62,00:04,2067,-91
1034.06,00:03,2068,-93
1034.12,00:04,2068,-91
1034.56,00:03,2069,-93
1034.62,00:04,2069,-91
1035.06,00:03,2070,-93
1035.12,00:04,2070,-91
1035.56,00:03,2071,-93
1035.62,00:04,2071,-92
1036.06,00:03,2072,-93
1036.12,00:04,2072,-92
1036.56,00:03,2073,-93
1036.62,00:04,2073,-92
1037.06,00:03,2074,-89
1037.12,00:04,2074,-88
1037.56,00:03,2075,-89
1037.62,00:04,2075,-88
1038.06,00:03,2076,-89
1038.12,00:04,2076,-88
1038.56,00:03,2077,-89
1038.62,00:04,2077,-88
1039.06,00:03,2078,-89
1039.12,00:04,2078,-88
1039.56,00:03,2079,-89
1039.62,00:04,2079,-89
1040.06,00:03,2080,-89
1040.12,00:04,2080,-89
1040.56,00:03,2081,-89
1040.62,00:04,2081,-89
1041.05,00:03,2082,-89
1041.12,00:04,2082,-89
1041.56,00:03,2083,-89
1041.62,00:04,2083,-89
1042.06,00:03,2084,-89
1042.12,00:04,2084,-89
1042.56,00:03,2085,-89
1042.62,00:04,2085,-89
1043.06,00:03,2086,-89
1043.12,00:04,2086,-89
1043.56,00:03,2087,-88
1043.62,00:04,2087,-89
1044.06,00:03,2088,-88
1044.12,00:04,2088,-90
1044.56,00:03,2089,-88
1044.62,00:04,2089,-90
1045.06,00:03,2090,-88
1045.12,00:04,2090,-90
1045.56,00:03,2091,-88
1045.62,00:04,2091,-90
1046.06,00:03,2092,-88
1046.12,00:04,2092,-90
1046.56,00:03,2093,-88
1046.62,00:04,2093,-90
1047.06,00:03,2094,-88
1047.12,00:04,2094,-90
1047.56,00:03,2095,-88
1047.62,00:04,2095,-90
1048.06,00:03,2096,-88
1048.12,00:04,2096,-91
1048.56,00:03,2097,-88
1048.62,00:04,2097,-91
1049.06,00:03,2098,-88
1049.12,00:04,2098,-91
1049.56,00:03,2099,-88
1049.62,00:04,2099,-91
1050.05,00:03,2100,-88
1050.12,00:04,2100,-91
1050.56,00:03,2101,-89
1050.62,00:04,2101,-91
1051.06,00:03,2102,-89
1051.12,00:04,2102,-91
1051.56,00:03,2103,-89
1051.62,00:04,2103,-91
1052.06,00:03,2104,-89
1052.12,00:04,2104,-91
1052.56,00:03,2105,-89
1052.62,00:04,2105,-90
1053.06,00:03,2106,-89
1053.12,00:04,2106,-90
1053.56,00:03,2107,-89
1053.62,00:04,2107,-90
1054.06,00:03,2108,-90
1054.12,00:04,2108,-90
1054.56,00:03,2109,-90
1054.62,00:04,2109,-90
1055.06,00:03,2110,-90
1055.12,00:04,2110,-90
1055.56,00:03,2111,-90
1055.62,00:04,2111,-90
1056.06,00:03,2112,-90
1056.12,00:04,2112,-90
1056.56,00:03,2113,-90
1056.62,00:04,2113,-90
1057.06,00:03,2114,-90
1057.12,00:04,2114,-90
1057.56,00:03,2115,-90
1057.62,00:04,2115,-90
1058.06,00:03,2116,-90
1058.12,00:04,2116,-89
1058.56,00:03,2117,-90
1058.62,00:04,2117,-89
1059.06,00:03,2118,-90
1059.12,00:04,2118,-89
1059.56,00:03,2119,-90
1059.62,00:04,2119,-89
1060.06,00:03,2120,-90
1060.12,00:04,2120,-89
1060.56,00:03,2121,-90
1060.62,00:04,2121,-89
1061.06,00:03,2122,-90
1061.12,00:04,2122,-89
1061.56,00:03,2123,-90
1061.62,00:04,2123,-89
1062.06,00:03,2124,-90
1062.12,00:04,2124,-88
1062.56,00:03,2125,-90
1062.62,00:04,2125,-88
1063.06,00:03,2126,-90
1063.12,00:04,2126,-88
1063.56,00:03,2127,-90
1063.62,00:04,2127,-88
1064.06,00:03,2128,-90
1064.12,00:04,2128,-88
1064.56,00:03,2129,-90
1064.62,00:04,2129,-88
1065.06,00:03,2130,-90
1065.12,00:04,2130,-88
1065.56,00:03,2131,-90
1065.62,00:04,2131,-87
1066.06,00:03,2132,-90
1066.12,00:04,2132,-87
1066.56,00:03,2133,-90
1066.62,00:04,2133,-87
1067.06,00:03,2134,-90
1067.12,00:04,2134,-87
1067.56,00:03,2135,-90
1067.62,00:04,2135,-87
1068.06,00:03,2136,-90
1068.12,00:04,2136,-87
1068.56,00:03,2137,-90
1068.62,00:04,2137,-87
1069.06,00:03,2138,-94
1069.12,00:04,2138,-91
1069.56,00:03,2139,-94
1069.62,00:04,2139,-90
1070.06,00:03,2140,-94
1070.12,00:04,2140,-90
1070.56,00:03,2141,-94
1070.62,00:04,2141,-90
1071.06,00:03,2142,-94
1071.12,00:04,2142,-90
1071.56,00:03,2143,-95
1071.62,00:04,2143,-90
1072.06,00:03,2144,-95
1072.12,00:04,2144,-90
1072.56,00:03,2145,-95
1072.62,00:04,2145,-90
1073.06,00:03,2146,-91
1073.12,00:04,2146,-85
1073.56,00:03,2147,-91
1073.62,00:04,2147,-85
1074.06,00:03,2148,-91
1074.12,00:04,2148,-85
1074.56,00:03,2149,-91
1074.62,00:04,2149,-85
1075.06,00:03,2150,-91
1075.12,00:04,2150,-85
1075.55,00:03,2151,-91
1075.62,00:04,2151,-85
1076.06,00:03,2152,-91
1076.12,00:04,2152,-85
1076.56,00:03,2153,-91
1076.62,00:04,2153,-85
1077.06,00:03,2154,-91
1077.12,00:04,2154,-84
1077.56,00:03,2155,-91
1077.62,00:04,2155,-84
1078.06,00:03,2156,-91
1078.12,00:04,2156,-84
1078.56,00:03,2157,-91
1078.62,00:04,2157,-84
1079.06,00:03,2158,-91
1079.12,00:04,2158,-84
1079.56,00:03,2159,-91
1079.62,00:04,2159,-84
1080.06,00:03,2160,-91
1080.12,00:04,2160,-84
1080.56,00:03,2161,-91
1080.62,00:04,2161,-84
1081.01,00:02,2162,-110
1081.06,00:03,2162,-91
1081.12,00:04,2162,-83
1081.51,00:02,2163,-110
1081.56,00:03,2163,-91
1081.62,00:04,2163,-83
1082.01,00:02,2164,-109
1082.06,00:03,2164,-92
1082.12,00:04,2164,-83
1082.56,00:03,2165,-92
1082.62,00:04,2165,-83
1083.06,00:03,2166,-92
1083.12,00:04,2166,-83
1083.56,00:03,2167,-92
1083.62,00:04,2167,-83
1084.01,00:02,2168,-109
1084.06,00:03,2168,-92
1084.12,00:04,2168,-83
1084.56,00:03,2169,-92
1084.62,00:04,2169,-83
1085.06,00:03,2170,-92
1085.12,00:04,2170,-82
1085.51,00:02,2171,-109
1085.56,00:03,2171,-92
1085.62,00:04,2171,-82
1086.01,00:02,2172,-109
1086.06,00:03,2172,-92
1086.12,00:04,2172,-82
1086.56,00:03,2173,-92
1086.62,00:04,2173,-82
1087.06,00:03,2174,-92
1087.12,00:04,2174,-82
1087.56,00:03,2175,-92
1087.62,00:04,2175,-82
1088.01,00:02,2176,-109
1088.06,00:03,2176,-92
1088.12,00:04,2176,-82
1088.51,00:02,2177,-108
1088.56,00:03,2177,-92
1088.62,00:04,2177,-82
1089.06,00:03,2178,-92
1089.12,00:04,2178,-82
1089.51,00:02,2179,-108
1089.56,00:03,2179,-92
1089.62,00:04,2179,-82
1090.01,00:02,2180,-108
1090.06,00:03,2180,-92
1090.12,00:04,2180,-82
1090.51,00:02,2181,-108
1090.56,00:03,2181,-93
1090.62,00:04,2181,-81
1091.01,00:02,2182,-108
1091.06,00:03,2182,-93
1091.12,00:04,2182,-81
1091.56,00:03,2183,-93
1091.62,00:04,2183,-81
1092.01,00:02,2184,-108
1092.06,00:03,2184,-93
1092.12,00:04,2184,-81
1092.56,00:03,2185,-93
1092.62,00:04,2185,-81
1093.06,00:03,2186,-93
1093.12,00:04,2186,-81
1093.51,00:02,2187,-108
1093.56,00:03,2187,-93
1093.62,00:04,2187,-81
1094.01,00:02,2188,-108
1094.06,00:03,2188,-93
1094.12,00:04,2188,-81
1094.51,00:02,2189,-108
1094.56,00:03,2189,-93
1094.62,00:04,2189,-81
1095.01,00:02,2190,-107
1095.06,00:03,2190,-93
1095.12,00:04,2190,-81
1095.51,00:02,2191,-107
1095.56,00:03,2191,-93
1095.62,00:04,2191,-81
1096.01,00:02,2192,-107
1096.06,00:03,2192,-93
1096.12,00:04,2192,-81
1096.51,00:02,2193,-107
1096.56,00:03,2193,-93
1096.62,00:04,2193,-81
1097.01,00:02,2194,-107
1097.06,00:03,2194,-93
1097.12,00:04,2194,-81
1097.51,00:02,2195,-107
1097.56,00:03,2195,-94
1097.62,00:04,2195,-81
1098.06,00:03,2196,-94
1098.12,00:04,2196,-81
1098.51,00:02,2197,-107
1098.56,00:03,2197,-94
1098.62,00:04,2197,-81
1099.01,00:02,2198,-107
1099.06,00:03,2198,-94
1099.12,00:04,2198,-81
1099.51,00:02,2199,-107
1099.55,00:03,2199,-94
1099.62,00:04,2199,-81
1100.01,00:02,2200,-107
1100.06,00:03,2200,-94
1100.12,00:04,2200,-81
1100.51,00:02,2201,-107
1100.56,00:03,2201,-94
1100.62,00:04,2201,-81
1101.01,00:02,2202,-107
1101.06,00:03,2202,-94
1101.12,00:04,2202,-81
1101.51,00:02,2203,-107
1101.56,00:03,2203,-94
1101.62,00:04,2203,-81
1102.01,00:02,2204,-106
1102.06,00:03,2204,-94
1102.12,00:04,2204,-81
1102.51,00:02,2205,-106
1102.56,00:03,2205,-94
1102.62,00:04,2205,-81
1103.01,00:02,2206,-106
1103.06,00:03,2206,-94
1103.12,00:04,2206,-81
1103.51,00:02,2207,-106
1103.56,00:03,2207,-94
1103.62,00:04,2207,-81
1104.01,00:02,2208,-106
1104.06,00:03,2208,-94
1104.12,00:04,2208,-81
1104.51,00:02,2209,-106
1104.56,00:03,2209,-95
1104.62,00:04,2209,-81
1105.01,00:02,2210,-106
1105.06,00:03,2210,-95
1105.12,00:04,2210,-81
1105.51,00:02,2211,-106
1105.56,00:03,2211,-95
1105.62,00:04,2211,-81
1106.01,00:02,2212,-106
1106.06,00:03,2212,-95
1106.12,00:04,2212,-81
1106.51,00:02,2213,-106
1106.56,00:03,2213,-95
1106.62,00:04,2213,-81
1107.01,00:02,2214,-106
1107.06,00:03,2214,-95
1107.12,00:04,2214,-81
1107.51,00:02,2215,-106
1107.56,00:03,2215,-95
1107.62,00:04,2215,-81
1108.01,00:02,2216,-106
1108.06,00:03,2216,-95
1108.12,00:04,2216,-81
1108.51,00:02,2217,-106
1108.56,00:03,2217,-95
1108.62,00:04,2217,-81
1109.01,00:02,2218,-105
1109.06,00:03,2218,-95
1109.12,00:04,2218,-81
1109.51,00:02,2219,-105
1109.56,00:03,2219,-95
1109.62,00:04,2219,-81
1110.01,00:02,2220,-105
1110.06,00:03,2220,-95
1110.12,00:04,2220,-81
1110.51,00:02,2221,-105
1110.56,00:03,2221,-95
1110.62,00:04,2221,-81
1111.01,00:02,2222,-105
1111.05,00:03,2222,-96
1111.12,00:04,2222,-81
1111.51,00:02,2223,-105
1111.56,00:03,2223,-96
1111.62,00:04,2223,-81
1112.01,00:02,2224,-105
1112.06,00:03,2224,-96
1112.12,00:04,2224,-82
1112.51,00:02,2225,-105
1112.56,00:03,2225,-96
1112.62,00:04,2225,-82
1113.01,00:02,2226,-105
1113.06,00:03,2226,-96
1113.12,00:04,2226,-82
1113.51,00:02,2227,-105
1113.56,00:03,2227,-96
1113.62,00:04,2227,-82
1114.01,00:02,2228,-105
1114.06,00:03,2228,-96
1114.12,00:04,2228,-82
1114.51,00:02,2229,-105
1114.55,00:03,2229,-96
1114.62,00:04,2229,-82
1115.01,00:02,2230,-105
1115.05,00:03,2230,-96
1115.12,00:04,2230,-82
1115.51,00:02,2231,-105
1115.56,00:03,2231,-96
1115.62,00:04,2231,-82
1116.01,00:02,2232,-105
1116.06,00:03,2232,-96
1116.12,00:04,2232,-82
1116.51,00:02,2233,-105
1116.56,00:03,2233,-96
1116.62,00:04,2233,-82
1117.01,00:02,2234,-104
1117.06,00:03,2234,-96
1117.12,00:04,2234,-83
1117.51,00:02,2235,-104
1117.56,00:03,2235,-96
1117.62,00:04,2235,-83
1118.01,00:02,2236,-104
1118.06,00:03,2236,-97
1118.12,00:04,2236,-83
1118.51,00:02,2237,-104
1118.56,00:03,2237,-97
1118.62,00:04,2237,-83
1119.01,00:02,2238,-104
1119.06,00:03,2238,-97
1119.12,00:04,2238,-83
1119.51,00:02,2239,-104
1119.56,00:03,2239,-97
1119.62,00:04,2239,-83
1120.01,00:02,2240,-104
1120.06,00:03,2240,-97
1120.12,00:04,2240,-83
1120.51,00:02,2241,-104
1120.56,00:03,2241,-97
1120.62,00:04,2241,-83
1121.01,00:02,2242,-104
1121.06,00:03,2242,-97
1121.12,00:04,2242,-83
1121.51,00:02,2243,-104
1121.56,00:03,2243,-97
1121.62,00:04,2243,-84
1122.01,00:02,2244,-104
1122.06,00:03,2244,-97
1122.12,00:04,2244,-84
1122.51,00:02,2245,-104
1122.56,00:03,2245,-97
1122.62,00:04,2245,-84
1123.01,00:02,2246,-104
1123.06,00:03,2246,-97
1123.12,00:04,2246,-84
1123.51,00:02,2247,-104
1123.56,00:03,2247,-97
1123.62,00:04,2247,-84
1124.01,00:02,2248,-104
1124.05,00:03,2248,-97
1124.12,00:04,2248,-84
1124.51,00:02,2249,-104
1124.56,00:03,2249,-98
1124.62,00:04,2249,-84
1125.01,00:02,2250,-104
1125.06,00:03,2250,-98
1125.12,00:04,2250,-84
1125.51,00:02,2251,-104
1125.56,00:03,2251,-98
1125.62,00:04,2251,-85
1126.01,00:02,2252,-103
1126.06,00:03,2252,-98
1126.12,00:04,2252,-85
1126.51,00:02,2253,-103
1126.56,00:03,2253,-98
1126.62,00:04,2253,-85
1127.01,00:02,2254,-103
1127.06,00:03,2254,-98
1127.12,00:04,2254,-85
1127.51,00:02,2255,-103
1127.56,00:03,2255,-98
1127.62,00:04,2255,-85
1128.01,00:02,2256,-103
1128.06,00:03,2256,-98
1128.12,00:04,2256,-85
1128.51,00:02,2257,-103
1128.56,00:03,2257,-98
1128.62,00:04,2257,-85
1129.01,00:02,2258,-107
1129.06,00:03,2258,-102
1129.12,00:04,2258,-90
1129.51,00:02,2259,-107
1129.56,00:03,2259,-102
1129.62,00:04,2259,-90
1130.01,00:02,2260,-107
1130.06,00:03,2260,-102
1130.12,00:04,2260,-90
1130.51,00:02,2261,-107
1130.55,00:03,2261,-102
1130.62,00:04,2261,-90
1131.01,00:02,2262,-107
1131.06,00:03,2262,-102
1131.12,00:04,2262,-90
1131.51,00:02,2263,-107
1131.56,00:03,2263,-103
1131.62,00:04,2263,-90
1132.01,00:02,2264,-107
1132.06,00:03,2264,-103
1132.12,00:04,2264,-90
1132.51,00:02,2265,-107
1132.56,00:03,2265,-103
1132.62,00:04,2265,-90
1133.01,00:02,2266,-103
1133.06,00:03,2266,-99
1133.12,00:04,2266,-87
1133.51,00:02,2267,-103
1133.56,00:03,2267,-99
1133.62,00:04,2267,-87
1134.01,00:02,2268,-103
1134.06,00:03,2268,-99
1134.12,00:04,2268,-87
1134.51,00:02,2269,-103
1134.56,00:03,2269,-99
1134.62,00:04,2269,-87
1135.01,00:02,2270,-103
1135.06,00:03,2270,-99
1135.12,00:04,2270,-87
1135.51,00:02,2271,-103
1135.56,00:03,2271,-99
1135.62,00:04,2271,-87
1136.01,00:02,2272,-103
1136.06,00:03,2272,-99
1136.12,00:04,2272,-87
1136.51,00:02,2273,-103
1136.56,00:03,2273,-99
1136.62,00:04,2273,-88
1137.01,00:02,2274,-103
1137.06,00:03,2274,-99
1137.12,00:04,2274,-88
1137.51,00:02,2275,-103
1137.56,00:03,2275,-99
1137.62,00:04,2275,-88
1138.01,00:02,2276,-103
1138.06,00:03,2276,-99
1138.12,00:04,2276,-88
1138.51,00:02,2277,-103
1138.56,00:03,2277,-100
1138.62,00:04,2277,-88
1139.01,00:02,2278,-103
1139.06,00:03,2278,-100
1139.12,00:04,2278,-88
1139.51,00:02,2279,-103
1139.55,00:03,2279,-100
1139.62,00:04,2279,-88
1140.01,00:02,2280,-103
1140.06,00:03,2280,-100
1140.12,00:04,2280,-88
1140.51,00:02,2281,-103
1140.56,00:03,2281,-100
1140.62,00:04,2281,-89
1141.01,00:02,2282,-103
1141.06,00:03,2282,-100
1141.12,00:04,2282,-89
1141.51,00:02,2283,-103
1141.56,00:03,2283,-100
1141.62,00:04,2283,-89
1142.01,00:02,2284,-103
1142.06,00:03,2284,-100
1142.12,00:04,2284,-89
1142.51,00:02,2285,-103
1142.56,00:03,2285,-100
1142.62,00:04,2285,-89
1143.01,00:02,2286,-103
1143.06,00:03,2286,-100
1143.12,00:04,2286,-89
1143.51,00:02,2287,-103
1143.56,00:03,2287,-100
1143.62,00:04,2287,-89
1144.01,00:02,2288,-103
1144.06,00:03,2288,-100
1144.12,00:04,2288,-90
1144.51,00:02,2289,-103
1144.56,00:03,2289,-100
1144.62,00:04,2289,-90
1145.01,00:02,2290,-103
1145.06,00:03,2290,-100
1145.12,00:04,2290,-90
1145.51,00:02,2291,-103
1145.56,00:03,2291,-101
1145.62,00:04,2291,-90
1146.01,00:02,2292,-103
1146.05,00:03,2292,-101
1146.12,00:04,2292,-90
1146.51,00:02,2293,-103
1146.55,00:03,2293,-101
1146.62,00:04,2293,-90
1147.01,00:02,2294,-103
1147.06,00:03,2294,-101
1147.12,00:04,2294,-90
1147.51,00:02,2295,-103
1147.56,00:03,2295,-101
1147.62,00:04,2295,-90
1148.01,00:02,2296,-103
1148.06,00:03,2296,-101
1148.12,00:04,2296,-90
1148.51,00:02,2297,-103
1148.56,00:03,2297,-101
1148.62,00:04,2297,-90
1149.01,00:02,2298,-103
1149.06,00:03,2298,-101
1149.12,00:04,2298,-89
1149.51,00:02,2299,-104
1149.56,00:03,2299,-101
1149.62,00:04,2299,-89
1150.01,00:02,2300,-104
1150.06,00:03,2300,-101
1150.12,00:04,2300,-89
1150.51,00:02,2301,-104
1150.56,00:03,2301,-101
1150.62,00:04,2301,-89
1151.01,00:02,2302,-104
1151.06,00:03,2302,-101
1151.12,00:04,2302,-89
1151.51,00:02,2303,-104
1151.56,00:03,2303,-101
1151.62,00:04,2303,-89
1152.01,00:02,2304,-104
1152.06,00:03,2304,-101
1152.12,00:04,2304,-89
1152.51,00:02,2305,-104
1152.56,00:03,2305,-101
1152.62,00:04,2305,-89
1153.01,00:02,2306,-104
1153.06,00:03,2306,-101
1153.12,00:04,2306,-89
1153.51,00:02,2307,-104
1153.56,00:03,2307,-101
1153.62,00:04,2307,-89
1154.01,00:02,2308,-104
1154.06,00:03,2308,-101
1154.12,00:04,2308,-89
1154.51,00:02,2309,-104
1154.56,00:03,2309,-101
1154.62,00:04,2309,-88
1155.01,00:02,2310,-104
1155.06,00:03,2310,-101
1155.12,00:04,2310,-88
1155.51,00:02,2311,-104
1155.56,00:03,2311,-101
1155.62,00:04,2311,-88
1156.01,00:02,2312,-104
1156.06,00:03,2312,-100
1156.12,00:04,2312,-88
1156.51,00:02,2313,-104
1156.56,00:03,2313,-100
1156.62,00:04,2313,-88
1157.01,00:02,2314,-104
1157.06,00:03,2314,-100
1157.12,00:04,2314,-88
1157.51,00:02,2315,-104
1157.56,00:03,2315,-100
1157.62,00:04,2315,-88
1158.01,00:02,2316,-104
1158.06,00:03,2316,-100
1158.12,00:04,2316,-87
1158.51,00:02,2317,-104
1158.56,00:03,2317,-100
1158.62,00:04,2317,-87
1159.01,00:02,2318,-104
1159.06,00:03,2318,-100
1159.12,00:04,2318,-87
1159.51,00:02,2319,-104
1159.56,00:03,2319,-100
1159.62,00:04,2319,-87
1160.01,00:02,2320,-104
1160.06,00:03,2320,-100
1160.12,00:04,2320,-87
1160.51,00:02,2321,-104
1160.56,00:03,2321,-100
1160.62,00:04,2321,-87
1161.01,00:02,2322,-104
1161.06,00:03,2322,-100
1161.12,00:04,2322,-86
1161.51,00:02,2323,-104
1161.56,00:03,2323,-100
1161.62,00:04,2323,-86
1162.01,00:02,2324,-104
1162.06,00:03,2324,-100
1162.12,00:04,2324,-86
1162.51,00:02,2325,-104
1162.56,00:03,2325,-100
1162.62,00:04,2325,-86
1163.01,00:02,2326,-104
1163.06,00:03,2326,-100
1163.12,00:04,2326,-86
1163.51,00:02,2327,-104
1163.56,00:03,2327,-99
1163.62,00:04,2327,-86
1164.01,00:02,2328,-104
1164.06,00:03,2328,-99
1164.12,00:04,2328,-86
1164.51,00:02,2329,-104
1164.56,00:03,2329,-99
1164.62,00:04,2329,-85
1165.06,00:03,2330,-103
1165.12,00:04,2330,-89
1165.55,00:03,2331,-103
1165.62,00:04,2331,-89
1166.06,00:03,2332,-103
1166.12,00:04,2332,-89
1166.56,00:03,2333,-103
1166.62,00:04,2333,-89
1167.01,00:02,2334,-108
1167.06,00:03,2334,-103
1167.12,00:04,2334,-89
1167.51,00:02,2335,-108
1167.56,00:03,2335,-103
1167.62,00:04,2335,-88
1168.01,00:02,2336,-109
1168.06,00:03,2336,-103
1168.12,00:04,2336,-88
1168.56,00:03,2337,-103
1168.62,00:04,2337,-88
1169.01,00:02,2338,-105
1169.06,00:03,2338,-99
1169.12,00:04,2338,-84
1169.51,00:02,2339,-105
1169.56,00:03,2339,-99
1169.62,00:04,2339,-84
1170.01,00:02,2340,-105
1170.06,00:03,2340,-99
1170.12,00:04,2340,-84
1170.51,00:02,2341,-105
1170.56,00:03,2341,-99
1170.62,00:04,2341,-83
1171.01,00:02,2342,-105
1171.06,00:03,2342,-98
1171.12,00:04,2342,-83
1171.51,00:02,2343,-105
1171.56,00:03,2343,-98
1171.62,00:04,2343,-83
1172.01,00:02,2344,-105
1172.05,00:03,2344,-98
1172.12,00:04,2344,-83
1172.51,00:02,2345,-105
1172.56,00:03,2345,-98
1172.62,00:04,2345,-83
1173.01,00:02,2346,-105
1173.06,00:03,2346,-98
1173.12,00:04,2346,-83
1173.51,00:02,2347,-105
1173.56,00:03,2347,-98
1173.62,00:04,2347,-82
1174.01,00:02,2348,-105
1174.06,00:03,2348,-98
1174.12,00:04,2348,-82
1174.51,00:02,2349,-105
1174.56,00:03,2349,-98
1174.62,00:04,2349,-82
1175.01,00:02,2350,-105
1175.06,00:03,2350,-98
1175.12,00:04,2350,-82
1175.51,00:02,2351,-105
1175.56,00:03,2351,-98
1175.62,00:04,2351,-82
1176.01,00:02,2352,-105
1176.05,00:03,2352,-98
1176.12,00:04,2352,-82
1176.51,00:02,2353,-105
1176.56,00:03,2353,-98
1176.62,00:04,2353,-82
1177.01,00:02,2354,-105
1177.06,00:03,2354,-98
1177.12,00:04,2354,-81
1177.51,00:02,2355,-105
1177.56,00:03,2355,-98
1177.62,00:04,2355,-81
1178.01,00:02,2356,-105
1178.05,00:03,2356,-98
1178.12,00:04,2356,-81
1178.51,00:02,2357,-105
1178.55,00:03,2357,-97
1178.62,00:04,2357,-81
1179.01,00:02,2358,-105
1179.06,00:03,2358,-97
1179.12,00:04,2358,-81
1179.51,00:02,2359,-105
1179.56,00:03,2359,-97
1179.62,00:04,2359,-81
1180.01,00:02,2360,-106
1180.06,00:03,2360,-97
1180.12,00:04,2360,-80
1180.51,00:02,2361,-106
1180.56,00:03,2361,-97
1180.62,00:04,2361,-80
1181.01,00:02,2362,-106
1181.06,00:03,2362,-97
1181.12,00:04,2362,-80
1181.51,00:02,2363,-106
1181.56,00:03,2363,-97
1181.62,00:04,2363,-80
1182.01,00:02,2364,-106
1182.06,00:03,2364,-97
1182.12,00:04,2364,-80
1182.51,00:02,2365,-106
1182.56,00:03,2365,-97
1182.62,00:04,2365,-80
1183.01,00:02,2366,-106
1183.06,00:03,2366,-97
1183.12,00:04,2366,-80
1183.51,00:02,2367,-106
1183.56,00:03,2367,-97
1183.62,00:04,2367,-80
1184.01,00:02,2368,-106
1184.06,00:03,2368,-97
1184.12,00:04,2368,-79
1184.51,00:02,2369,-106
1184.56,00:03,2369,-97
1184.62,00:04,2369,-79
1185.01,00:02,2370,-106
1185.06,00:03,2370,-97
1185.12,00:04,2370,-79
1185.51,00:02,2371,-106
1185.56,00:03,2371,-96
1185.62,00:04,2371,-79
1186.01,00:02,2372,-106
1186.06,00:03,2372,-96
1186.12,00:04,2372,-79
1186.51,00:02,2373,-106
1186.56,00:03,2373,-96
1186.62,00:04,2373,-79
1187.01,00:02,2374,-106
1187.06,00:03,2374,-96
1187.12,00:04,2374,-79
1187.51,00:02,2375,-106
1187.56,00:03,2375,-96
1187.62,00:04,2375,-79
1188.01,00:02,2376,-106
1188.06,00:03,2376,-96
1188.12,00:04,2376,-79
1188.51,00:02,2377,-106
1188.56,00:03,2377,-96
1188.62,00:04,2377,-78
1189.01,00:02,2378,-107
1189.05,00:03,2378,-96
1189.12,00:04,2378,-78
1189.51,00:02,2379,-107
1189.56,00:03,2379,-96
1189.62,00:04,2379,-78
1190.01,00:02,2380,-107
1190.06,00:03,2380,-96
1190.12,00:04,2380,-78
1190.51,00:02,2381,-107
1190.56,00:03,2381,-96
1190.62,00:04,2381,-78
1191.01,00:02,2382,-107
1191.06,00:03,2382,-96
1191.12,00:04,2382,-78
1191.51,00:02,2383,-107
1191.56,00:03,2383,-96
1191.62,00:04,2383,-78
1192.01,00:02,2384,-107
1192.05,00:03,2384,-96
1192.12,00:04,2384,-78
1192.51,00:02,2385,-107
1192.55,00:03,2385,-96
1192.62,00:04,2385,-78
1193.01,00:02,2386,-107
1193.06,00:03,2386,-95
1193.12,00:04,2386,-78
1193.51,00:02,2387,-107
1193.56,00:03,2387,-95
1193.62,00:04,2387,-78
1194.01,00:02,2388,-107
1194.06,00:03,2388,-95
1194.12,00:04,2388,-78
1194.56,00:03,2389,-95
1194.62,00:04,2389,-78
1195.01,00:02,2390,-107
1195.06,00:03,2390,-95
1195.12,00:04,2390,-78
1195.51,00:02,2391,-107
1195.56,00:03,2391,-95
1195.62,00:04,2391,-78
1196.06,00:03,2392,-95
1196.12,00:04,2392,-78
1196.56,00:03,2393,-95
1196.62,00:04,2393,-78
1197.06,00:03,2394,-95
1197.12,00:04,2394,-78
1197.51,00:02,2395,-108
1197.56,00:03,2395,-95
1197.62,00:04,2395,-78
1198.01,00:02,2396,-108
1198.06,00:03,2396,-95
1198.12,00:04,2396,-78
1198.51,00:02,2397,-108
1198.56,00:03,2397,-95
1198.62,00:04,2397,-78
1199.01,00:02,2398,-108
1199.06,00:03,2398,-95
1199.12,00:04,2398,-78
1199.51,00:02,2399,-108
1199.56,00:03,2399,-95
1199.62,00:04,2399,-78
1200.01,00:02,2400,-108
1200.06,00:03,2400,-95
1200.12,00:04,2400,-78
1200.56,00:03,2401,-94
1200.62,00:04,2401,-78
1201.01,00:02,2402,-108
1201.06,00:03,2402,-94
1201.12,00:04,2402,-78
1201.51,00:02,2403,-108
1201.56,00:03,2403,-94
1201.62,00:04,2403,-78
1202.01,00:02,2404,-108
1202.06,00:03,2404,-94
1202.12,00:04,2404,-78
1202.51,00:02,2405,-108
1202.56,00:03,2405,-94
1202.62,00:04,2405,-78
1203.01,00:02,2406,-108
1203.06,00:03,2406,-94
1203.12,00:04,2406,-78
1203.56,00:03,2407,-94
1203.62,00:04,2407,-78
1204.01,00:02,2408,-108
1204.06,00:03,2408,-94
1204.12,00:04,2408,-78
1204.51,00:02,2409,-109
1204.56,00:03,2409,-94
1204.62,00:04,2409,-78
1205.06,00:03,2410,-94
1205.12,00:04,2410,-78
1205.51,00:02,2411,-109
1205.56,00:03,2411,-94
1205.62,00:04,2411,-78
1206.01,00:02,2412,-109
1206.06,00:03,2412,-94
1206.12,00:04,2412,-79
1206.51,00:02,2413,-109
1206.56,00:03,2413,-94
1206.62,00:04,2413,-79
1207.01,00:02,2414,-109
1207.06,00:03,2414,-94
1207.12,00:04,2414,-79
1207.56,00:03,2415,-94
1207.62,00:04,2415,-79
1208.06,00:03,2416,-94
1208.12,00:04,2416,-79
1208.56,00:03,2417,-94
1208.62,00:04,2417,-79
1209.06,00:03,2418,-93
1209.12,00:04,2418,-79
1209.56,00:03,2419,-93
1209.62,00:04,2419,-79
1210.06,00:03,2420,-93
1210.12,00:04,2420,-79
1210.56,00:03,2421,-93
1210.62,00:04,2421,-80
1211.06,00:03,2422,-93
1211.12,00:04,2422,-80
1211.55,00:03,2423,-93
1211.62,00:04,2423,-80
1212.06,00:03,2424,-93
1212.12,00:04,2424,-80
1212.56,00:03,2425,-93
1212.62,00:04,2425,-80
1213.06,00:03,2426,-93
1213.12,00:04,2426,-80
1213.56,00:03,2427,-93
1213.62,00:04,2427,-80
1214.06,00:03,2428,-93
1214.12,00:04,2428,-81
1214.56,00:03,2429,-93
1214.62,00:04,2429,-81
1215.06,00:03,2430,-93
1215.12,00:04,2430,-81
1215.56,00:03,2431,-93
1215.62,00:04,2431,-81
1216.06,00:03,2432,-93
1216.12,00:04,2432,-81
1216.56,00:03,2433,-93
1216.62,00:04,2433,-81
1217.06,00:03,2434,-93
1217.12,00:04,2434,-81
1217.56,00:03,2435,-93
1217.62,00:04,2435,-82
1218.05,00:03,2436,-93
1218.12,00:04,2436,-82
1218.56,00:03,2437,-92
1218.62,00:04,2437,-82
1219.06,00:03,2438,-92
1219.12,00:04,2438,-82
1219.56,00:03,2439,-92
1219.62,00:04,2439,-82
1220.06,00:03,2440,-92
1220.12,00:04,2440,-82
1220.56,00:03,2441,-92
1220.62,00:04,2441,-83
1221.06,00:03,2442,-92
1221.12,00:04,2442,-83
1221.56,00:03,2443,-92
1221.62,00:04,2443,-83
1222.06,00:03,2444,-92
1222.12,00:04,2444,-83
1222.56,00:03,2445,-92
1222.62,00:04,2445,-83
1223.06,00:03,2446,-92
1223.12,00:04,2446,-83
1223.55,00:03,2447,-92
1223.62,00:04,2447,-84
1224.05,00:03,2448,-92
1224.12,00:04,2448,-84
1224.56,00:03,2449,-92
1224.62,00:04,2449,-84
1225.06,00:03,2450,-96
1225.12,00:04,2450,-88
1225.55,00:03,2451,-96
1225.62,00:04,2451,-88
1226.06,00:03,2452,-96
1226.12,00:04,2452,-88
1226.56,00:03,2453,-96
1226.62,00:04,2453,-88
1227.05,00:03,2454,-96
1227.12,00:04,2454,-89
1227.56,00:03,2455,-96
1227.62,00:04,2455,-89
1228.06,00:03,2456,-96
1228.12,00:04,2456,-89
1228.55,00:03,2457,-96
1228.62,00:04,2457,-89
1229.06,00:03,2458,-92
1229.12,00:04,2458,-85
1229.56,00:03,2459,-92
1229.62,00:04,2459,-85
1230.06,00:03,2460,-92
1230.12,00:04,2460,-86
1230.56,00:03,2461,-92
1230.62,00:04,2461,-86
1231.06,00:03,2462,-92
1231.12,00:04,2462,-86
1231.56,00:03,2463,-92
1231.62,00:04,2463,-86
1232.06,00:03,2464,-92
1232.12,00:04,2464,-86
1232.56,00:03,2465,-92
1232.62,00:04,2465,-86
1233.05,00:03,2466,-92
1233.12,00:04,2466,-87
1233.56,00:03,2467,-92
1233.62,00:04,2467,-87
1234.06,00:03,2468,-92
1234.12,00:04,2468,-87
1234.56,00:03,2469,-91
1234.62,00:04,2469,-87
1235.06,00:03,2470,-91
1235.12,00:04,2470,-87
1235.56,00:03,2471,-91
1235.62,00:04,2471,-87
1236.06,00:03,2472,-91
1236.12,00:04,2472,-87
1236.56,00:03,2473,-91
1236.62,00:04,2473,-88
1237.06,00:03,2474,-91
1237.12,00:04,2474,-88
1237.56,00:03,2475,-91
1237.62,00:04,2475,-88
1238.06,00:03,2476,-91
1238.12,00:04,2476,-88
1238.56,00:03,2477,-91
1238.62,00:04,2477,-88
1239.06,00:03,2478,-91
1239.12,00:04,2478,-88
1239.56,00:03,2479,-91
1239.62,00:04,2479,-88
1240.06,00:03,2480,-91
1240.12,00:04,2480,-89
1240.56,00:03,2481,-91
1240.62,00:04,2481,-89
1241.06,00:03,2482,-91
1241.12,00:04,2482,-89
1241.56,00:03,2483,-91
1241.62,00:04,2483,-89
1242.06,00:03,2484,-91
1242.12,00:04,2484,-89
1242.55,00:03,2485,-92
1242.62,00:04,2485,-89
1243.06,00:03,2486,-92
1243.12,00:04,2486,-89
1243.56,00:03,2487,-92
1243.62,00:04,2487,-89
1244.06,00:03,2488,-92
1244.12,00:04,2488,-89
1244.56,00:03,2489,-92
1244.62,00:04,2489,-89
1245.06,00:03,2490,-92
1245.12,00:04,2490,-89
1245.56,00:03,2491,-92
1245.62,00:04,2491,-89
1246.06,00:03,2492,-92
1246.12,00:04,2492,-88
1246.55,00:03,2493,-93
1246.62,00:04,2493,-88
1247.06,00:03,2494,-93
1247.12,00:04,2494,-88
1247.56,00:03,2495,-93
1247.62,00:04,2495,-88
1248.06,00:03,2496,-93
1248.12,00:04,2496,-88
1248.56,00:03,2497,-93
1248.62,00:04,2497,-88
1249.06,00:03,2498,-93
1249.12,00:04,2498,-88
1249.55,00:03,2499,-93
1249.62,00:04,2499,-88
1250.06,00:03,2500,-93
1250.12,00:04,2500,-88
1250.56,00:03,2501,-93
1250.62,00:04,2501,-88
1251.06,00:03,2502,-93
1251.12,00:04,2502,-87
1251.56,00:03,2503,-93
1251.62,00:04,2503,-87
1252.05,00:03,2504,-93
1252.12,00:04,2504,-87
1252.56,00:03,2505,-93
1252.62,00:04,2505,-87
1253.06,00:03,2506,-93
1253.12,00:04,2506,-87
1253.56,00:03,2507,-93
1253.62,00:04,2507,-87
1254.06,00:03,2508,-93
1254.12,00:04,2508,-86
1254.56,00:03,2509,-93
1254.62,00:04,2509,-86
1255.06,00:03,2510,-93
1255.12,00:04,2510,-86
1255.56,00:03,2511,-93
1255.62,00:04,2511,-86
1256.06,00:03,2512,-93
1256.12,00:04,2512,-86
1256.56,00:03,2513,-93
1256.62,00:04,2513,-85
1257.06,00:03,2514,-93
1257.12,00:04,2514,-85
1257.56,00:03,2515,-93
1257.62,00:04,2515,-85
1258.06,00:03,2516,-93
1258.12,00:04,2516,-85
1258.56,00:03,2517,-93
1258.62,00:04,2517,-85
1259.06,00:03,2518,-93
1259.12,00:04,2518,-85
1259.56,00:03,2519,-93
1259.62,00:04,2519,-84
1260.06,00:03,2520,-93
1260.12,00:04,2520,-84
1260.56,00:03,2521,-93
1260.62,00:04,2521,-84
1261.05,00:03,2522,-97
1261.12,00:04,2522,-88
1261.56,00:03,2523,-97
1261.62,00:04,2523,-88
1262.06,00:03,2524,-97
1262.12,00:04,2524,-88
1262.55,00:03,2525,-97
1262.62,00:04,2525,-87
1263.06,00:03,2526,-97
1263.12,00:04,2526,-87
1263.56,00:03,2527,-97
1263.62,00:04,2527,-87
1264.06,00:03,2528,-97
1264.12,00:04,2528,-87
1264.56,00:03,2529,-97
1264.62,00:04,2529,-87
1265.06,00:03,2530,-93
1265.12,00:04,2530,-82
1265.56,00:03,2531,-93
1265.62,00:04,2531,-82
1266.06,00:03,2532,-93
1266.12,00:04,2532,-82
1266.56,00:03,2533,-93
1266.62,00:04,2533,-82
1267.06,00:03,2534,-93
1267.12,00:04,2534,-82
1267.56,00:03,2535,-93
1267.62,00:04,2535,-81
1268.06,00:03,2536,-93
1268.12,00:04,2536,-81
1268.56,00:03,2537,-93
1268.62,00:04,2537,-81
1269.06,00:03,2538,-93
1269.12,00:04,2538,-81
1269.56,00:03,2539,-94
1269.62,00:04,2539,-81
1270.06,00:03,2540,-94
1270.12,00:04,2540,-80
1270.56,00:03,2541,-94
1270.62,00:04,2541,-80
1271.06,00:03,2542,-94
1271.12,00:04,2542,-80
1271.56,00:03,2543,-94
1271.62,00:04,2543,-80
1272.06,00:03,2544,-94
1272.12,00:04,2544,-80
1272.56,00:03,2545,-94
1272.62,00:04,2545,-79
1273.06,00:03,2546,-94
1273.12,00:04,2546,-79
1273.56,00:03,2547,-94
1273.62,00:04,2547,-79
1274.06,00:03,2548,-94
1274.12,00:04,2548,-79
1274.56,00:03,2549,-94
1274.62,00:04,2549,-79
1275.06,00:03,2550,-94
1275.12,00:04,2550,-78
1275.55,00:03,2551,-94
1275.62,00:04,2551,-78
1276.06,00:03,2552,-94
1276.12,00:04,2552,-78
1276.56,00:03,2553,-94
1276.62,00:04,2553,-78
1277.06,00:03,2554,-94
1277.12,00:04,2554,-78
1277.56,00:03,2555,-94
1277.62,00:04,2555,-78
1278.06,00:03,2556,-94
1278.12,00:04,2556,-77
1278.56,00:03,2557,-94
1278.62,00:04,2557,-77
1279.06,00:03,2558,-94
1279.12,00:04,2558,-77
1279.56,00:03,2559,-94
1279.62,00:04,2559,-77
1280.01,00:02,2560,-110
1280.06,00:03,2560,-94
1280.12,00:04,2560,-77
1280.56,00:03,2561,-94
1280.62,00:04,2561,-76
1281.06,00:03,2562,-95
1281.12,00:04,2562,-76
1281.56,00:03,2563,-95
1281.62,00:04,2563,-76
1282.06,00:03,2564,-95
1282.12,00:04,2564,-76
1282.56,00:03,2565,-95
1282.62,00:04,2565,-76
1283.06,00:03,2566,-95
1283.12,00:04,2566,-76
1283.55,00:03,2567,-95
1283.62,00:04,2567,-76
1284.06,00:03,2568,-95
1284.12,00:04,2568,-75
1284.56,00:03,2569,-95
1284.62,00:04,2569,-75
1285.06,00:03,2570,-95
1285.12,00:04,2570,-75
1285.56,00:03,2571,-95
1285.62,00:04,2571,-75
1286.06,00:03,2572,-95
1286.12,00:04,2572,-75
1286.56,00:03,2573,-95
1286.62,00:04,2573,-75
1287.06,00:03,2574,-95
1287.12,00:04,2574,-75
1287.56,00:03,2575,-95
1287.62,00:04,2575,-75
1288.06,00:03,2576,-95
1288.12,00:04,2576,-75
1288.56,00:03,2577,-95
1288.62,00:04,2577,-74
1289.06,00:03,2578,-95
1289.12,00:04,2578,-74
1289.51,00:02,2579,-109
1289.56,00:03,2579,-95
1289.62,00:04,2579,-74
1290.01,00:02,2580,-109
1290.06,00:03,2580,-96
1290.12,00:04,2580,-74
1290.51,00:02,2581,-109
1290.56,00:03,2581,-96
1290.62,00:04,2581,-74
1291.06,00:03,2582,-96
1291.12,00:04,2582,-74
1291.56,00:03,2583,-96
1291.62,00:04,2583,-74
1292.06,00:03,2584,-96
1292.12,00:04,2584,-74
1292.51,00:02,2585,-108
1292.56,00:03,2585,-96
1292.62,00:04,2585,-74
1293.01,00:02,2586,-108
1293.06,00:03,2586,-96
1293.12,00:04,2586,-74
1293.51,00:02,2587,-108
1293.56,00:03,2587,-96
1293.62,00:04,2587,-74
1294.01,00:02,2588,-108
1294.06,00:03,2588,-96
1294.12,00:04,2588,-74
1294.56,00:03,2589,-96
1294.62,00:04,2589,-74
1295.01,00:02,2590,-108
1295.06,00:03,2590,-96
1295.12,00:04,2590,-74
1295.56,00:03,2591,-96
1295.62,00:04,2591,-74
1296.06,00:03,2592,-96
1296.12,00:04,2592,-74
1296.51,00:02,2593,-108
1296.56,00:03,2593,-96
1296.62,00:04,2593,-74
1297.01,00:02,2594,-108
1297.06,00:03,2594,-96
1297.12,00:04,2594,-74
1297.51,00:02,2595,-108
1297.55,00:03,2595,-96
1297.62,00:04,2595,-74
1298.06,00:03,2596,-96
1298.12,00:04,2596,-75
1298.51,00:02,2597,-108
1298.56,00:03,2597,-97
1298.62,00:04,2597,-75
1299.01,00:02,2598,-108
1299.06,00:03,2598,-97
1299.12,00:04,2598,-75
1299.56,00:03,2599,-97
1299.62,00:04,2599,-75
1300.01,00:02,2600,-108
1300.06,00:03,2600,-97
1300.12,00:04,2600,-75
1300.51,00:02,2601,-108
1300.56,00:03,2601,-97
1300.62,00:04,2601,-75
1301.01,00:02,2602,-108
1301.06,00:03,2602,-97
1301.12,00:04,2602,-75
1301.51,00:02,2603,-107
1301.55,00:03,2603,-97
1301.62,00:04,2603,-75
1302.01,00:02,2604,-107
1302.06,00:03,2604,-97
1302.12,00:04,2604,-75
1302.51,00:02,2605,-107
1302.56,00:03,2605,-97
1302.62,00:04,2605,-76
1303.01,00:02,2606,-107
1303.05,00:03,2606,-97
1303.12,00:04,2606,-76
1303.55,00:03,2607,-97
1303.62,00:04,2607,-76
1304.01,00:02,2608,-107
1304.06,00:03,2608,-97
1304.12,00:04,2608,-76
1304.51,00:02,2609,-107
1304.56,00:03,2609,-97
1304.62,00:04,2609,-76
1305.01,00:02,2610,-107
1305.06,00:03,2610,-97
1305.12,00:04,2610,-76
1305.51,00:02,2611,-107
1305.56,00:03,2611,-97
1305.62,00:04,2611,-77
1306.01,00:02,2612,-107
1306.06,00:03,2612,-97
1306.12,00:04,2612,-77
1306.51,00:02,2613,-107
1306.55,00:03,2613,-98
1306.62,00:04,2613,-77
1307.01,00:02,2614,-107
1307.06,00:03,2614,-98
1307.12,00:04,2614,-77
1307.51,00:02,2615,-107
1307.56,00:03,2615,-98
1307.62,00:04,2615,-77
1308.01,00:02,2616,-107
1308.05,00:03,2616,-98
1308.12,00:04,2616,-77
1308.51,00:02,2617,-107
1308.56,00:03,2617,-98
1308.62,00:04,2617,-78
1309.01,00:02,2618,-107
1309.06,00:03,2618,-98
1309.12,00:04,2618,-78
1309.51,00:02,2619,-107
1309.56,00:03,2619,-98
1309.62,00:04,2619,-78
1310.01,00:02,2620,-107
1310.06,00:03,2620,-98
1310.12,00:04,2620,-78
1310.51,00:02,2621,-107
1310.56,00:03,2621,-98
1310.62,00:04,2621,-78
1311.01,00:02,2622,-107
1311.06,00:03,2622,-98
1311.12,00:04,2622,-79
1311.51,00:02,2623,-107
1311.55,00:03,2623,-98
1311.62,00:04,2623,-79
1312.06,00:03,2624,-98
1312.12,00:04,2624,-79
1312.51,00:02,2625,-106
1312.56,00:03,2625,-98
1312.62,00:04,2625,-79
1313.01,00:02,2626,-106
1313.06,00:03,2626,-98
1313.12,00:04,2626,-79
1313.51,00:02,2627,-106
1313.56,00:03,2627,-98
1313.62,00:04,2627,-80
1314.01,00:02,2628,-106
1314.06,00:03,2628,-98
1314.12,00:04,2628,-80
1314.51,00:02,2629,-106
1314.56,00:03,2629,-99
1314.62,00:04,2629,-80
1315.01,00:02,2630,-106
1315.06,00:03,2630,-99
1315.12,00:04,2630,-80
1315.51,00:02,2631,-106
1315.56,00:03,2631,-99
1315.62,00:04,2631,-80
1316.01,00:02,2632,-106
1316.06,00:03,2632,-99
1316.12,00:04,2632,-81
1316.51,00:02,2633,-106
1316.56,00:03,2633,-99
1316.62,00:04,2633,-81
1317.01,00:02,2634,-106
1317.05,00:03,2634,-99
1317.12,00:04,2634,-81
1317.51,00:02,2635,-106
1317.56,00:03,2635,-99
1317.62,00:04,2635,-81
1318.01,00:02,2636,-106
1318.06,00:03,2636,-99
1318.12,00:04,2636,-81
1318.51,00:02,2637,-106
1318.56,00:03,2637,-99
1318.62,00:04,2637,-82
1319.01,00:02,2638,-106
1319.06,00:03,2638,-99
1319.12,00:04,2638,-82
1319.51,00:02,2639,-106
1319.56,00:03,2639,-99
1319.62,00:04,2639,-82
1320.01,00:02,2640,-106
1320.06,00:03,2640,-99
1320.12,00:04,2640,-82
1320.51,00:02,2641,-106
1320.56,00:03,2641,-99
1320.62,00:04,2641,-82
1321.01,00:02,2642,-106
1321.06,00:03,2642,-99
1321.12,00:04,2642,-82
1321.51,00:02,2643,-106
1321.56,00:03,2643,-99
1321.62,00:04,2643,-83
1322.01,00:02,2644,-106
1322.06,00:03,2644,-99
1322.12,00:04,2644,-83
1322.51,00:02,2645,-106
1322.56,00:03,2645,-100
1322.62,00:04,2645,-83
1323.01,00:02,2646,-106
1323.06,00:03,2646,-100
1323.12,00:04,2646,-83
1323.51,00:02,2647,-106
1323.56,00:03,2647,-100
1323.62,00:04,2647,-83
1324.01,00:02,2648,-106
1324.06,00:03,2648,-100
1324.12,00:04,2648,-84
1324.51,00:02,2649,-106
1324.56,00:03,2649,-100
1324.62,00:04,2649,-84
1325.01,00:02,2650,-106
1325.06,00:03,2650,-100
1325.12,00:04,2650,-84
1325.51,00:02,2651,-106
1325.56,00:03,2651,-100
1325.62,00:04,2651,-84
1326.01,00:02,2652,-106
1326.06,00:03,2652,-100
1326.12,00:04,2652,-84
1326.51,00:02,2653,-106
1326.56,00:03,2653,-100
1326.62,00:04,2653,-85
1327.01,00:02,2654,-106
1327.06,00:03,2654,-100
1327.12,00:04,2654,-85
1327.51,00:02,2655,-105
1327.56,00:03,2655,-100
1327.62,00:04,2655,-85
1328.01,00:02,2656,-105
1328.06,00:03,2656,-100
1328.12,00:04,2656,-85
1328.51,00:02,2657,-105
1328.56,00:03,2657,-100
1328.62,00:04,2657,-85
1329.01,00:02,2658,-105
1329.06,00:03,2658,-100
1329.12,00:04,2658,-85
1329.51,00:02,2659,-105
1329.56,00:03,2659,-100
1329.62,00:04,2659,-86
1330.01,00:02,2660,-105
1330.05,00:03,2660,-100
1330.12,00:04,2660,-86
1330.51,00:02,2661,-105
1330.56,00:03,2661,-101
1330.62,00:04,2661,-86
1331.01,00:02,2662,-105
1331.06,00:03,2662,-101
1331.12,00:04,2662,-86
1331.51,00:02,2663,-105
1331.56,00:03,2663,-101
1331.62,00:04,2663,-86
1332.01,00:02,2664,-105
1332.06,00:03,2664,-101
1332.12,00:04,2664,-86
1332.51,00:02,2665,-105
1332.56,00:03,2665,-101
1332.62,00:04,2665,-87
1333.01,00:02,2666,-105
1333.06,00:03,2666,-101
1333.12,00:04,2666,-87
1333.51,00:02,2667,-105
1333.56,00:03,2667,-101
1333.62,00:04,2667,-87
1334.01,00:02,2668,-105
1334.06,00:03,2668,-101
1334.12,00:04,2668,-87
1334.51,00:02,2669,-105
1334.56,00:03,2669,-101
1334.62,00:04,2669,-87
1335.01,00:02,2670,-105
1335.06,00:03,2670,-101
1335.12,00:04,2670,-87
1335.51,00:02,2671,-105
1335.56,00:03,2671,-101
1335.62,00:04,2671,-88
1336.01,00:02,2672,-105
1336.06,00:03,2672,-101
1336.12,00:04,2672,-88
1336.51,00:02,2673,-105
1336.56,00:03,2673,-101
1336.62,00:04,2673,-88
1337.01,00:02,2674,-105
1337.06,00:03,2674,-101
1337.12,00:04,2674,-88
1337.51,00:02,2675,-105
1337.56,00:03,2675,-101
1337.62,00:04,2675,-88
1338.01,00:02,2676,-105
1338.06,00:03,2676,-101
1338.12,00:04,2676,-88
1338.51,00:02,2677,-105
1338.56,00:03,2677,-102
1338.62,00:04,2677,-88
1339.01,00:02,2678,-106
1339.06,00:03,2678,-102
1339.12,00:04,2678,-88
1339.51,00:02,2679,-106
1339.56,00:03,2679,-102
1339.62,00:04,2679,-88
1340.01,00:02,2680,-106
1340.06,00:03,2680,-102
1340.12,00:04,2680,-88
1340.51,00:02,2681,-106
1340.56,00:03,2681,-102
1340.62,00:04,2681,-88
1341.01,00:02,2682,-106
1341.06,00:03,2682,-102
1341.12,00:04,2682,-88
1341.51,00:02,2683,-106
1341.56,00:03,2683,-102
1341.62,00:04,2683,-88
1342.01,00:02,2684,-106
1342.06,00:03,2684,-102
1342.12,00:04,2684,-88
1342.51,00:02,2685,-106
1342.56,00:03,2685,-102
1342.62,00:04,2685,-88
1343.06,00:03,2686,-102
1343.12,00:04,2686,-88
1343.51,00:02,2687,-107
1343.56,00:03,2687,-102
1343.62,00:04,2687,-88
1344.01,00:02,2688,-107
1344.06,00:03,2688,-102
1344.12,00:04,2688,-88
1344.51,00:02,2689,-107
1344.55,00:03,2689,-102
1344.62,00:04,2689,-87
1345.01,00:02,2690,-107
1345.06,00:03,2690,-102
1345.12,00:04,2690,-87
1345.51,00:02,2691,-107
1345.56,00:03,2691,-102
1345.62,00:04,2691,-87
1346.01,00:02,2692,-107
1346.06,00:03,2692,-102
1346.12,00:04,2692,-87
1346.51,00:02,2693,-107
1346.56,00:03,2693,-102
1346.62,00:04,2693,-87
1347.06,00:03,2694,-109
1347.12,00:04,2694,-94
1347.56,00:03,2695,-109
1347.62,00:04,2695,-93
1348.12,00:04,2696,-93
1348.62,00:04,2697,-93
1349.06,00:03,2698,-108
1349.12,00:04,2698,-93
1349.56,00:03,2699,-108
1349.62,00:04,2699,-93
1350.12,00:04,2700,-92
1350.56,00:03,2701,-108
1350.62,00:04,2701,-92
1351.06,00:03,2702,-108
1351.12,00:04,2702,-92
1351.56,00:03,2703,-108
1351.62,00:04,2703,-92
1352.12,00:04,2704,-92
1352.56,00:03,2705,-108
1352.62,00:04,2705,-92
1353.12,00:04,2706,-91
1353.55,00:03,2707,-108
1353.62,00:04,2707,-91
1354.12,00:04,2708,-91
1354.62,00:04,2709,-91
1355.06,00:03,2710,-108
1355.12,00:04,2710,-91
1355.56,00:03,2711,-108
1355.62,00:04,2711,-90
1356.06,00:03,2712,-108
1356.12,00:04,2712,-90
1356.55,00:03,2713,-107
1356.62,00:04,2713,-90
1357.06,00:03,2714,-107
1357.12,00:04,2714,-90
1357.56,00:03,2715,-107
1357.62,00:04,2715,-89
1358.05,00:03,2716,-107
1358.12,00:04,2716,-89
1358.56,00:03,2717,-107
1358.62,00:04,2717,-89
1359.01,00:02,2718,-107
1359.06,00:03,2718,-100
1359.12,00:04,2718,-82
1359.51,00:02,2719,-107
1359.56,00:03,2719,-100
1359.62,00:04,2719,-82
1360.01,00:02,2720,-107
1360.06,00:03,2720,-100
1360.12,00:04,2720,-81
1360.51,00:02,2721,-107
1360.56,00:03,2721,-100
1360.62,00:04,2721,-81
1361.01,00:02,2722,-107
1361.06,00:03,2722,-100
1361.12,00:04,2722,-81
1361.51,00:02,2723,-107
1361.56,00:03,2723,-100
1361.62,00:04,2723,-81
1362.01,00:02,2724,-107
1362.06,00:03,2724,-100
1362.12,00:04,2724,-80
1362.51,00:02,2725,-107
1362.56,00:03,2725,-100
1362.62,00:04,2725,-80
1363.01,00:02,2726,-107
1363.06,00:03,2726,-100
1363.12,00:04,2726,-80
1363.51,00:02,2727,-107
1363.56,00:03,2727,-100
1363.62,00:04,2727,-80
1364.01,00:02,2728,-107
1364.06,00:03,2728,-100
1364.12,00:04,2728,-80
1364.56,00:03,2729,-100
1364.62,00:04,2729,-79
1365.01,00:02,2730,-107
1365.06,00:03,2730,-99
1365.12,00:04,2730,-79
1365.51,00:02,2731,-107
1365.56,00:03,2731,-99
1365.62,00:04,2731,-79
1366.01,00:02,2732,-107
1366.06,00:03,2732,-99
1366.12,00:04,2732,-79
1366.51,00:02,2733,-107
1366.56,00:03,2733,-99
1366.62,00:04,2733,-78
1367.06,00:03,2734,-99
1367.12,00:04,2734,-78
1367.51,00:02,2735,-107
1367.56,00:03,2735,-99
1367.62,00:04,2735,-78
1368.01,00:02,2736,-107
1368.06,00:03,2736,-99
1368.12,00:04,2736,-78
1368.51,00:02,2737,-107
1368.56,00:03,2737,-99
1368.62,00:04,2737,-77
1369.01,00:02,2738,-107
1369.06,00:03,2738,-99
1369.12,00:04,2738,-77
1369.51,00:02,2739,-108
1369.56,00:03,2739,-99
1369.62,00:04,2739,-77
1370.01,00:02,2740,-108
1370.06,00:03,2740,-99
1370.12,00:04,2740,-77
1370.51,00:02,2741,-108
1370.56,00:03,2741,-99
1370.62,00:04,2741,-76
1371.01,00:02,2742,-108
1371.06,00:03,2742,-99
1371.12,00:04,2742,-76
1371.51,00:02,2743,-108
1371.56,00:03,2743,-99
1371.62,00:04,2743,-76
1372.06,00:03,2744,-99
1372.12,00:04,2744,-76
1372.51,00:02,2745,-108
1372.56,00:03,2745,-99
1372.62,00:04,2745,-75
1373.01,00:02,2746,-108
1373.06,00:03,2746,-99
1373.12,00:04,2746,-75
1373.51,00:02,2747,-108
1373.56,00:03,2747,-98
1373.62,00:04,2747,-75
1374.01,00:02,2748,-108
1374.06,00:03,2748,-98
1374.12,00:04,2748,-75
1374.56,00:03,2749,-98
1374.62,00:04,2749,-74
1375.06,00:03,2750,-98
1375.12,00:04,2750,-74
1375.51,00:02,2751,-108
1375.56,00:03,2751,-98
1375.62,00:04,2751,-74
1376.01,00:02,2752,-108
1376.06,00:03,2752,-98
1376.12,00:04,2752,-74
1376.51,00:02,2753,-108
1376.56,00:03,2753,-98
1376.62,00:04,2753,-73
1377.01,00:02,2754,-108
1377.06,00:03,2754,-98
1377.12,00:04,2754,-73
1377.56,00:03,2755,-98
1377.62,00:04,2755,-73
1378.01,00:02,2756,-108
1378.06,00:03,2756,-98
1378.12,00:04,2756,-73
1378.51,00:02,2757,-108
1378.56,00:03,2757,-98
1378.62,00:04,2757,-72
1379.06,00:03,2758,-98
1379.12,00:04,2758,-72
1379.51,00:02,2759,-108
1379.56,00:03,2759,-98
1379.62,00:04,2759,-72
1380.01,00:02,2760,-108
1380.06,00:03,2760,-98
1380.12,00:04,2760,-72
1380.51,00:02,2761,-108
1380.56,00:03,2761,-98
1380.62,00:04,2761,-72
1381.05,00:03,2762,-98
1381.12,00:04,2762,-71
1381.51,00:02,2763,-109
1381.55,00:03,2763,-98
1381.62,00:04,2763,-71
1382.06,00:03,2764,-97
1382.12,00:04,2764,-71
1382.56,00:03,2765,-97
1382.62,00:04,2765,-71
1383.06,00:03,2766,-97
1383.12,00:04,2766,-71
1383.56,00:03,2767,-97
1383.62,00:04,2767,-71
1384.06,00:03,2768,-97
1384.12,00:04,2768,-70
1384.51,00:02,2769,-109
1384.55,00:03,2769,-97
1384.62,00:04,2769,-70
1385.01,00:02,2770,-109
1385.06,00:03,2770,-97
1385.12,00:04,2770,-70
1385.51,00:02,2771,-109
1385.56,00:03,2771,-97
1385.62,00:04,2771,-70
1386.05,00:03,2772,-97
1386.12,00:04,2772,-70
1386.56,00:03,2773,-97
1386.62,00:04,2773,-70
1387.06,00:03,2774,-97
1387.12,00:04,2774,-70
1387.55,00:03,2775,-97
1387.62,00:04,2775,-70
1388.06,00:03,2776,-97
1388.12,00:04,2776,-70
1388.56,00:03,2777,-97
1388.62,00:04,2777,-70
1389.01,00:02,2778,-109
1389.06,00:03,2778,-97
1389.12,00:04,2778,-70
1389.56,00:03,2779,-97
1389.62,00:04,2779,-70
1390.06,00:03,2780,-97
1390.12,00:04,2780,-70
1390.56,00:03,2781,-97
1390.62,00:04,2781,-70
1391.06,00:03,2782,-97
1391.12,00:04,2782,-70
1391.56,00:03,2783,-96
1391.62,00:04,2783,-70
1392.06,00:03,2784,-96
1392.12,00:04,2784,-70
1392.56,00:03,2785,-96
1392.62,00:04,2785,-70
1393.06,00:03,2786,-96
1393.12,00:04,2786,-70
1393.56,00:03,2787,-96
1393.62,00:04,2787,-70
1394.06,00:03,2788,-96
1394.12,00:04,2788,-70
1394.56,00:03,2789,-96
1394.62,00:04,2789,-71
1395.06,00:03,2790,-96
1395.12,00:04,2790,-71
1395.56,00:03,2791,-96
1395.62,00:04,2791,-71
1396.05,00:03,2792,-96
1396.12,00:04,2792,-71
1396.56,00:03,2793,-96
1396.62,00:04,2793,-71
1397.06,00:03,2794,-96
1397.12,00:04,2794,-71
1397.56,00:03,2795,-96
1397.62,00:04,2795,-72
1398.06,00:03,2796,-96
1398.12,00:04,2796,-72
1398.56,00:03,2797,-96
1398.62,00:04,2797,-72
1399.06,00:03,2798,-96
1399.12,00:04,2798,-72
1399.56,00:03,2799,-96
1399.62,00:04,2799,-73
1400.06,00:03,2800,-96
1400.12,00:04,2800,-73
1400.56,00:03,2801,-96
1400.62,00:04,2801,-73
1401.06,00:03,2802,-96
1401.12,00:04,2802,-73
1401.56,00:03,2803,-95
1401.62,00:04,2803,-73
1402.06,00:03,2804,-95
1402.12,00:04,2804,-74
1402.56,00:03,2805,-95
1402.62,00:04,2805,-74
1403.06,00:03,2806,-95
1403.12,00:04,2806,-74
1403.56,00:03,2807,-95
1403.62,00:04,2807,-74
1404.06,00:03,2808,-95
1404.12,00:04,2808,-75
1404.56,00:03,2809,-95
1404.62,00:04,2809,-75
1405.06,00:03,2810,-95
1405.12,00:04,2810,-75
1405.56,00:03,2811,-95
1405.62,00:04,2811,-75
1406.06,00:03,2812,-95
1406.12,00:04,2812,-76
1406.56,00:03,2813,-95
1406.62,00:04,2813,-76
1407.06,00:03,2814,-95
1407.12,00:04,2814,-76
1407.56,00:03,2815,-95
1407.62,00:04,2815,-76
1408.06,00:03,2816,-95
1408.12,00:04,2816,-77
1408.56,00:03,2817,-95
1408.62,00:04,2817,-77
1409.06,00:03,2818,-95
1409.12,00:04,2818,-77
1409.56,00:03,2819,-95
1409.62,00:04,2819,-77
1410.06,00:03,2820,-95
1410.12,00:04,2820,-78
1410.56,00:03,2821,-95
1410.62,00:04,2821,-78
1411.06,00:03,2822,-95
1411.12,00:04,2822,-78
1411.56,00:03,2823,-95
1411.62,00:04,2823,-78
1412.05,00:03,2824,-95
1412.12,00:04,2824,-79
1412.56,00:03,2825,-95
1412.62,00:04,2825,-79
1413.06,00:03,2826,-95
1413.12,00:04,2826,-79
1413.56,00:03,2827,-95
1413.62,00:04,2827,-79
1414.06,00:03,2828,-95
1414.12,00:04,2828,-80
1414.56,00:03,2829,-95
1414.62,00:04,2829,-80
1415.06,00:03,2830,-101
1415.12,00:04,2830,-87
1415.56,00:03,2831,-101
1415.62,00:04,2831,-87
1416.06,00:03,2832,-101
1416.12,00:04,2832,-88
1416.55,00:03,2833,-101
1416.62,00:04,2833,-88
1417.05,00:03,2834,-101
1417.12,00:04,2834,-88
1417.56,00:03,2835,-101
1417.62,00:04,2835,-88
1418.06,00:03,2836,-101
1418.12,00:04,2836,-88
1418.56,00:03,2837,-101
1418.62,00:04,2837,-89
1419.06,00:03,2838,-101
1419.12,00:04,2838,-89
1419.56,00:03,2839,-101
1419.62,00:04,2839,-89
1420.06,00:03,2840,-101
1420.12,00:04,2840,-89
1420.55,00:03,2841,-101
1420.62,00:04,2841,-90
1421.06,00:03,2842,-101
1421.12,00:04,2842,-90
1421.56,00:03,2843,-101
1421.62,00:04,2843,-90
1422.06,00:03,2844,-101
1422.12,00:04,2844,-90
1422.56,00:03,2845,-101
1422.62,00:04,2845,-90
1423.06,00:03,2846,-101
1423.12,00:04,2846,-91
1423.56,00:03,2847,-101
1423.62,00:04,2847,-91
1424.06,00:03,2848,-101
1424.12,00:04,2848,-91
1424.55,00:03,2849,-101
1424.62,00:04,2849,-91
1425.06,00:03,2850,-101
1425.12,00:04,2850,-91
1425.56,00:03,2851,-101
1425.62,00:04,2851,-92
1426.06,00:03,2852,-101
1426.12,00:04,2852,-92
1426.56,00:03,2853,-101
1426.62,00:04,2853,-92
1427.05,00:03,2854,-101
1427.12,00:04,2854,-92
1427.56,00:03,2855,-101
1427.62,00:04,2855,-92
1428.06,00:03,2856,-101
1428.12,00:04,2856,-93
1428.56,00:03,2857,-101
1428.63,00:04,2857,-93
1429.05,00:03,2858,-101
1429.12,00:04,2858,-93
1429.56,00:03,2859,-101
1429.62,00:04,2859,-93
1430.06,00:03,2860,-101
1430.12,00:04,2860,-93
1430.56,00:03,2861,-101
1430.62,00:04,2861,-93
1431.06,00:03,2862,-94
1431.12,00:04,2862,-87
1431.55,00:03,2863,-94
1431.62,00:04,2863,-87
1432.06,00:03,2864,-94
1432.12,00:04,2864,-87
1432.56,00:03,2865,-94
1432.62,00:04,2865,-87
1433.06,00:03,2866,-94
1433.12,00:04,2866,-87
1433.56,00:03,2867,-94
1433.62,00:04,2867,-88
1434.06,00:03,2868,-94
1434.12,00:04,2868,-88
1434.56,00:03,2869,-94
1434.62,00:04,2869,-88
1435.06,00:03,2870,-94
1435.12,00:04,2870,-87
1435.56,00:03,2871,-94
1435.62,00:04,2871,-87
1436.06,00:03,2872,-94
1436.12,00:04,2872,-87
1436.56,00:03,2873,-95
1436.62,00:04,2873,-87
1437.06,00:03,2874,-95
1437.12,00:04,2874,-87
1437.55,00:03,2875,-95
1437.62,00:04,2875,-87
1438.06,00:03,2876,-95
1438.12,00:04,2876,-87
1438.55,00:03,2877,-95
1438.62,00:04,2877,-87
1439.06,00:03,2878,-95
1439.12,00:04,2878,-87
1439.55,00:03,2879,-95
1439.62,00:04,2879,-87
1440.06,00:03,2880,-95
1440.12,00:04,2880,-87
1440.56,00:03,2881,-95
1440.62,00:04,2881,-87
1441.06,00:03,2882,-95
1441.12,00:04,2882,-87
1441.56,00:03,2883,-95
1441.62,00:04,2883,-86
1442.06,00:03,2884,-95
1442.12,00:04,2884,-86
1442.56,00:03,2885,-95
1442.62,00:04,2885,-86
1443.06,00:03,2886,-102
1443.12,00:04,2886,-93
1443.56,00:03,2887,-102
1443.62,00:04,2887,-93
1444.06,00:03,2888,-102
1444.12,00:04,2888,-93
1444.56,00:03,2889,-102
1444.62,00:04,2889,-92
1445.06,00:03,2890,-102
1445.12,00:04,2890,-92
1445.56,00:03,2891,-102
1445.62,00:04,2891,-92
1446.06,00:03,2892,-102
1446.12,00:04,2892,-92
1446.56,00:03,2893,-102
1446.62,00:04,2893,-92
1447.06,00:03,2894,-102
1447.12,00:04,2894,-91
1447.56,00:03,2895,-102
1447.62,00:04,2895,-91
1448.06,00:03,2896,-102
1448.12,00:04,2896,-91
1448.56,00:03,2897,-102
1448.62,00:04,2897,-91
1449.06,00:03,2898,-102
1449.12,00:04,2898,-90
1449.56,00:03,2899,-102
1449.62,00:04,2899,-90
1450.06,00:03,2900,-102
1450.12,00:04,2900,-90
1450.55,00:03,2901,-102
1450.62,00:04,2901,-90
1451.06,00:03,2902,-102
1451.12,00:04,2902,-90
1451.56,00:03,2903,-102
1451.62,00:04,2903,-89
1452.05,00:03,2904,-102
1452.12,00:04,2904,-89
1452.56,00:03,2905,-102
1452.62,00:04,2905,-89
1453.06,00:03,2906,-102
1453.12,00:04,2906,-89
1453.56,00:03,2907,-102
1453.62,00:04,2907,-88
1454.06,00:03,2908,-102
1454.12,00:04,2908,-88
1454.55,00:03,2909,-102
1454.62,00:04,2909,-88
1455.06,00:03,2910,-102
1455.12,00:04,2910,-88
1455.56,00:03,2911,-102
1455.62,00:04,2911,-87
1456.06,00:03,2912,-102
1456.12,00:04,2912,-87
1456.56,00:03,2913,-102
1456.62,00:04,2913,-87
1457.06,00:03,2914,-102
1457.12,00:04,2914,-87
1457.56,00:03,2915,-102
1457.62,00:04,2915,-86
1458.06,00:03,2916,-103
1458.13,00:04,2916,-86
1458.56,00:03,2917,-103
1458.62,00:04,2917,-86
1459.05,00:03,2918,-96
1459.12,00:04,2918,-79
1459.56,00:03,2919,-96
1459.63,00:04,2919,-78
1460.06,00:03,2920,-96
1460.12,00:04,2920,-78
1460.55,00:03,2921,-96
1460.62,00:04,2921,-78
1461.06,00:03,2922,-96
1461.12,00:04,2922,-77
1461.56,00:03,2923,-96
1461.62,00:04,2923,-77
1462.05,00:03,2924,-96
1462.12,00:04,2924,-77
1462.56,00:03,2925,-96
1462.62,00:04,2925,-77
1463.06,00:03,2926,-96
1463.12,00:04,2926,-76
1463.55,00:03,2927,-96
1463.62,00:04,2927,-76
1464.06,00:03,2928,-96
1464.12,00:04,2928,-76
1464.56,00:03,2929,-96
1464.62,00:04,2929,-75
1465.06,00:03,2930,-96
1465.12,00:04,2930,-75
1465.55,00:03,2931,-96
1465.62,00:04,2931,-75
1466.06,00:03,2932,-96
1466.12,00:04,2932,-74
1466.56,00:03,2933,-96
1466.62,00:04,2933,-74
1467.06,00:03,2934,-96
1467.12,00:04,2934,-74
1467.56,00:03,2935,-96
1467.62,00:04,2935,-73
1468.05,00:03,2936,-96
1468.12,00:04,2936,-73
1468.56,00:03,2937,-96
1468.62,00:04,2937,-73
1469.06,00:03,2938,-96
1469.12,00:04,2938,-72
1469.56,00:03,2939,-96
1469.62,00:04,2939,-72
1470.06,00:03,2940,-96
1470.12,00:04,2940,-72
1470.56,00:03,2941,-96
1470.62,00:04,2941,-71
1471.05,00:03,2942,-96
1471.12,00:04,2942,-71
1471.56,00:03,2943,-96
1471.62,00:04,2943,-71
1472.06,00:03,2944,-96
1472.12,00:04,2944,-70
1472.56,00:03,2945,-96
1472.62,00:04,2945,-70
1473.06,00:03,2946,-97
1473.12,00:04,2946,-70
1473.56,00:03,2947,-97
1473.62,00:04,2947,-70
1474.06,00:03,2948,-97
1474.12,00:04,2948,-70
1474.56,00:03,2949,-97
1474.62,00:04,2949,-69
1475.06,00:03,2950,-97
1475.12,00:04,2950,-69
1475.55,00:03,2951,-97
1475.62,00:04,2951,-69
1476.06,00:03,2952,-97
1476.13,00:04,2952,-69
1476.55,00:03,2953,-97
1476.62,00:04,2953,-69
1477.06,00:03,2954,-97
1477.12,00:04,2954,-68
1477.56,00:03,2955,-97
1477.63,00:04,2955,-68
1478.06,00:03,2956,-97
1478.12,00:04,2956,-68
1478.56,00:03,2957,-97
1478.62,00:04,2957,-68
1479.06,00:03,2958,-97
1479.12,00:04,2958,-68
1479.56,00:03,2959,-97
1479.62,00:04,2959,-68
1480.06,00:03,2960,-97
1480.12,00:04,2960,-67
1480.56,00:03,2961,-97
1480.62,00:04,2961,-67
1481.06,00:03,2962,-97
1481.12,00:04,2962,-67
1481.56,00:03,2963,-97
1481.62,00:04,2963,-67
1482.06,00:03,2964,-97
1482.12,00:04,2964,-67
1482.56,00:03,2965,-97
1482.62,00:04,2965,-67
1483.06,00:03,2966,-97
1483.12,00:04,2966,-67
1483.56,00:03,2967,-97
1483.62,00:04,2967,-67
1484.06,00:03,2968,-97
1484.12,00:04,2968,-67
1484.56,00:03,2969,-98
1484.62,00:04,2969,-67
1485.06,00:03,2970,-98
1485.12,00:04,2970,-67
1485.56,00:03,2971,-98
1485.62,00:04,2971,-67
1486.01,00:02,2972,-110
1486.06,00:03,2972,-98
1486.12,00:04,2972,-67
1486.56,00:03,2973,-98
1486.62,00:04,2973,-67
1487.05,00:03,2974,-98
1487.12,00:04,2974,-67
1487.55,00:03,2975,-98
1487.62,00:04,2975,-67
1488.06,00:03,2976,-98
1488.13,00:04,2976,-67
1488.56,00:03,2977,-98
1488.62,00:04,2977,-67
1489.06,00:03,2978,-98
1489.12,00:04,2978,-67
1489.55,00:03,2979,-98
1489.62,00:04,2979,-67
1490.06,00:03,2980,-98
1490.12,00:04,2980,-68
1490.56,00:03,2981,-98
1490.62,00:04,2981,-68
1491.06,00:03,2982,-98
1491.12,00:04,2982,-68
1491.56,00:03,2983,-98
1491.62,00:04,2983,-68
1492.06,00:03,2984,-98
1492.12,00:04,2984,-68
1492.56,00:03,2985,-98
1492.62,00:04,2985,-68
1493.06,00:03,2986,-98
1493.12,00:04,2986,-69
1493.56,00:03,2987,-98
1493.62,00:04,2987,-69
1494.06,00:03,2988,-98
1494.12,00:04,2988,-69
1494.56,00:03,2989,-99
1494.62,00:04,2989,-69
1495.06,00:03,2990,-99
1495.12,00:04,2990,-69
1495.55,00:03,2991,-99
1495.62,00:04,2991,-70
1496.06,00:03,2992,-99
1496.12,00:04,2992,-70
1496.56,00:03,2993,-99
1496.62,00:04,2993,-70
1497.06,00:03,2994,-99
1497.12,00:04,2994,-70
1497.56,00:03,2995,-99
1497.62,00:04,2995,-70
1498.06,00:03,2996,-99
1498.12,00:04,2996,-71
1498.56,00:03,2997,-99
1498.62,00:04,2997,-71
1499.06,00:03,2998,-99
1499.12,00:04,2998,-71
1499.56,00:03,2999,-99
1499.62,00:04,2999,-72
1500.01,00:02,3000,-109
1500.06,00:03,3000,-99
1500.12,00:04,3000,-72
1500.56,00:03,3001,-99
1500.62,00:04,3001,-72
1501.06,00:03,3002,-99
1501.12,00:04,3002,-73
1501.51,00:02,3003,-109
1501.56,00:03,3003,-99
1501.62,00:04,3003,-73
1502.06,00:03,3004,-99
1502.12,00:04,3004,-73
1502.56,00:03,3005,-99
1502.62,00:04,3005,-74
1503.05,00:03,3006,-99
1503.12,00:04,3006,-74
1503.56,00:03,3007,-99
1503.62,00:04,3007,-74
1504.01,00:02,3008,-109
1504.06,00:03,3008,-100
1504.12,00:04,3008,-75
1504.56,00:03,3009,-100
1504.62,00:04,3009,-75
1505.01,00:02,3010,-109
1505.06,00:03,3010,-100
1505.13,00:04,3010,-75
1505.51,00:02,3011,-108
1505.56,00:03,3011,-100
1505.62,00:04,3011,-76
1506.06,00:03,3012,-100
1506.12,00:04,3012,-76
1506.51,00:02,3013,-108
1506.56,00:03,3013,-100
1506.62,00:04,3013,-76
1507.01,00:02,3014,-108
1507.06,00:03,3014,-100
1507.12,00:04,3014,-76
1507.56,00:03,3015,-100
1507.62,00:04,3015,-77
1508.01,00:02,3016,-108
1508.06,00:03,3016,-100
1508.12,00:04,3016,-77
1508.51,00:02,3017,-108
1508.56,00:03,3017,-100
1508.62,00:04,3017,-77
1509.01,00:02,3018,-108
1509.06,00:03,3018,-100
1509.12,00:04,3018,-78
1509.55,00:03,3019,-100
1509.62,00:04,3019,-78
1510.06,00:03,3020,-100
1510.12,00:04,3020,-78
1510.51,00:02,3021,-108
1510.56,00:03,3021,-100
1510.62,00:04,3021,-78
1511.06,00:03,3022,-100
1511.12,00:04,3022,-79
1511.51,00:02,3023,-108
1511.56,00:03,3023,-100
1511.62,00:04,3023,-79
1512.01,00:02,3024,-108
1512.06,00:03,3024,-100
1512.13,00:04,3024,-79
1512.51,00:02,3025,-108
1512.56,00:03,3025,-100
1512.62,00:04,3025,-80
1513.01,00:02,3026,-108
1513.06,00:03,3026,-101
1513.12,00:04,3026,-80
1513.51,00:02,3027,-108
1513.55,00:03,3027,-101
1513.63,00:04,3027,-80
1514.01,00:02,3028,-108
1514.06,00:03,3028,-101
1514.13,00:04,3028,-80
1514.51,00:02,3029,-108
1514.56,00:03,3029,-101
1514.62,00:04,3029,-81
1515.06,00:03,3030,-108
1515.13,00:04,3030,-88
1515.55,00:03,3031,-108
1515.62,00:04,3031,-88
1516.06,00:03,3032,-108
1516.12,00:04,3032,-88
1516.56,00:03,3033,-108
1516.62,00:04,3033,-89
1517.06,00:03,3034,-108
1517.12,00:04,3034,-89
1517.56,00:03,3035,-108
1517.62,00:04,3035,-89
1518.12,00:04,3036,-89
1518.56,00:03,3037,-108
1518.63,00:04,3037,-89
1519.12,00:04,3038,-90
1519.56,00:03,3039,-108
1519.62,00:04,3039,-90
1520.05,00:03,3040,-108
1520.12,00:04,3040,-90
1520.56,00:03,3041,-108
1520.63,00:04,3041,-90
1521.06,00:03,3042,-108
1521.12,00:04,3042,-91
1521.56,00:03,3043,-108
1521.62,00:04,3043,-91
1522.06,00:03,3044,-109
1522.13,00:04,3044,-91
1522.56,00:03,3045,-109
1522.62,00:04,3045,-91
1523.12,00:04,3046,-91
1523.56,00:03,3047,-109
1523.63,00:04,3047,-92
1524.13,00:04,3048,-92
1524.56,00:03,3049,-109
1524.63,00:04,3049,-92
1525.13,00:04,3050,-92
1525.56,00:03,3051,-109
1525.62,00:04,3051,-92
1526.12,00:04,3052,-93
1526.62,00:04,3053,-93
1527.02,00:02,3054,-108
1527.06,00:03,3054,-102
1527.12,00:04,3054,-86
1527.51,00:02,3055,-108
1527.56,00:03,3055,-102
1527.62,00:04,3055,-86
1528.01,00:02,3056,-108
1528.06,00:03,3056,-102
1528.12,00:04,3056,-86
1528.51,00:02,3057,-108
1528.55,00:03,3057,-102
1528.62,00:04,3057,-87
1529.05,00:03,3058,-102
1529.13,00:04,3058,-87
1529.51,00:02,3059,-108
1529.56,00:03,3059,-102
1529.62,00:04,3059,-87
1530.06,00:03,3060,-102
1530.12,00:04,3060,-87
1530.51,00:02,3061,-108
1530.56,00:03,3061,-102
1530.62,00:04,3061,-87
1531.06,00:03,3062,-103
1531.13,00:04,3062,-87
1531.52,00:02,3063,-108
1531.56,00:03,3063,-103
1531.62,00:04,3063,-87
1532.01,00:02,3064,-108
1532.06,00:03,3064,-103
1532.12,00:04,3064,-87
1532.55,00:03,3065,-103
1532.62,00:04,3065,-87
1533.01,00:02,3066,-108
1533.06,00:03,3066,-103
1533.12,00:04,3066,-87
1533.51,00:02,3067,-108
1533.56,00:03,3067,-103
1533.62,00:04,3067,-87
1534.06,00:03,3068,-103
1534.12,00:04,3068,-87
1534.56,00:03,3069,-103
1534.63,00:04,3069,-87
1535.01,00:02,3070,-109
1535.06,00:03,3070,-103
1535.13,00:04,3070,-87
1535.51,00:02,3071,-109
1535.56,00:03,3071,-103
1535.62,00:04,3071,-87
1536.01,00:02,3072,-109
1536.06,00:03,3072,-103
1536.12,00:04,3072,-87
1536.55,00:03,3073,-103
1536.62,00:04,3073,-86
1537.06,00:03,3074,-103
1537.12,00:04,3074,-86
1537.51,00:02,3075,-109
1537.56,00:03,3075,-103
1537.63,00:04,3075,-86
1538.01,00:02,3076,-109
1538.06,00:03,3076,-103
1538.12,00:04,3076,-86
1538.56,00:03,3077,-103
1538.62,00:04,3077,-86
1539.12,00:04,3078,-92
1539.63,00:04,3079,-92
1540.13,00:04,3080,-92
1540.62,00:04,3081,-92
1541.12,00:04,3082,-92
1541.62,00:04,3083,-91
1542.12,00:04,3084,-91
1542.55,00:03,3085,-109
1542.62,00:04,3085,-91
1543.06,00:03,3086,-109
1543.12,00:04,3086,-91
1543.56,00:03,3087,-109
1543.62,00:04,3087,-91
1544.12,00:04,3088,-90
1544.63,00:04,3089,-90
1545.12,00:04,3090,-90
1545.56,00:03,3091,-109
1545.63,00:04,3091,-90
1546.13,00:04,3092,-89
1546.62,00:04,3093,-89
1547.13,00:04,3094,-89
1547.56,00:03,3095,-109
1547.62,00:04,3095,-89
1548.13,00:04,3096,-88
1548.56,00:03,3097,-109
1548.63,00:04,3097,-88
1549.12,00:04,3098,-88
1549.56,00:03,3099,-108
1549.63,00:04,3099,-88
1550.06,00:03,3100,-108
1550.13,00:04,3100,-87
1550.56,00:03,3101,-108
1550.63,00:04,3101,-87
1551.06,00:03,3102,-101
1551.12,00:04,3102,-80
1551.51,00:02,3103,-109
1551.56,00:03,3103,-101
1551.62,00:04,3103,-80
1552.01,00:02,3104,-109
1552.06,00:03,3104,-101
1552.13,00:04,3104,-79
1552.56,00:03,3105,-101
1552.62,00:04,3105,-79
1553.06,00:03,3106,-101
1553.12,00:04,3106,-79
1553.56,00:03,3107,-101
1553.62,00:04,3107,-78
1554.06,00:03,3108,-101
1554.12,00:04,3108,-78
1554.56,00:03,3109,-101
1554.62,00:04,3109,-78
1555.01,00:02,3110,-109
1555.06,00:03,3110,-101
1555.13,00:04,3110,-78
1555.56,00:03,3111,-101
1555.62,00:04,3111,-77
1556.06,00:03,3112,-101
1556.12,00:04,3112,-77
1556.55,00:03,3113,-101
1556.63,00:04,3113,-77
1557.06,00:03,3114,-101
1557.12,00:04,3114,-76
1557.56,00:03,3115,-101
1557.63,00:04,3115,-76
1558.06,00:03,3116,-101
1558.13,00:04,3116,-76
1558.56,00:03,3117,-101
1558.62,00:04,3117,-75
1559.06,00:03,3118,-100
1559.12,00:04,3118,-75
1559.56,00:03,3119,-100
1559.62,00:04,3119,-75
1560.06,00:03,3120,-100
1560.12,00:04,3120,-74
1560.51,00:02,3121,-109
1560.55,00:03,3121,-100
1560.63,00:04,3121,-74
1561.05,00:03,3122,-100
1561.12,00:04,3122,-73
1561.56,00:03,3123,-100
1561.63,00:04,3123,-73
1562.06,00:03,3124,-100
1562.12,00:04,3124,-73
1562.56,00:03,3125,-100
1562.62,00:04,3125,-72
1563.05,00:03,3126,-100
1563.12,00:04,3126,-72
1563.56,00:03,3127,-100
1563.62,00:04,3127,-71
1564.06,00:03,3128,-100
1564.12,00:04,3128,-71
1564.56,00:03,3129,-100
1564.62,00:04,3129,-71
1565.06,00:03,3130,-100
1565.12,00:04,3130,-70
1565.56,00:03,3131,-100
1565.62,00:04,3131,-70
1566.06,00:03,3132,-100
1566.12,00:04,3132,-70
1566.55,00:03,3133,-100
1566.62,00:04,3133,-69
1567.06,00:03,3134,-100
1567.13,00:04,3134,-69
1567.55,00:03,3135,-100
1567.63,00:04,3135,-69
1568.06,00:03,3136,-100
1568.13,00:04,3136,-69
1568.56,00:03,3137,-100
1568.63,00:04,3137,-68
1569.06,00:03,3138,-99
1569.13,00:04,3138,-68
1569.56,00:03,3139,-99
1569.62,00:04,3139,-68
1570.06,00:03,3140,-99
1570.13,00:04,3140,-67
1570.56,00:03,3141,-99
1570.62,00:04,3141,-67
1571.05,00:03,3142,-99
1571.12,00:04,3142,-67
1571.55,00:03,3143,-99
1571.63,00:04,3143,-67
1572.06,00:03,3144,-99
1572.12,00:04,3144,-66
1572.55,00:03,3145,-99
1572.62,00:04,3145,-66
1573.06,00:03,3146,-99
1573.13,00:04,3146,-66
1573.56,00:03,3147,-99
1573.63,00:04,3147,-65
1574.06,00:03,3148,-99
1574.12,00:04,3148,-65
1574.56,00:03,3149,-99
1574.62,00:04,3149,-65
1575.05,00:03,3150,-99
1575.13,00:04,3150,-64
1575.56,00:03,3151,-99
1575.62,00:04,3151,-64
1576.06,00:03,3152,-99
1576.12,00:04,3152,-64
1576.56,00:03,3153,-99
1576.63,00:04,3153,-63
1577.06,00:03,3154,-99
1577.12,00:04,3154,-63
1577.56,00:03,3155,-99
1577.63,00:04,3155,-63
1578.05,00:03,3156,-99
1578.13,00:04,3156,-62
1578.56,00:03,3157,-99
1578.62,00:04,3157,-62
1579.06,00:03,3158,-99
1579.13,00:04,3158,-62
1579.55,00:03,3159,-99
1579.62,00:04,3159,-62
1580.06,00:03,3160,-98
1580.12,00:04,3160,-62
1580.56,00:03,3161,-98
1580.62,00:04,3161,-62
1581.05,00:03,3162,-98
1581.13,00:04,3162,-62
1581.56,00:03,3163,-98
1581.63,00:04,3163,-62
1582.06,00:03,3164,-98
1582.13,00:04,3164,-62
1582.56,00:03,3165,-98
1582.62,00:04,3165,-62
1583.06,00:03,3166,-98
1583.12,00:04,3166,-62
1583.56,00:03,3167,-98
1583.63,00:04,3167,-62
1584.06,00:03,3168,-98
1584.13,00:04,3168,-63
1584.56,00:03,3169,-98
1584.63,00:04,3169,-63
1585.06,00:03,3170,-98
1585.13,00:04,3170,-63
1585.56,00:03,3171,-98
1585.62,00:04,3171,-63
1586.06,00:03,3172,-98
1586.12,00:04,3172,-64
1586.56,00:03,3173,-98
1586.62,00:04,3173,-64
1587.06,00:03,3174,-98
1587.13,00:04,3174,-64
1587.56,00:03,3175,-98
1587.63,00:04,3175,-65
1588.06,00:03,3176,-98
1588.12,00:04,3176,-65
1588.56,00:03,3177,-98
1588.62,00:04,3177,-65
1589.06,00:03,3178,-98
1589.12,00:04,3178,-66
1589.56,00:03,3179,-98
1589.62,00:04,3179,-66
1590.06,00:03,3180,-98
1590.13,00:04,3180,-66
1590.56,00:03,3181,-98
1590.63,00:04,3181,-67
1591.05,00:03,3182,-98
1591.13,00:04,3182,-67
1591.56,00:03,3183,-98
1591.62,00:04,3183,-67
1592.06,00:03,3184,-97
1592.12,00:04,3184,-68
1592.56,00:03,3185,-97
1592.62,00:04,3185,-68
1593.06,00:03,3186,-97
1593.13,00:04,3186,-68
1593.56,00:03,3187,-97
1593.63,00:04,3187,-69
1594.06,00:03,3188,-97
1594.13,00:04,3188,-69
1594.56,00:03,3189,-97
1594.63,00:04,3189,-69
1595.06,00:03,3190,-97
1595.12,00:04,3190,-69
1595.55,00:03,3191,-97
1595.63,00:04,3191,-70
1596.06,00:03,3192,-97
1596.13,00:04,3192,-70
1596.55,00:03,3193,-97
1596.62,00:04,3193,-70
1597.06,00:03,3194,-97
1597.13,00:04,3194,-70
1597.56,00:03,3195,-97
1597.63,00:04,3195,-71
1598.06,00:03,3196,-97
1598.13,00:04,3196,-71
1598.55,00:03,3197,-97
1598.62,00:04,3197,-72
1599.05,00:03,3198,-97
1599.12,00:04,3198,-72
1599.56,00:03,3199,-97
1599.62,00:04,3199,-72
1600.06,00:03,3200,-97
1600.12,00:04,3200,-73
1600.56,00:03,3201,-97
1600.63,00:04,3201,-73
1601.05,00:03,3202,-97
1601.13,00:04,3202,-74
1601.56,00:03,3203,-97
1601.62,00:04,3203,-74
1602.05,00:03,3204,-97
1602.13,00:04,3204,-74
1602.56,00:03,3205,-97
1602.62,00:04,3205,-75
1603.05,00:03,3206,-97
1603.13,00:04,3206,-75
1603.56,00:03,3207,-97
1603.63,00:04,3207,-75
1604.06,00:03,3208,-97
1604.13,00:04,3208,-76
1604.56,00:03,3209,-97
1604.63,00:04,3209,-76
1605.06,00:03,3210,-97
1605.12,00:04,3210,-76
1605.56,00:03,3211,-97
1605.63,00:04,3211,-77
1606.06,00:03,3212,-97
1606.13,00:04,3212,-77
1606.56,00:03,3213,-97
1606.62,00:04,3213,-77
1607.06,00:03,3214,-104
1607.13,00:04,3214,-85
1607.56,00:03,3215,-104
1607.62,00:04,3215,-85
1608.06,00:03,3216,-104
1608.12,00:04,3216,-85
1608.55,00:03,3217,-104
1608.63,00:04,3217,-86
1609.06,00:03,3218,-104
1609.13,00:04,3218,-86
1609.56,00:03,3219,-103
1609.63,00:04,3219,-86
1610.06,00:03,3220,-103
1610.13,00:04,3220,-86
1610.55,00:03,3221,-103
1610.62,00:04,3221,-87
1611.06,00:03,3222,-103
1611.13,00:04,3222,-87
1611.56,00:03,3223,-103
1611.63,00:04,3223,-87
1612.06,00:03,3224,-103
1612.13,00:04,3224,-88
1612.56,00:03,3225,-103
1612.62,00:04,3225,-88
1613.06,00:03,3226,-103
1613.13,00:04,3226,-88
1613.55,00:03,3227,-103
1613.62,00:04,3227,-88
1614.05,00:03,3228,-103
1614.12,00:04,3228,-89
1614.56,00:03,3229,-103
1614.63,00:04,3229,-89
1615.06,00:03,3230,-103
1615.13,00:04,3230,-89
1615.56,00:03,3231,-103
1615.63,00:04,3231,-89
1616.06,00:03,3232,-103
1616.12,00:04,3232,-90
1616.56,00:03,3233,-103
1616.63,00:04,3233,-90
1617.06,00:03,3234,-103
1617.13,00:04,3234,-90
1617.56,00:03,3235,-103
1617.62,00:04,3235,-90
1618.06,00:03,3236,-103
1618.12,00:04,3236,-90
1618.56,00:03,3237,-103
1618.62,00:04,3237,-91
1619.06,00:03,3238,-103
1619.13,00:04,3238,-91
1619.56,00:03,3239,-103
1619.63,00:04,3239,-91
1620.05,00:03,3240,-103
1620.13,00:04,3240,-91
1620.56,00:03,3241,-103
1620.63,00:04,3241,-92
1621.06,00:03,3242,-103
1621.13,00:04,3242,-92
1621.56,00:03,3243,-103
1621.63,00:04,3243,-92
1622.05,00:03,3244,-103
1622.12,00:04,3244,-92
1622.56,00:03,3245,-103
1622.63,00:04,3245,-92
1623.06,00:03,3246,-96
1623.13,00:04,3246,-86
1623.55,00:03,3247,-96
1623.63,00:04,3247,-86
1624.06,00:03,3248,-96
1624.13,00:04,3248,-86
1624.56,00:03,3249,-96
1624.63,00:04,3249,-86
1625.06,00:03,3250,-96
1625.13,00:04,3250,-86
1625.56,00:03,3251,-96
1625.63,00:04,3251,-87
1626.06,00:03,3252,-96
1626.13,00:04,3252,-87
1626.56,00:03,3253,-96
1626.62,00:04,3253,-87
1627.06,00:03,3254,-96
1627.13,00:04,3254,-87
1627.55,00:03,3255,-96
1627.63,00:04,3255,-87
1628.05,00:03,3256,-97
1628.13,00:04,3256,-87
1628.56,00:03,3257,-97
1628.63,00:04,3257,-87
1629.05,00:03,3258,-97
1629.12,00:04,3258,-87
1629.56,00:03,3259,-97
1629.63,00:04,3259,-87
1630.06,00:03,3260,-97
1630.13,00:04,3260,-87
1630.56,00:03,3261,-97
1630.63,00:04,3261,-87
1631.05,00:03,3262,-97
1631.13,00:04,3262,-86
1631.56,00:03,3263,-97
1631.62,00:04,3263,-86
1632.06,00:03,3264,-97
1632.12,00:04,3264,-86
1632.56,00:03,3265,-97
1632.63,00:04,3265,-86
1633.06,00:03,3266,-97
1633.13,00:04,3266,-86
1633.55,00:03,3267,-97
1633.63,00:04,3267,-86
1634.06,00:03,3268,-97
1634.13,00:04,3268,-86
1634.56,00:03,3269,-97
1634.62,00:04,3269,-85
1635.05,00:03,3270,-97
1635.13,00:04,3270,-85
1635.56,00:03,3271,-97
1635.62,00:04,3271,-85
1636.06,00:03,3272,-97
1636.12,00:04,3272,-85
1636.56,00:03,3273,-97
1636.63,00:04,3273,-85
1637.06,00:03,3274,-97
1637.13,00:04,3274,-84
1637.56,00:03,3275,-97
1637.63,00:04,3275,-84
1638.06,00:03,3276,-97
1638.13,00:04,3276,-84
1638.56,00:03,3277,-97
1638.63,00:04,3277,-84
1639.06,00:03,3278,-97
1639.13,00:04,3278,-84
1639.56,00:03,3279,-97
1639.62,00:04,3279,-83
1640.06,00:03,3280,-97
1640.13,00:04,3280,-83
1640.56,00:03,3281,-97
1640.62,00:04,3281,-83
1641.06,00:03,3282,-97
1641.13,00:04,3282,-83
1641.55,00:03,3283,-97
1641.63,00:04,3283,-82
1642.06,00:03,3284,-97
1642.13,00:04,3284,-82
1642.55,00:03,3285,-97
1642.62,00:04,3285,-82
1643.05,00:03,3286,-97
1643.13,00:04,3286,-82
1643.56,00:03,3287,-97
1643.63,00:04,3287,-81
1644.06,00:03,3288,-97
1644.12,00:04,3288,-81
1644.56,00:03,3289,-97
1644.62,00:04,3289,-81
1645.06,00:03,3290,-97
1645.13,00:04,3290,-81
1645.56,00:03,3291,-97
1645.63,00:04,3291,-80
1646.06,00:03,3292,-97
1646.12,00:04,3292,-80
1646.56,00:03,3293,-97
1646.63,00:04,3293,-80
1647.06,00:03,3294,-97
1647.13,00:04,3294,-79
1647.55,00:03,3295,-97
1647.62,00:04,3295,-79
1648.06,00:03,3296,-97
1648.13,00:04,3296,-79
1648.56,00:03,3297,-97
1648.63,00:04,3297,-79
1649.06,00:03,3298,-97
1649.13,00:04,3298,-78
1649.56,00:03,3299,-98
1649.63,00:04,3299,-78
1650.06,00:03,3300,-98
1650.13,00:04,3300,-78
1650.55,00:03,3301,-98
1650.63,00:04,3301,-77
1651.06,00:03,3302,-98
1651.13,00:04,3302,-77
1651.55,00:03,3303,-98
1651.63,00:04,3303,-77
1652.06,00:03,3304,-98
1652.12,00:04,3304,-76
1652.56,00:03,3305,-98
1652.63,00:04,3305,-76
1653.06,00:03,3306,-98
1653.13,00:04,3306,-76
1653.56,00:03,3307,-98
1653.63,00:04,3307,-75
1654.06,00:03,3308,-98
1654.12,00:04,3308,-75
1654.56,00:03,3309,-98
1654.63,00:04,3309,-74
1655.05,00:03,3310,-98
1655.13,00:04,3310,-74
1655.56,00:03,3311,-98
1655.63,00:04,3311,-74
1656.05,00:03,3312,-98
1656.13,00:04,3312,-73
1656.56,00:03,3313,-98
1656.62,00:04,3313,-73
1657.06,00:03,3314,-98
1657.12,00:04,3314,-72
1657.56,00:03,3315,-98
1657.63,00:04,3315,-72
1658.06,00:03,3316,-98
1658.13,00:04,3316,-72
1658.56,00:03,3317,-98
1658.63,00:04,3317,-71
1659.05,00:03,3318,-98
1659.13,00:04,3318,-71
1659.56,00:03,3319,-98
1659.63,00:04,3319,-70
1660.06,00:03,3320,-98
1660.13,00:04,3320,-70
1660.55,00:03,3321,-98
1660.62,00:04,3321,-70
1661.06,00:03,3322,-98
1661.13,00:04,3322,-69
1661.56,00:03,3323,-98
1661.63,00:04,3323,-69
1662.06,00:03,3324,-98
1662.13,00:04,3324,-69
1662.56,00:03,3325,-98
1662.62,00:04,3325,-69
1663.06,00:03,3326,-98
1663.13,00:04,3326,-68
1663.56,00:03,3327,-98
1663.63,00:04,3327,-68
1664.06,00:03,3328,-98
1664.13,00:04,3328,-68
1664.56,00:03,3329,-98
1664.63,00:04,3329,-67
1665.06,00:03,3330,-98
1665.13,00:04,3330,-67
1665.56,00:03,3331,-98
1665.63,00:04,3331,-66
1666.06,00:03,3332,-98
1666.13,00:04,3332,-66
1666.56,00:03,3333,-98
1666.63,00:04,3333,-66
1667.06,00:03,3334,-98
1667.13,00:04,3334,-65
1667.56,00:03,3335,-98
1667.63,00:04,3335,-65
1668.06,00:03,3336,-99
1668.13,00:04,3336,-64
1668.56,00:03,3337,-99
1668.63,00:04,3337,-64
1669.06,00:03,3338,-99
1669.13,00:04,3338,-63
1669.56,00:03,3339,-99
1669.63,00:04,3339,-63
1670.06,00:03,3340,-99
1670.13,00:04,3340,-62
1670.56,00:03,3341,-99
1670.62,00:04,3341,-61
1671.06,00:03,3342,-99
1671.13,00:04,3342,-61
1671.56,00:03,3343,-99
1671.62,00:04,3343,-60
1672.06,00:03,3344,-99
1672.12,00:04,3344,-59
1672.55,00:03,3345,-99
1672.63,00:04,3345,-59
1673.06,00:03,3346,-99
1673.12,00:04,3346,-58
1673.55,00:03,3347,-99
1673.63,00:04,3347,-57
1674.06,00:03,3348,-99
1674.13,00:04,3348,-56
1674.56,00:03,3349,-99
1674.63,00:04,3349,-55
1675.06,00:03,3350,-99
1675.13,00:04,3350,-55
1675.55,00:03,3351,-99
1675.63,00:04,3351,-54
1676.06,00:03,3352,-99
1676.13,00:04,3352,-53
1676.56,00:03,3353,-99
1676.63,00:04,3353,-53
1677.06,00:03,3354,-99
1677.13,00:04,3354,-53
1677.56,00:03,3355,-99
1677.62,00:04,3355,-53
1678.06,00:03,3356,-99
1678.13,00:04,3356,-54
1678.55,00:03,3357,-99
1678.62,00:04,3357,-54
1679.06,00:03,3358,-99
1679.13,00:04,3358,-55
1679.56,00:03,3359,-99
1679.63,00:04,3359,-56
1680.06,00:03,3360,-99
1680.13,00:04,3360,-57
1680.56,00:03,3361,-99
1680.62,00:04,3361,-57
1681.06,00:03,3362,-100
1681.13,00:04,3362,-58
1681.56,00:03,3363,-100
1681.63,00:04,3363,-59
1682.06,00:03,3364,-100
1682.13,00:04,3364,-60
1682.55,00:03,3365,-100
1682.63,00:04,3365,-60
1683.05,00:03,3366,-100
1683.13,00:04,3366,-61
1683.55,00:03,3367,-100
1683.63,00:04,3367,-62
1684.06,00:03,3368,-100
1684.13,00:04,3368,-62
1684.56,00:03,3369,-100
1684.63,00:04,3369,-63
1685.06,00:03,3370,-100
1685.13,00:04,3370,-63
1685.56,00:03,3371,-100
1685.63,00:04,3371,-64
1686.06,00:03,3372,-100
1686.13,00:04,3372,-64
1686.55,00:03,3373,-100
1686.63,00:04,3373,-65
1687.06,00:03,3374,-100
1687.13,00:04,3374,-65
1687.56,00:03,3375,-100
1687.63,00:04,3375,-66
1688.06,00:03,3376,-100
1688.13,00:04,3376,-66
1688.55,00:03,3377,-100
1688.63,00:04,3377,-67
1689.06,00:03,3378,-100
1689.13,00:04,3378,-67
1689.56,00:03,3379,-100
1689.63,00:04,3379,-67
1690.06,00:03,3380,-100
1690.13,00:04,3380,-68
1690.56,00:03,3381,-100
1690.63,00:04,3381,-68
1691.06,00:03,3382,-100
1691.13,00:04,3382,-68
1691.55,00:03,3383,-100
1691.63,00:04,3383,-69
1692.06,00:03,3384,-100
1692.12,00:04,3384,-69
1692.55,00:03,3385,-101
1692.63,00:04,3385,-69
1693.06,00:03,3386,-101
1693.13,00:04,3386,-70
1693.56,00:03,3387,-101
1693.63,00:04,3387,-70
1694.06,00:03,3388,-101
1694.13,00:04,3388,-70
1694.56,00:03,3389,-101
1694.63,00:04,3389,-70
1695.06,00:03,3390,-101
1695.13,00:04,3390,-71
1695.56,00:03,3391,-101
1695.63,00:04,3391,-71
1696.06,00:03,3392,-101
1696.13,00:04,3392,-72
1696.55,00:03,3393,-101
1696.63,00:04,3393,-72
1697.06,00:03,3394,-101
1697.13,00:04,3394,-73
1697.56,00:03,3395,-101
1697.63,00:04,3395,-73
1698.06,00:03,3396,-101
1698.13,00:04,3396,-73
1698.56,00:03,3397,-101
1698.63,00:04,3397,-74
1699.06,00:03,3398,-101
1699.13,00:04,3398,-74
1699.56,00:03,3399,-101
1699.63,00:04,3399,-75
1700.06,00:03,3400,-101
1700.13,00:04,3400,-75
1700.56,00:03,3401,-101
1700.63,00:04,3401,-75
1701.06,00:03,3402,-101
1701.13,00:04,3402,-76
1701.56,00:03,3403,-101
1701.63,00:04,3403,-76
1702.05,00:03,3404,-101
1702.13,00:04,3404,-76
1702.56,00:03,3405,-101
1702.63,00:04,3405,-77
1703.06,00:03,3406,-102
1703.13,00:04,3406,-77
1703.56,00:03,3407,-102
1703.63,00:04,3407,-77
1704.06,00:03,3408,-102
1704.13,00:04,3408,-78
1704.56,00:03,3409,-102
1704.63,00:04,3409,-78
1705.06,00:03,3410,-102
1705.13,00:04,3410,-78
1705.55,00:03,3411,-102
1705.63,00:04,3411,-79
1706.06,00:03,3412,-102
1706.13,00:04,3412,-79
1706.56,00:03,3413,-102
1706.63,00:04,3413,-79
1707.06,00:03,3414,-102
1707.13,00:04,3414,-80
1707.56,00:03,3415,-102
1707.63,00:04,3415,-80
1708.06,00:03,3416,-102
1708.13,00:04,3416,-80
1708.56,00:03,3417,-102
1708.63,00:04,3417,-80
1709.06,00:03,3418,-102
1709.13,00:04,3418,-81
1709.56,00:03,3419,-102
1709.63,00:04,3419,-81
1710.06,00:03,3420,-102
1710.13,00:04,3420,-81
1710.56,00:03,3421,-102
1710.63,00:04,3421,-81
1711.01,00:02,3422,-110
1711.06,00:03,3422,-102
1711.13,00:04,3422,-82
1711.55,00:03,3423,-102
1711.63,00:04,3423,-82
1712.06,00:03,3424,-102
1712.13,00:04,3424,-82
1712.56,00:03,3425,-102
1712.63,00:04,3425,-82
1713.06,00:03,3426,-102
1713.13,00:04,3426,-83
1713.56,00:03,3427,-103
1713.63,00:04,3427,-83
1714.06,00:03,3428,-103
1714.13,00:04,3428,-83
1714.56,00:03,3429,-103
1714.63,00:04,3429,-83
1715.05,00:03,3430,-103
1715.13,00:04,3430,-84
1715.56,00:03,3431,-103
1715.63,00:04,3431,-84
1716.06,00:03,3432,-103
1716.13,00:04,3432,-84
1716.56,00:03,3433,-103
1716.63,00:04,3433,-84
1717.06,00:03,3434,-103
1717.13,00:04,3434,-85
1717.56,00:03,3435,-103
1717.63,00:04,3435,-85
1718.05,00:03,3436,-103
1718.13,00:04,3436,-85
1718.56,00:03,3437,-103
1718.63,00:04,3437,-85
1719.06,00:03,3438,-103
1719.13,00:04,3438,-85
1719.55,00:03,3439,-103
1719.63,00:04,3439,-86
1720.05,00:03,3440,-103
1720.13,00:04,3440,-86
1720.56,00:03,3441,-103
1720.63,00:04,3441,-86
1721.01,00:02,3442,-110
1721.05,00:03,3442,-103
1721.13,00:04,3442,-86
1721.56,00:03,3443,-103
1721.63,00:04,3443,-86
