Time_s,Src_MAC,Seq_Num,RSSI_dBm
0.00688183,00:02,0,-43
0.0575444,00:03,0,-95
0.103167,00:04,0,-94
0.505203,00:02,1,-43
0.557869,00:03,1,-95
0.605417,00:04,1,-94
1.0058,00:02,2,-43
1.05633,00:03,2,-95
1.10358,00:04,2,-94
1.50736,00:02,3,-44
1.55557,00:03,3,-95
1.60413,00:04,3,-94
2.00456,00:02,4,-44
2.05757,00:03,4,-95
2.10461,00:04,4,-94
2.5072,00:02,5,-45
2.55536,00:03,5,-95
2.60452,00:04,5,-94
3.00773,00:02,6,-45
3.05641,00:03,6,-95
3.10325,00:04,6,-94
3.50749,00:02,7,-46
3.55585,00:03,7,-95
3.60353,00:04,7,-94
4.00599,00:02,8,-47
4.05725,00:03,8,-95
4.10288,00:04,8,-93
4.50508,00:02,9,-47
4.5571,00:03,9,-94
4.60453,00:04,9,-93
5.00485,00:02,10,-48
5.05578,00:03,10,-94
5.10507,00:04,10,-93
5.50678,00:02,11,-48
5.55756,00:03,11,-94
5.60427,00:04,11,-93
6.00688,00:02,12,-49
6.05654,00:03,12,-94
6.10432,00:04,12,-93
6.50756,00:02,13,-50
6.55759,00:03,13,-94
6.60536,00:04,13,-93
7.00597,00:02,14,-50
7.0569,00:03,14,-94
7.10404,00:04,14,-93
7.50663,00:02,15,-51
7.55741,00:03,15,-94
7.60574,00:04,15,-93
8.00695,00:02,16,-51
8.05754,00:03,16,-94
8.10367,00:04,16,-93
8.50573,00:02,17,-52
8.5577,00:03,17,-94
8.60402,00:04,17,-93
9.00672,00:02,18,-52
9.05666,00:03,18,-93
9.10466,00:04,18,-93
9.50532,00:02,19,-53
9.5551,00:03,19,-93
9.60569,00:04,19,-93
10.0045,00:02,20,-53
10.0564,00:03,20,-93
10.1044,00:04,20,-93
10.507,00:02,21,-54
10.5569,00:03,21,-93
10.603,00:04,21,-93
11.0054,00:02,22,-54
11.0555,00:03,22,-93
11.1032,00:04,22,-93
11.5068,00:02,23,-54
11.5556,00:03,23,-93
11.6044,00:04,23,-93
12.0049,00:02,24,-55
12.0571,00:03,24,-93
12.1038,00:04,24,-93
12.5059,00:02,25,-55
12.5577,00:03,25,-93
12.6044,00:04,25,-93
13.0066,00:02,26,-55
13.0562,00:03,26,-93
13.105,00:04,26,-93
13.5058,00:02,27,-56
13.5563,00:03,27,-92
13.6055,00:04,27,-93
14.0061,00:02,28,-56
14.058,00:03,28,-92
14.1036,00:04,28,-93
14.5046,00:02,29,-56
14.5561,00:03,29,-92
14.6035,00:04,29,-93
15.0066,00:02,30,-57
15.0551,00:03,30,-92
15.1028,00:04,30,-93
15.5061,00:02,31,-57
15.5569,00:03,31,-92
15.6042,00:04,31,-93
16.0042,00:02,32,-57
16.0554,00:03,32,-92
16.104,00:04,32,-93
16.505,00:02,33,-58
16.5588,00:03,33,-92
16.6032,00:04,33,-93
17.0063,00:02,34,-58
17.055,00:03,34,-92
17.1053,00:04,34,-93
17.5051,00:02,35,-58
17.5571,00:03,35,-92
17.6053,00:04,35,-93
18.0043,00:02,36,-59
18.0559,00:03,36,-91
18.1043,00:04,36,-93
18.5077,00:02,37,-59
18.557,00:03,37,-91
18.6035,00:04,37,-92
19.0059,00:02,38,-59
19.0572,00:03,38,-91
19.1051,00:04,38,-92
19.5071,00:02,39,-60
19.5557,00:03,39,-91
19.6031,00:04,39,-92
20.0054,00:02,40,-60
20.0558,00:03,40,-91
20.1033,00:04,40,-92
20.5046,00:02,41,-61
20.5567,00:03,41,-91
20.6028,00:04,41,-92
21.0049,00:02,42,-61
21.0576,00:03,42,-91
21.1022,00:04,42,-92
21.5049,00:02,43,-62
21.5573,00:03,43,-91
21.6041,00:04,43,-92
22.0074,00:02,44,-62
22.0589,00:03,44,-90
22.1041,00:04,44,-92
22.5068,00:02,45,-62
22.5578,00:03,45,-90
22.6037,00:04,45,-92
23.0056,00:02,46,-63
23.0579,00:03,46,-90
23.1035,00:04,46,-92
23.5062,00:02,47,-63
23.557,00:03,47,-90
23.603,00:04,47,-92
24.0064,00:02,48,-63
24.0574,00:03,48,-90
24.1043,00:04,48,-92
24.5063,00:02,49,-64
24.5587,00:03,49,-90
24.6047,00:04,49,-92
25.0077,00:02,50,-64
25.057,00:03,50,-90
25.104,00:04,50,-92
25.5056,00:02,51,-64
25.556,00:03,51,-90
25.6043,00:04,51,-92
26.0055,00:02,52,-65
26.056,00:03,52,-89
26.104,00:04,52,-92
26.5058,00:02,53,-65
26.5567,00:03,53,-89
26.6021,00:04,53,-92
27.0055,00:02,54,-65
27.0575,00:03,54,-89
27.1021,00:04,54,-92
27.5075,00:02,55,-66
27.5572,00:03,55,-89
27.6056,00:04,55,-92
28.0071,00:02,56,-66
28.0579,00:03,56,-89
28.1023,00:04,56,-92
28.5046,00:02,57,-66
28.5559,00:03,57,-89
28.6035,00:04,57,-92
29.0042,00:02,58,-67
29.0576,00:03,58,-89
29.1022,00:04,58,-92
29.5066,00:02,59,-67
29.5552,00:03,59,-88
29.604,00:04,59,-92
30.0056,00:02,60,-67
30.0575,00:03,60,-88
30.1058,00:04,60,-92
30.506,00:02,61,-67
30.557,00:03,61,-88
30.6049,00:04,61,-92
31.0073,00:02,62,-68
31.0556,00:03,62,-88
31.1031,00:04,62,-92
31.5073,00:02,63,-68
31.557,00:03,63,-88
31.6036,00:04,63,-92
32.0054,00:02,64,-68
32.0571,00:03,64,-88
32.1046,00:04,64,-92
32.5051,00:02,65,-69
32.5561,00:03,65,-88
32.6046,00:04,65,-92
33.0038,00:02,66,-69
33.0575,00:03,66,-87
33.1037,00:04,66,-92
33.505,00:02,67,-69
33.5577,00:03,67,-87
33.6036,00:04,67,-92
34.0057,00:02,68,-69
34.057,00:03,68,-87
34.1049,00:04,68,-92
34.5043,00:02,69,-70
34.5578,00:03,69,-87
34.6035,00:04,69,-92
35.0067,00:02,70,-70
35.0569,00:03,70,-87
35.1022,00:04,70,-92
35.5046,00:02,71,-70
35.5585,00:03,71,-87
35.6037,00:04,71,-92
36.0052,00:02,72,-70
36.0566,00:03,72,-86
36.1055,00:04,72,-92
36.5053,00:02,73,-71
36.5564,00:03,73,-86
36.6036,00:04,73,-92
37.0059,00:02,74,-71
37.0577,00:03,74,-86
37.1059,00:04,74,-92
37.5047,00:02,75,-71
37.555,00:03,75,-86
37.6047,00:04,75,-92
38.0049,00:02,76,-71
38.055,00:03,76,-86
38.1031,00:04,76,-92
38.5052,00:02,77,-71
38.5561,00:03,77,-86
38.6045,00:04,77,-92
39.007,00:02,78,-72
39.0567,00:03,78,-85
39.1039,00:04,78,-92
39.5067,00:02,79,-72
39.5569,00:03,79,-85
39.6041,00:04,79,-92
40.0068,00:02,80,-72
40.0583,00:03,80,-85
40.1025,00:04,80,-92
40.5061,00:02,81,-72
40.5567,00:03,81,-85
40.6039,00:04,81,-92
41.0059,00:02,82,-73
41.0559,00:03,82,-85
41.1056,00:04,82,-92
41.5053,00:02,83,-73
41.5587,00:03,83,-85
41.602,00:04,83,-92
42.0049,00:02,84,-73
42.0571,00:03,84,-84
42.1026,00:04,84,-92
42.5058,00:02,85,-73
42.5556,00:03,85,-84
42.6041,00:04,85,-92
43.0056,00:02,86,-73
43.0568,00:03,86,-84
43.1026,00:04,86,-92
43.5066,00:02,87,-74
43.5565,00:03,87,-84
43.6049,00:04,87,-92
44.0061,00:02,88,-74
44.0573,00:03,88,-84
44.105,00:04,88,-92
44.5056,00:02,89,-74
44.5565,00:03,89,-83
44.6031,00:04,89,-92
45.0062,00:02,90,-74
45.0579,00:03,90,-83
45.1019,00:04,90,-92
45.5038,00:02,91,-74
45.5582,00:03,91,-83
45.6034,00:04,91,-92
46.0062,00:02,92,-75
46.0572,00:03,92,-83
46.1041,00:04,92,-92
46.506,00:02,93,-75
46.5559,00:03,93,-83
46.6045,00:04,93,-92
47.0039,00:02,94,-75
47.0578,00:03,94,-83
47.1037,00:04,94,-92
47.5058,00:02,95,-75
47.5591,00:03,95,-82
47.6054,00:04,95,-92
48.005,00:02,96,-75
48.0555,00:03,96,-82
48.1027,00:04,96,-92
48.5069,00:02,97,-75
48.557,00:03,97,-82
48.603,00:04,97,-92
49.0061,00:02,98,-76
49.057,00:03,98,-82
49.1026,00:04,98,-92
49.5062,00:02,99,-76
49.5572,00:03,99,-81
49.6041,00:04,99,-92
50.0052,00:02,100,-76
50.0572,00:03,100,-81
50.1042,00:04,100,-92
50.5039,00:02,101,-76
50.5592,00:03,101,-81
50.6034,00:04,101,-92
51.006,00:02,102,-76
51.0574,00:03,102,-81
51.1037,00:04,102,-92
51.505,00:02,103,-77
51.5565,00:03,103,-81
51.6043,00:04,103,-92
52.0054,00:02,104,-77
52.0572,00:03,104,-80
52.1024,00:04,104,-92
52.5068,00:02,105,-77
52.5562,00:03,105,-80
52.6046,00:04,105,-92
53.0061,00:02,106,-77
53.0578,00:03,106,-80
53.1031,00:04,106,-92
53.5062,00:02,107,-77
53.5576,00:03,107,-80
53.6038,00:04,107,-92
54.0057,00:02,108,-77
54.0557,00:03,108,-79
54.103,00:04,108,-92
54.5057,00:02,109,-77
54.5557,00:03,109,-79
54.6051,00:04,109,-92
55.0054,00:02,110,-78
55.0563,00:03,110,-79
55.1023,00:04,110,-92
55.506,00:02,111,-78
55.556,00:03,111,-79
55.6041,00:04,111,-92
56.0048,00:02,112,-78
56.0571,00:03,112,-78
56.1035,00:04,112,-92
56.5051,00:02,113,-78
56.5581,00:03,113,-78
56.6024,00:04,113,-92
57.0059,00:02,114,-78
57.0566,00:03,114,-78
57.1025,00:04,114,-92
57.5054,00:02,115,-78
57.5577,00:03,115,-78
57.6037,00:04,115,-92
58.0058,00:02,116,-79
58.0554,00:03,116,-77
58.1052,00:04,116,-92
58.5054,00:02,117,-79
58.5586,00:03,117,-77
58.603,00:04,117,-92
59.0067,00:02,118,-79
59.0571,00:03,118,-77
59.1044,00:04,118,-92
59.5063,00:02,119,-79
59.5573,00:03,119,-77
59.6038,00:04,119,-92
60.0052,00:02,120,-79
60.0563,00:03,120,-76
60.1044,00:04,120,-92
60.5046,00:02,121,-79
60.5562,00:03,121,-76
60.6041,00:04,121,-92
61.0064,00:02,122,-79
61.0579,00:03,122,-76
61.1032,00:04,122,-92
61.5046,00:02,123,-80
61.5569,00:03,123,-75
61.6043,00:04,123,-92
62.0065,00:02,124,-80
62.0571,00:03,124,-75
62.1057,00:04,124,-92
62.5038,00:02,125,-80
62.5579,00:03,125,-75
62.6036,00:04,125,-92
63.0053,00:02,126,-80
63.0579,00:03,126,-75
63.1023,00:04,126,-92
63.505,00:02,127,-80
63.557,00:03,127,-74
63.6035,00:04,127,-92
64.0054,00:02,128,-80
64.056,00:03,128,-74
64.1035,00:04,128,-92
64.5046,00:02,129,-80
64.5579,00:03,129,-74
64.6054,00:04,129,-92
65.0055,00:02,130,-81
65.0581,00:03,130,-73
65.1022,00:04,130,-92
65.5053,00:02,131,-81
65.5572,00:03,131,-73
65.6034,00:04,131,-92
66.0055,00:02,132,-81
66.0571,00:03,132,-72
66.1037,00:04,132,-92
66.5059,00:02,133,-81
66.5559,00:03,133,-72
66.6019,00:04,133,-92
67.0065,00:02,134,-81
67.0556,00:03,134,-72
67.103,00:04,134,-92
67.5066,00:02,135,-81
67.5564,00:03,135,-71
67.605,00:04,135,-92
68.0051,00:02,136,-81
68.057,00:03,136,-71
68.1041,00:04,136,-92
68.5071,00:02,137,-81
68.556,00:03,137,-71
68.6041,00:04,137,-92
69.0049,00:02,138,-82
69.056,00:03,138,-70
69.1044,00:04,138,-92
69.5065,00:02,139,-82
69.5554,00:03,139,-70
69.6038,00:04,139,-92
70.0053,00:02,140,-82
70.057,00:03,140,-69
70.1029,00:04,140,-92
70.5043,00:02,141,-82
70.5565,00:03,141,-69
70.6051,00:04,141,-92
71.0033,00:02,142,-82
71.0577,00:03,142,-69
71.1029,00:04,142,-92
71.5058,00:02,143,-82
71.5573,00:03,143,-68
71.6018,00:04,143,-93
72.0049,00:02,144,-82
72.056,00:03,144,-68
72.1054,00:04,144,-93
72.5043,00:02,145,-82
72.5552,00:03,145,-67
72.6054,00:04,145,-93
73.0057,00:02,146,-83
73.0559,00:03,146,-67
73.1037,00:04,146,-93
73.5057,00:02,147,-83
73.5569,00:03,147,-67
73.6037,00:04,147,-93
74.0057,00:02,148,-83
74.058,00:03,148,-66
74.1049,00:04,148,-93
74.5055,00:02,149,-83
74.5566,00:03,149,-66
74.6054,00:04,149,-93
75.0052,00:02,150,-83
75.0577,00:03,150,-66
75.1042,00:04,150,-93
75.504,00:02,151,-83
75.557,00:03,151,-66
75.6045,00:04,151,-93
76.0045,00:02,152,-83
76.0591,00:03,152,-65
76.104,00:04,152,-93
76.5048,00:02,153,-83
76.5562,00:03,153,-65
76.6034,00:04,153,-93
77.0058,00:02,154,-83
77.0582,00:03,154,-65
77.1047,00:04,154,-93
77.5037,00:02,155,-84
77.5584,00:03,155,-64
77.6042,00:04,155,-93
78.0031,00:02,156,-84
78.0569,00:03,156,-64
78.1026,00:04,156,-93
78.507,00:02,157,-84
78.5571,00:03,157,-63
78.6034,00:04,157,-93
79.0061,00:02,158,-84
79.0576,00:03,158,-63
79.1033,00:04,158,-93
79.5045,00:02,159,-84
79.5561,00:03,159,-63
79.6021,00:04,159,-93
80.0056,00:02,160,-84
80.0577,00:03,160,-62
80.1043,00:04,160,-93
80.5054,00:02,161,-84
80.559,00:03,161,-62
80.6054,00:04,161,-93
81.0042,00:02,162,-84
81.0565,00:03,162,-61
81.1046,00:04,162,-93
81.5052,00:02,163,-84
81.5566,00:03,163,-61
81.605,00:04,163,-93
82.0049,00:02,164,-85
82.0563,00:03,164,-60
82.105,00:04,164,-93
82.5041,00:02,165,-85
82.5565,00:03,165,-60
82.6047,00:04,165,-93
83.004,00:02,166,-85
83.0575,00:03,166,-59
83.1031,00:04,166,-93
83.5043,00:02,167,-85
83.556,00:03,167,-59
83.6042,00:04,167,-93
84.0048,00:02,168,-85
84.0575,00:03,168,-58
84.103,00:04,168,-93
84.5047,00:02,169,-85
84.5569,00:03,169,-58
84.6033,00:04,169,-93
85.0045,00:02,170,-85
85.0577,00:03,170,-57
85.1027,00:04,170,-93
85.5049,00:02,171,-85
85.5577,00:03,171,-56
85.6046,00:04,171,-93
86.0048,00:02,172,-85
86.0565,00:03,172,-56
86.1031,00:04,172,-93
86.5058,00:02,173,-85
86.5565,00:03,173,-55
86.604,00:04,173,-94
87.0063,00:02,174,-86
87.0575,00:03,174,-54
87.1042,00:04,174,-94
87.5052,00:02,175,-86
87.5576,00:03,175,-54
87.6044,00:04,175,-94
88.0058,00:02,176,-86
88.0575,00:03,176,-53
88.1019,00:04,176,-94
88.5041,00:02,177,-86
88.5567,00:03,177,-53
88.6035,00:04,177,-94
89.0057,00:02,178,-86
89.0572,00:03,178,-52
89.1019,00:04,178,-94
89.5039,00:02,179,-86
89.5574,00:03,179,-52
89.6042,00:04,179,-94
90.0039,00:02,180,-86
90.0575,00:03,180,-52
90.1036,00:04,180,-94
90.5049,00:02,181,-86
90.5586,00:03,181,-53
90.6042,00:04,181,-94
91.0035,00:02,182,-86
91.0559,00:03,182,-54
91.1035,00:04,182,-94
91.5051,00:02,183,-86
91.5593,00:03,183,-55
91.6035,00:04,183,-94
92.0054,00:02,184,-86
92.0569,00:03,184,-56
92.1037,00:04,184,-93
92.5052,00:02,185,-86
92.5575,00:03,185,-57
92.6034,00:04,185,-93
93.0036,00:02,186,-86
93.0572,00:03,186,-57
93.1042,00:04,186,-93
93.5039,00:02,187,-86
93.5553,00:03,187,-58
93.6037,00:04,187,-93
94.0048,00:02,188,-86
94.0566,00:03,188,-59
94.1045,00:04,188,-93
94.5051,00:02,189,-86
94.557,00:03,189,-59
94.6027,00:04,189,-93
95.0037,00:02,190,-86
95.0578,00:03,190,-60
95.1037,00:04,190,-93
95.5055,00:02,191,-86
95.5565,00:03,191,-60
95.6046,00:04,191,-93
96.0031,00:02,192,-86
96.0586,00:03,192,-60
96.1041,00:04,192,-93
96.5057,00:02,193,-86
96.5555,00:03,193,-60
96.6056,00:04,193,-93
97.0046,00:02,194,-86
97.0579,00:03,194,-60
97.1033,00:04,194,-93
97.5053,00:02,195,-86
97.5586,00:03,195,-60
97.6034,00:04,195,-93
98.0036,00:02,196,-86
98.0574,00:03,196,-60
98.1022,00:04,196,-93
98.5036,00:02,197,-86
98.558,00:03,197,-60
98.6028,00:04,197,-93
99.0034,00:02,198,-86
99.0566,00:03,198,-60
99.1044,00:04,198,-93
99.5055,00:02,199,-86
99.5581,00:03,199,-61
99.602,00:04,199,-93
100.006,00:02,200,-85
100.058,00:03,200,-61
100.103,00:04,200,-93
100.504,00:02,201,-85
100.559,00:03,201,-61
100.602,00:04,201,-93
101.004,00:02,202,-85
101.057,00:03,202,-61
101.103,00:04,202,-93
101.505,00:02,203,-85
101.557,00:03,203,-62
101.605,00:04,203,-93
102.004,00:02,204,-85
102.058,00:03,204,-62
102.102,00:04,204,-92
102.504,00:02,205,-85
102.558,00:03,205,-62
102.602,00:04,205,-92
103.005,00:02,206,-85
103.058,00:03,206,-62
103.102,00:04,206,-92
103.504,00:02,207,-85
103.558,00:03,207,-63
103.603,00:04,207,-92
104.004,00:02,208,-85
104.057,00:03,208,-63
104.103,00:04,208,-92
104.504,00:02,209,-85
104.557,00:03,209,-63
104.603,00:04,209,-92
105.006,00:02,210,-84
105.057,00:03,210,-64
105.103,00:04,210,-92
105.504,00:02,211,-84
105.558,00:03,211,-64
105.603,00:04,211,-92
106.003,00:02,212,-84
106.058,00:03,212,-64
106.103,00:04,212,-92
106.502,00:02,213,-84
106.556,00:03,213,-64
106.604,00:04,213,-92
107.007,00:02,214,-84
107.056,00:03,214,-65
107.103,00:04,214,-92
107.505,00:02,215,-84
107.556,00:03,215,-65
107.604,00:04,215,-92
108.005,00:02,216,-84
108.059,00:03,216,-65
108.104,00:04,216,-92
108.503,00:02,217,-84
108.558,00:03,217,-66
108.603,00:04,217,-92
109.003,00:02,218,-84
109.058,00:03,218,-66
109.104,00:04,218,-92
109.503,00:02,219,-83
109.557,00:03,219,-66
109.603,00:04,219,-92
110.005,00:02,220,-83
110.058,00:03,220,-66
110.102,00:04,220,-92
110.505,00:02,221,-83
110.556,00:03,221,-67
110.602,00:04,221,-92
111.003,00:02,222,-83
111.058,00:03,222,-67
111.105,00:04,222,-92
111.503,00:02,223,-83
111.557,00:03,223,-67
111.603,00:04,223,-92
112.003,00:02,224,-83
112.056,00:03,224,-67
112.102,00:04,224,-92
112.504,00:02,225,-83
112.557,00:03,225,-68
112.604,00:04,225,-92
113.004,00:02,226,-83
113.057,00:03,226,-68
113.105,00:04,226,-92
113.505,00:02,227,-83
113.557,00:03,227,-69
113.604,00:04,227,-92
114.006,00:02,228,-82
114.056,00:03,228,-69
114.104,00:04,228,-92
114.505,00:02,229,-82
114.558,00:03,229,-69
114.603,00:04,229,-92
115.005,00:02,230,-82
115.056,00:03,230,-70
115.104,00:04,230,-92
115.504,00:02,231,-82
115.558,00:03,231,-70
115.603,00:04,231,-92
116.005,00:02,232,-82
116.058,00:03,232,-71
116.104,00:04,232,-91
116.504,00:02,233,-82
116.556,00:03,233,-71
116.603,00:04,233,-91
117.004,00:02,234,-82
117.057,00:03,234,-71
117.102,00:04,234,-91
117.505,00:02,235,-82
117.559,00:03,235,-72
117.605,00:04,235,-91
118.003,00:02,236,-81
118.058,00:03,236,-72
118.104,00:04,236,-91
118.504,00:02,237,-81
118.556,00:03,237,-72
118.605,00:04,237,-91
119.004,00:02,238,-81
119.057,00:03,238,-73
119.103,00:04,238,-91
119.503,00:02,239,-81
119.559,00:03,239,-73
119.604,00:04,239,-91
120.005,00:02,240,-81
120.056,00:03,240,-73
120.102,00:04,240,-91
120.504,00:02,241,-81
120.557,00:03,241,-74
120.603,00:04,241,-91
121.004,00:02,242,-81
121.058,00:03,242,-74
121.104,00:04,242,-91
121.503,00:02,243,-81
121.557,00:03,243,-74
121.604,00:04,243,-91
122.003,00:02,244,-80
122.059,00:03,244,-75
122.101,00:04,244,-91
122.505,00:02,245,-80
122.557,00:03,245,-75
122.604,00:04,245,-91
123.003,00:02,246,-80
123.057,00:03,246,-75
123.103,00:04,246,-91
123.504,00:02,247,-80
123.557,00:03,247,-75
123.604,00:04,247,-91
124.005,00:02,248,-80
124.057,00:03,248,-76
124.104,00:04,248,-91
124.506,00:02,249,-80
124.558,00:03,249,-76
124.604,00:04,249,-91
125.004,00:02,250,-80
125.058,00:03,250,-76
125.103,00:04,250,-91
125.504,00:02,251,-79
125.558,00:03,251,-77
125.603,00:04,251,-91
126.003,00:02,252,-79
126.057,00:03,252,-77
126.105,00:04,252,-91
126.503,00:02,253,-79
126.558,00:03,253,-77
126.602,00:04,253,-91
127.004,00:02,254,-79
127.057,00:03,254,-77
127.103,00:04,254,-91
127.504,00:02,255,-79
127.558,00:03,255,-78
127.603,00:04,255,-91
128.003,00:02,256,-79
128.056,00:03,256,-78
128.104,00:04,256,-91
128.505,00:02,257,-79
128.557,00:03,257,-78
128.603,00:04,257,-91
129.003,00:02,258,-78
129.058,00:03,258,-78
129.104,00:04,258,-91
129.504,00:02,259,-78
129.557,00:03,259,-79
129.604,00:04,259,-91
130.004,00:02,260,-78
130.059,00:03,260,-79
130.103,00:04,260,-91
130.506,00:02,261,-78
130.558,00:03,261,-79
130.604,00:04,261,-91
131.004,00:02,262,-78
131.057,00:03,262,-79
131.103,00:04,262,-91
131.503,00:02,263,-78
131.557,00:03,263,-80
131.603,00:04,263,-91
132.004,00:02,264,-77
132.058,00:03,264,-80
132.105,00:04,264,-91
132.504,00:02,265,-77
132.559,00:03,265,-80
132.602,00:04,265,-91
133.004,00:02,266,-84
133.058,00:03,266,-87
133.104,00:04,266,-98
133.505,00:02,267,-84
133.559,00:03,267,-88
133.602,00:04,267,-98
134.005,00:02,268,-84
134.057,00:03,268,-88
134.102,00:04,268,-98
134.503,00:02,269,-84
134.558,00:03,269,-88
134.603,00:04,269,-98
135.005,00:02,270,-84
135.056,00:03,270,-88
135.104,00:04,270,-98
135.506,00:02,271,-83
135.557,00:03,271,-88
135.604,00:04,271,-98
136.006,00:02,272,-83
136.057,00:03,272,-89
136.103,00:04,272,-98
136.504,00:02,273,-83
136.556,00:03,273,-89
136.604,00:04,273,-98
137.004,00:02,274,-83
137.057,00:03,274,-89
137.103,00:04,274,-98
137.505,00:02,275,-83
137.558,00:03,275,-89
137.603,00:04,275,-98
138.002,00:02,276,-82
138.06,00:03,276,-89
138.104,00:04,276,-98
138.505,00:02,277,-82
138.558,00:03,277,-90
138.602,00:04,277,-98
139.003,00:02,278,-82
139.058,00:03,278,-90
139.105,00:04,278,-98
139.504,00:02,279,-82
139.559,00:03,279,-90
139.603,00:04,279,-98
140.004,00:02,280,-82
140.056,00:03,280,-90
140.104,00:04,280,-98
140.504,00:02,281,-82
140.558,00:03,281,-90
140.602,00:04,281,-98
141.005,00:02,282,-81
141.058,00:03,282,-91
141.104,00:04,282,-98
141.503,00:02,283,-81
141.557,00:03,283,-91
141.604,00:04,283,-98
142.005,00:02,284,-81
142.057,00:03,284,-91
142.103,00:04,284,-98
142.504,00:02,285,-81
142.557,00:03,285,-91
142.603,00:04,285,-98
143.004,00:02,286,-81
143.057,00:03,286,-91
143.102,00:04,286,-98
143.506,00:02,287,-80
143.558,00:03,287,-91
143.605,00:04,287,-98
144.004,00:02,288,-80
144.059,00:03,288,-92
144.104,00:04,288,-98
144.503,00:02,289,-80
144.559,00:03,289,-92
144.602,00:04,289,-98
145.003,00:02,290,-80
145.056,00:03,290,-92
145.103,00:04,290,-98
145.504,00:02,291,-80
145.558,00:03,291,-92
145.602,00:04,291,-98
146.002,00:02,292,-79
146.058,00:03,292,-92
146.104,00:04,292,-98
146.505,00:02,293,-79
146.558,00:03,293,-93
146.603,00:04,293,-98
147.003,00:02,294,-79
147.056,00:03,294,-93
147.104,00:04,294,-98
147.504,00:02,295,-79
147.558,00:03,295,-93
147.602,00:04,295,-98
148.005,00:02,296,-79
148.06,00:03,296,-93
148.103,00:04,296,-98
148.503,00:02,297,-78
148.557,00:03,297,-93
148.604,00:04,297,-98
149.004,00:02,298,-71
149.057,00:03,298,-86
149.104,00:04,298,-91
149.506,00:02,299,-71
149.557,00:03,299,-86
149.604,00:04,299,-91
150.005,00:02,300,-71
150.058,00:03,300,-87
150.104,00:04,300,-91
150.504,00:02,301,-70
150.558,00:03,301,-87
150.602,00:04,301,-91
151.003,00:02,302,-70
151.059,00:03,302,-87
151.102,00:04,302,-91
151.504,00:02,303,-70
151.558,00:03,303,-87
151.602,00:04,303,-91
152.005,00:02,304,-70
152.059,00:03,304,-87
152.104,00:04,304,-91
152.505,00:02,305,-70
152.559,00:03,305,-87
152.603,00:04,305,-91
153.003,00:02,306,-69
153.057,00:03,306,-88
153.104,00:04,306,-91
153.504,00:02,307,-69
153.556,00:03,307,-88
153.602,00:04,307,-91
154.003,00:02,308,-69
154.056,00:03,308,-88
154.102,00:04,308,-91
154.503,00:02,309,-68
154.559,00:03,309,-88
154.603,00:04,309,-91
155.004,00:02,310,-68
155.058,00:03,310,-88
155.102,00:04,310,-91
155.503,00:02,311,-68
155.556,00:03,311,-88
155.601,00:04,311,-91
156.003,00:02,312,-68
156.058,00:03,312,-88
156.102,00:04,312,-91
156.504,00:02,313,-67
156.557,00:03,313,-89
156.602,00:04,313,-91
157.004,00:02,314,-67
157.059,00:03,314,-89
157.103,00:04,314,-91
157.504,00:02,315,-67
157.556,00:03,315,-89
157.602,00:04,315,-91
158.003,00:02,316,-67
158.057,00:03,316,-89
158.102,00:04,316,-91
158.502,00:02,317,-66
158.558,00:03,317,-89
158.602,00:04,317,-91
159.004,00:02,318,-66
159.056,00:03,318,-89
159.102,00:04,318,-91
159.502,00:02,319,-66
159.558,00:03,319,-89
159.604,00:04,319,-91
160.004,00:02,320,-65
160.057,00:03,320,-90
160.105,00:04,320,-91
160.503,00:02,321,-65
160.559,00:03,321,-90
160.605,00:04,321,-91
161.005,00:02,322,-65
161.057,00:03,322,-90
161.102,00:04,322,-91
161.504,00:02,323,-64
161.557,00:03,323,-90
161.602,00:04,323,-91
162.002,00:02,324,-64
162.059,00:03,324,-90
162.102,00:04,324,-91
162.503,00:02,325,-64
162.558,00:03,325,-90
162.602,00:04,325,-91
163.003,00:02,326,-64
163.059,00:03,326,-90
163.102,00:04,326,-91
163.504,00:02,327,-63
163.558,00:03,327,-90
163.604,00:04,327,-91
164.003,00:02,328,-63
164.057,00:03,328,-91
164.105,00:04,328,-91
164.503,00:02,329,-62
164.558,00:03,329,-91
164.604,00:04,329,-91
165.004,00:02,330,-62
165.058,00:03,330,-91
165.104,00:04,330,-91
165.504,00:02,331,-62
165.558,00:03,331,-91
165.604,00:04,331,-91
166.005,00:02,332,-61
166.057,00:03,332,-91
166.104,00:04,332,-91
166.504,00:02,333,-61
166.558,00:03,333,-91
166.605,00:04,333,-92
167.003,00:02,334,-61
167.058,00:03,334,-91
167.104,00:04,334,-92
167.502,00:02,335,-60
167.556,00:03,335,-91
167.604,00:04,335,-92
168.004,00:02,336,-60
168.059,00:03,336,-92
168.101,00:04,336,-92
168.502,00:02,337,-59
168.559,00:03,337,-92
168.603,00:04,337,-92
169.002,00:02,338,-59
169.058,00:03,338,-92
169.102,00:04,338,-92
169.504,00:02,339,-59
169.558,00:03,339,-92
169.603,00:04,339,-92
170.003,00:02,340,-58
170.057,00:03,340,-92
170.103,00:04,340,-92
170.503,00:02,341,-58
170.558,00:03,341,-92
170.604,00:04,341,-92
171.004,00:02,342,-58
171.059,00:03,342,-92
171.102,00:04,342,-92
171.503,00:02,343,-57
171.558,00:03,343,-92
171.603,00:04,343,-92
172.003,00:02,344,-57
172.058,00:03,344,-92
172.104,00:04,344,-92
172.504,00:02,345,-57
172.557,00:03,345,-93
172.603,00:04,345,-92
173.003,00:02,346,-57
173.056,00:03,346,-93
173.103,00:04,346,-92
173.505,00:02,347,-56
173.558,00:03,347,-93
173.604,00:04,347,-92
174.002,00:02,348,-56
174.057,00:03,348,-93
174.103,00:04,348,-92
174.503,00:02,349,-56
174.558,00:03,349,-93
174.604,00:04,349,-92
175.003,00:02,350,-56
175.059,00:03,350,-93
175.104,00:04,350,-92
175.502,00:02,351,-55
175.558,00:03,351,-93
175.602,00:04,351,-92
176.003,00:02,352,-55
176.058,00:03,352,-93
176.102,00:04,352,-92
176.502,00:02,353,-55
176.559,00:03,353,-93
176.604,00:04,353,-92
177.004,00:02,354,-54
177.06,00:03,354,-94
177.103,00:04,354,-92
177.505,00:02,355,-54
177.557,00:03,355,-94
177.604,00:04,355,-92
178.003,00:02,356,-54
178.059,00:03,356,-94
178.104,00:04,356,-92
178.502,00:02,357,-54
178.557,00:03,357,-94
178.603,00:04,357,-92
179.002,00:02,358,-53
179.058,00:03,358,-94
179.103,00:04,358,-92
179.503,00:02,359,-53
179.559,00:03,359,-94
179.604,00:04,359,-92
180.004,00:02,360,-53
180.057,00:03,360,-94
180.102,00:04,360,-92
180.501,00:02,361,-52
180.559,00:03,361,-94
180.603,00:04,361,-93
181.003,00:02,362,-52
181.058,00:03,362,-94
181.102,00:04,362,-93
181.504,00:02,363,-52
181.556,00:03,363,-94
181.604,00:04,363,-93
182.004,00:02,364,-52
182.059,00:03,364,-95
182.103,00:04,364,-93
182.504,00:02,365,-51
182.558,00:03,365,-95
182.605,00:04,365,-93
183.003,00:02,366,-51
183.057,00:03,366,-95
183.102,00:04,366,-93
183.505,00:02,367,-51
183.559,00:03,367,-95
183.603,00:04,367,-93
184.003,00:02,368,-51
184.058,00:03,368,-95
184.102,00:04,368,-93
184.502,00:02,369,-51
184.557,00:03,369,-95
184.604,00:04,369,-93
185.003,00:02,370,-51
185.057,00:03,370,-95
185.104,00:04,370,-93
185.502,00:02,371,-51
185.558,00:03,371,-95
185.605,00:04,371,-93
186.001,00:02,372,-51
186.058,00:03,372,-95
186.105,00:04,372,-93
186.504,00:02,373,-51
186.558,00:03,373,-95
186.602,00:04,373,-93
187.004,00:02,374,-52
187.057,00:03,374,-95
187.105,00:04,374,-93
187.502,00:02,375,-52
187.557,00:03,375,-95
187.603,00:04,375,-93
188.004,00:02,376,-53
188.057,00:03,376,-95
188.104,00:04,376,-93
188.504,00:02,377,-53
188.558,00:03,377,-95
188.603,00:04,377,-93
189.003,00:02,378,-54
189.058,00:03,378,-95
189.103,00:04,378,-92
189.504,00:02,379,-54
189.558,00:03,379,-95
189.603,00:04,379,-92
190.002,00:02,380,-54
190.057,00:03,380,-95
190.102,00:04,380,-92
190.504,00:02,381,-55
190.558,00:03,381,-95
190.603,00:04,381,-92
191.001,00:02,382,-55
191.06,00:03,382,-95
191.103,00:04,382,-92
191.503,00:02,383,-55
191.558,00:03,383,-95
191.604,00:04,383,-92
192.003,00:02,384,-55
192.059,00:03,384,-95
192.103,00:04,384,-92
192.502,00:02,385,-55
192.557,00:03,385,-95
192.603,00:04,385,-92
193.003,00:02,386,-55
193.058,00:03,386,-95
193.102,00:04,386,-92
193.502,00:02,387,-55
193.557,00:03,387,-95
193.603,00:04,387,-92
194.002,00:02,388,-55
194.057,00:03,388,-95
194.105,00:04,388,-92
194.503,00:02,389,-55
194.557,00:03,389,-95
194.603,00:04,389,-92
195.005,00:02,390,-55
195.059,00:03,390,-95
195.103,00:04,390,-92
195.504,00:02,391,-55
195.557,00:03,391,-95
195.604,00:04,391,-92
196.001,00:02,392,-56
196.058,00:03,392,-95
196.105,00:04,392,-92
196.503,00:02,393,-56
196.556,00:03,393,-95
196.602,00:04,393,-92
197.002,00:02,394,-56
197.059,00:03,394,-94
197.102,00:04,394,-92
197.501,00:02,395,-56
197.557,00:03,395,-94
197.604,00:04,395,-92
198.003,00:02,396,-56
198.057,00:03,396,-94
198.102,00:04,396,-92
198.504,00:02,397,-56
198.557,00:03,397,-94
198.602,00:04,397,-92
199.003,00:02,398,-56
199.057,00:03,398,-94
199.103,00:04,398,-91
199.502,00:02,399,-57
199.557,00:03,399,-94
199.602,00:04,399,-91
200.002,00:02,400,-57
200.059,00:03,400,-94
200.104,00:04,400,-91
200.503,00:02,401,-57
200.557,00:03,401,-94
200.604,00:04,401,-91
201.004,00:02,402,-57
201.057,00:03,402,-94
201.103,00:04,402,-91
201.503,00:02,403,-57
201.559,00:03,403,-94
201.602,00:04,403,-91
202.003,00:02,404,-57
202.058,00:03,404,-93
202.104,00:04,404,-91
202.504,00:02,405,-58
202.557,00:03,405,-93
202.603,00:04,405,-91
203.003,00:02,406,-58
203.057,00:03,406,-93
203.104,00:04,406,-91
203.502,00:02,407,-58
203.557,00:03,407,-93
203.603,00:04,407,-91
204.003,00:02,408,-58
204.058,00:03,408,-93
204.101,00:04,408,-91
204.501,00:02,409,-58
204.557,00:03,409,-93
204.604,00:04,409,-91
205.005,00:02,410,-59
205.057,00:03,410,-93
205.104,00:04,410,-91
205.503,00:02,411,-59
205.558,00:03,411,-93
205.604,00:04,411,-91
206.003,00:02,412,-59
206.058,00:03,412,-93
206.103,00:04,412,-91
206.502,00:02,413,-60
206.558,00:03,413,-92
206.602,00:04,413,-91
207.004,00:02,414,-60
207.057,00:03,414,-92
207.103,00:04,414,-91
207.502,00:02,415,-60
207.556,00:03,415,-92
207.605,00:04,415,-91
208.003,00:02,416,-61
208.057,00:03,416,-92
208.103,00:04,416,-91
208.502,00:02,417,-61
208.557,00:03,417,-92
208.603,00:04,417,-91
209.002,00:02,418,-61
209.057,00:03,418,-92
209.103,00:04,418,-91
209.502,00:02,419,-62
209.558,00:03,419,-92
209.604,00:04,419,-91
210.003,00:02,420,-62
210.058,00:03,420,-92
210.104,00:04,420,-91
210.502,00:02,421,-62
210.557,00:03,421,-92
210.605,00:04,421,-91
211.001,00:02,422,-63
211.059,00:03,422,-91
211.103,00:04,422,-91
211.502,00:02,423,-63
211.559,00:03,423,-91
211.602,00:04,423,-91
212.002,00:02,424,-63
212.057,00:03,424,-91
212.103,00:04,424,-90
212.501,00:02,425,-63
212.557,00:03,425,-91
212.603,00:04,425,-90
213.002,00:02,426,-64
213.057,00:03,426,-91
213.102,00:04,426,-90
213.502,00:02,427,-64
213.558,00:03,427,-91
213.603,00:04,427,-90
214.004,00:02,428,-64
214.057,00:03,428,-91
214.101,00:04,428,-90
214.502,00:02,429,-65
214.557,00:03,429,-91
214.604,00:04,429,-90
215.001,00:02,430,-65
215.058,00:03,430,-90
215.102,00:04,430,-90
215.502,00:02,431,-65
215.558,00:03,431,-90
215.605,00:04,431,-90
216.004,00:02,432,-65
216.059,00:03,432,-90
216.103,00:04,432,-90
216.501,00:02,433,-66
216.557,00:03,433,-90
216.601,00:04,433,-90
217.004,00:02,434,-66
217.059,00:03,434,-90
217.103,00:04,434,-90
217.502,00:02,435,-66
217.557,00:03,435,-90
217.604,00:04,435,-90
218.004,00:02,436,-67
218.057,00:03,436,-90
218.103,00:04,436,-90
218.503,00:02,437,-67
218.557,00:03,437,-90
218.603,00:04,437,-90
219.002,00:02,438,-67
219.057,00:03,438,-89
219.102,00:04,438,-90
219.504,00:02,439,-67
219.558,00:03,439,-89
219.604,00:04,439,-90
220.001,00:02,440,-68
220.059,00:03,440,-89
220.103,00:04,440,-90
220.504,00:02,441,-68
220.557,00:03,441,-89
220.603,00:04,441,-90
221.001,00:02,442,-68
221.059,00:03,442,-89
221.103,00:04,442,-90
221.503,00:02,443,-68
221.559,00:03,443,-89
221.605,00:04,443,-90
222.002,00:02,444,-69
222.057,00:03,444,-89
222.103,00:04,444,-90
222.502,00:02,445,-69
222.557,00:03,445,-89
222.604,00:04,445,-90
223.003,00:02,446,-69
223.059,00:03,446,-88
223.102,00:04,446,-90
223.503,00:02,447,-69
223.56,00:03,447,-88
223.601,00:04,447,-90
224.003,00:02,448,-70
224.058,00:03,448,-88
224.102,00:04,448,-90
224.503,00:02,449,-70
224.558,00:03,449,-88
224.604,00:04,449,-90
225.004,00:02,450,-70
225.059,00:03,450,-88
225.102,00:04,450,-90
225.503,00:02,451,-70
225.558,00:03,451,-88
225.604,00:04,451,-90
226.001,00:02,452,-70
226.057,00:03,452,-87
226.102,00:04,452,-90
226.501,00:02,453,-71
226.559,00:03,453,-87
226.604,00:04,453,-90
227.004,00:02,454,-71
227.058,00:03,454,-87
227.102,00:04,454,-90
227.5,00:02,455,-71
227.558,00:03,455,-87
227.602,00:04,455,-90
228.002,00:02,456,-71
228.057,00:03,456,-87
228.103,00:04,456,-90
228.502,00:02,457,-72
228.558,00:03,457,-87
228.603,00:04,457,-90
229.002,00:02,458,-72
229.058,00:03,458,-87
229.102,00:04,458,-90
229.502,00:02,459,-72
229.556,00:03,459,-86
229.605,00:04,459,-90
230.003,00:02,460,-72
230.057,00:03,460,-86
230.102,00:04,460,-90
230.503,00:02,461,-72
230.557,00:03,461,-86
230.604,00:04,461,-90
231.002,00:02,462,-73
231.058,00:03,462,-86
231.103,00:04,462,-90
231.5,00:02,463,-73
231.559,00:03,463,-86
231.604,00:04,463,-90
232.002,00:02,464,-73
232.059,00:03,464,-86
232.103,00:04,464,-90
232.502,00:02,465,-73
232.558,00:03,465,-85
232.603,00:04,465,-90
233.001,00:02,466,-73
233.058,00:03,466,-85
233.103,00:04,466,-90
233.503,00:02,467,-74
233.557,00:03,467,-85
233.604,00:04,467,-90
234.002,00:02,468,-74
234.057,00:03,468,-85
234.102,00:04,468,-90
234.503,00:02,469,-74
234.558,00:03,469,-85
234.603,00:04,469,-90
235.003,00:02,470,-74
235.059,00:03,470,-85
235.103,00:04,470,-90
235.503,00:02,471,-74
235.558,00:03,471,-84
235.602,00:04,471,-90
236.001,00:02,472,-74
236.056,00:03,472,-84
236.105,00:04,472,-90
236.502,00:02,473,-75
236.558,00:03,473,-84
236.602,00:04,473,-90
237.002,00:02,474,-75
237.058,00:03,474,-84
237.102,00:04,474,-90
237.503,00:02,475,-75
237.559,00:03,475,-84
237.602,00:04,475,-90
238.003,00:02,476,-75
238.058,00:03,476,-84
238.103,00:04,476,-90
238.504,00:02,477,-75
238.557,00:03,477,-83
238.603,00:04,477,-90
239.002,00:02,478,-76
239.057,00:03,478,-83
239.103,00:04,478,-90
239.502,00:02,479,-76
239.558,00:03,479,-83
239.605,00:04,479,-90
240.002,00:02,480,-76
240.059,00:03,480,-83
240.102,00:04,480,-90
240.502,00:02,481,-76
240.558,00:03,481,-83
240.602,00:04,481,-90
241.004,00:02,482,-76
241.056,00:03,482,-82
241.104,00:04,482,-90
241.504,00:02,483,-76
241.558,00:03,483,-82
241.602,00:04,483,-90
242.001,00:02,484,-77
242.058,00:03,484,-82
242.104,00:04,484,-90
242.503,00:02,485,-77
242.56,00:03,485,-82
242.602,00:04,485,-90
243.002,00:02,486,-77
243.06,00:03,486,-82
243.103,00:04,486,-90
243.503,00:02,487,-77
243.558,00:03,487,-81
243.604,00:04,487,-90
244.001,00:02,488,-77
244.058,00:03,488,-81
244.102,00:04,488,-90
244.501,00:02,489,-77
244.558,00:03,489,-81
244.603,00:04,489,-90
245.001,00:02,490,-77
245.059,00:03,490,-81
245.103,00:04,490,-90
245.502,00:02,491,-78
245.559,00:03,491,-81
245.604,00:04,491,-90
246.002,00:02,492,-78
246.058,00:03,492,-80
246.103,00:04,492,-90
246.502,00:02,493,-78
246.558,00:03,493,-80
246.604,00:04,493,-90
247.001,00:02,494,-78
247.059,00:03,494,-80
247.104,00:04,494,-90
247.503,00:02,495,-78
247.558,00:03,495,-80
247.601,00:04,495,-90
248.002,00:02,496,-78
248.058,00:03,496,-80
248.103,00:04,496,-90
248.501,00:02,497,-79
248.557,00:03,497,-79
248.602,00:04,497,-90
249.001,00:02,498,-79
249.058,00:03,498,-79
249.102,00:04,498,-90
249.502,00:02,499,-79
249.558,00:03,499,-79
249.605,00:04,499,-90
250.003,00:02,500,-79
250.06,00:03,500,-79
250.103,00:04,500,-90
250.503,00:02,501,-79
250.559,00:03,501,-78
250.603,00:04,501,-90
251.002,00:02,502,-79
251.057,00:03,502,-78
251.102,00:04,502,-90
251.501,00:02,503,-79
251.558,00:03,503,-78
251.603,00:04,503,-90
252.003,00:02,504,-80
252.058,00:03,504,-78
252.103,00:04,504,-90
252.503,00:02,505,-80
252.557,00:03,505,-77
252.603,00:04,505,-90
253.002,00:02,506,-80
253.06,00:03,506,-77
253.102,00:04,506,-90
253.502,00:02,507,-80
253.557,00:03,507,-77
253.604,00:04,507,-90
254.002,00:02,508,-80
254.058,00:03,508,-77
254.103,00:04,508,-90
254.502,00:02,509,-80
254.559,00:03,509,-76
254.602,00:04,509,-90
255.001,00:02,510,-80
255.057,00:03,510,-76
255.104,00:04,510,-90
255.501,00:02,511,-80
255.56,00:03,511,-76
255.603,00:04,511,-90
256,00:02,512,-81
256.059,00:03,512,-76
256.104,00:04,512,-90
256.503,00:02,513,-81
256.557,00:03,513,-75
256.602,00:04,513,-90
257.001,00:02,514,-81
257.058,00:03,514,-75
257.103,00:04,514,-90
257.5,00:02,515,-81
257.558,00:03,515,-75
257.604,00:04,515,-90
258.001,00:02,516,-81
258.057,00:03,516,-75
258.103,00:04,516,-90
258.502,00:02,517,-81
258.557,00:03,517,-74
258.603,00:04,517,-90
259.001,00:02,518,-81
259.058,00:03,518,-74
259.104,00:04,518,-90
259.501,00:02,519,-81
259.56,00:03,519,-74
259.604,00:04,519,-90
260.002,00:02,520,-82
260.058,00:03,520,-73
260.103,00:04,520,-90
260.504,00:02,521,-82
260.56,00:03,521,-73
260.602,00:04,521,-90
261.003,00:02,522,-82
261.059,00:03,522,-73
261.104,00:04,522,-90
261.501,00:02,523,-82
261.558,00:03,523,-73
261.603,00:04,523,-90
262.001,00:02,524,-82
262.059,00:03,524,-72
262.104,00:04,524,-90
262.503,00:02,525,-82
262.557,00:03,525,-72
262.602,00:04,525,-91
263.002,00:02,526,-82
263.059,00:03,526,-72
263.103,00:04,526,-91
263.502,00:02,527,-82
263.559,00:03,527,-71
263.602,00:04,527,-91
264.002,00:02,528,-83
264.059,00:03,528,-71
264.103,00:04,528,-91
264.503,00:02,529,-83
264.559,00:03,529,-71
264.602,00:04,529,-91
265.001,00:02,530,-83
265.06,00:03,530,-70
265.102,00:04,530,-91
265.503,00:02,531,-83
265.559,00:03,531,-70
265.603,00:04,531,-91
266,00:02,532,-83
266.057,00:03,532,-70
266.104,00:04,532,-91
266.502,00:02,533,-83
266.559,00:03,533,-69
266.604,00:04,533,-91
267.002,00:02,534,-83
267.058,00:03,534,-69
267.101,00:04,534,-91
267.502,00:02,535,-83
267.558,00:03,535,-69
267.601,00:04,535,-91
268.003,00:02,536,-83
268.059,00:03,536,-68
268.103,00:04,536,-91
268.501,00:02,537,-84
268.558,00:03,537,-68
268.602,00:04,537,-91
269.002,00:02,538,-84
269.059,00:03,538,-68
269.101,00:04,538,-91
269.501,00:02,539,-84
269.558,00:03,539,-67
269.602,00:04,539,-91
270.002,00:02,540,-84
270.057,00:03,540,-67
270.102,00:04,540,-91
270.501,00:02,541,-84
270.558,00:03,541,-67
270.603,00:04,541,-91
271.002,00:02,542,-84
271.059,00:03,542,-67
271.103,00:04,542,-91
271.501,00:02,543,-84
271.558,00:03,543,-67
271.601,00:04,543,-91
272.001,00:02,544,-84
272.058,00:03,544,-66
272.102,00:04,544,-91
272.503,00:02,545,-84
272.558,00:03,545,-66
272.603,00:04,545,-91
273.001,00:02,546,-85
273.06,00:03,546,-66
273.103,00:04,546,-91
273.503,00:02,547,-85
273.558,00:03,547,-66
273.603,00:04,547,-91
274,00:02,548,-85
274.058,00:03,548,-66
274.103,00:04,548,-91
274.5,00:02,549,-85
274.558,00:03,549,-66
274.604,00:04,549,-91
275.002,00:02,550,-85
275.058,00:03,550,-65
275.104,00:04,550,-92
275.502,00:02,551,-85
275.558,00:03,551,-65
275.604,00:04,551,-92
276.003,00:02,552,-85
276.058,00:03,552,-65
276.103,00:04,552,-92
276.501,00:02,553,-85
276.558,00:03,553,-65
276.604,00:04,553,-92
277.001,00:02,554,-85
277.059,00:03,554,-65
277.101,00:04,554,-92
277.502,00:02,555,-85
277.558,00:03,555,-65
277.603,00:04,555,-92
278.001,00:02,556,-86
278.058,00:03,556,-65
278.103,00:04,556,-92
278.501,00:02,557,-86
278.558,00:03,557,-65
278.601,00:04,557,-92
279.002,00:02,558,-86
279.056,00:03,558,-65
279.101,00:04,558,-92
279.503,00:02,559,-86
279.557,00:03,559,-64
279.601,00:04,559,-92
280.002,00:02,560,-86
280.06,00:03,560,-64
280.105,00:04,560,-92
280.501,00:02,561,-86
280.559,00:03,561,-64
280.601,00:04,561,-92
281,00:02,562,-86
281.058,00:03,562,-64
281.101,00:04,562,-92
281.503,00:02,563,-86
281.559,00:03,563,-64
281.605,00:04,563,-92
282.001,00:02,564,-86
282.059,00:03,564,-64
282.102,00:04,564,-92
282.503,00:02,565,-86
282.559,00:03,565,-65
282.602,00:04,565,-92
283.001,00:02,566,-86
283.058,00:03,566,-65
283.102,00:04,566,-92
283.501,00:02,567,-86
283.559,00:03,567,-65
283.603,00:04,567,-92
284.002,00:02,568,-86
284.06,00:03,568,-66
284.105,00:04,568,-92
284.5,00:02,569,-86
284.559,00:03,569,-66
284.602,00:04,569,-92
285.001,00:02,570,-86
285.058,00:03,570,-66
285.102,00:04,570,-92
285.501,00:02,571,-86
285.558,00:03,571,-67
285.602,00:04,571,-92
286.002,00:02,572,-86
286.056,00:03,572,-67
286.105,00:04,572,-91
286.502,00:02,573,-86
286.558,00:03,573,-67
286.604,00:04,573,-91
287.001,00:02,574,-86
287.06,00:03,574,-67
287.104,00:04,574,-91
287.501,00:02,575,-86
287.557,00:03,575,-67
287.603,00:04,575,-91
288.002,00:02,576,-86
288.057,00:03,576,-67
288.103,00:04,576,-91
288.501,00:02,577,-86
288.559,00:03,577,-67
288.603,00:04,577,-91
289.002,00:02,578,-86
289.058,00:03,578,-67
289.104,00:04,578,-91
289.503,00:02,579,-86
289.556,00:03,579,-68
289.603,00:04,579,-91
290.001,00:02,580,-86
290.059,00:03,580,-68
290.104,00:04,580,-91
290.501,00:02,581,-86
290.557,00:03,581,-68
290.603,00:04,581,-91
291.003,00:02,582,-86
291.057,00:03,582,-68
291.102,00:04,582,-91
291.502,00:02,583,-86
291.558,00:03,583,-68
291.602,00:04,583,-91
292.001,00:02,584,-86
292.058,00:03,584,-68
292.103,00:04,584,-91
292.502,00:02,585,-86
292.558,00:03,585,-68
292.604,00:04,585,-91
293.001,00:02,586,-86
293.06,00:03,586,-68
293.103,00:04,586,-91
293.501,00:02,587,-85
293.56,00:03,587,-68
293.603,00:04,587,-91
294.003,00:02,588,-85
294.059,00:03,588,-68
294.103,00:04,588,-91
294.5,00:02,589,-85
294.558,00:03,589,-69
294.603,00:04,589,-91
295.001,00:02,590,-85
295.056,00:03,590,-69
295.104,00:04,590,-91
295.501,00:02,591,-85
295.557,00:03,591,-69
295.602,00:04,591,-91
296,00:02,592,-85
296.058,00:03,592,-69
296.101,00:04,592,-90
296.503,00:02,593,-85
296.559,00:03,593,-69
296.605,00:04,593,-90
297.002,00:02,594,-85
297.059,00:03,594,-69
297.102,00:04,594,-90
297.501,00:02,595,-85
297.559,00:03,595,-70
297.603,00:04,595,-90
298.001,00:02,596,-85
298.058,00:03,596,-70
298.103,00:04,596,-90
298.502,00:02,597,-84
298.558,00:03,597,-70
298.602,00:04,597,-90
299.001,00:02,598,-84
299.057,00:03,598,-70
299.104,00:04,598,-90
299.501,00:02,599,-84
299.56,00:03,599,-70
299.603,00:04,599,-90
299.999,00:02,600,-84
300.057,00:03,600,-71
300.102,00:04,600,-90
300.503,00:02,601,-84
300.559,00:03,601,-71
300.605,00:04,601,-90
301.001,00:02,602,-84
301.056,00:03,602,-71
301.104,00:04,602,-90
301.501,00:02,603,-84
301.559,00:03,603,-71
301.602,00:04,603,-90
302,00:02,604,-84
302.057,00:03,604,-72
302.101,00:04,604,-90
302.502,00:02,605,-84
302.557,00:03,605,-72
302.603,00:04,605,-90
303.001,00:02,606,-83
303.057,00:03,606,-72
303.104,00:04,606,-90
303.5,00:02,607,-83
303.557,00:03,607,-72
303.603,00:04,607,-90
304.002,00:02,608,-83
304.057,00:03,608,-72
304.101,00:04,608,-90
304.499,00:02,609,-83
304.559,00:03,609,-73
304.604,00:04,609,-90
305.001,00:02,610,-83
305.06,00:03,610,-73
305.102,00:04,610,-90
305.501,00:02,611,-83
305.558,00:03,611,-73
305.604,00:04,611,-90
306,00:02,612,-83
306.057,00:03,612,-73
306.101,00:04,612,-90
306.503,00:02,613,-83
306.557,00:03,613,-74
306.603,00:04,613,-90
307.003,00:02,614,-83
307.06,00:03,614,-74
307.102,00:04,614,-90
307.501,00:02,615,-82
307.558,00:03,615,-74
307.601,00:04,615,-89
308.001,00:02,616,-82
308.058,00:03,616,-74
308.103,00:04,616,-89
308.5,00:02,617,-82
308.558,00:03,617,-75
308.602,00:04,617,-89
309.003,00:02,618,-82
309.059,00:03,618,-75
309.104,00:04,618,-89
309.501,00:02,619,-82
309.557,00:03,619,-75
309.603,00:04,619,-89
310,00:02,620,-82
310.059,00:03,620,-75
310.102,00:04,620,-89
310.5,00:02,621,-82
310.557,00:03,621,-76
310.604,00:04,621,-89
311,00:02,622,-82
311.057,00:03,622,-76
311.103,00:04,622,-89
311.5,00:02,623,-82
311.557,00:03,623,-76
311.602,00:04,623,-89
312.002,00:02,624,-81
312.058,00:03,624,-76
312.103,00:04,624,-89
312.501,00:02,625,-81
312.558,00:03,625,-77
312.603,00:04,625,-89
313.003,00:02,626,-81
313.057,00:03,626,-77
313.102,00:04,626,-89
313.5,00:02,627,-81
313.559,00:03,627,-77
313.602,00:04,627,-89
314,00:02,628,-81
314.058,00:03,628,-77
314.103,00:04,628,-89
314.503,00:02,629,-81
314.559,00:03,629,-77
314.604,00:04,629,-89
315.002,00:02,630,-81
315.059,00:03,630,-78
315.102,00:04,630,-89
315.5,00:02,631,-81
315.558,00:03,631,-78
315.601,00:04,631,-89
316,00:02,632,-80
316.057,00:03,632,-78
316.103,00:04,632,-89
316.501,00:02,633,-80
316.559,00:03,633,-78
316.603,00:04,633,-89
317.002,00:02,634,-80
317.059,00:03,634,-79
317.103,00:04,634,-89
317.5,00:02,635,-80
317.558,00:03,635,-79
317.602,00:04,635,-89
318,00:02,636,-80
318.058,00:03,636,-79
318.103,00:04,636,-89
318.502,00:02,637,-80
318.559,00:03,637,-79
318.602,00:04,637,-89
319.003,00:02,638,-80
319.058,00:03,638,-79
319.102,00:04,638,-89
319.501,00:02,639,-79
319.559,00:03,639,-80
319.603,00:04,639,-89
320,00:02,640,-79
320.059,00:03,640,-80
320.101,00:04,640,-89
320.502,00:02,641,-79
320.558,00:03,641,-80
320.603,00:04,641,-89
321.001,00:02,642,-79
321.059,00:03,642,-80
321.105,00:04,642,-89
321.5,00:02,643,-79
321.558,00:03,643,-80
321.602,00:04,643,-89
322.001,00:02,644,-79
322.059,00:03,644,-81
322.104,00:04,644,-89
322.5,00:02,645,-79
322.56,00:03,645,-81
322.603,00:04,645,-89
323.001,00:02,646,-78
323.056,00:03,646,-81
323.102,00:04,646,-89
323.502,00:02,647,-78
323.559,00:03,647,-81
323.601,00:04,647,-89
324.001,00:02,648,-78
324.059,00:03,648,-81
324.101,00:04,648,-89
324.5,00:02,649,-78
324.56,00:03,649,-82
324.602,00:04,649,-89
325.001,00:02,650,-78
325.058,00:03,650,-82
325.103,00:04,650,-89
325.501,00:02,651,-78
325.557,00:03,651,-82
325.601,00:04,651,-89
326.001,00:02,652,-78
326.058,00:03,652,-82
326.103,00:04,652,-89
326.501,00:02,653,-77
326.557,00:03,653,-82
326.602,00:04,653,-89
327.002,00:02,654,-81
327.059,00:03,654,-86
327.103,00:04,654,-93
327.501,00:02,655,-81
327.557,00:03,655,-87
327.604,00:04,655,-92
328.002,00:02,656,-81
328.058,00:03,656,-87
328.103,00:04,656,-92
328.502,00:02,657,-81
328.558,00:03,657,-87
328.602,00:04,657,-92
329.001,00:02,658,-81
329.058,00:03,658,-87
329.102,00:04,658,-92
329.501,00:02,659,-81
329.558,00:03,659,-87
329.601,00:04,659,-92
330.001,00:02,660,-80
330.058,00:03,660,-88
330.102,00:04,660,-92
330.501,00:02,661,-80
330.558,00:03,661,-88
330.602,00:04,661,-92
331.001,00:02,662,-80
331.057,00:03,662,-88
331.103,00:04,662,-92
331.5,00:02,663,-80
331.557,00:03,663,-88
331.603,00:04,663,-92
332.002,00:02,664,-80
332.059,00:03,664,-88
332.104,00:04,664,-92
332.5,00:02,665,-80
332.558,00:03,665,-88
332.604,00:04,665,-92
333.001,00:02,666,-79
333.058,00:03,666,-89
333.104,00:04,666,-92
333.499,00:02,667,-79
333.557,00:03,667,-89
333.603,00:04,667,-92
334,00:02,668,-79
334.058,00:03,668,-89
334.103,00:04,668,-92
334.501,00:02,669,-79
334.558,00:03,669,-89
334.604,00:04,669,-92
334.999,00:02,670,-79
335.058,00:03,670,-89
335.102,00:04,670,-92
335.5,00:02,671,-79
335.557,00:03,671,-89
335.602,00:04,671,-92
336.001,00:02,672,-78
336.058,00:03,672,-90
336.101,00:04,672,-92
336.499,00:02,673,-78
336.559,00:03,673,-90
336.603,00:04,673,-92
337.002,00:02,674,-78
337.058,00:03,674,-90
337.103,00:04,674,-92
337.5,00:02,675,-78
337.559,00:03,675,-90
337.602,00:04,675,-92
338.001,00:02,676,-78
338.058,00:03,676,-90
338.102,00:04,676,-92
338.502,00:02,677,-78
338.56,00:03,677,-90
338.604,00:04,677,-93
339.002,00:02,678,-73
339.059,00:03,678,-86
339.104,00:04,678,-89
339.5,00:02,679,-73
339.558,00:03,679,-87
339.603,00:04,679,-89
340.001,00:02,680,-73
340.059,00:03,680,-87
340.102,00:04,680,-89
340.502,00:02,681,-73
340.558,00:03,681,-87
340.604,00:04,681,-89
340.999,00:02,682,-73
341.059,00:03,682,-87
341.103,00:04,682,-89
341.502,00:02,683,-72
341.56,00:03,683,-87
341.604,00:04,683,-89
342,00:02,684,-72
342.058,00:03,684,-87
342.103,00:04,684,-89
342.5,00:02,685,-72
342.558,00:03,685,-88
342.604,00:04,685,-89
343.001,00:02,686,-72
343.058,00:03,686,-88
343.105,00:04,686,-89
343.5,00:02,687,-72
343.557,00:03,687,-88
343.603,00:04,687,-89
344.001,00:02,688,-71
344.058,00:03,688,-88
344.105,00:04,688,-89
344.501,00:02,689,-71
344.559,00:03,689,-88
344.602,00:04,689,-89
345.002,00:02,690,-71
345.06,00:03,690,-88
345.102,00:04,690,-89
345.501,00:02,691,-71
345.559,00:03,691,-88
345.603,00:04,691,-89
346.001,00:02,692,-71
346.059,00:03,692,-88
346.102,00:04,692,-89
346.501,00:02,693,-70
346.559,00:03,693,-89
346.602,00:04,693,-89
347,00:02,694,-70
347.059,00:03,694,-89
347.102,00:04,694,-89
347.501,00:02,695,-70
347.557,00:03,695,-89
347.602,00:04,695,-89
347.998,00:02,696,-70
348.061,00:03,696,-89
348.102,00:04,696,-89
348.5,00:02,697,-70
348.558,00:03,697,-89
348.604,00:04,697,-89
349.001,00:02,698,-69
349.058,00:03,698,-89
349.104,00:04,698,-89
349.501,00:02,699,-69
349.559,00:03,699,-89
349.604,00:04,699,-89
350.001,00:02,700,-69
350.06,00:03,700,-90
350.104,00:04,700,-89
350.501,00:02,701,-69
350.558,00:03,701,-90
350.601,00:04,701,-89
351.002,00:02,702,-68
351.058,00:03,702,-90
351.102,00:04,702,-89
351.499,00:02,703,-68
351.558,00:03,703,-90
351.604,00:04,703,-89
351.999,00:02,704,-68
352.058,00:03,704,-90
352.102,00:04,704,-89
352.499,00:02,705,-68
352.558,00:03,705,-90
352.604,00:04,705,-89
353,00:02,706,-68
353.058,00:03,706,-90
353.103,00:04,706,-89
353.502,00:02,707,-67
353.558,00:03,707,-90
353.602,00:04,707,-89
353.999,00:02,708,-67
354.06,00:03,708,-91
354.102,00:04,708,-89
354.501,00:02,709,-67
354.558,00:03,709,-91
354.602,00:04,709,-89
355.001,00:02,710,-67
355.057,00:03,710,-91
355.104,00:04,710,-89
355.5,00:02,711,-66
355.56,00:03,711,-91
355.604,00:04,711,-89
355.999,00:02,712,-66
356.057,00:03,712,-91
356.103,00:04,712,-89
356.499,00:02,713,-66
356.557,00:03,713,-91
356.602,00:04,713,-89
356.999,00:02,714,-66
357.058,00:03,714,-91
357.102,00:04,714,-89
357.499,00:02,715,-65
357.558,00:03,715,-91
357.603,00:04,715,-89
358,00:02,716,-65
358.06,00:03,716,-92
358.101,00:04,716,-89
358.501,00:02,717,-65
358.559,00:03,717,-92
358.603,00:04,717,-89
359,00:02,718,-65
359.058,00:03,718,-92
359.1,00:04,718,-90
359.501,00:02,719,-65
359.56,00:03,719,-92
359.602,00:04,719,-90
359.999,00:02,720,-64
360.057,00:03,720,-92
360.103,00:04,720,-90
360.499,00:02,721,-64
360.559,00:03,721,-92
360.603,00:04,721,-90
360.998,00:02,722,-64
361.059,00:03,722,-96
361.103,00:04,722,-94
361.5,00:02,723,-68
361.56,00:03,723,-96
361.604,00:04,723,-94
361.999,00:02,724,-67
362.058,00:03,724,-96
362.103,00:04,724,-94
362.501,00:02,725,-67
362.56,00:03,725,-97
362.602,00:04,725,-94
363.001,00:02,726,-67
363.06,00:03,726,-97
363.102,00:04,726,-94
363.501,00:02,727,-67
363.557,00:03,727,-97
363.602,00:04,727,-94
364,00:02,728,-66
364.059,00:03,728,-97
364.101,00:04,728,-94
364.499,00:02,729,-66
364.559,00:03,729,-97
364.603,00:04,729,-94
365,00:02,730,-66
365.058,00:03,730,-93
365.104,00:04,730,-90
365.501,00:02,731,-62
365.557,00:03,731,-93
365.602,00:04,731,-90
366.001,00:02,732,-61
366.06,00:03,732,-93
366.101,00:04,732,-90
366.5,00:02,733,-61
366.559,00:03,733,-93
366.602,00:04,733,-90
367,00:02,734,-61
367.058,00:03,734,-93
367.103,00:04,734,-90
367.502,00:02,735,-61
367.559,00:03,735,-94
367.601,00:04,735,-90
367.999,00:02,736,-61
368.059,00:03,736,-94
368.101,00:04,736,-90
368.501,00:02,737,-60
368.559,00:03,737,-94
368.601,00:04,737,-90
369,00:02,738,-60
369.058,00:03,738,-94
369.102,00:04,738,-90
369.5,00:02,739,-60
369.561,00:03,739,-94
369.602,00:04,739,-90
370,00:02,740,-60
370.059,00:03,740,-94
370.102,00:04,740,-90
370.499,00:02,741,-60
370.557,00:03,741,-94
370.601,00:04,741,-91
370.999,00:02,742,-60
371.057,00:03,742,-94
371.102,00:04,742,-91
371.499,00:02,743,-59
371.561,00:03,743,-94
371.602,00:04,743,-91
372.001,00:02,744,-59
372.058,00:03,744,-94
372.101,00:04,744,-91
372.499,00:02,745,-59
372.559,00:03,745,-95
372.602,00:04,745,-91
373.001,00:02,746,-59
373.061,00:03,746,-95
373.102,00:04,746,-91
373.501,00:02,747,-59
373.558,00:03,747,-95
373.603,00:04,747,-91
374.001,00:02,748,-59
374.059,00:03,748,-95
374.102,00:04,748,-91
374.499,00:02,749,-59
374.56,00:03,749,-95
374.602,00:04,749,-91
374.999,00:02,750,-59
375.059,00:03,750,-95
375.104,00:04,750,-91
375.502,00:02,751,-58
375.559,00:03,751,-95
375.603,00:04,751,-91
376,00:02,752,-58
376.058,00:03,752,-95
376.103,00:04,752,-91
376.498,00:02,753,-58
376.559,00:03,753,-95
376.601,00:04,753,-91
377,00:02,754,-58
377.06,00:03,754,-95
377.102,00:04,754,-91
377.5,00:02,755,-58
377.557,00:03,755,-96
377.604,00:04,755,-91
378,00:02,756,-58
378.06,00:03,756,-96
378.101,00:04,756,-91
378.498,00:02,757,-59
378.559,00:03,757,-96
378.603,00:04,757,-91
378.999,00:02,758,-59
379.057,00:03,758,-96
379.102,00:04,758,-91
379.499,00:02,759,-60
379.56,00:03,759,-96
379.603,00:04,759,-91
380.002,00:02,760,-60
380.057,00:03,760,-96
380.103,00:04,760,-91
380.499,00:02,761,-61
380.559,00:03,761,-96
380.603,00:04,761,-91
380.998,00:02,762,-61
381.057,00:03,762,-96
381.103,00:04,762,-91
381.5,00:02,763,-61
381.56,00:03,763,-96
381.603,00:04,763,-91
382,00:02,764,-62
382.059,00:03,764,-96
382.103,00:04,764,-91
382.5,00:02,765,-62
382.56,00:03,765,-96
382.603,00:04,765,-91
383,00:02,766,-63
383.058,00:03,766,-96
383.102,00:04,766,-90
383.5,00:02,767,-63
383.558,00:03,767,-96
383.602,00:04,767,-90
384,00:02,768,-63
384.06,00:03,768,-96
384.104,00:04,768,-90
384.5,00:02,769,-63
384.558,00:03,769,-96
384.603,00:04,769,-90
385,00:02,770,-63
385.059,00:03,770,-96
385.102,00:04,770,-90
385.499,00:02,771,-63
385.558,00:03,771,-96
385.603,00:04,771,-90
386.002,00:02,772,-63
386.06,00:03,772,-95
386.102,00:04,772,-90
386.5,00:02,773,-63
386.559,00:03,773,-95
386.603,00:04,773,-90
387.001,00:02,774,-63
387.057,00:03,774,-95
387.103,00:04,774,-90
387.498,00:02,775,-63
387.558,00:03,775,-95
387.604,00:04,775,-90
387.999,00:02,776,-63
388.06,00:03,776,-95
388.102,00:04,776,-90
388.499,00:02,777,-63
388.558,00:03,777,-95
388.602,00:04,777,-90
389.002,00:02,778,-63
389.058,00:03,778,-95
389.102,00:04,778,-90
389.499,00:02,779,-63
389.56,00:03,779,-95
389.604,00:04,779,-90
389.999,00:02,780,-63
390.058,00:03,780,-95
390.103,00:04,780,-90
390.5,00:02,781,-63
390.559,00:03,781,-95
390.603,00:04,781,-90
391,00:02,782,-63
391.058,00:03,782,-95
391.103,00:04,782,-90
391.5,00:02,783,-63
391.56,00:03,783,-94
391.603,00:04,783,-90
391.999,00:02,784,-64
392.059,00:03,784,-94
392.104,00:04,784,-89
392.5,00:02,785,-64
392.559,00:03,785,-94
392.601,00:04,785,-89
393.001,00:02,786,-64
393.058,00:03,786,-94
393.101,00:04,786,-89
393.498,00:02,787,-64
393.559,00:03,787,-94
393.601,00:04,787,-89
394,00:02,788,-64
394.059,00:03,788,-94
394.102,00:04,788,-89
394.501,00:02,789,-64
394.559,00:03,789,-94
394.602,00:04,789,-89
395.001,00:02,790,-64
395.059,00:03,790,-94
395.101,00:04,790,-89
395.5,00:02,791,-64
395.56,00:03,791,-94
395.603,00:04,791,-89
396,00:02,792,-65
396.058,00:03,792,-94
396.103,00:04,792,-89
396.501,00:02,793,-65
396.558,00:03,793,-93
396.604,00:04,793,-89
396.999,00:02,794,-65
397.059,00:03,794,-97
397.102,00:04,794,-93
397.499,00:02,795,-69
397.559,00:03,795,-97
397.603,00:04,795,-93
398,00:02,796,-69
398.058,00:03,796,-97
398.1,00:04,796,-93
398.5,00:02,797,-69
398.558,00:03,797,-97
398.601,00:04,797,-93
398.998,00:02,798,-70
399.058,00:03,798,-97
399.104,00:04,798,-93
399.5,00:02,799,-70
399.559,00:03,799,-97
399.602,00:04,799,-93
399.999,00:02,800,-70
400.059,00:03,800,-97
400.102,00:04,800,-93
400.5,00:02,801,-70
400.557,00:03,801,-97
400.601,00:04,801,-93
400.999,00:02,802,-70
401.057,00:03,802,-92
401.102,00:04,802,-89
401.5,00:02,803,-66
401.557,00:03,803,-92
401.603,00:04,803,-89
401.999,00:02,804,-67
402.06,00:03,804,-92
402.101,00:04,804,-88
402.498,00:02,805,-67
402.559,00:03,805,-92
402.602,00:04,805,-88
402.999,00:02,806,-67
403.059,00:03,806,-92
403.103,00:04,806,-88
403.5,00:02,807,-67
403.559,00:03,807,-92
403.603,00:04,807,-88
404,00:02,808,-67
404.059,00:03,808,-92
404.104,00:04,808,-88
404.498,00:02,809,-68
404.558,00:03,809,-92
404.601,00:04,809,-88
405.001,00:02,810,-68
405.058,00:03,810,-92
405.103,00:04,810,-88
405.5,00:02,811,-68
405.559,00:03,811,-91
405.602,00:04,811,-88
406,00:02,812,-68
406.059,00:03,812,-91
406.101,00:04,812,-88
406.5,00:02,813,-68
406.559,00:03,813,-91
406.601,00:04,813,-88
407,00:02,814,-69
407.059,00:03,814,-91
407.101,00:04,814,-88
407.501,00:02,815,-69
407.559,00:03,815,-91
407.603,00:04,815,-88
408.001,00:02,816,-69
408.06,00:03,816,-91
408.103,00:04,816,-88
408.5,00:02,817,-69
408.558,00:03,817,-91
408.604,00:04,817,-88
408.999,00:02,818,-69
409.059,00:03,818,-91
409.101,00:04,818,-88
409.499,00:02,819,-69
409.561,00:03,819,-91
409.603,00:04,819,-88
409.998,00:02,820,-70
410.06,00:03,820,-90
410.104,00:04,820,-88
410.5,00:02,821,-70
410.558,00:03,821,-90
410.604,00:04,821,-88
410.998,00:02,822,-70
411.059,00:03,822,-90
411.1,00:04,822,-88
411.499,00:02,823,-70
411.56,00:03,823,-90
411.602,00:04,823,-88
411.998,00:02,824,-70
412.058,00:03,824,-90
412.103,00:04,824,-88
412.498,00:02,825,-71
412.56,00:03,825,-90
412.602,00:04,825,-88
413,00:02,826,-71
413.06,00:03,826,-90
413.102,00:04,826,-88
413.499,00:02,827,-71
413.559,00:03,827,-90
413.601,00:04,827,-88
413.999,00:02,828,-71
414.059,00:03,828,-89
414.101,00:04,828,-88
414.5,00:02,829,-71
414.561,00:03,829,-89
414.6,00:04,829,-88
415,00:02,830,-71
415.06,00:03,830,-89
415.101,00:04,830,-88
415.499,00:02,831,-72
415.559,00:03,831,-89
415.602,00:04,831,-88
415.999,00:02,832,-72
416.06,00:03,832,-89
416.102,00:04,832,-88
416.5,00:02,833,-72
416.56,00:03,833,-89
416.603,00:04,833,-87
416.997,00:02,834,-72
417.058,00:03,834,-89
417.101,00:04,834,-87
417.498,00:02,835,-72
417.558,00:03,835,-89
417.603,00:04,835,-87
417.999,00:02,836,-73
418.06,00:03,836,-88
418.101,00:04,836,-87
418.498,00:02,837,-73
418.558,00:03,837,-88
418.602,00:04,837,-87
419.001,00:02,838,-73
419.059,00:03,838,-88
419.1,00:04,838,-87
419.5,00:02,839,-73
419.558,00:03,839,-88
419.603,00:04,839,-87
420,00:02,840,-73
420.059,00:03,840,-88
420.101,00:04,840,-87
420.499,00:02,841,-73
420.559,00:03,841,-88
420.603,00:04,841,-87
420.999,00:02,842,-74
421.059,00:03,842,-88
421.103,00:04,842,-87
421.498,00:02,843,-74
421.56,00:03,843,-87
421.603,00:04,843,-87
421.999,00:02,844,-74
422.06,00:03,844,-87
422.103,00:04,844,-87
422.499,00:02,845,-74
422.558,00:03,845,-87
422.602,00:04,845,-87
423,00:02,846,-74
423.059,00:03,846,-91
423.101,00:04,846,-91
423.499,00:02,847,-78
423.559,00:03,847,-91
423.602,00:04,847,-91
424,00:02,848,-79
424.06,00:03,848,-91
424.101,00:04,848,-91
424.499,00:02,849,-79
424.559,00:03,849,-91
424.602,00:04,849,-91
425.001,00:02,850,-79
425.058,00:03,850,-90
425.103,00:04,850,-91
425.5,00:02,851,-79
425.56,00:03,851,-90
425.602,00:04,851,-91
426,00:02,852,-79
426.059,00:03,852,-90
426.103,00:04,852,-91
426.497,00:02,853,-79
426.559,00:03,853,-90
426.602,00:04,853,-91
426.999,00:02,854,-80
427.06,00:03,854,-90
427.103,00:04,854,-91
427.5,00:02,855,-80
427.559,00:03,855,-90
427.601,00:04,855,-91
428,00:02,856,-80
428.058,00:03,856,-90
428.102,00:04,856,-91
428.498,00:02,857,-80
428.559,00:03,857,-89
428.603,00:04,857,-91
428.999,00:02,858,-80
429.058,00:03,858,-89
429.102,00:04,858,-91
429.5,00:02,859,-80
429.559,00:03,859,-89
429.604,00:04,859,-91
429.998,00:02,860,-80
430.06,00:03,860,-89
430.102,00:04,860,-91
430.499,00:02,861,-81
430.56,00:03,861,-89
430.602,00:04,861,-91
430.997,00:02,862,-81
431.059,00:03,862,-89
431.102,00:04,862,-91
431.498,00:02,863,-81
431.559,00:03,863,-88
431.601,00:04,863,-91
431.999,00:02,864,-81
432.059,00:03,864,-88
432.102,00:04,864,-91
432.501,00:02,865,-81
432.559,00:03,865,-88
432.601,00:04,865,-91
432.999,00:02,866,-81
433.06,00:03,866,-88
433.102,00:04,866,-91
433.5,00:02,867,-81
433.559,00:03,867,-88
433.6,00:04,867,-91
434.001,00:02,868,-82
434.059,00:03,868,-88
434.102,00:04,868,-91
434.499,00:02,869,-82
434.558,00:03,869,-88
434.602,00:04,869,-91
434.999,00:02,870,-82
435.059,00:03,870,-83
435.102,00:04,870,-87
435.498,00:02,871,-78
435.56,00:03,871,-83
435.604,00:04,871,-87
435.999,00:02,872,-78
436.059,00:03,872,-83
436.102,00:04,872,-87
436.499,00:02,873,-78
436.558,00:03,873,-83
436.603,00:04,873,-87
436.999,00:02,874,-78
437.059,00:03,874,-83
437.103,00:04,874,-87
437.498,00:02,875,-79
437.56,00:03,875,-83
437.601,00:04,875,-87
437.998,00:02,876,-79
438.059,00:03,876,-82
438.104,00:04,876,-87
438.499,00:02,877,-79
438.559,00:03,877,-82
438.602,00:04,877,-87
438.998,00:02,878,-79
439.058,00:03,878,-82
439.103,00:04,878,-87
439.5,00:02,879,-79
439.56,00:03,879,-82
439.603,00:04,879,-87
439.999,00:02,880,-79
440.059,00:03,880,-82
440.101,00:04,880,-87
440.497,00:02,881,-79
440.559,00:03,881,-81
440.603,00:04,881,-87
441,00:02,882,-80
441.06,00:03,882,-81
441.102,00:04,882,-87
441.499,00:02,883,-80
441.56,00:03,883,-81
441.604,00:04,883,-88
441.999,00:02,884,-80
442.061,00:03,884,-81
442.102,00:04,884,-88
442.5,00:02,885,-80
442.557,00:03,885,-81
442.603,00:04,885,-88
443,00:02,886,-80
443.057,00:03,886,-81
443.1,00:04,886,-88
443.5,00:02,887,-80
443.559,00:03,887,-80
443.602,00:04,887,-88
443.998,00:02,888,-80
444.06,00:03,888,-80
444.102,00:04,888,-88
444.5,00:02,889,-80
444.559,00:03,889,-80
444.602,00:04,889,-88
444.999,00:02,890,-81
445.059,00:03,890,-80
445.102,00:04,890,-88
445.5,00:02,891,-81
445.56,00:03,891,-80
445.601,00:04,891,-88
445.999,00:02,892,-81
446.058,00:03,892,-79
446.101,00:04,892,-88
446.501,00:02,893,-81
446.559,00:03,893,-79
446.604,00:04,893,-88
446.999,00:02,894,-81
447.057,00:03,894,-79
447.102,00:04,894,-88
447.498,00:02,895,-81
447.559,00:03,895,-79
447.604,00:04,895,-88
447.999,00:02,896,-81
448.059,00:03,896,-79
448.103,00:04,896,-88
448.5,00:02,897,-81
448.561,00:03,897,-79
448.602,00:04,897,-88
448.997,00:02,898,-82
449.059,00:03,898,-78
449.102,00:04,898,-88
449.499,00:02,899,-82
449.559,00:03,899,-78
449.601,00:04,899,-88
449.997,00:02,900,-82
450.06,00:03,900,-78
450.102,00:04,900,-88
450.499,00:02,901,-82
450.56,00:03,901,-78
450.602,00:04,901,-88
450.998,00:02,902,-82
451.059,00:03,902,-78
451.101,00:04,902,-88
451.499,00:02,903,-82
451.559,00:03,903,-77
451.603,00:04,903,-88
452,00:02,904,-82
452.058,00:03,904,-77
452.101,00:04,904,-88
452.499,00:02,905,-82
452.558,00:03,905,-77
452.603,00:04,905,-88
452.999,00:02,906,-82
453.058,00:03,906,-77
453.101,00:04,906,-88
453.5,00:02,907,-83
453.56,00:03,907,-77
453.601,00:04,907,-88
453.999,00:02,908,-83
454.06,00:03,908,-77
454.103,00:04,908,-88
454.499,00:02,909,-83
454.559,00:03,909,-76
454.603,00:04,909,-88
454.997,00:02,910,-83
455.059,00:03,910,-76
455.102,00:04,910,-88
455.5,00:02,911,-83
455.559,00:03,911,-76
455.602,00:04,911,-88
455.999,00:02,912,-83
456.058,00:03,912,-76
456.103,00:04,912,-89
456.499,00:02,913,-83
456.558,00:03,913,-76
456.602,00:04,913,-89
456.998,00:02,914,-83
457.061,00:03,914,-79
457.101,00:04,914,-93
457.497,00:02,915,-87
457.559,00:03,915,-79
457.602,00:04,915,-93
457.998,00:02,916,-88
458.059,00:03,916,-79
458.103,00:04,916,-93
458.498,00:02,917,-88
458.558,00:03,917,-79
458.602,00:04,917,-93
459,00:02,918,-88
459.059,00:03,918,-79
459.103,00:04,918,-93
459.5,00:02,919,-88
459.559,00:03,919,-79
459.604,00:04,919,-93
459.999,00:02,920,-88
460.059,00:03,920,-78
460.102,00:04,920,-93
460.499,00:02,921,-88
460.56,00:03,921,-78
460.603,00:04,921,-93
461,00:02,922,-88
461.059,00:03,922,-74
461.103,00:04,922,-89
461.499,00:02,923,-84
461.561,00:03,923,-74
461.601,00:04,923,-89
461.999,00:02,924,-84
462.06,00:03,924,-74
462.102,00:04,924,-89
462.498,00:02,925,-84
462.56,00:03,925,-74
462.602,00:04,925,-89
462.999,00:02,926,-85
463.058,00:03,926,-73
463.103,00:04,926,-89
463.499,00:02,927,-85
463.558,00:03,927,-73
463.601,00:04,927,-89
463.999,00:02,928,-85
464.059,00:03,928,-73
464.102,00:04,928,-89
464.499,00:02,929,-85
464.559,00:03,929,-73
464.602,00:04,929,-89
464.999,00:02,930,-85
465.059,00:03,930,-73
465.101,00:04,930,-89
465.499,00:02,931,-85
465.558,00:03,931,-73
465.603,00:04,931,-89
465.997,00:02,932,-85
466.059,00:03,932,-73
466.101,00:04,932,-90
466.498,00:02,933,-85
466.559,00:03,933,-73
466.603,00:04,933,-90
466.999,00:02,934,-85
467.058,00:03,934,-72
467.102,00:04,934,-90
467.5,00:02,935,-85
467.559,00:03,935,-72
467.602,00:04,935,-90
467.999,00:02,936,-86
468.058,00:03,936,-72
468.102,00:04,936,-90
468.499,00:02,937,-86
468.559,00:03,937,-72
468.602,00:04,937,-90
468.999,00:02,938,-86
469.058,00:03,938,-72
469.101,00:04,938,-90
469.499,00:02,939,-86
469.56,00:03,939,-72
469.602,00:04,939,-90
469.999,00:02,940,-86
470.06,00:03,940,-72
470.101,00:04,940,-90
470.497,00:02,941,-86
470.558,00:03,941,-72
470.601,00:04,941,-90
471,00:02,942,-86
471.058,00:03,942,-72
471.103,00:04,942,-90
471.498,00:02,943,-86
471.559,00:03,943,-72
471.601,00:04,943,-90
471.998,00:02,944,-86
472.059,00:03,944,-72
472.103,00:04,944,-90
472.498,00:02,945,-86
472.56,00:03,945,-72
472.602,00:04,945,-90
472.998,00:02,946,-87
473.06,00:03,946,-72
473.102,00:04,946,-90
473.499,00:02,947,-87
473.558,00:03,947,-72
473.604,00:04,947,-90
473.997,00:02,948,-87
474.058,00:03,948,-72
474.102,00:04,948,-90
474.499,00:02,949,-87
474.559,00:03,949,-72
474.602,00:04,949,-90
474.999,00:02,950,-87
475.06,00:03,950,-72
475.102,00:04,950,-90
475.499,00:02,951,-87
475.559,00:03,951,-73
475.601,00:04,951,-90
475.999,00:02,952,-87
476.061,00:03,952,-73
476.102,00:04,952,-90
476.497,00:02,953,-87
476.559,00:03,953,-73
476.603,00:04,953,-90
476.999,00:02,954,-87
477.059,00:03,954,-74
477.103,00:04,954,-90
477.498,00:02,955,-87
477.56,00:03,955,-74
477.602,00:04,955,-90
477.998,00:02,956,-87
478.06,00:03,956,-74
478.103,00:04,956,-90
478.497,00:02,957,-87
478.561,00:03,957,-75
478.603,00:04,957,-90
478.997,00:02,958,-87
479.061,00:03,958,-75
479.102,00:04,958,-90
479.498,00:02,959,-87
479.56,00:03,959,-75
479.602,00:04,959,-90
479.998,00:02,960,-87
480.059,00:03,960,-75
480.103,00:04,960,-90
480.498,00:02,961,-87
480.559,00:03,961,-75
480.601,00:04,961,-89
480.999,00:02,962,-87
481.06,00:03,962,-75
481.103,00:04,962,-89
481.497,00:02,963,-87
481.559,00:03,963,-75
481.602,00:04,963,-89
481.998,00:02,964,-87
482.058,00:03,964,-75
482.103,00:04,964,-89
482.5,00:02,965,-87
482.56,00:03,965,-75
482.602,00:04,965,-89
483,00:02,966,-86
483.06,00:03,966,-75
483.101,00:04,966,-89
483.499,00:02,967,-86
483.558,00:03,967,-75
483.602,00:04,967,-89
483.999,00:02,968,-86
484.059,00:03,968,-75
484.103,00:04,968,-89
484.497,00:02,969,-86
484.56,00:03,969,-75
484.601,00:04,969,-89
484.998,00:02,970,-86
485.057,00:03,970,-75
485.1,00:04,970,-89
485.496,00:02,971,-86
485.56,00:03,971,-75
485.602,00:04,971,-89
485.997,00:02,972,-86
486.058,00:03,972,-75
486.101,00:04,972,-89
486.498,00:02,973,-86
486.558,00:03,973,-76
486.603,00:04,973,-89
486.999,00:02,974,-86
487.057,00:03,974,-76
487.101,00:04,974,-89
487.499,00:02,975,-86
487.56,00:03,975,-76
487.601,00:04,975,-89
487.996,00:02,976,-86
488.06,00:03,976,-76
488.103,00:04,976,-88
488.499,00:02,977,-85
488.559,00:03,977,-76
488.602,00:04,977,-88
488.998,00:02,978,-85
489.06,00:03,978,-76
489.102,00:04,978,-88
489.497,00:02,979,-85
489.559,00:03,979,-76
489.604,00:04,979,-88
489.997,00:02,980,-85
490.059,00:03,980,-76
490.104,00:04,980,-88
490.498,00:02,981,-85
490.559,00:03,981,-76
490.601,00:04,981,-88
490.998,00:02,982,-85
491.058,00:03,982,-76
491.101,00:04,982,-88
491.498,00:02,983,-85
491.561,00:03,983,-76
491.603,00:04,983,-88
491.998,00:02,984,-85
492.058,00:03,984,-77
492.101,00:04,984,-88
492.499,00:02,985,-85
492.56,00:03,985,-77
492.601,00:04,985,-88
492.999,00:02,986,-85
493.058,00:03,986,-81
493.101,00:04,986,-92
493.498,00:02,987,-88
493.559,00:03,987,-81
493.603,00:04,987,-92
493.998,00:02,988,-88
494.06,00:03,988,-81
494.1,00:04,988,-92
494.496,00:02,989,-88
494.559,00:03,989,-81
494.602,00:04,989,-92
494.998,00:02,990,-88
495.059,00:03,990,-81
495.102,00:04,990,-92
495.498,00:02,991,-88
495.559,00:03,991,-81
495.601,00:04,991,-92
495.997,00:02,992,-88
496.06,00:03,992,-82
496.1,00:04,992,-92
496.499,00:02,993,-88
496.558,00:03,993,-82
496.602,00:04,993,-92
496.999,00:02,994,-88
497.058,00:03,994,-78
497.101,00:04,994,-87
497.498,00:02,995,-84
497.559,00:03,995,-78
497.603,00:04,995,-87
497.998,00:02,996,-84
498.059,00:03,996,-78
498.102,00:04,996,-87
498.499,00:02,997,-83
498.559,00:03,997,-78
498.602,00:04,997,-87
498.998,00:02,998,-83
499.06,00:03,998,-78
499.103,00:04,998,-87
499.499,00:02,999,-83
499.559,00:03,999,-78
499.601,00:04,999,-87
499.998,00:02,1000,-83
500.061,00:03,1000,-79
500.102,00:04,1000,-87
500.497,00:02,1001,-83
500.559,00:03,1001,-79
500.601,00:04,1001,-87
500.997,00:02,1002,-83
501.058,00:03,1002,-79
501.103,00:04,1002,-87
501.498,00:02,1003,-83
501.561,00:03,1003,-79
501.602,00:04,1003,-87
502,00:02,1004,-83
502.061,00:03,1004,-79
502.1,00:04,1004,-87
502.499,00:02,1005,-83
502.56,00:03,1005,-79
502.602,00:04,1005,-87
502.998,00:02,1006,-82
503.06,00:03,1006,-80
503.103,00:04,1006,-87
503.498,00:02,1007,-82
503.558,00:03,1007,-80
503.6,00:04,1007,-87
503.999,00:02,1008,-82
504.059,00:03,1008,-80
504.101,00:04,1008,-87
504.497,00:02,1009,-82
504.558,00:03,1009,-80
504.6,00:04,1009,-87
504.998,00:02,1010,-82
505.059,00:03,1010,-80
505.101,00:04,1010,-87
505.499,00:02,1011,-82
505.56,00:03,1011,-80
505.602,00:04,1011,-87
505.998,00:02,1012,-82
506.058,00:03,1012,-80
506.102,00:04,1012,-87
506.499,00:02,1013,-82
506.559,00:03,1013,-81
506.602,00:04,1013,-87
506.998,00:02,1014,-82
507.061,00:03,1014,-81
507.1,00:04,1014,-87
507.499,00:02,1015,-81
507.559,00:03,1015,-81
507.602,00:04,1015,-87
507.999,00:02,1016,-81
508.06,00:03,1016,-81
508.102,00:04,1016,-86
508.498,00:02,1017,-81
508.557,00:03,1017,-81
508.601,00:04,1017,-86
508.998,00:02,1018,-81
509.058,00:03,1018,-81
509.103,00:04,1018,-86
509.498,00:02,1019,-81
509.559,00:03,1019,-82
509.601,00:04,1019,-86
509.997,00:02,1020,-81
510.058,00:03,1020,-82
510.103,00:04,1020,-86
510.497,00:02,1021,-81
510.559,00:03,1021,-82
510.602,00:04,1021,-86
510.998,00:02,1022,-81
511.061,00:03,1022,-82
511.101,00:04,1022,-86
511.497,00:02,1023,-80
511.559,00:03,1023,-82
511.601,00:04,1023,-86
511.997,00:02,1024,-80
512.059,00:03,1024,-82
512.102,00:04,1024,-86
512.498,00:02,1025,-80
512.559,00:03,1025,-82
512.601,00:04,1025,-86
512.998,00:02,1026,-80
513.059,00:03,1026,-83
513.1,00:04,1026,-86
513.499,00:02,1027,-80
513.558,00:03,1027,-83
513.602,00:04,1027,-86
513.998,00:02,1028,-80
514.058,00:03,1028,-83
514.103,00:04,1028,-86
514.496,00:02,1029,-80
514.56,00:03,1029,-83
514.601,00:04,1029,-86
514.998,00:02,1030,-80
515.058,00:03,1030,-83
515.101,00:04,1030,-86
515.499,00:02,1031,-79
515.56,00:03,1031,-83
515.601,00:04,1031,-86
515.997,00:02,1032,-79
516.059,00:03,1032,-84
516.101,00:04,1032,-86
516.497,00:02,1033,-79
516.559,00:03,1033,-84
516.602,00:04,1033,-86
516.998,00:02,1034,-79
517.059,00:03,1034,-84
517.103,00:04,1034,-86
517.498,00:02,1035,-79
517.56,00:03,1035,-84
517.603,00:04,1035,-86
517.998,00:02,1036,-79
518.058,00:03,1036,-84
518.104,00:04,1036,-86
518.496,00:02,1037,-79
518.558,00:03,1037,-84
518.602,00:04,1037,-86
518.998,00:02,1038,-79
519.06,00:03,1038,-88
519.101,00:04,1038,-90
519.499,00:02,1039,-82
519.56,00:03,1039,-89
519.602,00:04,1039,-90
519.997,00:02,1040,-82
520.059,00:03,1040,-89
520.102,00:04,1040,-90
520.497,00:02,1041,-82
520.56,00:03,1041,-89
520.603,00:04,1041,-90
520.999,00:02,1042,-82
521.06,00:03,1042,-89
521.101,00:04,1042,-90
521.498,00:02,1043,-82
521.561,00:03,1043,-89
521.6,00:04,1043,-90
521.998,00:02,1044,-82
522.06,00:03,1044,-89
522.102,00:04,1044,-90
522.497,00:02,1045,-82
522.559,00:03,1045,-89
522.603,00:04,1045,-90
522.997,00:02,1046,-82
523.06,00:03,1046,-90
523.103,00:04,1046,-90
523.498,00:02,1047,-81
523.56,00:03,1047,-90
523.601,00:04,1047,-90
523.997,00:02,1048,-81
524.06,00:03,1048,-90
524.101,00:04,1048,-90
524.496,00:02,1049,-81
524.56,00:03,1049,-90
524.602,00:04,1049,-90
524.997,00:02,1050,-81
525.061,00:03,1050,-90
525.103,00:04,1050,-90
525.498,00:02,1051,-81
525.561,00:03,1051,-90
525.602,00:04,1051,-90
525.997,00:02,1052,-81
526.06,00:03,1052,-90
526.1,00:04,1052,-90
526.498,00:02,1053,-81
526.559,00:03,1053,-91
526.602,00:04,1053,-90
526.999,00:02,1054,-80
527.061,00:03,1054,-91
527.103,00:04,1054,-90
527.497,00:02,1055,-80
527.56,00:03,1055,-91
527.601,00:04,1055,-90
527.998,00:02,1056,-80
528.059,00:03,1056,-91
528.101,00:04,1056,-90
528.497,00:02,1057,-80
528.56,00:03,1057,-91
528.604,00:04,1057,-90
528.999,00:02,1058,-80
529.059,00:03,1058,-91
529.1,00:04,1058,-90
529.499,00:02,1059,-80
529.56,00:03,1059,-91
529.603,00:04,1059,-90
529.997,00:02,1060,-80
530.059,00:03,1060,-91
530.102,00:04,1060,-90
530.498,00:02,1061,-79
530.56,00:03,1061,-92
530.601,00:04,1061,-90
530.996,00:02,1062,-79
531.059,00:03,1062,-88
531.101,00:04,1062,-86
531.497,00:02,1063,-75
531.561,00:03,1063,-88
531.602,00:04,1063,-86
531.996,00:02,1064,-75
532.059,00:03,1064,-88
532.101,00:04,1064,-86
532.497,00:02,1065,-75
532.558,00:03,1065,-88
532.601,00:04,1065,-86
532.996,00:02,1066,-75
533.06,00:03,1066,-88
533.103,00:04,1066,-86
533.497,00:02,1067,-75
533.559,00:03,1067,-88
533.601,00:04,1067,-86
533.998,00:02,1068,-74
534.06,00:03,1068,-89
534.103,00:04,1068,-86
534.498,00:02,1069,-74
534.56,00:03,1069,-89
534.601,00:04,1069,-86
534.998,00:02,1070,-74
535.058,00:03,1070,-89
535.102,00:04,1070,-86
535.498,00:02,1071,-74
535.558,00:03,1071,-89
535.601,00:04,1071,-86
535.996,00:02,1072,-74
536.059,00:03,1072,-89
536.101,00:04,1072,-86
536.497,00:02,1073,-74
536.56,00:03,1073,-89
536.601,00:04,1073,-86
536.998,00:02,1074,-73
537.057,00:03,1074,-89
537.103,00:04,1074,-86
537.496,00:02,1075,-73
537.559,00:03,1075,-89
537.602,00:04,1075,-86
537.998,00:02,1076,-73
538.058,00:03,1076,-90
538.102,00:04,1076,-86
538.499,00:02,1077,-73
538.561,00:03,1077,-90
538.601,00:04,1077,-86
538.998,00:02,1078,-73
539.062,00:03,1078,-90
539.103,00:04,1078,-86
539.497,00:02,1079,-73
539.558,00:03,1079,-90
539.601,00:04,1079,-86
539.995,00:02,1080,-73
540.061,00:03,1080,-90
540.104,00:04,1080,-86
540.497,00:02,1081,-72
540.56,00:03,1081,-90
540.601,00:04,1081,-86
540.996,00:02,1082,-72
541.059,00:03,1082,-90
541.1,00:04,1082,-86
541.498,00:02,1083,-72
541.561,00:03,1083,-90
541.604,00:04,1083,-86
541.997,00:02,1084,-72
542.06,00:03,1084,-90
542.102,00:04,1084,-86
542.495,00:02,1085,-72
542.559,00:03,1085,-91
542.6,00:04,1085,-87
542.997,00:02,1086,-72
543.059,00:03,1086,-91
543.101,00:04,1086,-87
543.498,00:02,1087,-71
543.56,00:03,1087,-91
543.601,00:04,1087,-87
543.997,00:02,1088,-71
544.06,00:03,1088,-91
544.1,00:04,1088,-87
544.496,00:02,1089,-71
544.558,00:03,1089,-91
544.601,00:04,1089,-87
544.996,00:02,1090,-71
545.06,00:03,1090,-91
545.102,00:04,1090,-87
545.498,00:02,1091,-71
545.561,00:03,1091,-91
545.602,00:04,1091,-87
545.997,00:02,1092,-71
546.061,00:03,1092,-91
546.103,00:04,1092,-87
546.497,00:02,1093,-71
546.56,00:03,1093,-91
546.602,00:04,1093,-87
546.996,00:02,1094,-70
547.058,00:03,1094,-92
547.103,00:04,1094,-87
547.497,00:02,1095,-70
547.558,00:03,1095,-92
547.6,00:04,1095,-87
547.998,00:02,1096,-70
548.06,00:03,1096,-92
548.103,00:04,1096,-87
548.498,00:02,1097,-70
548.56,00:03,1097,-92
548.602,00:04,1097,-87
548.997,00:02,1098,-70
549.059,00:03,1098,-92
549.101,00:04,1098,-87
549.497,00:02,1099,-70
549.56,00:03,1099,-92
549.601,00:04,1099,-87
549.997,00:02,1100,-69
550.059,00:03,1100,-92
550.1,00:04,1100,-87
550.499,00:02,1101,-69
550.559,00:03,1101,-92
550.603,00:04,1101,-87
550.996,00:02,1102,-69
551.059,00:03,1102,-92
551.103,00:04,1102,-87
551.497,00:02,1103,-69
551.559,00:03,1103,-93
551.601,00:04,1103,-87
551.999,00:02,1104,-69
552.06,00:03,1104,-93
552.101,00:04,1104,-87
552.497,00:02,1105,-69
552.56,00:03,1105,-93
552.602,00:04,1105,-87
552.997,00:02,1106,-69
553.058,00:03,1106,-97
553.1,00:04,1106,-91
553.497,00:02,1107,-73
553.558,00:03,1107,-97
553.602,00:04,1107,-92
553.997,00:02,1108,-72
554.06,00:03,1108,-97
554.102,00:04,1108,-92
554.497,00:02,1109,-72
554.559,00:03,1109,-97
554.601,00:04,1109,-92
554.997,00:02,1110,-72
555.06,00:03,1110,-97
555.102,00:04,1110,-92
555.495,00:02,1111,-72
555.561,00:03,1111,-97
555.6,00:04,1111,-92
555.998,00:02,1112,-72
556.059,00:03,1112,-97
556.1,00:04,1112,-92
556.497,00:02,1113,-72
556.558,00:03,1113,-98
556.601,00:04,1113,-92
556.998,00:02,1114,-72
557.058,00:03,1114,-94
557.101,00:04,1114,-88
557.497,00:02,1115,-67
557.558,00:03,1115,-94
557.601,00:04,1115,-88
557.998,00:02,1116,-67
558.06,00:03,1116,-94
558.102,00:04,1116,-88
558.496,00:02,1117,-67
558.56,00:03,1117,-94
558.602,00:04,1117,-88
558.995,00:02,1118,-67
559.059,00:03,1118,-94
559.101,00:04,1118,-88
559.496,00:02,1119,-67
559.561,00:03,1119,-94
559.601,00:04,1119,-88
559.998,00:02,1120,-67
560.06,00:03,1120,-94
560.102,00:04,1120,-88
560.498,00:02,1121,-67
560.559,00:03,1121,-94
560.601,00:04,1121,-88
560.997,00:02,1122,-67
561.061,00:03,1122,-94
561.103,00:04,1122,-88
561.496,00:02,1123,-67
561.559,00:03,1123,-95
561.601,00:04,1123,-88
561.998,00:02,1124,-67
562.06,00:03,1124,-95
562.101,00:04,1124,-89
562.497,00:02,1125,-67
562.559,00:03,1125,-95
562.601,00:04,1125,-89
562.997,00:02,1126,-66
563.06,00:03,1126,-95
563.102,00:04,1126,-89
563.498,00:02,1127,-66
563.558,00:03,1127,-95
563.602,00:04,1127,-89
563.997,00:02,1128,-66
564.059,00:03,1128,-95
564.102,00:04,1128,-89
564.498,00:02,1129,-66
564.559,00:03,1129,-95
564.601,00:04,1129,-89
564.997,00:02,1130,-66
565.059,00:03,1130,-95
565.1,00:04,1130,-89
565.497,00:02,1131,-66
565.559,00:03,1131,-95
565.604,00:04,1131,-89
565.995,00:02,1132,-66
566.059,00:03,1132,-95
566.101,00:04,1132,-89
566.495,00:02,1133,-66
566.559,00:03,1133,-95
566.602,00:04,1133,-89
566.997,00:02,1134,-66
567.058,00:03,1134,-96
567.102,00:04,1134,-89
567.497,00:02,1135,-66
567.559,00:03,1135,-96
567.601,00:04,1135,-89
567.996,00:02,1136,-66
568.059,00:03,1136,-96
568.103,00:04,1136,-89
568.496,00:02,1137,-66
568.559,00:03,1137,-96
568.601,00:04,1137,-89
568.996,00:02,1138,-66
569.06,00:03,1138,-96
569.101,00:04,1138,-89
569.498,00:02,1139,-66
569.561,00:03,1139,-96
569.6,00:04,1139,-89
569.995,00:02,1140,-66
570.058,00:03,1140,-96
570.103,00:04,1140,-90
570.496,00:02,1141,-66
570.56,00:03,1141,-96
570.602,00:04,1141,-89
570.996,00:02,1142,-67
571.061,00:03,1142,-96
571.1,00:04,1142,-89
571.496,00:02,1143,-67
571.562,00:03,1143,-96
571.603,00:04,1143,-89
571.998,00:02,1144,-67
572.058,00:03,1144,-96
572.102,00:04,1144,-89
572.498,00:02,1145,-67
572.559,00:03,1145,-96
572.603,00:04,1145,-89
572.995,00:02,1146,-68
573.059,00:03,1146,-96
573.103,00:04,1146,-89
573.498,00:02,1147,-68
573.562,00:03,1147,-96
573.6,00:04,1147,-89
573.995,00:02,1148,-68
574.058,00:03,1148,-96
574.101,00:04,1148,-89
574.497,00:02,1149,-68
574.561,00:03,1149,-96
574.601,00:04,1149,-89
574.997,00:02,1150,-69
575.06,00:03,1150,-96
575.102,00:04,1150,-89
575.495,00:02,1151,-69
575.561,00:03,1151,-96
575.601,00:04,1151,-89
575.996,00:02,1152,-69
576.06,00:03,1152,-96
576.102,00:04,1152,-89
576.496,00:02,1153,-69
576.56,00:03,1153,-96
576.6,00:04,1153,-89
576.996,00:02,1154,-69
577.061,00:03,1154,-96
577.101,00:04,1154,-88
577.495,00:02,1155,-69
577.56,00:03,1155,-96
577.603,00:04,1155,-88
577.997,00:02,1156,-69
578.061,00:03,1156,-96
578.1,00:04,1156,-88
578.495,00:02,1157,-69
578.561,00:03,1157,-96
578.6,00:04,1157,-88
578.996,00:02,1158,-69
579.059,00:03,1158,-96
579.101,00:04,1158,-88
579.496,00:02,1159,-69
579.56,00:03,1159,-96
579.6,00:04,1159,-88
579.996,00:02,1160,-69
580.059,00:03,1160,-96
580.103,00:04,1160,-88
580.496,00:02,1161,-69
580.558,00:03,1161,-96
580.599,00:04,1161,-88
580.997,00:02,1162,-69
581.06,00:03,1162,-96
581.103,00:04,1162,-88
581.498,00:02,1163,-69
581.559,00:03,1163,-95
581.602,00:04,1163,-88
581.997,00:02,1164,-69
582.059,00:03,1164,-95
582.103,00:04,1164,-88
582.495,00:02,1165,-69
582.56,00:03,1165,-95
582.603,00:04,1165,-88
582.997,00:02,1166,-69
583.058,00:03,1166,-95
583.101,00:04,1166,-88
583.497,00:02,1167,-69
583.559,00:03,1167,-95
583.6,00:04,1167,-88
583.997,00:02,1168,-69
584.06,00:03,1168,-95
584.101,00:04,1168,-87
584.496,00:02,1169,-69
584.56,00:03,1169,-95
584.601,00:04,1169,-87
584.995,00:02,1170,-69
585.061,00:03,1170,-95
585.102,00:04,1170,-87
585.497,00:02,1171,-69
585.56,00:03,1171,-95
585.602,00:04,1171,-87
585.997,00:02,1172,-70
586.061,00:03,1172,-95
586.103,00:04,1172,-87
586.496,00:02,1173,-70
586.56,00:03,1173,-95
586.603,00:04,1173,-87
586.996,00:02,1174,-70
587.061,00:03,1174,-94
587.101,00:04,1174,-87
587.497,00:02,1175,-70
587.559,00:03,1175,-94
587.603,00:04,1175,-87
587.997,00:02,1176,-70
588.062,00:03,1176,-94
588.102,00:04,1176,-87
588.496,00:02,1177,-70
588.56,00:03,1177,-94
588.602,00:04,1177,-87
588.995,00:02,1178,-70
589.058,00:03,1178,-98
589.101,00:04,1178,-91
589.497,00:02,1179,-74
589.56,00:03,1179,-98
589.6,00:04,1179,-91
589.997,00:02,1180,-74
590.059,00:03,1180,-98
590.101,00:04,1180,-91
590.497,00:02,1181,-74
590.56,00:03,1181,-98
590.602,00:04,1181,-91
590.998,00:02,1182,-74
591.058,00:03,1182,-98
591.102,00:04,1182,-91
591.496,00:02,1183,-74
591.56,00:03,1183,-98
591.6,00:04,1183,-90
591.994,00:02,1184,-75
592.061,00:03,1184,-97
592.1,00:04,1184,-90
592.495,00:02,1185,-75
592.56,00:03,1185,-97
592.601,00:04,1185,-90
592.997,00:02,1186,-75
593.059,00:03,1186,-93
593.1,00:04,1186,-86
593.496,00:02,1187,-71
593.56,00:03,1187,-93
593.601,00:04,1187,-86
593.996,00:02,1188,-71
594.058,00:03,1188,-93
594.101,00:04,1188,-86
594.496,00:02,1189,-71
594.56,00:03,1189,-93
594.602,00:04,1189,-86
594.996,00:02,1190,-71
595.061,00:03,1190,-93
595.103,00:04,1190,-86
595.495,00:02,1191,-71
595.561,00:03,1191,-93
595.602,00:04,1191,-86
595.996,00:02,1192,-71
596.061,00:03,1192,-93
596.102,00:04,1192,-86
596.496,00:02,1193,-72
596.559,00:03,1193,-93
596.6,00:04,1193,-86
596.997,00:02,1194,-72
597.061,00:03,1194,-92
597.101,00:04,1194,-86
597.498,00:02,1195,-72
597.559,00:03,1195,-92
597.601,00:04,1195,-86
597.994,00:02,1196,-72
598.062,00:03,1196,-92
598.101,00:04,1196,-86
598.497,00:02,1197,-72
598.56,00:03,1197,-92
598.602,00:04,1197,-86
598.996,00:02,1198,-72
599.06,00:03,1198,-92
599.102,00:04,1198,-86
599.497,00:02,1199,-72
599.56,00:03,1199,-92
599.603,00:04,1199,-86
599.996,00:02,1200,-72
600.06,00:03,1200,-92
600.102,00:04,1200,-85
600.496,00:02,1201,-73
600.561,00:03,1201,-92
600.602,00:04,1201,-85
600.997,00:02,1202,-73
601.06,00:03,1202,-92
601.102,00:04,1202,-85
601.496,00:02,1203,-73
601.559,00:03,1203,-92
601.6,00:04,1203,-85
601.995,00:02,1204,-73
602.06,00:03,1204,-91
602.103,00:04,1204,-85
602.497,00:02,1205,-73
602.56,00:03,1205,-91
602.601,00:04,1205,-85
602.997,00:02,1206,-73
603.059,00:03,1206,-91
603.101,00:04,1206,-85
603.496,00:02,1207,-73
603.559,00:03,1207,-91
603.601,00:04,1207,-85
603.997,00:02,1208,-73
604.06,00:03,1208,-91
604.102,00:04,1208,-85
604.495,00:02,1209,-74
604.561,00:03,1209,-91
604.602,00:04,1209,-85
604.998,00:02,1210,-74
605.061,00:03,1210,-91
605.101,00:04,1210,-85
605.497,00:02,1211,-74
605.559,00:03,1211,-91
605.601,00:04,1211,-85
605.996,00:02,1212,-74
606.058,00:03,1212,-91
606.103,00:04,1212,-85
606.496,00:02,1213,-74
606.56,00:03,1213,-90
606.602,00:04,1213,-85
606.996,00:02,1214,-74
607.059,00:03,1214,-90
607.101,00:04,1214,-85
607.497,00:02,1215,-74
607.561,00:03,1215,-90
607.602,00:04,1215,-85
607.996,00:02,1216,-75
608.06,00:03,1216,-90
608.102,00:04,1216,-85
608.496,00:02,1217,-75
608.56,00:03,1217,-90
608.6,00:04,1217,-85
608.995,00:02,1218,-75
609.06,00:03,1218,-90
609.101,00:04,1218,-85
609.497,00:02,1219,-75
609.558,00:03,1219,-90
609.602,00:04,1219,-85
609.996,00:02,1220,-75
610.061,00:03,1220,-90
610.102,00:04,1220,-85
610.496,00:02,1221,-75
610.559,00:03,1221,-90
610.601,00:04,1221,-85
610.994,00:02,1222,-75
611.059,00:03,1222,-89
611.101,00:04,1222,-85
611.498,00:02,1223,-75
611.56,00:03,1223,-89
611.601,00:04,1223,-85
611.996,00:02,1224,-76
612.058,00:03,1224,-89
612.101,00:04,1224,-85
612.494,00:02,1225,-76
612.561,00:03,1225,-89
612.602,00:04,1225,-85
612.998,00:02,1226,-76
613.061,00:03,1226,-89
613.101,00:04,1226,-85
613.496,00:02,1227,-76
613.56,00:03,1227,-89
613.6,00:04,1227,-85
613.996,00:02,1228,-76
614.06,00:03,1228,-89
614.101,00:04,1228,-85
614.497,00:02,1229,-76
614.56,00:03,1229,-89
614.602,00:04,1229,-85
614.996,00:02,1230,-76
615.061,00:03,1230,-88
615.102,00:04,1230,-84
615.496,00:02,1231,-76
615.56,00:03,1231,-88
615.601,00:04,1231,-84
615.995,00:02,1232,-77
616.06,00:03,1232,-88
616.101,00:04,1232,-84
616.496,00:02,1233,-77
616.56,00:03,1233,-88
616.603,00:04,1233,-84
616.996,00:02,1234,-77
617.059,00:03,1234,-88
617.103,00:04,1234,-84
617.498,00:02,1235,-77
617.559,00:03,1235,-88
617.603,00:04,1235,-84
617.994,00:02,1236,-77
618.059,00:03,1236,-88
618.103,00:04,1236,-84
618.496,00:02,1237,-77
618.561,00:03,1237,-88
618.601,00:04,1237,-84
618.995,00:02,1238,-77
619.06,00:03,1238,-87
619.103,00:04,1238,-84
619.496,00:02,1239,-77
619.561,00:03,1239,-87
619.6,00:04,1239,-84
619.996,00:02,1240,-78
620.059,00:03,1240,-87
620.102,00:04,1240,-84
620.495,00:02,1241,-78
620.561,00:03,1241,-87
620.603,00:04,1241,-84
620.995,00:02,1242,-78
621.059,00:03,1242,-87
621.1,00:04,1242,-84
621.497,00:02,1243,-78
621.56,00:03,1243,-87
621.602,00:04,1243,-84
621.997,00:02,1244,-78
622.059,00:03,1244,-87
622.101,00:04,1244,-84
622.496,00:02,1245,-78
622.561,00:03,1245,-87
622.602,00:04,1245,-84
622.997,00:02,1246,-78
623.058,00:03,1246,-86
623.101,00:04,1246,-84
623.496,00:02,1247,-78
623.559,00:03,1247,-86
623.602,00:04,1247,-84
623.994,00:02,1248,-79
624.059,00:03,1248,-86
624.1,00:04,1248,-84
624.496,00:02,1249,-79
624.56,00:03,1249,-86
624.601,00:04,1249,-84
624.995,00:02,1250,-79
625.058,00:03,1250,-86
625.101,00:04,1250,-84
625.496,00:02,1251,-79
625.56,00:03,1251,-86
625.602,00:04,1251,-84
625.996,00:02,1252,-79
626.06,00:03,1252,-86
626.103,00:04,1252,-84
626.495,00:02,1253,-79
626.562,00:03,1253,-86
626.601,00:04,1253,-84
626.995,00:02,1254,-79
627.06,00:03,1254,-85
627.103,00:04,1254,-84
627.495,00:02,1255,-79
627.558,00:03,1255,-85
627.602,00:04,1255,-85
627.996,00:02,1256,-80
628.06,00:03,1256,-85
628.101,00:04,1256,-85
628.497,00:02,1257,-80
628.56,00:03,1257,-85
628.601,00:04,1257,-85
628.995,00:02,1258,-80
629.061,00:03,1258,-85
629.1,00:04,1258,-85
629.497,00:02,1259,-80
629.56,00:03,1259,-85
629.601,00:04,1259,-85
629.996,00:02,1260,-80
630.061,00:03,1260,-85
630.102,00:04,1260,-85
630.497,00:02,1261,-80
630.561,00:03,1261,-85
630.603,00:04,1261,-85
630.996,00:02,1262,-80
631.06,00:03,1262,-84
631.101,00:04,1262,-85
631.495,00:02,1263,-80
631.561,00:03,1263,-84
631.602,00:04,1263,-85
631.996,00:02,1264,-81
632.06,00:03,1264,-84
632.102,00:04,1264,-85
632.496,00:02,1265,-81
632.56,00:03,1265,-84
632.602,00:04,1265,-85
632.996,00:02,1266,-81
633.06,00:03,1266,-84
633.1,00:04,1266,-85
633.496,00:02,1267,-81
633.559,00:03,1267,-84
633.602,00:04,1267,-85
633.995,00:02,1268,-81
634.06,00:03,1268,-84
634.102,00:04,1268,-85
634.496,00:02,1269,-81
634.559,00:03,1269,-83
634.602,00:04,1269,-85
634.996,00:02,1270,-81
635.061,00:03,1270,-83
635.101,00:04,1270,-85
635.494,00:02,1271,-81
635.559,00:03,1271,-83
635.601,00:04,1271,-85
635.996,00:02,1272,-81
636.061,00:03,1272,-83
636.1,00:04,1272,-85
636.495,00:02,1273,-82
636.559,00:03,1273,-83
636.601,00:04,1273,-85
636.995,00:02,1274,-82
637.059,00:03,1274,-83
637.101,00:04,1274,-85
637.494,00:02,1275,-82
637.559,00:03,1275,-83
637.599,00:04,1275,-85
637.995,00:02,1276,-82
638.059,00:03,1276,-83
638.102,00:04,1276,-85
638.494,00:02,1277,-82
638.56,00:03,1277,-82
638.601,00:04,1277,-85
638.994,00:02,1278,-82
639.059,00:03,1278,-82
639.102,00:04,1278,-85
639.497,00:02,1279,-82
639.562,00:03,1279,-82
639.602,00:04,1279,-85
639.995,00:02,1280,-82
640.061,00:03,1280,-82
640.101,00:04,1280,-85
640.494,00:02,1281,-82
640.561,00:03,1281,-82
640.602,00:04,1281,-85
640.994,00:02,1282,-82
641.06,00:03,1282,-82
641.101,00:04,1282,-85
641.495,00:02,1283,-83
641.562,00:03,1283,-82
641.599,00:04,1283,-85
641.997,00:02,1284,-83
642.061,00:03,1284,-82
642.1,00:04,1284,-86
642.497,00:02,1285,-83
642.56,00:03,1285,-81
642.601,00:04,1285,-86
642.995,00:02,1286,-83
643.06,00:03,1286,-81
643.102,00:04,1286,-86
643.494,00:02,1287,-83
643.561,00:03,1287,-81
643.601,00:04,1287,-86
643.994,00:02,1288,-83
644.061,00:03,1288,-81
644.1,00:04,1288,-86
644.495,00:02,1289,-83
644.561,00:03,1289,-81
644.602,00:04,1289,-86
644.995,00:02,1290,-83
645.06,00:03,1290,-81
645.102,00:04,1290,-86
645.496,00:02,1291,-83
645.559,00:03,1291,-81
645.601,00:04,1291,-86
645.995,00:02,1292,-84
646.061,00:03,1292,-81
646.1,00:04,1292,-86
646.496,00:02,1293,-84
646.559,00:03,1293,-80
646.602,00:04,1293,-86
646.996,00:02,1294,-84
647.059,00:03,1294,-80
647.1,00:04,1294,-86
647.493,00:02,1295,-84
647.561,00:03,1295,-80
647.601,00:04,1295,-86
647.995,00:02,1296,-84
648.061,00:03,1296,-80
648.103,00:04,1296,-86
648.497,00:02,1297,-84
648.56,00:03,1297,-80
648.601,00:04,1297,-86
648.995,00:02,1298,-84
649.061,00:03,1298,-84
649.102,00:04,1298,-90
649.495,00:02,1299,-88
649.56,00:03,1299,-84
649.601,00:04,1299,-90
649.995,00:02,1300,-88
650.06,00:03,1300,-84
650.103,00:04,1300,-90
650.494,00:02,1301,-88
650.559,00:03,1301,-84
650.601,00:04,1301,-90
650.996,00:02,1302,-89
651.059,00:03,1302,-84
651.1,00:04,1302,-91
651.496,00:02,1303,-89
651.561,00:03,1303,-83
651.601,00:04,1303,-91
651.995,00:02,1304,-89
652.061,00:03,1304,-83
652.101,00:04,1304,-91
652.495,00:02,1305,-89
652.562,00:03,1305,-83
652.601,00:04,1305,-91
652.996,00:02,1306,-89
653.06,00:03,1306,-79
653.102,00:04,1306,-87
653.495,00:02,1307,-85
653.559,00:03,1307,-79
653.6,00:04,1307,-87
653.995,00:02,1308,-85
654.061,00:03,1308,-79
654.102,00:04,1308,-87
654.495,00:02,1309,-85
654.559,00:03,1309,-79
654.6,00:04,1309,-87
654.997,00:02,1310,-85
655.06,00:03,1310,-79
655.103,00:04,1310,-87
655.494,00:02,1311,-85
655.559,00:03,1311,-79
655.602,00:04,1311,-87
655.996,00:02,1312,-85
656.061,00:03,1312,-79
656.102,00:04,1312,-87
656.495,00:02,1313,-86
656.56,00:03,1313,-79
656.603,00:04,1313,-87
656.996,00:02,1314,-86
657.058,00:03,1314,-79
657.1,00:04,1314,-87
657.495,00:02,1315,-86
657.559,00:03,1315,-78
657.602,00:04,1315,-87
657.995,00:02,1316,-86
658.059,00:03,1316,-78
658.102,00:04,1316,-87
658.496,00:02,1317,-86
658.562,00:03,1317,-78
658.603,00:04,1317,-88
658.995,00:02,1318,-86
659.062,00:03,1318,-78
659.101,00:04,1318,-88
659.495,00:02,1319,-86
659.559,00:03,1319,-78
659.602,00:04,1319,-88
659.996,00:02,1320,-86
660.062,00:03,1320,-78
660.1,00:04,1320,-88
660.497,00:02,1321,-86
660.56,00:03,1321,-78
660.602,00:04,1321,-88
660.993,00:02,1322,-86
661.059,00:03,1322,-78
661.102,00:04,1322,-88
661.494,00:02,1323,-86
661.559,00:03,1323,-78
661.6,00:04,1323,-88
661.995,00:02,1324,-87
662.062,00:03,1324,-78
662.102,00:04,1324,-88
662.497,00:02,1325,-87
662.56,00:03,1325,-78
662.6,00:04,1325,-88
662.996,00:02,1326,-87
663.06,00:03,1326,-78
663.101,00:04,1326,-88
663.495,00:02,1327,-87
663.559,00:03,1327,-78
663.601,00:04,1327,-88
663.995,00:02,1328,-87
664.059,00:03,1328,-78
664.1,00:04,1328,-88
664.495,00:02,1329,-87
664.561,00:03,1329,-78
664.601,00:04,1329,-88
664.995,00:02,1330,-87
665.06,00:03,1330,-78
665.1,00:04,1330,-88
665.495,00:02,1331,-87
665.561,00:03,1331,-78
665.601,00:04,1331,-89
665.995,00:02,1332,-87
666.059,00:03,1332,-78
666.101,00:04,1332,-89
666.495,00:02,1333,-87
666.561,00:03,1333,-78
666.603,00:04,1333,-88
666.996,00:02,1334,-87
667.058,00:03,1334,-78
667.099,00:04,1334,-88
667.496,00:02,1335,-87
667.559,00:03,1335,-79
667.599,00:04,1335,-88
667.995,00:02,1336,-87
668.061,00:03,1336,-79
668.102,00:04,1336,-88
668.494,00:02,1337,-87
668.559,00:03,1337,-79
668.601,00:04,1337,-88
668.996,00:02,1338,-87
669.058,00:03,1338,-79
669.102,00:04,1338,-88
669.495,00:02,1339,-87
669.56,00:03,1339,-80
669.601,00:04,1339,-88
669.994,00:02,1340,-88
670.061,00:03,1340,-80
670.102,00:04,1340,-88
670.497,00:02,1341,-88
670.56,00:03,1341,-80
670.601,00:04,1341,-88
670.996,00:02,1342,-88
671.06,00:03,1342,-80
671.102,00:04,1342,-88
671.494,00:02,1343,-88
671.561,00:03,1343,-80
671.601,00:04,1343,-88
671.994,00:02,1344,-88
672.059,00:03,1344,-80
672.101,00:04,1344,-88
672.495,00:02,1345,-88
672.561,00:03,1345,-80
672.602,00:04,1345,-88
672.995,00:02,1346,-87
673.06,00:03,1346,-80
673.103,00:04,1346,-87
673.496,00:02,1347,-87
673.56,00:03,1347,-80
673.601,00:04,1347,-87
673.995,00:02,1348,-87
674.061,00:03,1348,-80
674.1,00:04,1348,-87
674.495,00:02,1349,-87
674.56,00:03,1349,-80
674.601,00:04,1349,-87
674.995,00:02,1350,-87
675.06,00:03,1350,-80
675.1,00:04,1350,-87
675.494,00:02,1351,-87
675.56,00:03,1351,-80
675.601,00:04,1351,-87
675.996,00:02,1352,-87
676.061,00:03,1352,-80
676.101,00:04,1352,-87
676.495,00:02,1353,-87
676.56,00:03,1353,-80
676.6,00:04,1353,-87
676.993,00:02,1354,-87
677.059,00:03,1354,-80
677.101,00:04,1354,-87
677.496,00:02,1355,-87
677.561,00:03,1355,-81
677.602,00:04,1355,-87
677.994,00:02,1356,-87
678.061,00:03,1356,-81
678.1,00:04,1356,-87
678.494,00:02,1357,-86
678.558,00:03,1357,-81
678.602,00:04,1357,-87
678.995,00:02,1358,-86
679.058,00:03,1358,-81
679.1,00:04,1358,-86
679.495,00:02,1359,-86
679.561,00:03,1359,-81
679.602,00:04,1359,-86
679.995,00:02,1360,-86
680.062,00:03,1360,-81
680.101,00:04,1360,-86
680.495,00:02,1361,-86
680.559,00:03,1361,-81
680.601,00:04,1361,-86
680.995,00:02,1362,-86
681.061,00:03,1362,-81
681.101,00:04,1362,-86
681.494,00:02,1363,-86
681.56,00:03,1363,-81
681.602,00:04,1363,-86
681.994,00:02,1364,-86
682.061,00:03,1364,-81
682.102,00:04,1364,-86
682.494,00:02,1365,-86
682.56,00:03,1365,-81
682.601,00:04,1365,-86
682.995,00:02,1366,-86
683.061,00:03,1366,-81
683.102,00:04,1366,-86
683.495,00:02,1367,-86
683.561,00:03,1367,-81
683.601,00:04,1367,-86
683.994,00:02,1368,-86
684.062,00:03,1368,-81
684.102,00:04,1368,-86
684.494,00:02,1369,-85
684.56,00:03,1369,-81
684.603,00:04,1369,-86
684.994,00:02,1370,-85
685.059,00:03,1370,-85
685.101,00:04,1370,-90
685.495,00:02,1371,-89
685.561,00:03,1371,-85
685.601,00:04,1371,-89
685.997,00:02,1372,-89
686.062,00:03,1372,-85
686.101,00:04,1372,-89
686.493,00:02,1373,-89
686.561,00:03,1373,-86
686.602,00:04,1373,-89
686.994,00:02,1374,-89
687.06,00:03,1374,-86
687.103,00:04,1374,-89
687.494,00:02,1375,-89
687.558,00:03,1375,-86
687.6,00:04,1375,-89
687.995,00:02,1376,-89
688.06,00:03,1376,-86
688.1,00:04,1376,-89
688.495,00:02,1377,-89
688.56,00:03,1377,-86
688.601,00:04,1377,-89
688.995,00:02,1378,-89
689.06,00:03,1378,-82
689.1,00:04,1378,-85
689.495,00:02,1379,-85
689.559,00:03,1379,-82
689.601,00:04,1379,-85
689.996,00:02,1380,-84
690.06,00:03,1380,-82
690.101,00:04,1380,-85
690.494,00:02,1381,-84
690.561,00:03,1381,-82
690.602,00:04,1381,-85
690.996,00:02,1382,-84
691.059,00:03,1382,-82
691.102,00:04,1382,-85
691.494,00:02,1383,-84
691.558,00:03,1383,-82
691.601,00:04,1383,-85
691.993,00:02,1384,-84
692.06,00:03,1384,-82
692.101,00:04,1384,-85
692.493,00:02,1385,-84
692.56,00:03,1385,-83
692.601,00:04,1385,-85
692.994,00:02,1386,-84
693.06,00:03,1386,-83
693.102,00:04,1386,-84
693.494,00:02,1387,-84
693.559,00:03,1387,-83
693.602,00:04,1387,-84
693.995,00:02,1388,-84
694.062,00:03,1388,-83
694.102,00:04,1388,-84
694.496,00:02,1389,-84
694.559,00:03,1389,-83
694.602,00:04,1389,-84
694.996,00:02,1390,-83
695.06,00:03,1390,-83
695.102,00:04,1390,-84
695.493,00:02,1391,-83
695.56,00:03,1391,-83
695.602,00:04,1391,-84
695.996,00:02,1392,-83
696.062,00:03,1392,-83
696.1,00:04,1392,-84
696.494,00:02,1393,-83
696.56,00:03,1393,-83
696.6,00:04,1393,-84
696.995,00:02,1394,-83
697.061,00:03,1394,-83
697.102,00:04,1394,-84
697.493,00:02,1395,-83
697.56,00:03,1395,-84
697.603,00:04,1395,-84
697.995,00:02,1396,-83
698.06,00:03,1396,-84
698.1,00:04,1396,-84
698.493,00:02,1397,-83
698.561,00:03,1397,-84
698.602,00:04,1397,-84
698.994,00:02,1398,-83
699.06,00:03,1398,-84
699.102,00:04,1398,-84
699.494,00:02,1399,-83
699.56,00:03,1399,-84
699.6,00:04,1399,-84
699.995,00:02,1400,-82
700.06,00:03,1400,-84
700.102,00:04,1400,-84
700.495,00:02,1401,-82
700.559,00:03,1401,-84
700.601,00:04,1401,-84
700.996,00:02,1402,-82
701.062,00:03,1402,-84
701.102,00:04,1402,-84
701.494,00:02,1403,-82
701.561,00:03,1403,-84
701.601,00:04,1403,-84
701.993,00:02,1404,-82
702.059,00:03,1404,-85
702.102,00:04,1404,-83
702.496,00:02,1405,-82
702.56,00:03,1405,-85
702.603,00:04,1405,-83
702.993,00:02,1406,-82
703.06,00:03,1406,-85
703.102,00:04,1406,-83
703.495,00:02,1407,-82
703.56,00:03,1407,-85
703.601,00:04,1407,-83
703.994,00:02,1408,-82
704.06,00:03,1408,-85
704.101,00:04,1408,-83
704.496,00:02,1409,-82
704.56,00:03,1409,-85
704.603,00:04,1409,-83
704.993,00:02,1410,-81
705.06,00:03,1410,-85
705.101,00:04,1410,-83
705.495,00:02,1411,-81
705.558,00:03,1411,-85
705.602,00:04,1411,-83
705.995,00:02,1412,-81
706.062,00:03,1412,-85
706.101,00:04,1412,-83
706.493,00:02,1413,-81
706.56,00:03,1413,-86
706.602,00:04,1413,-83
706.994,00:02,1414,-81
707.06,00:03,1414,-86
707.102,00:04,1414,-83
707.494,00:02,1415,-81
707.561,00:03,1415,-86
707.6,00:04,1415,-83
707.995,00:02,1416,-81
708.061,00:03,1416,-86
708.1,00:04,1416,-83
708.494,00:02,1417,-81
708.56,00:03,1417,-86
708.602,00:04,1417,-83
708.995,00:02,1418,-81
709.061,00:03,1418,-86
709.101,00:04,1418,-83
709.495,00:02,1419,-80
709.561,00:03,1419,-86
709.602,00:04,1419,-83
709.994,00:02,1420,-80
710.062,00:03,1420,-86
710.102,00:04,1420,-83
710.494,00:02,1421,-80
710.561,00:03,1421,-86
710.601,00:04,1421,-83
710.993,00:02,1422,-80
711.059,00:03,1422,-87
711.102,00:04,1422,-83
711.494,00:02,1423,-80
711.561,00:03,1423,-87
711.603,00:04,1423,-83
711.994,00:02,1424,-80
712.061,00:03,1424,-87
712.101,00:04,1424,-83
712.494,00:02,1425,-80
712.561,00:03,1425,-87
712.601,00:04,1425,-83
712.995,00:02,1426,-80
713.062,00:03,1426,-87
713.1,00:04,1426,-83
713.495,00:02,1427,-80
713.559,00:03,1427,-87
713.599,00:04,1427,-83
713.995,00:02,1428,-79
714.061,00:03,1428,-87
714.101,00:04,1428,-83
714.494,00:02,1429,-79
714.562,00:03,1429,-87
714.601,00:04,1429,-83
714.994,00:02,1430,-79
715.06,00:03,1430,-87
715.101,00:04,1430,-83
715.493,00:02,1431,-79
715.559,00:03,1431,-88
715.6,00:04,1431,-83
715.994,00:02,1432,-79
716.061,00:03,1432,-88
716.101,00:04,1432,-83
716.494,00:02,1433,-79
716.56,00:03,1433,-88
716.601,00:04,1433,-83
716.995,00:02,1434,-79
717.059,00:03,1434,-88
717.099,00:04,1434,-83
717.494,00:02,1435,-79
717.561,00:03,1435,-88
717.602,00:04,1435,-83
717.994,00:02,1436,-79
718.06,00:03,1436,-88
718.101,00:04,1436,-83
718.496,00:02,1437,-78
718.561,00:03,1437,-88
718.601,00:04,1437,-83
718.993,00:02,1438,-78
719.06,00:03,1438,-88
719.101,00:04,1438,-83
719.496,00:02,1439,-78
719.559,00:03,1439,-89
719.599,00:04,1439,-83
719.994,00:02,1440,-78
720.061,00:03,1440,-89
720.101,00:04,1440,-83
720.495,00:02,1441,-78
720.56,00:03,1441,-89
720.602,00:04,1441,-83
720.996,00:02,1442,-78
721.06,00:03,1442,-89
721.101,00:04,1442,-83
721.494,00:02,1443,-78
721.561,00:03,1443,-89
721.601,00:04,1443,-83
721.994,00:02,1444,-78
722.059,00:03,1444,-89
722.1,00:04,1444,-83
722.495,00:02,1445,-78
722.56,00:03,1445,-89
722.602,00:04,1445,-83
722.993,00:02,1446,-77
723.062,00:03,1446,-89
723.1,00:04,1446,-83
723.495,00:02,1447,-77
723.561,00:03,1447,-89
723.601,00:04,1447,-83
723.995,00:02,1448,-77
724.061,00:03,1448,-89
724.101,00:04,1448,-83
724.494,00:02,1449,-77
724.56,00:03,1449,-90
724.602,00:04,1449,-83
724.994,00:02,1450,-77
725.061,00:03,1450,-90
725.1,00:04,1450,-83
725.495,00:02,1451,-77
725.56,00:03,1451,-90
725.601,00:04,1451,-83
725.992,00:02,1452,-77
726.06,00:03,1452,-90
726.103,00:04,1452,-83
726.496,00:02,1453,-77
726.56,00:03,1453,-90
726.6,00:04,1453,-83
726.994,00:02,1454,-77
727.062,00:03,1454,-90
727.101,00:04,1454,-83
727.494,00:02,1455,-76
727.561,00:03,1455,-90
727.601,00:04,1455,-83
727.994,00:02,1456,-76
728.06,00:03,1456,-90
728.099,00:04,1456,-83
728.493,00:02,1457,-76
728.56,00:03,1457,-90
728.602,00:04,1457,-83
728.993,00:02,1458,-76
729.059,00:03,1458,-91
729.1,00:04,1458,-83
729.494,00:02,1459,-76
729.561,00:03,1459,-91
729.6,00:04,1459,-83
729.995,00:02,1460,-76
730.061,00:03,1460,-91
730.101,00:04,1460,-83
730.492,00:02,1461,-76
730.56,00:03,1461,-91
730.602,00:04,1461,-83
730.994,00:02,1462,-76
731.061,00:03,1462,-91
731.102,00:04,1462,-83
731.493,00:02,1463,-76
731.562,00:03,1463,-91
731.6,00:04,1463,-83
731.993,00:02,1464,-75
732.061,00:03,1464,-91
732.1,00:04,1464,-84
732.494,00:02,1465,-75
732.559,00:03,1465,-91
732.6,00:04,1465,-84
732.993,00:02,1466,-75
733.061,00:03,1466,-91
733.101,00:04,1466,-84
733.495,00:02,1467,-75
733.561,00:03,1467,-92
733.599,00:04,1467,-84
733.994,00:02,1468,-75
734.06,00:03,1468,-92
734.1,00:04,1468,-84
734.495,00:02,1469,-75
734.559,00:03,1469,-92
734.6,00:04,1469,-84
734.992,00:02,1470,-75
735.061,00:03,1470,-92
735.101,00:04,1470,-84
735.495,00:02,1471,-75
735.561,00:03,1471,-92
735.601,00:04,1471,-84
735.994,00:02,1472,-75
736.059,00:03,1472,-92
736.101,00:04,1472,-84
736.492,00:02,1473,-74
736.562,00:03,1473,-92
736.599,00:04,1473,-84
736.993,00:02,1474,-74
737.062,00:03,1474,-92
737.1,00:04,1474,-84
737.494,00:02,1475,-74
737.562,00:03,1475,-92
737.6,00:04,1475,-84
737.994,00:02,1476,-74
738.061,00:03,1476,-92
738.101,00:04,1476,-84
738.493,00:02,1477,-74
738.56,00:03,1477,-93
738.6,00:04,1477,-84
738.993,00:02,1478,-74
739.061,00:03,1478,-93
739.101,00:04,1478,-84
739.495,00:02,1479,-74
739.56,00:03,1479,-93
739.6,00:04,1479,-84
739.992,00:02,1480,-74
740.062,00:03,1480,-93
740.1,00:04,1480,-84
740.494,00:02,1481,-74
740.562,00:03,1481,-93
740.602,00:04,1481,-84
740.994,00:02,1482,-74
741.06,00:03,1482,-93
741.099,00:04,1482,-84
741.493,00:02,1483,-73
741.559,00:03,1483,-93
741.601,00:04,1483,-85
741.993,00:02,1484,-73
742.06,00:03,1484,-93
742.102,00:04,1484,-85
742.494,00:02,1485,-73
742.561,00:03,1485,-93
742.602,00:04,1485,-85
742.992,00:02,1486,-73
743.06,00:03,1486,-93
743.1,00:04,1486,-85
743.494,00:02,1487,-73
743.56,00:03,1487,-93
743.602,00:04,1487,-85
743.993,00:02,1488,-73
744.061,00:03,1488,-94
744.101,00:04,1488,-85
744.493,00:02,1489,-73
744.56,00:03,1489,-94
744.601,00:04,1489,-85
744.994,00:02,1490,-73
745.059,00:03,1490,-98
745.1,00:04,1490,-89
745.493,00:02,1491,-77
745.561,00:03,1491,-98
745.6,00:04,1491,-89
745.993,00:02,1492,-77
746.061,00:03,1492,-98
746.101,00:04,1492,-89
746.494,00:02,1493,-77
746.561,00:03,1493,-98
746.599,00:04,1493,-89
746.994,00:02,1494,-76
747.061,00:03,1494,-98
747.099,00:04,1494,-89
747.494,00:02,1495,-76
747.561,00:03,1495,-98
747.6,00:04,1495,-89
747.995,00:02,1496,-76
748.058,00:03,1496,-98
748.099,00:04,1496,-89
748.493,00:02,1497,-76
748.562,00:03,1497,-98
748.602,00:04,1497,-90
748.994,00:02,1498,-76
749.061,00:03,1498,-94
749.101,00:04,1498,-86
749.493,00:02,1499,-72
749.561,00:03,1499,-95
749.602,00:04,1499,-86
749.994,00:02,1500,-72
750.06,00:03,1500,-95
750.1,00:04,1500,-86
750.492,00:02,1501,-72
750.56,00:03,1501,-95
750.602,00:04,1501,-86
750.995,00:02,1502,-72
751.06,00:03,1502,-95
751.101,00:04,1502,-86
751.493,00:02,1503,-72
751.562,00:03,1503,-95
751.601,00:04,1503,-86
751.994,00:02,1504,-72
752.062,00:03,1504,-95
752.101,00:04,1504,-86
752.494,00:02,1505,-72
752.562,00:03,1505,-95
752.6,00:04,1505,-86
752.992,00:02,1506,-72
753.061,00:03,1506,-95
753.101,00:04,1506,-86
753.493,00:02,1507,-72
753.561,00:03,1507,-95
753.6,00:04,1507,-86
753.993,00:02,1508,-72
754.059,00:03,1508,-95
754.101,00:04,1508,-86
754.495,00:02,1509,-72
754.56,00:03,1509,-95
754.601,00:04,1509,-86
754.993,00:02,1510,-71
755.06,00:03,1510,-96
755.1,00:04,1510,-87
755.495,00:02,1511,-71
755.561,00:03,1511,-96
755.601,00:04,1511,-87
755.994,00:02,1512,-71
756.061,00:03,1512,-96
756.101,00:04,1512,-87
756.492,00:02,1513,-71
756.559,00:03,1513,-96
756.599,00:04,1513,-87
756.994,00:02,1514,-71
757.06,00:03,1514,-96
757.101,00:04,1514,-87
757.495,00:02,1515,-71
757.561,00:03,1515,-96
757.601,00:04,1515,-87
757.994,00:02,1516,-71
758.06,00:03,1516,-96
758.101,00:04,1516,-87
758.492,00:02,1517,-71
758.56,00:03,1517,-96
758.6,00:04,1517,-87
758.993,00:02,1518,-71
759.062,00:03,1518,-96
759.101,00:04,1518,-87
759.494,00:02,1519,-71
759.56,00:03,1519,-96
759.599,00:04,1519,-87
759.993,00:02,1520,-71
760.06,00:03,1520,-96
760.102,00:04,1520,-87
760.494,00:02,1521,-71
760.56,00:03,1521,-96
760.602,00:04,1521,-87
760.992,00:02,1522,-71
761.059,00:03,1522,-97
761.101,00:04,1522,-88
761.494,00:02,1523,-71
761.56,00:03,1523,-97
761.601,00:04,1523,-88
761.994,00:02,1524,-71
762.062,00:03,1524,-97
762.102,00:04,1524,-88
762.494,00:02,1525,-71
762.561,00:03,1525,-97
762.601,00:04,1525,-88
762.993,00:02,1526,-72
763.06,00:03,1526,-97
763.101,00:04,1526,-87
763.493,00:02,1527,-72
763.561,00:03,1527,-97
763.601,00:04,1527,-87
763.995,00:02,1528,-72
764.061,00:03,1528,-97
764.102,00:04,1528,-87
764.493,00:02,1529,-72
764.559,00:03,1529,-97
764.599,00:04,1529,-87
764.992,00:02,1530,-73
765.061,00:03,1530,-97
765.101,00:04,1530,-87
765.494,00:02,1531,-73
765.561,00:03,1531,-97
765.601,00:04,1531,-87
765.994,00:02,1532,-73
766.06,00:03,1532,-97
766.099,00:04,1532,-87
766.493,00:02,1533,-73
766.562,00:03,1533,-97
766.602,00:04,1533,-87
766.993,00:02,1534,-73
767.061,00:03,1534,-97
767.1,00:04,1534,-87
767.493,00:02,1535,-73
767.559,00:03,1535,-97
767.599,00:04,1535,-87
767.994,00:02,1536,-73
768.061,00:03,1536,-97
768.1,00:04,1536,-87
768.493,00:02,1537,-73
768.561,00:03,1537,-97
768.601,00:04,1537,-87
768.994,00:02,1538,-73
769.062,00:03,1538,-97
769.1,00:04,1538,-86
769.495,00:02,1539,-73
769.562,00:03,1539,-97
769.601,00:04,1539,-86
769.994,00:02,1540,-73
770.059,00:03,1540,-97
770.102,00:04,1540,-86
770.493,00:02,1541,-73
770.56,00:03,1541,-97
770.6,00:04,1541,-86
770.991,00:02,1542,-73
771.061,00:03,1542,-97
771.101,00:04,1542,-86
771.492,00:02,1543,-73
771.56,00:03,1543,-97
771.601,00:04,1543,-86
771.992,00:02,1544,-73
772.061,00:03,1544,-96
772.101,00:04,1544,-86
772.493,00:02,1545,-73
772.562,00:03,1545,-96
772.602,00:04,1545,-86
772.992,00:02,1546,-73
773.06,00:03,1546,-96
773.099,00:04,1546,-86
773.494,00:02,1547,-73
773.56,00:03,1547,-96
773.6,00:04,1547,-86
773.994,00:02,1548,-74
774.059,00:03,1548,-96
774.1,00:04,1548,-86
774.494,00:02,1549,-74
774.56,00:03,1549,-96
774.6,00:04,1549,-85
774.994,00:02,1550,-74
775.06,00:03,1550,-96
775.1,00:04,1550,-85
775.491,00:02,1551,-74
775.562,00:03,1551,-96
775.601,00:04,1551,-85
775.993,00:02,1552,-74
776.063,00:03,1552,-96
776.101,00:04,1552,-85
776.492,00:02,1553,-74
776.562,00:03,1553,-96
776.6,00:04,1553,-85
776.992,00:02,1554,-74
777.061,00:03,1554,-96
777.101,00:04,1554,-85
777.493,00:02,1555,-74
777.56,00:03,1555,-96
777.601,00:04,1555,-85
777.993,00:02,1556,-74
778.06,00:03,1556,-95
778.101,00:04,1556,-85
778.494,00:02,1557,-74
778.56,00:03,1557,-95
778.602,00:04,1557,-85
778.994,00:02,1558,-74
779.059,00:03,1558,-95
779.1,00:04,1558,-85
779.493,00:02,1559,-74
779.56,00:03,1559,-95
779.6,00:04,1559,-85
779.993,00:02,1560,-74
780.059,00:03,1560,-95
780.1,00:04,1560,-85
780.493,00:02,1561,-74
780.561,00:03,1561,-95
780.599,00:04,1561,-84
780.993,00:02,1562,-74
781.061,00:03,1562,-99
781.099,00:04,1562,-88
781.493,00:02,1563,-78
781.561,00:03,1563,-99
781.601,00:04,1563,-88
781.993,00:02,1564,-78
782.062,00:03,1564,-99
782.1,00:04,1564,-88
782.495,00:02,1565,-78
782.562,00:03,1565,-99
782.601,00:04,1565,-88
782.993,00:02,1566,-78
783.061,00:03,1566,-99
783.099,00:04,1566,-88
783.494,00:02,1567,-78
783.562,00:03,1567,-98
783.601,00:04,1567,-88
783.992,00:02,1568,-78
784.062,00:03,1568,-98
784.101,00:04,1568,-88
784.493,00:02,1569,-79
784.562,00:03,1569,-98
784.602,00:04,1569,-88
784.993,00:02,1570,-79
785.063,00:03,1570,-94
785.101,00:04,1570,-84
785.493,00:02,1571,-75
785.562,00:03,1571,-94
785.6,00:04,1571,-84
785.993,00:02,1572,-75
786.062,00:03,1572,-94
786.101,00:04,1572,-84
786.491,00:02,1573,-75
786.56,00:03,1573,-94
786.599,00:04,1573,-83
786.994,00:02,1574,-75
787.06,00:03,1574,-94
787.1,00:04,1574,-83
787.493,00:02,1575,-75
787.562,00:03,1575,-94
787.603,00:04,1575,-83
787.993,00:02,1576,-75
788.06,00:03,1576,-94
788.102,00:04,1576,-83
788.491,00:02,1577,-75
788.56,00:03,1577,-94
788.602,00:04,1577,-83
788.994,00:02,1578,-75
789.062,00:03,1578,-94
789.101,00:04,1578,-83
789.495,00:02,1579,-75
789.559,00:03,1579,-93
789.6,00:04,1579,-83
789.993,00:02,1580,-75
790.06,00:03,1580,-93
790.1,00:04,1580,-83
790.494,00:02,1581,-75
790.562,00:03,1581,-93
790.602,00:04,1581,-83
790.995,00:02,1582,-76
791.063,00:03,1582,-93
791.1,00:04,1582,-83
791.491,00:02,1583,-76
791.56,00:03,1583,-93
791.602,00:04,1583,-83
791.993,00:02,1584,-76
792.06,00:03,1584,-93
792.1,00:04,1584,-83
792.494,00:02,1585,-76
792.562,00:03,1585,-93
792.601,00:04,1585,-83
792.992,00:02,1586,-76
793.062,00:03,1586,-93
793.101,00:04,1586,-82
793.493,00:02,1587,-76
793.56,00:03,1587,-93
793.6,00:04,1587,-82
793.991,00:02,1588,-76
794.061,00:03,1588,-93
794.1,00:04,1588,-82
794.493,00:02,1589,-76
794.562,00:03,1589,-93
794.601,00:04,1589,-82
794.993,00:02,1590,-76
795.06,00:03,1590,-92
795.1,00:04,1590,-82
795.493,00:02,1591,-76
795.559,00:03,1591,-92
795.599,00:04,1591,-82
795.993,00:02,1592,-76
796.062,00:03,1592,-92
796.101,00:04,1592,-82
796.494,00:02,1593,-77
796.561,00:03,1593,-92
796.602,00:04,1593,-82
796.992,00:02,1594,-77
797.061,00:03,1594,-92
797.101,00:04,1594,-82
797.494,00:02,1595,-77
797.56,00:03,1595,-92
797.601,00:04,1595,-82
797.993,00:02,1596,-77
798.061,00:03,1596,-92
798.101,00:04,1596,-82
798.492,00:02,1597,-77
798.56,00:03,1597,-92
798.601,00:04,1597,-82
798.994,00:02,1598,-77
799.059,00:03,1598,-92
799.101,00:04,1598,-82
799.493,00:02,1599,-77
799.56,00:03,1599,-92
799.602,00:04,1599,-82
799.991,00:02,1600,-77
800.061,00:03,1600,-91
800.102,00:04,1600,-82
800.494,00:02,1601,-77
800.559,00:03,1601,-91
800.602,00:04,1601,-82
800.993,00:02,1602,-77
801.062,00:03,1602,-91
801.1,00:04,1602,-82
801.492,00:02,1603,-77
801.561,00:03,1603,-91
801.6,00:04,1603,-82
801.994,00:02,1604,-78
802.061,00:03,1604,-91
802.1,00:04,1604,-82
802.494,00:02,1605,-78
802.56,00:03,1605,-91
802.601,00:04,1605,-81
802.995,00:02,1606,-78
803.061,00:03,1606,-91
803.099,00:04,1606,-81
803.493,00:02,1607,-78
803.559,00:03,1607,-91
803.602,00:04,1607,-81
803.993,00:02,1608,-78
804.061,00:03,1608,-91
804.1,00:04,1608,-81
804.493,00:02,1609,-78
804.56,00:03,1609,-91
804.599,00:04,1609,-81
804.993,00:02,1610,-78
805.063,00:03,1610,-90
805.101,00:04,1610,-81
805.493,00:02,1611,-78
805.562,00:03,1611,-90
805.599,00:04,1611,-81
805.994,00:02,1612,-78
806.06,00:03,1612,-90
806.099,00:04,1612,-81
806.493,00:02,1613,-78
806.561,00:03,1613,-90
806.602,00:04,1613,-81
806.995,00:02,1614,-79
807.061,00:03,1614,-90
807.099,00:04,1614,-81
807.494,00:02,1615,-79
807.56,00:03,1615,-90
807.601,00:04,1615,-81
807.993,00:02,1616,-79
808.061,00:03,1616,-90
808.099,00:04,1616,-81
808.492,00:02,1617,-79
808.559,00:03,1617,-90
808.601,00:04,1617,-81
808.994,00:02,1618,-79
809.06,00:03,1618,-90
809.1,00:04,1618,-81
809.492,00:02,1619,-79
809.56,00:03,1619,-90
809.599,00:04,1619,-81
809.992,00:02,1620,-79
810.061,00:03,1620,-89
810.101,00:04,1620,-81
810.491,00:02,1621,-79
810.561,00:03,1621,-89
810.6,00:04,1621,-81
810.992,00:02,1622,-79
811.06,00:03,1622,-89
811.102,00:04,1622,-81
811.493,00:02,1623,-79
811.562,00:03,1623,-89
811.602,00:04,1623,-81
811.992,00:02,1624,-80
812.06,00:03,1624,-89
812.102,00:04,1624,-81
812.492,00:02,1625,-80
812.561,00:03,1625,-89
812.6,00:04,1625,-81
812.992,00:02,1626,-80
813.062,00:03,1626,-89
813.1,00:04,1626,-81
813.491,00:02,1627,-80
813.562,00:03,1627,-89
813.601,00:04,1627,-81
813.994,00:02,1628,-80
814.06,00:03,1628,-89
814.101,00:04,1628,-81
814.494,00:02,1629,-80
814.561,00:03,1629,-89
814.6,00:04,1629,-81
814.992,00:02,1630,-80
815.063,00:03,1630,-88
815.1,00:04,1630,-81
815.494,00:02,1631,-80
815.561,00:03,1631,-88
815.601,00:04,1631,-81
815.992,00:02,1632,-80
816.06,00:03,1632,-88
816.101,00:04,1632,-81
816.492,00:02,1633,-80
816.56,00:03,1633,-88
816.6,00:04,1633,-81
816.992,00:02,1634,-81
817.062,00:03,1634,-88
817.102,00:04,1634,-81
817.492,00:02,1635,-81
817.56,00:03,1635,-88
817.601,00:04,1635,-81
817.994,00:02,1636,-81
818.06,00:03,1636,-88
818.101,00:04,1636,-81
818.492,00:02,1637,-81
818.561,00:03,1637,-88
818.601,00:04,1637,-81
818.992,00:02,1638,-81
819.06,00:03,1638,-88
819.1,00:04,1638,-81
819.493,00:02,1639,-81
819.563,00:03,1639,-88
819.6,00:04,1639,-81
819.992,00:02,1640,-81
820.062,00:03,1640,-87
820.101,00:04,1640,-81
820.491,00:02,1641,-81
820.56,00:03,1641,-87
820.6,00:04,1641,-81
820.992,00:02,1642,-81
821.061,00:03,1642,-87
821.101,00:04,1642,-81
821.492,00:02,1643,-81
821.563,00:03,1643,-87
821.602,00:04,1643,-81
821.994,00:02,1644,-82
822.061,00:03,1644,-87
822.101,00:04,1644,-81
822.493,00:02,1645,-82
822.562,00:03,1645,-87
822.6,00:04,1645,-81
822.991,00:02,1646,-82
823.061,00:03,1646,-87
823.099,00:04,1646,-81
823.492,00:02,1647,-82
823.562,00:03,1647,-87
823.601,00:04,1647,-81
823.992,00:02,1648,-82
824.062,00:03,1648,-87
824.102,00:04,1648,-82
824.493,00:02,1649,-82
824.562,00:03,1649,-87
824.599,00:04,1649,-82
824.992,00:02,1650,-82
825.059,00:03,1650,-86
825.102,00:04,1650,-82
825.492,00:02,1651,-82
825.562,00:03,1651,-86
825.601,00:04,1651,-82
825.993,00:02,1652,-82
826.06,00:03,1652,-86
826.101,00:04,1652,-82
826.492,00:02,1653,-82
826.559,00:03,1653,-86
826.601,00:04,1653,-82
826.993,00:02,1654,-83
827.061,00:03,1654,-86
827.102,00:04,1654,-82
827.492,00:02,1655,-83
827.561,00:03,1655,-86
827.599,00:04,1655,-82
827.992,00:02,1656,-83
828.062,00:03,1656,-86
828.099,00:04,1656,-82
828.493,00:02,1657,-83
828.562,00:03,1657,-86
828.601,00:04,1657,-82
828.993,00:02,1658,-83
829.062,00:03,1658,-86
829.1,00:04,1658,-82
829.493,00:02,1659,-83
829.563,00:03,1659,-86
829.601,00:04,1659,-82
829.991,00:02,1660,-83
830.061,00:03,1660,-86
830.1,00:04,1660,-82
830.49,00:02,1661,-83
830.562,00:03,1661,-85
830.6,00:04,1661,-82
830.992,00:02,1662,-83
831.06,00:03,1662,-85
831.1,00:04,1662,-82
831.494,00:02,1663,-83
831.561,00:03,1663,-85
831.601,00:04,1663,-82
831.993,00:02,1664,-83
832.06,00:03,1664,-85
832.1,00:04,1664,-82
832.493,00:02,1665,-84
832.562,00:03,1665,-85
832.602,00:04,1665,-82
832.992,00:02,1666,-84
833.061,00:03,1666,-85
833.099,00:04,1666,-83
833.492,00:02,1667,-84
833.56,00:03,1667,-85
833.601,00:04,1667,-83
833.992,00:02,1668,-84
834.06,00:03,1668,-85
834.099,00:04,1668,-83
834.492,00:02,1669,-84
834.56,00:03,1669,-85
834.599,00:04,1669,-83
834.99,00:02,1670,-84
835.061,00:03,1670,-85
835.1,00:04,1670,-83
835.493,00:02,1671,-84
835.561,00:03,1671,-85
835.6,00:04,1671,-83
835.992,00:02,1672,-84
836.06,00:03,1672,-84
836.099,00:04,1672,-83
836.493,00:02,1673,-84
836.561,00:03,1673,-84
836.6,00:04,1673,-83
836.991,00:02,1674,-84
837.061,00:03,1674,-84
837.1,00:04,1674,-83
837.492,00:02,1675,-84
837.562,00:03,1675,-84
837.601,00:04,1675,-83
837.992,00:02,1676,-85
838.061,00:03,1676,-84
838.1,00:04,1676,-83
838.494,00:02,1677,-85
838.562,00:03,1677,-84
838.6,00:04,1677,-83
838.991,00:02,1678,-85
839.061,00:03,1678,-84
839.1,00:04,1678,-83
839.492,00:02,1679,-85
839.561,00:03,1679,-84
839.6,00:04,1679,-83
839.992,00:02,1680,-85
840.06,00:03,1680,-84
840.099,00:04,1680,-84
840.493,00:02,1681,-85
840.561,00:03,1681,-84
840.602,00:04,1681,-84
840.991,00:02,1682,-85
841.059,00:03,1682,-88
841.1,00:04,1682,-88
841.494,00:02,1683,-89
841.56,00:03,1683,-88
841.601,00:04,1683,-88
841.991,00:02,1684,-89
842.06,00:03,1684,-88
842.101,00:04,1684,-88
842.492,00:02,1685,-89
842.561,00:03,1685,-88
842.601,00:04,1685,-88
842.992,00:02,1686,-89
843.06,00:03,1686,-87
843.101,00:04,1686,-88
843.492,00:02,1687,-90
843.561,00:03,1687,-87
843.601,00:04,1687,-88
843.992,00:02,1688,-90
844.06,00:03,1688,-87
844.1,00:04,1688,-88
844.493,00:02,1689,-90
844.561,00:03,1689,-87
844.6,00:04,1689,-88
844.991,00:02,1690,-90
845.061,00:03,1690,-83
845.1,00:04,1690,-84
845.491,00:02,1691,-86
845.56,00:03,1691,-83
845.6,00:04,1691,-84
845.993,00:02,1692,-86
846.06,00:03,1692,-83
846.101,00:04,1692,-85
846.493,00:02,1693,-86
846.563,00:03,1693,-83
846.6,00:04,1693,-85
846.993,00:02,1694,-86
847.061,00:03,1694,-83
847.1,00:04,1694,-85
847.492,00:02,1695,-86
847.562,00:03,1695,-83
847.599,00:04,1695,-85
847.992,00:02,1696,-86
848.062,00:03,1696,-83
848.099,00:04,1696,-85
848.492,00:02,1697,-86
848.561,00:03,1697,-83
848.6,00:04,1697,-85
848.992,00:02,1698,-86
849.063,00:03,1698,-83
849.099,00:04,1698,-85
849.492,00:02,1699,-87
849.561,00:03,1699,-83
849.6,00:04,1699,-85
849.992,00:02,1700,-87
850.06,00:03,1700,-83
850.099,00:04,1700,-85
850.492,00:02,1701,-87
850.56,00:03,1701,-83
850.599,00:04,1701,-85
850.992,00:02,1702,-87
851.061,00:03,1702,-83
851.101,00:04,1702,-85
851.491,00:02,1703,-87
851.562,00:03,1703,-83
851.602,00:04,1703,-86
851.992,00:02,1704,-87
852.06,00:03,1704,-83
852.099,00:04,1704,-86
852.49,00:02,1705,-87
852.56,00:03,1705,-83
852.601,00:04,1705,-86
852.992,00:02,1706,-87
853.063,00:03,1706,-83
853.1,00:04,1706,-86
853.493,00:02,1707,-87
853.56,00:03,1707,-83
853.6,00:04,1707,-86
853.992,00:02,1708,-87
854.06,00:03,1708,-83
854.1,00:04,1708,-86
854.491,00:02,1709,-87
854.561,00:03,1709,-83
854.601,00:04,1709,-86
854.991,00:02,1710,-87
855.062,00:03,1710,-83
855.1,00:04,1710,-86
855.492,00:02,1711,-88
855.561,00:03,1711,-83
855.6,00:04,1711,-86
855.993,00:02,1712,-88
856.06,00:03,1712,-82
856.102,00:04,1712,-86
856.491,00:02,1713,-88
856.561,00:03,1713,-82
856.601,00:04,1713,-86
856.994,00:02,1714,-88
857.062,00:03,1714,-82
857.1,00:04,1714,-87
857.492,00:02,1715,-88
857.56,00:03,1715,-82
857.6,00:04,1715,-87
857.992,00:02,1716,-88
858.06,00:03,1716,-83
858.1,00:04,1716,-87
858.492,00:02,1717,-88
858.559,00:03,1717,-83
858.602,00:04,1717,-87
858.992,00:02,1718,-88
859.061,00:03,1718,-83
859.098,00:04,1718,-86
859.492,00:02,1719,-88
859.56,00:03,1719,-83
859.6,00:04,1719,-86
859.991,00:02,1720,-88
860.062,00:03,1720,-83
860.101,00:04,1720,-86
860.491,00:02,1721,-88
860.561,00:03,1721,-83
860.6,00:04,1721,-86
860.992,00:02,1722,-88
861.063,00:03,1722,-84
861.1,00:04,1722,-86
861.494,00:02,1723,-88
861.563,00:03,1723,-84
861.601,00:04,1723,-86
861.992,00:02,1724,-88
862.061,00:03,1724,-84
862.099,00:04,1724,-86
862.492,00:02,1725,-88
862.563,00:03,1725,-84
862.601,00:04,1725,-86
862.991,00:02,1726,-88
863.063,00:03,1726,-84
863.101,00:04,1726,-86
863.492,00:02,1727,-88
863.56,00:03,1727,-84
863.601,00:04,1727,-86
863.991,00:02,1728,-88
864.061,00:03,1728,-84
864.101,00:04,1728,-86
864.491,00:02,1729,-88
864.561,00:03,1729,-84
864.6,00:04,1729,-86
864.992,00:02,1730,-88
865.062,00:03,1730,-84
865.099,00:04,1730,-86
865.492,00:02,1731,-88
865.562,00:03,1731,-84
865.6,00:04,1731,-85
865.992,00:02,1732,-88
866.059,00:03,1732,-84
866.099,00:04,1732,-85
866.492,00:02,1733,-88
866.56,00:03,1733,-84
866.601,00:04,1733,-85
866.991,00:02,1734,-88
867.061,00:03,1734,-84
867.101,00:04,1734,-85
867.493,00:02,1735,-88
867.561,00:03,1735,-84
867.601,00:04,1735,-85
867.992,00:02,1736,-88
868.062,00:03,1736,-84
868.101,00:04,1736,-85
868.491,00:02,1737,-88
868.56,00:03,1737,-84
868.601,00:04,1737,-85
868.991,00:02,1738,-88
869.061,00:03,1738,-84
869.101,00:04,1738,-85
869.492,00:02,1739,-87
869.562,00:03,1739,-85
869.6,00:04,1739,-85
869.992,00:02,1740,-87
870.061,00:03,1740,-85
870.1,00:04,1740,-84
870.492,00:02,1741,-87
870.561,00:03,1741,-85
870.6,00:04,1741,-84
870.991,00:02,1742,-87
871.062,00:03,1742,-85
871.101,00:04,1742,-84
871.49,00:02,1743,-87
871.561,00:03,1743,-85
871.6,00:04,1743,-84
871.99,00:02,1744,-87
872.061,00:03,1744,-85
872.1,00:04,1744,-84
872.493,00:02,1745,-87
872.563,00:03,1745,-85
872.599,00:04,1745,-84
872.991,00:02,1746,-87
873.062,00:03,1746,-85
873.101,00:04,1746,-84
873.49,00:02,1747,-87
873.561,00:03,1747,-85
873.6,00:04,1747,-84
873.99,00:02,1748,-87
874.06,00:03,1748,-85
874.1,00:04,1748,-84
874.492,00:02,1749,-87
874.56,00:03,1749,-85
874.599,00:04,1749,-84
874.991,00:02,1750,-87
875.06,00:03,1750,-85
875.1,00:04,1750,-83
875.492,00:02,1751,-87
875.561,00:03,1751,-85
875.599,00:04,1751,-83
875.991,00:02,1752,-86
876.061,00:03,1752,-85
876.1,00:04,1752,-83
876.49,00:02,1753,-86
876.561,00:03,1753,-85
876.601,00:04,1753,-83
876.991,00:02,1754,-86
877.061,00:03,1754,-89
877.1,00:04,1754,-87
877.493,00:02,1755,-90
877.561,00:03,1755,-89
877.602,00:04,1755,-87
877.992,00:02,1756,-90
878.061,00:03,1756,-89
878.101,00:04,1756,-87
878.492,00:02,1757,-90
878.562,00:03,1757,-89
878.601,00:04,1757,-87
878.993,00:02,1758,-90
879.062,00:03,1758,-89
879.098,00:04,1758,-87
879.493,00:02,1759,-90
879.561,00:03,1759,-89
879.601,00:04,1759,-87
879.992,00:02,1760,-90
880.063,00:03,1760,-89
880.101,00:04,1760,-86
880.492,00:02,1761,-90
880.562,00:03,1761,-89
880.6,00:04,1761,-86
880.992,00:02,1762,-90
881.062,00:03,1762,-85
881.1,00:04,1762,-82
881.492,00:02,1763,-86
881.562,00:03,1763,-85
881.602,00:04,1763,-82
881.991,00:02,1764,-85
882.063,00:03,1764,-86
882.1,00:04,1764,-82
882.493,00:02,1765,-85
882.561,00:03,1765,-86
882.6,00:04,1765,-82
882.992,00:02,1766,-85
883.062,00:03,1766,-86
883.102,00:04,1766,-82
883.491,00:02,1767,-85
883.56,00:03,1767,-86
883.6,00:04,1767,-82
883.991,00:02,1768,-85
884.06,00:03,1768,-86
884.1,00:04,1768,-82
884.492,00:02,1769,-85
884.561,00:03,1769,-86
884.6,00:04,1769,-82
884.993,00:02,1770,-85
885.061,00:03,1770,-86
885.098,00:04,1770,-82
885.491,00:02,1771,-85
885.561,00:03,1771,-86
885.602,00:04,1771,-81
885.993,00:02,1772,-85
886.061,00:03,1772,-86
886.1,00:04,1772,-81
886.492,00:02,1773,-85
886.562,00:03,1773,-86
886.6,00:04,1773,-81
886.991,00:02,1774,-85
887.062,00:03,1774,-86
887.099,00:04,1774,-81
887.49,00:02,1775,-85
887.56,00:03,1775,-86
887.6,00:04,1775,-81
887.991,00:02,1776,-84
888.06,00:03,1776,-86
888.101,00:04,1776,-81
888.493,00:02,1777,-84
888.56,00:03,1777,-86
888.601,00:04,1777,-81
888.992,00:02,1778,-84
889.059,00:03,1778,-86
889.102,00:04,1778,-81
889.491,00:02,1779,-84
889.562,00:03,1779,-87
889.599,00:04,1779,-81
889.991,00:02,1780,-84
890.061,00:03,1780,-87
890.099,00:04,1780,-81
890.492,00:02,1781,-84
890.562,00:03,1781,-87
890.599,00:04,1781,-81
890.991,00:02,1782,-84
891.059,00:03,1782,-87
891.1,00:04,1782,-81
891.492,00:02,1783,-84
891.562,00:03,1783,-87
891.6,00:04,1783,-80
891.99,00:02,1784,-84
892.061,00:03,1784,-87
892.102,00:04,1784,-80
892.492,00:02,1785,-84
892.562,00:03,1785,-87
892.6,00:04,1785,-80
892.993,00:02,1786,-84
893.062,00:03,1786,-87
893.101,00:04,1786,-80
893.492,00:02,1787,-84
893.562,00:03,1787,-87
893.6,00:04,1787,-80
893.992,00:02,1788,-83
894.062,00:03,1788,-87
894.102,00:04,1788,-80
894.49,00:02,1789,-83
894.56,00:03,1789,-87
894.6,00:04,1789,-80
894.99,00:02,1790,-83
895.061,00:03,1790,-87
895.1,00:04,1790,-80
895.492,00:02,1791,-83
895.562,00:03,1791,-88
895.599,00:04,1791,-80
895.993,00:02,1792,-83
896.061,00:03,1792,-88
896.101,00:04,1792,-80
896.49,00:02,1793,-83
896.561,00:03,1793,-88
896.6,00:04,1793,-80
896.991,00:02,1794,-83
897.061,00:03,1794,-88
897.102,00:04,1794,-80
897.489,00:02,1795,-83
897.562,00:03,1795,-88
897.6,00:04,1795,-80
897.991,00:02,1796,-83
898.061,00:03,1796,-88
898.102,00:04,1796,-80
898.492,00:02,1797,-83
898.56,00:03,1797,-88
898.6,00:04,1797,-80
898.99,00:02,1798,-83
899.06,00:03,1798,-88
899.099,00:04,1798,-80
899.49,00:02,1799,-82
899.561,00:03,1799,-88
899.601,00:04,1799,-80
899.991,00:02,1800,-82
900.062,00:03,1800,-88
900.099,00:04,1800,-79
900.492,00:02,1801,-82
900.562,00:03,1801,-88
900.599,00:04,1801,-79
900.99,00:02,1802,-82
901.062,00:03,1802,-88
901.1,00:04,1802,-79
901.492,00:02,1803,-82
901.562,00:03,1803,-89
901.601,00:04,1803,-79
901.992,00:02,1804,-82
902.062,00:03,1804,-89
902.101,00:04,1804,-79
902.492,00:02,1805,-82
902.562,00:03,1805,-89
902.6,00:04,1805,-79
902.991,00:02,1806,-82
903.061,00:03,1806,-89
903.099,00:04,1806,-79
903.492,00:02,1807,-82
903.563,00:03,1807,-89
903.6,00:04,1807,-79
903.992,00:02,1808,-82
904.06,00:03,1808,-89
904.101,00:04,1808,-79
904.492,00:02,1809,-82
904.562,00:03,1809,-89
904.601,00:04,1809,-79
904.99,00:02,1810,-81
905.061,00:03,1810,-89
905.101,00:04,1810,-79
905.492,00:02,1811,-81
905.561,00:03,1811,-89
905.602,00:04,1811,-79
905.991,00:02,1812,-81
906.061,00:03,1812,-89
906.101,00:04,1812,-79
906.492,00:02,1813,-81
906.562,00:03,1813,-89
906.599,00:04,1813,-79
906.991,00:02,1814,-81
907.062,00:03,1814,-90
907.1,00:04,1814,-79
907.491,00:02,1815,-81
907.56,00:03,1815,-90
907.6,00:04,1815,-79
907.991,00:02,1816,-81
908.061,00:03,1816,-90
908.101,00:04,1816,-79
908.492,00:02,1817,-81
908.562,00:03,1817,-90
908.6,00:04,1817,-79
908.992,00:02,1818,-81
909.062,00:03,1818,-90
909.099,00:04,1818,-79
909.491,00:02,1819,-81
909.56,00:03,1819,-90
909.6,00:04,1819,-79
909.992,00:02,1820,-81
910.062,00:03,1820,-90
910.101,00:04,1820,-79
910.49,00:02,1821,-80
910.561,00:03,1821,-90
910.6,00:04,1821,-79
910.991,00:02,1822,-80
911.062,00:03,1822,-90
911.1,00:04,1822,-79
911.49,00:02,1823,-80
911.56,00:03,1823,-90
911.601,00:04,1823,-79
911.991,00:02,1824,-80
912.061,00:03,1824,-90
912.101,00:04,1824,-79
912.492,00:02,1825,-80
912.562,00:03,1825,-91
912.6,00:04,1825,-79
912.99,00:02,1826,-80
913.061,00:03,1826,-91
913.099,00:04,1826,-79
913.49,00:02,1827,-80
913.561,00:03,1827,-91
913.6,00:04,1827,-79
913.991,00:02,1828,-80
914.062,00:03,1828,-91
914.1,00:04,1828,-79
914.489,00:02,1829,-80
914.562,00:03,1829,-91
914.599,00:04,1829,-79
914.992,00:02,1830,-80
915.063,00:03,1830,-91
915.099,00:04,1830,-79
915.491,00:02,1831,-80
915.561,00:03,1831,-91
915.6,00:04,1831,-79
915.991,00:02,1832,-79
916.06,00:03,1832,-91
916.1,00:04,1832,-79
916.49,00:02,1833,-79
916.562,00:03,1833,-91
916.6,00:04,1833,-79
916.991,00:02,1834,-79
917.063,00:03,1834,-91
917.1,00:04,1834,-79
917.49,00:02,1835,-79
917.561,00:03,1835,-91
917.601,00:04,1835,-79
917.991,00:02,1836,-79
918.063,00:03,1836,-91
918.101,00:04,1836,-79
918.49,00:02,1837,-79
918.562,00:03,1837,-92
918.6,00:04,1837,-80
918.989,00:02,1838,-79
919.06,00:03,1838,-92
919.101,00:04,1838,-80
919.491,00:02,1839,-79
919.562,00:03,1839,-92
919.601,00:04,1839,-80
919.989,00:02,1840,-79
920.062,00:03,1840,-92
920.101,00:04,1840,-80
920.491,00:02,1841,-79
920.561,00:03,1841,-92
920.601,00:04,1841,-80
920.991,00:02,1842,-79
921.061,00:03,1842,-92
921.099,00:04,1842,-80
921.491,00:02,1843,-79
921.562,00:03,1843,-92
921.599,00:04,1843,-80
921.992,00:02,1844,-78
922.061,00:03,1844,-92
922.101,00:04,1844,-80
922.491,00:02,1845,-78
922.562,00:03,1845,-92
922.602,00:04,1845,-80
922.992,00:02,1846,-78
923.061,00:03,1846,-92
923.1,00:04,1846,-80
923.491,00:02,1847,-78
923.562,00:03,1847,-92
923.599,00:04,1847,-80
923.992,00:02,1848,-78
924.062,00:03,1848,-93
924.1,00:04,1848,-80
924.492,00:02,1849,-78
924.56,00:03,1849,-93
924.599,00:04,1849,-80
924.99,00:02,1850,-78
925.061,00:03,1850,-93
925.1,00:04,1850,-80
925.489,00:02,1851,-78
925.562,00:03,1851,-93
925.6,00:04,1851,-80
925.992,00:02,1852,-78
926.062,00:03,1852,-93
926.099,00:04,1852,-80
926.49,00:02,1853,-78
926.562,00:03,1853,-93
926.6,00:04,1853,-81
926.991,00:02,1854,-78
927.061,00:03,1854,-93
927.1,00:04,1854,-81
927.489,00:02,1855,-78
927.56,00:03,1855,-93
927.6,00:04,1855,-81
927.991,00:02,1856,-77
928.062,00:03,1856,-93
928.099,00:04,1856,-81
928.49,00:02,1857,-77
928.561,00:03,1857,-93
928.6,00:04,1857,-81
928.99,00:02,1858,-77
929.062,00:03,1858,-93
929.1,00:04,1858,-81
929.491,00:02,1859,-77
929.561,00:03,1859,-94
929.602,00:04,1859,-81
929.989,00:02,1860,-77
930.061,00:03,1860,-94
930.098,00:04,1860,-81
930.491,00:02,1861,-77
930.561,00:03,1861,-94
930.599,00:04,1861,-81
930.991,00:02,1862,-77
931.062,00:03,1862,-94
931.1,00:04,1862,-81
931.49,00:02,1863,-77
931.56,00:03,1863,-94
931.601,00:04,1863,-81
931.99,00:02,1864,-77
932.06,00:03,1864,-94
932.1,00:04,1864,-81
932.492,00:02,1865,-77
932.563,00:03,1865,-94
932.601,00:04,1865,-81
932.991,00:02,1866,-77
933.062,00:03,1866,-94
933.101,00:04,1866,-82
933.491,00:02,1867,-77
933.561,00:03,1867,-94
933.601,00:04,1867,-82
933.99,00:02,1868,-77
934.061,00:03,1868,-94
934.101,00:04,1868,-82
934.489,00:02,1869,-77
934.562,00:03,1869,-94
934.6,00:04,1869,-82
934.992,00:02,1870,-77
935.06,00:03,1870,-94
935.101,00:04,1870,-82
935.492,00:02,1871,-76
935.562,00:03,1871,-95
935.601,00:04,1871,-82
935.99,00:02,1872,-76
936.06,00:03,1872,-95
936.101,00:04,1872,-82
936.491,00:02,1873,-76
936.561,00:03,1873,-95
936.6,00:04,1873,-82
936.99,00:02,1874,-76
937.063,00:03,1874,-99
937.101,00:04,1874,-86
937.49,00:02,1875,-80
937.563,00:03,1875,-99
937.6,00:04,1875,-86
937.989,00:02,1876,-80
938.062,00:03,1876,-99
938.1,00:04,1876,-86
938.49,00:02,1877,-80
938.56,00:03,1877,-99
938.599,00:04,1877,-87
938.991,00:02,1878,-80
939.062,00:03,1878,-99
939.101,00:04,1878,-87
939.491,00:02,1879,-80
939.561,00:03,1879,-99
939.6,00:04,1879,-87
939.99,00:02,1880,-80
940.063,00:03,1880,-99
940.102,00:04,1880,-87
940.491,00:02,1881,-80
940.562,00:03,1881,-99
940.599,00:04,1881,-87
940.992,00:02,1882,-80
941.063,00:03,1882,-95
941.101,00:04,1882,-83
941.49,00:02,1883,-76
941.561,00:03,1883,-96
941.6,00:04,1883,-83
941.989,00:02,1884,-76
942.063,00:03,1884,-96
942.102,00:04,1884,-83
942.49,00:02,1885,-76
942.563,00:03,1885,-96
942.599,00:04,1885,-83
942.99,00:02,1886,-76
943.063,00:03,1886,-96
943.1,00:04,1886,-83
943.491,00:02,1887,-76
943.561,00:03,1887,-96
943.599,00:04,1887,-84
943.99,00:02,1888,-76
944.06,00:03,1888,-96
944.101,00:04,1888,-84
944.49,00:02,1889,-76
944.563,00:03,1889,-96
944.599,00:04,1889,-84
944.992,00:02,1890,-76
945.06,00:03,1890,-96
945.1,00:04,1890,-84
945.49,00:02,1891,-76
945.561,00:03,1891,-96
945.6,00:04,1891,-84
945.991,00:02,1892,-75
946.063,00:03,1892,-96
946.099,00:04,1892,-84
946.49,00:02,1893,-75
946.561,00:03,1893,-96
946.6,00:04,1893,-84
946.99,00:02,1894,-75
947.06,00:03,1894,-96
947.099,00:04,1894,-84
947.489,00:02,1895,-75
947.561,00:03,1895,-96
947.6,00:04,1895,-84
947.991,00:02,1896,-75
948.062,00:03,1896,-97
948.1,00:04,1896,-85
948.489,00:02,1897,-75
948.561,00:03,1897,-97
948.601,00:04,1897,-85
948.991,00:02,1898,-75
949.063,00:03,1898,-97
949.101,00:04,1898,-85
949.49,00:02,1899,-75
949.562,00:03,1899,-97
949.598,00:04,1899,-85
949.989,00:02,1900,-75
950.061,00:03,1900,-97
950.1,00:04,1900,-85
950.491,00:02,1901,-75
950.561,00:03,1901,-97
950.6,00:04,1901,-85
950.99,00:02,1902,-75
951.061,00:03,1902,-97
951.1,00:04,1902,-85
951.489,00:02,1903,-75
951.561,00:03,1903,-97
951.6,00:04,1903,-85
951.99,00:02,1904,-75
952.062,00:03,1904,-97
952.1,00:04,1904,-85
952.49,00:02,1905,-75
952.562,00:03,1905,-97
952.601,00:04,1905,-85
952.99,00:02,1906,-75
953.061,00:03,1906,-97
953.099,00:04,1906,-86
953.488,00:02,1907,-75
953.561,00:03,1907,-97
953.6,00:04,1907,-86
953.989,00:02,1908,-75
954.063,00:03,1908,-97
954.098,00:04,1908,-86
954.49,00:02,1909,-75
954.561,00:03,1909,-98
954.599,00:04,1909,-86
954.988,00:02,1910,-76
955.061,00:03,1910,-98
955.1,00:04,1910,-86
955.491,00:02,1911,-76
955.563,00:03,1911,-98
955.599,00:04,1911,-85
955.99,00:02,1912,-76
956.06,00:03,1912,-98
956.1,00:04,1912,-85
956.489,00:02,1913,-76
956.562,00:03,1913,-98
956.601,00:04,1913,-85
956.989,00:02,1914,-76
957.06,00:03,1914,-98
957.102,00:04,1914,-85
957.49,00:02,1915,-76
957.56,00:03,1915,-98
957.599,00:04,1915,-85
957.991,00:02,1916,-77
958.063,00:03,1916,-98
958.1,00:04,1916,-85
958.489,00:02,1917,-77
958.561,00:03,1917,-98
958.601,00:04,1917,-85
958.991,00:02,1918,-77
959.062,00:03,1918,-98
959.099,00:04,1918,-85
959.49,00:02,1919,-77
959.561,00:03,1919,-98
959.599,00:04,1919,-85
959.99,00:02,1920,-77
960.061,00:03,1920,-98
960.1,00:04,1920,-85
960.491,00:02,1921,-77
960.56,00:03,1921,-98
960.6,00:04,1921,-85
960.991,00:02,1922,-77
961.061,00:03,1922,-98
961.099,00:04,1922,-85
961.49,00:02,1923,-77
961.561,00:03,1923,-98
961.601,00:04,1923,-84
961.989,00:02,1924,-77
962.063,00:03,1924,-98
962.099,00:04,1924,-84
962.491,00:02,1925,-77
962.561,00:03,1925,-98
962.598,00:04,1925,-84
962.991,00:02,1926,-77
963.062,00:03,1926,-97
963.1,00:04,1926,-84
963.49,00:02,1927,-77
963.562,00:03,1927,-97
963.6,00:04,1927,-84
963.99,00:02,1928,-77
964.062,00:03,1928,-97
964.098,00:04,1928,-84
964.489,00:02,1929,-77
964.562,00:03,1929,-97
964.599,00:04,1929,-84
964.99,00:02,1930,-77
965.062,00:03,1930,-97
965.098,00:04,1930,-84
965.489,00:02,1931,-77
965.56,00:03,1931,-97
965.602,00:04,1931,-83
965.989,00:02,1932,-77
966.062,00:03,1932,-97
966.1,00:04,1932,-83
966.491,00:02,1933,-77
966.561,00:03,1933,-97
966.6,00:04,1933,-83
966.99,00:02,1934,-77
967.062,00:03,1934,-97
967.099,00:04,1934,-83
967.489,00:02,1935,-77
967.563,00:03,1935,-97
967.599,00:04,1935,-83
967.988,00:02,1936,-77
968.06,00:03,1936,-97
968.102,00:04,1936,-83
968.489,00:02,1937,-77
968.561,00:03,1937,-97
968.6,00:04,1937,-83
968.991,00:02,1938,-77
969.062,00:03,1938,-97
969.101,00:04,1938,-83
969.49,00:02,1939,-77
969.563,00:03,1939,-96
969.601,00:04,1939,-83
969.991,00:02,1940,-77
970.063,00:03,1940,-96
970.1,00:04,1940,-82
970.488,00:02,1941,-77
970.561,00:03,1941,-96
970.6,00:04,1941,-82
970.988,00:02,1942,-77
971.06,00:03,1942,-96
971.101,00:04,1942,-82
971.491,00:02,1943,-77
971.562,00:03,1943,-96
971.599,00:04,1943,-82
971.989,00:02,1944,-77
972.061,00:03,1944,-96
972.1,00:04,1944,-82
972.489,00:02,1945,-77
972.56,00:03,1945,-96
972.6,00:04,1945,-82
972.99,00:02,1946,-77
973.062,00:03,1946,-100
973.099,00:04,1946,-86
973.489,00:02,1947,-82
973.563,00:03,1947,-100
973.598,00:04,1947,-86
973.988,00:02,1948,-82
974.061,00:03,1948,-100
974.1,00:04,1948,-85
974.49,00:02,1949,-82
974.562,00:03,1949,-100
974.599,00:04,1949,-85
974.991,00:02,1950,-82
975.061,00:03,1950,-100
975.099,00:04,1950,-85
975.489,00:02,1951,-82
975.561,00:03,1951,-100
975.6,00:04,1951,-85
975.99,00:02,1952,-82
976.06,00:03,1952,-99
976.099,00:04,1952,-85
976.489,00:02,1953,-82
976.563,00:03,1953,-99
976.599,00:04,1953,-85
976.991,00:02,1954,-82
977.063,00:03,1954,-95
977.099,00:04,1954,-81
977.49,00:02,1955,-78
977.56,00:03,1955,-95
977.601,00:04,1955,-81
977.989,00:02,1956,-78
978.061,00:03,1956,-95
978.099,00:04,1956,-81
978.49,00:02,1957,-78
978.563,00:03,1957,-95
978.599,00:04,1957,-80
978.989,00:02,1958,-78
979.061,00:03,1958,-95
979.099,00:04,1958,-80
979.49,00:02,1959,-78
979.561,00:03,1959,-95
979.602,00:04,1959,-80
979.99,00:02,1960,-78
980.061,00:03,1960,-95
980.101,00:04,1960,-80
980.49,00:02,1961,-78
980.561,00:03,1961,-95
980.599,00:04,1961,-80
980.99,00:02,1962,-78
981.063,00:03,1962,-95
981.101,00:04,1962,-80
981.49,00:02,1963,-78
981.561,00:03,1963,-95
981.599,00:04,1963,-80
981.991,00:02,1964,-78
982.062,00:03,1964,-95
982.099,00:04,1964,-80
982.489,00:02,1965,-78
982.563,00:03,1965,-94
982.6,00:04,1965,-80
982.989,00:02,1966,-78
983.062,00:03,1966,-94
983.099,00:04,1966,-80
983.491,00:02,1967,-79
983.562,00:03,1967,-94
983.601,00:04,1967,-79
983.99,00:02,1968,-79
984.061,00:03,1968,-94
984.1,00:04,1968,-79
984.491,00:02,1969,-79
984.563,00:03,1969,-94
984.6,00:04,1969,-79
984.991,00:02,1970,-79
985.063,00:03,1970,-94
985.1,00:04,1970,-79
985.49,00:02,1971,-79
985.561,00:03,1971,-94
985.599,00:04,1971,-79
985.99,00:02,1972,-79
986.061,00:03,1972,-94
986.099,00:04,1972,-79
986.49,00:02,1973,-79
986.56,00:03,1973,-94
986.599,00:04,1973,-79
986.991,00:02,1974,-79
987.061,00:03,1974,-94
987.1,00:04,1974,-79
987.489,00:02,1975,-79
987.562,00:03,1975,-94
987.6,00:04,1975,-79
987.989,00:02,1976,-79
988.06,00:03,1976,-94
988.101,00:04,1976,-79
988.49,00:02,1977,-79
988.561,00:03,1977,-93
988.6,00:04,1977,-78
988.99,00:02,1978,-79
989.062,00:03,1978,-93
989.1,00:04,1978,-78
989.489,00:02,1979,-79
989.56,00:03,1979,-93
989.599,00:04,1979,-78
989.989,00:02,1980,-79
990.062,00:03,1980,-93
990.101,00:04,1980,-78
990.488,00:02,1981,-79
990.56,00:03,1981,-93
990.6,00:04,1981,-78
990.99,00:02,1982,-80
991.062,00:03,1982,-93
991.1,00:04,1982,-78
991.49,00:02,1983,-80
991.56,00:03,1983,-93
991.6,00:04,1983,-78
991.989,00:02,1984,-80
992.061,00:03,1984,-93
992.099,00:04,1984,-78
992.489,00:02,1985,-80
992.562,00:03,1985,-93
992.601,00:04,1985,-78
992.991,00:02,1986,-80
993.062,00:03,1986,-93
993.099,00:04,1986,-78
993.489,00:02,1987,-80
993.562,00:03,1987,-93
993.599,00:04,1987,-78
993.99,00:02,1988,-80
994.062,00:03,1988,-93
994.098,00:04,1988,-78
994.489,00:02,1989,-80
994.563,00:03,1989,-93
994.6,00:04,1989,-78
994.989,00:02,1990,-80
995.061,00:03,1990,-92
995.098,00:04,1990,-78
995.489,00:02,1991,-80
995.562,00:03,1991,-92
995.6,00:04,1991,-77
995.99,00:02,1992,-80
996.06,00:03,1992,-92
996.1,00:04,1992,-77
996.49,00:02,1993,-80
996.563,00:03,1993,-92
996.598,00:04,1993,-77
996.989,00:02,1994,-80
997.062,00:03,1994,-92
997.098,00:04,1994,-77
997.489,00:02,1995,-80
997.561,00:03,1995,-92
997.599,00:04,1995,-77
997.99,00:02,1996,-81
998.062,00:03,1996,-92
998.1,00:04,1996,-77
998.49,00:02,1997,-81
998.562,00:03,1997,-92
998.599,00:04,1997,-77
998.988,00:02,1998,-81
999.061,00:03,1998,-92
999.1,00:04,1998,-77
999.49,00:02,1999,-81
999.562,00:03,1999,-92
999.6,00:04,1999,-77
999.991,00:02,2000,-81
1000.06,00:03,2000,-92
1000.1,00:04,2000,-77
1000.49,00:02,2001,-81
1000.56,00:03,2001,-92
1000.6,00:04,2001,-77
1000.99,00:02,2002,-81
1001.06,00:03,2002,-91
1001.1,00:04,2002,-77
1001.49,00:02,2003,-81
1001.56,00:03,2003,-91
1001.6,00:04,2003,-77
1001.99,00:02,2004,-81
1002.06,00:03,2004,-91
1002.1,00:04,2004,-77
1002.49,00:02,2005,-81
1002.56,00:03,2005,-91
1002.6,00:04,2005,-77
1002.99,00:02,2006,-81
1003.06,00:03,2006,-91
1003.1,00:04,2006,-77
1003.49,00:02,2007,-81
1003.56,00:03,2007,-91
1003.6,00:04,2007,-77
1003.99,00:02,2008,-82
1004.06,00:03,2008,-91
1004.1,00:04,2008,-77
1004.49,00:02,2009,-82
1004.56,00:03,2009,-91
1004.6,00:04,2009,-77
1004.99,00:02,2010,-82
1005.06,00:03,2010,-91
1005.1,00:04,2010,-77
1005.49,00:02,2011,-82
1005.56,00:03,2011,-91
1005.6,00:04,2011,-77
1005.99,00:02,2012,-82
1006.06,00:03,2012,-91
1006.1,00:04,2012,-77
1006.49,00:02,2013,-82
1006.56,00:03,2013,-91
1006.6,00:04,2013,-77
1006.99,00:02,2014,-82
1007.06,00:03,2014,-90
1007.1,00:04,2014,-77
1007.49,00:02,2015,-82
1007.56,00:03,2015,-90
1007.6,00:04,2015,-77
1007.99,00:02,2016,-82
1008.06,00:03,2016,-90
1008.1,00:04,2016,-77
1008.49,00:02,2017,-82
1008.56,00:03,2017,-90
1008.6,00:04,2017,-77
1008.99,00:02,2018,-82
1009.06,00:03,2018,-90
1009.1,00:04,2018,-77
1009.49,00:02,2019,-82
1009.56,00:03,2019,-90
1009.6,00:04,2019,-77
1009.99,00:02,2020,-82
1010.06,00:03,2020,-90
1010.1,00:04,2020,-77
1010.49,00:02,2021,-83
1010.56,00:03,2021,-90
1010.6,00:04,2021,-77
1010.99,00:02,2022,-83
1011.06,00:03,2022,-90
1011.1,00:04,2022,-77
1011.49,00:02,2023,-83
1011.56,00:03,2023,-90
1011.6,00:04,2023,-77
1011.99,00:02,2024,-83
1012.06,00:03,2024,-90
1012.1,00:04,2024,-77
1012.49,00:02,2025,-83
1012.56,00:03,2025,-90
1012.6,00:04,2025,-77
1012.99,00:02,2026,-83
1013.06,00:03,2026,-90
1013.1,00:04,2026,-77
1013.49,00:02,2027,-83
1013.56,00:03,2027,-89
1013.6,00:04,2027,-77
1013.99,00:02,2028,-83
1014.06,00:03,2028,-89
1014.1,00:04,2028,-77
1014.49,00:02,2029,-83
1014.56,00:03,2029,-89
1014.6,00:04,2029,-77
1014.99,00:02,2030,-83
1015.06,00:03,2030,-89
1015.1,00:04,2030,-78
1015.49,00:02,2031,-83
1015.56,00:03,2031,-89
1015.6,00:04,2031,-78
1015.99,00:02,2032,-83
1016.06,00:03,2032,-89
1016.1,00:04,2032,-78
1016.49,00:02,2033,-84
1016.56,00:03,2033,-89
1016.6,00:04,2033,-78
1016.99,00:02,2034,-84
1017.06,00:03,2034,-89
1017.1,00:04,2034,-78
1017.49,00:02,2035,-84
1017.56,00:03,2035,-89
1017.6,00:04,2035,-78
1017.99,00:02,2036,-84
1018.06,00:03,2036,-89
1018.1,00:04,2036,-78
1018.49,00:02,2037,-84
1018.56,00:03,2037,-89
1018.6,00:04,2037,-78
1018.99,00:02,2038,-84
1019.06,00:03,2038,-89
1019.1,00:04,2038,-78
1019.49,00:02,2039,-84
1019.56,00:03,2039,-89
1019.6,00:04,2039,-78
1019.99,00:02,2040,-84
1020.06,00:03,2040,-89
1020.1,00:04,2040,-78
1020.49,00:02,2041,-84
1020.56,00:03,2041,-88
1020.6,00:04,2041,-78
1020.99,00:02,2042,-84
1021.06,00:03,2042,-88
1021.1,00:04,2042,-78
1021.49,00:02,2043,-84
1021.56,00:03,2043,-88
1021.6,00:04,2043,-78
1021.99,00:02,2044,-84
1022.06,00:03,2044,-88
1022.1,00:04,2044,-79
1022.49,00:02,2045,-85
1022.56,00:03,2045,-88
1022.6,00:04,2045,-79
1022.99,00:02,2046,-85
1023.06,00:03,2046,-88
1023.1,00:04,2046,-79
1023.49,00:02,2047,-85
1023.56,00:03,2047,-88
1023.6,00:04,2047,-79
1023.99,00:02,2048,-85
1024.06,00:03,2048,-88
1024.1,00:04,2048,-79
1024.49,00:02,2049,-85
1024.56,00:03,2049,-88
1024.6,00:04,2049,-79
1024.99,00:02,2050,-85
1025.06,00:03,2050,-88
1025.1,00:04,2050,-79
1025.49,00:02,2051,-85
1025.56,00:03,2051,-88
1025.6,00:04,2051,-79
1025.99,00:02,2052,-85
1026.06,00:03,2052,-88
1026.1,00:04,2052,-79
1026.49,00:02,2053,-85
1026.56,00:03,2053,-88
1026.6,00:04,2053,-79
1026.99,00:02,2054,-85
1027.06,00:03,2054,-88
1027.1,00:04,2054,-80
1027.49,00:02,2055,-85
1027.56,00:03,2055,-88
1027.6,00:04,2055,-80
1027.99,00:02,2056,-85
1028.06,00:03,2056,-87
1028.1,00:04,2056,-80
1028.49,00:02,2057,-85
1028.56,00:03,2057,-87
1028.6,00:04,2057,-80
1028.99,00:02,2058,-86
1029.06,00:03,2058,-87
1029.1,00:04,2058,-80
1029.49,00:02,2059,-86
1029.56,00:03,2059,-87
1029.6,00:04,2059,-80
1029.99,00:02,2060,-86
1030.06,00:03,2060,-87
1030.1,00:04,2060,-80
1030.49,00:02,2061,-86
1030.56,00:03,2061,-87
1030.6,00:04,2061,-80
1030.99,00:02,2062,-86
1031.06,00:03,2062,-87
1031.1,00:04,2062,-80
1031.49,00:02,2063,-86
1031.56,00:03,2063,-87
1031.6,00:04,2063,-81
1031.99,00:02,2064,-86
1032.06,00:03,2064,-87
1032.1,00:04,2064,-81
1032.49,00:02,2065,-86
1032.56,00:03,2065,-87
1032.6,00:04,2065,-81
1032.99,00:02,2066,-86
1033.06,00:03,2066,-91
1033.1,00:04,2066,-85
1033.49,00:02,2067,-90
1033.56,00:03,2067,-91
1033.6,00:04,2067,-85
1033.99,00:02,2068,-90
1034.06,00:03,2068,-91
1034.1,00:04,2068,-85
1034.49,00:02,2069,-90
1034.56,00:03,2069,-91
1034.6,00:04,2069,-85
1034.99,00:02,2070,-91
1035.06,00:03,2070,-91
1035.1,00:04,2070,-85
1035.49,00:02,2071,-91
1035.56,00:03,2071,-91
1035.6,00:04,2071,-85
1035.99,00:02,2072,-91
1036.06,00:03,2072,-91
1036.1,00:04,2072,-86
1036.49,00:02,2073,-91
1036.56,00:03,2073,-91
1036.6,00:04,2073,-86
1036.99,00:02,2074,-91
1037.06,00:03,2074,-87
1037.1,00:04,2074,-82
1037.49,00:02,2075,-87
1037.56,00:03,2075,-87
1037.6,00:04,2075,-82
1037.99,00:02,2076,-87
1038.06,00:03,2076,-87
1038.1,00:04,2076,-82
1038.49,00:02,2077,-87
1038.56,00:03,2077,-87
1038.6,00:04,2077,-82
1038.99,00:02,2078,-87
1039.06,00:03,2078,-86
1039.1,00:04,2078,-82
1039.49,00:02,2079,-87
1039.56,00:03,2079,-86
1039.6,00:04,2079,-82
1039.99,00:02,2080,-87
1040.06,00:03,2080,-86
1040.1,00:04,2080,-82
1040.49,00:02,2081,-87
1040.56,00:03,2081,-86
1040.6,00:04,2081,-83
1040.99,00:02,2082,-87
1041.06,00:03,2082,-86
1041.1,00:04,2082,-83
1041.49,00:02,2083,-87
1041.56,00:03,2083,-86
1041.6,00:04,2083,-83
1041.99,00:02,2084,-88
1042.06,00:03,2084,-86
1042.1,00:04,2084,-83
1042.49,00:02,2085,-88
1042.56,00:03,2085,-86
1042.6,00:04,2085,-83
1042.99,00:02,2086,-88
1043.06,00:03,2086,-86
1043.1,00:04,2086,-83
1043.49,00:02,2087,-88
1043.56,00:03,2087,-86
1043.6,00:04,2087,-83
1043.99,00:02,2088,-88
1044.06,00:03,2088,-86
1044.1,00:04,2088,-83
1044.49,00:02,2089,-88
1044.56,00:03,2089,-86
1044.6,00:04,2089,-84
1044.99,00:02,2090,-88
1045.06,00:03,2090,-86
1045.1,00:04,2090,-84
1045.49,00:02,2091,-88
1045.56,00:03,2091,-86
1045.6,00:04,2091,-84
1045.99,00:02,2092,-88
1046.06,00:03,2092,-86
1046.1,00:04,2092,-84
1046.49,00:02,2093,-88
1046.56,00:03,2093,-86
1046.6,00:04,2093,-84
1046.99,00:02,2094,-88
1047.06,00:03,2094,-86
1047.1,00:04,2094,-84
1047.49,00:02,2095,-88
1047.56,00:03,2095,-86
1047.6,00:04,2095,-84
1047.99,00:02,2096,-88
1048.06,00:03,2096,-86
1048.1,00:04,2096,-84
1048.49,00:02,2097,-89
1048.56,00:03,2097,-86
1048.6,00:04,2097,-84
1048.99,00:02,2098,-89
1049.06,00:03,2098,-86
1049.1,00:04,2098,-85
1049.49,00:02,2099,-89
1049.56,00:03,2099,-86
1049.6,00:04,2099,-85
1049.99,00:02,2100,-89
1050.06,00:03,2100,-86
1050.1,00:04,2100,-85
1050.49,00:02,2101,-89
1050.56,00:03,2101,-86
1050.6,00:04,2101,-85
1050.99,00:02,2102,-89
1051.06,00:03,2102,-86
1051.1,00:04,2102,-85
1051.49,00:02,2103,-89
1051.56,00:03,2103,-87
1051.6,00:04,2103,-84
1051.99,00:02,2104,-89
1052.06,00:03,2104,-87
1052.1,00:04,2104,-84
1052.49,00:02,2105,-89
1052.56,00:03,2105,-87
1052.6,00:04,2105,-84
1052.99,00:02,2106,-89
1053.06,00:03,2106,-87
1053.1,00:04,2106,-84
1053.49,00:02,2107,-89
1053.56,00:03,2107,-87
1053.6,00:04,2107,-84
1053.99,00:02,2108,-89
1054.06,00:03,2108,-87
1054.1,00:04,2108,-84
1054.49,00:02,2109,-89
1054.56,00:03,2109,-88
1054.6,00:04,2109,-84
1054.99,00:02,2110,-89
1055.06,00:03,2110,-88
1055.1,00:04,2110,-84
1055.49,00:02,2111,-89
1055.56,00:03,2111,-88
1055.6,00:04,2111,-84
1055.99,00:02,2112,-89
1056.06,00:03,2112,-88
1056.1,00:04,2112,-84
1056.49,00:02,2113,-89
1056.56,00:03,2113,-88
1056.6,00:04,2113,-84
1056.99,00:02,2114,-89
1057.06,00:03,2114,-88
1057.1,00:04,2114,-84
1057.49,00:02,2115,-89
1057.56,00:03,2115,-88
1057.6,00:04,2115,-83
1057.99,00:02,2116,-89
1058.06,00:03,2116,-88
1058.1,00:04,2116,-83
1058.49,00:02,2117,-89
1058.56,00:03,2117,-88
1058.6,00:04,2117,-83
1058.99,00:02,2118,-89
1059.06,00:03,2118,-88
1059.1,00:04,2118,-83
1059.49,00:02,2119,-89
1059.56,00:03,2119,-88
1059.6,00:04,2119,-83
1059.99,00:02,2120,-89
1060.06,00:03,2120,-88
1060.1,00:04,2120,-83
1060.49,00:02,2121,-89
1060.56,00:03,2121,-88
1060.6,00:04,2121,-83
1060.99,00:02,2122,-88
1061.06,00:03,2122,-88
1061.1,00:04,2122,-83
1061.49,00:02,2123,-88
1061.56,00:03,2123,-88
1061.6,00:04,2123,-82
1061.99,00:02,2124,-88
1062.06,00:03,2124,-88
1062.1,00:04,2124,-82
1062.49,00:02,2125,-88
1062.56,00:03,2125,-88
1062.6,00:04,2125,-82
1062.99,00:02,2126,-88
1063.06,00:03,2126,-88
1063.1,00:04,2126,-82
1063.49,00:02,2127,-88
1063.56,00:03,2127,-88
1063.6,00:04,2127,-82
1063.99,00:02,2128,-88
1064.06,00:03,2128,-88
1064.1,00:04,2128,-82
1064.49,00:02,2129,-88
1064.56,00:03,2129,-88
1064.6,00:04,2129,-82
1064.99,00:02,2130,-88
1065.06,00:03,2130,-88
1065.1,00:04,2130,-81
1065.49,00:02,2131,-88
1065.56,00:03,2131,-88
1065.6,00:04,2131,-81
1065.99,00:02,2132,-88
1066.06,00:03,2132,-88
1066.1,00:04,2132,-81
1066.49,00:02,2133,-88
1066.56,00:03,2133,-88
1066.6,00:04,2133,-81
1066.99,00:02,2134,-88
1067.06,00:03,2134,-88
1067.1,00:04,2134,-81
1067.49,00:02,2135,-88
1067.56,00:03,2135,-88
1067.6,00:04,2135,-81
1067.99,00:02,2136,-87
1068.06,00:03,2136,-88
1068.1,00:04,2136,-81
1068.49,00:02,2137,-87
1068.56,00:03,2137,-88
1068.6,00:04,2137,-81
1068.99,00:02,2138,-87
1069.06,00:03,2138,-92
1069.1,00:04,2138,-84
1069.49,00:02,2139,-91
1069.56,00:03,2139,-92
1069.6,00:04,2139,-84
1069.99,00:02,2140,-91
1070.06,00:03,2140,-92
1070.1,00:04,2140,-84
1070.49,00:02,2141,-91
1070.56,00:03,2141,-92
1070.6,00:04,2141,-84
1070.99,00:02,2142,-91
1071.06,00:03,2142,-92
1071.1,00:04,2142,-84
1071.49,00:02,2143,-91
1071.56,00:03,2143,-92
1071.6,00:04,2143,-84
1071.99,00:02,2144,-91
1072.06,00:03,2144,-92
1072.1,00:04,2144,-84
1072.49,00:02,2145,-91
1072.56,00:03,2145,-92
1072.6,00:04,2145,-83
1072.99,00:02,2146,-91
1073.06,00:03,2146,-88
1073.1,00:04,2146,-79
1073.49,00:02,2147,-87
1073.56,00:03,2147,-88
1073.6,00:04,2147,-79
1073.99,00:02,2148,-87
1074.06,00:03,2148,-88
1074.1,00:04,2148,-79
1074.49,00:02,2149,-87
1074.56,00:03,2149,-89
1074.6,00:04,2149,-79
1074.99,00:02,2150,-86
1075.06,00:03,2150,-89
1075.1,00:04,2150,-79
1075.49,00:02,2151,-86
1075.56,00:03,2151,-89
1075.6,00:04,2151,-79
1075.99,00:02,2152,-86
1076.06,00:03,2152,-89
1076.1,00:04,2152,-78
1076.49,00:02,2153,-86
1076.56,00:03,2153,-89
1076.6,00:04,2153,-78
1076.99,00:02,2154,-86
1077.06,00:03,2154,-89
1077.1,00:04,2154,-78
1077.49,00:02,2155,-86
1077.56,00:03,2155,-89
1077.6,00:04,2155,-78
1077.99,00:02,2156,-86
1078.06,00:03,2156,-89
1078.1,00:04,2156,-78
1078.49,00:02,2157,-86
1078.56,00:03,2157,-89
1078.6,00:04,2157,-78
1078.99,00:02,2158,-86
1079.06,00:03,2158,-89
1079.1,00:04,2158,-78
1079.49,00:02,2159,-86
1079.56,00:03,2159,-89
1079.6,00:04,2159,-78
1079.99,00:02,2160,-86
1080.06,00:03,2160,-89
1080.1,00:04,2160,-77
1080.49,00:02,2161,-86
1080.56,00:03,2161,-89
1080.6,00:04,2161,-77
1080.99,00:02,2162,-86
1081.06,00:03,2162,-89
1081.1,00:04,2162,-77
1081.49,00:02,2163,-86
1081.56,00:03,2163,-89
1081.6,00:04,2163,-77
1081.99,00:02,2164,-85
1082.06,00:03,2164,-89
1082.1,00:04,2164,-77
1082.49,00:02,2165,-85
1082.56,00:03,2165,-89
1082.6,00:04,2165,-77
1082.99,00:02,2166,-85
1083.06,00:03,2166,-89
1083.1,00:04,2166,-77
1083.49,00:02,2167,-85
1083.56,00:03,2167,-89
1083.6,00:04,2167,-77
1083.99,00:02,2168,-85
1084.06,00:03,2168,-89
1084.1,00:04,2168,-77
1084.49,00:02,2169,-85
1084.56,00:03,2169,-90
1084.6,00:04,2169,-76
1084.99,00:02,2170,-85
1085.06,00:03,2170,-90
1085.1,00:04,2170,-76
1085.49,00:02,2171,-85
1085.56,00:03,2171,-90
1085.6,00:04,2171,-76
1085.99,00:02,2172,-85
1086.06,00:03,2172,-90
1086.1,00:04,2172,-76
1086.49,00:02,2173,-85
1086.56,00:03,2173,-90
1086.6,00:04,2173,-76
1086.99,00:02,2174,-85
1087.06,00:03,2174,-90
1087.1,00:04,2174,-76
1087.49,00:02,2175,-85
1087.56,00:03,2175,-90
1087.6,00:04,2175,-76
1087.99,00:02,2176,-85
1088.06,00:03,2176,-90
1088.1,00:04,2176,-76
1088.49,00:02,2177,-84
1088.56,00:03,2177,-90
1088.6,00:04,2177,-76
1088.99,00:02,2178,-84
1089.06,00:03,2178,-90
1089.1,00:04,2178,-76
1089.49,00:02,2179,-84
1089.56,00:03,2179,-90
1089.6,00:04,2179,-75
1089.99,00:02,2180,-84
1090.06,00:03,2180,-90
1090.1,00:04,2180,-75
1090.49,00:02,2181,-84
1090.56,00:03,2181,-90
1090.6,00:04,2181,-75
1090.99,00:02,2182,-84
1091.06,00:03,2182,-90
1091.1,00:04,2182,-75
1091.49,00:02,2183,-84
1091.56,00:03,2183,-90
1091.6,00:04,2183,-75
1091.99,00:02,2184,-84
1092.06,00:03,2184,-91
1092.1,00:04,2184,-75
1092.49,00:02,2185,-84
1092.56,00:03,2185,-91
1092.6,00:04,2185,-75
1092.99,00:02,2186,-84
1093.06,00:03,2186,-91
1093.1,00:04,2186,-75
1093.49,00:02,2187,-84
1093.56,00:03,2187,-91
1093.6,00:04,2187,-75
1093.99,00:02,2188,-84
1094.06,00:03,2188,-91
1094.1,00:04,2188,-75
1094.49,00:02,2189,-84
1094.56,00:03,2189,-91
1094.6,00:04,2189,-75
1094.99,00:02,2190,-84
1095.06,00:03,2190,-91
1095.1,00:04,2190,-75
1095.49,00:02,2191,-83
1095.56,00:03,2191,-91
1095.6,00:04,2191,-75
1095.99,00:02,2192,-83
1096.06,00:03,2192,-91
1096.1,00:04,2192,-75
1096.49,00:02,2193,-83
1096.56,00:03,2193,-91
1096.6,00:04,2193,-75
1096.99,00:02,2194,-83
1097.06,00:03,2194,-91
1097.1,00:04,2194,-75
1097.49,00:02,2195,-83
1097.56,00:03,2195,-91
1097.6,00:04,2195,-74
1097.99,00:02,2196,-83
1098.06,00:03,2196,-91
1098.1,00:04,2196,-74
1098.49,00:02,2197,-83
1098.56,00:03,2197,-91
1098.6,00:04,2197,-74
1098.99,00:02,2198,-83
1099.06,00:03,2198,-91
1099.1,00:04,2198,-74
1099.49,00:02,2199,-83
1099.56,00:03,2199,-92
1099.6,00:04,2199,-74
1099.99,00:02,2200,-83
1100.06,00:03,2200,-92
1100.1,00:04,2200,-74
1100.49,00:02,2201,-83
1100.56,00:03,2201,-92
1100.6,00:04,2201,-74
1100.99,00:02,2202,-83
1101.06,00:03,2202,-92
1101.1,00:04,2202,-74
1101.49,00:02,2203,-83
1101.56,00:03,2203,-92
1101.6,00:04,2203,-74
1101.99,00:02,2204,-82
1102.06,00:03,2204,-92
1102.1,00:04,2204,-74
1102.49,00:02,2205,-82
1102.56,00:03,2205,-92
1102.6,00:04,2205,-74
1102.99,00:02,2206,-82
1103.06,00:03,2206,-92
1103.1,00:04,2206,-74
1103.49,00:02,2207,-82
1103.56,00:03,2207,-92
1103.6,00:04,2207,-74
1103.99,00:02,2208,-82
1104.06,00:03,2208,-92
1104.1,00:04,2208,-74
1104.49,00:02,2209,-82
1104.56,00:03,2209,-92
1104.6,00:04,2209,-75
1104.99,00:02,2210,-82
1105.06,00:03,2210,-92
1105.1,00:04,2210,-75
1105.49,00:02,2211,-82
1105.56,00:03,2211,-92
1105.6,00:04,2211,-75
1105.99,00:02,2212,-82
1106.06,00:03,2212,-92
1106.1,00:04,2212,-75
1106.49,00:02,2213,-82
1106.56,00:03,2213,-93
1106.6,00:04,2213,-75
1106.99,00:02,2214,-82
1107.06,00:03,2214,-93
1107.1,00:04,2214,-75
1107.49,00:02,2215,-82
1107.56,00:03,2215,-93
1107.6,00:04,2215,-75
1107.99,00:02,2216,-82
1108.06,00:03,2216,-93
1108.1,00:04,2216,-75
1108.49,00:02,2217,-82
1108.56,00:03,2217,-93
1108.6,00:04,2217,-75
1108.99,00:02,2218,-81
1109.06,00:03,2218,-93
1109.1,00:04,2218,-75
1109.49,00:02,2219,-81
1109.56,00:03,2219,-93
1109.6,00:04,2219,-75
1109.99,00:02,2220,-81
1110.06,00:03,2220,-93
1110.1,00:04,2220,-75
1110.49,00:02,2221,-81
1110.56,00:03,2221,-93
1110.6,00:04,2221,-75
1110.99,00:02,2222,-81
1111.06,00:03,2222,-93
1111.1,00:04,2222,-75
1111.49,00:02,2223,-81
1111.56,00:03,2223,-93
1111.6,00:04,2223,-75
1111.99,00:02,2224,-81
1112.06,00:03,2224,-93
1112.1,00:04,2224,-75
1112.49,00:02,2225,-81
1112.56,00:03,2225,-93
1112.6,00:04,2225,-75
1112.99,00:02,2226,-81
1113.06,00:03,2226,-94
1113.1,00:04,2226,-76
1113.49,00:02,2227,-81
1113.56,00:03,2227,-94
1113.6,00:04,2227,-76
1113.99,00:02,2228,-81
1114.06,00:03,2228,-94
1114.1,00:04,2228,-76
1114.49,00:02,2229,-81
1114.56,00:03,2229,-94
1114.6,00:04,2229,-76
1114.99,00:02,2230,-81
1115.06,00:03,2230,-94
1115.1,00:04,2230,-76
1115.49,00:02,2231,-81
1115.56,00:03,2231,-94
1115.6,00:04,2231,-76
1115.99,00:02,2232,-81
1116.06,00:03,2232,-94
1116.1,00:04,2232,-76
1116.49,00:02,2233,-81
1116.56,00:03,2233,-94
1116.6,00:04,2233,-76
1116.99,00:02,2234,-80
1117.06,00:03,2234,-94
1117.1,00:04,2234,-76
1117.49,00:02,2235,-80
1117.56,00:03,2235,-94
1117.6,00:04,2235,-76
1117.99,00:02,2236,-80
1118.06,00:03,2236,-94
1118.1,00:04,2236,-77
1118.49,00:02,2237,-80
1118.56,00:03,2237,-94
1118.6,00:04,2237,-77
1118.99,00:02,2238,-80
1119.06,00:03,2238,-94
1119.1,00:04,2238,-77
1119.49,00:02,2239,-80
1119.56,00:03,2239,-95
1119.6,00:04,2239,-77
1119.99,00:02,2240,-80
1120.06,00:03,2240,-95
1120.1,00:04,2240,-77
1120.49,00:02,2241,-80
1120.56,00:03,2241,-95
1120.6,00:04,2241,-77
1120.99,00:02,2242,-80
1121.06,00:03,2242,-95
1121.1,00:04,2242,-77
1121.49,00:02,2243,-80
1121.56,00:03,2243,-95
1121.6,00:04,2243,-77
1121.99,00:02,2244,-80
1122.06,00:03,2244,-95
1122.1,00:04,2244,-78
1122.49,00:02,2245,-80
1122.56,00:03,2245,-95
1122.6,00:04,2245,-78
1122.99,00:02,2246,-80
1123.06,00:03,2246,-95
1123.1,00:04,2246,-78
1123.49,00:02,2247,-80
1123.56,00:03,2247,-95
1123.6,00:04,2247,-78
1123.99,00:02,2248,-80
1124.06,00:03,2248,-95
1124.1,00:04,2248,-78
1124.49,00:02,2249,-80
1124.56,00:03,2249,-95
1124.6,00:04,2249,-78
1124.99,00:02,2250,-80
1125.06,00:03,2250,-95
1125.1,00:04,2250,-78
1125.49,00:02,2251,-80
1125.56,00:03,2251,-95
1125.6,00:04,2251,-78
1125.99,00:02,2252,-80
1126.06,00:03,2252,-95
1126.1,00:04,2252,-79
1126.49,00:02,2253,-79
1126.56,00:03,2253,-96
1126.6,00:04,2253,-79
1126.99,00:02,2254,-79
1127.06,00:03,2254,-96
1127.1,00:04,2254,-79
1127.49,00:02,2255,-79
1127.56,00:03,2255,-96
1127.6,00:04,2255,-79
1127.99,00:02,2256,-79
1128.06,00:03,2256,-96
1128.1,00:04,2256,-79
1128.49,00:02,2257,-79
1128.56,00:03,2257,-96
1128.6,00:04,2257,-79
1128.99,00:02,2258,-79
1129.06,00:03,2258,-100
1129.1,00:04,2258,-83
1129.49,00:02,2259,-83
1129.56,00:03,2259,-100
1129.6,00:04,2259,-83
1129.99,00:02,2260,-83
1130.06,00:03,2260,-100
1130.1,00:04,2260,-84
1130.49,00:02,2261,-83
1130.56,00:03,2261,-100
1130.6,00:04,2261,-84
1130.99,00:02,2262,-83
1131.06,00:03,2262,-100
1131.1,00:04,2262,-84
1131.49,00:02,2263,-83
1131.56,00:03,2263,-100
1131.6,00:04,2263,-84
1131.99,00:02,2264,-83
1132.06,00:03,2264,-100
1132.1,00:04,2264,-84
1132.49,00:02,2265,-83
1132.56,00:03,2265,-100
1132.6,00:04,2265,-84
1132.99,00:02,2266,-83
1133.06,00:03,2266,-96
1133.1,00:04,2266,-80
1133.49,00:02,2267,-79
1133.56,00:03,2267,-97
1133.6,00:04,2267,-81
1133.99,00:02,2268,-79
1134.06,00:03,2268,-97
1134.1,00:04,2268,-81
1134.49,00:02,2269,-79
1134.56,00:03,2269,-97
1134.6,00:04,2269,-81
1134.99,00:02,2270,-79
1135.06,00:03,2270,-97
1135.1,00:04,2270,-81
1135.49,00:02,2271,-79
1135.56,00:03,2271,-97
1135.6,00:04,2271,-81
1135.99,00:02,2272,-79
1136.06,00:03,2272,-97
1136.1,00:04,2272,-81
1136.49,00:02,2273,-79
1136.56,00:03,2273,-97
1136.6,00:04,2273,-81
1136.99,00:02,2274,-79
1137.06,00:03,2274,-97
1137.1,00:04,2274,-82
1137.49,00:02,2275,-79
1137.56,00:03,2275,-97
1137.6,00:04,2275,-82
1137.99,00:02,2276,-79
1138.06,00:03,2276,-97
1138.1,00:04,2276,-82
1138.49,00:02,2277,-79
1138.56,00:03,2277,-97
1138.6,00:04,2277,-82
1138.99,00:02,2278,-79
1139.06,00:03,2278,-97
1139.1,00:04,2278,-82
1139.49,00:02,2279,-79
1139.56,00:03,2279,-97
1139.6,00:04,2279,-82
1139.99,00:02,2280,-79
1140.06,00:03,2280,-97
1140.1,00:04,2280,-82
1140.49,00:02,2281,-79
1140.56,00:03,2281,-98
1140.6,00:04,2281,-82
1140.99,00:02,2282,-79
1141.06,00:03,2282,-98
1141.1,00:04,2282,-83
1141.49,00:02,2283,-79
1141.56,00:03,2283,-98
1141.6,00:04,2283,-83
1141.99,00:02,2284,-79
1142.06,00:03,2284,-98
1142.1,00:04,2284,-83
1142.49,00:02,2285,-79
1142.56,00:03,2285,-98
1142.6,00:04,2285,-83
1142.99,00:02,2286,-79
1143.06,00:03,2286,-98
1143.1,00:04,2286,-83
1143.49,00:02,2287,-79
1143.56,00:03,2287,-98
1143.6,00:04,2287,-83
1143.99,00:02,2288,-79
1144.06,00:03,2288,-98
1144.1,00:04,2288,-83
1144.49,00:02,2289,-79
1144.56,00:03,2289,-98
1144.6,00:04,2289,-83
1144.99,00:02,2290,-79
1145.06,00:03,2290,-98
1145.1,00:04,2290,-84
1145.49,00:02,2291,-79
1145.56,00:03,2291,-98
1145.6,00:04,2291,-84
1145.99,00:02,2292,-79
1146.06,00:03,2292,-98
1146.1,00:04,2292,-84
1146.49,00:02,2293,-79
1146.56,00:03,2293,-98
1146.6,00:04,2293,-84
1146.99,00:02,2294,-79
1147.06,00:03,2294,-98
1147.1,00:04,2294,-84
1147.49,00:02,2295,-79
1147.56,00:03,2295,-98
1147.6,00:04,2295,-84
1147.99,00:02,2296,-79
1148.06,00:03,2296,-98
1148.1,00:04,2296,-83
1148.49,00:02,2297,-79
1148.56,00:03,2297,-99
1148.6,00:04,2297,-83
1148.99,00:02,2298,-79
1149.06,00:03,2298,-99
1149.1,00:04,2298,-83
1149.49,00:02,2299,-80
1149.56,00:03,2299,-99
1149.6,00:04,2299,-83
1149.99,00:02,2300,-80
1150.06,00:03,2300,-99
1150.1,00:04,2300,-83
1150.49,00:02,2301,-80
1150.56,00:03,2301,-99
1150.6,00:04,2301,-83
1150.99,00:02,2302,-80
1151.06,00:03,2302,-99
1151.1,00:04,2302,-83
1151.49,00:02,2303,-80
1151.56,00:03,2303,-99
1151.6,00:04,2303,-83
1151.99,00:02,2304,-80
1152.06,00:03,2304,-99
1152.1,00:04,2304,-83
1152.49,00:02,2305,-80
1152.56,00:03,2305,-99
1152.6,00:04,2305,-83
1152.99,00:02,2306,-80
1153.06,00:03,2306,-99
1153.1,00:04,2306,-83
1153.49,00:02,2307,-80
1153.56,00:03,2307,-99
1153.6,00:04,2307,-83
1153.99,00:02,2308,-80
1154.06,00:03,2308,-98
1154.1,00:04,2308,-82
1154.49,00:02,2309,-80
1154.56,00:03,2309,-98
1154.6,00:04,2309,-82
1154.99,00:02,2310,-80
1155.06,00:03,2310,-98
1155.1,00:04,2310,-82
1155.49,00:02,2311,-80
1155.56,00:03,2311,-98
1155.6,00:04,2311,-82
1155.99,00:02,2312,-80
1156.06,00:03,2312,-98
1156.1,00:04,2312,-82
1156.49,00:02,2313,-80
1156.56,00:03,2313,-98
1156.6,00:04,2313,-82
1156.99,00:02,2314,-80
1157.06,00:03,2314,-98
1157.1,00:04,2314,-81
1157.49,00:02,2315,-80
1157.56,00:03,2315,-98
1157.6,00:04,2315,-81
1157.99,00:02,2316,-80
1158.06,00:03,2316,-98
1158.1,00:04,2316,-81
1158.49,00:02,2317,-80
1158.56,00:03,2317,-98
1158.6,00:04,2317,-81
1158.99,00:02,2318,-80
1159.06,00:03,2318,-98
1159.1,00:04,2318,-81
1159.49,00:02,2319,-80
1159.56,00:03,2319,-98
1159.6,00:04,2319,-81
1159.99,00:02,2320,-80
1160.06,00:03,2320,-98
1160.1,00:04,2320,-81
1160.49,00:02,2321,-80
1160.56,00:03,2321,-98
1160.6,00:04,2321,-80
1160.99,00:02,2322,-80
1161.06,00:03,2322,-98
1161.1,00:04,2322,-80
1161.49,00:02,2323,-80
1161.56,00:03,2323,-97
1161.6,00:04,2323,-80
1161.99,00:02,2324,-80
1162.06,00:03,2324,-97
1162.1,00:04,2324,-80
1162.49,00:02,2325,-80
1162.56,00:03,2325,-97
1162.6,00:04,2325,-80
1162.99,00:02,2326,-80
1163.06,00:03,2326,-97
1163.1,00:04,2326,-80
1163.49,00:02,2327,-80
1163.56,00:03,2327,-97
1163.6,00:04,2327,-79
1163.99,00:02,2328,-80
1164.06,00:03,2328,-97
1164.1,00:04,2328,-79
1164.49,00:02,2329,-80
1164.56,00:03,2329,-97
1164.6,00:04,2329,-79
1164.99,00:02,2330,-80
1165.06,00:03,2330,-101
1165.1,00:04,2330,-83
1165.49,00:02,2331,-84
1165.56,00:03,2331,-101
1165.6,00:04,2331,-83
1165.99,00:02,2332,-84
1166.06,00:03,2332,-101
1166.1,00:04,2332,-83
1166.49,00:02,2333,-84
1166.56,00:03,2333,-101
1166.6,00:04,2333,-83
1166.99,00:02,2334,-84
1167.06,00:03,2334,-101
1167.1,00:04,2334,-82
1167.49,00:02,2335,-84
1167.56,00:03,2335,-101
1167.6,00:04,2335,-82
1167.99,00:02,2336,-85
1168.06,00:03,2336,-101
1168.1,00:04,2336,-82
1168.49,00:02,2337,-85
1168.56,00:03,2337,-101
1168.6,00:04,2337,-82
1168.99,00:02,2338,-85
1169.06,00:03,2338,-96
1169.1,00:04,2338,-78
1169.49,00:02,2339,-81
1169.56,00:03,2339,-96
1169.6,00:04,2339,-78
1169.99,00:02,2340,-81
1170.06,00:03,2340,-96
1170.1,00:04,2340,-77
1170.49,00:02,2341,-81
1170.56,00:03,2341,-96
1170.6,00:04,2341,-77
1170.99,00:02,2342,-81
1171.06,00:03,2342,-96
1171.1,00:04,2342,-77
1171.49,00:02,2343,-81
1171.56,00:03,2343,-96
1171.6,00:04,2343,-77
1171.99,00:02,2344,-81
1172.06,00:03,2344,-96
1172.1,00:04,2344,-77
1172.49,00:02,2345,-81
1172.56,00:03,2345,-96
1172.6,00:04,2345,-77
1172.99,00:02,2346,-81
1173.06,00:03,2346,-96
1173.1,00:04,2346,-76
1173.49,00:02,2347,-81
1173.56,00:03,2347,-96
1173.6,00:04,2347,-76
1173.99,00:02,2348,-81
1174.06,00:03,2348,-96
1174.1,00:04,2348,-76
1174.49,00:02,2349,-81
1174.56,00:03,2349,-96
1174.6,00:04,2349,-76
1174.99,00:02,2350,-81
1175.06,00:03,2350,-96
1175.1,00:04,2350,-76
1175.49,00:02,2351,-81
1175.56,00:03,2351,-96
1175.6,00:04,2351,-76
1175.99,00:02,2352,-81
1176.06,00:03,2352,-96
1176.1,00:04,2352,-76
1176.49,00:02,2353,-81
1176.56,00:03,2353,-95
1176.6,00:04,2353,-75
1176.99,00:02,2354,-81
1177.06,00:03,2354,-95
1177.1,00:04,2354,-75
1177.49,00:02,2355,-81
1177.56,00:03,2355,-95
1177.6,00:04,2355,-75
1177.99,00:02,2356,-81
1178.06,00:03,2356,-95
1178.1,00:04,2356,-75
1178.49,00:02,2357,-81
1178.56,00:03,2357,-95
1178.6,00:04,2357,-75
1178.99,00:02,2358,-81
1179.06,00:03,2358,-95
1179.1,00:04,2358,-75
1179.49,00:02,2359,-81
1179.56,00:03,2359,-95
1179.6,00:04,2359,-74
1179.99,00:02,2360,-82
1180.06,00:03,2360,-95
1180.1,00:04,2360,-74
1180.49,00:02,2361,-82
1180.56,00:03,2361,-95
1180.6,00:04,2361,-74
1180.99,00:02,2362,-82
1181.06,00:03,2362,-95
1181.1,00:04,2362,-74
1181.49,00:02,2363,-82
1181.56,00:03,2363,-95
1181.6,00:04,2363,-74
1181.99,00:02,2364,-82
1182.06,00:03,2364,-95
1182.1,00:04,2364,-74
1182.49,00:02,2365,-82
1182.56,00:03,2365,-95
1182.6,00:04,2365,-74
1182.99,00:02,2366,-82
1183.06,00:03,2366,-95
1183.1,00:04,2366,-73
1183.49,00:02,2367,-82
1183.56,00:03,2367,-94
1183.6,00:04,2367,-73
1183.99,00:02,2368,-82
1184.06,00:03,2368,-94
1184.1,00:04,2368,-73
1184.49,00:02,2369,-82
1184.56,00:03,2369,-94
1184.6,00:04,2369,-73
1184.99,00:02,2370,-82
1185.06,00:03,2370,-94
1185.1,00:04,2370,-73
1185.49,00:02,2371,-82
1185.56,00:03,2371,-94
1185.6,00:04,2371,-73
1185.98,00:02,2372,-82
1186.06,00:03,2372,-94
1186.1,00:04,2372,-73
1186.49,00:02,2373,-82
1186.56,00:03,2373,-94
1186.6,00:04,2373,-73
1186.98,00:02,2374,-82
1187.06,00:03,2374,-94
1187.1,00:04,2374,-73
1187.49,00:02,2375,-82
1187.56,00:03,2375,-94
1187.6,00:04,2375,-72
1187.99,00:02,2376,-82
1188.06,00:03,2376,-94
1188.1,00:04,2376,-72
1188.49,00:02,2377,-82
1188.56,00:03,2377,-94
1188.6,00:04,2377,-72
1188.99,00:02,2378,-83
1189.06,00:03,2378,-94
1189.1,00:04,2378,-72
1189.49,00:02,2379,-83
1189.56,00:03,2379,-94
1189.6,00:04,2379,-72
1189.99,00:02,2380,-83
1190.06,00:03,2380,-94
1190.1,00:04,2380,-72
1190.49,00:02,2381,-83
1190.56,00:03,2381,-94
1190.6,00:04,2381,-72
1190.98,00:02,2382,-83
1191.06,00:03,2382,-93
1191.1,00:04,2382,-72
1191.49,00:02,2383,-83
1191.56,00:03,2383,-93
1191.6,00:04,2383,-72
1191.99,00:02,2384,-83
1192.06,00:03,2384,-93
1192.1,00:04,2384,-72
1192.49,00:02,2385,-83
1192.56,00:03,2385,-93
1192.6,00:04,2385,-72
1192.99,00:02,2386,-83
1193.06,00:03,2386,-93
1193.1,00:04,2386,-72
1193.49,00:02,2387,-83
1193.56,00:03,2387,-93
1193.6,00:04,2387,-72
1193.98,00:02,2388,-83
1194.06,00:03,2388,-93
1194.1,00:04,2388,-72
1194.49,00:02,2389,-83
1194.56,00:03,2389,-93
1194.6,00:04,2389,-72
1194.99,00:02,2390,-83
1195.06,00:03,2390,-93
1195.1,00:04,2390,-72
1195.49,00:02,2391,-83
1195.56,00:03,2391,-93
1195.6,00:04,2391,-71
1195.98,00:02,2392,-83
1196.06,00:03,2392,-93
1196.1,00:04,2392,-71
1196.49,00:02,2393,-83
1196.56,00:03,2393,-93
1196.6,00:04,2393,-71
1196.99,00:02,2394,-84
1197.06,00:03,2394,-93
1197.1,00:04,2394,-71
1197.49,00:02,2395,-84
1197.56,00:03,2395,-93
1197.6,00:04,2395,-71
1197.99,00:02,2396,-84
1198.06,00:03,2396,-93
1198.1,00:04,2396,-71
1198.49,00:02,2397,-84
1198.56,00:03,2397,-92
1198.6,00:04,2397,-71
1198.99,00:02,2398,-84
1199.06,00:03,2398,-92
1199.1,00:04,2398,-72
1199.49,00:02,2399,-84
1199.56,00:03,2399,-92
1199.6,00:04,2399,-72
1199.99,00:02,2400,-84
1200.06,00:03,2400,-92
1200.1,00:04,2400,-72
1200.49,00:02,2401,-84
1200.56,00:03,2401,-92
1200.6,00:04,2401,-72
1200.99,00:02,2402,-84
1201.06,00:03,2402,-92
1201.1,00:04,2402,-72
1201.49,00:02,2403,-84
1201.56,00:03,2403,-92
1201.6,00:04,2403,-72
1201.99,00:02,2404,-84
1202.06,00:03,2404,-92
1202.1,00:04,2404,-72
1202.49,00:02,2405,-84
1202.56,00:03,2405,-92
1202.6,00:04,2405,-72
1202.99,00:02,2406,-84
1203.06,00:03,2406,-92
1203.1,00:04,2406,-72
1203.49,00:02,2407,-84
1203.56,00:03,2407,-92
1203.6,00:04,2407,-72
1203.99,00:02,2408,-84
1204.06,00:03,2408,-92
1204.1,00:04,2408,-72
1204.49,00:02,2409,-85
1204.56,00:03,2409,-92
1204.6,00:04,2409,-72
1204.99,00:02,2410,-85
1205.06,00:03,2410,-92
1205.1,00:04,2410,-72
1205.49,00:02,2411,-85
1205.56,00:03,2411,-92
1205.6,00:04,2411,-72
1205.99,00:02,2412,-85
1206.06,00:03,2412,-92
1206.1,00:04,2412,-72
1206.49,00:02,2413,-85
1206.56,00:03,2413,-91
1206.6,00:04,2413,-72
1206.99,00:02,2414,-85
1207.06,00:03,2414,-91
1207.1,00:04,2414,-73
1207.49,00:02,2415,-85
1207.56,00:03,2415,-91
1207.6,00:04,2415,-73
1207.99,00:02,2416,-85
1208.06,00:03,2416,-91
1208.1,00:04,2416,-73
1208.48,00:02,2417,-85
1208.56,00:03,2417,-91
1208.6,00:04,2417,-73
1208.99,00:02,2418,-85
1209.06,00:03,2418,-91
1209.1,00:04,2418,-73
1209.48,00:02,2419,-85
1209.56,00:03,2419,-91
1209.6,00:04,2419,-73
1209.99,00:02,2420,-85
1210.06,00:03,2420,-91
1210.1,00:04,2420,-73
1210.49,00:02,2421,-85
1210.56,00:03,2421,-91
1210.6,00:04,2421,-73
1210.99,00:02,2422,-85
1211.06,00:03,2422,-91
1211.1,00:04,2422,-74
1211.49,00:02,2423,-85
1211.56,00:03,2423,-91
1211.6,00:04,2423,-74
1211.99,00:02,2424,-86
1212.06,00:03,2424,-91
1212.1,00:04,2424,-74
1212.49,00:02,2425,-86
1212.56,00:03,2425,-91
1212.6,00:04,2425,-74
1212.99,00:02,2426,-86
1213.06,00:03,2426,-91
1213.1,00:04,2426,-74
1213.49,00:02,2427,-86
1213.56,00:03,2427,-91
1213.6,00:04,2427,-74
1213.98,00:02,2428,-86
1214.06,00:03,2428,-91
1214.1,00:04,2428,-74
1214.48,00:02,2429,-86
1214.56,00:03,2429,-91
1214.6,00:04,2429,-75
1214.99,00:02,2430,-86
1215.06,00:03,2430,-91
1215.1,00:04,2430,-75
1215.49,00:02,2431,-86
1215.56,00:03,2431,-91
1215.6,00:04,2431,-75
1215.99,00:02,2432,-86
1216.06,00:03,2432,-90
1216.1,00:04,2432,-75
1216.49,00:02,2433,-86
1216.56,00:03,2433,-90
1216.6,00:04,2433,-75
1216.99,00:02,2434,-86
1217.06,00:03,2434,-90
1217.1,00:04,2434,-75
1217.49,00:02,2435,-86
1217.56,00:03,2435,-90
1217.6,00:04,2435,-75
1217.99,00:02,2436,-86
1218.06,00:03,2436,-90
1218.1,00:04,2436,-76
1218.49,00:02,2437,-86
1218.56,00:03,2437,-90
1218.6,00:04,2437,-76
1218.99,00:02,2438,-87
1219.06,00:03,2438,-90
1219.1,00:04,2438,-76
1219.48,00:02,2439,-87
1219.56,00:03,2439,-90
1219.6,00:04,2439,-76
1219.99,00:02,2440,-87
1220.06,00:03,2440,-90
1220.1,00:04,2440,-76
1220.49,00:02,2441,-87
1220.56,00:03,2441,-90
1220.6,00:04,2441,-76
1220.99,00:02,2442,-87
1221.06,00:03,2442,-90
1221.1,00:04,2442,-77
1221.48,00:02,2443,-87
1221.56,00:03,2443,-90
1221.6,00:04,2443,-77
1221.99,00:02,2444,-87
1222.06,00:03,2444,-90
1222.1,00:04,2444,-77
1222.49,00:02,2445,-87
1222.56,00:03,2445,-90
1222.6,00:04,2445,-77
1222.99,00:02,2446,-87
1223.06,00:03,2446,-90
1223.1,00:04,2446,-77
1223.48,00:02,2447,-87
1223.56,00:03,2447,-90
1223.6,00:04,2447,-77
1223.99,00:02,2448,-87
1224.06,00:03,2448,-90
1224.1,00:04,2448,-77
1224.49,00:02,2449,-87
1224.56,00:03,2449,-90
1224.6,00:04,2449,-78
1224.99,00:02,2450,-87
1225.06,00:03,2450,-94
1225.1,00:04,2450,-82
1225.48,00:02,2451,-91
1225.56,00:03,2451,-94
1225.6,00:04,2451,-82
1225.99,00:02,2452,-91
1226.06,00:03,2452,-94
1226.1,00:04,2452,-82
1226.49,00:02,2453,-92
1226.56,00:03,2453,-94
1226.6,00:04,2453,-82
1226.98,00:02,2454,-92
1227.06,00:03,2454,-94
1227.1,00:04,2454,-82
1227.49,00:02,2455,-92
1227.56,00:03,2455,-94
1227.6,00:04,2455,-83
1227.99,00:02,2456,-92
1228.06,00:03,2456,-94
1228.1,00:04,2456,-83
1228.49,00:02,2457,-92
1228.56,00:03,2457,-93
1228.6,00:04,2457,-83
1228.99,00:02,2458,-92
1229.06,00:03,2458,-89
1229.1,00:04,2458,-79
1229.49,00:02,2459,-88
1229.56,00:03,2459,-89
1229.6,00:04,2459,-79
1229.99,00:02,2460,-88
1230.06,00:03,2460,-89
1230.1,00:04,2460,-79
1230.49,00:02,2461,-88
1230.56,00:03,2461,-89
1230.6,00:04,2461,-80
1230.98,00:02,2462,-88
1231.06,00:03,2462,-89
1231.1,00:04,2462,-80
1231.48,00:02,2463,-88
1231.56,00:03,2463,-89
1231.6,00:04,2463,-80
1231.99,00:02,2464,-88
1232.06,00:03,2464,-89
1232.1,00:04,2464,-80
1232.48,00:02,2465,-88
1232.56,00:03,2465,-89
1232.6,00:04,2465,-80
1232.99,00:02,2466,-88
1233.06,00:03,2466,-89
1233.1,00:04,2466,-80
1233.48,00:02,2467,-89
1233.56,00:03,2467,-89
1233.6,00:04,2467,-80
1233.99,00:02,2468,-89
1234.06,00:03,2468,-89
1234.1,00:04,2468,-81
1234.49,00:02,2469,-89
1234.56,00:03,2469,-89
1234.6,00:04,2469,-81
1234.99,00:02,2470,-89
1235.06,00:03,2470,-89
1235.1,00:04,2470,-81
1235.49,00:02,2471,-89
1235.56,00:03,2471,-89
1235.6,00:04,2471,-81
1235.98,00:02,2472,-89
1236.06,00:03,2472,-89
1236.1,00:04,2472,-81
1236.49,00:02,2473,-89
1236.56,00:03,2473,-89
1236.6,00:04,2473,-81
1236.99,00:02,2474,-89
1237.06,00:03,2474,-89
1237.1,00:04,2474,-82
1237.49,00:02,2475,-89
1237.56,00:03,2475,-89
1237.6,00:04,2475,-82
1237.99,00:02,2476,-89
1238.06,00:03,2476,-89
1238.1,00:04,2476,-82
1238.49,00:02,2477,-89
1238.56,00:03,2477,-89
1238.6,00:04,2477,-82
1238.98,00:02,2478,-89
1239.06,00:03,2478,-89
1239.1,00:04,2478,-82
1239.49,00:02,2479,-89
1239.56,00:03,2479,-89
1239.6,00:04,2479,-82
1239.98,00:02,2480,-89
1240.06,00:03,2480,-89
1240.1,00:04,2480,-82
1240.49,00:02,2481,-89
1240.56,00:03,2481,-89
1240.6,00:04,2481,-83
1240.99,00:02,2482,-89
1241.06,00:03,2482,-89
1241.1,00:04,2482,-83
1241.48,00:02,2483,-90
1241.56,00:03,2483,-89
1241.6,00:04,2483,-83
1241.98,00:02,2484,-90
1242.06,00:03,2484,-89
1242.1,00:04,2484,-83
1242.49,00:02,2485,-90
1242.56,00:03,2485,-89
1242.6,00:04,2485,-83
1242.99,00:02,2486,-90
1243.06,00:03,2486,-89
1243.1,00:04,2486,-83
1243.49,00:02,2487,-90
1243.56,00:03,2487,-90
1243.6,00:04,2487,-83
1243.99,00:02,2488,-90
1244.06,00:03,2488,-90
1244.1,00:04,2488,-83
1244.49,00:02,2489,-90
1244.56,00:03,2489,-90
1244.6,00:04,2489,-83
1244.98,00:02,2490,-90
1245.06,00:03,2490,-90
1245.1,00:04,2490,-82
1245.48,00:02,2491,-90
1245.56,00:03,2491,-90
1245.6,00:04,2491,-82
1245.98,00:02,2492,-90
1246.06,00:03,2492,-90
1246.1,00:04,2492,-82
1246.49,00:02,2493,-90
1246.56,00:03,2493,-90
1246.6,00:04,2493,-82
1246.99,00:02,2494,-90
1247.06,00:03,2494,-90
1247.1,00:04,2494,-82
1247.48,00:02,2495,-90
1247.56,00:03,2495,-90
1247.6,00:04,2495,-82
1247.99,00:02,2496,-90
1248.06,00:03,2496,-90
1248.1,00:04,2496,-82
1248.49,00:02,2497,-90
1248.56,00:03,2497,-90
1248.6,00:04,2497,-82
1248.99,00:02,2498,-90
1249.06,00:03,2498,-90
1249.1,00:04,2498,-82
1249.48,00:02,2499,-90
1249.56,00:03,2499,-90
1249.6,00:04,2499,-82
1249.98,00:02,2500,-90
1250.06,00:03,2500,-90
1250.1,00:04,2500,-81
1250.48,00:02,2501,-90
1250.56,00:03,2501,-90
1250.6,00:04,2501,-81
1250.98,00:02,2502,-90
1251.06,00:03,2502,-90
1251.1,00:04,2502,-81
1251.49,00:02,2503,-90
1251.56,00:03,2503,-90
1251.6,00:04,2503,-81
1251.98,00:02,2504,-90
1252.06,00:03,2504,-90
1252.1,00:04,2504,-81
1252.49,00:02,2505,-90
1252.56,00:03,2505,-90
1252.6,00:04,2505,-81
1252.99,00:02,2506,-89
1253.06,00:03,2506,-90
1253.1,00:04,2506,-81
1253.48,00:02,2507,-89
1253.56,00:03,2507,-90
1253.6,00:04,2507,-80
1253.98,00:02,2508,-89
1254.06,00:03,2508,-90
1254.1,00:04,2508,-80
1254.48,00:02,2509,-89
1254.56,00:03,2509,-91
1254.6,00:04,2509,-80
1254.98,00:02,2510,-89
1255.06,00:03,2510,-91
1255.1,00:04,2510,-80
1255.48,00:02,2511,-89
1255.56,00:03,2511,-91
1255.6,00:04,2511,-80
1255.99,00:02,2512,-89
1256.06,00:03,2512,-91
1256.1,00:04,2512,-79
1256.49,00:02,2513,-89
1256.56,00:03,2513,-91
1256.6,00:04,2513,-79
1256.98,00:02,2514,-89
1257.06,00:03,2514,-91
1257.1,00:04,2514,-79
1257.49,00:02,2515,-89
1257.56,00:03,2515,-91
1257.6,00:04,2515,-79
1257.99,00:02,2516,-89
1258.06,00:03,2516,-91
1258.1,00:04,2516,-79
1258.48,00:02,2517,-89
1258.56,00:03,2517,-91
1258.6,00:04,2517,-79
1258.99,00:02,2518,-89
1259.06,00:03,2518,-91
1259.1,00:04,2518,-78
1259.49,00:02,2519,-89
1259.56,00:03,2519,-91
1259.6,00:04,2519,-78
1259.98,00:02,2520,-89
1260.06,00:03,2520,-91
1260.1,00:04,2520,-78
1260.49,00:02,2521,-89
1260.56,00:03,2521,-91
1260.6,00:04,2521,-78
1260.99,00:02,2522,-88
1261.06,00:03,2522,-95
1261.1,00:04,2522,-82
1261.49,00:02,2523,-92
1261.56,00:03,2523,-95
1261.6,00:04,2523,-82
1261.98,00:02,2524,-92
1262.06,00:03,2524,-95
1262.1,00:04,2524,-81
1262.48,00:02,2525,-92
1262.56,00:03,2525,-95
1262.6,00:04,2525,-81
1262.99,00:02,2526,-92
1263.06,00:03,2526,-95
1263.1,00:04,2526,-81
1263.49,00:02,2527,-92
1263.56,00:03,2527,-95
1263.6,00:04,2527,-81
1263.98,00:02,2528,-92
1264.06,00:03,2528,-95
1264.1,00:04,2528,-81
1264.48,00:02,2529,-92
1264.56,00:03,2529,-95
1264.6,00:04,2529,-80
1264.99,00:02,2530,-92
1265.06,00:03,2530,-91
1265.1,00:04,2530,-76
1265.49,00:02,2531,-88
1265.56,00:03,2531,-91
1265.6,00:04,2531,-76
1265.98,00:02,2532,-88
1266.07,00:03,2532,-91
1266.1,00:04,2532,-76
1266.48,00:02,2533,-88
1266.56,00:03,2533,-91
1266.6,00:04,2533,-76
1266.98,00:02,2534,-88
1267.06,00:03,2534,-91
1267.1,00:04,2534,-75
1267.48,00:02,2535,-88
1267.56,00:03,2535,-91
1267.6,00:04,2535,-75
1267.98,00:02,2536,-88
1268.06,00:03,2536,-91
1268.1,00:04,2536,-75
1268.49,00:02,2537,-88
1268.56,00:03,2537,-91
1268.6,00:04,2537,-75
1268.99,00:02,2538,-87
1269.06,00:03,2538,-91
1269.1,00:04,2538,-75
1269.48,00:02,2539,-87
1269.56,00:03,2539,-91
1269.6,00:04,2539,-74
1269.98,00:02,2540,-87
1270.06,00:03,2540,-91
1270.1,00:04,2540,-74
1270.49,00:02,2541,-87
1270.56,00:03,2541,-91
1270.6,00:04,2541,-74
1270.99,00:02,2542,-87
1271.06,00:03,2542,-91
1271.1,00:04,2542,-74
1271.48,00:02,2543,-87
1271.56,00:03,2543,-91
1271.6,00:04,2543,-74
1271.99,00:02,2544,-87
1272.06,00:03,2544,-91
1272.1,00:04,2544,-73
1272.48,00:02,2545,-87
1272.56,00:03,2545,-91
1272.6,00:04,2545,-73
1272.98,00:02,2546,-87
1273.06,00:03,2546,-92
1273.1,00:04,2546,-73
1273.49,00:02,2547,-87
1273.56,00:03,2547,-92
1273.6,00:04,2547,-73
1273.99,00:02,2548,-87
1274.06,00:03,2548,-92
1274.1,00:04,2548,-73
1274.48,00:02,2549,-87
1274.56,00:03,2549,-92
1274.6,00:04,2549,-73
1274.99,00:02,2550,-87
1275.06,00:03,2550,-92
1275.1,00:04,2550,-72
1275.49,00:02,2551,-87
1275.56,00:03,2551,-92
1275.6,00:04,2551,-72
1275.99,00:02,2552,-87
1276.06,00:03,2552,-92
1276.1,00:04,2552,-72
1276.49,00:02,2553,-86
1276.56,00:03,2553,-92
1276.6,00:04,2553,-72
1276.98,00:02,2554,-86
1277.06,00:03,2554,-92
1277.1,00:04,2554,-72
1277.49,00:02,2555,-86
1277.56,00:03,2555,-92
1277.6,00:04,2555,-71
1277.98,00:02,2556,-86
1278.06,00:03,2556,-92
1278.1,00:04,2556,-71
1278.49,00:02,2557,-86
1278.56,00:03,2557,-92
1278.6,00:04,2557,-71
1278.98,00:02,2558,-86
1279.06,00:03,2558,-92
1279.1,00:04,2558,-71
1279.48,00:02,2559,-86
1279.56,00:03,2559,-92
1279.6,00:04,2559,-71
1279.98,00:02,2560,-86
1280.06,00:03,2560,-92
1280.1,00:04,2560,-70
1280.48,00:02,2561,-86
1280.56,00:03,2561,-92
1280.6,00:04,2561,-70
1280.98,00:02,2562,-86
1281.06,00:03,2562,-92
1281.1,00:04,2562,-70
1281.49,00:02,2563,-86
1281.56,00:03,2563,-92
1281.6,00:04,2563,-70
1281.99,00:02,2564,-86
1282.06,00:03,2564,-92
1282.1,00:04,2564,-70
1282.48,00:02,2565,-86
1282.56,00:03,2565,-92
1282.6,00:04,2565,-70
1282.98,00:02,2566,-86
1283.06,00:03,2566,-92
1283.1,00:04,2566,-70
1283.48,00:02,2567,-86
1283.56,00:03,2567,-93
1283.6,00:04,2567,-69
1283.98,00:02,2568,-86
1284.06,00:03,2568,-93
1284.1,00:04,2568,-69
1284.49,00:02,2569,-85
1284.56,00:03,2569,-93
1284.6,00:04,2569,-69
1284.98,00:02,2570,-85
1285.06,00:03,2570,-93
1285.1,00:04,2570,-69
1285.49,00:02,2571,-85
1285.56,00:03,2571,-93
1285.6,00:04,2571,-69
1285.99,00:02,2572,-85
1286.06,00:03,2572,-93
1286.1,00:04,2572,-69
1286.48,00:02,2573,-85
1286.56,00:03,2573,-93
1286.6,00:04,2573,-69
1286.98,00:02,2574,-85
1287.06,00:03,2574,-93
1287.1,00:04,2574,-69
1287.48,00:02,2575,-85
1287.56,00:03,2575,-93
1287.6,00:04,2575,-68
1287.99,00:02,2576,-85
1288.06,00:03,2576,-93
1288.1,00:04,2576,-68
1288.49,00:02,2577,-85
1288.56,00:03,2577,-93
1288.6,00:04,2577,-68
1288.98,00:02,2578,-85
1289.06,00:03,2578,-93
1289.1,00:04,2578,-68
1289.48,00:02,2579,-85
1289.56,00:03,2579,-93
1289.6,00:04,2579,-68
1289.98,00:02,2580,-85
1290.06,00:03,2580,-93
1290.1,00:04,2580,-68
1290.48,00:02,2581,-85
1290.56,00:03,2581,-93
1290.6,00:04,2581,-68
1290.98,00:02,2582,-85
1291.06,00:03,2582,-93
1291.1,00:04,2582,-68
1291.48,00:02,2583,-85
1291.56,00:03,2583,-93
1291.6,00:04,2583,-68
1291.98,00:02,2584,-85
1292.06,00:03,2584,-93
1292.1,00:04,2584,-68
1292.49,00:02,2585,-85
1292.56,00:03,2585,-94
1292.6,00:04,2585,-68
1292.99,00:02,2586,-84
1293.06,00:03,2586,-94
1293.1,00:04,2586,-68
1293.48,00:02,2587,-84
1293.56,00:03,2587,-94
1293.6,00:04,2587,-68
1293.99,00:02,2588,-84
1294.06,00:03,2588,-94
1294.1,00:04,2588,-68
1294.48,00:02,2589,-84
1294.56,00:03,2589,-94
1294.6,00:04,2589,-68
1294.98,00:02,2590,-84
1295.06,00:03,2590,-94
1295.1,00:04,2590,-68
1295.49,00:02,2591,-84
1295.56,00:03,2591,-94
1295.6,00:04,2591,-68
1295.98,00:02,2592,-84
1296.06,00:03,2592,-94
1296.1,00:04,2592,-68
1296.48,00:02,2593,-84
1296.56,00:03,2593,-94
1296.6,00:04,2593,-68
1296.98,00:02,2594,-84
1297.06,00:03,2594,-94
1297.1,00:04,2594,-68
1297.48,00:02,2595,-84
1297.56,00:03,2595,-94
1297.6,00:04,2595,-68
1297.98,00:02,2596,-84
1298.06,00:03,2596,-94
1298.1,00:04,2596,-68
1298.48,00:02,2597,-84
1298.56,00:03,2597,-94
1298.6,00:04,2597,-68
1298.99,00:02,2598,-84
1299.06,00:03,2598,-94
1299.1,00:04,2598,-69
1299.48,00:02,2599,-84
1299.56,00:03,2599,-94
1299.6,00:04,2599,-69
1299.99,00:02,2600,-84
1300.06,00:03,2600,-94
1300.1,00:04,2600,-69
1300.49,00:02,2601,-84
1300.56,00:03,2601,-94
1300.6,00:04,2601,-69
1300.98,00:02,2602,-84
1301.06,00:03,2602,-95
1301.1,00:04,2602,-69
1301.48,00:02,2603,-83
1301.56,00:03,2603,-95
1301.6,00:04,2603,-69
1301.98,00:02,2604,-83
1302.06,00:03,2604,-95
1302.1,00:04,2604,-69
1302.48,00:02,2605,-83
1302.56,00:03,2605,-95
1302.6,00:04,2605,-69
1302.98,00:02,2606,-83
1303.06,00:03,2606,-95
1303.1,00:04,2606,-70
1303.48,00:02,2607,-83
1303.56,00:03,2607,-95
1303.6,00:04,2607,-70
1303.98,00:02,2608,-83
1304.06,00:03,2608,-95
1304.1,00:04,2608,-70
1304.48,00:02,2609,-83
1304.56,00:03,2609,-95
1304.6,00:04,2609,-70
1304.98,00:02,2610,-83
1305.06,00:03,2610,-95
1305.1,00:04,2610,-70
1305.48,00:02,2611,-83
1305.56,00:03,2611,-95
1305.6,00:04,2611,-70
1305.99,00:02,2612,-83
1306.06,00:03,2612,-95
1306.1,00:04,2612,-71
1306.48,00:02,2613,-83
1306.56,00:03,2613,-95
1306.6,00:04,2613,-71
1306.98,00:02,2614,-83
1307.06,00:03,2614,-95
1307.1,00:04,2614,-71
1307.48,00:02,2615,-83
1307.56,00:03,2615,-95
1307.6,00:04,2615,-71
1307.98,00:02,2616,-83
1308.06,00:03,2616,-95
1308.1,00:04,2616,-71
1308.48,00:02,2617,-83
1308.56,00:03,2617,-95
1308.6,00:04,2617,-71
1308.98,00:02,2618,-83
1309.06,00:03,2618,-96
1309.1,00:04,2618,-72
1309.48,00:02,2619,-83
1309.56,00:03,2619,-96
1309.6,00:04,2619,-72
1309.99,00:02,2620,-83
1310.06,00:03,2620,-96
1310.1,00:04,2620,-72
1310.48,00:02,2621,-83
1310.56,00:03,2621,-96
1310.6,00:04,2621,-72
1310.98,00:02,2622,-83
1311.06,00:03,2622,-96
1311.1,00:04,2622,-72
1311.48,00:02,2623,-83
1311.56,00:03,2623,-96
1311.6,00:04,2623,-73
1311.98,00:02,2624,-82
1312.06,00:03,2624,-96
1312.1,00:04,2624,-73
1312.48,00:02,2625,-82
1312.56,00:03,2625,-96
1312.6,00:04,2625,-73
1312.98,00:02,2626,-82
1313.06,00:03,2626,-96
1313.1,00:04,2626,-73
1313.48,00:02,2627,-82
1313.56,00:03,2627,-96
1313.6,00:04,2627,-73
1313.98,00:02,2628,-82
1314.06,00:03,2628,-96
1314.1,00:04,2628,-74
1314.49,00:02,2629,-82
1314.56,00:03,2629,-96
1314.6,00:04,2629,-74
1314.98,00:02,2630,-82
1315.06,00:03,2630,-96
1315.1,00:04,2630,-74
1315.48,00:02,2631,-82
1315.56,00:03,2631,-96
1315.6,00:04,2631,-74
1315.98,00:02,2632,-82
1316.06,00:03,2632,-96
1316.1,00:04,2632,-74
1316.48,00:02,2633,-82
1316.56,00:03,2633,-97
1316.6,00:04,2633,-75
1316.98,00:02,2634,-82
1317.06,00:03,2634,-97
1317.1,00:04,2634,-75
1317.49,00:02,2635,-82
1317.56,00:03,2635,-97
1317.6,00:04,2635,-75
1317.98,00:02,2636,-82
1318.06,00:03,2636,-97
1318.1,00:04,2636,-75
1318.48,00:02,2637,-82
1318.56,00:03,2637,-97
1318.6,00:04,2637,-75
1318.98,00:02,2638,-82
1319.06,00:03,2638,-97
1319.1,00:04,2638,-76
1319.48,00:02,2639,-82
1319.56,00:03,2639,-97
1319.6,00:04,2639,-76
1319.98,00:02,2640,-82
1320.06,00:03,2640,-97
1320.1,00:04,2640,-76
1320.48,00:02,2641,-82
1320.56,00:03,2641,-97
1320.6,00:04,2641,-76
1320.98,00:02,2642,-82
1321.06,00:03,2642,-97
1321.1,00:04,2642,-76
1321.48,00:02,2643,-82
1321.56,00:03,2643,-97
1321.6,00:04,2643,-76
1321.98,00:02,2644,-82
1322.06,00:03,2644,-97
1322.1,00:04,2644,-77
1322.48,00:02,2645,-82
1322.56,00:03,2645,-97
1322.6,00:04,2645,-77
1322.98,00:02,2646,-82
1323.06,00:03,2646,-97
1323.1,00:04,2646,-77
1323.48,00:02,2647,-82
1323.56,00:03,2647,-97
1323.6,00:04,2647,-77
1323.98,00:02,2648,-82
1324.06,00:03,2648,-97
1324.1,00:04,2648,-77
1324.48,00:02,2649,-82
1324.56,00:03,2649,-98
1324.6,00:04,2649,-78
1324.98,00:02,2650,-82
1325.06,00:03,2650,-98
1325.1,00:04,2650,-78
1325.48,00:02,2651,-82
1325.56,00:03,2651,-98
1325.6,00:04,2651,-78
1325.98,00:02,2652,-82
1326.06,00:03,2652,-98
1326.1,00:04,2652,-78
1326.48,00:02,2653,-82
1326.56,00:03,2653,-98
1326.6,00:04,2653,-78
1326.98,00:02,2654,-82
1327.06,00:03,2654,-98
1327.1,00:04,2654,-79
1327.48,00:02,2655,-81
1327.56,00:03,2655,-98
1327.6,00:04,2655,-79
1327.98,00:02,2656,-81
1328.06,00:03,2656,-98
1328.1,00:04,2656,-79
1328.49,00:02,2657,-81
1328.56,00:03,2657,-98
1328.6,00:04,2657,-79
1328.98,00:02,2658,-81
1329.07,00:03,2658,-98
1329.1,00:04,2658,-79
1329.48,00:02,2659,-81
1329.56,00:03,2659,-98
1329.6,00:04,2659,-79
1329.98,00:02,2660,-81
1330.06,00:03,2660,-98
1330.1,00:04,2660,-80
1330.48,00:02,2661,-81
1330.56,00:03,2661,-98
1330.6,00:04,2661,-80
1330.98,00:02,2662,-81
1331.06,00:03,2662,-98
1331.1,00:04,2662,-80
1331.48,00:02,2663,-81
1331.56,00:03,2663,-98
1331.6,00:04,2663,-80
1331.99,00:02,2664,-81
1332.06,00:03,2664,-98
1332.1,00:04,2664,-80
1332.48,00:02,2665,-81
1332.56,00:03,2665,-99
1332.6,00:04,2665,-80
1332.98,00:02,2666,-81
1333.06,00:03,2666,-99
1333.1,00:04,2666,-81
1333.48,00:02,2667,-81
1333.56,00:03,2667,-99
1333.6,00:04,2667,-81
1333.98,00:02,2668,-81
1334.06,00:03,2668,-99
1334.1,00:04,2668,-81
1334.49,00:02,2669,-81
1334.56,00:03,2669,-99
1334.6,00:04,2669,-81
1334.98,00:02,2670,-81
1335.06,00:03,2670,-99
1335.1,00:04,2670,-81
1335.48,00:02,2671,-81
1335.56,00:03,2671,-99
1335.6,00:04,2671,-81
1335.98,00:02,2672,-81
1336.06,00:03,2672,-99
1336.1,00:04,2672,-82
1336.49,00:02,2673,-81
1336.56,00:03,2673,-99
1336.6,00:04,2673,-82
1336.98,00:02,2674,-81
1337.06,00:03,2674,-99
1337.1,00:04,2674,-82
1337.48,00:02,2675,-81
1337.56,00:03,2675,-99
1337.6,00:04,2675,-82
1337.98,00:02,2676,-81
1338.06,00:03,2676,-99
1338.1,00:04,2676,-82
1338.49,00:02,2677,-81
1338.56,00:03,2677,-99
1338.6,00:04,2677,-82
1338.98,00:02,2678,-82
1339.06,00:03,2678,-99
1339.1,00:04,2678,-82
1339.48,00:02,2679,-82
1339.56,00:03,2679,-99
1339.6,00:04,2679,-82
1339.98,00:02,2680,-82
1340.06,00:03,2680,-99
1340.1,00:04,2680,-82
1340.48,00:02,2681,-82
1340.56,00:03,2681,-99
1340.6,00:04,2681,-82
1340.98,00:02,2682,-82
1341.06,00:03,2682,-100
1341.1,00:04,2682,-82
1341.48,00:02,2683,-82
1341.57,00:03,2683,-100
1341.6,00:04,2683,-82
1341.98,00:02,2684,-82
1342.06,00:03,2684,-100
1342.1,00:04,2684,-82
1342.48,00:02,2685,-82
1342.56,00:03,2685,-100
1342.6,00:04,2685,-82
1342.98,00:02,2686,-83
1343.06,00:03,2686,-100
1343.1,00:04,2686,-81
1343.48,00:02,2687,-83
1343.56,00:03,2687,-100
1343.6,00:04,2687,-81
1343.99,00:02,2688,-83
1344.06,00:03,2688,-100
1344.1,00:04,2688,-81
1344.48,00:02,2689,-83
1344.56,00:03,2689,-100
1344.6,00:04,2689,-81
1344.98,00:02,2690,-83
1345.06,00:03,2690,-100
1345.1,00:04,2690,-81
1345.48,00:02,2691,-83
1345.56,00:03,2691,-100
1345.6,00:04,2691,-81
1345.98,00:02,2692,-83
1346.06,00:03,2692,-99
1346.1,00:04,2692,-81
1346.48,00:02,2693,-83
1346.56,00:03,2693,-99
1346.6,00:04,2693,-81
1346.98,00:02,2694,-83
1347.06,00:03,2694,-106
1347.1,00:04,2694,-87
1347.48,00:02,2695,-90
1347.56,00:03,2695,-106
1347.6,00:04,2695,-87
1347.99,00:02,2696,-90
1348.06,00:03,2696,-106
1348.1,00:04,2696,-87
1348.48,00:02,2697,-90
1348.56,00:03,2697,-106
1348.6,00:04,2697,-87
1348.98,00:02,2698,-90
1349.06,00:03,2698,-106
1349.1,00:04,2698,-87
1349.48,00:02,2699,-90
1349.56,00:03,2699,-106
1349.6,00:04,2699,-86
1349.98,00:02,2700,-90
1350.07,00:03,2700,-106
1350.1,00:04,2700,-86
1350.49,00:02,2701,-90
1350.56,00:03,2701,-106
1350.6,00:04,2701,-86
1350.98,00:02,2702,-90
1351.06,00:03,2702,-106
1351.1,00:04,2702,-86
1351.48,00:02,2703,-90
1351.56,00:03,2703,-106
1351.6,00:04,2703,-86
1351.98,00:02,2704,-90
1352.06,00:03,2704,-106
1352.1,00:04,2704,-86
1352.48,00:02,2705,-90
1352.56,00:03,2705,-106
1352.6,00:04,2705,-85
1352.98,00:02,2706,-90
1353.07,00:03,2706,-106
1353.1,00:04,2706,-85
1353.49,00:02,2707,-90
1353.56,00:03,2707,-106
1353.6,00:04,2707,-85
1353.98,00:02,2708,-90
1354.06,00:03,2708,-106
1354.1,00:04,2708,-85
1354.48,00:02,2709,-90
1354.56,00:03,2709,-105
1354.6,00:04,2709,-85
1354.98,00:02,2710,-90
1355.07,00:03,2710,-105
1355.1,00:04,2710,-84
1355.48,00:02,2711,-90
1355.56,00:03,2711,-105
1355.6,00:04,2711,-84
1355.98,00:02,2712,-90
1356.06,00:03,2712,-105
1356.1,00:04,2712,-84
1356.48,00:02,2713,-90
1356.57,00:03,2713,-105
1356.6,00:04,2713,-84
1356.98,00:02,2714,-90
1357.06,00:03,2714,-105
1357.1,00:04,2714,-84
1357.48,00:02,2715,-90
1357.56,00:03,2715,-105
1357.6,00:04,2715,-83
1357.98,00:02,2716,-90
1358.06,00:03,2716,-105
1358.1,00:04,2716,-83
1358.48,00:02,2717,-90
1358.56,00:03,2717,-105
1358.6,00:04,2717,-83
1358.98,00:02,2718,-90
1359.06,00:03,2718,-98
1359.1,00:04,2718,-76
1359.48,00:02,2719,-83
1359.56,00:03,2719,-98
1359.6,00:04,2719,-75
1359.98,00:02,2720,-83
1360.06,00:03,2720,-98
1360.1,00:04,2720,-75
1360.48,00:02,2721,-83
1360.56,00:03,2721,-98
1360.6,00:04,2721,-75
1360.98,00:02,2722,-83
1361.06,00:03,2722,-98
1361.1,00:04,2722,-75
1361.48,00:02,2723,-83
1361.56,00:03,2723,-98
1361.6,00:04,2723,-75
1361.98,00:02,2724,-83
1362.07,00:03,2724,-98
1362.1,00:04,2724,-74
1362.48,00:02,2725,-83
1362.56,00:03,2725,-97
1362.6,00:04,2725,-74
1362.98,00:02,2726,-83
1363.06,00:03,2726,-97
1363.1,00:04,2726,-74
1363.48,00:02,2727,-83
1363.56,00:03,2727,-97
1363.6,00:04,2727,-74
1363.98,00:02,2728,-83
1364.06,00:03,2728,-97
1364.1,00:04,2728,-73
1364.48,00:02,2729,-83
1364.56,00:03,2729,-97
1364.6,00:04,2729,-73
1364.98,00:02,2730,-83
1365.06,00:03,2730,-97
1365.1,00:04,2730,-73
1365.48,00:02,2731,-83
1365.56,00:03,2731,-97
1365.6,00:04,2731,-73
1365.98,00:02,2732,-83
1366.06,00:03,2732,-97
1366.1,00:04,2732,-72
1366.48,00:02,2733,-83
1366.56,00:03,2733,-97
1366.6,00:04,2733,-72
1366.98,00:02,2734,-83
1367.06,00:03,2734,-97
1367.1,00:04,2734,-72
1367.48,00:02,2735,-83
1367.56,00:03,2735,-97
1367.6,00:04,2735,-72
1367.98,00:02,2736,-83
1368.06,00:03,2736,-97
1368.1,00:04,2736,-71
1368.48,00:02,2737,-83
1368.56,00:03,2737,-97
1368.6,00:04,2737,-71
1368.98,00:02,2738,-83
1369.06,00:03,2738,-97
1369.1,00:04,2738,-71
1369.48,00:02,2739,-84
1369.56,00:03,2739,-97
1369.6,00:04,2739,-71
1369.98,00:02,2740,-84
1370.06,00:03,2740,-97
1370.1,00:04,2740,-70
1370.48,00:02,2741,-84
1370.56,00:03,2741,-97
1370.6,00:04,2741,-70
1370.98,00:02,2742,-84
1371.06,00:03,2742,-96
1371.1,00:04,2742,-70
1371.48,00:02,2743,-84
1371.56,00:03,2743,-96
1371.6,00:04,2743,-70
1371.98,00:02,2744,-84
1372.06,00:03,2744,-96
1372.1,00:04,2744,-69
1372.48,00:02,2745,-84
1372.57,00:03,2745,-96
1372.6,00:04,2745,-69
1372.98,00:02,2746,-84
1373.06,00:03,2746,-96
1373.1,00:04,2746,-69
1373.48,00:02,2747,-84
1373.56,00:03,2747,-96
1373.6,00:04,2747,-69
1373.98,00:02,2748,-84
1374.06,00:03,2748,-96
1374.1,00:04,2748,-68
1374.48,00:02,2749,-84
1374.56,00:03,2749,-96
1374.6,00:04,2749,-68
1374.98,00:02,2750,-84
1375.06,00:03,2750,-96
1375.1,00:04,2750,-68
1375.48,00:02,2751,-84
1375.57,00:03,2751,-96
1375.6,00:04,2751,-68
1375.98,00:02,2752,-84
1376.06,00:03,2752,-96
1376.1,00:04,2752,-67
1376.48,00:02,2753,-84
1376.56,00:03,2753,-96
1376.6,00:04,2753,-67
1376.98,00:02,2754,-84
1377.06,00:03,2754,-96
1377.1,00:04,2754,-67
1377.48,00:02,2755,-84
1377.56,00:03,2755,-96
1377.6,00:04,2755,-67
1377.98,00:02,2756,-84
1378.06,00:03,2756,-96
1378.1,00:04,2756,-66
1378.48,00:02,2757,-84
1378.56,00:03,2757,-96
1378.6,00:04,2757,-66
1378.98,00:02,2758,-84
1379.06,00:03,2758,-96
1379.1,00:04,2758,-66
1379.48,00:02,2759,-84
1379.56,00:03,2759,-95
1379.6,00:04,2759,-66
1379.98,00:02,2760,-84
1380.06,00:03,2760,-95
1380.1,00:04,2760,-66
1380.48,00:02,2761,-84
1380.56,00:03,2761,-95
1380.6,00:04,2761,-65
1380.98,00:02,2762,-85
1381.06,00:03,2762,-95
1381.1,00:04,2762,-65
1381.48,00:02,2763,-85
1381.56,00:03,2763,-95
1381.6,00:04,2763,-65
1381.98,00:02,2764,-85
1382.06,00:03,2764,-95
1382.1,00:04,2764,-65
1382.48,00:02,2765,-85
1382.56,00:03,2765,-95
1382.6,00:04,2765,-65
1382.98,00:02,2766,-85
1383.06,00:03,2766,-95
1383.1,00:04,2766,-64
1383.48,00:02,2767,-85
1383.56,00:03,2767,-95
1383.6,00:04,2767,-64
1383.98,00:02,2768,-85
1384.06,00:03,2768,-95
1384.1,00:04,2768,-64
1384.48,00:02,2769,-85
1384.56,00:03,2769,-95
1384.6,00:04,2769,-64
1384.98,00:02,2770,-85
1385.06,00:03,2770,-95
1385.1,00:04,2770,-64
1385.48,00:02,2771,-85
1385.56,00:03,2771,-95
1385.6,00:04,2771,-64
1385.98,00:02,2772,-85
1386.06,00:03,2772,-95
1386.1,00:04,2772,-64
1386.48,00:02,2773,-85
1386.56,00:03,2773,-95
1386.6,00:04,2773,-64
1386.98,00:02,2774,-85
1387.07,00:03,2774,-95
1387.1,00:04,2774,-64
1387.48,00:02,2775,-85
1387.56,00:03,2775,-95
1387.6,00:04,2775,-64
1387.98,00:02,2776,-85
1388.06,00:03,2776,-95
1388.1,00:04,2776,-64
1388.48,00:02,2777,-85
1388.57,00:03,2777,-95
1388.6,00:04,2777,-64
1388.98,00:02,2778,-85
1389.06,00:03,2778,-94
1389.1,00:04,2778,-64
1389.48,00:02,2779,-85
1389.56,00:03,2779,-94
1389.6,00:04,2779,-64
1389.98,00:02,2780,-85
1390.06,00:03,2780,-94
1390.1,00:04,2780,-64
1390.48,00:02,2781,-85
1390.56,00:03,2781,-94
1390.6,00:04,2781,-64
1390.98,00:02,2782,-86
1391.06,00:03,2782,-94
1391.1,00:04,2782,-64
1391.48,00:02,2783,-86
1391.56,00:03,2783,-94
1391.6,00:04,2783,-64
1391.98,00:02,2784,-86
1392.06,00:03,2784,-94
1392.1,00:04,2784,-64
1392.48,00:02,2785,-86
1392.56,00:03,2785,-94
1392.6,00:04,2785,-64
1392.98,00:02,2786,-86
1393.06,00:03,2786,-94
1393.1,00:04,2786,-64
1393.48,00:02,2787,-86
1393.56,00:03,2787,-94
1393.6,00:04,2787,-64
1393.98,00:02,2788,-86
1394.06,00:03,2788,-94
1394.1,00:04,2788,-64
1394.48,00:02,2789,-86
1394.56,00:03,2789,-94
1394.6,00:04,2789,-64
1394.98,00:02,2790,-86
1395.06,00:03,2790,-94
1395.1,00:04,2790,-65
1395.48,00:02,2791,-86
1395.56,00:03,2791,-94
1395.6,00:04,2791,-65
1395.98,00:02,2792,-86
1396.06,00:03,2792,-94
1396.1,00:04,2792,-65
1396.48,00:02,2793,-86
1396.56,00:03,2793,-94
1396.6,00:04,2793,-65
1396.98,00:02,2794,-86
1397.06,00:03,2794,-94
1397.1,00:04,2794,-65
1397.48,00:02,2795,-86
1397.56,00:03,2795,-94
1397.6,00:04,2795,-65
1397.98,00:02,2796,-86
1398.06,00:03,2796,-94
1398.1,00:04,2796,-66
1398.48,00:02,2797,-86
1398.56,00:03,2797,-93
1398.6,00:04,2797,-66
1398.98,00:02,2798,-86
1399.06,00:03,2798,-93
1399.1,00:04,2798,-66
1399.48,00:02,2799,-86
1399.56,00:03,2799,-93
1399.6,00:04,2799,-66
1399.98,00:02,2800,-87
1400.06,00:03,2800,-93
1400.1,00:04,2800,-67
1400.48,00:02,2801,-87
1400.56,00:03,2801,-93
1400.6,00:04,2801,-67
1400.98,00:02,2802,-87
1401.06,00:03,2802,-93
1401.1,00:04,2802,-67
1401.48,00:02,2803,-87
1401.56,00:03,2803,-93
1401.6,00:04,2803,-67
1401.98,00:02,2804,-87
1402.07,00:03,2804,-93
1402.1,00:04,2804,-68
1402.48,00:02,2805,-87
1402.56,00:03,2805,-93
1402.6,00:04,2805,-68
1402.98,00:02,2806,-87
1403.06,00:03,2806,-93
1403.1,00:04,2806,-68
1403.48,00:02,2807,-87
1403.56,00:03,2807,-93
1403.6,00:04,2807,-68
1403.98,00:02,2808,-87
1404.06,00:03,2808,-93
1404.1,00:04,2808,-68
1404.48,00:02,2809,-87
1404.56,00:03,2809,-93
1404.6,00:04,2809,-69
1404.98,00:02,2810,-87
1405.06,00:03,2810,-93
1405.1,00:04,2810,-69
1405.48,00:02,2811,-87
1405.56,00:03,2811,-93
1405.6,00:04,2811,-69
1405.98,00:02,2812,-87
1406.06,00:03,2812,-93
1406.1,00:04,2812,-70
1406.48,00:02,2813,-87
1406.56,00:03,2813,-93
1406.6,00:04,2813,-70
1406.98,00:02,2814,-87
1407.06,00:03,2814,-93
1407.1,00:04,2814,-70
1407.48,00:02,2815,-87
1407.56,00:03,2815,-93
1407.6,00:04,2815,-70
1407.98,00:02,2816,-87
1408.06,00:03,2816,-93
1408.1,00:04,2816,-71
1408.48,00:02,2817,-88
1408.56,00:03,2817,-93
1408.6,00:04,2817,-71
1408.98,00:02,2818,-88
1409.06,00:03,2818,-93
1409.1,00:04,2818,-71
1409.48,00:02,2819,-88
1409.56,00:03,2819,-93
1409.6,00:04,2819,-71
1409.98,00:02,2820,-88
1410.06,00:03,2820,-93
1410.1,00:04,2820,-72
1410.48,00:02,2821,-88
1410.57,00:03,2821,-93
1410.6,00:04,2821,-72
1410.98,00:02,2822,-88
1411.06,00:03,2822,-92
1411.1,00:04,2822,-72
1411.48,00:02,2823,-88
1411.56,00:03,2823,-92
1411.6,00:04,2823,-72
1411.98,00:02,2824,-88
1412.06,00:03,2824,-92
1412.1,00:04,2824,-73
1412.48,00:02,2825,-88
1412.56,00:03,2825,-92
1412.6,00:04,2825,-73
1412.98,00:02,2826,-88
1413.06,00:03,2826,-92
1413.1,00:04,2826,-73
1413.48,00:02,2827,-88
1413.56,00:03,2827,-92
1413.6,00:04,2827,-73
1413.98,00:02,2828,-88
1414.06,00:03,2828,-92
1414.1,00:04,2828,-73
1414.48,00:02,2829,-88
1414.56,00:03,2829,-92
1414.6,00:04,2829,-74
1414.98,00:02,2830,-88
1415.06,00:03,2830,-99
1415.1,00:04,2830,-81
1415.48,00:02,2831,-95
1415.56,00:03,2831,-99
1415.6,00:04,2831,-81
1415.98,00:02,2832,-95
1416.06,00:03,2832,-99
1416.1,00:04,2832,-81
1416.48,00:02,2833,-95
1416.56,00:03,2833,-99
1416.6,00:04,2833,-82
1416.98,00:02,2834,-96
1417.06,00:03,2834,-99
1417.1,00:04,2834,-82
1417.48,00:02,2835,-96
1417.56,00:03,2835,-99
1417.6,00:04,2835,-82
1417.98,00:02,2836,-96
1418.07,00:03,2836,-99
1418.1,00:04,2836,-82
1418.48,00:02,2837,-96
1418.56,00:03,2837,-99
1418.6,00:04,2837,-83
1418.98,00:02,2838,-96
1419.06,00:03,2838,-99
1419.1,00:04,2838,-83
1419.48,00:02,2839,-96
1419.56,00:03,2839,-99
1419.6,00:04,2839,-83
1419.98,00:02,2840,-96
1420.06,00:03,2840,-99
1420.1,00:04,2840,-83
1420.48,00:02,2841,-96
1420.56,00:03,2841,-99
1420.6,00:04,2841,-83
1420.98,00:02,2842,-96
1421.06,00:03,2842,-99
1421.1,00:04,2842,-84
1421.48,00:02,2843,-96
1421.57,00:03,2843,-99
1421.6,00:04,2843,-84
1421.98,00:02,2844,-96
1422.06,00:03,2844,-99
1422.1,00:04,2844,-84
1422.48,00:02,2845,-96
1422.56,00:03,2845,-99
1422.6,00:04,2845,-84
1422.98,00:02,2846,-96
1423.06,00:03,2846,-99
1423.1,00:04,2846,-84
1423.48,00:02,2847,-96
1423.56,00:03,2847,-99
1423.6,00:04,2847,-85
1423.98,00:02,2848,-96
1424.06,00:03,2848,-99
1424.1,00:04,2848,-85
1424.48,00:02,2849,-96
1424.56,00:03,2849,-99
1424.6,00:04,2849,-85
1424.98,00:02,2850,-96
1425.06,00:03,2850,-99
1425.1,00:04,2850,-85
1425.48,00:02,2851,-97
1425.56,00:03,2851,-99
1425.6,00:04,2851,-85
1425.98,00:02,2852,-97
1426.06,00:03,2852,-99
1426.1,00:04,2852,-86
1426.48,00:02,2853,-97
1426.56,00:03,2853,-99
1426.6,00:04,2853,-86
1426.98,00:02,2854,-97
1427.06,00:03,2854,-99
1427.1,00:04,2854,-86
1427.48,00:02,2855,-97
1427.56,00:03,2855,-99
1427.6,00:04,2855,-86
1427.98,00:02,2856,-97
1428.06,00:03,2856,-99
1428.1,00:04,2856,-86
1428.48,00:02,2857,-97
1428.56,00:03,2857,-99
1428.6,00:04,2857,-87
1428.98,00:02,2858,-97
1429.06,00:03,2858,-99
1429.1,00:04,2858,-87
1429.48,00:02,2859,-97
1429.56,00:03,2859,-99
1429.6,00:04,2859,-87
1429.98,00:02,2860,-97
1430.06,00:03,2860,-99
1430.1,00:04,2860,-87
1430.48,00:02,2861,-97
1430.56,00:03,2861,-99
1430.6,00:04,2861,-87
1430.98,00:02,2862,-97
1431.06,00:03,2862,-92
1431.1,00:04,2862,-80
1431.48,00:02,2863,-90
1431.56,00:03,2863,-92
1431.6,00:04,2863,-81
1431.98,00:02,2864,-90
1432.06,00:03,2864,-92
1432.1,00:04,2864,-81
1432.48,00:02,2865,-90
1432.56,00:03,2865,-92
1432.6,00:04,2865,-81
1432.98,00:02,2866,-90
1433.06,00:03,2866,-92
1433.1,00:04,2866,-81
1433.48,00:02,2867,-90
1433.56,00:03,2867,-92
1433.6,00:04,2867,-81
1433.98,00:02,2868,-91
1434.06,00:03,2868,-92
1434.1,00:04,2868,-81
1434.48,00:02,2869,-91
1434.56,00:03,2869,-92
1434.6,00:04,2869,-81
1434.98,00:02,2870,-91
1435.06,00:03,2870,-92
1435.1,00:04,2870,-81
1435.48,00:02,2871,-91
1435.56,00:03,2871,-92
1435.6,00:04,2871,-81
1435.98,00:02,2872,-91
1436.06,00:03,2872,-92
1436.1,00:04,2872,-81
1436.48,00:02,2873,-91
1436.56,00:03,2873,-92
1436.6,00:04,2873,-81
1436.98,00:02,2874,-91
1437.07,00:03,2874,-92
1437.1,00:04,2874,-81
1437.48,00:02,2875,-91
1437.56,00:03,2875,-92
1437.6,00:04,2875,-81
1437.98,00:02,2876,-91
1438.07,00:03,2876,-93
1438.1,00:04,2876,-81
1438.48,00:02,2877,-91
1438.56,00:03,2877,-93
1438.6,00:04,2877,-81
1438.98,00:02,2878,-91
1439.06,00:03,2878,-93
1439.1,00:04,2878,-81
1439.48,00:02,2879,-91
1439.57,00:03,2879,-93
1439.6,00:04,2879,-81
1439.98,00:02,2880,-91
1440.07,00:03,2880,-93
1440.1,00:04,2880,-81
1440.48,00:02,2881,-91
1440.56,00:03,2881,-93
1440.6,00:04,2881,-81
1440.98,00:02,2882,-91
1441.06,00:03,2882,-93
1441.1,00:04,2882,-80
1441.48,00:02,2883,-91
1441.57,00:03,2883,-93
1441.6,00:04,2883,-80
1441.98,00:02,2884,-91
1442.06,00:03,2884,-93
1442.1,00:04,2884,-80
1442.48,00:02,2885,-91
1442.57,00:03,2885,-93
1442.6,00:04,2885,-80
1442.98,00:02,2886,-91
1443.06,00:03,2886,-100
1443.1,00:04,2886,-87
1443.48,00:02,2887,-98
1443.56,00:03,2887,-100
1443.6,00:04,2887,-87
1443.98,00:02,2888,-98
1444.06,00:03,2888,-100
1444.1,00:04,2888,-86
1444.48,00:02,2889,-98
1444.56,00:03,2889,-100
1444.6,00:04,2889,-86
1444.98,00:02,2890,-97
1445.06,00:03,2890,-100
1445.1,00:04,2890,-86
1445.48,00:02,2891,-97
1445.56,00:03,2891,-100
1445.6,00:04,2891,-86
1445.98,00:02,2892,-97
1446.06,00:03,2892,-100
1446.1,00:04,2892,-86
1446.48,00:02,2893,-97
1446.56,00:03,2893,-100
1446.6,00:04,2893,-85
1446.98,00:02,2894,-97
1447.06,00:03,2894,-100
1447.1,00:04,2894,-85
1447.48,00:02,2895,-97
1447.56,00:03,2895,-100
1447.6,00:04,2895,-85
1447.98,00:02,2896,-97
1448.06,00:03,2896,-100
1448.1,00:04,2896,-85
1448.48,00:02,2897,-97
1448.56,00:03,2897,-100
1448.6,00:04,2897,-85
1448.98,00:02,2898,-97
1449.06,00:03,2898,-100
1449.1,00:04,2898,-84
1449.48,00:02,2899,-97
1449.56,00:03,2899,-100
1449.6,00:04,2899,-84
1449.98,00:02,2900,-97
1450.06,00:03,2900,-100
1450.1,00:04,2900,-84
1450.48,00:02,2901,-97
1450.56,00:03,2901,-100
1450.6,00:04,2901,-84
1450.98,00:02,2902,-97
1451.06,00:03,2902,-100
1451.1,00:04,2902,-83
1451.48,00:02,2903,-97
1451.56,00:03,2903,-100
1451.6,00:04,2903,-83
1451.98,00:02,2904,-97
1452.06,00:03,2904,-100
1452.1,00:04,2904,-83
1452.48,00:02,2905,-97
1452.56,00:03,2905,-100
1452.6,00:04,2905,-83
1452.98,00:02,2906,-97
1453.06,00:03,2906,-100
1453.1,00:04,2906,-82
1453.48,00:02,2907,-97
1453.56,00:03,2907,-100
1453.6,00:04,2907,-82
1453.98,00:02,2908,-96
1454.07,00:03,2908,-100
1454.1,00:04,2908,-82
1454.48,00:02,2909,-96
1454.56,00:03,2909,-100
1454.6,00:04,2909,-82
1454.98,00:02,2910,-96
1455.06,00:03,2910,-100
1455.1,00:04,2910,-82
1455.48,00:02,2911,-96
1455.56,00:03,2911,-100
1455.6,00:04,2911,-81
1455.98,00:02,2912,-96
1456.07,00:03,2912,-100
1456.1,00:04,2912,-81
1456.48,00:02,2913,-96
1456.56,00:03,2913,-100
1456.6,00:04,2913,-81
1456.98,00:02,2914,-96
1457.06,00:03,2914,-100
1457.1,00:04,2914,-80
1457.48,00:02,2915,-96
1457.56,00:03,2915,-100
1457.6,00:04,2915,-80
1457.98,00:02,2916,-96
1458.06,00:03,2916,-100
1458.1,00:04,2916,-80
1458.48,00:02,2917,-96
1458.56,00:03,2917,-100
1458.6,00:04,2917,-80
1458.98,00:02,2918,-96
1459.06,00:03,2918,-93
1459.1,00:04,2918,-72
1459.48,00:02,2919,-89
1459.56,00:03,2919,-93
1459.6,00:04,2919,-72
1459.98,00:02,2920,-89
1460.07,00:03,2920,-93
1460.1,00:04,2920,-72
1460.48,00:02,2921,-89
1460.56,00:03,2921,-93
1460.6,00:04,2921,-72
1460.98,00:02,2922,-89
1461.07,00:03,2922,-93
1461.1,00:04,2922,-71
1461.48,00:02,2923,-89
1461.56,00:03,2923,-93
1461.6,00:04,2923,-71
1461.98,00:02,2924,-89
1462.07,00:03,2924,-93
1462.1,00:04,2924,-71
1462.48,00:02,2925,-89
1462.56,00:03,2925,-94
1462.6,00:04,2925,-70
1462.98,00:02,2926,-88
1463.06,00:03,2926,-94
1463.1,00:04,2926,-70
1463.48,00:02,2927,-88
1463.56,00:03,2927,-94
1463.6,00:04,2927,-70
1463.98,00:02,2928,-88
1464.07,00:03,2928,-94
1464.1,00:04,2928,-70
1464.48,00:02,2929,-88
1464.56,00:03,2929,-94
1464.6,00:04,2929,-69
1464.98,00:02,2930,-88
1465.06,00:03,2930,-94
1465.1,00:04,2930,-69
1465.48,00:02,2931,-88
1465.56,00:03,2931,-94
1465.6,00:04,2931,-69
1465.98,00:02,2932,-88
1466.06,00:03,2932,-94
1466.1,00:04,2932,-68
1466.48,00:02,2933,-88
1466.56,00:03,2933,-94
1466.6,00:04,2933,-68
1466.98,00:02,2934,-88
1467.06,00:03,2934,-94
1467.1,00:04,2934,-68
1467.48,00:02,2935,-88
1467.56,00:03,2935,-94
1467.6,00:04,2935,-67
1467.98,00:02,2936,-88
1468.06,00:03,2936,-94
1468.1,00:04,2936,-67
1468.48,00:02,2937,-88
1468.56,00:03,2937,-94
1468.6,00:04,2937,-67
1468.98,00:02,2938,-88
1469.06,00:03,2938,-94
1469.1,00:04,2938,-66
1469.48,00:02,2939,-88
1469.56,00:03,2939,-94
1469.6,00:04,2939,-66
1469.98,00:02,2940,-88
1470.06,00:03,2940,-94
1470.1,00:04,2940,-66
1470.48,00:02,2941,-88
1470.56,00:03,2941,-94
1470.6,00:04,2941,-65
1470.98,00:02,2942,-88
1471.06,00:03,2942,-94
1471.1,00:04,2942,-65
1471.48,00:02,2943,-88
1471.56,00:03,2943,-94
1471.6,00:04,2943,-64
1471.98,00:02,2944,-87
1472.07,00:03,2944,-94
1472.1,00:04,2944,-64
1472.48,00:02,2945,-87
1472.57,00:03,2945,-94
1472.6,00:04,2945,-64
1472.98,00:02,2946,-87
1473.07,00:03,2946,-94
1473.1,00:04,2946,-64
1473.48,00:02,2947,-87
1473.56,00:03,2947,-94
1473.6,00:04,2947,-64
1473.98,00:02,2948,-87
1474.06,00:03,2948,-94
1474.1,00:04,2948,-63
1474.48,00:02,2949,-87
1474.56,00:03,2949,-94
1474.6,00:04,2949,-63
1474.98,00:02,2950,-87
1475.06,00:03,2950,-94
1475.1,00:04,2950,-63
1475.48,00:02,2951,-87
1475.56,00:03,2951,-94
1475.6,00:04,2951,-63
1475.98,00:02,2952,-87
1476.06,00:03,2952,-94
1476.1,00:04,2952,-63
1476.48,00:02,2953,-87
1476.56,00:03,2953,-95
1476.6,00:04,2953,-62
1476.98,00:02,2954,-87
1477.06,00:03,2954,-95
1477.1,00:04,2954,-62
1477.48,00:02,2955,-87
1477.56,00:03,2955,-95
1477.6,00:04,2955,-62
1477.98,00:02,2956,-87
1478.06,00:03,2956,-95
1478.1,00:04,2956,-62
1478.48,00:02,2957,-87
1478.56,00:03,2957,-95
1478.6,00:04,2957,-62
1478.98,00:02,2958,-87
1479.06,00:03,2958,-95
1479.1,00:04,2958,-62
1479.48,00:02,2959,-87
1479.56,00:03,2959,-95
1479.6,00:04,2959,-61
1479.98,00:02,2960,-87
1480.07,00:03,2960,-95
1480.1,00:04,2960,-61
1480.48,00:02,2961,-87
1480.56,00:03,2961,-95
1480.6,00:04,2961,-61
1480.98,00:02,2962,-87
1481.06,00:03,2962,-95
1481.1,00:04,2962,-61
1481.48,00:02,2963,-87
1481.56,00:03,2963,-95
1481.6,00:04,2963,-61
1481.98,00:02,2964,-86
1482.06,00:03,2964,-95
1482.1,00:04,2964,-61
1482.48,00:02,2965,-86
1482.56,00:03,2965,-95
1482.6,00:04,2965,-61
1482.98,00:02,2966,-86
1483.07,00:03,2966,-95
1483.1,00:04,2966,-61
1483.48,00:02,2967,-86
1483.56,00:03,2967,-95
1483.6,00:04,2967,-61
1483.98,00:02,2968,-86
1484.07,00:03,2968,-95
1484.1,00:04,2968,-61
1484.48,00:02,2969,-86
1484.56,00:03,2969,-95
1484.6,00:04,2969,-61
1484.98,00:02,2970,-86
1485.06,00:03,2970,-95
1485.1,00:04,2970,-61
1485.48,00:02,2971,-86
1485.56,00:03,2971,-95
1485.6,00:04,2971,-61
1485.98,00:02,2972,-86
1486.06,00:03,2972,-95
1486.1,00:04,2972,-61
1486.48,00:02,2973,-86
1486.57,00:03,2973,-95
1486.6,00:04,2973,-61
1486.98,00:02,2974,-86
1487.06,00:03,2974,-96
1487.1,00:04,2974,-61
1487.48,00:02,2975,-86
1487.56,00:03,2975,-96
1487.6,00:04,2975,-61
1487.98,00:02,2976,-86
1488.06,00:03,2976,-96
1488.1,00:04,2976,-61
1488.48,00:02,2977,-86
1488.56,00:03,2977,-96
1488.6,00:04,2977,-61
1488.98,00:02,2978,-86
1489.06,00:03,2978,-96
1489.1,00:04,2978,-61
1489.48,00:02,2979,-86
1489.57,00:03,2979,-96
1489.6,00:04,2979,-61
1489.98,00:02,2980,-86
1490.06,00:03,2980,-96
1490.1,00:04,2980,-61
1490.48,00:02,2981,-86
1490.56,00:03,2981,-96
1490.6,00:04,2981,-62
1490.98,00:02,2982,-86
1491.06,00:03,2982,-96
1491.1,00:04,2982,-62
1491.48,00:02,2983,-86
1491.56,00:03,2983,-96
1491.6,00:04,2983,-62
1491.98,00:02,2984,-86
1492.06,00:03,2984,-96
1492.1,00:04,2984,-62
1492.48,00:02,2985,-85
1492.56,00:03,2985,-96
1492.6,00:04,2985,-62
1492.98,00:02,2986,-85
1493.06,00:03,2986,-96
1493.1,00:04,2986,-62
1493.48,00:02,2987,-85
1493.56,00:03,2987,-96
1493.6,00:04,2987,-63
1493.98,00:02,2988,-85
1494.06,00:03,2988,-96
1494.1,00:04,2988,-63
1494.48,00:02,2989,-85
1494.56,00:03,2989,-96
1494.6,00:04,2989,-63
1494.98,00:02,2990,-85
1495.06,00:03,2990,-96
1495.1,00:04,2990,-63
1495.48,00:02,2991,-85
1495.56,00:03,2991,-96
1495.6,00:04,2991,-63
1495.98,00:02,2992,-85
1496.07,00:03,2992,-96
1496.1,00:04,2992,-64
1496.48,00:02,2993,-85
1496.56,00:03,2993,-96
1496.6,00:04,2993,-64
1496.98,00:02,2994,-85
1497.06,00:03,2994,-97
1497.1,00:04,2994,-64
1497.48,00:02,2995,-85
1497.56,00:03,2995,-97
1497.6,00:04,2995,-64
1497.98,00:02,2996,-85
1498.06,00:03,2996,-97
1498.1,00:04,2996,-64
1498.48,00:02,2997,-85
1498.56,00:03,2997,-97
1498.6,00:04,2997,-65
1498.98,00:02,2998,-85
1499.06,00:03,2998,-97
1499.1,00:04,2998,-65
1499.48,00:02,2999,-85
1499.57,00:03,2999,-97
1499.6,00:04,2999,-65
1499.98,00:02,3000,-85
1500.07,00:03,3000,-97
1500.1,00:04,3000,-66
1500.48,00:02,3001,-85
1500.56,00:03,3001,-97
1500.6,00:04,3001,-66
1500.98,00:02,3002,-85
1501.06,00:03,3002,-97
1501.1,00:04,3002,-66
1501.48,00:02,3003,-85
1501.56,00:03,3003,-97
1501.6,00:04,3003,-67
1501.98,00:02,3004,-85
1502.06,00:03,3004,-97
1502.1,00:04,3004,-67
1502.48,00:02,3005,-85
1502.57,00:03,3005,-97
1502.6,00:04,3005,-67
1502.98,00:02,3006,-85
1503.06,00:03,3006,-97
1503.1,00:04,3006,-68
1503.48,00:02,3007,-85
1503.56,00:03,3007,-97
1503.6,00:04,3007,-68
1503.98,00:02,3008,-85
1504.06,00:03,3008,-97
1504.1,00:04,3008,-68
1504.48,00:02,3009,-85
1504.57,00:03,3009,-97
1504.6,00:04,3009,-69
1504.98,00:02,3010,-85
1505.06,00:03,3010,-97
1505.1,00:04,3010,-69
1505.48,00:02,3011,-84
1505.56,00:03,3011,-97
1505.6,00:04,3011,-69
1505.98,00:02,3012,-84
1506.06,00:03,3012,-98
1506.1,00:04,3012,-70
1506.48,00:02,3013,-84
1506.56,00:03,3013,-98
1506.6,00:04,3013,-70
1506.98,00:02,3014,-84
1507.06,00:03,3014,-98
1507.1,00:04,3014,-70
1507.48,00:02,3015,-84
1507.56,00:03,3015,-98
1507.6,00:04,3015,-71
1507.98,00:02,3016,-84
1508.06,00:03,3016,-98
1508.1,00:04,3016,-71
1508.48,00:02,3017,-84
1508.57,00:03,3017,-98
1508.6,00:04,3017,-71
1508.98,00:02,3018,-84
1509.06,00:03,3018,-98
1509.1,00:04,3018,-71
1509.48,00:02,3019,-84
1509.56,00:03,3019,-98
1509.6,00:04,3019,-72
1509.98,00:02,3020,-84
1510.06,00:03,3020,-98
1510.1,00:04,3020,-72
1510.48,00:02,3021,-84
1510.56,00:03,3021,-98
1510.6,00:04,3021,-72
1510.98,00:02,3022,-84
1511.06,00:03,3022,-98
1511.1,00:04,3022,-73
1511.48,00:02,3023,-84
1511.56,00:03,3023,-98
1511.6,00:04,3023,-73
1511.98,00:02,3024,-84
1512.07,00:03,3024,-98
1512.1,00:04,3024,-73
1512.48,00:02,3025,-84
1512.56,00:03,3025,-98
1512.6,00:04,3025,-73
1512.98,00:02,3026,-84
1513.06,00:03,3026,-98
1513.1,00:04,3026,-74
1513.48,00:02,3027,-84
1513.57,00:03,3027,-98
1513.6,00:04,3027,-74
1513.98,00:02,3028,-84
1514.06,00:03,3028,-98
1514.1,00:04,3028,-74
1514.48,00:02,3029,-84
1514.56,00:03,3029,-98
1514.6,00:04,3029,-74
1514.98,00:02,3030,-84
1515.06,00:03,3030,-106
1515.1,00:04,3030,-82
1515.48,00:02,3031,-91
1515.57,00:03,3031,-106
1515.6,00:04,3031,-82
1515.98,00:02,3032,-91
1516.06,00:03,3032,-106
1516.1,00:04,3032,-82
1516.48,00:02,3033,-91
1516.56,00:03,3033,-106
1516.6,00:04,3033,-82
1516.98,00:02,3034,-91
1517.06,00:03,3034,-106
1517.1,00:04,3034,-83
1517.48,00:02,3035,-91
1517.56,00:03,3035,-106
1517.6,00:04,3035,-83
1517.98,00:02,3036,-91
1518.06,00:03,3036,-106
1518.1,00:04,3036,-83
1518.48,00:02,3037,-91
1518.57,00:03,3037,-106
1518.6,00:04,3037,-83
1518.98,00:02,3038,-91
1519.07,00:03,3038,-106
1519.1,00:04,3038,-84
1519.48,00:02,3039,-91
1519.56,00:03,3039,-106
1519.6,00:04,3039,-84
1519.98,00:02,3040,-91
1520.06,00:03,3040,-106
1520.1,00:04,3040,-84
1520.48,00:02,3041,-91
1520.56,00:03,3041,-106
1520.6,00:04,3041,-84
1520.98,00:02,3042,-91
1521.06,00:03,3042,-106
1521.1,00:04,3042,-84
1521.48,00:02,3043,-91
1521.56,00:03,3043,-106
1521.6,00:04,3043,-85
1521.98,00:02,3044,-91
1522.06,00:03,3044,-106
1522.1,00:04,3044,-85
1522.48,00:02,3045,-91
1522.56,00:03,3045,-106
1522.6,00:04,3045,-85
1522.98,00:02,3046,-91
1523.06,00:03,3046,-106
1523.1,00:04,3046,-85
1523.48,00:02,3047,-91
1523.6,00:04,3047,-85
1523.98,00:02,3048,-91
1524.06,00:03,3048,-107
1524.1,00:04,3048,-86
1524.48,00:02,3049,-91
1524.56,00:03,3049,-107
1524.6,00:04,3049,-86
1524.98,00:02,3050,-91
1525.06,00:03,3050,-107
1525.1,00:04,3050,-86
1525.48,00:02,3051,-91
1525.57,00:03,3051,-107
1525.6,00:04,3051,-86
1525.98,00:02,3052,-91
1526.07,00:03,3052,-107
1526.1,00:04,3052,-86
1526.48,00:02,3053,-91
1526.57,00:03,3053,-107
1526.6,00:04,3053,-87
1526.98,00:02,3054,-91
1527.07,00:03,3054,-100
1527.1,00:04,3054,-80
1527.48,00:02,3055,-84
1527.56,00:03,3055,-100
1527.6,00:04,3055,-80
1527.98,00:02,3056,-84
1528.06,00:03,3056,-100
1528.1,00:04,3056,-80
1528.48,00:02,3057,-84
1528.56,00:03,3057,-100
1528.6,00:04,3057,-80
1528.98,00:02,3058,-84
1529.07,00:03,3058,-100
1529.1,00:04,3058,-81
1529.48,00:02,3059,-84
1529.57,00:03,3059,-100
1529.6,00:04,3059,-81
1529.98,00:02,3060,-84
1530.07,00:03,3060,-100
1530.1,00:04,3060,-81
1530.48,00:02,3061,-84
1530.57,00:03,3061,-100
1530.6,00:04,3061,-81
1530.98,00:02,3062,-84
1531.06,00:03,3062,-100
1531.1,00:04,3062,-81
1531.48,00:02,3063,-84
1531.57,00:03,3063,-100
1531.6,00:04,3063,-81
1531.98,00:02,3064,-84
1532.06,00:03,3064,-100
1532.1,00:04,3064,-81
1532.48,00:02,3065,-84
1532.56,00:03,3065,-100
1532.6,00:04,3065,-81
1532.98,00:02,3066,-84
1533.06,00:03,3066,-100
1533.1,00:04,3066,-81
1533.48,00:02,3067,-84
1533.56,00:03,3067,-100
1533.6,00:04,3067,-81
1533.98,00:02,3068,-85
1534.06,00:03,3068,-101
1534.1,00:04,3068,-81
1534.48,00:02,3069,-85
1534.57,00:03,3069,-101
1534.6,00:04,3069,-81
1534.98,00:02,3070,-85
1535.07,00:03,3070,-101
1535.1,00:04,3070,-81
1535.48,00:02,3071,-85
1535.56,00:03,3071,-101
1535.6,00:04,3071,-81
1535.98,00:02,3072,-85
1536.06,00:03,3072,-101
1536.1,00:04,3072,-80
1536.48,00:02,3073,-85
1536.56,00:03,3073,-101
1536.6,00:04,3073,-80
1536.98,00:02,3074,-85
1537.06,00:03,3074,-101
1537.1,00:04,3074,-80
1537.48,00:02,3075,-85
1537.57,00:03,3075,-100
1537.6,00:04,3075,-80
1537.98,00:02,3076,-85
1538.07,00:03,3076,-100
1538.1,00:04,3076,-80
1538.48,00:02,3077,-85
1538.56,00:03,3077,-100
1538.6,00:04,3077,-80
1538.98,00:02,3078,-85
1539.06,00:03,3078,-107
1539.1,00:04,3078,-86
1539.48,00:02,3079,-92
1539.56,00:03,3079,-107
1539.6,00:04,3079,-86
1539.98,00:02,3080,-92
1540.06,00:03,3080,-107
1540.1,00:04,3080,-86
1540.48,00:02,3081,-92
1540.56,00:03,3081,-107
1540.6,00:04,3081,-86
1540.98,00:02,3082,-92
1541.06,00:03,3082,-107
1541.1,00:04,3082,-85
1541.48,00:02,3083,-92
1541.56,00:03,3083,-107
1541.6,00:04,3083,-85
1541.98,00:02,3084,-92
1542.06,00:03,3084,-107
1542.1,00:04,3084,-85
1542.48,00:02,3085,-92
1542.56,00:03,3085,-107
1542.6,00:04,3085,-85
1542.98,00:02,3086,-92
1543.06,00:03,3086,-107
1543.1,00:04,3086,-85
1543.48,00:02,3087,-92
1543.56,00:03,3087,-107
1543.6,00:04,3087,-84
1543.98,00:02,3088,-92
1544.06,00:03,3088,-107
1544.1,00:04,3088,-84
1544.48,00:02,3089,-92
1544.56,00:03,3089,-107
1544.6,00:04,3089,-84
1544.98,00:02,3090,-92
1545.06,00:03,3090,-107
1545.1,00:04,3090,-84
1545.48,00:02,3091,-92
1545.57,00:03,3091,-107
1545.6,00:04,3091,-83
1545.98,00:02,3092,-92
1546.06,00:03,3092,-107
1546.1,00:04,3092,-83
1546.48,00:02,3093,-92
1546.57,00:03,3093,-107
1546.6,00:04,3093,-83
1546.98,00:02,3094,-92
1547.07,00:03,3094,-106
1547.1,00:04,3094,-83
1547.48,00:02,3095,-92
1547.56,00:03,3095,-106
1547.6,00:04,3095,-83
1547.98,00:02,3096,-92
1548.06,00:03,3096,-106
1548.1,00:04,3096,-82
1548.48,00:02,3097,-92
1548.56,00:03,3097,-106
1548.6,00:04,3097,-82
1548.98,00:02,3098,-92
1549.07,00:03,3098,-106
1549.1,00:04,3098,-82
1549.48,00:02,3099,-92
1549.56,00:03,3099,-106
1549.6,00:04,3099,-81
1549.98,00:02,3100,-92
1550.06,00:03,3100,-106
1550.1,00:04,3100,-81
1550.48,00:02,3101,-92
1550.56,00:03,3101,-106
1550.6,00:04,3101,-81
1550.98,00:02,3102,-92
1551.06,00:03,3102,-99
1551.1,00:04,3102,-74
1551.48,00:02,3103,-85
1551.56,00:03,3103,-99
1551.6,00:04,3103,-73
1551.98,00:02,3104,-85
1552.07,00:03,3104,-99
1552.1,00:04,3104,-73
1552.48,00:02,3105,-85
1552.56,00:03,3105,-99
1552.6,00:04,3105,-73
1552.98,00:02,3106,-85
1553.06,00:03,3106,-99
1553.1,00:04,3106,-73
1553.48,00:02,3107,-85
1553.56,00:03,3107,-99
1553.6,00:04,3107,-72
1553.98,00:02,3108,-85
1554.06,00:03,3108,-99
1554.1,00:04,3108,-72
1554.48,00:02,3109,-85
1554.56,00:03,3109,-99
1554.6,00:04,3109,-72
1554.98,00:02,3110,-85
1555.06,00:03,3110,-99
1555.1,00:04,3110,-71
1555.48,00:02,3111,-85
1555.56,00:03,3111,-99
1555.6,00:04,3111,-71
1555.98,00:02,3112,-85
1556.06,00:03,3112,-99
1556.1,00:04,3112,-71
1556.48,00:02,3113,-85
1556.56,00:03,3113,-98
1556.6,00:04,3113,-70
1556.98,00:02,3114,-85
1557.06,00:03,3114,-98
1557.1,00:04,3114,-70
1557.48,00:02,3115,-85
1557.57,00:03,3115,-98
1557.6,00:04,3115,-70
1557.98,00:02,3116,-85
1558.07,00:03,3116,-98
1558.1,00:04,3116,-69
1558.48,00:02,3117,-85
1558.56,00:03,3117,-98
1558.6,00:04,3117,-69
1558.98,00:02,3118,-85
1559.06,00:03,3118,-98
1559.1,00:04,3118,-69
1559.48,00:02,3119,-85
1559.56,00:03,3119,-98
1559.6,00:04,3119,-68
1559.98,00:02,3120,-85
1560.07,00:03,3120,-98
1560.1,00:04,3120,-68
1560.48,00:02,3121,-85
1560.57,00:03,3121,-98
1560.6,00:04,3121,-68
1560.98,00:02,3122,-86
1561.07,00:03,3122,-98
1561.1,00:04,3122,-67
1561.48,00:02,3123,-86
1561.56,00:03,3123,-98
1561.6,00:04,3123,-67
1561.98,00:02,3124,-86
1562.06,00:03,3124,-98
1562.1,00:04,3124,-66
1562.48,00:02,3125,-86
1562.57,00:03,3125,-98
1562.6,00:04,3125,-66
1562.98,00:02,3126,-86
1563.06,00:03,3126,-98
1563.1,00:04,3126,-66
1563.48,00:02,3127,-86
1563.56,00:03,3127,-98
1563.6,00:04,3127,-65
1563.98,00:02,3128,-86
1564.07,00:03,3128,-98
1564.1,00:04,3128,-65
1564.48,00:02,3129,-86
1564.56,00:03,3129,-98
1564.6,00:04,3129,-64
1564.98,00:02,3130,-86
1565.07,00:03,3130,-98
1565.1,00:04,3130,-64
1565.48,00:02,3131,-86
1565.56,00:03,3131,-98
1565.6,00:04,3131,-64
1565.98,00:02,3132,-86
1566.06,00:03,3132,-98
1566.1,00:04,3132,-64
1566.48,00:02,3133,-86
1566.57,00:03,3133,-97
1566.6,00:04,3133,-63
1566.98,00:02,3134,-86
1567.07,00:03,3134,-97
1567.1,00:04,3134,-63
1567.48,00:02,3135,-86
1567.56,00:03,3135,-97
1567.6,00:04,3135,-63
1567.98,00:02,3136,-86
1568.07,00:03,3136,-97
1568.1,00:04,3136,-62
1568.48,00:02,3137,-86
1568.56,00:03,3137,-97
1568.6,00:04,3137,-62
1568.98,00:02,3138,-86
1569.07,00:03,3138,-97
1569.1,00:04,3138,-62
1569.48,00:02,3139,-86
1569.56,00:03,3139,-97
1569.6,00:04,3139,-62
1569.98,00:02,3140,-86
1570.06,00:03,3140,-97
1570.1,00:04,3140,-61
1570.48,00:02,3141,-86
1570.56,00:03,3141,-97
1570.6,00:04,3141,-61
1570.98,00:02,3142,-86
1571.06,00:03,3142,-97
1571.1,00:04,3142,-61
1571.48,00:02,3143,-86
1571.56,00:03,3143,-97
1571.6,00:04,3143,-60
1571.98,00:02,3144,-86
1572.06,00:03,3144,-97
1572.1,00:04,3144,-60
1572.48,00:02,3145,-86
1572.56,00:03,3145,-97
1572.6,00:04,3145,-60
1572.98,00:02,3146,-86
1573.06,00:03,3146,-97
1573.1,00:04,3146,-59
1573.48,00:02,3147,-86
1573.56,00:03,3147,-97
1573.6,00:04,3147,-59
1573.98,00:02,3148,-86
1574.06,00:03,3148,-97
1574.1,00:04,3148,-59
1574.48,00:02,3149,-86
1574.56,00:03,3149,-97
1574.6,00:04,3149,-58
1574.98,00:02,3150,-86
1575.07,00:03,3150,-97
1575.1,00:04,3150,-58
1575.48,00:02,3151,-87
1575.57,00:03,3151,-97
1575.6,00:04,3151,-58
1575.98,00:02,3152,-87
1576.06,00:03,3152,-97
1576.1,00:04,3152,-57
1576.48,00:02,3153,-87
1576.56,00:03,3153,-97
1576.6,00:04,3153,-57
1576.98,00:02,3154,-87
1577.06,00:03,3154,-96
1577.1,00:04,3154,-57
1577.48,00:02,3155,-87
1577.56,00:03,3155,-96
1577.6,00:04,3155,-57
1577.98,00:02,3156,-87
1578.06,00:03,3156,-96
1578.1,00:04,3156,-56
1578.48,00:02,3157,-87
1578.56,00:03,3157,-96
1578.6,00:04,3157,-56
1578.98,00:02,3158,-87
1579.06,00:03,3158,-96
1579.1,00:04,3158,-56
1579.48,00:02,3159,-87
1579.56,00:03,3159,-96
1579.6,00:04,3159,-56
1579.98,00:02,3160,-87
1580.06,00:03,3160,-96
1580.1,00:04,3160,-56
1580.48,00:02,3161,-87
1580.56,00:03,3161,-96
1580.6,00:04,3161,-56
1580.98,00:02,3162,-87
1581.06,00:03,3162,-96
1581.1,00:04,3162,-56
1581.48,00:02,3163,-87
1581.57,00:03,3163,-96
1581.6,00:04,3163,-56
1581.98,00:02,3164,-87
1582.06,00:03,3164,-96
1582.1,00:04,3164,-56
1582.48,00:02,3165,-87
1582.56,00:03,3165,-96
1582.6,00:04,3165,-56
1582.98,00:02,3166,-87
1583.06,00:03,3166,-96
1583.1,00:04,3166,-56
1583.48,00:02,3167,-87
1583.57,00:03,3167,-96
1583.6,00:04,3167,-56
1583.98,00:02,3168,-87
1584.06,00:03,3168,-96
1584.1,00:04,3168,-56
1584.48,00:02,3169,-87
1584.56,00:03,3169,-96
1584.6,00:04,3169,-57
1584.98,00:02,3170,-87
1585.06,00:03,3170,-96
1585.1,00:04,3170,-57
1585.48,00:02,3171,-87
1585.56,00:03,3171,-96
1585.6,00:04,3171,-57
1585.98,00:02,3172,-87
1586.07,00:03,3172,-96
1586.1,00:04,3172,-58
1586.48,00:02,3173,-87
1586.56,00:03,3173,-96
1586.6,00:04,3173,-58
1586.98,00:02,3174,-88
1587.06,00:03,3174,-96
1587.1,00:04,3174,-58
1587.48,00:02,3175,-88
1587.56,00:03,3175,-96
1587.6,00:04,3175,-58
1587.98,00:02,3176,-88
1588.07,00:03,3176,-96
1588.1,00:04,3176,-59
1588.48,00:02,3177,-88
1588.56,00:03,3177,-95
1588.6,00:04,3177,-59
1588.98,00:02,3178,-88
1589.07,00:03,3178,-95
1589.1,00:04,3178,-59
1589.48,00:02,3179,-88
1589.56,00:03,3179,-95
1589.6,00:04,3179,-60
1589.98,00:02,3180,-88
1590.07,00:03,3180,-95
1590.1,00:04,3180,-60
1590.48,00:02,3181,-88
1590.56,00:03,3181,-95
1590.6,00:04,3181,-60
1590.98,00:02,3182,-88
1591.06,00:03,3182,-95
1591.1,00:04,3182,-61
1591.48,00:02,3183,-88
1591.57,00:03,3183,-95
1591.6,00:04,3183,-61
1591.98,00:02,3184,-88
1592.06,00:03,3184,-95
1592.1,00:04,3184,-61
1592.48,00:02,3185,-88
1592.57,00:03,3185,-95
1592.6,00:04,3185,-62
1592.98,00:02,3186,-88
1593.06,00:03,3186,-95
1593.1,00:04,3186,-62
1593.48,00:02,3187,-88
1593.57,00:03,3187,-95
1593.6,00:04,3187,-62
1593.98,00:02,3188,-88
1594.07,00:03,3188,-95
1594.1,00:04,3188,-63
1594.48,00:02,3189,-88
1594.56,00:03,3189,-95
1594.6,00:04,3189,-63
1594.98,00:02,3190,-88
1595.06,00:03,3190,-95
1595.1,00:04,3190,-63
1595.48,00:02,3191,-88
1595.56,00:03,3191,-95
1595.6,00:04,3191,-63
1595.98,00:02,3192,-88
1596.07,00:03,3192,-95
1596.1,00:04,3192,-64
1596.48,00:02,3193,-88
1596.57,00:03,3193,-95
1596.6,00:04,3193,-64
1596.98,00:02,3194,-88
1597.06,00:03,3194,-95
1597.1,00:04,3194,-64
1597.48,00:02,3195,-89
1597.57,00:03,3195,-95
1597.6,00:04,3195,-65
1597.98,00:02,3196,-89
1598.07,00:03,3196,-95
1598.1,00:04,3196,-65
1598.48,00:02,3197,-89
1598.56,00:03,3197,-95
1598.6,00:04,3197,-65
1598.98,00:02,3198,-89
1599.06,00:03,3198,-95
1599.1,00:04,3198,-66
1599.48,00:02,3199,-89
1599.57,00:03,3199,-95
1599.6,00:04,3199,-66
1599.98,00:02,3200,-89
1600.07,00:03,3200,-95
1600.1,00:04,3200,-67
1600.48,00:02,3201,-89
1600.56,00:03,3201,-95
1600.6,00:04,3201,-67
1600.98,00:02,3202,-89
1601.06,00:03,3202,-95
1601.1,00:04,3202,-67
1601.48,00:02,3203,-89
1601.56,00:03,3203,-95
1601.6,00:04,3203,-68
1601.98,00:02,3204,-89
1602.07,00:03,3204,-95
1602.1,00:04,3204,-68
1602.48,00:02,3205,-89
1602.56,00:03,3205,-95
1602.6,00:04,3205,-68
1602.98,00:02,3206,-89
1603.06,00:03,3206,-95
1603.1,00:04,3206,-69
1603.48,00:02,3207,-89
1603.56,00:03,3207,-95
1603.6,00:04,3207,-69
1603.98,00:02,3208,-89
1604.07,00:03,3208,-94
1604.1,00:04,3208,-70
1604.48,00:02,3209,-89
1604.56,00:03,3209,-94
1604.6,00:04,3209,-70
1604.98,00:02,3210,-89
1605.06,00:03,3210,-94
1605.1,00:04,3210,-70
1605.48,00:02,3211,-89
1605.57,00:03,3211,-94
1605.6,00:04,3211,-71
1605.98,00:02,3212,-89
1606.06,00:03,3212,-94
1606.1,00:04,3212,-71
1606.48,00:02,3213,-89
1606.57,00:03,3213,-94
1606.6,00:04,3213,-71
1606.98,00:02,3214,-90
1607.06,00:03,3214,-101
1607.1,00:04,3214,-78
1607.48,00:02,3215,-97
1607.56,00:03,3215,-101
1607.6,00:04,3215,-79
1607.98,00:02,3216,-97
1608.06,00:03,3216,-101
1608.1,00:04,3216,-79
1608.48,00:02,3217,-97
1608.56,00:03,3217,-101
1608.6,00:04,3217,-79
1608.98,00:02,3218,-97
1609.06,00:03,3218,-101
1609.1,00:04,3218,-80
1609.48,00:02,3219,-97
1609.56,00:03,3219,-101
1609.6,00:04,3219,-80
1609.98,00:02,3220,-97
1610.06,00:03,3220,-101
1610.1,00:04,3220,-80
1610.48,00:02,3221,-97
1610.56,00:03,3221,-101
1610.6,00:04,3221,-81
1610.98,00:02,3222,-97
1611.07,00:03,3222,-101
1611.1,00:04,3222,-81
1611.48,00:02,3223,-97
1611.56,00:03,3223,-101
1611.6,00:04,3223,-81
1611.98,00:02,3224,-97
1612.07,00:03,3224,-101
1612.1,00:04,3224,-81
1612.48,00:02,3225,-97
1612.57,00:03,3225,-101
1612.6,00:04,3225,-82
1612.98,00:02,3226,-97
1613.06,00:03,3226,-101
1613.1,00:04,3226,-82
1613.48,00:02,3227,-97
1613.56,00:03,3227,-101
1613.6,00:04,3227,-82
1613.98,00:02,3228,-97
1614.07,00:03,3228,-101
1614.1,00:04,3228,-82
1614.48,00:02,3229,-97
1614.56,00:03,3229,-101
1614.6,00:04,3229,-83
1614.98,00:02,3230,-97
1615.07,00:03,3230,-101
1615.1,00:04,3230,-83
1615.48,00:02,3231,-97
1615.56,00:03,3231,-101
1615.6,00:04,3231,-83
1615.98,00:02,3232,-97
1616.06,00:03,3232,-101
1616.1,00:04,3232,-83
1616.48,00:02,3233,-98
1616.56,00:03,3233,-101
1616.6,00:04,3233,-84
1616.98,00:02,3234,-98
1617.07,00:03,3234,-101
1617.1,00:04,3234,-84
1617.48,00:02,3235,-98
1617.57,00:03,3235,-101
1617.6,00:04,3235,-84
1617.98,00:02,3236,-98
1618.06,00:03,3236,-101
1618.1,00:04,3236,-84
1618.48,00:02,3237,-98
1618.57,00:03,3237,-101
1618.6,00:04,3237,-84
1618.98,00:02,3238,-98
1619.07,00:03,3238,-101
1619.1,00:04,3238,-85
1619.48,00:02,3239,-98
1619.56,00:03,3239,-101
1619.6,00:04,3239,-85
1619.98,00:02,3240,-98
1620.07,00:03,3240,-101
1620.1,00:04,3240,-85
1620.48,00:02,3241,-98
1620.56,00:03,3241,-101
1620.6,00:04,3241,-85
1620.98,00:02,3242,-98
1621.07,00:03,3242,-101
1621.1,00:04,3242,-86
1621.48,00:02,3243,-98
1621.57,00:03,3243,-101
1621.6,00:04,3243,-86
1621.98,00:02,3244,-98
1622.06,00:03,3244,-101
1622.1,00:04,3244,-86
1622.48,00:02,3245,-98
1622.57,00:03,3245,-101
1622.6,00:04,3245,-86
1622.98,00:02,3246,-98
1623.07,00:03,3246,-94
1623.1,00:04,3246,-79
1623.48,00:02,3247,-91
1623.57,00:03,3247,-94
1623.6,00:04,3247,-80
1623.98,00:02,3248,-91
1624.07,00:03,3248,-94
1624.1,00:04,3248,-80
1624.48,00:02,3249,-91
1624.56,00:03,3249,-94
1624.6,00:04,3249,-80
1624.98,00:02,3250,-91
1625.06,00:03,3250,-94
1625.1,00:04,3250,-80
1625.48,00:02,3251,-91
1625.57,00:03,3251,-94
1625.6,00:04,3251,-80
1625.98,00:02,3252,-91
1626.07,00:03,3252,-94
1626.1,00:04,3252,-80
1626.48,00:02,3253,-92
1626.57,00:03,3253,-94
1626.6,00:04,3253,-80
1626.98,00:02,3254,-92
1627.06,00:03,3254,-94
1627.1,00:04,3254,-80
1627.48,00:02,3255,-92
1627.56,00:03,3255,-94
1627.6,00:04,3255,-80
1627.98,00:02,3256,-92
1628.06,00:03,3256,-94
1628.1,00:04,3256,-80
1628.48,00:02,3257,-92
1628.56,00:03,3257,-94
1628.6,00:04,3257,-80
1628.98,00:02,3258,-92
1629.06,00:03,3258,-95
1629.1,00:04,3258,-80
1629.48,00:02,3259,-92
1629.56,00:03,3259,-95
1629.6,00:04,3259,-80
1629.98,00:02,3260,-92
1630.06,00:03,3260,-95
1630.1,00:04,3260,-80
1630.48,00:02,3261,-92
1630.57,00:03,3261,-95
1630.6,00:04,3261,-80
1630.98,00:02,3262,-92
1631.07,00:03,3262,-95
1631.1,00:04,3262,-80
1631.48,00:02,3263,-92
1631.56,00:03,3263,-95
1631.6,00:04,3263,-80
1631.98,00:02,3264,-92
1632.07,00:03,3264,-95
1632.1,00:04,3264,-80
1632.48,00:02,3265,-92
1632.57,00:03,3265,-95
1632.6,00:04,3265,-80
1632.98,00:02,3266,-92
1633.07,00:03,3266,-95
1633.1,00:04,3266,-80
1633.48,00:02,3267,-92
1633.57,00:03,3267,-95
1633.6,00:04,3267,-80
1633.98,00:02,3268,-92
1634.07,00:03,3268,-95
1634.1,00:04,3268,-79
1634.48,00:02,3269,-92
1634.57,00:03,3269,-95
1634.6,00:04,3269,-79
1634.98,00:02,3270,-92
1635.06,00:03,3270,-95
1635.1,00:04,3270,-79
1635.48,00:02,3271,-92
1635.57,00:03,3271,-95
1635.6,00:04,3271,-79
1635.98,00:02,3272,-92
1636.06,00:03,3272,-95
1636.1,00:04,3272,-79
1636.48,00:02,3273,-92
1636.57,00:03,3273,-95
1636.6,00:04,3273,-78
1636.98,00:02,3274,-91
1637.07,00:03,3274,-95
1637.1,00:04,3274,-78
1637.48,00:02,3275,-91
1637.57,00:03,3275,-95
1637.6,00:04,3275,-78
1637.98,00:02,3276,-91
1638.06,00:03,3276,-95
1638.1,00:04,3276,-78
1638.48,00:02,3277,-91
1638.56,00:03,3277,-95
1638.6,00:04,3277,-78
1638.98,00:02,3278,-91
1639.06,00:03,3278,-95
1639.1,00:04,3278,-77
1639.48,00:02,3279,-91
1639.57,00:03,3279,-95
1639.6,00:04,3279,-77
1639.98,00:02,3280,-91
1640.07,00:03,3280,-95
1640.1,00:04,3280,-77
1640.48,00:02,3281,-91
1640.56,00:03,3281,-95
1640.6,00:04,3281,-77
1640.98,00:02,3282,-91
1641.06,00:03,3282,-95
1641.1,00:04,3282,-76
1641.48,00:02,3283,-91
1641.57,00:03,3283,-95
1641.6,00:04,3283,-76
1641.98,00:02,3284,-91
1642.06,00:03,3284,-95
1642.1,00:04,3284,-76
1642.48,00:02,3285,-91
1642.57,00:03,3285,-95
1642.6,00:04,3285,-76
1642.98,00:02,3286,-91
1643.06,00:03,3286,-95
1643.1,00:04,3286,-75
1643.48,00:02,3287,-91
1643.57,00:03,3287,-95
1643.6,00:04,3287,-75
1643.98,00:02,3288,-91
1644.06,00:03,3288,-95
1644.1,00:04,3288,-75
1644.48,00:02,3289,-91
1644.56,00:03,3289,-95
1644.6,00:04,3289,-75
1644.98,00:02,3290,-91
1645.07,00:03,3290,-95
1645.1,00:04,3290,-74
1645.48,00:02,3291,-91
1645.57,00:03,3291,-95
1645.6,00:04,3291,-74
1645.98,00:02,3292,-91
1646.06,00:03,3292,-95
1646.1,00:04,3292,-74
1646.48,00:02,3293,-91
1646.57,00:03,3293,-95
1646.6,00:04,3293,-74
1646.98,00:02,3294,-91
1647.06,00:03,3294,-95
1647.1,00:04,3294,-73
1647.48,00:02,3295,-90
1647.56,00:03,3295,-95
1647.6,00:04,3295,-73
1647.98,00:02,3296,-90
1648.06,00:03,3296,-95
1648.1,00:04,3296,-73
1648.48,00:02,3297,-90
1648.56,00:03,3297,-95
1648.6,00:04,3297,-72
1648.98,00:02,3298,-90
1649.06,00:03,3298,-95
1649.1,00:04,3298,-72
1649.48,00:02,3299,-90
1649.57,00:03,3299,-95
1649.6,00:04,3299,-72
1649.98,00:02,3300,-90
1650.06,00:03,3300,-95
1650.1,00:04,3300,-71
1650.48,00:02,3301,-90
1650.57,00:03,3301,-95
1650.6,00:04,3301,-71
1650.98,00:02,3302,-90
1651.06,00:03,3302,-95
1651.1,00:04,3302,-71
1651.48,00:02,3303,-90
1651.57,00:03,3303,-95
1651.6,00:04,3303,-70
1651.98,00:02,3304,-90
1652.07,00:03,3304,-95
1652.1,00:04,3304,-70
1652.48,00:02,3305,-90
1652.56,00:03,3305,-95
1652.6,00:04,3305,-70
1652.98,00:02,3306,-90
1653.06,00:03,3306,-95
1653.1,00:04,3306,-69
1653.48,00:02,3307,-90
1653.56,00:03,3307,-95
1653.6,00:04,3307,-69
1653.98,00:02,3308,-90
1654.06,00:03,3308,-95
1654.1,00:04,3308,-69
1654.48,00:02,3309,-90
1654.56,00:03,3309,-95
1654.6,00:04,3309,-68
1654.98,00:02,3310,-90
1655.07,00:03,3310,-95
1655.1,00:04,3310,-68
1655.48,00:02,3311,-90
1655.56,00:03,3311,-96
1655.6,00:04,3311,-68
1655.98,00:02,3312,-90
1656.06,00:03,3312,-96
1656.1,00:04,3312,-67
1656.48,00:02,3313,-90
1656.56,00:03,3313,-96
1656.6,00:04,3313,-67
1656.98,00:02,3314,-90
1657.06,00:03,3314,-96
1657.1,00:04,3314,-66
1657.48,00:02,3315,-90
1657.57,00:03,3315,-96
1657.6,00:04,3315,-66
1657.98,00:02,3316,-89
1658.07,00:03,3316,-96
1658.1,00:04,3316,-65
1658.48,00:02,3317,-89
1658.57,00:03,3317,-96
1658.6,00:04,3317,-65
1658.98,00:02,3318,-89
1659.06,00:03,3318,-96
1659.1,00:04,3318,-65
1659.48,00:02,3319,-89
1659.56,00:03,3319,-96
1659.6,00:04,3319,-64
1659.98,00:02,3320,-89
1660.06,00:03,3320,-96
1660.1,00:04,3320,-64
1660.48,00:02,3321,-89
1660.56,00:03,3321,-96
1660.6,00:04,3321,-64
1660.98,00:02,3322,-89
1661.06,00:03,3322,-96
1661.1,00:04,3322,-63
1661.48,00:02,3323,-89
1661.56,00:03,3323,-96
1661.6,00:04,3323,-63
1661.98,00:02,3324,-89
1662.06,00:03,3324,-96
1662.1,00:04,3324,-63
1662.48,00:02,3325,-89
1662.57,00:03,3325,-96
1662.6,00:04,3325,-62
1662.98,00:02,3326,-89
1663.07,00:03,3326,-96
1663.1,00:04,3326,-62
1663.48,00:02,3327,-89
1663.57,00:03,3327,-96
1663.6,00:04,3327,-62
1663.98,00:02,3328,-89
1664.06,00:03,3328,-96
1664.1,00:04,3328,-61
1664.48,00:02,3329,-89
1664.56,00:03,3329,-96
1664.6,00:04,3329,-61
1664.98,00:02,3330,-89
1665.06,00:03,3330,-96
1665.1,00:04,3330,-61
1665.48,00:02,3331,-89
1665.57,00:03,3331,-96
1665.6,00:04,3331,-60
1665.98,00:02,3332,-89
1666.07,00:03,3332,-96
1666.1,00:04,3332,-60
1666.48,00:02,3333,-89
1666.56,00:03,3333,-96
1666.6,00:04,3333,-59
1666.98,00:02,3334,-89
1667.06,00:03,3334,-96
1667.1,00:04,3334,-59
1667.48,00:02,3335,-89
1667.56,00:03,3335,-96
1667.6,00:04,3335,-58
1667.98,00:02,3336,-89
1668.07,00:03,3336,-96
1668.1,00:04,3336,-58
1668.48,00:02,3337,-89
1668.56,00:03,3337,-96
1668.6,00:04,3337,-58
1668.98,00:02,3338,-88
1669.06,00:03,3338,-96
1669.1,00:04,3338,-57
1669.48,00:02,3339,-88
1669.57,00:03,3339,-96
1669.6,00:04,3339,-56
1669.98,00:02,3340,-88
1670.06,00:03,3340,-96
1670.1,00:04,3340,-56
1670.48,00:02,3341,-88
1670.56,00:03,3341,-96
1670.6,00:04,3341,-55
1670.98,00:02,3342,-88
1671.07,00:03,3342,-96
1671.1,00:04,3342,-55
1671.48,00:02,3343,-88
1671.57,00:03,3343,-97
1671.6,00:04,3343,-54
1671.98,00:02,3344,-88
1672.07,00:03,3344,-97
1672.1,00:04,3344,-53
1672.48,00:02,3345,-88
1672.57,00:03,3345,-97
1672.6,00:04,3345,-52
1672.98,00:02,3346,-88
1673.07,00:03,3346,-97
1673.1,00:04,3346,-52
1673.48,00:02,3347,-88
1673.57,00:03,3347,-97
1673.6,00:04,3347,-51
1673.98,00:02,3348,-88
1674.07,00:03,3348,-97
1674.1,00:04,3348,-50
1674.48,00:02,3349,-88
1674.57,00:03,3349,-97
1674.6,00:04,3349,-49
1674.98,00:02,3350,-88
1675.07,00:03,3350,-97
1675.1,00:04,3350,-49
1675.48,00:02,3351,-88
1675.57,00:03,3351,-97
1675.6,00:04,3351,-48
1675.98,00:02,3352,-88
1676.07,00:03,3352,-97
1676.1,00:04,3352,-47
1676.48,00:02,3353,-88
1676.56,00:03,3353,-97
1676.59,00:04,3353,-47
1676.98,00:02,3354,-88
1677.06,00:03,3354,-97
1677.1,00:04,3354,-47
1677.48,00:02,3355,-88
1677.56,00:03,3355,-97
1677.6,00:04,3355,-47
1677.98,00:02,3356,-88
1678.06,00:03,3356,-97
1678.1,00:04,3356,-47
1678.48,00:02,3357,-88
1678.56,00:03,3357,-97
1678.6,00:04,3357,-48
1678.98,00:02,3358,-88
1679.06,00:03,3358,-97
1679.1,00:04,3358,-49
1679.48,00:02,3359,-88
1679.56,00:03,3359,-97
1679.6,00:04,3359,-50
1679.98,00:02,3360,-88
1680.07,00:03,3360,-97
1680.1,00:04,3360,-50
1680.48,00:02,3361,-88
1680.57,00:03,3361,-97
1680.6,00:04,3361,-51
1680.98,00:02,3362,-87
1681.07,00:03,3362,-97
1681.1,00:04,3362,-52
1681.48,00:02,3363,-87
1681.57,00:03,3363,-97
1681.6,00:04,3363,-53
1681.98,00:02,3364,-87
1682.07,00:03,3364,-97
1682.1,00:04,3364,-53
1682.48,00:02,3365,-87
1682.56,00:03,3365,-97
1682.6,00:04,3365,-54
1682.98,00:02,3366,-87
1683.07,00:03,3366,-97
1683.1,00:04,3366,-55
1683.48,00:02,3367,-87
1683.57,00:03,3367,-97
1683.6,00:04,3367,-55
1683.98,00:02,3368,-87
1684.07,00:03,3368,-98
1684.1,00:04,3368,-56
1684.48,00:02,3369,-87
1684.57,00:03,3369,-98
1684.6,00:04,3369,-57
1684.98,00:02,3370,-87
1685.07,00:03,3370,-98
1685.1,00:04,3370,-57
1685.48,00:02,3371,-87
1685.57,00:03,3371,-98
1685.6,00:04,3371,-58
1685.98,00:02,3372,-87
1686.07,00:03,3372,-98
1686.1,00:04,3372,-58
1686.48,00:02,3373,-87
1686.56,00:03,3373,-98
1686.6,00:04,3373,-59
1686.98,00:02,3374,-87
1687.07,00:03,3374,-98
1687.1,00:04,3374,-59
1687.48,00:02,3375,-87
1687.57,00:03,3375,-98
1687.6,00:04,3375,-60
1687.98,00:02,3376,-87
1688.06,00:03,3376,-98
1688.1,00:04,3376,-60
1688.48,00:02,3377,-87
1688.56,00:03,3377,-98
1688.6,00:04,3377,-60
1688.98,00:02,3378,-87
1689.06,00:03,3378,-98
1689.1,00:04,3378,-61
1689.48,00:02,3379,-87
1689.56,00:03,3379,-98
1689.6,00:04,3379,-61
1689.98,00:02,3380,-87
1690.06,00:03,3380,-98
1690.1,00:04,3380,-62
1690.48,00:02,3381,-87
1690.56,00:03,3381,-98
1690.6,00:04,3381,-62
1690.98,00:02,3382,-87
1691.06,00:03,3382,-98
1691.1,00:04,3382,-62
1691.48,00:02,3383,-87
1691.56,00:03,3383,-98
1691.6,00:04,3383,-63
1691.98,00:02,3384,-87
1692.07,00:03,3384,-98
1692.1,00:04,3384,-63
1692.48,00:02,3385,-87
1692.57,00:03,3385,-98
1692.6,00:04,3385,-63
1692.98,00:02,3386,-87
1693.07,00:03,3386,-98
1693.1,00:04,3386,-63
1693.48,00:02,3387,-87
1693.56,00:03,3387,-98
1693.6,00:04,3387,-64
1693.98,00:02,3388,-87
1694.06,00:03,3388,-98
1694.1,00:04,3388,-64
1694.48,00:02,3389,-87
1694.57,00:03,3389,-98
1694.6,00:04,3389,-64
1694.98,00:02,3390,-87
1695.07,00:03,3390,-99
1695.1,00:04,3390,-65
1695.48,00:02,3391,-87
1695.56,00:03,3391,-99
1695.6,00:04,3391,-65
1695.98,00:02,3392,-86
1696.07,00:03,3392,-99
1696.1,00:04,3392,-66
1696.48,00:02,3393,-86
1696.57,00:03,3393,-99
1696.6,00:04,3393,-66
1696.98,00:02,3394,-86
1697.06,00:03,3394,-99
1697.1,00:04,3394,-66
1697.48,00:02,3395,-86
1697.56,00:03,3395,-99
1697.6,00:04,3395,-67
1697.98,00:02,3396,-86
1698.06,00:03,3396,-99
1698.1,00:04,3396,-67
1698.48,00:02,3397,-86
1698.56,00:03,3397,-99
1698.6,00:04,3397,-68
1698.98,00:02,3398,-86
1699.06,00:03,3398,-99
1699.1,00:04,3398,-68
1699.48,00:02,3399,-86
1699.56,00:03,3399,-99
1699.6,00:04,3399,-68
1699.98,00:02,3400,-86
1700.06,00:03,3400,-99
1700.1,00:04,3400,-69
1700.48,00:02,3401,-86
1700.57,00:03,3401,-99
1700.6,00:04,3401,-69
1700.98,00:02,3402,-86
1701.06,00:03,3402,-99
1701.1,00:04,3402,-70
1701.48,00:02,3403,-86
1701.57,00:03,3403,-99
1701.6,00:04,3403,-70
1701.98,00:02,3404,-86
1702.06,00:03,3404,-99
1702.1,00:04,3404,-70
1702.48,00:02,3405,-86
1702.57,00:03,3405,-99
1702.6,00:04,3405,-71
1702.98,00:02,3406,-86
1703.06,00:03,3406,-99
1703.1,00:04,3406,-71
1703.48,00:02,3407,-86
1703.57,00:03,3407,-99
1703.6,00:04,3407,-71
1703.98,00:02,3408,-86
1704.07,00:03,3408,-99
1704.1,00:04,3408,-72
1704.48,00:02,3409,-86
1704.56,00:03,3409,-99
1704.6,00:04,3409,-72
1704.98,00:02,3410,-86
1705.06,00:03,3410,-99
1705.1,00:04,3410,-72
1705.48,00:02,3411,-86
1705.57,00:03,3411,-100
1705.6,00:04,3411,-72
1705.98,00:02,3412,-86
1706.06,00:03,3412,-100
1706.1,00:04,3412,-73
1706.48,00:02,3413,-86
1706.57,00:03,3413,-100
1706.6,00:04,3413,-73
1706.98,00:02,3414,-86
1707.06,00:03,3414,-100
1707.1,00:04,3414,-73
1707.48,00:02,3415,-86
1707.57,00:03,3415,-100
1707.6,00:04,3415,-74
1707.98,00:02,3416,-86
1708.07,00:03,3416,-100
1708.1,00:04,3416,-74
1708.48,00:02,3417,-86
1708.57,00:03,3417,-100
1708.6,00:04,3417,-74
1708.98,00:02,3418,-86
1709.07,00:03,3418,-100
1709.1,00:04,3418,-74
1709.48,00:02,3419,-86
1709.57,00:03,3419,-100
1709.6,00:04,3419,-75
1709.98,00:02,3420,-86
1710.06,00:03,3420,-100
1710.1,00:04,3420,-75
1710.48,00:02,3421,-86
1710.57,00:03,3421,-100
1710.6,00:04,3421,-75
1710.98,00:02,3422,-86
1711.07,00:03,3422,-100
1711.1,00:04,3422,-76
1711.48,00:02,3423,-86
1711.56,00:03,3423,-100
1711.6,00:04,3423,-76
1711.98,00:02,3424,-86
1712.07,00:03,3424,-100
1712.1,00:04,3424,-76
1712.48,00:02,3425,-86
1712.56,00:03,3425,-100
1712.6,00:04,3425,-76
1712.98,00:02,3426,-86
1713.06,00:03,3426,-100
1713.1,00:04,3426,-77
1713.48,00:02,3427,-86
1713.56,00:03,3427,-100
1713.6,00:04,3427,-77
1713.98,00:02,3428,-86
1714.07,00:03,3428,-100
1714.1,00:04,3428,-77
1714.48,00:02,3429,-86
1714.57,00:03,3429,-100
1714.6,00:04,3429,-77
1714.98,00:02,3430,-86
1715.07,00:03,3430,-100
1715.1,00:04,3430,-77
1715.48,00:02,3431,-86
1715.57,00:03,3431,-100
1715.6,00:04,3431,-78
1715.98,00:02,3432,-86
1716.07,00:03,3432,-101
1716.1,00:04,3432,-78
1716.48,00:02,3433,-86
1716.57,00:03,3433,-101
1716.6,00:04,3433,-78
1716.98,00:02,3434,-86
1717.06,00:03,3434,-101
1717.1,00:04,3434,-78
1717.48,00:02,3435,-86
1717.57,00:03,3435,-101
1717.6,00:04,3435,-79
1717.98,00:02,3436,-86
1718.06,00:03,3436,-101
1718.1,00:04,3436,-79
1718.48,00:02,3437,-86
1718.56,00:03,3437,-101
1718.6,00:04,3437,-79
1718.98,00:02,3438,-86
1719.06,00:03,3438,-101
1719.1,00:04,3438,-79
1719.48,00:02,3439,-86
1719.56,00:03,3439,-101
1719.6,00:04,3439,-79
1719.98,00:02,3440,-86
1720.07,00:03,3440,-101
1720.1,00:04,3440,-80
1720.48,00:02,3441,-86
1720.57,00:03,3441,-101
1720.6,00:04,3441,-80
1720.98,00:02,3442,-86
1721.06,00:03,3442,-101
1721.1,00:04,3442,-80
1721.48,00:02,3443,-86
1721.57,00:03,3443,-101
1721.6,00:04,3443,-80
1721.98,00:02,3444,-86
