Time_s,Src_MAC,Seq_Num,RSSI_dBm
0.00547358,00:02,0,-60
0.0564016,00:03,0,-90
0.104662,00:04,0,-98
0.504248,00:02,1,-60
0.554906,00:03,1,-90
0.606232,00:04,1,-98
1.00476,00:02,2,-61
1.05423,00:03,2,-90
1.1068,00:04,2,-98
1.50577,00:02,3,-61
1.55473,00:03,3,-90
1.60562,00:04,3,-98
2.00574,00:02,4,-61
2.05574,00:03,4,-90
2.10432,00:04,4,-98
2.50642,00:02,5,-62
2.55489,00:03,5,-90
2.60558,00:04,5,-98
3.00516,00:02,6,-63
3.05611,00:03,6,-89
3.10597,00:04,6,-98
3.50295,00:02,7,-63
3.55609,00:03,7,-89
3.60553,00:04,7,-98
4.00442,00:02,8,-64
4.05479,00:03,8,-89
4.10615,00:04,8,-98
4.50694,00:02,9,-65
4.55394,00:03,9,-89
4.60488,00:04,9,-98
5.00497,00:02,10,-65
5.05474,00:03,10,-89
5.10513,00:04,10,-98
5.50483,00:02,11,-66
5.55514,00:03,11,-89
5.60549,00:04,11,-98
6.00513,00:02,12,-66
6.05369,00:03,12,-89
6.10479,00:04,12,-98
6.503,00:02,13,-67
6.55412,00:03,13,-89
6.60495,00:04,13,-98
7.00626,00:02,14,-68
7.05445,00:03,14,-89
7.10654,00:04,14,-98
7.50511,00:02,15,-68
7.55674,00:03,15,-89
7.6051,00:04,15,-98
8.00651,00:02,16,-69
8.05506,00:03,16,-88
8.10389,00:04,16,-98
8.50498,00:02,17,-69
8.55566,00:03,17,-88
8.60654,00:04,17,-98
9.00399,00:02,18,-70
9.0539,00:03,18,-88
9.10721,00:04,18,-98
9.50617,00:02,19,-70
9.55435,00:03,19,-88
9.60559,00:04,19,-98
10.0052,00:02,20,-70
10.0541,00:03,20,-88
10.1052,00:04,20,-98
10.5054,00:02,21,-71
10.5532,00:03,21,-88
10.6053,00:04,21,-98
11.0045,00:02,22,-71
11.0546,00:03,22,-88
11.1038,00:04,22,-98
11.5054,00:02,23,-72
11.5544,00:03,23,-88
11.607,00:04,23,-98
12.0056,00:02,24,-72
12.054,00:03,24,-88
12.1037,00:04,24,-98
12.5053,00:02,25,-72
12.556,00:03,25,-87
12.6058,00:04,25,-98
13.0043,00:02,26,-73
13.0567,00:03,26,-87
13.1057,00:04,26,-98
13.5032,00:02,27,-73
13.5537,00:03,27,-87
13.6044,00:04,27,-97
14.0038,00:02,28,-73
14.0533,00:03,28,-87
14.1062,00:04,28,-97
14.506,00:02,29,-74
14.5541,00:03,29,-87
14.6042,00:04,29,-97
15.0069,00:02,30,-74
15.0541,00:03,30,-87
15.1064,00:04,30,-97
15.5056,00:02,31,-74
15.556,00:03,31,-87
15.6063,00:04,31,-97
16.0049,00:02,32,-75
16.0549,00:03,32,-87
16.1043,00:04,32,-97
16.5052,00:02,33,-75
16.5532,00:03,33,-87
16.6033,00:04,33,-97
17.0049,00:02,34,-75
17.0538,00:03,34,-86
17.1057,00:04,34,-97
17.5052,00:02,35,-76
17.5554,00:03,35,-86
17.6055,00:04,35,-97
18.0053,00:02,36,-76
18.0548,00:03,36,-86
18.1061,00:04,36,-97
18.5063,00:02,37,-76
18.5544,00:03,37,-86
18.6058,00:04,37,-97
19.0045,00:02,38,-77
19.0572,00:03,38,-86
19.1051,00:04,38,-97
19.5051,00:02,39,-77
19.5539,00:03,39,-86
19.6058,00:04,39,-97
20.0042,00:02,40,-78
20.0553,00:03,40,-86
20.105,00:04,40,-97
20.5044,00:02,41,-78
20.5551,00:03,41,-86
20.6035,00:04,41,-97
21.0037,00:02,42,-79
21.0561,00:03,42,-85
21.1066,00:04,42,-97
21.507,00:02,43,-79
21.555,00:03,43,-85
21.6038,00:04,43,-97
22.0056,00:02,44,-79
22.0556,00:03,44,-85
22.1072,00:04,44,-97
22.505,00:02,45,-80
22.5541,00:03,45,-85
22.6051,00:04,45,-97
23.0066,00:02,46,-80
23.054,00:03,46,-85
23.1038,00:04,46,-97
23.504,00:02,47,-80
23.555,00:03,47,-85
23.6051,00:04,47,-97
24.0061,00:02,48,-81
24.0541,00:03,48,-85
24.1054,00:04,48,-97
24.5042,00:02,49,-81
24.5559,00:03,49,-85
24.6047,00:04,49,-97
25.005,00:02,50,-81
25.0551,00:03,50,-84
25.1036,00:04,50,-97
25.5052,00:02,51,-82
25.5531,00:03,51,-84
25.6035,00:04,51,-97
26.0042,00:02,52,-82
26.0566,00:03,52,-84
26.104,00:04,52,-97
26.5061,00:02,53,-82
26.5543,00:03,53,-84
26.6044,00:04,53,-97
27.004,00:02,54,-83
27.0558,00:03,54,-84
27.1049,00:04,54,-97
27.5052,00:02,55,-83
27.5542,00:03,55,-84
27.6042,00:04,55,-97
28.0063,00:02,56,-83
28.0555,00:03,56,-84
28.1036,00:04,56,-97
28.506,00:02,57,-84
28.555,00:03,57,-83
28.6049,00:04,57,-97
29.0054,00:02,58,-84
29.0551,00:03,58,-83
29.1055,00:04,58,-97
29.5049,00:02,59,-84
29.5556,00:03,59,-83
29.6048,00:04,59,-97
30.0069,00:02,60,-85
30.054,00:03,60,-83
30.1048,00:04,60,-97
30.5054,00:02,61,-85
30.5544,00:03,61,-83
30.6065,00:04,61,-97
31.0041,00:02,62,-85
31.0556,00:03,62,-83
31.1055,00:04,62,-97
31.5045,00:02,63,-85
31.555,00:03,63,-83
31.604,00:04,63,-97
32.0065,00:02,64,-86
32.0561,00:03,64,-82
32.1057,00:04,64,-97
32.5055,00:02,65,-86
32.5537,00:03,65,-82
32.605,00:04,65,-97
33.0029,00:02,66,-86
33.054,00:03,66,-82
33.1044,00:04,66,-97
33.5042,00:02,67,-86
33.5546,00:03,67,-82
33.605,00:04,67,-97
34.0052,00:02,68,-87
34.0555,00:03,68,-82
34.1047,00:04,68,-97
34.5048,00:02,69,-87
34.5555,00:03,69,-82
34.6065,00:04,69,-97
35.0044,00:02,70,-87
35.056,00:03,70,-82
35.1043,00:04,70,-97
35.5038,00:02,71,-87
35.5558,00:03,71,-81
35.6051,00:04,71,-97
36.0043,00:02,72,-88
36.0563,00:03,72,-81
36.1054,00:04,72,-97
36.5056,00:02,73,-88
36.5558,00:03,73,-81
36.6044,00:04,73,-97
37.0051,00:02,74,-88
37.054,00:03,74,-81
37.1069,00:04,74,-97
37.5054,00:02,75,-88
37.5547,00:03,75,-81
37.6045,00:04,75,-96
38.0035,00:02,76,-89
38.0546,00:03,76,-81
38.1055,00:04,76,-96
38.5047,00:02,77,-89
38.5561,00:03,77,-80
38.6046,00:04,77,-96
39.0046,00:02,78,-89
39.0558,00:03,78,-80
39.1051,00:04,78,-96
39.5052,00:02,79,-89
39.5561,00:03,79,-80
39.607,00:04,79,-96
40.0039,00:02,80,-90
40.0548,00:03,80,-80
40.1033,00:04,80,-96
40.5054,00:02,81,-90
40.5544,00:03,81,-80
40.6044,00:04,81,-96
41.0044,00:02,82,-90
41.0535,00:03,82,-80
41.1062,00:04,82,-96
41.5055,00:02,83,-90
41.5541,00:03,83,-79
41.6048,00:04,83,-96
42.0065,00:02,84,-90
42.0553,00:03,84,-79
42.1049,00:04,84,-96
42.5055,00:02,85,-91
42.5553,00:03,85,-79
42.6053,00:04,85,-96
43.0032,00:02,86,-91
43.056,00:03,86,-79
43.1059,00:04,86,-96
43.5061,00:02,87,-91
43.5546,00:03,87,-79
43.6044,00:04,87,-96
44.0042,00:02,88,-91
44.0558,00:03,88,-78
44.1054,00:04,88,-96
44.5056,00:02,89,-91
44.5554,00:03,89,-78
44.607,00:04,89,-96
45.0032,00:02,90,-92
45.054,00:03,90,-78
45.1048,00:04,90,-96
45.5037,00:02,91,-92
45.5555,00:03,91,-78
45.6059,00:04,91,-96
46.0065,00:02,92,-92
46.0547,00:03,92,-78
46.1068,00:04,92,-96
46.5049,00:02,93,-92
46.5563,00:03,93,-77
46.6059,00:04,93,-96
47.004,00:02,94,-92
47.0534,00:03,94,-77
47.1047,00:04,94,-96
47.5047,00:02,95,-92
47.5547,00:03,95,-77
47.6041,00:04,95,-96
48.0044,00:02,96,-93
48.0556,00:03,96,-77
48.107,00:04,96,-96
48.5041,00:02,97,-93
48.5551,00:03,97,-77
48.6052,00:04,97,-96
49.0044,00:02,98,-93
49.0556,00:03,98,-76
49.1046,00:04,98,-96
49.5057,00:02,99,-93
49.5543,00:03,99,-76
49.6058,00:04,99,-96
50.0058,00:02,100,-93
50.0557,00:03,100,-76
50.1068,00:04,100,-96
50.5045,00:02,101,-94
50.5568,00:03,101,-76
50.6057,00:04,101,-96
51.0041,00:02,102,-94
51.055,00:03,102,-76
51.1039,00:04,102,-96
51.5061,00:02,103,-94
51.5545,00:03,103,-75
51.6056,00:04,103,-96
52.0054,00:02,104,-94
52.057,00:03,104,-75
52.1057,00:04,104,-96
52.5063,00:02,105,-94
52.5554,00:03,105,-75
52.605,00:04,105,-96
53.0051,00:02,106,-94
53.0541,00:03,106,-75
53.1058,00:04,106,-97
53.505,00:02,107,-95
53.555,00:03,107,-74
53.6069,00:04,107,-97
54.0071,00:02,108,-95
54.0545,00:03,108,-74
54.1053,00:04,108,-97
54.5052,00:02,109,-95
54.5552,00:03,109,-74
54.6054,00:04,109,-97
55.0042,00:02,110,-95
55.0552,00:03,110,-74
55.104,00:04,110,-97
55.5041,00:02,111,-95
55.5566,00:03,111,-73
55.6057,00:04,111,-97
56.005,00:02,112,-95
56.0559,00:03,112,-73
56.105,00:04,112,-97
56.5043,00:02,113,-95
56.5541,00:03,113,-73
56.6049,00:04,113,-97
57.0052,00:02,114,-96
57.0564,00:03,114,-73
57.1031,00:04,114,-97
57.5061,00:02,115,-96
57.5554,00:03,115,-72
57.6046,00:04,115,-97
58.0067,00:02,116,-96
58.056,00:03,116,-72
58.1051,00:04,116,-97
58.5038,00:02,117,-96
58.555,00:03,117,-72
58.6046,00:04,117,-97
59.0046,00:02,118,-96
59.0551,00:03,118,-72
59.1047,00:04,118,-97
59.5036,00:02,119,-96
59.5564,00:03,119,-71
59.6056,00:04,119,-97
60.0051,00:02,120,-97
60.0567,00:03,120,-71
60.1055,00:04,120,-97
60.5059,00:02,121,-97
60.5544,00:03,121,-71
60.6056,00:04,121,-97
61.005,00:02,122,-97
61.0566,00:03,122,-71
61.1051,00:04,122,-97
61.506,00:02,123,-97
61.5552,00:03,123,-70
61.6059,00:04,123,-97
62.005,00:02,124,-97
62.0542,00:03,124,-70
62.1069,00:04,124,-97
62.5037,00:02,125,-97
62.557,00:03,125,-70
62.6041,00:04,125,-97
63.0063,00:02,126,-97
63.0559,00:03,126,-69
63.1048,00:04,126,-97
63.5067,00:02,127,-98
63.5567,00:03,127,-69
63.605,00:04,127,-97
64.005,00:02,128,-98
64.0563,00:03,128,-69
64.1066,00:04,128,-97
64.5033,00:02,129,-98
64.5545,00:03,129,-68
64.6063,00:04,129,-97
65.0055,00:02,130,-98
65.0561,00:03,130,-68
65.1049,00:04,130,-97
65.5055,00:02,131,-98
65.5555,00:03,131,-68
65.6045,00:04,131,-97
66.007,00:02,132,-98
66.054,00:03,132,-67
66.1072,00:04,132,-97
66.5035,00:02,133,-98
66.5553,00:03,133,-67
66.6046,00:04,133,-97
67.006,00:02,134,-98
67.0571,00:03,134,-67
67.1064,00:04,134,-97
67.5038,00:02,135,-99
67.5564,00:03,135,-66
67.604,00:04,135,-97
68.0055,00:02,136,-99
68.056,00:03,136,-66
68.1055,00:04,136,-97
68.5046,00:02,137,-99
68.5556,00:03,137,-65
68.6054,00:04,137,-97
69.0056,00:02,138,-99
69.0562,00:03,138,-65
69.1042,00:04,138,-97
69.5049,00:02,139,-99
69.5556,00:03,139,-65
69.6053,00:04,139,-97
70.0047,00:02,140,-99
70.0556,00:03,140,-64
70.1057,00:04,140,-97
70.5052,00:02,141,-99
70.5544,00:03,141,-64
70.6056,00:04,141,-97
71.0053,00:02,142,-99
71.0555,00:03,142,-63
71.1037,00:04,142,-97
71.5055,00:02,143,-100
71.5538,00:03,143,-63
71.6059,00:04,143,-97
72.0048,00:02,144,-100
72.0552,00:03,144,-62
72.106,00:04,144,-97
72.5069,00:02,145,-100
72.5541,00:03,145,-62
72.6035,00:04,145,-97
73.0053,00:02,146,-100
73.0557,00:03,146,-62
73.104,00:04,146,-97
73.5045,00:02,147,-100
73.5548,00:03,147,-61
73.6048,00:04,147,-97
74.0043,00:02,148,-100
74.0571,00:03,148,-61
74.1049,00:04,148,-97
74.5037,00:02,149,-100
74.5544,00:03,149,-61
74.6062,00:04,149,-97
75.0047,00:02,150,-100
75.0539,00:03,150,-61
75.1068,00:04,150,-97
75.505,00:02,151,-101
75.5558,00:03,151,-60
75.6052,00:04,151,-97
76.0056,00:02,152,-101
76.0554,00:03,152,-60
76.1045,00:04,152,-97
76.5036,00:02,153,-101
76.5561,00:03,153,-60
76.6057,00:04,153,-98
77.005,00:02,154,-101
77.0554,00:03,154,-59
77.1064,00:04,154,-98
77.5053,00:02,155,-101
77.5534,00:03,155,-59
77.6055,00:04,155,-98
78.0043,00:02,156,-101
78.0562,00:03,156,-59
78.1057,00:04,156,-98
78.5031,00:02,157,-101
78.5538,00:03,157,-58
78.6043,00:04,157,-98
79.0053,00:02,158,-101
79.0566,00:03,158,-58
79.1042,00:04,158,-98
79.5053,00:02,159,-101
79.5566,00:03,159,-57
79.6067,00:04,159,-98
80.0037,00:02,160,-102
80.0539,00:03,160,-57
80.1045,00:04,160,-98
80.5049,00:02,161,-102
80.5565,00:03,161,-57
80.6041,00:04,161,-98
81.005,00:02,162,-102
81.0554,00:03,162,-56
81.1061,00:04,162,-98
81.5045,00:02,163,-102
81.5568,00:03,163,-56
81.6043,00:04,163,-98
82.0068,00:02,164,-102
82.0546,00:03,164,-55
82.1053,00:04,164,-98
82.5051,00:02,165,-102
82.5556,00:03,165,-55
82.6061,00:04,165,-98
83.0035,00:02,166,-102
83.0572,00:03,166,-54
83.1051,00:04,166,-98
83.5042,00:02,167,-102
83.5557,00:03,167,-53
83.6041,00:04,167,-98
84.0045,00:02,168,-102
84.0547,00:03,168,-53
84.1031,00:04,168,-98
84.5044,00:02,169,-102
84.557,00:03,169,-52
84.6062,00:04,169,-98
85.0047,00:02,170,-103
85.0558,00:03,170,-52
85.1051,00:04,170,-98
85.5038,00:02,171,-103
85.5557,00:03,171,-51
85.6065,00:04,171,-98
86.004,00:02,172,-103
86.0554,00:03,172,-50
86.1063,00:04,172,-98
86.5044,00:02,173,-103
86.5545,00:03,173,-50
86.6054,00:04,173,-98
87.005,00:02,174,-103
87.0542,00:03,174,-49
87.1055,00:04,174,-98
87.5064,00:02,175,-103
87.5554,00:03,175,-49
87.6038,00:04,175,-98
88.0045,00:02,176,-103
88.0576,00:03,176,-48
88.1054,00:04,176,-98
88.5048,00:02,177,-103
88.5556,00:03,177,-47
88.6045,00:04,177,-98
89.0053,00:02,178,-103
89.0563,00:03,178,-47
89.1037,00:04,178,-98
89.5061,00:02,179,-103
89.5551,00:03,179,-47
89.6034,00:04,179,-98
90.005,00:02,180,-104
90.0563,00:03,180,-47
90.1063,00:04,180,-98
90.5041,00:02,181,-104
90.5542,00:03,181,-48
90.604,00:04,181,-98
91.0052,00:02,182,-104
91.0551,00:03,182,-49
91.104,00:04,182,-98
91.5057,00:02,183,-104
91.5538,00:03,183,-50
91.6055,00:04,183,-98
92.0045,00:02,184,-104
92.0557,00:03,184,-51
92.1051,00:04,184,-98
92.5056,00:02,185,-104
92.5543,00:03,185,-51
92.6055,00:04,185,-98
93.0062,00:02,186,-104
93.056,00:03,186,-52
93.1054,00:04,186,-98
93.5065,00:02,187,-104
93.5571,00:03,187,-53
93.6059,00:04,187,-98
94.0055,00:02,188,-104
94.0537,00:03,188,-53
94.1033,00:04,188,-98
94.5051,00:02,189,-104
94.5565,00:03,189,-54
94.604,00:04,189,-98
95.005,00:02,190,-104
95.0539,00:03,190,-55
95.1048,00:04,190,-98
95.5051,00:02,191,-104
95.5564,00:03,191,-55
95.6044,00:04,191,-98
96.0049,00:02,192,-104
96.0562,00:03,192,-55
96.1059,00:04,192,-98
96.5051,00:02,193,-104
96.5562,00:03,193,-55
96.6041,00:04,193,-98
97.0037,00:02,194,-103
97.0571,00:03,194,-55
97.1045,00:04,194,-98
97.5037,00:02,195,-103
97.5541,00:03,195,-55
97.6062,00:04,195,-98
98.0049,00:02,196,-103
98.0553,00:03,196,-55
98.1056,00:04,196,-98
98.505,00:02,197,-103
98.5557,00:03,197,-55
98.6054,00:04,197,-97
99.0061,00:02,198,-103
99.0548,00:03,198,-55
99.1057,00:04,198,-97
99.5048,00:02,199,-103
99.5572,00:03,199,-55
99.6053,00:04,199,-97
100.004,00:02,200,-103
100.056,00:03,200,-56
100.107,00:04,200,-97
100.504,00:02,201,-103
100.557,00:03,201,-56
100.604,00:04,201,-97
101.006,00:02,202,-103
101.056,00:03,202,-56
101.106,00:04,202,-97
101.505,00:02,203,-103
101.556,00:03,203,-56
101.603,00:04,203,-97
102.003,00:02,204,-102
102.055,00:03,204,-57
102.105,00:04,204,-97
102.504,00:02,205,-102
102.557,00:03,205,-57
102.605,00:04,205,-97
103.004,00:02,206,-102
103.056,00:03,206,-57
103.107,00:04,206,-97
103.506,00:02,207,-102
103.556,00:03,207,-58
103.606,00:04,207,-97
104.004,00:02,208,-102
104.056,00:03,208,-58
104.104,00:04,208,-97
104.505,00:02,209,-102
104.556,00:03,209,-58
104.605,00:04,209,-97
105.005,00:02,210,-102
105.055,00:03,210,-58
105.106,00:04,210,-97
105.505,00:02,211,-102
105.556,00:03,211,-59
105.604,00:04,211,-97
106.007,00:02,212,-102
106.054,00:03,212,-59
106.104,00:04,212,-97
106.504,00:02,213,-101
106.555,00:03,213,-59
106.605,00:04,213,-97
107.006,00:02,214,-101
107.056,00:03,214,-60
107.104,00:04,214,-97
107.505,00:02,215,-101
107.555,00:03,215,-60
107.604,00:04,215,-97
108.005,00:02,216,-101
108.054,00:03,216,-60
108.105,00:04,216,-97
108.504,00:02,217,-101
108.556,00:03,217,-60
108.607,00:04,217,-97
109.005,00:02,218,-101
109.055,00:03,218,-61
109.104,00:04,218,-97
109.504,00:02,219,-101
109.556,00:03,219,-61
109.606,00:04,219,-97
110.004,00:02,220,-101
110.056,00:03,220,-61
110.106,00:04,220,-97
110.506,00:02,221,-101
110.555,00:03,221,-61
110.604,00:04,221,-97
111.005,00:02,222,-100
111.057,00:03,222,-62
111.105,00:04,222,-96
111.507,00:02,223,-100
111.557,00:03,223,-62
111.605,00:04,223,-96
112.004,00:02,224,-100
112.055,00:03,224,-62
112.104,00:04,224,-96
112.505,00:02,225,-100
112.556,00:03,225,-63
112.604,00:04,225,-96
113.005,00:02,226,-100
113.056,00:03,226,-63
113.105,00:04,226,-96
113.504,00:02,227,-100
113.558,00:03,227,-63
113.605,00:04,227,-96
114.006,00:02,228,-100
114.055,00:03,228,-64
114.105,00:04,228,-96
114.505,00:02,229,-100
114.555,00:03,229,-64
114.606,00:04,229,-96
115.006,00:02,230,-100
115.055,00:03,230,-65
115.106,00:04,230,-96
115.506,00:02,231,-99
115.556,00:03,231,-65
115.605,00:04,231,-96
116.005,00:02,232,-99
116.054,00:03,232,-65
116.104,00:04,232,-96
116.506,00:02,233,-99
116.557,00:03,233,-66
116.606,00:04,233,-96
117.006,00:02,234,-99
117.055,00:03,234,-66
117.105,00:04,234,-96
117.505,00:02,235,-99
117.557,00:03,235,-66
117.605,00:04,235,-96
118.004,00:02,236,-99
118.057,00:03,236,-67
118.106,00:04,236,-96
118.504,00:02,237,-99
118.557,00:03,237,-67
118.603,00:04,237,-96
119.007,00:02,238,-99
119.056,00:03,238,-67
119.105,00:04,238,-96
119.505,00:02,239,-98
119.556,00:03,239,-68
119.605,00:04,239,-96
120.005,00:02,240,-98
120.057,00:03,240,-68
120.106,00:04,240,-96
120.506,00:02,241,-98
120.558,00:03,241,-68
120.605,00:04,241,-96
121.007,00:02,242,-98
121.055,00:03,242,-69
121.104,00:04,242,-96
121.507,00:02,243,-98
121.555,00:03,243,-69
121.604,00:04,243,-96
122.006,00:02,244,-98
122.055,00:03,244,-69
122.107,00:04,244,-96
122.505,00:02,245,-98
122.557,00:03,245,-70
122.604,00:04,245,-96
123.005,00:02,246,-97
123.056,00:03,246,-70
123.107,00:04,246,-96
123.507,00:02,247,-97
123.556,00:03,247,-70
123.603,00:04,247,-96
124.005,00:02,248,-97
124.056,00:03,248,-71
124.105,00:04,248,-96
124.506,00:02,249,-97
124.557,00:03,249,-71
124.606,00:04,249,-96
125.006,00:02,250,-97
125.055,00:03,250,-71
125.105,00:04,250,-96
125.504,00:02,251,-97
125.557,00:03,251,-71
125.606,00:04,251,-96
126.004,00:02,252,-97
126.056,00:03,252,-72
126.105,00:04,252,-96
126.506,00:02,253,-97
126.557,00:03,253,-72
126.605,00:04,253,-96
127.004,00:02,254,-96
127.055,00:03,254,-72
127.105,00:04,254,-96
127.506,00:02,255,-96
127.555,00:03,255,-72
127.606,00:04,255,-96
128.006,00:02,256,-96
128.054,00:03,256,-73
128.104,00:04,256,-96
128.504,00:02,257,-96
128.556,00:03,257,-73
128.606,00:04,257,-96
129.006,00:02,258,-96
129.056,00:03,258,-73
129.105,00:04,258,-96
129.504,00:02,259,-96
129.555,00:03,259,-73
129.606,00:04,259,-96
130.006,00:02,260,-95
130.056,00:03,260,-74
130.107,00:04,260,-96
130.504,00:02,261,-95
130.556,00:03,261,-74
130.607,00:04,261,-96
131.006,00:02,262,-95
131.057,00:03,262,-74
131.105,00:04,262,-96
131.505,00:02,263,-95
131.557,00:03,263,-74
131.605,00:04,263,-96
132.005,00:02,264,-95
132.057,00:03,264,-75
132.106,00:04,264,-96
132.506,00:02,265,-95
132.557,00:03,265,-75
132.605,00:04,265,-95
133.005,00:02,266,-102
133.054,00:03,266,-82
133.105,00:04,266,-102
133.506,00:02,267,-101
133.558,00:03,267,-82
133.605,00:04,267,-102
134.004,00:02,268,-101
134.056,00:03,268,-83
134.106,00:04,268,-102
134.505,00:02,269,-101
134.555,00:03,269,-83
134.605,00:04,269,-102
135.004,00:02,270,-101
135.055,00:03,270,-83
135.105,00:04,270,-102
135.506,00:02,271,-101
135.556,00:03,271,-83
135.605,00:04,271,-102
136.004,00:02,272,-101
136.056,00:03,272,-83
136.106,00:04,272,-102
136.505,00:02,273,-100
136.557,00:03,273,-84
136.604,00:04,273,-102
137.007,00:02,274,-100
137.057,00:03,274,-84
137.104,00:04,274,-102
137.506,00:02,275,-100
137.555,00:03,275,-84
137.606,00:04,275,-102
138.005,00:02,276,-100
138.056,00:03,276,-84
138.104,00:04,276,-102
138.506,00:02,277,-100
138.556,00:03,277,-84
138.605,00:04,277,-102
139.005,00:02,278,-100
139.055,00:03,278,-85
139.106,00:04,278,-102
139.504,00:02,279,-99
139.556,00:03,279,-85
139.606,00:04,279,-102
140.006,00:02,280,-99
140.055,00:03,280,-85
140.105,00:04,280,-102
140.505,00:02,281,-99
140.555,00:03,281,-85
140.605,00:04,281,-102
141.006,00:02,282,-99
141.057,00:03,282,-85
141.105,00:04,282,-102
141.506,00:02,283,-99
141.555,00:03,283,-86
141.606,00:04,283,-102
142.005,00:02,284,-98
142.057,00:03,284,-86
142.107,00:04,284,-102
142.506,00:02,285,-98
142.556,00:03,285,-86
142.605,00:04,285,-102
143.004,00:02,286,-98
143.057,00:03,286,-86
143.105,00:04,286,-102
143.505,00:02,287,-98
143.555,00:03,287,-86
143.606,00:04,287,-102
144.005,00:02,288,-98
144.055,00:03,288,-86
144.104,00:04,288,-102
144.505,00:02,289,-97
144.556,00:03,289,-87
144.607,00:04,289,-102
145.005,00:02,290,-97
145.054,00:03,290,-87
145.106,00:04,290,-102
145.505,00:02,291,-97
145.556,00:03,291,-87
145.605,00:04,291,-102
146.005,00:02,292,-97
146.055,00:03,292,-87
146.107,00:04,292,-102
146.505,00:02,293,-97
146.556,00:03,293,-87
146.606,00:04,293,-102
147.006,00:02,294,-96
147.057,00:03,294,-87
147.106,00:04,294,-102
147.504,00:02,295,-96
147.557,00:03,295,-88
147.604,00:04,295,-102
148.004,00:02,296,-96
148.055,00:03,296,-88
148.105,00:04,296,-102
148.504,00:02,297,-96
148.555,00:03,297,-88
148.606,00:04,297,-102
149.004,00:02,298,-89
149.056,00:03,298,-81
149.104,00:04,298,-95
149.505,00:02,299,-88
149.555,00:03,299,-81
149.605,00:04,299,-95
150.006,00:02,300,-88
150.055,00:03,300,-81
150.105,00:04,300,-96
150.505,00:02,301,-88
150.557,00:03,301,-82
150.604,00:04,301,-96
151.005,00:02,302,-88
151.058,00:03,302,-82
151.105,00:04,302,-96
151.505,00:02,303,-87
151.555,00:03,303,-82
151.607,00:04,303,-96
152.005,00:02,304,-87
152.057,00:03,304,-82
152.106,00:04,304,-96
152.505,00:02,305,-87
152.557,00:03,305,-82
152.606,00:04,305,-96
153.004,00:02,306,-87
153.058,00:03,306,-82
153.105,00:04,306,-96
153.505,00:02,307,-86
153.557,00:03,307,-82
153.604,00:04,307,-96
154.006,00:02,308,-86
154.055,00:03,308,-83
154.107,00:04,308,-96
154.505,00:02,309,-86
154.557,00:03,309,-83
154.606,00:04,309,-96
155.005,00:02,310,-86
155.056,00:03,310,-83
155.105,00:04,310,-96
155.506,00:02,311,-85
155.557,00:03,311,-83
155.606,00:04,311,-96
156.005,00:02,312,-85
156.056,00:03,312,-83
156.104,00:04,312,-96
156.505,00:02,313,-85
156.556,00:03,313,-83
156.606,00:04,313,-96
157.005,00:02,314,-85
157.055,00:03,314,-83
157.104,00:04,314,-96
157.504,00:02,315,-84
157.554,00:03,315,-84
157.606,00:04,315,-96
158.005,00:02,316,-84
158.056,00:03,316,-84
158.104,00:04,316,-96
158.505,00:02,317,-84
158.557,00:03,317,-84
158.604,00:04,317,-96
159.006,00:02,318,-83
159.056,00:03,318,-84
159.106,00:04,318,-96
159.506,00:02,319,-83
159.555,00:03,319,-84
159.606,00:04,319,-96
160.004,00:02,320,-83
160.056,00:03,320,-84
160.105,00:04,320,-96
160.504,00:02,321,-83
160.554,00:03,321,-84
160.606,00:04,321,-96
161.007,00:02,322,-82
161.056,00:03,322,-85
161.107,00:04,322,-96
161.503,00:02,323,-82
161.557,00:03,323,-85
161.604,00:04,323,-96
162.005,00:02,324,-82
162.055,00:03,324,-85
162.106,00:04,324,-96
162.504,00:02,325,-81
162.556,00:03,325,-85
162.605,00:04,325,-96
163.005,00:02,326,-81
163.056,00:03,326,-85
163.104,00:04,326,-96
163.503,00:02,327,-81
163.557,00:03,327,-85
163.607,00:04,327,-96
164.005,00:02,328,-80
164.056,00:03,328,-85
164.106,00:04,328,-96
164.506,00:02,329,-80
164.556,00:03,329,-85
164.605,00:04,329,-96
165.006,00:02,330,-80
165.054,00:03,330,-86
165.106,00:04,330,-96
165.504,00:02,331,-79
165.557,00:03,331,-86
165.606,00:04,331,-96
166.006,00:02,332,-79
166.057,00:03,332,-86
166.106,00:04,332,-96
166.504,00:02,333,-78
166.556,00:03,333,-86
166.605,00:04,333,-96
167.005,00:02,334,-78
167.057,00:03,334,-86
167.106,00:04,334,-96
167.505,00:02,335,-78
167.555,00:03,335,-86
167.605,00:04,335,-96
168.006,00:02,336,-77
168.056,00:03,336,-86
168.104,00:04,336,-96
168.504,00:02,337,-77
168.556,00:03,337,-86
168.607,00:04,337,-96
169.004,00:02,338,-76
169.057,00:03,338,-87
169.105,00:04,338,-96
169.506,00:02,339,-76
169.555,00:03,339,-87
169.604,00:04,339,-96
170.004,00:02,340,-76
170.055,00:03,340,-87
170.105,00:04,340,-96
170.506,00:02,341,-75
170.555,00:03,341,-87
170.605,00:04,341,-96
171.004,00:02,342,-75
171.056,00:03,342,-87
171.105,00:04,342,-97
171.504,00:02,343,-75
171.556,00:03,343,-87
171.607,00:04,343,-97
172.005,00:02,344,-75
172.056,00:03,344,-87
172.105,00:04,344,-97
172.505,00:02,345,-74
172.558,00:03,345,-87
172.605,00:04,345,-97
173.006,00:02,346,-74
173.056,00:03,346,-87
173.107,00:04,346,-97
173.505,00:02,347,-74
173.557,00:03,347,-88
173.606,00:04,347,-97
174.005,00:02,348,-74
174.058,00:03,348,-88
174.106,00:04,348,-97
174.504,00:02,349,-73
174.556,00:03,349,-88
174.607,00:04,349,-97
175.007,00:02,350,-73
175.056,00:03,350,-88
175.105,00:04,350,-97
175.506,00:02,351,-73
175.555,00:03,351,-88
175.604,00:04,351,-97
176.005,00:02,352,-72
176.055,00:03,352,-88
176.107,00:04,352,-97
176.505,00:02,353,-72
176.555,00:03,353,-88
176.606,00:04,353,-97
177.005,00:02,354,-72
177.057,00:03,354,-88
177.107,00:04,354,-97
177.506,00:02,355,-72
177.557,00:03,355,-88
177.605,00:04,355,-97
178.007,00:02,356,-71
178.055,00:03,356,-89
178.106,00:04,356,-97
178.505,00:02,357,-71
178.555,00:03,357,-89
178.604,00:04,357,-97
179.005,00:02,358,-71
179.055,00:03,358,-89
179.105,00:04,358,-97
179.506,00:02,359,-70
179.556,00:03,359,-89
179.607,00:04,359,-97
180.005,00:02,360,-70
180.056,00:03,360,-89
180.105,00:04,360,-97
180.505,00:02,361,-70
180.556,00:03,361,-89
180.606,00:04,361,-97
181.004,00:02,362,-70
181.056,00:03,362,-89
181.105,00:04,362,-97
181.506,00:02,363,-69
181.557,00:03,363,-89
181.607,00:04,363,-97
182.006,00:02,364,-69
182.057,00:03,364,-89
182.104,00:04,364,-97
182.507,00:02,365,-69
182.556,00:03,365,-89
182.604,00:04,365,-97
183.004,00:02,366,-69
183.056,00:03,366,-90
183.106,00:04,366,-97
183.504,00:02,367,-68
183.556,00:03,367,-90
183.605,00:04,367,-97
184.003,00:02,368,-68
184.055,00:03,368,-90
184.105,00:04,368,-98
184.507,00:02,369,-68
184.556,00:03,369,-90
184.605,00:04,369,-98
185.005,00:02,370,-68
185.057,00:03,370,-90
185.105,00:04,370,-98
185.503,00:02,371,-68
185.555,00:03,371,-90
185.603,00:04,371,-98
186.005,00:02,372,-68
186.057,00:03,372,-90
186.104,00:04,372,-98
186.505,00:02,373,-69
186.558,00:03,373,-90
186.604,00:04,373,-98
187.003,00:02,374,-69
187.055,00:03,374,-90
187.104,00:04,374,-98
187.507,00:02,375,-70
187.556,00:03,375,-90
187.605,00:04,375,-97
188.004,00:02,376,-70
188.057,00:03,376,-90
188.105,00:04,376,-97
188.505,00:02,377,-71
188.558,00:03,377,-90
188.605,00:04,377,-97
189.004,00:02,378,-71
189.055,00:03,378,-90
189.107,00:04,378,-97
189.507,00:02,379,-71
189.556,00:03,379,-90
189.605,00:04,379,-97
190.005,00:02,380,-72
190.058,00:03,380,-90
190.106,00:04,380,-97
190.505,00:02,381,-72
190.554,00:03,381,-90
190.605,00:04,381,-97
191.004,00:02,382,-73
191.057,00:03,382,-90
191.105,00:04,382,-97
191.505,00:02,383,-73
191.555,00:03,383,-90
191.605,00:04,383,-97
192.004,00:02,384,-73
192.057,00:03,384,-90
192.104,00:04,384,-97
192.505,00:02,385,-73
192.555,00:03,385,-90
192.605,00:04,385,-97
193.005,00:02,386,-73
193.055,00:03,386,-90
193.105,00:04,386,-97
193.504,00:02,387,-73
193.556,00:03,387,-90
193.606,00:04,387,-97
194.005,00:02,388,-73
194.057,00:03,388,-90
194.106,00:04,388,-97
194.505,00:02,389,-73
194.555,00:03,389,-90
194.605,00:04,389,-97
195.003,00:02,390,-73
195.056,00:03,390,-90
195.107,00:04,390,-97
195.506,00:02,391,-73
195.557,00:03,391,-90
195.606,00:04,391,-97
196.004,00:02,392,-73
196.056,00:03,392,-89
196.104,00:04,392,-96
196.505,00:02,393,-73
196.557,00:03,393,-89
196.606,00:04,393,-96
197.006,00:02,394,-73
197.056,00:03,394,-89
197.106,00:04,394,-96
197.504,00:02,395,-73
197.556,00:03,395,-89
197.605,00:04,395,-96
198.003,00:02,396,-73
198.056,00:03,396,-89
198.105,00:04,396,-96
198.504,00:02,397,-74
198.557,00:03,397,-89
198.604,00:04,397,-96
199.005,00:02,398,-74
199.057,00:03,398,-89
199.105,00:04,398,-96
199.503,00:02,399,-74
199.556,00:03,399,-89
199.607,00:04,399,-96
200.004,00:02,400,-74
200.058,00:03,400,-89
200.107,00:04,400,-96
200.504,00:02,401,-74
200.556,00:03,401,-89
200.604,00:04,401,-96
201.004,00:02,402,-74
201.055,00:03,402,-88
201.104,00:04,402,-96
201.504,00:02,403,-75
201.555,00:03,403,-88
201.605,00:04,403,-96
202.006,00:02,404,-75
202.056,00:03,404,-88
202.106,00:04,404,-96
202.504,00:02,405,-75
202.557,00:03,405,-88
202.606,00:04,405,-96
203.006,00:02,406,-75
203.055,00:03,406,-88
203.105,00:04,406,-96
203.503,00:02,407,-75
203.557,00:03,407,-88
203.604,00:04,407,-96
204.005,00:02,408,-75
204.055,00:03,408,-88
204.105,00:04,408,-96
204.505,00:02,409,-76
204.557,00:03,409,-88
204.604,00:04,409,-96
205.004,00:02,410,-76
205.055,00:03,410,-88
205.104,00:04,410,-96
205.504,00:02,411,-76
205.555,00:03,411,-87
205.606,00:04,411,-96
206.004,00:02,412,-77
206.056,00:03,412,-87
206.104,00:04,412,-96
206.507,00:02,413,-77
206.556,00:03,413,-87
206.606,00:04,413,-96
207.005,00:02,414,-77
207.056,00:03,414,-87
207.105,00:04,414,-96
207.507,00:02,415,-78
207.556,00:03,415,-87
207.603,00:04,415,-95
208.005,00:02,416,-78
208.055,00:03,416,-87
208.103,00:04,416,-95
208.506,00:02,417,-78
208.557,00:03,417,-87
208.606,00:04,417,-95
209.006,00:02,418,-79
209.055,00:03,418,-87
209.105,00:04,418,-95
209.506,00:02,419,-79
209.556,00:03,419,-87
209.605,00:04,419,-95
210.005,00:02,420,-79
210.055,00:03,420,-86
210.105,00:04,420,-95
210.506,00:02,421,-80
210.557,00:03,421,-86
210.604,00:04,421,-95
211.006,00:02,422,-80
211.057,00:03,422,-86
211.105,00:04,422,-95
211.505,00:02,423,-80
211.557,00:03,423,-86
211.605,00:04,423,-95
212.004,00:02,424,-81
212.056,00:03,424,-86
212.104,00:04,424,-95
212.503,00:02,425,-81
212.557,00:03,425,-86
212.606,00:04,425,-95
213.005,00:02,426,-81
213.056,00:03,426,-86
213.104,00:04,426,-95
213.504,00:02,427,-81
213.557,00:03,427,-86
213.604,00:04,427,-95
214.006,00:02,428,-82
214.057,00:03,428,-86
214.105,00:04,428,-95
214.504,00:02,429,-82
214.556,00:03,429,-85
214.604,00:04,429,-95
215.005,00:02,430,-82
215.058,00:03,430,-85
215.107,00:04,430,-95
215.505,00:02,431,-83
215.555,00:03,431,-85
215.605,00:04,431,-95
216.005,00:02,432,-83
216.057,00:03,432,-85
216.105,00:04,432,-95
216.506,00:02,433,-83
216.555,00:03,433,-85
216.605,00:04,433,-95
217.005,00:02,434,-83
217.058,00:03,434,-85
217.106,00:04,434,-95
217.504,00:02,435,-84
217.556,00:03,435,-85
217.605,00:04,435,-95
218.004,00:02,436,-84
218.056,00:03,436,-84
218.106,00:04,436,-95
218.504,00:02,437,-84
218.555,00:03,437,-84
218.605,00:04,437,-95
219.006,00:02,438,-84
219.056,00:03,438,-84
219.104,00:04,438,-95
219.504,00:02,439,-85
219.554,00:03,439,-84
219.606,00:04,439,-95
220.003,00:02,440,-85
220.058,00:03,440,-84
220.106,00:04,440,-95
220.504,00:02,441,-85
220.555,00:03,441,-84
220.605,00:04,441,-95
221.004,00:02,442,-85
221.055,00:03,442,-84
221.105,00:04,442,-95
221.505,00:02,443,-86
221.557,00:03,443,-84
221.604,00:04,443,-95
222.005,00:02,444,-86
222.056,00:03,444,-83
222.107,00:04,444,-95
222.504,00:02,445,-86
222.556,00:03,445,-83
222.605,00:04,445,-95
223.004,00:02,446,-86
223.056,00:03,446,-83
223.105,00:04,446,-95
223.504,00:02,447,-87
223.557,00:03,447,-83
223.605,00:04,447,-95
224.005,00:02,448,-87
224.054,00:03,448,-83
224.107,00:04,448,-95
224.505,00:02,449,-87
224.555,00:03,449,-83
224.605,00:04,449,-95
225.005,00:02,450,-87
225.055,00:03,450,-83
225.105,00:04,450,-95
225.504,00:02,451,-88
225.555,00:03,451,-82
225.604,00:04,451,-94
226.004,00:02,452,-88
226.057,00:03,452,-82
226.105,00:04,452,-94
226.506,00:02,453,-88
226.558,00:03,453,-82
226.605,00:04,453,-94
227.007,00:02,454,-88
227.057,00:03,454,-82
227.104,00:04,454,-94
227.506,00:02,455,-89
227.555,00:03,455,-82
227.606,00:04,455,-94
228.006,00:02,456,-89
228.057,00:03,456,-82
228.104,00:04,456,-94
228.507,00:02,457,-89
228.556,00:03,457,-82
228.605,00:04,457,-94
229.005,00:02,458,-89
229.055,00:03,458,-81
229.105,00:04,458,-94
229.505,00:02,459,-89
229.555,00:03,459,-81
229.605,00:04,459,-94
230.004,00:02,460,-90
230.056,00:03,460,-81
230.106,00:04,460,-94
230.506,00:02,461,-90
230.557,00:03,461,-81
230.606,00:04,461,-94
231.005,00:02,462,-90
231.056,00:03,462,-81
231.104,00:04,462,-94
231.504,00:02,463,-90
231.556,00:03,463,-81
231.607,00:04,463,-94
232.004,00:02,464,-90
232.057,00:03,464,-80
232.106,00:04,464,-94
232.503,00:02,465,-91
232.557,00:03,465,-80
232.606,00:04,465,-94
233.004,00:02,466,-91
233.055,00:03,466,-80
233.107,00:04,466,-94
233.506,00:02,467,-91
233.556,00:03,467,-80
233.604,00:04,467,-94
234.004,00:02,468,-91
234.056,00:03,468,-80
234.106,00:04,468,-94
234.506,00:02,469,-91
234.558,00:03,469,-80
234.605,00:04,469,-94
235.004,00:02,470,-91
235.056,00:03,470,-79
235.105,00:04,470,-94
235.505,00:02,471,-92
235.557,00:03,471,-79
235.607,00:04,471,-94
236.004,00:02,472,-92
236.056,00:03,472,-79
236.107,00:04,472,-94
236.506,00:02,473,-92
236.555,00:03,473,-79
236.605,00:04,473,-94
237.005,00:02,474,-92
237.055,00:03,474,-79
237.106,00:04,474,-94
237.503,00:02,475,-92
237.557,00:03,475,-79
237.606,00:04,475,-94
238.004,00:02,476,-93
238.057,00:03,476,-78
238.105,00:04,476,-94
238.504,00:02,477,-93
238.557,00:03,477,-78
238.606,00:04,477,-94
239.006,00:02,478,-93
239.058,00:03,478,-78
239.105,00:04,478,-94
239.504,00:02,479,-93
239.555,00:03,479,-78
239.606,00:04,479,-94
240.005,00:02,480,-93
240.057,00:03,480,-78
240.105,00:04,480,-94
240.505,00:02,481,-93
240.556,00:03,481,-77
240.604,00:04,481,-94
241.004,00:02,482,-94
241.055,00:03,482,-77
241.107,00:04,482,-94
241.505,00:02,483,-94
241.556,00:03,483,-77
241.606,00:04,483,-94
242.005,00:02,484,-94
242.056,00:03,484,-77
242.104,00:04,484,-94
242.506,00:02,485,-94
242.557,00:03,485,-77
242.605,00:04,485,-94
243.004,00:02,486,-94
243.056,00:03,486,-76
243.105,00:04,486,-94
243.505,00:02,487,-94
243.557,00:03,487,-76
243.607,00:04,487,-94
244.005,00:02,488,-95
244.055,00:03,488,-76
244.106,00:04,488,-94
244.505,00:02,489,-95
244.555,00:03,489,-76
244.605,00:04,489,-94
245.006,00:02,490,-95
245.058,00:03,490,-76
245.106,00:04,490,-94
245.505,00:02,491,-95
245.555,00:03,491,-75
245.605,00:04,491,-94
246.004,00:02,492,-95
246.055,00:03,492,-75
246.105,00:04,492,-94
246.506,00:02,493,-95
246.558,00:03,493,-75
246.606,00:04,493,-94
247.005,00:02,494,-95
247.056,00:03,494,-75
247.106,00:04,494,-94
247.504,00:02,495,-96
247.556,00:03,495,-75
247.605,00:04,495,-94
248.006,00:02,496,-96
248.056,00:03,496,-74
248.105,00:04,496,-94
248.505,00:02,497,-96
248.555,00:03,497,-74
248.605,00:04,497,-95
249.003,00:02,498,-96
249.057,00:03,498,-74
249.104,00:04,498,-95
249.506,00:02,499,-96
249.557,00:03,499,-74
249.604,00:04,499,-95
250.005,00:02,500,-96
250.055,00:03,500,-73
250.107,00:04,500,-95
250.503,00:02,501,-96
250.555,00:03,501,-73
250.604,00:04,501,-95
251.004,00:02,502,-97
251.056,00:03,502,-73
251.106,00:04,502,-95
251.504,00:02,503,-97
251.557,00:03,503,-73
251.606,00:04,503,-95
252.006,00:02,504,-97
252.058,00:03,504,-72
252.105,00:04,504,-95
252.504,00:02,505,-97
252.556,00:03,505,-72
252.605,00:04,505,-95
253.004,00:02,506,-97
253.058,00:03,506,-72
253.106,00:04,506,-95
253.505,00:02,507,-97
253.555,00:03,507,-72
253.605,00:04,507,-95
254.006,00:02,508,-97
254.055,00:03,508,-71
254.104,00:04,508,-95
254.505,00:02,509,-98
254.555,00:03,509,-71
254.604,00:04,509,-95
255.004,00:02,510,-98
255.056,00:03,510,-71
255.105,00:04,510,-95
255.505,00:02,511,-98
255.556,00:03,511,-71
255.606,00:04,511,-95
256.003,00:02,512,-98
256.055,00:03,512,-70
256.106,00:04,512,-95
256.505,00:02,513,-98
256.556,00:03,513,-70
256.606,00:04,513,-95
257.003,00:02,514,-98
257.058,00:03,514,-70
257.105,00:04,514,-95
257.504,00:02,515,-98
257.556,00:03,515,-70
257.606,00:04,515,-95
258.007,00:02,516,-98
258.055,00:03,516,-69
258.106,00:04,516,-95
258.506,00:02,517,-99
258.557,00:03,517,-69
258.607,00:04,517,-95
259.004,00:02,518,-99
259.057,00:03,518,-69
259.106,00:04,518,-95
259.504,00:02,519,-99
259.555,00:03,519,-69
259.606,00:04,519,-95
260.006,00:02,520,-99
260.058,00:03,520,-68
260.104,00:04,520,-95
260.505,00:02,521,-99
260.557,00:03,521,-68
260.605,00:04,521,-95
261.006,00:02,522,-99
261.056,00:03,522,-68
261.106,00:04,522,-95
261.504,00:02,523,-99
261.555,00:03,523,-67
261.607,00:04,523,-95
262.005,00:02,524,-99
262.058,00:03,524,-67
262.106,00:04,524,-95
262.506,00:02,525,-100
262.555,00:03,525,-67
262.605,00:04,525,-95
263.006,00:02,526,-100
263.057,00:03,526,-66
263.106,00:04,526,-95
263.505,00:02,527,-100
263.556,00:03,527,-66
263.605,00:04,527,-95
264.003,00:02,528,-100
264.058,00:03,528,-66
264.104,00:04,528,-95
264.506,00:02,529,-100
264.557,00:03,529,-65
264.605,00:04,529,-95
265.006,00:02,530,-100
265.056,00:03,530,-65
265.105,00:04,530,-95
265.506,00:02,531,-100
265.557,00:03,531,-65
265.605,00:04,531,-95
266.004,00:02,532,-100
266.057,00:03,532,-65
266.106,00:04,532,-95
266.506,00:02,533,-101
266.556,00:03,533,-64
266.605,00:04,533,-96
267.004,00:02,534,-101
267.056,00:03,534,-64
267.106,00:04,534,-96
267.504,00:02,535,-101
267.555,00:03,535,-64
267.605,00:04,535,-96
268.004,00:02,536,-101
268.057,00:03,536,-63
268.107,00:04,536,-96
268.504,00:02,537,-101
268.557,00:03,537,-63
268.606,00:04,537,-96
269.005,00:02,538,-101
269.057,00:03,538,-63
269.105,00:04,538,-96
269.505,00:02,539,-101
269.557,00:03,539,-62
269.604,00:04,539,-96
270.007,00:02,540,-101
270.058,00:03,540,-62
270.105,00:04,540,-96
270.505,00:02,541,-101
270.557,00:03,541,-62
270.605,00:04,541,-96
271.005,00:02,542,-102
271.056,00:03,542,-62
271.107,00:04,542,-96
271.505,00:02,543,-102
271.556,00:03,543,-61
271.604,00:04,543,-96
272.005,00:02,544,-102
272.057,00:03,544,-61
272.105,00:04,544,-96
272.504,00:02,545,-102
272.556,00:03,545,-61
272.604,00:04,545,-96
273.003,00:02,546,-102
273.057,00:03,546,-61
273.106,00:04,546,-96
273.505,00:02,547,-102
273.556,00:03,547,-61
273.606,00:04,547,-96
274.003,00:02,548,-102
274.056,00:03,548,-61
274.106,00:04,548,-96
274.506,00:02,549,-102
274.555,00:03,549,-60
274.606,00:04,549,-96
275.006,00:02,550,-102
275.055,00:03,550,-60
275.106,00:04,550,-96
275.504,00:02,551,-102
275.558,00:03,551,-60
275.607,00:04,551,-96
276.006,00:02,552,-103
276.055,00:03,552,-60
276.105,00:04,552,-96
276.505,00:02,553,-103
276.556,00:03,553,-60
276.607,00:04,553,-96
277.005,00:02,554,-103
277.058,00:03,554,-60
277.104,00:04,554,-96
277.506,00:02,555,-103
277.557,00:03,555,-60
277.606,00:04,555,-96
278.005,00:02,556,-103
278.059,00:03,556,-59
278.105,00:04,556,-96
278.503,00:02,557,-103
278.556,00:03,557,-59
278.605,00:04,557,-97
279.004,00:02,558,-103
279.056,00:03,558,-59
279.103,00:04,558,-97
279.506,00:02,559,-103
279.556,00:03,559,-59
279.606,00:04,559,-97
280.004,00:02,560,-103
280.056,00:03,560,-59
280.106,00:04,560,-97
280.504,00:02,561,-103
280.555,00:03,561,-59
280.607,00:04,561,-97
281.005,00:02,562,-104
281.056,00:03,562,-59
281.107,00:04,562,-97
281.506,00:02,563,-104
281.557,00:03,563,-59
281.607,00:04,563,-97
282.004,00:02,564,-104
282.057,00:03,564,-59
282.106,00:04,564,-97
282.503,00:02,565,-104
282.557,00:03,565,-59
282.607,00:04,565,-97
283.006,00:02,566,-104
283.055,00:03,566,-60
283.105,00:04,566,-97
283.505,00:02,567,-104
283.557,00:03,567,-60
283.607,00:04,567,-97
284.006,00:02,568,-104
284.057,00:03,568,-60
284.106,00:04,568,-97
284.504,00:02,569,-104
284.557,00:03,569,-61
284.606,00:04,569,-96
285.005,00:02,570,-104
285.056,00:03,570,-61
285.106,00:04,570,-96
285.506,00:02,571,-104
285.557,00:03,571,-61
285.605,00:04,571,-96
286.004,00:02,572,-104
286.057,00:03,572,-62
286.104,00:04,572,-96
286.506,00:02,573,-104
286.557,00:03,573,-62
286.605,00:04,573,-96
287.005,00:02,574,-104
287.055,00:03,574,-62
287.106,00:04,574,-96
287.505,00:02,575,-104
287.556,00:03,575,-62
287.606,00:04,575,-96
288.005,00:02,576,-104
288.058,00:03,576,-62
288.105,00:04,576,-96
288.505,00:02,577,-104
288.556,00:03,577,-62
288.607,00:04,577,-96
289.003,00:02,578,-104
289.056,00:03,578,-62
289.106,00:04,578,-96
289.506,00:02,579,-104
289.556,00:03,579,-62
289.606,00:04,579,-96
290.004,00:02,580,-104
290.056,00:03,580,-62
290.107,00:04,580,-96
290.504,00:02,581,-103
290.556,00:03,581,-62
290.605,00:04,581,-96
291.004,00:02,582,-103
291.056,00:03,582,-62
291.105,00:04,582,-96
291.506,00:02,583,-103
291.557,00:03,583,-63
291.606,00:04,583,-96
292.004,00:02,584,-103
292.057,00:03,584,-63
292.106,00:04,584,-96
292.505,00:02,585,-103
292.557,00:03,585,-63
292.606,00:04,585,-96
293.007,00:02,586,-103
293.055,00:03,586,-63
293.104,00:04,586,-95
293.504,00:02,587,-103
293.559,00:03,587,-63
293.607,00:04,587,-95
294.004,00:02,588,-103
294.057,00:03,588,-63
294.107,00:04,588,-95
294.505,00:02,589,-103
294.557,00:03,589,-63
294.605,00:04,589,-95
295.004,00:02,590,-103
295.057,00:03,590,-63
295.105,00:04,590,-95
295.505,00:02,591,-102
295.557,00:03,591,-64
295.606,00:04,591,-95
296.005,00:02,592,-102
296.056,00:03,592,-64
296.105,00:04,592,-95
296.506,00:02,593,-102
296.557,00:03,593,-64
296.605,00:04,593,-95
297.007,00:02,594,-102
297.058,00:03,594,-64
297.105,00:04,594,-95
297.506,00:02,595,-102
297.558,00:03,595,-64
297.605,00:04,595,-95
298.003,00:02,596,-102
298.056,00:03,596,-65
298.105,00:04,596,-95
298.505,00:02,597,-102
298.556,00:03,597,-65
298.605,00:04,597,-95
299.004,00:02,598,-102
299.058,00:03,598,-65
299.104,00:04,598,-95
299.504,00:02,599,-102
299.557,00:03,599,-65
299.606,00:04,599,-95
300.006,00:02,600,-102
300.056,00:03,600,-65
300.105,00:04,600,-95
300.504,00:02,601,-101
300.558,00:03,601,-66
300.606,00:04,601,-95
301.005,00:02,602,-101
301.057,00:03,602,-66
301.107,00:04,602,-95
301.505,00:02,603,-101
301.557,00:03,603,-66
301.605,00:04,603,-95
302.006,00:02,604,-101
302.057,00:03,604,-66
302.106,00:04,604,-95
302.505,00:02,605,-101
302.557,00:03,605,-67
302.607,00:04,605,-95
303.004,00:02,606,-101
303.056,00:03,606,-67
303.106,00:04,606,-95
303.506,00:02,607,-101
303.558,00:03,607,-67
303.605,00:04,607,-94
304.006,00:02,608,-101
304.058,00:03,608,-67
304.104,00:04,608,-94
304.506,00:02,609,-101
304.558,00:03,609,-68
304.607,00:04,609,-94
305.004,00:02,610,-100
305.059,00:03,610,-68
305.104,00:04,610,-94
305.504,00:02,611,-100
305.556,00:03,611,-68
305.607,00:04,611,-94
306.006,00:02,612,-100
306.055,00:03,612,-68
306.107,00:04,612,-94
306.505,00:02,613,-100
306.557,00:03,613,-68
306.604,00:04,613,-94
307.004,00:02,614,-100
307.055,00:03,614,-69
307.105,00:04,614,-94
307.503,00:02,615,-100
307.555,00:03,615,-69
307.604,00:04,615,-94
308.006,00:02,616,-100
308.056,00:03,616,-69
308.107,00:04,616,-94
308.505,00:02,617,-100
308.558,00:03,617,-69
308.606,00:04,617,-94
309.005,00:02,618,-99
309.058,00:03,618,-70
309.105,00:04,618,-94
309.505,00:02,619,-99
309.557,00:03,619,-70
309.606,00:04,619,-94
310.005,00:02,620,-99
310.058,00:03,620,-70
310.106,00:04,620,-94
310.505,00:02,621,-99
310.557,00:03,621,-70
310.606,00:04,621,-94
311.005,00:02,622,-99
311.057,00:03,622,-71
311.106,00:04,622,-94
311.505,00:02,623,-99
311.557,00:03,623,-71
311.607,00:04,623,-94
312.005,00:02,624,-99
312.056,00:03,624,-71
312.105,00:04,624,-94
312.505,00:02,625,-99
312.556,00:03,625,-71
312.606,00:04,625,-94
313.005,00:02,626,-99
313.056,00:03,626,-72
313.107,00:04,626,-94
313.506,00:02,627,-98
313.556,00:03,627,-72
313.607,00:04,627,-94
314.006,00:02,628,-98
314.057,00:03,628,-72
314.106,00:04,628,-94
314.506,00:02,629,-98
314.557,00:03,629,-72
314.606,00:04,629,-94
315.005,00:02,630,-98
315.057,00:03,630,-72
315.105,00:04,630,-94
315.505,00:02,631,-98
315.556,00:03,631,-73
315.606,00:04,631,-94
316.006,00:02,632,-98
316.058,00:03,632,-73
316.106,00:04,632,-94
316.506,00:02,633,-98
316.555,00:03,633,-73
316.606,00:04,633,-94
317.004,00:02,634,-98
317.056,00:03,634,-73
317.107,00:04,634,-94
317.504,00:02,635,-97
317.557,00:03,635,-73
317.606,00:04,635,-94
318.004,00:02,636,-97
318.058,00:03,636,-74
318.106,00:04,636,-94
318.506,00:02,637,-97
318.556,00:03,637,-74
318.604,00:04,637,-93
319.005,00:02,638,-97
319.059,00:03,638,-74
319.105,00:04,638,-93
319.505,00:02,639,-97
319.559,00:03,639,-74
319.606,00:04,639,-93
320.003,00:02,640,-97
320.055,00:03,640,-75
320.105,00:04,640,-93
320.504,00:02,641,-97
320.557,00:03,641,-75
320.606,00:04,641,-93
321.005,00:02,642,-96
321.057,00:03,642,-75
321.106,00:04,642,-93
321.503,00:02,643,-96
321.556,00:03,643,-75
321.606,00:04,643,-93
322.004,00:02,644,-96
322.058,00:03,644,-75
322.106,00:04,644,-93
322.504,00:02,645,-96
322.558,00:03,645,-76
322.607,00:04,645,-93
323.006,00:02,646,-96
323.055,00:03,646,-76
323.107,00:04,646,-93
323.505,00:02,647,-96
323.557,00:03,647,-76
323.605,00:04,647,-93
324.005,00:02,648,-96
324.057,00:03,648,-76
324.106,00:04,648,-93
324.505,00:02,649,-95
324.558,00:03,649,-76
324.605,00:04,649,-93
325.005,00:02,650,-95
325.057,00:03,650,-77
325.105,00:04,650,-93
325.506,00:02,651,-95
325.558,00:03,651,-77
325.607,00:04,651,-93
326.005,00:02,652,-95
326.058,00:03,652,-77
326.106,00:04,652,-93
326.504,00:02,653,-95
326.557,00:03,653,-77
326.606,00:04,653,-93
327.004,00:02,654,-99
327.057,00:03,654,-81
327.106,00:04,654,-97
327.507,00:02,655,-99
327.555,00:03,655,-81
327.603,00:04,655,-97
328.004,00:02,656,-98
328.057,00:03,656,-82
328.105,00:04,656,-97
328.504,00:02,657,-98
328.556,00:03,657,-82
328.606,00:04,657,-97
329.004,00:02,658,-98
329.058,00:03,658,-82
329.104,00:04,658,-97
329.507,00:02,659,-98
329.556,00:03,659,-82
329.604,00:04,659,-97
330.006,00:02,660,-98
330.056,00:03,660,-82
330.107,00:04,660,-97
330.505,00:02,661,-98
330.556,00:03,661,-83
330.604,00:04,661,-97
331.004,00:02,662,-97
331.056,00:03,662,-83
331.106,00:04,662,-97
331.504,00:02,663,-97
331.556,00:03,663,-83
331.606,00:04,663,-97
332.005,00:02,664,-97
332.057,00:03,664,-83
332.105,00:04,664,-97
332.506,00:02,665,-97
332.557,00:03,665,-83
332.605,00:04,665,-97
333.004,00:02,666,-97
333.057,00:03,666,-83
333.104,00:04,666,-97
333.504,00:02,667,-97
333.557,00:03,667,-84
333.606,00:04,667,-97
334.007,00:02,668,-96
334.058,00:03,668,-84
334.106,00:04,668,-97
334.505,00:02,669,-96
334.557,00:03,669,-84
334.607,00:04,669,-97
335.006,00:02,670,-96
335.055,00:03,670,-84
335.105,00:04,670,-97
335.506,00:02,671,-96
335.557,00:03,671,-84
335.606,00:04,671,-97
336.006,00:02,672,-96
336.056,00:03,672,-84
336.104,00:04,672,-97
336.506,00:02,673,-96
336.557,00:03,673,-84
336.606,00:04,673,-97
337.007,00:02,674,-95
337.056,00:03,674,-85
337.105,00:04,674,-97
337.506,00:02,675,-95
337.557,00:03,675,-85
337.605,00:04,675,-97
338.006,00:02,676,-95
338.056,00:03,676,-85
338.105,00:04,676,-97
338.504,00:02,677,-95
338.557,00:03,677,-85
338.604,00:04,677,-97
339.006,00:02,678,-91
339.057,00:03,678,-81
339.104,00:04,678,-93
339.505,00:02,679,-91
339.557,00:03,679,-81
339.607,00:04,679,-93
340.005,00:02,680,-90
340.056,00:03,680,-82
340.106,00:04,680,-93
340.505,00:02,681,-90
340.556,00:03,681,-82
340.605,00:04,681,-93
341.006,00:02,682,-90
341.059,00:03,682,-82
341.105,00:04,682,-93
341.506,00:02,683,-90
341.558,00:03,683,-82
341.604,00:04,683,-93
342.005,00:02,684,-90
342.057,00:03,684,-82
342.105,00:04,684,-93
342.503,00:02,685,-89
342.557,00:03,685,-82
342.605,00:04,685,-93
343.006,00:02,686,-89
343.058,00:03,686,-82
343.104,00:04,686,-93
343.505,00:02,687,-89
343.556,00:03,687,-83
343.604,00:04,687,-93
344.007,00:02,688,-89
344.057,00:03,688,-83
344.104,00:04,688,-93
344.505,00:02,689,-89
344.557,00:03,689,-83
344.604,00:04,689,-93
345.005,00:02,690,-88
345.059,00:03,690,-83
345.105,00:04,690,-93
345.505,00:02,691,-88
345.559,00:03,691,-83
345.606,00:04,691,-93
346.006,00:02,692,-88
346.058,00:03,692,-83
346.106,00:04,692,-93
346.503,00:02,693,-88
346.557,00:03,693,-83
346.606,00:04,693,-93
347.004,00:02,694,-88
347.058,00:03,694,-84
347.105,00:04,694,-93
347.507,00:02,695,-87
347.557,00:03,695,-84
347.606,00:04,695,-93
348.005,00:02,696,-87
348.058,00:03,696,-84
348.104,00:04,696,-94
348.504,00:02,697,-87
348.557,00:03,697,-84
348.605,00:04,697,-94
349.004,00:02,698,-87
349.057,00:03,698,-84
349.107,00:04,698,-94
349.504,00:02,699,-87
349.556,00:03,699,-84
349.607,00:04,699,-94
350.006,00:02,700,-86
350.057,00:03,700,-84
350.104,00:04,700,-94
350.505,00:02,701,-86
350.555,00:03,701,-84
350.606,00:04,701,-94
351.003,00:02,702,-86
351.058,00:03,702,-85
351.107,00:04,702,-94
351.506,00:02,703,-86
351.555,00:03,703,-85
351.606,00:04,703,-94
352.004,00:02,704,-85
352.056,00:03,704,-85
352.106,00:04,704,-94
352.504,00:02,705,-85
352.558,00:03,705,-85
352.605,00:04,705,-94
353.004,00:02,706,-85
353.057,00:03,706,-85
353.104,00:04,706,-94
353.505,00:02,707,-85
353.556,00:03,707,-85
353.605,00:04,707,-94
354.005,00:02,708,-84
354.057,00:03,708,-85
354.106,00:04,708,-94
354.504,00:02,709,-84
354.558,00:03,709,-85
354.606,00:04,709,-94
355.004,00:02,710,-84
355.055,00:03,710,-86
355.105,00:04,710,-94
355.504,00:02,711,-84
355.557,00:03,711,-86
355.607,00:04,711,-94
356.007,00:02,712,-84
356.056,00:03,712,-86
356.104,00:04,712,-94
356.504,00:02,713,-83
356.556,00:03,713,-86
356.607,00:04,713,-94
357.006,00:02,714,-83
357.057,00:03,714,-86
357.105,00:04,714,-94
357.507,00:02,715,-83
357.557,00:03,715,-86
357.605,00:04,715,-94
358.004,00:02,716,-83
358.058,00:03,716,-86
358.106,00:04,716,-94
358.505,00:02,717,-82
358.557,00:03,717,-86
358.605,00:04,717,-94
359.004,00:02,718,-82
359.057,00:03,718,-87
359.106,00:04,718,-94
359.506,00:02,719,-82
359.556,00:03,719,-87
359.605,00:04,719,-94
360.005,00:02,720,-82
360.057,00:03,720,-87
360.105,00:04,720,-94
360.506,00:02,721,-81
360.557,00:03,721,-87
360.605,00:04,721,-94
361.006,00:02,722,-85
361.058,00:03,722,-91
361.107,00:04,722,-98
361.505,00:02,723,-85
361.556,00:03,723,-91
361.606,00:04,723,-98
362.004,00:02,724,-85
362.056,00:03,724,-91
362.105,00:04,724,-98
362.506,00:02,725,-84
362.557,00:03,725,-91
362.605,00:04,725,-99
363.004,00:02,726,-84
363.058,00:03,726,-91
363.106,00:04,726,-99
363.506,00:02,727,-84
363.557,00:03,727,-92
363.606,00:04,727,-99
364.004,00:02,728,-84
364.058,00:03,728,-92
364.104,00:04,728,-99
364.505,00:02,729,-84
364.557,00:03,729,-92
364.607,00:04,729,-99
365.005,00:02,730,-79
365.055,00:03,730,-88
365.107,00:04,730,-95
365.505,00:02,731,-79
365.558,00:03,731,-88
365.607,00:04,731,-95
366.006,00:02,732,-79
366.059,00:03,732,-88
366.106,00:04,732,-95
366.505,00:02,733,-79
366.557,00:03,733,-88
366.604,00:04,733,-95
367.005,00:02,734,-78
367.058,00:03,734,-88
367.105,00:04,734,-95
367.505,00:02,735,-78
367.558,00:03,735,-88
367.604,00:04,735,-95
368.007,00:02,736,-78
368.059,00:03,736,-88
368.105,00:04,736,-95
368.506,00:02,737,-78
368.558,00:03,737,-89
368.606,00:04,737,-95
369.005,00:02,738,-78
369.058,00:03,738,-89
369.106,00:04,738,-95
369.507,00:02,739,-77
369.556,00:03,739,-89
369.605,00:04,739,-95
370.004,00:02,740,-77
370.057,00:03,740,-89
370.106,00:04,740,-95
370.504,00:02,741,-77
370.557,00:03,741,-89
370.607,00:04,741,-95
371.005,00:02,742,-77
371.058,00:03,742,-89
371.106,00:04,742,-95
371.505,00:02,743,-77
371.559,00:03,743,-89
371.607,00:04,743,-95
372.004,00:02,744,-77
372.058,00:03,744,-89
372.106,00:04,744,-95
372.506,00:02,745,-76
372.558,00:03,745,-89
372.607,00:04,745,-95
373.004,00:02,746,-76
373.057,00:03,746,-89
373.107,00:04,746,-95
373.505,00:02,747,-76
373.556,00:03,747,-90
373.606,00:04,747,-96
374.004,00:02,748,-76
374.058,00:03,748,-90
374.106,00:04,748,-96
374.505,00:02,749,-76
374.556,00:03,749,-90
374.607,00:04,749,-96
375.006,00:02,750,-76
375.057,00:03,750,-90
375.106,00:04,750,-96
375.505,00:02,751,-76
375.557,00:03,751,-90
375.607,00:04,751,-96
376.006,00:02,752,-76
376.058,00:03,752,-90
376.105,00:04,752,-96
376.504,00:02,753,-76
376.557,00:03,753,-90
376.605,00:04,753,-96
377.006,00:02,754,-76
377.059,00:03,754,-90
377.107,00:04,754,-96
377.506,00:02,755,-76
377.557,00:03,755,-90
377.606,00:04,755,-96
378.005,00:02,756,-76
378.059,00:03,756,-90
378.106,00:04,756,-96
378.504,00:02,757,-76
378.557,00:03,757,-90
378.606,00:04,757,-96
379.004,00:02,758,-77
379.056,00:03,758,-90
379.106,00:04,758,-96
379.506,00:02,759,-77
379.556,00:03,759,-90
379.606,00:04,759,-96
380.006,00:02,760,-78
380.057,00:03,760,-90
380.105,00:04,760,-96
380.505,00:02,761,-78
380.556,00:03,761,-91
380.606,00:04,761,-96
381.006,00:02,762,-78
381.058,00:03,762,-91
381.106,00:04,762,-95
381.506,00:02,763,-79
381.558,00:03,763,-91
381.606,00:04,763,-95
382.006,00:02,764,-79
382.057,00:03,764,-91
382.105,00:04,764,-95
382.505,00:02,765,-80
382.557,00:03,765,-91
382.606,00:04,765,-95
383.005,00:02,766,-80
383.056,00:03,766,-91
383.105,00:04,766,-95
383.504,00:02,767,-80
383.557,00:03,767,-91
383.605,00:04,767,-95
384.004,00:02,768,-80
384.056,00:03,768,-91
384.104,00:04,768,-95
384.506,00:02,769,-80
384.558,00:03,769,-91
384.608,00:04,769,-95
385.004,00:02,770,-80
385.059,00:03,770,-90
385.106,00:04,770,-95
385.507,00:02,771,-80
385.558,00:03,771,-90
385.606,00:04,771,-95
386.005,00:02,772,-80
386.057,00:03,772,-90
386.106,00:04,772,-95
386.503,00:02,773,-80
386.557,00:03,773,-90
386.605,00:04,773,-95
387.006,00:02,774,-80
387.057,00:03,774,-90
387.106,00:04,774,-95
387.504,00:02,775,-80
387.556,00:03,775,-90
387.604,00:04,775,-95
388.005,00:02,776,-80
388.057,00:03,776,-90
388.105,00:04,776,-95
388.506,00:02,777,-80
388.557,00:03,777,-90
388.605,00:04,777,-95
389.006,00:02,778,-80
389.056,00:03,778,-90
389.106,00:04,778,-95
389.505,00:02,779,-80
389.557,00:03,779,-90
389.604,00:04,779,-94
390.006,00:02,780,-80
390.057,00:03,780,-89
390.104,00:04,780,-94
390.505,00:02,781,-81
390.557,00:03,781,-89
390.605,00:04,781,-94
391.005,00:02,782,-81
391.058,00:03,782,-89
391.106,00:04,782,-94
391.505,00:02,783,-81
391.556,00:03,783,-89
391.605,00:04,783,-94
392.006,00:02,784,-81
392.058,00:03,784,-89
392.107,00:04,784,-94
392.504,00:02,785,-81
392.558,00:03,785,-89
392.604,00:04,785,-94
393.003,00:02,786,-81
393.058,00:03,786,-89
393.105,00:04,786,-94
393.505,00:02,787,-81
393.558,00:03,787,-89
393.605,00:04,787,-94
394.003,00:02,788,-81
394.057,00:03,788,-89
394.105,00:04,788,-94
394.505,00:02,789,-82
394.559,00:03,789,-89
394.606,00:04,789,-94
395.006,00:02,790,-82
395.057,00:03,790,-89
395.106,00:04,790,-94
395.505,00:02,791,-82
395.557,00:03,791,-88
395.605,00:04,791,-94
396.005,00:02,792,-82
396.057,00:03,792,-88
396.105,00:04,792,-94
396.505,00:02,793,-82
396.558,00:03,793,-88
396.605,00:04,793,-94
397.005,00:02,794,-86
397.058,00:03,794,-92
397.107,00:04,794,-98
397.504,00:02,795,-86
397.558,00:03,795,-92
397.606,00:04,795,-98
398.005,00:02,796,-87
398.059,00:03,796,-92
398.105,00:04,796,-98
398.505,00:02,797,-87
398.557,00:03,797,-92
398.605,00:04,797,-98
399.006,00:02,798,-87
399.057,00:03,798,-92
399.104,00:04,798,-97
399.505,00:02,799,-87
399.557,00:03,799,-92
399.605,00:04,799,-97
400.003,00:02,800,-87
400.057,00:03,800,-91
400.104,00:04,800,-97
400.505,00:02,801,-87
400.557,00:03,801,-91
400.604,00:04,801,-97
401.005,00:02,802,-84
401.058,00:03,802,-87
401.106,00:04,802,-93
401.506,00:02,803,-84
401.557,00:03,803,-87
401.605,00:04,803,-93
402.006,00:02,804,-84
402.059,00:03,804,-87
402.104,00:04,804,-93
402.505,00:02,805,-84
402.557,00:03,805,-87
402.604,00:04,805,-93
403.006,00:02,806,-84
403.057,00:03,806,-87
403.107,00:04,806,-93
403.503,00:02,807,-85
403.558,00:03,807,-87
403.605,00:04,807,-93
404.003,00:02,808,-85
404.058,00:03,808,-87
404.105,00:04,808,-93
404.506,00:02,809,-85
404.559,00:03,809,-86
404.606,00:04,809,-93
405.004,00:02,810,-85
405.057,00:03,810,-86
405.105,00:04,810,-93
405.505,00:02,811,-85
405.556,00:03,811,-86
405.607,00:04,811,-93
406.005,00:02,812,-86
406.057,00:03,812,-86
406.105,00:04,812,-93
406.504,00:02,813,-86
406.557,00:03,813,-86
406.606,00:04,813,-93
407.006,00:02,814,-86
407.056,00:03,814,-86
407.106,00:04,814,-93
407.505,00:02,815,-86
407.558,00:03,815,-86
407.606,00:04,815,-93
408.006,00:02,816,-86
408.057,00:03,816,-86
408.104,00:04,816,-93
408.505,00:02,817,-86
408.559,00:03,817,-86
408.604,00:04,817,-93
409.005,00:02,818,-87
409.056,00:03,818,-85
409.106,00:04,818,-93
409.507,00:02,819,-87
409.558,00:03,819,-85
409.605,00:04,819,-93
410.006,00:02,820,-87
410.056,00:03,820,-85
410.107,00:04,820,-93
410.503,00:02,821,-87
410.556,00:03,821,-85
410.606,00:04,821,-93
411.004,00:02,822,-87
411.058,00:03,822,-85
411.105,00:04,822,-92
411.506,00:02,823,-88
411.557,00:03,823,-85
411.606,00:04,823,-92
412.005,00:02,824,-88
412.06,00:03,824,-85
412.107,00:04,824,-92
412.503,00:02,825,-88
412.559,00:03,825,-85
412.605,00:04,825,-92
413.005,00:02,826,-88
413.057,00:03,826,-84
413.104,00:04,826,-92
413.505,00:02,827,-88
413.559,00:03,827,-84
413.607,00:04,827,-92
414.006,00:02,828,-88
414.057,00:03,828,-84
414.106,00:04,828,-92
414.504,00:02,829,-89
414.558,00:03,829,-84
414.605,00:04,829,-92
415.006,00:02,830,-89
415.056,00:03,830,-84
415.105,00:04,830,-92
415.506,00:02,831,-89
415.558,00:03,831,-84
415.606,00:04,831,-92
416.004,00:02,832,-89
416.058,00:03,832,-84
416.106,00:04,832,-92
416.505,00:02,833,-89
416.558,00:03,833,-84
416.606,00:04,833,-92
417.004,00:02,834,-90
417.057,00:03,834,-83
417.106,00:04,834,-92
417.505,00:02,835,-90
417.558,00:03,835,-83
417.606,00:04,835,-92
418.003,00:02,836,-90
418.057,00:03,836,-83
418.104,00:04,836,-92
418.505,00:02,837,-90
418.556,00:03,837,-83
418.606,00:04,837,-92
419.005,00:02,838,-90
419.057,00:03,838,-83
419.105,00:04,838,-92
419.505,00:02,839,-90
419.556,00:03,839,-83
419.605,00:04,839,-92
420.005,00:02,840,-91
420.057,00:03,840,-83
420.105,00:04,840,-92
420.505,00:02,841,-91
420.557,00:03,841,-82
420.605,00:04,841,-92
421.006,00:02,842,-91
421.057,00:03,842,-82
421.107,00:04,842,-92
421.503,00:02,843,-91
421.558,00:03,843,-82
421.605,00:04,843,-92
422.004,00:02,844,-91
422.057,00:03,844,-82
422.105,00:04,844,-92
422.503,00:02,845,-91
422.559,00:03,845,-82
422.605,00:04,845,-92
423.005,00:02,846,-96
423.057,00:03,846,-86
423.104,00:04,846,-96
423.504,00:02,847,-96
423.559,00:03,847,-86
423.606,00:04,847,-96
424.004,00:02,848,-96
424.056,00:03,848,-86
424.107,00:04,848,-96
424.505,00:02,849,-96
424.557,00:03,849,-85
424.605,00:04,849,-96
425.005,00:02,850,-96
425.058,00:03,850,-85
425.105,00:04,850,-96
425.505,00:02,851,-96
425.558,00:03,851,-85
425.605,00:04,851,-96
426.005,00:02,852,-97
426.058,00:03,852,-85
426.104,00:04,852,-96
426.506,00:02,853,-97
426.558,00:03,853,-85
426.604,00:04,853,-96
427.005,00:02,854,-97
427.057,00:03,854,-85
427.106,00:04,854,-96
427.504,00:02,855,-97
427.558,00:03,855,-84
427.606,00:04,855,-96
428.004,00:02,856,-97
428.058,00:03,856,-84
428.106,00:04,856,-96
428.505,00:02,857,-97
428.557,00:03,857,-84
428.607,00:04,857,-96
429.005,00:02,858,-98
429.057,00:03,858,-84
429.105,00:04,858,-96
429.505,00:02,859,-98
429.558,00:03,859,-84
429.604,00:04,859,-96
430.004,00:02,860,-98
430.056,00:03,860,-84
430.107,00:04,860,-96
430.506,00:02,861,-98
430.557,00:03,861,-84
430.604,00:04,861,-96
431.004,00:02,862,-98
431.057,00:03,862,-83
431.106,00:04,862,-96
431.505,00:02,863,-98
431.558,00:03,863,-83
431.607,00:04,863,-96
432.006,00:02,864,-98
432.058,00:03,864,-83
432.106,00:04,864,-96
432.506,00:02,865,-99
432.556,00:03,865,-83
432.604,00:04,865,-96
433.006,00:02,866,-99
433.057,00:03,866,-83
433.106,00:04,866,-96
433.504,00:02,867,-99
433.557,00:03,867,-83
433.604,00:04,867,-96
434.004,00:02,868,-99
434.056,00:03,868,-82
434.106,00:04,868,-96
434.506,00:02,869,-99
434.556,00:03,869,-82
434.607,00:04,869,-96
435.006,00:02,870,-95
435.059,00:03,870,-78
435.107,00:04,870,-92
435.505,00:02,871,-95
435.559,00:03,871,-78
435.606,00:04,871,-92
436.006,00:02,872,-96
436.057,00:03,872,-78
436.105,00:04,872,-92
436.505,00:02,873,-96
436.558,00:03,873,-78
436.605,00:04,873,-92
437.005,00:02,874,-96
437.057,00:03,874,-77
437.104,00:04,874,-92
437.503,00:02,875,-96
437.559,00:03,875,-77
437.605,00:04,875,-92
438.004,00:02,876,-96
438.058,00:03,876,-77
438.107,00:04,876,-92
438.505,00:02,877,-96
438.559,00:03,877,-77
438.605,00:04,877,-92
439.003,00:02,878,-96
439.057,00:03,878,-77
439.106,00:04,878,-92
439.505,00:02,879,-97
439.558,00:03,879,-77
439.606,00:04,879,-92
440.006,00:02,880,-97
440.058,00:03,880,-76
440.104,00:04,880,-92
440.505,00:02,881,-97
440.557,00:03,881,-76
440.605,00:04,881,-92
441.004,00:02,882,-97
441.057,00:03,882,-76
441.105,00:04,882,-92
441.506,00:02,883,-97
441.559,00:03,883,-76
441.606,00:04,883,-92
442.003,00:02,884,-97
442.058,00:03,884,-76
442.106,00:04,884,-92
442.505,00:02,885,-97
442.557,00:03,885,-76
442.604,00:04,885,-92
443.006,00:02,886,-97
443.058,00:03,886,-75
443.105,00:04,886,-92
443.505,00:02,887,-98
443.559,00:03,887,-75
443.606,00:04,887,-92
444.005,00:02,888,-98
444.058,00:03,888,-75
444.106,00:04,888,-92
444.504,00:02,889,-98
444.558,00:03,889,-75
444.604,00:04,889,-92
445.004,00:02,890,-98
445.058,00:03,890,-75
445.105,00:04,890,-92
445.504,00:02,891,-98
445.556,00:03,891,-74
445.605,00:04,891,-92
446.005,00:02,892,-98
446.059,00:03,892,-74
446.105,00:04,892,-92
446.505,00:02,893,-98
446.559,00:03,893,-74
446.605,00:04,893,-92
447.004,00:02,894,-98
447.057,00:03,894,-74
447.105,00:04,894,-93
447.505,00:02,895,-99
447.558,00:03,895,-74
447.607,00:04,895,-93
448.006,00:02,896,-99
448.059,00:03,896,-74
448.106,00:04,896,-93
448.504,00:02,897,-99
448.559,00:03,897,-73
448.605,00:04,897,-93
449.005,00:02,898,-99
449.058,00:03,898,-73
449.106,00:04,898,-93
449.504,00:02,899,-99
449.557,00:03,899,-73
449.606,00:04,899,-93
450.003,00:02,900,-99
450.06,00:03,900,-73
450.106,00:04,900,-93
450.503,00:02,901,-99
450.56,00:03,901,-73
450.604,00:04,901,-93
451.004,00:02,902,-99
451.057,00:03,902,-72
451.105,00:04,902,-93
451.505,00:02,903,-100
451.559,00:03,903,-72
451.606,00:04,903,-93
452.006,00:02,904,-100
452.057,00:03,904,-72
452.106,00:04,904,-93
452.505,00:02,905,-100
452.559,00:03,905,-72
452.606,00:04,905,-93
453.003,00:02,906,-100
453.057,00:03,906,-72
453.106,00:04,906,-93
453.505,00:02,907,-100
453.557,00:03,907,-71
453.604,00:04,907,-93
454.006,00:02,908,-100
454.056,00:03,908,-71
454.106,00:04,908,-93
454.505,00:02,909,-100
454.559,00:03,909,-71
454.607,00:04,909,-93
455.006,00:02,910,-100
455.056,00:03,910,-71
455.107,00:04,910,-93
455.506,00:02,911,-100
455.558,00:03,911,-71
455.606,00:04,911,-93
456.006,00:02,912,-101
456.058,00:03,912,-71
456.106,00:04,912,-93
456.506,00:02,913,-101
456.558,00:03,913,-70
456.605,00:04,913,-93
457.004,00:02,914,-105
457.058,00:03,914,-74
457.107,00:04,914,-97
457.504,00:02,915,-105
457.559,00:03,915,-74
457.607,00:04,915,-97
458.007,00:02,916,-105
458.058,00:03,916,-74
458.106,00:04,916,-97
458.506,00:02,917,-105
458.558,00:03,917,-74
458.606,00:04,917,-97
459.006,00:02,918,-105
459.059,00:03,918,-73
459.104,00:04,918,-97
459.506,00:02,919,-105
459.556,00:03,919,-73
459.606,00:04,919,-98
460.004,00:02,920,-105
460.058,00:03,920,-73
460.104,00:04,920,-98
460.504,00:02,921,-105
460.558,00:03,921,-73
460.606,00:04,921,-98
461.004,00:02,922,-102
461.06,00:03,922,-69
461.105,00:04,922,-94
461.505,00:02,923,-102
461.558,00:03,923,-69
461.606,00:04,923,-94
462.005,00:02,924,-102
462.059,00:03,924,-69
462.105,00:04,924,-94
462.506,00:02,925,-102
462.557,00:03,925,-68
462.607,00:04,925,-94
463.005,00:02,926,-102
463.058,00:03,926,-68
463.106,00:04,926,-94
463.505,00:02,927,-102
463.557,00:03,927,-68
463.604,00:04,927,-94
464.006,00:02,928,-102
464.059,00:03,928,-68
464.106,00:04,928,-94
464.505,00:02,929,-102
464.557,00:03,929,-68
464.605,00:04,929,-94
465.003,00:02,930,-102
465.058,00:03,930,-68
465.107,00:04,930,-94
465.504,00:02,931,-102
465.558,00:03,931,-68
465.607,00:04,931,-94
466.004,00:02,932,-103
466.058,00:03,932,-67
466.105,00:04,932,-94
466.506,00:02,933,-103
466.557,00:03,933,-67
466.605,00:04,933,-94
467.005,00:02,934,-103
467.058,00:03,934,-67
467.106,00:04,934,-94
467.505,00:02,935,-103
467.558,00:03,935,-67
467.605,00:04,935,-94
468.007,00:02,936,-103
468.059,00:03,936,-67
468.105,00:04,936,-94
468.505,00:02,937,-103
468.557,00:03,937,-67
468.605,00:04,937,-94
469.003,00:02,938,-103
469.057,00:03,938,-67
469.105,00:04,938,-95
469.505,00:02,939,-103
469.556,00:03,939,-67
469.605,00:04,939,-95
470.005,00:02,940,-103
470.059,00:03,940,-67
470.106,00:04,940,-95
470.505,00:02,941,-103
470.557,00:03,941,-67
470.606,00:04,941,-95
471.004,00:02,942,-104
471.058,00:03,942,-67
471.104,00:04,942,-95
471.506,00:02,943,-104
471.559,00:03,943,-67
471.606,00:04,943,-95
472.005,00:02,944,-104
472.058,00:03,944,-67
472.104,00:04,944,-95
472.505,00:02,945,-104
472.558,00:03,945,-66
472.607,00:04,945,-95
473.004,00:02,946,-104
473.056,00:03,946,-66
473.104,00:04,946,-95
473.506,00:02,947,-104
473.557,00:03,947,-66
473.606,00:04,947,-95
474.005,00:02,948,-104
474.057,00:03,948,-66
474.106,00:04,948,-95
474.504,00:02,949,-104
474.557,00:03,949,-67
474.604,00:04,949,-95
475.004,00:02,950,-104
475.058,00:03,950,-67
475.105,00:04,950,-95
475.506,00:02,951,-104
475.556,00:03,951,-68
475.605,00:04,951,-95
476.004,00:02,952,-104
476.059,00:03,952,-68
476.105,00:04,952,-95
476.503,00:02,953,-104
476.558,00:03,953,-68
476.605,00:04,953,-95
477.004,00:02,954,-104
477.057,00:03,954,-69
477.105,00:04,954,-95
477.506,00:02,955,-104
477.558,00:03,955,-69
477.606,00:04,955,-94
478.004,00:02,956,-104
478.058,00:03,956,-69
478.105,00:04,956,-94
478.504,00:02,957,-104
478.558,00:03,957,-70
478.607,00:04,957,-94
479.005,00:02,958,-104
479.059,00:03,958,-70
479.106,00:04,958,-94
479.505,00:02,959,-104
479.558,00:03,959,-70
479.604,00:04,959,-94
480.005,00:02,960,-104
480.058,00:03,960,-70
480.106,00:04,960,-94
480.504,00:02,961,-104
480.558,00:03,961,-70
480.604,00:04,961,-94
481.004,00:02,962,-104
481.059,00:03,962,-70
481.106,00:04,962,-94
481.507,00:02,963,-104
481.559,00:03,963,-70
481.605,00:04,963,-94
482.003,00:02,964,-104
482.057,00:03,964,-70
482.106,00:04,964,-94
482.504,00:02,965,-104
482.558,00:03,965,-70
482.606,00:04,965,-94
483.004,00:02,966,-104
483.057,00:03,966,-70
483.107,00:04,966,-94
483.504,00:02,967,-104
483.558,00:03,967,-70
483.606,00:04,967,-94
484.004,00:02,968,-104
484.059,00:03,968,-70
484.106,00:04,968,-94
484.505,00:02,969,-104
484.559,00:03,969,-70
484.604,00:04,969,-94
485.005,00:02,970,-103
485.057,00:03,970,-70
485.106,00:04,970,-94
485.504,00:02,971,-103
485.559,00:03,971,-70
485.605,00:04,971,-93
486.005,00:02,972,-103
486.059,00:03,972,-70
486.108,00:04,972,-93
486.505,00:02,973,-103
486.559,00:03,973,-70
486.605,00:04,973,-93
487.005,00:02,974,-103
487.058,00:03,974,-70
487.105,00:04,974,-93
487.504,00:02,975,-103
487.557,00:03,975,-70
487.606,00:04,975,-93
488.005,00:02,976,-103
488.058,00:03,976,-71
488.104,00:04,976,-93
488.506,00:02,977,-103
488.558,00:03,977,-71
488.607,00:04,977,-93
489.004,00:02,978,-103
489.057,00:03,978,-71
489.106,00:04,978,-93
489.505,00:02,979,-103
489.558,00:03,979,-71
489.606,00:04,979,-93
490.005,00:02,980,-102
490.057,00:03,980,-71
490.105,00:04,980,-93
490.505,00:02,981,-102
490.558,00:03,981,-71
490.606,00:04,981,-93
491.003,00:02,982,-102
491.057,00:03,982,-71
491.107,00:04,982,-93
491.504,00:02,983,-102
491.559,00:03,983,-71
491.607,00:04,983,-93
492.006,00:02,984,-102
492.057,00:03,984,-71
492.105,00:04,984,-93
492.505,00:02,985,-102
492.559,00:03,985,-71
492.605,00:04,985,-93
493.004,00:02,986,-106
493.058,00:03,986,-76
493.107,00:04,986,-97
493.505,00:02,987,-106
493.559,00:03,987,-76
493.604,00:04,987,-97
494.004,00:02,988,-106
494.057,00:03,988,-76
494.106,00:04,988,-96
494.504,00:02,989,-106
494.556,00:03,989,-76
494.604,00:04,989,-96
495.004,00:02,990,-106
495.057,00:03,990,-76
495.105,00:04,990,-96
495.504,00:02,991,-105
495.56,00:03,991,-76
495.606,00:04,991,-96
496.004,00:02,992,-105
496.058,00:03,992,-76
496.108,00:04,992,-96
496.504,00:02,993,-105
496.559,00:03,993,-76
496.607,00:04,993,-96
497.004,00:02,994,-101
497.058,00:03,994,-73
497.106,00:04,994,-92
497.505,00:02,995,-101
497.559,00:03,995,-73
497.604,00:04,995,-92
498.004,00:02,996,-101
498.058,00:03,996,-73
498.107,00:04,996,-92
498.507,00:02,997,-101
498.558,00:03,997,-73
498.606,00:04,997,-92
499.003,00:02,998,-101
499.058,00:03,998,-73
499.104,00:04,998,-92
499.507,00:02,999,-101
499.558,00:03,999,-73
499.606,00:04,999,-92
500.006,00:02,1000,-100
500.058,00:03,1000,-73
500.106,00:04,1000,-92
500.505,00:02,1001,-100
500.557,00:03,1001,-74
500.605,00:04,1001,-92
501.004,00:02,1002,-100
501.059,00:03,1002,-74
501.104,00:04,1002,-92
501.506,00:02,1003,-100
501.56,00:03,1003,-74
501.607,00:04,1003,-92
502.005,00:02,1004,-100
502.058,00:03,1004,-74
502.108,00:04,1004,-92
502.505,00:02,1005,-100
502.557,00:03,1005,-74
502.607,00:04,1005,-92
503.007,00:02,1006,-100
503.059,00:03,1006,-74
503.104,00:04,1006,-92
503.507,00:02,1007,-100
503.559,00:03,1007,-74
503.604,00:04,1007,-92
504.006,00:02,1008,-100
504.059,00:03,1008,-75
504.106,00:04,1008,-91
504.506,00:02,1009,-99
504.556,00:03,1009,-75
504.607,00:04,1009,-91
505.006,00:02,1010,-99
505.059,00:03,1010,-75
505.105,00:04,1010,-91
505.504,00:02,1011,-99
505.559,00:03,1011,-75
505.607,00:04,1011,-91
506.005,00:02,1012,-99
506.057,00:03,1012,-75
506.104,00:04,1012,-91
506.505,00:02,1013,-99
506.557,00:03,1013,-75
506.606,00:04,1013,-91
507.005,00:02,1014,-99
507.057,00:03,1014,-76
507.105,00:04,1014,-91
507.505,00:02,1015,-99
507.558,00:03,1015,-76
507.605,00:04,1015,-91
508.004,00:02,1016,-99
508.059,00:03,1016,-76
508.105,00:04,1016,-91
508.504,00:02,1017,-99
508.556,00:03,1017,-76
508.605,00:04,1017,-91
509.004,00:02,1018,-98
509.058,00:03,1018,-76
509.104,00:04,1018,-91
509.506,00:02,1019,-98
509.558,00:03,1019,-76
509.607,00:04,1019,-91
510.005,00:02,1020,-98
510.058,00:03,1020,-76
510.107,00:04,1020,-91
510.506,00:02,1021,-98
510.558,00:03,1021,-77
510.606,00:04,1021,-91
511.006,00:02,1022,-98
511.058,00:03,1022,-77
511.106,00:04,1022,-91
511.504,00:02,1023,-98
511.557,00:03,1023,-77
511.607,00:04,1023,-91
512.006,00:02,1024,-98
512.056,00:03,1024,-77
512.106,00:04,1024,-91
512.504,00:02,1025,-98
512.558,00:03,1025,-77
512.605,00:04,1025,-91
513.004,00:02,1026,-97
513.058,00:03,1026,-77
513.104,00:04,1026,-91
513.504,00:02,1027,-97
513.558,00:03,1027,-78
513.605,00:04,1027,-91
514.004,00:02,1028,-97
514.059,00:03,1028,-78
514.106,00:04,1028,-91
514.505,00:02,1029,-97
514.559,00:03,1029,-78
514.607,00:04,1029,-91
515.007,00:02,1030,-97
515.06,00:03,1030,-78
515.105,00:04,1030,-91
515.506,00:02,1031,-97
515.558,00:03,1031,-78
515.607,00:04,1031,-91
516.004,00:02,1032,-97
516.059,00:03,1032,-78
516.105,00:04,1032,-91
516.503,00:02,1033,-97
516.557,00:03,1033,-78
516.605,00:04,1033,-91
517.004,00:02,1034,-96
517.059,00:03,1034,-79
517.106,00:04,1034,-91
517.506,00:02,1035,-96
517.558,00:03,1035,-79
517.605,00:04,1035,-91
518.004,00:02,1036,-96
518.058,00:03,1036,-79
518.104,00:04,1036,-91
518.505,00:02,1037,-96
518.558,00:03,1037,-79
518.605,00:04,1037,-91
519.005,00:02,1038,-100
519.058,00:03,1038,-83
519.107,00:04,1038,-95
519.506,00:02,1039,-100
519.557,00:03,1039,-83
519.606,00:04,1039,-95
520.003,00:02,1040,-100
520.057,00:03,1040,-83
520.107,00:04,1040,-95
520.504,00:02,1041,-100
520.558,00:03,1041,-84
520.607,00:04,1041,-95
521.003,00:02,1042,-99
521.059,00:03,1042,-84
521.105,00:04,1042,-95
521.505,00:02,1043,-99
521.558,00:03,1043,-84
521.605,00:04,1043,-95
522.006,00:02,1044,-99
522.058,00:03,1044,-84
522.107,00:04,1044,-95
522.503,00:02,1045,-99
522.557,00:03,1045,-84
522.605,00:04,1045,-95
523.006,00:02,1046,-99
523.058,00:03,1046,-84
523.105,00:04,1046,-95
523.506,00:02,1047,-99
523.556,00:03,1047,-84
523.607,00:04,1047,-95
524.004,00:02,1048,-99
524.058,00:03,1048,-85
524.107,00:04,1048,-95
524.505,00:02,1049,-98
524.56,00:03,1049,-85
524.607,00:04,1049,-95
525.005,00:02,1050,-98
525.057,00:03,1050,-85
525.106,00:04,1050,-95
525.504,00:02,1051,-98
525.558,00:03,1051,-85
525.606,00:04,1051,-95
526.005,00:02,1052,-98
526.057,00:03,1052,-85
526.107,00:04,1052,-95
526.505,00:02,1053,-98
526.557,00:03,1053,-85
526.607,00:04,1053,-95
527.005,00:02,1054,-98
527.058,00:03,1054,-85
527.107,00:04,1054,-95
527.503,00:02,1055,-98
527.557,00:03,1055,-86
527.606,00:04,1055,-95
528.004,00:02,1056,-98
528.059,00:03,1056,-86
528.106,00:04,1056,-95
528.505,00:02,1057,-97
528.559,00:03,1057,-86
528.606,00:04,1057,-95
529.005,00:02,1058,-97
529.058,00:03,1058,-86
529.106,00:04,1058,-95
529.506,00:02,1059,-97
529.557,00:03,1059,-86
529.605,00:04,1059,-95
530.004,00:02,1060,-97
530.058,00:03,1060,-86
530.108,00:04,1060,-95
530.507,00:02,1061,-97
530.558,00:03,1061,-86
530.605,00:04,1061,-95
531.004,00:02,1062,-93
531.057,00:03,1062,-83
531.105,00:04,1062,-91
531.504,00:02,1063,-92
531.558,00:03,1063,-83
531.605,00:04,1063,-91
532.005,00:02,1064,-92
532.058,00:03,1064,-83
532.107,00:04,1064,-91
532.505,00:02,1065,-92
532.56,00:03,1065,-83
532.608,00:04,1065,-91
533.004,00:02,1066,-92
533.058,00:03,1066,-83
533.104,00:04,1066,-91
533.506,00:02,1067,-92
533.558,00:03,1067,-83
533.607,00:04,1067,-91
534.004,00:02,1068,-92
534.059,00:03,1068,-83
534.106,00:04,1068,-91
534.505,00:02,1069,-92
534.558,00:03,1069,-83
534.605,00:04,1069,-91
535.004,00:02,1070,-91
535.059,00:03,1070,-84
535.105,00:04,1070,-91
535.506,00:02,1071,-91
535.557,00:03,1071,-84
535.606,00:04,1071,-91
536.005,00:02,1072,-91
536.058,00:03,1072,-84
536.107,00:04,1072,-91
536.505,00:02,1073,-91
536.559,00:03,1073,-84
536.607,00:04,1073,-91
537.006,00:02,1074,-91
537.057,00:03,1074,-84
537.105,00:04,1074,-91
537.505,00:02,1075,-91
537.558,00:03,1075,-84
537.606,00:04,1075,-91
538.005,00:02,1076,-91
538.059,00:03,1076,-84
538.107,00:04,1076,-91
538.505,00:02,1077,-90
538.559,00:03,1077,-84
538.607,00:04,1077,-91
539.005,00:02,1078,-90
539.059,00:03,1078,-85
539.105,00:04,1078,-91
539.504,00:02,1079,-90
539.558,00:03,1079,-85
539.605,00:04,1079,-91
540.005,00:02,1080,-90
540.059,00:03,1080,-85
540.105,00:04,1080,-91
540.505,00:02,1081,-90
540.56,00:03,1081,-85
540.607,00:04,1081,-91
541.005,00:02,1082,-90
541.06,00:03,1082,-85
541.105,00:04,1082,-91
541.504,00:02,1083,-89
541.558,00:03,1083,-85
541.606,00:04,1083,-91
542.004,00:02,1084,-89
542.059,00:03,1084,-85
542.104,00:04,1084,-91
542.506,00:02,1085,-89
542.559,00:03,1085,-85
542.605,00:04,1085,-91
543.005,00:02,1086,-89
543.056,00:03,1086,-85
543.106,00:04,1086,-91
543.505,00:02,1087,-89
543.559,00:03,1087,-86
543.605,00:04,1087,-91
544.005,00:02,1088,-89
544.058,00:03,1088,-86
544.106,00:04,1088,-91
544.505,00:02,1089,-89
544.558,00:03,1089,-86
544.608,00:04,1089,-91
545.005,00:02,1090,-88
545.058,00:03,1090,-86
545.107,00:04,1090,-91
545.505,00:02,1091,-88
545.559,00:03,1091,-86
545.605,00:04,1091,-91
546.004,00:02,1092,-88
546.058,00:03,1092,-86
546.105,00:04,1092,-92
546.506,00:02,1093,-88
546.56,00:03,1093,-86
546.605,00:04,1093,-92
547.005,00:02,1094,-88
547.058,00:03,1094,-86
547.104,00:04,1094,-92
547.506,00:02,1095,-88
547.559,00:03,1095,-86
547.605,00:04,1095,-92
548.004,00:02,1096,-87
548.056,00:03,1096,-87
548.105,00:04,1096,-92
548.506,00:02,1097,-87
548.56,00:03,1097,-87
548.604,00:04,1097,-92
549.006,00:02,1098,-87
549.06,00:03,1098,-87
549.104,00:04,1098,-92
549.506,00:02,1099,-87
549.558,00:03,1099,-87
549.605,00:04,1099,-92
550.005,00:02,1100,-87
550.058,00:03,1100,-87
550.105,00:04,1100,-92
550.505,00:02,1101,-87
550.557,00:03,1101,-87
550.604,00:04,1101,-92
551.004,00:02,1102,-87
551.058,00:03,1102,-87
551.104,00:04,1102,-92
551.504,00:02,1103,-86
551.558,00:03,1103,-87
551.605,00:04,1103,-92
552.005,00:02,1104,-86
552.059,00:03,1104,-87
552.105,00:04,1104,-92
552.506,00:02,1105,-86
552.56,00:03,1105,-88
552.606,00:04,1105,-92
553.005,00:02,1106,-90
553.058,00:03,1106,-92
553.106,00:04,1106,-96
553.505,00:02,1107,-90
553.557,00:03,1107,-92
553.606,00:04,1107,-96
554.004,00:02,1108,-90
554.06,00:03,1108,-92
554.104,00:04,1108,-96
554.504,00:02,1109,-90
554.557,00:03,1109,-92
554.605,00:04,1109,-96
555.004,00:02,1110,-89
555.058,00:03,1110,-92
555.105,00:04,1110,-96
555.506,00:02,1111,-89
555.557,00:03,1111,-92
555.605,00:04,1111,-96
556.003,00:02,1112,-89
556.059,00:03,1112,-92
556.105,00:04,1112,-96
556.506,00:02,1113,-89
556.559,00:03,1113,-92
556.605,00:04,1113,-97
557.004,00:02,1114,-85
557.059,00:03,1114,-88
557.105,00:04,1114,-93
557.506,00:02,1115,-85
557.558,00:03,1115,-89
557.604,00:04,1115,-93
558.005,00:02,1116,-85
558.06,00:03,1116,-89
558.105,00:04,1116,-93
558.504,00:02,1117,-85
558.56,00:03,1117,-89
558.607,00:04,1117,-93
559.004,00:02,1118,-85
559.059,00:03,1118,-89
559.106,00:04,1118,-93
559.505,00:02,1119,-84
559.558,00:03,1119,-89
559.607,00:04,1119,-93
560.005,00:02,1120,-84
560.057,00:03,1120,-89
560.107,00:04,1120,-93
560.506,00:02,1121,-84
560.558,00:03,1121,-89
560.605,00:04,1121,-93
561.006,00:02,1122,-84
561.057,00:03,1122,-89
561.106,00:04,1122,-93
561.505,00:02,1123,-84
561.558,00:03,1123,-89
561.604,00:04,1123,-93
562.007,00:02,1124,-84
562.06,00:03,1124,-89
562.107,00:04,1124,-93
562.503,00:02,1125,-84
562.559,00:03,1125,-90
562.605,00:04,1125,-93
563.005,00:02,1126,-84
563.058,00:03,1126,-90
563.105,00:04,1126,-93
563.505,00:02,1127,-84
563.557,00:03,1127,-90
563.605,00:04,1127,-93
564.005,00:02,1128,-84
564.058,00:03,1128,-90
564.108,00:04,1128,-93
564.505,00:02,1129,-84
564.559,00:03,1129,-90
564.606,00:04,1129,-94
565.006,00:02,1130,-84
565.057,00:03,1130,-90
565.108,00:04,1130,-94
565.505,00:02,1131,-84
565.559,00:03,1131,-90
565.604,00:04,1131,-94
566.004,00:02,1132,-83
566.06,00:03,1132,-90
566.107,00:04,1132,-94
566.505,00:02,1133,-83
566.559,00:03,1133,-90
566.606,00:04,1133,-94
567.005,00:02,1134,-83
567.06,00:03,1134,-90
567.106,00:04,1134,-94
567.505,00:02,1135,-83
567.557,00:03,1135,-90
567.606,00:04,1135,-94
568.006,00:02,1136,-83
568.057,00:03,1136,-91
568.108,00:04,1136,-94
568.505,00:02,1137,-83
568.558,00:03,1137,-91
568.606,00:04,1137,-94
569.003,00:02,1138,-83
569.059,00:03,1138,-91
569.104,00:04,1138,-94
569.505,00:02,1139,-83
569.56,00:03,1139,-91
569.606,00:04,1139,-94
570.005,00:02,1140,-83
570.058,00:03,1140,-91
570.105,00:04,1140,-94
570.505,00:02,1141,-84
570.559,00:03,1141,-91
570.605,00:04,1141,-94
571.005,00:02,1142,-84
571.059,00:03,1142,-91
571.106,00:04,1142,-94
571.505,00:02,1143,-84
571.558,00:03,1143,-91
571.605,00:04,1143,-94
572.005,00:02,1144,-85
572.058,00:03,1144,-91
572.105,00:04,1144,-94
572.506,00:02,1145,-85
572.558,00:03,1145,-91
572.604,00:04,1145,-94
573.006,00:02,1146,-85
573.059,00:03,1146,-91
573.105,00:04,1146,-94
573.505,00:02,1147,-85
573.557,00:03,1147,-91
573.607,00:04,1147,-94
574.004,00:02,1148,-86
574.059,00:03,1148,-91
574.106,00:04,1148,-93
574.503,00:02,1149,-86
574.56,00:03,1149,-91
574.606,00:04,1149,-93
575.006,00:02,1150,-86
575.059,00:03,1150,-91
575.105,00:04,1150,-93
575.505,00:02,1151,-86
575.558,00:03,1151,-91
575.606,00:04,1151,-93
576.004,00:02,1152,-86
576.06,00:03,1152,-91
576.105,00:04,1152,-93
576.505,00:02,1153,-86
576.56,00:03,1153,-91
576.608,00:04,1153,-93
577.006,00:02,1154,-86
577.058,00:03,1154,-91
577.105,00:04,1154,-93
577.506,00:02,1155,-86
577.56,00:03,1155,-91
577.606,00:04,1155,-93
578.006,00:02,1156,-86
578.057,00:03,1156,-91
578.107,00:04,1156,-93
578.504,00:02,1157,-86
578.557,00:03,1157,-91
578.605,00:04,1157,-93
579.004,00:02,1158,-86
579.059,00:03,1158,-91
579.106,00:04,1158,-93
579.506,00:02,1159,-86
579.558,00:03,1159,-91
579.605,00:04,1159,-93
580.007,00:02,1160,-86
580.059,00:03,1160,-90
580.107,00:04,1160,-93
580.506,00:02,1161,-86
580.557,00:03,1161,-90
580.604,00:04,1161,-93
581.006,00:02,1162,-86
581.058,00:03,1162,-90
581.105,00:04,1162,-93
581.503,00:02,1163,-86
581.557,00:03,1163,-90
581.606,00:04,1163,-92
582.005,00:02,1164,-86
582.059,00:03,1164,-90
582.104,00:04,1164,-92
582.505,00:02,1165,-86
582.559,00:03,1165,-90
582.606,00:04,1165,-92
583.003,00:02,1166,-87
583.057,00:03,1166,-90
583.106,00:04,1166,-92
583.504,00:02,1167,-87
583.559,00:03,1167,-90
583.605,00:04,1167,-92
584.007,00:02,1168,-87
584.06,00:03,1168,-90
584.106,00:04,1168,-92
584.505,00:02,1169,-87
584.559,00:03,1169,-90
584.605,00:04,1169,-92
585.005,00:02,1170,-87
585.059,00:03,1170,-90
585.105,00:04,1170,-92
585.504,00:02,1171,-87
585.559,00:03,1171,-89
585.605,00:04,1171,-92
586.003,00:02,1172,-87
586.057,00:03,1172,-89
586.106,00:04,1172,-92
586.505,00:02,1173,-87
586.559,00:03,1173,-89
586.604,00:04,1173,-92
587.006,00:02,1174,-87
587.059,00:03,1174,-89
587.105,00:04,1174,-92
587.505,00:02,1175,-87
587.558,00:03,1175,-89
587.607,00:04,1175,-92
588.004,00:02,1176,-87
588.057,00:03,1176,-89
588.104,00:04,1176,-92
588.505,00:02,1177,-87
588.56,00:03,1177,-89
588.604,00:04,1177,-92
589.004,00:02,1178,-91
589.06,00:03,1178,-93
589.106,00:04,1178,-95
589.505,00:02,1179,-91
589.559,00:03,1179,-93
589.606,00:04,1179,-95
590.005,00:02,1180,-92
590.058,00:03,1180,-93
590.105,00:04,1180,-95
590.506,00:02,1181,-92
590.558,00:03,1181,-93
590.607,00:04,1181,-95
591.003,00:02,1182,-92
591.059,00:03,1182,-92
591.107,00:04,1182,-95
591.504,00:02,1183,-92
591.559,00:03,1183,-92
591.605,00:04,1183,-95
592.007,00:02,1184,-92
592.058,00:03,1184,-92
592.106,00:04,1184,-95
592.504,00:02,1185,-92
592.558,00:03,1185,-92
592.606,00:04,1185,-95
593.005,00:02,1186,-88
593.059,00:03,1186,-88
593.106,00:04,1186,-91
593.504,00:02,1187,-88
593.559,00:03,1187,-88
593.606,00:04,1187,-91
594.006,00:02,1188,-88
594.06,00:03,1188,-88
594.106,00:04,1188,-91
594.507,00:02,1189,-89
594.558,00:03,1189,-88
594.607,00:04,1189,-91
595.006,00:02,1190,-89
595.057,00:03,1190,-88
595.106,00:04,1190,-91
595.505,00:02,1191,-89
595.559,00:03,1191,-88
595.604,00:04,1191,-91
596.005,00:02,1192,-89
596.059,00:03,1192,-87
596.108,00:04,1192,-91
596.506,00:02,1193,-89
596.559,00:03,1193,-87
596.607,00:04,1193,-91
597.003,00:02,1194,-89
597.058,00:03,1194,-87
597.107,00:04,1194,-90
597.505,00:02,1195,-89
597.558,00:03,1195,-87
597.606,00:04,1195,-90
598.004,00:02,1196,-89
598.058,00:03,1196,-87
598.107,00:04,1196,-90
598.504,00:02,1197,-89
598.56,00:03,1197,-87
598.606,00:04,1197,-90
599.004,00:02,1198,-90
599.061,00:03,1198,-87
599.106,00:04,1198,-90
599.505,00:02,1199,-90
599.559,00:03,1199,-87
599.607,00:04,1199,-90
600.005,00:02,1200,-90
600.058,00:03,1200,-87
600.107,00:04,1200,-90
600.506,00:02,1201,-90
600.56,00:03,1201,-87
600.604,00:04,1201,-90
601.007,00:02,1202,-90
601.057,00:03,1202,-86
601.104,00:04,1202,-90
601.504,00:02,1203,-90
601.558,00:03,1203,-86
601.606,00:04,1203,-90
602.005,00:02,1204,-90
602.06,00:03,1204,-86
602.105,00:04,1204,-90
602.506,00:02,1205,-90
602.559,00:03,1205,-86
602.606,00:04,1205,-90
603.003,00:02,1206,-91
603.06,00:03,1206,-86
603.105,00:04,1206,-90
603.506,00:02,1207,-91
603.56,00:03,1207,-86
603.606,00:04,1207,-90
604.006,00:02,1208,-91
604.059,00:03,1208,-86
604.105,00:04,1208,-90
604.507,00:02,1209,-91
604.558,00:03,1209,-86
604.604,00:04,1209,-90
605.005,00:02,1210,-91
605.06,00:03,1210,-86
605.107,00:04,1210,-90
605.505,00:02,1211,-91
605.559,00:03,1211,-85
605.605,00:04,1211,-90
606.006,00:02,1212,-91
606.059,00:03,1212,-85
606.104,00:04,1212,-90
606.505,00:02,1213,-91
606.558,00:03,1213,-85
606.607,00:04,1213,-90
607.004,00:02,1214,-92
607.057,00:03,1214,-85
607.106,00:04,1214,-90
607.504,00:02,1215,-92
607.558,00:03,1215,-85
607.605,00:04,1215,-90
608.005,00:02,1216,-92
608.058,00:03,1216,-85
608.106,00:04,1216,-90
608.504,00:02,1217,-92
608.558,00:03,1217,-85
608.607,00:04,1217,-89
609.005,00:02,1218,-92
609.06,00:03,1218,-85
609.107,00:04,1218,-89
609.507,00:02,1219,-92
609.558,00:03,1219,-85
609.606,00:04,1219,-89
610.005,00:02,1220,-92
610.059,00:03,1220,-84
610.105,00:04,1220,-89
610.506,00:02,1221,-93
610.559,00:03,1221,-84
610.606,00:04,1221,-89
611.005,00:02,1222,-93
611.059,00:03,1222,-84
611.105,00:04,1222,-89
611.505,00:02,1223,-93
611.559,00:03,1223,-84
611.608,00:04,1223,-89
612.003,00:02,1224,-93
612.059,00:03,1224,-84
612.105,00:04,1224,-89
612.506,00:02,1225,-93
612.559,00:03,1225,-84
612.607,00:04,1225,-89
613.003,00:02,1226,-93
613.059,00:03,1226,-84
613.105,00:04,1226,-89
613.506,00:02,1227,-93
613.56,00:03,1227,-84
613.605,00:04,1227,-89
614.005,00:02,1228,-93
614.059,00:03,1228,-83
614.106,00:04,1228,-89
614.504,00:02,1229,-94
614.559,00:03,1229,-83
614.607,00:04,1229,-89
615.005,00:02,1230,-94
615.059,00:03,1230,-83
615.106,00:04,1230,-89
615.505,00:02,1231,-94
615.557,00:03,1231,-83
615.606,00:04,1231,-89
616.005,00:02,1232,-94
616.058,00:03,1232,-83
616.105,00:04,1232,-89
616.505,00:02,1233,-94
616.56,00:03,1233,-83
616.606,00:04,1233,-89
617.006,00:02,1234,-94
617.058,00:03,1234,-83
617.105,00:04,1234,-89
617.504,00:02,1235,-94
617.558,00:03,1235,-83
617.606,00:04,1235,-89
618.005,00:02,1236,-94
618.059,00:03,1236,-83
618.106,00:04,1236,-89
618.503,00:02,1237,-95
618.56,00:03,1237,-82
618.606,00:04,1237,-89
619.006,00:02,1238,-95
619.059,00:03,1238,-82
619.105,00:04,1238,-89
619.504,00:02,1239,-95
619.559,00:03,1239,-82
619.606,00:04,1239,-89
620.003,00:02,1240,-95
620.057,00:03,1240,-82
620.105,00:04,1240,-89
620.506,00:02,1241,-95
620.559,00:03,1241,-82
620.607,00:04,1241,-89
621.005,00:02,1242,-95
621.058,00:03,1242,-82
621.105,00:04,1242,-89
621.507,00:02,1243,-95
621.558,00:03,1243,-82
621.606,00:04,1243,-89
622.005,00:02,1244,-95
622.059,00:03,1244,-82
622.106,00:04,1244,-89
622.505,00:02,1245,-96
622.558,00:03,1245,-81
622.606,00:04,1245,-89
623.005,00:02,1246,-96
623.058,00:03,1246,-81
623.106,00:04,1246,-89
623.505,00:02,1247,-96
623.559,00:03,1247,-81
623.606,00:04,1247,-89
624.005,00:02,1248,-96
624.057,00:03,1248,-81
624.106,00:04,1248,-89
624.506,00:02,1249,-96
624.558,00:03,1249,-81
624.606,00:04,1249,-89
625.005,00:02,1250,-96
625.058,00:03,1250,-81
625.107,00:04,1250,-89
625.505,00:02,1251,-96
625.558,00:03,1251,-81
625.606,00:04,1251,-89
626.005,00:02,1252,-96
626.059,00:03,1252,-80
626.105,00:04,1252,-89
626.504,00:02,1253,-97
626.558,00:03,1253,-80
626.606,00:04,1253,-89
627.004,00:02,1254,-97
627.059,00:03,1254,-80
627.106,00:04,1254,-89
627.504,00:02,1255,-97
627.559,00:03,1255,-80
627.606,00:04,1255,-89
628.004,00:02,1256,-97
628.057,00:03,1256,-80
628.106,00:04,1256,-89
628.503,00:02,1257,-97
628.558,00:03,1257,-80
628.605,00:04,1257,-89
629.004,00:02,1258,-97
629.06,00:03,1258,-80
629.106,00:04,1258,-89
629.506,00:02,1259,-97
629.558,00:03,1259,-80
629.606,00:04,1259,-89
630.005,00:02,1260,-97
630.059,00:03,1260,-79
630.105,00:04,1260,-89
630.504,00:02,1261,-98
630.557,00:03,1261,-79
630.604,00:04,1261,-89
631.004,00:02,1262,-98
631.059,00:03,1262,-79
631.105,00:04,1262,-89
631.504,00:02,1263,-98
631.558,00:03,1263,-79
631.607,00:04,1263,-89
632.005,00:02,1264,-98
632.058,00:03,1264,-79
632.106,00:04,1264,-89
632.503,00:02,1265,-98
632.558,00:03,1265,-79
632.607,00:04,1265,-89
633.003,00:02,1266,-98
633.059,00:03,1266,-79
633.107,00:04,1266,-89
633.505,00:02,1267,-98
633.559,00:03,1267,-79
633.607,00:04,1267,-90
634.006,00:02,1268,-98
634.059,00:03,1268,-78
634.106,00:04,1268,-90
634.503,00:02,1269,-98
634.56,00:03,1269,-78
634.605,00:04,1269,-90
635.005,00:02,1270,-99
635.058,00:03,1270,-78
635.108,00:04,1270,-90
635.505,00:02,1271,-99
635.558,00:03,1271,-78
635.606,00:04,1271,-90
636.006,00:02,1272,-99
636.059,00:03,1272,-78
636.105,00:04,1272,-90
636.504,00:02,1273,-99
636.559,00:03,1273,-78
636.605,00:04,1273,-90
637.003,00:02,1274,-99
637.057,00:03,1274,-78
637.104,00:04,1274,-90
637.506,00:02,1275,-99
637.559,00:03,1275,-77
637.606,00:04,1275,-90
638.005,00:02,1276,-99
638.059,00:03,1276,-77
638.106,00:04,1276,-90
638.507,00:02,1277,-99
638.56,00:03,1277,-77
638.607,00:04,1277,-90
639.004,00:02,1278,-99
639.059,00:03,1278,-77
639.105,00:04,1278,-90
639.506,00:02,1279,-100
639.559,00:03,1279,-77
639.604,00:04,1279,-90
640.004,00:02,1280,-100
640.057,00:03,1280,-77
640.107,00:04,1280,-90
640.504,00:02,1281,-100
640.559,00:03,1281,-77
640.605,00:04,1281,-90
641.005,00:02,1282,-100
641.058,00:03,1282,-77
641.106,00:04,1282,-90
641.507,00:02,1283,-100
641.558,00:03,1283,-76
641.608,00:04,1283,-90
642.003,00:02,1284,-100
642.057,00:03,1284,-76
642.106,00:04,1284,-90
642.504,00:02,1285,-100
642.56,00:03,1285,-76
642.606,00:04,1285,-90
643.003,00:02,1286,-100
643.059,00:03,1286,-76
643.107,00:04,1286,-90
643.506,00:02,1287,-100
643.559,00:03,1287,-76
643.606,00:04,1287,-90
644.005,00:02,1288,-101
644.06,00:03,1288,-76
644.106,00:04,1288,-90
644.506,00:02,1289,-101
644.558,00:03,1289,-76
644.604,00:04,1289,-90
645.005,00:02,1290,-101
645.058,00:03,1290,-76
645.107,00:04,1290,-91
645.504,00:02,1291,-101
645.558,00:03,1291,-75
645.606,00:04,1291,-91
646.003,00:02,1292,-101
646.059,00:03,1292,-75
646.107,00:04,1292,-91
646.506,00:02,1293,-101
646.56,00:03,1293,-75
646.606,00:04,1293,-91
647.004,00:02,1294,-101
647.059,00:03,1294,-75
647.106,00:04,1294,-91
647.504,00:02,1295,-101
647.559,00:03,1295,-75
647.605,00:04,1295,-91
648.004,00:02,1296,-101
648.059,00:03,1296,-75
648.104,00:04,1296,-91
648.506,00:02,1297,-101
648.559,00:03,1297,-75
648.606,00:04,1297,-91
649.006,00:02,1298,-106
649.06,00:03,1298,-79
649.107,00:04,1298,-95
649.505,00:02,1299,-106
649.561,00:03,1299,-79
649.607,00:04,1299,-95
650.005,00:02,1300,-106
650.06,00:03,1300,-78
650.107,00:04,1300,-95
650.504,00:02,1301,-106
650.558,00:03,1301,-78
650.607,00:04,1301,-95
651.005,00:02,1302,-106
651.058,00:03,1302,-78
651.107,00:04,1302,-95
651.507,00:02,1303,-106
651.559,00:03,1303,-78
651.604,00:04,1303,-95
652.005,00:02,1304,-106
652.058,00:03,1304,-78
652.106,00:04,1304,-95
652.505,00:02,1305,-106
652.557,00:03,1305,-78
652.606,00:04,1305,-95
653.006,00:02,1306,-102
653.061,00:03,1306,-74
653.105,00:04,1306,-91
653.505,00:02,1307,-102
653.559,00:03,1307,-74
653.606,00:04,1307,-92
654.004,00:02,1308,-102
654.06,00:03,1308,-74
654.107,00:04,1308,-92
654.506,00:02,1309,-103
654.558,00:03,1309,-74
654.605,00:04,1309,-92
655.005,00:02,1310,-103
655.059,00:03,1310,-74
655.106,00:04,1310,-92
655.505,00:02,1311,-103
655.557,00:03,1311,-74
655.607,00:04,1311,-92
656.006,00:02,1312,-103
656.058,00:03,1312,-73
656.107,00:04,1312,-92
656.506,00:02,1313,-103
656.559,00:03,1313,-73
656.605,00:04,1313,-92
657.005,00:02,1314,-103
657.058,00:03,1314,-73
657.107,00:04,1314,-92
657.507,00:02,1315,-103
657.559,00:03,1315,-73
657.604,00:04,1315,-92
658.006,00:02,1316,-103
658.06,00:03,1316,-73
658.105,00:04,1316,-92
658.505,00:02,1317,-103
658.559,00:03,1317,-73
658.605,00:04,1317,-92
659.003,00:02,1318,-103
659.059,00:03,1318,-73
659.104,00:04,1318,-92
659.505,00:02,1319,-103
659.56,00:03,1319,-73
659.605,00:04,1319,-92
660.004,00:02,1320,-104
660.06,00:03,1320,-73
660.107,00:04,1320,-92
660.506,00:02,1321,-104
660.559,00:03,1321,-73
660.607,00:04,1321,-93
661.005,00:02,1322,-104
661.058,00:03,1322,-73
661.105,00:04,1322,-93
661.503,00:02,1323,-104
661.559,00:03,1323,-73
661.606,00:04,1323,-93
662.005,00:02,1324,-104
662.058,00:03,1324,-73
662.106,00:04,1324,-93
662.506,00:02,1325,-104
662.558,00:03,1325,-73
662.606,00:04,1325,-93
663.006,00:02,1326,-104
663.057,00:03,1326,-73
663.107,00:04,1326,-93
663.504,00:02,1327,-104
663.559,00:03,1327,-73
663.606,00:04,1327,-93
664.004,00:02,1328,-104
664.059,00:03,1328,-73
664.105,00:04,1328,-93
664.505,00:02,1329,-104
664.559,00:03,1329,-73
664.606,00:04,1329,-93
665.007,00:02,1330,-104
665.058,00:03,1330,-73
665.106,00:04,1330,-93
665.505,00:02,1331,-105
665.558,00:03,1331,-73
665.606,00:04,1331,-93
666.006,00:02,1332,-105
666.061,00:03,1332,-73
666.105,00:04,1332,-93
666.504,00:02,1333,-105
666.56,00:03,1333,-73
666.607,00:04,1333,-93
667.004,00:02,1334,-105
667.06,00:03,1334,-73
667.107,00:04,1334,-93
667.507,00:02,1335,-105
667.558,00:03,1335,-73
667.607,00:04,1335,-93
668.005,00:02,1336,-105
668.058,00:03,1336,-74
668.106,00:04,1336,-93
668.506,00:02,1337,-105
668.56,00:03,1337,-74
668.605,00:04,1337,-93
669.005,00:02,1338,-105
669.059,00:03,1338,-74
669.108,00:04,1338,-93
669.503,00:02,1339,-105
669.558,00:03,1339,-74
669.606,00:04,1339,-93
670.004,00:02,1340,-105
670.058,00:03,1340,-75
670.105,00:04,1340,-93
670.505,00:02,1341,-105
670.559,00:03,1341,-75
670.608,00:04,1341,-92
671.005,00:02,1342,-105
671.059,00:03,1342,-75
671.107,00:04,1342,-92
671.506,00:02,1343,-105
671.558,00:03,1343,-75
671.605,00:04,1343,-92
672.005,00:02,1344,-105
672.061,00:03,1344,-75
672.107,00:04,1344,-92
672.506,00:02,1345,-105
672.558,00:03,1345,-75
672.605,00:04,1345,-92
673.003,00:02,1346,-105
673.06,00:03,1346,-75
673.107,00:04,1346,-92
673.506,00:02,1347,-105
673.559,00:03,1347,-75
673.606,00:04,1347,-92
674.006,00:02,1348,-105
674.057,00:03,1348,-75
674.106,00:04,1348,-92
674.506,00:02,1349,-105
674.559,00:03,1349,-75
674.607,00:04,1349,-92
675.006,00:02,1350,-104
675.06,00:03,1350,-75
675.105,00:04,1350,-92
675.507,00:02,1351,-104
675.558,00:03,1351,-75
675.606,00:04,1351,-92
676.004,00:02,1352,-104
676.058,00:03,1352,-75
676.104,00:04,1352,-92
676.505,00:02,1353,-104
676.558,00:03,1353,-75
676.605,00:04,1353,-92
677.007,00:02,1354,-104
677.06,00:03,1354,-75
677.106,00:04,1354,-92
677.503,00:02,1355,-104
677.559,00:03,1355,-75
677.604,00:04,1355,-91
678.006,00:02,1356,-104
678.059,00:03,1356,-75
678.105,00:04,1356,-91
678.505,00:02,1357,-104
678.56,00:03,1357,-75
678.607,00:04,1357,-91
679.004,00:02,1358,-104
679.06,00:03,1358,-75
679.106,00:04,1358,-91
679.506,00:02,1359,-104
679.559,00:03,1359,-75
679.607,00:04,1359,-91
680.005,00:02,1360,-104
680.061,00:03,1360,-75
680.106,00:04,1360,-91
680.507,00:02,1361,-104
680.56,00:03,1361,-76
680.607,00:04,1361,-91
681.003,00:02,1362,-103
681.058,00:03,1362,-76
681.107,00:04,1362,-91
681.507,00:02,1363,-103
681.559,00:03,1363,-76
681.606,00:04,1363,-91
682.006,00:02,1364,-103
682.059,00:03,1364,-76
682.106,00:04,1364,-91
682.504,00:02,1365,-103
682.558,00:03,1365,-76
682.606,00:04,1365,-91
683.003,00:02,1366,-103
683.06,00:03,1366,-76
683.107,00:04,1366,-91
683.504,00:02,1367,-103
683.558,00:03,1367,-76
683.606,00:04,1367,-90
684.007,00:02,1368,-103
684.061,00:03,1368,-76
684.104,00:04,1368,-90
684.507,00:02,1369,-103
684.561,00:03,1369,-76
684.607,00:04,1369,-90
685.005,00:02,1370,-107
685.059,00:03,1370,-80
685.105,00:04,1370,-94
685.504,00:02,1371,-107
685.559,00:03,1371,-80
685.606,00:04,1371,-94
686.007,00:02,1372,-107
686.06,00:03,1372,-80
686.105,00:04,1372,-94
686.559,00:03,1373,-80
686.606,00:04,1373,-94
687.007,00:02,1374,-106
687.058,00:03,1374,-80
687.106,00:04,1374,-94
687.506,00:02,1375,-106
687.558,00:03,1375,-80
687.604,00:04,1375,-94
688.006,00:02,1376,-106
688.057,00:03,1376,-81
688.106,00:04,1376,-94
688.506,00:02,1377,-106
688.559,00:03,1377,-81
688.605,00:04,1377,-94
689.005,00:02,1378,-102
689.057,00:03,1378,-77
689.106,00:04,1378,-90
689.505,00:02,1379,-102
689.56,00:03,1379,-77
689.605,00:04,1379,-90
690.004,00:02,1380,-102
690.059,00:03,1380,-77
690.105,00:04,1380,-90
690.504,00:02,1381,-102
690.56,00:03,1381,-77
690.606,00:04,1381,-89
691.005,00:02,1382,-102
691.06,00:03,1382,-77
691.106,00:04,1382,-89
691.505,00:02,1383,-102
691.56,00:03,1383,-77
691.606,00:04,1383,-89
692.005,00:02,1384,-101
692.058,00:03,1384,-77
692.108,00:04,1384,-89
692.505,00:02,1385,-101
692.557,00:03,1385,-77
692.606,00:04,1385,-89
693.005,00:02,1386,-101
693.058,00:03,1386,-77
693.106,00:04,1386,-89
693.505,00:02,1387,-101
693.56,00:03,1387,-78
693.605,00:04,1387,-89
694.006,00:02,1388,-101
694.059,00:03,1388,-78
694.105,00:04,1388,-89
694.506,00:02,1389,-101
694.559,00:03,1389,-78
694.606,00:04,1389,-89
695.004,00:02,1390,-101
695.059,00:03,1390,-78
695.106,00:04,1390,-89
695.505,00:02,1391,-101
695.559,00:03,1391,-78
695.607,00:04,1391,-89
696.004,00:02,1392,-101
696.06,00:03,1392,-78
696.106,00:04,1392,-89
696.504,00:02,1393,-101
696.56,00:03,1393,-78
696.606,00:04,1393,-89
697.005,00:02,1394,-100
697.058,00:03,1394,-78
697.105,00:04,1394,-89
697.504,00:02,1395,-100
697.559,00:03,1395,-78
697.606,00:04,1395,-89
698.004,00:02,1396,-100
698.059,00:03,1396,-78
698.108,00:04,1396,-89
698.506,00:02,1397,-100
698.559,00:03,1397,-79
698.604,00:04,1397,-89
699.006,00:02,1398,-100
699.058,00:03,1398,-79
699.105,00:04,1398,-88
699.507,00:02,1399,-100
699.56,00:03,1399,-79
699.605,00:04,1399,-88
700.006,00:02,1400,-100
700.061,00:03,1400,-79
700.106,00:04,1400,-88
700.504,00:02,1401,-100
700.56,00:03,1401,-79
700.606,00:04,1401,-88
701.006,00:02,1402,-100
701.059,00:03,1402,-79
701.106,00:04,1402,-88
701.507,00:02,1403,-100
701.56,00:03,1403,-79
701.605,00:04,1403,-88
702.004,00:02,1404,-99
702.059,00:03,1404,-79
702.107,00:04,1404,-88
702.506,00:02,1405,-99
702.558,00:03,1405,-79
702.606,00:04,1405,-88
703.006,00:02,1406,-99
703.059,00:03,1406,-80
703.106,00:04,1406,-88
703.504,00:02,1407,-99
703.559,00:03,1407,-80
703.606,00:04,1407,-88
704.004,00:02,1408,-99
704.061,00:03,1408,-80
704.108,00:04,1408,-88
704.506,00:02,1409,-99
704.559,00:03,1409,-80
704.606,00:04,1409,-88
705.004,00:02,1410,-99
705.06,00:03,1410,-80
705.108,00:04,1410,-88
705.505,00:02,1411,-99
705.559,00:03,1411,-80
705.607,00:04,1411,-88
706.004,00:02,1412,-99
706.06,00:03,1412,-80
706.106,00:04,1412,-88
706.504,00:02,1413,-98
706.559,00:03,1413,-80
706.605,00:04,1413,-88
707.006,00:02,1414,-98
707.058,00:03,1414,-80
707.106,00:04,1414,-88
707.506,00:02,1415,-98
707.558,00:03,1415,-81
707.606,00:04,1415,-88
708.005,00:02,1416,-98
708.06,00:03,1416,-81
708.107,00:04,1416,-88
708.505,00:02,1417,-98
708.559,00:03,1417,-81
708.605,00:04,1417,-88
709.004,00:02,1418,-98
709.059,00:03,1418,-81
709.106,00:04,1418,-88
709.506,00:02,1419,-98
709.558,00:03,1419,-81
709.606,00:04,1419,-88
710.004,00:02,1420,-98
710.057,00:03,1420,-81
710.105,00:04,1420,-88
710.506,00:02,1421,-98
710.558,00:03,1421,-81
710.607,00:04,1421,-88
711.003,00:02,1422,-98
711.059,00:03,1422,-81
711.107,00:04,1422,-88
711.507,00:02,1423,-97
711.558,00:03,1423,-81
711.604,00:04,1423,-88
712.005,00:02,1424,-97
712.06,00:03,1424,-82
712.106,00:04,1424,-88
712.505,00:02,1425,-97
712.559,00:03,1425,-82
712.605,00:04,1425,-88
713.006,00:02,1426,-97
713.059,00:03,1426,-82
713.106,00:04,1426,-88
713.504,00:02,1427,-97
713.559,00:03,1427,-82
713.607,00:04,1427,-88
714.004,00:02,1428,-97
714.06,00:03,1428,-82
714.107,00:04,1428,-88
714.504,00:02,1429,-97
714.56,00:03,1429,-82
714.605,00:04,1429,-88
715.005,00:02,1430,-97
715.06,00:03,1430,-82
715.106,00:04,1430,-88
715.506,00:02,1431,-97
715.558,00:03,1431,-82
715.606,00:04,1431,-88
716.006,00:02,1432,-96
716.058,00:03,1432,-82
716.106,00:04,1432,-88
716.506,00:02,1433,-96
716.56,00:03,1433,-83
716.607,00:04,1433,-88
717.006,00:02,1434,-96
717.06,00:03,1434,-83
717.107,00:04,1434,-88
717.506,00:02,1435,-96
717.559,00:03,1435,-83
717.605,00:04,1435,-88
718.006,00:02,1436,-96
718.06,00:03,1436,-83
718.105,00:04,1436,-88
718.506,00:02,1437,-96
718.56,00:03,1437,-83
718.605,00:04,1437,-88
719.005,00:02,1438,-96
719.059,00:03,1438,-83
719.106,00:04,1438,-88
719.505,00:02,1439,-96
719.56,00:03,1439,-83
719.607,00:04,1439,-88
720.006,00:02,1440,-96
720.057,00:03,1440,-83
720.106,00:04,1440,-88
720.505,00:02,1441,-95
720.56,00:03,1441,-84
720.606,00:04,1441,-88
721.006,00:02,1442,-95
721.057,00:03,1442,-84
721.106,00:04,1442,-88
721.506,00:02,1443,-95
721.559,00:03,1443,-84
721.606,00:04,1443,-88
722.004,00:02,1444,-95
722.06,00:03,1444,-84
722.107,00:04,1444,-88
722.506,00:02,1445,-95
722.559,00:03,1445,-84
722.606,00:04,1445,-88
723.005,00:02,1446,-95
723.06,00:03,1446,-84
723.105,00:04,1446,-88
723.505,00:02,1447,-95
723.561,00:03,1447,-84
723.606,00:04,1447,-88
724.006,00:02,1448,-95
724.059,00:03,1448,-84
724.107,00:04,1448,-88
724.504,00:02,1449,-94
724.559,00:03,1449,-84
724.604,00:04,1449,-88
725.003,00:02,1450,-94
725.058,00:03,1450,-84
725.106,00:04,1450,-88
725.505,00:02,1451,-94
725.561,00:03,1451,-85
725.605,00:04,1451,-88
726.005,00:02,1452,-94
726.061,00:03,1452,-85
726.106,00:04,1452,-88
726.504,00:02,1453,-94
726.56,00:03,1453,-85
726.607,00:04,1453,-88
727.003,00:02,1454,-94
727.059,00:03,1454,-85
727.107,00:04,1454,-88
727.504,00:02,1455,-94
727.559,00:03,1455,-85
727.606,00:04,1455,-88
728.005,00:02,1456,-94
728.058,00:03,1456,-85
728.105,00:04,1456,-88
728.505,00:02,1457,-94
728.559,00:03,1457,-85
728.606,00:04,1457,-88
729.005,00:02,1458,-93
729.058,00:03,1458,-85
729.105,00:04,1458,-88
729.506,00:02,1459,-93
729.559,00:03,1459,-85
729.607,00:04,1459,-88
730.007,00:02,1460,-93
730.058,00:03,1460,-86
730.106,00:04,1460,-88
730.507,00:02,1461,-93
730.56,00:03,1461,-86
730.608,00:04,1461,-88
731.004,00:02,1462,-93
731.059,00:03,1462,-86
731.106,00:04,1462,-88
731.505,00:02,1463,-93
731.561,00:03,1463,-86
731.607,00:04,1463,-88
732.006,00:02,1464,-93
732.058,00:03,1464,-86
732.106,00:04,1464,-88
732.504,00:02,1465,-93
732.561,00:03,1465,-86
732.607,00:04,1465,-88
733.006,00:02,1466,-93
733.058,00:03,1466,-86
733.106,00:04,1466,-88
733.505,00:02,1467,-92
733.56,00:03,1467,-86
733.607,00:04,1467,-88
734.005,00:02,1468,-92
734.061,00:03,1468,-86
734.107,00:04,1468,-88
734.505,00:02,1469,-92
734.56,00:03,1469,-86
734.608,00:04,1469,-88
735.004,00:02,1470,-92
735.058,00:03,1470,-87
735.105,00:04,1470,-88
735.504,00:02,1471,-92
735.558,00:03,1471,-87
735.604,00:04,1471,-89
736.005,00:02,1472,-92
736.061,00:03,1472,-87
736.107,00:04,1472,-89
736.504,00:02,1473,-92
736.559,00:03,1473,-87
736.606,00:04,1473,-89
737.004,00:02,1474,-92
737.06,00:03,1474,-87
737.106,00:04,1474,-89
737.505,00:02,1475,-92
737.559,00:03,1475,-87
737.606,00:04,1475,-89
738.006,00:02,1476,-91
738.058,00:03,1476,-87
738.106,00:04,1476,-89
738.505,00:02,1477,-91
738.558,00:03,1477,-87
738.606,00:04,1477,-89
739.004,00:02,1478,-91
739.059,00:03,1478,-87
739.106,00:04,1478,-89
739.504,00:02,1479,-91
739.558,00:03,1479,-87
739.605,00:04,1479,-89
740.004,00:02,1480,-91
740.059,00:03,1480,-88
740.106,00:04,1480,-89
740.505,00:02,1481,-91
740.559,00:03,1481,-88
740.606,00:04,1481,-89
741.006,00:02,1482,-91
741.06,00:03,1482,-88
741.105,00:04,1482,-89
741.505,00:02,1483,-91
741.561,00:03,1483,-88
741.605,00:04,1483,-89
742.005,00:02,1484,-91
742.058,00:03,1484,-88
742.105,00:04,1484,-89
742.506,00:02,1485,-91
742.559,00:03,1485,-88
742.608,00:04,1485,-89
743.003,00:02,1486,-91
743.059,00:03,1486,-88
743.105,00:04,1486,-89
743.506,00:02,1487,-90
743.559,00:03,1487,-88
743.605,00:04,1487,-90
744.006,00:02,1488,-90
744.06,00:03,1488,-88
744.106,00:04,1488,-90
744.504,00:02,1489,-90
744.558,00:03,1489,-88
744.605,00:04,1489,-90
745.006,00:02,1490,-94
745.058,00:03,1490,-93
745.105,00:04,1490,-94
745.507,00:02,1491,-94
745.559,00:03,1491,-93
745.607,00:04,1491,-94
746.004,00:02,1492,-94
746.058,00:03,1492,-93
746.107,00:04,1492,-94
746.505,00:02,1493,-94
746.561,00:03,1493,-93
746.606,00:04,1493,-94
747.004,00:02,1494,-94
747.059,00:03,1494,-93
747.105,00:04,1494,-94
747.506,00:02,1495,-94
747.561,00:03,1495,-93
747.606,00:04,1495,-94
748.005,00:02,1496,-94
748.059,00:03,1496,-93
748.105,00:04,1496,-94
748.504,00:02,1497,-94
748.561,00:03,1497,-93
748.606,00:04,1497,-94
749.005,00:02,1498,-90
749.061,00:03,1498,-89
749.106,00:04,1498,-90
749.504,00:02,1499,-89
749.559,00:03,1499,-89
749.605,00:04,1499,-90
750.005,00:02,1500,-89
750.06,00:03,1500,-89
750.108,00:04,1500,-90
750.503,00:02,1501,-89
750.562,00:03,1501,-90
750.607,00:04,1501,-91
751.003,00:02,1502,-89
751.059,00:03,1502,-90
751.108,00:04,1502,-91
751.505,00:02,1503,-89
751.559,00:03,1503,-90
751.607,00:04,1503,-91
752.004,00:02,1504,-89
752.06,00:03,1504,-90
752.106,00:04,1504,-91
752.507,00:02,1505,-89
752.559,00:03,1505,-90
752.606,00:04,1505,-91
753.004,00:02,1506,-89
753.06,00:03,1506,-90
753.105,00:04,1506,-91
753.504,00:02,1507,-89
753.56,00:03,1507,-90
753.604,00:04,1507,-91
754.004,00:02,1508,-89
754.059,00:03,1508,-90
754.105,00:04,1508,-91
754.503,00:02,1509,-89
754.561,00:03,1509,-90
754.606,00:04,1509,-91
755.004,00:02,1510,-89
755.059,00:03,1510,-90
755.108,00:04,1510,-91
755.505,00:02,1511,-89
755.558,00:03,1511,-90
755.605,00:04,1511,-91
756.004,00:02,1512,-89
756.059,00:03,1512,-90
756.106,00:04,1512,-91
756.505,00:02,1513,-89
756.56,00:03,1513,-91
756.607,00:04,1513,-91
757.005,00:02,1514,-89
757.062,00:03,1514,-91
757.106,00:04,1514,-92
757.504,00:02,1515,-89
757.561,00:03,1515,-91
757.606,00:04,1515,-92
758.006,00:02,1516,-89
758.059,00:03,1516,-91
758.108,00:04,1516,-92
758.504,00:02,1517,-89
758.56,00:03,1517,-91
758.607,00:04,1517,-92
759.005,00:02,1518,-89
759.058,00:03,1518,-91
759.106,00:04,1518,-92
759.507,00:02,1519,-89
759.559,00:03,1519,-91
759.606,00:04,1519,-92
760.005,00:02,1520,-89
760.058,00:03,1520,-91
760.105,00:04,1520,-92
760.504,00:02,1521,-89
760.558,00:03,1521,-91
760.608,00:04,1521,-92
761.005,00:02,1522,-89
761.058,00:03,1522,-91
761.108,00:04,1522,-92
761.503,00:02,1523,-89
761.56,00:03,1523,-91
761.605,00:04,1523,-92
762.005,00:02,1524,-89
762.06,00:03,1524,-91
762.105,00:04,1524,-92
762.507,00:02,1525,-89
762.56,00:03,1525,-92
762.606,00:04,1525,-92
763.005,00:02,1526,-89
763.061,00:03,1526,-92
763.107,00:04,1526,-92
763.506,00:02,1527,-89
763.561,00:03,1527,-92
763.606,00:04,1527,-92
764.003,00:02,1528,-89
764.06,00:03,1528,-92
764.106,00:04,1528,-92
764.505,00:02,1529,-90
764.559,00:03,1529,-92
764.607,00:04,1529,-92
765.003,00:02,1530,-90
765.061,00:03,1530,-92
765.105,00:04,1530,-92
765.504,00:02,1531,-90
765.559,00:03,1531,-92
765.606,00:04,1531,-92
766.005,00:02,1532,-90
766.06,00:03,1532,-92
766.107,00:04,1532,-92
766.505,00:02,1533,-91
766.561,00:03,1533,-92
766.606,00:04,1533,-91
767.005,00:02,1534,-91
767.059,00:03,1534,-92
767.106,00:04,1534,-91
767.505,00:02,1535,-91
767.561,00:03,1535,-92
767.606,00:04,1535,-91
768.005,00:02,1536,-91
768.059,00:03,1536,-92
768.105,00:04,1536,-91
768.506,00:02,1537,-91
768.562,00:03,1537,-92
768.606,00:04,1537,-91
769.005,00:02,1538,-91
769.061,00:03,1538,-92
769.106,00:04,1538,-91
769.506,00:02,1539,-91
769.559,00:03,1539,-92
769.605,00:04,1539,-91
770.005,00:02,1540,-91
770.059,00:03,1540,-92
770.105,00:04,1540,-91
770.505,00:02,1541,-91
770.56,00:03,1541,-91
770.605,00:04,1541,-91
771.005,00:02,1542,-91
771.06,00:03,1542,-91
771.105,00:04,1542,-91
771.505,00:02,1543,-91
771.56,00:03,1543,-91
771.605,00:04,1543,-91
772.006,00:02,1544,-91
772.061,00:03,1544,-91
772.108,00:04,1544,-91
772.504,00:02,1545,-91
772.559,00:03,1545,-91
772.605,00:04,1545,-91
773.005,00:02,1546,-91
773.061,00:03,1546,-91
773.107,00:04,1546,-90
773.504,00:02,1547,-91
773.56,00:03,1547,-91
773.606,00:04,1547,-90
774.003,00:02,1548,-91
774.059,00:03,1548,-91
774.106,00:04,1548,-90
774.505,00:02,1549,-91
774.56,00:03,1549,-91
774.606,00:04,1549,-90
775.006,00:02,1550,-91
775.059,00:03,1550,-91
775.107,00:04,1550,-90
775.504,00:02,1551,-91
775.559,00:03,1551,-91
775.605,00:04,1551,-90
776.003,00:02,1552,-91
776.058,00:03,1552,-91
776.105,00:04,1552,-90
776.506,00:02,1553,-91
776.56,00:03,1553,-90
776.605,00:04,1553,-90
777.003,00:02,1554,-91
777.06,00:03,1554,-90
777.105,00:04,1554,-90
777.505,00:02,1555,-91
777.559,00:03,1555,-90
777.605,00:04,1555,-90
778.006,00:02,1556,-91
778.059,00:03,1556,-90
778.107,00:04,1556,-90
778.504,00:02,1557,-91
778.559,00:03,1557,-90
778.608,00:04,1557,-89
779.004,00:02,1558,-91
779.06,00:03,1558,-90
779.105,00:04,1558,-89
779.504,00:02,1559,-91
779.56,00:03,1559,-90
779.605,00:04,1559,-89
780.004,00:02,1560,-91
780.06,00:03,1560,-90
780.106,00:04,1560,-89
780.505,00:02,1561,-91
780.56,00:03,1561,-90
780.606,00:04,1561,-89
781.004,00:02,1562,-95
781.06,00:03,1562,-94
781.105,00:04,1562,-93
781.506,00:02,1563,-96
781.559,00:03,1563,-94
781.608,00:04,1563,-93
782.004,00:02,1564,-96
782.061,00:03,1564,-94
782.105,00:04,1564,-93
782.505,00:02,1565,-96
782.56,00:03,1565,-93
782.605,00:04,1565,-93
783.004,00:02,1566,-96
783.059,00:03,1566,-93
783.105,00:04,1566,-93
783.505,00:02,1567,-96
783.56,00:03,1567,-93
783.606,00:04,1567,-93
784.004,00:02,1568,-96
784.06,00:03,1568,-93
784.107,00:04,1568,-93
784.506,00:02,1569,-96
784.559,00:03,1569,-93
784.607,00:04,1569,-92
785.006,00:02,1570,-92
785.059,00:03,1570,-89
785.106,00:04,1570,-88
785.506,00:02,1571,-92
785.559,00:03,1571,-89
785.606,00:04,1571,-88
786.003,00:02,1572,-92
786.06,00:03,1572,-89
786.104,00:04,1572,-88
786.506,00:02,1573,-92
786.559,00:03,1573,-89
786.606,00:04,1573,-88
787.005,00:02,1574,-92
787.06,00:03,1574,-89
787.106,00:04,1574,-88
787.504,00:02,1575,-92
787.56,00:03,1575,-89
787.607,00:04,1575,-88
788.005,00:02,1576,-92
788.061,00:03,1576,-88
788.106,00:04,1576,-88
788.505,00:02,1577,-93
788.558,00:03,1577,-88
788.606,00:04,1577,-88
789.004,00:02,1578,-93
789.06,00:03,1578,-88
789.108,00:04,1578,-88
789.505,00:02,1579,-93
789.56,00:03,1579,-88
789.607,00:04,1579,-88
790.005,00:02,1580,-93
790.061,00:03,1580,-88
790.105,00:04,1580,-88
790.503,00:02,1581,-93
790.56,00:03,1581,-88
790.606,00:04,1581,-88
791.007,00:02,1582,-93
791.06,00:03,1582,-88
791.106,00:04,1582,-87
791.506,00:02,1583,-93
791.559,00:03,1583,-88
791.605,00:04,1583,-87
792.005,00:02,1584,-93
792.06,00:03,1584,-88
792.106,00:04,1584,-87
792.505,00:02,1585,-93
792.559,00:03,1585,-88
792.607,00:04,1585,-87
793.003,00:02,1586,-93
793.06,00:03,1586,-88
793.108,00:04,1586,-87
793.506,00:02,1587,-93
793.559,00:03,1587,-87
793.605,00:04,1587,-87
794.005,00:02,1588,-93
794.06,00:03,1588,-87
794.106,00:04,1588,-87
794.504,00:02,1589,-94
794.56,00:03,1589,-87
794.605,00:04,1589,-87
795.006,00:02,1590,-94
795.06,00:03,1590,-87
795.105,00:04,1590,-87
795.506,00:02,1591,-94
795.559,00:03,1591,-87
795.606,00:04,1591,-87
796.006,00:02,1592,-94
796.06,00:03,1592,-87
796.106,00:04,1592,-87
796.503,00:02,1593,-94
796.56,00:03,1593,-87
796.606,00:04,1593,-87
797.006,00:02,1594,-94
797.059,00:03,1594,-87
797.106,00:04,1594,-87
797.505,00:02,1595,-94
797.56,00:03,1595,-87
797.607,00:04,1595,-87
798.003,00:02,1596,-94
798.059,00:03,1596,-87
798.107,00:04,1596,-87
798.504,00:02,1597,-94
798.561,00:03,1597,-87
798.606,00:04,1597,-87
799.006,00:02,1598,-94
799.061,00:03,1598,-86
799.105,00:04,1598,-86
799.504,00:02,1599,-94
799.56,00:03,1599,-86
799.605,00:04,1599,-86
800.005,00:02,1600,-95
800.059,00:03,1600,-86
800.105,00:04,1600,-86
800.505,00:02,1601,-95
800.558,00:03,1601,-86
800.606,00:04,1601,-86
801.005,00:02,1602,-95
801.061,00:03,1602,-86
801.106,00:04,1602,-86
801.505,00:02,1603,-95
801.56,00:03,1603,-86
801.607,00:04,1603,-86
802.006,00:02,1604,-95
802.06,00:03,1604,-86
802.105,00:04,1604,-86
802.506,00:02,1605,-95
802.559,00:03,1605,-86
802.606,00:04,1605,-86
803.005,00:02,1606,-95
803.061,00:03,1606,-86
803.106,00:04,1606,-86
803.504,00:02,1607,-95
803.561,00:03,1607,-86
803.605,00:04,1607,-86
804.004,00:02,1608,-95
804.061,00:03,1608,-85
804.106,00:04,1608,-86
804.507,00:02,1609,-95
804.561,00:03,1609,-85
804.606,00:04,1609,-86
805.004,00:02,1610,-96
805.061,00:03,1610,-85
805.106,00:04,1610,-86
805.505,00:02,1611,-96
805.559,00:03,1611,-85
805.606,00:04,1611,-86
806.003,00:02,1612,-96
806.059,00:03,1612,-85
806.106,00:04,1612,-86
806.505,00:02,1613,-96
806.56,00:03,1613,-85
806.606,00:04,1613,-86
807.004,00:02,1614,-96
807.06,00:03,1614,-85
807.105,00:04,1614,-86
807.504,00:02,1615,-96
807.559,00:03,1615,-85
807.606,00:04,1615,-86
808.005,00:02,1616,-96
808.059,00:03,1616,-85
808.105,00:04,1616,-86
808.505,00:02,1617,-96
808.561,00:03,1617,-85
808.607,00:04,1617,-86
809.005,00:02,1618,-96
809.059,00:03,1618,-84
809.107,00:04,1618,-86
809.504,00:02,1619,-96
809.559,00:03,1619,-84
809.605,00:04,1619,-86
810.006,00:02,1620,-97
810.06,00:03,1620,-84
810.107,00:04,1620,-86
810.504,00:02,1621,-97
810.559,00:03,1621,-84
810.606,00:04,1621,-86
811.003,00:02,1622,-97
811.061,00:03,1622,-84
811.106,00:04,1622,-86
811.504,00:02,1623,-97
811.559,00:03,1623,-84
811.607,00:04,1623,-86
812.007,00:02,1624,-97
812.061,00:03,1624,-84
812.106,00:04,1624,-86
812.505,00:02,1625,-97
812.559,00:03,1625,-84
812.607,00:04,1625,-86
813.004,00:02,1626,-97
813.062,00:03,1626,-84
813.106,00:04,1626,-86
813.506,00:02,1627,-97
813.56,00:03,1627,-84
813.606,00:04,1627,-86
814.005,00:02,1628,-97
814.06,00:03,1628,-83
814.105,00:04,1628,-86
814.505,00:02,1629,-97
814.559,00:03,1629,-83
814.606,00:04,1629,-86
815.006,00:02,1630,-98
815.061,00:03,1630,-83
815.108,00:04,1630,-86
815.506,00:02,1631,-98
815.559,00:03,1631,-83
815.605,00:04,1631,-86
816.007,00:02,1632,-98
816.06,00:03,1632,-83
816.106,00:04,1632,-86
816.504,00:02,1633,-98
816.56,00:03,1633,-83
816.606,00:04,1633,-86
817.006,00:02,1634,-98
817.06,00:03,1634,-83
817.106,00:04,1634,-86
817.504,00:02,1635,-98
817.561,00:03,1635,-83
817.606,00:04,1635,-86
818.003,00:02,1636,-98
818.06,00:03,1636,-83
818.107,00:04,1636,-86
818.505,00:02,1637,-98
818.56,00:03,1637,-83
818.607,00:04,1637,-86
819.004,00:02,1638,-98
819.06,00:03,1638,-82
819.107,00:04,1638,-86
819.503,00:02,1639,-98
819.56,00:03,1639,-82
819.606,00:04,1639,-86
820.005,00:02,1640,-99
820.06,00:03,1640,-82
820.106,00:04,1640,-86
820.505,00:02,1641,-99
820.561,00:03,1641,-82
820.607,00:04,1641,-86
821.005,00:02,1642,-99
821.061,00:03,1642,-82
821.108,00:04,1642,-86
821.505,00:02,1643,-99
821.559,00:03,1643,-82
821.606,00:04,1643,-86
822.006,00:02,1644,-99
822.058,00:03,1644,-82
822.105,00:04,1644,-86
822.506,00:02,1645,-99
822.562,00:03,1645,-82
822.605,00:04,1645,-86
823.003,00:02,1646,-99
823.061,00:03,1646,-82
823.105,00:04,1646,-86
823.504,00:02,1647,-99
823.561,00:03,1647,-82
823.606,00:04,1647,-86
824.004,00:02,1648,-99
824.06,00:03,1648,-81
824.106,00:04,1648,-86
824.506,00:02,1649,-99
824.56,00:03,1649,-81
824.606,00:04,1649,-86
825.006,00:02,1650,-100
825.06,00:03,1650,-81
825.107,00:04,1650,-86
825.505,00:02,1651,-100
825.561,00:03,1651,-81
825.605,00:04,1651,-86
826.003,00:02,1652,-100
826.061,00:03,1652,-81
826.106,00:04,1652,-86
826.506,00:02,1653,-100
826.561,00:03,1653,-81
826.606,00:04,1653,-86
827.004,00:02,1654,-100
827.06,00:03,1654,-81
827.105,00:04,1654,-86
827.504,00:02,1655,-100
827.56,00:03,1655,-81
827.605,00:04,1655,-87
828.004,00:02,1656,-100
828.06,00:03,1656,-81
828.106,00:04,1656,-87
828.506,00:02,1657,-100
828.56,00:03,1657,-81
828.604,00:04,1657,-87
829.005,00:02,1658,-100
829.059,00:03,1658,-80
829.108,00:04,1658,-87
829.506,00:02,1659,-100
829.56,00:03,1659,-80
829.606,00:04,1659,-87
830.005,00:02,1660,-100
830.061,00:03,1660,-80
830.107,00:04,1660,-87
830.503,00:02,1661,-101
830.559,00:03,1661,-80
830.607,00:04,1661,-87
831.005,00:02,1662,-101
831.06,00:03,1662,-80
831.106,00:04,1662,-87
831.505,00:02,1663,-101
831.561,00:03,1663,-80
831.605,00:04,1663,-87
832.005,00:02,1664,-101
832.058,00:03,1664,-80
832.106,00:04,1664,-87
832.504,00:02,1665,-101
832.56,00:03,1665,-80
832.606,00:04,1665,-87
833.005,00:02,1666,-101
833.061,00:03,1666,-80
833.105,00:04,1666,-87
833.504,00:02,1667,-101
833.56,00:03,1667,-80
833.607,00:04,1667,-87
834.007,00:02,1668,-101
834.058,00:03,1668,-80
834.106,00:04,1668,-87
834.505,00:02,1669,-101
834.559,00:03,1669,-80
834.604,00:04,1669,-87
835.006,00:02,1670,-101
835.059,00:03,1670,-79
835.108,00:04,1670,-87
835.504,00:02,1671,-102
835.56,00:03,1671,-79
835.605,00:04,1671,-88
836.004,00:02,1672,-102
836.058,00:03,1672,-79
836.107,00:04,1672,-88
836.504,00:02,1673,-102
836.561,00:03,1673,-79
836.605,00:04,1673,-88
837.006,00:02,1674,-102
837.06,00:03,1674,-79
837.107,00:04,1674,-88
837.505,00:02,1675,-102
837.56,00:03,1675,-79
837.608,00:04,1675,-88
838.004,00:02,1676,-102
838.059,00:03,1676,-79
838.106,00:04,1676,-88
838.505,00:02,1677,-102
838.561,00:03,1677,-79
838.605,00:04,1677,-88
839.005,00:02,1678,-102
839.06,00:03,1678,-79
839.106,00:04,1678,-88
839.504,00:02,1679,-102
839.56,00:03,1679,-79
839.607,00:04,1679,-88
840.003,00:02,1680,-102
840.06,00:03,1680,-79
840.104,00:04,1680,-88
840.504,00:02,1681,-102
840.561,00:03,1681,-79
840.605,00:04,1681,-88
841.004,00:02,1682,-106
841.061,00:03,1682,-83
841.105,00:04,1682,-92
841.505,00:02,1683,-107
841.559,00:03,1683,-82
841.607,00:04,1683,-92
842.061,00:03,1684,-82
842.106,00:04,1684,-93
842.507,00:02,1685,-107
842.562,00:03,1685,-82
842.606,00:04,1685,-93
843.006,00:02,1686,-107
843.06,00:03,1686,-82
843.106,00:04,1686,-93
843.503,00:02,1687,-107
843.56,00:03,1687,-82
843.606,00:04,1687,-93
844.004,00:02,1688,-107
844.061,00:03,1688,-82
844.107,00:04,1688,-93
844.505,00:02,1689,-107
844.56,00:03,1689,-82
844.605,00:04,1689,-93
845.006,00:02,1690,-103
845.059,00:03,1690,-78
845.106,00:04,1690,-89
845.506,00:02,1691,-103
845.561,00:03,1691,-78
845.606,00:04,1691,-89
846.006,00:02,1692,-103
846.06,00:03,1692,-78
846.105,00:04,1692,-89
846.505,00:02,1693,-103
846.562,00:03,1693,-78
846.607,00:04,1693,-89
847.004,00:02,1694,-104
847.061,00:03,1694,-78
847.108,00:04,1694,-89
847.505,00:02,1695,-104
847.558,00:03,1695,-78
847.605,00:04,1695,-90
848.006,00:02,1696,-104
848.06,00:03,1696,-78
848.104,00:04,1696,-90
848.506,00:02,1697,-104
848.558,00:03,1697,-78
848.605,00:04,1697,-90
849.006,00:02,1698,-104
849.06,00:03,1698,-78
849.104,00:04,1698,-90
849.504,00:02,1699,-104
849.559,00:03,1699,-78
849.606,00:04,1699,-90
850.005,00:02,1700,-104
850.06,00:03,1700,-78
850.104,00:04,1700,-90
850.505,00:02,1701,-104
850.561,00:03,1701,-78
850.605,00:04,1701,-90
851.004,00:02,1702,-104
851.06,00:03,1702,-77
851.105,00:04,1702,-90
851.503,00:02,1703,-104
851.562,00:03,1703,-77
851.607,00:04,1703,-90
852.006,00:02,1704,-104
852.059,00:03,1704,-77
852.104,00:04,1704,-90
852.504,00:02,1705,-104
852.562,00:03,1705,-77
852.606,00:04,1705,-90
853.006,00:02,1706,-105
853.061,00:03,1706,-77
853.106,00:04,1706,-90
853.504,00:02,1707,-105
853.559,00:03,1707,-77
853.606,00:04,1707,-91
854.005,00:02,1708,-105
854.061,00:03,1708,-77
854.106,00:04,1708,-91
854.506,00:02,1709,-105
854.56,00:03,1709,-77
854.604,00:04,1709,-91
855.004,00:02,1710,-105
855.059,00:03,1710,-77
855.106,00:04,1710,-91
855.504,00:02,1711,-105
855.56,00:03,1711,-77
855.607,00:04,1711,-91
856.004,00:02,1712,-105
856.059,00:03,1712,-77
856.106,00:04,1712,-91
856.505,00:02,1713,-105
856.562,00:03,1713,-77
856.606,00:04,1713,-91
857.005,00:02,1714,-105
857.062,00:03,1714,-77
857.107,00:04,1714,-91
857.504,00:02,1715,-105
857.56,00:03,1715,-77
857.606,00:04,1715,-91
858.006,00:02,1716,-105
858.062,00:03,1716,-77
858.106,00:04,1716,-91
858.505,00:02,1717,-105
858.561,00:03,1717,-77
858.606,00:04,1717,-91
859.006,00:02,1718,-105
859.059,00:03,1718,-78
859.105,00:04,1718,-91
859.505,00:02,1719,-105
859.561,00:03,1719,-78
859.606,00:04,1719,-91
860.004,00:02,1720,-105
860.06,00:03,1720,-78
860.107,00:04,1720,-91
860.504,00:02,1721,-106
860.559,00:03,1721,-78
860.604,00:04,1721,-91
861.005,00:02,1722,-106
861.061,00:03,1722,-78
861.106,00:04,1722,-91
861.504,00:02,1723,-106
861.561,00:03,1723,-79
861.607,00:04,1723,-91
862.004,00:02,1724,-106
862.06,00:03,1724,-79
862.106,00:04,1724,-91
862.504,00:02,1725,-106
862.558,00:03,1725,-79
862.606,00:04,1725,-91
863.003,00:02,1726,-106
863.059,00:03,1726,-79
863.107,00:04,1726,-90
863.505,00:02,1727,-106
863.561,00:03,1727,-79
863.604,00:04,1727,-90
864.004,00:02,1728,-106
864.059,00:03,1728,-79
864.107,00:04,1728,-90
864.506,00:02,1729,-106
864.56,00:03,1729,-79
864.606,00:04,1729,-90
865.003,00:02,1730,-106
865.061,00:03,1730,-79
865.107,00:04,1730,-90
865.504,00:02,1731,-105
865.561,00:03,1731,-79
865.605,00:04,1731,-90
866.005,00:02,1732,-105
866.06,00:03,1732,-79
866.105,00:04,1732,-90
866.503,00:02,1733,-105
866.561,00:03,1733,-79
866.605,00:04,1733,-90
867.006,00:02,1734,-105
867.059,00:03,1734,-79
867.107,00:04,1734,-90
867.504,00:02,1735,-105
867.562,00:03,1735,-79
867.608,00:04,1735,-90
868.006,00:02,1736,-105
868.06,00:03,1736,-79
868.105,00:04,1736,-90
868.505,00:02,1737,-105
868.561,00:03,1737,-79
868.607,00:04,1737,-89
869.006,00:02,1738,-105
869.06,00:03,1738,-79
869.105,00:04,1738,-89
869.506,00:02,1739,-105
869.56,00:03,1739,-79
869.608,00:04,1739,-89
870.005,00:02,1740,-105
870.061,00:03,1740,-79
870.104,00:04,1740,-89
870.505,00:02,1741,-105
870.559,00:03,1741,-79
870.605,00:04,1741,-89
871.005,00:02,1742,-105
871.061,00:03,1742,-79
871.105,00:04,1742,-89
871.505,00:02,1743,-105
871.562,00:03,1743,-79
871.606,00:04,1743,-89
872.005,00:02,1744,-104
872.06,00:03,1744,-79
872.107,00:04,1744,-89
872.505,00:02,1745,-104
872.559,00:03,1745,-79
872.606,00:04,1745,-89
873.005,00:02,1746,-104
873.06,00:03,1746,-79
873.105,00:04,1746,-89
873.504,00:02,1747,-104
873.561,00:03,1747,-80
873.606,00:04,1747,-88
874.003,00:02,1748,-104
874.06,00:03,1748,-80
874.107,00:04,1748,-88
874.505,00:02,1749,-104
874.56,00:03,1749,-80
874.607,00:04,1749,-88
875.005,00:02,1750,-104
875.06,00:03,1750,-80
875.106,00:04,1750,-88
875.506,00:02,1751,-104
875.56,00:03,1751,-80
875.606,00:04,1751,-88
876.006,00:02,1752,-104
876.061,00:03,1752,-80
876.108,00:04,1752,-88
876.504,00:02,1753,-104
876.56,00:03,1753,-80
876.607,00:04,1753,-88
877.006,00:02,1754,-108
877.061,00:03,1754,-84
877.105,00:04,1754,-92
877.503,00:02,1755,-108
877.561,00:03,1755,-84
877.606,00:04,1755,-92
878.004,00:02,1756,-108
878.061,00:03,1756,-84
878.105,00:04,1756,-92
878.506,00:02,1757,-107
878.558,00:03,1757,-84
878.605,00:04,1757,-91
879.061,00:03,1758,-84
879.105,00:04,1758,-91
879.561,00:03,1759,-84
879.605,00:04,1759,-91
880.007,00:02,1760,-107
880.059,00:03,1760,-84
880.107,00:04,1760,-91
880.505,00:02,1761,-107
880.56,00:03,1761,-84
880.606,00:04,1761,-91
881.005,00:02,1762,-103
881.06,00:03,1762,-80
881.107,00:04,1762,-87
881.506,00:02,1763,-103
881.56,00:03,1763,-80
881.605,00:04,1763,-87
882.005,00:02,1764,-103
882.062,00:03,1764,-80
882.106,00:04,1764,-87
882.503,00:02,1765,-103
882.559,00:03,1765,-80
882.606,00:04,1765,-87
883.005,00:02,1766,-103
883.059,00:03,1766,-80
883.105,00:04,1766,-87
883.503,00:02,1767,-103
883.559,00:03,1767,-80
883.607,00:04,1767,-86
884.006,00:02,1768,-103
884.061,00:03,1768,-81
884.107,00:04,1768,-86
884.504,00:02,1769,-102
884.561,00:03,1769,-81
884.605,00:04,1769,-86
885.006,00:02,1770,-102
885.059,00:03,1770,-81
885.107,00:04,1770,-86
885.506,00:02,1771,-102
885.56,00:03,1771,-81
885.606,00:04,1771,-86
886.005,00:02,1772,-102
886.059,00:03,1772,-81
886.106,00:04,1772,-86
886.503,00:02,1773,-102
886.56,00:03,1773,-81
886.605,00:04,1773,-86
887.005,00:02,1774,-102
887.059,00:03,1774,-81
887.107,00:04,1774,-86
887.506,00:02,1775,-102
887.561,00:03,1775,-81
887.607,00:04,1775,-86
888.004,00:02,1776,-102
888.062,00:03,1776,-81
888.106,00:04,1776,-86
888.506,00:02,1777,-102
888.559,00:03,1777,-81
888.607,00:04,1777,-86
889.004,00:02,1778,-102
889.061,00:03,1778,-81
889.106,00:04,1778,-86
889.506,00:02,1779,-102
889.561,00:03,1779,-81
889.606,00:04,1779,-85
890.005,00:02,1780,-101
890.062,00:03,1780,-81
890.106,00:04,1780,-85
890.504,00:02,1781,-101
890.56,00:03,1781,-81
890.606,00:04,1781,-85
891.005,00:02,1782,-101
891.061,00:03,1782,-82
891.107,00:04,1782,-85
891.505,00:02,1783,-101
891.561,00:03,1783,-82
891.605,00:04,1783,-85
892.003,00:02,1784,-101
892.061,00:03,1784,-82
892.105,00:04,1784,-85
892.507,00:02,1785,-101
892.56,00:03,1785,-82
892.608,00:04,1785,-85
893.007,00:02,1786,-101
893.061,00:03,1786,-82
893.106,00:04,1786,-85
893.506,00:02,1787,-101
893.562,00:03,1787,-82
893.606,00:04,1787,-85
894.005,00:02,1788,-101
894.061,00:03,1788,-82
894.106,00:04,1788,-85
894.507,00:02,1789,-101
894.559,00:03,1789,-82
894.607,00:04,1789,-85
895.006,00:02,1790,-101
895.061,00:03,1790,-82
895.107,00:04,1790,-85
895.506,00:02,1791,-101
895.56,00:03,1791,-82
895.605,00:04,1791,-85
896.005,00:02,1792,-100
896.061,00:03,1792,-82
896.107,00:04,1792,-85
896.505,00:02,1793,-100
896.56,00:03,1793,-82
896.607,00:04,1793,-85
897.006,00:02,1794,-100
897.061,00:03,1794,-83
897.107,00:04,1794,-84
897.506,00:02,1795,-100
897.56,00:03,1795,-83
897.607,00:04,1795,-84
898.006,00:02,1796,-100
898.06,00:03,1796,-83
898.106,00:04,1796,-84
898.504,00:02,1797,-100
898.561,00:03,1797,-83
898.607,00:04,1797,-84
899.006,00:02,1798,-100
899.061,00:03,1798,-83
899.108,00:04,1798,-84
899.505,00:02,1799,-100
899.56,00:03,1799,-83
899.605,00:04,1799,-84
900.006,00:02,1800,-100
900.061,00:03,1800,-83
900.106,00:04,1800,-84
900.506,00:02,1801,-100
900.562,00:03,1801,-83
900.605,00:04,1801,-84
901.005,00:02,1802,-100
901.061,00:03,1802,-83
901.106,00:04,1802,-84
901.504,00:02,1803,-99
901.559,00:03,1803,-83
901.604,00:04,1803,-84
902.005,00:02,1804,-99
902.059,00:03,1804,-83
902.108,00:04,1804,-84
902.506,00:02,1805,-99
902.562,00:03,1805,-83
902.605,00:04,1805,-84
903.007,00:02,1806,-99
903.061,00:03,1806,-84
903.106,00:04,1806,-84
903.506,00:02,1807,-99
903.56,00:03,1807,-84
903.606,00:04,1807,-84
904.006,00:02,1808,-99
904.062,00:03,1808,-84
904.107,00:04,1808,-84
904.505,00:02,1809,-99
904.56,00:03,1809,-84
904.606,00:04,1809,-84
905.006,00:02,1810,-99
905.059,00:03,1810,-84
905.105,00:04,1810,-84
905.504,00:02,1811,-99
905.559,00:03,1811,-84
905.605,00:04,1811,-84
906.005,00:02,1812,-99
906.06,00:03,1812,-84
906.106,00:04,1812,-84
906.506,00:02,1813,-99
906.561,00:03,1813,-84
906.606,00:04,1813,-84
907.004,00:02,1814,-98
907.06,00:03,1814,-84
907.105,00:04,1814,-84
907.505,00:02,1815,-98
907.561,00:03,1815,-84
907.605,00:04,1815,-84
908.006,00:02,1816,-98
908.06,00:03,1816,-84
908.107,00:04,1816,-84
908.506,00:02,1817,-98
908.56,00:03,1817,-85
908.607,00:04,1817,-84
909.005,00:02,1818,-98
909.061,00:03,1818,-85
909.106,00:04,1818,-84
909.504,00:02,1819,-98
909.559,00:03,1819,-85
909.607,00:04,1819,-84
910.005,00:02,1820,-98
910.061,00:03,1820,-85
910.108,00:04,1820,-84
910.503,00:02,1821,-98
910.561,00:03,1821,-85
910.605,00:04,1821,-84
911.005,00:02,1822,-98
911.061,00:03,1822,-85
911.107,00:04,1822,-84
911.505,00:02,1823,-98
911.558,00:03,1823,-85
911.605,00:04,1823,-84
912.005,00:02,1824,-98
912.061,00:03,1824,-85
912.105,00:04,1824,-84
912.504,00:02,1825,-97
912.56,00:03,1825,-85
912.605,00:04,1825,-84
913.003,00:02,1826,-97
913.061,00:03,1826,-85
913.106,00:04,1826,-84
913.506,00:02,1827,-97
913.561,00:03,1827,-85
913.605,00:04,1827,-84
914.006,00:02,1828,-97
914.062,00:03,1828,-86
914.106,00:04,1828,-84
914.506,00:02,1829,-97
914.561,00:03,1829,-86
914.608,00:04,1829,-84
915.004,00:02,1830,-97
915.06,00:03,1830,-86
915.105,00:04,1830,-84
915.504,00:02,1831,-97
915.56,00:03,1831,-86
915.605,00:04,1831,-84
916.004,00:02,1832,-97
916.06,00:03,1832,-86
916.106,00:04,1832,-84
916.505,00:02,1833,-97
916.56,00:03,1833,-86
916.606,00:04,1833,-84
917.006,00:02,1834,-97
917.06,00:03,1834,-86
917.106,00:04,1834,-84
917.506,00:02,1835,-97
917.561,00:03,1835,-86
917.606,00:04,1835,-84
918.005,00:02,1836,-97
918.061,00:03,1836,-86
918.107,00:04,1836,-84
918.504,00:02,1837,-96
918.561,00:03,1837,-86
918.604,00:04,1837,-84
919.005,00:02,1838,-96
919.061,00:03,1838,-86
919.107,00:04,1838,-84
919.504,00:02,1839,-96
919.56,00:03,1839,-87
919.607,00:04,1839,-84
920.004,00:02,1840,-96
920.061,00:03,1840,-87
920.107,00:04,1840,-84
920.506,00:02,1841,-96
920.56,00:03,1841,-87
920.607,00:04,1841,-84
921.005,00:02,1842,-96
921.061,00:03,1842,-87
921.105,00:04,1842,-84
921.506,00:02,1843,-96
921.56,00:03,1843,-87
921.605,00:04,1843,-85
922.004,00:02,1844,-96
922.062,00:03,1844,-87
922.106,00:04,1844,-85
922.505,00:02,1845,-96
922.559,00:03,1845,-87
922.605,00:04,1845,-85
923.005,00:02,1846,-96
923.061,00:03,1846,-87
923.106,00:04,1846,-85
923.505,00:02,1847,-96
923.561,00:03,1847,-87
923.604,00:04,1847,-85
924.005,00:02,1848,-95
924.062,00:03,1848,-87
924.107,00:04,1848,-85
924.503,00:02,1849,-95
924.559,00:03,1849,-87
924.607,00:04,1849,-85
925.005,00:02,1850,-95
925.06,00:03,1850,-88
925.105,00:04,1850,-85
925.506,00:02,1851,-95
925.559,00:03,1851,-88
925.608,00:04,1851,-85
926.005,00:02,1852,-95
926.061,00:03,1852,-88
926.107,00:04,1852,-85
926.505,00:02,1853,-95
926.559,00:03,1853,-88
926.608,00:04,1853,-85
927.005,00:02,1854,-95
927.06,00:03,1854,-88
927.105,00:04,1854,-85
927.505,00:02,1855,-95
927.562,00:03,1855,-88
927.607,00:04,1855,-85
928.005,00:02,1856,-95
928.059,00:03,1856,-88
928.105,00:04,1856,-85
928.504,00:02,1857,-95
928.561,00:03,1857,-88
928.605,00:04,1857,-86
929.004,00:02,1858,-95
929.061,00:03,1858,-88
929.108,00:04,1858,-86
929.506,00:02,1859,-95
929.561,00:03,1859,-88
929.606,00:04,1859,-86
930.006,00:02,1860,-95
930.062,00:03,1860,-88
930.107,00:04,1860,-86
930.506,00:02,1861,-94
930.561,00:03,1861,-88
930.606,00:04,1861,-86
931.004,00:02,1862,-94
931.06,00:03,1862,-89
931.106,00:04,1862,-86
931.505,00:02,1863,-94
931.56,00:03,1863,-89
931.607,00:04,1863,-86
932.005,00:02,1864,-94
932.061,00:03,1864,-89
932.106,00:04,1864,-86
932.504,00:02,1865,-94
932.561,00:03,1865,-89
932.607,00:04,1865,-86
933.004,00:02,1866,-94
933.061,00:03,1866,-89
933.107,00:04,1866,-86
933.505,00:02,1867,-94
933.561,00:03,1867,-89
933.606,00:04,1867,-86
934.004,00:02,1868,-94
934.06,00:03,1868,-89
934.106,00:04,1868,-86
934.505,00:02,1869,-94
934.561,00:03,1869,-89
934.605,00:04,1869,-87
935.004,00:02,1870,-94
935.06,00:03,1870,-89
935.107,00:04,1870,-87
935.504,00:02,1871,-94
935.561,00:03,1871,-89
935.605,00:04,1871,-87
936.005,00:02,1872,-94
936.06,00:03,1872,-89
936.107,00:04,1872,-87
936.505,00:02,1873,-94
936.56,00:03,1873,-89
936.607,00:04,1873,-87
937.005,00:02,1874,-98
937.061,00:03,1874,-94
937.105,00:04,1874,-91
937.505,00:02,1875,-98
937.56,00:03,1875,-94
937.606,00:04,1875,-91
938.004,00:02,1876,-98
938.061,00:03,1876,-94
938.106,00:04,1876,-91
938.504,00:02,1877,-97
938.559,00:03,1877,-94
938.605,00:04,1877,-91
939.006,00:02,1878,-97
939.059,00:03,1878,-94
939.105,00:04,1878,-91
939.504,00:02,1879,-97
939.561,00:03,1879,-94
939.607,00:04,1879,-91
940.004,00:02,1880,-97
940.061,00:03,1880,-94
940.105,00:04,1880,-92
940.504,00:02,1881,-97
940.562,00:03,1881,-94
940.605,00:04,1881,-92
941.005,00:02,1882,-93
941.059,00:03,1882,-90
941.106,00:04,1882,-88
941.505,00:02,1883,-93
941.561,00:03,1883,-90
941.608,00:04,1883,-88
942.005,00:02,1884,-93
942.06,00:03,1884,-90
942.106,00:04,1884,-88
942.505,00:02,1885,-93
942.561,00:03,1885,-90
942.605,00:04,1885,-88
943.005,00:02,1886,-93
943.059,00:03,1886,-91
943.106,00:04,1886,-88
943.506,00:02,1887,-93
943.561,00:03,1887,-91
943.605,00:04,1887,-88
944.004,00:02,1888,-93
944.059,00:03,1888,-91
944.107,00:04,1888,-88
944.504,00:02,1889,-93
944.561,00:03,1889,-91
944.606,00:04,1889,-88
945.004,00:02,1890,-93
945.061,00:03,1890,-91
945.107,00:04,1890,-89
945.505,00:02,1891,-93
945.56,00:03,1891,-91
945.608,00:04,1891,-89
946.006,00:02,1892,-93
946.061,00:03,1892,-91
946.106,00:04,1892,-89
946.504,00:02,1893,-93
946.56,00:03,1893,-91
946.606,00:04,1893,-89
947.005,00:02,1894,-93
947.06,00:03,1894,-91
947.108,00:04,1894,-89
947.506,00:02,1895,-93
947.561,00:03,1895,-91
947.606,00:04,1895,-89
948.005,00:02,1896,-93
948.06,00:03,1896,-91
948.107,00:04,1896,-89
948.503,00:02,1897,-93
948.56,00:03,1897,-91
948.607,00:04,1897,-89
949.005,00:02,1898,-93
949.061,00:03,1898,-91
949.107,00:04,1898,-89
949.506,00:02,1899,-93
949.561,00:03,1899,-92
949.608,00:04,1899,-90
950.006,00:02,1900,-93
950.061,00:03,1900,-92
950.106,00:04,1900,-90
950.504,00:02,1901,-93
950.559,00:03,1901,-92
950.605,00:04,1901,-90
951.006,00:02,1902,-93
951.062,00:03,1902,-92
951.106,00:04,1902,-90
951.505,00:02,1903,-93
951.562,00:03,1903,-92
951.607,00:04,1903,-90
952.006,00:02,1904,-93
952.062,00:03,1904,-92
952.107,00:04,1904,-90
952.505,00:02,1905,-93
952.559,00:03,1905,-92
952.607,00:04,1905,-90
953.005,00:02,1906,-93
953.061,00:03,1906,-92
953.108,00:04,1906,-90
953.505,00:02,1907,-93
953.562,00:03,1907,-92
953.607,00:04,1907,-90
954.004,00:02,1908,-93
954.061,00:03,1908,-92
954.105,00:04,1908,-90
954.505,00:02,1909,-93
954.561,00:03,1909,-92
954.605,00:04,1909,-90
955.006,00:02,1910,-93
955.061,00:03,1910,-92
955.108,00:04,1910,-90
955.504,00:02,1911,-93
955.561,00:03,1911,-92
955.605,00:04,1911,-90
956.005,00:02,1912,-93
956.062,00:03,1912,-92
956.106,00:04,1912,-90
956.504,00:02,1913,-94
956.562,00:03,1913,-92
956.606,00:04,1913,-90
957.006,00:02,1914,-94
957.06,00:03,1914,-92
957.106,00:04,1914,-90
957.505,00:02,1915,-94
957.561,00:03,1915,-93
957.605,00:04,1915,-90
958.005,00:02,1916,-94
958.06,00:03,1916,-93
958.107,00:04,1916,-90
958.504,00:02,1917,-94
958.562,00:03,1917,-93
958.605,00:04,1917,-90
959.004,00:02,1918,-94
959.061,00:03,1918,-93
959.106,00:04,1918,-89
959.505,00:02,1919,-94
959.562,00:03,1919,-93
959.608,00:04,1919,-89
960.006,00:02,1920,-94
960.059,00:03,1920,-93
960.106,00:04,1920,-89
960.504,00:02,1921,-94
960.561,00:03,1921,-93
960.605,00:04,1921,-89
961.005,00:02,1922,-94
961.062,00:03,1922,-93
961.107,00:04,1922,-89
961.503,00:02,1923,-94
961.56,00:03,1923,-92
961.605,00:04,1923,-89
962.003,00:02,1924,-94
962.061,00:03,1924,-92
962.107,00:04,1924,-89
962.507,00:02,1925,-94
962.561,00:03,1925,-92
962.606,00:04,1925,-89
963.007,00:02,1926,-94
963.059,00:03,1926,-92
963.105,00:04,1926,-89
963.506,00:02,1927,-94
963.561,00:03,1927,-92
963.607,00:04,1927,-89
964.006,00:02,1928,-94
964.059,00:03,1928,-92
964.105,00:04,1928,-89
964.506,00:02,1929,-94
964.56,00:03,1929,-92
964.604,00:04,1929,-88
965.006,00:02,1930,-94
965.059,00:03,1930,-92
965.107,00:04,1930,-88
965.504,00:02,1931,-94
965.562,00:03,1931,-92
965.608,00:04,1931,-88
966.006,00:02,1932,-94
966.06,00:03,1932,-92
966.106,00:04,1932,-88
966.506,00:02,1933,-94
966.561,00:03,1933,-92
966.605,00:04,1933,-88
967.005,00:02,1934,-95
967.06,00:03,1934,-92
967.105,00:04,1934,-88
967.505,00:02,1935,-95
967.561,00:03,1935,-92
967.606,00:04,1935,-88
968.004,00:02,1936,-95
968.061,00:03,1936,-91
968.107,00:04,1936,-88
968.505,00:02,1937,-95
968.56,00:03,1937,-91
968.607,00:04,1937,-87
969.007,00:02,1938,-95
969.061,00:03,1938,-91
969.107,00:04,1938,-87
969.504,00:02,1939,-95
969.561,00:03,1939,-91
969.607,00:04,1939,-87
970.006,00:02,1940,-95
970.062,00:03,1940,-91
970.106,00:04,1940,-87
970.505,00:02,1941,-95
970.561,00:03,1941,-91
970.605,00:04,1941,-87
971.005,00:02,1942,-95
971.061,00:03,1942,-91
971.107,00:04,1942,-87
971.504,00:02,1943,-95
971.562,00:03,1943,-91
971.605,00:04,1943,-87
972.004,00:02,1944,-95
972.059,00:03,1944,-91
972.106,00:04,1944,-87
972.506,00:02,1945,-95
972.56,00:03,1945,-91
972.605,00:04,1945,-87
973.006,00:02,1946,-99
973.062,00:03,1946,-95
973.106,00:04,1946,-90
973.505,00:02,1947,-99
973.561,00:03,1947,-95
973.606,00:04,1947,-90
974.004,00:02,1948,-99
974.06,00:03,1948,-95
974.106,00:04,1948,-90
974.503,00:02,1949,-99
974.56,00:03,1949,-94
974.607,00:04,1949,-90
975.004,00:02,1950,-99
975.06,00:03,1950,-94
975.108,00:04,1950,-90
975.504,00:02,1951,-99
975.56,00:03,1951,-94
975.606,00:04,1951,-90
976.005,00:02,1952,-99
976.061,00:03,1952,-94
976.105,00:04,1952,-90
976.506,00:02,1953,-99
976.562,00:03,1953,-94
976.606,00:04,1953,-90
977.004,00:02,1954,-95
977.062,00:03,1954,-90
977.106,00:04,1954,-86
977.504,00:02,1955,-95
977.56,00:03,1955,-90
977.606,00:04,1955,-85
978.003,00:02,1956,-95
978.062,00:03,1956,-90
978.106,00:04,1956,-85
978.506,00:02,1957,-95
978.561,00:03,1957,-90
978.607,00:04,1957,-85
979.005,00:02,1958,-95
979.062,00:03,1958,-90
979.106,00:04,1958,-85
979.504,00:02,1959,-95
979.562,00:03,1959,-90
979.606,00:04,1959,-85
980.004,00:02,1960,-96
980.06,00:03,1960,-90
980.105,00:04,1960,-85
980.505,00:02,1961,-96
980.56,00:03,1961,-90
980.606,00:04,1961,-85
981.005,00:02,1962,-96
981.061,00:03,1962,-89
981.105,00:04,1962,-85
981.505,00:02,1963,-96
981.561,00:03,1963,-89
981.605,00:04,1963,-85
982.004,00:02,1964,-96
982.063,00:03,1964,-89
982.105,00:04,1964,-84
982.505,00:02,1965,-96
982.563,00:03,1965,-89
982.608,00:04,1965,-84
983.006,00:02,1966,-96
983.061,00:03,1966,-89
983.106,00:04,1966,-84
983.504,00:02,1967,-96
983.562,00:03,1967,-89
983.606,00:04,1967,-84
984.004,00:02,1968,-96
984.061,00:03,1968,-89
984.107,00:04,1968,-84
984.504,00:02,1969,-96
984.561,00:03,1969,-89
984.607,00:04,1969,-84
985.005,00:02,1970,-96
985.061,00:03,1970,-89
985.106,00:04,1970,-84
985.504,00:02,1971,-96
985.56,00:03,1971,-89
985.607,00:04,1971,-84
986.004,00:02,1972,-96
986.06,00:03,1972,-89
986.107,00:04,1972,-84
986.505,00:02,1973,-96
986.561,00:03,1973,-89
986.606,00:04,1973,-84
987.004,00:02,1974,-96
987.061,00:03,1974,-89
987.106,00:04,1974,-83
987.505,00:02,1975,-96
987.561,00:03,1975,-88
987.606,00:04,1975,-83
988.004,00:02,1976,-96
988.061,00:03,1976,-88
988.106,00:04,1976,-83
988.506,00:02,1977,-97
988.561,00:03,1977,-88
988.607,00:04,1977,-83
989.006,00:02,1978,-97
989.06,00:03,1978,-88
989.107,00:04,1978,-83
989.503,00:02,1979,-97
989.561,00:03,1979,-88
989.606,00:04,1979,-83
990.004,00:02,1980,-97
990.061,00:03,1980,-88
990.105,00:04,1980,-83
990.505,00:02,1981,-97
990.563,00:03,1981,-88
990.606,00:04,1981,-83
991.005,00:02,1982,-97
991.061,00:03,1982,-88
991.106,00:04,1982,-83
991.504,00:02,1983,-97
991.563,00:03,1983,-88
991.605,00:04,1983,-83
992.004,00:02,1984,-97
992.062,00:03,1984,-88
992.105,00:04,1984,-83
992.505,00:02,1985,-97
992.562,00:03,1985,-88
992.608,00:04,1985,-83
993.005,00:02,1986,-97
993.062,00:03,1986,-88
993.106,00:04,1986,-82
993.503,00:02,1987,-97
993.562,00:03,1987,-87
993.607,00:04,1987,-82
994.004,00:02,1988,-97
994.061,00:03,1988,-87
994.105,00:04,1988,-82
994.506,00:02,1989,-97
994.56,00:03,1989,-87
994.606,00:04,1989,-82
995.004,00:02,1990,-97
995.06,00:03,1990,-87
995.107,00:04,1990,-82
995.503,00:02,1991,-98
995.562,00:03,1991,-87
995.607,00:04,1991,-82
996.005,00:02,1992,-98
996.061,00:03,1992,-87
996.105,00:04,1992,-82
996.504,00:02,1993,-98
996.562,00:03,1993,-87
996.607,00:04,1993,-82
997.006,00:02,1994,-98
997.061,00:03,1994,-87
997.105,00:04,1994,-82
997.505,00:02,1995,-98
997.562,00:03,1995,-87
997.606,00:04,1995,-82
998.004,00:02,1996,-98
998.063,00:03,1996,-87
998.105,00:04,1996,-82
998.505,00:02,1997,-98
998.561,00:03,1997,-87
998.607,00:04,1997,-82
999.003,00:02,1998,-98
999.063,00:03,1998,-87
999.108,00:04,1998,-82
999.505,00:02,1999,-98
999.56,00:03,1999,-86
999.607,00:04,1999,-82
1000.01,00:02,2000,-98
1000.06,00:03,2000,-86
1000.11,00:04,2000,-82
1000.5,00:02,2001,-98
1000.56,00:03,2001,-86
1000.61,00:04,2001,-82
1001.01,00:02,2002,-98
1001.06,00:03,2002,-86
1001.11,00:04,2002,-82
1001.5,00:02,2003,-99
1001.56,00:03,2003,-86
1001.6,00:04,2003,-82
1002,00:02,2004,-99
1002.06,00:03,2004,-86
1002.11,00:04,2004,-82
1002.5,00:02,2005,-99
1002.56,00:03,2005,-86
1002.6,00:04,2005,-82
1003,00:02,2006,-99
1003.06,00:03,2006,-86
1003.11,00:04,2006,-82
1003.5,00:02,2007,-99
1003.56,00:03,2007,-86
1003.61,00:04,2007,-82
1004,00:02,2008,-99
1004.06,00:03,2008,-86
1004.11,00:04,2008,-82
1004.51,00:02,2009,-99
1004.56,00:03,2009,-86
1004.61,00:04,2009,-82
1005.01,00:02,2010,-99
1005.06,00:03,2010,-86
1005.11,00:04,2010,-82
1005.5,00:02,2011,-99
1005.56,00:03,2011,-85
1005.61,00:04,2011,-82
1006.01,00:02,2012,-99
1006.06,00:03,2012,-85
1006.1,00:04,2012,-82
1006.5,00:02,2013,-99
1006.56,00:03,2013,-85
1006.61,00:04,2013,-82
1007.01,00:02,2014,-99
1007.06,00:03,2014,-85
1007.11,00:04,2014,-82
1007.5,00:02,2015,-99
1007.56,00:03,2015,-85
1007.61,00:04,2015,-82
1008.01,00:02,2016,-100
1008.06,00:03,2016,-85
1008.11,00:04,2016,-82
1008.5,00:02,2017,-100
1008.56,00:03,2017,-85
1008.6,00:04,2017,-82
1009,00:02,2018,-100
1009.06,00:03,2018,-85
1009.11,00:04,2018,-82
1009.5,00:02,2019,-100
1009.56,00:03,2019,-85
1009.61,00:04,2019,-82
1010.01,00:02,2020,-100
1010.06,00:03,2020,-85
1010.11,00:04,2020,-82
1010.5,00:02,2021,-100
1010.56,00:03,2021,-85
1010.61,00:04,2021,-82
1011.01,00:02,2022,-100
1011.06,00:03,2022,-85
1011.11,00:04,2022,-82
1011.5,00:02,2023,-100
1011.56,00:03,2023,-85
1011.61,00:04,2023,-82
1012,00:02,2024,-100
1012.06,00:03,2024,-84
1012.11,00:04,2024,-82
1012.5,00:02,2025,-100
1012.56,00:03,2025,-84
1012.61,00:04,2025,-82
1013,00:02,2026,-100
1013.06,00:03,2026,-84
1013.11,00:04,2026,-82
1013.51,00:02,2027,-100
1013.56,00:03,2027,-84
1013.61,00:04,2027,-82
1014,00:02,2028,-101
1014.06,00:03,2028,-84
1014.11,00:04,2028,-82
1014.51,00:02,2029,-101
1014.56,00:03,2029,-84
1014.61,00:04,2029,-82
1015,00:02,2030,-101
1015.06,00:03,2030,-84
1015.11,00:04,2030,-82
1015.51,00:02,2031,-101
1015.56,00:03,2031,-84
1015.61,00:04,2031,-82
1016,00:02,2032,-101
1016.06,00:03,2032,-84
1016.11,00:04,2032,-82
1016.51,00:02,2033,-101
1016.56,00:03,2033,-84
1016.61,00:04,2033,-82
1017,00:02,2034,-101
1017.06,00:03,2034,-84
1017.11,00:04,2034,-82
1017.5,00:02,2035,-101
1017.56,00:03,2035,-84
1017.61,00:04,2035,-83
1018.01,00:02,2036,-101
1018.06,00:03,2036,-84
1018.11,00:04,2036,-83
1018.5,00:02,2037,-101
1018.56,00:03,2037,-83
1018.61,00:04,2037,-83
1019.01,00:02,2038,-101
1019.06,00:03,2038,-83
1019.11,00:04,2038,-83
1019.5,00:02,2039,-101
1019.56,00:03,2039,-83
1019.61,00:04,2039,-83
1020,00:02,2040,-102
1020.06,00:03,2040,-83
1020.11,00:04,2040,-83
1020.51,00:02,2041,-102
1020.56,00:03,2041,-83
1020.61,00:04,2041,-83
1021.01,00:02,2042,-102
1021.06,00:03,2042,-83
1021.11,00:04,2042,-83
1021.5,00:02,2043,-102
1021.56,00:03,2043,-83
1021.6,00:04,2043,-83
1022.01,00:02,2044,-102
1022.06,00:03,2044,-83
1022.11,00:04,2044,-83
1022.5,00:02,2045,-102
1022.56,00:03,2045,-83
1022.61,00:04,2045,-83
1023,00:02,2046,-102
1023.06,00:03,2046,-83
1023.1,00:04,2046,-83
1023.51,00:02,2047,-102
1023.56,00:03,2047,-83
1023.61,00:04,2047,-84
1024,00:02,2048,-102
1024.06,00:03,2048,-83
1024.11,00:04,2048,-84
1024.51,00:02,2049,-102
1024.56,00:03,2049,-83
1024.61,00:04,2049,-84
1025,00:02,2050,-102
1025.06,00:03,2050,-83
1025.11,00:04,2050,-84
1025.51,00:02,2051,-102
1025.56,00:03,2051,-83
1025.61,00:04,2051,-84
1026,00:02,2052,-102
1026.06,00:03,2052,-82
1026.11,00:04,2052,-84
1026.5,00:02,2053,-103
1026.56,00:03,2053,-82
1026.61,00:04,2053,-84
1027.01,00:02,2054,-103
1027.06,00:03,2054,-82
1027.11,00:04,2054,-84
1027.51,00:02,2055,-103
1027.56,00:03,2055,-82
1027.61,00:04,2055,-84
1028,00:02,2056,-103
1028.06,00:03,2056,-82
1028.1,00:04,2056,-84
1028.51,00:02,2057,-103
1028.56,00:03,2057,-82
1028.61,00:04,2057,-85
1029.01,00:02,2058,-103
1029.06,00:03,2058,-82
1029.11,00:04,2058,-85
1029.51,00:02,2059,-103
1029.56,00:03,2059,-82
1029.61,00:04,2059,-85
1030,00:02,2060,-103
1030.06,00:03,2060,-82
1030.11,00:04,2060,-85
1030.5,00:02,2061,-103
1030.56,00:03,2061,-82
1030.61,00:04,2061,-85
1031,00:02,2062,-103
1031.06,00:03,2062,-82
1031.11,00:04,2062,-85
1031.5,00:02,2063,-103
1031.56,00:03,2063,-82
1031.61,00:04,2063,-85
1032,00:02,2064,-103
1032.06,00:03,2064,-82
1032.11,00:04,2064,-85
1032.5,00:02,2065,-104
1032.56,00:03,2065,-82
1032.61,00:04,2065,-85
1033.01,00:02,2066,-108
1033.06,00:03,2066,-86
1033.11,00:04,2066,-90
1033.51,00:02,2067,-108
1033.56,00:03,2067,-86
1033.61,00:04,2067,-90
1034.01,00:02,2068,-108
1034.06,00:03,2068,-86
1034.11,00:04,2068,-90
1034.51,00:02,2069,-108
1034.56,00:03,2069,-86
1034.61,00:04,2069,-90
1035.06,00:03,2070,-86
1035.11,00:04,2070,-90
1035.51,00:02,2071,-108
1035.56,00:03,2071,-86
1035.61,00:04,2071,-90
1036.01,00:02,2072,-108
1036.06,00:03,2072,-85
1036.1,00:04,2072,-90
1036.51,00:02,2073,-108
1036.56,00:03,2073,-85
1036.61,00:04,2073,-90
1037.01,00:02,2074,-104
1037.06,00:03,2074,-81
1037.11,00:04,2074,-86
1037.51,00:02,2075,-104
1037.56,00:03,2075,-81
1037.61,00:04,2075,-87
1038.01,00:02,2076,-104
1038.06,00:03,2076,-81
1038.11,00:04,2076,-87
1038.51,00:02,2077,-104
1038.56,00:03,2077,-81
1038.6,00:04,2077,-87
1039,00:02,2078,-105
1039.06,00:03,2078,-81
1039.11,00:04,2078,-87
1039.51,00:02,2079,-105
1039.56,00:03,2079,-81
1039.61,00:04,2079,-87
1040.01,00:02,2080,-105
1040.06,00:03,2080,-81
1040.11,00:04,2080,-87
1040.5,00:02,2081,-105
1040.56,00:03,2081,-81
1040.61,00:04,2081,-87
1041,00:02,2082,-105
1041.06,00:03,2082,-81
1041.11,00:04,2082,-87
1041.51,00:02,2083,-105
1041.56,00:03,2083,-81
1041.6,00:04,2083,-88
1042.01,00:02,2084,-105
1042.06,00:03,2084,-81
1042.11,00:04,2084,-88
1042.5,00:02,2085,-105
1042.56,00:03,2085,-81
1042.61,00:04,2085,-88
1043.01,00:02,2086,-105
1043.06,00:03,2086,-81
1043.11,00:04,2086,-88
1043.51,00:02,2087,-105
1043.56,00:03,2087,-81
1043.61,00:04,2087,-88
1044.01,00:02,2088,-105
1044.06,00:03,2088,-81
1044.11,00:04,2088,-88
1044.5,00:02,2089,-105
1044.56,00:03,2089,-81
1044.61,00:04,2089,-88
1045,00:02,2090,-105
1045.06,00:03,2090,-81
1045.11,00:04,2090,-88
1045.5,00:02,2091,-105
1045.56,00:03,2091,-81
1045.61,00:04,2091,-88
1046,00:02,2092,-106
1046.06,00:03,2092,-81
1046.11,00:04,2092,-89
1046.5,00:02,2093,-106
1046.56,00:03,2093,-81
1046.61,00:04,2093,-89
1047.01,00:02,2094,-106
1047.06,00:03,2094,-81
1047.11,00:04,2094,-89
1047.5,00:02,2095,-106
1047.56,00:03,2095,-81
1047.61,00:04,2095,-89
1048.01,00:02,2096,-106
1048.06,00:03,2096,-81
1048.11,00:04,2096,-89
1048.5,00:02,2097,-106
1048.56,00:03,2097,-81
1048.61,00:04,2097,-89
1049.01,00:02,2098,-106
1049.06,00:03,2098,-81
1049.11,00:04,2098,-89
1049.5,00:02,2099,-106
1049.56,00:03,2099,-81
1049.61,00:04,2099,-89
1050.01,00:02,2100,-106
1050.06,00:03,2100,-81
1050.11,00:04,2100,-89
1050.51,00:02,2101,-106
1050.56,00:03,2101,-81
1050.61,00:04,2101,-89
1051,00:02,2102,-106
1051.06,00:03,2102,-81
1051.11,00:04,2102,-89
1051.56,00:03,2103,-81
1051.61,00:04,2103,-89
1052,00:02,2104,-106
1052.06,00:03,2104,-82
1052.11,00:04,2104,-89
1052.5,00:02,2105,-106
1052.56,00:03,2105,-82
1052.61,00:04,2105,-89
1053,00:02,2106,-106
1053.06,00:03,2106,-82
1053.11,00:04,2106,-89
1053.5,00:02,2107,-106
1053.56,00:03,2107,-82
1053.61,00:04,2107,-89
1054,00:02,2108,-106
1054.06,00:03,2108,-82
1054.11,00:04,2108,-89
1054.51,00:02,2109,-107
1054.56,00:03,2109,-82
1054.61,00:04,2109,-89
1055,00:02,2110,-107
1055.06,00:03,2110,-82
1055.11,00:04,2110,-89
1055.51,00:02,2111,-107
1055.56,00:03,2111,-82
1055.61,00:04,2111,-89
1056,00:02,2112,-107
1056.06,00:03,2112,-82
1056.11,00:04,2112,-89
1056.5,00:02,2113,-106
1056.56,00:03,2113,-82
1056.61,00:04,2113,-88
1057,00:02,2114,-106
1057.06,00:03,2114,-82
1057.11,00:04,2114,-88
1057.51,00:02,2115,-106
1057.56,00:03,2115,-82
1057.61,00:04,2115,-88
1058,00:02,2116,-106
1058.06,00:03,2116,-82
1058.11,00:04,2116,-88
1058.5,00:02,2117,-106
1058.56,00:03,2117,-82
1058.61,00:04,2117,-88
1059,00:02,2118,-106
1059.06,00:03,2118,-82
1059.11,00:04,2118,-88
1059.51,00:02,2119,-106
1059.56,00:03,2119,-82
1059.61,00:04,2119,-88
1060.01,00:02,2120,-106
1060.06,00:03,2120,-82
1060.11,00:04,2120,-87
1060.5,00:02,2121,-106
1060.56,00:03,2121,-82
1060.61,00:04,2121,-87
1061,00:02,2122,-106
1061.06,00:03,2122,-83
1061.11,00:04,2122,-87
1061.5,00:02,2123,-106
1061.56,00:03,2123,-83
1061.61,00:04,2123,-87
1062.01,00:02,2124,-106
1062.06,00:03,2124,-83
1062.11,00:04,2124,-87
1062.5,00:02,2125,-106
1062.56,00:03,2125,-83
1062.61,00:04,2125,-87
1063,00:02,2126,-106
1063.06,00:03,2126,-83
1063.11,00:04,2126,-87
1063.5,00:02,2127,-106
1063.56,00:03,2127,-83
1063.61,00:04,2127,-87
1064.01,00:02,2128,-105
1064.06,00:03,2128,-83
1064.11,00:04,2128,-86
1064.51,00:02,2129,-105
1064.56,00:03,2129,-83
1064.61,00:04,2129,-86
1065,00:02,2130,-105
1065.06,00:03,2130,-83
1065.11,00:04,2130,-86
1065.5,00:02,2131,-105
1065.56,00:03,2131,-83
1065.61,00:04,2131,-86
1066.01,00:02,2132,-105
1066.06,00:03,2132,-83
1066.11,00:04,2132,-86
1066.5,00:02,2133,-105
1066.56,00:03,2133,-83
1066.61,00:04,2133,-86
1067,00:02,2134,-105
1067.06,00:03,2134,-83
1067.11,00:04,2134,-86
1067.51,00:02,2135,-105
1067.56,00:03,2135,-83
1067.61,00:04,2135,-85
1068.01,00:02,2136,-105
1068.06,00:03,2136,-83
1068.11,00:04,2136,-85
1068.5,00:02,2137,-105
1068.56,00:03,2137,-83
1068.61,00:04,2137,-85
1069.06,00:03,2138,-87
1069.11,00:04,2138,-89
1069.56,00:03,2139,-87
1069.61,00:04,2139,-89
1070.06,00:03,2140,-87
1070.11,00:04,2140,-89
1070.56,00:03,2141,-87
1070.61,00:04,2141,-89
1071.06,00:03,2142,-87
1071.11,00:04,2142,-89
1071.5,00:02,2143,-108
1071.56,00:03,2143,-87
1071.61,00:04,2143,-88
1072.01,00:02,2144,-108
1072.06,00:03,2144,-87
1072.1,00:04,2144,-88
1072.51,00:02,2145,-108
1072.56,00:03,2145,-87
1072.61,00:04,2145,-88
1073.01,00:02,2146,-104
1073.06,00:03,2146,-83
1073.11,00:04,2146,-84
1073.51,00:02,2147,-104
1073.56,00:03,2147,-83
1073.61,00:04,2147,-84
1074.01,00:02,2148,-104
1074.06,00:03,2148,-83
1074.11,00:04,2148,-84
1074.5,00:02,2149,-104
1074.56,00:03,2149,-83
1074.61,00:04,2149,-84
1075.01,00:02,2150,-104
1075.06,00:03,2150,-83
1075.11,00:04,2150,-83
1075.5,00:02,2151,-104
1075.56,00:03,2151,-83
1075.61,00:04,2151,-83
1076,00:02,2152,-104
1076.06,00:03,2152,-83
1076.11,00:04,2152,-83
1076.5,00:02,2153,-104
1076.56,00:03,2153,-83
1076.61,00:04,2153,-83
1077,00:02,2154,-104
1077.06,00:03,2154,-84
1077.11,00:04,2154,-83
1077.5,00:02,2155,-103
1077.56,00:03,2155,-84
1077.61,00:04,2155,-83
1078,00:02,2156,-103
1078.06,00:03,2156,-84
1078.11,00:04,2156,-83
1078.51,00:02,2157,-103
1078.56,00:03,2157,-84
1078.61,00:04,2157,-83
1079,00:02,2158,-103
1079.06,00:03,2158,-84
1079.11,00:04,2158,-82
1079.51,00:02,2159,-103
1079.56,00:03,2159,-84
1079.61,00:04,2159,-82
1080,00:02,2160,-103
1080.06,00:03,2160,-84
1080.1,00:04,2160,-82
1080.51,00:02,2161,-103
1080.56,00:03,2161,-84
1080.61,00:04,2161,-82
1081.01,00:02,2162,-103
1081.06,00:03,2162,-84
1081.11,00:04,2162,-82
1081.5,00:02,2163,-103
1081.56,00:03,2163,-84
1081.61,00:04,2163,-82
1082,00:02,2164,-103
1082.06,00:03,2164,-84
1082.11,00:04,2164,-82
1082.5,00:02,2165,-103
1082.56,00:03,2165,-84
1082.61,00:04,2165,-82
1083.01,00:02,2166,-103
1083.06,00:03,2166,-84
1083.11,00:04,2166,-81
1083.51,00:02,2167,-103
1083.56,00:03,2167,-84
1083.61,00:04,2167,-81
1084.01,00:02,2168,-103
1084.06,00:03,2168,-84
1084.11,00:04,2168,-81
1084.51,00:02,2169,-102
1084.56,00:03,2169,-84
1084.61,00:04,2169,-81
1085.01,00:02,2170,-102
1085.06,00:03,2170,-84
1085.11,00:04,2170,-81
1085.51,00:02,2171,-102
1085.56,00:03,2171,-84
1085.61,00:04,2171,-81
1086.01,00:02,2172,-102
1086.06,00:03,2172,-85
1086.11,00:04,2172,-81
1086.5,00:02,2173,-102
1086.56,00:03,2173,-85
1086.61,00:04,2173,-81
1087.01,00:02,2174,-102
1087.06,00:03,2174,-85
1087.11,00:04,2174,-81
1087.51,00:02,2175,-102
1087.56,00:03,2175,-85
1087.61,00:04,2175,-80
1088,00:02,2176,-102
1088.06,00:03,2176,-85
1088.11,00:04,2176,-80
1088.5,00:02,2177,-102
1088.56,00:03,2177,-85
1088.61,00:04,2177,-80
1089,00:02,2178,-102
1089.06,00:03,2178,-85
1089.11,00:04,2178,-80
1089.5,00:02,2179,-102
1089.56,00:03,2179,-85
1089.61,00:04,2179,-80
1090,00:02,2180,-102
1090.06,00:03,2180,-85
1090.11,00:04,2180,-80
1090.51,00:02,2181,-102
1090.56,00:03,2181,-85
1090.61,00:04,2181,-80
1091,00:02,2182,-101
1091.06,00:03,2182,-85
1091.11,00:04,2182,-80
1091.5,00:02,2183,-101
1091.56,00:03,2183,-85
1091.61,00:04,2183,-80
1092,00:02,2184,-101
1092.06,00:03,2184,-85
1092.11,00:04,2184,-80
1092.5,00:02,2185,-101
1092.56,00:03,2185,-85
1092.6,00:04,2185,-80
1093.01,00:02,2186,-101
1093.06,00:03,2186,-85
1093.11,00:04,2186,-80
1093.5,00:02,2187,-101
1093.56,00:03,2187,-85
1093.61,00:04,2187,-80
1094.01,00:02,2188,-101
1094.06,00:03,2188,-86
1094.11,00:04,2188,-79
1094.5,00:02,2189,-101
1094.56,00:03,2189,-86
1094.61,00:04,2189,-79
1095.01,00:02,2190,-101
1095.06,00:03,2190,-86
1095.11,00:04,2190,-79
1095.51,00:02,2191,-101
1095.56,00:03,2191,-86
1095.6,00:04,2191,-79
1096,00:02,2192,-101
1096.06,00:03,2192,-86
1096.11,00:04,2192,-79
1096.51,00:02,2193,-101
1096.56,00:03,2193,-86
1096.6,00:04,2193,-79
1097,00:02,2194,-101
1097.06,00:03,2194,-86
1097.11,00:04,2194,-79
1097.51,00:02,2195,-101
1097.56,00:03,2195,-86
1097.61,00:04,2195,-79
1098.01,00:02,2196,-100
1098.06,00:03,2196,-86
1098.11,00:04,2196,-79
1098.5,00:02,2197,-100
1098.56,00:03,2197,-86
1098.61,00:04,2197,-79
1099,00:02,2198,-100
1099.06,00:03,2198,-86
1099.11,00:04,2198,-79
1099.51,00:02,2199,-100
1099.56,00:03,2199,-86
1099.61,00:04,2199,-79
1100.01,00:02,2200,-100
1100.06,00:03,2200,-86
1100.11,00:04,2200,-79
1100.5,00:02,2201,-100
1100.56,00:03,2201,-86
1100.61,00:04,2201,-79
1101,00:02,2202,-100
1101.06,00:03,2202,-87
1101.11,00:04,2202,-79
1101.5,00:02,2203,-100
1101.56,00:03,2203,-87
1101.61,00:04,2203,-79
1102.01,00:02,2204,-100
1102.06,00:03,2204,-87
1102.11,00:04,2204,-79
1102.51,00:02,2205,-100
1102.56,00:03,2205,-87
1102.61,00:04,2205,-79
1103.01,00:02,2206,-100
1103.06,00:03,2206,-87
1103.1,00:04,2206,-79
1103.51,00:02,2207,-100
1103.56,00:03,2207,-87
1103.61,00:04,2207,-79
1104,00:02,2208,-100
1104.06,00:03,2208,-87
1104.11,00:04,2208,-79
1104.51,00:02,2209,-100
1104.56,00:03,2209,-87
1104.61,00:04,2209,-79
1105,00:02,2210,-99
1105.06,00:03,2210,-87
1105.11,00:04,2210,-79
1105.5,00:02,2211,-99
1105.56,00:03,2211,-87
1105.61,00:04,2211,-79
1106.01,00:02,2212,-99
1106.06,00:03,2212,-87
1106.11,00:04,2212,-79
1106.5,00:02,2213,-99
1106.56,00:03,2213,-87
1106.61,00:04,2213,-79
1107,00:02,2214,-99
1107.06,00:03,2214,-87
1107.11,00:04,2214,-79
1107.5,00:02,2215,-99
1107.56,00:03,2215,-87
1107.61,00:04,2215,-79
1108.01,00:02,2216,-99
1108.06,00:03,2216,-88
1108.11,00:04,2216,-80
1108.51,00:02,2217,-99
1108.56,00:03,2217,-88
1108.61,00:04,2217,-80
1109,00:02,2218,-99
1109.06,00:03,2218,-88
1109.11,00:04,2218,-80
1109.5,00:02,2219,-99
1109.56,00:03,2219,-88
1109.61,00:04,2219,-80
1110,00:02,2220,-99
1110.06,00:03,2220,-88
1110.11,00:04,2220,-80
1110.51,00:02,2221,-99
1110.56,00:03,2221,-88
1110.61,00:04,2221,-80
1111.01,00:02,2222,-99
1111.06,00:03,2222,-88
1111.11,00:04,2222,-80
1111.5,00:02,2223,-99
1111.56,00:03,2223,-88
1111.61,00:04,2223,-80
1112,00:02,2224,-98
1112.06,00:03,2224,-88
1112.11,00:04,2224,-80
1112.5,00:02,2225,-98
1112.56,00:03,2225,-88
1112.61,00:04,2225,-80
1113,00:02,2226,-98
1113.06,00:03,2226,-88
1113.11,00:04,2226,-80
1113.5,00:02,2227,-98
1113.56,00:03,2227,-88
1113.61,00:04,2227,-80
1114.01,00:02,2228,-98
1114.06,00:03,2228,-88
1114.11,00:04,2228,-80
1114.5,00:02,2229,-98
1114.56,00:03,2229,-89
1114.61,00:04,2229,-81
1115,00:02,2230,-98
1115.06,00:03,2230,-89
1115.11,00:04,2230,-81
1115.51,00:02,2231,-98
1115.56,00:03,2231,-89
1115.61,00:04,2231,-81
1116,00:02,2232,-98
1116.06,00:03,2232,-89
1116.11,00:04,2232,-81
1116.5,00:02,2233,-98
1116.56,00:03,2233,-89
1116.61,00:04,2233,-81
1117,00:02,2234,-98
1117.06,00:03,2234,-89
1117.11,00:04,2234,-81
1117.5,00:02,2235,-98
1117.56,00:03,2235,-89
1117.61,00:04,2235,-81
1118.01,00:02,2236,-98
1118.06,00:03,2236,-89
1118.11,00:04,2236,-81
1118.51,00:02,2237,-98
1118.56,00:03,2237,-89
1118.61,00:04,2237,-81
1119,00:02,2238,-98
1119.06,00:03,2238,-89
1119.11,00:04,2238,-81
1119.51,00:02,2239,-98
1119.56,00:03,2239,-89
1119.61,00:04,2239,-82
1120.01,00:02,2240,-98
1120.06,00:03,2240,-89
1120.1,00:04,2240,-82
1120.51,00:02,2241,-97
1120.56,00:03,2241,-89
1120.61,00:04,2241,-82
1121.01,00:02,2242,-97
1121.06,00:03,2242,-90
1121.11,00:04,2242,-82
1121.51,00:02,2243,-97
1121.56,00:03,2243,-90
1121.6,00:04,2243,-82
1122.01,00:02,2244,-97
1122.06,00:03,2244,-90
1122.11,00:04,2244,-82
1122.5,00:02,2245,-97
1122.56,00:03,2245,-90
1122.61,00:04,2245,-82
1123.01,00:02,2246,-97
1123.06,00:03,2246,-90
1123.11,00:04,2246,-82
1123.5,00:02,2247,-97
1123.56,00:03,2247,-90
1123.61,00:04,2247,-83
1124,00:02,2248,-97
1124.06,00:03,2248,-90
1124.11,00:04,2248,-83
1124.51,00:02,2249,-97
1124.56,00:03,2249,-90
1124.61,00:04,2249,-83
1125.01,00:02,2250,-97
1125.06,00:03,2250,-90
1125.1,00:04,2250,-83
1125.5,00:02,2251,-97
1125.56,00:03,2251,-90
1125.61,00:04,2251,-83
1126,00:02,2252,-97
1126.06,00:03,2252,-90
1126.11,00:04,2252,-83
1126.5,00:02,2253,-97
1126.56,00:03,2253,-90
1126.61,00:04,2253,-83
1127,00:02,2254,-97
1127.06,00:03,2254,-90
1127.11,00:04,2254,-84
1127.51,00:02,2255,-97
1127.56,00:03,2255,-90
1127.61,00:04,2255,-84
1128,00:02,2256,-97
1128.06,00:03,2256,-91
1128.11,00:04,2256,-84
1128.5,00:02,2257,-97
1128.56,00:03,2257,-91
1128.61,00:04,2257,-84
1129,00:02,2258,-101
1129.06,00:03,2258,-95
1129.11,00:04,2258,-88
1129.5,00:02,2259,-101
1129.56,00:03,2259,-95
1129.61,00:04,2259,-88
1130.01,00:02,2260,-101
1130.06,00:03,2260,-95
1130.11,00:04,2260,-88
1130.5,00:02,2261,-101
1130.56,00:03,2261,-95
1130.61,00:04,2261,-88
1131.01,00:02,2262,-100
1131.06,00:03,2262,-95
1131.11,00:04,2262,-89
1131.5,00:02,2263,-100
1131.56,00:03,2263,-95
1131.61,00:04,2263,-89
1132,00:02,2264,-100
1132.06,00:03,2264,-95
1132.11,00:04,2264,-89
1132.5,00:02,2265,-100
1132.56,00:03,2265,-95
1132.61,00:04,2265,-89
1133.01,00:02,2266,-96
1133.06,00:03,2266,-91
1133.11,00:04,2266,-85
1133.5,00:02,2267,-96
1133.56,00:03,2267,-91
1133.61,00:04,2267,-85
1134,00:02,2268,-96
1134.06,00:03,2268,-91
1134.11,00:04,2268,-85
1134.5,00:02,2269,-96
1134.56,00:03,2269,-91
1134.61,00:04,2269,-86
1135,00:02,2270,-96
1135.06,00:03,2270,-92
1135.11,00:04,2270,-86
1135.5,00:02,2271,-96
1135.56,00:03,2271,-92
1135.61,00:04,2271,-86
1136,00:02,2272,-96
1136.06,00:03,2272,-92
1136.11,00:04,2272,-86
1136.5,00:02,2273,-96
1136.56,00:03,2273,-92
1136.61,00:04,2273,-86
1137.01,00:02,2274,-96
1137.06,00:03,2274,-92
1137.1,00:04,2274,-86
1137.5,00:02,2275,-96
1137.56,00:03,2275,-92
1137.61,00:04,2275,-86
1138,00:02,2276,-96
1138.06,00:03,2276,-92
1138.11,00:04,2276,-86
1138.5,00:02,2277,-96
1138.56,00:03,2277,-92
1138.61,00:04,2277,-87
1139,00:02,2278,-96
1139.06,00:03,2278,-92
1139.11,00:04,2278,-87
1139.5,00:02,2279,-96
1139.56,00:03,2279,-92
1139.6,00:04,2279,-87
1140.01,00:02,2280,-96
1140.06,00:03,2280,-92
1140.11,00:04,2280,-87
1140.5,00:02,2281,-96
1140.56,00:03,2281,-92
1140.61,00:04,2281,-87
1141,00:02,2282,-96
1141.06,00:03,2282,-92
1141.11,00:04,2282,-87
1141.51,00:02,2283,-96
1141.56,00:03,2283,-92
1141.61,00:04,2283,-87
1142.01,00:02,2284,-96
1142.06,00:03,2284,-93
1142.11,00:04,2284,-88
1142.51,00:02,2285,-96
1142.56,00:03,2285,-93
1142.61,00:04,2285,-88
1143.01,00:02,2286,-96
1143.06,00:03,2286,-93
1143.11,00:04,2286,-88
1143.5,00:02,2287,-96
1143.56,00:03,2287,-93
1143.61,00:04,2287,-88
1144,00:02,2288,-96
1144.06,00:03,2288,-93
1144.11,00:04,2288,-88
1144.5,00:02,2289,-96
1144.56,00:03,2289,-93
1144.61,00:04,2289,-88
1145.01,00:02,2290,-96
1145.06,00:03,2290,-93
1145.11,00:04,2290,-88
1145.51,00:02,2291,-96
1145.56,00:03,2291,-93
1145.61,00:04,2291,-88
1146.01,00:02,2292,-96
1146.06,00:03,2292,-93
1146.11,00:04,2292,-89
1146.5,00:02,2293,-96
1146.56,00:03,2293,-93
1146.6,00:04,2293,-88
1147,00:02,2294,-96
1147.06,00:03,2294,-93
1147.11,00:04,2294,-88
1147.5,00:02,2295,-96
1147.56,00:03,2295,-93
1147.61,00:04,2295,-88
1148,00:02,2296,-97
1148.06,00:03,2296,-93
1148.11,00:04,2296,-88
1148.5,00:02,2297,-97
1148.56,00:03,2297,-93
1148.61,00:04,2297,-88
1149,00:02,2298,-97
1149.06,00:03,2298,-93
1149.11,00:04,2298,-88
1149.5,00:02,2299,-97
1149.56,00:03,2299,-93
1149.61,00:04,2299,-88
1150,00:02,2300,-97
1150.06,00:03,2300,-93
1150.11,00:04,2300,-88
1150.5,00:02,2301,-97
1150.56,00:03,2301,-93
1150.61,00:04,2301,-88
1151,00:02,2302,-97
1151.06,00:03,2302,-94
1151.11,00:04,2302,-88
1151.51,00:02,2303,-97
1151.56,00:03,2303,-94
1151.61,00:04,2303,-88
1152.01,00:02,2304,-97
1152.06,00:03,2304,-94
1152.1,00:04,2304,-88
1152.51,00:02,2305,-97
1152.56,00:03,2305,-93
1152.61,00:04,2305,-87
1153.01,00:02,2306,-97
1153.06,00:03,2306,-93
1153.11,00:04,2306,-87
1153.5,00:02,2307,-97
1153.56,00:03,2307,-93
1153.61,00:04,2307,-87
1154.01,00:02,2308,-97
1154.06,00:03,2308,-93
1154.11,00:04,2308,-87
1154.5,00:02,2309,-97
1154.56,00:03,2309,-93
1154.61,00:04,2309,-87
1155.01,00:02,2310,-97
1155.06,00:03,2310,-93
1155.1,00:04,2310,-87
1155.5,00:02,2311,-97
1155.56,00:03,2311,-93
1155.61,00:04,2311,-87
1156,00:02,2312,-97
1156.06,00:03,2312,-93
1156.11,00:04,2312,-86
1156.5,00:02,2313,-97
1156.56,00:03,2313,-93
1156.61,00:04,2313,-86
1157.01,00:02,2314,-97
1157.06,00:03,2314,-93
1157.11,00:04,2314,-86
1157.5,00:02,2315,-97
1157.56,00:03,2315,-93
1157.61,00:04,2315,-86
1158.01,00:02,2316,-97
1158.06,00:03,2316,-93
1158.11,00:04,2316,-86
1158.5,00:02,2317,-97
1158.56,00:03,2317,-93
1158.61,00:04,2317,-86
1159.01,00:02,2318,-97
1159.06,00:03,2318,-93
1159.11,00:04,2318,-86
1159.5,00:02,2319,-97
1159.56,00:03,2319,-93
1159.61,00:04,2319,-85
1160,00:02,2320,-97
1160.06,00:03,2320,-92
1160.11,00:04,2320,-85
1160.5,00:02,2321,-98
1160.56,00:03,2321,-92
1160.61,00:04,2321,-85
1161,00:02,2322,-98
1161.06,00:03,2322,-92
1161.11,00:04,2322,-85
1161.5,00:02,2323,-98
1161.56,00:03,2323,-92
1161.61,00:04,2323,-85
1162,00:02,2324,-98
1162.06,00:03,2324,-92
1162.11,00:04,2324,-85
1162.51,00:02,2325,-98
1162.56,00:03,2325,-92
1162.6,00:04,2325,-84
1163.01,00:02,2326,-98
1163.06,00:03,2326,-92
1163.11,00:04,2326,-84
1163.51,00:02,2327,-98
1163.56,00:03,2327,-92
1163.61,00:04,2327,-84
1164,00:02,2328,-98
1164.06,00:03,2328,-92
1164.1,00:04,2328,-84
1164.5,00:02,2329,-98
1164.56,00:03,2329,-92
1164.61,00:04,2329,-84
1165,00:02,2330,-102
1165.06,00:03,2330,-96
1165.11,00:04,2330,-88
1165.51,00:02,2331,-102
1165.56,00:03,2331,-96
1165.61,00:04,2331,-88
1166.01,00:02,2332,-102
1166.06,00:03,2332,-96
1166.11,00:04,2332,-87
1166.51,00:02,2333,-102
1166.56,00:03,2333,-96
1166.61,00:04,2333,-87
1167.01,00:02,2334,-102
1167.06,00:03,2334,-96
1167.11,00:04,2334,-87
1167.5,00:02,2335,-102
1167.56,00:03,2335,-95
1167.61,00:04,2335,-87
1168,00:02,2336,-102
1168.06,00:03,2336,-95
1168.11,00:04,2336,-87
1168.51,00:02,2337,-102
1168.56,00:03,2337,-95
1168.61,00:04,2337,-87
1169,00:02,2338,-98
1169.06,00:03,2338,-91
1169.11,00:04,2338,-82
1169.51,00:02,2339,-98
1169.56,00:03,2339,-91
1169.61,00:04,2339,-82
1170,00:02,2340,-98
1170.06,00:03,2340,-91
1170.11,00:04,2340,-82
1170.51,00:02,2341,-98
1170.56,00:03,2341,-91
1170.61,00:04,2341,-82
1171.01,00:02,2342,-98
1171.06,00:03,2342,-91
1171.11,00:04,2342,-82
1171.5,00:02,2343,-98
1171.56,00:03,2343,-91
1171.61,00:04,2343,-82
1172.01,00:02,2344,-98
1172.06,00:03,2344,-91
1172.11,00:04,2344,-81
1172.5,00:02,2345,-98
1172.56,00:03,2345,-91
1172.61,00:04,2345,-81
1173,00:02,2346,-98
1173.06,00:03,2346,-91
1173.11,00:04,2346,-81
1173.51,00:02,2347,-98
1173.56,00:03,2347,-91
1173.61,00:04,2347,-81
1174.01,00:02,2348,-98
1174.06,00:03,2348,-91
1174.11,00:04,2348,-81
1174.5,00:02,2349,-98
1174.56,00:03,2349,-91
1174.61,00:04,2349,-81
1175.01,00:02,2350,-98
1175.06,00:03,2350,-90
1175.11,00:04,2350,-81
1175.5,00:02,2351,-98
1175.56,00:03,2351,-90
1175.61,00:04,2351,-80
1176,00:02,2352,-99
1176.06,00:03,2352,-90
1176.11,00:04,2352,-80
1176.5,00:02,2353,-99
1176.56,00:03,2353,-90
1176.61,00:04,2353,-80
1177,00:02,2354,-99
1177.06,00:03,2354,-90
1177.11,00:04,2354,-80
1177.5,00:02,2355,-99
1177.56,00:03,2355,-90
1177.61,00:04,2355,-80
1178,00:02,2356,-99
1178.06,00:03,2356,-90
1178.11,00:04,2356,-80
1178.5,00:02,2357,-99
1178.56,00:03,2357,-90
1178.61,00:04,2357,-79
1179.01,00:02,2358,-99
1179.06,00:03,2358,-90
1179.11,00:04,2358,-79
1179.5,00:02,2359,-99
1179.56,00:03,2359,-90
1179.61,00:04,2359,-79
1180,00:02,2360,-99
1180.06,00:03,2360,-90
1180.11,00:04,2360,-79
1180.5,00:02,2361,-99
1180.56,00:03,2361,-90
1180.61,00:04,2361,-79
1181.01,00:02,2362,-99
1181.06,00:03,2362,-90
1181.11,00:04,2362,-79
1181.5,00:02,2363,-99
1181.56,00:03,2363,-90
1181.61,00:04,2363,-79
1182.01,00:02,2364,-99
1182.06,00:03,2364,-89
1182.11,00:04,2364,-78
1182.51,00:02,2365,-99
1182.56,00:03,2365,-89
1182.61,00:04,2365,-78
1183,00:02,2366,-99
1183.06,00:03,2366,-89
1183.11,00:04,2366,-78
1183.5,00:02,2367,-99
1183.56,00:03,2367,-89
1183.61,00:04,2367,-78
1184.01,00:02,2368,-99
1184.06,00:03,2368,-89
1184.11,00:04,2368,-78
1184.51,00:02,2369,-99
1184.56,00:03,2369,-89
1184.61,00:04,2369,-78
1185.01,00:02,2370,-99
1185.06,00:03,2370,-89
1185.11,00:04,2370,-78
1185.5,00:02,2371,-100
1185.56,00:03,2371,-89
1185.61,00:04,2371,-78
1186,00:02,2372,-100
1186.06,00:03,2372,-89
1186.11,00:04,2372,-77
1186.5,00:02,2373,-100
1186.56,00:03,2373,-89
1186.61,00:04,2373,-77
1187,00:02,2374,-100
1187.06,00:03,2374,-89
1187.11,00:04,2374,-77
1187.5,00:02,2375,-100
1187.56,00:03,2375,-89
1187.61,00:04,2375,-77
1188.01,00:02,2376,-100
1188.06,00:03,2376,-89
1188.11,00:04,2376,-77
1188.5,00:02,2377,-100
1188.56,00:03,2377,-89
1188.61,00:04,2377,-77
1189.01,00:02,2378,-100
1189.06,00:03,2378,-89
1189.11,00:04,2378,-77
1189.51,00:02,2379,-100
1189.56,00:03,2379,-88
1189.61,00:04,2379,-77
1190,00:02,2380,-100
1190.06,00:03,2380,-88
1190.11,00:04,2380,-77
1190.51,00:02,2381,-100
1190.56,00:03,2381,-88
1190.61,00:04,2381,-77
1191,00:02,2382,-100
1191.06,00:03,2382,-88
1191.1,00:04,2382,-77
1191.51,00:02,2383,-100
1191.56,00:03,2383,-88
1191.61,00:04,2383,-76
1192,00:02,2384,-100
1192.06,00:03,2384,-88
1192.11,00:04,2384,-76
1192.5,00:02,2385,-100
1192.56,00:03,2385,-88
1192.61,00:04,2385,-76
1193,00:02,2386,-100
1193.06,00:03,2386,-88
1193.11,00:04,2386,-76
1193.5,00:02,2387,-100
1193.56,00:03,2387,-88
1193.61,00:04,2387,-76
1194,00:02,2388,-101
1194.06,00:03,2388,-88
1194.11,00:04,2388,-76
1194.5,00:02,2389,-101
1194.56,00:03,2389,-88
1194.61,00:04,2389,-76
1195,00:02,2390,-101
1195.06,00:03,2390,-88
1195.11,00:04,2390,-76
1195.51,00:02,2391,-101
1195.56,00:03,2391,-88
1195.61,00:04,2391,-76
1196.01,00:02,2392,-101
1196.06,00:03,2392,-88
1196.11,00:04,2392,-76
1196.5,00:02,2393,-101
1196.56,00:03,2393,-88
1196.61,00:04,2393,-76
1197,00:02,2394,-101
1197.06,00:03,2394,-87
1197.11,00:04,2394,-76
1197.5,00:02,2395,-101
1197.56,00:03,2395,-87
1197.61,00:04,2395,-76
1198.01,00:02,2396,-101
1198.06,00:03,2396,-87
1198.11,00:04,2396,-76
1198.5,00:02,2397,-101
1198.56,00:03,2397,-87
1198.61,00:04,2397,-76
1199,00:02,2398,-101
1199.06,00:03,2398,-87
1199.11,00:04,2398,-76
1199.5,00:02,2399,-101
1199.56,00:03,2399,-87
1199.61,00:04,2399,-76
1200,00:02,2400,-101
1200.06,00:03,2400,-87
1200.11,00:04,2400,-76
1200.5,00:02,2401,-101
1200.56,00:03,2401,-87
1200.61,00:04,2401,-76
1201,00:02,2402,-101
1201.06,00:03,2402,-87
1201.11,00:04,2402,-76
1201.5,00:02,2403,-102
1201.56,00:03,2403,-87
1201.6,00:04,2403,-76
1202.01,00:02,2404,-102
1202.06,00:03,2404,-87
1202.11,00:04,2404,-76
1202.5,00:02,2405,-102
1202.56,00:03,2405,-87
1202.61,00:04,2405,-77
1203.01,00:02,2406,-102
1203.06,00:03,2406,-87
1203.11,00:04,2406,-77
1203.5,00:02,2407,-102
1203.56,00:03,2407,-87
1203.6,00:04,2407,-77
1204.01,00:02,2408,-102
1204.06,00:03,2408,-87
1204.11,00:04,2408,-77
1204.5,00:02,2409,-102
1204.56,00:03,2409,-87
1204.61,00:04,2409,-77
1205,00:02,2410,-102
1205.06,00:03,2410,-86
1205.11,00:04,2410,-77
1205.5,00:02,2411,-102
1205.56,00:03,2411,-86
1205.61,00:04,2411,-77
1206.01,00:02,2412,-102
1206.06,00:03,2412,-86
1206.11,00:04,2412,-77
1206.5,00:02,2413,-102
1206.56,00:03,2413,-86
1206.61,00:04,2413,-77
1207,00:02,2414,-102
1207.06,00:03,2414,-86
1207.11,00:04,2414,-77
1207.51,00:02,2415,-102
1207.56,00:03,2415,-86
1207.6,00:04,2415,-77
1208,00:02,2416,-102
1208.06,00:03,2416,-86
1208.1,00:04,2416,-78
1208.51,00:02,2417,-102
1208.56,00:03,2417,-86
1208.61,00:04,2417,-78
1209,00:02,2418,-103
1209.06,00:03,2418,-86
1209.11,00:04,2418,-78
1209.5,00:02,2419,-103
1209.56,00:03,2419,-86
1209.61,00:04,2419,-78
1210.01,00:02,2420,-103
1210.06,00:03,2420,-86
1210.11,00:04,2420,-78
1210.51,00:02,2421,-103
1210.56,00:03,2421,-86
1210.61,00:04,2421,-78
1211.01,00:02,2422,-103
1211.06,00:03,2422,-86
1211.11,00:04,2422,-78
1211.5,00:02,2423,-103
1211.56,00:03,2423,-86
1211.61,00:04,2423,-78
1212.01,00:02,2424,-103
1212.06,00:03,2424,-86
1212.11,00:04,2424,-79
1212.51,00:02,2425,-103
1212.56,00:03,2425,-86
1212.61,00:04,2425,-79
1213,00:02,2426,-103
1213.06,00:03,2426,-86
1213.11,00:04,2426,-79
1213.5,00:02,2427,-103
1213.56,00:03,2427,-85
1213.61,00:04,2427,-79
1214,00:02,2428,-103
1214.06,00:03,2428,-85
1214.11,00:04,2428,-79
1214.5,00:02,2429,-103
1214.56,00:03,2429,-85
1214.61,00:04,2429,-79
1215,00:02,2430,-103
1215.06,00:03,2430,-85
1215.11,00:04,2430,-79
1215.51,00:02,2431,-103
1215.56,00:03,2431,-85
1215.61,00:04,2431,-80
1216.01,00:02,2432,-104
1216.06,00:03,2432,-85
1216.11,00:04,2432,-80
1216.5,00:02,2433,-104
1216.56,00:03,2433,-85
1216.6,00:04,2433,-80
1217,00:02,2434,-104
1217.06,00:03,2434,-85
1217.11,00:04,2434,-80
1217.51,00:02,2435,-104
1217.56,00:03,2435,-85
1217.61,00:04,2435,-80
1218,00:02,2436,-104
1218.06,00:03,2436,-85
1218.11,00:04,2436,-80
1218.5,00:02,2437,-104
1218.56,00:03,2437,-85
1218.61,00:04,2437,-80
1219,00:02,2438,-104
1219.06,00:03,2438,-85
1219.11,00:04,2438,-81
1219.5,00:02,2439,-104
1219.56,00:03,2439,-85
1219.61,00:04,2439,-81
1220,00:02,2440,-104
1220.06,00:03,2440,-85
1220.11,00:04,2440,-81
1220.5,00:02,2441,-104
1220.56,00:03,2441,-85
1220.61,00:04,2441,-81
1221.01,00:02,2442,-104
1221.06,00:03,2442,-85
1221.11,00:04,2442,-81
1221.5,00:02,2443,-104
1221.56,00:03,2443,-85
1221.61,00:04,2443,-81
1222,00:02,2444,-104
1222.06,00:03,2444,-85
1222.11,00:04,2444,-82
1222.5,00:02,2445,-104
1222.56,00:03,2445,-85
1222.61,00:04,2445,-82
1223,00:02,2446,-104
1223.06,00:03,2446,-85
1223.11,00:04,2446,-82
1223.5,00:02,2447,-105
1223.56,00:03,2447,-85
1223.61,00:04,2447,-82
1224,00:02,2448,-105
1224.06,00:03,2448,-85
1224.11,00:04,2448,-82
1224.51,00:02,2449,-105
1224.56,00:03,2449,-85
1224.61,00:04,2449,-82
1225.06,00:03,2450,-88
1225.11,00:04,2450,-87
1225.56,00:03,2451,-88
1225.61,00:04,2451,-87
1226,00:02,2452,-109
1226.06,00:03,2452,-88
1226.11,00:04,2452,-87
1226.5,00:02,2453,-109
1226.56,00:03,2453,-88
1226.61,00:04,2453,-87
1227.06,00:03,2454,-88
1227.11,00:04,2454,-87
1227.56,00:03,2455,-88
1227.61,00:04,2455,-87
1228.06,00:03,2456,-88
1228.11,00:04,2456,-87
1228.56,00:03,2457,-88
1228.61,00:04,2457,-88
1229.01,00:02,2458,-105
1229.06,00:03,2458,-84
1229.11,00:04,2458,-84
1229.5,00:02,2459,-105
1229.56,00:03,2459,-84
1229.61,00:04,2459,-84
1230,00:02,2460,-105
1230.06,00:03,2460,-84
1230.11,00:04,2460,-84
1230.51,00:02,2461,-105
1230.56,00:03,2461,-84
1230.61,00:04,2461,-84
1231,00:02,2462,-106
1231.06,00:03,2462,-84
1231.11,00:04,2462,-84
1231.5,00:02,2463,-106
1231.56,00:03,2463,-84
1231.61,00:04,2463,-85
1232,00:02,2464,-106
1232.06,00:03,2464,-84
1232.11,00:04,2464,-85
1232.5,00:02,2465,-106
1232.56,00:03,2465,-84
1232.61,00:04,2465,-85
1233,00:02,2466,-106
1233.06,00:03,2466,-84
1233.11,00:04,2466,-85
1233.51,00:02,2467,-106
1233.56,00:03,2467,-84
1233.61,00:04,2467,-85
1234,00:02,2468,-106
1234.06,00:03,2468,-84
1234.11,00:04,2468,-85
1234.51,00:02,2469,-106
1234.56,00:03,2469,-84
1234.61,00:04,2469,-85
1235.01,00:02,2470,-106
1235.06,00:03,2470,-84
1235.11,00:04,2470,-86
1235.5,00:02,2471,-106
1235.56,00:03,2471,-84
1235.61,00:04,2471,-86
1236,00:02,2472,-106
1236.06,00:03,2472,-84
1236.11,00:04,2472,-86
1236.51,00:02,2473,-106
1236.56,00:03,2473,-84
1236.61,00:04,2473,-86
1237.01,00:02,2474,-106
1237.06,00:03,2474,-84
1237.11,00:04,2474,-86
1237.51,00:02,2475,-106
1237.56,00:03,2475,-84
1237.61,00:04,2475,-86
1238.06,00:03,2476,-84
1238.11,00:04,2476,-87
1238.5,00:02,2477,-107
1238.56,00:03,2477,-84
1238.61,00:04,2477,-87
1239,00:02,2478,-107
1239.06,00:03,2478,-84
1239.11,00:04,2478,-87
1239.5,00:02,2479,-107
1239.56,00:03,2479,-84
1239.61,00:04,2479,-87
1240,00:02,2480,-107
1240.06,00:03,2480,-84
1240.11,00:04,2480,-87
1240.5,00:02,2481,-107
1240.56,00:03,2481,-84
1240.61,00:04,2481,-87
1241,00:02,2482,-107
1241.06,00:03,2482,-84
1241.11,00:04,2482,-87
1241.51,00:02,2483,-107
1241.56,00:03,2483,-84
1241.61,00:04,2483,-88
1242.01,00:02,2484,-107
1242.06,00:03,2484,-84
1242.11,00:04,2484,-88
1242.5,00:02,2485,-107
1242.56,00:03,2485,-84
1242.61,00:04,2485,-88
1243,00:02,2486,-107
1243.06,00:03,2486,-84
1243.11,00:04,2486,-87
1243.51,00:02,2487,-107
1243.56,00:03,2487,-84
1243.61,00:04,2487,-87
1244,00:02,2488,-107
1244.06,00:03,2488,-84
1244.11,00:04,2488,-87
1244.51,00:02,2489,-107
1244.56,00:03,2489,-85
1244.61,00:04,2489,-87
1245.01,00:02,2490,-107
1245.06,00:03,2490,-85
1245.11,00:04,2490,-87
1245.5,00:02,2491,-107
1245.56,00:03,2491,-85
1245.61,00:04,2491,-87
1246,00:02,2492,-107
1246.06,00:03,2492,-85
1246.11,00:04,2492,-87
1246.5,00:02,2493,-107
1246.56,00:03,2493,-85
1246.61,00:04,2493,-87
1247.01,00:02,2494,-107
1247.06,00:03,2494,-85
1247.11,00:04,2494,-87
1247.56,00:03,2495,-85
1247.61,00:04,2495,-87
1248.01,00:02,2496,-107
1248.06,00:03,2496,-85
1248.11,00:04,2496,-87
1248.5,00:02,2497,-107
1248.56,00:03,2497,-85
1248.61,00:04,2497,-87
1249,00:02,2498,-107
1249.06,00:03,2498,-85
1249.11,00:04,2498,-87
1249.5,00:02,2499,-107
1249.56,00:03,2499,-85
1249.61,00:04,2499,-86
1250.01,00:02,2500,-107
1250.06,00:03,2500,-85
1250.11,00:04,2500,-86
1250.51,00:02,2501,-107
1250.56,00:03,2501,-85
1250.61,00:04,2501,-86
1251,00:02,2502,-107
1251.06,00:03,2502,-85
1251.11,00:04,2502,-86
1251.5,00:02,2503,-107
1251.56,00:03,2503,-85
1251.61,00:04,2503,-86
1252,00:02,2504,-107
1252.06,00:03,2504,-85
1252.11,00:04,2504,-86
1252.51,00:02,2505,-107
1252.56,00:03,2505,-85
1252.61,00:04,2505,-85
1253,00:02,2506,-107
1253.06,00:03,2506,-85
1253.11,00:04,2506,-85
1253.51,00:02,2507,-107
1253.56,00:03,2507,-85
1253.61,00:04,2507,-85
1254.01,00:02,2508,-107
1254.06,00:03,2508,-85
1254.11,00:04,2508,-85
1254.5,00:02,2509,-107
1254.56,00:03,2509,-85
1254.61,00:04,2509,-85
1255.01,00:02,2510,-107
1255.06,00:03,2510,-85
1255.11,00:04,2510,-85
1255.51,00:02,2511,-107
1255.56,00:03,2511,-85
1255.61,00:04,2511,-84
1256,00:02,2512,-106
1256.06,00:03,2512,-85
1256.11,00:04,2512,-84
1256.5,00:02,2513,-106
1256.56,00:03,2513,-85
1256.61,00:04,2513,-84
1257.01,00:02,2514,-106
1257.06,00:03,2514,-85
1257.11,00:04,2514,-84
1257.51,00:02,2515,-106
1257.56,00:03,2515,-85
1257.61,00:04,2515,-84
1258,00:02,2516,-106
1258.06,00:03,2516,-85
1258.1,00:04,2516,-83
1258.5,00:02,2517,-106
1258.56,00:03,2517,-85
1258.61,00:04,2517,-83
1259,00:02,2518,-106
1259.06,00:03,2518,-85
1259.11,00:04,2518,-83
1259.5,00:02,2519,-106
1259.56,00:03,2519,-85
1259.61,00:04,2519,-83
1260,00:02,2520,-106
1260.06,00:03,2520,-85
1260.11,00:04,2520,-83
1260.5,00:02,2521,-106
1260.56,00:03,2521,-85
1260.61,00:04,2521,-83
1261.06,00:03,2522,-90
1261.11,00:04,2522,-86
1261.56,00:03,2523,-90
1261.61,00:04,2523,-86
1262.06,00:03,2524,-90
1262.11,00:04,2524,-86
1262.56,00:03,2525,-90
1262.61,00:04,2525,-86
1263.01,00:02,2526,-110
1263.06,00:03,2526,-90
1263.11,00:04,2526,-86
1263.56,00:03,2527,-90
1263.61,00:04,2527,-85
1264.06,00:03,2528,-90
1264.11,00:04,2528,-85
1264.56,00:03,2529,-90
1264.61,00:04,2529,-85
1265,00:02,2530,-105
1265.06,00:03,2530,-86
1265.11,00:04,2530,-81
1265.5,00:02,2531,-105
1265.56,00:03,2531,-86
1265.61,00:04,2531,-81
1266.01,00:02,2532,-105
1266.06,00:03,2532,-86
1266.11,00:04,2532,-81
1266.5,00:02,2533,-105
1266.56,00:03,2533,-86
1266.61,00:04,2533,-80
1267,00:02,2534,-105
1267.06,00:03,2534,-86
1267.11,00:04,2534,-80
1267.51,00:02,2535,-105
1267.56,00:03,2535,-86
1267.61,00:04,2535,-80
1268.01,00:02,2536,-105
1268.06,00:03,2536,-86
1268.11,00:04,2536,-80
1268.5,00:02,2537,-105
1268.56,00:03,2537,-86
1268.61,00:04,2537,-80
1269.01,00:02,2538,-105
1269.06,00:03,2538,-86
1269.11,00:04,2538,-79
1269.51,00:02,2539,-105
1269.56,00:03,2539,-86
1269.61,00:04,2539,-79
1270,00:02,2540,-105
1270.06,00:03,2540,-86
1270.11,00:04,2540,-79
1270.5,00:02,2541,-105
1270.56,00:03,2541,-86
1270.61,00:04,2541,-79
1271,00:02,2542,-105
1271.06,00:03,2542,-86
1271.11,00:04,2542,-79
1271.5,00:02,2543,-104
1271.56,00:03,2543,-86
1271.61,00:04,2543,-78
1272,00:02,2544,-104
1272.06,00:03,2544,-86
1272.11,00:04,2544,-78
1272.5,00:02,2545,-104
1272.56,00:03,2545,-86
1272.61,00:04,2545,-78
1273,00:02,2546,-104
1273.06,00:03,2546,-86
1273.11,00:04,2546,-78
1273.5,00:02,2547,-104
1273.56,00:03,2547,-86
1273.6,00:04,2547,-78
1274,00:02,2548,-104
1274.06,00:03,2548,-86
1274.11,00:04,2548,-77
1274.51,00:02,2549,-104
1274.56,00:03,2549,-86
1274.61,00:04,2549,-77
1275,00:02,2550,-104
1275.06,00:03,2550,-86
1275.11,00:04,2550,-77
1275.5,00:02,2551,-104
1275.56,00:03,2551,-87
1275.61,00:04,2551,-77
1276.01,00:02,2552,-104
1276.06,00:03,2552,-87
1276.11,00:04,2552,-77
1276.51,00:02,2553,-104
1276.56,00:03,2553,-87
1276.61,00:04,2553,-76
1277,00:02,2554,-104
1277.06,00:03,2554,-87
1277.11,00:04,2554,-76
1277.51,00:02,2555,-104
1277.56,00:03,2555,-87
1277.61,00:04,2555,-76
1278.01,00:02,2556,-104
1278.06,00:03,2556,-87
1278.11,00:04,2556,-76
1278.51,00:02,2557,-104
1278.56,00:03,2557,-87
1278.61,00:04,2557,-76
1279,00:02,2558,-104
1279.06,00:03,2558,-87
1279.11,00:04,2558,-76
1279.5,00:02,2559,-103
1279.56,00:03,2559,-87
1279.6,00:04,2559,-75
1280,00:02,2560,-103
1280.06,00:03,2560,-87
1280.11,00:04,2560,-75
1280.5,00:02,2561,-103
1280.56,00:03,2561,-87
1280.61,00:04,2561,-75
1281,00:02,2562,-103
1281.06,00:03,2562,-87
1281.11,00:04,2562,-75
1281.51,00:02,2563,-103
1281.56,00:03,2563,-87
1281.61,00:04,2563,-75
1282.01,00:02,2564,-103
1282.06,00:03,2564,-87
1282.11,00:04,2564,-75
1282.5,00:02,2565,-103
1282.56,00:03,2565,-87
1282.61,00:04,2565,-74
1283.01,00:02,2566,-103
1283.06,00:03,2566,-87
1283.1,00:04,2566,-74
1283.5,00:02,2567,-103
1283.56,00:03,2567,-87
1283.61,00:04,2567,-74
1284,00:02,2568,-103
1284.06,00:03,2568,-87
1284.11,00:04,2568,-74
1284.5,00:02,2569,-103
1284.56,00:03,2569,-87
1284.61,00:04,2569,-74
1285,00:02,2570,-103
1285.06,00:03,2570,-87
1285.11,00:04,2570,-74
1285.5,00:02,2571,-103
1285.56,00:03,2571,-88
1285.61,00:04,2571,-74
1286.01,00:02,2572,-103
1286.06,00:03,2572,-88
1286.11,00:04,2572,-73
1286.51,00:02,2573,-103
1286.56,00:03,2573,-88
1286.61,00:04,2573,-73
1287.01,00:02,2574,-103
1287.06,00:03,2574,-88
1287.11,00:04,2574,-73
1287.5,00:02,2575,-102
1287.56,00:03,2575,-88
1287.61,00:04,2575,-73
1288,00:02,2576,-102
1288.06,00:03,2576,-88
1288.11,00:04,2576,-73
1288.5,00:02,2577,-102
1288.56,00:03,2577,-88
1288.61,00:04,2577,-73
1289.01,00:02,2578,-102
1289.06,00:03,2578,-88
1289.11,00:04,2578,-73
1289.5,00:02,2579,-102
1289.56,00:03,2579,-88
1289.6,00:04,2579,-73
1290.01,00:02,2580,-102
1290.06,00:03,2580,-88
1290.11,00:04,2580,-73
1290.51,00:02,2581,-102
1290.56,00:03,2581,-88
1290.61,00:04,2581,-73
1291.01,00:02,2582,-102
1291.06,00:03,2582,-88
1291.11,00:04,2582,-73
1291.51,00:02,2583,-102
1291.56,00:03,2583,-88
1291.61,00:04,2583,-73
1292,00:02,2584,-102
1292.06,00:03,2584,-88
1292.11,00:04,2584,-73
1292.5,00:02,2585,-102
1292.56,00:03,2585,-88
1292.61,00:04,2585,-73
1293,00:02,2586,-102
1293.06,00:03,2586,-88
1293.11,00:04,2586,-73
1293.5,00:02,2587,-102
1293.56,00:03,2587,-88
1293.61,00:04,2587,-73
1294,00:02,2588,-102
1294.06,00:03,2588,-88
1294.11,00:04,2588,-73
1294.5,00:02,2589,-102
1294.56,00:03,2589,-89
1294.61,00:04,2589,-73
1295,00:02,2590,-102
1295.06,00:03,2590,-89
1295.11,00:04,2590,-73
1295.5,00:02,2591,-102
1295.56,00:03,2591,-89
1295.61,00:04,2591,-73
1296.01,00:02,2592,-101
1296.06,00:03,2592,-89
1296.11,00:04,2592,-73
1296.5,00:02,2593,-101
1296.56,00:03,2593,-89
1296.61,00:04,2593,-73
1297,00:02,2594,-101
1297.06,00:03,2594,-89
1297.11,00:04,2594,-73
1297.51,00:02,2595,-101
1297.56,00:03,2595,-89
1297.61,00:04,2595,-73
1298,00:02,2596,-101
1298.06,00:03,2596,-89
1298.11,00:04,2596,-73
1298.5,00:02,2597,-101
1298.56,00:03,2597,-89
1298.61,00:04,2597,-73
1299,00:02,2598,-101
1299.06,00:03,2598,-89
1299.11,00:04,2598,-73
1299.5,00:02,2599,-101
1299.56,00:03,2599,-89
1299.61,00:04,2599,-73
1300.01,00:02,2600,-101
1300.06,00:03,2600,-89
1300.11,00:04,2600,-73
1300.51,00:02,2601,-101
1300.56,00:03,2601,-89
1300.6,00:04,2601,-74
1301,00:02,2602,-101
1301.06,00:03,2602,-89
1301.11,00:04,2602,-74
1301.51,00:02,2603,-101
1301.56,00:03,2603,-89
1301.61,00:04,2603,-74
1302,00:02,2604,-101
1302.06,00:03,2604,-89
1302.11,00:04,2604,-74
1302.5,00:02,2605,-101
1302.56,00:03,2605,-90
1302.61,00:04,2605,-74
1303,00:02,2606,-101
1303.06,00:03,2606,-90
1303.11,00:04,2606,-74
1303.51,00:02,2607,-101
1303.56,00:03,2607,-90
1303.61,00:04,2607,-74
1304,00:02,2608,-101
1304.06,00:03,2608,-90
1304.11,00:04,2608,-75
1304.5,00:02,2609,-101
1304.56,00:03,2609,-90
1304.61,00:04,2609,-75
1305,00:02,2610,-101
1305.06,00:03,2610,-90
1305.11,00:04,2610,-75
1305.5,00:02,2611,-100
1305.56,00:03,2611,-90
1305.61,00:04,2611,-75
1306,00:02,2612,-100
1306.06,00:03,2612,-90
1306.11,00:04,2612,-75
1306.5,00:02,2613,-100
1306.56,00:03,2613,-90
1306.61,00:04,2613,-75
1307,00:02,2614,-100
1307.06,00:03,2614,-90
1307.11,00:04,2614,-76
1307.5,00:02,2615,-100
1307.56,00:03,2615,-90
1307.61,00:04,2615,-76
1308,00:02,2616,-100
1308.06,00:03,2616,-90
1308.11,00:04,2616,-76
1308.5,00:02,2617,-100
1308.56,00:03,2617,-90
1308.6,00:04,2617,-76
1309,00:02,2618,-100
1309.06,00:03,2618,-90
1309.11,00:04,2618,-76
1309.5,00:02,2619,-100
1309.56,00:03,2619,-90
1309.61,00:04,2619,-77
1310,00:02,2620,-100
1310.06,00:03,2620,-90
1310.1,00:04,2620,-77
1310.5,00:02,2621,-100
1310.56,00:03,2621,-91
1310.6,00:04,2621,-77
1311.01,00:02,2622,-100
1311.06,00:03,2622,-91
1311.11,00:04,2622,-77
1311.5,00:02,2623,-100
1311.56,00:03,2623,-91
1311.61,00:04,2623,-77
1312,00:02,2624,-100
1312.06,00:03,2624,-91
1312.11,00:04,2624,-77
1312.5,00:02,2625,-100
1312.56,00:03,2625,-91
1312.61,00:04,2625,-78
1313,00:02,2626,-100
1313.06,00:03,2626,-91
1313.11,00:04,2626,-78
1313.5,00:02,2627,-100
1313.56,00:03,2627,-91
1313.61,00:04,2627,-78
1314,00:02,2628,-100
1314.06,00:03,2628,-91
1314.11,00:04,2628,-78
1314.51,00:02,2629,-100
1314.56,00:03,2629,-91
1314.61,00:04,2629,-78
1315,00:02,2630,-100
1315.06,00:03,2630,-91
1315.11,00:04,2630,-79
1315.5,00:02,2631,-100
1315.56,00:03,2631,-91
1315.61,00:04,2631,-79
1316,00:02,2632,-100
1316.06,00:03,2632,-91
1316.11,00:04,2632,-79
1316.5,00:02,2633,-100
1316.56,00:03,2633,-91
1316.61,00:04,2633,-79
1317,00:02,2634,-99
1317.06,00:03,2634,-91
1317.11,00:04,2634,-79
1317.51,00:02,2635,-99
1317.56,00:03,2635,-91
1317.61,00:04,2635,-80
1318,00:02,2636,-99
1318.06,00:03,2636,-91
1318.11,00:04,2636,-80
1318.5,00:02,2637,-99
1318.56,00:03,2637,-92
1318.61,00:04,2637,-80
1319,00:02,2638,-99
1319.06,00:03,2638,-92
1319.11,00:04,2638,-80
1319.51,00:02,2639,-99
1319.56,00:03,2639,-92
1319.61,00:04,2639,-80
1320.01,00:02,2640,-99
1320.06,00:03,2640,-92
1320.11,00:04,2640,-81
1320.51,00:02,2641,-99
1320.56,00:03,2641,-92
1320.61,00:04,2641,-81
1321.01,00:02,2642,-99
1321.06,00:03,2642,-92
1321.11,00:04,2642,-81
1321.51,00:02,2643,-99
1321.56,00:03,2643,-92
1321.61,00:04,2643,-81
1322.01,00:02,2644,-99
1322.06,00:03,2644,-92
1322.11,00:04,2644,-81
1322.5,00:02,2645,-99
1322.56,00:03,2645,-92
1322.61,00:04,2645,-82
1323.01,00:02,2646,-99
1323.06,00:03,2646,-92
1323.11,00:04,2646,-82
1323.5,00:02,2647,-99
1323.56,00:03,2647,-92
1323.61,00:04,2647,-82
1324,00:02,2648,-99
1324.06,00:03,2648,-92
1324.11,00:04,2648,-82
1324.51,00:02,2649,-99
1324.56,00:03,2649,-92
1324.61,00:04,2649,-82
1325,00:02,2650,-99
1325.06,00:03,2650,-92
1325.11,00:04,2650,-82
1325.51,00:02,2651,-99
1325.56,00:03,2651,-92
1325.6,00:04,2651,-83
1326,00:02,2652,-99
1326.06,00:03,2652,-93
1326.1,00:04,2652,-83
1326.51,00:02,2653,-99
1326.56,00:03,2653,-93
1326.61,00:04,2653,-83
1327,00:02,2654,-99
1327.06,00:03,2654,-93
1327.11,00:04,2654,-83
1327.51,00:02,2655,-99
1327.56,00:03,2655,-93
1327.61,00:04,2655,-83
1328.01,00:02,2656,-99
1328.06,00:03,2656,-93
1328.1,00:04,2656,-84
1328.51,00:02,2657,-99
1328.56,00:03,2657,-93
1328.61,00:04,2657,-84
1329,00:02,2658,-99
1329.06,00:03,2658,-93
1329.11,00:04,2658,-84
1329.51,00:02,2659,-99
1329.56,00:03,2659,-93
1329.61,00:04,2659,-84
1330.01,00:02,2660,-99
1330.06,00:03,2660,-93
1330.11,00:04,2660,-84
1330.5,00:02,2661,-99
1330.56,00:03,2661,-93
1330.61,00:04,2661,-84
1331,00:02,2662,-99
1331.06,00:03,2662,-93
1331.11,00:04,2662,-85
1331.5,00:02,2663,-99
1331.56,00:03,2663,-93
1331.61,00:04,2663,-85
1332,00:02,2664,-99
1332.06,00:03,2664,-93
1332.1,00:04,2664,-85
1332.51,00:02,2665,-99
1332.56,00:03,2665,-93
1332.61,00:04,2665,-85
1333,00:02,2666,-99
1333.06,00:03,2666,-93
1333.11,00:04,2666,-85
1333.51,00:02,2667,-99
1333.56,00:03,2667,-93
1333.61,00:04,2667,-85
1334,00:02,2668,-99
1334.06,00:03,2668,-94
1334.11,00:04,2668,-86
1334.51,00:02,2669,-99
1334.56,00:03,2669,-94
1334.61,00:04,2669,-86
1335.01,00:02,2670,-99
1335.06,00:03,2670,-94
1335.11,00:04,2670,-86
1335.51,00:02,2671,-99
1335.56,00:03,2671,-94
1335.61,00:04,2671,-86
1336.01,00:02,2672,-99
1336.06,00:03,2672,-94
1336.1,00:04,2672,-86
1336.5,00:02,2673,-99
1336.56,00:03,2673,-94
1336.61,00:04,2673,-86
1337.01,00:02,2674,-99
1337.06,00:03,2674,-94
1337.11,00:04,2674,-87
1337.5,00:02,2675,-99
1337.56,00:03,2675,-94
1337.61,00:04,2675,-87
1338.01,00:02,2676,-99
1338.06,00:03,2676,-94
1338.11,00:04,2676,-87
1338.51,00:02,2677,-99
1338.56,00:03,2677,-94
1338.61,00:04,2677,-87
1339,00:02,2678,-99
1339.06,00:03,2678,-94
1339.11,00:04,2678,-87
1339.5,00:02,2679,-99
1339.56,00:03,2679,-94
1339.61,00:04,2679,-87
1340,00:02,2680,-99
1340.06,00:03,2680,-94
1340.11,00:04,2680,-87
1340.51,00:02,2681,-99
1340.56,00:03,2681,-94
1340.61,00:04,2681,-86
1341.01,00:02,2682,-99
1341.06,00:03,2682,-94
1341.11,00:04,2682,-86
1341.51,00:02,2683,-100
1341.56,00:03,2683,-94
1341.61,00:04,2683,-86
1342.01,00:02,2684,-100
1342.06,00:03,2684,-94
1342.11,00:04,2684,-86
1342.51,00:02,2685,-100
1342.56,00:03,2685,-94
1342.61,00:04,2685,-86
1343,00:02,2686,-100
1343.06,00:03,2686,-94
1343.11,00:04,2686,-86
1343.5,00:02,2687,-100
1343.56,00:03,2687,-94
1343.61,00:04,2687,-86
1344,00:02,2688,-100
1344.06,00:03,2688,-94
1344.11,00:04,2688,-86
1344.51,00:02,2689,-100
1344.56,00:03,2689,-94
1344.61,00:04,2689,-86
1345.01,00:02,2690,-100
1345.06,00:03,2690,-94
1345.11,00:04,2690,-86
1345.51,00:02,2691,-100
1345.56,00:03,2691,-94
1345.61,00:04,2691,-86
1346.01,00:02,2692,-100
1346.06,00:03,2692,-94
1346.11,00:04,2692,-85
1346.5,00:02,2693,-100
1346.56,00:03,2693,-94
1346.61,00:04,2693,-85
1347.01,00:02,2694,-107
1347.06,00:03,2694,-101
1347.11,00:04,2694,-92
1347.5,00:02,2695,-107
1347.56,00:03,2695,-101
1347.61,00:04,2695,-92
1348.01,00:02,2696,-107
1348.06,00:03,2696,-101
1348.11,00:04,2696,-92
1348.5,00:02,2697,-107
1348.56,00:03,2697,-101
1348.61,00:04,2697,-92
1349,00:02,2698,-107
1349.06,00:03,2698,-101
1349.11,00:04,2698,-91
1349.5,00:02,2699,-107
1349.56,00:03,2699,-101
1349.6,00:04,2699,-91
1350.06,00:03,2700,-101
1350.11,00:04,2700,-91
1350.5,00:02,2701,-107
1350.56,00:03,2701,-101
1350.61,00:04,2701,-91
1351,00:02,2702,-107
1351.06,00:03,2702,-101
1351.11,00:04,2702,-91
1351.51,00:02,2703,-107
1351.56,00:03,2703,-101
1351.61,00:04,2703,-90
1352.01,00:02,2704,-107
1352.06,00:03,2704,-101
1352.11,00:04,2704,-90
1352.5,00:02,2705,-107
1352.56,00:03,2705,-100
1352.61,00:04,2705,-90
1353,00:02,2706,-107
1353.06,00:03,2706,-100
1353.11,00:04,2706,-90
1353.51,00:02,2707,-107
1353.56,00:03,2707,-100
1353.61,00:04,2707,-90
1354,00:02,2708,-107
1354.06,00:03,2708,-100
1354.11,00:04,2708,-89
1354.56,00:03,2709,-100
1354.61,00:04,2709,-89
1355.06,00:03,2710,-100
1355.11,00:04,2710,-89
1355.5,00:02,2711,-107
1355.56,00:03,2711,-100
1355.61,00:04,2711,-89
1356.01,00:02,2712,-107
1356.06,00:03,2712,-100
1356.11,00:04,2712,-89
1356.5,00:02,2713,-107
1356.56,00:03,2713,-100
1356.61,00:04,2713,-88
1357,00:02,2714,-107
1357.06,00:03,2714,-100
1357.11,00:04,2714,-88
1357.51,00:02,2715,-107
1357.56,00:03,2715,-100
1357.61,00:04,2715,-88
1358.01,00:02,2716,-107
1358.06,00:03,2716,-100
1358.11,00:04,2716,-88
1358.51,00:02,2717,-107
1358.56,00:03,2717,-100
1358.61,00:04,2717,-88
1359,00:02,2718,-100
1359.06,00:03,2718,-93
1359.11,00:04,2718,-80
1359.51,00:02,2719,-100
1359.56,00:03,2719,-93
1359.61,00:04,2719,-80
1360,00:02,2720,-100
1360.06,00:03,2720,-93
1360.11,00:04,2720,-80
1360.5,00:02,2721,-100
1360.56,00:03,2721,-93
1360.61,00:04,2721,-80
1361,00:02,2722,-100
1361.06,00:03,2722,-92
1361.11,00:04,2722,-79
1361.5,00:02,2723,-100
1361.56,00:03,2723,-92
1361.61,00:04,2723,-79
1362.01,00:02,2724,-100
1362.06,00:03,2724,-92
1362.11,00:04,2724,-79
1362.5,00:02,2725,-100
1362.56,00:03,2725,-92
1362.61,00:04,2725,-79
1363.01,00:02,2726,-100
1363.06,00:03,2726,-92
1363.1,00:04,2726,-79
1363.5,00:02,2727,-101
1363.56,00:03,2727,-92
1363.61,00:04,2727,-78
1364,00:02,2728,-101
1364.06,00:03,2728,-92
1364.11,00:04,2728,-78
1364.51,00:02,2729,-101
1364.56,00:03,2729,-92
1364.61,00:04,2729,-78
1365,00:02,2730,-101
1365.06,00:03,2730,-92
1365.11,00:04,2730,-78
1365.5,00:02,2731,-101
1365.56,00:03,2731,-92
1365.61,00:04,2731,-77
1366.01,00:02,2732,-101
1366.06,00:03,2732,-92
1366.11,00:04,2732,-77
1366.51,00:02,2733,-101
1366.56,00:03,2733,-92
1366.61,00:04,2733,-77
1367.01,00:02,2734,-101
1367.06,00:03,2734,-92
1367.11,00:04,2734,-77
1367.5,00:02,2735,-101
1367.56,00:03,2735,-92
1367.61,00:04,2735,-76
1368,00:02,2736,-101
1368.06,00:03,2736,-92
1368.11,00:04,2736,-76
1368.5,00:02,2737,-101
1368.56,00:03,2737,-92
1368.61,00:04,2737,-76
1369.01,00:02,2738,-101
1369.06,00:03,2738,-91
1369.11,00:04,2738,-76
1369.5,00:02,2739,-101
1369.56,00:03,2739,-91
1369.61,00:04,2739,-75
1370,00:02,2740,-101
1370.07,00:03,2740,-91
1370.11,00:04,2740,-75
1370.5,00:02,2741,-101
1370.56,00:03,2741,-91
1370.61,00:04,2741,-75
1371,00:02,2742,-101
1371.06,00:03,2742,-91
1371.11,00:04,2742,-75
1371.51,00:02,2743,-101
1371.56,00:03,2743,-91
1371.61,00:04,2743,-74
1372.01,00:02,2744,-101
1372.06,00:03,2744,-91
1372.11,00:04,2744,-74
1372.5,00:02,2745,-101
1372.56,00:03,2745,-91
1372.61,00:04,2745,-74
1373,00:02,2746,-101
1373.06,00:03,2746,-91
1373.11,00:04,2746,-74
1373.5,00:02,2747,-101
1373.56,00:03,2747,-91
1373.61,00:04,2747,-73
1374,00:02,2748,-101
1374.06,00:03,2748,-91
1374.11,00:04,2748,-73
1374.5,00:02,2749,-101
1374.56,00:03,2749,-91
1374.61,00:04,2749,-73
1375.01,00:02,2750,-101
1375.06,00:03,2750,-91
1375.1,00:04,2750,-73
1375.5,00:02,2751,-101
1375.56,00:03,2751,-91
1375.61,00:04,2751,-72
1376,00:02,2752,-101
1376.06,00:03,2752,-91
1376.11,00:04,2752,-72
1376.5,00:02,2753,-101
1376.56,00:03,2753,-91
1376.61,00:04,2753,-72
1377.01,00:02,2754,-102
1377.06,00:03,2754,-91
1377.1,00:04,2754,-72
1377.5,00:02,2755,-102
1377.56,00:03,2755,-91
1377.6,00:04,2755,-71
1378.01,00:02,2756,-102
1378.06,00:03,2756,-90
1378.11,00:04,2756,-71
1378.5,00:02,2757,-102
1378.56,00:03,2757,-90
1378.61,00:04,2757,-71
1379,00:02,2758,-102
1379.06,00:03,2758,-90
1379.11,00:04,2758,-71
1379.5,00:02,2759,-102
1379.56,00:03,2759,-90
1379.61,00:04,2759,-70
1380,00:02,2760,-102
1380.06,00:03,2760,-90
1380.11,00:04,2760,-70
1380.5,00:02,2761,-102
1380.56,00:03,2761,-90
1380.61,00:04,2761,-70
1381.01,00:02,2762,-102
1381.06,00:03,2762,-90
1381.11,00:04,2762,-70
1381.5,00:02,2763,-102
1381.56,00:03,2763,-90
1381.61,00:04,2763,-70
1382,00:02,2764,-102
1382.06,00:03,2764,-90
1382.11,00:04,2764,-70
1382.5,00:02,2765,-102
1382.56,00:03,2765,-90
1382.61,00:04,2765,-69
1383,00:02,2766,-102
1383.06,00:03,2766,-90
1383.11,00:04,2766,-69
1383.51,00:02,2767,-102
1383.56,00:03,2767,-90
1383.61,00:04,2767,-69
1384.01,00:02,2768,-102
1384.06,00:03,2768,-90
1384.11,00:04,2768,-69
1384.5,00:02,2769,-102
1384.56,00:03,2769,-90
1384.61,00:04,2769,-69
1385,00:02,2770,-102
1385.06,00:03,2770,-90
1385.11,00:04,2770,-69
1385.51,00:02,2771,-102
1385.56,00:03,2771,-90
1385.61,00:04,2771,-69
1386.01,00:02,2772,-102
1386.06,00:03,2772,-90
1386.11,00:04,2772,-69
1386.5,00:02,2773,-102
1386.56,00:03,2773,-89
1386.61,00:04,2773,-69
1387,00:02,2774,-102
1387.06,00:03,2774,-89
1387.11,00:04,2774,-69
1387.5,00:02,2775,-103
1387.56,00:03,2775,-89
1387.61,00:04,2775,-69
1388.01,00:02,2776,-103
1388.06,00:03,2776,-89
1388.11,00:04,2776,-69
1388.51,00:02,2777,-103
1388.56,00:03,2777,-89
1388.61,00:04,2777,-69
1389.01,00:02,2778,-103
1389.06,00:03,2778,-89
1389.11,00:04,2778,-69
1389.5,00:02,2779,-103
1389.56,00:03,2779,-89
1389.61,00:04,2779,-69
1390,00:02,2780,-103
1390.06,00:03,2780,-89
1390.11,00:04,2780,-69
1390.5,00:02,2781,-103
1390.56,00:03,2781,-89
1390.61,00:04,2781,-69
1391,00:02,2782,-103
1391.06,00:03,2782,-89
1391.11,00:04,2782,-69
1391.51,00:02,2783,-103
1391.56,00:03,2783,-89
1391.61,00:04,2783,-69
1392.01,00:02,2784,-103
1392.06,00:03,2784,-89
1392.11,00:04,2784,-69
1392.5,00:02,2785,-103
1392.56,00:03,2785,-89
1392.61,00:04,2785,-69
1393.01,00:02,2786,-103
1393.06,00:03,2786,-89
1393.11,00:04,2786,-69
1393.5,00:02,2787,-103
1393.56,00:03,2787,-89
1393.61,00:04,2787,-69
1394.01,00:02,2788,-103
1394.06,00:03,2788,-89
1394.11,00:04,2788,-69
1394.51,00:02,2789,-103
1394.56,00:03,2789,-89
1394.61,00:04,2789,-69
1395,00:02,2790,-103
1395.06,00:03,2790,-89
1395.11,00:04,2790,-69
1395.51,00:02,2791,-103
1395.56,00:03,2791,-89
1395.61,00:04,2791,-69
1396,00:02,2792,-103
1396.07,00:03,2792,-89
1396.11,00:04,2792,-70
1396.5,00:02,2793,-104
1396.56,00:03,2793,-88
1396.6,00:04,2793,-70
1397,00:02,2794,-104
1397.06,00:03,2794,-88
1397.1,00:04,2794,-70
1397.5,00:02,2795,-104
1397.56,00:03,2795,-88
1397.61,00:04,2795,-70
1398,00:02,2796,-104
1398.06,00:03,2796,-88
1398.11,00:04,2796,-70
1398.5,00:02,2797,-104
1398.56,00:03,2797,-88
1398.61,00:04,2797,-71
1399,00:02,2798,-104
1399.06,00:03,2798,-88
1399.11,00:04,2798,-71
1399.51,00:02,2799,-104
1399.56,00:03,2799,-88
1399.61,00:04,2799,-71
1400.01,00:02,2800,-104
1400.06,00:03,2800,-88
1400.11,00:04,2800,-71
1400.5,00:02,2801,-104
1400.57,00:03,2801,-88
1400.61,00:04,2801,-71
1401.01,00:02,2802,-104
1401.06,00:03,2802,-88
1401.11,00:04,2802,-72
1401.5,00:02,2803,-104
1401.56,00:03,2803,-88
1401.61,00:04,2803,-72
1402,00:02,2804,-104
1402.06,00:03,2804,-88
1402.11,00:04,2804,-72
1402.5,00:02,2805,-104
1402.56,00:03,2805,-88
1402.61,00:04,2805,-72
1403.01,00:02,2806,-104
1403.06,00:03,2806,-88
1403.11,00:04,2806,-73
1403.51,00:02,2807,-104
1403.56,00:03,2807,-88
1403.61,00:04,2807,-73
1404,00:02,2808,-104
1404.06,00:03,2808,-88
1404.11,00:04,2808,-73
1404.51,00:02,2809,-104
1404.57,00:03,2809,-88
1404.61,00:04,2809,-73
1405.01,00:02,2810,-105
1405.06,00:03,2810,-88
1405.11,00:04,2810,-74
1405.5,00:02,2811,-105
1405.56,00:03,2811,-88
1405.61,00:04,2811,-74
1406,00:02,2812,-105
1406.06,00:03,2812,-88
1406.11,00:04,2812,-74
1406.51,00:02,2813,-105
1406.56,00:03,2813,-88
1406.61,00:04,2813,-74
1407.01,00:02,2814,-105
1407.06,00:03,2814,-88
1407.11,00:04,2814,-75
1407.5,00:02,2815,-105
1407.56,00:03,2815,-88
1407.61,00:04,2815,-75
1408,00:02,2816,-105
1408.06,00:03,2816,-87
1408.11,00:04,2816,-75
1408.5,00:02,2817,-105
1408.56,00:03,2817,-87
1408.61,00:04,2817,-75
1409,00:02,2818,-105
1409.06,00:03,2818,-87
1409.11,00:04,2818,-76
1409.5,00:02,2819,-105
1409.56,00:03,2819,-87
1409.61,00:04,2819,-76
1410,00:02,2820,-105
1410.06,00:03,2820,-87
1410.11,00:04,2820,-76
1410.5,00:02,2821,-105
1410.56,00:03,2821,-87
1410.61,00:04,2821,-76
1411,00:02,2822,-105
1411.06,00:03,2822,-87
1411.11,00:04,2822,-77
1411.5,00:02,2823,-105
1411.56,00:03,2823,-87
1411.61,00:04,2823,-77
1412,00:02,2824,-105
1412.06,00:03,2824,-87
1412.11,00:04,2824,-77
1412.5,00:02,2825,-105
1412.56,00:03,2825,-87
1412.61,00:04,2825,-77
1413,00:02,2826,-105
1413.06,00:03,2826,-87
1413.11,00:04,2826,-78
1413.5,00:02,2827,-106
1413.56,00:03,2827,-87
1413.61,00:04,2827,-78
1414,00:02,2828,-106
1414.06,00:03,2828,-87
1414.11,00:04,2828,-78
1414.51,00:02,2829,-106
1414.56,00:03,2829,-87
1414.61,00:04,2829,-78
1415.06,00:03,2830,-94
1415.11,00:04,2830,-86
1415.56,00:03,2831,-94
1415.61,00:04,2831,-86
1416.06,00:03,2832,-94
1416.11,00:04,2832,-86
1416.56,00:03,2833,-94
1416.6,00:04,2833,-86
1417.06,00:03,2834,-94
1417.11,00:04,2834,-87
1417.56,00:03,2835,-94
1417.61,00:04,2835,-87
1418.06,00:03,2836,-94
1418.11,00:04,2836,-87
1418.56,00:03,2837,-94
1418.61,00:04,2837,-87
1419.06,00:03,2838,-94
1419.11,00:04,2838,-87
1419.56,00:03,2839,-94
1419.61,00:04,2839,-88
1420.06,00:03,2840,-94
1420.11,00:04,2840,-88
1420.56,00:03,2841,-94
1420.61,00:04,2841,-88
1421.06,00:03,2842,-94
1421.11,00:04,2842,-88
1421.56,00:03,2843,-94
1421.61,00:04,2843,-88
1422.06,00:03,2844,-94
1422.11,00:04,2844,-89
1422.56,00:03,2845,-94
1422.61,00:04,2845,-89
1423.06,00:03,2846,-94
1423.11,00:04,2846,-89
1423.56,00:03,2847,-94
1423.61,00:04,2847,-89
1424.06,00:03,2848,-94
1424.11,00:04,2848,-90
1424.56,00:03,2849,-94
1424.61,00:04,2849,-90
1425.06,00:03,2850,-94
1425.11,00:04,2850,-90
1425.56,00:03,2851,-94
1425.61,00:04,2851,-90
1426.06,00:03,2852,-94
1426.11,00:04,2852,-90
1426.56,00:03,2853,-94
1426.61,00:04,2853,-90
1427.06,00:03,2854,-94
1427.11,00:04,2854,-91
1427.56,00:03,2855,-94
1427.61,00:04,2855,-91
1428.06,00:03,2856,-93
1428.11,00:04,2856,-91
1428.56,00:03,2857,-93
1428.61,00:04,2857,-91
1429.06,00:03,2858,-93
1429.11,00:04,2858,-91
1429.57,00:03,2859,-93
1429.61,00:04,2859,-92
1430.06,00:03,2860,-93
1430.11,00:04,2860,-92
1430.56,00:03,2861,-93
1430.6,00:04,2861,-92
1431,00:02,2862,-108
1431.06,00:03,2862,-86
1431.11,00:04,2862,-85
1431.5,00:02,2863,-108
1431.56,00:03,2863,-86
1431.61,00:04,2863,-85
1432.01,00:02,2864,-108
1432.06,00:03,2864,-86
1432.11,00:04,2864,-86
1432.56,00:03,2865,-86
1432.61,00:04,2865,-86
1433,00:02,2866,-108
1433.06,00:03,2866,-86
1433.11,00:04,2866,-86
1433.56,00:03,2867,-86
1433.61,00:04,2867,-86
1434,00:02,2868,-108
1434.06,00:03,2868,-86
1434.11,00:04,2868,-86
1434.5,00:02,2869,-108
1434.56,00:03,2869,-87
1434.61,00:04,2869,-86
1435.06,00:03,2870,-87
1435.11,00:04,2870,-86
1435.51,00:02,2871,-108
1435.56,00:03,2871,-87
1435.61,00:04,2871,-86
1436,00:02,2872,-108
1436.06,00:03,2872,-87
1436.11,00:04,2872,-86
1436.56,00:03,2873,-87
1436.61,00:04,2873,-86
1437.01,00:02,2874,-108
1437.06,00:03,2874,-87
1437.11,00:04,2874,-86
1437.5,00:02,2875,-108
1437.56,00:03,2875,-87
1437.61,00:04,2875,-86
1438.06,00:03,2876,-87
1438.11,00:04,2876,-86
1438.51,00:02,2877,-108
1438.56,00:03,2877,-87
1438.6,00:04,2877,-86
1439.06,00:03,2878,-88
1439.11,00:04,2878,-86
1439.56,00:03,2879,-88
1439.61,00:04,2879,-86
1440.01,00:02,2880,-108
1440.06,00:03,2880,-88
1440.11,00:04,2880,-86
1440.56,00:03,2881,-88
1440.61,00:04,2881,-85
1441,00:02,2882,-108
1441.06,00:03,2882,-88
1441.11,00:04,2882,-85
1441.5,00:02,2883,-108
1441.56,00:03,2883,-88
1441.61,00:04,2883,-85
1442.01,00:02,2884,-108
1442.06,00:03,2884,-88
1442.11,00:04,2884,-85
1442.56,00:03,2885,-88
1442.61,00:04,2885,-85
1443.06,00:03,2886,-95
1443.11,00:04,2886,-91
1443.56,00:03,2887,-95
1443.61,00:04,2887,-91
1444.06,00:03,2888,-95
1444.11,00:04,2888,-91
1444.56,00:03,2889,-95
1444.61,00:04,2889,-91
1445.06,00:03,2890,-95
1445.1,00:04,2890,-91
1445.56,00:03,2891,-95
1445.61,00:04,2891,-90
1446.06,00:03,2892,-95
1446.11,00:04,2892,-90
1446.56,00:03,2893,-95
1446.61,00:04,2893,-90
1447.06,00:03,2894,-95
1447.11,00:04,2894,-90
1447.56,00:03,2895,-95
1447.61,00:04,2895,-90
1448.06,00:03,2896,-95
1448.11,00:04,2896,-89
1448.56,00:03,2897,-95
1448.61,00:04,2897,-89
1449.06,00:03,2898,-95
1449.11,00:04,2898,-89
1449.56,00:03,2899,-95
1449.61,00:04,2899,-89
1450.06,00:03,2900,-95
1450.11,00:04,2900,-89
1450.56,00:03,2901,-95
1450.61,00:04,2901,-88
1451.06,00:03,2902,-95
1451.11,00:04,2902,-88
1451.56,00:03,2903,-95
1451.61,00:04,2903,-88
1452.06,00:03,2904,-95
1452.11,00:04,2904,-88
1452.56,00:03,2905,-95
1452.61,00:04,2905,-87
1453.06,00:03,2906,-95
1453.11,00:04,2906,-87
1453.56,00:03,2907,-95
1453.61,00:04,2907,-87
1454.06,00:03,2908,-95
1454.11,00:04,2908,-87
1454.57,00:03,2909,-95
1454.61,00:04,2909,-86
1455.06,00:03,2910,-95
1455.11,00:04,2910,-86
1455.56,00:03,2911,-95
1455.6,00:04,2911,-86
1456.06,00:03,2912,-95
1456.11,00:04,2912,-86
1456.56,00:03,2913,-95
1456.61,00:04,2913,-85
1457.07,00:03,2914,-95
1457.1,00:04,2914,-85
1457.56,00:03,2915,-95
1457.61,00:04,2915,-85
1458.06,00:03,2916,-95
1458.11,00:04,2916,-85
1458.57,00:03,2917,-95
1458.61,00:04,2917,-84
1459,00:02,2918,-106
1459.06,00:03,2918,-88
1459.11,00:04,2918,-77
1459.5,00:02,2919,-106
1459.56,00:03,2919,-88
1459.61,00:04,2919,-77
1460.01,00:02,2920,-106
1460.06,00:03,2920,-88
1460.1,00:04,2920,-77
1460.5,00:02,2921,-106
1460.56,00:03,2921,-88
1460.61,00:04,2921,-76
1461.01,00:02,2922,-106
1461.06,00:03,2922,-88
1461.11,00:04,2922,-76
1461.51,00:02,2923,-106
1461.56,00:03,2923,-88
1461.61,00:04,2923,-76
1462,00:02,2924,-106
1462.06,00:03,2924,-88
1462.11,00:04,2924,-75
1462.5,00:02,2925,-106
1462.56,00:03,2925,-88
1462.61,00:04,2925,-75
1463.01,00:02,2926,-106
1463.07,00:03,2926,-88
1463.11,00:04,2926,-75
1463.5,00:02,2927,-106
1463.56,00:03,2927,-88
1463.61,00:04,2927,-75
1464.01,00:02,2928,-106
1464.06,00:03,2928,-88
1464.11,00:04,2928,-74
1464.5,00:02,2929,-106
1464.56,00:03,2929,-88
1464.61,00:04,2929,-74
1465.01,00:02,2930,-106
1465.06,00:03,2930,-88
1465.11,00:04,2930,-74
1465.5,00:02,2931,-106
1465.56,00:03,2931,-88
1465.61,00:04,2931,-73
1466.01,00:02,2932,-106
1466.06,00:03,2932,-89
1466.11,00:04,2932,-73
1466.51,00:02,2933,-105
1466.56,00:03,2933,-89
1466.61,00:04,2933,-73
1467.06,00:03,2934,-89
1467.11,00:04,2934,-72
1467.5,00:02,2935,-105
1467.57,00:03,2935,-89
1467.61,00:04,2935,-72
1468,00:02,2936,-105
1468.06,00:03,2936,-89
1468.11,00:04,2936,-72
1468.51,00:02,2937,-105
1468.56,00:03,2937,-89
1468.61,00:04,2937,-71
1469.01,00:02,2938,-105
1469.06,00:03,2938,-89
1469.11,00:04,2938,-71
1469.5,00:02,2939,-105
1469.56,00:03,2939,-89
1469.61,00:04,2939,-71
1470.01,00:02,2940,-105
1470.06,00:03,2940,-89
1470.11,00:04,2940,-70
1470.5,00:02,2941,-105
1470.56,00:03,2941,-89
1470.61,00:04,2941,-70
1471,00:02,2942,-105
1471.06,00:03,2942,-89
1471.11,00:04,2942,-70
1471.5,00:02,2943,-105
1471.56,00:03,2943,-89
1471.61,00:04,2943,-69
1472.01,00:02,2944,-105
1472.07,00:03,2944,-89
1472.11,00:04,2944,-69
1472.51,00:02,2945,-105
1472.56,00:03,2945,-89
1472.61,00:04,2945,-69
1473.01,00:02,2946,-105
1473.06,00:03,2946,-89
1473.11,00:04,2946,-69
1473.51,00:02,2947,-105
1473.56,00:03,2947,-89
1473.61,00:04,2947,-68
1474,00:02,2948,-105
1474.06,00:03,2948,-89
1474.1,00:04,2948,-68
1474.5,00:02,2949,-105
1474.56,00:03,2949,-89
1474.61,00:04,2949,-68
1475.01,00:02,2950,-105
1475.06,00:03,2950,-89
1475.11,00:04,2950,-68
1475.5,00:02,2951,-105
1475.56,00:03,2951,-89
1475.61,00:04,2951,-68
1476,00:02,2952,-104
1476.06,00:03,2952,-89
1476.11,00:04,2952,-67
1476.51,00:02,2953,-104
1476.56,00:03,2953,-89
1476.61,00:04,2953,-67
1477,00:02,2954,-104
1477.06,00:03,2954,-89
1477.11,00:04,2954,-67
1477.5,00:02,2955,-104
1477.56,00:03,2955,-89
1477.61,00:04,2955,-67
1478.01,00:02,2956,-104
1478.06,00:03,2956,-89
1478.11,00:04,2956,-67
1478.51,00:02,2957,-104
1478.56,00:03,2957,-89
1478.61,00:04,2957,-66
1479,00:02,2958,-104
1479.06,00:03,2958,-90
1479.11,00:04,2958,-66
1479.5,00:02,2959,-104
1479.56,00:03,2959,-90
1479.61,00:04,2959,-66
1480,00:02,2960,-104
1480.06,00:03,2960,-90
1480.11,00:04,2960,-66
1480.5,00:02,2961,-104
1480.56,00:03,2961,-90
1480.61,00:04,2961,-66
1481,00:02,2962,-104
1481.06,00:03,2962,-90
1481.11,00:04,2962,-66
1481.5,00:02,2963,-104
1481.56,00:03,2963,-90
1481.61,00:04,2963,-66
1482,00:02,2964,-104
1482.06,00:03,2964,-90
1482.11,00:04,2964,-66
1482.5,00:02,2965,-104
1482.57,00:03,2965,-90
1482.61,00:04,2965,-65
1483,00:02,2966,-104
1483.07,00:03,2966,-90
1483.11,00:04,2966,-65
1483.5,00:02,2967,-104
1483.56,00:03,2967,-90
1483.61,00:04,2967,-65
1484,00:02,2968,-104
1484.06,00:03,2968,-90
1484.11,00:04,2968,-65
1484.51,00:02,2969,-104
1484.56,00:03,2969,-90
1484.61,00:04,2969,-65
1485.01,00:02,2970,-104
1485.06,00:03,2970,-90
1485.1,00:04,2970,-65
1485.51,00:02,2971,-104
1485.56,00:03,2971,-90
1485.61,00:04,2971,-65
1486.01,00:02,2972,-103
1486.06,00:03,2972,-90
1486.11,00:04,2972,-65
1486.51,00:02,2973,-103
1486.56,00:03,2973,-90
1486.61,00:04,2973,-65
1487,00:02,2974,-103
1487.06,00:03,2974,-90
1487.11,00:04,2974,-65
1487.51,00:02,2975,-103
1487.56,00:03,2975,-90
1487.61,00:04,2975,-65
1488,00:02,2976,-103
1488.06,00:03,2976,-90
1488.11,00:04,2976,-66
1488.5,00:02,2977,-103
1488.57,00:03,2977,-90
1488.61,00:04,2977,-66
1489.01,00:02,2978,-103
1489.06,00:03,2978,-90
1489.11,00:04,2978,-66
1489.51,00:02,2979,-103
1489.56,00:03,2979,-91
1489.61,00:04,2979,-66
1490,00:02,2980,-103
1490.06,00:03,2980,-91
1490.11,00:04,2980,-66
1490.5,00:02,2981,-103
1490.56,00:03,2981,-91
1490.61,00:04,2981,-66
1491,00:02,2982,-103
1491.06,00:03,2982,-91
1491.11,00:04,2982,-66
1491.5,00:02,2983,-103
1491.56,00:03,2983,-91
1491.61,00:04,2983,-67
1492,00:02,2984,-103
1492.06,00:03,2984,-91
1492.11,00:04,2984,-67
1492.51,00:02,2985,-103
1492.56,00:03,2985,-91
1492.61,00:04,2985,-67
1493,00:02,2986,-103
1493.06,00:03,2986,-91
1493.11,00:04,2986,-67
1493.5,00:02,2987,-103
1493.56,00:03,2987,-91
1493.61,00:04,2987,-67
1494,00:02,2988,-103
1494.07,00:03,2988,-91
1494.11,00:04,2988,-67
1494.5,00:02,2989,-103
1494.56,00:03,2989,-91
1494.61,00:04,2989,-68
1495,00:02,2990,-103
1495.06,00:03,2990,-91
1495.11,00:04,2990,-68
1495.5,00:02,2991,-103
1495.56,00:03,2991,-91
1495.61,00:04,2991,-68
1496.01,00:02,2992,-103
1496.06,00:03,2992,-91
1496.11,00:04,2992,-68
1496.5,00:02,2993,-103
1496.56,00:03,2993,-91
1496.61,00:04,2993,-68
1497.01,00:02,2994,-102
1497.06,00:03,2994,-91
1497.11,00:04,2994,-69
1497.51,00:02,2995,-102
1497.56,00:03,2995,-91
1497.61,00:04,2995,-69
1498,00:02,2996,-102
1498.06,00:03,2996,-91
1498.11,00:04,2996,-69
1498.5,00:02,2997,-102
1498.56,00:03,2997,-91
1498.61,00:04,2997,-69
1499,00:02,2998,-102
1499.06,00:03,2998,-92
1499.11,00:04,2998,-70
1499.5,00:02,2999,-102
1499.56,00:03,2999,-92
1499.61,00:04,2999,-70
1500.01,00:02,3000,-102
1500.06,00:03,3000,-92
1500.11,00:04,3000,-70
1500.5,00:02,3001,-102
1500.56,00:03,3001,-92
1500.61,00:04,3001,-71
1501.01,00:02,3002,-102
1501.06,00:03,3002,-92
1501.11,00:04,3002,-71
1501.5,00:02,3003,-102
1501.56,00:03,3003,-92
1501.61,00:04,3003,-71
1502,00:02,3004,-102
1502.06,00:03,3004,-92
1502.11,00:04,3004,-72
1502.5,00:02,3005,-102
1502.57,00:03,3005,-92
1502.61,00:04,3005,-72
1503,00:02,3006,-102
1503.06,00:03,3006,-92
1503.11,00:04,3006,-72
1503.5,00:02,3007,-102
1503.56,00:03,3007,-92
1503.61,00:04,3007,-73
1504.01,00:02,3008,-102
1504.07,00:03,3008,-92
1504.11,00:04,3008,-73
1504.5,00:02,3009,-102
1504.56,00:03,3009,-92
1504.61,00:04,3009,-73
1505,00:02,3010,-102
1505.06,00:03,3010,-92
1505.11,00:04,3010,-74
1505.5,00:02,3011,-102
1505.56,00:03,3011,-92
1505.61,00:04,3011,-74
1506,00:02,3012,-102
1506.06,00:03,3012,-92
1506.11,00:04,3012,-74
1506.5,00:02,3013,-102
1506.57,00:03,3013,-92
1506.61,00:04,3013,-75
1507,00:02,3014,-102
1507.06,00:03,3014,-92
1507.11,00:04,3014,-75
1507.51,00:02,3015,-102
1507.56,00:03,3015,-92
1507.61,00:04,3015,-75
1508,00:02,3016,-102
1508.06,00:03,3016,-93
1508.11,00:04,3016,-76
1508.51,00:02,3017,-102
1508.56,00:03,3017,-93
1508.61,00:04,3017,-76
1509.01,00:02,3018,-102
1509.07,00:03,3018,-93
1509.11,00:04,3018,-76
1509.51,00:02,3019,-102
1509.56,00:03,3019,-93
1509.61,00:04,3019,-76
1510,00:02,3020,-102
1510.06,00:03,3020,-93
1510.11,00:04,3020,-77
1510.5,00:02,3021,-102
1510.56,00:03,3021,-93
1510.61,00:04,3021,-77
1511,00:02,3022,-102
1511.07,00:03,3022,-93
1511.11,00:04,3022,-77
1511.51,00:02,3023,-102
1511.56,00:03,3023,-93
1511.61,00:04,3023,-78
1512,00:02,3024,-102
1512.06,00:03,3024,-93
1512.11,00:04,3024,-78
1512.5,00:02,3025,-101
1512.57,00:03,3025,-93
1512.61,00:04,3025,-78
1513,00:02,3026,-101
1513.06,00:03,3026,-93
1513.11,00:04,3026,-78
1513.5,00:02,3027,-101
1513.57,00:03,3027,-93
1513.61,00:04,3027,-79
1514,00:02,3028,-101
1514.07,00:03,3028,-93
1514.11,00:04,3028,-79
1514.5,00:02,3029,-101
1514.56,00:03,3029,-93
1514.61,00:04,3029,-79
1515.06,00:03,3030,-100
1515.11,00:04,3030,-86
1515.57,00:03,3031,-100
1515.61,00:04,3031,-87
1516,00:02,3032,-108
1516.07,00:03,3032,-100
1516.11,00:04,3032,-87
1516.51,00:02,3033,-108
1516.56,00:03,3033,-100
1516.61,00:04,3033,-87
1517.06,00:03,3034,-100
1517.11,00:04,3034,-87
1517.5,00:02,3035,-108
1517.57,00:03,3035,-101
1517.61,00:04,3035,-88
1518,00:02,3036,-108
1518.06,00:03,3036,-101
1518.11,00:04,3036,-88
1518.51,00:02,3037,-108
1518.56,00:03,3037,-101
1518.61,00:04,3037,-88
1519,00:02,3038,-108
1519.06,00:03,3038,-101
1519.11,00:04,3038,-88
1519.5,00:02,3039,-108
1519.56,00:03,3039,-101
1519.61,00:04,3039,-88
1520.07,00:03,3040,-101
1520.11,00:04,3040,-89
1520.5,00:02,3041,-108
1520.56,00:03,3041,-101
1520.61,00:04,3041,-89
1521,00:02,3042,-108
1521.06,00:03,3042,-101
1521.11,00:04,3042,-89
1521.56,00:03,3043,-101
1521.61,00:04,3043,-89
1522.01,00:02,3044,-108
1522.06,00:03,3044,-101
1522.11,00:04,3044,-90
1522.5,00:02,3045,-108
1522.56,00:03,3045,-101
1522.61,00:04,3045,-90
1523,00:02,3046,-108
1523.07,00:03,3046,-101
1523.11,00:04,3046,-90
1523.51,00:02,3047,-108
1523.57,00:03,3047,-101
1523.61,00:04,3047,-90
1524.01,00:02,3048,-108
1524.06,00:03,3048,-101
1524.11,00:04,3048,-90
1524.5,00:02,3049,-108
1524.57,00:03,3049,-101
1524.61,00:04,3049,-91
1525,00:02,3050,-108
1525.06,00:03,3050,-101
1525.11,00:04,3050,-91
1525.51,00:02,3051,-108
1525.56,00:03,3051,-101
1525.61,00:04,3051,-91
1526.06,00:03,3052,-101
1526.11,00:04,3052,-91
1526.5,00:02,3053,-108
1526.56,00:03,3053,-102
1526.61,00:04,3053,-91
1527.01,00:02,3054,-101
1527.06,00:03,3054,-95
1527.11,00:04,3054,-85
1527.5,00:02,3055,-101
1527.56,00:03,3055,-95
1527.61,00:04,3055,-85
1528,00:02,3056,-101
1528.06,00:03,3056,-95
1528.11,00:04,3056,-85
1528.51,00:02,3057,-101
1528.56,00:03,3057,-95
1528.61,00:04,3057,-85
1529,00:02,3058,-101
1529.06,00:03,3058,-95
1529.11,00:04,3058,-85
1529.5,00:02,3059,-101
1529.56,00:03,3059,-95
1529.61,00:04,3059,-85
1530,00:02,3060,-101
1530.06,00:03,3060,-95
1530.11,00:04,3060,-86
1530.5,00:02,3061,-101
1530.56,00:03,3061,-95
1530.61,00:04,3061,-86
1531,00:02,3062,-101
1531.06,00:03,3062,-95
1531.11,00:04,3062,-85
1531.5,00:02,3063,-101
1531.56,00:03,3063,-95
1531.61,00:04,3063,-85
1532.01,00:02,3064,-101
1532.06,00:03,3064,-95
1532.11,00:04,3064,-85
1532.5,00:02,3065,-102
1532.56,00:03,3065,-95
1532.6,00:04,3065,-85
1533,00:02,3066,-102
1533.07,00:03,3066,-95
1533.11,00:04,3066,-85
1533.5,00:02,3067,-102
1533.56,00:03,3067,-95
1533.61,00:04,3067,-85
1534.01,00:02,3068,-102
1534.07,00:03,3068,-95
1534.11,00:04,3068,-85
1534.51,00:02,3069,-102
1534.56,00:03,3069,-95
1534.61,00:04,3069,-85
1535.01,00:02,3070,-102
1535.06,00:03,3070,-95
1535.11,00:04,3070,-85
1535.5,00:02,3071,-102
1535.56,00:03,3071,-95
1535.61,00:04,3071,-85
1536,00:02,3072,-102
1536.06,00:03,3072,-95
1536.11,00:04,3072,-85
1536.51,00:02,3073,-102
1536.56,00:03,3073,-95
1536.61,00:04,3073,-85
1537.01,00:02,3074,-102
1537.06,00:03,3074,-95
1537.11,00:04,3074,-85
1537.51,00:02,3075,-102
1537.56,00:03,3075,-95
1537.61,00:04,3075,-85
1538,00:02,3076,-102
1538.06,00:03,3076,-95
1538.11,00:04,3076,-84
1538.5,00:02,3077,-102
1538.56,00:03,3077,-95
1538.61,00:04,3077,-84
1539.01,00:02,3078,-109
1539.06,00:03,3078,-102
1539.11,00:04,3078,-91
1539.56,00:03,3079,-102
1539.61,00:04,3079,-91
1540.06,00:03,3080,-102
1540.11,00:04,3080,-91
1540.5,00:02,3081,-109
1540.56,00:03,3081,-102
1540.61,00:04,3081,-90
1541.07,00:03,3082,-102
1541.11,00:04,3082,-90
1541.56,00:03,3083,-102
1541.61,00:04,3083,-90
1542.07,00:03,3084,-102
1542.11,00:04,3084,-90
1542.57,00:03,3085,-102
1542.61,00:04,3085,-90
1543,00:02,3086,-109
1543.06,00:03,3086,-102
1543.11,00:04,3086,-89
1543.51,00:02,3087,-109
1543.56,00:03,3087,-102
1543.61,00:04,3087,-89
1544.01,00:02,3088,-109
1544.06,00:03,3088,-102
1544.11,00:04,3088,-89
1544.56,00:03,3089,-102
1544.61,00:04,3089,-89
1545.06,00:03,3090,-101
1545.11,00:04,3090,-88
1545.56,00:03,3091,-101
1545.61,00:04,3091,-88
1546.01,00:02,3092,-109
1546.06,00:03,3092,-101
1546.11,00:04,3092,-88
1546.56,00:03,3093,-101
1546.61,00:04,3093,-88
1547.06,00:03,3094,-101
1547.11,00:04,3094,-87
1547.57,00:03,3095,-101
1547.61,00:04,3095,-87
1548.06,00:03,3096,-101
1548.11,00:04,3096,-87
1548.57,00:03,3097,-101
1548.61,00:04,3097,-87
1549.06,00:03,3098,-101
1549.11,00:04,3098,-86
1549.57,00:03,3099,-101
1549.61,00:04,3099,-86
1550.07,00:03,3100,-101
1550.11,00:04,3100,-86
1550.56,00:03,3101,-101
1550.61,00:04,3101,-86
1551,00:02,3102,-102
1551.07,00:03,3102,-94
1551.11,00:04,3102,-78
1551.51,00:02,3103,-102
1551.57,00:03,3103,-94
1551.61,00:04,3103,-78
1552,00:02,3104,-102
1552.06,00:03,3104,-94
1552.11,00:04,3104,-78
1552.51,00:02,3105,-102
1552.56,00:03,3105,-94
1552.61,00:04,3105,-78
1553,00:02,3106,-102
1553.06,00:03,3106,-94
1553.11,00:04,3106,-77
1553.5,00:02,3107,-103
1553.56,00:03,3107,-94
1553.61,00:04,3107,-77
1554,00:02,3108,-103
1554.06,00:03,3108,-94
1554.11,00:04,3108,-77
1554.5,00:02,3109,-103
1554.56,00:03,3109,-93
1554.61,00:04,3109,-76
1555,00:02,3110,-103
1555.06,00:03,3110,-93
1555.11,00:04,3110,-76
1555.5,00:02,3111,-103
1555.57,00:03,3111,-93
1555.61,00:04,3111,-76
1556,00:02,3112,-103
1556.06,00:03,3112,-93
1556.11,00:04,3112,-75
1556.5,00:02,3113,-103
1556.56,00:03,3113,-93
1556.61,00:04,3113,-75
1557,00:02,3114,-103
1557.06,00:03,3114,-93
1557.11,00:04,3114,-75
1557.5,00:02,3115,-103
1557.56,00:03,3115,-93
1557.61,00:04,3115,-74
1558.01,00:02,3116,-103
1558.06,00:03,3116,-93
1558.11,00:04,3116,-74
1558.5,00:02,3117,-103
1558.56,00:03,3117,-93
1558.61,00:04,3117,-74
1559,00:02,3118,-103
1559.06,00:03,3118,-93
1559.11,00:04,3118,-73
1559.5,00:02,3119,-103
1559.56,00:03,3119,-93
1559.61,00:04,3119,-73
1560,00:02,3120,-103
1560.07,00:03,3120,-93
1560.11,00:04,3120,-73
1560.51,00:02,3121,-103
1560.57,00:03,3121,-93
1560.61,00:04,3121,-72
1561.01,00:02,3122,-103
1561.06,00:03,3122,-93
1561.11,00:04,3122,-72
1561.5,00:02,3123,-103
1561.57,00:03,3123,-93
1561.61,00:04,3123,-72
1562,00:02,3124,-103
1562.06,00:03,3124,-93
1562.11,00:04,3124,-71
1562.51,00:02,3125,-103
1562.56,00:03,3125,-93
1562.61,00:04,3125,-71
1563.01,00:02,3126,-103
1563.07,00:03,3126,-93
1563.11,00:04,3126,-70
1563.51,00:02,3127,-103
1563.56,00:03,3127,-93
1563.61,00:04,3127,-70
1564,00:02,3128,-103
1564.07,00:03,3128,-93
1564.11,00:04,3128,-69
1564.5,00:02,3129,-103
1564.57,00:03,3129,-92
1564.61,00:04,3129,-69
1565,00:02,3130,-103
1565.07,00:03,3130,-92
1565.11,00:04,3130,-69
1565.51,00:02,3131,-103
1565.56,00:03,3131,-92
1565.61,00:04,3131,-69
1566.01,00:02,3132,-103
1566.07,00:03,3132,-92
1566.11,00:04,3132,-68
1566.51,00:02,3133,-103
1566.56,00:03,3133,-92
1566.61,00:04,3133,-68
1567.01,00:02,3134,-103
1567.06,00:03,3134,-92
1567.11,00:04,3134,-68
1567.5,00:02,3135,-103
1567.56,00:03,3135,-92
1567.61,00:04,3135,-67
1568.01,00:02,3136,-103
1568.06,00:03,3136,-92
1568.11,00:04,3136,-67
1568.5,00:02,3137,-103
1568.56,00:03,3137,-92
1568.6,00:04,3137,-67
1569,00:02,3138,-103
1569.06,00:03,3138,-92
1569.11,00:04,3138,-67
1569.5,00:02,3139,-103
1569.56,00:03,3139,-92
1569.6,00:04,3139,-66
1570,00:02,3140,-103
1570.06,00:03,3140,-92
1570.11,00:04,3140,-66
1570.5,00:02,3141,-104
1570.57,00:03,3141,-92
1570.61,00:04,3141,-66
1571,00:02,3142,-104
1571.06,00:03,3142,-92
1571.11,00:04,3142,-65
1571.5,00:02,3143,-104
1571.56,00:03,3143,-92
1571.61,00:04,3143,-65
1572,00:02,3144,-104
1572.06,00:03,3144,-92
1572.11,00:04,3144,-65
1572.5,00:02,3145,-104
1572.56,00:03,3145,-92
1572.61,00:04,3145,-64
1573.01,00:02,3146,-104
1573.07,00:03,3146,-92
1573.11,00:04,3146,-64
1573.51,00:02,3147,-104
1573.57,00:03,3147,-92
1573.61,00:04,3147,-64
1574,00:02,3148,-104
1574.06,00:03,3148,-92
1574.11,00:04,3148,-63
1574.51,00:02,3149,-104
1574.56,00:03,3149,-91
1574.61,00:04,3149,-63
1575.01,00:02,3150,-104
1575.06,00:03,3150,-91
1575.11,00:04,3150,-63
1575.5,00:02,3151,-104
1575.56,00:03,3151,-91
1575.61,00:04,3151,-62
1576,00:02,3152,-104
1576.06,00:03,3152,-91
1576.11,00:04,3152,-62
1576.51,00:02,3153,-104
1576.56,00:03,3153,-91
1576.61,00:04,3153,-62
1577,00:02,3154,-104
1577.07,00:03,3154,-91
1577.11,00:04,3154,-62
1577.51,00:02,3155,-104
1577.56,00:03,3155,-91
1577.61,00:04,3155,-61
1578.01,00:02,3156,-104
1578.06,00:03,3156,-91
1578.11,00:04,3156,-61
1578.5,00:02,3157,-104
1578.56,00:03,3157,-91
1578.61,00:04,3157,-61
1579,00:02,3158,-104
1579.07,00:03,3158,-91
1579.11,00:04,3158,-61
1579.51,00:02,3159,-104
1579.56,00:03,3159,-91
1579.61,00:04,3159,-60
1580,00:02,3160,-104
1580.07,00:03,3160,-91
1580.11,00:04,3160,-60
1580.5,00:02,3161,-104
1580.56,00:03,3161,-91
1580.61,00:04,3161,-60
1581,00:02,3162,-104
1581.07,00:03,3162,-91
1581.11,00:04,3162,-60
1581.51,00:02,3163,-104
1581.56,00:03,3163,-91
1581.61,00:04,3163,-60
1582,00:02,3164,-104
1582.06,00:03,3164,-91
1582.11,00:04,3164,-60
1582.5,00:02,3165,-105
1582.56,00:03,3165,-91
1582.61,00:04,3165,-61
1583,00:02,3166,-105
1583.07,00:03,3166,-91
1583.11,00:04,3166,-61
1583.5,00:02,3167,-105
1583.56,00:03,3167,-91
1583.61,00:04,3167,-61
1584,00:02,3168,-105
1584.07,00:03,3168,-91
1584.11,00:04,3168,-61
1584.5,00:02,3169,-105
1584.57,00:03,3169,-91
1584.61,00:04,3169,-61
1585,00:02,3170,-105
1585.06,00:03,3170,-91
1585.11,00:04,3170,-62
1585.5,00:02,3171,-105
1585.56,00:03,3171,-91
1585.61,00:04,3171,-62
1586.01,00:02,3172,-105
1586.07,00:03,3172,-90
1586.11,00:04,3172,-62
1586.5,00:02,3173,-105
1586.57,00:03,3173,-90
1586.61,00:04,3173,-63
1587,00:02,3174,-105
1587.07,00:03,3174,-90
1587.11,00:04,3174,-63
1587.51,00:02,3175,-105
1587.56,00:03,3175,-90
1587.61,00:04,3175,-63
1588.01,00:02,3176,-105
1588.07,00:03,3176,-90
1588.11,00:04,3176,-64
1588.5,00:02,3177,-105
1588.57,00:03,3177,-90
1588.61,00:04,3177,-64
1589.01,00:02,3178,-105
1589.06,00:03,3178,-90
1589.11,00:04,3178,-64
1589.51,00:02,3179,-105
1589.56,00:03,3179,-90
1589.61,00:04,3179,-65
1590.01,00:02,3180,-105
1590.07,00:03,3180,-90
1590.11,00:04,3180,-65
1590.5,00:02,3181,-105
1590.56,00:03,3181,-90
1590.61,00:04,3181,-65
1591,00:02,3182,-105
1591.06,00:03,3182,-90
1591.11,00:04,3182,-65
1591.5,00:02,3183,-105
1591.56,00:03,3183,-90
1591.61,00:04,3183,-66
1592,00:02,3184,-105
1592.07,00:03,3184,-90
1592.11,00:04,3184,-66
1592.5,00:02,3185,-105
1592.56,00:03,3185,-90
1592.61,00:04,3185,-66
1593,00:02,3186,-105
1593.06,00:03,3186,-90
1593.11,00:04,3186,-67
1593.5,00:02,3187,-106
1593.56,00:03,3187,-90
1593.61,00:04,3187,-67
1594,00:02,3188,-106
1594.07,00:03,3188,-90
1594.11,00:04,3188,-67
1594.51,00:02,3189,-106
1594.56,00:03,3189,-90
1594.61,00:04,3189,-68
1595.01,00:02,3190,-106
1595.07,00:03,3190,-90
1595.11,00:04,3190,-68
1595.5,00:02,3191,-106
1595.56,00:03,3191,-90
1595.61,00:04,3191,-68
1596,00:02,3192,-106
1596.07,00:03,3192,-90
1596.11,00:04,3192,-68
1596.51,00:02,3193,-106
1596.56,00:03,3193,-90
1596.61,00:04,3193,-69
1597.01,00:02,3194,-106
1597.06,00:03,3194,-90
1597.11,00:04,3194,-69
1597.5,00:02,3195,-106
1597.56,00:03,3195,-90
1597.61,00:04,3195,-69
1598,00:02,3196,-106
1598.07,00:03,3196,-90
1598.11,00:04,3196,-70
1598.51,00:02,3197,-106
1598.56,00:03,3197,-90
1598.61,00:04,3197,-70
1599,00:02,3198,-106
1599.07,00:03,3198,-90
1599.11,00:04,3198,-70
1599.5,00:02,3199,-106
1599.56,00:03,3199,-90
1599.61,00:04,3199,-71
1600,00:02,3200,-106
1600.06,00:03,3200,-89
1600.11,00:04,3200,-71
1600.5,00:02,3201,-106
1600.56,00:03,3201,-89
1600.61,00:04,3201,-72
1601,00:02,3202,-106
1601.07,00:03,3202,-89
1601.11,00:04,3202,-72
1601.5,00:02,3203,-106
1601.57,00:03,3203,-89
1601.61,00:04,3203,-72
1602.01,00:02,3204,-106
1602.06,00:03,3204,-89
1602.11,00:04,3204,-73
1602.5,00:02,3205,-106
1602.56,00:03,3205,-89
1602.61,00:04,3205,-73
1603.01,00:02,3206,-106
1603.06,00:03,3206,-89
1603.11,00:04,3206,-74
1603.5,00:02,3207,-107
1603.57,00:03,3207,-89
1603.61,00:04,3207,-74
1604,00:02,3208,-107
1604.06,00:03,3208,-89
1604.11,00:04,3208,-74
1604.51,00:02,3209,-107
1604.57,00:03,3209,-89
1604.61,00:04,3209,-75
1605,00:02,3210,-107
1605.06,00:03,3210,-89
1605.11,00:04,3210,-75
1605.51,00:02,3211,-107
1605.56,00:03,3211,-89
1605.61,00:04,3211,-75
1606,00:02,3212,-107
1606.07,00:03,3212,-89
1606.11,00:04,3212,-76
1606.5,00:02,3213,-107
1606.56,00:03,3213,-89
1606.61,00:04,3213,-76
1607.07,00:03,3214,-96
1607.11,00:04,3214,-83
1607.57,00:03,3215,-96
1607.61,00:04,3215,-83
1608.06,00:03,3216,-96
1608.11,00:04,3216,-84
1608.57,00:03,3217,-96
1608.61,00:04,3217,-84
1609.06,00:03,3218,-96
1609.11,00:04,3218,-84
1609.56,00:03,3219,-96
1609.61,00:04,3219,-85
1610.06,00:03,3220,-96
1610.11,00:04,3220,-85
1610.57,00:03,3221,-96
1610.61,00:04,3221,-85
1611.06,00:03,3222,-96
1611.11,00:04,3222,-85
1611.57,00:03,3223,-96
1611.61,00:04,3223,-86
1612.06,00:03,3224,-96
1612.11,00:04,3224,-86
1612.57,00:03,3225,-96
1612.61,00:04,3225,-86
1613.06,00:03,3226,-96
1613.11,00:04,3226,-87
1613.56,00:03,3227,-96
1613.61,00:04,3227,-87
1614.07,00:03,3228,-96
1614.11,00:04,3228,-87
1614.57,00:03,3229,-96
1614.61,00:04,3229,-87
1615.06,00:03,3230,-96
1615.11,00:04,3230,-88
1615.56,00:03,3231,-96
1615.61,00:04,3231,-88
1616.06,00:03,3232,-96
1616.11,00:04,3232,-88
1616.57,00:03,3233,-96
1616.61,00:04,3233,-88
1617.06,00:03,3234,-96
1617.11,00:04,3234,-89
1617.57,00:03,3235,-96
1617.61,00:04,3235,-89
1618.07,00:03,3236,-96
1618.11,00:04,3236,-89
1618.56,00:03,3237,-96
1618.61,00:04,3237,-89
1619.07,00:03,3238,-96
1619.11,00:04,3238,-89
1619.57,00:03,3239,-96
1619.61,00:04,3239,-90
1620.06,00:03,3240,-96
1620.11,00:04,3240,-90
1620.56,00:03,3241,-96
1620.61,00:04,3241,-90
1621.06,00:03,3242,-96
1621.11,00:04,3242,-90
1621.57,00:03,3243,-96
1621.61,00:04,3243,-90
1622.06,00:03,3244,-96
1622.11,00:04,3244,-91
1622.56,00:03,3245,-96
1622.61,00:04,3245,-91
1623,00:02,3246,-109
1623.06,00:03,3246,-89
1623.11,00:04,3246,-84
1623.5,00:02,3247,-109
1623.56,00:03,3247,-89
1623.61,00:04,3247,-84
1624,00:02,3248,-109
1624.06,00:03,3248,-89
1624.11,00:04,3248,-84
1624.56,00:03,3249,-89
1624.61,00:04,3249,-85
1625.01,00:02,3250,-109
1625.07,00:03,3250,-89
1625.11,00:04,3250,-85
1625.5,00:02,3251,-109
1625.56,00:03,3251,-89
1625.61,00:04,3251,-85
1626.06,00:03,3252,-89
1626.11,00:04,3252,-85
1626.56,00:03,3253,-89
1626.61,00:04,3253,-85
1627,00:02,3254,-109
1627.07,00:03,3254,-89
1627.11,00:04,3254,-85
1627.56,00:03,3255,-89
1627.61,00:04,3255,-85
1628.06,00:03,3256,-89
1628.11,00:04,3256,-85
1628.57,00:03,3257,-89
1628.61,00:04,3257,-85
1629,00:02,3258,-109
1629.06,00:03,3258,-89
1629.11,00:04,3258,-85
1629.56,00:03,3259,-89
1629.61,00:04,3259,-85
1630.07,00:03,3260,-89
1630.11,00:04,3260,-85
1630.51,00:02,3261,-109
1630.57,00:03,3261,-90
1630.61,00:04,3261,-85
1631,00:02,3262,-109
1631.07,00:03,3262,-90
1631.11,00:04,3262,-85
1631.56,00:03,3263,-90
1631.61,00:04,3263,-85
1632.06,00:03,3264,-90
1632.11,00:04,3264,-85
1632.57,00:03,3265,-90
1632.61,00:04,3265,-85
1633.06,00:03,3266,-90
1633.11,00:04,3266,-85
1633.57,00:03,3267,-90
1633.61,00:04,3267,-84
1634.07,00:03,3268,-90
1634.11,00:04,3268,-84
1634.57,00:03,3269,-90
1634.61,00:04,3269,-84
1635.06,00:03,3270,-90
1635.11,00:04,3270,-84
1635.56,00:03,3271,-90
1635.61,00:04,3271,-84
1636.07,00:03,3272,-90
1636.11,00:04,3272,-83
1636.57,00:03,3273,-90
1636.61,00:04,3273,-83
1637.06,00:03,3274,-90
1637.11,00:04,3274,-83
1637.56,00:03,3275,-90
1637.61,00:04,3275,-83
1638,00:02,3276,-109
1638.07,00:03,3276,-90
1638.11,00:04,3276,-82
1638.56,00:03,3277,-90
1638.61,00:04,3277,-82
1639.01,00:02,3278,-109
1639.07,00:03,3278,-90
1639.11,00:04,3278,-82
1639.5,00:02,3279,-109
1639.56,00:03,3279,-90
1639.61,00:04,3279,-82
1640,00:02,3280,-109
1640.07,00:03,3280,-90
1640.11,00:04,3280,-82
1640.5,00:02,3281,-109
1640.56,00:03,3281,-90
1640.61,00:04,3281,-81
1641,00:02,3282,-108
1641.06,00:03,3282,-90
1641.11,00:04,3282,-81
1641.57,00:03,3283,-90
1641.61,00:04,3283,-81
1642,00:02,3284,-108
1642.07,00:03,3284,-90
1642.11,00:04,3284,-81
1642.5,00:02,3285,-108
1642.56,00:03,3285,-90
1642.61,00:04,3285,-80
1643,00:02,3286,-108
1643.06,00:03,3286,-90
1643.11,00:04,3286,-80
1643.56,00:03,3287,-90
1643.61,00:04,3287,-80
1644.01,00:02,3288,-108
1644.07,00:03,3288,-90
1644.11,00:04,3288,-80
1644.51,00:02,3289,-108
1644.57,00:03,3289,-90
1644.61,00:04,3289,-79
1645.01,00:02,3290,-108
1645.07,00:03,3290,-90
1645.11,00:04,3290,-79
1645.5,00:02,3291,-108
1645.56,00:03,3291,-90
1645.61,00:04,3291,-79
1646,00:02,3292,-108
1646.06,00:03,3292,-90
1646.11,00:04,3292,-79
1646.56,00:03,3293,-90
1646.61,00:04,3293,-78
1647.01,00:02,3294,-108
1647.07,00:03,3294,-90
1647.11,00:04,3294,-78
1647.5,00:02,3295,-108
1647.57,00:03,3295,-90
1647.61,00:04,3295,-78
1648,00:02,3296,-108
1648.06,00:03,3296,-90
1648.11,00:04,3296,-77
1648.57,00:03,3297,-90
1648.61,00:04,3297,-77
1649.01,00:02,3298,-108
1649.06,00:03,3298,-90
1649.11,00:04,3298,-77
1649.5,00:02,3299,-108
1649.57,00:03,3299,-90
1649.61,00:04,3299,-76
1650.07,00:03,3300,-90
1650.11,00:04,3300,-76
1650.5,00:02,3301,-108
1650.56,00:03,3301,-90
1650.61,00:04,3301,-76
1651.01,00:02,3302,-108
1651.06,00:03,3302,-90
1651.11,00:04,3302,-75
1651.5,00:02,3303,-107
1651.56,00:03,3303,-90
1651.61,00:04,3303,-75
1652.01,00:02,3304,-107
1652.07,00:03,3304,-90
1652.11,00:04,3304,-75
1652.51,00:02,3305,-107
1652.57,00:03,3305,-90
1652.61,00:04,3305,-74
1653,00:02,3306,-107
1653.06,00:03,3306,-90
1653.11,00:04,3306,-74
1653.5,00:02,3307,-107
1653.56,00:03,3307,-90
1653.61,00:04,3307,-74
1654,00:02,3308,-107
1654.06,00:03,3308,-90
1654.11,00:04,3308,-73
1654.5,00:02,3309,-107
1654.56,00:03,3309,-90
1654.61,00:04,3309,-73
1655.01,00:02,3310,-107
1655.06,00:03,3310,-90
1655.11,00:04,3310,-73
1655.51,00:02,3311,-107
1655.56,00:03,3311,-90
1655.61,00:04,3311,-72
1656.01,00:02,3312,-107
1656.06,00:03,3312,-90
1656.11,00:04,3312,-72
1656.5,00:02,3313,-107
1656.56,00:03,3313,-90
1656.61,00:04,3313,-71
1657,00:02,3314,-107
1657.06,00:03,3314,-90
1657.11,00:04,3314,-71
1657.51,00:02,3315,-107
1657.56,00:03,3315,-90
1657.61,00:04,3315,-71
1658,00:02,3316,-107
1658.07,00:03,3316,-90
1658.11,00:04,3316,-70
1658.57,00:03,3317,-90
1658.61,00:04,3317,-70
1659.07,00:03,3318,-90
1659.11,00:04,3318,-69
1659.57,00:03,3319,-90
1659.61,00:04,3319,-69
1660.01,00:02,3320,-107
1660.07,00:03,3320,-91
1660.11,00:04,3320,-69
1660.5,00:02,3321,-107
1660.56,00:03,3321,-91
1660.61,00:04,3321,-68
1661.01,00:02,3322,-107
1661.07,00:03,3322,-91
1661.11,00:04,3322,-68
1661.5,00:02,3323,-107
1661.57,00:03,3323,-91
1661.61,00:04,3323,-68
1662,00:02,3324,-106
1662.07,00:03,3324,-91
1662.11,00:04,3324,-67
1662.5,00:02,3325,-106
1662.56,00:03,3325,-91
1662.61,00:04,3325,-67
1663.06,00:03,3326,-91
1663.11,00:04,3326,-67
1663.5,00:02,3327,-106
1663.56,00:03,3327,-91
1663.61,00:04,3327,-66
1664,00:02,3328,-106
1664.07,00:03,3328,-91
1664.11,00:04,3328,-66
1664.5,00:02,3329,-106
1664.57,00:03,3329,-91
1664.61,00:04,3329,-66
1665.01,00:02,3330,-106
1665.07,00:03,3330,-91
1665.11,00:04,3330,-65
1665.5,00:02,3331,-106
1665.57,00:03,3331,-91
1665.61,00:04,3331,-65
1666,00:02,3332,-106
1666.06,00:03,3332,-91
1666.11,00:04,3332,-65
1666.5,00:02,3333,-106
1666.57,00:03,3333,-91
1666.61,00:04,3333,-64
1667,00:02,3334,-106
1667.07,00:03,3334,-91
1667.11,00:04,3334,-64
1667.5,00:02,3335,-106
1667.56,00:03,3335,-91
1667.61,00:04,3335,-63
1668,00:02,3336,-106
1668.06,00:03,3336,-91
1668.11,00:04,3336,-63
1668.51,00:02,3337,-106
1668.56,00:03,3337,-91
1668.61,00:04,3337,-62
1669,00:02,3338,-106
1669.07,00:03,3338,-91
1669.11,00:04,3338,-62
1669.5,00:02,3339,-106
1669.56,00:03,3339,-91
1669.61,00:04,3339,-61
1670,00:02,3340,-106
1670.06,00:03,3340,-91
1670.11,00:04,3340,-61
1670.51,00:02,3341,-106
1670.56,00:03,3341,-91
1670.61,00:04,3341,-60
1671,00:02,3342,-106
1671.07,00:03,3342,-91
1671.11,00:04,3342,-59
1671.5,00:02,3343,-106
1671.57,00:03,3343,-91
1671.61,00:04,3343,-59
1672,00:02,3344,-106
1672.07,00:03,3344,-91
1672.11,00:04,3344,-58
1672.5,00:02,3345,-106
1672.57,00:03,3345,-91
1672.61,00:04,3345,-57
1673.01,00:02,3346,-105
1673.06,00:03,3346,-91
1673.11,00:04,3346,-56
1673.5,00:02,3347,-105
1673.56,00:03,3347,-91
1673.61,00:04,3347,-56
1674,00:02,3348,-105
1674.06,00:03,3348,-91
1674.11,00:04,3348,-55
1674.5,00:02,3349,-105
1674.57,00:03,3349,-92
1674.61,00:04,3349,-54
1675,00:02,3350,-105
1675.07,00:03,3350,-92
1675.11,00:04,3350,-53
1675.51,00:02,3351,-105
1675.57,00:03,3351,-92
1675.61,00:04,3351,-53
1676.01,00:02,3352,-105
1676.07,00:03,3352,-92
1676.11,00:04,3352,-52
1676.5,00:02,3353,-105
1676.57,00:03,3353,-92
1676.61,00:04,3353,-52
1677.01,00:02,3354,-105
1677.06,00:03,3354,-92
1677.11,00:04,3354,-52
1677.51,00:02,3355,-105
1677.57,00:03,3355,-92
1677.61,00:04,3355,-52
1678.01,00:02,3356,-105
1678.07,00:03,3356,-92
1678.11,00:04,3356,-52
1678.5,00:02,3357,-105
1678.56,00:03,3357,-92
1678.61,00:04,3357,-53
1679.01,00:02,3358,-105
1679.07,00:03,3358,-92
1679.11,00:04,3358,-54
1679.51,00:02,3359,-105
1679.56,00:03,3359,-92
1679.61,00:04,3359,-54
1680,00:02,3360,-105
1680.07,00:03,3360,-92
1680.11,00:04,3360,-55
1680.51,00:02,3361,-105
1680.56,00:03,3361,-92
1680.61,00:04,3361,-56
1681,00:02,3362,-105
1681.07,00:03,3362,-92
1681.11,00:04,3362,-57
1681.5,00:02,3363,-105
1681.57,00:03,3363,-92
1681.61,00:04,3363,-57
1682,00:02,3364,-105
1682.07,00:03,3364,-92
1682.11,00:04,3364,-58
1682.5,00:02,3365,-105
1682.56,00:03,3365,-92
1682.61,00:04,3365,-59
1683,00:02,3366,-105
1683.07,00:03,3366,-92
1683.11,00:04,3366,-60
1683.5,00:02,3367,-105
1683.57,00:03,3367,-92
1683.61,00:04,3367,-60
1684,00:02,3368,-105
1684.06,00:03,3368,-92
1684.11,00:04,3368,-61
1684.5,00:02,3369,-105
1684.57,00:03,3369,-92
1684.61,00:04,3369,-61
1685,00:02,3370,-105
1685.06,00:03,3370,-92
1685.11,00:04,3370,-62
1685.5,00:02,3371,-105
1685.57,00:03,3371,-92
1685.61,00:04,3371,-62
1686,00:02,3372,-104
1686.07,00:03,3372,-92
1686.11,00:04,3372,-63
1686.51,00:02,3373,-104
1686.56,00:03,3373,-93
1686.61,00:04,3373,-63
1687.01,00:02,3374,-104
1687.06,00:03,3374,-93
1687.11,00:04,3374,-64
1687.5,00:02,3375,-104
1687.57,00:03,3375,-93
1687.61,00:04,3375,-64
1688.01,00:02,3376,-104
1688.07,00:03,3376,-93
1688.11,00:04,3376,-65
1688.51,00:02,3377,-104
1688.56,00:03,3377,-93
1688.61,00:04,3377,-65
1689,00:02,3378,-104
1689.07,00:03,3378,-93
1689.11,00:04,3378,-65
1689.51,00:02,3379,-104
1689.56,00:03,3379,-93
1689.61,00:04,3379,-66
1690,00:02,3380,-104
1690.06,00:03,3380,-93
1690.11,00:04,3380,-66
1690.51,00:02,3381,-104
1690.56,00:03,3381,-93
1690.61,00:04,3381,-67
1691.01,00:02,3382,-104
1691.07,00:03,3382,-93
1691.11,00:04,3382,-67
1691.5,00:02,3383,-104
1691.57,00:03,3383,-93
1691.61,00:04,3383,-67
1692.01,00:02,3384,-104
1692.07,00:03,3384,-93
1692.11,00:04,3384,-68
1692.5,00:02,3385,-104
1692.56,00:03,3385,-93
1692.61,00:04,3385,-68
1693,00:02,3386,-104
1693.07,00:03,3386,-93
1693.11,00:04,3386,-68
1693.5,00:02,3387,-104
1693.56,00:03,3387,-93
1693.61,00:04,3387,-68
1694,00:02,3388,-104
1694.07,00:03,3388,-93
1694.11,00:04,3388,-69
1694.51,00:02,3389,-104
1694.56,00:03,3389,-93
1694.61,00:04,3389,-69
1695.01,00:02,3390,-104
1695.07,00:03,3390,-93
1695.11,00:04,3390,-69
1695.51,00:02,3391,-104
1695.57,00:03,3391,-93
1695.61,00:04,3391,-70
1696,00:02,3392,-104
1696.06,00:03,3392,-93
1696.11,00:04,3392,-70
1696.5,00:02,3393,-104
1696.56,00:03,3393,-93
1696.61,00:04,3393,-71
1697,00:02,3394,-104
1697.07,00:03,3394,-93
1697.11,00:04,3394,-71
1697.5,00:02,3395,-104
1697.56,00:03,3395,-94
1697.61,00:04,3395,-72
1698,00:02,3396,-104
1698.07,00:03,3396,-94
1698.11,00:04,3396,-72
1698.51,00:02,3397,-104
1698.56,00:03,3397,-94
1698.61,00:04,3397,-72
1699,00:02,3398,-104
1699.07,00:03,3398,-94
1699.11,00:04,3398,-73
1699.5,00:02,3399,-104
1699.57,00:03,3399,-94
1699.61,00:04,3399,-73
1700,00:02,3400,-104
1700.07,00:03,3400,-94
1700.11,00:04,3400,-74
1700.51,00:02,3401,-104
1700.57,00:03,3401,-94
1700.61,00:04,3401,-74
1701.01,00:02,3402,-104
1701.07,00:03,3402,-94
1701.11,00:04,3402,-74
1701.51,00:02,3403,-104
1701.57,00:03,3403,-94
1701.61,00:04,3403,-75
1702.01,00:02,3404,-104
1702.07,00:03,3404,-94
1702.11,00:04,3404,-75
1702.5,00:02,3405,-104
1702.56,00:03,3405,-94
1702.61,00:04,3405,-75
1703.01,00:02,3406,-104
1703.07,00:03,3406,-94
1703.11,00:04,3406,-76
1703.5,00:02,3407,-104
1703.57,00:03,3407,-94
1703.61,00:04,3407,-76
1704,00:02,3408,-104
1704.07,00:03,3408,-94
1704.11,00:04,3408,-76
1704.51,00:02,3409,-103
1704.57,00:03,3409,-94
1704.61,00:04,3409,-77
1705,00:02,3410,-103
1705.06,00:03,3410,-94
1705.11,00:04,3410,-77
1705.5,00:02,3411,-103
1705.57,00:03,3411,-94
1705.61,00:04,3411,-77
1706,00:02,3412,-103
1706.07,00:03,3412,-94
1706.11,00:04,3412,-77
1706.5,00:02,3413,-103
1706.57,00:03,3413,-94
1706.61,00:04,3413,-78
1707,00:02,3414,-103
1707.06,00:03,3414,-94
1707.11,00:04,3414,-78
1707.5,00:02,3415,-103
1707.56,00:03,3415,-94
1707.61,00:04,3415,-78
1708,00:02,3416,-103
1708.06,00:03,3416,-95
1708.11,00:04,3416,-79
1708.5,00:02,3417,-103
1708.57,00:03,3417,-95
1708.61,00:04,3417,-79
1709,00:02,3418,-103
1709.07,00:03,3418,-95
1709.11,00:04,3418,-79
1709.5,00:02,3419,-103
1709.56,00:03,3419,-95
1709.61,00:04,3419,-79
1710.01,00:02,3420,-103
1710.07,00:03,3420,-95
1710.11,00:04,3420,-80
1710.51,00:02,3421,-103
1710.57,00:03,3421,-95
1710.61,00:04,3421,-80
1711,00:02,3422,-103
1711.07,00:03,3422,-95
1711.11,00:04,3422,-80
1711.5,00:02,3423,-103
1711.57,00:03,3423,-95
1711.61,00:04,3423,-80
1712,00:02,3424,-103
1712.06,00:03,3424,-95
1712.11,00:04,3424,-81
1712.51,00:02,3425,-103
1712.56,00:03,3425,-95
1712.61,00:04,3425,-81
1713,00:02,3426,-103
1713.07,00:03,3426,-95
1713.11,00:04,3426,-81
1713.5,00:02,3427,-103
1713.57,00:03,3427,-95
1713.61,00:04,3427,-81
1714.01,00:02,3428,-103
1714.07,00:03,3428,-95
1714.11,00:04,3428,-82
1714.51,00:02,3429,-103
1714.56,00:03,3429,-95
1714.61,00:04,3429,-82
1715,00:02,3430,-103
1715.07,00:03,3430,-95
1715.11,00:04,3430,-82
1715.5,00:02,3431,-103
1715.57,00:03,3431,-95
1715.61,00:04,3431,-82
1716,00:02,3432,-103
1716.06,00:03,3432,-95
1716.11,00:04,3432,-83
1716.51,00:02,3433,-103
1716.56,00:03,3433,-95
1716.61,00:04,3433,-83
1717.01,00:02,3434,-103
1717.07,00:03,3434,-95
1717.11,00:04,3434,-83
1717.5,00:02,3435,-103
1717.57,00:03,3435,-95
1717.61,00:04,3435,-83
1718.01,00:02,3436,-103
1718.07,00:03,3436,-96
1718.11,00:04,3436,-83
1718.5,00:02,3437,-103
1718.57,00:03,3437,-96
1718.61,00:04,3437,-84
1719.01,00:02,3438,-103
1719.07,00:03,3438,-96
1719.11,00:04,3438,-84
1719.51,00:02,3439,-103
1719.57,00:03,3439,-96
1719.61,00:04,3439,-84
1720,00:02,3440,-103
1720.06,00:03,3440,-96
1720.11,00:04,3440,-84
1720.5,00:02,3441,-103
1720.57,00:03,3441,-96
1720.61,00:04,3441,-84
1721.01,00:02,3442,-103
1721.06,00:03,3442,-96
1721.11,00:04,3442,-85
1721.51,00:02,3443,-103
1721.57,00:03,3443,-96
1721.61,00:04,3443,-85
