Time_s,Src_MAC,Seq_Num,RSSI_dBm
0.00437891,00:02,0,-54
0.0578555,00:03,0,-98
0.108479,00:04,0,-103
0.50477,00:02,1,-54
0.559032,00:03,1,-98
0.608288,00:04,1,-103
1.00177,00:02,2,-54
1.05698,00:03,2,-98
1.1064,00:04,2,-103
1.5032,00:02,3,-55
1.55856,00:03,3,-98
1.60832,00:04,3,-102
2.00345,00:02,4,-55
2.05767,00:03,4,-98
2.10912,00:04,4,-102
2.50263,00:02,5,-56
2.55853,00:03,5,-98
2.60757,00:04,5,-102
3.0034,00:02,6,-57
3.05797,00:03,6,-98
3.10879,00:04,6,-102
3.50344,00:02,7,-57
3.55632,00:03,7,-98
3.60783,00:04,7,-102
4.0022,00:02,8,-58
4.05749,00:03,8,-97
4.1081,00:04,8,-102
4.50441,00:02,9,-58
4.55859,00:03,9,-97
4.60779,00:04,9,-102
5.00525,00:02,10,-59
5.0578,00:03,10,-97
5.10708,00:04,10,-102
5.50354,00:02,11,-60
5.55783,00:03,11,-97
5.60757,00:04,11,-102
6.00323,00:02,12,-60
6.05885,00:03,12,-97
6.11001,00:04,12,-102
6.50451,00:02,13,-61
6.55817,00:03,13,-97
6.6085,00:04,13,-102
7.00527,00:02,14,-61
7.05629,00:03,14,-97
7.10768,00:04,14,-102
7.50477,00:02,15,-62
7.55764,00:03,15,-97
7.6069,00:04,15,-102
8.00372,00:02,16,-63
8.05903,00:03,16,-97
8.1088,00:04,16,-102
8.5049,00:02,17,-63
8.5589,00:03,17,-96
8.60714,00:04,17,-102
9.00341,00:02,18,-63
9.0565,00:03,18,-96
9.10776,00:04,18,-102
9.50322,00:02,19,-64
9.55708,00:03,19,-96
9.60719,00:04,19,-102
10.0056,00:02,20,-64
10.058,00:03,20,-96
10.1096,00:04,20,-102
10.5034,00:02,21,-65
10.5591,00:03,21,-96
10.6073,00:04,21,-102
11.0057,00:02,22,-65
11.0583,00:03,22,-96
11.1074,00:04,22,-102
11.5045,00:02,23,-66
11.5568,00:03,23,-96
11.6087,00:04,23,-102
12.0034,00:02,24,-66
12.0582,00:03,24,-96
12.1078,00:04,24,-102
12.5026,00:02,25,-66
12.5587,00:03,25,-96
12.6084,00:04,25,-102
13.0038,00:02,26,-67
13.0599,00:03,26,-95
13.1068,00:04,26,-102
13.5051,00:02,27,-67
13.558,00:03,27,-95
13.6077,00:04,27,-102
14.0052,00:02,28,-67
14.0564,00:03,28,-95
14.109,00:04,28,-102
14.5034,00:02,29,-68
14.56,00:03,29,-95
14.607,00:04,29,-102
15.0033,00:02,30,-68
15.0579,00:03,30,-95
15.1088,00:04,30,-102
15.5033,00:02,31,-68
15.5588,00:03,31,-95
15.6089,00:04,31,-101
16.0055,00:02,32,-69
16.0584,00:03,32,-95
16.1087,00:04,32,-101
16.5036,00:02,33,-69
16.5584,00:03,33,-95
16.6089,00:04,33,-101
17.0051,00:02,34,-69
17.0587,00:03,34,-95
17.1094,00:04,34,-101
17.5046,00:02,35,-69
17.5581,00:03,35,-94
17.6082,00:04,35,-101
18.0034,00:02,36,-70
18.058,00:03,36,-94
18.1101,00:04,36,-101
18.5021,00:02,37,-70
18.5589,00:03,37,-94
18.6097,00:04,37,-101
19.0023,00:02,38,-71
19.0587,00:03,38,-94
19.1075,00:04,38,-101
19.5026,00:02,39,-71
19.5564,00:03,39,-94
19.6082,00:04,39,-101
20.0039,00:02,40,-72
20.0587,00:03,40,-94
20.1075,00:04,40,-101
20.5032,00:02,41,-72
20.5582,00:03,41,-94
20.6098,00:04,41,-101
21.0029,00:02,42,-72
21.0563,00:03,42,-94
21.1072,00:04,42,-101
21.5028,00:02,43,-73
21.5585,00:03,43,-93
21.6088,00:04,43,-101
22.004,00:02,44,-73
22.0585,00:03,44,-93
22.1086,00:04,44,-101
22.5044,00:02,45,-74
22.5584,00:03,45,-93
22.6077,00:04,45,-101
23.0045,00:02,46,-74
23.0577,00:03,46,-93
23.1084,00:04,46,-101
23.5032,00:02,47,-74
23.5586,00:03,47,-93
23.6086,00:04,47,-101
24.0027,00:02,48,-75
24.0584,00:03,48,-93
24.1097,00:04,48,-101
24.5032,00:02,49,-75
24.5593,00:03,49,-93
24.6083,00:04,49,-101
25.0049,00:02,50,-75
25.0595,00:03,50,-93
25.1084,00:04,50,-101
25.5046,00:02,51,-76
25.5567,00:03,51,-92
25.6078,00:04,51,-101
26.002,00:02,52,-76
26.0604,00:03,52,-92
26.1076,00:04,52,-101
26.503,00:02,53,-76
26.5583,00:03,53,-92
26.6076,00:04,53,-101
27.0034,00:02,54,-77
27.0598,00:03,54,-92
27.1104,00:04,54,-101
27.5034,00:02,55,-77
27.5577,00:03,55,-92
27.6095,00:04,55,-101
28.0033,00:02,56,-77
28.057,00:03,56,-92
28.1092,00:04,56,-101
28.5027,00:02,57,-78
28.5567,00:03,57,-92
28.6097,00:04,57,-101
29.0018,00:02,58,-78
29.0592,00:03,58,-91
29.1085,00:04,58,-101
29.5036,00:02,59,-78
29.5579,00:03,59,-91
29.6078,00:04,59,-101
30.0023,00:02,60,-78
30.0602,00:03,60,-91
30.1081,00:04,60,-101
30.5015,00:02,61,-79
30.5567,00:03,61,-91
30.6099,00:04,61,-101
31.0032,00:02,62,-79
31.058,00:03,62,-91
31.1099,00:04,62,-101
31.5016,00:02,63,-79
31.5586,00:03,63,-91
31.609,00:04,63,-101
32.004,00:02,64,-80
32.0587,00:03,64,-91
32.1087,00:04,64,-101
32.5033,00:02,65,-80
32.5567,00:03,65,-90
32.6087,00:04,65,-101
33.0042,00:02,66,-80
33.0572,00:03,66,-90
33.109,00:04,66,-101
33.5031,00:02,67,-80
33.5569,00:03,67,-90
33.6076,00:04,67,-101
34.0041,00:02,68,-81
34.0582,00:03,68,-90
34.1093,00:04,68,-101
34.5038,00:02,69,-81
34.5588,00:03,69,-90
34.6085,00:04,69,-101
35.0022,00:02,70,-81
35.0589,00:03,70,-90
35.1082,00:04,70,-101
35.5045,00:02,71,-81
35.5584,00:03,71,-90
35.6092,00:04,71,-101
36.003,00:02,72,-82
36.0588,00:03,72,-89
36.1086,00:04,72,-101
36.5023,00:02,73,-82
36.558,00:03,73,-89
36.6077,00:04,73,-101
37.0037,00:02,74,-82
37.0598,00:03,74,-89
37.11,00:04,74,-101
37.5053,00:02,75,-82
37.5583,00:03,75,-89
37.6084,00:04,75,-101
38.0032,00:02,76,-83
38.0605,00:03,76,-89
38.1081,00:04,76,-101
38.5035,00:02,77,-83
38.5582,00:03,77,-89
38.61,00:04,77,-101
39.0031,00:02,78,-83
39.0598,00:03,78,-88
39.1094,00:04,78,-101
39.5021,00:02,79,-83
39.5598,00:03,79,-88
39.6099,00:04,79,-101
40.0036,00:02,80,-83
40.059,00:03,80,-88
40.1094,00:04,80,-101
40.5039,00:02,81,-84
40.5601,00:03,81,-88
40.6094,00:04,81,-101
41.003,00:02,82,-84
41.0566,00:03,82,-88
41.1081,00:04,82,-101
41.502,00:02,83,-84
41.5591,00:03,83,-87
41.6099,00:04,83,-101
42.0028,00:02,84,-84
42.0594,00:03,84,-87
42.1086,00:04,84,-101
42.5018,00:02,85,-84
42.558,00:03,85,-87
42.608,00:04,85,-101
43.0046,00:02,86,-85
43.059,00:03,86,-87
43.1086,00:04,86,-101
43.5023,00:02,87,-85
43.5598,00:03,87,-87
43.6075,00:04,87,-101
44.0046,00:02,88,-85
44.0588,00:03,88,-87
44.1094,00:04,88,-101
44.5035,00:02,89,-85
44.5585,00:03,89,-86
44.6093,00:04,89,-101
45.0039,00:02,90,-85
45.0588,00:03,90,-86
45.1074,00:04,90,-101
45.5034,00:02,91,-86
45.5583,00:03,91,-86
45.6083,00:04,91,-101
46.0017,00:02,92,-86
46.0583,00:03,92,-86
46.1097,00:04,92,-101
46.5039,00:02,93,-86
46.5593,00:03,93,-86
46.6096,00:04,93,-101
47.0022,00:02,94,-86
47.0577,00:03,94,-85
47.1069,00:04,94,-101
47.5032,00:02,95,-86
47.5602,00:03,95,-85
47.6089,00:04,95,-101
48.0032,00:02,96,-87
48.0594,00:03,96,-85
48.1076,00:04,96,-101
48.5043,00:02,97,-87
48.5592,00:03,97,-85
48.6103,00:04,97,-101
49.0023,00:02,98,-87
49.0595,00:03,98,-85
49.1094,00:04,98,-101
49.5016,00:02,99,-87
49.5582,00:03,99,-84
49.609,00:04,99,-101
50.0015,00:02,100,-87
50.0598,00:03,100,-84
50.1075,00:04,100,-101
50.5026,00:02,101,-87
50.5583,00:03,101,-84
50.6089,00:04,101,-101
51.0032,00:02,102,-88
51.0574,00:03,102,-84
51.1083,00:04,102,-101
51.5021,00:02,103,-88
51.5597,00:03,103,-84
51.6075,00:04,103,-101
52.0039,00:02,104,-88
52.058,00:03,104,-83
52.1082,00:04,104,-101
52.5028,00:02,105,-88
52.5581,00:03,105,-83
52.6091,00:04,105,-101
53.0032,00:02,106,-88
53.057,00:03,106,-83
53.1091,00:04,106,-101
53.5036,00:02,107,-88
53.5594,00:03,107,-83
53.6091,00:04,107,-101
54.0016,00:02,108,-89
54.0582,00:03,108,-82
54.1094,00:04,108,-101
54.5012,00:02,109,-89
54.5582,00:03,109,-82
54.6088,00:04,109,-101
55.003,00:02,110,-89
55.0583,00:03,110,-82
55.1101,00:04,110,-101
55.5029,00:02,111,-89
55.5601,00:03,111,-82
55.6089,00:04,111,-101
56.0045,00:02,112,-89
56.0598,00:03,112,-81
56.1072,00:04,112,-101
56.5025,00:02,113,-89
56.5577,00:03,113,-81
56.6096,00:04,113,-101
57.0034,00:02,114,-90
57.0596,00:03,114,-81
57.1077,00:04,114,-101
57.5028,00:02,115,-90
57.558,00:03,115,-81
57.6091,00:04,115,-101
58.0029,00:02,116,-90
58.0596,00:03,116,-80
58.1091,00:04,116,-101
58.503,00:02,117,-90
58.5581,00:03,117,-80
58.6086,00:04,117,-101
59.002,00:02,118,-90
59.0581,00:03,118,-80
59.1078,00:04,118,-101
59.5009,00:02,119,-90
59.5575,00:03,119,-79
59.6081,00:04,119,-101
60.0035,00:02,120,-90
60.0597,00:03,120,-79
60.1086,00:04,120,-101
60.5023,00:02,121,-91
60.5594,00:03,121,-79
60.6082,00:04,121,-101
61.0027,00:02,122,-91
61.0587,00:03,122,-79
61.1095,00:04,122,-101
61.5038,00:02,123,-91
61.5584,00:03,123,-78
61.6088,00:04,123,-101
62.0031,00:02,124,-91
62.059,00:03,124,-78
62.1092,00:04,124,-101
62.5037,00:02,125,-91
62.5598,00:03,125,-78
62.6079,00:04,125,-101
63.0014,00:02,126,-91
63.0598,00:03,126,-77
63.1094,00:04,126,-101
63.5018,00:02,127,-91
63.5598,00:03,127,-77
63.6098,00:04,127,-101
64.0024,00:02,128,-92
64.059,00:03,128,-77
64.1098,00:04,128,-101
64.5023,00:02,129,-92
64.5601,00:03,129,-76
64.6081,00:04,129,-101
65.0045,00:02,130,-92
65.0579,00:03,130,-76
65.1079,00:04,130,-101
65.5038,00:02,131,-92
65.5591,00:03,131,-76
65.6101,00:04,131,-101
66.0037,00:02,132,-92
66.0587,00:03,132,-75
66.1082,00:04,132,-101
66.5038,00:02,133,-92
66.5583,00:03,133,-75
66.6094,00:04,133,-101
67.002,00:02,134,-92
67.0598,00:03,134,-75
67.1093,00:04,134,-101
67.5041,00:02,135,-92
67.5604,00:03,135,-74
67.6102,00:04,135,-101
68.0028,00:02,136,-93
68.0602,00:03,136,-74
68.1093,00:04,136,-101
68.5046,00:02,137,-93
68.559,00:03,137,-74
68.6076,00:04,137,-101
69.001,00:02,138,-93
69.0598,00:03,138,-73
69.109,00:04,138,-101
69.5031,00:02,139,-93
69.5585,00:03,139,-73
69.6109,00:04,139,-101
70.0033,00:02,140,-93
70.0604,00:03,140,-72
70.1075,00:04,140,-101
70.5042,00:02,141,-93
70.5586,00:03,141,-72
70.6071,00:04,141,-101
71.0037,00:02,142,-93
71.0599,00:03,142,-71
71.111,00:04,142,-101
71.5026,00:02,143,-93
71.5582,00:03,143,-71
71.6113,00:04,143,-101
72.0026,00:02,144,-94
72.0593,00:03,144,-71
72.11,00:04,144,-101
72.5022,00:02,145,-94
72.559,00:03,145,-70
72.6081,00:04,145,-101
73.0018,00:02,146,-94
73.061,00:03,146,-70
73.1104,00:04,146,-101
73.5033,00:02,147,-94
73.5584,00:03,147,-70
73.6083,00:04,147,-101
74.0028,00:02,148,-94
74.06,00:03,148,-69
74.1107,00:04,148,-101
74.5039,00:02,149,-94
74.5588,00:03,149,-69
74.6089,00:04,149,-102
75.0022,00:02,150,-94
75.0596,00:03,150,-69
75.11,00:04,150,-102
75.504,00:02,151,-94
75.5596,00:03,151,-68
75.6088,00:04,151,-102
76.0005,00:02,152,-94
76.0584,00:03,152,-68
76.1096,00:04,152,-102
76.5027,00:02,153,-95
76.5593,00:03,153,-68
76.6089,00:04,153,-102
77.002,00:02,154,-95
77.0605,00:03,154,-67
77.1093,00:04,154,-102
77.5033,00:02,155,-95
77.5583,00:03,155,-67
77.6094,00:04,155,-102
78.0025,00:02,156,-95
78.0597,00:03,156,-67
78.1098,00:04,156,-102
78.5024,00:02,157,-95
78.5597,00:03,157,-66
78.6084,00:04,157,-102
79.0016,00:02,158,-95
79.06,00:03,158,-66
79.1078,00:04,158,-102
79.5021,00:02,159,-95
79.5594,00:03,159,-66
79.6086,00:04,159,-102
80.0014,00:02,160,-95
80.0606,00:03,160,-65
80.1092,00:04,160,-102
80.5011,00:02,161,-95
80.5604,00:03,161,-65
80.609,00:04,161,-102
81.0033,00:02,162,-96
81.0609,00:03,162,-64
81.1092,00:04,162,-102
81.5029,00:02,163,-96
81.5606,00:03,163,-64
81.6099,00:04,163,-102
82.0036,00:02,164,-96
82.0596,00:03,164,-63
82.1076,00:04,164,-102
82.5005,00:02,165,-96
82.5576,00:03,165,-63
82.6077,00:04,165,-102
83.002,00:02,166,-96
83.0593,00:03,166,-62
83.1101,00:04,166,-102
83.5018,00:02,167,-96
83.5601,00:03,167,-62
83.6101,00:04,167,-102
84.0019,00:02,168,-96
84.0592,00:03,168,-61
84.1084,00:04,168,-102
84.5014,00:02,169,-96
84.5599,00:03,169,-60
84.6088,00:04,169,-102
85.0021,00:02,170,-96
85.0599,00:03,170,-60
85.1108,00:04,170,-102
85.5018,00:02,171,-97
85.5588,00:03,171,-59
85.6095,00:04,171,-102
86.0035,00:02,172,-97
86.0591,00:03,172,-59
86.1095,00:04,172,-102
86.5024,00:02,173,-97
86.5577,00:03,173,-58
86.609,00:04,173,-102
87.0017,00:02,174,-97
87.0573,00:03,174,-57
87.1082,00:04,174,-102
87.5022,00:02,175,-97
87.5593,00:03,175,-57
87.6088,00:04,175,-102
88.0023,00:02,176,-97
88.0581,00:03,176,-56
88.1096,00:04,176,-102
88.502,00:02,177,-97
88.5603,00:03,177,-56
88.6101,00:04,177,-102
89.0043,00:02,178,-97
89.0595,00:03,178,-55
89.1082,00:04,178,-103
89.502,00:02,179,-97
89.5608,00:03,179,-55
89.6088,00:04,179,-103
90.0025,00:02,180,-97
90.0593,00:03,180,-55
90.108,00:04,180,-103
90.5016,00:02,181,-97
90.5587,00:03,181,-56
90.6106,00:04,181,-103
91.0021,00:02,182,-97
91.0587,00:03,182,-57
91.1102,00:04,182,-102
91.5013,00:02,183,-97
91.5594,00:03,183,-58
91.609,00:04,183,-102
92.0026,00:02,184,-97
92.06,00:03,184,-59
92.1077,00:04,184,-102
92.5027,00:02,185,-97
92.5595,00:03,185,-60
92.6087,00:04,185,-102
93.0041,00:02,186,-97
93.059,00:03,186,-60
93.1106,00:04,186,-102
93.5032,00:02,187,-97
93.5606,00:03,187,-61
93.6101,00:04,187,-102
94.0013,00:02,188,-97
94.0597,00:03,188,-62
94.1084,00:04,188,-102
94.503,00:02,189,-97
94.559,00:03,189,-62
94.6099,00:04,189,-102
95.0012,00:02,190,-97
95.0612,00:03,190,-63
95.111,00:04,190,-102
95.5022,00:02,191,-97
95.5594,00:03,191,-63
95.6088,00:04,191,-102
96.0036,00:02,192,-97
96.0598,00:03,192,-63
96.1092,00:04,192,-102
96.5004,00:02,193,-97
96.5584,00:03,193,-63
96.6107,00:04,193,-102
97.0021,00:02,194,-97
97.0581,00:03,194,-63
97.1103,00:04,194,-102
97.5022,00:02,195,-97
97.5586,00:03,195,-63
97.6099,00:04,195,-102
98.0032,00:02,196,-97
98.0606,00:03,196,-63
98.1097,00:04,196,-102
98.502,00:02,197,-97
98.5605,00:03,197,-63
98.6096,00:04,197,-102
99.0022,00:02,198,-97
99.0601,00:03,198,-63
99.1096,00:04,198,-102
99.5008,00:02,199,-97
99.5606,00:03,199,-64
99.6116,00:04,199,-101
100.004,00:02,200,-97
100.06,00:03,200,-64
100.109,00:04,200,-101
100.503,00:02,201,-97
100.561,00:03,201,-64
100.61,00:04,201,-101
101.003,00:02,202,-97
101.06,00:03,202,-64
101.11,00:04,202,-101
101.504,00:02,203,-96
101.56,00:03,203,-64
101.611,00:04,203,-101
102,00:02,204,-96
102.06,00:03,204,-65
102.109,00:04,204,-101
102.502,00:02,205,-96
102.559,00:03,205,-65
102.611,00:04,205,-101
103.004,00:02,206,-96
103.06,00:03,206,-65
103.108,00:04,206,-101
103.503,00:02,207,-96
103.559,00:03,207,-66
103.609,00:04,207,-101
104,00:02,208,-96
104.059,00:03,208,-66
104.11,00:04,208,-101
104.503,00:02,209,-96
104.559,00:03,209,-66
104.61,00:04,209,-101
105.003,00:02,210,-96
105.059,00:03,210,-67
105.11,00:04,210,-101
105.502,00:02,211,-96
105.561,00:03,211,-67
105.609,00:04,211,-101
106.002,00:02,212,-95
106.06,00:03,212,-67
106.109,00:04,212,-101
106.501,00:02,213,-95
106.561,00:03,213,-67
106.612,00:04,213,-101
107.002,00:02,214,-95
107.06,00:03,214,-68
107.109,00:04,214,-101
107.5,00:02,215,-95
107.561,00:03,215,-68
107.61,00:04,215,-101
108.003,00:02,216,-95
108.061,00:03,216,-68
108.111,00:04,216,-101
108.501,00:02,217,-95
108.561,00:03,217,-69
108.612,00:04,217,-101
109.003,00:02,218,-95
109.058,00:03,218,-69
109.111,00:04,218,-101
109.504,00:02,219,-95
109.56,00:03,219,-69
109.61,00:04,219,-101
110.001,00:02,220,-95
110.059,00:03,220,-69
110.109,00:04,220,-101
110.502,00:02,221,-94
110.559,00:03,221,-70
110.609,00:04,221,-101
111.002,00:02,222,-94
111.06,00:03,222,-70
111.111,00:04,222,-101
111.501,00:02,223,-94
111.559,00:03,223,-70
111.611,00:04,223,-101
112.003,00:02,224,-94
112.061,00:03,224,-70
112.109,00:04,224,-101
112.502,00:02,225,-94
112.561,00:03,225,-71
112.611,00:04,225,-101
113.004,00:02,226,-94
113.06,00:03,226,-71
113.11,00:04,226,-100
113.502,00:02,227,-94
113.56,00:03,227,-72
113.609,00:04,227,-100
114.003,00:02,228,-94
114.06,00:03,228,-72
114.112,00:04,228,-100
114.501,00:02,229,-94
114.56,00:03,229,-72
114.612,00:04,229,-100
115.001,00:02,230,-93
115.059,00:03,230,-73
115.109,00:04,230,-100
115.503,00:02,231,-93
115.558,00:03,231,-73
115.611,00:04,231,-100
116.002,00:02,232,-93
116.059,00:03,232,-73
116.111,00:04,232,-100
116.503,00:02,233,-93
116.56,00:03,233,-74
116.61,00:04,233,-100
117.001,00:02,234,-93
117.061,00:03,234,-74
117.11,00:04,234,-100
117.502,00:02,235,-93
117.56,00:03,235,-75
117.611,00:04,235,-100
118.002,00:02,236,-93
118.059,00:03,236,-75
118.111,00:04,236,-100
118.501,00:02,237,-93
118.558,00:03,237,-75
118.609,00:04,237,-100
119.003,00:02,238,-92
119.059,00:03,238,-76
119.11,00:04,238,-100
119.501,00:02,239,-92
119.56,00:03,239,-76
119.609,00:04,239,-100
120.001,00:02,240,-92
120.06,00:03,240,-76
120.11,00:04,240,-100
120.502,00:02,241,-92
120.561,00:03,241,-77
120.61,00:04,241,-100
121.003,00:02,242,-92
121.059,00:03,242,-77
121.112,00:04,242,-100
121.503,00:02,243,-92
121.558,00:03,243,-77
121.609,00:04,243,-100
122.003,00:02,244,-92
122.06,00:03,244,-78
122.109,00:04,244,-100
122.502,00:02,245,-91
122.56,00:03,245,-78
122.61,00:04,245,-100
123.002,00:02,246,-91
123.059,00:03,246,-78
123.11,00:04,246,-100
123.501,00:02,247,-91
123.559,00:03,247,-78
123.609,00:04,247,-100
124.002,00:02,248,-91
124.06,00:03,248,-79
124.111,00:04,248,-100
124.501,00:02,249,-91
124.559,00:03,249,-79
124.609,00:04,249,-100
125.003,00:02,250,-91
125.062,00:03,250,-79
125.111,00:04,250,-100
125.501,00:02,251,-91
125.559,00:03,251,-80
125.61,00:04,251,-100
126.001,00:02,252,-91
126.059,00:03,252,-80
126.11,00:04,252,-100
126.503,00:02,253,-90
126.561,00:03,253,-80
126.611,00:04,253,-100
127.001,00:02,254,-90
127.06,00:03,254,-80
127.111,00:04,254,-100
127.5,00:02,255,-90
127.562,00:03,255,-81
127.611,00:04,255,-100
128.002,00:02,256,-90
128.06,00:03,256,-81
128.11,00:04,256,-100
128.502,00:02,257,-90
128.56,00:03,257,-81
128.611,00:04,257,-100
129.001,00:02,258,-90
129.06,00:03,258,-81
129.112,00:04,258,-100
129.502,00:02,259,-90
129.561,00:03,259,-82
129.609,00:04,259,-100
130.003,00:02,260,-89
130.06,00:03,260,-82
130.111,00:04,260,-100
130.5,00:02,261,-89
130.561,00:03,261,-82
130.612,00:04,261,-100
131.003,00:02,262,-89
131.062,00:03,262,-82
131.109,00:04,262,-100
131.5,00:02,263,-89
131.56,00:03,263,-83
131.611,00:04,263,-100
132.001,00:02,264,-89
132.06,00:03,264,-83
132.109,00:04,264,-100
132.501,00:02,265,-89
132.558,00:03,265,-83
132.612,00:04,265,-100
133.002,00:02,266,-95
133.061,00:03,266,-90
133.112,00:04,266,-107
133.502,00:02,267,-95
133.562,00:03,267,-90
133.61,00:04,267,-107
134.003,00:02,268,-95
134.06,00:03,268,-91
134.5,00:02,269,-95
134.56,00:03,269,-91
134.611,00:04,269,-107
135.001,00:02,270,-95
135.059,00:03,270,-91
135.11,00:04,270,-107
135.501,00:02,271,-95
135.56,00:03,271,-91
135.611,00:04,271,-107
136.001,00:02,272,-94
136.062,00:03,272,-92
136.111,00:04,272,-107
136.503,00:02,273,-94
136.562,00:03,273,-92
136.612,00:04,273,-107
137.002,00:02,274,-94
137.06,00:03,274,-92
137.111,00:04,274,-107
137.501,00:02,275,-94
137.56,00:03,275,-92
137.612,00:04,275,-107
138,00:02,276,-94
138.06,00:03,276,-92
138.109,00:04,276,-107
138.503,00:02,277,-94
138.559,00:03,277,-93
138.612,00:04,277,-107
139.003,00:02,278,-93
139.059,00:03,278,-93
139.111,00:04,278,-107
139.502,00:02,279,-93
139.561,00:03,279,-93
139.611,00:04,279,-107
140.002,00:02,280,-93
140.06,00:03,280,-93
140.11,00:04,280,-107
140.501,00:02,281,-93
140.559,00:03,281,-93
140.609,00:04,281,-107
141.001,00:02,282,-93
141.06,00:03,282,-93
141.11,00:04,282,-107
141.502,00:02,283,-92
141.56,00:03,283,-94
141.612,00:04,283,-107
142,00:02,284,-92
142.06,00:03,284,-94
142.112,00:04,284,-107
142.501,00:02,285,-92
142.56,00:03,285,-94
142.609,00:04,285,-107
143,00:02,286,-92
143.062,00:03,286,-94
143.111,00:04,286,-107
143.501,00:02,287,-92
143.561,00:03,287,-94
143.61,00:04,287,-107
144.002,00:02,288,-92
144.061,00:03,288,-95
144.11,00:04,288,-107
144.501,00:02,289,-91
144.559,00:03,289,-95
144.612,00:04,289,-107
145,00:02,290,-91
145.06,00:03,290,-95
145.111,00:04,290,-107
145.501,00:02,291,-91
145.56,00:03,291,-95
145.61,00:04,291,-107
146.001,00:02,292,-91
146.06,00:03,292,-95
146.11,00:04,292,-107
146.501,00:02,293,-90
146.562,00:03,293,-95
146.61,00:04,293,-107
147.002,00:02,294,-90
147.06,00:03,294,-96
147.112,00:04,294,-107
147.502,00:02,295,-90
147.561,00:03,295,-96
147.61,00:04,295,-107
148.003,00:02,296,-90
148.062,00:03,296,-96
148.111,00:04,296,-107
148.5,00:02,297,-90
148.56,00:03,297,-96
148.611,00:04,297,-107
149.001,00:02,298,-82
149.06,00:03,298,-89
149.111,00:04,298,-100
149.503,00:02,299,-82
149.561,00:03,299,-89
149.609,00:04,299,-100
150.002,00:02,300,-82
150.06,00:03,300,-90
150.111,00:04,300,-100
150.501,00:02,301,-82
150.559,00:03,301,-90
150.609,00:04,301,-100
151,00:02,302,-81
151.059,00:03,302,-90
151.109,00:04,302,-100
151.503,00:02,303,-81
151.559,00:03,303,-90
151.61,00:04,303,-100
152.001,00:02,304,-81
152.06,00:03,304,-90
152.111,00:04,304,-100
152.501,00:02,305,-81
152.562,00:03,305,-90
152.611,00:04,305,-100
153.001,00:02,306,-81
153.059,00:03,306,-90
153.111,00:04,306,-100
153.499,00:02,307,-80
153.562,00:03,307,-91
153.61,00:04,307,-100
154.002,00:02,308,-80
154.061,00:03,308,-91
154.11,00:04,308,-100
154.503,00:02,309,-80
154.561,00:03,309,-91
154.611,00:04,309,-100
155.002,00:02,310,-79
155.062,00:03,310,-91
155.111,00:04,310,-100
155.5,00:02,311,-79
155.562,00:03,311,-91
155.611,00:04,311,-100
156.002,00:02,312,-79
156.061,00:03,312,-91
156.109,00:04,312,-100
156.502,00:02,313,-79
156.56,00:03,313,-91
156.61,00:04,313,-100
157.003,00:02,314,-78
157.062,00:03,314,-92
157.11,00:04,314,-100
157.502,00:02,315,-78
157.561,00:03,315,-92
157.611,00:04,315,-100
158.002,00:02,316,-78
158.062,00:03,316,-92
158.112,00:04,316,-100
158.501,00:02,317,-78
158.562,00:03,317,-92
158.611,00:04,317,-100
159.003,00:02,318,-77
159.061,00:03,318,-92
159.112,00:04,318,-100
159.501,00:02,319,-77
159.559,00:03,319,-92
159.609,00:04,319,-100
160.001,00:02,320,-77
160.061,00:03,320,-92
160.111,00:04,320,-100
160.502,00:02,321,-76
160.561,00:03,321,-93
160.609,00:04,321,-100
161,00:02,322,-76
161.06,00:03,322,-93
161.111,00:04,322,-100
161.503,00:02,323,-76
161.563,00:03,323,-93
161.609,00:04,323,-100
162,00:02,324,-75
162.061,00:03,324,-93
162.112,00:04,324,-100
162.502,00:02,325,-75
162.56,00:03,325,-93
162.611,00:04,325,-100
163.001,00:02,326,-75
163.06,00:03,326,-93
163.112,00:04,326,-100
163.501,00:02,327,-74
163.561,00:03,327,-93
163.609,00:04,327,-100
164,00:02,328,-74
164.062,00:03,328,-93
164.111,00:04,328,-100
164.501,00:02,329,-74
164.561,00:03,329,-94
164.611,00:04,329,-100
165.001,00:02,330,-73
165.06,00:03,330,-94
165.112,00:04,330,-100
165.501,00:02,331,-73
165.561,00:03,331,-94
165.612,00:04,331,-100
165.999,00:02,332,-73
166.062,00:03,332,-94
166.11,00:04,332,-100
166.5,00:02,333,-72
166.56,00:03,333,-94
166.611,00:04,333,-100
167.001,00:02,334,-72
167.061,00:03,334,-94
167.111,00:04,334,-100
167.501,00:02,335,-72
167.56,00:03,335,-94
167.611,00:04,335,-100
168,00:02,336,-71
168.061,00:03,336,-94
168.113,00:04,336,-100
168.502,00:02,337,-71
168.561,00:03,337,-95
168.61,00:04,337,-100
169,00:02,338,-70
169.062,00:03,338,-95
169.112,00:04,338,-100
169.5,00:02,339,-70
169.56,00:03,339,-95
169.612,00:04,339,-101
170.001,00:02,340,-69
170.061,00:03,340,-95
170.111,00:04,340,-101
170.5,00:02,341,-69
170.561,00:03,341,-95
170.612,00:04,341,-101
171,00:02,342,-69
171.061,00:03,342,-95
171.11,00:04,342,-101
171.5,00:02,343,-69
171.562,00:03,343,-95
171.611,00:04,343,-101
172.002,00:02,344,-68
172.06,00:03,344,-95
172.112,00:04,344,-101
172.501,00:02,345,-68
172.56,00:03,345,-95
172.611,00:04,345,-101
173,00:02,346,-68
173.06,00:03,346,-96
173.112,00:04,346,-101
173.501,00:02,347,-68
173.561,00:03,347,-96
173.61,00:04,347,-101
174.002,00:02,348,-67
174.06,00:03,348,-96
174.112,00:04,348,-101
174.499,00:02,349,-67
174.561,00:03,349,-96
174.612,00:04,349,-101
175.002,00:02,350,-67
175.06,00:03,350,-96
175.11,00:04,350,-101
175.501,00:02,351,-67
175.562,00:03,351,-96
175.611,00:04,351,-101
176.002,00:02,352,-66
176.061,00:03,352,-96
176.11,00:04,352,-101
176.501,00:02,353,-66
176.562,00:03,353,-96
176.61,00:04,353,-101
177.001,00:02,354,-66
177.06,00:03,354,-96
177.112,00:04,354,-101
177.499,00:02,355,-65
177.562,00:03,355,-97
177.611,00:04,355,-101
178.002,00:02,356,-65
178.063,00:03,356,-97
178.112,00:04,356,-101
178.501,00:02,357,-65
178.561,00:03,357,-97
178.612,00:04,357,-101
179.001,00:02,358,-65
179.06,00:03,358,-97
179.111,00:04,358,-101
179.5,00:02,359,-64
179.56,00:03,359,-97
179.61,00:04,359,-101
180,00:02,360,-64
180.061,00:03,360,-97
180.111,00:04,360,-101
180.502,00:02,361,-64
180.561,00:03,361,-97
180.611,00:04,361,-101
181,00:02,362,-63
181.059,00:03,362,-97
181.112,00:04,362,-101
181.501,00:02,363,-63
181.562,00:03,363,-97
181.613,00:04,363,-101
182,00:02,364,-63
182.061,00:03,364,-97
182.111,00:04,364,-101
182.501,00:02,365,-63
182.562,00:03,365,-98
182.61,00:04,365,-102
183.001,00:02,366,-63
183.061,00:03,366,-98
183.112,00:04,366,-102
183.501,00:02,367,-62
183.561,00:03,367,-98
183.611,00:04,367,-102
184.002,00:02,368,-62
184.06,00:03,368,-98
184.112,00:04,368,-102
184.5,00:02,369,-62
184.561,00:03,369,-98
184.611,00:04,369,-102
185,00:02,370,-62
185.062,00:03,370,-98
185.112,00:04,370,-102
185.499,00:02,371,-62
185.561,00:03,371,-98
185.612,00:04,371,-102
186.001,00:02,372,-62
186.061,00:03,372,-98
186.112,00:04,372,-102
186.502,00:02,373,-62
186.562,00:03,373,-98
186.611,00:04,373,-102
187,00:02,374,-63
187.062,00:03,374,-98
187.11,00:04,374,-102
187.502,00:02,375,-63
187.56,00:03,375,-98
187.61,00:04,375,-102
187.999,00:02,376,-64
188.062,00:03,376,-98
188.111,00:04,376,-101
188.502,00:02,377,-64
188.56,00:03,377,-98
188.611,00:04,377,-101
189.001,00:02,378,-65
189.06,00:03,378,-98
189.11,00:04,378,-101
189.501,00:02,379,-65
189.561,00:03,379,-98
189.61,00:04,379,-101
190.001,00:02,380,-66
190.062,00:03,380,-98
190.112,00:04,380,-101
190.502,00:02,381,-66
190.561,00:03,381,-98
190.613,00:04,381,-101
191,00:02,382,-66
191.062,00:03,382,-98
191.111,00:04,382,-101
191.501,00:02,383,-66
191.562,00:03,383,-98
191.613,00:04,383,-101
192.001,00:02,384,-66
192.061,00:03,384,-98
192.11,00:04,384,-101
192.5,00:02,385,-66
192.56,00:03,385,-98
192.61,00:04,385,-101
193,00:02,386,-66
193.06,00:03,386,-98
193.112,00:04,386,-101
193.5,00:02,387,-66
193.562,00:03,387,-98
193.613,00:04,387,-101
194,00:02,388,-67
194.061,00:03,388,-98
194.111,00:04,388,-101
194.501,00:02,389,-67
194.56,00:03,389,-98
194.611,00:04,389,-101
195,00:02,390,-67
195.06,00:03,390,-98
195.11,00:04,390,-101
195.501,00:02,391,-67
195.562,00:03,391,-98
195.613,00:04,391,-101
195.999,00:02,392,-67
196.061,00:03,392,-98
196.111,00:04,392,-101
196.5,00:02,393,-67
196.562,00:03,393,-97
196.612,00:04,393,-101
197,00:02,394,-67
197.062,00:03,394,-97
197.113,00:04,394,-100
197.5,00:02,395,-67
197.562,00:03,395,-97
197.611,00:04,395,-100
198,00:02,396,-67
198.062,00:03,396,-97
198.112,00:04,396,-100
198.5,00:02,397,-67
198.561,00:03,397,-97
198.611,00:04,397,-100
199,00:02,398,-68
199.059,00:03,398,-97
199.111,00:04,398,-100
199.5,00:02,399,-68
199.562,00:03,399,-97
199.61,00:04,399,-100
200.001,00:02,400,-68
200.061,00:03,400,-97
200.112,00:04,400,-100
200.5,00:02,401,-68
200.56,00:03,401,-97
200.611,00:04,401,-100
201.002,00:02,402,-68
201.062,00:03,402,-97
201.113,00:04,402,-100
201.5,00:02,403,-68
201.562,00:03,403,-96
201.612,00:04,403,-100
202,00:02,404,-69
202.062,00:03,404,-96
202.111,00:04,404,-100
202.502,00:02,405,-69
202.561,00:03,405,-96
202.612,00:04,405,-100
202.999,00:02,406,-69
203.06,00:03,406,-96
203.111,00:04,406,-100
203.502,00:02,407,-69
203.56,00:03,407,-96
203.612,00:04,407,-100
204.001,00:02,408,-69
204.061,00:03,408,-96
204.113,00:04,408,-100
204.5,00:02,409,-70
204.562,00:03,409,-96
204.611,00:04,409,-100
205.001,00:02,410,-70
205.06,00:03,410,-96
205.111,00:04,410,-100
205.5,00:02,411,-70
205.56,00:03,411,-96
205.612,00:04,411,-100
206,00:02,412,-71
206.06,00:03,412,-96
206.112,00:04,412,-100
206.5,00:02,413,-71
206.561,00:03,413,-95
206.611,00:04,413,-100
207.001,00:02,414,-71
207.061,00:03,414,-95
207.112,00:04,414,-100
207.5,00:02,415,-72
207.561,00:03,415,-95
207.61,00:04,415,-100
208.001,00:02,416,-72
208.063,00:03,416,-95
208.111,00:04,416,-100
208.5,00:02,417,-72
208.562,00:03,417,-95
208.612,00:04,417,-100
209.001,00:02,418,-73
209.061,00:03,418,-95
209.112,00:04,418,-100
209.501,00:02,419,-73
209.56,00:03,419,-95
209.612,00:04,419,-99
209.999,00:02,420,-73
210.061,00:03,420,-95
210.113,00:04,420,-99
210.5,00:02,421,-73
210.562,00:03,421,-94
210.612,00:04,421,-99
211,00:02,422,-74
211.06,00:03,422,-94
211.111,00:04,422,-99
211.5,00:02,423,-74
211.56,00:03,423,-94
211.611,00:04,423,-99
212.001,00:02,424,-74
212.06,00:03,424,-94
212.113,00:04,424,-99
212.5,00:02,425,-75
212.561,00:03,425,-94
212.612,00:04,425,-99
213,00:02,426,-75
213.061,00:03,426,-94
213.111,00:04,426,-99
213.5,00:02,427,-75
213.563,00:03,427,-94
213.611,00:04,427,-99
213.999,00:02,428,-76
214.061,00:03,428,-94
214.112,00:04,428,-99
214.5,00:02,429,-76
214.562,00:03,429,-94
214.611,00:04,429,-99
215.002,00:02,430,-76
215.061,00:03,430,-93
215.113,00:04,430,-99
215.499,00:02,431,-76
215.562,00:03,431,-93
215.612,00:04,431,-99
216,00:02,432,-77
216.06,00:03,432,-93
216.11,00:04,432,-99
216.501,00:02,433,-77
216.56,00:03,433,-93
216.614,00:04,433,-99
217,00:02,434,-77
217.061,00:03,434,-93
217.113,00:04,434,-99
217.499,00:02,435,-78
217.562,00:03,435,-93
217.612,00:04,435,-99
218,00:02,436,-78
218.061,00:03,436,-93
218.113,00:04,436,-99
218.501,00:02,437,-78
218.56,00:03,437,-92
218.614,00:04,437,-99
219.001,00:02,438,-78
219.062,00:03,438,-92
219.111,00:04,438,-99
219.499,00:02,439,-79
219.561,00:03,439,-92
219.612,00:04,439,-99
219.998,00:02,440,-79
220.062,00:03,440,-92
220.112,00:04,440,-99
220.501,00:02,441,-79
220.56,00:03,441,-92
220.611,00:04,441,-99
221.001,00:02,442,-79
221.061,00:03,442,-92
221.113,00:04,442,-99
221.501,00:02,443,-80
221.562,00:03,443,-92
221.61,00:04,443,-99
222.001,00:02,444,-80
222.06,00:03,444,-92
222.112,00:04,444,-99
222.501,00:02,445,-80
222.561,00:03,445,-91
222.613,00:04,445,-99
223,00:02,446,-80
223.06,00:03,446,-91
223.112,00:04,446,-99
223.501,00:02,447,-81
223.56,00:03,447,-91
223.612,00:04,447,-99
224,00:02,448,-81
224.06,00:03,448,-91
224.11,00:04,448,-99
224.501,00:02,449,-81
224.56,00:03,449,-91
224.614,00:04,449,-99
224.999,00:02,450,-81
225.061,00:03,450,-91
225.112,00:04,450,-99
225.499,00:02,451,-81
225.561,00:03,451,-91
225.611,00:04,451,-99
225.999,00:02,452,-82
226.063,00:03,452,-90
226.111,00:04,452,-99
226.501,00:02,453,-82
226.562,00:03,453,-90
226.613,00:04,453,-99
226.999,00:02,454,-82
227.064,00:03,454,-90
227.112,00:04,454,-99
227.499,00:02,455,-82
227.562,00:03,455,-90
227.612,00:04,455,-99
228.002,00:02,456,-83
228.061,00:03,456,-90
228.111,00:04,456,-99
228.5,00:02,457,-83
228.561,00:03,457,-90
228.612,00:04,457,-99
229,00:02,458,-83
229.06,00:03,458,-90
229.112,00:04,458,-99
229.499,00:02,459,-83
229.561,00:03,459,-89
229.613,00:04,459,-99
229.999,00:02,460,-83
230.062,00:03,460,-89
230.113,00:04,460,-99
230.502,00:02,461,-84
230.56,00:03,461,-89
230.612,00:04,461,-98
231,00:02,462,-84
231.061,00:03,462,-89
231.111,00:04,462,-98
231.499,00:02,463,-84
231.56,00:03,463,-89
231.612,00:04,463,-98
232.001,00:02,464,-84
232.062,00:03,464,-89
232.112,00:04,464,-98
232.499,00:02,465,-84
232.562,00:03,465,-88
232.611,00:04,465,-98
232.999,00:02,466,-85
233.061,00:03,466,-88
233.112,00:04,466,-98
233.499,00:02,467,-85
233.563,00:03,467,-88
233.613,00:04,467,-98
234,00:02,468,-85
234.062,00:03,468,-88
234.114,00:04,468,-98
234.5,00:02,469,-85
234.563,00:03,469,-88
234.614,00:04,469,-98
235.001,00:02,470,-85
235.061,00:03,470,-88
235.112,00:04,470,-98
235.501,00:02,471,-86
235.561,00:03,471,-87
235.614,00:04,471,-98
236.001,00:02,472,-86
236.06,00:03,472,-87
236.112,00:04,472,-98
236.501,00:02,473,-86
236.561,00:03,473,-87
236.612,00:04,473,-98
236.999,00:02,474,-86
237.062,00:03,474,-87
237.112,00:04,474,-98
237.501,00:02,475,-86
237.561,00:03,475,-87
237.611,00:04,475,-98
237.999,00:02,476,-86
238.062,00:03,476,-86
238.113,00:04,476,-98
238.499,00:02,477,-87
238.561,00:03,477,-86
238.612,00:04,477,-98
239,00:02,478,-87
239.063,00:03,478,-86
239.114,00:04,478,-98
239.499,00:02,479,-87
239.561,00:03,479,-86
239.614,00:04,479,-98
239.998,00:02,480,-87
240.06,00:03,480,-86
240.112,00:04,480,-98
240.5,00:02,481,-87
240.561,00:03,481,-86
240.612,00:04,481,-98
240.998,00:02,482,-87
241.062,00:03,482,-85
241.112,00:04,482,-98
241.5,00:02,483,-88
241.563,00:03,483,-85
241.612,00:04,483,-98
242.002,00:02,484,-88
242.062,00:03,484,-85
242.114,00:04,484,-98
242.5,00:02,485,-88
242.56,00:03,485,-85
242.613,00:04,485,-98
243,00:02,486,-88
243.064,00:03,486,-85
243.112,00:04,486,-98
243.498,00:02,487,-88
243.562,00:03,487,-84
243.614,00:04,487,-98
244,00:02,488,-88
244.064,00:03,488,-84
244.113,00:04,488,-99
244.5,00:02,489,-89
244.562,00:03,489,-84
244.612,00:04,489,-99
244.999,00:02,490,-89
245.063,00:03,490,-84
245.112,00:04,490,-99
245.499,00:02,491,-89
245.562,00:03,491,-84
245.614,00:04,491,-99
246,00:02,492,-89
246.062,00:03,492,-83
246.111,00:04,492,-99
246.498,00:02,493,-89
246.563,00:03,493,-83
246.612,00:04,493,-99
247,00:02,494,-89
247.063,00:03,494,-83
247.112,00:04,494,-99
247.5,00:02,495,-89
247.561,00:03,495,-83
247.611,00:04,495,-99
248,00:02,496,-90
248.063,00:03,496,-82
248.113,00:04,496,-99
248.501,00:02,497,-90
248.563,00:03,497,-82
248.612,00:04,497,-99
249,00:02,498,-90
249.062,00:03,498,-82
249.111,00:04,498,-99
249.499,00:02,499,-90
249.563,00:03,499,-82
249.613,00:04,499,-99
249.998,00:02,500,-90
250.063,00:03,500,-82
250.111,00:04,500,-99
250.499,00:02,501,-90
250.561,00:03,501,-81
250.611,00:04,501,-99
251,00:02,502,-90
251.061,00:03,502,-81
251.112,00:04,502,-99
251.5,00:02,503,-91
251.561,00:03,503,-81
251.612,00:04,503,-99
252.001,00:02,504,-91
252.064,00:03,504,-81
252.111,00:04,504,-99
252.5,00:02,505,-91
252.562,00:03,505,-80
252.612,00:04,505,-99
252.999,00:02,506,-91
253.063,00:03,506,-80
253.112,00:04,506,-99
253.498,00:02,507,-91
253.562,00:03,507,-80
253.612,00:04,507,-99
253.999,00:02,508,-91
254.062,00:03,508,-80
254.113,00:04,508,-99
254.498,00:02,509,-91
254.562,00:03,509,-79
254.613,00:04,509,-99
254.998,00:02,510,-92
255.06,00:03,510,-79
255.111,00:04,510,-99
255.499,00:02,511,-92
255.562,00:03,511,-79
255.613,00:04,511,-99
256.001,00:02,512,-92
256.061,00:03,512,-79
256.113,00:04,512,-99
256.5,00:02,513,-92
256.562,00:03,513,-78
256.613,00:04,513,-99
256.999,00:02,514,-92
257.061,00:03,514,-78
257.112,00:04,514,-99
257.5,00:02,515,-92
257.563,00:03,515,-78
257.612,00:04,515,-99
257.999,00:02,516,-92
258.063,00:03,516,-77
258.114,00:04,516,-99
258.5,00:02,517,-92
258.563,00:03,517,-77
258.612,00:04,517,-99
259,00:02,518,-93
259.064,00:03,518,-77
259.112,00:04,518,-99
259.5,00:02,519,-93
259.561,00:03,519,-77
259.613,00:04,519,-99
260.001,00:02,520,-93
260.062,00:03,520,-76
260.113,00:04,520,-99
260.499,00:02,521,-93
260.56,00:03,521,-76
260.613,00:04,521,-99
261,00:02,522,-93
261.063,00:03,522,-76
261.115,00:04,522,-99
261.498,00:02,523,-93
261.563,00:03,523,-75
261.612,00:04,523,-99
262,00:02,524,-93
262.062,00:03,524,-75
262.114,00:04,524,-99
262.5,00:02,525,-93
262.563,00:03,525,-75
262.611,00:04,525,-99
262.999,00:02,526,-94
263.062,00:03,526,-75
263.112,00:04,526,-99
263.498,00:02,527,-94
263.562,00:03,527,-74
263.611,00:04,527,-99
263.998,00:02,528,-94
264.062,00:03,528,-74
264.112,00:04,528,-99
264.499,00:02,529,-94
264.562,00:03,529,-74
264.614,00:04,529,-99
265,00:02,530,-94
265.063,00:03,530,-73
265.112,00:04,530,-100
265.499,00:02,531,-94
265.562,00:03,531,-73
265.611,00:04,531,-100
265.998,00:02,532,-94
266.064,00:03,532,-73
266.112,00:04,532,-100
266.5,00:02,533,-94
266.563,00:03,533,-72
266.612,00:04,533,-100
266.999,00:02,534,-95
267.062,00:03,534,-72
267.112,00:04,534,-100
267.499,00:02,535,-95
267.563,00:03,535,-72
267.613,00:04,535,-100
267.999,00:02,536,-95
268.061,00:03,536,-71
268.112,00:04,536,-100
268.499,00:02,537,-95
268.562,00:03,537,-71
268.614,00:04,537,-100
269,00:02,538,-95
269.062,00:03,538,-71
269.114,00:04,538,-100
269.499,00:02,539,-95
269.562,00:03,539,-70
269.613,00:04,539,-100
269.999,00:02,540,-95
270.064,00:03,540,-70
270.113,00:04,540,-100
270.5,00:02,541,-95
270.562,00:03,541,-70
270.613,00:04,541,-100
270.999,00:02,542,-95
271.062,00:03,542,-70
271.113,00:04,542,-100
271.5,00:02,543,-95
271.562,00:03,543,-70
271.613,00:04,543,-100
271.998,00:02,544,-96
272.061,00:03,544,-69
272.114,00:04,544,-100
272.5,00:02,545,-96
272.561,00:03,545,-69
272.613,00:04,545,-100
272.999,00:02,546,-96
273.062,00:03,546,-69
273.112,00:04,546,-100
273.501,00:02,547,-96
273.561,00:03,547,-69
273.612,00:04,547,-100
273.999,00:02,548,-96
274.064,00:03,548,-69
274.111,00:04,548,-100
274.498,00:02,549,-96
274.562,00:03,549,-69
274.613,00:04,549,-100
275,00:02,550,-96
275.063,00:03,550,-68
275.113,00:04,550,-100
275.498,00:02,551,-96
275.562,00:03,551,-68
275.612,00:04,551,-100
275.999,00:02,552,-96
276.063,00:03,552,-68
276.114,00:04,552,-100
276.498,00:02,553,-97
276.563,00:03,553,-68
276.613,00:04,553,-100
277,00:02,554,-97
277.063,00:03,554,-68
277.113,00:04,554,-101
277.499,00:02,555,-97
277.563,00:03,555,-68
277.614,00:04,555,-101
278.001,00:02,556,-97
278.063,00:03,556,-68
278.112,00:04,556,-101
278.5,00:02,557,-97
278.564,00:03,557,-68
278.613,00:04,557,-101
278.999,00:02,558,-97
279.061,00:03,558,-67
279.112,00:04,558,-101
279.5,00:02,559,-97
279.562,00:03,559,-67
279.614,00:04,559,-101
280,00:02,560,-97
280.063,00:03,560,-67
280.113,00:04,560,-101
280.497,00:02,561,-97
280.562,00:03,561,-67
280.612,00:04,561,-101
280.999,00:02,562,-97
281.061,00:03,562,-67
281.114,00:04,562,-101
281.497,00:02,563,-98
281.562,00:03,563,-67
281.614,00:04,563,-101
281.999,00:02,564,-98
282.063,00:03,564,-67
282.114,00:04,564,-101
282.499,00:02,565,-98
282.563,00:03,565,-68
282.613,00:04,565,-101
282.998,00:02,566,-98
283.063,00:03,566,-68
283.111,00:04,566,-101
283.499,00:02,567,-98
283.562,00:03,567,-68
283.613,00:04,567,-101
284,00:02,568,-98
284.062,00:03,568,-69
284.112,00:04,568,-101
284.499,00:02,569,-98
284.563,00:03,569,-69
284.613,00:04,569,-101
285,00:02,570,-98
285.063,00:03,570,-69
285.114,00:04,570,-100
285.498,00:02,571,-98
285.563,00:03,571,-70
285.613,00:04,571,-100
286,00:02,572,-98
286.063,00:03,572,-70
286.113,00:04,572,-100
286.499,00:02,573,-98
286.563,00:03,573,-70
286.611,00:04,573,-100
287.001,00:02,574,-98
287.061,00:03,574,-70
287.112,00:04,574,-100
287.499,00:02,575,-98
287.563,00:03,575,-70
287.612,00:04,575,-100
287.999,00:02,576,-98
288.063,00:03,576,-70
288.112,00:04,576,-100
288.499,00:02,577,-98
288.563,00:03,577,-70
288.613,00:04,577,-100
289,00:02,578,-98
289.063,00:03,578,-70
289.111,00:04,578,-100
289.498,00:02,579,-97
289.564,00:03,579,-70
289.615,00:04,579,-100
289.999,00:02,580,-97
290.063,00:03,580,-70
290.113,00:04,580,-100
290.499,00:02,581,-97
290.565,00:03,581,-71
290.612,00:04,581,-100
290.998,00:02,582,-97
291.062,00:03,582,-71
291.112,00:04,582,-100
291.498,00:02,583,-97
291.563,00:03,583,-71
291.612,00:04,583,-100
291.999,00:02,584,-97
292.062,00:03,584,-71
292.113,00:04,584,-100
292.499,00:02,585,-97
292.565,00:03,585,-71
292.613,00:04,585,-100
292.998,00:02,586,-97
293.061,00:03,586,-71
293.114,00:04,586,-100
293.499,00:02,587,-97
293.563,00:03,587,-71
293.613,00:04,587,-100
294,00:02,588,-97
294.061,00:03,588,-71
294.113,00:04,588,-99
294.498,00:02,589,-97
294.565,00:03,589,-71
294.613,00:04,589,-99
295.001,00:02,590,-96
295.061,00:03,590,-72
295.113,00:04,590,-99
295.5,00:02,591,-96
295.562,00:03,591,-72
295.614,00:04,591,-99
296,00:02,592,-96
296.062,00:03,592,-72
296.114,00:04,592,-99
296.499,00:02,593,-96
296.562,00:03,593,-72
296.613,00:04,593,-99
296.999,00:02,594,-96
297.062,00:03,594,-72
297.114,00:04,594,-99
297.498,00:02,595,-96
297.563,00:03,595,-73
297.613,00:04,595,-99
298,00:02,596,-96
298.064,00:03,596,-73
298.114,00:04,596,-99
298.497,00:02,597,-96
298.564,00:03,597,-73
298.612,00:04,597,-99
298.999,00:02,598,-96
299.062,00:03,598,-73
299.114,00:04,598,-99
299.498,00:02,599,-95
299.563,00:03,599,-73
299.614,00:04,599,-99
299.997,00:02,600,-95
300.062,00:03,600,-74
300.115,00:04,600,-99
300.5,00:02,601,-95
300.564,00:03,601,-74
300.614,00:04,601,-99
300.999,00:02,602,-95
301.063,00:03,602,-74
301.113,00:04,602,-99
301.499,00:02,603,-95
301.562,00:03,603,-74
301.612,00:04,603,-99
302,00:02,604,-95
302.063,00:03,604,-74
302.114,00:04,604,-99
302.498,00:02,605,-95
302.563,00:03,605,-75
302.612,00:04,605,-99
302.998,00:02,606,-95
303.063,00:03,606,-75
303.112,00:04,606,-99
303.498,00:02,607,-95
303.564,00:03,607,-75
303.613,00:04,607,-99
303.999,00:02,608,-95
304.063,00:03,608,-75
304.114,00:04,608,-99
304.499,00:02,609,-94
304.561,00:03,609,-76
304.614,00:04,609,-99
304.998,00:02,610,-94
305.063,00:03,610,-76
305.113,00:04,610,-98
305.499,00:02,611,-94
305.563,00:03,611,-76
305.613,00:04,611,-98
305.998,00:02,612,-94
306.062,00:03,612,-76
306.113,00:04,612,-98
306.498,00:02,613,-94
306.564,00:03,613,-77
306.614,00:04,613,-98
306.999,00:02,614,-94
307.061,00:03,614,-77
307.114,00:04,614,-98
307.498,00:02,615,-94
307.561,00:03,615,-77
307.614,00:04,615,-98
307.998,00:02,616,-94
308.062,00:03,616,-77
308.113,00:04,616,-98
308.499,00:02,617,-93
308.564,00:03,617,-78
308.613,00:04,617,-98
309,00:02,618,-93
309.063,00:03,618,-78
309.113,00:04,618,-98
309.498,00:02,619,-93
309.563,00:03,619,-78
309.613,00:04,619,-98
309.998,00:02,620,-93
310.062,00:03,620,-78
310.114,00:04,620,-98
310.499,00:02,621,-93
310.563,00:03,621,-78
310.614,00:04,621,-98
310.999,00:02,622,-93
311.062,00:03,622,-79
311.112,00:04,622,-98
311.498,00:02,623,-93
311.563,00:03,623,-79
311.613,00:04,623,-98
312,00:02,624,-93
312.063,00:03,624,-79
312.115,00:04,624,-98
312.498,00:02,625,-93
312.563,00:03,625,-79
312.614,00:04,625,-98
312.998,00:02,626,-92
313.064,00:03,626,-80
313.114,00:04,626,-98
313.497,00:02,627,-92
313.563,00:03,627,-80
313.615,00:04,627,-98
313.999,00:02,628,-92
314.064,00:03,628,-80
314.113,00:04,628,-98
314.498,00:02,629,-92
314.562,00:03,629,-80
314.614,00:04,629,-98
315,00:02,630,-92
315.064,00:03,630,-81
315.114,00:04,630,-98
315.498,00:02,631,-92
315.564,00:03,631,-81
315.614,00:04,631,-98
315.999,00:02,632,-92
316.065,00:03,632,-81
316.114,00:04,632,-98
316.498,00:02,633,-92
316.563,00:03,633,-81
316.614,00:04,633,-98
316.998,00:02,634,-91
317.064,00:03,634,-81
317.115,00:04,634,-98
317.499,00:02,635,-91
317.564,00:03,635,-82
317.614,00:04,635,-98
317.999,00:02,636,-91
318.064,00:03,636,-82
318.113,00:04,636,-98
318.5,00:02,637,-91
318.561,00:03,637,-82
318.612,00:04,637,-98
318.997,00:02,638,-91
319.063,00:03,638,-82
319.114,00:04,638,-98
319.498,00:02,639,-91
319.565,00:03,639,-82
319.614,00:04,639,-98
319.999,00:02,640,-91
320.064,00:03,640,-83
320.115,00:04,640,-98
320.497,00:02,641,-90
320.563,00:03,641,-83
320.615,00:04,641,-98
320.998,00:02,642,-90
321.064,00:03,642,-83
321.115,00:04,642,-97
321.5,00:02,643,-90
321.563,00:03,643,-83
321.612,00:04,643,-97
321.998,00:02,644,-90
322.064,00:03,644,-83
322.113,00:04,644,-97
322.497,00:02,645,-90
322.563,00:03,645,-84
322.613,00:04,645,-97
323,00:02,646,-90
323.063,00:03,646,-84
323.114,00:04,646,-97
323.497,00:02,647,-90
323.563,00:03,647,-84
323.612,00:04,647,-97
323.998,00:02,648,-89
324.063,00:03,648,-84
324.113,00:04,648,-97
324.497,00:02,649,-89
324.562,00:03,649,-84
324.614,00:04,649,-97
324.998,00:02,650,-89
325.065,00:03,650,-85
325.112,00:04,650,-97
325.496,00:02,651,-89
325.563,00:03,651,-85
325.614,00:04,651,-97
325.997,00:02,652,-89
326.063,00:03,652,-85
326.113,00:04,652,-97
326.497,00:02,653,-89
326.564,00:03,653,-85
326.612,00:04,653,-97
326.998,00:02,654,-89
327.064,00:03,654,-89
327.116,00:04,654,-101
327.498,00:02,655,-92
327.561,00:03,655,-90
327.614,00:04,655,-101
327.999,00:02,656,-92
328.064,00:03,656,-90
328.115,00:04,656,-101
328.499,00:02,657,-92
328.561,00:03,657,-90
328.613,00:04,657,-101
328.997,00:02,658,-92
329.061,00:03,658,-90
329.113,00:04,658,-101
329.498,00:02,659,-92
329.563,00:03,659,-90
329.614,00:04,659,-101
329.999,00:02,660,-92
330.062,00:03,660,-90
330.113,00:04,660,-101
330.496,00:02,661,-91
330.563,00:03,661,-91
330.613,00:04,661,-101
330.998,00:02,662,-91
331.062,00:03,662,-91
331.114,00:04,662,-101
331.498,00:02,663,-91
331.562,00:03,663,-91
331.614,00:04,663,-101
331.999,00:02,664,-91
332.064,00:03,664,-91
332.115,00:04,664,-101
332.499,00:02,665,-91
332.563,00:03,665,-91
332.615,00:04,665,-101
332.998,00:02,666,-91
333.065,00:03,666,-91
333.114,00:04,666,-101
333.499,00:02,667,-91
333.565,00:03,667,-92
333.615,00:04,667,-101
334,00:02,668,-90
334.064,00:03,668,-92
334.113,00:04,668,-101
334.499,00:02,669,-90
334.563,00:03,669,-92
334.613,00:04,669,-101
334.997,00:02,670,-90
335.064,00:03,670,-92
335.113,00:04,670,-101
335.499,00:02,671,-90
335.564,00:03,671,-92
335.614,00:04,671,-101
335.998,00:02,672,-90
336.064,00:03,672,-92
336.113,00:04,672,-101
336.497,00:02,673,-89
336.564,00:03,673,-93
336.614,00:04,673,-101
336.999,00:02,674,-89
337.065,00:03,674,-93
337.113,00:04,674,-101
337.497,00:02,675,-89
337.563,00:03,675,-93
337.614,00:04,675,-101
337.997,00:02,676,-89
338.065,00:03,676,-93
338.114,00:04,676,-101
338.499,00:02,677,-89
338.565,00:03,677,-93
338.613,00:04,677,-101
338.996,00:02,678,-89
339.063,00:03,678,-89
339.116,00:04,678,-97
339.5,00:02,679,-84
339.564,00:03,679,-90
339.614,00:04,679,-97
339.998,00:02,680,-84
340.064,00:03,680,-90
340.114,00:04,680,-97
340.499,00:02,681,-84
340.563,00:03,681,-90
340.613,00:04,681,-97
340.998,00:02,682,-84
341.063,00:03,682,-90
341.115,00:04,682,-97
341.498,00:02,683,-84
341.563,00:03,683,-90
341.616,00:04,683,-97
341.999,00:02,684,-83
342.065,00:03,684,-90
342.113,00:04,684,-97
342.499,00:02,685,-83
342.565,00:03,685,-90
342.615,00:04,685,-97
342.998,00:02,686,-83
343.064,00:03,686,-91
343.113,00:04,686,-97
343.499,00:02,687,-83
343.564,00:03,687,-91
343.615,00:04,687,-97
343.998,00:02,688,-83
344.063,00:03,688,-91
344.115,00:04,688,-97
344.498,00:02,689,-82
344.564,00:03,689,-91
344.614,00:04,689,-97
344.997,00:02,690,-82
345.065,00:03,690,-91
345.115,00:04,690,-98
345.497,00:02,691,-82
345.564,00:03,691,-91
345.615,00:04,691,-98
345.998,00:02,692,-82
346.063,00:03,692,-91
346.115,00:04,692,-98
346.497,00:02,693,-82
346.563,00:03,693,-92
346.615,00:04,693,-98
346.999,00:02,694,-81
347.063,00:03,694,-92
347.113,00:04,694,-98
347.499,00:02,695,-81
347.564,00:03,695,-92
347.614,00:04,695,-98
347.999,00:02,696,-81
348.063,00:03,696,-92
348.113,00:04,696,-98
348.498,00:02,697,-81
348.562,00:03,697,-92
348.615,00:04,697,-98
348.998,00:02,698,-81
349.064,00:03,698,-92
349.114,00:04,698,-98
349.497,00:02,699,-80
349.564,00:03,699,-92
349.614,00:04,699,-98
350,00:02,700,-80
350.065,00:03,700,-92
350.114,00:04,700,-98
350.499,00:02,701,-80
350.563,00:03,701,-93
350.613,00:04,701,-98
351,00:02,702,-80
351.064,00:03,702,-93
351.113,00:04,702,-98
351.498,00:02,703,-80
351.563,00:03,703,-93
351.615,00:04,703,-98
351.998,00:02,704,-79
352.065,00:03,704,-93
352.115,00:04,704,-98
352.498,00:02,705,-79
352.562,00:03,705,-93
352.614,00:04,705,-98
352.997,00:02,706,-79
353.065,00:03,706,-93
353.115,00:04,706,-98
353.496,00:02,707,-79
353.562,00:03,707,-93
353.613,00:04,707,-98
353.999,00:02,708,-78
354.063,00:03,708,-93
354.114,00:04,708,-98
354.499,00:02,709,-78
354.564,00:03,709,-94
354.613,00:04,709,-98
354.998,00:02,710,-78
355.064,00:03,710,-94
355.113,00:04,710,-98
355.497,00:02,711,-78
355.562,00:03,711,-94
355.614,00:04,711,-98
355.998,00:02,712,-77
356.064,00:03,712,-94
356.114,00:04,712,-98
356.499,00:02,713,-77
356.564,00:03,713,-94
356.614,00:04,713,-98
356.998,00:02,714,-77
357.065,00:03,714,-94
357.113,00:04,714,-98
357.496,00:02,715,-77
357.562,00:03,715,-94
357.615,00:04,715,-98
357.998,00:02,716,-76
358.063,00:03,716,-94
358.115,00:04,716,-98
358.498,00:02,717,-76
358.564,00:03,717,-95
358.615,00:04,717,-98
358.998,00:02,718,-76
359.063,00:03,718,-95
359.113,00:04,718,-98
359.499,00:02,719,-76
359.562,00:03,719,-95
359.614,00:04,719,-98
359.997,00:02,720,-76
360.064,00:03,720,-95
360.115,00:04,720,-98
360.497,00:02,721,-75
360.565,00:03,721,-95
360.614,00:04,721,-98
360.996,00:02,722,-75
361.064,00:03,722,-99
361.114,00:04,722,-102
361.498,00:02,723,-79
361.565,00:03,723,-99
361.615,00:04,723,-103
361.997,00:02,724,-79
362.063,00:03,724,-99
362.113,00:04,724,-103
362.497,00:02,725,-78
362.564,00:03,725,-99
362.615,00:04,725,-103
362.998,00:02,726,-78
363.066,00:03,726,-100
363.114,00:04,726,-103
363.499,00:02,727,-78
363.565,00:03,727,-100
363.613,00:04,727,-103
363.999,00:02,728,-78
364.064,00:03,728,-100
364.116,00:04,728,-103
364.497,00:02,729,-77
364.564,00:03,729,-100
364.614,00:04,729,-103
364.997,00:02,730,-77
365.065,00:03,730,-96
365.115,00:04,730,-99
365.498,00:02,731,-73
365.565,00:03,731,-96
365.614,00:04,731,-99
365.998,00:02,732,-73
366.064,00:03,732,-96
366.114,00:04,732,-99
366.499,00:02,733,-73
366.564,00:03,733,-96
366.614,00:04,733,-99
366.999,00:02,734,-72
367.064,00:03,734,-96
367.114,00:04,734,-99
367.498,00:02,735,-72
367.563,00:03,735,-96
367.614,00:04,735,-99
367.999,00:02,736,-72
368.065,00:03,736,-97
368.115,00:04,736,-99
368.499,00:02,737,-72
368.563,00:03,737,-97
368.616,00:04,737,-99
368.996,00:02,738,-72
369.065,00:03,738,-97
369.115,00:04,738,-99
369.497,00:02,739,-71
369.563,00:03,739,-97
369.615,00:04,739,-99
369.999,00:02,740,-71
370.064,00:03,740,-97
370.114,00:04,740,-99
370.498,00:02,741,-71
370.565,00:03,741,-97
370.614,00:04,741,-99
370.997,00:02,742,-71
371.064,00:03,742,-97
371.114,00:04,742,-99
371.497,00:02,743,-71
371.563,00:03,743,-97
371.614,00:04,743,-99
371.997,00:02,744,-70
372.063,00:03,744,-97
372.116,00:04,744,-100
372.496,00:02,745,-70
372.564,00:03,745,-98
372.616,00:04,745,-100
372.997,00:02,746,-70
373.065,00:03,746,-98
373.117,00:04,746,-100
373.498,00:02,747,-70
373.564,00:03,747,-98
373.614,00:04,747,-100
373.998,00:02,748,-70
374.063,00:03,748,-98
374.115,00:04,748,-100
374.497,00:02,749,-70
374.565,00:03,749,-98
374.615,00:04,749,-100
374.998,00:02,750,-70
375.065,00:03,750,-98
375.114,00:04,750,-100
375.497,00:02,751,-70
375.565,00:03,751,-98
375.615,00:04,751,-100
375.996,00:02,752,-70
376.064,00:03,752,-98
376.115,00:04,752,-100
376.499,00:02,753,-70
376.565,00:03,753,-98
376.615,00:04,753,-100
376.998,00:02,754,-70
377.065,00:03,754,-98
377.115,00:04,754,-100
377.498,00:02,755,-70
377.562,00:03,755,-98
377.614,00:04,755,-100
377.997,00:02,756,-70
378.064,00:03,756,-99
378.115,00:04,756,-100
378.495,00:02,757,-70
378.564,00:03,757,-99
378.615,00:04,757,-100
378.997,00:02,758,-71
379.064,00:03,758,-99
379.115,00:04,758,-100
379.497,00:02,759,-71
379.564,00:03,759,-99
379.616,00:04,759,-100
379.998,00:02,760,-71
380.064,00:03,760,-99
380.114,00:04,760,-100
380.496,00:02,761,-72
380.565,00:03,761,-99
380.614,00:04,761,-100
380.998,00:02,762,-72
381.063,00:03,762,-99
381.115,00:04,762,-100
381.497,00:02,763,-73
381.566,00:03,763,-99
381.615,00:04,763,-99
381.998,00:02,764,-73
382.064,00:03,764,-99
382.116,00:04,764,-99
382.497,00:02,765,-73
382.565,00:03,765,-99
382.615,00:04,765,-99
382.997,00:02,766,-74
383.064,00:03,766,-99
383.116,00:04,766,-99
383.498,00:02,767,-74
383.565,00:03,767,-99
383.613,00:04,767,-99
383.996,00:02,768,-74
384.065,00:03,768,-99
384.114,00:04,768,-99
384.495,00:02,769,-74
384.563,00:03,769,-99
384.616,00:04,769,-99
384.997,00:02,770,-74
385.066,00:03,770,-99
385.115,00:04,770,-99
385.498,00:02,771,-74
385.563,00:03,771,-98
385.614,00:04,771,-99
385.997,00:02,772,-74
386.065,00:03,772,-98
386.115,00:04,772,-99
386.498,00:02,773,-74
386.565,00:03,773,-98
386.614,00:04,773,-99
386.998,00:02,774,-74
387.064,00:03,774,-98
387.117,00:04,774,-99
387.498,00:02,775,-74
387.563,00:03,775,-98
387.614,00:04,775,-99
387.998,00:02,776,-74
388.065,00:03,776,-98
388.115,00:04,776,-99
388.497,00:02,777,-74
388.564,00:03,777,-98
388.613,00:04,777,-99
388.996,00:02,778,-74
389.064,00:03,778,-98
389.115,00:04,778,-99
389.499,00:02,779,-74
389.565,00:03,779,-98
389.616,00:04,779,-99
389.996,00:02,780,-74
390.066,00:03,780,-98
390.114,00:04,780,-99
390.495,00:02,781,-74
390.565,00:03,781,-98
390.617,00:04,781,-98
390.997,00:02,782,-75
391.064,00:03,782,-97
391.115,00:04,782,-98
391.496,00:02,783,-75
391.566,00:03,783,-97
391.615,00:04,783,-98
391.997,00:02,784,-75
392.063,00:03,784,-97
392.115,00:04,784,-98
392.497,00:02,785,-75
392.565,00:03,785,-97
392.614,00:04,785,-98
392.998,00:02,786,-75
393.063,00:03,786,-97
393.115,00:04,786,-98
393.497,00:02,787,-75
393.563,00:03,787,-97
393.616,00:04,787,-98
393.997,00:02,788,-75
394.064,00:03,788,-97
394.114,00:04,788,-98
394.498,00:02,789,-75
394.565,00:03,789,-97
394.616,00:04,789,-98
394.996,00:02,790,-76
395.065,00:03,790,-97
395.115,00:04,790,-98
395.497,00:02,791,-76
395.564,00:03,791,-97
395.615,00:04,791,-98
395.997,00:02,792,-76
396.063,00:03,792,-96
396.116,00:04,792,-98
396.498,00:02,793,-76
396.564,00:03,793,-96
396.613,00:04,793,-98
396.998,00:02,794,-76
397.064,00:03,794,-100
397.116,00:04,794,-102
397.498,00:02,795,-80
397.566,00:03,795,-100
397.615,00:04,795,-102
397.996,00:02,796,-81
398.065,00:03,796,-100
398.114,00:04,796,-102
398.497,00:02,797,-81
398.565,00:03,797,-100
398.615,00:04,797,-102
398.998,00:02,798,-81
399.066,00:03,798,-100
399.114,00:04,798,-102
399.497,00:02,799,-81
399.563,00:03,799,-100
399.615,00:04,799,-102
399.998,00:02,800,-81
400.065,00:03,800,-100
400.115,00:04,800,-101
400.495,00:02,801,-81
400.564,00:03,801,-99
400.614,00:04,801,-101
400.996,00:02,802,-82
401.063,00:03,802,-95
401.115,00:04,802,-97
401.497,00:02,803,-78
401.563,00:03,803,-95
401.615,00:04,803,-97
401.997,00:02,804,-78
402.066,00:03,804,-95
402.114,00:04,804,-97
402.497,00:02,805,-78
402.566,00:03,805,-95
402.614,00:04,805,-97
402.996,00:02,806,-78
403.065,00:03,806,-95
403.115,00:04,806,-97
403.499,00:02,807,-78
403.564,00:03,807,-95
403.615,00:04,807,-97
403.996,00:02,808,-79
404.065,00:03,808,-95
404.117,00:04,808,-97
404.497,00:02,809,-79
404.565,00:03,809,-95
404.616,00:04,809,-97
404.997,00:02,810,-79
405.064,00:03,810,-94
405.115,00:04,810,-97
405.498,00:02,811,-79
405.564,00:03,811,-94
405.615,00:04,811,-97
405.996,00:02,812,-79
406.066,00:03,812,-94
406.116,00:04,812,-97
406.496,00:02,813,-80
406.566,00:03,813,-94
406.615,00:04,813,-97
406.996,00:02,814,-80
407.065,00:03,814,-94
407.115,00:04,814,-97
407.498,00:02,815,-80
407.566,00:03,815,-94
407.615,00:04,815,-97
407.997,00:02,816,-80
408.066,00:03,816,-94
408.114,00:04,816,-97
408.496,00:02,817,-80
408.564,00:03,817,-94
408.616,00:04,817,-97
408.997,00:02,818,-81
409.066,00:03,818,-94
409.117,00:04,818,-97
409.498,00:02,819,-81
409.563,00:03,819,-93
409.616,00:04,819,-97
409.997,00:02,820,-81
410.064,00:03,820,-93
410.115,00:04,820,-97
410.496,00:02,821,-81
410.564,00:03,821,-93
410.615,00:04,821,-97
410.998,00:02,822,-81
411.065,00:03,822,-93
411.115,00:04,822,-97
411.497,00:02,823,-81
411.565,00:03,823,-93
411.615,00:04,823,-97
411.995,00:02,824,-82
412.064,00:03,824,-93
412.116,00:04,824,-97
412.497,00:02,825,-82
412.564,00:03,825,-93
412.616,00:04,825,-97
412.995,00:02,826,-82
413.066,00:03,826,-93
413.116,00:04,826,-96
413.498,00:02,827,-82
413.565,00:03,827,-92
413.615,00:04,827,-96
413.997,00:02,828,-82
414.065,00:03,828,-92
414.115,00:04,828,-96
414.498,00:02,829,-83
414.566,00:03,829,-92
414.616,00:04,829,-96
414.996,00:02,830,-83
415.064,00:03,830,-92
415.114,00:04,830,-96
415.495,00:02,831,-83
415.563,00:03,831,-92
415.616,00:04,831,-96
415.997,00:02,832,-83
416.066,00:03,832,-92
416.117,00:04,832,-96
416.497,00:02,833,-83
416.564,00:03,833,-92
416.615,00:04,833,-96
416.996,00:02,834,-83
417.067,00:03,834,-92
417.115,00:04,834,-96
417.496,00:02,835,-84
417.567,00:03,835,-91
417.615,00:04,835,-96
417.998,00:02,836,-84
418.066,00:03,836,-91
418.115,00:04,836,-96
418.496,00:02,837,-84
418.565,00:03,837,-91
418.615,00:04,837,-96
418.996,00:02,838,-84
419.066,00:03,838,-91
419.116,00:04,838,-96
419.498,00:02,839,-84
419.564,00:03,839,-91
419.615,00:04,839,-96
419.996,00:02,840,-84
420.066,00:03,840,-91
420.116,00:04,840,-96
420.497,00:02,841,-85
420.564,00:03,841,-91
420.616,00:04,841,-96
420.995,00:02,842,-85
421.066,00:03,842,-90
421.116,00:04,842,-96
421.497,00:02,843,-85
421.566,00:03,843,-90
421.614,00:04,843,-96
421.997,00:02,844,-85
422.066,00:03,844,-90
422.115,00:04,844,-96
422.497,00:02,845,-85
422.564,00:03,845,-90
422.614,00:04,845,-96
422.996,00:02,846,-85
423.065,00:03,846,-94
423.115,00:04,846,-100
423.496,00:02,847,-90
423.565,00:03,847,-94
423.616,00:04,847,-100
423.996,00:02,848,-90
424.067,00:03,848,-94
424.115,00:04,848,-100
424.495,00:02,849,-90
424.563,00:03,849,-94
424.616,00:04,849,-100
424.997,00:02,850,-90
425.065,00:03,850,-93
425.116,00:04,850,-100
425.496,00:02,851,-90
425.563,00:03,851,-93
425.616,00:04,851,-100
425.995,00:02,852,-90
426.064,00:03,852,-93
426.114,00:04,852,-100
426.498,00:02,853,-91
426.566,00:03,853,-93
426.615,00:04,853,-100
426.998,00:02,854,-91
427.066,00:03,854,-93
427.115,00:04,854,-100
427.496,00:02,855,-91
427.564,00:03,855,-93
427.617,00:04,855,-100
427.996,00:02,856,-91
428.066,00:03,856,-92
428.115,00:04,856,-100
428.497,00:02,857,-91
428.566,00:03,857,-92
428.615,00:04,857,-100
428.996,00:02,858,-91
429.065,00:03,858,-92
429.116,00:04,858,-100
429.496,00:02,859,-92
429.564,00:03,859,-92
429.617,00:04,859,-100
429.998,00:02,860,-92
430.064,00:03,860,-92
430.116,00:04,860,-100
430.497,00:02,861,-92
430.564,00:03,861,-92
430.614,00:04,861,-100
430.996,00:02,862,-92
431.064,00:03,862,-92
431.116,00:04,862,-100
431.496,00:02,863,-92
431.565,00:03,863,-91
431.616,00:04,863,-100
431.997,00:02,864,-92
432.065,00:03,864,-91
432.116,00:04,864,-100
432.498,00:02,865,-92
432.565,00:03,865,-91
432.615,00:04,865,-100
432.996,00:02,866,-93
433.065,00:03,866,-91
433.115,00:04,866,-100
433.497,00:02,867,-93
433.564,00:03,867,-91
433.615,00:04,867,-100
433.995,00:02,868,-93
434.065,00:03,868,-91
434.115,00:04,868,-100
434.497,00:02,869,-93
434.564,00:03,869,-90
434.617,00:04,869,-100
434.995,00:02,870,-93
435.065,00:03,870,-86
435.115,00:04,870,-96
435.497,00:02,871,-89
435.565,00:03,871,-86
435.615,00:04,871,-96
435.995,00:02,872,-89
436.065,00:03,872,-86
436.115,00:04,872,-96
436.497,00:02,873,-90
436.565,00:03,873,-86
436.617,00:04,873,-96
436.996,00:02,874,-90
437.066,00:03,874,-86
437.115,00:04,874,-96
437.496,00:02,875,-90
437.566,00:03,875,-85
437.616,00:04,875,-96
437.995,00:02,876,-90
438.065,00:03,876,-85
438.117,00:04,876,-96
438.495,00:02,877,-90
438.567,00:03,877,-85
438.615,00:04,877,-96
438.997,00:02,878,-90
439.065,00:03,878,-85
439.116,00:04,878,-96
439.496,00:02,879,-90
439.564,00:03,879,-85
439.616,00:04,879,-96
439.995,00:02,880,-91
440.064,00:03,880,-85
440.116,00:04,880,-96
440.496,00:02,881,-91
440.567,00:03,881,-84
440.616,00:04,881,-96
440.998,00:02,882,-91
441.067,00:03,882,-84
441.114,00:04,882,-96
441.496,00:02,883,-91
441.564,00:03,883,-84
441.617,00:04,883,-96
441.997,00:02,884,-91
442.066,00:03,884,-84
442.116,00:04,884,-96
442.496,00:02,885,-91
442.565,00:03,885,-84
442.617,00:04,885,-96
442.996,00:02,886,-91
443.065,00:03,886,-83
443.116,00:04,886,-96
443.496,00:02,887,-91
443.566,00:03,887,-83
443.617,00:04,887,-96
443.996,00:02,888,-92
444.067,00:03,888,-83
444.116,00:04,888,-96
444.497,00:02,889,-92
444.567,00:03,889,-83
444.616,00:04,889,-96
444.996,00:02,890,-92
445.065,00:03,890,-83
445.117,00:04,890,-97
445.495,00:02,891,-92
445.566,00:03,891,-83
445.616,00:04,891,-97
445.997,00:02,892,-92
446.066,00:03,892,-82
446.115,00:04,892,-97
446.497,00:02,893,-92
446.564,00:03,893,-82
446.616,00:04,893,-97
446.997,00:02,894,-92
447.065,00:03,894,-82
447.116,00:04,894,-97
447.495,00:02,895,-92
447.567,00:03,895,-82
447.616,00:04,895,-97
447.996,00:02,896,-93
448.066,00:03,896,-82
448.116,00:04,896,-97
448.496,00:02,897,-93
448.564,00:03,897,-81
448.617,00:04,897,-97
448.995,00:02,898,-93
449.066,00:03,898,-81
449.114,00:04,898,-97
449.497,00:02,899,-93
449.565,00:03,899,-81
449.615,00:04,899,-97
449.996,00:02,900,-93
450.066,00:03,900,-81
450.117,00:04,900,-97
450.497,00:02,901,-93
450.565,00:03,901,-81
450.615,00:04,901,-97
450.995,00:02,902,-93
451.065,00:03,902,-81
451.115,00:04,902,-97
451.497,00:02,903,-93
451.565,00:03,903,-80
451.618,00:04,903,-97
451.996,00:02,904,-93
452.066,00:03,904,-80
452.116,00:04,904,-97
452.497,00:02,905,-94
452.564,00:03,905,-80
452.616,00:04,905,-97
452.997,00:02,906,-94
453.066,00:03,906,-80
453.118,00:04,906,-97
453.496,00:02,907,-94
453.566,00:03,907,-80
453.616,00:04,907,-97
453.996,00:02,908,-94
454.065,00:03,908,-79
454.117,00:04,908,-97
454.495,00:02,909,-94
454.566,00:03,909,-79
454.614,00:04,909,-97
454.996,00:02,910,-94
455.066,00:03,910,-79
455.117,00:04,910,-97
455.497,00:02,911,-94
455.566,00:03,911,-79
455.615,00:04,911,-97
455.996,00:02,912,-94
456.065,00:03,912,-79
456.117,00:04,912,-97
456.496,00:02,913,-94
456.566,00:03,913,-78
456.616,00:04,913,-97
456.996,00:02,914,-95
457.066,00:03,914,-82
457.116,00:04,914,-101
457.497,00:02,915,-99
457.567,00:03,915,-82
457.617,00:04,915,-101
457.997,00:02,916,-99
458.066,00:03,916,-82
458.116,00:04,916,-102
458.495,00:02,917,-99
458.565,00:03,917,-82
458.616,00:04,917,-102
458.998,00:02,918,-99
459.064,00:03,918,-82
459.117,00:04,918,-102
459.497,00:02,919,-99
459.567,00:03,919,-81
459.615,00:04,919,-102
459.998,00:02,920,-99
460.067,00:03,920,-81
460.117,00:04,920,-102
460.496,00:02,921,-99
460.567,00:03,921,-81
460.616,00:04,921,-102
460.994,00:02,922,-99
461.065,00:03,922,-77
461.115,00:04,922,-98
461.497,00:02,923,-96
461.564,00:03,923,-77
461.616,00:04,923,-98
461.997,00:02,924,-96
462.066,00:03,924,-77
462.116,00:04,924,-98
462.495,00:02,925,-96
462.566,00:03,925,-76
462.616,00:04,925,-98
462.997,00:02,926,-96
463.065,00:03,926,-76
463.117,00:04,926,-98
463.496,00:02,927,-96
463.565,00:03,927,-76
463.616,00:04,927,-98
463.996,00:02,928,-96
464.065,00:03,928,-76
464.116,00:04,928,-98
464.497,00:02,929,-96
464.565,00:03,929,-76
464.617,00:04,929,-98
464.994,00:02,930,-96
465.067,00:03,930,-76
465.116,00:04,930,-98
465.496,00:02,931,-96
465.566,00:03,931,-76
465.616,00:04,931,-98
465.995,00:02,932,-96
466.066,00:03,932,-76
466.116,00:04,932,-98
466.497,00:02,933,-97
466.566,00:03,933,-75
466.618,00:04,933,-98
466.996,00:02,934,-97
467.065,00:03,934,-75
467.114,00:04,934,-98
467.495,00:02,935,-97
467.566,00:03,935,-75
467.617,00:04,935,-99
467.997,00:02,936,-97
468.066,00:03,936,-75
468.116,00:04,936,-99
468.496,00:02,937,-97
468.566,00:03,937,-75
468.616,00:04,937,-99
468.998,00:02,938,-97
469.065,00:03,938,-75
469.116,00:04,938,-99
469.494,00:02,939,-97
469.565,00:03,939,-75
469.616,00:04,939,-99
469.997,00:02,940,-97
470.064,00:03,940,-75
470.117,00:04,940,-99
470.495,00:02,941,-97
470.565,00:03,941,-75
470.616,00:04,941,-99
470.997,00:02,942,-97
471.066,00:03,942,-75
471.116,00:04,942,-99
471.496,00:02,943,-98
471.566,00:03,943,-75
471.617,00:04,943,-99
471.995,00:02,944,-98
472.066,00:03,944,-75
472.116,00:04,944,-99
472.497,00:02,945,-98
472.567,00:03,945,-75
472.618,00:04,945,-99
472.995,00:02,946,-98
473.064,00:03,946,-75
473.117,00:04,946,-99
473.496,00:02,947,-98
473.567,00:03,947,-75
473.617,00:04,947,-99
473.996,00:02,948,-98
474.067,00:03,948,-75
474.116,00:04,948,-99
474.496,00:02,949,-98
474.567,00:03,949,-75
474.615,00:04,949,-99
474.995,00:02,950,-98
475.066,00:03,950,-75
475.118,00:04,950,-99
475.497,00:02,951,-98
475.564,00:03,951,-76
475.616,00:04,951,-99
475.997,00:02,952,-98
476.066,00:03,952,-76
476.117,00:04,952,-99
476.497,00:02,953,-98
476.565,00:03,953,-76
476.616,00:04,953,-99
476.995,00:02,954,-98
477.067,00:03,954,-77
477.116,00:04,954,-99
477.495,00:02,955,-98
477.565,00:03,955,-77
477.616,00:04,955,-99
477.996,00:02,956,-98
478.065,00:03,956,-77
478.116,00:04,956,-99
478.497,00:02,957,-98
478.567,00:03,957,-78
478.617,00:04,957,-98
478.995,00:02,958,-98
479.066,00:03,958,-78
479.116,00:04,958,-98
479.495,00:02,959,-98
479.565,00:03,959,-78
479.618,00:04,959,-98
479.995,00:02,960,-98
480.067,00:03,960,-78
480.117,00:04,960,-98
480.497,00:02,961,-98
480.568,00:03,961,-78
480.616,00:04,961,-98
480.994,00:02,962,-98
481.065,00:03,962,-78
481.117,00:04,962,-98
481.495,00:02,963,-98
481.566,00:03,963,-78
481.616,00:04,963,-98
481.996,00:02,964,-98
482.066,00:03,964,-78
482.117,00:04,964,-98
482.497,00:02,965,-98
482.566,00:03,965,-78
482.617,00:04,965,-98
482.995,00:02,966,-98
483.067,00:03,966,-78
483.117,00:04,966,-98
483.495,00:02,967,-98
483.566,00:03,967,-78
483.618,00:04,967,-98
483.995,00:02,968,-98
484.065,00:03,968,-78
484.118,00:04,968,-98
484.495,00:02,969,-97
484.565,00:03,969,-78
484.616,00:04,969,-98
484.996,00:02,970,-97
485.066,00:03,970,-78
485.118,00:04,970,-98
485.495,00:02,971,-97
485.566,00:03,971,-78
485.616,00:04,971,-98
485.996,00:02,972,-97
486.065,00:03,972,-78
486.117,00:04,972,-98
486.496,00:02,973,-97
486.567,00:03,973,-78
486.617,00:04,973,-97
486.995,00:02,974,-97
487.066,00:03,974,-79
487.118,00:04,974,-97
487.496,00:02,975,-97
487.565,00:03,975,-79
487.616,00:04,975,-97
487.994,00:02,976,-97
488.066,00:03,976,-79
488.116,00:04,976,-97
488.496,00:02,977,-97
488.565,00:03,977,-79
488.617,00:04,977,-97
488.995,00:02,978,-97
489.067,00:03,978,-79
489.117,00:04,978,-97
489.493,00:02,979,-96
489.565,00:03,979,-79
489.618,00:04,979,-97
489.997,00:02,980,-96
490.068,00:03,980,-79
490.119,00:04,980,-97
490.495,00:02,981,-96
490.567,00:03,981,-79
490.617,00:04,981,-97
490.996,00:02,982,-96
491.065,00:03,982,-79
491.116,00:04,982,-97
491.494,00:02,983,-96
491.567,00:03,983,-79
491.617,00:04,983,-97
491.996,00:02,984,-96
492.065,00:03,984,-79
492.116,00:04,984,-97
492.495,00:02,985,-96
492.567,00:03,985,-80
492.618,00:04,985,-97
492.994,00:02,986,-96
493.066,00:03,986,-84
493.116,00:04,986,-101
493.496,00:02,987,-100
493.567,00:03,987,-84
493.616,00:04,987,-101
493.995,00:02,988,-100
494.065,00:03,988,-84
494.115,00:04,988,-101
494.496,00:02,989,-99
494.567,00:03,989,-84
494.617,00:04,989,-101
494.995,00:02,990,-99
495.067,00:03,990,-84
495.115,00:04,990,-100
495.497,00:02,991,-99
495.565,00:03,991,-84
495.619,00:04,991,-100
495.996,00:02,992,-99
496.066,00:03,992,-84
496.116,00:04,992,-100
496.496,00:02,993,-99
496.566,00:03,993,-85
496.618,00:04,993,-100
496.996,00:02,994,-99
497.065,00:03,994,-81
497.116,00:04,994,-96
497.494,00:02,995,-95
497.567,00:03,995,-81
497.618,00:04,995,-96
497.997,00:02,996,-95
498.065,00:03,996,-81
498.117,00:04,996,-96
498.495,00:02,997,-95
498.566,00:03,997,-81
498.617,00:04,997,-96
498.994,00:02,998,-95
499.066,00:03,998,-81
499.116,00:04,998,-96
499.495,00:02,999,-94
499.566,00:03,999,-81
499.618,00:04,999,-96
499.994,00:02,1000,-94
500.064,00:03,1000,-82
500.117,00:04,1000,-96
500.494,00:02,1001,-94
500.568,00:03,1001,-82
500.616,00:04,1001,-96
500.994,00:02,1002,-94
501.064,00:03,1002,-82
501.117,00:04,1002,-96
501.496,00:02,1003,-94
501.568,00:03,1003,-82
501.616,00:04,1003,-96
501.994,00:02,1004,-94
502.067,00:03,1004,-82
502.119,00:04,1004,-96
502.495,00:02,1005,-94
502.567,00:03,1005,-82
502.617,00:04,1005,-96
502.995,00:02,1006,-94
503.066,00:03,1006,-82
503.118,00:04,1006,-96
503.496,00:02,1007,-94
503.566,00:03,1007,-83
503.619,00:04,1007,-96
503.995,00:02,1008,-93
504.065,00:03,1008,-83
504.117,00:04,1008,-96
504.495,00:02,1009,-93
504.566,00:03,1009,-83
504.618,00:04,1009,-96
504.994,00:02,1010,-93
505.066,00:03,1010,-83
505.116,00:04,1010,-96
505.495,00:02,1011,-93
505.565,00:03,1011,-83
505.618,00:04,1011,-95
505.994,00:02,1012,-93
506.066,00:03,1012,-83
506.117,00:04,1012,-95
506.495,00:02,1013,-93
506.565,00:03,1013,-84
506.618,00:04,1013,-95
506.997,00:02,1014,-93
507.067,00:03,1014,-84
507.117,00:04,1014,-95
507.495,00:02,1015,-93
507.565,00:03,1015,-84
507.618,00:04,1015,-95
507.994,00:02,1016,-93
508.066,00:03,1016,-84
508.117,00:04,1016,-95
508.496,00:02,1017,-92
508.567,00:03,1017,-84
508.617,00:04,1017,-95
508.995,00:02,1018,-92
509.065,00:03,1018,-84
509.117,00:04,1018,-95
509.495,00:02,1019,-92
509.565,00:03,1019,-84
509.616,00:04,1019,-95
509.995,00:02,1020,-92
510.066,00:03,1020,-85
510.117,00:04,1020,-95
510.493,00:02,1021,-92
510.567,00:03,1021,-85
510.617,00:04,1021,-95
510.994,00:02,1022,-92
511.067,00:03,1022,-85
511.116,00:04,1022,-95
511.497,00:02,1023,-92
511.566,00:03,1023,-85
511.616,00:04,1023,-95
511.996,00:02,1024,-92
512.066,00:03,1024,-85
512.118,00:04,1024,-95
512.497,00:02,1025,-91
512.566,00:03,1025,-85
512.616,00:04,1025,-95
512.994,00:02,1026,-91
513.066,00:03,1026,-86
513.116,00:04,1026,-95
513.496,00:02,1027,-91
513.567,00:03,1027,-86
513.618,00:04,1027,-95
513.996,00:02,1028,-91
514.065,00:03,1028,-86
514.119,00:04,1028,-95
514.496,00:02,1029,-91
514.567,00:03,1029,-86
514.616,00:04,1029,-95
514.994,00:02,1030,-91
515.066,00:03,1030,-86
515.117,00:04,1030,-95
515.497,00:02,1031,-91
515.566,00:03,1031,-86
515.617,00:04,1031,-95
515.995,00:02,1032,-91
516.066,00:03,1032,-86
516.117,00:04,1032,-95
516.497,00:02,1033,-90
516.564,00:03,1033,-87
516.617,00:04,1033,-95
516.996,00:02,1034,-90
517.066,00:03,1034,-87
517.118,00:04,1034,-95
517.495,00:02,1035,-90
517.567,00:03,1035,-87
517.616,00:04,1035,-95
517.995,00:02,1036,-90
518.067,00:03,1036,-87
518.119,00:04,1036,-95
518.496,00:02,1037,-90
518.566,00:03,1037,-87
518.617,00:04,1037,-95
518.994,00:02,1038,-90
519.068,00:03,1038,-91
519.117,00:04,1038,-99
519.494,00:02,1039,-94
519.567,00:03,1039,-91
519.616,00:04,1039,-99
519.994,00:02,1040,-94
520.068,00:03,1040,-92
520.118,00:04,1040,-99
520.494,00:02,1041,-93
520.567,00:03,1041,-92
520.617,00:04,1041,-99
520.995,00:02,1042,-93
521.065,00:03,1042,-92
521.118,00:04,1042,-99
521.496,00:02,1043,-93
521.566,00:03,1043,-92
521.617,00:04,1043,-99
521.994,00:02,1044,-93
522.068,00:03,1044,-92
522.117,00:04,1044,-99
522.496,00:02,1045,-93
522.568,00:03,1045,-92
522.617,00:04,1045,-99
522.995,00:02,1046,-93
523.064,00:03,1046,-92
523.117,00:04,1046,-99
523.494,00:02,1047,-93
523.565,00:03,1047,-93
523.618,00:04,1047,-99
523.994,00:02,1048,-93
524.065,00:03,1048,-93
524.118,00:04,1048,-99
524.496,00:02,1049,-92
524.568,00:03,1049,-93
524.617,00:04,1049,-99
524.995,00:02,1050,-92
525.066,00:03,1050,-93
525.117,00:04,1050,-99
525.494,00:02,1051,-92
525.568,00:03,1051,-93
525.616,00:04,1051,-99
525.996,00:02,1052,-92
526.067,00:03,1052,-93
526.116,00:04,1052,-99
526.495,00:02,1053,-92
526.567,00:03,1053,-93
526.616,00:04,1053,-99
526.995,00:02,1054,-92
527.067,00:03,1054,-94
527.116,00:04,1054,-99
527.493,00:02,1055,-92
527.567,00:03,1055,-94
527.619,00:04,1055,-99
527.994,00:02,1056,-91
528.066,00:03,1056,-94
528.117,00:04,1056,-99
528.497,00:02,1057,-91
528.566,00:03,1057,-94
528.617,00:04,1057,-99
528.993,00:02,1058,-91
529.067,00:03,1058,-94
529.118,00:04,1058,-99
529.496,00:02,1059,-91
529.566,00:03,1059,-94
529.618,00:04,1059,-99
529.995,00:02,1060,-91
530.066,00:03,1060,-94
530.119,00:04,1060,-99
530.494,00:02,1061,-91
530.567,00:03,1061,-95
530.619,00:04,1061,-99
530.995,00:02,1062,-91
531.067,00:03,1062,-91
531.116,00:04,1062,-95
531.494,00:02,1063,-86
531.567,00:03,1063,-91
531.618,00:04,1063,-95
531.995,00:02,1064,-86
532.068,00:03,1064,-91
532.117,00:04,1064,-95
532.494,00:02,1065,-86
532.567,00:03,1065,-91
532.619,00:04,1065,-95
532.995,00:02,1066,-86
533.067,00:03,1066,-91
533.116,00:04,1066,-95
533.495,00:02,1067,-86
533.568,00:03,1067,-91
533.618,00:04,1067,-95
533.995,00:02,1068,-86
534.066,00:03,1068,-91
534.118,00:04,1068,-95
534.496,00:02,1069,-85
534.567,00:03,1069,-92
534.616,00:04,1069,-95
534.995,00:02,1070,-85
535.066,00:03,1070,-92
535.119,00:04,1070,-95
535.494,00:02,1071,-85
535.567,00:03,1071,-92
535.617,00:04,1071,-95
535.996,00:02,1072,-85
536.067,00:03,1072,-92
536.117,00:04,1072,-95
536.496,00:02,1073,-85
536.568,00:03,1073,-92
536.617,00:04,1073,-95
536.994,00:02,1074,-85
537.068,00:03,1074,-92
537.118,00:04,1074,-95
537.494,00:02,1075,-85
537.566,00:03,1075,-92
537.617,00:04,1075,-95
537.996,00:02,1076,-84
538.067,00:03,1076,-92
538.117,00:04,1076,-95
538.495,00:02,1077,-84
538.566,00:03,1077,-93
538.617,00:04,1077,-95
538.994,00:02,1078,-84
539.066,00:03,1078,-93
539.119,00:04,1078,-95
539.495,00:02,1079,-84
539.567,00:03,1079,-93
539.619,00:04,1079,-95
539.995,00:02,1080,-84
540.067,00:03,1080,-93
540.119,00:04,1080,-95
540.494,00:02,1081,-84
540.566,00:03,1081,-93
540.617,00:04,1081,-95
540.995,00:02,1082,-83
541.066,00:03,1082,-93
541.117,00:04,1082,-95
541.495,00:02,1083,-83
541.567,00:03,1083,-93
541.619,00:04,1083,-95
541.994,00:02,1084,-83
542.068,00:03,1084,-93
542.119,00:04,1084,-95
542.493,00:02,1085,-83
542.566,00:03,1085,-93
542.616,00:04,1085,-95
542.994,00:02,1086,-83
543.066,00:03,1086,-94
543.117,00:04,1086,-95
543.497,00:02,1087,-83
543.567,00:03,1087,-94
543.62,00:04,1087,-95
543.995,00:02,1088,-83
544.065,00:03,1088,-94
544.117,00:04,1088,-95
544.493,00:02,1089,-82
544.566,00:03,1089,-94
544.617,00:04,1089,-95
544.994,00:02,1090,-82
545.065,00:03,1090,-94
545.119,00:04,1090,-96
545.494,00:02,1091,-82
545.565,00:03,1091,-94
545.617,00:04,1091,-96
545.993,00:02,1092,-82
546.066,00:03,1092,-94
546.117,00:04,1092,-96
546.495,00:02,1093,-82
546.565,00:03,1093,-94
546.619,00:04,1093,-96
546.994,00:02,1094,-82
547.067,00:03,1094,-94
547.117,00:04,1094,-96
547.494,00:02,1095,-81
547.566,00:03,1095,-95
547.618,00:04,1095,-96
547.995,00:02,1096,-81
548.066,00:03,1096,-95
548.12,00:04,1096,-96
548.495,00:02,1097,-81
548.566,00:03,1097,-95
548.619,00:04,1097,-96
548.995,00:02,1098,-81
549.068,00:03,1098,-95
549.117,00:04,1098,-96
549.494,00:02,1099,-81
549.565,00:03,1099,-95
549.618,00:04,1099,-96
549.994,00:02,1100,-81
550.065,00:03,1100,-95
550.118,00:04,1100,-96
550.494,00:02,1101,-81
550.568,00:03,1101,-95
550.616,00:04,1101,-96
550.995,00:02,1102,-80
551.067,00:03,1102,-95
551.119,00:04,1102,-96
551.495,00:02,1103,-80
551.568,00:03,1103,-95
551.619,00:04,1103,-96
551.996,00:02,1104,-80
552.068,00:03,1104,-96
552.116,00:04,1104,-96
552.494,00:02,1105,-80
552.567,00:03,1105,-96
552.618,00:04,1105,-96
552.994,00:02,1106,-80
553.068,00:03,1106,-100
553.117,00:04,1106,-100
553.495,00:02,1107,-84
553.567,00:03,1107,-100
553.617,00:04,1107,-100
553.996,00:02,1108,-84
554.068,00:03,1108,-100
554.117,00:04,1108,-100
554.495,00:02,1109,-83
554.567,00:03,1109,-100
554.618,00:04,1109,-100
554.994,00:02,1110,-83
555.068,00:03,1110,-100
555.118,00:04,1110,-101
555.496,00:02,1111,-83
555.568,00:03,1111,-100
555.619,00:04,1111,-101
555.995,00:02,1112,-83
556.067,00:03,1112,-100
556.119,00:04,1112,-101
556.496,00:02,1113,-83
556.567,00:03,1113,-100
556.619,00:04,1113,-101
556.993,00:02,1114,-83
557.068,00:03,1114,-97
557.119,00:04,1114,-97
557.495,00:02,1115,-79
557.568,00:03,1115,-97
557.617,00:04,1115,-97
557.994,00:02,1116,-79
558.066,00:03,1116,-97
558.117,00:04,1116,-97
558.495,00:02,1117,-79
558.567,00:03,1117,-97
558.62,00:04,1117,-97
558.993,00:02,1118,-78
559.066,00:03,1118,-97
559.117,00:04,1118,-97
559.494,00:02,1119,-78
559.567,00:03,1119,-97
559.617,00:04,1119,-97
559.996,00:02,1120,-78
560.066,00:03,1120,-97
560.117,00:04,1120,-97
560.494,00:02,1121,-78
560.566,00:03,1121,-97
560.619,00:04,1121,-97
560.994,00:02,1122,-78
561.066,00:03,1122,-97
561.119,00:04,1122,-97
561.493,00:02,1123,-78
561.568,00:03,1123,-97
561.619,00:04,1123,-97
561.994,00:02,1124,-78
562.067,00:03,1124,-98
562.119,00:04,1124,-97
562.494,00:02,1125,-78
562.567,00:03,1125,-98
562.617,00:04,1125,-97
562.996,00:02,1126,-78
563.067,00:03,1126,-98
563.118,00:04,1126,-97
563.494,00:02,1127,-78
563.567,00:03,1127,-98
563.619,00:04,1127,-98
563.996,00:02,1128,-78
564.067,00:03,1128,-98
564.118,00:04,1128,-98
564.494,00:02,1129,-78
564.567,00:03,1129,-98
564.619,00:04,1129,-98
564.995,00:02,1130,-77
565.067,00:03,1130,-98
565.117,00:04,1130,-98
565.495,00:02,1131,-77
565.568,00:03,1131,-98
565.618,00:04,1131,-98
565.996,00:02,1132,-77
566.068,00:03,1132,-98
566.117,00:04,1132,-98
566.494,00:02,1133,-77
566.569,00:03,1133,-98
566.618,00:04,1133,-98
566.994,00:02,1134,-77
567.068,00:03,1134,-98
567.117,00:04,1134,-98
567.495,00:02,1135,-77
567.566,00:03,1135,-99
567.619,00:04,1135,-98
567.995,00:02,1136,-77
568.066,00:03,1136,-99
568.119,00:04,1136,-98
568.494,00:02,1137,-77
568.568,00:03,1137,-99
568.619,00:04,1137,-98
568.995,00:02,1138,-77
569.069,00:03,1138,-99
569.119,00:04,1138,-98
569.495,00:02,1139,-77
569.568,00:03,1139,-99
569.62,00:04,1139,-98
569.994,00:02,1140,-77
570.068,00:03,1140,-99
570.118,00:04,1140,-98
570.494,00:02,1141,-77
570.566,00:03,1141,-99
570.617,00:04,1141,-98
570.994,00:02,1142,-78
571.068,00:03,1142,-99
571.118,00:04,1142,-98
571.492,00:02,1143,-78
571.567,00:03,1143,-99
571.618,00:04,1143,-98
571.994,00:02,1144,-78
572.068,00:03,1144,-99
572.119,00:04,1144,-98
572.494,00:02,1145,-79
572.567,00:03,1145,-99
572.617,00:04,1145,-98
572.995,00:02,1146,-79
573.068,00:03,1146,-99
573.118,00:04,1146,-98
573.494,00:02,1147,-79
573.568,00:03,1147,-99
573.616,00:04,1147,-98
573.992,00:02,1148,-79
574.067,00:03,1148,-99
574.119,00:04,1148,-98
574.494,00:02,1149,-80
574.567,00:03,1149,-99
574.618,00:04,1149,-97
574.992,00:02,1150,-80
575.066,00:03,1150,-99
575.119,00:04,1150,-97
575.495,00:02,1151,-80
575.567,00:03,1151,-99
575.618,00:04,1151,-97
575.994,00:02,1152,-80
576.069,00:03,1152,-99
576.119,00:04,1152,-97
576.495,00:02,1153,-80
576.567,00:03,1153,-99
576.618,00:04,1153,-97
576.996,00:02,1154,-80
577.068,00:03,1154,-99
577.117,00:04,1154,-97
577.494,00:02,1155,-80
577.567,00:03,1155,-99
577.618,00:04,1155,-97
577.993,00:02,1156,-80
578.067,00:03,1156,-99
578.119,00:04,1156,-97
578.493,00:02,1157,-80
578.568,00:03,1157,-99
578.618,00:04,1157,-97
578.994,00:02,1158,-80
579.068,00:03,1158,-99
579.119,00:04,1158,-97
579.493,00:02,1159,-80
579.568,00:03,1159,-99
579.618,00:04,1159,-97
579.992,00:02,1160,-80
580.067,00:03,1160,-99
580.118,00:04,1160,-97
580.494,00:02,1161,-80
580.568,00:03,1161,-99
580.62,00:04,1161,-97
580.994,00:02,1162,-80
581.066,00:03,1162,-98
581.118,00:04,1162,-97
581.495,00:02,1163,-80
581.569,00:03,1163,-98
581.618,00:04,1163,-97
581.994,00:02,1164,-80
582.068,00:03,1164,-98
582.119,00:04,1164,-97
582.494,00:02,1165,-80
582.568,00:03,1165,-98
582.619,00:04,1165,-96
582.994,00:02,1166,-80
583.067,00:03,1166,-98
583.118,00:04,1166,-96
583.496,00:02,1167,-80
583.566,00:03,1167,-98
583.619,00:04,1167,-96
583.993,00:02,1168,-81
584.068,00:03,1168,-98
584.118,00:04,1168,-96
584.492,00:02,1169,-81
584.568,00:03,1169,-98
584.62,00:04,1169,-96
584.994,00:02,1170,-81
585.069,00:03,1170,-98
585.117,00:04,1170,-96
585.493,00:02,1171,-81
585.568,00:03,1171,-98
585.618,00:04,1171,-96
585.994,00:02,1172,-81
586.066,00:03,1172,-98
586.119,00:04,1172,-96
586.493,00:02,1173,-81
586.567,00:03,1173,-97
586.617,00:04,1173,-96
586.993,00:02,1174,-81
587.066,00:03,1174,-97
587.118,00:04,1174,-96
587.493,00:02,1175,-81
587.568,00:03,1175,-97
587.618,00:04,1175,-96
587.995,00:02,1176,-81
588.067,00:03,1176,-97
588.117,00:04,1176,-96
588.493,00:02,1177,-81
588.567,00:03,1177,-97
588.62,00:04,1177,-96
588.993,00:02,1178,-81
589.069,00:03,1178,-101
589.119,00:04,1178,-100
589.495,00:02,1179,-85
589.567,00:03,1179,-101
589.62,00:04,1179,-100
589.994,00:02,1180,-85
590.068,00:03,1180,-101
590.12,00:04,1180,-99
590.492,00:02,1181,-86
590.567,00:03,1181,-101
590.618,00:04,1181,-99
590.994,00:02,1182,-86
591.067,00:03,1182,-101
591.117,00:04,1182,-99
591.493,00:02,1183,-86
591.569,00:03,1183,-100
591.617,00:04,1183,-99
591.995,00:02,1184,-86
592.069,00:03,1184,-100
592.12,00:04,1184,-99
592.494,00:02,1185,-86
592.568,00:03,1185,-100
592.619,00:04,1185,-99
592.995,00:02,1186,-86
593.068,00:03,1186,-96
593.118,00:04,1186,-95
593.495,00:02,1187,-82
593.568,00:03,1187,-96
593.618,00:04,1187,-95
593.994,00:02,1188,-82
594.068,00:03,1188,-96
594.12,00:04,1188,-95
594.493,00:02,1189,-82
594.569,00:03,1189,-96
594.619,00:04,1189,-95
594.993,00:02,1190,-82
595.067,00:03,1190,-96
595.118,00:04,1190,-95
595.495,00:02,1191,-83
595.568,00:03,1191,-96
595.617,00:04,1191,-95
595.995,00:02,1192,-83
596.068,00:03,1192,-96
596.12,00:04,1192,-95
596.492,00:02,1193,-83
596.569,00:03,1193,-95
596.62,00:04,1193,-95
596.995,00:02,1194,-83
597.068,00:03,1194,-95
597.118,00:04,1194,-95
597.494,00:02,1195,-83
597.569,00:03,1195,-95
597.619,00:04,1195,-95
597.994,00:02,1196,-83
598.066,00:03,1196,-95
598.117,00:04,1196,-95
598.494,00:02,1197,-83
598.567,00:03,1197,-95
598.618,00:04,1197,-94
598.994,00:02,1198,-83
599.067,00:03,1198,-95
599.119,00:04,1198,-94
599.494,00:02,1199,-84
599.567,00:03,1199,-95
599.618,00:04,1199,-94
599.993,00:02,1200,-84
600.069,00:03,1200,-95
600.119,00:04,1200,-94
600.494,00:02,1201,-84
600.568,00:03,1201,-95
600.619,00:04,1201,-94
600.994,00:02,1202,-84
601.067,00:03,1202,-95
601.12,00:04,1202,-94
601.493,00:02,1203,-84
601.567,00:03,1203,-94
601.62,00:04,1203,-94
601.994,00:02,1204,-84
602.068,00:03,1204,-94
602.12,00:04,1204,-94
602.494,00:02,1205,-84
602.569,00:03,1205,-94
602.62,00:04,1205,-94
602.993,00:02,1206,-84
603.069,00:03,1206,-94
603.119,00:04,1206,-94
603.492,00:02,1207,-85
603.568,00:03,1207,-94
603.618,00:04,1207,-94
603.992,00:02,1208,-85
604.068,00:03,1208,-94
604.118,00:04,1208,-94
604.494,00:02,1209,-85
604.567,00:03,1209,-94
604.619,00:04,1209,-94
604.994,00:02,1210,-85
605.068,00:03,1210,-94
605.118,00:04,1210,-94
605.492,00:02,1211,-85
605.569,00:03,1211,-94
605.618,00:04,1211,-94
605.995,00:02,1212,-85
606.067,00:03,1212,-93
606.118,00:04,1212,-94
606.494,00:02,1213,-85
606.567,00:03,1213,-93
606.619,00:04,1213,-94
606.992,00:02,1214,-85
607.068,00:03,1214,-93
607.117,00:04,1214,-94
607.493,00:02,1215,-86
607.568,00:03,1215,-93
607.618,00:04,1215,-94
607.994,00:02,1216,-86
608.066,00:03,1216,-93
608.12,00:04,1216,-94
608.494,00:02,1217,-86
608.567,00:03,1217,-93
608.619,00:04,1217,-94
608.994,00:02,1218,-86
609.069,00:03,1218,-93
609.119,00:04,1218,-94
609.494,00:02,1219,-86
609.568,00:03,1219,-93
609.617,00:04,1219,-94
609.993,00:02,1220,-86
610.068,00:03,1220,-93
610.119,00:04,1220,-94
610.493,00:02,1221,-86
610.568,00:03,1221,-92
610.619,00:04,1221,-93
610.993,00:02,1222,-87
611.068,00:03,1222,-92
611.12,00:04,1222,-93
611.494,00:02,1223,-87
611.57,00:03,1223,-92
611.618,00:04,1223,-93
611.993,00:02,1224,-87
612.067,00:03,1224,-92
612.119,00:04,1224,-93
612.495,00:02,1225,-87
612.568,00:03,1225,-92
612.62,00:04,1225,-93
612.994,00:02,1226,-87
613.068,00:03,1226,-92
613.119,00:04,1226,-93
613.493,00:02,1227,-87
613.569,00:03,1227,-92
613.619,00:04,1227,-93
613.992,00:02,1228,-87
614.069,00:03,1228,-92
614.12,00:04,1228,-93
614.494,00:02,1229,-87
614.567,00:03,1229,-91
614.619,00:04,1229,-93
614.993,00:02,1230,-88
615.068,00:03,1230,-91
615.118,00:04,1230,-93
615.494,00:02,1231,-88
615.569,00:03,1231,-91
615.617,00:04,1231,-93
615.993,00:02,1232,-88
616.068,00:03,1232,-91
616.119,00:04,1232,-93
616.493,00:02,1233,-88
616.566,00:03,1233,-91
616.619,00:04,1233,-93
616.993,00:02,1234,-88
617.068,00:03,1234,-91
617.12,00:04,1234,-93
617.492,00:02,1235,-88
617.568,00:03,1235,-91
617.617,00:04,1235,-93
617.993,00:02,1236,-88
618.068,00:03,1236,-91
618.12,00:04,1236,-93
618.494,00:02,1237,-88
618.568,00:03,1237,-91
618.618,00:04,1237,-93
618.994,00:02,1238,-89
619.067,00:03,1238,-90
619.12,00:04,1238,-93
619.492,00:02,1239,-89
619.566,00:03,1239,-90
619.619,00:04,1239,-93
619.993,00:02,1240,-89
620.068,00:03,1240,-90
620.118,00:04,1240,-93
620.492,00:02,1241,-89
620.567,00:03,1241,-90
620.618,00:04,1241,-93
620.992,00:02,1242,-89
621.068,00:03,1242,-90
621.117,00:04,1242,-93
621.494,00:02,1243,-89
621.569,00:03,1243,-90
621.62,00:04,1243,-93
621.995,00:02,1244,-89
622.067,00:03,1244,-90
622.118,00:04,1244,-93
622.493,00:02,1245,-89
622.567,00:03,1245,-90
622.618,00:04,1245,-93
622.993,00:02,1246,-90
623.067,00:03,1246,-89
623.119,00:04,1246,-93
623.493,00:02,1247,-90
623.566,00:03,1247,-89
623.618,00:04,1247,-93
623.995,00:02,1248,-90
624.069,00:03,1248,-89
624.12,00:04,1248,-93
624.494,00:02,1249,-90
624.568,00:03,1249,-89
624.618,00:04,1249,-93
624.991,00:02,1250,-90
625.066,00:03,1250,-89
625.117,00:04,1250,-93
625.494,00:02,1251,-90
625.568,00:03,1251,-89
625.619,00:04,1251,-93
625.994,00:02,1252,-90
626.068,00:03,1252,-89
626.119,00:04,1252,-93
626.492,00:02,1253,-90
626.567,00:03,1253,-88
626.62,00:04,1253,-93
626.995,00:02,1254,-91
627.069,00:03,1254,-88
627.121,00:04,1254,-93
627.493,00:02,1255,-91
627.568,00:03,1255,-88
627.62,00:04,1255,-93
627.993,00:02,1256,-91
628.068,00:03,1256,-88
628.12,00:04,1256,-93
628.492,00:02,1257,-91
628.568,00:03,1257,-88
628.62,00:04,1257,-93
628.994,00:02,1258,-91
629.067,00:03,1258,-88
629.12,00:04,1258,-93
629.494,00:02,1259,-91
629.569,00:03,1259,-88
629.62,00:04,1259,-93
629.992,00:02,1260,-91
630.067,00:03,1260,-88
630.121,00:04,1260,-93
630.495,00:02,1261,-91
630.569,00:03,1261,-87
630.619,00:04,1261,-93
630.993,00:02,1262,-92
631.069,00:03,1262,-87
631.119,00:04,1262,-93
631.494,00:02,1263,-92
631.568,00:03,1263,-87
631.62,00:04,1263,-94
631.992,00:02,1264,-92
632.068,00:03,1264,-87
632.12,00:04,1264,-94
632.494,00:02,1265,-92
632.569,00:03,1265,-87
632.62,00:04,1265,-94
632.992,00:02,1266,-92
633.069,00:03,1266,-87
633.119,00:04,1266,-94
633.492,00:02,1267,-92
633.568,00:03,1267,-87
633.619,00:04,1267,-94
633.992,00:02,1268,-92
634.067,00:03,1268,-87
634.12,00:04,1268,-94
634.494,00:02,1269,-92
634.569,00:03,1269,-86
634.618,00:04,1269,-94
634.992,00:02,1270,-92
635.068,00:03,1270,-86
635.12,00:04,1270,-94
635.494,00:02,1271,-93
635.569,00:03,1271,-86
635.62,00:04,1271,-94
635.994,00:02,1272,-93
636.067,00:03,1272,-86
636.121,00:04,1272,-94
636.494,00:02,1273,-93
636.568,00:03,1273,-86
636.618,00:04,1273,-94
636.995,00:02,1274,-93
637.069,00:03,1274,-86
637.119,00:04,1274,-94
637.493,00:02,1275,-93
637.567,00:03,1275,-86
637.62,00:04,1275,-94
637.993,00:02,1276,-93
638.068,00:03,1276,-85
638.12,00:04,1276,-94
638.492,00:02,1277,-93
638.567,00:03,1277,-85
638.618,00:04,1277,-94
638.995,00:02,1278,-93
639.07,00:03,1278,-85
639.119,00:04,1278,-94
639.492,00:02,1279,-93
639.568,00:03,1279,-85
639.62,00:04,1279,-94
639.994,00:02,1280,-94
640.068,00:03,1280,-85
640.119,00:04,1280,-94
640.492,00:02,1281,-94
640.568,00:03,1281,-85
640.619,00:04,1281,-94
640.993,00:02,1282,-94
641.069,00:03,1282,-85
641.119,00:04,1282,-94
641.494,00:02,1283,-94
641.57,00:03,1283,-85
641.62,00:04,1283,-94
641.993,00:02,1284,-94
642.07,00:03,1284,-84
642.118,00:04,1284,-94
642.493,00:02,1285,-94
642.568,00:03,1285,-84
642.62,00:04,1285,-94
642.993,00:02,1286,-94
643.07,00:03,1286,-84
643.121,00:04,1286,-94
643.494,00:02,1287,-94
643.569,00:03,1287,-84
643.619,00:04,1287,-94
643.992,00:02,1288,-94
644.068,00:03,1288,-84
644.119,00:04,1288,-95
644.493,00:02,1289,-94
644.568,00:03,1289,-84
644.619,00:04,1289,-95
644.991,00:02,1290,-95
645.069,00:03,1290,-84
645.119,00:04,1290,-95
645.494,00:02,1291,-95
645.57,00:03,1291,-84
645.62,00:04,1291,-95
645.993,00:02,1292,-95
646.069,00:03,1292,-83
646.119,00:04,1292,-95
646.493,00:02,1293,-95
646.57,00:03,1293,-83
646.618,00:04,1293,-95
646.994,00:02,1294,-95
647.068,00:03,1294,-83
647.12,00:04,1294,-95
647.494,00:02,1295,-95
647.569,00:03,1295,-83
647.62,00:04,1295,-95
647.993,00:02,1296,-95
648.067,00:03,1296,-83
648.12,00:04,1296,-95
648.493,00:02,1297,-95
648.568,00:03,1297,-83
648.618,00:04,1297,-95
648.993,00:02,1298,-95
649.07,00:03,1298,-87
649.118,00:04,1298,-99
649.494,00:02,1299,-99
649.569,00:03,1299,-87
649.62,00:04,1299,-99
649.992,00:02,1300,-100
650.071,00:03,1300,-87
650.12,00:04,1300,-99
650.492,00:02,1301,-100
650.569,00:03,1301,-87
650.62,00:04,1301,-99
650.994,00:02,1302,-100
651.068,00:03,1302,-86
651.119,00:04,1302,-99
651.492,00:02,1303,-100
651.57,00:03,1303,-86
651.619,00:04,1303,-99
651.992,00:02,1304,-100
652.069,00:03,1304,-86
652.119,00:04,1304,-99
652.493,00:02,1305,-100
652.568,00:03,1305,-86
652.619,00:04,1305,-100
652.994,00:02,1306,-100
653.069,00:03,1306,-82
653.12,00:04,1306,-96
653.491,00:02,1307,-96
653.568,00:03,1307,-82
653.619,00:04,1307,-96
653.993,00:02,1308,-96
654.069,00:03,1308,-82
654.119,00:04,1308,-96
654.494,00:02,1309,-96
654.568,00:03,1309,-82
654.618,00:04,1309,-96
654.993,00:02,1310,-97
655.071,00:03,1310,-82
655.12,00:04,1310,-96
655.493,00:02,1311,-97
655.569,00:03,1311,-82
655.619,00:04,1311,-96
655.991,00:02,1312,-97
656.068,00:03,1312,-82
656.121,00:04,1312,-96
656.492,00:02,1313,-97
656.568,00:03,1313,-81
656.62,00:04,1313,-96
656.992,00:02,1314,-97
657.067,00:03,1314,-81
657.12,00:04,1314,-96
657.494,00:02,1315,-97
657.568,00:03,1315,-81
657.618,00:04,1315,-96
657.992,00:02,1316,-97
658.069,00:03,1316,-81
658.121,00:04,1316,-96
658.493,00:02,1317,-97
658.57,00:03,1317,-81
658.619,00:04,1317,-96
658.992,00:02,1318,-97
659.069,00:03,1318,-81
659.12,00:04,1318,-96
659.493,00:02,1319,-97
659.568,00:03,1319,-81
659.62,00:04,1319,-96
659.992,00:02,1320,-97
660.068,00:03,1320,-81
660.12,00:04,1320,-97
660.493,00:02,1321,-98
660.568,00:03,1321,-81
660.618,00:04,1321,-97
660.992,00:02,1322,-98
661.069,00:03,1322,-81
661.121,00:04,1322,-97
661.492,00:02,1323,-98
661.569,00:03,1323,-81
661.621,00:04,1323,-97
661.992,00:02,1324,-98
662.069,00:03,1324,-81
662.12,00:04,1324,-97
662.492,00:02,1325,-98
662.57,00:03,1325,-81
662.618,00:04,1325,-97
662.993,00:02,1326,-98
663.068,00:03,1326,-81
663.118,00:04,1326,-97
663.491,00:02,1327,-98
663.569,00:03,1327,-81
663.621,00:04,1327,-97
663.992,00:02,1328,-98
664.068,00:03,1328,-81
664.12,00:04,1328,-97
664.493,00:02,1329,-98
664.57,00:03,1329,-81
664.62,00:04,1329,-97
664.993,00:02,1330,-98
665.07,00:03,1330,-81
665.122,00:04,1330,-97
665.494,00:02,1331,-98
665.569,00:03,1331,-81
665.62,00:04,1331,-97
665.993,00:02,1332,-99
666.069,00:03,1332,-81
666.121,00:04,1332,-97
666.494,00:02,1333,-99
666.57,00:03,1333,-81
666.62,00:04,1333,-97
666.993,00:02,1334,-99
667.07,00:03,1334,-81
667.118,00:04,1334,-97
667.492,00:02,1335,-99
667.57,00:03,1335,-82
667.619,00:04,1335,-97
667.993,00:02,1336,-99
668.069,00:03,1336,-82
668.12,00:04,1336,-97
668.492,00:02,1337,-99
668.57,00:03,1337,-82
668.621,00:04,1337,-97
668.991,00:02,1338,-99
669.069,00:03,1338,-82
669.119,00:04,1338,-97
669.493,00:02,1339,-99
669.569,00:03,1339,-83
669.619,00:04,1339,-97
669.992,00:02,1340,-99
670.07,00:03,1340,-83
670.119,00:04,1340,-97
670.493,00:02,1341,-99
670.569,00:03,1341,-83
670.622,00:04,1341,-97
670.992,00:02,1342,-99
671.07,00:03,1342,-83
671.119,00:04,1342,-96
671.492,00:02,1343,-99
671.569,00:03,1343,-83
671.62,00:04,1343,-96
671.991,00:02,1344,-99
672.07,00:03,1344,-83
672.12,00:04,1344,-96
672.494,00:02,1345,-99
672.569,00:03,1345,-83
672.619,00:04,1345,-96
672.991,00:02,1346,-99
673.069,00:03,1346,-83
673.122,00:04,1346,-96
673.491,00:02,1347,-99
673.568,00:03,1347,-83
673.621,00:04,1347,-96
673.992,00:02,1348,-99
674.069,00:03,1348,-83
674.122,00:04,1348,-96
674.492,00:02,1349,-98
674.569,00:03,1349,-83
674.62,00:04,1349,-96
674.992,00:02,1350,-98
675.067,00:03,1350,-83
675.121,00:04,1350,-96
675.493,00:02,1351,-98
675.569,00:03,1351,-83
675.618,00:04,1351,-96
675.994,00:02,1352,-98
676.07,00:03,1352,-83
676.121,00:04,1352,-96
676.492,00:02,1353,-98
676.568,00:03,1353,-83
676.621,00:04,1353,-96
676.994,00:02,1354,-98
677.068,00:03,1354,-83
677.12,00:04,1354,-96
677.493,00:02,1355,-98
677.571,00:03,1355,-83
677.62,00:04,1355,-96
677.992,00:02,1356,-98
678.07,00:03,1356,-83
678.12,00:04,1356,-95
678.491,00:02,1357,-98
678.568,00:03,1357,-84
678.621,00:04,1357,-95
678.992,00:02,1358,-98
679.068,00:03,1358,-84
679.122,00:04,1358,-95
679.492,00:02,1359,-98
679.571,00:03,1359,-84
679.622,00:04,1359,-95
679.993,00:02,1360,-97
680.068,00:03,1360,-84
680.121,00:04,1360,-95
680.492,00:02,1361,-97
680.568,00:03,1361,-84
680.619,00:04,1361,-95
680.993,00:02,1362,-97
681.07,00:03,1362,-84
681.121,00:04,1362,-95
681.493,00:02,1363,-97
681.57,00:03,1363,-84
681.621,00:04,1363,-95
681.991,00:02,1364,-97
682.07,00:03,1364,-84
682.119,00:04,1364,-95
682.492,00:02,1365,-97
682.57,00:03,1365,-84
682.62,00:04,1365,-95
682.993,00:02,1366,-97
683.069,00:03,1366,-84
683.12,00:04,1366,-95
683.493,00:02,1367,-97
683.569,00:03,1367,-84
683.618,00:04,1367,-95
683.992,00:02,1368,-97
684.069,00:03,1368,-84
684.12,00:04,1368,-95
684.492,00:02,1369,-97
684.569,00:03,1369,-84
684.62,00:04,1369,-94
684.993,00:02,1370,-97
685.069,00:03,1370,-88
685.12,00:04,1370,-98
685.494,00:02,1371,-101
685.57,00:03,1371,-88
685.62,00:04,1371,-98
685.992,00:02,1372,-100
686.068,00:03,1372,-88
686.122,00:04,1372,-98
686.494,00:02,1373,-100
686.57,00:03,1373,-88
686.621,00:04,1373,-98
686.992,00:02,1374,-100
687.069,00:03,1374,-89
687.12,00:04,1374,-98
687.49,00:02,1375,-100
687.569,00:03,1375,-89
687.62,00:04,1375,-98
687.992,00:02,1376,-100
688.069,00:03,1376,-89
688.119,00:04,1376,-98
688.494,00:02,1377,-100
688.569,00:03,1377,-89
688.619,00:04,1377,-98
688.991,00:02,1378,-100
689.069,00:03,1378,-85
689.119,00:04,1378,-94
689.493,00:02,1379,-96
689.571,00:03,1379,-85
689.621,00:04,1379,-94
689.991,00:02,1380,-96
690.069,00:03,1380,-85
690.12,00:04,1380,-94
690.493,00:02,1381,-96
690.57,00:03,1381,-85
690.619,00:04,1381,-94
690.991,00:02,1382,-95
691.069,00:03,1382,-85
691.122,00:04,1382,-94
691.493,00:02,1383,-95
691.568,00:03,1383,-85
691.62,00:04,1383,-93
691.993,00:02,1384,-95
692.071,00:03,1384,-85
692.119,00:04,1384,-93
692.493,00:02,1385,-95
692.569,00:03,1385,-85
692.621,00:04,1385,-93
692.992,00:02,1386,-95
693.068,00:03,1386,-86
693.12,00:04,1386,-93
693.492,00:02,1387,-95
693.571,00:03,1387,-86
693.621,00:04,1387,-93
693.993,00:02,1388,-95
694.069,00:03,1388,-86
694.119,00:04,1388,-93
694.491,00:02,1389,-95
694.571,00:03,1389,-86
694.62,00:04,1389,-93
694.993,00:02,1390,-95
695.07,00:03,1390,-86
695.121,00:04,1390,-93
695.491,00:02,1391,-95
695.571,00:03,1391,-86
695.621,00:04,1391,-93
695.991,00:02,1392,-95
696.071,00:03,1392,-86
696.12,00:04,1392,-93
696.491,00:02,1393,-94
696.569,00:03,1393,-86
696.621,00:04,1393,-93
696.991,00:02,1394,-94
697.069,00:03,1394,-86
697.12,00:04,1394,-93
697.493,00:02,1395,-94
697.571,00:03,1395,-86
697.62,00:04,1395,-93
697.992,00:02,1396,-94
698.069,00:03,1396,-87
698.12,00:04,1396,-93
698.492,00:02,1397,-94
698.569,00:03,1397,-87
698.62,00:04,1397,-93
698.991,00:02,1398,-94
699.069,00:03,1398,-87
699.119,00:04,1398,-93
699.492,00:02,1399,-94
699.571,00:03,1399,-87
699.62,00:04,1399,-93
699.992,00:02,1400,-94
700.069,00:03,1400,-87
700.12,00:04,1400,-92
700.493,00:02,1401,-94
700.57,00:03,1401,-87
700.62,00:04,1401,-92
700.991,00:02,1402,-94
701.069,00:03,1402,-87
701.121,00:04,1402,-92
701.492,00:02,1403,-93
701.57,00:03,1403,-87
701.622,00:04,1403,-92
701.991,00:02,1404,-93
702.07,00:03,1404,-87
702.122,00:04,1404,-92
702.492,00:02,1405,-93
702.568,00:03,1405,-88
702.62,00:04,1405,-92
702.992,00:02,1406,-93
703.072,00:03,1406,-88
703.121,00:04,1406,-92
703.491,00:02,1407,-93
703.569,00:03,1407,-88
703.621,00:04,1407,-92
703.992,00:02,1408,-93
704.071,00:03,1408,-88
704.12,00:04,1408,-92
704.492,00:02,1409,-93
704.57,00:03,1409,-88
704.62,00:04,1409,-92
704.992,00:02,1410,-93
705.07,00:03,1410,-88
705.121,00:04,1410,-92
705.492,00:02,1411,-93
705.569,00:03,1411,-88
705.622,00:04,1411,-92
705.992,00:02,1412,-92
706.07,00:03,1412,-88
706.121,00:04,1412,-92
706.494,00:02,1413,-92
706.57,00:03,1413,-88
706.62,00:04,1413,-92
706.992,00:02,1414,-92
707.071,00:03,1414,-89
707.12,00:04,1414,-92
707.492,00:02,1415,-92
707.57,00:03,1415,-89
707.621,00:04,1415,-92
707.991,00:02,1416,-92
708.069,00:03,1416,-89
708.121,00:04,1416,-92
708.491,00:02,1417,-92
708.569,00:03,1417,-89
708.62,00:04,1417,-92
708.991,00:02,1418,-92
709.069,00:03,1418,-89
709.12,00:04,1418,-92
709.493,00:02,1419,-92
709.568,00:03,1419,-89
709.621,00:04,1419,-92
709.991,00:02,1420,-92
710.068,00:03,1420,-89
710.122,00:04,1420,-92
710.491,00:02,1421,-92
710.57,00:03,1421,-89
710.62,00:04,1421,-92
710.991,00:02,1422,-91
711.068,00:03,1422,-89
711.121,00:04,1422,-92
711.491,00:02,1423,-91
711.57,00:03,1423,-90
711.62,00:04,1423,-92
711.992,00:02,1424,-91
712.07,00:03,1424,-90
712.12,00:04,1424,-92
712.492,00:02,1425,-91
712.569,00:03,1425,-90
712.621,00:04,1425,-92
712.992,00:02,1426,-91
713.069,00:03,1426,-90
713.119,00:04,1426,-92
713.491,00:02,1427,-91
713.57,00:03,1427,-90
713.619,00:04,1427,-92
713.991,00:02,1428,-91
714.071,00:03,1428,-90
714.12,00:04,1428,-92
714.492,00:02,1429,-91
714.569,00:03,1429,-90
714.622,00:04,1429,-92
714.99,00:02,1430,-91
715.069,00:03,1430,-90
715.12,00:04,1430,-92
715.49,00:02,1431,-90
715.569,00:03,1431,-91
715.621,00:04,1431,-92
715.991,00:02,1432,-90
716.069,00:03,1432,-91
716.122,00:04,1432,-92
716.492,00:02,1433,-90
716.57,00:03,1433,-91
716.619,00:04,1433,-92
716.991,00:02,1434,-90
717.069,00:03,1434,-91
717.121,00:04,1434,-92
717.492,00:02,1435,-90
717.569,00:03,1435,-91
717.62,00:04,1435,-92
717.992,00:02,1436,-90
718.069,00:03,1436,-91
718.12,00:04,1436,-92
718.492,00:02,1437,-90
718.571,00:03,1437,-91
718.622,00:04,1437,-92
718.992,00:02,1438,-90
719.071,00:03,1438,-91
719.122,00:04,1438,-92
719.491,00:02,1439,-89
719.57,00:03,1439,-91
719.621,00:04,1439,-92
719.992,00:02,1440,-89
720.07,00:03,1440,-92
720.119,00:04,1440,-92
720.491,00:02,1441,-89
720.57,00:03,1441,-92
720.622,00:04,1441,-92
720.99,00:02,1442,-89
721.071,00:03,1442,-92
721.121,00:04,1442,-92
721.491,00:02,1443,-89
721.568,00:03,1443,-92
721.622,00:04,1443,-92
721.991,00:02,1444,-89
722.069,00:03,1444,-92
722.121,00:04,1444,-92
722.493,00:02,1445,-89
722.571,00:03,1445,-92
722.622,00:04,1445,-92
722.991,00:02,1446,-89
723.07,00:03,1446,-92
723.122,00:04,1446,-92
723.491,00:02,1447,-89
723.57,00:03,1447,-92
723.621,00:04,1447,-92
723.992,00:02,1448,-88
724.069,00:03,1448,-92
724.121,00:04,1448,-92
724.491,00:02,1449,-88
724.568,00:03,1449,-93
724.621,00:04,1449,-92
724.99,00:02,1450,-88
725.071,00:03,1450,-93
725.12,00:04,1450,-92
725.491,00:02,1451,-88
725.569,00:03,1451,-93
725.62,00:04,1451,-92
725.99,00:02,1452,-88
726.071,00:03,1452,-93
726.12,00:04,1452,-92
726.492,00:02,1453,-88
726.569,00:03,1453,-93
726.622,00:04,1453,-92
726.991,00:02,1454,-88
727.071,00:03,1454,-93
727.121,00:04,1454,-92
727.491,00:02,1455,-88
727.57,00:03,1455,-93
727.623,00:04,1455,-92
727.991,00:02,1456,-88
728.071,00:03,1456,-93
728.122,00:04,1456,-92
728.493,00:02,1457,-87
728.568,00:03,1457,-93
728.619,00:04,1457,-92
728.99,00:02,1458,-87
729.071,00:03,1458,-93
729.12,00:04,1458,-92
729.493,00:02,1459,-87
729.57,00:03,1459,-94
729.62,00:04,1459,-92
729.992,00:02,1460,-87
730.069,00:03,1460,-94
730.121,00:04,1460,-92
730.49,00:02,1461,-87
730.57,00:03,1461,-94
730.62,00:04,1461,-92
730.993,00:02,1462,-87
731.069,00:03,1462,-94
731.122,00:04,1462,-92
731.493,00:02,1463,-87
731.57,00:03,1463,-94
731.62,00:04,1463,-92
731.989,00:02,1464,-87
732.07,00:03,1464,-94
732.122,00:04,1464,-92
732.491,00:02,1465,-87
732.569,00:03,1465,-94
732.621,00:04,1465,-92
732.992,00:02,1466,-86
733.069,00:03,1466,-94
733.122,00:04,1466,-92
733.49,00:02,1467,-86
733.57,00:03,1467,-94
733.623,00:04,1467,-92
733.991,00:02,1468,-86
734.069,00:03,1468,-95
734.122,00:04,1468,-93
734.491,00:02,1469,-86
734.57,00:03,1469,-95
734.619,00:04,1469,-93
734.992,00:02,1470,-86
735.071,00:03,1470,-95
735.119,00:04,1470,-93
735.492,00:02,1471,-86
735.57,00:03,1471,-95
735.621,00:04,1471,-93
735.991,00:02,1472,-86
736.07,00:03,1472,-95
736.121,00:04,1472,-93
736.491,00:02,1473,-86
736.569,00:03,1473,-95
736.621,00:04,1473,-93
736.992,00:02,1474,-86
737.07,00:03,1474,-95
737.119,00:04,1474,-93
737.491,00:02,1475,-85
737.57,00:03,1475,-95
737.621,00:04,1475,-93
737.991,00:02,1476,-85
738.07,00:03,1476,-95
738.12,00:04,1476,-93
738.492,00:02,1477,-85
738.57,00:03,1477,-95
738.621,00:04,1477,-93
738.99,00:02,1478,-85
739.072,00:03,1478,-96
739.122,00:04,1478,-93
739.492,00:02,1479,-85
739.568,00:03,1479,-96
739.621,00:04,1479,-93
739.991,00:02,1480,-85
740.071,00:03,1480,-96
740.121,00:04,1480,-93
740.492,00:02,1481,-85
740.569,00:03,1481,-96
740.622,00:04,1481,-93
740.991,00:02,1482,-85
741.07,00:03,1482,-96
741.12,00:04,1482,-93
741.491,00:02,1483,-85
741.57,00:03,1483,-96
741.623,00:04,1483,-93
741.992,00:02,1484,-85
742.07,00:03,1484,-96
742.12,00:04,1484,-93
742.491,00:02,1485,-84
742.572,00:03,1485,-96
742.621,00:04,1485,-94
742.991,00:02,1486,-84
743.071,00:03,1486,-96
743.123,00:04,1486,-94
743.492,00:02,1487,-84
743.569,00:03,1487,-96
743.621,00:04,1487,-94
743.991,00:02,1488,-84
744.07,00:03,1488,-96
744.121,00:04,1488,-94
744.49,00:02,1489,-84
744.571,00:03,1489,-97
744.621,00:04,1489,-94
744.992,00:02,1490,-84
745.069,00:03,1490,-101
745.121,00:04,1490,-98
745.49,00:02,1491,-88
745.572,00:03,1491,-101
745.621,00:04,1491,-98
745.991,00:02,1492,-88
746.07,00:03,1492,-101
746.121,00:04,1492,-98
746.493,00:02,1493,-88
746.569,00:03,1493,-101
746.62,00:04,1493,-98
746.99,00:02,1494,-88
747.072,00:03,1494,-101
747.122,00:04,1494,-98
747.492,00:02,1495,-88
747.57,00:03,1495,-101
747.621,00:04,1495,-98
747.991,00:02,1496,-88
748.072,00:03,1496,-101
748.12,00:04,1496,-98
748.493,00:02,1497,-87
748.572,00:03,1497,-101
748.62,00:04,1497,-98
748.992,00:02,1498,-87
749.069,00:03,1498,-97
749.12,00:04,1498,-94
749.49,00:02,1499,-83
749.571,00:03,1499,-97
749.621,00:04,1499,-94
749.992,00:02,1500,-83
750.069,00:03,1500,-98
750.122,00:04,1500,-95
750.493,00:02,1501,-83
750.572,00:03,1501,-98
750.621,00:04,1501,-95
750.991,00:02,1502,-83
751.07,00:03,1502,-98
751.122,00:04,1502,-95
751.491,00:02,1503,-83
751.571,00:03,1503,-98
751.623,00:04,1503,-95
751.99,00:02,1504,-83
752.069,00:03,1504,-98
752.122,00:04,1504,-95
752.491,00:02,1505,-83
752.57,00:03,1505,-98
752.621,00:04,1505,-95
752.99,00:02,1506,-83
753.07,00:03,1506,-98
753.12,00:04,1506,-95
753.492,00:02,1507,-83
753.57,00:03,1507,-98
753.621,00:04,1507,-95
753.991,00:02,1508,-83
754.07,00:03,1508,-98
754.122,00:04,1508,-95
754.49,00:02,1509,-83
754.571,00:03,1509,-98
754.62,00:04,1509,-95
754.992,00:02,1510,-83
755.072,00:03,1510,-98
755.122,00:04,1510,-95
755.491,00:02,1511,-83
755.571,00:03,1511,-99
755.622,00:04,1511,-95
755.992,00:02,1512,-83
756.07,00:03,1512,-99
756.123,00:04,1512,-96
756.491,00:02,1513,-83
756.571,00:03,1513,-99
756.621,00:04,1513,-96
756.989,00:02,1514,-83
757.071,00:03,1514,-99
757.122,00:04,1514,-96
757.491,00:02,1515,-83
757.569,00:03,1515,-99
757.622,00:04,1515,-96
757.993,00:02,1516,-83
758.068,00:03,1516,-99
758.122,00:04,1516,-96
758.491,00:02,1517,-83
758.57,00:03,1517,-99
758.623,00:04,1517,-96
758.99,00:02,1518,-83
759.07,00:03,1518,-99
759.121,00:04,1518,-96
759.492,00:02,1519,-83
759.569,00:03,1519,-99
759.62,00:04,1519,-96
759.989,00:02,1520,-82
760.071,00:03,1520,-99
760.122,00:04,1520,-96
760.49,00:02,1521,-82
760.57,00:03,1521,-99
760.62,00:04,1521,-96
760.99,00:02,1522,-82
761.071,00:03,1522,-99
761.121,00:04,1522,-96
761.492,00:02,1523,-82
761.571,00:03,1523,-100
761.622,00:04,1523,-96
761.991,00:02,1524,-82
762.07,00:03,1524,-100
762.121,00:04,1524,-96
762.491,00:02,1525,-83
762.571,00:03,1525,-100
762.621,00:04,1525,-96
762.99,00:02,1526,-83
763.069,00:03,1526,-100
763.122,00:04,1526,-96
763.491,00:02,1527,-83
763.571,00:03,1527,-100
763.621,00:04,1527,-96
763.991,00:02,1528,-83
764.073,00:03,1528,-100
764.121,00:04,1528,-96
764.491,00:02,1529,-84
764.57,00:03,1529,-100
764.62,00:04,1529,-96
764.99,00:02,1530,-84
765.071,00:03,1530,-100
765.123,00:04,1530,-96
765.492,00:02,1531,-84
765.571,00:03,1531,-100
765.622,00:04,1531,-96
765.99,00:02,1532,-84
766.07,00:03,1532,-100
766.122,00:04,1532,-96
766.491,00:02,1533,-84
766.571,00:03,1533,-100
766.623,00:04,1533,-96
766.989,00:02,1534,-85
767.072,00:03,1534,-100
767.122,00:04,1534,-96
767.491,00:02,1535,-85
767.571,00:03,1535,-100
767.621,00:04,1535,-96
767.992,00:02,1536,-85
768.072,00:03,1536,-100
768.121,00:04,1536,-95
768.49,00:02,1537,-85
768.571,00:03,1537,-100
768.622,00:04,1537,-95
768.99,00:02,1538,-85
769.07,00:03,1538,-100
769.121,00:04,1538,-95
769.491,00:02,1539,-85
769.57,00:03,1539,-100
769.621,00:04,1539,-95
769.99,00:02,1540,-85
770.07,00:03,1540,-100
770.122,00:04,1540,-95
770.492,00:02,1541,-85
770.571,00:03,1541,-100
770.62,00:04,1541,-95
770.991,00:02,1542,-85
771.069,00:03,1542,-99
771.12,00:04,1542,-95
771.49,00:02,1543,-85
771.57,00:03,1543,-99
771.622,00:04,1543,-95
771.99,00:02,1544,-85
772.071,00:03,1544,-99
772.123,00:04,1544,-95
772.49,00:02,1545,-85
772.571,00:03,1545,-99
772.623,00:04,1545,-95
772.99,00:02,1546,-85
773.071,00:03,1546,-99
773.121,00:04,1546,-95
773.491,00:02,1547,-85
773.571,00:03,1547,-99
773.621,00:04,1547,-94
773.992,00:02,1548,-85
774.07,00:03,1548,-99
774.122,00:04,1548,-94
774.491,00:02,1549,-85
774.572,00:03,1549,-99
774.622,00:04,1549,-94
774.992,00:02,1550,-85
775.071,00:03,1550,-99
775.121,00:04,1550,-94
775.49,00:02,1551,-85
775.57,00:03,1551,-99
775.623,00:04,1551,-94
775.99,00:02,1552,-85
776.071,00:03,1552,-99
776.121,00:04,1552,-94
776.491,00:02,1553,-85
776.571,00:03,1553,-99
776.621,00:04,1553,-94
776.99,00:02,1554,-85
777.071,00:03,1554,-99
777.122,00:04,1554,-94
777.491,00:02,1555,-85
777.57,00:03,1555,-98
777.623,00:04,1555,-94
777.991,00:02,1556,-85
778.071,00:03,1556,-98
778.124,00:04,1556,-94
778.49,00:02,1557,-85
778.57,00:03,1557,-98
778.623,00:04,1557,-94
778.992,00:02,1558,-85
779.071,00:03,1558,-98
779.12,00:04,1558,-93
779.489,00:02,1559,-85
779.573,00:03,1559,-98
779.62,00:04,1559,-93
779.991,00:02,1560,-85
780.07,00:03,1560,-98
780.123,00:04,1560,-93
780.489,00:02,1561,-85
780.569,00:03,1561,-98
780.621,00:04,1561,-93
780.991,00:02,1562,-85
781.071,00:03,1562,-102
781.121,00:04,1562,-97
781.49,00:02,1563,-89
781.571,00:03,1563,-102
781.621,00:04,1563,-97
781.99,00:02,1564,-89
782.071,00:03,1564,-102
782.122,00:04,1564,-97
782.49,00:02,1565,-90
782.569,00:03,1565,-102
782.622,00:04,1565,-97
782.99,00:02,1566,-90
783.071,00:03,1566,-101
783.122,00:04,1566,-97
783.492,00:02,1567,-90
783.572,00:03,1567,-101
783.621,00:04,1567,-97
783.991,00:02,1568,-90
784.071,00:03,1568,-101
784.123,00:04,1568,-97
784.492,00:02,1569,-90
784.571,00:03,1569,-101
784.623,00:04,1569,-97
784.989,00:02,1570,-90
785.072,00:03,1570,-97
785.124,00:04,1570,-92
785.491,00:02,1571,-86
785.569,00:03,1571,-97
785.62,00:04,1571,-92
785.991,00:02,1572,-86
786.07,00:03,1572,-97
786.123,00:04,1572,-92
786.491,00:02,1573,-86
786.57,00:03,1573,-97
786.623,00:04,1573,-92
786.99,00:02,1574,-86
787.07,00:03,1574,-97
787.12,00:04,1574,-92
787.489,00:02,1575,-86
787.573,00:03,1575,-97
787.623,00:04,1575,-92
787.99,00:02,1576,-86
788.072,00:03,1576,-97
788.124,00:04,1576,-92
788.492,00:02,1577,-86
788.569,00:03,1577,-97
788.621,00:04,1577,-92
788.99,00:02,1578,-86
789.073,00:03,1578,-96
789.122,00:04,1578,-92
789.492,00:02,1579,-87
789.571,00:03,1579,-96
789.622,00:04,1579,-92
789.991,00:02,1580,-87
790.072,00:03,1580,-96
790.121,00:04,1580,-92
790.49,00:02,1581,-87
790.573,00:03,1581,-96
790.621,00:04,1581,-92
790.989,00:02,1582,-87
791.07,00:03,1582,-96
791.121,00:04,1582,-92
791.491,00:02,1583,-87
791.571,00:03,1583,-96
791.62,00:04,1583,-91
791.99,00:02,1584,-87
792.07,00:03,1584,-96
792.12,00:04,1584,-91
792.49,00:02,1585,-87
792.57,00:03,1585,-96
792.622,00:04,1585,-91
792.99,00:02,1586,-87
793.07,00:03,1586,-96
793.123,00:04,1586,-91
793.491,00:02,1587,-87
793.57,00:03,1587,-96
793.621,00:04,1587,-91
793.991,00:02,1588,-87
794.072,00:03,1588,-96
794.122,00:04,1588,-91
794.488,00:02,1589,-87
794.57,00:03,1589,-95
794.621,00:04,1589,-91
794.991,00:02,1590,-87
795.07,00:03,1590,-95
795.121,00:04,1590,-91
795.491,00:02,1591,-88
795.572,00:03,1591,-95
795.623,00:04,1591,-91
795.99,00:02,1592,-88
796.071,00:03,1592,-95
796.123,00:04,1592,-91
796.49,00:02,1593,-88
796.571,00:03,1593,-95
796.622,00:04,1593,-91
796.989,00:02,1594,-88
797.069,00:03,1594,-95
797.121,00:04,1594,-91
797.491,00:02,1595,-88
797.57,00:03,1595,-95
797.621,00:04,1595,-91
797.989,00:02,1596,-88
798.072,00:03,1596,-95
798.123,00:04,1596,-91
798.49,00:02,1597,-88
798.571,00:03,1597,-95
798.62,00:04,1597,-91
798.989,00:02,1598,-88
799.072,00:03,1598,-95
799.121,00:04,1598,-91
799.49,00:02,1599,-88
799.572,00:03,1599,-94
799.623,00:04,1599,-91
799.992,00:02,1600,-88
800.071,00:03,1600,-94
800.122,00:04,1600,-90
800.49,00:02,1601,-89
800.57,00:03,1601,-94
800.623,00:04,1601,-90
800.992,00:02,1602,-89
801.071,00:03,1602,-94
801.123,00:04,1602,-90
801.49,00:02,1603,-89
801.57,00:03,1603,-94
801.624,00:04,1603,-90
801.99,00:02,1604,-89
802.073,00:03,1604,-94
802.121,00:04,1604,-90
802.49,00:02,1605,-89
802.571,00:03,1605,-94
802.623,00:04,1605,-90
802.99,00:02,1606,-89
803.073,00:03,1606,-94
803.122,00:04,1606,-90
803.491,00:02,1607,-89
803.571,00:03,1607,-94
803.622,00:04,1607,-90
803.99,00:02,1608,-89
804.07,00:03,1608,-94
804.121,00:04,1608,-90
804.491,00:02,1609,-89
804.572,00:03,1609,-93
804.623,00:04,1609,-90
804.989,00:02,1610,-89
805.073,00:03,1610,-93
805.122,00:04,1610,-90
805.491,00:02,1611,-90
805.57,00:03,1611,-93
805.622,00:04,1611,-90
805.991,00:02,1612,-90
806.073,00:03,1612,-93
806.122,00:04,1612,-90
806.489,00:02,1613,-90
806.573,00:03,1613,-93
806.622,00:04,1613,-90
806.991,00:02,1614,-90
807.072,00:03,1614,-93
807.123,00:04,1614,-90
807.489,00:02,1615,-90
807.571,00:03,1615,-93
807.623,00:04,1615,-90
807.991,00:02,1616,-90
808.07,00:03,1616,-93
808.124,00:04,1616,-90
808.491,00:02,1617,-90
808.571,00:03,1617,-93
808.623,00:04,1617,-90
808.991,00:02,1618,-90
809.073,00:03,1618,-93
809.123,00:04,1618,-90
809.489,00:02,1619,-90
809.573,00:03,1619,-92
809.624,00:04,1619,-90
809.989,00:02,1620,-90
810.072,00:03,1620,-92
810.121,00:04,1620,-90
810.49,00:02,1621,-91
810.571,00:03,1621,-92
810.621,00:04,1621,-90
810.989,00:02,1622,-91
811.072,00:03,1622,-92
811.122,00:04,1622,-90
811.49,00:02,1623,-91
811.571,00:03,1623,-92
811.621,00:04,1623,-90
811.99,00:02,1624,-91
812.071,00:03,1624,-92
812.123,00:04,1624,-90
812.49,00:02,1625,-91
812.572,00:03,1625,-92
812.622,00:04,1625,-90
812.992,00:02,1626,-91
813.072,00:03,1626,-92
813.122,00:04,1626,-90
813.49,00:02,1627,-91
813.572,00:03,1627,-92
813.623,00:04,1627,-90
813.991,00:02,1628,-91
814.073,00:03,1628,-92
814.122,00:04,1628,-90
814.49,00:02,1629,-91
814.572,00:03,1629,-91
814.623,00:04,1629,-90
814.99,00:02,1630,-91
815.073,00:03,1630,-91
815.122,00:04,1630,-90
815.49,00:02,1631,-92
815.571,00:03,1631,-91
815.624,00:04,1631,-90
815.99,00:02,1632,-92
816.071,00:03,1632,-91
816.123,00:04,1632,-90
816.489,00:02,1633,-92
816.57,00:03,1633,-91
816.623,00:04,1633,-90
816.99,00:02,1634,-92
817.07,00:03,1634,-91
817.122,00:04,1634,-90
817.49,00:02,1635,-92
817.573,00:03,1635,-91
817.624,00:04,1635,-90
817.988,00:02,1636,-92
818.071,00:03,1636,-91
818.121,00:04,1636,-90
818.489,00:02,1637,-92
818.571,00:03,1637,-91
818.624,00:04,1637,-90
818.989,00:02,1638,-92
819.072,00:03,1638,-91
819.122,00:04,1638,-90
819.489,00:02,1639,-92
819.572,00:03,1639,-90
819.623,00:04,1639,-90
819.989,00:02,1640,-92
820.072,00:03,1640,-90
820.123,00:04,1640,-90
820.491,00:02,1641,-93
820.571,00:03,1641,-90
820.622,00:04,1641,-90
820.989,00:02,1642,-93
821.073,00:03,1642,-90
821.122,00:04,1642,-90
821.491,00:02,1643,-93
821.571,00:03,1643,-90
821.622,00:04,1643,-90
821.99,00:02,1644,-93
822.071,00:03,1644,-90
822.123,00:04,1644,-90
822.49,00:02,1645,-93
822.573,00:03,1645,-90
822.624,00:04,1645,-90
822.99,00:02,1646,-93
823.07,00:03,1646,-90
823.123,00:04,1646,-90
823.489,00:02,1647,-93
823.571,00:03,1647,-90
823.622,00:04,1647,-90
823.991,00:02,1648,-93
824.07,00:03,1648,-90
824.123,00:04,1648,-90
824.489,00:02,1649,-93
824.573,00:03,1649,-89
824.622,00:04,1649,-90
824.988,00:02,1650,-93
825.07,00:03,1650,-89
825.123,00:04,1650,-90
825.489,00:02,1651,-93
825.571,00:03,1651,-89
825.622,00:04,1651,-90
825.992,00:02,1652,-94
826.072,00:03,1652,-89
826.123,00:04,1652,-91
826.49,00:02,1653,-94
826.573,00:03,1653,-89
826.621,00:04,1653,-91
826.99,00:02,1654,-94
827.071,00:03,1654,-89
827.123,00:04,1654,-91
827.491,00:02,1655,-94
827.571,00:03,1655,-89
827.624,00:04,1655,-91
827.989,00:02,1656,-94
828.071,00:03,1656,-89
828.121,00:04,1656,-91
828.488,00:02,1657,-94
828.572,00:03,1657,-89
828.623,00:04,1657,-91
828.99,00:02,1658,-94
829.072,00:03,1658,-89
829.123,00:04,1658,-91
829.49,00:02,1659,-94
829.573,00:03,1659,-89
829.624,00:04,1659,-91
829.988,00:02,1660,-94
830.072,00:03,1660,-88
830.122,00:04,1660,-91
830.49,00:02,1661,-94
830.572,00:03,1661,-88
830.624,00:04,1661,-91
830.989,00:02,1662,-95
831.073,00:03,1662,-88
831.124,00:04,1662,-91
831.49,00:02,1663,-95
831.572,00:03,1663,-88
831.622,00:04,1663,-91
831.99,00:02,1664,-95
832.072,00:03,1664,-88
832.124,00:04,1664,-91
832.489,00:02,1665,-95
832.571,00:03,1665,-88
832.621,00:04,1665,-91
832.991,00:02,1666,-95
833.071,00:03,1666,-88
833.123,00:04,1666,-91
833.491,00:02,1667,-95
833.572,00:03,1667,-88
833.621,00:04,1667,-91
833.99,00:02,1668,-95
834.071,00:03,1668,-88
834.122,00:04,1668,-91
834.49,00:02,1669,-95
834.573,00:03,1669,-88
834.622,00:04,1669,-92
834.991,00:02,1670,-95
835.072,00:03,1670,-88
835.124,00:04,1670,-92
835.49,00:02,1671,-95
835.573,00:03,1671,-87
835.623,00:04,1671,-92
835.989,00:02,1672,-95
836.07,00:03,1672,-87
836.122,00:04,1672,-92
836.49,00:02,1673,-96
836.572,00:03,1673,-87
836.624,00:04,1673,-92
836.99,00:02,1674,-96
837.073,00:03,1674,-87
837.125,00:04,1674,-92
837.489,00:02,1675,-96
837.572,00:03,1675,-87
837.625,00:04,1675,-92
837.988,00:02,1676,-96
838.072,00:03,1676,-87
838.123,00:04,1676,-92
838.489,00:02,1677,-96
838.571,00:03,1677,-87
838.621,00:04,1677,-92
838.988,00:02,1678,-96
839.072,00:03,1678,-87
839.123,00:04,1678,-92
839.489,00:02,1679,-96
839.571,00:03,1679,-87
839.623,00:04,1679,-92
839.988,00:02,1680,-96
840.071,00:03,1680,-87
840.123,00:04,1680,-92
840.489,00:02,1681,-96
840.57,00:03,1681,-87
840.623,00:04,1681,-92
840.988,00:02,1682,-96
841.072,00:03,1682,-91
841.121,00:04,1682,-97
841.488,00:02,1683,-100
841.572,00:03,1683,-91
841.623,00:04,1683,-97
841.989,00:02,1684,-101
842.073,00:03,1684,-91
842.122,00:04,1684,-97
842.491,00:02,1685,-101
842.572,00:03,1685,-90
842.623,00:04,1685,-97
842.989,00:02,1686,-101
843.073,00:03,1686,-90
843.124,00:04,1686,-97
843.49,00:02,1687,-101
843.572,00:03,1687,-90
843.624,00:04,1687,-97
843.99,00:02,1688,-101
844.073,00:03,1688,-90
844.122,00:04,1688,-97
844.489,00:02,1689,-101
844.571,00:03,1689,-90
844.624,00:04,1689,-97
844.99,00:02,1690,-101
845.072,00:03,1690,-86
845.124,00:04,1690,-93
845.49,00:02,1691,-97
845.57,00:03,1691,-86
845.624,00:04,1691,-93
845.99,00:02,1692,-97
846.072,00:03,1692,-86
846.123,00:04,1692,-93
846.49,00:02,1693,-97
846.571,00:03,1693,-86
846.624,00:04,1693,-93
846.989,00:02,1694,-97
847.073,00:03,1694,-86
847.124,00:04,1694,-94
847.489,00:02,1695,-97
847.573,00:03,1695,-86
847.622,00:04,1695,-94
847.988,00:02,1696,-98
848.073,00:03,1696,-86
848.125,00:04,1696,-94
848.489,00:02,1697,-98
848.572,00:03,1697,-86
848.623,00:04,1697,-94
848.988,00:02,1698,-98
849.07,00:03,1698,-86
849.123,00:04,1698,-94
849.49,00:02,1699,-98
849.571,00:03,1699,-86
849.623,00:04,1699,-94
849.99,00:02,1700,-98
850.074,00:03,1700,-86
850.121,00:04,1700,-94
850.491,00:02,1701,-98
850.572,00:03,1701,-86
850.622,00:04,1701,-94
850.991,00:02,1702,-98
851.071,00:03,1702,-86
851.123,00:04,1702,-94
851.49,00:02,1703,-98
851.572,00:03,1703,-86
851.624,00:04,1703,-94
851.988,00:02,1704,-98
852.072,00:03,1704,-86
852.122,00:04,1704,-94
852.489,00:02,1705,-98
852.573,00:03,1705,-86
852.624,00:04,1705,-95
852.988,00:02,1706,-98
853.073,00:03,1706,-86
853.124,00:04,1706,-95
853.488,00:02,1707,-98
853.572,00:03,1707,-85
853.622,00:04,1707,-95
853.989,00:02,1708,-99
854.072,00:03,1708,-85
854.124,00:04,1708,-95
854.488,00:02,1709,-99
854.573,00:03,1709,-85
854.623,00:04,1709,-95
854.989,00:02,1710,-99
855.072,00:03,1710,-85
855.125,00:04,1710,-95
855.489,00:02,1711,-99
855.572,00:03,1711,-85
855.624,00:04,1711,-95
855.989,00:02,1712,-99
856.072,00:03,1712,-85
856.125,00:04,1712,-95
856.49,00:02,1713,-99
856.573,00:03,1713,-85
856.623,00:04,1713,-95
856.989,00:02,1714,-99
857.072,00:03,1714,-85
857.125,00:04,1714,-95
857.488,00:02,1715,-99
857.572,00:03,1715,-85
857.622,00:04,1715,-95
857.99,00:02,1716,-99
858.072,00:03,1716,-85
858.124,00:04,1716,-95
858.489,00:02,1717,-99
858.572,00:03,1717,-86
858.624,00:04,1717,-95
858.991,00:02,1718,-99
859.072,00:03,1718,-86
859.122,00:04,1718,-95
859.489,00:02,1719,-99
859.572,00:03,1719,-86
859.623,00:04,1719,-95
859.991,00:02,1720,-99
860.073,00:03,1720,-86
860.121,00:04,1720,-95
860.49,00:02,1721,-99
860.571,00:03,1721,-86
860.622,00:04,1721,-95
860.989,00:02,1722,-99
861.072,00:03,1722,-87
861.123,00:04,1722,-95
861.489,00:02,1723,-99
861.571,00:03,1723,-87
861.624,00:04,1723,-95
861.988,00:02,1724,-100
862.074,00:03,1724,-87
862.124,00:04,1724,-95
862.489,00:02,1725,-100
862.572,00:03,1725,-87
862.625,00:04,1725,-95
862.989,00:02,1726,-100
863.072,00:03,1726,-87
863.124,00:04,1726,-95
863.488,00:02,1727,-100
863.573,00:03,1727,-87
863.624,00:04,1727,-95
863.989,00:02,1728,-100
864.071,00:03,1728,-87
864.123,00:04,1728,-95
864.491,00:02,1729,-100
864.571,00:03,1729,-87
864.624,00:04,1729,-94
864.991,00:02,1730,-99
865.073,00:03,1730,-87
865.124,00:04,1730,-94
865.489,00:02,1731,-99
865.573,00:03,1731,-87
865.624,00:04,1731,-94
865.989,00:02,1732,-99
866.072,00:03,1732,-87
866.123,00:04,1732,-94
866.488,00:02,1733,-99
866.572,00:03,1733,-87
866.623,00:04,1733,-94
866.991,00:02,1734,-99
867.074,00:03,1734,-87
867.123,00:04,1734,-94
867.488,00:02,1735,-99
867.57,00:03,1735,-87
867.625,00:04,1735,-94
867.988,00:02,1736,-99
868.072,00:03,1736,-87
868.122,00:04,1736,-94
868.488,00:02,1737,-99
868.572,00:03,1737,-87
868.623,00:04,1737,-94
868.99,00:02,1738,-99
869.073,00:03,1738,-87
869.124,00:04,1738,-93
869.49,00:02,1739,-99
869.571,00:03,1739,-87
869.624,00:04,1739,-93
869.988,00:02,1740,-99
870.071,00:03,1740,-87
870.123,00:04,1740,-93
870.488,00:02,1741,-99
870.573,00:03,1741,-87
870.623,00:04,1741,-93
870.989,00:02,1742,-99
871.072,00:03,1742,-87
871.123,00:04,1742,-93
871.489,00:02,1743,-98
871.572,00:03,1743,-88
871.622,00:04,1743,-93
871.99,00:02,1744,-98
872.073,00:03,1744,-88
872.123,00:04,1744,-93
872.49,00:02,1745,-98
872.571,00:03,1745,-88
872.623,00:04,1745,-93
872.989,00:02,1746,-98
873.071,00:03,1746,-88
873.123,00:04,1746,-93
873.489,00:02,1747,-98
873.571,00:03,1747,-88
873.624,00:04,1747,-93
873.989,00:02,1748,-98
874.073,00:03,1748,-88
874.123,00:04,1748,-92
874.487,00:02,1749,-98
874.573,00:03,1749,-88
874.623,00:04,1749,-92
874.989,00:02,1750,-98
875.072,00:03,1750,-88
875.125,00:04,1750,-92
875.489,00:02,1751,-98
875.574,00:03,1751,-88
875.624,00:04,1751,-92
875.989,00:02,1752,-98
876.072,00:03,1752,-88
876.124,00:04,1752,-92
876.488,00:02,1753,-98
876.573,00:03,1753,-88
876.625,00:04,1753,-92
876.988,00:02,1754,-98
877.072,00:03,1754,-92
877.123,00:04,1754,-96
877.489,00:02,1755,-101
877.573,00:03,1755,-92
877.623,00:04,1755,-96
877.99,00:02,1756,-101
878.074,00:03,1756,-92
878.124,00:04,1756,-96
878.49,00:02,1757,-101
878.573,00:03,1757,-92
878.625,00:04,1757,-96
878.988,00:02,1758,-101
879.073,00:03,1758,-92
879.123,00:04,1758,-95
879.489,00:02,1759,-101
879.574,00:03,1759,-92
879.625,00:04,1759,-95
879.988,00:02,1760,-101
880.073,00:03,1760,-92
880.122,00:04,1760,-95
880.49,00:02,1761,-101
880.573,00:03,1761,-92
880.625,00:04,1761,-95
880.987,00:02,1762,-101
881.072,00:03,1762,-88
881.125,00:04,1762,-91
881.487,00:02,1763,-97
881.573,00:03,1763,-88
881.624,00:04,1763,-91
881.989,00:02,1764,-97
882.073,00:03,1764,-88
882.124,00:04,1764,-91
882.488,00:02,1765,-97
882.572,00:03,1765,-89
882.624,00:04,1765,-91
882.987,00:02,1766,-97
883.072,00:03,1766,-89
883.124,00:04,1766,-91
883.488,00:02,1767,-96
883.571,00:03,1767,-89
883.622,00:04,1767,-91
883.988,00:02,1768,-96
884.071,00:03,1768,-89
884.123,00:04,1768,-91
884.49,00:02,1769,-96
884.571,00:03,1769,-89
884.622,00:04,1769,-90
884.989,00:02,1770,-96
885.073,00:03,1770,-89
885.124,00:04,1770,-90
885.488,00:02,1771,-96
885.573,00:03,1771,-89
885.622,00:04,1771,-90
885.989,00:02,1772,-96
886.073,00:03,1772,-89
886.124,00:04,1772,-90
886.487,00:02,1773,-96
886.574,00:03,1773,-89
886.622,00:04,1773,-90
886.989,00:02,1774,-96
887.072,00:03,1774,-89
887.123,00:04,1774,-90
887.49,00:02,1775,-96
887.573,00:03,1775,-89
887.622,00:04,1775,-90
887.988,00:02,1776,-96
888.071,00:03,1776,-89
888.122,00:04,1776,-90
888.49,00:02,1777,-96
888.572,00:03,1777,-89
888.625,00:04,1777,-90
888.988,00:02,1778,-96
889.073,00:03,1778,-89
889.124,00:04,1778,-90
889.489,00:02,1779,-95
889.574,00:03,1779,-89
889.623,00:04,1779,-90
889.988,00:02,1780,-95
890.074,00:03,1780,-90
890.124,00:04,1780,-90
890.488,00:02,1781,-95
890.572,00:03,1781,-90
890.623,00:04,1781,-89
890.99,00:02,1782,-95
891.072,00:03,1782,-90
891.123,00:04,1782,-89
891.49,00:02,1783,-95
891.572,00:03,1783,-90
891.623,00:04,1783,-89
891.99,00:02,1784,-95
892.072,00:03,1784,-90
892.124,00:04,1784,-89
892.488,00:02,1785,-95
892.574,00:03,1785,-90
892.625,00:04,1785,-89
892.989,00:02,1786,-95
893.072,00:03,1786,-90
893.125,00:04,1786,-89
893.489,00:02,1787,-95
893.572,00:03,1787,-90
893.623,00:04,1787,-89
893.99,00:02,1788,-95
894.074,00:03,1788,-90
894.123,00:04,1788,-89
894.487,00:02,1789,-95
894.572,00:03,1789,-90
894.625,00:04,1789,-89
894.989,00:02,1790,-94
895.074,00:03,1790,-90
895.124,00:04,1790,-89
895.487,00:02,1791,-94
895.572,00:03,1791,-90
895.623,00:04,1791,-89
895.989,00:02,1792,-94
896.073,00:03,1792,-90
896.124,00:04,1792,-89
896.489,00:02,1793,-94
896.574,00:03,1793,-91
896.624,00:04,1793,-89
896.988,00:02,1794,-94
897.073,00:03,1794,-91
897.124,00:04,1794,-89
897.489,00:02,1795,-94
897.573,00:03,1795,-91
897.624,00:04,1795,-89
897.989,00:02,1796,-94
898.072,00:03,1796,-91
898.125,00:04,1796,-88
898.489,00:02,1797,-94
898.574,00:03,1797,-91
898.622,00:04,1797,-88
898.99,00:02,1798,-94
899.072,00:03,1798,-91
899.124,00:04,1798,-88
899.489,00:02,1799,-94
899.571,00:03,1799,-91
899.624,00:04,1799,-88
899.988,00:02,1800,-94
900.072,00:03,1800,-91
900.123,00:04,1800,-88
900.489,00:02,1801,-94
900.574,00:03,1801,-91
900.624,00:04,1801,-88
900.989,00:02,1802,-93
901.073,00:03,1802,-91
901.125,00:04,1802,-88
901.489,00:02,1803,-93
901.573,00:03,1803,-91
901.625,00:04,1803,-88
901.988,00:02,1804,-93
902.073,00:03,1804,-92
902.123,00:04,1804,-88
902.489,00:02,1805,-93
902.574,00:03,1805,-92
902.624,00:04,1805,-88
902.989,00:02,1806,-93
903.073,00:03,1806,-92
903.126,00:04,1806,-88
903.49,00:02,1807,-93
903.573,00:03,1807,-92
903.625,00:04,1807,-88
903.987,00:02,1808,-93
904.074,00:03,1808,-92
904.124,00:04,1808,-88
904.489,00:02,1809,-93
904.574,00:03,1809,-92
904.625,00:04,1809,-88
904.99,00:02,1810,-93
905.074,00:03,1810,-92
905.123,00:04,1810,-88
905.487,00:02,1811,-93
905.573,00:03,1811,-92
905.625,00:04,1811,-88
905.987,00:02,1812,-93
906.071,00:03,1812,-92
906.124,00:04,1812,-88
906.489,00:02,1813,-92
906.573,00:03,1813,-92
906.624,00:04,1813,-88
906.988,00:02,1814,-92
907.073,00:03,1814,-92
907.123,00:04,1814,-88
907.489,00:02,1815,-92
907.571,00:03,1815,-93
907.624,00:04,1815,-88
907.988,00:02,1816,-92
908.073,00:03,1816,-93
908.124,00:04,1816,-88
908.488,00:02,1817,-92
908.573,00:03,1817,-93
908.624,00:04,1817,-88
908.988,00:02,1818,-92
909.073,00:03,1818,-93
909.126,00:04,1818,-88
909.488,00:02,1819,-92
909.573,00:03,1819,-93
909.625,00:04,1819,-88
909.988,00:02,1820,-92
910.074,00:03,1820,-93
910.125,00:04,1820,-88
910.488,00:02,1821,-92
910.572,00:03,1821,-93
910.624,00:04,1821,-88
910.987,00:02,1822,-92
911.073,00:03,1822,-93
911.123,00:04,1822,-88
911.488,00:02,1823,-92
911.571,00:03,1823,-93
911.626,00:04,1823,-88
911.988,00:02,1824,-91
912.072,00:03,1824,-93
912.125,00:04,1824,-88
912.488,00:02,1825,-91
912.574,00:03,1825,-93
912.624,00:04,1825,-88
912.988,00:02,1826,-91
913.073,00:03,1826,-93
913.125,00:04,1826,-88
913.488,00:02,1827,-91
913.572,00:03,1827,-94
913.624,00:04,1827,-88
913.988,00:02,1828,-91
914.073,00:03,1828,-94
914.124,00:04,1828,-88
914.488,00:02,1829,-91
914.573,00:03,1829,-94
914.624,00:04,1829,-88
914.988,00:02,1830,-91
915.073,00:03,1830,-94
915.123,00:04,1830,-88
915.489,00:02,1831,-91
915.573,00:03,1831,-94
915.624,00:04,1831,-88
915.988,00:02,1832,-91
916.073,00:03,1832,-94
916.123,00:04,1832,-88
916.488,00:02,1833,-91
916.575,00:03,1833,-94
916.625,00:04,1833,-88
916.987,00:02,1834,-91
917.073,00:03,1834,-94
917.125,00:04,1834,-88
917.489,00:02,1835,-90
917.571,00:03,1835,-94
917.624,00:04,1835,-88
917.99,00:02,1836,-90
918.072,00:03,1836,-94
918.126,00:04,1836,-88
918.49,00:02,1837,-90
918.574,00:03,1837,-94
918.624,00:04,1837,-88
918.988,00:02,1838,-90
919.073,00:03,1838,-95
919.124,00:04,1838,-88
919.489,00:02,1839,-90
919.575,00:03,1839,-95
919.625,00:04,1839,-88
919.989,00:02,1840,-90
920.074,00:03,1840,-95
920.125,00:04,1840,-89
920.488,00:02,1841,-90
920.573,00:03,1841,-95
920.626,00:04,1841,-89
920.988,00:02,1842,-90
921.073,00:03,1842,-95
921.123,00:04,1842,-89
921.49,00:02,1843,-90
921.574,00:03,1843,-95
921.625,00:04,1843,-89
921.987,00:02,1844,-90
922.072,00:03,1844,-95
922.124,00:04,1844,-89
922.487,00:02,1845,-90
922.574,00:03,1845,-95
922.624,00:04,1845,-89
922.987,00:02,1846,-90
923.073,00:03,1846,-95
923.124,00:04,1846,-89
923.488,00:02,1847,-89
923.573,00:03,1847,-95
923.625,00:04,1847,-89
923.988,00:02,1848,-89
924.074,00:03,1848,-95
924.124,00:04,1848,-89
924.49,00:02,1849,-89
924.574,00:03,1849,-96
924.626,00:04,1849,-89
924.988,00:02,1850,-89
925.074,00:03,1850,-96
925.123,00:04,1850,-89
925.488,00:02,1851,-89
925.573,00:03,1851,-96
925.623,00:04,1851,-89
925.988,00:02,1852,-89
926.074,00:03,1852,-96
926.126,00:04,1852,-89
926.487,00:02,1853,-89
926.573,00:03,1853,-96
926.625,00:04,1853,-89
926.989,00:02,1854,-89
927.074,00:03,1854,-96
927.124,00:04,1854,-89
927.486,00:02,1855,-89
927.571,00:03,1855,-96
927.626,00:04,1855,-89
927.988,00:02,1856,-89
928.073,00:03,1856,-96
928.127,00:04,1856,-90
928.488,00:02,1857,-89
928.574,00:03,1857,-96
928.623,00:04,1857,-90
928.987,00:02,1858,-89
929.075,00:03,1858,-96
929.125,00:04,1858,-90
929.487,00:02,1859,-89
929.574,00:03,1859,-96
929.625,00:04,1859,-90
929.988,00:02,1860,-88
930.073,00:03,1860,-97
930.125,00:04,1860,-90
930.487,00:02,1861,-88
930.574,00:03,1861,-97
930.625,00:04,1861,-90
930.988,00:02,1862,-88
931.073,00:03,1862,-97
931.124,00:04,1862,-90
931.487,00:02,1863,-88
931.573,00:03,1863,-97
931.623,00:04,1863,-90
931.987,00:02,1864,-88
932.074,00:03,1864,-97
932.125,00:04,1864,-90
932.487,00:02,1865,-88
932.574,00:03,1865,-97
932.625,00:04,1865,-90
932.987,00:02,1866,-88
933.073,00:03,1866,-97
933.125,00:04,1866,-90
933.487,00:02,1867,-88
933.573,00:03,1867,-97
933.624,00:04,1867,-90
933.987,00:02,1868,-88
934.072,00:03,1868,-97
934.124,00:04,1868,-91
934.489,00:02,1869,-88
934.573,00:03,1869,-97
934.626,00:04,1869,-91
934.987,00:02,1870,-88
935.073,00:03,1870,-97
935.125,00:04,1870,-91
935.489,00:02,1871,-88
935.574,00:03,1871,-97
935.624,00:04,1871,-91
935.988,00:02,1872,-88
936.072,00:03,1872,-98
936.123,00:04,1872,-91
936.487,00:02,1873,-88
936.572,00:03,1873,-98
936.623,00:04,1873,-91
936.987,00:02,1874,-88
937.073,00:03,1874,-102
937.125,00:04,1874,-95
937.488,00:02,1875,-91
937.572,00:03,1875,-102
937.626,00:04,1875,-95
937.988,00:02,1876,-91
938.073,00:03,1876,-102
938.125,00:04,1876,-95
938.488,00:02,1877,-91
938.574,00:03,1877,-102
938.625,00:04,1877,-95
938.988,00:02,1878,-91
939.073,00:03,1878,-102
939.124,00:04,1878,-96
939.486,00:02,1879,-91
939.574,00:03,1879,-102
939.626,00:04,1879,-96
939.988,00:02,1880,-91
940.072,00:03,1880,-102
940.124,00:04,1880,-96
940.488,00:02,1881,-91
940.575,00:03,1881,-102
940.624,00:04,1881,-96
940.987,00:02,1882,-91
941.073,00:03,1882,-98
941.126,00:04,1882,-92
941.487,00:02,1883,-87
941.575,00:03,1883,-98
941.625,00:04,1883,-92
941.988,00:02,1884,-87
942.072,00:03,1884,-99
942.126,00:04,1884,-92
942.487,00:02,1885,-87
942.571,00:03,1885,-99
942.624,00:04,1885,-92
942.987,00:02,1886,-87
943.072,00:03,1886,-99
943.124,00:04,1886,-92
943.487,00:02,1887,-87
943.573,00:03,1887,-99
943.624,00:04,1887,-92
943.987,00:02,1888,-87
944.072,00:03,1888,-99
944.125,00:04,1888,-93
944.487,00:02,1889,-87
944.572,00:03,1889,-99
944.625,00:04,1889,-93
944.986,00:02,1890,-87
945.073,00:03,1890,-99
945.125,00:04,1890,-93
945.489,00:02,1891,-87
945.572,00:03,1891,-99
945.625,00:04,1891,-93
945.989,00:02,1892,-87
946.074,00:03,1892,-99
946.125,00:04,1892,-93
946.486,00:02,1893,-87
946.575,00:03,1893,-99
946.626,00:04,1893,-93
946.988,00:02,1894,-87
947.073,00:03,1894,-99
947.125,00:04,1894,-93
947.489,00:02,1895,-87
947.574,00:03,1895,-99
947.624,00:04,1895,-93
947.989,00:02,1896,-87
948.073,00:03,1896,-99
948.125,00:04,1896,-93
948.488,00:02,1897,-87
948.573,00:03,1897,-100
948.623,00:04,1897,-93
948.987,00:02,1898,-87
949.074,00:03,1898,-100
949.125,00:04,1898,-94
949.486,00:02,1899,-87
949.572,00:03,1899,-100
949.624,00:04,1899,-94
949.986,00:02,1900,-87
950.072,00:03,1900,-100
950.124,00:04,1900,-94
950.488,00:02,1901,-87
950.575,00:03,1901,-100
950.626,00:04,1901,-94
950.987,00:02,1902,-87
951.072,00:03,1902,-100
951.125,00:04,1902,-94
951.486,00:02,1903,-87
951.574,00:03,1903,-100
951.627,00:04,1903,-94
951.987,00:02,1904,-87
952.075,00:03,1904,-100
952.126,00:04,1904,-94
952.486,00:02,1905,-87
952.573,00:03,1905,-100
952.626,00:04,1905,-94
952.986,00:02,1906,-87
953.075,00:03,1906,-100
953.124,00:04,1906,-94
953.488,00:02,1907,-87
953.572,00:03,1907,-100
953.627,00:04,1907,-94
953.988,00:02,1908,-87
954.073,00:03,1908,-100
954.125,00:04,1908,-95
954.488,00:02,1909,-87
954.574,00:03,1909,-100
954.626,00:04,1909,-94
954.987,00:02,1910,-87
955.073,00:03,1910,-100
955.125,00:04,1910,-94
955.487,00:02,1911,-87
955.574,00:03,1911,-101
955.627,00:04,1911,-94
955.988,00:02,1912,-87
956.072,00:03,1912,-101
956.127,00:04,1912,-94
956.486,00:02,1913,-87
956.574,00:03,1913,-101
956.627,00:04,1913,-94
956.989,00:02,1914,-88
957.072,00:03,1914,-101
957.125,00:04,1914,-94
957.487,00:02,1915,-88
957.572,00:03,1915,-101
957.624,00:04,1915,-94
957.987,00:02,1916,-88
958.073,00:03,1916,-101
958.124,00:04,1916,-94
958.488,00:02,1917,-88
958.576,00:03,1917,-101
958.626,00:04,1917,-94
958.986,00:02,1918,-88
959.074,00:03,1918,-101
959.126,00:04,1918,-94
959.488,00:02,1919,-88
959.573,00:03,1919,-101
959.624,00:04,1919,-94
959.988,00:02,1920,-88
960.073,00:03,1920,-101
960.126,00:04,1920,-94
960.486,00:02,1921,-88
960.573,00:03,1921,-101
960.625,00:04,1921,-93
960.986,00:02,1922,-88
961.075,00:03,1922,-101
961.125,00:04,1922,-93
961.487,00:02,1923,-88
961.573,00:03,1923,-101
961.624,00:04,1923,-93
961.988,00:02,1924,-88
962.074,00:03,1924,-100
962.123,00:04,1924,-93
962.487,00:02,1925,-88
962.574,00:03,1925,-100
962.624,00:04,1925,-93
962.989,00:02,1926,-88
963.074,00:03,1926,-100
963.125,00:04,1926,-93
963.488,00:02,1927,-88
963.574,00:03,1927,-100
963.625,00:04,1927,-93
963.988,00:02,1928,-88
964.075,00:03,1928,-100
964.125,00:04,1928,-93
964.486,00:02,1929,-88
964.574,00:03,1929,-100
964.626,00:04,1929,-93
964.989,00:02,1930,-88
965.073,00:03,1930,-100
965.125,00:04,1930,-92
965.488,00:02,1931,-88
965.574,00:03,1931,-100
965.623,00:04,1931,-92
965.987,00:02,1932,-88
966.074,00:03,1932,-100
966.124,00:04,1932,-92
966.487,00:02,1933,-88
966.573,00:03,1933,-100
966.626,00:04,1933,-92
966.987,00:02,1934,-88
967.073,00:03,1934,-100
967.125,00:04,1934,-92
967.487,00:02,1935,-88
967.575,00:03,1935,-100
967.626,00:04,1935,-92
967.988,00:02,1936,-88
968.074,00:03,1936,-100
968.125,00:04,1936,-92
968.487,00:02,1937,-88
968.574,00:03,1937,-100
968.625,00:04,1937,-92
968.989,00:02,1938,-88
969.074,00:03,1938,-99
969.126,00:04,1938,-91
969.486,00:02,1939,-89
969.573,00:03,1939,-99
969.626,00:04,1939,-91
969.986,00:02,1940,-89
970.073,00:03,1940,-99
970.124,00:04,1940,-91
970.486,00:02,1941,-89
970.574,00:03,1941,-99
970.626,00:04,1941,-91
970.988,00:02,1942,-89
971.074,00:03,1942,-99
971.125,00:04,1942,-91
971.489,00:02,1943,-89
971.575,00:03,1943,-99
971.625,00:04,1943,-91
971.989,00:02,1944,-89
972.075,00:03,1944,-99
972.127,00:04,1944,-91
972.486,00:02,1945,-89
972.574,00:03,1945,-99
972.625,00:04,1945,-91
972.987,00:02,1946,-89
973.075,00:03,1946,-103
973.126,00:04,1946,-95
973.486,00:02,1947,-93
973.572,00:03,1947,-103
973.624,00:04,1947,-94
973.987,00:02,1948,-93
974.073,00:03,1948,-103
974.125,00:04,1948,-94
974.486,00:02,1949,-93
974.573,00:03,1949,-103
974.624,00:04,1949,-94
974.987,00:02,1950,-93
975.074,00:03,1950,-103
975.124,00:04,1950,-94
975.487,00:02,1951,-93
975.573,00:03,1951,-102
975.625,00:04,1951,-94
975.989,00:02,1952,-93
976.074,00:03,1952,-102
976.125,00:04,1952,-94
976.488,00:02,1953,-93
976.575,00:03,1953,-102
976.625,00:04,1953,-94
976.987,00:02,1954,-93
977.073,00:03,1954,-98
977.124,00:04,1954,-90
977.487,00:02,1955,-89
977.575,00:03,1955,-98
977.627,00:04,1955,-90
977.985,00:02,1956,-89
978.073,00:03,1956,-98
978.126,00:04,1956,-89
978.488,00:02,1957,-89
978.574,00:03,1957,-98
978.626,00:04,1957,-89
978.986,00:02,1958,-89
979.075,00:03,1958,-98
979.126,00:04,1958,-89
979.488,00:02,1959,-89
979.573,00:03,1959,-98
979.626,00:04,1959,-89
979.985,00:02,1960,-89
980.076,00:03,1960,-98
980.126,00:04,1960,-89
980.488,00:02,1961,-89
980.575,00:03,1961,-98
980.626,00:04,1961,-89
980.987,00:02,1962,-89
981.076,00:03,1962,-98
981.127,00:04,1962,-89
981.486,00:02,1963,-90
981.575,00:03,1963,-98
981.624,00:04,1963,-89
981.988,00:02,1964,-90
982.072,00:03,1964,-97
982.125,00:04,1964,-89
982.488,00:02,1965,-90
982.576,00:03,1965,-97
982.625,00:04,1965,-88
982.987,00:02,1966,-90
983.075,00:03,1966,-97
983.125,00:04,1966,-88
983.489,00:02,1967,-90
983.575,00:03,1967,-97
983.625,00:04,1967,-88
983.987,00:02,1968,-90
984.074,00:03,1968,-97
984.127,00:04,1968,-88
984.487,00:02,1969,-90
984.574,00:03,1969,-97
984.626,00:04,1969,-88
984.987,00:02,1970,-90
985.075,00:03,1970,-97
985.125,00:04,1970,-88
985.488,00:02,1971,-90
985.574,00:03,1971,-97
985.625,00:04,1971,-88
985.986,00:02,1972,-90
986.075,00:03,1972,-97
986.125,00:04,1972,-88
986.487,00:02,1973,-90
986.574,00:03,1973,-97
986.625,00:04,1973,-88
986.988,00:02,1974,-90
987.074,00:03,1974,-97
987.124,00:04,1974,-88
987.488,00:02,1975,-90
987.573,00:03,1975,-97
987.625,00:04,1975,-87
987.985,00:02,1976,-90
988.074,00:03,1976,-96
988.124,00:04,1976,-87
988.486,00:02,1977,-90
988.575,00:03,1977,-96
988.627,00:04,1977,-87
988.988,00:02,1978,-90
989.075,00:03,1978,-96
989.126,00:04,1978,-87
989.487,00:02,1979,-91
989.575,00:03,1979,-96
989.624,00:04,1979,-87
989.986,00:02,1980,-91
990.073,00:03,1980,-96
990.126,00:04,1980,-87
990.487,00:02,1981,-91
990.575,00:03,1981,-96
990.625,00:04,1981,-87
990.988,00:02,1982,-91
991.075,00:03,1982,-96
991.126,00:04,1982,-87
991.487,00:02,1983,-91
991.573,00:03,1983,-96
991.624,00:04,1983,-87
991.987,00:02,1984,-91
992.075,00:03,1984,-96
992.125,00:04,1984,-87
992.487,00:02,1985,-91
992.574,00:03,1985,-96
992.625,00:04,1985,-87
992.989,00:02,1986,-91
993.075,00:03,1986,-96
993.125,00:04,1986,-87
993.486,00:02,1987,-91
993.574,00:03,1987,-96
993.625,00:04,1987,-87
993.987,00:02,1988,-91
994.074,00:03,1988,-96
994.126,00:04,1988,-86
994.487,00:02,1989,-91
994.574,00:03,1989,-95
994.626,00:04,1989,-86
994.988,00:02,1990,-91
995.075,00:03,1990,-95
995.125,00:04,1990,-86
995.486,00:02,1991,-91
995.575,00:03,1991,-95
995.625,00:04,1991,-86
995.987,00:02,1992,-92
996.074,00:03,1992,-95
996.126,00:04,1992,-86
996.486,00:02,1993,-92
996.574,00:03,1993,-95
996.625,00:04,1993,-86
996.986,00:02,1994,-92
997.074,00:03,1994,-95
997.126,00:04,1994,-86
997.487,00:02,1995,-92
997.576,00:03,1995,-95
997.625,00:04,1995,-86
997.988,00:02,1996,-92
998.076,00:03,1996,-95
998.125,00:04,1996,-86
998.487,00:02,1997,-92
998.576,00:03,1997,-95
998.626,00:04,1997,-86
998.986,00:02,1998,-92
999.073,00:03,1998,-95
999.125,00:04,1998,-86
999.487,00:02,1999,-92
999.575,00:03,1999,-95
999.624,00:04,1999,-86
999.987,00:02,2000,-92
1000.07,00:03,2000,-95
1000.13,00:04,2000,-86
1000.49,00:02,2001,-92
1000.58,00:03,2001,-94
1000.63,00:04,2001,-86
1000.99,00:02,2002,-92
1001.07,00:03,2002,-94
1001.13,00:04,2002,-86
1001.49,00:02,2003,-92
1001.57,00:03,2003,-94
1001.62,00:04,2003,-86
1001.99,00:02,2004,-92
1002.07,00:03,2004,-94
1002.13,00:04,2004,-86
1002.49,00:02,2005,-93
1002.58,00:03,2005,-94
1002.63,00:04,2005,-86
1002.98,00:02,2006,-93
1003.08,00:03,2006,-94
1003.12,00:04,2006,-86
1003.49,00:02,2007,-93
1003.57,00:03,2007,-94
1003.62,00:04,2007,-86
1003.99,00:02,2008,-93
1004.07,00:03,2008,-94
1004.13,00:04,2008,-86
1004.49,00:02,2009,-93
1004.58,00:03,2009,-94
1004.63,00:04,2009,-86
1004.99,00:02,2010,-93
1005.07,00:03,2010,-94
1005.13,00:04,2010,-86
1005.49,00:02,2011,-93
1005.57,00:03,2011,-94
1005.63,00:04,2011,-86
1005.99,00:02,2012,-93
1006.08,00:03,2012,-94
1006.13,00:04,2012,-86
1006.49,00:02,2013,-93
1006.58,00:03,2013,-93
1006.63,00:04,2013,-86
1006.99,00:02,2014,-93
1007.07,00:03,2014,-93
1007.13,00:04,2014,-86
1007.49,00:02,2015,-93
1007.57,00:03,2015,-93
1007.63,00:04,2015,-86
1007.99,00:02,2016,-93
1008.07,00:03,2016,-93
1008.13,00:04,2016,-86
1008.49,00:02,2017,-94
1008.58,00:03,2017,-93
1008.63,00:04,2017,-86
1008.99,00:02,2018,-94
1009.08,00:03,2018,-93
1009.13,00:04,2018,-86
1009.49,00:02,2019,-94
1009.58,00:03,2019,-93
1009.63,00:04,2019,-86
1009.98,00:02,2020,-94
1010.08,00:03,2020,-93
1010.13,00:04,2020,-86
1010.49,00:02,2021,-94
1010.57,00:03,2021,-93
1010.63,00:04,2021,-86
1010.99,00:02,2022,-94
1011.08,00:03,2022,-93
1011.13,00:04,2022,-86
1011.49,00:02,2023,-94
1011.57,00:03,2023,-93
1011.63,00:04,2023,-86
1011.99,00:02,2024,-94
1012.07,00:03,2024,-93
1012.13,00:04,2024,-86
1012.49,00:02,2025,-94
1012.57,00:03,2025,-93
1012.63,00:04,2025,-86
1012.99,00:02,2026,-94
1013.07,00:03,2026,-92
1013.13,00:04,2026,-86
1013.49,00:02,2027,-94
1013.57,00:03,2027,-92
1013.63,00:04,2027,-86
1013.99,00:02,2028,-94
1014.08,00:03,2028,-92
1014.13,00:04,2028,-86
1014.49,00:02,2029,-94
1014.58,00:03,2029,-92
1014.63,00:04,2029,-86
1014.99,00:02,2030,-95
1015.07,00:03,2030,-92
1015.13,00:04,2030,-86
1015.49,00:02,2031,-95
1015.57,00:03,2031,-92
1015.62,00:04,2031,-86
1015.99,00:02,2032,-95
1016.08,00:03,2032,-92
1016.13,00:04,2032,-86
1016.49,00:02,2033,-95
1016.57,00:03,2033,-92
1016.63,00:04,2033,-87
1016.99,00:02,2034,-95
1017.07,00:03,2034,-92
1017.13,00:04,2034,-87
1017.49,00:02,2035,-95
1017.58,00:03,2035,-92
1017.63,00:04,2035,-87
1017.99,00:02,2036,-95
1018.07,00:03,2036,-92
1018.13,00:04,2036,-87
1018.48,00:02,2037,-95
1018.57,00:03,2037,-92
1018.63,00:04,2037,-87
1018.99,00:02,2038,-95
1019.08,00:03,2038,-92
1019.13,00:04,2038,-87
1019.48,00:02,2039,-95
1019.58,00:03,2039,-91
1019.63,00:04,2039,-87
1019.99,00:02,2040,-95
1020.07,00:03,2040,-91
1020.12,00:04,2040,-87
1020.49,00:02,2041,-95
1020.57,00:03,2041,-91
1020.63,00:04,2041,-87
1020.99,00:02,2042,-96
1021.07,00:03,2042,-91
1021.13,00:04,2042,-87
1021.49,00:02,2043,-96
1021.57,00:03,2043,-91
1021.63,00:04,2043,-87
1021.99,00:02,2044,-96
1022.07,00:03,2044,-91
1022.13,00:04,2044,-87
1022.49,00:02,2045,-96
1022.57,00:03,2045,-91
1022.63,00:04,2045,-87
1022.99,00:02,2046,-96
1023.08,00:03,2046,-91
1023.13,00:04,2046,-88
1023.49,00:02,2047,-96
1023.58,00:03,2047,-91
1023.63,00:04,2047,-88
1023.99,00:02,2048,-96
1024.07,00:03,2048,-91
1024.12,00:04,2048,-88
1024.49,00:02,2049,-96
1024.57,00:03,2049,-91
1024.62,00:04,2049,-88
1024.99,00:02,2050,-96
1025.08,00:03,2050,-91
1025.13,00:04,2050,-88
1025.49,00:02,2051,-96
1025.57,00:03,2051,-91
1025.63,00:04,2051,-88
1025.99,00:02,2052,-96
1026.08,00:03,2052,-91
1026.13,00:04,2052,-88
1026.49,00:02,2053,-96
1026.57,00:03,2053,-91
1026.63,00:04,2053,-88
1026.99,00:02,2054,-97
1027.07,00:03,2054,-91
1027.12,00:04,2054,-88
1027.48,00:02,2055,-97
1027.58,00:03,2055,-90
1027.62,00:04,2055,-88
1027.99,00:02,2056,-97
1028.07,00:03,2056,-90
1028.13,00:04,2056,-89
1028.49,00:02,2057,-97
1028.58,00:03,2057,-90
1028.63,00:04,2057,-89
1028.99,00:02,2058,-97
1029.07,00:03,2058,-90
1029.13,00:04,2058,-89
1029.49,00:02,2059,-97
1029.58,00:03,2059,-90
1029.63,00:04,2059,-89
1029.99,00:02,2060,-97
1030.07,00:03,2060,-90
1030.13,00:04,2060,-89
1030.48,00:02,2061,-97
1030.58,00:03,2061,-90
1030.63,00:04,2061,-89
1030.99,00:02,2062,-97
1031.08,00:03,2062,-90
1031.13,00:04,2062,-89
1031.49,00:02,2063,-97
1031.57,00:03,2063,-90
1031.63,00:04,2063,-89
1031.99,00:02,2064,-97
1032.08,00:03,2064,-90
1032.13,00:04,2064,-89
1032.49,00:02,2065,-97
1032.57,00:03,2065,-90
1032.63,00:04,2065,-90
1032.99,00:02,2066,-97
1033.08,00:03,2066,-94
1033.13,00:04,2066,-94
1033.49,00:02,2067,-102
1033.57,00:03,2067,-94
1033.63,00:04,2067,-94
1033.98,00:02,2068,-102
1034.08,00:03,2068,-94
1034.13,00:04,2068,-94
1034.48,00:02,2069,-102
1034.57,00:03,2069,-94
1034.63,00:04,2069,-94
1034.99,00:02,2070,-102
1035.08,00:03,2070,-94
1035.12,00:04,2070,-94
1035.49,00:02,2071,-102
1035.57,00:03,2071,-94
1035.63,00:04,2071,-94
1035.99,00:02,2072,-102
1036.07,00:03,2072,-94
1036.13,00:04,2072,-94
1036.49,00:02,2073,-102
1036.57,00:03,2073,-94
1036.62,00:04,2073,-94
1036.99,00:02,2074,-102
1037.07,00:03,2074,-90
1037.13,00:04,2074,-91
1037.49,00:02,2075,-98
1037.58,00:03,2075,-89
1037.63,00:04,2075,-91
1037.99,00:02,2076,-98
1038.08,00:03,2076,-89
1038.13,00:04,2076,-91
1038.49,00:02,2077,-98
1038.58,00:03,2077,-89
1038.63,00:04,2077,-91
1038.99,00:02,2078,-98
1039.08,00:03,2078,-89
1039.13,00:04,2078,-91
1039.49,00:02,2079,-98
1039.57,00:03,2079,-89
1039.63,00:04,2079,-91
1039.98,00:02,2080,-99
1040.07,00:03,2080,-89
1040.13,00:04,2080,-91
1040.49,00:02,2081,-99
1040.58,00:03,2081,-89
1040.63,00:04,2081,-91
1040.99,00:02,2082,-99
1041.08,00:03,2082,-89
1041.13,00:04,2082,-92
1041.49,00:02,2083,-99
1041.58,00:03,2083,-89
1041.63,00:04,2083,-92
1041.99,00:02,2084,-99
1042.07,00:03,2084,-89
1042.13,00:04,2084,-92
1042.49,00:02,2085,-99
1042.58,00:03,2085,-89
1042.63,00:04,2085,-92
1042.99,00:02,2086,-99
1043.08,00:03,2086,-89
1043.13,00:04,2086,-92
1043.49,00:02,2087,-99
1043.57,00:03,2087,-89
1043.63,00:04,2087,-92
1043.99,00:02,2088,-99
1044.08,00:03,2088,-89
1044.13,00:04,2088,-92
1044.49,00:02,2089,-99
1044.58,00:03,2089,-89
1044.63,00:04,2089,-92
1044.99,00:02,2090,-99
1045.07,00:03,2090,-89
1045.13,00:04,2090,-92
1045.49,00:02,2091,-99
1045.58,00:03,2091,-89
1045.63,00:04,2091,-93
1045.99,00:02,2092,-99
1046.08,00:03,2092,-89
1046.13,00:04,2092,-93
1046.49,00:02,2093,-99
1046.58,00:03,2093,-89
1046.63,00:04,2093,-93
1046.98,00:02,2094,-100
1047.08,00:03,2094,-89
1047.13,00:04,2094,-93
1047.48,00:02,2095,-100
1047.58,00:03,2095,-89
1047.63,00:04,2095,-93
1047.98,00:02,2096,-100
1048.08,00:03,2096,-89
1048.13,00:04,2096,-93
1048.48,00:02,2097,-100
1048.58,00:03,2097,-89
1048.63,00:04,2097,-93
1048.98,00:02,2098,-100
1049.08,00:03,2098,-89
1049.13,00:04,2098,-93
1049.48,00:02,2099,-100
1049.58,00:03,2099,-89
1049.63,00:04,2099,-94
1049.98,00:02,2100,-100
1050.07,00:03,2100,-89
1050.13,00:04,2100,-94
1050.49,00:02,2101,-100
1050.58,00:03,2101,-89
1050.63,00:04,2101,-93
1050.99,00:02,2102,-100
1051.07,00:03,2102,-89
1051.13,00:04,2102,-93
1051.49,00:02,2103,-100
1051.58,00:03,2103,-90
1051.62,00:04,2103,-93
1051.99,00:02,2104,-100
1052.07,00:03,2104,-90
1052.12,00:04,2104,-93
1052.49,00:02,2105,-100
1052.58,00:03,2105,-90
1052.63,00:04,2105,-93
1052.98,00:02,2106,-100
1053.08,00:03,2106,-90
1053.13,00:04,2106,-93
1053.49,00:02,2107,-100
1053.57,00:03,2107,-90
1053.63,00:04,2107,-93
1053.98,00:02,2108,-100
1054.08,00:03,2108,-90
1054.13,00:04,2108,-93
1054.49,00:02,2109,-100
1054.57,00:03,2109,-90
1054.63,00:04,2109,-93
1054.99,00:02,2110,-100
1055.08,00:03,2110,-91
1055.13,00:04,2110,-93
1055.48,00:02,2111,-100
1055.58,00:03,2111,-91
1055.63,00:04,2111,-93
1055.99,00:02,2112,-100
1056.07,00:03,2112,-91
1056.13,00:04,2112,-93
1056.49,00:02,2113,-100
1056.58,00:03,2113,-91
1056.63,00:04,2113,-93
1056.99,00:02,2114,-100
1057.08,00:03,2114,-91
1057.13,00:04,2114,-92
1057.49,00:02,2115,-100
1057.58,00:03,2115,-91
1057.63,00:04,2115,-92
1057.99,00:02,2116,-100
1058.08,00:03,2116,-91
1058.13,00:04,2116,-92
1058.48,00:02,2117,-100
1058.58,00:03,2117,-91
1058.63,00:04,2117,-92
1058.99,00:02,2118,-100
1059.07,00:03,2118,-91
1059.13,00:04,2118,-92
1059.49,00:02,2119,-100
1059.58,00:03,2119,-91
1059.63,00:04,2119,-92
1059.99,00:02,2120,-100
1060.08,00:03,2120,-91
1060.13,00:04,2120,-92
1060.48,00:02,2121,-100
1060.57,00:03,2121,-91
1060.63,00:04,2121,-91
1060.99,00:02,2122,-100
1061.08,00:03,2122,-91
1061.13,00:04,2122,-91
1061.49,00:02,2123,-100
1061.58,00:03,2123,-91
1061.62,00:04,2123,-91
1061.99,00:02,2124,-100
1062.08,00:03,2124,-91
1062.13,00:04,2124,-91
1062.49,00:02,2125,-100
1062.57,00:03,2125,-91
1062.63,00:04,2125,-91
1062.99,00:02,2126,-99
1063.08,00:03,2126,-91
1063.13,00:04,2126,-91
1063.48,00:02,2127,-99
1063.58,00:03,2127,-91
1063.63,00:04,2127,-91
1063.99,00:02,2128,-99
1064.08,00:03,2128,-91
1064.13,00:04,2128,-91
1064.49,00:02,2129,-99
1064.58,00:03,2129,-91
1064.63,00:04,2129,-90
1064.99,00:02,2130,-99
1065.08,00:03,2130,-91
1065.13,00:04,2130,-90
1065.49,00:02,2131,-99
1065.57,00:03,2131,-91
1065.63,00:04,2131,-90
1065.99,00:02,2132,-99
1066.07,00:03,2132,-91
1066.13,00:04,2132,-90
1066.48,00:02,2133,-99
1066.58,00:03,2133,-91
1066.63,00:04,2133,-90
1066.99,00:02,2134,-99
1067.08,00:03,2134,-91
1067.13,00:04,2134,-90
1067.49,00:02,2135,-99
1067.57,00:03,2135,-91
1067.63,00:04,2135,-90
1067.99,00:02,2136,-99
1068.08,00:03,2136,-91
1068.13,00:04,2136,-89
1068.49,00:02,2137,-99
1068.57,00:03,2137,-91
1068.63,00:04,2137,-89
1068.99,00:02,2138,-99
1069.08,00:03,2138,-95
1069.13,00:04,2138,-93
1069.48,00:02,2139,-103
1069.58,00:03,2139,-95
1069.63,00:04,2139,-93
1069.98,00:02,2140,-102
1070.08,00:03,2140,-95
1070.13,00:04,2140,-93
1070.49,00:02,2141,-102
1070.58,00:03,2141,-95
1070.63,00:04,2141,-93
1070.99,00:02,2142,-102
1071.07,00:03,2142,-95
1071.13,00:04,2142,-93
1071.49,00:02,2143,-102
1071.58,00:03,2143,-95
1071.63,00:04,2143,-93
1071.99,00:02,2144,-102
1072.07,00:03,2144,-95
1072.13,00:04,2144,-92
1072.48,00:02,2145,-102
1072.58,00:03,2145,-95
1072.63,00:04,2145,-92
1072.98,00:02,2146,-102
1073.07,00:03,2146,-91
1073.13,00:04,2146,-88
1073.48,00:02,2147,-98
1073.58,00:03,2147,-91
1073.63,00:04,2147,-88
1073.99,00:02,2148,-98
1074.08,00:03,2148,-91
1074.13,00:04,2148,-88
1074.49,00:02,2149,-98
1074.57,00:03,2149,-91
1074.63,00:04,2149,-88
1074.99,00:02,2150,-98
1075.07,00:03,2150,-91
1075.13,00:04,2150,-88
1075.48,00:02,2151,-98
1075.58,00:03,2151,-92
1075.63,00:04,2151,-87
1075.99,00:02,2152,-98
1076.08,00:03,2152,-92
1076.13,00:04,2152,-87
1076.48,00:02,2153,-98
1076.58,00:03,2153,-92
1076.63,00:04,2153,-87
1076.99,00:02,2154,-97
1077.08,00:03,2154,-92
1077.13,00:04,2154,-87
1077.49,00:02,2155,-97
1077.58,00:03,2155,-92
1077.63,00:04,2155,-87
1077.98,00:02,2156,-97
1078.07,00:03,2156,-92
1078.13,00:04,2156,-87
1078.48,00:02,2157,-97
1078.58,00:03,2157,-92
1078.63,00:04,2157,-87
1078.99,00:02,2158,-97
1079.08,00:03,2158,-92
1079.13,00:04,2158,-87
1079.49,00:02,2159,-97
1079.57,00:03,2159,-92
1079.63,00:04,2159,-86
1079.99,00:02,2160,-97
1080.08,00:03,2160,-92
1080.13,00:04,2160,-86
1080.49,00:02,2161,-97
1080.58,00:03,2161,-92
1080.63,00:04,2161,-86
1080.99,00:02,2162,-97
1081.08,00:03,2162,-92
1081.13,00:04,2162,-86
1081.48,00:02,2163,-97
1081.57,00:03,2163,-92
1081.63,00:04,2163,-86
1081.98,00:02,2164,-97
1082.08,00:03,2164,-92
1082.13,00:04,2164,-86
1082.49,00:02,2165,-97
1082.58,00:03,2165,-92
1082.63,00:04,2165,-86
1082.98,00:02,2166,-97
1083.08,00:03,2166,-92
1083.13,00:04,2166,-86
1083.49,00:02,2167,-96
1083.58,00:03,2167,-92
1083.63,00:04,2167,-85
1083.98,00:02,2168,-96
1084.08,00:03,2168,-92
1084.13,00:04,2168,-85
1084.49,00:02,2169,-96
1084.57,00:03,2169,-92
1084.63,00:04,2169,-85
1084.98,00:02,2170,-96
1085.07,00:03,2170,-93
1085.13,00:04,2170,-85
1085.49,00:02,2171,-96
1085.58,00:03,2171,-93
1085.63,00:04,2171,-85
1085.98,00:02,2172,-96
1086.08,00:03,2172,-93
1086.13,00:04,2172,-85
1086.48,00:02,2173,-96
1086.58,00:03,2173,-93
1086.63,00:04,2173,-85
1086.99,00:02,2174,-96
1087.08,00:03,2174,-93
1087.13,00:04,2174,-85
1087.49,00:02,2175,-96
1087.58,00:03,2175,-93
1087.63,00:04,2175,-85
1087.99,00:02,2176,-96
1088.08,00:03,2176,-93
1088.13,00:04,2176,-85
1088.48,00:02,2177,-96
1088.58,00:03,2177,-93
1088.63,00:04,2177,-84
1088.99,00:02,2178,-96
1089.07,00:03,2178,-93
1089.13,00:04,2178,-84
1089.49,00:02,2179,-96
1089.58,00:03,2179,-93
1089.63,00:04,2179,-84
1089.98,00:02,2180,-96
1090.08,00:03,2180,-93
1090.13,00:04,2180,-84
1090.49,00:02,2181,-95
1090.57,00:03,2181,-93
1090.63,00:04,2181,-84
1090.98,00:02,2182,-95
1091.08,00:03,2182,-93
1091.13,00:04,2182,-84
1091.49,00:02,2183,-95
1091.58,00:03,2183,-93
1091.63,00:04,2183,-84
1091.99,00:02,2184,-95
1092.08,00:03,2184,-93
1092.13,00:04,2184,-84
1092.49,00:02,2185,-95
1092.58,00:03,2185,-93
1092.63,00:04,2185,-84
1092.99,00:02,2186,-95
1093.08,00:03,2186,-94
1093.13,00:04,2186,-84
1093.49,00:02,2187,-95
1093.58,00:03,2187,-94
1093.63,00:04,2187,-84
1093.98,00:02,2188,-95
1094.08,00:03,2188,-94
1094.13,00:04,2188,-84
1094.48,00:02,2189,-95
1094.58,00:03,2189,-94
1094.63,00:04,2189,-84
1094.99,00:02,2190,-95
1095.07,00:03,2190,-94
1095.13,00:04,2190,-83
1095.48,00:02,2191,-95
1095.58,00:03,2191,-94
1095.63,00:04,2191,-83
1095.99,00:02,2192,-95
1096.08,00:03,2192,-94
1096.13,00:04,2192,-83
1096.49,00:02,2193,-95
1096.58,00:03,2193,-94
1096.63,00:04,2193,-83
1096.99,00:02,2194,-94
1097.08,00:03,2194,-94
1097.13,00:04,2194,-83
1097.48,00:02,2195,-94
1097.58,00:03,2195,-94
1097.63,00:04,2195,-83
1097.99,00:02,2196,-94
1098.08,00:03,2196,-94
1098.13,00:04,2196,-83
1098.48,00:02,2197,-94
1098.58,00:03,2197,-94
1098.63,00:04,2197,-83
1098.99,00:02,2198,-94
1099.08,00:03,2198,-94
1099.13,00:04,2198,-83
1099.48,00:02,2199,-94
1099.58,00:03,2199,-94
1099.63,00:04,2199,-83
1099.99,00:02,2200,-94
1100.07,00:03,2200,-95
1100.13,00:04,2200,-83
1100.48,00:02,2201,-94
1100.58,00:03,2201,-95
1100.63,00:04,2201,-83
1100.98,00:02,2202,-94
1101.08,00:03,2202,-95
1101.13,00:04,2202,-83
1101.48,00:02,2203,-94
1101.58,00:03,2203,-95
1101.63,00:04,2203,-83
1101.98,00:02,2204,-94
1102.08,00:03,2204,-95
1102.13,00:04,2204,-83
1102.49,00:02,2205,-94
1102.58,00:03,2205,-95
1102.63,00:04,2205,-83
1102.98,00:02,2206,-94
1103.07,00:03,2206,-95
1103.13,00:04,2206,-83
1103.49,00:02,2207,-94
1103.58,00:03,2207,-95
1103.63,00:04,2207,-83
1103.98,00:02,2208,-93
1104.08,00:03,2208,-95
1104.13,00:04,2208,-83
1104.48,00:02,2209,-93
1104.58,00:03,2209,-95
1104.63,00:04,2209,-83
1104.99,00:02,2210,-93
1105.08,00:03,2210,-95
1105.13,00:04,2210,-83
1105.48,00:02,2211,-93
1105.58,00:03,2211,-95
1105.63,00:04,2211,-83
1105.98,00:02,2212,-93
1106.08,00:03,2212,-95
1106.13,00:04,2212,-83
1106.48,00:02,2213,-93
1106.58,00:03,2213,-95
1106.63,00:04,2213,-83
1106.98,00:02,2214,-93
1107.08,00:03,2214,-96
1107.13,00:04,2214,-84
1107.49,00:02,2215,-93
1107.58,00:03,2215,-96
1107.63,00:04,2215,-84
1107.99,00:02,2216,-93
1108.08,00:03,2216,-96
1108.13,00:04,2216,-84
1108.49,00:02,2217,-93
1108.58,00:03,2217,-96
1108.63,00:04,2217,-84
1108.98,00:02,2218,-93
1109.08,00:03,2218,-96
1109.13,00:04,2218,-84
1109.49,00:02,2219,-93
1109.57,00:03,2219,-96
1109.63,00:04,2219,-84
1109.98,00:02,2220,-93
1110.08,00:03,2220,-96
1110.13,00:04,2220,-84
1110.48,00:02,2221,-93
1110.58,00:03,2221,-96
1110.63,00:04,2221,-84
1110.98,00:02,2222,-92
1111.07,00:03,2222,-96
1111.13,00:04,2222,-84
1111.48,00:02,2223,-92
1111.58,00:03,2223,-96
1111.63,00:04,2223,-84
1111.98,00:02,2224,-92
1112.08,00:03,2224,-96
1112.13,00:04,2224,-84
1112.49,00:02,2225,-92
1112.58,00:03,2225,-96
1112.63,00:04,2225,-84
1112.98,00:02,2226,-92
1113.08,00:03,2226,-96
1113.13,00:04,2226,-84
1113.49,00:02,2227,-92
1113.58,00:03,2227,-97
1113.63,00:04,2227,-84
1113.98,00:02,2228,-92
1114.08,00:03,2228,-97
1114.13,00:04,2228,-85
1114.49,00:02,2229,-92
1114.58,00:03,2229,-97
1114.63,00:04,2229,-85
1114.99,00:02,2230,-92
1115.08,00:03,2230,-97
1115.13,00:04,2230,-85
1115.49,00:02,2231,-92
1115.58,00:03,2231,-97
1115.63,00:04,2231,-85
1115.99,00:02,2232,-92
1116.07,00:03,2232,-97
1116.13,00:04,2232,-85
1116.49,00:02,2233,-92
1116.58,00:03,2233,-97
1116.63,00:04,2233,-85
1116.99,00:02,2234,-92
1117.08,00:03,2234,-97
1117.13,00:04,2234,-85
1117.49,00:02,2235,-92
1117.57,00:03,2235,-97
1117.63,00:04,2235,-85
1117.98,00:02,2236,-92
1118.08,00:03,2236,-97
1118.13,00:04,2236,-85
1118.48,00:02,2237,-92
1118.58,00:03,2237,-97
1118.63,00:04,2237,-86
1118.98,00:02,2238,-91
1119.08,00:03,2238,-97
1119.13,00:04,2238,-86
1119.48,00:02,2239,-91
1119.58,00:03,2239,-97
1119.63,00:04,2239,-86
1119.98,00:02,2240,-91
1120.08,00:03,2240,-97
1120.13,00:04,2240,-86
1120.49,00:02,2241,-91
1120.58,00:03,2241,-98
1120.63,00:04,2241,-86
1120.99,00:02,2242,-91
1121.08,00:03,2242,-98
1121.13,00:04,2242,-86
1121.48,00:02,2243,-91
1121.58,00:03,2243,-98
1121.63,00:04,2243,-86
1121.99,00:02,2244,-91
1122.08,00:03,2244,-98
1122.13,00:04,2244,-86
1122.49,00:02,2245,-91
1122.58,00:03,2245,-98
1122.63,00:04,2245,-86
1122.98,00:02,2246,-91
1123.08,00:03,2246,-98
1123.13,00:04,2246,-87
1123.48,00:02,2247,-91
1123.58,00:03,2247,-98
1123.63,00:04,2247,-87
1123.98,00:02,2248,-91
1124.08,00:03,2248,-98
1124.13,00:04,2248,-87
1124.49,00:02,2249,-91
1124.58,00:03,2249,-98
1124.63,00:04,2249,-87
1124.98,00:02,2250,-91
1125.07,00:03,2250,-98
1125.13,00:04,2250,-87
1125.48,00:02,2251,-91
1125.57,00:03,2251,-98
1125.63,00:04,2251,-87
1125.98,00:02,2252,-91
1126.08,00:03,2252,-98
1126.13,00:04,2252,-87
1126.48,00:02,2253,-91
1126.58,00:03,2253,-98
1126.63,00:04,2253,-88
1126.99,00:02,2254,-91
1127.08,00:03,2254,-99
1127.13,00:04,2254,-88
1127.49,00:02,2255,-91
1127.58,00:03,2255,-99
1127.63,00:04,2255,-88
1127.99,00:02,2256,-91
1128.08,00:03,2256,-99
1128.13,00:04,2256,-88
1128.48,00:02,2257,-91
1128.58,00:03,2257,-99
1128.63,00:04,2257,-88
1128.99,00:02,2258,-91
1129.08,00:03,2258,-103
1129.13,00:04,2258,-92
1129.48,00:02,2259,-94
1129.58,00:03,2259,-103
1129.63,00:04,2259,-92
1129.98,00:02,2260,-94
1130.08,00:03,2260,-103
1130.13,00:04,2260,-92
1130.49,00:02,2261,-94
1130.58,00:03,2261,-103
1130.63,00:04,2261,-93
1130.98,00:02,2262,-94
1131.08,00:03,2262,-103
1131.13,00:04,2262,-93
1131.49,00:02,2263,-94
1131.58,00:03,2263,-103
1131.63,00:04,2263,-93
1131.99,00:02,2264,-94
1132.08,00:03,2264,-103
1132.13,00:04,2264,-93
1132.48,00:02,2265,-94
1132.58,00:03,2265,-103
1132.63,00:04,2265,-93
1132.99,00:02,2266,-94
1133.08,00:03,2266,-99
1133.13,00:04,2266,-89
1133.48,00:02,2267,-90
1133.58,00:03,2267,-99
1133.63,00:04,2267,-89
1133.98,00:02,2268,-90
1134.08,00:03,2268,-100
1134.13,00:04,2268,-90
1134.49,00:02,2269,-90
1134.58,00:03,2269,-100
1134.63,00:04,2269,-90
1134.99,00:02,2270,-90
1135.08,00:03,2270,-100
1135.13,00:04,2270,-90
1135.48,00:02,2271,-90
1135.58,00:03,2271,-100
1135.63,00:04,2271,-90
1135.98,00:02,2272,-90
1136.08,00:03,2272,-100
1136.13,00:04,2272,-90
1136.48,00:02,2273,-90
1136.58,00:03,2273,-100
1136.63,00:04,2273,-90
1136.98,00:02,2274,-90
1137.08,00:03,2274,-100
1137.13,00:04,2274,-90
1137.48,00:02,2275,-90
1137.58,00:03,2275,-100
1137.63,00:04,2275,-90
1137.98,00:02,2276,-90
1138.08,00:03,2276,-100
1138.13,00:04,2276,-91
1138.48,00:02,2277,-90
1138.57,00:03,2277,-100
1138.63,00:04,2277,-91
1138.98,00:02,2278,-90
1139.08,00:03,2278,-100
1139.13,00:04,2278,-91
1139.48,00:02,2279,-90
1139.58,00:03,2279,-100
1139.63,00:04,2279,-91
1139.99,00:02,2280,-90
1140.08,00:03,2280,-100
1140.13,00:04,2280,-91
1140.49,00:02,2281,-90
1140.58,00:03,2281,-100
1140.63,00:04,2281,-91
1140.99,00:02,2282,-90
1141.08,00:03,2282,-101
1141.13,00:04,2282,-91
1141.48,00:02,2283,-90
1141.58,00:03,2283,-101
1141.63,00:04,2283,-92
1141.99,00:02,2284,-90
1142.08,00:03,2284,-101
1142.13,00:04,2284,-92
1142.48,00:02,2285,-90
1142.58,00:03,2285,-101
1142.63,00:04,2285,-92
1142.98,00:02,2286,-90
1143.08,00:03,2286,-101
1143.13,00:04,2286,-92
1143.48,00:02,2287,-90
1143.58,00:03,2287,-101
1143.63,00:04,2287,-92
1143.99,00:02,2288,-90
1144.07,00:03,2288,-101
1144.13,00:04,2288,-92
1144.48,00:02,2289,-90
1144.58,00:03,2289,-101
1144.63,00:04,2289,-92
1144.98,00:02,2290,-90
1145.08,00:03,2290,-101
1145.13,00:04,2290,-92
1145.48,00:02,2291,-90
1145.58,00:03,2291,-101
1145.63,00:04,2291,-93
1145.98,00:02,2292,-90
1146.08,00:03,2292,-101
1146.13,00:04,2292,-93
1146.48,00:02,2293,-90
1146.57,00:03,2293,-101
1146.63,00:04,2293,-93
1146.98,00:02,2294,-90
1147.08,00:03,2294,-101
1147.13,00:04,2294,-92
1147.48,00:02,2295,-90
1147.58,00:03,2295,-101
1147.63,00:04,2295,-92
1147.98,00:02,2296,-90
1148.08,00:03,2296,-101
1148.13,00:04,2296,-92
1148.48,00:02,2297,-91
1148.58,00:03,2297,-101
1148.63,00:04,2297,-92
1148.98,00:02,2298,-91
1149.08,00:03,2298,-101
1149.13,00:04,2298,-92
1149.49,00:02,2299,-91
1149.58,00:03,2299,-102
1149.63,00:04,2299,-92
1149.98,00:02,2300,-91
1150.08,00:03,2300,-102
1150.13,00:04,2300,-92
1150.48,00:02,2301,-91
1150.58,00:03,2301,-102
1150.63,00:04,2301,-92
1150.98,00:02,2302,-91
1151.08,00:03,2302,-102
1151.13,00:04,2302,-92
1151.48,00:02,2303,-91
1151.58,00:03,2303,-102
1151.63,00:04,2303,-92
1151.98,00:02,2304,-91
1152.08,00:03,2304,-102
1152.13,00:04,2304,-92
1152.48,00:02,2305,-91
1152.58,00:03,2305,-102
1152.63,00:04,2305,-92
1152.98,00:02,2306,-91
1153.08,00:03,2306,-102
1153.13,00:04,2306,-91
1153.48,00:02,2307,-91
1153.58,00:03,2307,-101
1153.63,00:04,2307,-91
1153.98,00:02,2308,-91
1154.08,00:03,2308,-101
1154.13,00:04,2308,-91
1154.49,00:02,2309,-91
1154.58,00:03,2309,-101
1154.63,00:04,2309,-91
1154.99,00:02,2310,-91
1155.08,00:03,2310,-101
1155.13,00:04,2310,-91
1155.48,00:02,2311,-91
1155.58,00:03,2311,-101
1155.63,00:04,2311,-91
1155.99,00:02,2312,-91
1156.08,00:03,2312,-101
1156.13,00:04,2312,-91
1156.49,00:02,2313,-91
1156.58,00:03,2313,-101
1156.63,00:04,2313,-90
1156.98,00:02,2314,-91
1157.08,00:03,2314,-101
1157.13,00:04,2314,-90
1157.48,00:02,2315,-91
1157.58,00:03,2315,-101
1157.63,00:04,2315,-90
1157.98,00:02,2316,-91
1158.08,00:03,2316,-101
1158.13,00:04,2316,-90
1158.48,00:02,2317,-91
1158.58,00:03,2317,-101
1158.63,00:04,2317,-90
1158.98,00:02,2318,-91
1159.08,00:03,2318,-101
1159.13,00:04,2318,-90
1159.49,00:02,2319,-91
1159.58,00:03,2319,-101
1159.63,00:04,2319,-90
1159.98,00:02,2320,-91
1160.08,00:03,2320,-101
1160.13,00:04,2320,-89
1160.48,00:02,2321,-91
1160.58,00:03,2321,-101
1160.63,00:04,2321,-89
1160.98,00:02,2322,-91
1161.08,00:03,2322,-100
1161.13,00:04,2322,-89
1161.48,00:02,2323,-91
1161.58,00:03,2323,-100
1161.63,00:04,2323,-89
1161.98,00:02,2324,-91
1162.08,00:03,2324,-100
1162.13,00:04,2324,-89
1162.48,00:02,2325,-91
1162.58,00:03,2325,-100
1162.63,00:04,2325,-89
1162.98,00:02,2326,-91
1163.08,00:03,2326,-100
1163.13,00:04,2326,-88
1163.48,00:02,2327,-92
1163.58,00:03,2327,-100
1163.63,00:04,2327,-88
1163.98,00:02,2328,-92
1164.08,00:03,2328,-100
1164.13,00:04,2328,-88
1164.48,00:02,2329,-92
1164.58,00:03,2329,-100
1164.63,00:04,2329,-88
1164.98,00:02,2330,-92
1165.08,00:03,2330,-104
1165.13,00:04,2330,-92
1165.48,00:02,2331,-96
1165.58,00:03,2331,-104
1165.63,00:04,2331,-92
1165.98,00:02,2332,-96
1166.08,00:03,2332,-104
1166.13,00:04,2332,-92
1166.48,00:02,2333,-96
1166.58,00:03,2333,-104
1166.63,00:04,2333,-91
1166.98,00:02,2334,-96
1167.08,00:03,2334,-104
1167.13,00:04,2334,-91
1167.49,00:02,2335,-96
1167.58,00:03,2335,-104
1167.63,00:04,2335,-91
1167.98,00:02,2336,-96
1168.08,00:03,2336,-104
1168.13,00:04,2336,-91
1168.48,00:02,2337,-96
1168.58,00:03,2337,-103
1168.63,00:04,2337,-91
1168.98,00:02,2338,-96
1169.08,00:03,2338,-99
1169.13,00:04,2338,-87
1169.48,00:02,2339,-92
1169.58,00:03,2339,-99
1169.63,00:04,2339,-86
1169.98,00:02,2340,-92
1170.08,00:03,2340,-99
1170.13,00:04,2340,-86
1170.48,00:02,2341,-92
1170.58,00:03,2341,-99
1170.63,00:04,2341,-86
1170.98,00:02,2342,-92
1171.08,00:03,2342,-99
1171.13,00:04,2342,-86
1171.48,00:02,2343,-92
1171.58,00:03,2343,-99
1171.63,00:04,2343,-86
1171.98,00:02,2344,-92
1172.08,00:03,2344,-99
1172.13,00:04,2344,-86
1172.48,00:02,2345,-92
1172.58,00:03,2345,-99
1172.63,00:04,2345,-85
1172.98,00:02,2346,-92
1173.08,00:03,2346,-99
1173.13,00:04,2346,-85
1173.48,00:02,2347,-92
1173.58,00:03,2347,-99
1173.63,00:04,2347,-85
1173.98,00:02,2348,-92
1174.08,00:03,2348,-99
1174.13,00:04,2348,-85
1174.48,00:02,2349,-92
1174.58,00:03,2349,-99
1174.63,00:04,2349,-85
1174.98,00:02,2350,-92
1175.08,00:03,2350,-99
1175.13,00:04,2350,-85
1175.48,00:02,2351,-92
1175.58,00:03,2351,-98
1175.63,00:04,2351,-84
1175.98,00:02,2352,-92
1176.08,00:03,2352,-98
1176.13,00:04,2352,-84
1176.48,00:02,2353,-92
1176.58,00:03,2353,-98
1176.63,00:04,2353,-84
1176.98,00:02,2354,-92
1177.08,00:03,2354,-98
1177.13,00:04,2354,-84
1177.48,00:02,2355,-93
1177.58,00:03,2355,-98
1177.63,00:04,2355,-84
1177.99,00:02,2356,-93
1178.08,00:03,2356,-98
1178.13,00:04,2356,-84
1178.48,00:02,2357,-93
1178.58,00:03,2357,-98
1178.63,00:04,2357,-84
1178.99,00:02,2358,-93
1179.08,00:03,2358,-98
1179.13,00:04,2358,-83
1179.48,00:02,2359,-93
1179.58,00:03,2359,-98
1179.63,00:04,2359,-83
1179.99,00:02,2360,-93
1180.08,00:03,2360,-98
1180.13,00:04,2360,-83
1180.48,00:02,2361,-93
1180.58,00:03,2361,-98
1180.63,00:04,2361,-83
1180.98,00:02,2362,-93
1181.08,00:03,2362,-98
1181.13,00:04,2362,-83
1181.48,00:02,2363,-93
1181.58,00:03,2363,-98
1181.63,00:04,2363,-83
1181.98,00:02,2364,-93
1182.08,00:03,2364,-98
1182.13,00:04,2364,-83
1182.48,00:02,2365,-93
1182.58,00:03,2365,-98
1182.63,00:04,2365,-82
1182.98,00:02,2366,-93
1183.08,00:03,2366,-97
1183.13,00:04,2366,-82
1183.48,00:02,2367,-93
1183.58,00:03,2367,-97
1183.63,00:04,2367,-82
1183.98,00:02,2368,-93
1184.08,00:03,2368,-97
1184.13,00:04,2368,-82
1184.48,00:02,2369,-93
1184.58,00:03,2369,-97
1184.63,00:04,2369,-82
1184.99,00:02,2370,-93
1185.08,00:03,2370,-97
1185.13,00:04,2370,-82
1185.48,00:02,2371,-93
1185.58,00:03,2371,-97
1185.63,00:04,2371,-82
1185.98,00:02,2372,-93
1186.08,00:03,2372,-97
1186.13,00:04,2372,-82
1186.48,00:02,2373,-93
1186.58,00:03,2373,-97
1186.63,00:04,2373,-81
1186.98,00:02,2374,-94
1187.08,00:03,2374,-97
1187.13,00:04,2374,-81
1187.48,00:02,2375,-94
1187.58,00:03,2375,-97
1187.63,00:04,2375,-81
1187.98,00:02,2376,-94
1188.08,00:03,2376,-97
1188.13,00:04,2376,-81
1188.48,00:02,2377,-94
1188.58,00:03,2377,-97
1188.63,00:04,2377,-81
1188.98,00:02,2378,-94
1189.08,00:03,2378,-97
1189.13,00:04,2378,-81
1189.49,00:02,2379,-94
1189.58,00:03,2379,-97
1189.63,00:04,2379,-81
1189.99,00:02,2380,-94
1190.08,00:03,2380,-97
1190.13,00:04,2380,-81
1190.48,00:02,2381,-94
1190.58,00:03,2381,-96
1190.63,00:04,2381,-81
1190.98,00:02,2382,-94
1191.08,00:03,2382,-96
1191.13,00:04,2382,-81
1191.48,00:02,2383,-94
1191.58,00:03,2383,-96
1191.63,00:04,2383,-81
1191.98,00:02,2384,-94
1192.08,00:03,2384,-96
1192.13,00:04,2384,-81
1192.48,00:02,2385,-94
1192.58,00:03,2385,-96
1192.63,00:04,2385,-81
1192.98,00:02,2386,-94
1193.08,00:03,2386,-96
1193.13,00:04,2386,-80
1193.49,00:02,2387,-94
1193.58,00:03,2387,-96
1193.63,00:04,2387,-80
1193.98,00:02,2388,-94
1194.08,00:03,2388,-96
1194.13,00:04,2388,-80
1194.48,00:02,2389,-94
1194.58,00:03,2389,-96
1194.63,00:04,2389,-80
1194.98,00:02,2390,-95
1195.08,00:03,2390,-96
1195.13,00:04,2390,-80
1195.48,00:02,2391,-95
1195.58,00:03,2391,-96
1195.63,00:04,2391,-80
1195.98,00:02,2392,-95
1196.08,00:03,2392,-96
1196.13,00:04,2392,-80
1196.48,00:02,2393,-95
1196.58,00:03,2393,-96
1196.63,00:04,2393,-80
1196.98,00:02,2394,-95
1197.08,00:03,2394,-96
1197.13,00:04,2394,-80
1197.48,00:02,2395,-95
1197.58,00:03,2395,-96
1197.63,00:04,2395,-80
1197.98,00:02,2396,-95
1198.08,00:03,2396,-95
1198.13,00:04,2396,-80
1198.48,00:02,2397,-95
1198.58,00:03,2397,-95
1198.63,00:04,2397,-80
1198.98,00:02,2398,-95
1199.08,00:03,2398,-95
1199.13,00:04,2398,-80
1199.48,00:02,2399,-95
1199.58,00:03,2399,-95
1199.63,00:04,2399,-80
1199.98,00:02,2400,-95
1200.08,00:03,2400,-95
1200.13,00:04,2400,-80
1200.48,00:02,2401,-95
1200.58,00:03,2401,-95
1200.63,00:04,2401,-80
1200.98,00:02,2402,-95
1201.08,00:03,2402,-95
1201.13,00:04,2402,-80
1201.48,00:02,2403,-95
1201.58,00:03,2403,-95
1201.63,00:04,2403,-81
1201.98,00:02,2404,-95
1202.08,00:03,2404,-95
1202.13,00:04,2404,-81
1202.48,00:02,2405,-96
1202.58,00:03,2405,-95
1202.63,00:04,2405,-81
1202.98,00:02,2406,-96
1203.08,00:03,2406,-95
1203.13,00:04,2406,-81
1203.48,00:02,2407,-96
1203.58,00:03,2407,-95
1203.63,00:04,2407,-81
1203.98,00:02,2408,-96
1204.08,00:03,2408,-95
1204.13,00:04,2408,-81
1204.48,00:02,2409,-96
1204.58,00:03,2409,-95
1204.63,00:04,2409,-81
1204.98,00:02,2410,-96
1205.08,00:03,2410,-95
1205.13,00:04,2410,-81
1205.48,00:02,2411,-96
1205.58,00:03,2411,-95
1205.63,00:04,2411,-81
1205.98,00:02,2412,-96
1206.08,00:03,2412,-94
1206.13,00:04,2412,-81
1206.48,00:02,2413,-96
1206.58,00:03,2413,-94
1206.63,00:04,2413,-81
1206.98,00:02,2414,-96
1207.08,00:03,2414,-94
1207.13,00:04,2414,-81
1207.48,00:02,2415,-96
1207.58,00:03,2415,-94
1207.63,00:04,2415,-82
1207.98,00:02,2416,-96
1208.08,00:03,2416,-94
1208.13,00:04,2416,-82
1208.48,00:02,2417,-96
1208.58,00:03,2417,-94
1208.63,00:04,2417,-82
1208.98,00:02,2418,-96
1209.08,00:03,2418,-94
1209.13,00:04,2418,-82
1209.48,00:02,2419,-96
1209.58,00:03,2419,-94
1209.63,00:04,2419,-82
1209.98,00:02,2420,-97
1210.08,00:03,2420,-94
1210.13,00:04,2420,-82
1210.48,00:02,2421,-97
1210.58,00:03,2421,-94
1210.63,00:04,2421,-82
1210.98,00:02,2422,-97
1211.08,00:03,2422,-94
1211.13,00:04,2422,-82
1211.48,00:02,2423,-97
1211.58,00:03,2423,-94
1211.63,00:04,2423,-83
1211.98,00:02,2424,-97
1212.08,00:03,2424,-94
1212.13,00:04,2424,-83
1212.48,00:02,2425,-97
1212.58,00:03,2425,-94
1212.63,00:04,2425,-83
1212.98,00:02,2426,-97
1213.08,00:03,2426,-94
1213.13,00:04,2426,-83
1213.48,00:02,2427,-97
1213.58,00:03,2427,-94
1213.63,00:04,2427,-83
1213.98,00:02,2428,-97
1214.08,00:03,2428,-94
1214.13,00:04,2428,-83
1214.48,00:02,2429,-97
1214.58,00:03,2429,-94
1214.63,00:04,2429,-83
1214.98,00:02,2430,-97
1215.08,00:03,2430,-93
1215.13,00:04,2430,-83
1215.48,00:02,2431,-97
1215.58,00:03,2431,-93
1215.63,00:04,2431,-84
1215.98,00:02,2432,-97
1216.08,00:03,2432,-93
1216.13,00:04,2432,-84
1216.48,00:02,2433,-97
1216.58,00:03,2433,-93
1216.63,00:04,2433,-84
1216.98,00:02,2434,-98
1217.08,00:03,2434,-93
1217.13,00:04,2434,-84
1217.48,00:02,2435,-98
1217.58,00:03,2435,-93
1217.63,00:04,2435,-84
1217.98,00:02,2436,-98
1218.08,00:03,2436,-93
1218.13,00:04,2436,-84
1218.48,00:02,2437,-98
1218.58,00:03,2437,-93
1218.63,00:04,2437,-85
1218.98,00:02,2438,-98
1219.08,00:03,2438,-93
1219.13,00:04,2438,-85
1219.48,00:02,2439,-98
1219.58,00:03,2439,-93
1219.63,00:04,2439,-85
1219.98,00:02,2440,-98
1220.08,00:03,2440,-93
1220.13,00:04,2440,-85
1220.48,00:02,2441,-98
1220.58,00:03,2441,-93
1220.63,00:04,2441,-85
1220.98,00:02,2442,-98
1221.08,00:03,2442,-93
1221.13,00:04,2442,-85
1221.48,00:02,2443,-98
1221.58,00:03,2443,-93
1221.63,00:04,2443,-86
1221.98,00:02,2444,-98
1222.08,00:03,2444,-93
1222.13,00:04,2444,-86
1222.48,00:02,2445,-98
1222.58,00:03,2445,-93
1222.63,00:04,2445,-86
1222.98,00:02,2446,-98
1223.08,00:03,2446,-93
1223.13,00:04,2446,-86
1223.48,00:02,2447,-98
1223.58,00:03,2447,-93
1223.63,00:04,2447,-86
1223.98,00:02,2448,-98
1224.08,00:03,2448,-93
1224.13,00:04,2448,-86
1224.48,00:02,2449,-99
1224.58,00:03,2449,-93
1224.63,00:04,2449,-86
1224.98,00:02,2450,-99
1225.08,00:03,2450,-97
1225.13,00:04,2450,-91
1225.48,00:02,2451,-103
1225.58,00:03,2451,-97
1225.63,00:04,2451,-91
1225.98,00:02,2452,-103
1226.08,00:03,2452,-97
1226.13,00:04,2452,-91
1226.48,00:02,2453,-103
1226.58,00:03,2453,-97
1226.63,00:04,2453,-91
1226.98,00:02,2454,-103
1227.08,00:03,2454,-96
1227.13,00:04,2454,-91
1227.48,00:02,2455,-103
1227.58,00:03,2455,-96
1227.63,00:04,2455,-91
1227.98,00:02,2456,-103
1228.08,00:03,2456,-96
1228.13,00:04,2456,-92
1228.48,00:02,2457,-103
1228.58,00:03,2457,-96
1228.63,00:04,2457,-92
1228.98,00:02,2458,-103
1229.08,00:03,2458,-92
1229.13,00:04,2458,-88
1229.48,00:02,2459,-99
1229.58,00:03,2459,-92
1229.63,00:04,2459,-88
1229.98,00:02,2460,-99
1230.08,00:03,2460,-92
1230.13,00:04,2460,-88
1230.48,00:02,2461,-99
1230.58,00:03,2461,-92
1230.63,00:04,2461,-88
1230.98,00:02,2462,-99
1231.08,00:03,2462,-92
1231.13,00:04,2462,-89
1231.48,00:02,2463,-99
1231.58,00:03,2463,-92
1231.63,00:04,2463,-89
1231.98,00:02,2464,-100
1232.08,00:03,2464,-92
1232.13,00:04,2464,-89
1232.48,00:02,2465,-100
1232.58,00:03,2465,-92
1232.63,00:04,2465,-89
1232.98,00:02,2466,-100
1233.08,00:03,2466,-92
1233.13,00:04,2466,-89
1233.48,00:02,2467,-100
1233.58,00:03,2467,-92
1233.63,00:04,2467,-89
1233.98,00:02,2468,-100
1234.08,00:03,2468,-92
1234.13,00:04,2468,-89
1234.48,00:02,2469,-100
1234.58,00:03,2469,-92
1234.63,00:04,2469,-90
1234.98,00:02,2470,-100
1235.08,00:03,2470,-92
1235.13,00:04,2470,-90
1235.48,00:02,2471,-100
1235.58,00:03,2471,-92
1235.63,00:04,2471,-90
1235.98,00:02,2472,-100
1236.08,00:03,2472,-92
1236.13,00:04,2472,-90
1236.48,00:02,2473,-100
1236.58,00:03,2473,-92
1236.63,00:04,2473,-90
1236.98,00:02,2474,-100
1237.08,00:03,2474,-92
1237.13,00:04,2474,-90
1237.48,00:02,2475,-100
1237.58,00:03,2475,-92
1237.63,00:04,2475,-91
1237.98,00:02,2476,-100
1238.08,00:03,2476,-92
1238.13,00:04,2476,-91
1238.48,00:02,2477,-100
1238.58,00:03,2477,-92
1238.63,00:04,2477,-91
1238.98,00:02,2478,-100
1239.08,00:03,2478,-92
1239.13,00:04,2478,-91
1239.48,00:02,2479,-101
1239.58,00:03,2479,-92
1239.63,00:04,2479,-91
1239.98,00:02,2480,-101
1240.08,00:03,2480,-92
1240.13,00:04,2480,-91
1240.48,00:02,2481,-101
1240.58,00:03,2481,-92
1240.63,00:04,2481,-91
1240.98,00:02,2482,-101
1241.08,00:03,2482,-92
1241.13,00:04,2482,-92
1241.48,00:02,2483,-101
1241.58,00:03,2483,-92
1241.63,00:04,2483,-92
1241.98,00:02,2484,-101
1242.08,00:03,2484,-92
1242.13,00:04,2484,-92
1242.48,00:02,2485,-101
1242.58,00:03,2485,-92
1242.63,00:04,2485,-92
1242.98,00:02,2486,-101
1243.08,00:03,2486,-92
1243.13,00:04,2486,-92
1243.48,00:02,2487,-101
1243.58,00:03,2487,-92
1243.63,00:04,2487,-92
1243.98,00:02,2488,-101
1244.08,00:03,2488,-93
1244.13,00:04,2488,-91
1244.48,00:02,2489,-101
1244.58,00:03,2489,-93
1244.63,00:04,2489,-91
1244.98,00:02,2490,-101
1245.08,00:03,2490,-93
1245.13,00:04,2490,-91
1245.48,00:02,2491,-101
1245.58,00:03,2491,-93
1245.63,00:04,2491,-91
1245.98,00:02,2492,-101
1246.08,00:03,2492,-93
1246.13,00:04,2492,-91
1246.48,00:02,2493,-101
1246.58,00:03,2493,-93
1246.63,00:04,2493,-91
1246.98,00:02,2494,-101
1247.08,00:03,2494,-93
1247.13,00:04,2494,-91
1247.48,00:02,2495,-101
1247.58,00:03,2495,-93
1247.63,00:04,2495,-91
1247.98,00:02,2496,-101
1248.08,00:03,2496,-93
1248.13,00:04,2496,-91
1248.48,00:02,2497,-101
1248.58,00:03,2497,-93
1248.63,00:04,2497,-91
1248.98,00:02,2498,-101
1249.08,00:03,2498,-93
1249.13,00:04,2498,-91
1249.48,00:02,2499,-101
1249.58,00:03,2499,-93
1249.63,00:04,2499,-90
1249.98,00:02,2500,-101
1250.08,00:03,2500,-93
1250.13,00:04,2500,-90
1250.48,00:02,2501,-101
1250.58,00:03,2501,-93
1250.63,00:04,2501,-90
1250.98,00:02,2502,-101
1251.08,00:03,2502,-93
1251.13,00:04,2502,-90
1251.48,00:02,2503,-101
1251.58,00:03,2503,-93
1251.63,00:04,2503,-90
1251.98,00:02,2504,-101
1252.08,00:03,2504,-93
1252.13,00:04,2504,-90
1252.48,00:02,2505,-101
1252.58,00:03,2505,-93
1252.63,00:04,2505,-89
1252.98,00:02,2506,-101
1253.08,00:03,2506,-93
1253.13,00:04,2506,-89
1253.48,00:02,2507,-101
1253.58,00:03,2507,-93
1253.63,00:04,2507,-89
1253.98,00:02,2508,-101
1254.08,00:03,2508,-93
1254.13,00:04,2508,-89
1254.48,00:02,2509,-101
1254.58,00:03,2509,-93
1254.63,00:04,2509,-89
1254.98,00:02,2510,-100
1255.08,00:03,2510,-93
1255.13,00:04,2510,-89
1255.48,00:02,2511,-100
1255.58,00:03,2511,-93
1255.63,00:04,2511,-88
1255.98,00:02,2512,-100
1256.08,00:03,2512,-93
1256.13,00:04,2512,-88
1256.48,00:02,2513,-100
1256.58,00:03,2513,-93
1256.63,00:04,2513,-88
1256.98,00:02,2514,-100
1257.08,00:03,2514,-93
1257.13,00:04,2514,-88
1257.48,00:02,2515,-100
1257.58,00:03,2515,-94
1257.63,00:04,2515,-88
1257.98,00:02,2516,-100
1258.08,00:03,2516,-94
1258.13,00:04,2516,-88
1258.48,00:02,2517,-100
1258.58,00:03,2517,-94
1258.63,00:04,2517,-87
1258.98,00:02,2518,-100
1259.08,00:03,2518,-94
1259.13,00:04,2518,-87
1259.48,00:02,2519,-100
1259.58,00:03,2519,-94
1259.63,00:04,2519,-87
1259.98,00:02,2520,-100
1260.08,00:03,2520,-94
1260.13,00:04,2520,-87
1260.48,00:02,2521,-100
1260.58,00:03,2521,-94
1260.63,00:04,2521,-87
1260.98,00:02,2522,-100
1261.08,00:03,2522,-98
1261.13,00:04,2522,-91
1261.48,00:02,2523,-104
1261.58,00:03,2523,-98
1261.63,00:04,2523,-90
1261.98,00:02,2524,-104
1262.08,00:03,2524,-98
1262.13,00:04,2524,-90
1262.48,00:02,2525,-104
1262.58,00:03,2525,-98
1262.63,00:04,2525,-90
1262.98,00:02,2526,-103
1263.08,00:03,2526,-98
1263.13,00:04,2526,-90
1263.48,00:02,2527,-103
1263.58,00:03,2527,-98
1263.63,00:04,2527,-90
1263.98,00:02,2528,-103
1264.08,00:03,2528,-98
1264.13,00:04,2528,-89
1264.48,00:02,2529,-103
1264.58,00:03,2529,-98
1264.63,00:04,2529,-89
1264.98,00:02,2530,-103
1265.08,00:03,2530,-94
1265.13,00:04,2530,-85
1265.48,00:02,2531,-99
1265.58,00:03,2531,-94
1265.63,00:04,2531,-85
1265.98,00:02,2532,-99
1266.08,00:03,2532,-94
1266.13,00:04,2532,-85
1266.48,00:02,2533,-99
1266.58,00:03,2533,-94
1266.63,00:04,2533,-84
1266.98,00:02,2534,-99
1267.08,00:03,2534,-94
1267.13,00:04,2534,-84
1267.48,00:02,2535,-99
1267.58,00:03,2535,-94
1267.63,00:04,2535,-84
1267.98,00:02,2536,-99
1268.08,00:03,2536,-94
1268.13,00:04,2536,-84
1268.48,00:02,2537,-99
1268.58,00:03,2537,-94
1268.63,00:04,2537,-84
1268.98,00:02,2538,-99
1269.08,00:03,2538,-94
1269.13,00:04,2538,-83
1269.48,00:02,2539,-99
1269.58,00:03,2539,-94
1269.63,00:04,2539,-83
1269.98,00:02,2540,-99
1270.08,00:03,2540,-94
1270.13,00:04,2540,-83
1270.48,00:02,2541,-99
1270.58,00:03,2541,-94
1270.63,00:04,2541,-83
1270.98,00:02,2542,-98
1271.08,00:03,2542,-94
1271.13,00:04,2542,-83
1271.48,00:02,2543,-98
1271.58,00:03,2543,-94
1271.63,00:04,2543,-82
1271.98,00:02,2544,-98
1272.08,00:03,2544,-94
1272.13,00:04,2544,-82
1272.48,00:02,2545,-98
1272.58,00:03,2545,-94
1272.63,00:04,2545,-82
1272.98,00:02,2546,-98
1273.08,00:03,2546,-94
1273.13,00:04,2546,-82
1273.48,00:02,2547,-98
1273.58,00:03,2547,-94
1273.63,00:04,2547,-82
1273.98,00:02,2548,-98
1274.08,00:03,2548,-95
1274.13,00:04,2548,-82
1274.48,00:02,2549,-98
1274.58,00:03,2549,-95
1274.63,00:04,2549,-81
1274.98,00:02,2550,-98
1275.08,00:03,2550,-95
1275.13,00:04,2550,-81
1275.48,00:02,2551,-98
1275.58,00:03,2551,-95
1275.63,00:04,2551,-81
1275.98,00:02,2552,-98
1276.08,00:03,2552,-95
1276.13,00:04,2552,-81
1276.48,00:02,2553,-98
1276.58,00:03,2553,-95
1276.63,00:04,2553,-81
1276.98,00:02,2554,-98
1277.08,00:03,2554,-95
1277.13,00:04,2554,-80
1277.48,00:02,2555,-98
1277.58,00:03,2555,-95
1277.63,00:04,2555,-80
1277.98,00:02,2556,-98
1278.08,00:03,2556,-95
1278.13,00:04,2556,-80
1278.48,00:02,2557,-97
1278.58,00:03,2557,-95
1278.63,00:04,2557,-80
1278.98,00:02,2558,-97
1279.08,00:03,2558,-95
1279.13,00:04,2558,-80
1279.48,00:02,2559,-97
1279.58,00:03,2559,-95
1279.63,00:04,2559,-79
1279.98,00:02,2560,-97
1280.08,00:03,2560,-95
1280.13,00:04,2560,-79
1280.48,00:02,2561,-97
1280.58,00:03,2561,-95
1280.63,00:04,2561,-79
1280.98,00:02,2562,-97
1281.08,00:03,2562,-95
1281.13,00:04,2562,-79
1281.48,00:02,2563,-97
1281.58,00:03,2563,-95
1281.63,00:04,2563,-79
1281.98,00:02,2564,-97
1282.08,00:03,2564,-95
1282.13,00:04,2564,-79
1282.48,00:02,2565,-97
1282.58,00:03,2565,-95
1282.63,00:04,2565,-78
1282.98,00:02,2566,-97
1283.08,00:03,2566,-95
1283.13,00:04,2566,-78
1283.48,00:02,2567,-97
1283.58,00:03,2567,-95
1283.63,00:04,2567,-78
1283.98,00:02,2568,-97
1284.08,00:03,2568,-95
1284.13,00:04,2568,-78
1284.48,00:02,2569,-97
1284.58,00:03,2569,-96
1284.63,00:04,2569,-78
1284.98,00:02,2570,-97
1285.08,00:03,2570,-96
1285.13,00:04,2570,-78
1285.48,00:02,2571,-97
1285.58,00:03,2571,-96
1285.63,00:04,2571,-78
1285.98,00:02,2572,-97
1286.08,00:03,2572,-96
1286.13,00:04,2572,-78
1286.48,00:02,2573,-96
1286.58,00:03,2573,-96
1286.63,00:04,2573,-77
1286.98,00:02,2574,-96
1287.08,00:03,2574,-96
1287.13,00:04,2574,-77
1287.48,00:02,2575,-96
1287.58,00:03,2575,-96
1287.63,00:04,2575,-77
1287.98,00:02,2576,-96
1288.08,00:03,2576,-96
1288.13,00:04,2576,-77
1288.48,00:02,2577,-96
1288.58,00:03,2577,-96
1288.63,00:04,2577,-77
1288.98,00:02,2578,-96
1289.08,00:03,2578,-96
1289.13,00:04,2578,-77
1289.48,00:02,2579,-96
1289.58,00:03,2579,-96
1289.63,00:04,2579,-77
1289.98,00:02,2580,-96
1290.08,00:03,2580,-96
1290.13,00:04,2580,-77
1290.48,00:02,2581,-96
1290.58,00:03,2581,-96
1290.63,00:04,2581,-77
1290.98,00:02,2582,-96
1291.08,00:03,2582,-96
1291.13,00:04,2582,-77
1291.48,00:02,2583,-96
1291.58,00:03,2583,-96
1291.63,00:04,2583,-77
1291.98,00:02,2584,-96
1292.08,00:03,2584,-96
1292.13,00:04,2584,-77
1292.48,00:02,2585,-96
1292.58,00:03,2585,-96
1292.63,00:04,2585,-77
1292.98,00:02,2586,-96
1293.08,00:03,2586,-96
1293.13,00:04,2586,-77
1293.48,00:02,2587,-96
1293.58,00:03,2587,-97
1293.63,00:04,2587,-77
1293.98,00:02,2588,-96
1294.08,00:03,2588,-97
1294.13,00:04,2588,-77
1294.48,00:02,2589,-96
1294.58,00:03,2589,-97
1294.63,00:04,2589,-77
1294.98,00:02,2590,-95
1295.08,00:03,2590,-97
1295.13,00:04,2590,-77
1295.48,00:02,2591,-95
1295.58,00:03,2591,-97
1295.63,00:04,2591,-77
1295.98,00:02,2592,-95
1296.08,00:03,2592,-97
1296.13,00:04,2592,-77
1296.48,00:02,2593,-95
1296.58,00:03,2593,-97
1296.63,00:04,2593,-77
1296.98,00:02,2594,-95
1297.08,00:03,2594,-97
1297.13,00:04,2594,-77
1297.48,00:02,2595,-95
1297.58,00:03,2595,-97
1297.63,00:04,2595,-77
1297.98,00:02,2596,-95
1298.08,00:03,2596,-97
1298.13,00:04,2596,-77
1298.48,00:02,2597,-95
1298.58,00:03,2597,-97
1298.63,00:04,2597,-77
1298.98,00:02,2598,-95
1299.08,00:03,2598,-97
1299.13,00:04,2598,-77
1299.48,00:02,2599,-95
1299.58,00:03,2599,-97
1299.63,00:04,2599,-77
1299.98,00:02,2600,-95
1300.08,00:03,2600,-97
1300.13,00:04,2600,-78
1300.48,00:02,2601,-95
1300.58,00:03,2601,-97
1300.63,00:04,2601,-78
1300.98,00:02,2602,-95
1301.08,00:03,2602,-97
1301.13,00:04,2602,-78
1301.48,00:02,2603,-95
1301.58,00:03,2603,-98
1301.63,00:04,2603,-78
1301.98,00:02,2604,-95
1302.08,00:03,2604,-98
1302.13,00:04,2604,-78
1302.48,00:02,2605,-95
1302.58,00:03,2605,-98
1302.63,00:04,2605,-78
1302.98,00:02,2606,-95
1303.08,00:03,2606,-98
1303.13,00:04,2606,-78
1303.48,00:02,2607,-95
1303.58,00:03,2607,-98
1303.63,00:04,2607,-79
1303.98,00:02,2608,-94
1304.08,00:03,2608,-98
1304.13,00:04,2608,-79
1304.48,00:02,2609,-94
1304.58,00:03,2609,-98
1304.63,00:04,2609,-79
1304.98,00:02,2610,-94
1305.08,00:03,2610,-98
1305.13,00:04,2610,-79
1305.48,00:02,2611,-94
1305.58,00:03,2611,-98
1305.63,00:04,2611,-79
1305.98,00:02,2612,-94
1306.08,00:03,2612,-98
1306.13,00:04,2612,-79
1306.48,00:02,2613,-94
1306.58,00:03,2613,-98
1306.63,00:04,2613,-80
1306.98,00:02,2614,-94
1307.08,00:03,2614,-98
1307.13,00:04,2614,-80
1307.48,00:02,2615,-94
1307.58,00:03,2615,-98
1307.63,00:04,2615,-80
1307.98,00:02,2616,-94
1308.08,00:03,2616,-98
1308.13,00:04,2616,-80
1308.48,00:02,2617,-94
1308.58,00:03,2617,-98
1308.63,00:04,2617,-80
1308.98,00:02,2618,-94
1309.08,00:03,2618,-98
1309.13,00:04,2618,-80
1309.48,00:02,2619,-94
1309.58,00:03,2619,-99
1309.63,00:04,2619,-81
1309.98,00:02,2620,-94
1310.08,00:03,2620,-99
1310.13,00:04,2620,-81
1310.48,00:02,2621,-94
1310.58,00:03,2621,-99
1310.63,00:04,2621,-81
1310.98,00:02,2622,-94
1311.08,00:03,2622,-99
1311.13,00:04,2622,-81
1311.48,00:02,2623,-94
1311.58,00:03,2623,-99
1311.63,00:04,2623,-81
1311.98,00:02,2624,-94
1312.08,00:03,2624,-99
1312.13,00:04,2624,-82
1312.48,00:02,2625,-94
1312.58,00:03,2625,-99
1312.63,00:04,2625,-82
1312.98,00:02,2626,-94
1313.08,00:03,2626,-99
1313.13,00:04,2626,-82
1313.48,00:02,2627,-94
1313.58,00:03,2627,-99
1313.63,00:04,2627,-82
1313.98,00:02,2628,-94
1314.08,00:03,2628,-99
1314.13,00:04,2628,-82
1314.48,00:02,2629,-94
1314.58,00:03,2629,-99
1314.63,00:04,2629,-83
1314.98,00:02,2630,-93
1315.08,00:03,2630,-99
1315.13,00:04,2630,-83
1315.48,00:02,2631,-93
1315.58,00:03,2631,-99
1315.63,00:04,2631,-83
1315.98,00:02,2632,-93
1316.08,00:03,2632,-99
1316.13,00:04,2632,-83
1316.48,00:02,2633,-93
1316.58,00:03,2633,-99
1316.63,00:04,2633,-83
1316.98,00:02,2634,-93
1317.08,00:03,2634,-99
1317.13,00:04,2634,-84
1317.48,00:02,2635,-93
1317.58,00:03,2635,-100
1317.63,00:04,2635,-84
1317.98,00:02,2636,-93
1318.08,00:03,2636,-100
1318.13,00:04,2636,-84
1318.48,00:02,2637,-93
1318.58,00:03,2637,-100
1318.63,00:04,2637,-84
1318.98,00:02,2638,-93
1319.08,00:03,2638,-100
1319.13,00:04,2638,-84
1319.48,00:02,2639,-93
1319.58,00:03,2639,-100
1319.63,00:04,2639,-85
1319.98,00:02,2640,-93
1320.08,00:03,2640,-100
1320.13,00:04,2640,-85
1320.48,00:02,2641,-93
1320.58,00:03,2641,-100
1320.63,00:04,2641,-85
1320.98,00:02,2642,-93
1321.08,00:03,2642,-100
1321.13,00:04,2642,-85
1321.48,00:02,2643,-93
1321.58,00:03,2643,-100
1321.63,00:04,2643,-85
1321.98,00:02,2644,-93
1322.08,00:03,2644,-100
1322.13,00:04,2644,-85
1322.48,00:02,2645,-93
1322.58,00:03,2645,-100
1322.63,00:04,2645,-86
1322.98,00:02,2646,-93
1323.08,00:03,2646,-100
1323.13,00:04,2646,-86
1323.48,00:02,2647,-93
1323.58,00:03,2647,-100
1323.63,00:04,2647,-86
1323.98,00:02,2648,-93
1324.08,00:03,2648,-100
1324.13,00:04,2648,-86
1324.48,00:02,2649,-93
1324.58,00:03,2649,-100
1324.63,00:04,2649,-86
1324.98,00:02,2650,-93
1325.08,00:03,2650,-101
1325.13,00:04,2650,-87
1325.48,00:02,2651,-93
1325.58,00:03,2651,-101
1325.63,00:04,2651,-87
1325.98,00:02,2652,-93
1326.08,00:03,2652,-101
1326.13,00:04,2652,-87
1326.48,00:02,2653,-93
1326.58,00:03,2653,-101
1326.63,00:04,2653,-87
1326.98,00:02,2654,-93
1327.08,00:03,2654,-101
1327.13,00:04,2654,-87
1327.48,00:02,2655,-93
1327.58,00:03,2655,-101
1327.63,00:04,2655,-88
1327.98,00:02,2656,-93
1328.08,00:03,2656,-101
1328.13,00:04,2656,-88
1328.48,00:02,2657,-93
1328.58,00:03,2657,-101
1328.63,00:04,2657,-88
1328.98,00:02,2658,-93
1329.08,00:03,2658,-101
1329.13,00:04,2658,-88
1329.48,00:02,2659,-93
1329.58,00:03,2659,-101
1329.63,00:04,2659,-88
1329.98,00:02,2660,-93
1330.08,00:03,2660,-101
1330.13,00:04,2660,-88
1330.48,00:02,2661,-93
1330.58,00:03,2661,-101
1330.63,00:04,2661,-89
1330.98,00:02,2662,-93
1331.08,00:03,2662,-101
1331.13,00:04,2662,-89
1331.48,00:02,2663,-93
1331.58,00:03,2663,-101
1331.63,00:04,2663,-89
1331.98,00:02,2664,-93
1332.08,00:03,2664,-101
1332.13,00:04,2664,-89
1332.48,00:02,2665,-93
1332.58,00:03,2665,-101
1332.63,00:04,2665,-89
1332.98,00:02,2666,-93
1333.08,00:03,2666,-102
1333.13,00:04,2666,-89
1333.48,00:02,2667,-93
1333.58,00:03,2667,-102
1333.63,00:04,2667,-90
1333.98,00:02,2668,-93
1334.08,00:03,2668,-102
1334.13,00:04,2668,-90
1334.48,00:02,2669,-93
1334.58,00:03,2669,-102
1334.63,00:04,2669,-90
1334.98,00:02,2670,-93
1335.08,00:03,2670,-102
1335.13,00:04,2670,-90
1335.48,00:02,2671,-93
1335.58,00:03,2671,-102
1335.63,00:04,2671,-90
1335.98,00:02,2672,-93
1336.08,00:03,2672,-102
1336.13,00:04,2672,-90
1336.48,00:02,2673,-93
1336.58,00:03,2673,-102
1336.63,00:04,2673,-91
1336.98,00:02,2674,-93
1337.08,00:03,2674,-102
1337.13,00:04,2674,-91
1337.48,00:02,2675,-93
1337.58,00:03,2675,-102
1337.63,00:04,2675,-91
1337.98,00:02,2676,-93
1338.08,00:03,2676,-102
1338.13,00:04,2676,-91
1338.48,00:02,2677,-93
1338.58,00:03,2677,-102
1338.63,00:04,2677,-91
1338.98,00:02,2678,-93
1339.08,00:03,2678,-102
1339.13,00:04,2678,-91
1339.48,00:02,2679,-93
1339.58,00:03,2679,-102
1339.63,00:04,2679,-91
1339.98,00:02,2680,-93
1340.08,00:03,2680,-102
1340.13,00:04,2680,-91
1340.48,00:02,2681,-93
1340.58,00:03,2681,-102
1340.63,00:04,2681,-91
1340.98,00:02,2682,-93
1341.08,00:03,2682,-102
1341.13,00:04,2682,-91
1341.48,00:02,2683,-93
1341.58,00:03,2683,-102
1341.63,00:04,2683,-90
1341.98,00:02,2684,-94
1342.08,00:03,2684,-103
1342.13,00:04,2684,-90
1342.48,00:02,2685,-94
1342.58,00:03,2685,-103
1342.63,00:04,2685,-90
1342.98,00:02,2686,-94
1343.08,00:03,2686,-103
1343.13,00:04,2686,-90
1343.48,00:02,2687,-94
1343.58,00:03,2687,-103
1343.63,00:04,2687,-90
1343.98,00:02,2688,-94
1344.08,00:03,2688,-103
1344.13,00:04,2688,-90
1344.48,00:02,2689,-94
1344.58,00:03,2689,-103
1344.63,00:04,2689,-90
1344.98,00:02,2690,-94
1345.08,00:03,2690,-102
1345.13,00:04,2690,-90
1345.48,00:02,2691,-94
1345.58,00:03,2691,-102
1345.63,00:04,2691,-90
1345.98,00:02,2692,-94
1346.08,00:03,2692,-102
1346.13,00:04,2692,-90
1346.48,00:02,2693,-94
1346.58,00:03,2693,-102
1346.63,00:04,2693,-89
1346.98,00:02,2694,-94
1347.13,00:04,2694,-96
1347.48,00:02,2695,-101
1347.63,00:04,2695,-96
1347.98,00:02,2696,-101
1348.13,00:04,2696,-96
1348.48,00:02,2697,-101
1348.58,00:03,2697,-109
1348.63,00:04,2697,-96
1348.98,00:02,2698,-101
1349.13,00:04,2698,-95
1349.48,00:02,2699,-101
1349.58,00:03,2699,-109
1349.63,00:04,2699,-95
1349.98,00:02,2700,-101
1350.08,00:03,2700,-109
1350.13,00:04,2700,-95
1350.48,00:02,2701,-101
1350.63,00:04,2701,-95
1350.98,00:02,2702,-101
1351.08,00:03,2702,-109
1351.13,00:04,2702,-95
1351.48,00:02,2703,-101
1351.63,00:04,2703,-95
1351.98,00:02,2704,-101
1352.13,00:04,2704,-94
1352.48,00:02,2705,-101
1352.63,00:04,2705,-94
1352.98,00:02,2706,-101
1353.08,00:03,2706,-109
1353.13,00:04,2706,-94
1353.48,00:02,2707,-101
1353.63,00:04,2707,-94
1353.98,00:02,2708,-101
1354.08,00:03,2708,-108
1354.13,00:04,2708,-94
1354.48,00:02,2709,-101
1354.63,00:04,2709,-93
1354.98,00:02,2710,-101
1355.13,00:04,2710,-93
1355.48,00:02,2711,-101
1355.58,00:03,2711,-108
1355.63,00:04,2711,-93
1355.98,00:02,2712,-101
1356.13,00:04,2712,-93
1356.48,00:02,2713,-101
1356.63,00:04,2713,-93
1356.98,00:02,2714,-101
1357.08,00:03,2714,-108
1357.13,00:04,2714,-92
1357.48,00:02,2715,-101
1357.58,00:03,2715,-108
1357.63,00:04,2715,-92
1357.98,00:02,2716,-101
1358.08,00:03,2716,-108
1358.13,00:04,2716,-92
1358.48,00:02,2717,-101
1358.58,00:03,2717,-108
1358.63,00:04,2717,-92
1358.98,00:02,2718,-101
1359.08,00:03,2718,-101
1359.13,00:04,2718,-84
1359.48,00:02,2719,-94
1359.58,00:03,2719,-101
1359.63,00:04,2719,-84
1359.98,00:02,2720,-94
1360.08,00:03,2720,-101
1360.13,00:04,2720,-84
1360.48,00:02,2721,-94
1360.58,00:03,2721,-101
1360.63,00:04,2721,-84
1360.98,00:02,2722,-94
1361.08,00:03,2722,-101
1361.13,00:04,2722,-84
1361.48,00:02,2723,-94
1361.58,00:03,2723,-101
1361.63,00:04,2723,-83
1361.98,00:02,2724,-94
1362.08,00:03,2724,-100
1362.13,00:04,2724,-83
1362.48,00:02,2725,-94
1362.58,00:03,2725,-100
1362.63,00:04,2725,-83
1362.98,00:02,2726,-94
1363.08,00:03,2726,-100
1363.13,00:04,2726,-83
1363.48,00:02,2727,-94
1363.58,00:03,2727,-100
1363.63,00:04,2727,-82
1363.98,00:02,2728,-94
1364.08,00:03,2728,-100
1364.13,00:04,2728,-82
1364.48,00:02,2729,-94
1364.58,00:03,2729,-100
1364.63,00:04,2729,-82
1364.98,00:02,2730,-94
1365.08,00:03,2730,-100
1365.13,00:04,2730,-82
1365.48,00:02,2731,-95
1365.58,00:03,2731,-100
1365.63,00:04,2731,-81
1365.98,00:02,2732,-95
1366.08,00:03,2732,-100
1366.13,00:04,2732,-81
1366.48,00:02,2733,-95
1366.58,00:03,2733,-100
1366.63,00:04,2733,-81
1366.98,00:02,2734,-95
1367.08,00:03,2734,-100
1367.13,00:04,2734,-81
1367.48,00:02,2735,-95
1367.58,00:03,2735,-100
1367.63,00:04,2735,-80
1367.98,00:02,2736,-95
1368.08,00:03,2736,-100
1368.13,00:04,2736,-80
1368.48,00:02,2737,-95
1368.58,00:03,2737,-100
1368.63,00:04,2737,-80
1368.98,00:02,2738,-95
1369.08,00:03,2738,-100
1369.13,00:04,2738,-80
1369.48,00:02,2739,-95
1369.58,00:03,2739,-100
1369.63,00:04,2739,-79
1369.98,00:02,2740,-95
1370.08,00:03,2740,-100
1370.13,00:04,2740,-79
1370.48,00:02,2741,-95
1370.58,00:03,2741,-99
1370.63,00:04,2741,-79
1370.98,00:02,2742,-95
1371.08,00:03,2742,-99
1371.13,00:04,2742,-79
1371.48,00:02,2743,-95
1371.58,00:03,2743,-99
1371.63,00:04,2743,-78
1371.98,00:02,2744,-95
1372.08,00:03,2744,-99
1372.13,00:04,2744,-78
1372.48,00:02,2745,-95
1372.58,00:03,2745,-99
1372.63,00:04,2745,-78
1372.98,00:02,2746,-95
1373.08,00:03,2746,-99
1373.13,00:04,2746,-78
1373.48,00:02,2747,-95
1373.58,00:03,2747,-99
1373.63,00:04,2747,-77
1373.98,00:02,2748,-95
1374.08,00:03,2748,-99
1374.13,00:04,2748,-77
1374.48,00:02,2749,-95
1374.58,00:03,2749,-99
1374.63,00:04,2749,-77
1374.98,00:02,2750,-95
1375.08,00:03,2750,-99
1375.13,00:04,2750,-77
1375.48,00:02,2751,-95
1375.58,00:03,2751,-99
1375.63,00:04,2751,-76
1375.98,00:02,2752,-95
1376.08,00:03,2752,-99
1376.13,00:04,2752,-76
1376.48,00:02,2753,-95
1376.58,00:03,2753,-99
1376.63,00:04,2753,-76
1376.98,00:02,2754,-95
1377.08,00:03,2754,-99
1377.13,00:04,2754,-76
1377.48,00:02,2755,-95
1377.58,00:03,2755,-99
1377.63,00:04,2755,-75
1377.98,00:02,2756,-95
1378.08,00:03,2756,-99
1378.13,00:04,2756,-75
1378.48,00:02,2757,-96
1378.58,00:03,2757,-99
1378.63,00:04,2757,-75
1378.98,00:02,2758,-96
1379.08,00:03,2758,-98
1379.13,00:04,2758,-75
1379.48,00:02,2759,-96
1379.58,00:03,2759,-98
1379.63,00:04,2759,-75
1379.98,00:02,2760,-96
1380.08,00:03,2760,-98
1380.13,00:04,2760,-74
1380.48,00:02,2761,-96
1380.58,00:03,2761,-98
1380.63,00:04,2761,-74
1380.98,00:02,2762,-96
1381.08,00:03,2762,-98
1381.13,00:04,2762,-74
1381.48,00:02,2763,-96
1381.58,00:03,2763,-98
1381.63,00:04,2763,-74
1381.98,00:02,2764,-96
1382.08,00:03,2764,-98
1382.13,00:04,2764,-74
1382.48,00:02,2765,-96
1382.58,00:03,2765,-98
1382.63,00:04,2765,-73
1382.98,00:02,2766,-96
1383.08,00:03,2766,-98
1383.13,00:04,2766,-73
1383.48,00:02,2767,-96
1383.58,00:03,2767,-98
1383.63,00:04,2767,-73
1383.98,00:02,2768,-96
1384.08,00:03,2768,-98
1384.13,00:04,2768,-73
1384.48,00:02,2769,-96
1384.58,00:03,2769,-98
1384.63,00:04,2769,-73
1384.98,00:02,2770,-96
1385.08,00:03,2770,-98
1385.13,00:04,2770,-73
1385.48,00:02,2771,-96
1385.58,00:03,2771,-98
1385.63,00:04,2771,-73
1385.98,00:02,2772,-96
1386.08,00:03,2772,-98
1386.13,00:04,2772,-73
1386.48,00:02,2773,-96
1386.58,00:03,2773,-98
1386.63,00:04,2773,-73
1386.98,00:02,2774,-96
1387.08,00:03,2774,-98
1387.13,00:04,2774,-73
1387.48,00:02,2775,-96
1387.58,00:03,2775,-98
1387.63,00:04,2775,-73
1387.98,00:02,2776,-96
1388.08,00:03,2776,-97
1388.13,00:04,2776,-73
1388.48,00:02,2777,-97
1388.58,00:03,2777,-97
1388.63,00:04,2777,-73
1388.98,00:02,2778,-97
1389.08,00:03,2778,-97
1389.13,00:04,2778,-73
1389.48,00:02,2779,-97
1389.58,00:03,2779,-97
1389.63,00:04,2779,-73
1389.98,00:02,2780,-97
1390.08,00:03,2780,-97
1390.13,00:04,2780,-73
1390.48,00:02,2781,-97
1390.58,00:03,2781,-97
1390.63,00:04,2781,-73
1390.98,00:02,2782,-97
1391.08,00:03,2782,-97
1391.13,00:04,2782,-73
1391.48,00:02,2783,-97
1391.58,00:03,2783,-97
1391.63,00:04,2783,-73
1391.98,00:02,2784,-97
1392.08,00:03,2784,-97
1392.13,00:04,2784,-73
1392.48,00:02,2785,-97
1392.58,00:03,2785,-97
1392.63,00:04,2785,-73
1392.98,00:02,2786,-97
1393.08,00:03,2786,-97
1393.13,00:04,2786,-73
1393.48,00:02,2787,-97
1393.58,00:03,2787,-97
1393.63,00:04,2787,-73
1393.98,00:02,2788,-97
1394.08,00:03,2788,-97
1394.13,00:04,2788,-73
1394.48,00:02,2789,-97
1394.58,00:03,2789,-97
1394.63,00:04,2789,-73
1394.98,00:02,2790,-97
1395.08,00:03,2790,-97
1395.13,00:04,2790,-73
1395.48,00:02,2791,-97
1395.58,00:03,2791,-97
1395.63,00:04,2791,-74
1395.98,00:02,2792,-97
1396.08,00:03,2792,-97
1396.13,00:04,2792,-74
1396.48,00:02,2793,-97
1396.58,00:03,2793,-97
1396.63,00:04,2793,-74
1396.98,00:02,2794,-97
1397.08,00:03,2794,-97
1397.13,00:04,2794,-74
1397.48,00:02,2795,-98
1397.58,00:03,2795,-96
1397.63,00:04,2795,-74
1397.98,00:02,2796,-98
1398.08,00:03,2796,-96
1398.13,00:04,2796,-75
1398.48,00:02,2797,-98
1398.58,00:03,2797,-96
1398.63,00:04,2797,-75
1398.98,00:02,2798,-98
1399.08,00:03,2798,-96
1399.13,00:04,2798,-75
1399.48,00:02,2799,-98
1399.58,00:03,2799,-96
1399.63,00:04,2799,-75
1399.98,00:02,2800,-98
1400.08,00:03,2800,-96
1400.13,00:04,2800,-75
1400.48,00:02,2801,-98
1400.58,00:03,2801,-96
1400.63,00:04,2801,-76
1400.98,00:02,2802,-98
1401.08,00:03,2802,-96
1401.13,00:04,2802,-76
1401.48,00:02,2803,-98
1401.58,00:03,2803,-96
1401.63,00:04,2803,-76
1401.98,00:02,2804,-98
1402.08,00:03,2804,-96
1402.13,00:04,2804,-76
1402.48,00:02,2805,-98
1402.58,00:03,2805,-96
1402.63,00:04,2805,-77
1402.98,00:02,2806,-98
1403.08,00:03,2806,-96
1403.13,00:04,2806,-77
1403.48,00:02,2807,-98
1403.58,00:03,2807,-96
1403.63,00:04,2807,-77
1403.98,00:02,2808,-98
1404.08,00:03,2808,-96
1404.13,00:04,2808,-77
1404.48,00:02,2809,-98
1404.58,00:03,2809,-96
1404.63,00:04,2809,-78
1404.98,00:02,2810,-98
1405.08,00:03,2810,-96
1405.13,00:04,2810,-78
1405.48,00:02,2811,-98
1405.58,00:03,2811,-96
1405.63,00:04,2811,-78
1405.98,00:02,2812,-98
1406.08,00:03,2812,-96
1406.13,00:04,2812,-78
1406.48,00:02,2813,-99
1406.58,00:03,2813,-96
1406.63,00:04,2813,-79
1406.98,00:02,2814,-99
1407.08,00:03,2814,-96
1407.13,00:04,2814,-79
1407.48,00:02,2815,-99
1407.58,00:03,2815,-96
1407.63,00:04,2815,-79
1407.98,00:02,2816,-99
1408.08,00:03,2816,-96
1408.13,00:04,2816,-79
1408.48,00:02,2817,-99
1408.58,00:03,2817,-96
1408.63,00:04,2817,-80
1408.98,00:02,2818,-99
1409.08,00:03,2818,-96
1409.13,00:04,2818,-80
1409.48,00:02,2819,-99
1409.58,00:03,2819,-95
1409.63,00:04,2819,-80
1409.98,00:02,2820,-99
1410.08,00:03,2820,-95
1410.13,00:04,2820,-80
1410.48,00:02,2821,-99
1410.58,00:03,2821,-95
1410.63,00:04,2821,-81
1410.98,00:02,2822,-99
1411.08,00:03,2822,-95
1411.13,00:04,2822,-81
1411.48,00:02,2823,-99
1411.58,00:03,2823,-95
1411.63,00:04,2823,-81
1411.98,00:02,2824,-99
1412.08,00:03,2824,-95
1412.13,00:04,2824,-81
1412.48,00:02,2825,-99
1412.58,00:03,2825,-95
1412.63,00:04,2825,-82
1412.98,00:02,2826,-99
1413.08,00:03,2826,-95
1413.13,00:04,2826,-82
1413.48,00:02,2827,-99
1413.58,00:03,2827,-95
1413.63,00:04,2827,-82
1413.98,00:02,2828,-99
1414.08,00:03,2828,-95
1414.13,00:04,2828,-82
1414.48,00:02,2829,-99
1414.58,00:03,2829,-95
1414.63,00:04,2829,-83
1414.98,00:02,2830,-100
1415.08,00:03,2830,-102
1415.13,00:04,2830,-90
1415.48,00:02,2831,-107
1415.58,00:03,2831,-102
1415.63,00:04,2831,-90
1415.98,00:02,2832,-107
1416.08,00:03,2832,-102
1416.13,00:04,2832,-90
1416.48,00:02,2833,-107
1416.58,00:03,2833,-102
1416.63,00:04,2833,-90
1417.08,00:03,2834,-102
1417.13,00:04,2834,-91
1417.48,00:02,2835,-107
1417.58,00:03,2835,-102
1417.63,00:04,2835,-91
1418.08,00:03,2836,-102
1418.13,00:04,2836,-91
1418.48,00:02,2837,-107
1418.58,00:03,2837,-102
1418.63,00:04,2837,-91
1418.98,00:02,2838,-107
1419.08,00:03,2838,-102
1419.13,00:04,2838,-92
1419.48,00:02,2839,-107
1419.58,00:03,2839,-102
1419.63,00:04,2839,-92
1419.98,00:02,2840,-107
1420.08,00:03,2840,-102
1420.13,00:04,2840,-92
1420.48,00:02,2841,-107
1420.58,00:03,2841,-102
1420.63,00:04,2841,-92
1420.98,00:02,2842,-107
1421.08,00:03,2842,-102
1421.13,00:04,2842,-92
1421.48,00:02,2843,-107
1421.58,00:03,2843,-102
1421.63,00:04,2843,-93
1421.98,00:02,2844,-107
1422.08,00:03,2844,-102
1422.13,00:04,2844,-93
1422.48,00:02,2845,-107
1422.58,00:03,2845,-102
1422.63,00:04,2845,-93
1422.98,00:02,2846,-108
1423.08,00:03,2846,-102
1423.13,00:04,2846,-93
1423.48,00:02,2847,-108
1423.58,00:03,2847,-102
1423.63,00:04,2847,-93
1424.08,00:03,2848,-102
1424.13,00:04,2848,-94
1424.48,00:02,2849,-108
1424.58,00:03,2849,-102
1424.63,00:04,2849,-94
1424.98,00:02,2850,-108
1425.08,00:03,2850,-102
1425.13,00:04,2850,-94
1425.58,00:03,2851,-102
1425.63,00:04,2851,-94
1425.98,00:02,2852,-108
1426.08,00:03,2852,-102
1426.14,00:04,2852,-94
1426.58,00:03,2853,-102
1426.63,00:04,2853,-95
1426.98,00:02,2854,-108
1427.08,00:03,2854,-102
1427.13,00:04,2854,-95
1427.48,00:02,2855,-108
1427.58,00:03,2855,-102
1427.63,00:04,2855,-95
1427.98,00:02,2856,-108
1428.08,00:03,2856,-102
1428.13,00:04,2856,-95
1428.58,00:03,2857,-102
1428.63,00:04,2857,-95
1428.98,00:02,2858,-108
1429.08,00:03,2858,-102
1429.13,00:04,2858,-96
1429.48,00:02,2859,-108
1429.58,00:03,2859,-102
1429.63,00:04,2859,-96
1430.08,00:03,2860,-102
1430.13,00:04,2860,-96
1430.48,00:02,2861,-108
1430.58,00:03,2861,-102
1430.63,00:04,2861,-96
1430.98,00:02,2862,-108
1431.08,00:03,2862,-95
1431.13,00:04,2862,-89
1431.48,00:02,2863,-102
1431.58,00:03,2863,-95
1431.63,00:04,2863,-89
1431.98,00:02,2864,-102
1432.08,00:03,2864,-95
1432.13,00:04,2864,-90
1432.48,00:02,2865,-102
1432.58,00:03,2865,-95
1432.63,00:04,2865,-90
1432.98,00:02,2866,-102
1433.08,00:03,2866,-95
1433.13,00:04,2866,-90
1433.48,00:02,2867,-102
1433.58,00:03,2867,-95
1433.64,00:04,2867,-90
1433.98,00:02,2868,-102
1434.08,00:03,2868,-95
1434.13,00:04,2868,-90
1434.48,00:02,2869,-102
1434.58,00:03,2869,-95
1434.63,00:04,2869,-90
1434.98,00:02,2870,-102
1435.08,00:03,2870,-95
1435.13,00:04,2870,-90
1435.48,00:02,2871,-102
1435.58,00:03,2871,-95
1435.63,00:04,2871,-90
1435.98,00:02,2872,-102
1436.08,00:03,2872,-95
1436.13,00:04,2872,-90
1436.48,00:02,2873,-102
1436.58,00:03,2873,-95
1436.63,00:04,2873,-90
1436.98,00:02,2874,-102
1437.08,00:03,2874,-95
1437.13,00:04,2874,-90
1437.48,00:02,2875,-102
1437.58,00:03,2875,-95
1437.63,00:04,2875,-90
1437.98,00:02,2876,-102
1438.08,00:03,2876,-96
1438.13,00:04,2876,-90
1438.48,00:02,2877,-102
1438.58,00:03,2877,-96
1438.64,00:04,2877,-90
1438.98,00:02,2878,-102
1439.08,00:03,2878,-96
1439.13,00:04,2878,-90
1439.48,00:02,2879,-102
1439.58,00:03,2879,-96
1439.63,00:04,2879,-90
1439.98,00:02,2880,-102
1440.08,00:03,2880,-96
1440.13,00:04,2880,-90
1440.48,00:02,2881,-102
1440.58,00:03,2881,-96
1440.63,00:04,2881,-89
1440.98,00:02,2882,-102
1441.08,00:03,2882,-96
1441.13,00:04,2882,-89
1441.48,00:02,2883,-102
1441.58,00:03,2883,-96
1441.63,00:04,2883,-89
1441.98,00:02,2884,-102
1442.08,00:03,2884,-96
1442.13,00:04,2884,-89
1442.48,00:02,2885,-102
1442.58,00:03,2885,-96
1442.63,00:04,2885,-89
1442.98,00:02,2886,-102
1443.08,00:03,2886,-103
1443.14,00:04,2886,-96
1443.58,00:03,2887,-103
1443.63,00:04,2887,-95
1443.98,00:02,2888,-109
1444.08,00:03,2888,-103
1444.13,00:04,2888,-95
1444.58,00:03,2889,-103
1444.63,00:04,2889,-95
1444.98,00:02,2890,-109
1445.08,00:03,2890,-103
1445.13,00:04,2890,-95
1445.48,00:02,2891,-109
1445.58,00:03,2891,-103
1445.63,00:04,2891,-95
1446.08,00:03,2892,-103
1446.13,00:04,2892,-94
1446.58,00:03,2893,-103
1446.63,00:04,2893,-94
1447.08,00:03,2894,-103
1447.13,00:04,2894,-94
1447.48,00:02,2895,-108
1447.58,00:03,2895,-103
1447.63,00:04,2895,-94
1447.98,00:02,2896,-108
1448.08,00:03,2896,-103
1448.13,00:04,2896,-94
1448.48,00:02,2897,-108
1448.58,00:03,2897,-103
1448.63,00:04,2897,-93
1449.08,00:03,2898,-103
1449.13,00:04,2898,-93
1449.48,00:02,2899,-108
1449.58,00:03,2899,-103
1449.63,00:04,2899,-93
1449.98,00:02,2900,-108
1450.08,00:03,2900,-103
1450.13,00:04,2900,-93
1450.58,00:03,2901,-103
1450.64,00:04,2901,-92
1450.98,00:02,2902,-108
1451.08,00:03,2902,-103
1451.13,00:04,2902,-92
1451.58,00:03,2903,-103
1451.63,00:04,2903,-92
1451.98,00:02,2904,-108
1452.08,00:03,2904,-103
1452.13,00:04,2904,-92
1452.48,00:02,2905,-108
1452.58,00:03,2905,-103
1452.63,00:04,2905,-92
1452.98,00:02,2906,-108
1453.08,00:03,2906,-103
1453.13,00:04,2906,-91
1453.48,00:02,2907,-108
1453.58,00:03,2907,-103
1453.63,00:04,2907,-91
1453.98,00:02,2908,-108
1454.08,00:03,2908,-103
1454.13,00:04,2908,-91
1454.48,00:02,2909,-108
1454.58,00:03,2909,-103
1454.63,00:04,2909,-91
1454.98,00:02,2910,-108
1455.08,00:03,2910,-103
1455.13,00:04,2910,-90
1455.48,00:02,2911,-108
1455.58,00:03,2911,-103
1455.63,00:04,2911,-90
1455.98,00:02,2912,-108
1456.08,00:03,2912,-103
1456.13,00:04,2912,-90
1456.48,00:02,2913,-107
1456.58,00:03,2913,-103
1456.63,00:04,2913,-90
1457.08,00:03,2914,-103
1457.13,00:04,2914,-89
1457.48,00:02,2915,-107
1457.58,00:03,2915,-103
1457.63,00:04,2915,-89
1457.98,00:02,2916,-107
1458.08,00:03,2916,-103
1458.13,00:04,2916,-89
1458.48,00:02,2917,-107
1458.58,00:03,2917,-103
1458.63,00:04,2917,-88
1458.98,00:02,2918,-107
1459.08,00:03,2918,-96
1459.13,00:04,2918,-81
1459.48,00:02,2919,-100
1459.58,00:03,2919,-96
1459.63,00:04,2919,-81
1459.98,00:02,2920,-100
1460.08,00:03,2920,-96
1460.13,00:04,2920,-81
1460.48,00:02,2921,-100
1460.58,00:03,2921,-96
1460.64,00:04,2921,-80
1460.98,00:02,2922,-100
1461.08,00:03,2922,-96
1461.14,00:04,2922,-80
1461.48,00:02,2923,-100
1461.58,00:03,2923,-96
1461.63,00:04,2923,-80
1461.98,00:02,2924,-100
1462.08,00:03,2924,-96
1462.13,00:04,2924,-80
1462.48,00:02,2925,-100
1462.58,00:03,2925,-96
1462.63,00:04,2925,-79
1462.98,00:02,2926,-100
1463.08,00:03,2926,-96
1463.13,00:04,2926,-79
1463.48,00:02,2927,-100
1463.58,00:03,2927,-96
1463.63,00:04,2927,-79
1463.98,00:02,2928,-100
1464.08,00:03,2928,-97
1464.13,00:04,2928,-78
1464.48,00:02,2929,-100
1464.58,00:03,2929,-97
1464.63,00:04,2929,-78
1464.98,00:02,2930,-100
1465.08,00:03,2930,-97
1465.13,00:04,2930,-78
1465.48,00:02,2931,-99
1465.58,00:03,2931,-97
1465.64,00:04,2931,-77
1465.98,00:02,2932,-99
1466.08,00:03,2932,-97
1466.13,00:04,2932,-77
1466.48,00:02,2933,-99
1466.58,00:03,2933,-97
1466.63,00:04,2933,-77
1466.98,00:02,2934,-99
1467.08,00:03,2934,-97
1467.14,00:04,2934,-76
1467.48,00:02,2935,-99
1467.58,00:03,2935,-97
1467.63,00:04,2935,-76
1467.98,00:02,2936,-99
1468.08,00:03,2936,-97
1468.14,00:04,2936,-76
1468.48,00:02,2937,-99
1468.58,00:03,2937,-97
1468.63,00:04,2937,-75
1468.98,00:02,2938,-99
1469.08,00:03,2938,-97
1469.13,00:04,2938,-75
1469.48,00:02,2939,-99
1469.58,00:03,2939,-97
1469.64,00:04,2939,-75
1469.98,00:02,2940,-99
1470.08,00:03,2940,-97
1470.14,00:04,2940,-74
1470.48,00:02,2941,-99
1470.58,00:03,2941,-97
1470.64,00:04,2941,-74
1470.98,00:02,2942,-99
1471.08,00:03,2942,-97
1471.13,00:04,2942,-74
1471.48,00:02,2943,-99
1471.58,00:03,2943,-97
1471.63,00:04,2943,-73
1471.98,00:02,2944,-99
1472.08,00:03,2944,-97
1472.13,00:04,2944,-73
1472.48,00:02,2945,-99
1472.58,00:03,2945,-97
1472.63,00:04,2945,-73
1472.98,00:02,2946,-99
1473.08,00:03,2946,-97
1473.13,00:04,2946,-73
1473.48,00:02,2947,-99
1473.58,00:03,2947,-97
1473.63,00:04,2947,-72
1473.98,00:02,2948,-99
1474.08,00:03,2948,-97
1474.14,00:04,2948,-72
1474.48,00:02,2949,-98
1474.58,00:03,2949,-97
1474.64,00:04,2949,-72
1474.98,00:02,2950,-98
1475.08,00:03,2950,-97
1475.13,00:04,2950,-72
1475.48,00:02,2951,-98
1475.58,00:03,2951,-97
1475.64,00:04,2951,-72
1475.98,00:02,2952,-98
1476.08,00:03,2952,-97
1476.13,00:04,2952,-71
1476.48,00:02,2953,-98
1476.58,00:03,2953,-97
1476.63,00:04,2953,-71
1476.98,00:02,2954,-98
1477.08,00:03,2954,-97
1477.13,00:04,2954,-71
1477.48,00:02,2955,-98
1477.58,00:03,2955,-98
1477.63,00:04,2955,-71
1477.98,00:02,2956,-98
1478.08,00:03,2956,-98
1478.14,00:04,2956,-71
1478.48,00:02,2957,-98
1478.58,00:03,2957,-98
1478.63,00:04,2957,-71
1478.98,00:02,2958,-98
1479.08,00:03,2958,-98
1479.14,00:04,2958,-70
1479.48,00:02,2959,-98
1479.58,00:03,2959,-98
1479.63,00:04,2959,-70
1479.98,00:02,2960,-98
1480.08,00:03,2960,-98
1480.13,00:04,2960,-70
1480.48,00:02,2961,-98
1480.58,00:03,2961,-98
1480.63,00:04,2961,-70
1480.98,00:02,2962,-98
1481.08,00:03,2962,-98
1481.13,00:04,2962,-70
1481.48,00:02,2963,-98
1481.58,00:03,2963,-98
1481.63,00:04,2963,-70
1481.98,00:02,2964,-98
1482.08,00:03,2964,-98
1482.13,00:04,2964,-70
1482.48,00:02,2965,-98
1482.58,00:03,2965,-98
1482.63,00:04,2965,-70
1482.98,00:02,2966,-98
1483.08,00:03,2966,-98
1483.13,00:04,2966,-70
1483.48,00:02,2967,-98
1483.58,00:03,2967,-98
1483.63,00:04,2967,-69
1483.98,00:02,2968,-98
1484.08,00:03,2968,-98
1484.13,00:04,2968,-69
1484.48,00:02,2969,-97
1484.58,00:03,2969,-98
1484.63,00:04,2969,-69
1484.98,00:02,2970,-97
1485.08,00:03,2970,-98
1485.14,00:04,2970,-69
1485.48,00:02,2971,-97
1485.58,00:03,2971,-98
1485.63,00:04,2971,-69
1485.98,00:02,2972,-97
1486.08,00:03,2972,-98
1486.13,00:04,2972,-69
1486.48,00:02,2973,-97
1486.58,00:03,2973,-98
1486.64,00:04,2973,-69
1486.98,00:02,2974,-97
1487.08,00:03,2974,-98
1487.13,00:04,2974,-70
1487.48,00:02,2975,-97
1487.58,00:03,2975,-98
1487.64,00:04,2975,-70
1487.98,00:02,2976,-97
1488.08,00:03,2976,-99
1488.14,00:04,2976,-70
1488.48,00:02,2977,-97
1488.58,00:03,2977,-99
1488.63,00:04,2977,-70
1488.98,00:02,2978,-97
1489.08,00:03,2978,-99
1489.13,00:04,2978,-70
1489.48,00:02,2979,-97
1489.58,00:03,2979,-99
1489.63,00:04,2979,-70
1489.98,00:02,2980,-97
1490.08,00:03,2980,-99
1490.14,00:04,2980,-70
1490.48,00:02,2981,-97
1490.58,00:03,2981,-99
1490.63,00:04,2981,-70
1490.98,00:02,2982,-97
1491.08,00:03,2982,-99
1491.14,00:04,2982,-70
1491.48,00:02,2983,-97
1491.58,00:03,2983,-99
1491.63,00:04,2983,-71
1491.98,00:02,2984,-97
1492.08,00:03,2984,-99
1492.13,00:04,2984,-71
1492.48,00:02,2985,-97
1492.58,00:03,2985,-99
1492.63,00:04,2985,-71
1492.98,00:02,2986,-97
1493.08,00:03,2986,-99
1493.14,00:04,2986,-71
1493.48,00:02,2987,-97
1493.58,00:03,2987,-99
1493.63,00:04,2987,-71
1493.98,00:02,2988,-97
1494.08,00:03,2988,-99
1494.13,00:04,2988,-72
1494.48,00:02,2989,-97
1494.58,00:03,2989,-99
1494.63,00:04,2989,-72
1494.98,00:02,2990,-97
1495.08,00:03,2990,-99
1495.13,00:04,2990,-72
1495.48,00:02,2991,-96
1495.58,00:03,2991,-99
1495.63,00:04,2991,-72
1495.98,00:02,2992,-96
1496.08,00:03,2992,-99
1496.14,00:04,2992,-72
1496.48,00:02,2993,-96
1496.58,00:03,2993,-99
1496.63,00:04,2993,-73
1496.98,00:02,2994,-96
1497.08,00:03,2994,-99
1497.14,00:04,2994,-73
1497.48,00:02,2995,-96
1497.58,00:03,2995,-99
1497.64,00:04,2995,-73
1497.98,00:02,2996,-96
1498.08,00:03,2996,-100
1498.14,00:04,2996,-73
1498.48,00:02,2997,-96
1498.58,00:03,2997,-100
1498.63,00:04,2997,-73
1498.98,00:02,2998,-96
1499.08,00:03,2998,-100
1499.14,00:04,2998,-74
1499.48,00:02,2999,-96
1499.58,00:03,2999,-100
1499.63,00:04,2999,-74
1499.98,00:02,3000,-96
1500.08,00:03,3000,-100
1500.14,00:04,3000,-75
1500.48,00:02,3001,-96
1500.58,00:03,3001,-100
1500.64,00:04,3001,-75
1500.98,00:02,3002,-96
1501.08,00:03,3002,-100
1501.13,00:04,3002,-75
1501.48,00:02,3003,-96
1501.58,00:03,3003,-100
1501.64,00:04,3003,-76
1501.98,00:02,3004,-96
1502.08,00:03,3004,-100
1502.13,00:04,3004,-76
1502.48,00:02,3005,-96
1502.58,00:03,3005,-100
1502.63,00:04,3005,-76
1502.98,00:02,3006,-96
1503.08,00:03,3006,-100
1503.14,00:04,3006,-77
1503.48,00:02,3007,-96
1503.58,00:03,3007,-100
1503.63,00:04,3007,-77
1503.98,00:02,3008,-96
1504.08,00:03,3008,-100
1504.14,00:04,3008,-77
1504.48,00:02,3009,-96
1504.58,00:03,3009,-100
1504.63,00:04,3009,-78
1504.98,00:02,3010,-96
1505.08,00:03,3010,-100
1505.13,00:04,3010,-78
1505.48,00:02,3011,-96
1505.58,00:03,3011,-100
1505.63,00:04,3011,-78
1505.98,00:02,3012,-96
1506.08,00:03,3012,-100
1506.14,00:04,3012,-78
1506.48,00:02,3013,-96
1506.58,00:03,3013,-100
1506.64,00:04,3013,-79
1506.98,00:02,3014,-96
1507.08,00:03,3014,-101
1507.13,00:04,3014,-79
1507.48,00:02,3015,-96
1507.58,00:03,3015,-101
1507.63,00:04,3015,-79
1507.98,00:02,3016,-96
1508.08,00:03,3016,-101
1508.13,00:04,3016,-80
1508.48,00:02,3017,-96
1508.58,00:03,3017,-101
1508.63,00:04,3017,-80
1508.98,00:02,3018,-96
1509.08,00:03,3018,-101
1509.13,00:04,3018,-80
1509.48,00:02,3019,-96
1509.58,00:03,3019,-101
1509.63,00:04,3019,-81
1509.98,00:02,3020,-95
1510.08,00:03,3020,-101
1510.14,00:04,3020,-81
1510.48,00:02,3021,-95
1510.58,00:03,3021,-101
1510.64,00:04,3021,-81
1510.98,00:02,3022,-95
1511.08,00:03,3022,-101
1511.13,00:04,3022,-81
1511.48,00:02,3023,-95
1511.58,00:03,3023,-101
1511.64,00:04,3023,-82
1511.98,00:02,3024,-95
1512.08,00:03,3024,-101
1512.13,00:04,3024,-82
1512.48,00:02,3025,-95
1512.58,00:03,3025,-101
1512.63,00:04,3025,-82
1512.98,00:02,3026,-95
1513.08,00:03,3026,-101
1513.13,00:04,3026,-82
1513.48,00:02,3027,-95
1513.58,00:03,3027,-101
1513.63,00:04,3027,-83
1513.98,00:02,3028,-95
1514.08,00:03,3028,-101
1514.13,00:04,3028,-83
1514.48,00:02,3029,-95
1514.58,00:03,3029,-101
1514.63,00:04,3029,-83
1514.98,00:02,3030,-95
1515.08,00:03,3030,-108
1515.13,00:04,3030,-90
1515.48,00:02,3031,-102
1515.58,00:03,3031,-108
1515.64,00:04,3031,-91
1515.98,00:02,3032,-102
1516.13,00:04,3032,-91
1516.48,00:02,3033,-102
1516.63,00:04,3033,-91
1516.98,00:02,3034,-102
1517.13,00:04,3034,-91
1517.48,00:02,3035,-102
1517.58,00:03,3035,-109
1517.63,00:04,3035,-92
1517.98,00:02,3036,-102
1518.13,00:04,3036,-92
1518.48,00:02,3037,-102
1518.63,00:04,3037,-92
1518.98,00:02,3038,-102
1519.14,00:04,3038,-92
1519.48,00:02,3039,-102
1519.63,00:04,3039,-93
1519.98,00:02,3040,-102
1520.08,00:03,3040,-109
1520.14,00:04,3040,-93
1520.48,00:02,3041,-102
1520.64,00:04,3041,-93
1520.98,00:02,3042,-102
1521.14,00:04,3042,-93
1521.48,00:02,3043,-102
1521.63,00:04,3043,-93
1521.98,00:02,3044,-102
1522.14,00:04,3044,-94
1522.48,00:02,3045,-102
1522.64,00:04,3045,-94
1522.98,00:02,3046,-102
1523.13,00:04,3046,-94
1523.48,00:02,3047,-102
1523.63,00:04,3047,-94
1523.98,00:02,3048,-102
1524.13,00:04,3048,-94
1524.48,00:02,3049,-102
1524.64,00:04,3049,-95
1524.98,00:02,3050,-102
1525.13,00:04,3050,-95
1525.48,00:02,3051,-102
1525.64,00:04,3051,-95
1525.98,00:02,3052,-102
1526.13,00:04,3052,-95
1526.48,00:02,3053,-102
1526.64,00:04,3053,-95
1526.98,00:02,3054,-102
1527.08,00:03,3054,-103
1527.13,00:04,3054,-89
1527.48,00:02,3055,-95
1527.58,00:03,3055,-103
1527.63,00:04,3055,-89
1527.98,00:02,3056,-95
1528.08,00:03,3056,-103
1528.13,00:04,3056,-89
1528.48,00:02,3057,-95
1528.58,00:03,3057,-103
1528.63,00:04,3057,-89
1528.98,00:02,3058,-95
1529.08,00:03,3058,-103
1529.14,00:04,3058,-89
1529.48,00:02,3059,-95
1529.58,00:03,3059,-103
1529.64,00:04,3059,-90
1529.98,00:02,3060,-95
1530.08,00:03,3060,-103
1530.14,00:04,3060,-90
1530.48,00:02,3061,-95
1530.58,00:03,3061,-103
1530.64,00:04,3061,-90
1530.98,00:02,3062,-95
1531.08,00:03,3062,-103
1531.14,00:04,3062,-90
1531.48,00:02,3063,-95
1531.58,00:03,3063,-103
1531.64,00:04,3063,-90
1531.98,00:02,3064,-95
1532.08,00:03,3064,-103
1532.14,00:04,3064,-90
1532.48,00:02,3065,-95
1532.58,00:03,3065,-103
1532.64,00:04,3065,-89
1532.98,00:02,3066,-96
1533.08,00:03,3066,-103
1533.13,00:04,3066,-89
1533.48,00:02,3067,-96
1533.58,00:03,3067,-103
1533.63,00:04,3067,-89
1533.98,00:02,3068,-96
1534.08,00:03,3068,-103
1534.14,00:04,3068,-89
1534.48,00:02,3069,-96
1534.58,00:03,3069,-104
1534.63,00:04,3069,-89
1534.98,00:02,3070,-96
1535.08,00:03,3070,-104
1535.14,00:04,3070,-89
1535.48,00:02,3071,-96
1535.58,00:03,3071,-104
1535.64,00:04,3071,-89
1535.98,00:02,3072,-96
1536.08,00:03,3072,-104
1536.13,00:04,3072,-89
1536.48,00:02,3073,-96
1536.58,00:03,3073,-103
1536.64,00:04,3073,-89
1536.98,00:02,3074,-96
1537.08,00:03,3074,-103
1537.14,00:04,3074,-89
1537.48,00:02,3075,-96
1537.59,00:03,3075,-103
1537.64,00:04,3075,-89
1537.98,00:02,3076,-96
1538.08,00:03,3076,-103
1538.14,00:04,3076,-89
1538.48,00:02,3077,-96
1538.58,00:03,3077,-103
1538.64,00:04,3077,-88
1538.98,00:02,3078,-96
1539.14,00:04,3078,-95
1539.48,00:02,3079,-103
1539.63,00:04,3079,-95
1539.98,00:02,3080,-103
1540.13,00:04,3080,-95
1540.48,00:02,3081,-103
1540.64,00:04,3081,-94
1540.98,00:02,3082,-103
1541.13,00:04,3082,-94
1541.48,00:02,3083,-103
1541.64,00:04,3083,-94
1541.98,00:02,3084,-103
1542.09,00:03,3084,-110
1542.14,00:04,3084,-94
1542.48,00:02,3085,-103
1542.63,00:04,3085,-94
1542.98,00:02,3086,-103
1543.13,00:04,3086,-93
1543.48,00:02,3087,-103
1543.63,00:04,3087,-93
1543.98,00:02,3088,-103
1544.14,00:04,3088,-93
1544.48,00:02,3089,-103
1544.63,00:04,3089,-93
1544.98,00:02,3090,-103
1545.14,00:04,3090,-93
1545.48,00:02,3091,-103
1545.63,00:04,3091,-92
1545.98,00:02,3092,-103
1546.14,00:04,3092,-92
1546.48,00:02,3093,-103
1546.64,00:04,3093,-92
1546.98,00:02,3094,-103
1547.13,00:04,3094,-92
1547.48,00:02,3095,-103
1547.58,00:03,3095,-109
1547.63,00:04,3095,-91
1547.98,00:02,3096,-103
1548.13,00:04,3096,-91
1548.48,00:02,3097,-103
1548.59,00:03,3097,-109
1548.64,00:04,3097,-91
1548.98,00:02,3098,-103
1549.14,00:04,3098,-91
1549.48,00:02,3099,-103
1549.64,00:04,3099,-90
1549.98,00:02,3100,-103
1550.14,00:04,3100,-90
1550.48,00:02,3101,-103
1550.63,00:04,3101,-90
1550.98,00:02,3102,-103
1551.08,00:03,3102,-102
1551.14,00:04,3102,-82
1551.48,00:02,3103,-96
1551.58,00:03,3103,-102
1551.63,00:04,3103,-82
1551.98,00:02,3104,-96
1552.08,00:03,3104,-102
1552.14,00:04,3104,-82
1552.48,00:02,3105,-96
1552.58,00:03,3105,-102
1552.64,00:04,3105,-82
1552.98,00:02,3106,-96
1553.08,00:03,3106,-102
1553.13,00:04,3106,-81
1553.48,00:02,3107,-96
1553.58,00:03,3107,-102
1553.63,00:04,3107,-81
1553.98,00:02,3108,-96
1554.08,00:03,3108,-102
1554.14,00:04,3108,-81
1554.48,00:02,3109,-96
1554.58,00:03,3109,-102
1554.64,00:04,3109,-80
1554.98,00:02,3110,-96
1555.08,00:03,3110,-102
1555.14,00:04,3110,-80
1555.48,00:02,3111,-96
1555.58,00:03,3111,-102
1555.63,00:04,3111,-80
1555.98,00:02,3112,-96
1556.08,00:03,3112,-101
1556.14,00:04,3112,-80
1556.48,00:02,3113,-97
1556.58,00:03,3113,-101
1556.63,00:04,3113,-79
1556.98,00:02,3114,-97
1557.08,00:03,3114,-101
1557.14,00:04,3114,-79
1557.48,00:02,3115,-97
1557.58,00:03,3115,-101
1557.64,00:04,3115,-79
1557.98,00:02,3116,-97
1558.08,00:03,3116,-101
1558.13,00:04,3116,-78
1558.48,00:02,3117,-97
1558.58,00:03,3117,-101
1558.64,00:04,3117,-78
1558.98,00:02,3118,-97
1559.08,00:03,3118,-101
1559.14,00:04,3118,-77
1559.48,00:02,3119,-97
1559.58,00:03,3119,-101
1559.64,00:04,3119,-77
1559.98,00:02,3120,-97
1560.08,00:03,3120,-101
1560.14,00:04,3120,-77
1560.48,00:02,3121,-97
1560.58,00:03,3121,-101
1560.64,00:04,3121,-76
1560.98,00:02,3122,-97
1561.08,00:03,3122,-101
1561.14,00:04,3122,-76
1561.48,00:02,3123,-97
1561.58,00:03,3123,-101
1561.64,00:04,3123,-76
1561.98,00:02,3124,-97
1562.08,00:03,3124,-101
1562.14,00:04,3124,-75
1562.48,00:02,3125,-97
1562.58,00:03,3125,-101
1562.64,00:04,3125,-75
1562.98,00:02,3126,-97
1563.08,00:03,3126,-101
1563.14,00:04,3126,-74
1563.48,00:02,3127,-97
1563.58,00:03,3127,-101
1563.64,00:04,3127,-74
1563.98,00:02,3128,-97
1564.08,00:03,3128,-101
1564.14,00:04,3128,-74
1564.48,00:02,3129,-97
1564.58,00:03,3129,-101
1564.64,00:04,3129,-73
1564.98,00:02,3130,-97
1565.08,00:03,3130,-101
1565.14,00:04,3130,-73
1565.48,00:02,3131,-97
1565.58,00:03,3131,-100
1565.64,00:04,3131,-73
1565.98,00:02,3132,-97
1566.08,00:03,3132,-100
1566.13,00:04,3132,-72
1566.48,00:02,3133,-97
1566.58,00:03,3133,-100
1566.64,00:04,3133,-72
1566.98,00:02,3134,-97
1567.08,00:03,3134,-100
1567.14,00:04,3134,-72
1567.48,00:02,3135,-97
1567.58,00:03,3135,-100
1567.63,00:04,3135,-72
1567.98,00:02,3136,-97
1568.09,00:03,3136,-100
1568.13,00:04,3136,-71
1568.48,00:02,3137,-97
1568.58,00:03,3137,-100
1568.64,00:04,3137,-71
1568.98,00:02,3138,-97
1569.08,00:03,3138,-100
1569.13,00:04,3138,-71
1569.48,00:02,3139,-97
1569.58,00:03,3139,-100
1569.64,00:04,3139,-70
1569.98,00:02,3140,-97
1570.08,00:03,3140,-100
1570.14,00:04,3140,-70
1570.48,00:02,3141,-97
1570.58,00:03,3141,-100
1570.64,00:04,3141,-70
1570.98,00:02,3142,-97
1571.08,00:03,3142,-100
1571.14,00:04,3142,-69
1571.48,00:02,3143,-97
1571.58,00:03,3143,-100
1571.64,00:04,3143,-69
1571.98,00:02,3144,-98
1572.08,00:03,3144,-100
1572.14,00:04,3144,-69
1572.48,00:02,3145,-98
1572.58,00:03,3145,-100
1572.64,00:04,3145,-68
1572.98,00:02,3146,-98
1573.08,00:03,3146,-100
1573.13,00:04,3146,-68
1573.48,00:02,3147,-98
1573.58,00:03,3147,-100
1573.64,00:04,3147,-68
1573.98,00:02,3148,-98
1574.08,00:03,3148,-100
1574.14,00:04,3148,-67
1574.48,00:02,3149,-98
1574.58,00:03,3149,-100
1574.64,00:04,3149,-67
1574.98,00:02,3150,-98
1575.08,00:03,3150,-100
1575.14,00:04,3150,-67
1575.48,00:02,3151,-98
1575.58,00:03,3151,-100
1575.64,00:04,3151,-67
1575.98,00:02,3152,-98
1576.08,00:03,3152,-99
1576.14,00:04,3152,-66
1576.48,00:02,3153,-98
1576.58,00:03,3153,-99
1576.64,00:04,3153,-66
1576.98,00:02,3154,-98
1577.08,00:03,3154,-99
1577.14,00:04,3154,-66
1577.48,00:02,3155,-98
1577.58,00:03,3155,-99
1577.64,00:04,3155,-65
1577.98,00:02,3156,-98
1578.08,00:03,3156,-99
1578.14,00:04,3156,-65
1578.48,00:02,3157,-98
1578.58,00:03,3157,-99
1578.64,00:04,3157,-65
1578.98,00:02,3158,-98
1579.08,00:03,3158,-99
1579.14,00:04,3158,-65
1579.48,00:02,3159,-98
1579.58,00:03,3159,-99
1579.64,00:04,3159,-65
1579.98,00:02,3160,-98
1580.09,00:03,3160,-99
1580.14,00:04,3160,-64
1580.48,00:02,3161,-98
1580.58,00:03,3161,-99
1580.64,00:04,3161,-64
1580.98,00:02,3162,-98
1581.08,00:03,3162,-99
1581.14,00:04,3162,-64
1581.48,00:02,3163,-98
1581.59,00:03,3163,-99
1581.64,00:04,3163,-64
1581.98,00:02,3164,-98
1582.08,00:03,3164,-99
1582.14,00:04,3164,-65
1582.48,00:02,3165,-98
1582.58,00:03,3165,-99
1582.64,00:04,3165,-65
1582.98,00:02,3166,-98
1583.08,00:03,3166,-99
1583.13,00:04,3166,-65
1583.48,00:02,3167,-98
1583.58,00:03,3167,-99
1583.63,00:04,3167,-65
1583.98,00:02,3168,-99
1584.08,00:03,3168,-99
1584.14,00:04,3168,-65
1584.48,00:02,3169,-99
1584.58,00:03,3169,-99
1584.64,00:04,3169,-66
1584.98,00:02,3170,-99
1585.09,00:03,3170,-99
1585.14,00:04,3170,-66
1585.48,00:02,3171,-99
1585.58,00:03,3171,-99
1585.64,00:04,3171,-66
1585.98,00:02,3172,-99
1586.08,00:03,3172,-99
1586.14,00:04,3172,-66
1586.48,00:02,3173,-99
1586.58,00:03,3173,-99
1586.64,00:04,3173,-67
1586.98,00:02,3174,-99
1587.08,00:03,3174,-99
1587.14,00:04,3174,-67
1587.48,00:02,3175,-99
1587.58,00:03,3175,-98
1587.64,00:04,3175,-67
1587.98,00:02,3176,-99
1588.08,00:03,3176,-98
1588.14,00:04,3176,-68
1588.48,00:02,3177,-99
1588.58,00:03,3177,-98
1588.64,00:04,3177,-68
1588.98,00:02,3178,-99
1589.08,00:03,3178,-98
1589.14,00:04,3178,-68
1589.48,00:02,3179,-99
1589.58,00:03,3179,-98
1589.64,00:04,3179,-69
1589.98,00:02,3180,-99
1590.08,00:03,3180,-98
1590.14,00:04,3180,-69
1590.48,00:02,3181,-99
1590.59,00:03,3181,-98
1590.64,00:04,3181,-69
1590.98,00:02,3182,-99
1591.09,00:03,3182,-98
1591.14,00:04,3182,-70
1591.48,00:02,3183,-99
1591.58,00:03,3183,-98
1591.63,00:04,3183,-70
1591.98,00:02,3184,-99
1592.08,00:03,3184,-98
1592.14,00:04,3184,-70
1592.48,00:02,3185,-99
1592.58,00:03,3185,-98
1592.64,00:04,3185,-71
1592.98,00:02,3186,-99
1593.08,00:03,3186,-98
1593.13,00:04,3186,-71
1593.48,00:02,3187,-99
1593.58,00:03,3187,-98
1593.64,00:04,3187,-71
1593.98,00:02,3188,-99
1594.08,00:03,3188,-98
1594.14,00:04,3188,-71
1594.48,00:02,3189,-100
1594.58,00:03,3189,-98
1594.64,00:04,3189,-72
1594.98,00:02,3190,-100
1595.09,00:03,3190,-98
1595.14,00:04,3190,-72
1595.48,00:02,3191,-100
1595.59,00:03,3191,-98
1595.64,00:04,3191,-72
1595.98,00:02,3192,-100
1596.08,00:03,3192,-98
1596.14,00:04,3192,-73
1596.48,00:02,3193,-100
1596.58,00:03,3193,-98
1596.64,00:04,3193,-73
1596.98,00:02,3194,-100
1597.08,00:03,3194,-98
1597.14,00:04,3194,-73
1597.48,00:02,3195,-100
1597.58,00:03,3195,-98
1597.64,00:04,3195,-73
1597.98,00:02,3196,-100
1598.08,00:03,3196,-98
1598.14,00:04,3196,-74
1598.48,00:02,3197,-100
1598.58,00:03,3197,-98
1598.64,00:04,3197,-74
1598.98,00:02,3198,-100
1599.08,00:03,3198,-98
1599.14,00:04,3198,-75
1599.48,00:02,3199,-100
1599.58,00:03,3199,-98
1599.64,00:04,3199,-75
1599.98,00:02,3200,-100
1600.08,00:03,3200,-98
1600.14,00:04,3200,-75
1600.48,00:02,3201,-100
1600.58,00:03,3201,-98
1600.64,00:04,3201,-76
1600.98,00:02,3202,-100
1601.08,00:03,3202,-98
1601.14,00:04,3202,-76
1601.48,00:02,3203,-100
1601.58,00:03,3203,-98
1601.63,00:04,3203,-77
1601.98,00:02,3204,-100
1602.08,00:03,3204,-97
1602.14,00:04,3204,-77
1602.47,00:02,3205,-100
1602.58,00:03,3205,-97
1602.64,00:04,3205,-77
1602.98,00:02,3206,-100
1603.08,00:03,3206,-97
1603.14,00:04,3206,-78
1603.48,00:02,3207,-100
1603.58,00:03,3207,-97
1603.64,00:04,3207,-78
1603.98,00:02,3208,-100
1604.08,00:03,3208,-97
1604.14,00:04,3208,-78
1604.48,00:02,3209,-101
1604.58,00:03,3209,-97
1604.64,00:04,3209,-79
1604.98,00:02,3210,-101
1605.09,00:03,3210,-97
1605.14,00:04,3210,-79
1605.48,00:02,3211,-101
1605.58,00:03,3211,-97
1605.64,00:04,3211,-79
1605.98,00:02,3212,-101
1606.09,00:03,3212,-97
1606.14,00:04,3212,-80
1606.48,00:02,3213,-101
1606.59,00:03,3213,-97
1606.64,00:04,3213,-80
1606.97,00:02,3214,-101
1607.08,00:03,3214,-104
1607.14,00:04,3214,-87
1607.48,00:02,3215,-108
1607.59,00:03,3215,-104
1607.63,00:04,3215,-88
1607.98,00:02,3216,-108
1608.08,00:03,3216,-104
1608.14,00:04,3216,-88
1608.48,00:02,3217,-108
1608.58,00:03,3217,-104
1608.64,00:04,3217,-88
1608.98,00:02,3218,-108
1609.08,00:03,3218,-104
1609.14,00:04,3218,-89
1609.48,00:02,3219,-108
1609.58,00:03,3219,-104
1609.64,00:04,3219,-89
1610.08,00:03,3220,-104
1610.14,00:04,3220,-89
1610.59,00:03,3221,-104
1610.64,00:04,3221,-89
1611.08,00:03,3222,-104
1611.14,00:04,3222,-90
1611.48,00:02,3223,-108
1611.58,00:03,3223,-104
1611.63,00:04,3223,-90
1612.08,00:03,3224,-104
1612.14,00:04,3224,-90
1612.58,00:03,3225,-104
1612.64,00:04,3225,-90
1612.98,00:02,3226,-108
1613.09,00:03,3226,-104
1613.14,00:04,3226,-91
1613.59,00:03,3227,-104
1613.64,00:04,3227,-91
1614.09,00:03,3228,-104
1614.14,00:04,3228,-91
1614.59,00:03,3229,-104
1614.64,00:04,3229,-91
1615.08,00:03,3230,-104
1615.14,00:04,3230,-92
1615.58,00:03,3231,-104
1615.64,00:04,3231,-92
1616.08,00:03,3232,-104
1616.14,00:04,3232,-92
1616.48,00:02,3233,-109
1616.58,00:03,3233,-104
1616.64,00:04,3233,-92
1617.08,00:03,3234,-104
1617.14,00:04,3234,-93
1617.58,00:03,3235,-104
1617.64,00:04,3235,-93
1617.98,00:02,3236,-109
1618.08,00:03,3236,-104
1618.14,00:04,3236,-93
1618.59,00:03,3237,-104
1618.64,00:04,3237,-93
1619.09,00:03,3238,-104
1619.14,00:04,3238,-94
1619.58,00:03,3239,-104
1619.64,00:04,3239,-94
1620.08,00:03,3240,-104
1620.14,00:04,3240,-94
1620.58,00:03,3241,-104
1620.64,00:04,3241,-94
1621.08,00:03,3242,-104
1621.14,00:04,3242,-94
1621.58,00:03,3243,-104
1621.64,00:04,3243,-95
1622.08,00:03,3244,-104
1622.14,00:04,3244,-95
1622.59,00:03,3245,-104
1622.64,00:04,3245,-95
1622.98,00:02,3246,-109
1623.08,00:03,3246,-97
1623.14,00:04,3246,-88
1623.48,00:02,3247,-102
1623.58,00:03,3247,-97
1623.64,00:04,3247,-88
1623.98,00:02,3248,-103
1624.08,00:03,3248,-97
1624.14,00:04,3248,-89
1624.48,00:02,3249,-103
1624.58,00:03,3249,-97
1624.64,00:04,3249,-89
1624.98,00:02,3250,-103
1625.08,00:03,3250,-97
1625.14,00:04,3250,-89
1625.48,00:02,3251,-103
1625.58,00:03,3251,-97
1625.64,00:04,3251,-89
1625.97,00:02,3252,-103
1626.08,00:03,3252,-97
1626.14,00:04,3252,-89
1626.48,00:02,3253,-103
1626.58,00:03,3253,-97
1626.64,00:04,3253,-89
1626.98,00:02,3254,-103
1627.08,00:03,3254,-97
1627.14,00:04,3254,-89
1627.48,00:02,3255,-103
1627.58,00:03,3255,-97
1627.64,00:04,3255,-89
1627.98,00:02,3256,-103
1628.08,00:03,3256,-97
1628.14,00:04,3256,-89
1628.48,00:02,3257,-103
1628.59,00:03,3257,-97
1628.64,00:04,3257,-89
1628.98,00:02,3258,-103
1629.09,00:03,3258,-97
1629.14,00:04,3258,-89
1629.48,00:02,3259,-103
1629.58,00:03,3259,-98
1629.64,00:04,3259,-89
1629.98,00:02,3260,-103
1630.09,00:03,3260,-98
1630.14,00:04,3260,-89
1630.48,00:02,3261,-103
1630.59,00:03,3261,-98
1630.64,00:04,3261,-89
1630.98,00:02,3262,-103
1631.09,00:03,3262,-98
1631.14,00:04,3262,-89
1631.48,00:02,3263,-103
1631.58,00:03,3263,-98
1631.64,00:04,3263,-89
1631.98,00:02,3264,-103
1632.09,00:03,3264,-98
1632.14,00:04,3264,-89
1632.48,00:02,3265,-103
1632.58,00:03,3265,-98
1632.64,00:04,3265,-89
1632.98,00:02,3266,-103
1633.08,00:03,3266,-98
1633.14,00:04,3266,-89
1633.48,00:02,3267,-103
1633.59,00:03,3267,-98
1633.64,00:04,3267,-88
1633.97,00:02,3268,-103
1634.08,00:03,3268,-98
1634.14,00:04,3268,-88
1634.48,00:02,3269,-103
1634.58,00:03,3269,-98
1634.64,00:04,3269,-88
1634.98,00:02,3270,-103
1635.08,00:03,3270,-98
1635.14,00:04,3270,-88
1635.48,00:02,3271,-103
1635.58,00:03,3271,-98
1635.64,00:04,3271,-88
1635.97,00:02,3272,-103
1636.09,00:03,3272,-98
1636.14,00:04,3272,-87
1636.48,00:02,3273,-103
1636.59,00:03,3273,-98
1636.64,00:04,3273,-87
1636.98,00:02,3274,-103
1637.08,00:03,3274,-98
1637.14,00:04,3274,-87
1637.48,00:02,3275,-103
1637.58,00:03,3275,-98
1637.64,00:04,3275,-87
1637.98,00:02,3276,-103
1638.08,00:03,3276,-98
1638.14,00:04,3276,-87
1638.48,00:02,3277,-103
1638.59,00:03,3277,-98
1638.64,00:04,3277,-86
1638.97,00:02,3278,-103
1639.09,00:03,3278,-98
1639.14,00:04,3278,-86
1639.48,00:02,3279,-103
1639.59,00:03,3279,-98
1639.64,00:04,3279,-86
1639.97,00:02,3280,-102
1640.08,00:03,3280,-98
1640.14,00:04,3280,-86
1640.48,00:02,3281,-102
1640.58,00:03,3281,-98
1640.64,00:04,3281,-85
1640.98,00:02,3282,-102
1641.09,00:03,3282,-98
1641.14,00:04,3282,-85
1641.48,00:02,3283,-102
1641.58,00:03,3283,-98
1641.64,00:04,3283,-85
1641.97,00:02,3284,-102
1642.09,00:03,3284,-98
1642.14,00:04,3284,-85
1642.48,00:02,3285,-102
1642.58,00:03,3285,-98
1642.64,00:04,3285,-84
1642.98,00:02,3286,-102
1643.09,00:03,3286,-98
1643.14,00:04,3286,-84
1643.47,00:02,3287,-102
1643.59,00:03,3287,-98
1643.64,00:04,3287,-84
1643.98,00:02,3288,-102
1644.08,00:03,3288,-98
1644.14,00:04,3288,-84
1644.48,00:02,3289,-102
1644.59,00:03,3289,-98
1644.64,00:04,3289,-83
1644.97,00:02,3290,-102
1645.08,00:03,3290,-98
1645.14,00:04,3290,-83
1645.48,00:02,3291,-102
1645.58,00:03,3291,-98
1645.64,00:04,3291,-83
1645.98,00:02,3292,-102
1646.08,00:03,3292,-98
1646.14,00:04,3292,-83
1646.48,00:02,3293,-102
1646.58,00:03,3293,-98
1646.64,00:04,3293,-82
1646.98,00:02,3294,-102
1647.08,00:03,3294,-98
1647.14,00:04,3294,-82
1647.48,00:02,3295,-102
1647.59,00:03,3295,-98
1647.64,00:04,3295,-82
1647.98,00:02,3296,-102
1648.08,00:03,3296,-98
1648.14,00:04,3296,-81
1648.47,00:02,3297,-102
1648.59,00:03,3297,-98
1648.64,00:04,3297,-81
1648.98,00:02,3298,-102
1649.09,00:03,3298,-98
1649.14,00:04,3298,-81
1649.48,00:02,3299,-102
1649.58,00:03,3299,-98
1649.64,00:04,3299,-81
1649.98,00:02,3300,-101
1650.09,00:03,3300,-98
1650.14,00:04,3300,-80
1650.48,00:02,3301,-101
1650.59,00:03,3301,-98
1650.64,00:04,3301,-80
1650.97,00:02,3302,-101
1651.09,00:03,3302,-98
1651.14,00:04,3302,-80
1651.48,00:02,3303,-101
1651.59,00:03,3303,-98
1651.64,00:04,3303,-79
1651.98,00:02,3304,-101
1652.09,00:03,3304,-98
1652.14,00:04,3304,-79
1652.48,00:02,3305,-101
1652.59,00:03,3305,-98
1652.64,00:04,3305,-79
1652.98,00:02,3306,-101
1653.09,00:03,3306,-98
1653.14,00:04,3306,-78
1653.48,00:02,3307,-101
1653.59,00:03,3307,-98
1653.64,00:04,3307,-78
1653.98,00:02,3308,-101
1654.09,00:03,3308,-98
1654.14,00:04,3308,-77
1654.48,00:02,3309,-101
1654.59,00:03,3309,-98
1654.64,00:04,3309,-77
1654.97,00:02,3310,-101
1655.08,00:03,3310,-98
1655.14,00:04,3310,-77
1655.47,00:02,3311,-101
1655.59,00:03,3311,-98
1655.64,00:04,3311,-76
1655.97,00:02,3312,-101
1656.08,00:03,3312,-98
1656.14,00:04,3312,-76
1656.47,00:02,3313,-101
1656.58,00:03,3313,-98
1656.64,00:04,3313,-76
1656.98,00:02,3314,-101
1657.08,00:03,3314,-98
1657.14,00:04,3314,-75
1657.48,00:02,3315,-101
1657.59,00:03,3315,-99
1657.64,00:04,3315,-75
1657.98,00:02,3316,-101
1658.08,00:03,3316,-99
1658.14,00:04,3316,-74
1658.47,00:02,3317,-101
1658.59,00:03,3317,-99
1658.64,00:04,3317,-74
1658.97,00:02,3318,-101
1659.09,00:03,3318,-99
1659.14,00:04,3318,-73
1659.47,00:02,3319,-101
1659.59,00:03,3319,-99
1659.64,00:04,3319,-73
1659.97,00:02,3320,-101
1660.09,00:03,3320,-99
1660.14,00:04,3320,-73
1660.47,00:02,3321,-100
1660.58,00:03,3321,-99
1660.64,00:04,3321,-72
1660.98,00:02,3322,-100
1661.08,00:03,3322,-99
1661.14,00:04,3322,-72
1661.48,00:02,3323,-100
1661.58,00:03,3323,-99
1661.64,00:04,3323,-72
1661.97,00:02,3324,-100
1662.08,00:03,3324,-99
1662.14,00:04,3324,-72
1662.48,00:02,3325,-100
1662.58,00:03,3325,-99
1662.64,00:04,3325,-71
1662.98,00:02,3326,-100
1663.09,00:03,3326,-99
1663.14,00:04,3326,-71
1663.48,00:02,3327,-100
1663.58,00:03,3327,-99
1663.64,00:04,3327,-71
1663.98,00:02,3328,-100
1664.09,00:03,3328,-99
1664.14,00:04,3328,-70
1664.48,00:02,3329,-100
1664.58,00:03,3329,-99
1664.64,00:04,3329,-70
1664.97,00:02,3330,-100
1665.08,00:03,3330,-99
1665.14,00:04,3330,-69
1665.47,00:02,3331,-100
1665.59,00:03,3331,-99
1665.64,00:04,3331,-69
1665.97,00:02,3332,-100
1666.08,00:03,3332,-99
1666.14,00:04,3332,-69
1666.47,00:02,3333,-100
1666.58,00:03,3333,-99
1666.64,00:04,3333,-68
1666.98,00:02,3334,-100
1667.09,00:03,3334,-99
1667.14,00:04,3334,-68
1667.48,00:02,3335,-100
1667.59,00:03,3335,-99
1667.64,00:04,3335,-67
1667.97,00:02,3336,-100
1668.09,00:03,3336,-99
1668.14,00:04,3336,-67
1668.47,00:02,3337,-100
1668.59,00:03,3337,-99
1668.64,00:04,3337,-66
1668.98,00:02,3338,-100
1669.09,00:03,3338,-99
1669.14,00:04,3338,-66
1669.48,00:02,3339,-100
1669.58,00:03,3339,-99
1669.64,00:04,3339,-65
1669.98,00:02,3340,-100
1670.09,00:03,3340,-99
1670.14,00:04,3340,-65
1670.48,00:02,3341,-100
1670.59,00:03,3341,-99
1670.64,00:04,3341,-64
1670.98,00:02,3342,-100
1671.09,00:03,3342,-99
1671.14,00:04,3342,-63
1671.48,00:02,3343,-99
1671.58,00:03,3343,-99
1671.64,00:04,3343,-63
1671.98,00:02,3344,-99
1672.08,00:03,3344,-99
1672.14,00:04,3344,-62
1672.48,00:02,3345,-99
1672.59,00:03,3345,-99
1672.64,00:04,3345,-61
1672.98,00:02,3346,-99
1673.09,00:03,3346,-100
1673.14,00:04,3346,-60
1673.48,00:02,3347,-99
1673.59,00:03,3347,-100
1673.64,00:04,3347,-60
1673.98,00:02,3348,-99
1674.09,00:03,3348,-100
1674.14,00:04,3348,-59
1674.47,00:02,3349,-99
1674.58,00:03,3349,-100
1674.64,00:04,3349,-58
1674.98,00:02,3350,-99
1675.09,00:03,3350,-100
1675.14,00:04,3350,-57
1675.48,00:02,3351,-99
1675.59,00:03,3351,-100
1675.64,00:04,3351,-57
1675.98,00:02,3352,-99
1676.09,00:03,3352,-100
1676.14,00:04,3352,-56
1676.48,00:02,3353,-99
1676.59,00:03,3353,-100
1676.64,00:04,3353,-56
1676.98,00:02,3354,-99
1677.09,00:03,3354,-100
1677.14,00:04,3354,-56
1677.48,00:02,3355,-99
1677.58,00:03,3355,-100
1677.64,00:04,3355,-56
1677.97,00:02,3356,-99
1678.08,00:03,3356,-100
1678.14,00:04,3356,-56
1678.47,00:02,3357,-99
1678.59,00:03,3357,-100
1678.64,00:04,3357,-57
1678.98,00:02,3358,-99
1679.08,00:03,3358,-100
1679.14,00:04,3358,-58
1679.47,00:02,3359,-99
1679.58,00:03,3359,-100
1679.64,00:04,3359,-58
1679.97,00:02,3360,-99
1680.09,00:03,3360,-100
1680.14,00:04,3360,-59
1680.48,00:02,3361,-99
1680.58,00:03,3361,-100
1680.64,00:04,3361,-60
1680.98,00:02,3362,-99
1681.08,00:03,3362,-100
1681.14,00:04,3362,-61
1681.47,00:02,3363,-99
1681.58,00:03,3363,-100
1681.64,00:04,3363,-62
1681.97,00:02,3364,-99
1682.09,00:03,3364,-100
1682.14,00:04,3364,-62
1682.47,00:02,3365,-99
1682.59,00:03,3365,-100
1682.64,00:04,3365,-63
1682.97,00:02,3366,-99
1683.08,00:03,3366,-100
1683.14,00:04,3366,-64
1683.48,00:02,3367,-99
1683.58,00:03,3367,-100
1683.64,00:04,3367,-64
1683.97,00:02,3368,-99
1684.08,00:03,3368,-100
1684.14,00:04,3368,-65
1684.47,00:02,3369,-98
1684.59,00:03,3369,-100
1684.64,00:04,3369,-66
1684.98,00:02,3370,-98
1685.09,00:03,3370,-101
1685.14,00:04,3370,-66
1685.48,00:02,3371,-98
1685.59,00:03,3371,-101
1685.64,00:04,3371,-67
1685.97,00:02,3372,-98
1686.09,00:03,3372,-101
1686.14,00:04,3372,-67
1686.47,00:02,3373,-98
1686.59,00:03,3373,-101
1686.64,00:04,3373,-68
1686.98,00:02,3374,-98
1687.08,00:03,3374,-101
1687.14,00:04,3374,-68
1687.48,00:02,3375,-98
1687.59,00:03,3375,-101
1687.64,00:04,3375,-68
1687.98,00:02,3376,-98
1688.09,00:03,3376,-101
1688.14,00:04,3376,-69
1688.47,00:02,3377,-98
1688.59,00:03,3377,-101
1688.64,00:04,3377,-69
1688.97,00:02,3378,-98
1689.09,00:03,3378,-101
1689.14,00:04,3378,-70
1689.47,00:02,3379,-98
1689.59,00:03,3379,-101
1689.64,00:04,3379,-70
1689.98,00:02,3380,-98
1690.08,00:03,3380,-101
1690.14,00:04,3380,-70
1690.47,00:02,3381,-98
1690.58,00:03,3381,-101
1690.64,00:04,3381,-71
1690.97,00:02,3382,-98
1691.09,00:03,3382,-101
1691.14,00:04,3382,-71
1691.48,00:02,3383,-98
1691.59,00:03,3383,-101
1691.64,00:04,3383,-71
1691.97,00:02,3384,-98
1692.09,00:03,3384,-101
1692.14,00:04,3384,-72
1692.47,00:02,3385,-98
1692.58,00:03,3385,-101
1692.64,00:04,3385,-72
1692.97,00:02,3386,-98
1693.09,00:03,3386,-101
1693.14,00:04,3386,-72
1693.48,00:02,3387,-98
1693.59,00:03,3387,-101
1693.64,00:04,3387,-73
1693.98,00:02,3388,-98
1694.09,00:03,3388,-101
1694.14,00:04,3388,-73
1694.48,00:02,3389,-98
1694.59,00:03,3389,-101
1694.64,00:04,3389,-73
1694.98,00:02,3390,-98
1695.09,00:03,3390,-101
1695.14,00:04,3390,-74
1695.47,00:02,3391,-98
1695.59,00:03,3391,-101
1695.64,00:04,3391,-74
1695.97,00:02,3392,-98
1696.09,00:03,3392,-102
1696.14,00:04,3392,-74
1696.47,00:02,3393,-98
1696.58,00:03,3393,-102
1696.64,00:04,3393,-75
1696.97,00:02,3394,-98
1697.09,00:03,3394,-102
1697.14,00:04,3394,-75
1697.47,00:02,3395,-98
1697.59,00:03,3395,-102
1697.64,00:04,3395,-76
1697.98,00:02,3396,-98
1698.09,00:03,3396,-102
1698.14,00:04,3396,-76
1698.47,00:02,3397,-98
1698.59,00:03,3397,-102
1698.64,00:04,3397,-77
1698.97,00:02,3398,-98
1699.09,00:03,3398,-102
1699.14,00:04,3398,-77
1699.48,00:02,3399,-98
1699.59,00:03,3399,-102
1699.64,00:04,3399,-77
1699.97,00:02,3400,-98
1700.08,00:03,3400,-102
1700.14,00:04,3400,-78
1700.48,00:02,3401,-98
1700.59,00:03,3401,-102
1700.64,00:04,3401,-78
1700.98,00:02,3402,-98
1701.08,00:03,3402,-102
1701.14,00:04,3402,-78
1701.48,00:02,3403,-97
1701.58,00:03,3403,-102
1701.64,00:04,3403,-79
1701.98,00:02,3404,-97
1702.09,00:03,3404,-102
1702.14,00:04,3404,-79
1702.47,00:02,3405,-97
1702.59,00:03,3405,-102
1702.64,00:04,3405,-79
1702.97,00:02,3406,-97
1703.09,00:03,3406,-102
1703.14,00:04,3406,-80
1703.47,00:02,3407,-97
1703.59,00:03,3407,-102
1703.64,00:04,3407,-80
1703.97,00:02,3408,-97
1704.09,00:03,3408,-102
1704.14,00:04,3408,-80
1704.47,00:02,3409,-97
1704.59,00:03,3409,-102
1704.64,00:04,3409,-81
1704.97,00:02,3410,-97
1705.09,00:03,3410,-102
1705.14,00:04,3410,-81
1705.47,00:02,3411,-97
1705.59,00:03,3411,-102
1705.64,00:04,3411,-81
1705.98,00:02,3412,-97
1706.09,00:03,3412,-102
1706.14,00:04,3412,-82
1706.48,00:02,3413,-97
1706.59,00:03,3413,-103
1706.64,00:04,3413,-82
1706.98,00:02,3414,-97
1707.08,00:03,3414,-103
1707.14,00:04,3414,-82
1707.47,00:02,3415,-97
1707.59,00:03,3415,-103
1707.64,00:04,3415,-82
1707.98,00:02,3416,-97
1708.09,00:03,3416,-103
1708.14,00:04,3416,-83
1708.47,00:02,3417,-97
1708.59,00:03,3417,-103
1708.64,00:04,3417,-83
1708.98,00:02,3418,-97
1709.09,00:03,3418,-103
1709.14,00:04,3418,-83
1709.48,00:02,3419,-97
1709.59,00:03,3419,-103
1709.64,00:04,3419,-84
1709.97,00:02,3420,-97
1710.09,00:03,3420,-103
1710.14,00:04,3420,-84
1710.47,00:02,3421,-97
1710.59,00:03,3421,-103
1710.64,00:04,3421,-84
1710.98,00:02,3422,-97
1711.09,00:03,3422,-103
1711.14,00:04,3422,-84
1711.47,00:02,3423,-97
1711.59,00:03,3423,-103
1711.64,00:04,3423,-85
1711.98,00:02,3424,-97
1712.09,00:03,3424,-103
1712.14,00:04,3424,-85
1712.47,00:02,3425,-97
1712.59,00:03,3425,-103
1712.64,00:04,3425,-85
1712.97,00:02,3426,-97
1713.09,00:03,3426,-103
1713.14,00:04,3426,-85
1713.48,00:02,3427,-97
1713.59,00:03,3427,-103
1713.64,00:04,3427,-86
1713.97,00:02,3428,-97
1714.09,00:03,3428,-103
1714.14,00:04,3428,-86
1714.47,00:02,3429,-97
1714.59,00:03,3429,-103
1714.64,00:04,3429,-86
1714.98,00:02,3430,-97
1715.09,00:03,3430,-103
1715.14,00:04,3430,-86
1715.47,00:02,3431,-97
1715.59,00:03,3431,-103
1715.64,00:04,3431,-86
1715.97,00:02,3432,-97
1716.09,00:03,3432,-103
1716.14,00:04,3432,-87
1716.47,00:02,3433,-97
1716.58,00:03,3433,-103
1716.64,00:04,3433,-87
1716.97,00:02,3434,-97
1717.08,00:03,3434,-104
1717.14,00:04,3434,-87
1717.47,00:02,3435,-97
1717.59,00:03,3435,-104
1717.64,00:04,3435,-87
1717.98,00:02,3436,-97
1718.08,00:03,3436,-104
1718.14,00:04,3436,-88
1718.47,00:02,3437,-97
1718.59,00:03,3437,-104
1718.64,00:04,3437,-88
1718.97,00:02,3438,-97
1719.09,00:03,3438,-104
1719.14,00:04,3438,-88
1719.47,00:02,3439,-97
1719.59,00:03,3439,-104
1719.64,00:04,3439,-88
1719.97,00:02,3440,-97
1720.09,00:03,3440,-104
1720.14,00:04,3440,-88
1720.47,00:02,3441,-97
1720.59,00:03,3441,-104
1720.64,00:04,3441,-89
1720.97,00:02,3442,-97
1721.09,00:03,3442,-104
1721.14,00:04,3442,-89
1721.47,00:02,3443,-97
1721.59,00:03,3443,-104
1721.64,00:04,3443,-89
1721.97,00:02,3444,-97
