Time_s,Src_MAC,Seq_Num,RSSI_dBm
0.00875853,00:02,0,-47
0.0562869,00:03,0,-80
0.1085,00:04,0,-95
0.507403,00:02,1,-47
0.554597,00:03,1,-79
0.608244,00:04,1,-94
1.00637,00:02,2,-47
1.05668,00:03,2,-79
1.10758,00:04,2,-94
1.5067,00:02,3,-48
1.556,00:03,3,-79
1.60836,00:04,3,-94
2.00589,00:02,4,-48
2.05589,00:03,4,-79
2.10877,00:04,4,-94
2.50741,00:02,5,-49
2.55657,00:03,5,-79
2.6086,00:04,5,-94
3.0069,00:02,6,-49
3.0559,00:03,6,-79
3.10885,00:04,6,-94
3.50802,00:02,7,-50
3.55646,00:03,7,-79
3.60845,00:04,7,-94
4.008,00:02,8,-51
4.05535,00:03,8,-79
4.10899,00:04,8,-94
4.5072,00:02,9,-51
4.55533,00:03,9,-79
4.60801,00:04,9,-94
5.00742,00:02,10,-52
5.056,00:03,10,-79
5.10844,00:04,10,-94
5.50555,00:02,11,-52
5.55728,00:03,11,-78
5.60655,00:04,11,-94
6.00867,00:02,12,-53
6.05601,00:03,12,-78
6.10869,00:04,12,-94
6.50797,00:02,13,-54
6.55668,00:03,13,-78
6.60923,00:04,13,-94
7.00861,00:02,14,-54
7.05574,00:03,14,-78
7.10833,00:04,14,-94
7.50604,00:02,15,-55
7.5575,00:03,15,-78
7.60892,00:04,15,-94
8.00694,00:02,16,-55
8.05563,00:03,16,-78
8.10749,00:04,16,-94
8.50839,00:02,17,-56
8.55468,00:03,17,-78
8.60896,00:04,17,-94
9.0078,00:02,18,-56
9.05625,00:03,18,-78
9.10804,00:04,18,-94
9.50675,00:02,19,-57
9.55602,00:03,19,-78
9.60747,00:04,19,-94
10.0074,00:02,20,-57
10.0558,00:03,20,-78
10.1078,00:04,20,-94
10.5071,00:02,21,-57
10.555,00:03,21,-77
10.6073,00:04,21,-94
11.0056,00:02,22,-58
11.0577,00:03,22,-77
11.1088,00:04,22,-94
11.5059,00:02,23,-58
11.5562,00:03,23,-77
11.6071,00:04,23,-94
12.0081,00:02,24,-59
12.0561,00:03,24,-77
12.1074,00:04,24,-94
12.5073,00:02,25,-59
12.5561,00:03,25,-77
12.6078,00:04,25,-94
13.0064,00:02,26,-59
13.0548,00:03,26,-77
13.1076,00:04,26,-94
13.507,00:02,27,-60
13.5552,00:03,27,-77
13.61,00:04,27,-94
14.0058,00:02,28,-60
14.0555,00:03,28,-77
14.107,00:04,28,-93
14.5073,00:02,29,-60
14.5562,00:03,29,-77
14.6093,00:04,29,-93
15.0082,00:02,30,-61
15.0567,00:03,30,-76
15.1094,00:04,30,-93
15.5079,00:02,31,-61
15.555,00:03,31,-76
15.608,00:04,31,-93
16.0053,00:02,32,-61
16.0577,00:03,32,-76
16.108,00:04,32,-93
16.5059,00:02,33,-62
16.5553,00:03,33,-76
16.608,00:04,33,-93
17.0057,00:02,34,-62
17.0553,00:03,34,-76
17.1073,00:04,34,-93
17.5075,00:02,35,-62
17.5546,00:03,35,-76
17.6086,00:04,35,-93
18.0084,00:02,36,-63
18.0562,00:03,36,-76
18.1095,00:04,36,-93
18.5067,00:02,37,-63
18.5558,00:03,37,-76
18.6082,00:04,37,-93
19.0072,00:02,38,-63
19.0568,00:03,38,-75
19.1075,00:04,38,-93
19.5064,00:02,39,-64
19.5555,00:03,39,-75
19.6094,00:04,39,-93
20.0071,00:02,40,-64
20.056,00:03,40,-75
20.1085,00:04,40,-93
20.5056,00:02,41,-65
20.558,00:03,41,-75
20.6075,00:04,41,-93
21.0071,00:02,42,-65
21.0579,00:03,42,-75
21.1081,00:04,42,-93
21.5066,00:02,43,-65
21.5561,00:03,43,-75
21.6078,00:04,43,-93
22.0068,00:02,44,-66
22.0548,00:03,44,-75
22.1082,00:04,44,-93
22.5065,00:02,45,-66
22.555,00:03,45,-75
22.6094,00:04,45,-93
23.0075,00:02,46,-67
23.0571,00:03,46,-74
23.1097,00:04,46,-93
23.5077,00:02,47,-67
23.5568,00:03,47,-74
23.6087,00:04,47,-93
24.0063,00:02,48,-67
24.0558,00:03,48,-74
24.1078,00:04,48,-93
24.5079,00:02,49,-68
24.5552,00:03,49,-74
24.6081,00:04,49,-93
25.0062,00:02,50,-68
25.0552,00:03,50,-74
25.1069,00:04,50,-93
25.5085,00:02,51,-68
25.5552,00:03,51,-74
25.6077,00:04,51,-93
26.0058,00:02,52,-69
26.0543,00:03,52,-74
26.106,00:04,52,-93
26.5083,00:02,53,-69
26.5558,00:03,53,-74
26.6085,00:04,53,-93
27.0078,00:02,54,-69
27.0551,00:03,54,-73
27.1068,00:04,54,-93
27.5084,00:02,55,-70
27.5564,00:03,55,-73
27.608,00:04,55,-93
28.0086,00:02,56,-70
28.0569,00:03,56,-73
28.1087,00:04,56,-93
28.5085,00:02,57,-70
28.5563,00:03,57,-73
28.6063,00:04,57,-93
29.0075,00:02,58,-71
29.0553,00:03,58,-73
29.1065,00:04,58,-93
29.5081,00:02,59,-71
29.5562,00:03,59,-73
29.6082,00:04,59,-93
30.0073,00:02,60,-71
30.0568,00:03,60,-73
30.1077,00:04,60,-93
30.509,00:02,61,-71
30.5555,00:03,61,-72
30.6081,00:04,61,-93
31.0069,00:02,62,-72
31.0554,00:03,62,-72
31.1079,00:04,62,-93
31.508,00:02,63,-72
31.556,00:03,63,-72
31.6093,00:04,63,-93
32.0082,00:02,64,-72
32.0547,00:03,64,-72
32.1067,00:04,64,-93
32.5083,00:02,65,-73
32.5548,00:03,65,-72
32.6087,00:04,65,-93
33.0092,00:02,66,-73
33.0563,00:03,66,-72
33.1066,00:04,66,-93
33.507,00:02,67,-73
33.5571,00:03,67,-71
33.608,00:04,67,-93
34.0061,00:02,68,-73
34.0557,00:03,68,-71
34.108,00:04,68,-93
34.5092,00:02,69,-74
34.5562,00:03,69,-71
34.6096,00:04,69,-93
35.0074,00:02,70,-74
35.056,00:03,70,-71
35.107,00:04,70,-93
35.5075,00:02,71,-74
35.5559,00:03,71,-71
35.6096,00:04,71,-93
36.0073,00:02,72,-74
36.0554,00:03,72,-71
36.108,00:04,72,-93
36.509,00:02,73,-75
36.5549,00:03,73,-71
36.6086,00:04,73,-93
37.0074,00:02,74,-75
37.0564,00:03,74,-70
37.108,00:04,74,-93
37.5077,00:02,75,-75
37.5573,00:03,75,-70
37.6068,00:04,75,-93
38.0087,00:02,76,-75
38.0559,00:03,76,-70
38.1079,00:04,76,-93
38.507,00:02,77,-75
38.5543,00:03,77,-70
38.6066,00:04,77,-93
39.0071,00:02,78,-76
39.0565,00:03,78,-70
39.1072,00:04,78,-92
39.5056,00:02,79,-76
39.5566,00:03,79,-70
39.6083,00:04,79,-92
40.008,00:02,80,-76
40.0565,00:03,80,-69
40.1089,00:04,80,-92
40.509,00:02,81,-76
40.5571,00:03,81,-69
40.608,00:04,81,-92
41.0072,00:02,82,-77
41.0557,00:03,82,-69
41.1089,00:04,82,-92
41.5084,00:02,83,-77
41.5543,00:03,83,-69
41.6078,00:04,83,-92
42.0081,00:02,84,-77
42.0564,00:03,84,-69
42.1086,00:04,84,-92
42.5076,00:02,85,-77
42.5575,00:03,85,-68
42.6073,00:04,85,-92
43.0058,00:02,86,-77
43.0569,00:03,86,-68
43.1061,00:04,86,-92
43.5072,00:02,87,-78
43.5548,00:03,87,-68
43.6062,00:04,87,-92
44.0063,00:02,88,-78
44.0544,00:03,88,-68
44.1094,00:04,88,-92
44.5059,00:02,89,-78
44.5576,00:03,89,-68
44.6085,00:04,89,-92
45.0058,00:02,90,-78
45.0564,00:03,90,-68
45.1085,00:04,90,-92
45.506,00:02,91,-78
45.5547,00:03,91,-67
45.608,00:04,91,-92
46.0066,00:02,92,-79
46.0545,00:03,92,-67
46.108,00:04,92,-92
46.5067,00:02,93,-79
46.5547,00:03,93,-67
46.609,00:04,93,-92
47.0056,00:02,94,-79
47.0559,00:03,94,-67
47.108,00:04,94,-92
47.5071,00:02,95,-79
47.5565,00:03,95,-67
47.609,00:04,95,-92
48.0069,00:02,96,-79
48.0556,00:03,96,-66
48.1079,00:04,96,-92
48.5071,00:02,97,-79
48.5549,00:03,97,-66
48.6088,00:04,97,-92
49.0095,00:02,98,-80
49.0551,00:03,98,-66
49.1062,00:04,98,-92
49.5066,00:02,99,-80
49.5553,00:03,99,-66
49.6082,00:04,99,-92
50.0081,00:02,100,-80
50.057,00:03,100,-66
50.1068,00:04,100,-92
50.5064,00:02,101,-80
50.5558,00:03,101,-65
50.6074,00:04,101,-92
51.0084,00:02,102,-80
51.057,00:03,102,-65
51.1092,00:04,102,-93
51.507,00:02,103,-80
51.5556,00:03,103,-65
51.6071,00:04,103,-93
52.0074,00:02,104,-81
52.0544,00:03,104,-65
52.1085,00:04,104,-93
52.5066,00:02,105,-81
52.5578,00:03,105,-64
52.6073,00:04,105,-93
53.0072,00:02,106,-81
53.0562,00:03,106,-64
53.1067,00:04,106,-93
53.5085,00:02,107,-81
53.5569,00:03,107,-64
53.609,00:04,107,-93
54.0065,00:02,108,-81
54.0562,00:03,108,-64
54.1092,00:04,108,-93
54.5085,00:02,109,-81
54.5568,00:03,109,-63
54.6097,00:04,109,-93
55.0078,00:02,110,-82
55.0563,00:03,110,-63
55.1069,00:04,110,-93
55.5086,00:02,111,-82
55.5551,00:03,111,-63
55.6087,00:04,111,-93
56.007,00:02,112,-82
56.0562,00:03,112,-63
56.1074,00:04,112,-93
56.5069,00:02,113,-82
56.5562,00:03,113,-62
56.607,00:04,113,-93
57.0074,00:02,114,-82
57.0543,00:03,114,-62
57.1065,00:04,114,-93
57.5066,00:02,115,-82
57.5565,00:03,115,-62
57.6093,00:04,115,-93
58.0077,00:02,116,-83
58.0563,00:03,116,-62
58.1067,00:04,116,-93
58.5073,00:02,117,-83
58.5545,00:03,117,-61
58.6076,00:04,117,-93
59.008,00:02,118,-83
59.0543,00:03,118,-61
59.1085,00:04,118,-93
59.5073,00:02,119,-83
59.5568,00:03,119,-61
59.6072,00:04,119,-93
60.0065,00:02,120,-83
60.0556,00:03,120,-61
60.1081,00:04,120,-93
60.5064,00:02,121,-83
60.5558,00:03,121,-60
60.6078,00:04,121,-93
61.0078,00:02,122,-83
61.0575,00:03,122,-60
61.1088,00:04,122,-93
61.5071,00:02,123,-84
61.5564,00:03,123,-60
61.6068,00:04,123,-93
62.0069,00:02,124,-84
62.0552,00:03,124,-59
62.1062,00:04,124,-93
62.5078,00:02,125,-84
62.556,00:03,125,-59
62.6092,00:04,125,-93
63.008,00:02,126,-84
63.0568,00:03,126,-59
63.1084,00:04,126,-93
63.5066,00:02,127,-84
63.5551,00:03,127,-58
63.6086,00:04,127,-93
64.0067,00:02,128,-84
64.0542,00:03,128,-58
64.1094,00:04,128,-93
64.5091,00:02,129,-84
64.5553,00:03,129,-58
64.6087,00:04,129,-93
65.0076,00:02,130,-84
65.0572,00:03,130,-57
65.1083,00:04,130,-93
65.509,00:02,131,-85
65.5558,00:03,131,-57
65.6079,00:04,131,-93
66.0071,00:02,132,-85
66.0555,00:03,132,-57
66.108,00:04,132,-93
66.5074,00:02,133,-85
66.5556,00:03,133,-56
66.6084,00:04,133,-93
67.0078,00:02,134,-85
67.056,00:03,134,-56
67.108,00:04,134,-93
67.5076,00:02,135,-85
67.5567,00:03,135,-56
67.606,00:04,135,-93
68.0059,00:02,136,-85
68.055,00:03,136,-55
68.1079,00:04,136,-93
68.5071,00:02,137,-85
68.5557,00:03,137,-55
68.6092,00:04,137,-93
69.007,00:02,138,-86
69.0545,00:03,138,-54
69.1097,00:04,138,-93
69.508,00:02,139,-86
69.5544,00:03,139,-54
69.6074,00:04,139,-93
70.0076,00:02,140,-86
70.0567,00:03,140,-54
70.1062,00:04,140,-93
70.5089,00:02,141,-86
70.5568,00:03,141,-53
70.6064,00:04,141,-93
71.0094,00:02,142,-86
71.0562,00:03,142,-53
71.1068,00:04,142,-93
71.5063,00:02,143,-86
71.5573,00:03,143,-52
71.6083,00:04,143,-93
72.009,00:02,144,-86
72.0557,00:03,144,-52
72.1081,00:04,144,-93
72.5059,00:02,145,-86
72.5547,00:03,145,-52
72.6084,00:04,145,-93
73.0078,00:02,146,-86
73.0555,00:03,146,-51
73.1063,00:04,146,-93
73.5074,00:02,147,-87
73.5544,00:03,147,-51
73.6096,00:04,147,-93
74.0089,00:02,148,-87
74.0544,00:03,148,-51
74.1089,00:04,148,-93
74.5084,00:02,149,-87
74.5549,00:03,149,-50
74.6084,00:04,149,-93
75.0087,00:02,150,-87
75.0561,00:03,150,-50
75.1072,00:04,150,-93
75.5069,00:02,151,-87
75.5564,00:03,151,-50
75.6077,00:04,151,-93
76.0079,00:02,152,-87
76.0565,00:03,152,-49
76.1073,00:04,152,-94
76.5076,00:02,153,-87
76.5571,00:03,153,-49
76.6095,00:04,153,-94
77.0066,00:02,154,-87
77.0548,00:03,154,-49
77.1086,00:04,154,-94
77.5076,00:02,155,-88
77.5561,00:03,155,-48
77.6088,00:04,155,-94
78.0086,00:02,156,-88
78.057,00:03,156,-48
78.1083,00:04,156,-94
78.5079,00:02,157,-88
78.5551,00:03,157,-48
78.6093,00:04,157,-94
79.0077,00:02,158,-88
79.0557,00:03,158,-47
79.108,00:04,158,-94
79.5085,00:02,159,-88
79.5558,00:03,159,-47
79.6084,00:04,159,-94
80.0061,00:02,160,-88
80.0545,00:03,160,-46
80.1083,00:04,160,-94
80.5083,00:02,161,-88
80.5562,00:03,161,-46
80.6098,00:04,161,-94
81.0073,00:02,162,-88
81.0545,00:03,162,-46
81.108,00:04,162,-94
81.5091,00:02,163,-88
81.5547,00:03,163,-45
81.6076,00:04,163,-94
82.0084,00:02,164,-89
82.0535,00:03,164,-45
82.1074,00:04,164,-94
82.5077,00:02,165,-89
82.5553,00:03,165,-44
82.6084,00:04,165,-94
83.0063,00:02,166,-89
83.0544,00:03,166,-44
83.108,00:04,166,-94
83.5074,00:02,167,-89
83.555,00:03,167,-43
83.6085,00:04,167,-94
84.0074,00:02,168,-89
84.0546,00:03,168,-42
84.1091,00:04,168,-94
84.5096,00:02,169,-89
84.5544,00:03,169,-42
84.6068,00:04,169,-94
85.0062,00:02,170,-89
85.0573,00:03,170,-41
85.1087,00:04,170,-94
85.5076,00:02,171,-89
85.5549,00:03,171,-41
85.6081,00:04,171,-94
86.0071,00:02,172,-89
86.0572,00:03,172,-40
86.1084,00:04,172,-94
86.5065,00:02,173,-89
86.5558,00:03,173,-39
86.6069,00:04,173,-94
87.0078,00:02,174,-90
87.0571,00:03,174,-39
87.1071,00:04,174,-94
87.5076,00:02,175,-90
87.5576,00:03,175,-38
87.6082,00:04,175,-94
88.0061,00:02,176,-90
88.0546,00:03,176,-37
88.1071,00:04,176,-94
88.5078,00:02,177,-90
88.5558,00:03,177,-37
88.6063,00:04,177,-94
89.0066,00:02,178,-90
89.0543,00:03,178,-37
89.1098,00:04,178,-94
89.5086,00:02,179,-90
89.5554,00:03,179,-36
89.606,00:04,179,-94
90.0075,00:02,180,-90
90.0569,00:03,180,-36
90.1084,00:04,180,-95
90.507,00:02,181,-90
90.5562,00:03,181,-37
90.609,00:04,181,-94
91.0066,00:02,182,-90
91.0558,00:03,182,-38
91.1086,00:04,182,-94
91.5091,00:02,183,-90
91.5557,00:03,183,-39
91.6078,00:04,183,-94
92.0064,00:02,184,-90
92.0561,00:03,184,-40
92.1066,00:04,184,-94
92.507,00:02,185,-90
92.5554,00:03,185,-41
92.607,00:04,185,-94
93.0081,00:02,186,-90
93.0534,00:03,186,-42
93.1093,00:04,186,-94
93.5066,00:02,187,-90
93.5558,00:03,187,-42
93.607,00:04,187,-94
94.009,00:02,188,-90
94.0566,00:03,188,-43
94.1058,00:04,188,-94
94.5088,00:02,189,-90
94.5565,00:03,189,-44
94.606,00:04,189,-94
95.0086,00:02,190,-90
95.054,00:03,190,-44
95.1079,00:04,190,-94
95.507,00:02,191,-90
95.5564,00:03,191,-44
95.608,00:04,191,-94
96.0094,00:02,192,-90
96.0542,00:03,192,-44
96.1088,00:04,192,-94
96.506,00:02,193,-90
96.5563,00:03,193,-44
96.6075,00:04,193,-94
97.006,00:02,194,-90
97.0555,00:03,194,-44
97.1084,00:04,194,-94
97.508,00:02,195,-90
97.5552,00:03,195,-44
97.6084,00:04,195,-94
98.0095,00:02,196,-90
98.0544,00:03,196,-44
98.1077,00:04,196,-94
98.5074,00:02,197,-90
98.5551,00:03,197,-44
98.6072,00:04,197,-93
99.0097,00:02,198,-90
99.056,00:03,198,-45
99.1079,00:04,198,-93
99.509,00:02,199,-89
99.5556,00:03,199,-45
99.6065,00:04,199,-93
100.006,00:02,200,-89
100.055,00:03,200,-45
100.106,00:04,200,-93
100.506,00:02,201,-89
100.555,00:03,201,-45
100.608,00:04,201,-93
101.009,00:02,202,-89
101.054,00:03,202,-46
101.108,00:04,202,-93
101.508,00:02,203,-89
101.555,00:03,203,-46
101.607,00:04,203,-93
102.008,00:02,204,-89
102.055,00:03,204,-46
102.108,00:04,204,-93
102.508,00:02,205,-89
102.557,00:03,205,-46
102.608,00:04,205,-93
103.008,00:02,206,-89
103.055,00:03,206,-47
103.108,00:04,206,-93
103.507,00:02,207,-89
103.557,00:03,207,-47
103.608,00:04,207,-93
104.009,00:02,208,-89
104.057,00:03,208,-47
104.107,00:04,208,-93
104.508,00:02,209,-88
104.554,00:03,209,-48
104.608,00:04,209,-93
105.008,00:02,210,-88
105.057,00:03,210,-48
105.108,00:04,210,-93
105.51,00:02,211,-88
105.555,00:03,211,-48
105.606,00:04,211,-93
106.007,00:02,212,-88
106.055,00:03,212,-48
106.107,00:04,212,-93
106.508,00:02,213,-88
106.556,00:03,213,-49
106.608,00:04,213,-93
107.01,00:02,214,-88
107.054,00:03,214,-49
107.107,00:04,214,-93
107.509,00:02,215,-88
107.555,00:03,215,-49
107.607,00:04,215,-93
108.007,00:02,216,-88
108.056,00:03,216,-50
108.106,00:04,216,-93
108.508,00:02,217,-88
108.555,00:03,217,-50
108.608,00:04,217,-93
109.006,00:02,218,-87
109.056,00:03,218,-50
109.107,00:04,218,-93
109.507,00:02,219,-87
109.554,00:03,219,-50
109.608,00:04,219,-93
110.006,00:02,220,-87
110.055,00:03,220,-51
110.107,00:04,220,-93
110.509,00:02,221,-87
110.557,00:03,221,-51
110.607,00:04,221,-93
111.006,00:02,222,-87
111.055,00:03,222,-51
111.107,00:04,222,-93
111.508,00:02,223,-87
111.556,00:03,223,-51
111.609,00:04,223,-92
112.007,00:02,224,-87
112.054,00:03,224,-52
112.107,00:04,224,-92
112.508,00:02,225,-87
112.556,00:03,225,-52
112.606,00:04,225,-92
113.01,00:02,226,-87
113.057,00:03,226,-53
113.107,00:04,226,-92
113.509,00:02,227,-86
113.555,00:03,227,-53
113.608,00:04,227,-92
114.008,00:02,228,-86
114.054,00:03,228,-53
114.107,00:04,228,-92
114.508,00:02,229,-86
114.556,00:03,229,-54
114.607,00:04,229,-92
115.008,00:02,230,-86
115.053,00:03,230,-54
115.108,00:04,230,-92
115.506,00:02,231,-86
115.556,00:03,231,-54
115.609,00:04,231,-92
116.007,00:02,232,-86
116.055,00:03,232,-55
116.107,00:04,232,-92
116.509,00:02,233,-86
116.556,00:03,233,-55
116.607,00:04,233,-92
117.007,00:02,234,-86
117.054,00:03,234,-56
117.107,00:04,234,-92
117.509,00:02,235,-85
117.554,00:03,235,-56
117.607,00:04,235,-92
118.008,00:02,236,-85
118.056,00:03,236,-56
118.108,00:04,236,-92
118.507,00:02,237,-85
118.556,00:03,237,-57
118.608,00:04,237,-92
119.007,00:02,238,-85
119.054,00:03,238,-57
119.106,00:04,238,-92
119.507,00:02,239,-85
119.553,00:03,239,-57
119.609,00:04,239,-92
120.008,00:02,240,-85
120.055,00:03,240,-58
120.106,00:04,240,-92
120.509,00:02,241,-85
120.555,00:03,241,-58
120.608,00:04,241,-92
121.01,00:02,242,-85
121.056,00:03,242,-58
121.107,00:04,242,-92
121.506,00:02,243,-84
121.556,00:03,243,-59
121.607,00:04,243,-92
122.007,00:02,244,-84
122.055,00:03,244,-59
122.109,00:04,244,-92
122.508,00:02,245,-84
122.555,00:03,245,-59
122.608,00:04,245,-92
123.008,00:02,246,-84
123.055,00:03,246,-59
123.108,00:04,246,-92
123.508,00:02,247,-84
123.556,00:03,247,-60
123.609,00:04,247,-92
124.009,00:02,248,-84
124.054,00:03,248,-60
124.107,00:04,248,-92
124.506,00:02,249,-84
124.554,00:03,249,-60
124.606,00:04,249,-92
125.006,00:02,250,-84
125.056,00:03,250,-61
125.106,00:04,250,-92
125.506,00:02,251,-83
125.555,00:03,251,-61
125.607,00:04,251,-92
126.007,00:02,252,-83
126.056,00:03,252,-61
126.108,00:04,252,-92
126.507,00:02,253,-83
126.555,00:03,253,-61
126.606,00:04,253,-92
127.008,00:02,254,-83
127.056,00:03,254,-62
127.108,00:04,254,-92
127.509,00:02,255,-83
127.554,00:03,255,-62
127.608,00:04,255,-92
128.008,00:02,256,-83
128.055,00:03,256,-62
128.109,00:04,256,-92
128.507,00:02,257,-82
128.555,00:03,257,-62
128.606,00:04,257,-92
129.007,00:02,258,-82
129.055,00:03,258,-63
129.108,00:04,258,-92
129.509,00:02,259,-82
129.556,00:03,259,-63
129.608,00:04,259,-92
130.008,00:02,260,-82
130.055,00:03,260,-63
130.109,00:04,260,-92
130.507,00:02,261,-82
130.554,00:03,261,-63
130.606,00:04,261,-92
131.008,00:02,262,-82
131.054,00:03,262,-64
131.107,00:04,262,-92
131.508,00:02,263,-82
131.555,00:03,263,-64
131.608,00:04,263,-92
132.009,00:02,264,-81
132.055,00:03,264,-64
132.109,00:04,264,-92
132.507,00:02,265,-81
132.555,00:03,265,-64
132.607,00:04,265,-92
133.008,00:02,266,-88
133.055,00:03,266,-72
133.108,00:04,266,-99
133.509,00:02,267,-88
133.555,00:03,267,-72
133.607,00:04,267,-99
134.007,00:02,268,-88
134.055,00:03,268,-72
134.107,00:04,268,-98
134.507,00:02,269,-88
134.556,00:03,269,-72
134.607,00:04,269,-98
135.008,00:02,270,-87
135.057,00:03,270,-72
135.107,00:04,270,-98
135.51,00:02,271,-87
135.555,00:03,271,-73
135.606,00:04,271,-98
136.006,00:02,272,-87
136.055,00:03,272,-73
136.107,00:04,272,-98
136.51,00:02,273,-87
136.556,00:03,273,-73
136.607,00:04,273,-98
137.007,00:02,274,-87
137.054,00:03,274,-73
137.108,00:04,274,-98
137.507,00:02,275,-87
137.554,00:03,275,-73
137.608,00:04,275,-98
138.008,00:02,276,-86
138.054,00:03,276,-74
138.106,00:04,276,-98
138.506,00:02,277,-86
138.555,00:03,277,-74
138.607,00:04,277,-98
139.006,00:02,278,-86
139.056,00:03,278,-74
139.108,00:04,278,-98
139.506,00:02,279,-86
139.555,00:03,279,-74
139.607,00:04,279,-98
140.008,00:02,280,-86
140.054,00:03,280,-74
140.109,00:04,280,-98
140.507,00:02,281,-86
140.555,00:03,281,-75
140.607,00:04,281,-98
141.007,00:02,282,-85
141.054,00:03,282,-75
141.108,00:04,282,-98
141.508,00:02,283,-85
141.557,00:03,283,-75
141.607,00:04,283,-98
142.008,00:02,284,-85
142.056,00:03,284,-75
142.109,00:04,284,-98
142.507,00:02,285,-85
142.553,00:03,285,-75
142.609,00:04,285,-98
143.007,00:02,286,-85
143.055,00:03,286,-76
143.108,00:04,286,-98
143.509,00:02,287,-84
143.556,00:03,287,-76
143.608,00:04,287,-98
144.008,00:02,288,-84
144.054,00:03,288,-76
144.106,00:04,288,-98
144.508,00:02,289,-84
144.556,00:03,289,-76
144.609,00:04,289,-98
145.008,00:02,290,-84
145.057,00:03,290,-76
145.107,00:04,290,-98
145.509,00:02,291,-84
145.555,00:03,291,-76
145.606,00:04,291,-98
146.009,00:02,292,-83
146.055,00:03,292,-77
146.108,00:04,292,-98
146.508,00:02,293,-83
146.555,00:03,293,-77
146.606,00:04,293,-98
147.008,00:02,294,-83
147.056,00:03,294,-77
147.109,00:04,294,-98
147.509,00:02,295,-83
147.555,00:03,295,-77
147.608,00:04,295,-98
148.008,00:02,296,-83
148.054,00:03,296,-77
148.109,00:04,296,-98
148.507,00:02,297,-82
148.556,00:03,297,-77
148.608,00:04,297,-99
149.009,00:02,298,-75
149.055,00:03,298,-71
149.109,00:04,298,-92
149.509,00:02,299,-75
149.556,00:03,299,-71
149.609,00:04,299,-92
150.008,00:02,300,-75
150.054,00:03,300,-71
150.109,00:04,300,-92
150.51,00:02,301,-74
150.554,00:03,301,-71
150.609,00:04,301,-92
151.008,00:02,302,-74
151.055,00:03,302,-71
151.107,00:04,302,-92
151.507,00:02,303,-74
151.556,00:03,303,-71
151.607,00:04,303,-92
152.008,00:02,304,-74
152.055,00:03,304,-72
152.109,00:04,304,-92
152.509,00:02,305,-73
152.556,00:03,305,-72
152.607,00:04,305,-92
153.007,00:02,306,-73
153.055,00:03,306,-72
153.106,00:04,306,-92
153.508,00:02,307,-73
153.555,00:03,307,-72
153.608,00:04,307,-92
154.007,00:02,308,-73
154.055,00:03,308,-72
154.107,00:04,308,-92
154.508,00:02,309,-72
154.555,00:03,309,-72
154.606,00:04,309,-92
155.007,00:02,310,-72
155.054,00:03,310,-72
155.108,00:04,310,-92
155.509,00:02,311,-72
155.556,00:03,311,-73
155.608,00:04,311,-92
156.007,00:02,312,-72
156.056,00:03,312,-73
156.106,00:04,312,-92
156.507,00:02,313,-71
156.557,00:03,313,-73
156.609,00:04,313,-92
157.007,00:02,314,-71
157.056,00:03,314,-73
157.107,00:04,314,-92
157.507,00:02,315,-71
157.556,00:03,315,-73
157.606,00:04,315,-92
158.008,00:02,316,-71
158.055,00:03,316,-73
158.107,00:04,316,-92
158.507,00:02,317,-70
158.556,00:03,317,-73
158.608,00:04,317,-92
159.007,00:02,318,-70
159.055,00:03,318,-74
159.106,00:04,318,-92
159.508,00:02,319,-70
159.555,00:03,319,-74
159.606,00:04,319,-92
160.008,00:02,320,-69
160.056,00:03,320,-74
160.108,00:04,320,-92
160.508,00:02,321,-69
160.553,00:03,321,-74
160.606,00:04,321,-92
161.009,00:02,322,-69
161.055,00:03,322,-74
161.108,00:04,322,-92
161.508,00:02,323,-68
161.554,00:03,323,-74
161.606,00:04,323,-92
162.009,00:02,324,-68
162.054,00:03,324,-74
162.108,00:04,324,-92
162.507,00:02,325,-68
162.554,00:03,325,-74
162.608,00:04,325,-92
163.009,00:02,326,-67
163.053,00:03,326,-75
163.107,00:04,326,-92
163.509,00:02,327,-67
163.555,00:03,327,-75
163.608,00:04,327,-92
164.009,00:02,328,-67
164.055,00:03,328,-75
164.107,00:04,328,-92
164.508,00:02,329,-66
164.556,00:03,329,-75
164.607,00:04,329,-92
165.009,00:02,330,-66
165.054,00:03,330,-75
165.107,00:04,330,-92
165.51,00:02,331,-66
165.556,00:03,331,-75
165.606,00:04,331,-92
166.008,00:02,332,-65
166.055,00:03,332,-75
166.107,00:04,332,-92
166.508,00:02,333,-65
166.556,00:03,333,-75
166.607,00:04,333,-92
167.007,00:02,334,-65
167.056,00:03,334,-76
167.109,00:04,334,-92
167.507,00:02,335,-64
167.554,00:03,335,-76
167.607,00:04,335,-92
168.008,00:02,336,-64
168.055,00:03,336,-76
168.107,00:04,336,-92
168.51,00:02,337,-63
168.555,00:03,337,-76
168.607,00:04,337,-92
169.006,00:02,338,-63
169.055,00:03,338,-76
169.108,00:04,338,-92
169.509,00:02,339,-63
169.554,00:03,339,-76
169.608,00:04,339,-92
170.009,00:02,340,-62
170.055,00:03,340,-76
170.107,00:04,340,-92
170.509,00:02,341,-62
170.556,00:03,341,-76
170.608,00:04,341,-92
171.007,00:02,342,-62
171.054,00:03,342,-76
171.107,00:04,342,-93
171.507,00:02,343,-61
171.555,00:03,343,-77
171.608,00:04,343,-93
172.008,00:02,344,-61
172.054,00:03,344,-77
172.107,00:04,344,-93
172.509,00:02,345,-61
172.556,00:03,345,-77
172.606,00:04,345,-93
173.009,00:02,346,-61
173.055,00:03,346,-77
173.107,00:04,346,-93
173.507,00:02,347,-60
173.557,00:03,347,-77
173.608,00:04,347,-93
174.007,00:02,348,-60
174.055,00:03,348,-77
174.107,00:04,348,-93
174.508,00:02,349,-60
174.554,00:03,349,-77
174.607,00:04,349,-93
175.009,00:02,350,-60
175.056,00:03,350,-77
175.107,00:04,350,-93
175.508,00:02,351,-59
175.554,00:03,351,-77
175.608,00:04,351,-93
176.007,00:02,352,-59
176.055,00:03,352,-78
176.106,00:04,352,-93
176.509,00:02,353,-59
176.554,00:03,353,-78
176.609,00:04,353,-93
177.007,00:02,354,-58
177.055,00:03,354,-78
177.107,00:04,354,-93
177.509,00:02,355,-58
177.557,00:03,355,-78
177.607,00:04,355,-93
178.008,00:02,356,-58
178.055,00:03,356,-78
178.108,00:04,356,-93
178.509,00:02,357,-58
178.554,00:03,357,-78
178.607,00:04,357,-93
179.009,00:02,358,-57
179.056,00:03,358,-78
179.107,00:04,358,-93
179.508,00:02,359,-57
179.556,00:03,359,-78
179.607,00:04,359,-93
180.008,00:02,360,-57
180.056,00:03,360,-78
180.107,00:04,360,-93
180.51,00:02,361,-56
180.556,00:03,361,-79
180.608,00:04,361,-93
181.009,00:02,362,-56
181.055,00:03,362,-79
181.107,00:04,362,-93
181.508,00:02,363,-56
181.556,00:03,363,-79
181.607,00:04,363,-93
182.008,00:02,364,-56
182.055,00:03,364,-79
182.107,00:04,364,-93
182.507,00:02,365,-55
182.555,00:03,365,-79
182.608,00:04,365,-93
183.009,00:02,366,-55
183.055,00:03,366,-79
183.106,00:04,366,-93
183.507,00:02,367,-55
183.554,00:03,367,-79
183.609,00:04,367,-94
184.009,00:02,368,-55
184.057,00:03,368,-79
184.106,00:04,368,-94
184.509,00:02,369,-55
184.554,00:03,369,-79
184.609,00:04,369,-94
185.009,00:02,370,-55
185.054,00:03,370,-79
185.109,00:04,370,-94
185.509,00:02,371,-55
185.555,00:03,371,-80
185.608,00:04,371,-94
186.008,00:02,372,-55
186.055,00:03,372,-80
186.108,00:04,372,-94
186.507,00:02,373,-55
186.555,00:03,373,-80
186.609,00:04,373,-94
187.009,00:02,374,-56
187.056,00:03,374,-80
187.108,00:04,374,-94
187.506,00:02,375,-56
187.556,00:03,375,-80
187.605,00:04,375,-93
188.007,00:02,376,-57
188.056,00:03,376,-80
188.106,00:04,376,-93
188.509,00:02,377,-57
188.555,00:03,377,-80
188.609,00:04,377,-93
189.006,00:02,378,-58
189.054,00:03,378,-80
189.106,00:04,378,-93
189.507,00:02,379,-58
189.554,00:03,379,-80
189.608,00:04,379,-93
190.008,00:02,380,-58
190.054,00:03,380,-80
190.107,00:04,380,-93
190.507,00:02,381,-59
190.554,00:03,381,-80
190.609,00:04,381,-93
191.008,00:02,382,-59
191.055,00:03,382,-80
191.108,00:04,382,-93
191.508,00:02,383,-59
191.557,00:03,383,-80
191.607,00:04,383,-93
192.009,00:02,384,-59
192.055,00:03,384,-80
192.107,00:04,384,-93
192.507,00:02,385,-59
192.556,00:03,385,-80
192.607,00:04,385,-93
193.01,00:02,386,-59
193.056,00:03,386,-80
193.108,00:04,386,-93
193.507,00:02,387,-59
193.555,00:03,387,-79
193.607,00:04,387,-93
194.007,00:02,388,-59
194.056,00:03,388,-79
194.107,00:04,388,-93
194.508,00:02,389,-59
194.555,00:03,389,-79
194.607,00:04,389,-93
195.008,00:02,390,-59
195.055,00:03,390,-79
195.109,00:04,390,-93
195.507,00:02,391,-59
195.555,00:03,391,-79
195.609,00:04,391,-93
196.008,00:02,392,-60
196.055,00:03,392,-79
196.108,00:04,392,-92
196.507,00:02,393,-60
196.554,00:03,393,-79
196.608,00:04,393,-92
197.008,00:02,394,-60
197.055,00:03,394,-79
197.109,00:04,394,-92
197.507,00:02,395,-60
197.554,00:03,395,-79
197.607,00:04,395,-92
198.01,00:02,396,-60
198.055,00:03,396,-79
198.107,00:04,396,-92
198.507,00:02,397,-60
198.554,00:03,397,-78
198.607,00:04,397,-92
199.009,00:02,398,-60
199.056,00:03,398,-78
199.109,00:04,398,-92
199.508,00:02,399,-60
199.556,00:03,399,-78
199.608,00:04,399,-92
200.007,00:02,400,-61
200.053,00:03,400,-78
200.107,00:04,400,-92
200.506,00:02,401,-61
200.554,00:03,401,-78
200.607,00:04,401,-92
201.009,00:02,402,-61
201.053,00:03,402,-78
201.108,00:04,402,-92
201.507,00:02,403,-61
201.553,00:03,403,-78
201.609,00:04,403,-92
202.007,00:02,404,-61
202.054,00:03,404,-78
202.107,00:04,404,-92
202.508,00:02,405,-62
202.556,00:03,405,-78
202.608,00:04,405,-92
203.007,00:02,406,-62
203.055,00:03,406,-78
203.106,00:04,406,-92
203.508,00:02,407,-62
203.555,00:03,407,-77
203.609,00:04,407,-92
204.008,00:02,408,-62
204.054,00:03,408,-77
204.106,00:04,408,-92
204.508,00:02,409,-62
204.553,00:03,409,-77
204.608,00:04,409,-92
205.008,00:02,410,-63
205.055,00:03,410,-77
205.107,00:04,410,-92
205.508,00:02,411,-63
205.554,00:03,411,-77
205.607,00:04,411,-92
206.01,00:02,412,-63
206.055,00:03,412,-77
206.107,00:04,412,-92
206.51,00:02,413,-64
206.554,00:03,413,-77
206.607,00:04,413,-92
207.008,00:02,414,-64
207.056,00:03,414,-77
207.108,00:04,414,-92
207.508,00:02,415,-64
207.556,00:03,415,-77
207.608,00:04,415,-92
208.01,00:02,416,-65
208.057,00:03,416,-76
208.107,00:04,416,-91
208.508,00:02,417,-65
208.555,00:03,417,-76
208.609,00:04,417,-91
209.009,00:02,418,-65
209.056,00:03,418,-76
209.108,00:04,418,-91
209.51,00:02,419,-66
209.556,00:03,419,-76
209.607,00:04,419,-91
210.008,00:02,420,-66
210.053,00:03,420,-76
210.108,00:04,420,-91
210.507,00:02,421,-66
210.555,00:03,421,-76
210.607,00:04,421,-91
211.008,00:02,422,-67
211.056,00:03,422,-76
211.108,00:04,422,-91
211.507,00:02,423,-67
211.556,00:03,423,-76
211.607,00:04,423,-91
212.008,00:02,424,-67
212.056,00:03,424,-75
212.107,00:04,424,-91
212.508,00:02,425,-67
212.553,00:03,425,-75
212.607,00:04,425,-91
213.007,00:02,426,-68
213.056,00:03,426,-75
213.107,00:04,426,-91
213.508,00:02,427,-68
213.555,00:03,427,-75
213.608,00:04,427,-91
214.01,00:02,428,-68
214.056,00:03,428,-75
214.108,00:04,428,-91
214.51,00:02,429,-69
214.556,00:03,429,-75
214.608,00:04,429,-91
215.008,00:02,430,-69
215.056,00:03,430,-75
215.106,00:04,430,-91
215.508,00:02,431,-69
215.553,00:03,431,-75
215.608,00:04,431,-91
216.009,00:02,432,-69
216.055,00:03,432,-74
216.108,00:04,432,-91
216.508,00:02,433,-70
216.556,00:03,433,-74
216.608,00:04,433,-91
217.008,00:02,434,-70
217.055,00:03,434,-74
217.109,00:04,434,-91
217.508,00:02,435,-70
217.556,00:03,435,-74
217.606,00:04,435,-91
218.008,00:02,436,-71
218.056,00:03,436,-74
218.108,00:04,436,-91
218.507,00:02,437,-71
218.556,00:03,437,-74
218.609,00:04,437,-91
219.009,00:02,438,-71
219.056,00:03,438,-74
219.108,00:04,438,-91
219.507,00:02,439,-71
219.555,00:03,439,-74
219.608,00:04,439,-91
220.007,00:02,440,-72
220.054,00:03,440,-73
220.106,00:04,440,-91
220.508,00:02,441,-72
220.553,00:03,441,-73
220.608,00:04,441,-91
221.009,00:02,442,-72
221.055,00:03,442,-73
221.105,00:04,442,-91
221.51,00:02,443,-72
221.556,00:03,443,-73
221.607,00:04,443,-91
222.008,00:02,444,-73
222.053,00:03,444,-73
222.106,00:04,444,-91
222.509,00:02,445,-73
222.556,00:03,445,-73
222.606,00:04,445,-91
223.008,00:02,446,-73
223.055,00:03,446,-73
223.106,00:04,446,-91
223.508,00:02,447,-73
223.553,00:03,447,-72
223.606,00:04,447,-91
224.008,00:02,448,-74
224.055,00:03,448,-72
224.109,00:04,448,-91
224.507,00:02,449,-74
224.554,00:03,449,-72
224.608,00:04,449,-91
225.007,00:02,450,-74
225.055,00:03,450,-72
225.107,00:04,450,-91
225.51,00:02,451,-74
225.555,00:03,451,-72
225.606,00:04,451,-91
226.009,00:02,452,-74
226.056,00:03,452,-72
226.106,00:04,452,-91
226.509,00:02,453,-75
226.556,00:03,453,-72
226.606,00:04,453,-90
227.008,00:02,454,-75
227.055,00:03,454,-71
227.107,00:04,454,-90
227.506,00:02,455,-75
227.554,00:03,455,-71
227.607,00:04,455,-90
228.008,00:02,456,-75
228.056,00:03,456,-71
228.108,00:04,456,-90
228.508,00:02,457,-75
228.556,00:03,457,-71
228.609,00:04,457,-90
229.01,00:02,458,-76
229.055,00:03,458,-71
229.107,00:04,458,-90
229.508,00:02,459,-76
229.555,00:03,459,-71
229.606,00:04,459,-90
230.008,00:02,460,-76
230.054,00:03,460,-71
230.108,00:04,460,-90
230.507,00:02,461,-76
230.556,00:03,461,-70
230.607,00:04,461,-90
231.008,00:02,462,-77
231.055,00:03,462,-70
231.107,00:04,462,-90
231.508,00:02,463,-77
231.556,00:03,463,-70
231.607,00:04,463,-90
232.007,00:02,464,-77
232.054,00:03,464,-70
232.106,00:04,464,-90
232.507,00:02,465,-77
232.555,00:03,465,-70
232.609,00:04,465,-90
233.008,00:02,466,-77
233.055,00:03,466,-70
233.107,00:04,466,-90
233.508,00:02,467,-77
233.555,00:03,467,-69
233.607,00:04,467,-90
234.008,00:02,468,-78
234.055,00:03,468,-69
234.109,00:04,468,-90
234.508,00:02,469,-78
234.554,00:03,469,-69
234.608,00:04,469,-90
235.007,00:02,470,-78
235.053,00:03,470,-69
235.107,00:04,470,-90
235.509,00:02,471,-78
235.556,00:03,471,-69
235.607,00:04,471,-90
236.008,00:02,472,-78
236.056,00:03,472,-69
236.107,00:04,472,-90
236.51,00:02,473,-79
236.556,00:03,473,-68
236.607,00:04,473,-90
237.008,00:02,474,-79
237.053,00:03,474,-68
237.108,00:04,474,-90
237.509,00:02,475,-79
237.554,00:03,475,-68
237.606,00:04,475,-90
238.007,00:02,476,-79
238.056,00:03,476,-68
238.108,00:04,476,-90
238.509,00:02,477,-79
238.553,00:03,477,-68
238.609,00:04,477,-90
239.007,00:02,478,-79
239.052,00:03,478,-67
239.109,00:04,478,-90
239.509,00:02,479,-80
239.554,00:03,479,-67
239.609,00:04,479,-90
240.009,00:02,480,-80
240.055,00:03,480,-67
240.108,00:04,480,-90
240.51,00:02,481,-80
240.554,00:03,481,-67
240.608,00:04,481,-90
241.009,00:02,482,-80
241.054,00:03,482,-67
241.106,00:04,482,-90
241.507,00:02,483,-80
241.554,00:03,483,-67
241.608,00:04,483,-90
242.009,00:02,484,-80
242.055,00:03,484,-66
242.108,00:04,484,-90
242.508,00:02,485,-81
242.554,00:03,485,-66
242.607,00:04,485,-90
243.009,00:02,486,-81
243.053,00:03,486,-66
243.109,00:04,486,-90
243.509,00:02,487,-81
243.553,00:03,487,-66
243.608,00:04,487,-90
244.008,00:02,488,-81
244.054,00:03,488,-66
244.106,00:04,488,-90
244.509,00:02,489,-81
244.556,00:03,489,-65
244.606,00:04,489,-90
245.009,00:02,490,-81
245.055,00:03,490,-65
245.108,00:04,490,-90
245.509,00:02,491,-82
245.555,00:03,491,-65
245.607,00:04,491,-90
246.007,00:02,492,-82
246.055,00:03,492,-65
246.107,00:04,492,-90
246.509,00:02,493,-82
246.555,00:03,493,-64
246.607,00:04,493,-90
247.008,00:02,494,-82
247.054,00:03,494,-64
247.107,00:04,494,-90
247.509,00:02,495,-82
247.555,00:03,495,-64
247.608,00:04,495,-91
248.009,00:02,496,-82
248.054,00:03,496,-64
248.107,00:04,496,-91
248.507,00:02,497,-82
248.554,00:03,497,-64
248.605,00:04,497,-91
249.008,00:02,498,-83
249.055,00:03,498,-63
249.108,00:04,498,-91
249.51,00:02,499,-83
249.554,00:03,499,-63
249.608,00:04,499,-91
250.006,00:02,500,-83
250.054,00:03,500,-63
250.106,00:04,500,-91
250.509,00:02,501,-83
250.554,00:03,501,-63
250.605,00:04,501,-91
251.01,00:02,502,-83
251.055,00:03,502,-62
251.107,00:04,502,-91
251.509,00:02,503,-83
251.555,00:03,503,-62
251.606,00:04,503,-91
252.007,00:02,504,-83
252.053,00:03,504,-62
252.107,00:04,504,-91
252.508,00:02,505,-84
252.553,00:03,505,-62
252.607,00:04,505,-91
253.008,00:02,506,-84
253.054,00:03,506,-61
253.106,00:04,506,-91
253.507,00:02,507,-84
253.553,00:03,507,-61
253.607,00:04,507,-91
254.008,00:02,508,-84
254.053,00:03,508,-61
254.108,00:04,508,-91
254.507,00:02,509,-84
254.555,00:03,509,-61
254.606,00:04,509,-91
255.009,00:02,510,-84
255.055,00:03,510,-60
255.107,00:04,510,-91
255.508,00:02,511,-84
255.555,00:03,511,-60
255.606,00:04,511,-91
256.009,00:02,512,-85
256.055,00:03,512,-60
256.108,00:04,512,-91
256.508,00:02,513,-85
256.554,00:03,513,-60
256.607,00:04,513,-91
257.009,00:02,514,-85
257.055,00:03,514,-59
257.108,00:04,514,-91
257.508,00:02,515,-85
257.554,00:03,515,-59
257.607,00:04,515,-91
258.008,00:02,516,-85
258.054,00:03,516,-59
258.106,00:04,516,-91
258.508,00:02,517,-85
258.554,00:03,517,-59
258.607,00:04,517,-91
259.009,00:02,518,-85
259.053,00:03,518,-58
259.107,00:04,518,-91
259.51,00:02,519,-85
259.554,00:03,519,-58
259.608,00:04,519,-91
260.009,00:02,520,-86
260.055,00:03,520,-58
260.106,00:04,520,-91
260.508,00:02,521,-86
260.554,00:03,521,-57
260.608,00:04,521,-91
261.006,00:02,522,-86
261.054,00:03,522,-57
261.107,00:04,522,-91
261.508,00:02,523,-86
261.553,00:03,523,-57
261.605,00:04,523,-91
262.01,00:02,524,-86
262.054,00:03,524,-57
262.107,00:04,524,-91
262.507,00:02,525,-86
262.554,00:03,525,-56
262.607,00:04,525,-91
263.008,00:02,526,-86
263.054,00:03,526,-56
263.106,00:04,526,-91
263.508,00:02,527,-86
263.553,00:03,527,-56
263.607,00:04,527,-91
264.008,00:02,528,-87
264.054,00:03,528,-55
264.107,00:04,528,-91
264.51,00:02,529,-87
264.553,00:03,529,-55
264.607,00:04,529,-91
265.008,00:02,530,-87
265.055,00:03,530,-55
265.105,00:04,530,-91
265.509,00:02,531,-87
265.555,00:03,531,-54
265.607,00:04,531,-91
266.01,00:02,532,-87
266.053,00:03,532,-54
266.107,00:04,532,-91
266.508,00:02,533,-87
266.554,00:03,533,-54
266.608,00:04,533,-92
267.007,00:02,534,-87
267.054,00:03,534,-53
267.106,00:04,534,-92
267.509,00:02,535,-87
267.556,00:03,535,-53
267.608,00:04,535,-92
268.006,00:02,536,-87
268.055,00:03,536,-53
268.106,00:04,536,-92
268.507,00:02,537,-88
268.555,00:03,537,-52
268.609,00:04,537,-92
269.008,00:02,538,-88
269.056,00:03,538,-52
269.106,00:04,538,-92
269.509,00:02,539,-88
269.554,00:03,539,-52
269.607,00:04,539,-92
270.01,00:02,540,-88
270.053,00:03,540,-51
270.109,00:04,540,-92
270.509,00:02,541,-88
270.553,00:03,541,-51
270.606,00:04,541,-92
271.006,00:02,542,-88
271.053,00:03,542,-51
271.107,00:04,542,-92
271.507,00:02,543,-88
271.554,00:03,543,-51
271.606,00:04,543,-92
272.01,00:02,544,-88
272.056,00:03,544,-51
272.108,00:04,544,-92
272.507,00:02,545,-88
272.554,00:03,545,-51
272.607,00:04,545,-92
273.007,00:02,546,-89
273.054,00:03,546,-50
273.108,00:04,546,-92
273.508,00:02,547,-89
273.553,00:03,547,-50
273.607,00:04,547,-92
274.007,00:02,548,-89
274.055,00:03,548,-50
274.107,00:04,548,-92
274.509,00:02,549,-89
274.555,00:03,549,-50
274.608,00:04,549,-92
275.008,00:02,550,-89
275.053,00:03,550,-50
275.108,00:04,550,-92
275.51,00:02,551,-89
275.555,00:03,551,-50
275.606,00:04,551,-92
276.009,00:02,552,-89
276.056,00:03,552,-49
276.109,00:04,552,-92
276.509,00:02,553,-89
276.555,00:03,553,-49
276.607,00:04,553,-92
277.008,00:02,554,-89
277.054,00:03,554,-49
277.107,00:04,554,-92
277.508,00:02,555,-89
277.556,00:03,555,-49
277.608,00:04,555,-92
278.01,00:02,556,-90
278.054,00:03,556,-49
278.108,00:04,556,-93
278.51,00:02,557,-90
278.554,00:03,557,-49
278.606,00:04,557,-93
279.008,00:02,558,-90
279.053,00:03,558,-49
279.106,00:04,558,-93
279.507,00:02,559,-90
279.553,00:03,559,-49
279.606,00:04,559,-93
280.008,00:02,560,-90
280.054,00:03,560,-49
280.108,00:04,560,-93
280.507,00:02,561,-90
280.555,00:03,561,-49
280.606,00:04,561,-93
281.009,00:02,562,-90
281.054,00:03,562,-49
281.106,00:04,562,-93
281.51,00:02,563,-90
281.556,00:03,563,-49
281.607,00:04,563,-93
282.008,00:02,564,-90
282.054,00:03,564,-49
282.105,00:04,564,-93
282.509,00:02,565,-90
282.554,00:03,565,-49
282.607,00:04,565,-93
283.008,00:02,566,-90
283.054,00:03,566,-49
283.109,00:04,566,-93
283.507,00:02,567,-90
283.555,00:03,567,-50
283.609,00:04,567,-93
284.008,00:02,568,-90
284.053,00:03,568,-50
284.107,00:04,568,-93
284.509,00:02,569,-90
284.552,00:03,569,-50
284.609,00:04,569,-92
285.01,00:02,570,-90
285.055,00:03,570,-51
285.108,00:04,570,-92
285.507,00:02,571,-90
285.555,00:03,571,-51
285.607,00:04,571,-92
286.008,00:02,572,-90
286.053,00:03,572,-51
286.106,00:04,572,-92
286.508,00:02,573,-90
286.555,00:03,573,-51
286.607,00:04,573,-92
287.01,00:02,574,-90
287.055,00:03,574,-52
287.108,00:04,574,-92
287.508,00:02,575,-90
287.555,00:03,575,-52
287.606,00:04,575,-92
288.01,00:02,576,-90
288.053,00:03,576,-52
288.108,00:04,576,-92
288.51,00:02,577,-90
288.555,00:03,577,-52
288.606,00:04,577,-92
289.01,00:02,578,-90
289.055,00:03,578,-52
289.106,00:04,578,-92
289.509,00:02,579,-90
289.553,00:03,579,-52
289.607,00:04,579,-92
290.009,00:02,580,-90
290.054,00:03,580,-52
290.105,00:04,580,-92
290.509,00:02,581,-90
290.553,00:03,581,-52
290.607,00:04,581,-92
291.01,00:02,582,-90
291.055,00:03,582,-52
291.105,00:04,582,-92
291.509,00:02,583,-90
291.554,00:03,583,-52
291.606,00:04,583,-92
292.008,00:02,584,-90
292.056,00:03,584,-52
292.107,00:04,584,-92
292.508,00:02,585,-90
292.553,00:03,585,-52
292.606,00:04,585,-92
293.008,00:02,586,-89
293.056,00:03,586,-52
293.107,00:04,586,-91
293.509,00:02,587,-89
293.555,00:03,587,-53
293.608,00:04,587,-91
294.007,00:02,588,-89
294.054,00:03,588,-53
294.105,00:04,588,-91
294.508,00:02,589,-89
294.555,00:03,589,-53
294.607,00:04,589,-91
295.008,00:02,590,-89
295.055,00:03,590,-53
295.106,00:04,590,-91
295.509,00:02,591,-89
295.552,00:03,591,-53
295.606,00:04,591,-91
296.01,00:02,592,-89
296.054,00:03,592,-53
296.107,00:04,592,-91
296.506,00:02,593,-89
296.556,00:03,593,-53
296.606,00:04,593,-91
297.008,00:02,594,-89
297.054,00:03,594,-54
297.107,00:04,594,-91
297.51,00:02,595,-89
297.553,00:03,595,-54
297.605,00:04,595,-91
298.008,00:02,596,-88
298.054,00:03,596,-54
298.107,00:04,596,-91
298.509,00:02,597,-88
298.553,00:03,597,-54
298.606,00:04,597,-91
299.009,00:02,598,-88
299.053,00:03,598,-54
299.106,00:04,598,-91
299.508,00:02,599,-88
299.552,00:03,599,-55
299.608,00:04,599,-91
300.009,00:02,600,-88
300.054,00:03,600,-55
300.106,00:04,600,-91
300.509,00:02,601,-88
300.555,00:03,601,-55
300.607,00:04,601,-91
301.009,00:02,602,-88
301.055,00:03,602,-55
301.108,00:04,602,-91
301.508,00:02,603,-88
301.555,00:03,603,-56
301.607,00:04,603,-91
302.008,00:02,604,-88
302.055,00:03,604,-56
302.108,00:04,604,-91
302.51,00:02,605,-88
302.556,00:03,605,-56
302.607,00:04,605,-91
303.008,00:02,606,-87
303.054,00:03,606,-56
303.107,00:04,606,-91
303.51,00:02,607,-87
303.553,00:03,607,-57
303.609,00:04,607,-91
304.009,00:02,608,-87
304.055,00:03,608,-57
304.107,00:04,608,-90
304.508,00:02,609,-87
304.554,00:03,609,-57
304.607,00:04,609,-90
305.008,00:02,610,-87
305.055,00:03,610,-57
305.108,00:04,610,-90
305.508,00:02,611,-87
305.554,00:03,611,-57
305.607,00:04,611,-90
306.008,00:02,612,-87
306.055,00:03,612,-58
306.105,00:04,612,-90
306.509,00:02,613,-87
306.555,00:03,613,-58
306.607,00:04,613,-90
307.009,00:02,614,-87
307.054,00:03,614,-58
307.107,00:04,614,-90
307.509,00:02,615,-86
307.553,00:03,615,-58
307.609,00:04,615,-90
308.009,00:02,616,-86
308.055,00:03,616,-59
308.108,00:04,616,-90
308.509,00:02,617,-86
308.556,00:03,617,-59
308.609,00:04,617,-90
309.007,00:02,618,-86
309.053,00:03,618,-59
309.108,00:04,618,-90
309.508,00:02,619,-86
309.554,00:03,619,-59
309.607,00:04,619,-90
310.007,00:02,620,-86
310.054,00:03,620,-60
310.108,00:04,620,-90
310.507,00:02,621,-86
310.554,00:03,621,-60
310.607,00:04,621,-90
311.008,00:02,622,-86
311.055,00:03,622,-60
311.109,00:04,622,-90
311.507,00:02,623,-85
311.554,00:03,623,-60
311.607,00:04,623,-90
312.009,00:02,624,-85
312.053,00:03,624,-61
312.107,00:04,624,-90
312.507,00:02,625,-85
312.554,00:03,625,-61
312.607,00:04,625,-90
313.009,00:02,626,-85
313.054,00:03,626,-61
313.106,00:04,626,-90
313.508,00:02,627,-85
313.555,00:03,627,-61
313.606,00:04,627,-90
314.01,00:02,628,-85
314.053,00:03,628,-61
314.106,00:04,628,-90
314.508,00:02,629,-85
314.553,00:03,629,-62
314.608,00:04,629,-90
315.009,00:02,630,-85
315.054,00:03,630,-62
315.106,00:04,630,-90
315.509,00:02,631,-84
315.555,00:03,631,-62
315.607,00:04,631,-90
316.008,00:02,632,-84
316.053,00:03,632,-62
316.106,00:04,632,-90
316.507,00:02,633,-84
316.555,00:03,633,-63
316.608,00:04,633,-90
317.011,00:02,634,-84
317.055,00:03,634,-63
317.108,00:04,634,-90
317.508,00:02,635,-84
317.553,00:03,635,-63
317.608,00:04,635,-90
318.007,00:02,636,-84
318.055,00:03,636,-63
318.109,00:04,636,-90
318.508,00:02,637,-84
318.554,00:03,637,-63
318.607,00:04,637,-90
319.009,00:02,638,-84
319.053,00:03,638,-64
319.107,00:04,638,-89
319.508,00:02,639,-83
319.554,00:03,639,-64
319.608,00:04,639,-89
320.008,00:02,640,-83
320.053,00:03,640,-64
320.106,00:04,640,-89
320.508,00:02,641,-83
320.554,00:03,641,-64
320.608,00:04,641,-89
321.008,00:02,642,-83
321.054,00:03,642,-64
321.105,00:04,642,-89
321.509,00:02,643,-83
321.555,00:03,643,-65
321.606,00:04,643,-89
322.007,00:02,644,-83
322.052,00:03,644,-65
322.107,00:04,644,-89
322.509,00:02,645,-83
322.554,00:03,645,-65
322.605,00:04,645,-89
323.009,00:02,646,-82
323.054,00:03,646,-65
323.105,00:04,646,-89
323.508,00:02,647,-82
323.554,00:03,647,-65
323.609,00:04,647,-89
324.01,00:02,648,-82
324.055,00:03,648,-66
324.108,00:04,648,-89
324.509,00:02,649,-82
324.556,00:03,649,-66
324.606,00:04,649,-89
325.009,00:02,650,-82
325.054,00:03,650,-66
325.106,00:04,650,-89
325.508,00:02,651,-82
325.553,00:03,651,-66
325.606,00:04,651,-89
326.009,00:02,652,-82
326.054,00:03,652,-66
326.107,00:04,652,-89
326.508,00:02,653,-81
326.555,00:03,653,-67
326.608,00:04,653,-89
327.01,00:02,654,-85
327.054,00:03,654,-71
327.108,00:04,654,-93
327.509,00:02,655,-85
327.555,00:03,655,-71
327.607,00:04,655,-93
328.007,00:02,656,-85
328.053,00:03,656,-71
328.108,00:04,656,-93
328.509,00:02,657,-85
328.555,00:03,657,-71
328.605,00:04,657,-93
329.01,00:02,658,-85
329.054,00:03,658,-71
329.107,00:04,658,-93
329.509,00:02,659,-84
329.554,00:03,659,-72
329.606,00:04,659,-93
330.009,00:02,660,-84
330.056,00:03,660,-72
330.106,00:04,660,-93
330.508,00:02,661,-84
330.554,00:03,661,-72
330.607,00:04,661,-93
331.009,00:02,662,-84
331.056,00:03,662,-72
331.108,00:04,662,-93
331.509,00:02,663,-84
331.553,00:03,663,-72
331.606,00:04,663,-93
332.01,00:02,664,-84
332.055,00:03,664,-72
332.105,00:04,664,-93
332.508,00:02,665,-84
332.554,00:03,665,-73
332.605,00:04,665,-93
333.009,00:02,666,-83
333.054,00:03,666,-73
333.105,00:04,666,-93
333.51,00:02,667,-83
333.554,00:03,667,-73
333.607,00:04,667,-93
334.01,00:02,668,-83
334.053,00:03,668,-73
334.108,00:04,668,-93
334.508,00:02,669,-83
334.555,00:03,669,-73
334.607,00:04,669,-93
335.008,00:02,670,-83
335.054,00:03,670,-73
335.107,00:04,670,-93
335.508,00:02,671,-83
335.554,00:03,671,-74
335.607,00:04,671,-93
336.01,00:02,672,-82
336.053,00:03,672,-74
336.108,00:04,672,-93
336.507,00:02,673,-82
336.555,00:03,673,-74
336.607,00:04,673,-93
337.009,00:02,674,-82
337.055,00:03,674,-74
337.108,00:04,674,-93
337.507,00:02,675,-82
337.555,00:03,675,-74
337.608,00:04,675,-93
338.01,00:02,676,-82
338.053,00:03,676,-74
338.107,00:04,676,-93
338.51,00:02,677,-81
338.553,00:03,677,-75
338.606,00:04,677,-93
339.009,00:02,678,-77
339.053,00:03,678,-71
339.108,00:04,678,-89
339.51,00:02,679,-77
339.556,00:03,679,-71
339.607,00:04,679,-89
340.008,00:02,680,-77
340.053,00:03,680,-71
340.107,00:04,680,-89
340.509,00:02,681,-77
340.555,00:03,681,-71
340.607,00:04,681,-89
341.008,00:02,682,-77
341.054,00:03,682,-71
341.107,00:04,682,-89
341.509,00:02,683,-76
341.555,00:03,683,-71
341.608,00:04,683,-89
342.008,00:02,684,-76
342.054,00:03,684,-72
342.107,00:04,684,-89
342.508,00:02,685,-76
342.556,00:03,685,-72
342.606,00:04,685,-89
343.01,00:02,686,-76
343.053,00:03,686,-72
343.108,00:04,686,-89
343.507,00:02,687,-76
343.552,00:03,687,-72
343.607,00:04,687,-89
344.008,00:02,688,-75
344.053,00:03,688,-72
344.107,00:04,688,-89
344.508,00:02,689,-75
344.555,00:03,689,-72
344.606,00:04,689,-89
345.008,00:02,690,-75
345.054,00:03,690,-72
345.107,00:04,690,-89
345.507,00:02,691,-75
345.555,00:03,691,-73
345.607,00:04,691,-89
346.008,00:02,692,-75
346.054,00:03,692,-73
346.107,00:04,692,-89
346.508,00:02,693,-74
346.552,00:03,693,-73
346.607,00:04,693,-89
347.01,00:02,694,-74
347.053,00:03,694,-73
347.106,00:04,694,-90
347.509,00:02,695,-74
347.554,00:03,695,-73
347.606,00:04,695,-90
348.008,00:02,696,-74
348.055,00:03,696,-73
348.108,00:04,696,-90
348.509,00:02,697,-74
348.554,00:03,697,-73
348.606,00:04,697,-90
349.009,00:02,698,-73
349.054,00:03,698,-74
349.106,00:04,698,-90
349.509,00:02,699,-73
349.555,00:03,699,-74
349.608,00:04,699,-90
350.008,00:02,700,-73
350.056,00:03,700,-74
350.107,00:04,700,-90
350.508,00:02,701,-73
350.554,00:03,701,-74
350.607,00:04,701,-90
351.009,00:02,702,-72
351.055,00:03,702,-74
351.107,00:04,702,-90
351.509,00:02,703,-72
351.552,00:03,703,-74
351.608,00:04,703,-90
352.007,00:02,704,-72
352.053,00:03,704,-74
352.105,00:04,704,-90
352.508,00:02,705,-72
352.554,00:03,705,-74
352.606,00:04,705,-90
353.008,00:02,706,-72
353.054,00:03,706,-75
353.107,00:04,706,-90
353.51,00:02,707,-71
353.554,00:03,707,-75
353.606,00:04,707,-90
354.01,00:02,708,-71
354.054,00:03,708,-75
354.107,00:04,708,-90
354.508,00:02,709,-71
354.554,00:03,709,-75
354.608,00:04,709,-90
355.008,00:02,710,-71
355.054,00:03,710,-75
355.107,00:04,710,-90
355.51,00:02,711,-70
355.554,00:03,711,-75
355.607,00:04,711,-90
356.009,00:02,712,-70
356.053,00:03,712,-75
356.106,00:04,712,-90
356.51,00:02,713,-70
356.554,00:03,713,-75
356.607,00:04,713,-90
357.008,00:02,714,-70
357.054,00:03,714,-76
357.107,00:04,714,-90
357.508,00:02,715,-69
357.552,00:03,715,-76
357.605,00:04,715,-90
358.008,00:02,716,-69
358.052,00:03,716,-76
358.108,00:04,716,-90
358.509,00:02,717,-69
358.553,00:03,717,-76
358.608,00:04,717,-90
359.007,00:02,718,-69
359.053,00:03,718,-76
359.107,00:04,718,-90
359.509,00:02,719,-68
359.553,00:03,719,-76
359.607,00:04,719,-90
360.007,00:02,720,-68
360.054,00:03,720,-76
360.106,00:04,720,-90
360.51,00:02,721,-68
360.554,00:03,721,-76
360.606,00:04,721,-90
361.009,00:02,722,-72
361.052,00:03,722,-80
361.107,00:04,722,-94
361.508,00:02,723,-72
361.553,00:03,723,-81
361.606,00:04,723,-94
362.01,00:02,724,-71
362.053,00:03,724,-81
362.107,00:04,724,-94
362.511,00:02,725,-71
362.553,00:03,725,-81
362.607,00:04,725,-95
363.008,00:02,726,-71
363.053,00:03,726,-81
363.108,00:04,726,-95
363.508,00:02,727,-71
363.552,00:03,727,-81
363.607,00:04,727,-95
364.008,00:02,728,-70
364.054,00:03,728,-81
364.108,00:04,728,-95
364.508,00:02,729,-70
364.554,00:03,729,-81
364.607,00:04,729,-95
365.009,00:02,730,-66
365.052,00:03,730,-77
365.107,00:04,730,-91
365.509,00:02,731,-66
365.555,00:03,731,-77
365.605,00:04,731,-91
366.008,00:02,732,-65
366.054,00:03,732,-78
366.108,00:04,732,-91
366.508,00:02,733,-65
366.554,00:03,733,-78
366.608,00:04,733,-91
367.009,00:02,734,-65
367.055,00:03,734,-78
367.107,00:04,734,-91
367.51,00:02,735,-65
367.553,00:03,735,-78
367.606,00:04,735,-91
368.01,00:02,736,-65
368.053,00:03,736,-78
368.107,00:04,736,-91
368.508,00:02,737,-64
368.553,00:03,737,-78
368.606,00:04,737,-91
369.011,00:02,738,-64
369.054,00:03,738,-78
369.107,00:04,738,-91
369.51,00:02,739,-64
369.554,00:03,739,-78
369.607,00:04,739,-91
370.009,00:02,740,-64
370.052,00:03,740,-78
370.107,00:04,740,-91
370.507,00:02,741,-64
370.554,00:03,741,-78
370.607,00:04,741,-91
371.009,00:02,742,-63
371.053,00:03,742,-79
371.108,00:04,742,-91
371.51,00:02,743,-63
371.554,00:03,743,-79
371.607,00:04,743,-91
372.009,00:02,744,-63
372.055,00:03,744,-79
372.105,00:04,744,-91
372.508,00:02,745,-63
372.554,00:03,745,-79
372.605,00:04,745,-91
373.007,00:02,746,-63
373.053,00:03,746,-79
373.106,00:04,746,-92
373.509,00:02,747,-63
373.553,00:03,747,-79
373.605,00:04,747,-92
374.008,00:02,748,-63
374.053,00:03,748,-79
374.106,00:04,748,-92
374.51,00:02,749,-63
374.555,00:03,749,-79
374.607,00:04,749,-92
375.009,00:02,750,-63
375.053,00:03,750,-79
375.108,00:04,750,-92
375.509,00:02,751,-62
375.553,00:03,751,-79
375.606,00:04,751,-92
376.008,00:02,752,-62
376.053,00:03,752,-80
376.105,00:04,752,-92
376.508,00:02,753,-62
376.553,00:03,753,-80
376.607,00:04,753,-92
377.007,00:02,754,-62
377.054,00:03,754,-80
377.106,00:04,754,-92
377.509,00:02,755,-62
377.552,00:03,755,-80
377.605,00:04,755,-92
378.009,00:02,756,-62
378.054,00:03,756,-80
378.106,00:04,756,-92
378.508,00:02,757,-63
378.553,00:03,757,-80
378.606,00:04,757,-92
379.008,00:02,758,-63
379.053,00:03,758,-80
379.108,00:04,758,-92
379.508,00:02,759,-64
379.554,00:03,759,-80
379.608,00:04,759,-92
380.008,00:02,760,-64
380.053,00:03,760,-80
380.107,00:04,760,-92
380.509,00:02,761,-65
380.554,00:03,761,-80
380.607,00:04,761,-92
381.009,00:02,762,-65
381.054,00:03,762,-80
381.107,00:04,762,-91
381.508,00:02,763,-65
381.553,00:03,763,-80
381.608,00:04,763,-91
382.01,00:02,764,-66
382.055,00:03,764,-80
382.106,00:04,764,-91
382.507,00:02,765,-66
382.552,00:03,765,-80
382.606,00:04,765,-91
383.009,00:02,766,-66
383.054,00:03,766,-80
383.108,00:04,766,-91
383.507,00:02,767,-66
383.554,00:03,767,-80
383.608,00:04,767,-91
384.007,00:02,768,-66
384.055,00:03,768,-80
384.108,00:04,768,-91
384.509,00:02,769,-66
384.555,00:03,769,-80
384.608,00:04,769,-91
385.01,00:02,770,-67
385.052,00:03,770,-80
385.106,00:04,770,-91
385.507,00:02,771,-67
385.553,00:03,771,-80
385.607,00:04,771,-91
386.009,00:02,772,-67
386.054,00:03,772,-80
386.108,00:04,772,-91
386.509,00:02,773,-67
386.555,00:03,773,-80
386.607,00:04,773,-91
387.007,00:02,774,-67
387.052,00:03,774,-80
387.105,00:04,774,-91
387.509,00:02,775,-67
387.553,00:03,775,-79
387.606,00:04,775,-91
388.008,00:02,776,-67
388.052,00:03,776,-79
388.107,00:04,776,-91
388.509,00:02,777,-67
388.554,00:03,777,-79
388.606,00:04,777,-91
389.009,00:02,778,-67
389.054,00:03,778,-79
389.107,00:04,778,-91
389.51,00:02,779,-67
389.554,00:03,779,-79
389.607,00:04,779,-91
390.008,00:02,780,-67
390.053,00:03,780,-79
390.106,00:04,780,-90
390.509,00:02,781,-67
390.554,00:03,781,-79
390.607,00:04,781,-90
391.01,00:02,782,-67
391.054,00:03,782,-79
391.108,00:04,782,-90
391.509,00:02,783,-67
391.552,00:03,783,-79
391.607,00:04,783,-90
392.008,00:02,784,-67
392.053,00:03,784,-79
392.107,00:04,784,-90
392.509,00:02,785,-68
392.554,00:03,785,-78
392.605,00:04,785,-90
393.008,00:02,786,-68
393.052,00:03,786,-78
393.107,00:04,786,-90
393.509,00:02,787,-68
393.554,00:03,787,-78
393.606,00:04,787,-90
394.009,00:02,788,-68
394.055,00:03,788,-78
394.107,00:04,788,-90
394.51,00:02,789,-68
394.553,00:03,789,-78
394.609,00:04,789,-90
395.009,00:02,790,-68
395.055,00:03,790,-78
395.105,00:04,790,-90
395.507,00:02,791,-68
395.554,00:03,791,-78
395.607,00:04,791,-90
396.009,00:02,792,-69
396.054,00:03,792,-78
396.106,00:04,792,-90
396.509,00:02,793,-69
396.553,00:03,793,-78
396.606,00:04,793,-90
397.008,00:02,794,-73
397.054,00:03,794,-82
397.105,00:04,794,-94
397.509,00:02,795,-73
397.554,00:03,795,-81
397.606,00:04,795,-94
398.009,00:02,796,-73
398.053,00:03,796,-81
398.106,00:04,796,-94
398.509,00:02,797,-73
398.554,00:03,797,-81
398.606,00:04,797,-94
399.007,00:02,798,-74
399.054,00:03,798,-81
399.106,00:04,798,-94
399.508,00:02,799,-74
399.554,00:03,799,-81
399.608,00:04,799,-93
400.008,00:02,800,-74
400.053,00:03,800,-81
400.107,00:04,800,-93
400.51,00:02,801,-74
400.555,00:03,801,-81
400.606,00:04,801,-93
401.009,00:02,802,-70
401.054,00:03,802,-77
401.107,00:04,802,-89
401.508,00:02,803,-70
401.554,00:03,803,-77
401.606,00:04,803,-89
402.01,00:02,804,-71
402.053,00:03,804,-77
402.107,00:04,804,-89
402.51,00:02,805,-71
402.554,00:03,805,-76
402.607,00:04,805,-89
403.009,00:02,806,-71
403.054,00:03,806,-76
403.106,00:04,806,-89
403.509,00:02,807,-71
403.553,00:03,807,-76
403.606,00:04,807,-89
404.008,00:02,808,-71
404.055,00:03,808,-76
404.105,00:04,808,-89
404.509,00:02,809,-72
404.554,00:03,809,-76
404.605,00:04,809,-89
405.009,00:02,810,-72
405.052,00:03,810,-76
405.108,00:04,810,-89
405.509,00:02,811,-72
405.553,00:03,811,-76
405.608,00:04,811,-89
406.008,00:02,812,-72
406.053,00:03,812,-76
406.108,00:04,812,-89
406.508,00:02,813,-72
406.552,00:03,813,-76
406.607,00:04,813,-89
407.008,00:02,814,-72
407.053,00:03,814,-75
407.106,00:04,814,-89
407.51,00:02,815,-73
407.552,00:03,815,-75
407.607,00:04,815,-89
408.01,00:02,816,-73
408.053,00:03,816,-75
408.107,00:04,816,-89
408.509,00:02,817,-73
408.556,00:03,817,-75
408.605,00:04,817,-89
409.009,00:02,818,-73
409.052,00:03,818,-75
409.106,00:04,818,-89
409.508,00:02,819,-73
409.553,00:03,819,-75
409.607,00:04,819,-89
410.01,00:02,820,-74
410.053,00:03,820,-75
410.106,00:04,820,-89
410.509,00:02,821,-74
410.554,00:03,821,-75
410.605,00:04,821,-89
411.011,00:02,822,-74
411.052,00:03,822,-74
411.105,00:04,822,-89
411.508,00:02,823,-74
411.554,00:03,823,-74
411.608,00:04,823,-88
412.007,00:02,824,-74
412.054,00:03,824,-74
412.107,00:04,824,-88
412.509,00:02,825,-75
412.553,00:03,825,-74
412.606,00:04,825,-88
413.01,00:02,826,-75
413.053,00:03,826,-74
413.106,00:04,826,-88
413.508,00:02,827,-75
413.555,00:03,827,-74
413.606,00:04,827,-88
414.01,00:02,828,-75
414.052,00:03,828,-74
414.109,00:04,828,-88
414.509,00:02,829,-75
414.552,00:03,829,-74
414.606,00:04,829,-88
415.008,00:02,830,-75
415.053,00:03,830,-73
415.106,00:04,830,-88
415.508,00:02,831,-76
415.555,00:03,831,-73
415.608,00:04,831,-88
416.01,00:02,832,-76
416.052,00:03,832,-73
416.107,00:04,832,-88
416.509,00:02,833,-76
416.554,00:03,833,-73
416.607,00:04,833,-88
417.01,00:02,834,-76
417.054,00:03,834,-73
417.108,00:04,834,-88
417.511,00:02,835,-76
417.554,00:03,835,-73
417.607,00:04,835,-88
418.009,00:02,836,-76
418.054,00:03,836,-73
418.107,00:04,836,-88
418.511,00:02,837,-77
418.551,00:03,837,-73
418.606,00:04,837,-88
419.008,00:02,838,-77
419.054,00:03,838,-72
419.106,00:04,838,-88
419.51,00:02,839,-77
419.552,00:03,839,-72
419.606,00:04,839,-88
420.009,00:02,840,-77
420.054,00:03,840,-72
420.106,00:04,840,-88
420.509,00:02,841,-77
420.555,00:03,841,-72
420.607,00:04,841,-88
421.008,00:02,842,-78
421.055,00:03,842,-72
421.107,00:04,842,-88
421.508,00:02,843,-78
421.553,00:03,843,-72
421.608,00:04,843,-88
422.01,00:02,844,-78
422.052,00:03,844,-72
422.106,00:04,844,-88
422.51,00:02,845,-78
422.555,00:03,845,-71
422.607,00:04,845,-88
423.01,00:02,846,-82
423.054,00:03,846,-75
423.105,00:04,846,-92
423.508,00:02,847,-82
423.552,00:03,847,-75
423.607,00:04,847,-92
424.008,00:02,848,-83
424.052,00:03,848,-75
424.105,00:04,848,-92
424.509,00:02,849,-83
424.555,00:03,849,-75
424.605,00:04,849,-92
425.01,00:02,850,-83
425.054,00:03,850,-75
425.106,00:04,850,-92
425.509,00:02,851,-83
425.552,00:03,851,-75
425.607,00:04,851,-92
426.008,00:02,852,-83
426.052,00:03,852,-74
426.108,00:04,852,-92
426.509,00:02,853,-83
426.552,00:03,853,-74
426.606,00:04,853,-92
427.008,00:02,854,-83
427.052,00:03,854,-74
427.108,00:04,854,-92
427.509,00:02,855,-84
427.553,00:03,855,-74
427.607,00:04,855,-92
428.009,00:02,856,-84
428.054,00:03,856,-74
428.107,00:04,856,-92
428.509,00:02,857,-84
428.553,00:03,857,-74
428.607,00:04,857,-92
429.008,00:02,858,-84
429.053,00:03,858,-74
429.107,00:04,858,-92
429.509,00:02,859,-84
429.553,00:03,859,-73
429.606,00:04,859,-92
430.01,00:02,860,-84
430.054,00:03,860,-73
430.106,00:04,860,-92
430.509,00:02,861,-85
430.553,00:03,861,-73
430.606,00:04,861,-92
431.009,00:02,862,-85
431.054,00:03,862,-73
431.107,00:04,862,-92
431.509,00:02,863,-85
431.553,00:03,863,-73
431.606,00:04,863,-92
432.01,00:02,864,-85
432.054,00:03,864,-73
432.104,00:04,864,-92
432.509,00:02,865,-85
432.553,00:03,865,-72
432.608,00:04,865,-92
433.008,00:02,866,-85
433.054,00:03,866,-72
433.106,00:04,866,-92
433.51,00:02,867,-85
433.552,00:03,867,-72
433.608,00:04,867,-92
434.009,00:02,868,-86
434.053,00:03,868,-72
434.105,00:04,868,-92
434.508,00:02,869,-86
434.552,00:03,869,-72
434.605,00:04,869,-92
435.01,00:02,870,-82
435.053,00:03,870,-68
435.106,00:04,870,-88
435.51,00:02,871,-82
435.555,00:03,871,-67
435.607,00:04,871,-88
436.01,00:02,872,-82
436.052,00:03,872,-67
436.107,00:04,872,-88
436.509,00:02,873,-82
436.553,00:03,873,-67
436.604,00:04,873,-88
437.009,00:02,874,-82
437.052,00:03,874,-67
437.108,00:04,874,-88
437.509,00:02,875,-83
437.553,00:03,875,-67
437.606,00:04,875,-88
438.01,00:02,876,-83
438.054,00:03,876,-67
438.107,00:04,876,-88
438.508,00:02,877,-83
438.554,00:03,877,-66
438.605,00:04,877,-88
439.01,00:02,878,-83
439.052,00:03,878,-66
439.105,00:04,878,-88
439.51,00:02,879,-83
439.551,00:03,879,-66
439.607,00:04,879,-88
440.01,00:02,880,-83
440.053,00:03,880,-66
440.105,00:04,880,-88
440.509,00:02,881,-83
440.552,00:03,881,-66
440.608,00:04,881,-88
441.009,00:02,882,-83
441.054,00:03,882,-66
441.106,00:04,882,-88
441.508,00:02,883,-84
441.555,00:03,883,-65
441.605,00:04,883,-88
442.008,00:02,884,-84
442.054,00:03,884,-65
442.106,00:04,884,-88
442.51,00:02,885,-84
442.553,00:03,885,-65
442.605,00:04,885,-88
443.009,00:02,886,-84
443.052,00:03,886,-65
443.105,00:04,886,-88
443.51,00:02,887,-84
443.552,00:03,887,-65
443.606,00:04,887,-88
444.01,00:02,888,-84
444.054,00:03,888,-64
444.106,00:04,888,-88
444.508,00:02,889,-84
444.554,00:03,889,-64
444.606,00:04,889,-88
445.008,00:02,890,-85
445.053,00:03,890,-64
445.105,00:04,890,-88
445.51,00:02,891,-85
445.552,00:03,891,-64
445.606,00:04,891,-88
446.01,00:02,892,-85
446.053,00:03,892,-64
446.108,00:04,892,-88
446.51,00:02,893,-85
446.554,00:03,893,-64
446.605,00:04,893,-89
447.008,00:02,894,-85
447.054,00:03,894,-63
447.108,00:04,894,-89
447.509,00:02,895,-85
447.554,00:03,895,-63
447.606,00:04,895,-89
448.009,00:02,896,-85
448.053,00:03,896,-63
448.105,00:04,896,-89
448.509,00:02,897,-85
448.553,00:03,897,-63
448.607,00:04,897,-89
449.01,00:02,898,-85
449.053,00:03,898,-63
449.108,00:04,898,-89
449.508,00:02,899,-86
449.553,00:03,899,-62
449.606,00:04,899,-89
450.009,00:02,900,-86
450.054,00:03,900,-62
450.106,00:04,900,-89
450.51,00:02,901,-86
450.555,00:03,901,-62
450.606,00:04,901,-89
451.008,00:02,902,-86
451.054,00:03,902,-62
451.107,00:04,902,-89
451.509,00:02,903,-86
451.553,00:03,903,-62
451.606,00:04,903,-89
452.009,00:02,904,-86
452.053,00:03,904,-62
452.108,00:04,904,-89
452.508,00:02,905,-86
452.552,00:03,905,-61
452.607,00:04,905,-89
453.011,00:02,906,-86
453.053,00:03,906,-61
453.107,00:04,906,-89
453.509,00:02,907,-87
453.554,00:03,907,-61
453.608,00:04,907,-89
454.009,00:02,908,-87
454.053,00:03,908,-61
454.106,00:04,908,-89
454.509,00:02,909,-87
454.553,00:03,909,-61
454.608,00:04,909,-89
455.01,00:02,910,-87
455.052,00:03,910,-60
455.105,00:04,910,-89
455.51,00:02,911,-87
455.553,00:03,911,-60
455.606,00:04,911,-89
456.007,00:02,912,-87
456.052,00:03,912,-60
456.106,00:04,912,-89
456.51,00:02,913,-87
456.554,00:03,913,-60
456.605,00:04,913,-89
457.01,00:02,914,-91
457.053,00:03,914,-64
457.105,00:04,914,-93
457.51,00:02,915,-91
457.552,00:03,915,-63
457.608,00:04,915,-93
458.011,00:02,916,-92
458.053,00:03,916,-63
458.106,00:04,916,-93
458.509,00:02,917,-92
458.553,00:03,917,-63
458.605,00:04,917,-93
459.011,00:02,918,-92
459.053,00:03,918,-63
459.105,00:04,918,-94
459.51,00:02,919,-92
459.554,00:03,919,-63
459.607,00:04,919,-94
460.009,00:02,920,-92
460.053,00:03,920,-63
460.104,00:04,920,-94
460.509,00:02,921,-92
460.553,00:03,921,-62
460.605,00:04,921,-94
461.008,00:02,922,-88
461.053,00:03,922,-58
461.106,00:04,922,-90
461.509,00:02,923,-88
461.552,00:03,923,-58
461.607,00:04,923,-90
462.01,00:02,924,-88
462.053,00:03,924,-58
462.106,00:04,924,-90
462.511,00:02,925,-88
462.551,00:03,925,-58
462.606,00:04,925,-90
463.008,00:02,926,-89
463.052,00:03,926,-58
463.105,00:04,926,-90
463.508,00:02,927,-89
463.552,00:03,927,-58
463.605,00:04,927,-90
464.01,00:02,928,-89
464.055,00:03,928,-57
464.106,00:04,928,-90
464.51,00:02,929,-89
464.554,00:03,929,-57
464.605,00:04,929,-90
465.01,00:02,930,-89
465.052,00:03,930,-57
465.106,00:04,930,-90
465.509,00:02,931,-89
465.555,00:03,931,-57
465.605,00:04,931,-90
466.011,00:02,932,-89
466.055,00:03,932,-57
466.106,00:04,932,-90
466.508,00:02,933,-89
466.552,00:03,933,-57
466.606,00:04,933,-90
467.011,00:02,934,-89
467.053,00:03,934,-57
467.105,00:04,934,-90
467.509,00:02,935,-89
467.554,00:03,935,-57
467.607,00:04,935,-90
468.01,00:02,936,-90
468.053,00:03,936,-56
468.104,00:04,936,-90
468.51,00:02,937,-90
468.552,00:03,937,-56
468.604,00:04,937,-91
469.008,00:02,938,-90
469.053,00:03,938,-56
469.107,00:04,938,-91
469.508,00:02,939,-90
469.554,00:03,939,-56
469.607,00:04,939,-91
470.009,00:02,940,-90
470.052,00:03,940,-56
470.105,00:04,940,-91
470.508,00:02,941,-90
470.551,00:03,941,-56
470.605,00:04,941,-91
471.008,00:02,942,-90
471.053,00:03,942,-56
471.106,00:04,942,-91
471.51,00:02,943,-90
471.554,00:03,943,-56
471.606,00:04,943,-91
472.007,00:02,944,-90
472.054,00:03,944,-56
472.105,00:04,944,-91
472.51,00:02,945,-90
472.552,00:03,945,-56
472.606,00:04,945,-91
473.01,00:02,946,-90
473.054,00:03,946,-56
473.108,00:04,946,-91
473.509,00:02,947,-91
473.554,00:03,947,-56
473.607,00:04,947,-91
474.008,00:02,948,-91
474.053,00:03,948,-56
474.105,00:04,948,-91
474.51,00:02,949,-91
474.552,00:03,949,-56
474.606,00:04,949,-91
475.008,00:02,950,-91
475.053,00:03,950,-57
475.108,00:04,950,-91
475.507,00:02,951,-91
475.553,00:03,951,-57
475.608,00:04,951,-91
476.01,00:02,952,-91
476.052,00:03,952,-57
476.107,00:04,952,-91
476.51,00:02,953,-91
476.554,00:03,953,-58
476.605,00:04,953,-91
477.008,00:02,954,-91
477.053,00:03,954,-58
477.106,00:04,954,-91
477.509,00:02,955,-91
477.554,00:03,955,-58
477.606,00:04,955,-91
478.009,00:02,956,-91
478.054,00:03,956,-59
478.106,00:04,956,-90
478.509,00:02,957,-91
478.554,00:03,957,-59
478.604,00:04,957,-90
479.01,00:02,958,-91
479.053,00:03,958,-59
479.107,00:04,958,-90
479.508,00:02,959,-91
479.553,00:03,959,-59
479.608,00:04,959,-90
480.008,00:02,960,-91
480.052,00:03,960,-59
480.106,00:04,960,-90
480.509,00:02,961,-91
480.553,00:03,961,-59
480.605,00:04,961,-90
481.008,00:02,962,-91
481.054,00:03,962,-59
481.106,00:04,962,-90
481.51,00:02,963,-91
481.552,00:03,963,-59
481.605,00:04,963,-90
482.009,00:02,964,-91
482.053,00:03,964,-59
482.105,00:04,964,-90
482.508,00:02,965,-90
482.552,00:03,965,-59
482.608,00:04,965,-90
483.009,00:02,966,-90
483.053,00:03,966,-59
483.105,00:04,966,-90
483.51,00:02,967,-90
483.554,00:03,967,-59
483.607,00:04,967,-90
484.01,00:02,968,-90
484.054,00:03,968,-59
484.105,00:04,968,-90
484.508,00:02,969,-90
484.553,00:03,969,-60
484.605,00:04,969,-90
485.008,00:02,970,-90
485.051,00:03,970,-60
485.106,00:04,970,-90
485.51,00:02,971,-90
485.551,00:03,971,-60
485.606,00:04,971,-90
486.009,00:02,972,-90
486.053,00:03,972,-60
486.105,00:04,972,-89
486.509,00:02,973,-90
486.553,00:03,973,-60
486.604,00:04,973,-89
487.009,00:02,974,-90
487.053,00:03,974,-60
487.106,00:04,974,-89
487.509,00:02,975,-90
487.553,00:03,975,-60
487.607,00:04,975,-89
488.01,00:02,976,-89
488.052,00:03,976,-60
488.105,00:04,976,-89
488.51,00:02,977,-89
488.552,00:03,977,-60
488.606,00:04,977,-89
489.008,00:02,978,-89
489.054,00:03,978,-60
489.106,00:04,978,-89
489.511,00:02,979,-89
489.552,00:03,979,-60
489.607,00:04,979,-89
490.008,00:02,980,-89
490.053,00:03,980,-60
490.107,00:04,980,-89
490.508,00:02,981,-89
490.552,00:03,981,-60
490.608,00:04,981,-89
491.01,00:02,982,-89
491.052,00:03,982,-61
491.107,00:04,982,-89
491.508,00:02,983,-89
491.552,00:03,983,-61
491.607,00:04,983,-89
492.009,00:02,984,-89
492.054,00:03,984,-61
492.104,00:04,984,-89
492.51,00:02,985,-89
492.554,00:03,985,-61
492.606,00:04,985,-89
493.008,00:02,986,-92
493.054,00:03,986,-65
493.104,00:04,986,-93
493.509,00:02,987,-92
493.551,00:03,987,-65
493.606,00:04,987,-93
494.008,00:02,988,-92
494.054,00:03,988,-65
494.106,00:04,988,-93
494.508,00:02,989,-92
494.554,00:03,989,-65
494.605,00:04,989,-92
495.01,00:02,990,-92
495.054,00:03,990,-66
495.106,00:04,990,-92
495.509,00:02,991,-92
495.551,00:03,991,-66
495.606,00:04,991,-92
496.01,00:02,992,-92
496.053,00:03,992,-66
496.107,00:04,992,-92
496.509,00:02,993,-92
496.552,00:03,993,-66
496.606,00:04,993,-92
497.008,00:02,994,-88
497.053,00:03,994,-62
497.106,00:04,994,-88
497.509,00:02,995,-88
497.551,00:03,995,-62
497.607,00:04,995,-88
498.01,00:02,996,-87
498.054,00:03,996,-62
498.108,00:04,996,-88
498.51,00:02,997,-87
498.555,00:03,997,-62
498.605,00:04,997,-88
499.009,00:02,998,-87
499.052,00:03,998,-63
499.106,00:04,998,-88
499.51,00:02,999,-87
499.553,00:03,999,-63
499.606,00:04,999,-88
500.01,00:02,1000,-87
500.052,00:03,1000,-63
500.105,00:04,1000,-88
500.509,00:02,1001,-87
500.553,00:03,1001,-63
500.605,00:04,1001,-88
501.01,00:02,1002,-87
501.053,00:03,1002,-63
501.105,00:04,1002,-88
501.509,00:02,1003,-87
501.554,00:03,1003,-63
501.607,00:04,1003,-88
502.01,00:02,1004,-87
502.052,00:03,1004,-63
502.105,00:04,1004,-88
502.508,00:02,1005,-86
502.552,00:03,1005,-64
502.606,00:04,1005,-88
503.008,00:02,1006,-86
503.053,00:03,1006,-64
503.106,00:04,1006,-88
503.51,00:02,1007,-86
503.553,00:03,1007,-64
503.607,00:04,1007,-88
504.009,00:02,1008,-86
504.053,00:03,1008,-64
504.107,00:04,1008,-88
504.509,00:02,1009,-86
504.553,00:03,1009,-64
504.606,00:04,1009,-87
505.01,00:02,1010,-86
505.053,00:03,1010,-64
505.106,00:04,1010,-87
505.509,00:02,1011,-86
505.553,00:03,1011,-65
505.605,00:04,1011,-87
506.008,00:02,1012,-86
506.053,00:03,1012,-65
506.106,00:04,1012,-87
506.508,00:02,1013,-86
506.553,00:03,1013,-65
506.606,00:04,1013,-87
507.008,00:02,1014,-85
507.053,00:03,1014,-65
507.107,00:04,1014,-87
507.509,00:02,1015,-85
507.554,00:03,1015,-65
507.607,00:04,1015,-87
508.011,00:02,1016,-85
508.053,00:03,1016,-65
508.106,00:04,1016,-87
508.51,00:02,1017,-85
508.553,00:03,1017,-65
508.605,00:04,1017,-87
509.01,00:02,1018,-85
509.052,00:03,1018,-66
509.106,00:04,1018,-87
509.51,00:02,1019,-85
509.553,00:03,1019,-66
509.606,00:04,1019,-87
510.009,00:02,1020,-85
510.054,00:03,1020,-66
510.106,00:04,1020,-87
510.509,00:02,1021,-85
510.552,00:03,1021,-66
510.605,00:04,1021,-87
511.009,00:02,1022,-85
511.053,00:03,1022,-66
511.105,00:04,1022,-87
511.509,00:02,1023,-84
511.554,00:03,1023,-66
511.606,00:04,1023,-87
512.008,00:02,1024,-84
512.052,00:03,1024,-67
512.106,00:04,1024,-87
512.51,00:02,1025,-84
512.552,00:03,1025,-67
512.607,00:04,1025,-87
513.008,00:02,1026,-84
513.053,00:03,1026,-67
513.107,00:04,1026,-87
513.51,00:02,1027,-84
513.552,00:03,1027,-67
513.606,00:04,1027,-87
514.01,00:02,1028,-84
514.052,00:03,1028,-67
514.106,00:04,1028,-87
514.51,00:02,1029,-84
514.553,00:03,1029,-67
514.608,00:04,1029,-87
515.009,00:02,1030,-84
515.052,00:03,1030,-67
515.107,00:04,1030,-87
515.511,00:02,1031,-83
515.553,00:03,1031,-68
515.607,00:04,1031,-87
516.01,00:02,1032,-83
516.053,00:03,1032,-68
516.107,00:04,1032,-87
516.509,00:02,1033,-83
516.553,00:03,1033,-68
516.606,00:04,1033,-87
517.009,00:02,1034,-83
517.053,00:03,1034,-68
517.106,00:04,1034,-87
517.509,00:02,1035,-83
517.554,00:03,1035,-68
517.606,00:04,1035,-87
518.009,00:02,1036,-83
518.053,00:03,1036,-68
518.106,00:04,1036,-87
518.509,00:02,1037,-83
518.552,00:03,1037,-69
518.605,00:04,1037,-87
519.008,00:02,1038,-87
519.051,00:03,1038,-73
519.107,00:04,1038,-91
519.51,00:02,1039,-86
519.553,00:03,1039,-73
519.606,00:04,1039,-91
520.01,00:02,1040,-86
520.052,00:03,1040,-73
520.106,00:04,1040,-91
520.508,00:02,1041,-86
520.553,00:03,1041,-73
520.605,00:04,1041,-91
521.011,00:02,1042,-86
521.054,00:03,1042,-73
521.104,00:04,1042,-91
521.508,00:02,1043,-86
521.553,00:03,1043,-73
521.605,00:04,1043,-91
522.009,00:02,1044,-86
522.051,00:03,1044,-74
522.106,00:04,1044,-91
522.51,00:02,1045,-86
522.554,00:03,1045,-74
522.606,00:04,1045,-91
523.009,00:02,1046,-85
523.052,00:03,1046,-74
523.107,00:04,1046,-91
523.51,00:02,1047,-85
523.553,00:03,1047,-74
523.604,00:04,1047,-91
524.009,00:02,1048,-85
524.053,00:03,1048,-74
524.105,00:04,1048,-91
524.509,00:02,1049,-85
524.554,00:03,1049,-74
524.605,00:04,1049,-91
525.009,00:02,1050,-85
525.051,00:03,1050,-74
525.105,00:04,1050,-91
525.509,00:02,1051,-85
525.551,00:03,1051,-75
525.607,00:04,1051,-91
526.011,00:02,1052,-85
526.052,00:03,1052,-75
526.104,00:04,1052,-91
526.508,00:02,1053,-85
526.553,00:03,1053,-75
526.607,00:04,1053,-91
527.01,00:02,1054,-84
527.053,00:03,1054,-75
527.107,00:04,1054,-91
527.51,00:02,1055,-84
527.551,00:03,1055,-75
527.607,00:04,1055,-91
528.01,00:02,1056,-84
528.054,00:03,1056,-75
528.106,00:04,1056,-91
528.507,00:02,1057,-84
528.551,00:03,1057,-75
528.608,00:04,1057,-91
529.011,00:02,1058,-84
529.053,00:03,1058,-75
529.107,00:04,1058,-91
529.511,00:02,1059,-84
529.552,00:03,1059,-76
529.606,00:04,1059,-91
530.008,00:02,1060,-83
530.053,00:03,1060,-76
530.105,00:04,1060,-91
530.51,00:02,1061,-83
530.553,00:03,1061,-76
530.608,00:04,1061,-91
531.009,00:02,1062,-79
531.052,00:03,1062,-72
531.107,00:04,1062,-87
531.508,00:02,1063,-79
531.554,00:03,1063,-72
531.605,00:04,1063,-87
532.008,00:02,1064,-79
532.053,00:03,1064,-72
532.104,00:04,1064,-87
532.508,00:02,1065,-79
532.553,00:03,1065,-72
532.607,00:04,1065,-87
533.009,00:02,1066,-79
533.053,00:03,1066,-73
533.107,00:04,1066,-87
533.511,00:02,1067,-78
533.554,00:03,1067,-73
533.606,00:04,1067,-87
534.008,00:02,1068,-78
534.052,00:03,1068,-73
534.106,00:04,1068,-87
534.511,00:02,1069,-78
534.554,00:03,1069,-73
534.608,00:04,1069,-87
535.009,00:02,1070,-78
535.053,00:03,1070,-73
535.105,00:04,1070,-87
535.509,00:02,1071,-78
535.552,00:03,1071,-73
535.606,00:04,1071,-87
536.008,00:02,1072,-78
536.054,00:03,1072,-73
536.107,00:04,1072,-87
536.509,00:02,1073,-78
536.553,00:03,1073,-73
536.605,00:04,1073,-87
537.009,00:02,1074,-77
537.052,00:03,1074,-74
537.104,00:04,1074,-87
537.508,00:02,1075,-77
537.554,00:03,1075,-74
537.606,00:04,1075,-87
538.01,00:02,1076,-77
538.053,00:03,1076,-74
538.108,00:04,1076,-87
538.51,00:02,1077,-77
538.552,00:03,1077,-74
538.605,00:04,1077,-87
539.009,00:02,1078,-77
539.054,00:03,1078,-74
539.107,00:04,1078,-87
539.511,00:02,1079,-77
539.554,00:03,1079,-74
539.607,00:04,1079,-87
540.009,00:02,1080,-76
540.052,00:03,1080,-74
540.108,00:04,1080,-87
540.509,00:02,1081,-76
540.551,00:03,1081,-74
540.607,00:04,1081,-87
541.008,00:02,1082,-76
541.054,00:03,1082,-74
541.105,00:04,1082,-87
541.509,00:02,1083,-76
541.552,00:03,1083,-75
541.606,00:04,1083,-87
542.008,00:02,1084,-76
542.052,00:03,1084,-75
542.105,00:04,1084,-87
542.51,00:02,1085,-76
542.551,00:03,1085,-75
542.606,00:04,1085,-87
543.01,00:02,1086,-76
543.052,00:03,1086,-75
543.107,00:04,1086,-87
543.509,00:02,1087,-75
543.553,00:03,1087,-75
543.606,00:04,1087,-87
544.009,00:02,1088,-75
544.053,00:03,1088,-75
544.105,00:04,1088,-87
544.511,00:02,1089,-75
544.554,00:03,1089,-75
544.608,00:04,1089,-87
545.01,00:02,1090,-75
545.054,00:03,1090,-75
545.104,00:04,1090,-87
545.509,00:02,1091,-75
545.553,00:03,1091,-76
545.605,00:04,1091,-87
546.011,00:02,1092,-75
546.054,00:03,1092,-76
546.107,00:04,1092,-88
546.509,00:02,1093,-74
546.552,00:03,1093,-76
546.605,00:04,1093,-88
547.01,00:02,1094,-74
547.053,00:03,1094,-76
547.107,00:04,1094,-88
547.508,00:02,1095,-74
547.554,00:03,1095,-76
547.607,00:04,1095,-88
548.007,00:02,1096,-74
548.053,00:03,1096,-76
548.107,00:04,1096,-88
548.508,00:02,1097,-74
548.552,00:03,1097,-76
548.606,00:04,1097,-88
549.008,00:02,1098,-74
549.054,00:03,1098,-76
549.104,00:04,1098,-88
549.508,00:02,1099,-74
549.553,00:03,1099,-76
549.606,00:04,1099,-88
550.01,00:02,1100,-73
550.052,00:03,1100,-76
550.106,00:04,1100,-88
550.51,00:02,1101,-73
550.553,00:03,1101,-77
550.606,00:04,1101,-88
551.009,00:02,1102,-73
551.053,00:03,1102,-77
551.104,00:04,1102,-88
551.509,00:02,1103,-73
551.552,00:03,1103,-77
551.606,00:04,1103,-88
552.009,00:02,1104,-73
552.053,00:03,1104,-77
552.105,00:04,1104,-88
552.509,00:02,1105,-73
552.552,00:03,1105,-77
552.605,00:04,1105,-88
553.008,00:02,1106,-77
553.051,00:03,1106,-81
553.105,00:04,1106,-92
553.508,00:02,1107,-76
553.551,00:03,1107,-81
553.607,00:04,1107,-92
554.009,00:02,1108,-76
554.052,00:03,1108,-81
554.107,00:04,1108,-92
554.508,00:02,1109,-76
554.552,00:03,1109,-81
554.604,00:04,1109,-92
555.01,00:02,1110,-76
555.053,00:03,1110,-82
555.106,00:04,1110,-92
555.511,00:02,1111,-76
555.554,00:03,1111,-82
555.605,00:04,1111,-92
556.01,00:02,1112,-76
556.052,00:03,1112,-82
556.107,00:04,1112,-93
556.509,00:02,1113,-76
556.553,00:03,1113,-82
556.607,00:04,1113,-93
557.011,00:02,1114,-72
557.053,00:03,1114,-78
557.106,00:04,1114,-89
557.509,00:02,1115,-71
557.553,00:03,1115,-78
557.607,00:04,1115,-89
558.009,00:02,1116,-71
558.052,00:03,1116,-78
558.107,00:04,1116,-89
558.511,00:02,1117,-71
558.554,00:03,1117,-78
558.604,00:04,1117,-89
559.009,00:02,1118,-71
559.051,00:03,1118,-78
559.106,00:04,1118,-89
559.509,00:02,1119,-71
559.552,00:03,1119,-78
559.604,00:04,1119,-89
560.01,00:02,1120,-71
560.052,00:03,1120,-79
560.106,00:04,1120,-89
560.51,00:02,1121,-71
560.553,00:03,1121,-79
560.607,00:04,1121,-89
561.008,00:02,1122,-71
561.052,00:03,1122,-79
561.106,00:04,1122,-89
561.509,00:02,1123,-71
561.552,00:03,1123,-79
561.605,00:04,1123,-89
562.01,00:02,1124,-71
562.054,00:03,1124,-79
562.105,00:04,1124,-89
562.509,00:02,1125,-70
562.553,00:03,1125,-79
562.606,00:04,1125,-89
563.01,00:02,1126,-70
563.052,00:03,1126,-79
563.105,00:04,1126,-89
563.509,00:02,1127,-70
563.554,00:03,1127,-79
563.606,00:04,1127,-89
564.008,00:02,1128,-70
564.054,00:03,1128,-79
564.106,00:04,1128,-89
564.509,00:02,1129,-70
564.552,00:03,1129,-79
564.605,00:04,1129,-90
565.01,00:02,1130,-70
565.052,00:03,1130,-79
565.106,00:04,1130,-90
565.509,00:02,1131,-70
565.552,00:03,1131,-80
565.605,00:04,1131,-90
566.011,00:02,1132,-70
566.052,00:03,1132,-80
566.106,00:04,1132,-90
566.511,00:02,1133,-70
566.554,00:03,1133,-80
566.605,00:04,1133,-90
567.009,00:02,1134,-70
567.052,00:03,1134,-80
567.106,00:04,1134,-90
567.51,00:02,1135,-70
567.552,00:03,1135,-80
567.606,00:04,1135,-90
568.009,00:02,1136,-70
568.051,00:03,1136,-80
568.106,00:04,1136,-90
568.51,00:02,1137,-70
568.553,00:03,1137,-80
568.606,00:04,1137,-90
569.01,00:02,1138,-70
569.052,00:03,1138,-80
569.105,00:04,1138,-90
569.509,00:02,1139,-70
569.552,00:03,1139,-80
569.605,00:04,1139,-90
570.011,00:02,1140,-70
570.051,00:03,1140,-80
570.105,00:04,1140,-90
570.51,00:02,1141,-70
570.552,00:03,1141,-80
570.606,00:04,1141,-90
571.009,00:02,1142,-70
571.053,00:03,1142,-80
571.107,00:04,1142,-90
571.51,00:02,1143,-71
571.553,00:03,1143,-80
571.606,00:04,1143,-90
572.008,00:02,1144,-71
572.052,00:03,1144,-80
572.107,00:04,1144,-90
572.509,00:02,1145,-71
572.553,00:03,1145,-80
572.605,00:04,1145,-90
573.01,00:02,1146,-72
573.053,00:03,1146,-81
573.107,00:04,1146,-90
573.51,00:02,1147,-72
573.552,00:03,1147,-81
573.605,00:04,1147,-90
574.009,00:02,1148,-72
574.051,00:03,1148,-81
574.107,00:04,1148,-89
574.51,00:02,1149,-72
574.552,00:03,1149,-81
574.605,00:04,1149,-89
575.01,00:02,1150,-73
575.053,00:03,1150,-81
575.106,00:04,1150,-89
575.51,00:02,1151,-73
575.552,00:03,1151,-81
575.607,00:04,1151,-89
576.01,00:02,1152,-73
576.053,00:03,1152,-81
576.105,00:04,1152,-89
576.509,00:02,1153,-73
576.552,00:03,1153,-81
576.607,00:04,1153,-89
577.011,00:02,1154,-73
577.052,00:03,1154,-80
577.106,00:04,1154,-89
577.509,00:02,1155,-73
577.551,00:03,1155,-80
577.606,00:04,1155,-89
578.01,00:02,1156,-73
578.053,00:03,1156,-80
578.107,00:04,1156,-89
578.51,00:02,1157,-73
578.551,00:03,1157,-80
578.606,00:04,1157,-89
579.009,00:02,1158,-73
579.052,00:03,1158,-80
579.105,00:04,1158,-89
579.51,00:02,1159,-73
579.551,00:03,1159,-80
579.606,00:04,1159,-89
580.009,00:02,1160,-73
580.051,00:03,1160,-80
580.107,00:04,1160,-89
580.509,00:02,1161,-73
580.551,00:03,1161,-80
580.605,00:04,1161,-89
581.01,00:02,1162,-73
581.051,00:03,1162,-80
581.107,00:04,1162,-89
581.51,00:02,1163,-73
581.553,00:03,1163,-80
581.607,00:04,1163,-89
582.009,00:02,1164,-73
582.053,00:03,1164,-80
582.106,00:04,1164,-88
582.51,00:02,1165,-73
582.552,00:03,1165,-80
582.606,00:04,1165,-88
583.01,00:02,1166,-73
583.052,00:03,1166,-79
583.108,00:04,1166,-88
583.509,00:02,1167,-73
583.553,00:03,1167,-79
583.606,00:04,1167,-88
584.01,00:02,1168,-73
584.054,00:03,1168,-79
584.108,00:04,1168,-88
584.508,00:02,1169,-73
584.551,00:03,1169,-79
584.607,00:04,1169,-88
585.009,00:02,1170,-73
585.052,00:03,1170,-79
585.106,00:04,1170,-88
585.51,00:02,1171,-73
585.552,00:03,1171,-79
585.607,00:04,1171,-88
586.011,00:02,1172,-73
586.05,00:03,1172,-79
586.104,00:04,1172,-88
586.511,00:02,1173,-74
586.554,00:03,1173,-79
586.605,00:04,1173,-88
587.009,00:02,1174,-74
587.053,00:03,1174,-79
587.106,00:04,1174,-88
587.51,00:02,1175,-74
587.551,00:03,1175,-79
587.606,00:04,1175,-88
588.01,00:02,1176,-74
588.054,00:03,1176,-78
588.108,00:04,1176,-88
588.508,00:02,1177,-74
588.552,00:03,1177,-78
588.606,00:04,1177,-88
589.01,00:02,1178,-78
589.052,00:03,1178,-82
589.105,00:04,1178,-91
589.509,00:02,1179,-78
589.552,00:03,1179,-82
589.607,00:04,1179,-91
590.011,00:02,1180,-78
590.052,00:03,1180,-82
590.107,00:04,1180,-91
590.511,00:02,1181,-78
590.552,00:03,1181,-82
590.606,00:04,1181,-91
591.01,00:02,1182,-78
591.053,00:03,1182,-82
591.106,00:04,1182,-91
591.51,00:02,1183,-78
591.552,00:03,1183,-82
591.606,00:04,1183,-91
592.01,00:02,1184,-79
592.051,00:03,1184,-82
592.107,00:04,1184,-91
592.509,00:02,1185,-79
592.551,00:03,1185,-82
592.605,00:04,1185,-91
593.009,00:02,1186,-75
593.052,00:03,1186,-78
593.106,00:04,1186,-87
593.51,00:02,1187,-75
593.551,00:03,1187,-77
593.606,00:04,1187,-87
594.01,00:02,1188,-75
594.051,00:03,1188,-77
594.107,00:04,1188,-87
594.51,00:02,1189,-75
594.553,00:03,1189,-77
594.608,00:04,1189,-87
595.009,00:02,1190,-75
595.051,00:03,1190,-77
595.105,00:04,1190,-87
595.508,00:02,1191,-75
595.551,00:03,1191,-77
595.605,00:04,1191,-87
596.011,00:02,1192,-75
596.053,00:03,1192,-77
596.105,00:04,1192,-87
596.509,00:02,1193,-76
596.553,00:03,1193,-77
596.604,00:04,1193,-87
597.011,00:02,1194,-76
597.053,00:03,1194,-77
597.106,00:04,1194,-87
597.509,00:02,1195,-76
597.552,00:03,1195,-77
597.605,00:04,1195,-86
598.01,00:02,1196,-76
598.051,00:03,1196,-77
598.107,00:04,1196,-86
598.509,00:02,1197,-76
598.551,00:03,1197,-76
598.606,00:04,1197,-86
599.011,00:02,1198,-76
599.053,00:03,1198,-76
599.105,00:04,1198,-86
599.509,00:02,1199,-76
599.553,00:03,1199,-76
599.606,00:04,1199,-86
600.01,00:02,1200,-76
600.053,00:03,1200,-76
600.107,00:04,1200,-86
600.51,00:02,1201,-77
600.55,00:03,1201,-76
600.606,00:04,1201,-86
601.008,00:02,1202,-77
601.052,00:03,1202,-76
601.106,00:04,1202,-86
601.512,00:02,1203,-77
601.554,00:03,1203,-76
601.606,00:04,1203,-86
602.009,00:02,1204,-77
602.053,00:03,1204,-76
602.105,00:04,1204,-86
602.511,00:02,1205,-77
602.553,00:03,1205,-76
602.605,00:04,1205,-86
603.01,00:02,1206,-77
603.053,00:03,1206,-75
603.107,00:04,1206,-86
603.511,00:02,1207,-77
603.551,00:03,1207,-75
603.607,00:04,1207,-86
604.009,00:02,1208,-77
604.053,00:03,1208,-75
604.105,00:04,1208,-86
604.509,00:02,1209,-78
604.552,00:03,1209,-75
604.605,00:04,1209,-86
605.011,00:02,1210,-78
605.052,00:03,1210,-75
605.107,00:04,1210,-86
605.508,00:02,1211,-78
605.551,00:03,1211,-75
605.606,00:04,1211,-86
606.008,00:02,1212,-78
606.051,00:03,1212,-75
606.107,00:04,1212,-86
606.508,00:02,1213,-78
606.552,00:03,1213,-75
606.606,00:04,1213,-86
607.009,00:02,1214,-78
607.053,00:03,1214,-75
607.105,00:04,1214,-86
607.51,00:02,1215,-78
607.553,00:03,1215,-74
607.606,00:04,1215,-86
608.011,00:02,1216,-78
608.053,00:03,1216,-74
608.106,00:04,1216,-86
608.509,00:02,1217,-79
608.552,00:03,1217,-74
608.606,00:04,1217,-86
609.009,00:02,1218,-79
609.052,00:03,1218,-74
609.104,00:04,1218,-85
609.508,00:02,1219,-79
609.552,00:03,1219,-74
609.605,00:04,1219,-85
610.01,00:02,1220,-79
610.051,00:03,1220,-74
610.104,00:04,1220,-85
610.508,00:02,1221,-79
610.55,00:03,1221,-74
610.604,00:04,1221,-85
611.008,00:02,1222,-79
611.053,00:03,1222,-74
611.107,00:04,1222,-85
611.509,00:02,1223,-79
611.551,00:03,1223,-74
611.606,00:04,1223,-85
612.01,00:02,1224,-80
612.052,00:03,1224,-73
612.105,00:04,1224,-85
612.511,00:02,1225,-80
612.552,00:03,1225,-73
612.607,00:04,1225,-85
613.009,00:02,1226,-80
613.052,00:03,1226,-73
613.105,00:04,1226,-85
613.512,00:02,1227,-80
613.552,00:03,1227,-73
613.606,00:04,1227,-85
614.008,00:02,1228,-80
614.052,00:03,1228,-73
614.106,00:04,1228,-85
614.51,00:02,1229,-80
614.553,00:03,1229,-73
614.606,00:04,1229,-85
615.008,00:02,1230,-80
615.052,00:03,1230,-73
615.105,00:04,1230,-85
615.51,00:02,1231,-80
615.551,00:03,1231,-73
615.607,00:04,1231,-85
616.01,00:02,1232,-81
616.051,00:03,1232,-72
616.105,00:04,1232,-85
616.511,00:02,1233,-81
616.553,00:03,1233,-72
616.607,00:04,1233,-85
617.011,00:02,1234,-81
617.053,00:03,1234,-72
617.106,00:04,1234,-85
617.509,00:02,1235,-81
617.553,00:03,1235,-72
617.606,00:04,1235,-85
618.011,00:02,1236,-81
618.053,00:03,1236,-72
618.107,00:04,1236,-85
618.509,00:02,1237,-81
618.554,00:03,1237,-72
618.606,00:04,1237,-85
619.01,00:02,1238,-81
619.052,00:03,1238,-72
619.106,00:04,1238,-85
619.509,00:02,1239,-81
619.552,00:03,1239,-72
619.606,00:04,1239,-85
620.011,00:02,1240,-82
620.052,00:03,1240,-71
620.107,00:04,1240,-85
620.51,00:02,1241,-82
620.55,00:03,1241,-71
620.607,00:04,1241,-85
621.011,00:02,1242,-82
621.053,00:03,1242,-71
621.106,00:04,1242,-85
621.511,00:02,1243,-82
621.553,00:03,1243,-71
621.605,00:04,1243,-85
622.01,00:02,1244,-82
622.054,00:03,1244,-71
622.106,00:04,1244,-85
622.511,00:02,1245,-82
622.552,00:03,1245,-71
622.606,00:04,1245,-85
623.01,00:02,1246,-82
623.05,00:03,1246,-71
623.106,00:04,1246,-85
623.508,00:02,1247,-82
623.551,00:03,1247,-71
623.605,00:04,1247,-85
624.008,00:02,1248,-83
624.053,00:03,1248,-70
624.105,00:04,1248,-85
624.508,00:02,1249,-83
624.551,00:03,1249,-70
624.606,00:04,1249,-85
625.012,00:02,1250,-83
625.054,00:03,1250,-70
625.104,00:04,1250,-85
625.51,00:02,1251,-83
625.551,00:03,1251,-70
625.606,00:04,1251,-85
626.01,00:02,1252,-83
626.053,00:03,1252,-70
626.105,00:04,1252,-85
626.509,00:02,1253,-83
626.552,00:03,1253,-70
626.606,00:04,1253,-85
627.009,00:02,1254,-83
627.05,00:03,1254,-70
627.106,00:04,1254,-85
627.508,00:02,1255,-83
627.551,00:03,1255,-70
627.606,00:04,1255,-85
628.01,00:02,1256,-84
628.053,00:03,1256,-69
628.106,00:04,1256,-85
628.509,00:02,1257,-84
628.553,00:03,1257,-69
628.605,00:04,1257,-85
629.009,00:02,1258,-84
629.054,00:03,1258,-69
629.106,00:04,1258,-85
629.511,00:02,1259,-84
629.553,00:03,1259,-69
629.606,00:04,1259,-85
630.01,00:02,1260,-84
630.054,00:03,1260,-69
630.104,00:04,1260,-85
630.51,00:02,1261,-84
630.552,00:03,1261,-69
630.605,00:04,1261,-85
631.011,00:02,1262,-84
631.053,00:03,1262,-69
631.106,00:04,1262,-85
631.509,00:02,1263,-84
631.553,00:03,1263,-69
631.606,00:04,1263,-85
632.01,00:02,1264,-84
632.051,00:03,1264,-68
632.106,00:04,1264,-85
632.509,00:02,1265,-85
632.55,00:03,1265,-68
632.604,00:04,1265,-85
633.011,00:02,1266,-85
633.051,00:03,1266,-68
633.104,00:04,1266,-86
633.511,00:02,1267,-85
633.552,00:03,1267,-68
633.604,00:04,1267,-86
634.011,00:02,1268,-85
634.052,00:03,1268,-68
634.106,00:04,1268,-86
634.51,00:02,1269,-85
634.551,00:03,1269,-68
634.607,00:04,1269,-86
635.009,00:02,1270,-85
635.051,00:03,1270,-68
635.106,00:04,1270,-86
635.511,00:02,1271,-85
635.552,00:03,1271,-67
635.605,00:04,1271,-86
636.009,00:02,1272,-85
636.052,00:03,1272,-67
636.105,00:04,1272,-86
636.51,00:02,1273,-85
636.551,00:03,1273,-67
636.606,00:04,1273,-86
637.011,00:02,1274,-86
637.052,00:03,1274,-67
637.105,00:04,1274,-86
637.509,00:02,1275,-86
637.552,00:03,1275,-67
637.606,00:04,1275,-86
638.01,00:02,1276,-86
638.052,00:03,1276,-67
638.105,00:04,1276,-86
638.51,00:02,1277,-86
638.551,00:03,1277,-67
638.606,00:04,1277,-86
639.009,00:02,1278,-86
639.05,00:03,1278,-67
639.106,00:04,1278,-86
639.508,00:02,1279,-86
639.551,00:03,1279,-66
639.605,00:04,1279,-86
640.009,00:02,1280,-86
640.051,00:03,1280,-66
640.107,00:04,1280,-86
640.51,00:02,1281,-86
640.552,00:03,1281,-66
640.606,00:04,1281,-86
641.009,00:02,1282,-86
641.052,00:03,1282,-66
641.107,00:04,1282,-86
641.51,00:02,1283,-87
641.551,00:03,1283,-66
641.607,00:04,1283,-86
642.008,00:02,1284,-87
642.053,00:03,1284,-66
642.106,00:04,1284,-86
642.508,00:02,1285,-87
642.553,00:03,1285,-66
642.604,00:04,1285,-86
643.01,00:02,1286,-87
643.053,00:03,1286,-66
643.107,00:04,1286,-86
643.511,00:02,1287,-87
643.553,00:03,1287,-65
643.604,00:04,1287,-86
644.011,00:02,1288,-87
644.052,00:03,1288,-65
644.105,00:04,1288,-86
644.508,00:02,1289,-87
644.55,00:03,1289,-65
644.604,00:04,1289,-86
645.012,00:02,1290,-87
645.053,00:03,1290,-65
645.107,00:04,1290,-87
645.51,00:02,1291,-87
645.551,00:03,1291,-65
645.606,00:04,1291,-87
646.011,00:02,1292,-87
646.053,00:03,1292,-65
646.107,00:04,1292,-87
646.51,00:02,1293,-88
646.55,00:03,1293,-65
646.607,00:04,1293,-87
647.01,00:02,1294,-88
647.051,00:03,1294,-65
647.106,00:04,1294,-87
647.509,00:02,1295,-88
647.553,00:03,1295,-65
647.606,00:04,1295,-87
648.01,00:02,1296,-88
648.052,00:03,1296,-64
648.106,00:04,1296,-87
648.509,00:02,1297,-88
648.552,00:03,1297,-64
648.606,00:04,1297,-87
649.01,00:02,1298,-92
649.052,00:03,1298,-68
649.106,00:04,1298,-91
649.511,00:02,1299,-92
649.553,00:03,1299,-68
649.606,00:04,1299,-91
650.01,00:02,1300,-92
650.054,00:03,1300,-68
650.105,00:04,1300,-91
650.508,00:02,1301,-92
650.55,00:03,1301,-68
650.607,00:04,1301,-91
651.009,00:02,1302,-92
651.052,00:03,1302,-68
651.105,00:04,1302,-91
651.51,00:02,1303,-93
651.552,00:03,1303,-68
651.606,00:04,1303,-91
652.01,00:02,1304,-93
652.051,00:03,1304,-68
652.105,00:04,1304,-91
652.509,00:02,1305,-93
652.551,00:03,1305,-67
652.604,00:04,1305,-91
653.01,00:02,1306,-89
653.052,00:03,1306,-63
653.106,00:04,1306,-88
653.511,00:02,1307,-89
653.552,00:03,1307,-63
653.606,00:04,1307,-88
654.01,00:02,1308,-89
654.051,00:03,1308,-63
654.107,00:04,1308,-88
654.509,00:02,1309,-89
654.552,00:03,1309,-63
654.605,00:04,1309,-88
655.01,00:02,1310,-89
655.052,00:03,1310,-63
655.106,00:04,1310,-88
655.509,00:02,1311,-89
655.551,00:03,1311,-63
655.607,00:04,1311,-88
656.011,00:02,1312,-89
656.052,00:03,1312,-63
656.105,00:04,1312,-88
656.51,00:02,1313,-90
656.552,00:03,1313,-63
656.607,00:04,1313,-88
657.01,00:02,1314,-90
657.052,00:03,1314,-63
657.106,00:04,1314,-88
657.511,00:02,1315,-90
657.553,00:03,1315,-63
657.607,00:04,1315,-88
658.011,00:02,1316,-90
658.052,00:03,1316,-63
658.105,00:04,1316,-88
658.51,00:02,1317,-90
658.553,00:03,1317,-63
658.604,00:04,1317,-88
659.008,00:02,1318,-90
659.054,00:03,1318,-63
659.106,00:04,1318,-88
659.51,00:02,1319,-90
659.553,00:03,1319,-62
659.606,00:04,1319,-88
660.01,00:02,1320,-90
660.051,00:03,1320,-62
660.106,00:04,1320,-88
660.511,00:02,1321,-90
660.551,00:03,1321,-62
660.606,00:04,1321,-89
661.01,00:02,1322,-90
661.054,00:03,1322,-62
661.104,00:04,1322,-89
661.509,00:02,1323,-90
661.552,00:03,1323,-62
661.606,00:04,1323,-89
662.008,00:02,1324,-91
662.051,00:03,1324,-62
662.104,00:04,1324,-89
662.51,00:02,1325,-91
662.551,00:03,1325,-62
662.603,00:04,1325,-89
663.009,00:02,1326,-91
663.051,00:03,1326,-62
663.104,00:04,1326,-89
663.509,00:02,1327,-91
663.553,00:03,1327,-62
663.604,00:04,1327,-89
664.011,00:02,1328,-91
664.051,00:03,1328,-62
664.106,00:04,1328,-89
664.508,00:02,1329,-91
664.552,00:03,1329,-62
664.604,00:04,1329,-89
665.01,00:02,1330,-91
665.052,00:03,1330,-62
665.106,00:04,1330,-89
665.51,00:02,1331,-91
665.553,00:03,1331,-62
665.606,00:04,1331,-89
666.009,00:02,1332,-91
666.05,00:03,1332,-62
666.107,00:04,1332,-89
666.509,00:02,1333,-91
666.552,00:03,1333,-62
666.605,00:04,1333,-89
667.011,00:02,1334,-91
667.051,00:03,1334,-63
667.105,00:04,1334,-89
667.51,00:02,1335,-91
667.551,00:03,1335,-63
667.605,00:04,1335,-89
668.011,00:02,1336,-91
668.052,00:03,1336,-63
668.105,00:04,1336,-89
668.511,00:02,1337,-91
668.554,00:03,1337,-63
668.606,00:04,1337,-89
669.012,00:02,1338,-91
669.052,00:03,1338,-64
669.105,00:04,1338,-89
669.51,00:02,1339,-91
669.551,00:03,1339,-64
669.606,00:04,1339,-89
670.011,00:02,1340,-91
670.051,00:03,1340,-64
670.106,00:04,1340,-89
670.508,00:02,1341,-92
670.551,00:03,1341,-64
670.606,00:04,1341,-88
671.009,00:02,1342,-92
671.051,00:03,1342,-65
671.105,00:04,1342,-88
671.51,00:02,1343,-92
671.551,00:03,1343,-65
671.605,00:04,1343,-88
672.009,00:02,1344,-92
672.052,00:03,1344,-65
672.105,00:04,1344,-88
672.509,00:02,1345,-91
672.551,00:03,1345,-65
672.607,00:04,1345,-88
673.011,00:02,1346,-91
673.053,00:03,1346,-65
673.105,00:04,1346,-88
673.511,00:02,1347,-91
673.553,00:03,1347,-65
673.606,00:04,1347,-88
674.01,00:02,1348,-91
674.052,00:03,1348,-65
674.104,00:04,1348,-88
674.51,00:02,1349,-91
674.552,00:03,1349,-65
674.604,00:04,1349,-88
675.009,00:02,1350,-91
675.051,00:03,1350,-65
675.106,00:04,1350,-88
675.509,00:02,1351,-91
675.551,00:03,1351,-65
675.607,00:04,1351,-88
676.008,00:02,1352,-91
676.05,00:03,1352,-65
676.106,00:04,1352,-88
676.509,00:02,1353,-91
676.551,00:03,1353,-65
676.605,00:04,1353,-88
677.011,00:02,1354,-91
677.05,00:03,1354,-65
677.105,00:04,1354,-88
677.51,00:02,1355,-91
677.551,00:03,1355,-65
677.604,00:04,1355,-87
678.008,00:02,1356,-91
678.052,00:03,1356,-65
678.107,00:04,1356,-87
678.51,00:02,1357,-90
678.551,00:03,1357,-65
678.606,00:04,1357,-87
679.011,00:02,1358,-90
679.051,00:03,1358,-65
679.106,00:04,1358,-87
679.51,00:02,1359,-90
679.552,00:03,1359,-65
679.605,00:04,1359,-87
680.01,00:02,1360,-90
680.051,00:03,1360,-65
680.105,00:04,1360,-87
680.512,00:02,1361,-90
680.553,00:03,1361,-65
680.604,00:04,1361,-87
681.01,00:02,1362,-90
681.052,00:03,1362,-65
681.105,00:04,1362,-87
681.51,00:02,1363,-90
681.553,00:03,1363,-65
681.605,00:04,1363,-87
682.009,00:02,1364,-90
682.053,00:03,1364,-65
682.106,00:04,1364,-87
682.509,00:02,1365,-90
682.551,00:03,1365,-65
682.605,00:04,1365,-87
683.01,00:02,1366,-90
683.053,00:03,1366,-65
683.104,00:04,1366,-87
683.51,00:02,1367,-90
683.551,00:03,1367,-65
683.605,00:04,1367,-87
684.009,00:02,1368,-89
684.052,00:03,1368,-65
684.106,00:04,1368,-86
684.511,00:02,1369,-89
684.552,00:03,1369,-65
684.606,00:04,1369,-86
685.009,00:02,1370,-93
685.052,00:03,1370,-70
685.104,00:04,1370,-90
685.509,00:02,1371,-93
685.553,00:03,1371,-70
685.605,00:04,1371,-90
686.01,00:02,1372,-93
686.052,00:03,1372,-70
686.106,00:04,1372,-90
686.51,00:02,1373,-93
686.551,00:03,1373,-70
686.606,00:04,1373,-90
687.009,00:02,1374,-93
687.053,00:03,1374,-70
687.105,00:04,1374,-90
687.511,00:02,1375,-93
687.551,00:03,1375,-70
687.604,00:04,1375,-90
688.01,00:02,1376,-93
688.052,00:03,1376,-70
688.104,00:04,1376,-90
688.509,00:02,1377,-93
688.551,00:03,1377,-70
688.606,00:04,1377,-90
689.01,00:02,1378,-89
689.052,00:03,1378,-66
689.105,00:04,1378,-86
689.51,00:02,1379,-88
689.551,00:03,1379,-66
689.606,00:04,1379,-86
690.009,00:02,1380,-88
690.05,00:03,1380,-66
690.106,00:04,1380,-86
690.51,00:02,1381,-88
690.551,00:03,1381,-66
690.607,00:04,1381,-86
691.01,00:02,1382,-88
691.051,00:03,1382,-67
691.107,00:04,1382,-85
691.508,00:02,1383,-88
691.551,00:03,1383,-67
691.606,00:04,1383,-85
692.008,00:02,1384,-88
692.052,00:03,1384,-67
692.104,00:04,1384,-85
692.51,00:02,1385,-88
692.553,00:03,1385,-67
692.606,00:04,1385,-85
693.011,00:02,1386,-88
693.05,00:03,1386,-67
693.105,00:04,1386,-85
693.509,00:02,1387,-88
693.553,00:03,1387,-67
693.606,00:04,1387,-85
694.011,00:02,1388,-88
694.052,00:03,1388,-67
694.105,00:04,1388,-85
694.509,00:02,1389,-88
694.552,00:03,1389,-67
694.605,00:04,1389,-85
695.009,00:02,1390,-87
695.052,00:03,1390,-67
695.106,00:04,1390,-85
695.51,00:02,1391,-87
695.552,00:03,1391,-67
695.604,00:04,1391,-85
696.009,00:02,1392,-87
696.051,00:03,1392,-68
696.105,00:04,1392,-85
696.512,00:02,1393,-87
696.551,00:03,1393,-68
696.606,00:04,1393,-85
697.009,00:02,1394,-87
697.052,00:03,1394,-68
697.104,00:04,1394,-85
697.511,00:02,1395,-87
697.552,00:03,1395,-68
697.606,00:04,1395,-85
698.008,00:02,1396,-87
698.05,00:03,1396,-68
698.104,00:04,1396,-85
698.509,00:02,1397,-87
698.55,00:03,1397,-68
698.606,00:04,1397,-85
699.01,00:02,1398,-87
699.049,00:03,1398,-68
699.105,00:04,1398,-85
699.511,00:02,1399,-87
699.55,00:03,1399,-68
699.606,00:04,1399,-84
700.011,00:02,1400,-86
700.052,00:03,1400,-68
700.104,00:04,1400,-84
700.508,00:02,1401,-86
700.552,00:03,1401,-68
700.604,00:04,1401,-84
701.01,00:02,1402,-86
701.05,00:03,1402,-69
701.105,00:04,1402,-84
701.511,00:02,1403,-86
701.551,00:03,1403,-69
701.604,00:04,1403,-84
702.008,00:02,1404,-86
702.051,00:03,1404,-69
702.105,00:04,1404,-84
702.51,00:02,1405,-86
702.551,00:03,1405,-69
702.606,00:04,1405,-84
703.011,00:02,1406,-86
703.051,00:03,1406,-69
703.107,00:04,1406,-84
703.51,00:02,1407,-86
703.552,00:03,1407,-69
703.606,00:04,1407,-84
704.009,00:02,1408,-86
704.053,00:03,1408,-69
704.104,00:04,1408,-84
704.509,00:02,1409,-85
704.55,00:03,1409,-69
704.605,00:04,1409,-84
705.011,00:02,1410,-85
705.051,00:03,1410,-69
705.106,00:04,1410,-84
705.51,00:02,1411,-85
705.55,00:03,1411,-70
705.606,00:04,1411,-84
706.01,00:02,1412,-85
706.053,00:03,1412,-70
706.105,00:04,1412,-84
706.508,00:02,1413,-85
706.551,00:03,1413,-70
706.607,00:04,1413,-84
707.01,00:02,1414,-85
707.051,00:03,1414,-70
707.106,00:04,1414,-84
707.511,00:02,1415,-85
707.552,00:03,1415,-70
707.605,00:04,1415,-84
708.011,00:02,1416,-85
708.052,00:03,1416,-70
708.105,00:04,1416,-84
708.509,00:02,1417,-85
708.55,00:03,1417,-70
708.604,00:04,1417,-84
709.012,00:02,1418,-85
709.05,00:03,1418,-70
709.107,00:04,1418,-84
709.511,00:02,1419,-84
709.551,00:03,1419,-71
709.605,00:04,1419,-84
710.011,00:02,1420,-84
710.052,00:03,1420,-71
710.106,00:04,1420,-84
710.51,00:02,1421,-84
710.553,00:03,1421,-71
710.606,00:04,1421,-84
711.01,00:02,1422,-84
711.051,00:03,1422,-71
711.106,00:04,1422,-84
711.511,00:02,1423,-84
711.552,00:03,1423,-71
711.607,00:04,1423,-84
712.011,00:02,1424,-84
712.051,00:03,1424,-71
712.106,00:04,1424,-84
712.509,00:02,1425,-84
712.551,00:03,1425,-71
712.605,00:04,1425,-84
713.011,00:02,1426,-84
713.05,00:03,1426,-71
713.107,00:04,1426,-84
713.51,00:02,1427,-84
713.552,00:03,1427,-71
713.607,00:04,1427,-84
714.009,00:02,1428,-83
714.052,00:03,1428,-72
714.105,00:04,1428,-84
714.509,00:02,1429,-83
714.551,00:03,1429,-72
714.607,00:04,1429,-84
715.01,00:02,1430,-83
715.052,00:03,1430,-72
715.105,00:04,1430,-84
715.509,00:02,1431,-83
715.55,00:03,1431,-72
715.605,00:04,1431,-84
716.009,00:02,1432,-83
716.052,00:03,1432,-72
716.106,00:04,1432,-84
716.51,00:02,1433,-83
716.553,00:03,1433,-72
716.605,00:04,1433,-84
717.012,00:02,1434,-83
717.051,00:03,1434,-72
717.107,00:04,1434,-84
717.511,00:02,1435,-83
717.553,00:03,1435,-72
717.604,00:04,1435,-84
718.01,00:02,1436,-83
718.051,00:03,1436,-72
718.105,00:04,1436,-84
718.51,00:02,1437,-82
718.553,00:03,1437,-73
718.606,00:04,1437,-84
719.01,00:02,1438,-82
719.053,00:03,1438,-73
719.106,00:04,1438,-84
719.51,00:02,1439,-82
719.551,00:03,1439,-73
719.605,00:04,1439,-84
720.01,00:02,1440,-82
720.051,00:03,1440,-73
720.105,00:04,1440,-84
720.509,00:02,1441,-82
720.55,00:03,1441,-73
720.605,00:04,1441,-84
721.01,00:02,1442,-82
721.052,00:03,1442,-73
721.104,00:04,1442,-84
721.511,00:02,1443,-82
721.551,00:03,1443,-73
721.604,00:04,1443,-84
722.01,00:02,1444,-82
722.05,00:03,1444,-73
722.106,00:04,1444,-84
722.508,00:02,1445,-82
722.552,00:03,1445,-73
722.605,00:04,1445,-84
723.01,00:02,1446,-81
723.051,00:03,1446,-74
723.105,00:04,1446,-84
723.51,00:02,1447,-81
723.55,00:03,1447,-74
723.606,00:04,1447,-84
724.01,00:02,1448,-81
724.052,00:03,1448,-74
724.106,00:04,1448,-84
724.51,00:02,1449,-81
724.553,00:03,1449,-74
724.606,00:04,1449,-84
725.008,00:02,1450,-81
725.051,00:03,1450,-74
725.105,00:04,1450,-84
725.509,00:02,1451,-81
725.551,00:03,1451,-74
725.607,00:04,1451,-84
726.01,00:02,1452,-81
726.051,00:03,1452,-74
726.104,00:04,1452,-84
726.511,00:02,1453,-81
726.551,00:03,1453,-74
726.605,00:04,1453,-84
727.01,00:02,1454,-80
727.051,00:03,1454,-74
727.106,00:04,1454,-84
727.511,00:02,1455,-80
727.552,00:03,1455,-75
727.605,00:04,1455,-84
728.01,00:02,1456,-80
728.051,00:03,1456,-75
728.105,00:04,1456,-84
728.509,00:02,1457,-80
728.552,00:03,1457,-75
728.605,00:04,1457,-84
729.009,00:02,1458,-80
729.053,00:03,1458,-75
729.104,00:04,1458,-84
729.509,00:02,1459,-80
729.552,00:03,1459,-75
729.605,00:04,1459,-84
730.01,00:02,1460,-80
730.051,00:03,1460,-75
730.104,00:04,1460,-84
730.511,00:02,1461,-80
730.551,00:03,1461,-75
730.606,00:04,1461,-84
731.012,00:02,1462,-80
731.049,00:03,1462,-75
731.106,00:04,1462,-84
731.511,00:02,1463,-79
731.553,00:03,1463,-75
731.604,00:04,1463,-84
732.01,00:02,1464,-79
732.052,00:03,1464,-75
732.105,00:04,1464,-84
732.509,00:02,1465,-79
732.552,00:03,1465,-76
732.606,00:04,1465,-84
733.01,00:02,1466,-79
733.052,00:03,1466,-76
733.105,00:04,1466,-84
733.51,00:02,1467,-79
733.552,00:03,1467,-76
733.605,00:04,1467,-84
734.011,00:02,1468,-79
734.052,00:03,1468,-76
734.106,00:04,1468,-84
734.51,00:02,1469,-79
734.552,00:03,1469,-76
734.605,00:04,1469,-84
735.01,00:02,1470,-79
735.051,00:03,1470,-76
735.104,00:04,1470,-85
735.51,00:02,1471,-79
735.551,00:03,1471,-76
735.606,00:04,1471,-85
736.01,00:02,1472,-78
736.051,00:03,1472,-76
736.104,00:04,1472,-85
736.51,00:02,1473,-78
736.552,00:03,1473,-76
736.604,00:04,1473,-85
737.008,00:02,1474,-78
737.051,00:03,1474,-76
737.107,00:04,1474,-85
737.511,00:02,1475,-78
737.553,00:03,1475,-77
737.604,00:04,1475,-85
738.011,00:02,1476,-78
738.052,00:03,1476,-77
738.106,00:04,1476,-85
738.51,00:02,1477,-78
738.551,00:03,1477,-77
738.605,00:04,1477,-85
739.009,00:02,1478,-78
739.051,00:03,1478,-77
739.105,00:04,1478,-85
739.509,00:02,1479,-78
739.553,00:03,1479,-77
739.603,00:04,1479,-85
740.01,00:02,1480,-78
740.051,00:03,1480,-77
740.106,00:04,1480,-85
740.51,00:02,1481,-78
740.552,00:03,1481,-77
740.605,00:04,1481,-85
741.011,00:02,1482,-77
741.053,00:03,1482,-77
741.104,00:04,1482,-85
741.509,00:02,1483,-77
741.551,00:03,1483,-77
741.604,00:04,1483,-85
742.009,00:02,1484,-77
742.052,00:03,1484,-77
742.106,00:04,1484,-85
742.51,00:02,1485,-77
742.552,00:03,1485,-78
742.604,00:04,1485,-85
743.008,00:02,1486,-77
743.049,00:03,1486,-78
743.105,00:04,1486,-85
743.51,00:02,1487,-77
743.55,00:03,1487,-78
743.606,00:04,1487,-86
744.011,00:02,1488,-77
744.053,00:03,1488,-78
744.107,00:04,1488,-86
744.51,00:02,1489,-77
744.552,00:03,1489,-78
744.605,00:04,1489,-86
745.01,00:02,1490,-81
745.051,00:03,1490,-82
745.106,00:04,1490,-90
745.509,00:02,1491,-81
745.55,00:03,1491,-82
745.605,00:04,1491,-90
746.01,00:02,1492,-81
746.052,00:03,1492,-82
746.106,00:04,1492,-90
746.51,00:02,1493,-80
746.551,00:03,1493,-82
746.605,00:04,1493,-90
747.011,00:02,1494,-80
747.05,00:03,1494,-82
747.107,00:04,1494,-90
747.511,00:02,1495,-80
747.553,00:03,1495,-82
747.606,00:04,1495,-90
748.01,00:02,1496,-80
748.052,00:03,1496,-83
748.103,00:04,1496,-90
748.511,00:02,1497,-80
748.552,00:03,1497,-83
748.605,00:04,1497,-90
749.01,00:02,1498,-76
749.052,00:03,1498,-79
749.106,00:04,1498,-86
749.51,00:02,1499,-76
749.55,00:03,1499,-79
749.604,00:04,1499,-86
750.01,00:02,1500,-76
750.052,00:03,1500,-79
750.105,00:04,1500,-86
750.512,00:02,1501,-76
750.553,00:03,1501,-79
750.605,00:04,1501,-87
751.012,00:02,1502,-76
751.05,00:03,1502,-79
751.105,00:04,1502,-87
751.511,00:02,1503,-76
751.552,00:03,1503,-79
751.606,00:04,1503,-87
752.01,00:02,1504,-76
752.052,00:03,1504,-79
752.104,00:04,1504,-87
752.511,00:02,1505,-76
752.552,00:03,1505,-79
752.604,00:04,1505,-87
753.011,00:02,1506,-76
753.05,00:03,1506,-79
753.107,00:04,1506,-87
753.51,00:02,1507,-76
753.551,00:03,1507,-80
753.605,00:04,1507,-87
754.01,00:02,1508,-76
754.051,00:03,1508,-80
754.104,00:04,1508,-87
754.511,00:02,1509,-75
754.551,00:03,1509,-80
754.605,00:04,1509,-87
755.009,00:02,1510,-75
755.051,00:03,1510,-80
755.105,00:04,1510,-87
755.51,00:02,1511,-75
755.552,00:03,1511,-80
755.604,00:04,1511,-87
756.01,00:02,1512,-75
756.052,00:03,1512,-80
756.105,00:04,1512,-87
756.509,00:02,1513,-75
756.551,00:03,1513,-80
756.605,00:04,1513,-87
757.01,00:02,1514,-75
757.053,00:03,1514,-80
757.105,00:04,1514,-88
757.512,00:02,1515,-75
757.552,00:03,1515,-80
757.607,00:04,1515,-88
758.011,00:02,1516,-75
758.05,00:03,1516,-80
758.106,00:04,1516,-88
758.512,00:02,1517,-75
758.552,00:03,1517,-80
758.605,00:04,1517,-88
759.009,00:02,1518,-75
759.051,00:03,1518,-80
759.105,00:04,1518,-88
759.509,00:02,1519,-75
759.55,00:03,1519,-81
759.605,00:04,1519,-88
760.009,00:02,1520,-75
760.05,00:03,1520,-81
760.106,00:04,1520,-88
760.511,00:02,1521,-75
760.553,00:03,1521,-81
760.604,00:04,1521,-88
761.011,00:02,1522,-75
761.053,00:03,1522,-81
761.105,00:04,1522,-88
761.511,00:02,1523,-75
761.551,00:03,1523,-81
761.605,00:04,1523,-88
762.011,00:02,1524,-75
762.05,00:03,1524,-81
762.105,00:04,1524,-88
762.51,00:02,1525,-75
762.551,00:03,1525,-81
762.605,00:04,1525,-88
763.01,00:02,1526,-76
763.05,00:03,1526,-81
763.105,00:04,1526,-88
763.51,00:02,1527,-76
763.552,00:03,1527,-81
763.606,00:04,1527,-88
764.01,00:02,1528,-76
764.051,00:03,1528,-81
764.103,00:04,1528,-88
764.509,00:02,1529,-76
764.551,00:03,1529,-81
764.604,00:04,1529,-88
765.009,00:02,1530,-76
765.051,00:03,1530,-81
765.105,00:04,1530,-88
765.511,00:02,1531,-77
765.552,00:03,1531,-81
765.604,00:04,1531,-88
766.011,00:02,1532,-77
766.052,00:03,1532,-81
766.105,00:04,1532,-88
766.509,00:02,1533,-77
766.55,00:03,1533,-81
766.607,00:04,1533,-87
767.011,00:02,1534,-77
767.053,00:03,1534,-81
767.105,00:04,1534,-87
767.511,00:02,1535,-77
767.55,00:03,1535,-81
767.606,00:04,1535,-87
768.01,00:02,1536,-77
768.051,00:03,1536,-81
768.105,00:04,1536,-87
768.512,00:02,1537,-77
768.551,00:03,1537,-81
768.605,00:04,1537,-87
769.009,00:02,1538,-77
769.052,00:03,1538,-81
769.104,00:04,1538,-87
769.511,00:02,1539,-77
769.55,00:03,1539,-81
769.605,00:04,1539,-87
770.012,00:02,1540,-77
770.052,00:03,1540,-81
770.106,00:04,1540,-87
770.509,00:02,1541,-77
770.553,00:03,1541,-81
770.605,00:04,1541,-87
771.009,00:02,1542,-77
771.051,00:03,1542,-81
771.104,00:04,1542,-87
771.511,00:02,1543,-77
771.551,00:03,1543,-81
771.605,00:04,1543,-87
772.011,00:02,1544,-77
772.053,00:03,1544,-81
772.105,00:04,1544,-87
772.51,00:02,1545,-77
772.55,00:03,1545,-81
772.606,00:04,1545,-87
773.01,00:02,1546,-77
773.051,00:03,1546,-81
773.104,00:04,1546,-86
773.51,00:02,1547,-77
773.551,00:03,1547,-80
773.605,00:04,1547,-86
774.01,00:02,1548,-77
774.052,00:03,1548,-80
774.107,00:04,1548,-86
774.51,00:02,1549,-77
774.553,00:03,1549,-80
774.606,00:04,1549,-86
775.01,00:02,1550,-78
775.052,00:03,1550,-80
775.106,00:04,1550,-86
775.509,00:02,1551,-78
775.551,00:03,1551,-80
775.605,00:04,1551,-86
776.009,00:02,1552,-78
776.05,00:03,1552,-80
776.104,00:04,1552,-86
776.511,00:02,1553,-78
776.552,00:03,1553,-80
776.604,00:04,1553,-86
777.011,00:02,1554,-78
777.049,00:03,1554,-80
777.105,00:04,1554,-86
777.511,00:02,1555,-78
777.551,00:03,1555,-80
777.606,00:04,1555,-86
778.011,00:02,1556,-78
778.051,00:03,1556,-80
778.103,00:04,1556,-86
778.511,00:02,1557,-78
778.551,00:03,1557,-80
778.606,00:04,1557,-85
779.01,00:02,1558,-78
779.051,00:03,1558,-80
779.104,00:04,1558,-85
779.511,00:02,1559,-78
779.551,00:03,1559,-79
779.604,00:04,1559,-85
780.011,00:02,1560,-78
780.051,00:03,1560,-79
780.105,00:04,1560,-85
780.512,00:02,1561,-78
780.551,00:03,1561,-79
780.605,00:04,1561,-85
781.012,00:02,1562,-82
781.051,00:03,1562,-83
781.105,00:04,1562,-89
781.51,00:02,1563,-82
781.55,00:03,1563,-83
781.605,00:04,1563,-89
782.009,00:02,1564,-82
782.05,00:03,1564,-83
782.105,00:04,1564,-89
782.511,00:02,1565,-82
782.55,00:03,1565,-83
782.605,00:04,1565,-89
783.011,00:02,1566,-82
783.052,00:03,1566,-83
783.106,00:04,1566,-89
783.511,00:02,1567,-82
783.551,00:03,1567,-83
783.606,00:04,1567,-89
784.012,00:02,1568,-82
784.053,00:03,1568,-83
784.106,00:04,1568,-89
784.51,00:02,1569,-82
784.551,00:03,1569,-83
784.604,00:04,1569,-88
785.011,00:02,1570,-79
785.051,00:03,1570,-78
785.106,00:04,1570,-84
785.51,00:02,1571,-79
785.549,00:03,1571,-78
785.604,00:04,1571,-84
786.012,00:02,1572,-79
786.049,00:03,1572,-78
786.105,00:04,1572,-84
786.511,00:02,1573,-79
786.551,00:03,1573,-78
786.605,00:04,1573,-84
787.01,00:02,1574,-79
787.05,00:03,1574,-78
787.106,00:04,1574,-84
787.511,00:02,1575,-79
787.55,00:03,1575,-78
787.604,00:04,1575,-84
788.009,00:02,1576,-79
788.052,00:03,1576,-78
788.106,00:04,1576,-84
788.51,00:02,1577,-79
788.551,00:03,1577,-78
788.604,00:04,1577,-84
789.011,00:02,1578,-79
789.05,00:03,1578,-78
789.105,00:04,1578,-84
789.511,00:02,1579,-79
789.551,00:03,1579,-78
789.605,00:04,1579,-84
790.01,00:02,1580,-79
790.051,00:03,1580,-78
790.105,00:04,1580,-84
790.511,00:02,1581,-79
790.551,00:03,1581,-78
790.605,00:04,1581,-84
791.01,00:02,1582,-79
791.052,00:03,1582,-77
791.106,00:04,1582,-83
791.512,00:02,1583,-80
791.551,00:03,1583,-77
791.606,00:04,1583,-83
792.01,00:02,1584,-80
792.051,00:03,1584,-77
792.107,00:04,1584,-83
792.512,00:02,1585,-80
792.552,00:03,1585,-77
792.604,00:04,1585,-83
793.009,00:02,1586,-80
793.051,00:03,1586,-77
793.107,00:04,1586,-83
793.509,00:02,1587,-80
793.551,00:03,1587,-77
793.606,00:04,1587,-83
794.01,00:02,1588,-80
794.051,00:03,1588,-77
794.106,00:04,1588,-83
794.51,00:02,1589,-80
794.552,00:03,1589,-77
794.606,00:04,1589,-83
795.012,00:02,1590,-80
795.053,00:03,1590,-77
795.107,00:04,1590,-83
795.51,00:02,1591,-80
795.55,00:03,1591,-77
795.603,00:04,1591,-83
796.011,00:02,1592,-80
796.052,00:03,1592,-76
796.106,00:04,1592,-83
796.508,00:02,1593,-80
796.55,00:03,1593,-76
796.605,00:04,1593,-83
797.011,00:02,1594,-81
797.052,00:03,1594,-76
797.105,00:04,1594,-83
797.51,00:02,1595,-81
797.55,00:03,1595,-76
797.606,00:04,1595,-83
798.012,00:02,1596,-81
798.051,00:03,1596,-76
798.104,00:04,1596,-83
798.508,00:02,1597,-81
798.551,00:03,1597,-76
798.605,00:04,1597,-83
799.012,00:02,1598,-81
799.052,00:03,1598,-76
799.104,00:04,1598,-83
799.511,00:02,1599,-81
799.551,00:03,1599,-76
799.606,00:04,1599,-82
800.01,00:02,1600,-81
800.051,00:03,1600,-76
800.106,00:04,1600,-82
800.51,00:02,1601,-81
800.552,00:03,1601,-76
800.604,00:04,1601,-82
801.011,00:02,1602,-81
801.051,00:03,1602,-76
801.104,00:04,1602,-82
801.512,00:02,1603,-81
801.549,00:03,1603,-75
801.607,00:04,1603,-82
802.011,00:02,1604,-82
802.051,00:03,1604,-75
802.105,00:04,1604,-82
802.511,00:02,1605,-82
802.551,00:03,1605,-75
802.604,00:04,1605,-82
803.012,00:02,1606,-82
803.05,00:03,1606,-75
803.106,00:04,1606,-82
803.511,00:02,1607,-82
803.551,00:03,1607,-75
803.604,00:04,1607,-82
804.01,00:02,1608,-82
804.052,00:03,1608,-75
804.106,00:04,1608,-82
804.512,00:02,1609,-82
804.551,00:03,1609,-75
804.605,00:04,1609,-82
805.01,00:02,1610,-82
805.052,00:03,1610,-75
805.106,00:04,1610,-82
805.51,00:02,1611,-82
805.551,00:03,1611,-75
805.606,00:04,1611,-82
806.011,00:02,1612,-82
806.052,00:03,1612,-75
806.105,00:04,1612,-82
806.511,00:02,1613,-82
806.552,00:03,1613,-74
806.605,00:04,1613,-82
807.012,00:02,1614,-83
807.051,00:03,1614,-74
807.105,00:04,1614,-82
807.512,00:02,1615,-83
807.551,00:03,1615,-74
807.604,00:04,1615,-82
808.009,00:02,1616,-83
808.052,00:03,1616,-74
808.103,00:04,1616,-82
808.512,00:02,1617,-83
808.549,00:03,1617,-74
808.607,00:04,1617,-82
809.011,00:02,1618,-83
809.05,00:03,1618,-74
809.105,00:04,1618,-82
809.511,00:02,1619,-83
809.553,00:03,1619,-74
809.605,00:04,1619,-82
810.012,00:02,1620,-83
810.051,00:03,1620,-74
810.105,00:04,1620,-82
810.51,00:02,1621,-83
810.55,00:03,1621,-74
810.605,00:04,1621,-82
811.011,00:02,1622,-83
811.05,00:03,1622,-74
811.103,00:04,1622,-82
811.51,00:02,1623,-83
811.55,00:03,1623,-73
811.604,00:04,1623,-82
812.011,00:02,1624,-84
812.052,00:03,1624,-73
812.104,00:04,1624,-82
812.511,00:02,1625,-84
812.551,00:03,1625,-73
812.604,00:04,1625,-82
813.011,00:02,1626,-84
813.049,00:03,1626,-73
813.105,00:04,1626,-82
813.511,00:02,1627,-84
813.55,00:03,1627,-73
813.603,00:04,1627,-82
814.011,00:02,1628,-84
814.05,00:03,1628,-73
814.106,00:04,1628,-82
814.509,00:02,1629,-84
814.551,00:03,1629,-73
814.605,00:04,1629,-82
815.011,00:02,1630,-84
815.05,00:03,1630,-73
815.104,00:04,1630,-82
815.51,00:02,1631,-84
815.551,00:03,1631,-73
815.604,00:04,1631,-82
816.012,00:02,1632,-84
816.053,00:03,1632,-73
816.103,00:04,1632,-82
816.51,00:02,1633,-84
816.552,00:03,1633,-72
816.604,00:04,1633,-82
817.009,00:02,1634,-85
817.052,00:03,1634,-72
817.106,00:04,1634,-82
817.509,00:02,1635,-85
817.551,00:03,1635,-72
817.604,00:04,1635,-82
818.01,00:02,1636,-85
818.051,00:03,1636,-72
818.105,00:04,1636,-82
818.509,00:02,1637,-85
818.55,00:03,1637,-72
818.605,00:04,1637,-82
819.012,00:02,1638,-85
819.052,00:03,1638,-72
819.106,00:04,1638,-82
819.509,00:02,1639,-85
819.55,00:03,1639,-72
819.606,00:04,1639,-82
820.01,00:02,1640,-85
820.051,00:03,1640,-72
820.104,00:04,1640,-82
820.511,00:02,1641,-85
820.55,00:03,1641,-72
820.604,00:04,1641,-82
821.011,00:02,1642,-85
821.052,00:03,1642,-72
821.103,00:04,1642,-82
821.51,00:02,1643,-85
821.551,00:03,1643,-71
821.605,00:04,1643,-82
822.01,00:02,1644,-86
822.052,00:03,1644,-71
822.106,00:04,1644,-82
822.51,00:02,1645,-86
822.55,00:03,1645,-71
822.604,00:04,1645,-82
823.011,00:02,1646,-86
823.05,00:03,1646,-71
823.104,00:04,1646,-82
823.51,00:02,1647,-86
823.552,00:03,1647,-71
823.606,00:04,1647,-82
824.011,00:02,1648,-86
824.051,00:03,1648,-71
824.103,00:04,1648,-82
824.509,00:02,1649,-86
824.551,00:03,1649,-71
824.605,00:04,1649,-82
825.01,00:02,1650,-86
825.051,00:03,1650,-71
825.105,00:04,1650,-82
825.51,00:02,1651,-86
825.552,00:03,1651,-71
825.605,00:04,1651,-82
826.01,00:02,1652,-86
826.051,00:03,1652,-71
826.104,00:04,1652,-82
826.509,00:02,1653,-86
826.55,00:03,1653,-70
826.603,00:04,1653,-82
827.011,00:02,1654,-86
827.051,00:03,1654,-70
827.104,00:04,1654,-83
827.511,00:02,1655,-87
827.549,00:03,1655,-70
827.605,00:04,1655,-83
828.012,00:02,1656,-87
828.051,00:03,1656,-70
828.107,00:04,1656,-83
828.511,00:02,1657,-87
828.549,00:03,1657,-70
828.604,00:04,1657,-83
829.01,00:02,1658,-87
829.051,00:03,1658,-70
829.104,00:04,1658,-83
829.511,00:02,1659,-87
829.551,00:03,1659,-70
829.606,00:04,1659,-83
830.011,00:02,1660,-87
830.05,00:03,1660,-70
830.107,00:04,1660,-83
830.512,00:02,1661,-87
830.55,00:03,1661,-70
830.603,00:04,1661,-83
831.011,00:02,1662,-87
831.05,00:03,1662,-70
831.104,00:04,1662,-83
831.509,00:02,1663,-87
831.551,00:03,1663,-70
831.605,00:04,1663,-83
832.01,00:02,1664,-87
832.05,00:03,1664,-69
832.105,00:04,1664,-83
832.51,00:02,1665,-88
832.551,00:03,1665,-69
832.605,00:04,1665,-83
833.011,00:02,1666,-88
833.05,00:03,1666,-69
833.106,00:04,1666,-83
833.511,00:02,1667,-88
833.549,00:03,1667,-69
833.605,00:04,1667,-83
834.009,00:02,1668,-88
834.052,00:03,1668,-69
834.104,00:04,1668,-83
834.511,00:02,1669,-88
834.549,00:03,1669,-69
834.604,00:04,1669,-83
835.01,00:02,1670,-88
835.052,00:03,1670,-69
835.105,00:04,1670,-84
835.512,00:02,1671,-88
835.55,00:03,1671,-69
835.606,00:04,1671,-84
836.011,00:02,1672,-88
836.05,00:03,1672,-69
836.104,00:04,1672,-84
836.509,00:02,1673,-88
836.55,00:03,1673,-69
836.606,00:04,1673,-84
837.012,00:02,1674,-88
837.051,00:03,1674,-69
837.105,00:04,1674,-84
837.512,00:02,1675,-88
837.55,00:03,1675,-69
837.606,00:04,1675,-84
838.012,00:02,1676,-89
838.05,00:03,1676,-68
838.104,00:04,1676,-84
838.511,00:02,1677,-89
838.551,00:03,1677,-68
838.605,00:04,1677,-84
839.011,00:02,1678,-89
839.05,00:03,1678,-68
839.103,00:04,1678,-84
839.511,00:02,1679,-89
839.55,00:03,1679,-68
839.605,00:04,1679,-84
840.01,00:02,1680,-89
840.05,00:03,1680,-68
840.106,00:04,1680,-84
840.509,00:02,1681,-89
840.551,00:03,1681,-68
840.605,00:04,1681,-84
841.011,00:02,1682,-93
841.05,00:03,1682,-72
841.106,00:04,1682,-88
841.51,00:02,1683,-93
841.55,00:03,1683,-72
841.605,00:04,1683,-89
842.012,00:02,1684,-93
842.05,00:03,1684,-72
842.104,00:04,1684,-89
842.511,00:02,1685,-93
842.551,00:03,1685,-72
842.604,00:04,1685,-89
843.009,00:02,1686,-93
843.05,00:03,1686,-72
843.106,00:04,1686,-89
843.509,00:02,1687,-94
843.552,00:03,1687,-72
843.604,00:04,1687,-89
844.012,00:02,1688,-94
844.05,00:03,1688,-72
844.105,00:04,1688,-89
844.509,00:02,1689,-94
844.55,00:03,1689,-72
844.603,00:04,1689,-89
845.012,00:02,1690,-90
845.05,00:03,1690,-67
845.105,00:04,1690,-85
845.511,00:02,1691,-90
845.549,00:03,1691,-67
845.603,00:04,1691,-85
846.013,00:02,1692,-90
846.051,00:03,1692,-67
846.106,00:04,1692,-85
846.509,00:02,1693,-90
846.551,00:03,1693,-67
846.604,00:04,1693,-85
847.01,00:02,1694,-90
847.05,00:03,1694,-67
847.106,00:04,1694,-85
847.51,00:02,1695,-90
847.552,00:03,1695,-67
847.606,00:04,1695,-86
848.009,00:02,1696,-90
848.051,00:03,1696,-67
848.104,00:04,1696,-86
848.51,00:02,1697,-90
848.551,00:03,1697,-67
848.605,00:04,1697,-86
849.011,00:02,1698,-90
849.051,00:03,1698,-67
849.103,00:04,1698,-86
849.511,00:02,1699,-91
849.55,00:03,1699,-67
849.606,00:04,1699,-86
850.011,00:02,1700,-91
850.049,00:03,1700,-67
850.104,00:04,1700,-86
850.511,00:02,1701,-91
850.551,00:03,1701,-67
850.605,00:04,1701,-86
851.009,00:02,1702,-91
851.051,00:03,1702,-67
851.105,00:04,1702,-86
851.511,00:02,1703,-91
851.55,00:03,1703,-67
851.604,00:04,1703,-86
852.009,00:02,1704,-91
852.051,00:03,1704,-67
852.106,00:04,1704,-86
852.51,00:02,1705,-91
852.549,00:03,1705,-67
852.605,00:04,1705,-86
853.01,00:02,1706,-91
853.051,00:03,1706,-67
853.103,00:04,1706,-87
853.511,00:02,1707,-91
853.551,00:03,1707,-67
853.605,00:04,1707,-87
854.011,00:02,1708,-91
854.05,00:03,1708,-67
854.105,00:04,1708,-87
854.513,00:02,1709,-91
854.551,00:03,1709,-67
854.606,00:04,1709,-87
855.011,00:02,1710,-91
855.051,00:03,1710,-67
855.105,00:04,1710,-87
855.512,00:02,1711,-92
855.551,00:03,1711,-67
855.605,00:04,1711,-87
856.01,00:02,1712,-92
856.051,00:03,1712,-67
856.104,00:04,1712,-87
856.512,00:02,1713,-92
856.553,00:03,1713,-67
856.603,00:04,1713,-87
857.009,00:02,1714,-92
857.05,00:03,1714,-67
857.105,00:04,1714,-87
857.51,00:02,1715,-92
857.551,00:03,1715,-67
857.604,00:04,1715,-87
858.012,00:02,1716,-92
858.051,00:03,1716,-67
858.104,00:04,1716,-87
858.51,00:02,1717,-92
858.551,00:03,1717,-67
858.604,00:04,1717,-87
859.01,00:02,1718,-92
859.049,00:03,1718,-67
859.104,00:04,1718,-87
859.51,00:02,1719,-92
859.551,00:03,1719,-67
859.603,00:04,1719,-87
860.01,00:02,1720,-92
860.05,00:03,1720,-68
860.105,00:04,1720,-87
860.513,00:02,1721,-92
860.55,00:03,1721,-68
860.603,00:04,1721,-87
861.011,00:02,1722,-92
861.051,00:03,1722,-68
861.104,00:04,1722,-87
861.511,00:02,1723,-92
861.549,00:03,1723,-68
861.605,00:04,1723,-87
862.011,00:02,1724,-92
862.05,00:03,1724,-68
862.104,00:04,1724,-87
862.51,00:02,1725,-92
862.549,00:03,1725,-68
862.604,00:04,1725,-87
863.01,00:02,1726,-92
863.05,00:03,1726,-69
863.104,00:04,1726,-86
863.51,00:02,1727,-92
863.551,00:03,1727,-69
863.605,00:04,1727,-86
864.01,00:02,1728,-92
864.05,00:03,1728,-69
864.105,00:04,1728,-86
864.512,00:02,1729,-92
864.551,00:03,1729,-69
864.604,00:04,1729,-86
865.012,00:02,1730,-92
865.05,00:03,1730,-69
865.105,00:04,1730,-86
865.512,00:02,1731,-92
865.551,00:03,1731,-69
865.606,00:04,1731,-86
866.01,00:02,1732,-92
866.05,00:03,1732,-69
866.105,00:04,1732,-86
866.512,00:02,1733,-92
866.55,00:03,1733,-69
866.604,00:04,1733,-86
867.012,00:02,1734,-92
867.052,00:03,1734,-69
867.105,00:04,1734,-86
867.51,00:02,1735,-92
867.55,00:03,1735,-69
867.604,00:04,1735,-86
868.012,00:02,1736,-92
868.05,00:03,1736,-69
868.105,00:04,1736,-86
868.511,00:02,1737,-92
868.552,00:03,1737,-69
868.605,00:04,1737,-86
869.012,00:02,1738,-92
869.052,00:03,1738,-69
869.103,00:04,1738,-85
869.51,00:02,1739,-91
869.551,00:03,1739,-69
869.604,00:04,1739,-85
870.011,00:02,1740,-91
870.049,00:03,1740,-69
870.106,00:04,1740,-85
870.509,00:02,1741,-91
870.552,00:03,1741,-69
870.605,00:04,1741,-85
871.011,00:02,1742,-91
871.05,00:03,1742,-69
871.105,00:04,1742,-85
871.512,00:02,1743,-91
871.552,00:03,1743,-69
871.604,00:04,1743,-85
872.012,00:02,1744,-91
872.051,00:03,1744,-69
872.103,00:04,1744,-85
872.511,00:02,1745,-91
872.549,00:03,1745,-69
872.603,00:04,1745,-85
873.009,00:02,1746,-91
873.05,00:03,1746,-69
873.103,00:04,1746,-85
873.51,00:02,1747,-91
873.55,00:03,1747,-69
873.605,00:04,1747,-84
874.01,00:02,1748,-91
874.051,00:03,1748,-69
874.105,00:04,1748,-84
874.511,00:02,1749,-91
874.55,00:03,1749,-69
874.605,00:04,1749,-84
875.011,00:02,1750,-91
875.051,00:03,1750,-69
875.106,00:04,1750,-84
875.51,00:02,1751,-90
875.552,00:03,1751,-69
875.605,00:04,1751,-84
876.011,00:02,1752,-90
876.052,00:03,1752,-69
876.103,00:04,1752,-84
876.51,00:02,1753,-90
876.549,00:03,1753,-69
876.604,00:04,1753,-84
877.01,00:02,1754,-94
877.05,00:03,1754,-73
877.105,00:04,1754,-88
877.512,00:02,1755,-94
877.55,00:03,1755,-73
877.603,00:04,1755,-88
878.011,00:02,1756,-94
878.051,00:03,1756,-73
878.106,00:04,1756,-88
878.511,00:02,1757,-94
878.552,00:03,1757,-73
878.605,00:04,1757,-87
879.01,00:02,1758,-94
879.05,00:03,1758,-73
879.104,00:04,1758,-87
879.511,00:02,1759,-94
879.551,00:03,1759,-74
879.605,00:04,1759,-87
880.009,00:02,1760,-94
880.049,00:03,1760,-74
880.103,00:04,1760,-87
880.512,00:02,1761,-94
880.55,00:03,1761,-74
880.604,00:04,1761,-87
881.01,00:02,1762,-90
881.05,00:03,1762,-70
881.103,00:04,1762,-83
881.511,00:02,1763,-90
881.552,00:03,1763,-70
881.606,00:04,1763,-83
882.01,00:02,1764,-89
882.052,00:03,1764,-70
882.104,00:04,1764,-83
882.509,00:02,1765,-89
882.551,00:03,1765,-70
882.604,00:04,1765,-83
883.012,00:02,1766,-89
883.049,00:03,1766,-70
883.105,00:04,1766,-83
883.51,00:02,1767,-89
883.551,00:03,1767,-70
883.604,00:04,1767,-83
884.01,00:02,1768,-89
884.051,00:03,1768,-70
884.105,00:04,1768,-82
884.512,00:02,1769,-89
884.549,00:03,1769,-70
884.605,00:04,1769,-82
885.012,00:02,1770,-89
885.05,00:03,1770,-70
885.104,00:04,1770,-82
885.512,00:02,1771,-89
885.549,00:03,1771,-70
885.606,00:04,1771,-82
886.011,00:02,1772,-89
886.05,00:03,1772,-70
886.104,00:04,1772,-82
886.51,00:02,1773,-89
886.549,00:03,1773,-70
886.605,00:04,1773,-82
887.01,00:02,1774,-89
887.049,00:03,1774,-70
887.105,00:04,1774,-82
887.511,00:02,1775,-88
887.549,00:03,1775,-71
887.605,00:04,1775,-82
888.01,00:02,1776,-88
888.052,00:03,1776,-71
888.104,00:04,1776,-82
888.511,00:02,1777,-88
888.55,00:03,1777,-71
888.604,00:04,1777,-82
889.012,00:02,1778,-88
889.05,00:03,1778,-71
889.103,00:04,1778,-82
889.51,00:02,1779,-88
889.551,00:03,1779,-71
889.605,00:04,1779,-82
890.011,00:02,1780,-88
890.051,00:03,1780,-71
890.103,00:04,1780,-81
890.511,00:02,1781,-88
890.549,00:03,1781,-71
890.604,00:04,1781,-81
891.011,00:02,1782,-88
891.051,00:03,1782,-71
891.105,00:04,1782,-81
891.511,00:02,1783,-88
891.552,00:03,1783,-71
891.604,00:04,1783,-81
892.011,00:02,1784,-88
892.051,00:03,1784,-71
892.105,00:04,1784,-81
892.511,00:02,1785,-88
892.549,00:03,1785,-71
892.603,00:04,1785,-81
893.01,00:02,1786,-88
893.051,00:03,1786,-71
893.105,00:04,1786,-81
893.51,00:02,1787,-87
893.55,00:03,1787,-71
893.604,00:04,1787,-81
894.011,00:02,1788,-87
894.051,00:03,1788,-72
894.104,00:04,1788,-81
894.511,00:02,1789,-87
894.549,00:03,1789,-72
894.605,00:04,1789,-81
895.011,00:02,1790,-87
895.051,00:03,1790,-72
895.105,00:04,1790,-81
895.512,00:02,1791,-87
895.55,00:03,1791,-72
895.605,00:04,1791,-81
896.011,00:02,1792,-87
896.049,00:03,1792,-72
896.105,00:04,1792,-81
896.512,00:02,1793,-87
896.552,00:03,1793,-72
896.605,00:04,1793,-81
897.01,00:02,1794,-87
897.051,00:03,1794,-72
897.104,00:04,1794,-80
897.511,00:02,1795,-87
897.552,00:03,1795,-72
897.605,00:04,1795,-80
898.011,00:02,1796,-87
898.05,00:03,1796,-72
898.104,00:04,1796,-80
898.512,00:02,1797,-87
898.55,00:03,1797,-72
898.606,00:04,1797,-80
899.012,00:02,1798,-86
899.052,00:03,1798,-72
899.106,00:04,1798,-80
899.509,00:02,1799,-86
899.55,00:03,1799,-72
899.604,00:04,1799,-80
900.012,00:02,1800,-86
900.051,00:03,1800,-73
900.104,00:04,1800,-80
900.51,00:02,1801,-86
900.55,00:03,1801,-73
900.604,00:04,1801,-80
901.009,00:02,1802,-86
901.051,00:03,1802,-73
901.105,00:04,1802,-80
901.511,00:02,1803,-86
901.551,00:03,1803,-73
901.605,00:04,1803,-80
902.011,00:02,1804,-86
902.05,00:03,1804,-73
902.103,00:04,1804,-80
902.509,00:02,1805,-86
902.551,00:03,1805,-73
902.606,00:04,1805,-80
903.011,00:02,1806,-86
903.049,00:03,1806,-73
903.106,00:04,1806,-80
903.512,00:02,1807,-86
903.55,00:03,1807,-73
903.604,00:04,1807,-80
904.011,00:02,1808,-86
904.05,00:03,1808,-73
904.105,00:04,1808,-80
904.511,00:02,1809,-85
904.551,00:03,1809,-73
904.602,00:04,1809,-80
905.01,00:02,1810,-85
905.052,00:03,1810,-73
905.106,00:04,1810,-80
905.512,00:02,1811,-85
905.551,00:03,1811,-73
905.604,00:04,1811,-80
906.011,00:02,1812,-85
906.051,00:03,1812,-74
906.104,00:04,1812,-80
906.51,00:02,1813,-85
906.549,00:03,1813,-74
906.605,00:04,1813,-80
907.011,00:02,1814,-85
907.048,00:03,1814,-74
907.106,00:04,1814,-80
907.51,00:02,1815,-85
907.549,00:03,1815,-74
907.605,00:04,1815,-80
908.009,00:02,1816,-85
908.049,00:03,1816,-74
908.105,00:04,1816,-80
908.51,00:02,1817,-85
908.549,00:03,1817,-74
908.603,00:04,1817,-80
909.012,00:02,1818,-85
909.051,00:03,1818,-74
909.104,00:04,1818,-80
909.51,00:02,1819,-85
909.55,00:03,1819,-74
909.605,00:04,1819,-80
910.011,00:02,1820,-84
910.05,00:03,1820,-74
910.105,00:04,1820,-80
910.51,00:02,1821,-84
910.549,00:03,1821,-74
910.605,00:04,1821,-80
911.012,00:02,1822,-84
911.05,00:03,1822,-74
911.104,00:04,1822,-80
911.512,00:02,1823,-84
911.551,00:03,1823,-75
911.603,00:04,1823,-80
912.012,00:02,1824,-84
912.052,00:03,1824,-75
912.105,00:04,1824,-80
912.511,00:02,1825,-84
912.549,00:03,1825,-75
912.606,00:04,1825,-80
913.009,00:02,1826,-84
913.051,00:03,1826,-75
913.103,00:04,1826,-80
913.511,00:02,1827,-84
913.551,00:03,1827,-75
913.605,00:04,1827,-80
914.01,00:02,1828,-84
914.051,00:03,1828,-75
914.106,00:04,1828,-80
914.512,00:02,1829,-84
914.549,00:03,1829,-75
914.603,00:04,1829,-80
915.011,00:02,1830,-84
915.05,00:03,1830,-75
915.105,00:04,1830,-80
915.511,00:02,1831,-84
915.549,00:03,1831,-75
915.606,00:04,1831,-80
916.012,00:02,1832,-83
916.05,00:03,1832,-75
916.105,00:04,1832,-80
916.512,00:02,1833,-83
916.552,00:03,1833,-75
916.605,00:04,1833,-80
917.012,00:02,1834,-83
917.05,00:03,1834,-76
917.103,00:04,1834,-80
917.511,00:02,1835,-83
917.551,00:03,1835,-76
917.604,00:04,1835,-80
918.012,00:02,1836,-83
918.049,00:03,1836,-76
918.103,00:04,1836,-80
918.51,00:02,1837,-83
918.551,00:03,1837,-76
918.605,00:04,1837,-80
919.01,00:02,1838,-83
919.051,00:03,1838,-76
919.104,00:04,1838,-80
919.512,00:02,1839,-83
919.548,00:03,1839,-76
919.606,00:04,1839,-80
920.009,00:02,1840,-83
920.052,00:03,1840,-76
920.105,00:04,1840,-80
920.511,00:02,1841,-83
920.552,00:03,1841,-76
920.604,00:04,1841,-80
921.009,00:02,1842,-83
921.05,00:03,1842,-76
921.105,00:04,1842,-81
921.51,00:02,1843,-82
921.552,00:03,1843,-76
921.603,00:04,1843,-81
922.01,00:02,1844,-82
922.05,00:03,1844,-76
922.103,00:04,1844,-81
922.511,00:02,1845,-82
922.551,00:03,1845,-77
922.606,00:04,1845,-81
923.012,00:02,1846,-82
923.049,00:03,1846,-77
923.103,00:04,1846,-81
923.51,00:02,1847,-82
923.548,00:03,1847,-77
923.603,00:04,1847,-81
924.01,00:02,1848,-82
924.05,00:03,1848,-77
924.106,00:04,1848,-81
924.511,00:02,1849,-82
924.55,00:03,1849,-77
924.605,00:04,1849,-81
925.01,00:02,1850,-82
925.049,00:03,1850,-77
925.105,00:04,1850,-81
925.511,00:02,1851,-82
925.551,00:03,1851,-77
925.605,00:04,1851,-81
926.011,00:02,1852,-82
926.051,00:03,1852,-77
926.104,00:04,1852,-81
926.512,00:02,1853,-82
926.55,00:03,1853,-77
926.603,00:04,1853,-81
927.012,00:02,1854,-82
927.052,00:03,1854,-77
927.104,00:04,1854,-81
927.511,00:02,1855,-82
927.55,00:03,1855,-77
927.604,00:04,1855,-81
928.01,00:02,1856,-81
928.05,00:03,1856,-78
928.105,00:04,1856,-81
928.512,00:02,1857,-81
928.55,00:03,1857,-78
928.604,00:04,1857,-82
929.011,00:02,1858,-81
929.05,00:03,1858,-78
929.106,00:04,1858,-82
929.512,00:02,1859,-81
929.55,00:03,1859,-78
929.604,00:04,1859,-82
930.012,00:02,1860,-81
930.049,00:03,1860,-78
930.106,00:04,1860,-82
930.513,00:02,1861,-81
930.551,00:03,1861,-78
930.604,00:04,1861,-82
931.009,00:02,1862,-81
931.048,00:03,1862,-78
931.105,00:04,1862,-82
931.512,00:02,1863,-81
931.55,00:03,1863,-78
931.605,00:04,1863,-82
932.012,00:02,1864,-81
932.051,00:03,1864,-78
932.105,00:04,1864,-82
932.511,00:02,1865,-81
932.549,00:03,1865,-78
932.605,00:04,1865,-82
933.01,00:02,1866,-81
933.05,00:03,1866,-78
933.106,00:04,1866,-82
933.512,00:02,1867,-81
933.551,00:03,1867,-78
933.604,00:04,1867,-82
934.011,00:02,1868,-81
934.051,00:03,1868,-79
934.104,00:04,1868,-82
934.511,00:02,1869,-81
934.549,00:03,1869,-79
934.604,00:04,1869,-83
935.012,00:02,1870,-80
935.05,00:03,1870,-79
935.104,00:04,1870,-83
935.509,00:02,1871,-80
935.549,00:03,1871,-79
935.606,00:04,1871,-83
936.013,00:02,1872,-80
936.05,00:03,1872,-79
936.104,00:04,1872,-83
936.511,00:02,1873,-80
936.548,00:03,1873,-79
936.603,00:04,1873,-83
937.012,00:02,1874,-84
937.051,00:03,1874,-83
937.105,00:04,1874,-87
937.51,00:02,1875,-84
937.55,00:03,1875,-83
937.606,00:04,1875,-87
938.011,00:02,1876,-84
938.051,00:03,1876,-83
938.105,00:04,1876,-87
938.51,00:02,1877,-84
938.549,00:03,1877,-83
938.603,00:04,1877,-87
939.011,00:02,1878,-84
939.05,00:03,1878,-83
939.105,00:04,1878,-87
939.51,00:02,1879,-84
939.551,00:03,1879,-83
939.603,00:04,1879,-88
940.01,00:02,1880,-84
940.05,00:03,1880,-84
940.105,00:04,1880,-88
940.511,00:02,1881,-84
940.55,00:03,1881,-84
940.605,00:04,1881,-88
941.011,00:02,1882,-80
941.051,00:03,1882,-80
941.105,00:04,1882,-84
941.512,00:02,1883,-80
941.549,00:03,1883,-80
941.606,00:04,1883,-84
942.011,00:02,1884,-80
942.049,00:03,1884,-80
942.105,00:04,1884,-84
942.511,00:02,1885,-80
942.549,00:03,1885,-80
942.604,00:04,1885,-84
943.012,00:02,1886,-80
943.051,00:03,1886,-80
943.104,00:04,1886,-84
943.512,00:02,1887,-80
943.548,00:03,1887,-80
943.603,00:04,1887,-84
944.011,00:02,1888,-80
944.048,00:03,1888,-80
944.106,00:04,1888,-84
944.512,00:02,1889,-80
944.55,00:03,1889,-80
944.604,00:04,1889,-85
945.012,00:02,1890,-80
945.05,00:03,1890,-80
945.104,00:04,1890,-85
945.51,00:02,1891,-79
945.551,00:03,1891,-80
945.605,00:04,1891,-85
946.01,00:02,1892,-79
946.049,00:03,1892,-81
946.106,00:04,1892,-85
946.509,00:02,1893,-79
946.549,00:03,1893,-81
946.606,00:04,1893,-85
947.009,00:02,1894,-79
947.05,00:03,1894,-81
947.105,00:04,1894,-85
947.511,00:02,1895,-79
947.549,00:03,1895,-81
947.604,00:04,1895,-85
948.01,00:02,1896,-79
948.048,00:03,1896,-81
948.104,00:04,1896,-85
948.51,00:02,1897,-79
948.55,00:03,1897,-81
948.603,00:04,1897,-85
949.01,00:02,1898,-79
949.051,00:03,1898,-81
949.103,00:04,1898,-85
949.51,00:02,1899,-79
949.55,00:03,1899,-81
949.603,00:04,1899,-86
950.012,00:02,1900,-79
950.051,00:03,1900,-81
950.104,00:04,1900,-86
950.511,00:02,1901,-79
950.55,00:03,1901,-81
950.606,00:04,1901,-86
951.012,00:02,1902,-79
951.051,00:03,1902,-81
951.105,00:04,1902,-86
951.509,00:02,1903,-79
951.551,00:03,1903,-81
951.604,00:04,1903,-86
952.011,00:02,1904,-79
952.051,00:03,1904,-81
952.104,00:04,1904,-86
952.51,00:02,1905,-79
952.549,00:03,1905,-82
952.604,00:04,1905,-86
953.012,00:02,1906,-79
953.048,00:03,1906,-82
953.104,00:04,1906,-86
953.511,00:02,1907,-79
953.551,00:03,1907,-82
953.605,00:04,1907,-86
954.01,00:02,1908,-79
954.051,00:03,1908,-82
954.106,00:04,1908,-86
954.511,00:02,1909,-79
954.548,00:03,1909,-82
954.604,00:04,1909,-86
955.01,00:02,1910,-80
955.051,00:03,1910,-82
955.104,00:04,1910,-86
955.512,00:02,1911,-80
955.55,00:03,1911,-82
955.605,00:04,1911,-86
956.011,00:02,1912,-80
956.05,00:03,1912,-82
956.103,00:04,1912,-86
956.509,00:02,1913,-80
956.548,00:03,1913,-82
956.604,00:04,1913,-86
957.011,00:02,1914,-80
957.05,00:03,1914,-82
957.104,00:04,1914,-86
957.51,00:02,1915,-80
957.549,00:03,1915,-82
957.604,00:04,1915,-86
958.01,00:02,1916,-81
958.049,00:03,1916,-82
958.105,00:04,1916,-86
958.51,00:02,1917,-81
958.55,00:03,1917,-82
958.605,00:04,1917,-86
959.012,00:02,1918,-81
959.051,00:03,1918,-82
959.105,00:04,1918,-86
959.511,00:02,1919,-81
959.549,00:03,1919,-82
959.604,00:04,1919,-86
960.01,00:02,1920,-81
960.049,00:03,1920,-82
960.104,00:04,1920,-85
960.511,00:02,1921,-81
960.551,00:03,1921,-82
960.604,00:04,1921,-85
961.013,00:02,1922,-81
961.051,00:03,1922,-82
961.105,00:04,1922,-85
961.51,00:02,1923,-81
961.55,00:03,1923,-82
961.605,00:04,1923,-85
962.012,00:02,1924,-81
962.051,00:03,1924,-82
962.105,00:04,1924,-85
962.509,00:02,1925,-81
962.549,00:03,1925,-82
962.603,00:04,1925,-85
963.01,00:02,1926,-81
963.049,00:03,1926,-82
963.104,00:04,1926,-85
963.511,00:02,1927,-81
963.549,00:03,1927,-82
963.603,00:04,1927,-85
964.012,00:02,1928,-81
964.051,00:03,1928,-82
964.103,00:04,1928,-85
964.512,00:02,1929,-81
964.549,00:03,1929,-81
964.604,00:04,1929,-84
965.01,00:02,1930,-81
965.048,00:03,1930,-81
965.105,00:04,1930,-84
965.511,00:02,1931,-81
965.551,00:03,1931,-81
965.604,00:04,1931,-84
966.011,00:02,1932,-81
966.049,00:03,1932,-81
966.103,00:04,1932,-84
966.51,00:02,1933,-81
966.549,00:03,1933,-81
966.604,00:04,1933,-84
967.013,00:02,1934,-81
967.051,00:03,1934,-81
967.105,00:04,1934,-84
967.51,00:02,1935,-81
967.552,00:03,1935,-81
967.605,00:04,1935,-84
968.011,00:02,1936,-81
968.049,00:03,1936,-81
968.104,00:04,1936,-84
968.512,00:02,1937,-81
968.549,00:03,1937,-81
968.605,00:04,1937,-83
969.009,00:02,1938,-81
969.048,00:03,1938,-81
969.104,00:04,1938,-83
969.511,00:02,1939,-81
969.55,00:03,1939,-81
969.604,00:04,1939,-83
970.012,00:02,1940,-81
970.048,00:03,1940,-81
970.104,00:04,1940,-83
970.512,00:02,1941,-81
970.551,00:03,1941,-81
970.604,00:04,1941,-83
971.012,00:02,1942,-81
971.049,00:03,1942,-81
971.104,00:04,1942,-83
971.51,00:02,1943,-81
971.55,00:03,1943,-80
971.605,00:04,1943,-83
972.012,00:02,1944,-81
972.049,00:03,1944,-80
972.105,00:04,1944,-83
972.511,00:02,1945,-81
972.55,00:03,1945,-80
972.605,00:04,1945,-83
973.012,00:02,1946,-85
973.049,00:03,1946,-84
973.104,00:04,1946,-86
973.511,00:02,1947,-85
973.551,00:03,1947,-84
973.602,00:04,1947,-86
974.012,00:02,1948,-86
974.051,00:03,1948,-84
974.104,00:04,1948,-86
974.513,00:02,1949,-86
974.549,00:03,1949,-84
974.604,00:04,1949,-86
975.01,00:02,1950,-86
975.051,00:03,1950,-84
975.104,00:04,1950,-86
975.511,00:02,1951,-86
975.55,00:03,1951,-84
975.605,00:04,1951,-86
976.012,00:02,1952,-86
976.051,00:03,1952,-84
976.104,00:04,1952,-86
976.511,00:02,1953,-86
976.549,00:03,1953,-84
976.604,00:04,1953,-86
977.012,00:02,1954,-82
977.048,00:03,1954,-80
977.104,00:04,1954,-82
977.513,00:02,1955,-82
977.55,00:03,1955,-80
977.604,00:04,1955,-81
978.01,00:02,1956,-82
978.048,00:03,1956,-79
978.105,00:04,1956,-81
978.51,00:02,1957,-82
978.55,00:03,1957,-79
978.605,00:04,1957,-81
979.011,00:02,1958,-82
979.05,00:03,1958,-79
979.102,00:04,1958,-81
979.511,00:02,1959,-82
979.549,00:03,1959,-79
979.603,00:04,1959,-81
980.012,00:02,1960,-82
980.048,00:03,1960,-79
980.104,00:04,1960,-81
980.512,00:02,1961,-82
980.55,00:03,1961,-79
980.605,00:04,1961,-81
981.011,00:02,1962,-82
981.049,00:03,1962,-79
981.104,00:04,1962,-81
981.512,00:02,1963,-82
981.551,00:03,1963,-79
981.606,00:04,1963,-81
982.012,00:02,1964,-82
982.049,00:03,1964,-79
982.106,00:04,1964,-80
982.512,00:02,1965,-82
982.549,00:03,1965,-79
982.606,00:04,1965,-80
983.012,00:02,1966,-82
983.052,00:03,1966,-79
983.104,00:04,1966,-80
983.51,00:02,1967,-82
983.548,00:03,1967,-79
983.604,00:04,1967,-80
984.011,00:02,1968,-83
984.051,00:03,1968,-78
984.103,00:04,1968,-80
984.513,00:02,1969,-83
984.551,00:03,1969,-78
984.604,00:04,1969,-80
985.011,00:02,1970,-83
985.05,00:03,1970,-78
985.102,00:04,1970,-80
985.51,00:02,1971,-83
985.549,00:03,1971,-78
985.606,00:04,1971,-80
986.01,00:02,1972,-83
986.05,00:03,1972,-78
986.104,00:04,1972,-80
986.511,00:02,1973,-83
986.55,00:03,1973,-78
986.605,00:04,1973,-80
987.011,00:02,1974,-83
987.048,00:03,1974,-78
987.103,00:04,1974,-79
987.51,00:02,1975,-83
987.549,00:03,1975,-78
987.603,00:04,1975,-79
988.012,00:02,1976,-83
988.048,00:03,1976,-78
988.104,00:04,1976,-79
988.512,00:02,1977,-83
988.549,00:03,1977,-78
988.605,00:04,1977,-79
989.011,00:02,1978,-83
989.049,00:03,1978,-78
989.103,00:04,1978,-79
989.511,00:02,1979,-83
989.548,00:03,1979,-78
989.605,00:04,1979,-79
990.013,00:02,1980,-83
990.05,00:03,1980,-78
990.104,00:04,1980,-79
990.512,00:02,1981,-83
990.551,00:03,1981,-77
990.605,00:04,1981,-79
991.011,00:02,1982,-83
991.051,00:03,1982,-77
991.105,00:04,1982,-79
991.512,00:02,1983,-84
991.549,00:03,1983,-77
991.605,00:04,1983,-79
992.011,00:02,1984,-84
992.049,00:03,1984,-77
992.104,00:04,1984,-79
992.511,00:02,1985,-84
992.551,00:03,1985,-77
992.606,00:04,1985,-79
993.012,00:02,1986,-84
993.05,00:03,1986,-77
993.104,00:04,1986,-78
993.511,00:02,1987,-84
993.55,00:03,1987,-77
993.605,00:04,1987,-78
994.013,00:02,1988,-84
994.049,00:03,1988,-77
994.103,00:04,1988,-78
994.511,00:02,1989,-84
994.55,00:03,1989,-77
994.605,00:04,1989,-78
995.011,00:02,1990,-84
995.051,00:03,1990,-77
995.104,00:04,1990,-78
995.509,00:02,1991,-84
995.55,00:03,1991,-77
995.605,00:04,1991,-78
996.012,00:02,1992,-84
996.05,00:03,1992,-77
996.105,00:04,1992,-78
996.511,00:02,1993,-84
996.549,00:03,1993,-76
996.604,00:04,1993,-78
997.011,00:02,1994,-84
997.048,00:03,1994,-76
997.105,00:04,1994,-78
997.511,00:02,1995,-84
997.551,00:03,1995,-76
997.604,00:04,1995,-78
998.011,00:02,1996,-85
998.05,00:03,1996,-76
998.103,00:04,1996,-78
998.512,00:02,1997,-85
998.55,00:03,1997,-76
998.604,00:04,1997,-78
999.01,00:02,1998,-85
999.05,00:03,1998,-76
999.104,00:04,1998,-78
999.511,00:02,1999,-85
999.549,00:03,1999,-76
999.602,00:04,1999,-78
1000.01,00:02,2000,-85
1000.05,00:03,2000,-76
1000.1,00:04,2000,-78
1000.51,00:02,2001,-85
1000.55,00:03,2001,-76
1000.61,00:04,2001,-78
1001.01,00:02,2002,-85
1001.05,00:03,2002,-76
1001.11,00:04,2002,-78
1001.51,00:02,2003,-85
1001.55,00:03,2003,-76
1001.6,00:04,2003,-78
1002.01,00:02,2004,-85
1002.05,00:03,2004,-76
1002.1,00:04,2004,-78
1002.51,00:02,2005,-85
1002.55,00:03,2005,-75
1002.6,00:04,2005,-78
1003.01,00:02,2006,-85
1003.05,00:03,2006,-75
1003.11,00:04,2006,-78
1003.51,00:02,2007,-85
1003.55,00:03,2007,-75
1003.6,00:04,2007,-78
1004.01,00:02,2008,-85
1004.05,00:03,2008,-75
1004.1,00:04,2008,-78
1004.51,00:02,2009,-86
1004.55,00:03,2009,-75
1004.6,00:04,2009,-78
1005.01,00:02,2010,-86
1005.05,00:03,2010,-75
1005.1,00:04,2010,-78
1005.51,00:02,2011,-86
1005.55,00:03,2011,-75
1005.6,00:04,2011,-78
1006.01,00:02,2012,-86
1006.05,00:03,2012,-75
1006.1,00:04,2012,-78
1006.51,00:02,2013,-86
1006.55,00:03,2013,-75
1006.6,00:04,2013,-78
1007.01,00:02,2014,-86
1007.05,00:03,2014,-75
1007.1,00:04,2014,-78
1007.51,00:02,2015,-86
1007.55,00:03,2015,-75
1007.6,00:04,2015,-78
1008.01,00:02,2016,-86
1008.05,00:03,2016,-75
1008.1,00:04,2016,-78
1008.51,00:02,2017,-86
1008.55,00:03,2017,-75
1008.6,00:04,2017,-78
1009.01,00:02,2018,-86
1009.05,00:03,2018,-74
1009.1,00:04,2018,-78
1009.51,00:02,2019,-86
1009.55,00:03,2019,-74
1009.6,00:04,2019,-78
1010.01,00:02,2020,-86
1010.05,00:03,2020,-74
1010.11,00:04,2020,-78
1010.51,00:02,2021,-87
1010.55,00:03,2021,-74
1010.6,00:04,2021,-78
1011.01,00:02,2022,-87
1011.05,00:03,2022,-74
1011.1,00:04,2022,-78
1011.51,00:02,2023,-87
1011.55,00:03,2023,-74
1011.6,00:04,2023,-78
1012.01,00:02,2024,-87
1012.05,00:03,2024,-74
1012.1,00:04,2024,-78
1012.51,00:02,2025,-87
1012.55,00:03,2025,-74
1012.6,00:04,2025,-78
1013.01,00:02,2026,-87
1013.05,00:03,2026,-74
1013.1,00:04,2026,-78
1013.51,00:02,2027,-87
1013.55,00:03,2027,-74
1013.6,00:04,2027,-78
1014.01,00:02,2028,-87
1014.05,00:03,2028,-74
1014.1,00:04,2028,-78
1014.51,00:02,2029,-87
1014.55,00:03,2029,-74
1014.6,00:04,2029,-78
1015.01,00:02,2030,-87
1015.05,00:03,2030,-73
1015.1,00:04,2030,-78
1015.51,00:02,2031,-87
1015.55,00:03,2031,-73
1015.6,00:04,2031,-78
1016.01,00:02,2032,-87
1016.05,00:03,2032,-73
1016.11,00:04,2032,-78
1016.51,00:02,2033,-88
1016.55,00:03,2033,-73
1016.6,00:04,2033,-78
1017.01,00:02,2034,-88
1017.05,00:03,2034,-73
1017.1,00:04,2034,-79
1017.51,00:02,2035,-88
1017.55,00:03,2035,-73
1017.61,00:04,2035,-79
1018.01,00:02,2036,-88
1018.05,00:03,2036,-73
1018.1,00:04,2036,-79
1018.51,00:02,2037,-88
1018.55,00:03,2037,-73
1018.6,00:04,2037,-79
1019.01,00:02,2038,-88
1019.05,00:03,2038,-73
1019.1,00:04,2038,-79
1019.51,00:02,2039,-88
1019.55,00:03,2039,-73
1019.61,00:04,2039,-79
1020.01,00:02,2040,-88
1020.05,00:03,2040,-73
1020.11,00:04,2040,-79
1020.51,00:02,2041,-88
1020.55,00:03,2041,-73
1020.6,00:04,2041,-79
1021.01,00:02,2042,-88
1021.05,00:03,2042,-73
1021.1,00:04,2042,-79
1021.51,00:02,2043,-88
1021.55,00:03,2043,-73
1021.6,00:04,2043,-79
1022.01,00:02,2044,-88
1022.05,00:03,2044,-72
1022.1,00:04,2044,-79
1022.51,00:02,2045,-88
1022.55,00:03,2045,-72
1022.6,00:04,2045,-79
1023.01,00:02,2046,-89
1023.05,00:03,2046,-72
1023.1,00:04,2046,-79
1023.51,00:02,2047,-89
1023.55,00:03,2047,-72
1023.6,00:04,2047,-80
1024.01,00:02,2048,-89
1024.05,00:03,2048,-72
1024.11,00:04,2048,-80
1024.51,00:02,2049,-89
1024.55,00:03,2049,-72
1024.61,00:04,2049,-80
1025.01,00:02,2050,-89
1025.05,00:03,2050,-72
1025.1,00:04,2050,-80
1025.51,00:02,2051,-89
1025.55,00:03,2051,-72
1025.6,00:04,2051,-80
1026.01,00:02,2052,-89
1026.05,00:03,2052,-72
1026.1,00:04,2052,-80
1026.51,00:02,2053,-89
1026.55,00:03,2053,-72
1026.6,00:04,2053,-80
1027.01,00:02,2054,-89
1027.05,00:03,2054,-72
1027.11,00:04,2054,-80
1027.51,00:02,2055,-89
1027.55,00:03,2055,-72
1027.6,00:04,2055,-80
1028.01,00:02,2056,-89
1028.05,00:03,2056,-72
1028.1,00:04,2056,-80
1028.51,00:02,2057,-89
1028.55,00:03,2057,-72
1028.6,00:04,2057,-81
1029.01,00:02,2058,-90
1029.05,00:03,2058,-72
1029.1,00:04,2058,-81
1029.51,00:02,2059,-90
1029.55,00:03,2059,-72
1029.6,00:04,2059,-81
1030.01,00:02,2060,-90
1030.05,00:03,2060,-72
1030.1,00:04,2060,-81
1030.51,00:02,2061,-90
1030.55,00:03,2061,-71
1030.6,00:04,2061,-81
1031.01,00:02,2062,-90
1031.05,00:03,2062,-71
1031.1,00:04,2062,-81
1031.51,00:02,2063,-90
1031.55,00:03,2063,-71
1031.6,00:04,2063,-81
1032.01,00:02,2064,-90
1032.05,00:03,2064,-71
1032.1,00:04,2064,-81
1032.51,00:02,2065,-90
1032.55,00:03,2065,-71
1032.6,00:04,2065,-81
1033.01,00:02,2066,-94
1033.05,00:03,2066,-75
1033.1,00:04,2066,-86
1033.51,00:02,2067,-94
1033.55,00:03,2067,-75
1033.6,00:04,2067,-86
1034.01,00:02,2068,-94
1034.05,00:03,2068,-75
1034.1,00:04,2068,-86
1034.51,00:02,2069,-94
1034.55,00:03,2069,-75
1034.6,00:04,2069,-86
1035.01,00:02,2070,-94
1035.05,00:03,2070,-75
1035.1,00:04,2070,-86
1035.51,00:02,2071,-95
1035.55,00:03,2071,-75
1035.61,00:04,2071,-86
1036.01,00:02,2072,-95
1036.05,00:03,2072,-75
1036.1,00:04,2072,-86
1036.51,00:02,2073,-95
1036.55,00:03,2073,-75
1036.6,00:04,2073,-86
1037.01,00:02,2074,-91
1037.05,00:03,2074,-71
1037.1,00:04,2074,-82
1037.51,00:02,2075,-91
1037.55,00:03,2075,-71
1037.6,00:04,2075,-83
1038.01,00:02,2076,-91
1038.05,00:03,2076,-71
1038.11,00:04,2076,-83
1038.51,00:02,2077,-91
1038.55,00:03,2077,-71
1038.61,00:04,2077,-83
1039.01,00:02,2078,-91
1039.05,00:03,2078,-71
1039.11,00:04,2078,-83
1039.51,00:02,2079,-91
1039.55,00:03,2079,-71
1039.6,00:04,2079,-83
1040.01,00:02,2080,-91
1040.05,00:03,2080,-71
1040.1,00:04,2080,-83
1040.51,00:02,2081,-91
1040.55,00:03,2081,-71
1040.61,00:04,2081,-83
1041.01,00:02,2082,-91
1041.05,00:03,2082,-71
1041.1,00:04,2082,-83
1041.51,00:02,2083,-91
1041.55,00:03,2083,-71
1041.6,00:04,2083,-84
1042.01,00:02,2084,-92
1042.05,00:03,2084,-71
1042.1,00:04,2084,-84
1042.51,00:02,2085,-92
1042.55,00:03,2085,-71
1042.6,00:04,2085,-84
1043.01,00:02,2086,-92
1043.05,00:03,2086,-71
1043.1,00:04,2086,-84
1043.51,00:02,2087,-92
1043.55,00:03,2087,-70
1043.6,00:04,2087,-84
1044.01,00:02,2088,-92
1044.05,00:03,2088,-70
1044.1,00:04,2088,-84
1044.51,00:02,2089,-92
1044.55,00:03,2089,-70
1044.61,00:04,2089,-84
1045.01,00:02,2090,-92
1045.05,00:03,2090,-70
1045.11,00:04,2090,-84
1045.51,00:02,2091,-92
1045.55,00:03,2091,-70
1045.6,00:04,2091,-84
1046.01,00:02,2092,-92
1046.05,00:03,2092,-70
1046.1,00:04,2092,-85
1046.51,00:02,2093,-92
1046.55,00:03,2093,-70
1046.6,00:04,2093,-85
1047.01,00:02,2094,-92
1047.05,00:03,2094,-70
1047.1,00:04,2094,-85
1047.51,00:02,2095,-92
1047.55,00:03,2095,-70
1047.61,00:04,2095,-85
1048.01,00:02,2096,-92
1048.05,00:03,2096,-70
1048.1,00:04,2096,-85
1048.51,00:02,2097,-92
1048.55,00:03,2097,-70
1048.61,00:04,2097,-85
1049.01,00:02,2098,-93
1049.05,00:03,2098,-70
1049.1,00:04,2098,-85
1049.51,00:02,2099,-93
1049.55,00:03,2099,-70
1049.6,00:04,2099,-85
1050.01,00:02,2100,-93
1050.05,00:03,2100,-70
1050.1,00:04,2100,-85
1050.51,00:02,2101,-93
1050.55,00:03,2101,-71
1050.6,00:04,2101,-85
1051.01,00:02,2102,-93
1051.05,00:03,2102,-71
1051.1,00:04,2102,-85
1051.51,00:02,2103,-93
1051.55,00:03,2103,-71
1051.6,00:04,2103,-85
1052.01,00:02,2104,-93
1052.05,00:03,2104,-71
1052.1,00:04,2104,-85
1052.51,00:02,2105,-93
1052.55,00:03,2105,-71
1052.6,00:04,2105,-85
1053.01,00:02,2106,-93
1053.05,00:03,2106,-71
1053.1,00:04,2106,-85
1053.51,00:02,2107,-93
1053.55,00:03,2107,-71
1053.6,00:04,2107,-85
1054.01,00:02,2108,-93
1054.05,00:03,2108,-72
1054.1,00:04,2108,-85
1054.51,00:02,2109,-93
1054.55,00:03,2109,-72
1054.6,00:04,2109,-85
1055.01,00:02,2110,-93
1055.05,00:03,2110,-72
1055.1,00:04,2110,-85
1055.51,00:02,2111,-93
1055.55,00:03,2111,-72
1055.6,00:04,2111,-85
1056.01,00:02,2112,-93
1056.05,00:03,2112,-72
1056.1,00:04,2112,-85
1056.51,00:02,2113,-93
1056.55,00:03,2113,-72
1056.6,00:04,2113,-84
1057.01,00:02,2114,-93
1057.05,00:03,2114,-72
1057.1,00:04,2114,-84
1057.51,00:02,2115,-93
1057.55,00:03,2115,-72
1057.6,00:04,2115,-84
1058.01,00:02,2116,-93
1058.05,00:03,2116,-72
1058.1,00:04,2116,-84
1058.51,00:02,2117,-93
1058.55,00:03,2117,-72
1058.6,00:04,2117,-84
1059.01,00:02,2118,-93
1059.05,00:03,2118,-72
1059.1,00:04,2118,-84
1059.51,00:02,2119,-93
1059.55,00:03,2119,-72
1059.6,00:04,2119,-84
1060.01,00:02,2120,-93
1060.05,00:03,2120,-72
1060.1,00:04,2120,-84
1060.51,00:02,2121,-93
1060.55,00:03,2121,-72
1060.6,00:04,2121,-83
1061.01,00:02,2122,-92
1061.05,00:03,2122,-72
1061.1,00:04,2122,-83
1061.51,00:02,2123,-92
1061.55,00:03,2123,-72
1061.6,00:04,2123,-83
1062.01,00:02,2124,-92
1062.05,00:03,2124,-72
1062.11,00:04,2124,-83
1062.51,00:02,2125,-92
1062.55,00:03,2125,-72
1062.6,00:04,2125,-83
1063.01,00:02,2126,-92
1063.05,00:03,2126,-72
1063.1,00:04,2126,-83
1063.51,00:02,2127,-92
1063.55,00:03,2127,-72
1063.6,00:04,2127,-83
1064.01,00:02,2128,-92
1064.05,00:03,2128,-72
1064.1,00:04,2128,-82
1064.51,00:02,2129,-92
1064.55,00:03,2129,-72
1064.6,00:04,2129,-82
1065.01,00:02,2130,-92
1065.05,00:03,2130,-72
1065.1,00:04,2130,-82
1065.51,00:02,2131,-92
1065.55,00:03,2131,-72
1065.6,00:04,2131,-82
1066.01,00:02,2132,-92
1066.05,00:03,2132,-72
1066.1,00:04,2132,-82
1066.51,00:02,2133,-92
1066.55,00:03,2133,-72
1066.6,00:04,2133,-82
1067.01,00:02,2134,-92
1067.05,00:03,2134,-72
1067.1,00:04,2134,-82
1067.51,00:02,2135,-92
1067.55,00:03,2135,-72
1067.6,00:04,2135,-81
1068.01,00:02,2136,-91
1068.05,00:03,2136,-72
1068.1,00:04,2136,-81
1068.51,00:02,2137,-91
1068.55,00:03,2137,-72
1068.6,00:04,2137,-81
1069.01,00:02,2138,-95
1069.05,00:03,2138,-76
1069.1,00:04,2138,-85
1069.51,00:02,2139,-95
1069.55,00:03,2139,-76
1069.6,00:04,2139,-85
1070.01,00:02,2140,-95
1070.05,00:03,2140,-76
1070.1,00:04,2140,-85
1070.51,00:02,2141,-95
1070.55,00:03,2141,-76
1070.6,00:04,2141,-85
1071.01,00:02,2142,-95
1071.05,00:03,2142,-76
1071.1,00:04,2142,-85
1071.51,00:02,2143,-95
1071.55,00:03,2143,-77
1071.6,00:04,2143,-84
1072.01,00:02,2144,-95
1072.05,00:03,2144,-77
1072.1,00:04,2144,-84
1072.51,00:02,2145,-95
1072.55,00:03,2145,-77
1072.6,00:04,2145,-84
1073.01,00:02,2146,-91
1073.05,00:03,2146,-73
1073.1,00:04,2146,-80
1073.51,00:02,2147,-91
1073.55,00:03,2147,-73
1073.6,00:04,2147,-80
1074.01,00:02,2148,-91
1074.05,00:03,2148,-73
1074.1,00:04,2148,-80
1074.51,00:02,2149,-91
1074.55,00:03,2149,-73
1074.6,00:04,2149,-80
1075.01,00:02,2150,-90
1075.05,00:03,2150,-73
1075.1,00:04,2150,-79
1075.51,00:02,2151,-90
1075.55,00:03,2151,-73
1075.6,00:04,2151,-79
1076.01,00:02,2152,-90
1076.05,00:03,2152,-73
1076.11,00:04,2152,-79
1076.51,00:02,2153,-90
1076.55,00:03,2153,-73
1076.6,00:04,2153,-79
1077.01,00:02,2154,-90
1077.05,00:03,2154,-73
1077.1,00:04,2154,-79
1077.51,00:02,2155,-90
1077.55,00:03,2155,-73
1077.61,00:04,2155,-79
1078.01,00:02,2156,-90
1078.05,00:03,2156,-73
1078.1,00:04,2156,-79
1078.51,00:02,2157,-90
1078.55,00:03,2157,-73
1078.6,00:04,2157,-79
1079.01,00:02,2158,-90
1079.05,00:03,2158,-73
1079.1,00:04,2158,-78
1079.51,00:02,2159,-90
1079.55,00:03,2159,-73
1079.6,00:04,2159,-78
1080.01,00:02,2160,-90
1080.05,00:03,2160,-73
1080.11,00:04,2160,-78
1080.51,00:02,2161,-90
1080.55,00:03,2161,-73
1080.6,00:04,2161,-78
1081.01,00:02,2162,-90
1081.05,00:03,2162,-73
1081.11,00:04,2162,-78
1081.51,00:02,2163,-89
1081.55,00:03,2163,-73
1081.6,00:04,2163,-78
1082.01,00:02,2164,-89
1082.05,00:03,2164,-74
1082.1,00:04,2164,-78
1082.51,00:02,2165,-89
1082.55,00:03,2165,-74
1082.6,00:04,2165,-78
1083.01,00:02,2166,-89
1083.05,00:03,2166,-74
1083.1,00:04,2166,-77
1083.51,00:02,2167,-89
1083.55,00:03,2167,-74
1083.6,00:04,2167,-77
1084.01,00:02,2168,-89
1084.05,00:03,2168,-74
1084.1,00:04,2168,-77
1084.51,00:02,2169,-89
1084.55,00:03,2169,-74
1084.6,00:04,2169,-77
1085.01,00:02,2170,-89
1085.05,00:03,2170,-74
1085.1,00:04,2170,-77
1085.51,00:02,2171,-89
1085.55,00:03,2171,-74
1085.6,00:04,2171,-77
1086.01,00:02,2172,-89
1086.05,00:03,2172,-74
1086.1,00:04,2172,-77
1086.51,00:02,2173,-89
1086.55,00:03,2173,-74
1086.6,00:04,2173,-77
1087.01,00:02,2174,-89
1087.05,00:03,2174,-74
1087.1,00:04,2174,-77
1087.51,00:02,2175,-89
1087.55,00:03,2175,-74
1087.6,00:04,2175,-77
1088.01,00:02,2176,-88
1088.05,00:03,2176,-74
1088.1,00:04,2176,-76
1088.51,00:02,2177,-88
1088.55,00:03,2177,-74
1088.6,00:04,2177,-76
1089.01,00:02,2178,-88
1089.05,00:03,2178,-74
1089.11,00:04,2178,-76
1089.51,00:02,2179,-88
1089.55,00:03,2179,-74
1089.6,00:04,2179,-76
1090.01,00:02,2180,-88
1090.05,00:03,2180,-74
1090.1,00:04,2180,-76
1090.51,00:02,2181,-88
1090.55,00:03,2181,-75
1090.6,00:04,2181,-76
1091.01,00:02,2182,-88
1091.05,00:03,2182,-75
1091.1,00:04,2182,-76
1091.51,00:02,2183,-88
1091.55,00:03,2183,-75
1091.6,00:04,2183,-76
1092.01,00:02,2184,-88
1092.05,00:03,2184,-75
1092.1,00:04,2184,-76
1092.51,00:02,2185,-88
1092.55,00:03,2185,-75
1092.6,00:04,2185,-76
1093.01,00:02,2186,-88
1093.05,00:03,2186,-75
1093.1,00:04,2186,-76
1093.51,00:02,2187,-88
1093.55,00:03,2187,-75
1093.6,00:04,2187,-76
1094.01,00:02,2188,-88
1094.05,00:03,2188,-75
1094.1,00:04,2188,-76
1094.51,00:02,2189,-88
1094.55,00:03,2189,-75
1094.6,00:04,2189,-75
1095.01,00:02,2190,-87
1095.05,00:03,2190,-75
1095.1,00:04,2190,-75
1095.51,00:02,2191,-87
1095.55,00:03,2191,-75
1095.6,00:04,2191,-75
1096.01,00:02,2192,-87
1096.05,00:03,2192,-75
1096.1,00:04,2192,-75
1096.51,00:02,2193,-87
1096.55,00:03,2193,-75
1096.6,00:04,2193,-75
1097.01,00:02,2194,-87
1097.05,00:03,2194,-75
1097.1,00:04,2194,-75
1097.51,00:02,2195,-87
1097.55,00:03,2195,-76
1097.6,00:04,2195,-75
1098.01,00:02,2196,-87
1098.05,00:03,2196,-76
1098.1,00:04,2196,-75
1098.51,00:02,2197,-87
1098.55,00:03,2197,-76
1098.6,00:04,2197,-75
1099.01,00:02,2198,-87
1099.05,00:03,2198,-76
1099.1,00:04,2198,-75
1099.51,00:02,2199,-87
1099.55,00:03,2199,-76
1099.6,00:04,2199,-75
1100.01,00:02,2200,-87
1100.05,00:03,2200,-76
1100.1,00:04,2200,-75
1100.51,00:02,2201,-87
1100.55,00:03,2201,-76
1100.6,00:04,2201,-75
1101.01,00:02,2202,-87
1101.05,00:03,2202,-76
1101.1,00:04,2202,-75
1101.51,00:02,2203,-87
1101.55,00:03,2203,-76
1101.6,00:04,2203,-75
1102.01,00:02,2204,-86
1102.05,00:03,2204,-76
1102.1,00:04,2204,-75
1102.51,00:02,2205,-86
1102.55,00:03,2205,-76
1102.6,00:04,2205,-75
1103.01,00:02,2206,-86
1103.05,00:03,2206,-76
1103.1,00:04,2206,-75
1103.51,00:02,2207,-86
1103.55,00:03,2207,-76
1103.6,00:04,2207,-75
1104.01,00:02,2208,-86
1104.05,00:03,2208,-76
1104.1,00:04,2208,-75
1104.51,00:02,2209,-86
1104.55,00:03,2209,-77
1104.61,00:04,2209,-75
1105.01,00:02,2210,-86
1105.05,00:03,2210,-77
1105.1,00:04,2210,-75
1105.51,00:02,2211,-86
1105.55,00:03,2211,-77
1105.6,00:04,2211,-75
1106.01,00:02,2212,-86
1106.05,00:03,2212,-77
1106.1,00:04,2212,-75
1106.51,00:02,2213,-86
1106.55,00:03,2213,-77
1106.6,00:04,2213,-75
1107.01,00:02,2214,-86
1107.05,00:03,2214,-77
1107.1,00:04,2214,-75
1107.51,00:02,2215,-86
1107.55,00:03,2215,-77
1107.6,00:04,2215,-75
1108.01,00:02,2216,-86
1108.05,00:03,2216,-77
1108.1,00:04,2216,-76
1108.51,00:02,2217,-86
1108.55,00:03,2217,-77
1108.6,00:04,2217,-76
1109.01,00:02,2218,-85
1109.05,00:03,2218,-77
1109.1,00:04,2218,-76
1109.51,00:02,2219,-85
1109.55,00:03,2219,-77
1109.6,00:04,2219,-76
1110.01,00:02,2220,-85
1110.05,00:03,2220,-77
1110.11,00:04,2220,-76
1110.51,00:02,2221,-85
1110.55,00:03,2221,-77
1110.6,00:04,2221,-76
1111.01,00:02,2222,-85
1111.05,00:03,2222,-78
1111.1,00:04,2222,-76
1111.51,00:02,2223,-85
1111.55,00:03,2223,-78
1111.6,00:04,2223,-76
1112.01,00:02,2224,-85
1112.05,00:03,2224,-78
1112.1,00:04,2224,-76
1112.51,00:02,2225,-85
1112.55,00:03,2225,-78
1112.6,00:04,2225,-76
1113.01,00:02,2226,-85
1113.05,00:03,2226,-78
1113.1,00:04,2226,-76
1113.51,00:02,2227,-85
1113.55,00:03,2227,-78
1113.6,00:04,2227,-76
1114.01,00:02,2228,-85
1114.05,00:03,2228,-78
1114.11,00:04,2228,-76
1114.51,00:02,2229,-85
1114.55,00:03,2229,-78
1114.6,00:04,2229,-77
1115.01,00:02,2230,-85
1115.05,00:03,2230,-78
1115.1,00:04,2230,-77
1115.51,00:02,2231,-85
1115.55,00:03,2231,-78
1115.6,00:04,2231,-77
1116.01,00:02,2232,-85
1116.05,00:03,2232,-78
1116.11,00:04,2232,-77
1116.51,00:02,2233,-84
1116.55,00:03,2233,-78
1116.6,00:04,2233,-77
1117.01,00:02,2234,-84
1117.05,00:03,2234,-78
1117.11,00:04,2234,-77
1117.51,00:02,2235,-84
1117.55,00:03,2235,-78
1117.6,00:04,2235,-77
1118.01,00:02,2236,-84
1118.05,00:03,2236,-79
1118.1,00:04,2236,-77
1118.51,00:02,2237,-84
1118.55,00:03,2237,-79
1118.6,00:04,2237,-77
1119.01,00:02,2238,-84
1119.05,00:03,2238,-79
1119.1,00:04,2238,-78
1119.51,00:02,2239,-84
1119.55,00:03,2239,-79
1119.6,00:04,2239,-78
1120.01,00:02,2240,-84
1120.05,00:03,2240,-79
1120.1,00:04,2240,-78
1120.51,00:02,2241,-84
1120.55,00:03,2241,-79
1120.6,00:04,2241,-78
1121.01,00:02,2242,-84
1121.05,00:03,2242,-79
1121.1,00:04,2242,-78
1121.51,00:02,2243,-84
1121.55,00:03,2243,-79
1121.6,00:04,2243,-78
1122.01,00:02,2244,-84
1122.05,00:03,2244,-79
1122.1,00:04,2244,-78
1122.51,00:02,2245,-84
1122.55,00:03,2245,-79
1122.6,00:04,2245,-78
1123.01,00:02,2246,-84
1123.05,00:03,2246,-79
1123.1,00:04,2246,-78
1123.51,00:02,2247,-84
1123.55,00:03,2247,-79
1123.6,00:04,2247,-79
1124.01,00:02,2248,-84
1124.05,00:03,2248,-79
1124.1,00:04,2248,-79
1124.51,00:02,2249,-84
1124.55,00:03,2249,-80
1124.6,00:04,2249,-79
1125.01,00:02,2250,-84
1125.05,00:03,2250,-80
1125.1,00:04,2250,-79
1125.51,00:02,2251,-84
1125.55,00:03,2251,-80
1125.6,00:04,2251,-79
1126.01,00:02,2252,-83
1126.05,00:03,2252,-80
1126.1,00:04,2252,-79
1126.51,00:02,2253,-83
1126.55,00:03,2253,-80
1126.6,00:04,2253,-79
1127.01,00:02,2254,-83
1127.05,00:03,2254,-80
1127.1,00:04,2254,-80
1127.51,00:02,2255,-83
1127.55,00:03,2255,-80
1127.6,00:04,2255,-80
1128.01,00:02,2256,-83
1128.05,00:03,2256,-80
1128.1,00:04,2256,-80
1128.51,00:02,2257,-83
1128.55,00:03,2257,-80
1128.6,00:04,2257,-80
1129.01,00:02,2258,-87
1129.05,00:03,2258,-84
1129.11,00:04,2258,-84
1129.51,00:02,2259,-87
1129.55,00:03,2259,-84
1129.6,00:04,2259,-84
1130.01,00:02,2260,-87
1130.05,00:03,2260,-84
1130.1,00:04,2260,-84
1130.51,00:02,2261,-87
1130.55,00:03,2261,-84
1130.6,00:04,2261,-84
1131.01,00:02,2262,-87
1131.05,00:03,2262,-84
1131.1,00:04,2262,-85
1131.51,00:02,2263,-87
1131.55,00:03,2263,-85
1131.6,00:04,2263,-85
1132.01,00:02,2264,-87
1132.05,00:03,2264,-85
1132.1,00:04,2264,-85
1132.51,00:02,2265,-87
1132.55,00:03,2265,-85
1132.6,00:04,2265,-85
1133.01,00:02,2266,-83
1133.05,00:03,2266,-81
1133.1,00:04,2266,-81
1133.51,00:02,2267,-83
1133.55,00:03,2267,-81
1133.6,00:04,2267,-81
1134.01,00:02,2268,-83
1134.05,00:03,2268,-81
1134.1,00:04,2268,-81
1134.51,00:02,2269,-83
1134.55,00:03,2269,-81
1134.6,00:04,2269,-82
1135.01,00:02,2270,-83
1135.05,00:03,2270,-81
1135.1,00:04,2270,-82
1135.51,00:02,2271,-83
1135.55,00:03,2271,-81
1135.61,00:04,2271,-82
1136.01,00:02,2272,-83
1136.05,00:03,2272,-81
1136.1,00:04,2272,-82
1136.51,00:02,2273,-83
1136.55,00:03,2273,-81
1136.6,00:04,2273,-82
1137.01,00:02,2274,-83
1137.05,00:03,2274,-81
1137.1,00:04,2274,-82
1137.51,00:02,2275,-83
1137.55,00:03,2275,-81
1137.6,00:04,2275,-82
1138.01,00:02,2276,-83
1138.05,00:03,2276,-81
1138.1,00:04,2276,-82
1138.51,00:02,2277,-83
1138.55,00:03,2277,-82
1138.6,00:04,2277,-83
1139.01,00:02,2278,-83
1139.05,00:03,2278,-82
1139.1,00:04,2278,-83
1139.51,00:02,2279,-83
1139.55,00:03,2279,-82
1139.6,00:04,2279,-83
1140.01,00:02,2280,-83
1140.05,00:03,2280,-82
1140.1,00:04,2280,-83
1140.51,00:02,2281,-83
1140.55,00:03,2281,-82
1140.6,00:04,2281,-83
1141.01,00:02,2282,-83
1141.05,00:03,2282,-82
1141.1,00:04,2282,-83
1141.51,00:02,2283,-83
1141.55,00:03,2283,-82
1141.6,00:04,2283,-83
1142.01,00:02,2284,-83
1142.05,00:03,2284,-82
1142.1,00:04,2284,-84
1142.51,00:02,2285,-83
1142.55,00:03,2285,-82
1142.6,00:04,2285,-84
1143.01,00:02,2286,-83
1143.05,00:03,2286,-82
1143.1,00:04,2286,-84
1143.51,00:02,2287,-83
1143.55,00:03,2287,-82
1143.6,00:04,2287,-84
1144.01,00:02,2288,-82
1144.05,00:03,2288,-82
1144.1,00:04,2288,-84
1144.51,00:02,2289,-82
1144.55,00:03,2289,-82
1144.6,00:04,2289,-84
1145.01,00:02,2290,-82
1145.05,00:03,2290,-82
1145.1,00:04,2290,-84
1145.51,00:02,2291,-82
1145.55,00:03,2291,-83
1145.6,00:04,2291,-84
1146.01,00:02,2292,-82
1146.05,00:03,2292,-83
1146.1,00:04,2292,-85
1146.51,00:02,2293,-83
1146.55,00:03,2293,-83
1146.6,00:04,2293,-84
1147.01,00:02,2294,-83
1147.05,00:03,2294,-83
1147.1,00:04,2294,-84
1147.51,00:02,2295,-83
1147.55,00:03,2295,-83
1147.6,00:04,2295,-84
1148.01,00:02,2296,-83
1148.05,00:03,2296,-83
1148.1,00:04,2296,-84
1148.51,00:02,2297,-83
1148.55,00:03,2297,-83
1148.6,00:04,2297,-84
1149.01,00:02,2298,-83
1149.05,00:03,2298,-83
1149.1,00:04,2298,-84
1149.51,00:02,2299,-84
1149.55,00:03,2299,-83
1149.6,00:04,2299,-84
1150.01,00:02,2300,-84
1150.05,00:03,2300,-83
1150.1,00:04,2300,-84
1150.51,00:02,2301,-84
1150.55,00:03,2301,-83
1150.6,00:04,2301,-84
1151.01,00:02,2302,-84
1151.05,00:03,2302,-83
1151.1,00:04,2302,-84
1151.51,00:02,2303,-84
1151.55,00:03,2303,-83
1151.6,00:04,2303,-84
1152.01,00:02,2304,-84
1152.05,00:03,2304,-83
1152.1,00:04,2304,-84
1152.51,00:02,2305,-84
1152.55,00:03,2305,-83
1152.6,00:04,2305,-84
1153.01,00:02,2306,-84
1153.05,00:03,2306,-83
1153.1,00:04,2306,-83
1153.51,00:02,2307,-84
1153.55,00:03,2307,-83
1153.6,00:04,2307,-83
1154.01,00:02,2308,-84
1154.05,00:03,2308,-83
1154.1,00:04,2308,-83
1154.51,00:02,2309,-84
1154.55,00:03,2309,-83
1154.6,00:04,2309,-83
1155.01,00:02,2310,-84
1155.05,00:03,2310,-83
1155.1,00:04,2310,-83
1155.51,00:02,2311,-84
1155.55,00:03,2311,-83
1155.6,00:04,2311,-83
1156.01,00:02,2312,-84
1156.05,00:03,2312,-82
1156.1,00:04,2312,-83
1156.51,00:02,2313,-84
1156.55,00:03,2313,-82
1156.6,00:04,2313,-82
1157.01,00:02,2314,-84
1157.05,00:03,2314,-82
1157.11,00:04,2314,-82
1157.51,00:02,2315,-84
1157.55,00:03,2315,-82
1157.6,00:04,2315,-82
1158.01,00:02,2316,-84
1158.05,00:03,2316,-82
1158.1,00:04,2316,-82
1158.51,00:02,2317,-84
1158.55,00:03,2317,-82
1158.6,00:04,2317,-82
1159.01,00:02,2318,-84
1159.05,00:03,2318,-82
1159.1,00:04,2318,-82
1159.51,00:02,2319,-84
1159.55,00:03,2319,-82
1159.6,00:04,2319,-81
1160.01,00:02,2320,-84
1160.05,00:03,2320,-82
1160.1,00:04,2320,-81
1160.51,00:02,2321,-84
1160.55,00:03,2321,-82
1160.6,00:04,2321,-81
1161.01,00:02,2322,-84
1161.05,00:03,2322,-82
1161.1,00:04,2322,-81
1161.51,00:02,2323,-84
1161.55,00:03,2323,-82
1161.6,00:04,2323,-81
1162.01,00:02,2324,-84
1162.05,00:03,2324,-82
1162.1,00:04,2324,-81
1162.51,00:02,2325,-84
1162.55,00:03,2325,-82
1162.6,00:04,2325,-81
1163.01,00:02,2326,-84
1163.05,00:03,2326,-82
1163.1,00:04,2326,-80
1163.51,00:02,2327,-84
1163.55,00:03,2327,-81
1163.6,00:04,2327,-80
1164.01,00:02,2328,-84
1164.05,00:03,2328,-81
1164.1,00:04,2328,-80
1164.51,00:02,2329,-84
1164.55,00:03,2329,-81
1164.6,00:04,2329,-80
1165.01,00:02,2330,-88
1165.05,00:03,2330,-85
1165.1,00:04,2330,-84
1165.51,00:02,2331,-88
1165.55,00:03,2331,-85
1165.6,00:04,2331,-84
1166.01,00:02,2332,-88
1166.05,00:03,2332,-85
1166.1,00:04,2332,-83
1166.51,00:02,2333,-88
1166.55,00:03,2333,-85
1166.6,00:04,2333,-83
1167.01,00:02,2334,-88
1167.05,00:03,2334,-85
1167.1,00:04,2334,-83
1167.51,00:02,2335,-88
1167.55,00:03,2335,-85
1167.6,00:04,2335,-83
1168.01,00:02,2336,-88
1168.05,00:03,2336,-85
1168.1,00:04,2336,-83
1168.51,00:02,2337,-88
1168.55,00:03,2337,-85
1168.6,00:04,2337,-83
1169.01,00:02,2338,-85
1169.05,00:03,2338,-81
1169.1,00:04,2338,-78
1169.51,00:02,2339,-85
1169.55,00:03,2339,-81
1169.6,00:04,2339,-78
1170.01,00:02,2340,-85
1170.05,00:03,2340,-81
1170.1,00:04,2340,-78
1170.51,00:02,2341,-85
1170.55,00:03,2341,-81
1170.6,00:04,2341,-78
1171.01,00:02,2342,-85
1171.05,00:03,2342,-80
1171.1,00:04,2342,-78
1171.51,00:02,2343,-85
1171.55,00:03,2343,-80
1171.6,00:04,2343,-78
1172.01,00:02,2344,-85
1172.05,00:03,2344,-80
1172.1,00:04,2344,-78
1172.51,00:02,2345,-85
1172.55,00:03,2345,-80
1172.6,00:04,2345,-77
1173.01,00:02,2346,-85
1173.05,00:03,2346,-80
1173.1,00:04,2346,-77
1173.51,00:02,2347,-85
1173.55,00:03,2347,-80
1173.6,00:04,2347,-77
1174.01,00:02,2348,-85
1174.05,00:03,2348,-80
1174.1,00:04,2348,-77
1174.51,00:02,2349,-85
1174.55,00:03,2349,-80
1174.6,00:04,2349,-77
1175.01,00:02,2350,-85
1175.05,00:03,2350,-80
1175.1,00:04,2350,-77
1175.51,00:02,2351,-85
1175.55,00:03,2351,-80
1175.6,00:04,2351,-76
1176.01,00:02,2352,-85
1176.05,00:03,2352,-80
1176.1,00:04,2352,-76
1176.51,00:02,2353,-85
1176.55,00:03,2353,-80
1176.6,00:04,2353,-76
1177.01,00:02,2354,-85
1177.05,00:03,2354,-80
1177.1,00:04,2354,-76
1177.51,00:02,2355,-85
1177.55,00:03,2355,-80
1177.6,00:04,2355,-76
1178.01,00:02,2356,-85
1178.05,00:03,2356,-80
1178.1,00:04,2356,-76
1178.51,00:02,2357,-85
1178.55,00:03,2357,-79
1178.6,00:04,2357,-75
1179.01,00:02,2358,-85
1179.05,00:03,2358,-79
1179.1,00:04,2358,-75
1179.51,00:02,2359,-85
1179.55,00:03,2359,-79
1179.6,00:04,2359,-75
1180.01,00:02,2360,-85
1180.05,00:03,2360,-79
1180.1,00:04,2360,-75
1180.51,00:02,2361,-86
1180.55,00:03,2361,-79
1180.6,00:04,2361,-75
1181.01,00:02,2362,-86
1181.05,00:03,2362,-79
1181.1,00:04,2362,-75
1181.51,00:02,2363,-86
1181.55,00:03,2363,-79
1181.6,00:04,2363,-75
1182.01,00:02,2364,-86
1182.05,00:03,2364,-79
1182.1,00:04,2364,-74
1182.51,00:02,2365,-86
1182.55,00:03,2365,-79
1182.6,00:04,2365,-74
1183.01,00:02,2366,-86
1183.05,00:03,2366,-79
1183.1,00:04,2366,-74
1183.51,00:02,2367,-86
1183.55,00:03,2367,-79
1183.6,00:04,2367,-74
1184.01,00:02,2368,-86
1184.05,00:03,2368,-79
1184.1,00:04,2368,-74
1184.51,00:02,2369,-86
1184.55,00:03,2369,-79
1184.6,00:04,2369,-74
1185.01,00:02,2370,-86
1185.05,00:03,2370,-79
1185.1,00:04,2370,-74
1185.51,00:02,2371,-86
1185.55,00:03,2371,-78
1185.61,00:04,2371,-74
1186.01,00:02,2372,-86
1186.05,00:03,2372,-78
1186.1,00:04,2372,-73
1186.51,00:02,2373,-86
1186.55,00:03,2373,-78
1186.6,00:04,2373,-73
1187.01,00:02,2374,-86
1187.05,00:03,2374,-78
1187.1,00:04,2374,-73
1187.51,00:02,2375,-86
1187.55,00:03,2375,-78
1187.6,00:04,2375,-73
1188.01,00:02,2376,-86
1188.05,00:03,2376,-78
1188.1,00:04,2376,-73
1188.51,00:02,2377,-86
1188.55,00:03,2377,-78
1188.6,00:04,2377,-73
1189.01,00:02,2378,-86
1189.05,00:03,2378,-78
1189.11,00:04,2378,-73
1189.51,00:02,2379,-87
1189.55,00:03,2379,-78
1189.6,00:04,2379,-73
1190.01,00:02,2380,-87
1190.05,00:03,2380,-78
1190.1,00:04,2380,-73
1190.51,00:02,2381,-87
1190.55,00:03,2381,-78
1190.6,00:04,2381,-73
1191.01,00:02,2382,-87
1191.05,00:03,2382,-78
1191.1,00:04,2382,-73
1191.51,00:02,2383,-87
1191.55,00:03,2383,-78
1191.6,00:04,2383,-73
1192.01,00:02,2384,-87
1192.05,00:03,2384,-78
1192.1,00:04,2384,-72
1192.51,00:02,2385,-87
1192.55,00:03,2385,-78
1192.6,00:04,2385,-72
1193.01,00:02,2386,-87
1193.05,00:03,2386,-77
1193.1,00:04,2386,-72
1193.51,00:02,2387,-87
1193.55,00:03,2387,-77
1193.6,00:04,2387,-72
1194.01,00:02,2388,-87
1194.05,00:03,2388,-77
1194.11,00:04,2388,-72
1194.51,00:02,2389,-87
1194.55,00:03,2389,-77
1194.6,00:04,2389,-72
1195.01,00:02,2390,-87
1195.05,00:03,2390,-77
1195.1,00:04,2390,-72
1195.51,00:02,2391,-87
1195.55,00:03,2391,-77
1195.6,00:04,2391,-72
1196.01,00:02,2392,-87
1196.05,00:03,2392,-77
1196.1,00:04,2392,-72
1196.51,00:02,2393,-87
1196.55,00:03,2393,-77
1196.6,00:04,2393,-72
1197.01,00:02,2394,-87
1197.05,00:03,2394,-77
1197.1,00:04,2394,-72
1197.51,00:02,2395,-88
1197.55,00:03,2395,-77
1197.6,00:04,2395,-72
1198.01,00:02,2396,-88
1198.05,00:03,2396,-77
1198.1,00:04,2396,-72
1198.51,00:02,2397,-88
1198.55,00:03,2397,-77
1198.6,00:04,2397,-72
1199.01,00:02,2398,-88
1199.05,00:03,2398,-77
1199.1,00:04,2398,-72
1199.51,00:02,2399,-88
1199.55,00:03,2399,-77
1199.6,00:04,2399,-72
1200.01,00:02,2400,-88
1200.05,00:03,2400,-77
1200.1,00:04,2400,-72
1200.51,00:02,2401,-88
1200.55,00:03,2401,-76
1200.6,00:04,2401,-72
1201.01,00:02,2402,-88
1201.05,00:03,2402,-76
1201.1,00:04,2402,-72
1201.51,00:02,2403,-88
1201.55,00:03,2403,-76
1201.6,00:04,2403,-72
1202.01,00:02,2404,-88
1202.05,00:03,2404,-76
1202.1,00:04,2404,-72
1202.51,00:02,2405,-88
1202.55,00:03,2405,-76
1202.6,00:04,2405,-73
1203.01,00:02,2406,-88
1203.05,00:03,2406,-76
1203.11,00:04,2406,-73
1203.51,00:02,2407,-88
1203.55,00:03,2407,-76
1203.6,00:04,2407,-73
1204.01,00:02,2408,-88
1204.05,00:03,2408,-76
1204.1,00:04,2408,-73
1204.51,00:02,2409,-88
1204.55,00:03,2409,-76
1204.6,00:04,2409,-73
1205.01,00:02,2410,-89
1205.05,00:03,2410,-76
1205.1,00:04,2410,-73
1205.51,00:02,2411,-89
1205.55,00:03,2411,-76
1205.6,00:04,2411,-73
1206.01,00:02,2412,-89
1206.05,00:03,2412,-76
1206.1,00:04,2412,-73
1206.51,00:02,2413,-89
1206.55,00:03,2413,-76
1206.6,00:04,2413,-73
1207.01,00:02,2414,-89
1207.05,00:03,2414,-76
1207.1,00:04,2414,-73
1207.51,00:02,2415,-89
1207.55,00:03,2415,-76
1207.6,00:04,2415,-73
1208.01,00:02,2416,-89
1208.05,00:03,2416,-76
1208.1,00:04,2416,-74
1208.51,00:02,2417,-89
1208.55,00:03,2417,-76
1208.6,00:04,2417,-74
1209.01,00:02,2418,-89
1209.05,00:03,2418,-75
1209.1,00:04,2418,-74
1209.51,00:02,2419,-89
1209.55,00:03,2419,-75
1209.6,00:04,2419,-74
1210.01,00:02,2420,-89
1210.05,00:03,2420,-75
1210.1,00:04,2420,-74
1210.51,00:02,2421,-89
1210.55,00:03,2421,-75
1210.6,00:04,2421,-74
1211.01,00:02,2422,-89
1211.05,00:03,2422,-75
1211.1,00:04,2422,-74
1211.51,00:02,2423,-89
1211.55,00:03,2423,-75
1211.6,00:04,2423,-74
1212.01,00:02,2424,-90
1212.05,00:03,2424,-75
1212.1,00:04,2424,-75
1212.51,00:02,2425,-90
1212.55,00:03,2425,-75
1212.6,00:04,2425,-75
1213.01,00:02,2426,-90
1213.05,00:03,2426,-75
1213.1,00:04,2426,-75
1213.51,00:02,2427,-90
1213.55,00:03,2427,-75
1213.6,00:04,2427,-75
1214.01,00:02,2428,-90
1214.05,00:03,2428,-75
1214.1,00:04,2428,-75
1214.51,00:02,2429,-90
1214.55,00:03,2429,-75
1214.6,00:04,2429,-75
1215.01,00:02,2430,-90
1215.05,00:03,2430,-75
1215.1,00:04,2430,-75
1215.51,00:02,2431,-90
1215.55,00:03,2431,-75
1215.6,00:04,2431,-76
1216.01,00:02,2432,-90
1216.05,00:03,2432,-75
1216.1,00:04,2432,-76
1216.51,00:02,2433,-90
1216.55,00:03,2433,-75
1216.6,00:04,2433,-76
1217.01,00:02,2434,-90
1217.05,00:03,2434,-75
1217.1,00:04,2434,-76
1217.51,00:02,2435,-90
1217.55,00:03,2435,-75
1217.6,00:04,2435,-76
1218.01,00:02,2436,-90
1218.05,00:03,2436,-75
1218.1,00:04,2436,-76
1218.51,00:02,2437,-90
1218.55,00:03,2437,-74
1218.6,00:04,2437,-76
1219.01,00:02,2438,-90
1219.05,00:03,2438,-74
1219.1,00:04,2438,-77
1219.51,00:02,2439,-91
1219.55,00:03,2439,-74
1219.6,00:04,2439,-77
1220.01,00:02,2440,-91
1220.05,00:03,2440,-74
1220.1,00:04,2440,-77
1220.51,00:02,2441,-91
1220.55,00:03,2441,-74
1220.6,00:04,2441,-77
1221.01,00:02,2442,-91
1221.05,00:03,2442,-74
1221.1,00:04,2442,-77
1221.51,00:02,2443,-91
1221.55,00:03,2443,-74
1221.6,00:04,2443,-77
1222.01,00:02,2444,-91
1222.05,00:03,2444,-74
1222.1,00:04,2444,-78
1222.51,00:02,2445,-91
1222.55,00:03,2445,-74
1222.6,00:04,2445,-78
1223.01,00:02,2446,-91
1223.05,00:03,2446,-74
1223.1,00:04,2446,-78
1223.51,00:02,2447,-91
1223.55,00:03,2447,-74
1223.6,00:04,2447,-78
1224.01,00:02,2448,-91
1224.05,00:03,2448,-74
1224.1,00:04,2448,-78
1224.51,00:02,2449,-91
1224.55,00:03,2449,-74
1224.61,00:04,2449,-78
1225.01,00:02,2450,-95
1225.05,00:03,2450,-78
1225.1,00:04,2450,-83
1225.51,00:02,2451,-95
1225.55,00:03,2451,-78
1225.6,00:04,2451,-83
1226.01,00:02,2452,-95
1226.05,00:03,2452,-78
1226.1,00:04,2452,-83
1226.51,00:02,2453,-96
1226.55,00:03,2453,-78
1226.6,00:04,2453,-83
1227.01,00:02,2454,-96
1227.05,00:03,2454,-78
1227.1,00:04,2454,-83
1227.51,00:02,2455,-96
1227.55,00:03,2455,-78
1227.6,00:04,2455,-83
1228.01,00:02,2456,-96
1228.05,00:03,2456,-78
1228.1,00:04,2456,-83
1228.51,00:02,2457,-96
1228.55,00:03,2457,-78
1228.6,00:04,2457,-84
1229.01,00:02,2458,-92
1229.05,00:03,2458,-74
1229.1,00:04,2458,-80
1229.51,00:02,2459,-92
1229.55,00:03,2459,-74
1229.6,00:04,2459,-80
1230.01,00:02,2460,-92
1230.05,00:03,2460,-74
1230.1,00:04,2460,-80
1230.51,00:02,2461,-92
1230.55,00:03,2461,-74
1230.6,00:04,2461,-80
1231.01,00:02,2462,-92
1231.05,00:03,2462,-74
1231.1,00:04,2462,-80
1231.51,00:02,2463,-92
1231.55,00:03,2463,-74
1231.6,00:04,2463,-81
1232.01,00:02,2464,-92
1232.05,00:03,2464,-74
1232.1,00:04,2464,-81
1232.51,00:02,2465,-92
1232.55,00:03,2465,-74
1232.6,00:04,2465,-81
1233.01,00:02,2466,-92
1233.05,00:03,2466,-74
1233.1,00:04,2466,-81
1233.51,00:02,2467,-92
1233.55,00:03,2467,-74
1233.6,00:04,2467,-81
1234.01,00:02,2468,-93
1234.05,00:03,2468,-73
1234.1,00:04,2468,-81
1234.51,00:02,2469,-93
1234.55,00:03,2469,-73
1234.6,00:04,2469,-82
1235.01,00:02,2470,-93
1235.05,00:03,2470,-73
1235.1,00:04,2470,-82
1235.51,00:02,2471,-93
1235.55,00:03,2471,-73
1235.6,00:04,2471,-82
1236.01,00:02,2472,-93
1236.05,00:03,2472,-73
1236.1,00:04,2472,-82
1236.51,00:02,2473,-93
1236.55,00:03,2473,-73
1236.6,00:04,2473,-82
1237.01,00:02,2474,-93
1237.05,00:03,2474,-73
1237.11,00:04,2474,-82
1237.51,00:02,2475,-93
1237.55,00:03,2475,-73
1237.6,00:04,2475,-82
1238.01,00:02,2476,-93
1238.05,00:03,2476,-73
1238.1,00:04,2476,-83
1238.51,00:02,2477,-93
1238.55,00:03,2477,-73
1238.6,00:04,2477,-83
1239.01,00:02,2478,-93
1239.05,00:03,2478,-73
1239.1,00:04,2478,-83
1239.51,00:02,2479,-93
1239.55,00:03,2479,-73
1239.6,00:04,2479,-83
1240.01,00:02,2480,-93
1240.05,00:03,2480,-73
1240.1,00:04,2480,-83
1240.51,00:02,2481,-93
1240.55,00:03,2481,-73
1240.6,00:04,2481,-83
1241.01,00:02,2482,-93
1241.05,00:03,2482,-73
1241.1,00:04,2482,-83
1241.51,00:02,2483,-94
1241.55,00:03,2483,-73
1241.6,00:04,2483,-84
1242.01,00:02,2484,-94
1242.05,00:03,2484,-73
1242.1,00:04,2484,-84
1242.51,00:02,2485,-94
1242.55,00:03,2485,-74
1242.6,00:04,2485,-84
1243.01,00:02,2486,-94
1243.05,00:03,2486,-74
1243.1,00:04,2486,-84
1243.51,00:02,2487,-94
1243.55,00:03,2487,-74
1243.6,00:04,2487,-83
1244.01,00:02,2488,-94
1244.05,00:03,2488,-74
1244.1,00:04,2488,-83
1244.51,00:02,2489,-94
1244.55,00:03,2489,-74
1244.6,00:04,2489,-83
1245.01,00:02,2490,-94
1245.05,00:03,2490,-74
1245.1,00:04,2490,-83
1245.51,00:02,2491,-94
1245.55,00:03,2491,-74
1245.6,00:04,2491,-83
1246.01,00:02,2492,-94
1246.05,00:03,2492,-74
1246.1,00:04,2492,-83
1246.51,00:02,2493,-94
1246.55,00:03,2493,-75
1246.6,00:04,2493,-83
1247.01,00:02,2494,-94
1247.05,00:03,2494,-75
1247.1,00:04,2494,-83
1247.51,00:02,2495,-94
1247.55,00:03,2495,-75
1247.6,00:04,2495,-83
1248.01,00:02,2496,-94
1248.05,00:03,2496,-75
1248.1,00:04,2496,-83
1248.51,00:02,2497,-94
1248.55,00:03,2497,-75
1248.6,00:04,2497,-83
1249.01,00:02,2498,-94
1249.05,00:03,2498,-75
1249.1,00:04,2498,-83
1249.51,00:02,2499,-94
1249.55,00:03,2499,-75
1249.6,00:04,2499,-82
1250.01,00:02,2500,-94
1250.05,00:03,2500,-75
1250.1,00:04,2500,-82
1250.51,00:02,2501,-94
1250.55,00:03,2501,-75
1250.6,00:04,2501,-82
1251.01,00:02,2502,-94
1251.05,00:03,2502,-75
1251.1,00:04,2502,-82
1251.51,00:02,2503,-94
1251.55,00:03,2503,-75
1251.6,00:04,2503,-82
1252.01,00:02,2504,-94
1252.05,00:03,2504,-75
1252.1,00:04,2504,-82
1252.51,00:02,2505,-93
1252.55,00:03,2505,-75
1252.6,00:04,2505,-81
1253.01,00:02,2506,-93
1253.05,00:03,2506,-75
1253.1,00:04,2506,-81
1253.51,00:02,2507,-93
1253.55,00:03,2507,-75
1253.61,00:04,2507,-81
1254.01,00:02,2508,-93
1254.05,00:03,2508,-75
1254.1,00:04,2508,-81
1254.51,00:02,2509,-93
1254.55,00:03,2509,-75
1254.6,00:04,2509,-81
1255.01,00:02,2510,-93
1255.05,00:03,2510,-75
1255.1,00:04,2510,-81
1255.51,00:02,2511,-93
1255.55,00:03,2511,-75
1255.6,00:04,2511,-80
1256.01,00:02,2512,-93
1256.05,00:03,2512,-75
1256.1,00:04,2512,-80
1256.51,00:02,2513,-93
1256.55,00:03,2513,-75
1256.6,00:04,2513,-80
1257.01,00:02,2514,-93
1257.05,00:03,2514,-75
1257.1,00:04,2514,-80
1257.51,00:02,2515,-93
1257.55,00:03,2515,-75
1257.6,00:04,2515,-80
1258.01,00:02,2516,-93
1258.05,00:03,2516,-75
1258.1,00:04,2516,-80
1258.51,00:02,2517,-93
1258.55,00:03,2517,-75
1258.6,00:04,2517,-79
1259.01,00:02,2518,-93
1259.05,00:03,2518,-75
1259.11,00:04,2518,-79
1259.51,00:02,2519,-93
1259.55,00:03,2519,-75
1259.6,00:04,2519,-79
1260.01,00:02,2520,-93
1260.05,00:03,2520,-75
1260.1,00:04,2520,-79
1260.51,00:02,2521,-92
1260.55,00:03,2521,-75
1260.6,00:04,2521,-79
1261.01,00:02,2522,-96
1261.05,00:03,2522,-79
1261.1,00:04,2522,-82
1261.51,00:02,2523,-96
1261.55,00:03,2523,-79
1261.6,00:04,2523,-82
1262.01,00:02,2524,-96
1262.05,00:03,2524,-79
1262.1,00:04,2524,-82
1262.51,00:02,2525,-96
1262.55,00:03,2525,-79
1262.6,00:04,2525,-82
1263.01,00:02,2526,-96
1263.05,00:03,2526,-79
1263.1,00:04,2526,-82
1263.51,00:02,2527,-96
1263.55,00:03,2527,-79
1263.6,00:04,2527,-82
1264.01,00:02,2528,-96
1264.05,00:03,2528,-79
1264.1,00:04,2528,-81
1264.51,00:02,2529,-96
1264.55,00:03,2529,-79
1264.6,00:04,2529,-81
1265.01,00:02,2530,-92
1265.05,00:03,2530,-75
1265.1,00:04,2530,-77
1265.51,00:02,2531,-92
1265.55,00:03,2531,-75
1265.6,00:04,2531,-77
1266.01,00:02,2532,-92
1266.05,00:03,2532,-75
1266.1,00:04,2532,-77
1266.51,00:02,2533,-92
1266.55,00:03,2533,-75
1266.6,00:04,2533,-76
1267.01,00:02,2534,-92
1267.05,00:03,2534,-75
1267.1,00:04,2534,-76
1267.51,00:02,2535,-92
1267.55,00:03,2535,-75
1267.6,00:04,2535,-76
1268.01,00:02,2536,-92
1268.05,00:03,2536,-75
1268.1,00:04,2536,-76
1268.51,00:02,2537,-91
1268.55,00:03,2537,-75
1268.6,00:04,2537,-76
1269.01,00:02,2538,-91
1269.05,00:03,2538,-75
1269.1,00:04,2538,-75
1269.51,00:02,2539,-91
1269.55,00:03,2539,-76
1269.6,00:04,2539,-75
1270.01,00:02,2540,-91
1270.05,00:03,2540,-76
1270.1,00:04,2540,-75
1270.51,00:02,2541,-91
1270.55,00:03,2541,-76
1270.6,00:04,2541,-75
1271.01,00:02,2542,-91
1271.05,00:03,2542,-76
1271.1,00:04,2542,-75
1271.51,00:02,2543,-91
1271.55,00:03,2543,-76
1271.6,00:04,2543,-74
1272.01,00:02,2544,-91
1272.05,00:03,2544,-76
1272.1,00:04,2544,-74
1272.51,00:02,2545,-91
1272.55,00:03,2545,-76
1272.6,00:04,2545,-74
1273.01,00:02,2546,-91
1273.05,00:03,2546,-76
1273.1,00:04,2546,-74
1273.51,00:02,2547,-91
1273.55,00:03,2547,-76
1273.6,00:04,2547,-74
1274.01,00:02,2548,-91
1274.05,00:03,2548,-76
1274.1,00:04,2548,-73
1274.51,00:02,2549,-91
1274.55,00:03,2549,-76
1274.6,00:04,2549,-73
1275.01,00:02,2550,-91
1275.05,00:03,2550,-76
1275.1,00:04,2550,-73
1275.51,00:02,2551,-91
1275.55,00:03,2551,-76
1275.6,00:04,2551,-73
1276.01,00:02,2552,-90
1276.05,00:03,2552,-76
1276.1,00:04,2552,-73
1276.51,00:02,2553,-90
1276.55,00:03,2553,-76
1276.6,00:04,2553,-72
1277.01,00:02,2554,-90
1277.05,00:03,2554,-76
1277.1,00:04,2554,-72
1277.51,00:02,2555,-90
1277.55,00:03,2555,-76
1277.6,00:04,2555,-72
1278.01,00:02,2556,-90
1278.05,00:03,2556,-76
1278.1,00:04,2556,-72
1278.51,00:02,2557,-90
1278.55,00:03,2557,-76
1278.6,00:04,2557,-72
1279.01,00:02,2558,-90
1279.05,00:03,2558,-76
1279.1,00:04,2558,-72
1279.51,00:02,2559,-90
1279.55,00:03,2559,-76
1279.6,00:04,2559,-71
1280.01,00:02,2560,-90
1280.05,00:03,2560,-76
1280.1,00:04,2560,-71
1280.51,00:02,2561,-90
1280.55,00:03,2561,-76
1280.6,00:04,2561,-71
1281.01,00:02,2562,-90
1281.05,00:03,2562,-77
1281.1,00:04,2562,-71
1281.51,00:02,2563,-90
1281.55,00:03,2563,-77
1281.6,00:04,2563,-71
1282.01,00:02,2564,-90
1282.05,00:03,2564,-77
1282.1,00:04,2564,-71
1282.51,00:02,2565,-90
1282.55,00:03,2565,-77
1282.6,00:04,2565,-70
1283.01,00:02,2566,-90
1283.05,00:03,2566,-77
1283.1,00:04,2566,-70
1283.51,00:02,2567,-90
1283.55,00:03,2567,-77
1283.6,00:04,2567,-70
1284.01,00:02,2568,-89
1284.05,00:03,2568,-77
1284.1,00:04,2568,-70
1284.51,00:02,2569,-89
1284.55,00:03,2569,-77
1284.6,00:04,2569,-70
1285.01,00:02,2570,-89
1285.05,00:03,2570,-77
1285.1,00:04,2570,-70
1285.51,00:02,2571,-89
1285.55,00:03,2571,-77
1285.6,00:04,2571,-70
1286.01,00:02,2572,-89
1286.05,00:03,2572,-77
1286.1,00:04,2572,-69
1286.51,00:02,2573,-89
1286.55,00:03,2573,-77
1286.6,00:04,2573,-69
1287.01,00:02,2574,-89
1287.05,00:03,2574,-77
1287.1,00:04,2574,-69
1287.51,00:02,2575,-89
1287.55,00:03,2575,-77
1287.6,00:04,2575,-69
1288.01,00:02,2576,-89
1288.05,00:03,2576,-77
1288.1,00:04,2576,-69
1288.51,00:02,2577,-89
1288.55,00:03,2577,-77
1288.6,00:04,2577,-69
1289.01,00:02,2578,-89
1289.05,00:03,2578,-77
1289.1,00:04,2578,-69
1289.51,00:02,2579,-89
1289.55,00:03,2579,-77
1289.6,00:04,2579,-69
1290.01,00:02,2580,-89
1290.05,00:03,2580,-77
1290.1,00:04,2580,-69
1290.51,00:02,2581,-89
1290.55,00:03,2581,-78
1290.6,00:04,2581,-69
1291.01,00:02,2582,-89
1291.05,00:03,2582,-78
1291.1,00:04,2582,-69
1291.51,00:02,2583,-89
1291.55,00:03,2583,-78
1291.6,00:04,2583,-69
1292.01,00:02,2584,-89
1292.05,00:03,2584,-78
1292.1,00:04,2584,-69
1292.51,00:02,2585,-88
1292.55,00:03,2585,-78
1292.6,00:04,2585,-69
1293.01,00:02,2586,-88
1293.05,00:03,2586,-78
1293.1,00:04,2586,-69
1293.51,00:02,2587,-88
1293.55,00:03,2587,-78
1293.6,00:04,2587,-69
1294.01,00:02,2588,-88
1294.05,00:03,2588,-78
1294.1,00:04,2588,-69
1294.51,00:02,2589,-88
1294.55,00:03,2589,-78
1294.6,00:04,2589,-69
1295.01,00:02,2590,-88
1295.05,00:03,2590,-78
1295.1,00:04,2590,-69
1295.51,00:02,2591,-88
1295.55,00:03,2591,-78
1295.6,00:04,2591,-69
1296.01,00:02,2592,-88
1296.05,00:03,2592,-78
1296.1,00:04,2592,-69
1296.51,00:02,2593,-88
1296.55,00:03,2593,-78
1296.6,00:04,2593,-69
1297.01,00:02,2594,-88
1297.05,00:03,2594,-78
1297.1,00:04,2594,-69
1297.51,00:02,2595,-88
1297.55,00:03,2595,-78
1297.6,00:04,2595,-69
1298.01,00:02,2596,-88
1298.05,00:03,2596,-78
1298.1,00:04,2596,-69
1298.51,00:02,2597,-88
1298.55,00:03,2597,-79
1298.6,00:04,2597,-69
1299.01,00:02,2598,-88
1299.05,00:03,2598,-79
1299.1,00:04,2598,-69
1299.51,00:02,2599,-88
1299.55,00:03,2599,-79
1299.6,00:04,2599,-69
1300.01,00:02,2600,-88
1300.05,00:03,2600,-79
1300.1,00:04,2600,-70
1300.51,00:02,2601,-88
1300.55,00:03,2601,-79
1300.6,00:04,2601,-70
1301.01,00:02,2602,-87
1301.05,00:03,2602,-79
1301.1,00:04,2602,-70
1301.51,00:02,2603,-87
1301.55,00:03,2603,-79
1301.6,00:04,2603,-70
1302.01,00:02,2604,-87
1302.05,00:03,2604,-79
1302.1,00:04,2604,-70
1302.51,00:02,2605,-87
1302.55,00:03,2605,-79
1302.6,00:04,2605,-70
1303.01,00:02,2606,-87
1303.05,00:03,2606,-79
1303.1,00:04,2606,-70
1303.51,00:02,2607,-87
1303.55,00:03,2607,-79
1303.6,00:04,2607,-70
1304.01,00:02,2608,-87
1304.05,00:03,2608,-79
1304.1,00:04,2608,-71
1304.51,00:02,2609,-87
1304.55,00:03,2609,-79
1304.6,00:04,2609,-71
1305.01,00:02,2610,-87
1305.05,00:03,2610,-79
1305.1,00:04,2610,-71
1305.51,00:02,2611,-87
1305.55,00:03,2611,-79
1305.6,00:04,2611,-71
1306.01,00:02,2612,-87
1306.05,00:03,2612,-79
1306.1,00:04,2612,-71
1306.51,00:02,2613,-87
1306.55,00:03,2613,-80
1306.6,00:04,2613,-71
1307.01,00:02,2614,-87
1307.05,00:03,2614,-80
1307.1,00:04,2614,-72
1307.51,00:02,2615,-87
1307.55,00:03,2615,-80
1307.6,00:04,2615,-72
1308.01,00:02,2616,-87
1308.05,00:03,2616,-80
1308.1,00:04,2616,-72
1308.51,00:02,2617,-87
1308.55,00:03,2617,-80
1308.6,00:04,2617,-72
1309.01,00:02,2618,-87
1309.05,00:03,2618,-80
1309.1,00:04,2618,-72
1309.51,00:02,2619,-87
1309.55,00:03,2619,-80
1309.6,00:04,2619,-73
1310.01,00:02,2620,-87
1310.05,00:03,2620,-80
1310.1,00:04,2620,-73
1310.51,00:02,2621,-87
1310.55,00:03,2621,-80
1310.6,00:04,2621,-73
1311.01,00:02,2622,-87
1311.05,00:03,2622,-80
1311.1,00:04,2622,-73
1311.51,00:02,2623,-86
1311.55,00:03,2623,-80
1311.6,00:04,2623,-73
1312.01,00:02,2624,-86
1312.05,00:03,2624,-80
1312.1,00:04,2624,-74
1312.51,00:02,2625,-86
1312.55,00:03,2625,-80
1312.6,00:04,2625,-74
1313.01,00:02,2626,-86
1313.05,00:03,2626,-80
1313.1,00:04,2626,-74
1313.51,00:02,2627,-86
1313.55,00:03,2627,-80
1313.6,00:04,2627,-74
1314.01,00:02,2628,-86
1314.05,00:03,2628,-80
1314.1,00:04,2628,-74
1314.51,00:02,2629,-86
1314.55,00:03,2629,-81
1314.6,00:04,2629,-74
1315.01,00:02,2630,-86
1315.05,00:03,2630,-81
1315.1,00:04,2630,-75
1315.51,00:02,2631,-86
1315.55,00:03,2631,-81
1315.6,00:04,2631,-75
1316.01,00:02,2632,-86
1316.05,00:03,2632,-81
1316.1,00:04,2632,-75
1316.51,00:02,2633,-86
1316.55,00:03,2633,-81
1316.6,00:04,2633,-75
1317.01,00:02,2634,-86
1317.05,00:03,2634,-81
1317.1,00:04,2634,-75
1317.51,00:02,2635,-86
1317.55,00:03,2635,-81
1317.6,00:04,2635,-76
1318.01,00:02,2636,-86
1318.05,00:03,2636,-81
1318.1,00:04,2636,-76
1318.51,00:02,2637,-86
1318.55,00:03,2637,-81
1318.6,00:04,2637,-76
1319.01,00:02,2638,-86
1319.05,00:03,2638,-81
1319.1,00:04,2638,-76
1319.51,00:02,2639,-86
1319.55,00:03,2639,-81
1319.6,00:04,2639,-76
1320.01,00:02,2640,-86
1320.05,00:03,2640,-81
1320.1,00:04,2640,-77
1320.51,00:02,2641,-86
1320.55,00:03,2641,-81
1320.6,00:04,2641,-77
1321.01,00:02,2642,-86
1321.05,00:03,2642,-81
1321.1,00:04,2642,-77
1321.51,00:02,2643,-86
1321.55,00:03,2643,-81
1321.6,00:04,2643,-77
1322.01,00:02,2644,-86
1322.05,00:03,2644,-81
1322.1,00:04,2644,-77
1322.51,00:02,2645,-86
1322.55,00:03,2645,-82
1322.6,00:04,2645,-78
1323.01,00:02,2646,-86
1323.05,00:03,2646,-82
1323.1,00:04,2646,-78
1323.51,00:02,2647,-86
1323.55,00:03,2647,-82
1323.6,00:04,2647,-78
1324.01,00:02,2648,-86
1324.05,00:03,2648,-82
1324.1,00:04,2648,-78
1324.51,00:02,2649,-86
1324.55,00:03,2649,-82
1324.6,00:04,2649,-78
1325.01,00:02,2650,-86
1325.05,00:03,2650,-82
1325.1,00:04,2650,-79
1325.51,00:02,2651,-86
1325.55,00:03,2651,-82
1325.6,00:04,2651,-79
1326.01,00:02,2652,-86
1326.05,00:03,2652,-82
1326.1,00:04,2652,-79
1326.51,00:02,2653,-85
1326.55,00:03,2653,-82
1326.6,00:04,2653,-79
1327.01,00:02,2654,-85
1327.05,00:03,2654,-82
1327.1,00:04,2654,-79
1327.51,00:02,2655,-85
1327.55,00:03,2655,-82
1327.6,00:04,2655,-79
1328.01,00:02,2656,-85
1328.05,00:03,2656,-82
1328.1,00:04,2656,-80
1328.51,00:02,2657,-85
1328.55,00:03,2657,-82
1328.6,00:04,2657,-80
1329.01,00:02,2658,-85
1329.05,00:03,2658,-82
1329.1,00:04,2658,-80
1329.51,00:02,2659,-85
1329.55,00:03,2659,-82
1329.6,00:04,2659,-80
1330.01,00:02,2660,-85
1330.05,00:03,2660,-82
1330.1,00:04,2660,-80
1330.51,00:02,2661,-85
1330.55,00:03,2661,-83
1330.6,00:04,2661,-80
1331.01,00:02,2662,-85
1331.05,00:03,2662,-83
1331.1,00:04,2662,-81
1331.51,00:02,2663,-85
1331.55,00:03,2663,-83
1331.6,00:04,2663,-81
1332.01,00:02,2664,-85
1332.05,00:03,2664,-83
1332.1,00:04,2664,-81
1332.51,00:02,2665,-85
1332.55,00:03,2665,-83
1332.6,00:04,2665,-81
1333.01,00:02,2666,-85
1333.05,00:03,2666,-83
1333.1,00:04,2666,-81
1333.51,00:02,2667,-85
1333.55,00:03,2667,-83
1333.6,00:04,2667,-81
1334.01,00:02,2668,-85
1334.05,00:03,2668,-83
1334.1,00:04,2668,-82
1334.51,00:02,2669,-85
1334.55,00:03,2669,-83
1334.6,00:04,2669,-82
1335.01,00:02,2670,-85
1335.05,00:03,2670,-83
1335.1,00:04,2670,-82
1335.51,00:02,2671,-85
1335.55,00:03,2671,-83
1335.6,00:04,2671,-82
1336.01,00:02,2672,-85
1336.05,00:03,2672,-83
1336.1,00:04,2672,-82
1336.51,00:02,2673,-85
1336.55,00:03,2673,-83
1336.6,00:04,2673,-82
1337.01,00:02,2674,-85
1337.05,00:03,2674,-83
1337.1,00:04,2674,-83
1337.51,00:02,2675,-85
1337.55,00:03,2675,-83
1337.6,00:04,2675,-83
1338.01,00:02,2676,-85
1338.05,00:03,2676,-83
1338.1,00:04,2676,-83
1338.51,00:02,2677,-85
1338.55,00:03,2677,-84
1338.6,00:04,2677,-83
1339.01,00:02,2678,-86
1339.05,00:03,2678,-84
1339.1,00:04,2678,-83
1339.51,00:02,2679,-86
1339.55,00:03,2679,-84
1339.6,00:04,2679,-83
1340.01,00:02,2680,-86
1340.05,00:03,2680,-84
1340.1,00:04,2680,-83
1340.51,00:02,2681,-86
1340.55,00:03,2681,-84
1340.6,00:04,2681,-83
1341.01,00:02,2682,-86
1341.05,00:03,2682,-84
1341.1,00:04,2682,-82
1341.51,00:02,2683,-86
1341.55,00:03,2683,-84
1341.6,00:04,2683,-82
1342.01,00:02,2684,-86
1342.05,00:03,2684,-84
1342.1,00:04,2684,-82
1342.51,00:02,2685,-86
1342.55,00:03,2685,-84
1342.6,00:04,2685,-82
1343.01,00:02,2686,-86
1343.05,00:03,2686,-84
1343.1,00:04,2686,-82
1343.51,00:02,2687,-86
1343.55,00:03,2687,-84
1343.6,00:04,2687,-82
1344.01,00:02,2688,-86
1344.05,00:03,2688,-84
1344.1,00:04,2688,-82
1344.51,00:02,2689,-86
1344.55,00:03,2689,-84
1344.6,00:04,2689,-82
1345.01,00:02,2690,-86
1345.05,00:03,2690,-84
1345.1,00:04,2690,-82
1345.51,00:02,2691,-86
1345.55,00:03,2691,-84
1345.6,00:04,2691,-82
1346.01,00:02,2692,-86
1346.05,00:03,2692,-84
1346.1,00:04,2692,-81
1346.51,00:02,2693,-86
1346.55,00:03,2693,-84
1346.6,00:04,2693,-81
1347.01,00:02,2694,-93
1347.05,00:03,2694,-91
1347.1,00:04,2694,-88
1347.51,00:02,2695,-93
1347.55,00:03,2695,-91
1347.6,00:04,2695,-88
1348.01,00:02,2696,-94
1348.05,00:03,2696,-90
1348.1,00:04,2696,-88
1348.51,00:02,2697,-94
1348.55,00:03,2697,-90
1348.6,00:04,2697,-88
1349.01,00:02,2698,-94
1349.05,00:03,2698,-90
1349.1,00:04,2698,-87
1349.51,00:02,2699,-94
1349.55,00:03,2699,-90
1349.6,00:04,2699,-87
1350.01,00:02,2700,-94
1350.05,00:03,2700,-90
1350.1,00:04,2700,-87
1350.51,00:02,2701,-94
1350.55,00:03,2701,-90
1350.6,00:04,2701,-87
1351.01,00:02,2702,-94
1351.05,00:03,2702,-90
1351.1,00:04,2702,-87
1351.51,00:02,2703,-94
1351.55,00:03,2703,-90
1351.6,00:04,2703,-86
1352.01,00:02,2704,-94
1352.05,00:03,2704,-90
1352.1,00:04,2704,-86
1352.51,00:02,2705,-94
1352.55,00:03,2705,-90
1352.6,00:04,2705,-86
1353.01,00:02,2706,-94
1353.05,00:03,2706,-90
1353.1,00:04,2706,-86
1353.51,00:02,2707,-94
1353.55,00:03,2707,-90
1353.6,00:04,2707,-86
1354.01,00:02,2708,-94
1354.05,00:03,2708,-90
1354.1,00:04,2708,-85
1354.51,00:02,2709,-94
1354.55,00:03,2709,-90
1354.6,00:04,2709,-85
1355.01,00:02,2710,-94
1355.05,00:03,2710,-90
1355.1,00:04,2710,-85
1355.51,00:02,2711,-94
1355.55,00:03,2711,-90
1355.6,00:04,2711,-85
1356.01,00:02,2712,-94
1356.05,00:03,2712,-90
1356.1,00:04,2712,-85
1356.51,00:02,2713,-94
1356.55,00:03,2713,-89
1356.6,00:04,2713,-84
1357.01,00:02,2714,-94
1357.05,00:03,2714,-89
1357.1,00:04,2714,-84
1357.51,00:02,2715,-94
1357.55,00:03,2715,-89
1357.6,00:04,2715,-84
1358.01,00:02,2716,-94
1358.05,00:03,2716,-89
1358.1,00:04,2716,-84
1358.51,00:02,2717,-94
1358.55,00:03,2717,-89
1358.6,00:04,2717,-84
1359.01,00:02,2718,-87
1359.05,00:03,2718,-82
1359.1,00:04,2718,-76
1359.51,00:02,2719,-87
1359.55,00:03,2719,-82
1359.6,00:04,2719,-76
1360.01,00:02,2720,-87
1360.05,00:03,2720,-82
1360.1,00:04,2720,-76
1360.51,00:02,2721,-87
1360.55,00:03,2721,-82
1360.6,00:04,2721,-76
1361.01,00:02,2722,-87
1361.05,00:03,2722,-82
1361.1,00:04,2722,-75
1361.51,00:02,2723,-87
1361.55,00:03,2723,-82
1361.6,00:04,2723,-75
1362.01,00:02,2724,-87
1362.05,00:03,2724,-82
1362.1,00:04,2724,-75
1362.51,00:02,2725,-87
1362.55,00:03,2725,-82
1362.6,00:04,2725,-75
1363.01,00:02,2726,-87
1363.05,00:03,2726,-82
1363.1,00:04,2726,-75
1363.51,00:02,2727,-87
1363.55,00:03,2727,-82
1363.6,00:04,2727,-74
1364.01,00:02,2728,-87
1364.05,00:03,2728,-82
1364.1,00:04,2728,-74
1364.51,00:02,2729,-87
1364.55,00:03,2729,-82
1364.6,00:04,2729,-74
1365.01,00:02,2730,-87
1365.05,00:03,2730,-81
1365.1,00:04,2730,-74
1365.51,00:02,2731,-87
1365.55,00:03,2731,-81
1365.6,00:04,2731,-73
1366.01,00:02,2732,-87
1366.05,00:03,2732,-81
1366.1,00:04,2732,-73
1366.51,00:02,2733,-87
1366.55,00:03,2733,-81
1366.6,00:04,2733,-73
1367.01,00:02,2734,-87
1367.05,00:03,2734,-81
1367.1,00:04,2734,-73
1367.51,00:02,2735,-87
1367.55,00:03,2735,-81
1367.6,00:04,2735,-72
1368.01,00:02,2736,-87
1368.05,00:03,2736,-81
1368.1,00:04,2736,-72
1368.51,00:02,2737,-87
1368.55,00:03,2737,-81
1368.6,00:04,2737,-72
1369.01,00:02,2738,-87
1369.05,00:03,2738,-81
1369.1,00:04,2738,-72
1369.51,00:02,2739,-87
1369.55,00:03,2739,-81
1369.6,00:04,2739,-71
1370.01,00:02,2740,-88
1370.05,00:03,2740,-81
1370.1,00:04,2740,-71
1370.51,00:02,2741,-88
1370.55,00:03,2741,-81
1370.6,00:04,2741,-71
1371.01,00:02,2742,-88
1371.05,00:03,2742,-81
1371.1,00:04,2742,-71
1371.51,00:02,2743,-88
1371.55,00:03,2743,-81
1371.6,00:04,2743,-70
1372.01,00:02,2744,-88
1372.05,00:03,2744,-81
1372.1,00:04,2744,-70
1372.51,00:02,2745,-88
1372.55,00:03,2745,-81
1372.6,00:04,2745,-70
1373.01,00:02,2746,-88
1373.05,00:03,2746,-81
1373.1,00:04,2746,-70
1373.51,00:02,2747,-88
1373.55,00:03,2747,-80
1373.6,00:04,2747,-69
1374.01,00:02,2748,-88
1374.05,00:03,2748,-80
1374.1,00:04,2748,-69
1374.51,00:02,2749,-88
1374.55,00:03,2749,-80
1374.6,00:04,2749,-69
1375.01,00:02,2750,-88
1375.05,00:03,2750,-80
1375.1,00:04,2750,-69
1375.51,00:02,2751,-88
1375.55,00:03,2751,-80
1375.6,00:04,2751,-68
1376.01,00:02,2752,-88
1376.05,00:03,2752,-80
1376.1,00:04,2752,-68
1376.51,00:02,2753,-88
1376.55,00:03,2753,-80
1376.6,00:04,2753,-68
1377.01,00:02,2754,-88
1377.05,00:03,2754,-80
1377.1,00:04,2754,-68
1377.51,00:02,2755,-88
1377.55,00:03,2755,-80
1377.6,00:04,2755,-67
1378.01,00:02,2756,-88
1378.05,00:03,2756,-80
1378.1,00:04,2756,-67
1378.51,00:02,2757,-88
1378.55,00:03,2757,-80
1378.6,00:04,2757,-67
1379.01,00:02,2758,-88
1379.05,00:03,2758,-80
1379.1,00:04,2758,-67
1379.51,00:02,2759,-88
1379.55,00:03,2759,-80
1379.6,00:04,2759,-67
1380.01,00:02,2760,-88
1380.05,00:03,2760,-80
1380.1,00:04,2760,-66
1380.51,00:02,2761,-88
1380.55,00:03,2761,-80
1380.6,00:04,2761,-66
1381.01,00:02,2762,-88
1381.05,00:03,2762,-80
1381.1,00:04,2762,-66
1381.51,00:02,2763,-89
1381.55,00:03,2763,-80
1381.6,00:04,2763,-66
1382.01,00:02,2764,-89
1382.05,00:03,2764,-79
1382.1,00:04,2764,-66
1382.51,00:02,2765,-89
1382.55,00:03,2765,-79
1382.6,00:04,2765,-65
1383.01,00:02,2766,-89
1383.05,00:03,2766,-79
1383.1,00:04,2766,-65
1383.51,00:02,2767,-89
1383.55,00:03,2767,-79
1383.6,00:04,2767,-65
1384.01,00:02,2768,-89
1384.05,00:03,2768,-79
1384.1,00:04,2768,-65
1384.51,00:02,2769,-89
1384.55,00:03,2769,-79
1384.6,00:04,2769,-65
1385.01,00:02,2770,-89
1385.05,00:03,2770,-79
1385.1,00:04,2770,-65
1385.51,00:02,2771,-89
1385.55,00:03,2771,-79
1385.6,00:04,2771,-65
1386.01,00:02,2772,-89
1386.05,00:03,2772,-79
1386.1,00:04,2772,-65
1386.51,00:02,2773,-89
1386.55,00:03,2773,-79
1386.6,00:04,2773,-65
1387.01,00:02,2774,-89
1387.05,00:03,2774,-79
1387.1,00:04,2774,-65
1387.51,00:02,2775,-89
1387.54,00:03,2775,-79
1387.6,00:04,2775,-65
1388.01,00:02,2776,-89
1388.04,00:03,2776,-79
1388.1,00:04,2776,-65
1388.51,00:02,2777,-89
1388.55,00:03,2777,-79
1388.6,00:04,2777,-65
1389.01,00:02,2778,-89
1389.05,00:03,2778,-79
1389.1,00:04,2778,-65
1389.51,00:02,2779,-89
1389.55,00:03,2779,-79
1389.6,00:04,2779,-65
1390.01,00:02,2780,-89
1390.05,00:03,2780,-79
1390.1,00:04,2780,-65
1390.51,00:02,2781,-89
1390.55,00:03,2781,-79
1390.6,00:04,2781,-65
1391.01,00:02,2782,-89
1391.05,00:03,2782,-78
1391.1,00:04,2782,-65
1391.51,00:02,2783,-90
1391.55,00:03,2783,-78
1391.6,00:04,2783,-65
1392.01,00:02,2784,-90
1392.05,00:03,2784,-78
1392.1,00:04,2784,-65
1392.51,00:02,2785,-90
1392.55,00:03,2785,-78
1392.6,00:04,2785,-65
1393.01,00:02,2786,-90
1393.05,00:03,2786,-78
1393.1,00:04,2786,-65
1393.51,00:02,2787,-90
1393.55,00:03,2787,-78
1393.6,00:04,2787,-65
1394.01,00:02,2788,-90
1394.05,00:03,2788,-78
1394.1,00:04,2788,-65
1394.51,00:02,2789,-90
1394.55,00:03,2789,-78
1394.6,00:04,2789,-65
1395.01,00:02,2790,-90
1395.05,00:03,2790,-78
1395.1,00:04,2790,-65
1395.51,00:02,2791,-90
1395.55,00:03,2791,-78
1395.6,00:04,2791,-65
1396.01,00:02,2792,-90
1396.05,00:03,2792,-78
1396.1,00:04,2792,-66
1396.51,00:02,2793,-90
1396.55,00:03,2793,-78
1396.6,00:04,2793,-66
1397.01,00:02,2794,-90
1397.05,00:03,2794,-78
1397.1,00:04,2794,-66
1397.51,00:02,2795,-90
1397.55,00:03,2795,-78
1397.6,00:04,2795,-66
1398.01,00:02,2796,-90
1398.05,00:03,2796,-78
1398.1,00:04,2796,-66
1398.51,00:02,2797,-90
1398.55,00:03,2797,-78
1398.6,00:04,2797,-67
1399.01,00:02,2798,-90
1399.05,00:03,2798,-78
1399.1,00:04,2798,-67
1399.51,00:02,2799,-90
1399.55,00:03,2799,-78
1399.6,00:04,2799,-67
1400.01,00:02,2800,-90
1400.05,00:03,2800,-78
1400.1,00:04,2800,-67
1400.51,00:02,2801,-91
1400.55,00:03,2801,-78
1400.6,00:04,2801,-68
1401.01,00:02,2802,-91
1401.05,00:03,2802,-78
1401.1,00:04,2802,-68
1401.51,00:02,2803,-91
1401.55,00:03,2803,-77
1401.6,00:04,2803,-68
1402.01,00:02,2804,-91
1402.05,00:03,2804,-77
1402.1,00:04,2804,-68
1402.51,00:02,2805,-91
1402.55,00:03,2805,-77
1402.6,00:04,2805,-68
1403.01,00:02,2806,-91
1403.05,00:03,2806,-77
1403.1,00:04,2806,-69
1403.51,00:02,2807,-91
1403.55,00:03,2807,-77
1403.6,00:04,2807,-69
1404.01,00:02,2808,-91
1404.05,00:03,2808,-77
1404.1,00:04,2808,-69
1404.51,00:02,2809,-91
1404.55,00:03,2809,-77
1404.6,00:04,2809,-69
1405.01,00:02,2810,-91
1405.05,00:03,2810,-77
1405.1,00:04,2810,-70
1405.51,00:02,2811,-91
1405.55,00:03,2811,-77
1405.6,00:04,2811,-70
1406.01,00:02,2812,-91
1406.05,00:03,2812,-77
1406.1,00:04,2812,-70
1406.51,00:02,2813,-91
1406.55,00:03,2813,-77
1406.6,00:04,2813,-70
1407.01,00:02,2814,-91
1407.05,00:03,2814,-77
1407.1,00:04,2814,-71
1407.51,00:02,2815,-91
1407.55,00:03,2815,-77
1407.6,00:04,2815,-71
1408.01,00:02,2816,-91
1408.05,00:03,2816,-77
1408.1,00:04,2816,-71
1408.51,00:02,2817,-91
1408.55,00:03,2817,-77
1408.6,00:04,2817,-72
1409.01,00:02,2818,-92
1409.05,00:03,2818,-77
1409.1,00:04,2818,-72
1409.51,00:02,2819,-92
1409.55,00:03,2819,-77
1409.6,00:04,2819,-72
1410.01,00:02,2820,-92
1410.05,00:03,2820,-77
1410.1,00:04,2820,-72
1410.51,00:02,2821,-92
1410.55,00:03,2821,-77
1410.6,00:04,2821,-72
1411.01,00:02,2822,-92
1411.05,00:03,2822,-77
1411.1,00:04,2822,-73
1411.51,00:02,2823,-92
1411.55,00:03,2823,-77
1411.6,00:04,2823,-73
1412.01,00:02,2824,-92
1412.05,00:03,2824,-77
1412.1,00:04,2824,-73
1412.51,00:02,2825,-92
1412.55,00:03,2825,-77
1412.6,00:04,2825,-73
1413.01,00:02,2826,-92
1413.05,00:03,2826,-77
1413.1,00:04,2826,-74
1413.51,00:02,2827,-92
1413.55,00:03,2827,-77
1413.6,00:04,2827,-74
1414.01,00:02,2828,-92
1414.05,00:03,2828,-77
1414.1,00:04,2828,-74
1414.51,00:02,2829,-92
1414.55,00:03,2829,-77
1414.6,00:04,2829,-74
1415.01,00:02,2830,-99
1415.05,00:03,2830,-83
1415.1,00:04,2830,-82
1415.51,00:02,2831,-99
1415.55,00:03,2831,-83
1415.6,00:04,2831,-82
1416.01,00:02,2832,-99
1416.05,00:03,2832,-83
1416.1,00:04,2832,-82
1416.51,00:02,2833,-99
1416.55,00:03,2833,-83
1416.6,00:04,2833,-82
1417.01,00:02,2834,-99
1417.05,00:03,2834,-83
1417.1,00:04,2834,-83
1417.51,00:02,2835,-100
1417.55,00:03,2835,-83
1417.6,00:04,2835,-83
1418.01,00:02,2836,-100
1418.05,00:03,2836,-83
1418.1,00:04,2836,-83
1418.51,00:02,2837,-100
1418.55,00:03,2837,-83
1418.6,00:04,2837,-83
1419.01,00:02,2838,-100
1419.05,00:03,2838,-83
1419.1,00:04,2838,-83
1419.51,00:02,2839,-100
1419.55,00:03,2839,-83
1419.6,00:04,2839,-84
1420.01,00:02,2840,-100
1420.05,00:03,2840,-83
1420.1,00:04,2840,-84
1420.51,00:02,2841,-100
1420.55,00:03,2841,-83
1420.6,00:04,2841,-84
1421.01,00:02,2842,-100
1421.05,00:03,2842,-83
1421.1,00:04,2842,-84
1421.51,00:02,2843,-100
1421.55,00:03,2843,-83
1421.6,00:04,2843,-85
1422.01,00:02,2844,-100
1422.05,00:03,2844,-83
1422.1,00:04,2844,-85
1422.51,00:02,2845,-100
1422.55,00:03,2845,-83
1422.6,00:04,2845,-85
1423.01,00:02,2846,-100
1423.05,00:03,2846,-83
1423.1,00:04,2846,-85
1423.51,00:02,2847,-100
1423.55,00:03,2847,-83
1423.6,00:04,2847,-85
1424.01,00:02,2848,-100
1424.05,00:03,2848,-83
1424.1,00:04,2848,-86
1424.51,00:02,2849,-100
1424.55,00:03,2849,-83
1424.6,00:04,2849,-86
1425.01,00:02,2850,-100
1425.05,00:03,2850,-83
1425.1,00:04,2850,-86
1425.51,00:02,2851,-101
1425.55,00:03,2851,-83
1425.6,00:04,2851,-86
1426.01,00:02,2852,-101
1426.05,00:03,2852,-83
1426.1,00:04,2852,-86
1426.51,00:02,2853,-101
1426.55,00:03,2853,-83
1426.6,00:04,2853,-87
1427.01,00:02,2854,-101
1427.05,00:03,2854,-83
1427.1,00:04,2854,-87
1427.51,00:02,2855,-101
1427.55,00:03,2855,-83
1427.6,00:04,2855,-87
1428.01,00:02,2856,-101
1428.05,00:03,2856,-83
1428.1,00:04,2856,-87
1428.51,00:02,2857,-101
1428.55,00:03,2857,-83
1428.6,00:04,2857,-87
1429.01,00:02,2858,-101
1429.05,00:03,2858,-83
1429.1,00:04,2858,-87
1429.51,00:02,2859,-101
1429.55,00:03,2859,-83
1429.6,00:04,2859,-88
1430.01,00:02,2860,-101
1430.05,00:03,2860,-83
1430.1,00:04,2860,-88
1430.51,00:02,2861,-101
1430.55,00:03,2861,-83
1430.6,00:04,2861,-88
1431.01,00:02,2862,-94
1431.05,00:03,2862,-76
1431.1,00:04,2862,-81
1431.51,00:02,2863,-94
1431.55,00:03,2863,-76
1431.6,00:04,2863,-81
1432.01,00:02,2864,-94
1432.05,00:03,2864,-76
1432.1,00:04,2864,-82
1432.51,00:02,2865,-94
1432.55,00:03,2865,-76
1432.6,00:04,2865,-82
1433.01,00:02,2866,-94
1433.05,00:03,2866,-76
1433.1,00:04,2866,-82
1433.51,00:02,2867,-94
1433.55,00:03,2867,-76
1433.6,00:04,2867,-82
1434.01,00:02,2868,-95
1434.05,00:03,2868,-76
1434.1,00:04,2868,-82
1434.51,00:02,2869,-95
1434.55,00:03,2869,-76
1434.6,00:04,2869,-82
1435.01,00:02,2870,-95
1435.05,00:03,2870,-76
1435.1,00:04,2870,-82
1435.51,00:02,2871,-95
1435.55,00:03,2871,-76
1435.6,00:04,2871,-82
1436.01,00:02,2872,-95
1436.05,00:03,2872,-76
1436.1,00:04,2872,-82
1436.51,00:02,2873,-95
1436.55,00:03,2873,-77
1436.6,00:04,2873,-82
1437.01,00:02,2874,-95
1437.05,00:03,2874,-77
1437.1,00:04,2874,-82
1437.51,00:02,2875,-95
1437.55,00:03,2875,-77
1437.6,00:04,2875,-82
1438.01,00:02,2876,-95
1438.05,00:03,2876,-77
1438.1,00:04,2876,-82
1438.51,00:02,2877,-95
1438.55,00:03,2877,-77
1438.6,00:04,2877,-82
1439.01,00:02,2878,-95
1439.05,00:03,2878,-77
1439.1,00:04,2878,-82
1439.51,00:02,2879,-95
1439.55,00:03,2879,-77
1439.6,00:04,2879,-82
1440.01,00:02,2880,-95
1440.05,00:03,2880,-77
1440.1,00:04,2880,-82
1440.51,00:02,2881,-95
1440.55,00:03,2881,-77
1440.6,00:04,2881,-81
1441.01,00:02,2882,-95
1441.05,00:03,2882,-77
1441.1,00:04,2882,-81
1441.51,00:02,2883,-95
1441.55,00:03,2883,-77
1441.6,00:04,2883,-81
1442.01,00:02,2884,-95
1442.05,00:03,2884,-77
1442.1,00:04,2884,-81
1442.51,00:02,2885,-95
1442.54,00:03,2885,-77
1442.6,00:04,2885,-81
1443.01,00:02,2886,-102
1443.05,00:03,2886,-84
1443.1,00:04,2886,-87
1443.51,00:02,2887,-102
1443.55,00:03,2887,-84
1443.6,00:04,2887,-87
1444.01,00:02,2888,-102
1444.05,00:03,2888,-84
1444.1,00:04,2888,-87
1444.51,00:02,2889,-101
1444.55,00:03,2889,-84
1444.6,00:04,2889,-87
1445.01,00:02,2890,-101
1445.05,00:03,2890,-84
1445.1,00:04,2890,-87
1445.51,00:02,2891,-101
1445.55,00:03,2891,-84
1445.6,00:04,2891,-86
1446.01,00:02,2892,-101
1446.05,00:03,2892,-84
1446.1,00:04,2892,-86
1446.51,00:02,2893,-101
1446.55,00:03,2893,-84
1446.6,00:04,2893,-86
1447.01,00:02,2894,-101
1447.05,00:03,2894,-84
1447.1,00:04,2894,-86
1447.51,00:02,2895,-101
1447.55,00:03,2895,-84
1447.6,00:04,2895,-86
1448.01,00:02,2896,-101
1448.05,00:03,2896,-84
1448.1,00:04,2896,-85
1448.51,00:02,2897,-101
1448.55,00:03,2897,-84
1448.6,00:04,2897,-85
1449.01,00:02,2898,-101
1449.04,00:03,2898,-84
1449.1,00:04,2898,-85
1449.51,00:02,2899,-101
1449.55,00:03,2899,-84
1449.6,00:04,2899,-85
1450.01,00:02,2900,-101
1450.05,00:03,2900,-84
1450.1,00:04,2900,-85
1450.51,00:02,2901,-101
1450.55,00:03,2901,-84
1450.6,00:04,2901,-84
1451.01,00:02,2902,-101
1451.05,00:03,2902,-84
1451.1,00:04,2902,-84
1451.51,00:02,2903,-101
1451.55,00:03,2903,-84
1451.6,00:04,2903,-84
1452.01,00:02,2904,-101
1452.05,00:03,2904,-84
1452.1,00:04,2904,-84
1452.51,00:02,2905,-101
1452.55,00:03,2905,-84
1452.6,00:04,2905,-83
1453.01,00:02,2906,-101
1453.05,00:03,2906,-84
1453.1,00:04,2906,-83
1453.51,00:02,2907,-100
1453.55,00:03,2907,-84
1453.6,00:04,2907,-83
1454.01,00:02,2908,-100
1454.05,00:03,2908,-84
1454.1,00:04,2908,-83
1454.51,00:02,2909,-100
1454.55,00:03,2909,-84
1454.6,00:04,2909,-82
1455.01,00:02,2910,-100
1455.05,00:03,2910,-84
1455.1,00:04,2910,-82
1455.51,00:02,2911,-100
1455.55,00:03,2911,-84
1455.6,00:04,2911,-82
1456.01,00:02,2912,-100
1456.05,00:03,2912,-84
1456.1,00:04,2912,-82
1456.51,00:02,2913,-100
1456.55,00:03,2913,-84
1456.6,00:04,2913,-81
1457.01,00:02,2914,-100
1457.05,00:03,2914,-84
1457.1,00:04,2914,-81
1457.51,00:02,2915,-100
1457.55,00:03,2915,-84
1457.6,00:04,2915,-81
1458.01,00:02,2916,-100
1458.05,00:03,2916,-85
1458.1,00:04,2916,-81
1458.51,00:02,2917,-100
1458.54,00:03,2917,-85
1458.6,00:04,2917,-80
1459.01,00:02,2918,-93
1459.05,00:03,2918,-78
1459.1,00:04,2918,-73
1459.51,00:02,2919,-93
1459.54,00:03,2919,-78
1459.6,00:04,2919,-73
1460.01,00:02,2920,-93
1460.05,00:03,2920,-78
1460.1,00:04,2920,-73
1460.51,00:02,2921,-93
1460.55,00:03,2921,-78
1460.6,00:04,2921,-72
1461.01,00:02,2922,-93
1461.05,00:03,2922,-78
1461.1,00:04,2922,-72
1461.51,00:02,2923,-93
1461.55,00:03,2923,-78
1461.6,00:04,2923,-72
1462.01,00:02,2924,-93
1462.05,00:03,2924,-78
1462.1,00:04,2924,-71
1462.51,00:02,2925,-92
1462.55,00:03,2925,-78
1462.6,00:04,2925,-71
1463.01,00:02,2926,-92
1463.05,00:03,2926,-78
1463.1,00:04,2926,-71
1463.51,00:02,2927,-92
1463.55,00:03,2927,-78
1463.6,00:04,2927,-71
1464.01,00:02,2928,-92
1464.05,00:03,2928,-78
1464.1,00:04,2928,-70
1464.51,00:02,2929,-92
1464.55,00:03,2929,-78
1464.6,00:04,2929,-70
1465.01,00:02,2930,-92
1465.05,00:03,2930,-78
1465.1,00:04,2930,-70
1465.51,00:02,2931,-92
1465.55,00:03,2931,-78
1465.6,00:04,2931,-69
1466.01,00:02,2932,-92
1466.05,00:03,2932,-78
1466.1,00:04,2932,-69
1466.51,00:02,2933,-92
1466.55,00:03,2933,-78
1466.6,00:04,2933,-69
1467.01,00:02,2934,-92
1467.05,00:03,2934,-78
1467.1,00:04,2934,-68
1467.51,00:02,2935,-92
1467.55,00:03,2935,-78
1467.6,00:04,2935,-68
1468.01,00:02,2936,-92
1468.05,00:03,2936,-78
1468.1,00:04,2936,-68
1468.51,00:02,2937,-92
1468.55,00:03,2937,-78
1468.6,00:04,2937,-67
1469.01,00:02,2938,-92
1469.04,00:03,2938,-78
1469.1,00:04,2938,-67
1469.51,00:02,2939,-92
1469.55,00:03,2939,-78
1469.6,00:04,2939,-67
1470.01,00:02,2940,-92
1470.05,00:03,2940,-78
1470.1,00:04,2940,-66
1470.51,00:02,2941,-92
1470.55,00:03,2941,-78
1470.6,00:04,2941,-66
1471.01,00:02,2942,-92
1471.05,00:03,2942,-78
1471.1,00:04,2942,-66
1471.51,00:02,2943,-91
1471.55,00:03,2943,-78
1471.6,00:04,2943,-65
1472.01,00:02,2944,-91
1472.04,00:03,2944,-78
1472.1,00:04,2944,-65
1472.51,00:02,2945,-91
1472.54,00:03,2945,-78
1472.6,00:04,2945,-65
1473.01,00:02,2946,-91
1473.05,00:03,2946,-79
1473.1,00:04,2946,-65
1473.51,00:02,2947,-91
1473.55,00:03,2947,-79
1473.6,00:04,2947,-64
1474.01,00:02,2948,-91
1474.05,00:03,2948,-79
1474.1,00:04,2948,-64
1474.51,00:02,2949,-91
1474.55,00:03,2949,-79
1474.6,00:04,2949,-64
1475.01,00:02,2950,-91
1475.05,00:03,2950,-79
1475.1,00:04,2950,-64
1475.51,00:02,2951,-91
1475.55,00:03,2951,-79
1475.6,00:04,2951,-64
1476.01,00:02,2952,-91
1476.05,00:03,2952,-79
1476.1,00:04,2952,-63
1476.51,00:02,2953,-91
1476.54,00:03,2953,-79
1476.6,00:04,2953,-63
1477.01,00:02,2954,-91
1477.05,00:03,2954,-79
1477.1,00:04,2954,-63
1477.51,00:02,2955,-91
1477.55,00:03,2955,-79
1477.6,00:04,2955,-63
1478.01,00:02,2956,-91
1478.05,00:03,2956,-79
1478.1,00:04,2956,-63
1478.51,00:02,2957,-91
1478.55,00:03,2957,-79
1478.6,00:04,2957,-62
1479.01,00:02,2958,-91
1479.05,00:03,2958,-79
1479.1,00:04,2958,-62
1479.51,00:02,2959,-91
1479.55,00:03,2959,-79
1479.6,00:04,2959,-62
1480.01,00:02,2960,-91
1480.05,00:03,2960,-79
1480.1,00:04,2960,-62
1480.51,00:02,2961,-91
1480.55,00:03,2961,-79
1480.6,00:04,2961,-62
1481.01,00:02,2962,-91
1481.05,00:03,2962,-79
1481.1,00:04,2962,-62
1481.51,00:02,2963,-90
1481.55,00:03,2963,-79
1481.6,00:04,2963,-62
1482.01,00:02,2964,-90
1482.05,00:03,2964,-79
1482.1,00:04,2964,-62
1482.51,00:02,2965,-90
1482.55,00:03,2965,-79
1482.6,00:04,2965,-61
1483.01,00:02,2966,-90
1483.05,00:03,2966,-79
1483.1,00:04,2966,-61
1483.51,00:02,2967,-90
1483.55,00:03,2967,-79
1483.6,00:04,2967,-61
1484.01,00:02,2968,-90
1484.05,00:03,2968,-79
1484.1,00:04,2968,-61
1484.51,00:02,2969,-90
1484.55,00:03,2969,-80
1484.6,00:04,2969,-61
1485.01,00:02,2970,-90
1485.05,00:03,2970,-80
1485.1,00:04,2970,-61
1485.51,00:02,2971,-90
1485.55,00:03,2971,-80
1485.6,00:04,2971,-61
1486.01,00:02,2972,-90
1486.05,00:03,2972,-80
1486.1,00:04,2972,-61
1486.51,00:02,2973,-90
1486.55,00:03,2973,-80
1486.6,00:04,2973,-61
1487.01,00:02,2974,-90
1487.05,00:03,2974,-80
1487.1,00:04,2974,-61
1487.51,00:02,2975,-90
1487.55,00:03,2975,-80
1487.6,00:04,2975,-62
1488.01,00:02,2976,-90
1488.05,00:03,2976,-80
1488.1,00:04,2976,-62
1488.51,00:02,2977,-90
1488.55,00:03,2977,-80
1488.6,00:04,2977,-62
1489.01,00:02,2978,-90
1489.05,00:03,2978,-80
1489.1,00:04,2978,-62
1489.51,00:02,2979,-90
1489.55,00:03,2979,-80
1489.6,00:04,2979,-62
1490.01,00:02,2980,-90
1490.05,00:03,2980,-80
1490.1,00:04,2980,-62
1490.51,00:02,2981,-90
1490.55,00:03,2981,-80
1490.6,00:04,2981,-62
1491.01,00:02,2982,-90
1491.05,00:03,2982,-80
1491.1,00:04,2982,-62
1491.51,00:02,2983,-90
1491.55,00:03,2983,-80
1491.6,00:04,2983,-63
1492.01,00:02,2984,-89
1492.05,00:03,2984,-80
1492.1,00:04,2984,-63
1492.51,00:02,2985,-89
1492.55,00:03,2985,-80
1492.6,00:04,2985,-63
1493.01,00:02,2986,-89
1493.05,00:03,2986,-80
1493.1,00:04,2986,-63
1493.51,00:02,2987,-89
1493.55,00:03,2987,-80
1493.6,00:04,2987,-63
1494.01,00:02,2988,-89
1494.05,00:03,2988,-80
1494.1,00:04,2988,-63
1494.51,00:02,2989,-89
1494.55,00:03,2989,-81
1494.6,00:04,2989,-64
1495.01,00:02,2990,-89
1495.04,00:03,2990,-81
1495.1,00:04,2990,-64
1495.51,00:02,2991,-89
1495.55,00:03,2991,-81
1495.6,00:04,2991,-64
1496.01,00:02,2992,-89
1496.05,00:03,2992,-81
1496.1,00:04,2992,-64
1496.51,00:02,2993,-89
1496.55,00:03,2993,-81
1496.6,00:04,2993,-64
1497.01,00:02,2994,-89
1497.05,00:03,2994,-81
1497.1,00:04,2994,-65
1497.51,00:02,2995,-89
1497.54,00:03,2995,-81
1497.6,00:04,2995,-65
1498.01,00:02,2996,-89
1498.05,00:03,2996,-81
1498.1,00:04,2996,-65
1498.51,00:02,2997,-89
1498.55,00:03,2997,-81
1498.6,00:04,2997,-65
1499.01,00:02,2998,-89
1499.05,00:03,2998,-81
1499.1,00:04,2998,-66
1499.51,00:02,2999,-89
1499.55,00:03,2999,-81
1499.6,00:04,2999,-66
1500.01,00:02,3000,-89
1500.05,00:03,3000,-81
1500.1,00:04,3000,-66
1500.51,00:02,3001,-89
1500.55,00:03,3001,-81
1500.6,00:04,3001,-67
1501.01,00:02,3002,-89
1501.05,00:03,3002,-81
1501.1,00:04,3002,-67
1501.51,00:02,3003,-89
1501.55,00:03,3003,-81
1501.6,00:04,3003,-67
1502.01,00:02,3004,-89
1502.05,00:03,3004,-81
1502.1,00:04,3004,-68
1502.51,00:02,3005,-89
1502.55,00:03,3005,-81
1502.6,00:04,3005,-68
1503.01,00:02,3006,-89
1503.05,00:03,3006,-81
1503.1,00:04,3006,-68
1503.51,00:02,3007,-89
1503.55,00:03,3007,-81
1503.6,00:04,3007,-69
1504.01,00:02,3008,-89
1504.05,00:03,3008,-82
1504.1,00:04,3008,-69
1504.51,00:02,3009,-89
1504.54,00:03,3009,-82
1504.6,00:04,3009,-69
1505.01,00:02,3010,-88
1505.05,00:03,3010,-82
1505.1,00:04,3010,-70
1505.51,00:02,3011,-88
1505.55,00:03,3011,-82
1505.6,00:04,3011,-70
1506.01,00:02,3012,-88
1506.05,00:03,3012,-82
1506.1,00:04,3012,-70
1506.51,00:02,3013,-88
1506.55,00:03,3013,-82
1506.6,00:04,3013,-71
1507.01,00:02,3014,-88
1507.05,00:03,3014,-82
1507.1,00:04,3014,-71
1507.51,00:02,3015,-88
1507.55,00:03,3015,-82
1507.6,00:04,3015,-71
1508.01,00:02,3016,-88
1508.05,00:03,3016,-82
1508.1,00:04,3016,-72
1508.51,00:02,3017,-88
1508.55,00:03,3017,-82
1508.6,00:04,3017,-72
1509.01,00:02,3018,-88
1509.05,00:03,3018,-82
1509.1,00:04,3018,-72
1509.51,00:02,3019,-88
1509.55,00:03,3019,-82
1509.6,00:04,3019,-72
1510.01,00:02,3020,-88
1510.05,00:03,3020,-82
1510.1,00:04,3020,-73
1510.51,00:02,3021,-88
1510.55,00:03,3021,-82
1510.6,00:04,3021,-73
1511.01,00:02,3022,-88
1511.04,00:03,3022,-82
1511.1,00:04,3022,-73
1511.51,00:02,3023,-88
1511.55,00:03,3023,-82
1511.6,00:04,3023,-74
1512.01,00:02,3024,-88
1512.05,00:03,3024,-82
1512.1,00:04,3024,-74
1512.51,00:02,3025,-88
1512.55,00:03,3025,-82
1512.6,00:04,3025,-74
1513.01,00:02,3026,-88
1513.05,00:03,3026,-83
1513.1,00:04,3026,-74
1513.51,00:02,3027,-88
1513.55,00:03,3027,-83
1513.6,00:04,3027,-75
1514.01,00:02,3028,-88
1514.05,00:03,3028,-83
1514.1,00:04,3028,-75
1514.51,00:02,3029,-88
1514.55,00:03,3029,-83
1514.6,00:04,3029,-75
1515.01,00:02,3030,-95
1515.05,00:03,3030,-90
1515.1,00:04,3030,-82
1515.51,00:02,3031,-95
1515.54,00:03,3031,-90
1515.6,00:04,3031,-83
1516.01,00:02,3032,-95
1516.05,00:03,3032,-90
1516.1,00:04,3032,-83
1516.51,00:02,3033,-95
1516.54,00:03,3033,-90
1516.6,00:04,3033,-83
1517.01,00:02,3034,-95
1517.05,00:03,3034,-90
1517.1,00:04,3034,-83
1517.51,00:02,3035,-95
1517.55,00:03,3035,-90
1517.6,00:04,3035,-84
1518.01,00:02,3036,-95
1518.05,00:03,3036,-90
1518.1,00:04,3036,-84
1518.51,00:02,3037,-95
1518.55,00:03,3037,-90
1518.6,00:04,3037,-84
1519.01,00:02,3038,-95
1519.05,00:03,3038,-90
1519.1,00:04,3038,-84
1519.51,00:02,3039,-95
1519.55,00:03,3039,-90
1519.6,00:04,3039,-84
1520.01,00:02,3040,-95
1520.05,00:03,3040,-90
1520.1,00:04,3040,-85
1520.51,00:02,3041,-95
1520.55,00:03,3041,-90
1520.6,00:04,3041,-85
1521.01,00:02,3042,-95
1521.05,00:03,3042,-90
1521.1,00:04,3042,-85
1521.51,00:02,3043,-95
1521.55,00:03,3043,-90
1521.6,00:04,3043,-85
1522.01,00:02,3044,-95
1522.05,00:03,3044,-91
1522.1,00:04,3044,-86
1522.51,00:02,3045,-95
1522.55,00:03,3045,-91
1522.6,00:04,3045,-86
1523.01,00:02,3046,-95
1523.05,00:03,3046,-91
1523.1,00:04,3046,-86
1523.51,00:02,3047,-95
1523.55,00:03,3047,-91
1523.6,00:04,3047,-86
1524.01,00:02,3048,-95
1524.05,00:03,3048,-91
1524.1,00:04,3048,-86
1524.51,00:02,3049,-95
1524.55,00:03,3049,-91
1524.6,00:04,3049,-87
1525.01,00:02,3050,-95
1525.05,00:03,3050,-91
1525.1,00:04,3050,-87
1525.51,00:02,3051,-95
1525.55,00:03,3051,-91
1525.6,00:04,3051,-87
1526.01,00:02,3052,-95
1526.04,00:03,3052,-91
1526.1,00:04,3052,-87
1526.51,00:02,3053,-95
1526.55,00:03,3053,-91
1526.6,00:04,3053,-87
1527.01,00:02,3054,-88
1527.05,00:03,3054,-84
1527.1,00:04,3054,-81
1527.51,00:02,3055,-88
1527.55,00:03,3055,-84
1527.6,00:04,3055,-81
1528.01,00:02,3056,-88
1528.05,00:03,3056,-84
1528.1,00:04,3056,-81
1528.51,00:02,3057,-88
1528.55,00:03,3057,-84
1528.6,00:04,3057,-81
1529.01,00:02,3058,-88
1529.05,00:03,3058,-84
1529.1,00:04,3058,-81
1529.51,00:02,3059,-88
1529.55,00:03,3059,-84
1529.6,00:04,3059,-81
1530.01,00:02,3060,-88
1530.05,00:03,3060,-84
1530.1,00:04,3060,-82
1530.51,00:02,3061,-88
1530.54,00:03,3061,-84
1530.6,00:04,3061,-82
1531.01,00:02,3062,-88
1531.05,00:03,3062,-85
1531.1,00:04,3062,-82
1531.51,00:02,3063,-88
1531.55,00:03,3063,-85
1531.6,00:04,3063,-81
1532.01,00:02,3064,-88
1532.04,00:03,3064,-85
1532.1,00:04,3064,-81
1532.51,00:02,3065,-88
1532.55,00:03,3065,-85
1532.6,00:04,3065,-81
1533.01,00:02,3066,-88
1533.05,00:03,3066,-85
1533.1,00:04,3066,-81
1533.51,00:02,3067,-88
1533.55,00:03,3067,-85
1533.6,00:04,3067,-81
1534.01,00:02,3068,-88
1534.05,00:03,3068,-85
1534.1,00:04,3068,-81
1534.51,00:02,3069,-89
1534.55,00:03,3069,-85
1534.6,00:04,3069,-81
1535.01,00:02,3070,-89
1535.05,00:03,3070,-85
1535.1,00:04,3070,-81
1535.51,00:02,3071,-89
1535.55,00:03,3071,-85
1535.6,00:04,3071,-81
1536.01,00:02,3072,-89
1536.05,00:03,3072,-85
1536.1,00:04,3072,-81
1536.51,00:02,3073,-89
1536.55,00:03,3073,-85
1536.6,00:04,3073,-81
1537.01,00:02,3074,-89
1537.05,00:03,3074,-85
1537.1,00:04,3074,-81
1537.51,00:02,3075,-89
1537.55,00:03,3075,-85
1537.6,00:04,3075,-81
1538.01,00:02,3076,-89
1538.05,00:03,3076,-85
1538.1,00:04,3076,-80
1538.51,00:02,3077,-89
1538.55,00:03,3077,-85
1538.6,00:04,3077,-80
1539.01,00:02,3078,-96
1539.05,00:03,3078,-92
1539.1,00:04,3078,-87
1539.51,00:02,3079,-96
1539.55,00:03,3079,-92
1539.6,00:04,3079,-87
1540.01,00:02,3080,-96
1540.05,00:03,3080,-91
1540.1,00:04,3080,-87
1540.51,00:02,3081,-96
1540.55,00:03,3081,-91
1540.6,00:04,3081,-86
1541.01,00:02,3082,-96
1541.05,00:03,3082,-91
1541.1,00:04,3082,-86
1541.51,00:02,3083,-96
1541.54,00:03,3083,-91
1541.6,00:04,3083,-86
1542.01,00:02,3084,-96
1542.04,00:03,3084,-91
1542.1,00:04,3084,-86
1542.51,00:02,3085,-96
1542.55,00:03,3085,-91
1542.6,00:04,3085,-86
1543.01,00:02,3086,-96
1543.05,00:03,3086,-91
1543.1,00:04,3086,-85
1543.51,00:02,3087,-96
1543.55,00:03,3087,-91
1543.6,00:04,3087,-85
1544.01,00:02,3088,-96
1544.05,00:03,3088,-91
1544.1,00:04,3088,-85
1544.51,00:02,3089,-96
1544.54,00:03,3089,-91
1544.6,00:04,3089,-85
1545.01,00:02,3090,-96
1545.05,00:03,3090,-91
1545.1,00:04,3090,-84
1545.51,00:02,3091,-96
1545.55,00:03,3091,-91
1545.6,00:04,3091,-84
1546.01,00:02,3092,-96
1546.04,00:03,3092,-91
1546.1,00:04,3092,-84
1546.51,00:02,3093,-96
1546.55,00:03,3093,-91
1546.6,00:04,3093,-84
1547.01,00:02,3094,-96
1547.04,00:03,3094,-91
1547.1,00:04,3094,-83
1547.51,00:02,3095,-96
1547.54,00:03,3095,-91
1547.6,00:04,3095,-83
1548.01,00:02,3096,-96
1548.05,00:03,3096,-91
1548.1,00:04,3096,-83
1548.51,00:02,3097,-96
1548.55,00:03,3097,-91
1548.6,00:04,3097,-83
1549.01,00:02,3098,-96
1549.05,00:03,3098,-91
1549.1,00:04,3098,-82
1549.51,00:02,3099,-96
1549.54,00:03,3099,-90
1549.6,00:04,3099,-82
1550.01,00:02,3100,-96
1550.05,00:03,3100,-90
1550.1,00:04,3100,-82
1550.51,00:02,3101,-96
1550.55,00:03,3101,-90
1550.6,00:04,3101,-82
1551.01,00:02,3102,-89
1551.04,00:03,3102,-83
1551.1,00:04,3102,-74
1551.51,00:02,3103,-89
1551.55,00:03,3103,-83
1551.6,00:04,3103,-74
1552.01,00:02,3104,-89
1552.05,00:03,3104,-83
1552.1,00:04,3104,-74
1552.51,00:02,3105,-89
1552.55,00:03,3105,-83
1552.6,00:04,3105,-74
1553.01,00:02,3106,-89
1553.04,00:03,3106,-83
1553.1,00:04,3106,-73
1553.51,00:02,3107,-89
1553.55,00:03,3107,-83
1553.6,00:04,3107,-73
1554.01,00:02,3108,-89
1554.05,00:03,3108,-83
1554.1,00:04,3108,-73
1554.51,00:02,3109,-89
1554.54,00:03,3109,-83
1554.6,00:04,3109,-72
1555.01,00:02,3110,-89
1555.04,00:03,3110,-83
1555.1,00:04,3110,-72
1555.51,00:02,3111,-89
1555.55,00:03,3111,-83
1555.6,00:04,3111,-72
1556.01,00:02,3112,-89
1556.05,00:03,3112,-83
1556.1,00:04,3112,-71
1556.51,00:02,3113,-89
1556.55,00:03,3113,-83
1556.6,00:04,3113,-71
1557.01,00:02,3114,-89
1557.05,00:03,3114,-83
1557.1,00:04,3114,-71
1557.51,00:02,3115,-89
1557.54,00:03,3115,-83
1557.6,00:04,3115,-70
1558.01,00:02,3116,-89
1558.05,00:03,3116,-83
1558.1,00:04,3116,-70
1558.51,00:02,3117,-89
1558.55,00:03,3117,-83
1558.6,00:04,3117,-70
1559.01,00:02,3118,-89
1559.05,00:03,3118,-82
1559.1,00:04,3118,-69
1559.51,00:02,3119,-89
1559.54,00:03,3119,-82
1559.6,00:04,3119,-69
1560.01,00:02,3120,-89
1560.05,00:03,3120,-82
1560.1,00:04,3120,-69
1560.51,00:02,3121,-89
1560.55,00:03,3121,-82
1560.6,00:04,3121,-68
1561.01,00:02,3122,-89
1561.05,00:03,3122,-82
1561.1,00:04,3122,-68
1561.51,00:02,3123,-89
1561.55,00:03,3123,-82
1561.6,00:04,3123,-68
1562.01,00:02,3124,-90
1562.05,00:03,3124,-82
1562.1,00:04,3124,-67
1562.51,00:02,3125,-90
1562.55,00:03,3125,-82
1562.6,00:04,3125,-67
1563.01,00:02,3126,-90
1563.05,00:03,3126,-82
1563.1,00:04,3126,-66
1563.51,00:02,3127,-90
1563.55,00:03,3127,-82
1563.6,00:04,3127,-66
1564.01,00:02,3128,-90
1564.05,00:03,3128,-82
1564.1,00:04,3128,-65
1564.51,00:02,3129,-90
1564.55,00:03,3129,-82
1564.6,00:04,3129,-65
1565.01,00:02,3130,-90
1565.05,00:03,3130,-82
1565.1,00:04,3130,-65
1565.51,00:02,3131,-90
1565.55,00:03,3131,-82
1565.6,00:04,3131,-65
1566.01,00:02,3132,-90
1566.05,00:03,3132,-82
1566.1,00:04,3132,-64
1566.51,00:02,3133,-90
1566.55,00:03,3133,-82
1566.6,00:04,3133,-64
1567.01,00:02,3134,-90
1567.05,00:03,3134,-82
1567.1,00:04,3134,-64
1567.51,00:02,3135,-90
1567.54,00:03,3135,-82
1567.6,00:04,3135,-63
1568.01,00:02,3136,-90
1568.05,00:03,3136,-82
1568.1,00:04,3136,-63
1568.51,00:02,3137,-90
1568.55,00:03,3137,-82
1568.6,00:04,3137,-63
1569.01,00:02,3138,-90
1569.05,00:03,3138,-81
1569.1,00:04,3138,-63
1569.51,00:02,3139,-90
1569.54,00:03,3139,-81
1569.6,00:04,3139,-62
1570.01,00:02,3140,-90
1570.05,00:03,3140,-81
1570.1,00:04,3140,-62
1570.51,00:02,3141,-90
1570.55,00:03,3141,-81
1570.6,00:04,3141,-62
1571.01,00:02,3142,-90
1571.04,00:03,3142,-81
1571.1,00:04,3142,-61
1571.51,00:02,3143,-90
1571.54,00:03,3143,-81
1571.6,00:04,3143,-61
1572.01,00:02,3144,-90
1572.05,00:03,3144,-81
1572.1,00:04,3144,-61
1572.51,00:02,3145,-90
1572.54,00:03,3145,-81
1572.6,00:04,3145,-60
1573.01,00:02,3146,-90
1573.05,00:03,3146,-81
1573.1,00:04,3146,-60
1573.51,00:02,3147,-90
1573.54,00:03,3147,-81
1573.6,00:04,3147,-60
1574.01,00:02,3148,-90
1574.05,00:03,3148,-81
1574.1,00:04,3148,-59
1574.51,00:02,3149,-90
1574.55,00:03,3149,-81
1574.6,00:04,3149,-59
1575.01,00:02,3150,-90
1575.05,00:03,3150,-81
1575.1,00:04,3150,-59
1575.51,00:02,3151,-90
1575.54,00:03,3151,-81
1575.6,00:04,3151,-58
1576.01,00:02,3152,-91
1576.05,00:03,3152,-81
1576.1,00:04,3152,-58
1576.51,00:02,3153,-91
1576.55,00:03,3153,-81
1576.6,00:04,3153,-58
1577.01,00:02,3154,-91
1577.05,00:03,3154,-81
1577.1,00:04,3154,-58
1577.51,00:02,3155,-91
1577.55,00:03,3155,-81
1577.6,00:04,3155,-57
1578.01,00:02,3156,-91
1578.05,00:03,3156,-81
1578.1,00:04,3156,-57
1578.51,00:02,3157,-91
1578.55,00:03,3157,-81
1578.6,00:04,3157,-57
1579.01,00:02,3158,-91
1579.05,00:03,3158,-81
1579.1,00:04,3158,-57
1579.51,00:02,3159,-91
1579.54,00:03,3159,-81
1579.6,00:04,3159,-57
1580.01,00:02,3160,-91
1580.05,00:03,3160,-80
1580.1,00:04,3160,-56
1580.51,00:02,3161,-91
1580.55,00:03,3161,-80
1580.6,00:04,3161,-56
1581.01,00:02,3162,-91
1581.04,00:03,3162,-80
1581.1,00:04,3162,-56
1581.51,00:02,3163,-91
1581.55,00:03,3163,-80
1581.6,00:04,3163,-56
1582.01,00:02,3164,-91
1582.05,00:03,3164,-80
1582.1,00:04,3164,-56
1582.51,00:02,3165,-91
1582.55,00:03,3165,-80
1582.6,00:04,3165,-57
1583.01,00:02,3166,-91
1583.04,00:03,3166,-80
1583.1,00:04,3166,-57
1583.51,00:02,3167,-91
1583.55,00:03,3167,-80
1583.6,00:04,3167,-57
1584.01,00:02,3168,-91
1584.05,00:03,3168,-80
1584.1,00:04,3168,-57
1584.51,00:02,3169,-91
1584.54,00:03,3169,-80
1584.6,00:04,3169,-57
1585.01,00:02,3170,-91
1585.04,00:03,3170,-80
1585.1,00:04,3170,-58
1585.51,00:02,3171,-91
1585.55,00:03,3171,-80
1585.6,00:04,3171,-58
1586.01,00:02,3172,-91
1586.05,00:03,3172,-80
1586.1,00:04,3172,-58
1586.51,00:02,3173,-91
1586.55,00:03,3173,-80
1586.6,00:04,3173,-59
1587.01,00:02,3174,-91
1587.04,00:03,3174,-80
1587.1,00:04,3174,-59
1587.51,00:02,3175,-92
1587.55,00:03,3175,-80
1587.6,00:04,3175,-59
1588.02,00:02,3176,-92
1588.05,00:03,3176,-80
1588.1,00:04,3176,-60
1588.51,00:02,3177,-92
1588.55,00:03,3177,-80
1588.6,00:04,3177,-60
1589.01,00:02,3178,-92
1589.04,00:03,3178,-80
1589.1,00:04,3178,-60
1589.51,00:02,3179,-92
1589.54,00:03,3179,-80
1589.6,00:04,3179,-61
1590.01,00:02,3180,-92
1590.05,00:03,3180,-80
1590.1,00:04,3180,-61
1590.51,00:02,3181,-92
1590.55,00:03,3181,-80
1590.6,00:04,3181,-61
1591.01,00:02,3182,-92
1591.05,00:03,3182,-80
1591.1,00:04,3182,-62
1591.51,00:02,3183,-92
1591.55,00:03,3183,-80
1591.6,00:04,3183,-62
1592.01,00:02,3184,-92
1592.04,00:03,3184,-79
1592.1,00:04,3184,-62
1592.51,00:02,3185,-92
1592.55,00:03,3185,-79
1592.6,00:04,3185,-62
1593.01,00:02,3186,-92
1593.04,00:03,3186,-79
1593.1,00:04,3186,-63
1593.51,00:02,3187,-92
1593.55,00:03,3187,-79
1593.6,00:04,3187,-63
1594.01,00:02,3188,-92
1594.05,00:03,3188,-79
1594.1,00:04,3188,-63
1594.51,00:02,3189,-92
1594.55,00:03,3189,-79
1594.6,00:04,3189,-64
1595.01,00:02,3190,-92
1595.05,00:03,3190,-79
1595.1,00:04,3190,-64
1595.51,00:02,3191,-92
1595.55,00:03,3191,-79
1595.6,00:04,3191,-64
1596.02,00:02,3192,-92
1596.04,00:03,3192,-79
1596.1,00:04,3192,-64
1596.51,00:02,3193,-92
1596.54,00:03,3193,-79
1596.6,00:04,3193,-65
1597.01,00:02,3194,-92
1597.05,00:03,3194,-79
1597.1,00:04,3194,-65
1597.51,00:02,3195,-93
1597.54,00:03,3195,-79
1597.6,00:04,3195,-65
1598.01,00:02,3196,-93
1598.04,00:03,3196,-79
1598.1,00:04,3196,-66
1598.51,00:02,3197,-93
1598.55,00:03,3197,-79
1598.6,00:04,3197,-66
1599.01,00:02,3198,-93
1599.05,00:03,3198,-79
1599.1,00:04,3198,-67
1599.51,00:02,3199,-93
1599.54,00:03,3199,-79
1599.6,00:04,3199,-67
1600.01,00:02,3200,-93
1600.04,00:03,3200,-79
1600.1,00:04,3200,-67
1600.51,00:02,3201,-93
1600.54,00:03,3201,-79
1600.6,00:04,3201,-68
1601.01,00:02,3202,-93
1601.05,00:03,3202,-79
1601.1,00:04,3202,-68
1601.51,00:02,3203,-93
1601.55,00:03,3203,-79
1601.6,00:04,3203,-68
1602.01,00:02,3204,-93
1602.05,00:03,3204,-79
1602.1,00:04,3204,-69
1602.51,00:02,3205,-93
1602.55,00:03,3205,-79
1602.6,00:04,3205,-69
1603.01,00:02,3206,-93
1603.05,00:03,3206,-79
1603.1,00:04,3206,-70
1603.51,00:02,3207,-93
1603.55,00:03,3207,-79
1603.6,00:04,3207,-70
1604.01,00:02,3208,-93
1604.05,00:03,3208,-79
1604.1,00:04,3208,-70
1604.51,00:02,3209,-93
1604.55,00:03,3209,-79
1604.6,00:04,3209,-71
1605.01,00:02,3210,-93
1605.04,00:03,3210,-79
1605.1,00:04,3210,-71
1605.51,00:02,3211,-93
1605.54,00:03,3211,-79
1605.6,00:04,3211,-71
1606.01,00:02,3212,-93
1606.04,00:03,3212,-79
1606.1,00:04,3212,-72
1606.51,00:02,3213,-93
1606.55,00:03,3213,-79
1606.6,00:04,3213,-72
1607.01,00:02,3214,-100
1607.05,00:03,3214,-86
1607.1,00:04,3214,-79
1607.51,00:02,3215,-101
1607.55,00:03,3215,-86
1607.6,00:04,3215,-80
1608.01,00:02,3216,-101
1608.04,00:03,3216,-86
1608.1,00:04,3216,-80
1608.51,00:02,3217,-101
1608.54,00:03,3217,-86
1608.6,00:04,3217,-80
1609.01,00:02,3218,-101
1609.05,00:03,3218,-86
1609.1,00:04,3218,-80
1609.51,00:02,3219,-101
1609.55,00:03,3219,-85
1609.6,00:04,3219,-81
1610.01,00:02,3220,-101
1610.05,00:03,3220,-85
1610.1,00:04,3220,-81
1610.51,00:02,3221,-101
1610.55,00:03,3221,-85
1610.6,00:04,3221,-81
1611.01,00:02,3222,-101
1611.04,00:03,3222,-85
1611.1,00:04,3222,-82
1611.51,00:02,3223,-101
1611.54,00:03,3223,-85
1611.6,00:04,3223,-82
1612.01,00:02,3224,-101
1612.05,00:03,3224,-85
1612.1,00:04,3224,-82
1612.51,00:02,3225,-101
1612.54,00:03,3225,-85
1612.6,00:04,3225,-82
1613.01,00:02,3226,-101
1613.05,00:03,3226,-85
1613.1,00:04,3226,-83
1613.51,00:02,3227,-101
1613.54,00:03,3227,-85
1613.6,00:04,3227,-83
1614.01,00:02,3228,-101
1614.04,00:03,3228,-85
1614.1,00:04,3228,-83
1614.51,00:02,3229,-101
1614.55,00:03,3229,-85
1614.6,00:04,3229,-83
1615.01,00:02,3230,-101
1615.04,00:03,3230,-85
1615.1,00:04,3230,-84
1615.51,00:02,3231,-101
1615.54,00:03,3231,-85
1615.6,00:04,3231,-84
1616.01,00:02,3232,-101
1616.04,00:03,3232,-85
1616.1,00:04,3232,-84
1616.51,00:02,3233,-101
1616.54,00:03,3233,-85
1616.6,00:04,3233,-84
1617.01,00:02,3234,-102
1617.04,00:03,3234,-85
1617.1,00:04,3234,-85
1617.52,00:02,3235,-102
1617.54,00:03,3235,-85
1617.6,00:04,3235,-85
1618.01,00:02,3236,-102
1618.04,00:03,3236,-85
1618.1,00:04,3236,-85
1618.51,00:02,3237,-102
1618.55,00:03,3237,-85
1618.6,00:04,3237,-85
1619.01,00:02,3238,-102
1619.04,00:03,3238,-85
1619.1,00:04,3238,-85
1619.51,00:02,3239,-102
1619.54,00:03,3239,-85
1619.6,00:04,3239,-86
1620.01,00:02,3240,-102
1620.05,00:03,3240,-85
1620.1,00:04,3240,-86
1620.51,00:02,3241,-102
1620.54,00:03,3241,-85
1620.6,00:04,3241,-86
1621.01,00:02,3242,-102
1621.05,00:03,3242,-85
1621.1,00:04,3242,-86
1621.51,00:02,3243,-102
1621.54,00:03,3243,-85
1621.6,00:04,3243,-86
1622.01,00:02,3244,-102
1622.04,00:03,3244,-85
1622.1,00:04,3244,-87
1622.51,00:02,3245,-102
1622.55,00:03,3245,-85
1622.6,00:04,3245,-87
1623.01,00:02,3246,-95
1623.05,00:03,3246,-78
1623.1,00:04,3246,-80
1623.51,00:02,3247,-95
1623.54,00:03,3247,-78
1623.6,00:04,3247,-80
1624.01,00:02,3248,-95
1624.05,00:03,3248,-78
1624.1,00:04,3248,-81
1624.51,00:02,3249,-95
1624.55,00:03,3249,-78
1624.6,00:04,3249,-81
1625.01,00:02,3250,-95
1625.05,00:03,3250,-78
1625.1,00:04,3250,-81
1625.51,00:02,3251,-95
1625.55,00:03,3251,-78
1625.6,00:04,3251,-81
1626.01,00:02,3252,-95
1626.05,00:03,3252,-78
1626.1,00:04,3252,-81
1626.51,00:02,3253,-96
1626.55,00:03,3253,-78
1626.6,00:04,3253,-81
1627.01,00:02,3254,-96
1627.05,00:03,3254,-78
1627.1,00:04,3254,-81
1627.51,00:02,3255,-96
1627.55,00:03,3255,-78
1627.6,00:04,3255,-81
1628.01,00:02,3256,-96
1628.05,00:03,3256,-79
1628.1,00:04,3256,-81
1628.51,00:02,3257,-96
1628.55,00:03,3257,-79
1628.6,00:04,3257,-81
1629.01,00:02,3258,-96
1629.05,00:03,3258,-79
1629.1,00:04,3258,-81
1629.51,00:02,3259,-96
1629.54,00:03,3259,-79
1629.6,00:04,3259,-81
1630.01,00:02,3260,-96
1630.05,00:03,3260,-79
1630.1,00:04,3260,-81
1630.51,00:02,3261,-96
1630.55,00:03,3261,-79
1630.6,00:04,3261,-81
1631.01,00:02,3262,-96
1631.05,00:03,3262,-79
1631.1,00:04,3262,-81
1631.51,00:02,3263,-96
1631.54,00:03,3263,-79
1631.6,00:04,3263,-81
1632.01,00:02,3264,-96
1632.05,00:03,3264,-79
1632.1,00:04,3264,-81
1632.51,00:02,3265,-96
1632.55,00:03,3265,-79
1632.6,00:04,3265,-81
1633.01,00:02,3266,-96
1633.05,00:03,3266,-79
1633.1,00:04,3266,-81
1633.51,00:02,3267,-96
1633.54,00:03,3267,-79
1633.6,00:04,3267,-80
1634.01,00:02,3268,-96
1634.05,00:03,3268,-79
1634.1,00:04,3268,-80
1634.51,00:02,3269,-96
1634.55,00:03,3269,-79
1634.6,00:04,3269,-80
1635.02,00:02,3270,-96
1635.05,00:03,3270,-79
1635.1,00:04,3270,-80
1635.51,00:02,3271,-96
1635.55,00:03,3271,-79
1635.6,00:04,3271,-80
1636.01,00:02,3272,-96
1636.05,00:03,3272,-79
1636.1,00:04,3272,-79
1636.51,00:02,3273,-95
1636.55,00:03,3273,-79
1636.6,00:04,3273,-79
1637.01,00:02,3274,-95
1637.04,00:03,3274,-79
1637.1,00:04,3274,-79
1637.51,00:02,3275,-95
1637.55,00:03,3275,-79
1637.6,00:04,3275,-79
1638.01,00:02,3276,-95
1638.04,00:03,3276,-79
1638.1,00:04,3276,-79
1638.51,00:02,3277,-95
1638.54,00:03,3277,-79
1638.6,00:04,3277,-78
1639.01,00:02,3278,-95
1639.05,00:03,3278,-79
1639.1,00:04,3278,-78
1639.51,00:02,3279,-95
1639.55,00:03,3279,-79
1639.6,00:04,3279,-78
1640.01,00:02,3280,-95
1640.05,00:03,3280,-79
1640.1,00:04,3280,-78
1640.51,00:02,3281,-95
1640.54,00:03,3281,-79
1640.6,00:04,3281,-77
1641.01,00:02,3282,-95
1641.05,00:03,3282,-79
1641.1,00:04,3282,-77
1641.51,00:02,3283,-95
1641.54,00:03,3283,-79
1641.6,00:04,3283,-77
1642.01,00:02,3284,-95
1642.05,00:03,3284,-79
1642.1,00:04,3284,-77
1642.51,00:02,3285,-95
1642.55,00:03,3285,-79
1642.6,00:04,3285,-76
1643.01,00:02,3286,-95
1643.05,00:03,3286,-79
1643.1,00:04,3286,-76
1643.51,00:02,3287,-95
1643.54,00:03,3287,-79
1643.6,00:04,3287,-76
1644.01,00:02,3288,-95
1644.04,00:03,3288,-79
1644.1,00:04,3288,-76
1644.51,00:02,3289,-95
1644.54,00:03,3289,-79
1644.6,00:04,3289,-75
1645.01,00:02,3290,-95
1645.05,00:03,3290,-79
1645.1,00:04,3290,-75
1645.51,00:02,3291,-95
1645.55,00:03,3291,-79
1645.6,00:04,3291,-75
1646.01,00:02,3292,-95
1646.05,00:03,3292,-79
1646.1,00:04,3292,-75
1646.51,00:02,3293,-95
1646.54,00:03,3293,-79
1646.6,00:04,3293,-74
1647.01,00:02,3294,-94
1647.05,00:03,3294,-79
1647.1,00:04,3294,-74
1647.51,00:02,3295,-94
1647.55,00:03,3295,-79
1647.6,00:04,3295,-74
1648.01,00:02,3296,-94
1648.05,00:03,3296,-79
1648.1,00:04,3296,-73
1648.52,00:02,3297,-94
1648.54,00:03,3297,-79
1648.6,00:04,3297,-73
1649.01,00:02,3298,-94
1649.05,00:03,3298,-79
1649.1,00:04,3298,-73
1649.51,00:02,3299,-94
1649.55,00:03,3299,-80
1649.6,00:04,3299,-72
1650.01,00:02,3300,-94
1650.05,00:03,3300,-80
1650.1,00:04,3300,-72
1650.51,00:02,3301,-94
1650.55,00:03,3301,-80
1650.6,00:04,3301,-72
1651.01,00:02,3302,-94
1651.05,00:03,3302,-80
1651.1,00:04,3302,-72
1651.51,00:02,3303,-94
1651.55,00:03,3303,-80
1651.6,00:04,3303,-71
1652.01,00:02,3304,-94
1652.05,00:03,3304,-80
1652.1,00:04,3304,-71
1652.52,00:02,3305,-94
1652.55,00:03,3305,-80
1652.6,00:04,3305,-70
1653.01,00:02,3306,-94
1653.05,00:03,3306,-80
1653.1,00:04,3306,-70
1653.51,00:02,3307,-94
1653.55,00:03,3307,-80
1653.6,00:04,3307,-70
1654.01,00:02,3308,-94
1654.04,00:03,3308,-80
1654.1,00:04,3308,-69
1654.51,00:02,3309,-94
1654.55,00:03,3309,-80
1654.6,00:04,3309,-69
1655.01,00:02,3310,-94
1655.04,00:03,3310,-80
1655.1,00:04,3310,-69
1655.51,00:02,3311,-94
1655.55,00:03,3311,-80
1655.6,00:04,3311,-68
1656.01,00:02,3312,-94
1656.04,00:03,3312,-80
1656.1,00:04,3312,-68
1656.51,00:02,3313,-94
1656.55,00:03,3313,-80
1656.6,00:04,3313,-67
1657.01,00:02,3314,-93
1657.05,00:03,3314,-80
1657.1,00:04,3314,-67
1657.51,00:02,3315,-93
1657.55,00:03,3315,-80
1657.6,00:04,3315,-67
1658.01,00:02,3316,-93
1658.05,00:03,3316,-80
1658.1,00:04,3316,-66
1658.52,00:02,3317,-93
1658.54,00:03,3317,-80
1658.6,00:04,3317,-66
1659.01,00:02,3318,-93
1659.05,00:03,3318,-80
1659.1,00:04,3318,-65
1659.51,00:02,3319,-93
1659.54,00:03,3319,-80
1659.6,00:04,3319,-65
1660.01,00:02,3320,-93
1660.04,00:03,3320,-80
1660.1,00:04,3320,-65
1660.51,00:02,3321,-93
1660.55,00:03,3321,-80
1660.6,00:04,3321,-64
1661.01,00:02,3322,-93
1661.05,00:03,3322,-80
1661.1,00:04,3322,-64
1661.51,00:02,3323,-93
1661.54,00:03,3323,-80
1661.6,00:04,3323,-64
1662.02,00:02,3324,-93
1662.05,00:03,3324,-80
1662.1,00:04,3324,-63
1662.51,00:02,3325,-93
1662.54,00:03,3325,-80
1662.6,00:04,3325,-63
1663.01,00:02,3326,-93
1663.04,00:03,3326,-80
1663.1,00:04,3326,-63
1663.51,00:02,3327,-93
1663.55,00:03,3327,-80
1663.6,00:04,3327,-62
1664.01,00:02,3328,-93
1664.05,00:03,3328,-80
1664.1,00:04,3328,-62
1664.51,00:02,3329,-93
1664.55,00:03,3329,-80
1664.6,00:04,3329,-62
1665.01,00:02,3330,-93
1665.04,00:03,3330,-80
1665.1,00:04,3330,-61
1665.51,00:02,3331,-93
1665.54,00:03,3331,-80
1665.6,00:04,3331,-61
1666.01,00:02,3332,-93
1666.04,00:03,3332,-80
1666.1,00:04,3332,-61
1666.51,00:02,3333,-93
1666.55,00:03,3333,-80
1666.6,00:04,3333,-60
1667.02,00:02,3334,-93
1667.05,00:03,3334,-80
1667.1,00:04,3334,-60
1667.52,00:02,3335,-93
1667.54,00:03,3335,-80
1667.6,00:04,3335,-59
1668.01,00:02,3336,-92
1668.05,00:03,3336,-81
1668.1,00:04,3336,-59
1668.51,00:02,3337,-92
1668.54,00:03,3337,-81
1668.6,00:04,3337,-58
1669.01,00:02,3338,-92
1669.04,00:03,3338,-81
1669.1,00:04,3338,-58
1669.51,00:02,3339,-92
1669.54,00:03,3339,-81
1669.6,00:04,3339,-57
1670.01,00:02,3340,-92
1670.05,00:03,3340,-81
1670.1,00:04,3340,-57
1670.51,00:02,3341,-92
1670.54,00:03,3341,-81
1670.6,00:04,3341,-56
1671.01,00:02,3342,-92
1671.04,00:03,3342,-81
1671.1,00:04,3342,-55
1671.51,00:02,3343,-92
1671.55,00:03,3343,-81
1671.6,00:04,3343,-55
1672.01,00:02,3344,-92
1672.05,00:03,3344,-81
1672.1,00:04,3344,-54
1672.51,00:02,3345,-92
1672.55,00:03,3345,-81
1672.6,00:04,3345,-53
1673.01,00:02,3346,-92
1673.04,00:03,3346,-81
1673.1,00:04,3346,-52
1673.51,00:02,3347,-92
1673.55,00:03,3347,-81
1673.6,00:04,3347,-52
1674.01,00:02,3348,-92
1674.05,00:03,3348,-81
1674.1,00:04,3348,-51
1674.51,00:02,3349,-92
1674.54,00:03,3349,-81
1674.6,00:04,3349,-50
1675.01,00:02,3350,-92
1675.05,00:03,3350,-81
1675.1,00:04,3350,-49
1675.51,00:02,3351,-92
1675.55,00:03,3351,-81
1675.6,00:04,3351,-49
1676.02,00:02,3352,-92
1676.05,00:03,3352,-81
1676.1,00:04,3352,-48
1676.51,00:02,3353,-92
1676.54,00:03,3353,-81
1676.6,00:04,3353,-48
1677.01,00:02,3354,-92
1677.04,00:03,3354,-81
1677.1,00:04,3354,-48
1677.51,00:02,3355,-92
1677.54,00:03,3355,-81
1677.6,00:04,3355,-48
1678.01,00:02,3356,-92
1678.04,00:03,3356,-81
1678.1,00:04,3356,-48
1678.51,00:02,3357,-92
1678.55,00:03,3357,-81
1678.6,00:04,3357,-49
1679.01,00:02,3358,-92
1679.04,00:03,3358,-81
1679.1,00:04,3358,-50
1679.51,00:02,3359,-92
1679.54,00:03,3359,-81
1679.6,00:04,3359,-50
1680.01,00:02,3360,-92
1680.05,00:03,3360,-81
1680.1,00:04,3360,-51
1680.51,00:02,3361,-91
1680.55,00:03,3361,-81
1680.6,00:04,3361,-52
1681.01,00:02,3362,-91
1681.04,00:03,3362,-82
1681.1,00:04,3362,-53
1681.51,00:02,3363,-91
1681.55,00:03,3363,-82
1681.6,00:04,3363,-54
1682.01,00:02,3364,-91
1682.05,00:03,3364,-82
1682.1,00:04,3364,-54
1682.51,00:02,3365,-91
1682.55,00:03,3365,-82
1682.6,00:04,3365,-55
1683.01,00:02,3366,-91
1683.05,00:03,3366,-82
1683.1,00:04,3366,-56
1683.51,00:02,3367,-91
1683.54,00:03,3367,-82
1683.6,00:04,3367,-56
1684.01,00:02,3368,-91
1684.04,00:03,3368,-82
1684.1,00:04,3368,-57
1684.51,00:02,3369,-91
1684.54,00:03,3369,-82
1684.6,00:04,3369,-57
1685.01,00:02,3370,-91
1685.04,00:03,3370,-82
1685.1,00:04,3370,-58
1685.51,00:02,3371,-91
1685.54,00:03,3371,-82
1685.6,00:04,3371,-58
1686.01,00:02,3372,-91
1686.05,00:03,3372,-82
1686.1,00:04,3372,-59
1686.51,00:02,3373,-91
1686.55,00:03,3373,-82
1686.6,00:04,3373,-59
1687.01,00:02,3374,-91
1687.05,00:03,3374,-82
1687.1,00:04,3374,-60
1687.51,00:02,3375,-91
1687.55,00:03,3375,-82
1687.6,00:04,3375,-60
1688.01,00:02,3376,-91
1688.04,00:03,3376,-82
1688.1,00:04,3376,-61
1688.51,00:02,3377,-91
1688.54,00:03,3377,-82
1688.6,00:04,3377,-61
1689.01,00:02,3378,-91
1689.05,00:03,3378,-82
1689.1,00:04,3378,-62
1689.51,00:02,3379,-91
1689.55,00:03,3379,-82
1689.6,00:04,3379,-62
1690.01,00:02,3380,-91
1690.05,00:03,3380,-82
1690.1,00:04,3380,-62
1690.51,00:02,3381,-91
1690.54,00:03,3381,-82
1690.6,00:04,3381,-63
1691.01,00:02,3382,-91
1691.05,00:03,3382,-82
1691.1,00:04,3382,-63
1691.51,00:02,3383,-91
1691.55,00:03,3383,-82
1691.6,00:04,3383,-63
1692.01,00:02,3384,-91
1692.04,00:03,3384,-82
1692.1,00:04,3384,-64
1692.51,00:02,3385,-91
1692.54,00:03,3385,-83
1692.6,00:04,3385,-64
1693.02,00:02,3386,-91
1693.04,00:03,3386,-83
1693.1,00:04,3386,-64
1693.51,00:02,3387,-91
1693.54,00:03,3387,-83
1693.6,00:04,3387,-64
1694.02,00:02,3388,-91
1694.04,00:03,3388,-83
1694.1,00:04,3388,-65
1694.51,00:02,3389,-91
1694.55,00:03,3389,-83
1694.6,00:04,3389,-65
1695.01,00:02,3390,-91
1695.04,00:03,3390,-83
1695.1,00:04,3390,-65
1695.51,00:02,3391,-90
1695.54,00:03,3391,-83
1695.6,00:04,3391,-66
1696.01,00:02,3392,-90
1696.04,00:03,3392,-83
1696.1,00:04,3392,-66
1696.51,00:02,3393,-90
1696.55,00:03,3393,-83
1696.6,00:04,3393,-67
1697.01,00:02,3394,-90
1697.05,00:03,3394,-83
1697.1,00:04,3394,-67
1697.51,00:02,3395,-90
1697.55,00:03,3395,-83
1697.6,00:04,3395,-68
1698.01,00:02,3396,-90
1698.04,00:03,3396,-83
1698.1,00:04,3396,-68
1698.51,00:02,3397,-90
1698.54,00:03,3397,-83
1698.6,00:04,3397,-68
1699.01,00:02,3398,-90
1699.05,00:03,3398,-83
1699.1,00:04,3398,-69
1699.52,00:02,3399,-90
1699.54,00:03,3399,-83
1699.6,00:04,3399,-69
1700.01,00:02,3400,-90
1700.04,00:03,3400,-83
1700.1,00:04,3400,-70
1700.51,00:02,3401,-90
1700.54,00:03,3401,-83
1700.6,00:04,3401,-70
1701.01,00:02,3402,-90
1701.04,00:03,3402,-83
1701.1,00:04,3402,-70
1701.51,00:02,3403,-90
1701.54,00:03,3403,-83
1701.6,00:04,3403,-71
1702.02,00:02,3404,-90
1702.04,00:03,3404,-83
1702.1,00:04,3404,-71
1702.51,00:02,3405,-90
1702.54,00:03,3405,-83
1702.6,00:04,3405,-71
1703.01,00:02,3406,-90
1703.05,00:03,3406,-84
1703.1,00:04,3406,-72
1703.52,00:02,3407,-90
1703.54,00:03,3407,-84
1703.6,00:04,3407,-72
1704.01,00:02,3408,-90
1704.04,00:03,3408,-84
1704.1,00:04,3408,-72
1704.51,00:02,3409,-90
1704.55,00:03,3409,-84
1704.6,00:04,3409,-73
1705.02,00:02,3410,-90
1705.04,00:03,3410,-84
1705.1,00:04,3410,-73
1705.51,00:02,3411,-90
1705.54,00:03,3411,-84
1705.6,00:04,3411,-73
1706.02,00:02,3412,-90
1706.04,00:03,3412,-84
1706.1,00:04,3412,-74
1706.51,00:02,3413,-90
1706.54,00:03,3413,-84
1706.6,00:04,3413,-74
1707.01,00:02,3414,-90
1707.05,00:03,3414,-84
1707.1,00:04,3414,-74
1707.52,00:02,3415,-90
1707.54,00:03,3415,-84
1707.6,00:04,3415,-74
1708.01,00:02,3416,-90
1708.05,00:03,3416,-84
1708.1,00:04,3416,-75
1708.51,00:02,3417,-90
1708.55,00:03,3417,-84
1708.6,00:04,3417,-75
1709.01,00:02,3418,-90
1709.04,00:03,3418,-84
1709.1,00:04,3418,-75
1709.51,00:02,3419,-90
1709.54,00:03,3419,-84
1709.6,00:04,3419,-75
1710.01,00:02,3420,-90
1710.04,00:03,3420,-84
1710.1,00:04,3420,-76
1710.51,00:02,3421,-90
1710.55,00:03,3421,-84
1710.6,00:04,3421,-76
1711.02,00:02,3422,-90
1711.04,00:03,3422,-84
1711.1,00:04,3422,-76
1711.52,00:02,3423,-90
1711.55,00:03,3423,-84
1711.6,00:04,3423,-77
1712.02,00:02,3424,-90
1712.05,00:03,3424,-84
1712.1,00:04,3424,-77
1712.51,00:02,3425,-90
1712.54,00:03,3425,-84
1712.6,00:04,3425,-77
1713.01,00:02,3426,-90
1713.05,00:03,3426,-84
1713.1,00:04,3426,-77
1713.51,00:02,3427,-90
1713.55,00:03,3427,-85
1713.6,00:04,3427,-77
1714.02,00:02,3428,-90
1714.05,00:03,3428,-85
1714.1,00:04,3428,-78
1714.52,00:02,3429,-90
1714.55,00:03,3429,-85
1714.6,00:04,3429,-78
1715.01,00:02,3430,-90
1715.04,00:03,3430,-85
1715.1,00:04,3430,-78
1715.51,00:02,3431,-90
1715.55,00:03,3431,-85
1715.6,00:04,3431,-78
1716.01,00:02,3432,-90
1716.04,00:03,3432,-85
1716.1,00:04,3432,-79
1716.51,00:02,3433,-90
1716.55,00:03,3433,-85
1716.6,00:04,3433,-79
1717.01,00:02,3434,-90
1717.04,00:03,3434,-85
1717.1,00:04,3434,-79
1717.51,00:02,3435,-90
1717.54,00:03,3435,-85
1717.6,00:04,3435,-79
1718.01,00:02,3436,-90
1718.04,00:03,3436,-85
1718.1,00:04,3436,-79
1718.51,00:02,3437,-90
1718.54,00:03,3437,-85
1718.6,00:04,3437,-80
1719.02,00:02,3438,-90
1719.04,00:03,3438,-85
1719.1,00:04,3438,-80
1719.51,00:02,3439,-90
1719.54,00:03,3439,-85
1719.6,00:04,3439,-80
1720.01,00:02,3440,-90
1720.04,00:03,3440,-85
1720.1,00:04,3440,-80
1720.51,00:02,3441,-90
1720.54,00:03,3441,-85
1720.6,00:04,3441,-80
1721.01,00:02,3442,-90
1721.05,00:03,3442,-85
1721.1,00:04,3442,-81
1721.51,00:02,3443,-90
1721.54,00:03,3443,-85
1721.6,00:04,3443,-81
