Time_s,Src_MAC,Seq_Num,RSSI_dBm
0.00417964,00:02,0,-61
0.0543386,00:03,0,-95
0.105597,00:04,0,-91
0.504731,00:02,1,-61
0.555772,00:03,1,-95
0.605458,00:04,1,-91
1.00487,00:02,2,-61
1.0546,00:03,2,-95
1.10682,00:04,2,-91
1.50458,00:02,3,-62
1.55633,00:03,3,-95
1.60509,00:04,3,-91
2.0051,00:02,4,-62
2.05355,00:03,4,-95
2.1059,00:04,4,-91
2.50429,00:02,5,-63
2.55506,00:03,5,-95
2.60605,00:04,5,-91
3.0039,00:02,6,-64
3.05488,00:03,6,-95
3.1042,00:04,6,-91
3.50414,00:02,7,-64
3.55411,00:03,7,-95
3.60592,00:04,7,-91
4.0038,00:02,8,-65
4.05455,00:03,8,-95
4.10541,00:04,8,-91
4.50556,00:02,9,-65
4.55614,00:03,9,-95
4.6054,00:04,9,-91
5.00312,00:02,10,-66
5.05383,00:03,10,-94
5.10503,00:04,10,-91
5.5045,00:02,11,-67
5.55442,00:03,11,-94
5.60407,00:04,11,-91
6.00683,00:02,12,-67
6.05488,00:03,12,-94
6.10517,00:04,12,-91
6.50334,00:02,13,-68
6.55384,00:03,13,-94
6.60647,00:04,13,-91
7.00287,00:02,14,-68
7.05557,00:03,14,-94
7.10479,00:04,14,-90
7.5052,00:02,15,-69
7.55541,00:03,15,-94
7.60544,00:04,15,-90
8.00532,00:02,16,-69
8.05472,00:03,16,-94
8.10512,00:04,16,-90
8.50539,00:02,17,-70
8.55452,00:03,17,-94
8.60577,00:04,17,-90
9.00701,00:02,18,-70
9.0561,00:03,18,-94
9.10608,00:04,18,-90
9.50389,00:02,19,-71
9.55502,00:03,19,-94
9.60639,00:04,19,-90
10.0057,00:02,20,-71
10.054,00:03,20,-93
10.1061,00:04,20,-90
10.5067,00:02,21,-72
10.5557,00:03,21,-93
10.6055,00:04,21,-90
11.0068,00:02,22,-72
11.0537,00:03,22,-93
11.1052,00:04,22,-90
11.5054,00:02,23,-73
11.5566,00:03,23,-93
11.6065,00:04,23,-90
12.0046,00:02,24,-73
12.0529,00:03,24,-93
12.1069,00:04,24,-90
12.5038,00:02,25,-73
12.555,00:03,25,-93
12.6067,00:04,25,-90
13.0041,00:02,26,-74
13.0549,00:03,26,-93
13.1046,00:04,26,-90
13.5029,00:02,27,-74
13.5538,00:03,27,-93
13.6061,00:04,27,-90
14.0062,00:02,28,-74
14.0553,00:03,28,-93
14.1059,00:04,28,-90
14.505,00:02,29,-75
14.555,00:03,29,-92
14.6074,00:04,29,-90
15.0055,00:02,30,-75
15.055,00:03,30,-92
15.107,00:04,30,-90
15.5057,00:02,31,-75
15.5541,00:03,31,-92
15.6066,00:04,31,-90
16.0061,00:02,32,-76
16.0557,00:03,32,-92
16.1057,00:04,32,-90
16.5041,00:02,33,-76
16.5551,00:03,33,-92
16.6065,00:04,33,-90
17.0056,00:02,34,-76
17.0537,00:03,34,-92
17.1048,00:04,34,-90
17.5055,00:02,35,-76
17.5537,00:03,35,-92
17.6066,00:04,35,-90
18.0042,00:02,36,-77
18.0556,00:03,36,-92
18.1054,00:04,36,-90
18.5036,00:02,37,-77
18.5549,00:03,37,-91
18.6062,00:04,37,-90
19.005,00:02,38,-78
19.0548,00:03,38,-91
19.1057,00:04,38,-90
19.5047,00:02,39,-78
19.5563,00:03,39,-91
19.606,00:04,39,-90
20.0045,00:02,40,-79
20.0543,00:03,40,-91
20.1075,00:04,40,-90
20.5053,00:02,41,-79
20.5555,00:03,41,-91
20.6057,00:04,41,-90
21.0058,00:02,42,-79
21.0537,00:03,42,-91
21.1051,00:04,42,-90
21.5041,00:02,43,-80
21.5537,00:03,43,-91
21.6052,00:04,43,-90
22.0032,00:02,44,-80
22.0546,00:03,44,-91
22.1059,00:04,44,-90
22.5035,00:02,45,-81
22.5547,00:03,45,-90
22.6054,00:04,45,-90
23.0048,00:02,46,-81
23.0546,00:03,46,-90
23.1067,00:04,46,-89
23.5039,00:02,47,-81
23.5538,00:03,47,-90
23.6066,00:04,47,-89
24.0045,00:02,48,-82
24.0536,00:03,48,-90
24.107,00:04,48,-89
24.5046,00:02,49,-82
24.5535,00:03,49,-90
24.6061,00:04,49,-89
25.0057,00:02,50,-82
25.0544,00:03,50,-90
25.1052,00:04,50,-89
25.5052,00:02,51,-83
25.5544,00:03,51,-90
25.6066,00:04,51,-89
26.0053,00:02,52,-83
26.0539,00:03,52,-90
26.1059,00:04,52,-89
26.505,00:02,53,-83
26.553,00:03,53,-89
26.607,00:04,53,-89
27.006,00:02,54,-84
27.0542,00:03,54,-89
27.1048,00:04,54,-89
27.5051,00:02,55,-84
27.5554,00:03,55,-89
27.6056,00:04,55,-89
28.0064,00:02,56,-84
28.0565,00:03,56,-89
28.1039,00:04,56,-89
28.5061,00:02,57,-85
28.5533,00:03,57,-89
28.6061,00:04,57,-89
29.005,00:02,58,-85
29.0536,00:03,58,-89
29.1072,00:04,58,-89
29.5059,00:02,59,-85
29.5536,00:03,59,-89
29.6057,00:04,59,-89
30.0061,00:02,60,-85
30.0549,00:03,60,-88
30.1067,00:04,60,-89
30.5049,00:02,61,-86
30.5544,00:03,61,-88
30.6052,00:04,61,-89
31.0047,00:02,62,-86
31.0544,00:03,62,-88
31.107,00:04,62,-89
31.5046,00:02,63,-86
31.5549,00:03,63,-88
31.607,00:04,63,-89
32.0058,00:02,64,-87
32.054,00:03,64,-88
32.1066,00:04,64,-89
32.5043,00:02,65,-87
32.5552,00:03,65,-88
32.6044,00:04,65,-89
33.0051,00:02,66,-87
33.0549,00:03,66,-88
33.1053,00:04,66,-89
33.5059,00:02,67,-87
33.5555,00:03,67,-87
33.607,00:04,67,-89
34.0036,00:02,68,-88
34.054,00:03,68,-87
34.106,00:04,68,-89
34.505,00:02,69,-88
34.5562,00:03,69,-87
34.6057,00:04,69,-89
35.0052,00:02,70,-88
35.0544,00:03,70,-87
35.1057,00:04,70,-89
35.5052,00:02,71,-88
35.5529,00:03,71,-87
35.6072,00:04,71,-89
36.0038,00:02,72,-89
36.0564,00:03,72,-87
36.1059,00:04,72,-89
36.5059,00:02,73,-89
36.5546,00:03,73,-86
36.6053,00:04,73,-89
37.005,00:02,74,-89
37.0544,00:03,74,-86
37.1063,00:04,74,-89
37.5039,00:02,75,-89
37.5549,00:03,75,-86
37.6046,00:04,75,-89
38.005,00:02,76,-89
38.0534,00:03,76,-86
38.1064,00:04,76,-89
38.5055,00:02,77,-90
38.5532,00:03,77,-86
38.6061,00:04,77,-89
39.0052,00:02,78,-90
39.0557,00:03,78,-86
39.106,00:04,78,-89
39.5045,00:02,79,-90
39.5545,00:03,79,-85
39.607,00:04,79,-89
40.0056,00:02,80,-90
40.0551,00:03,80,-85
40.1055,00:04,80,-89
40.5043,00:02,81,-91
40.5539,00:03,81,-85
40.6043,00:04,81,-89
41.0053,00:02,82,-91
41.0532,00:03,82,-85
41.1078,00:04,82,-89
41.5065,00:02,83,-91
41.5527,00:03,83,-85
41.6058,00:04,83,-89
42.0052,00:02,84,-91
42.0556,00:03,84,-85
42.1066,00:04,84,-89
42.5041,00:02,85,-91
42.554,00:03,85,-84
42.6054,00:04,85,-89
43.0059,00:02,86,-92
43.0542,00:03,86,-84
43.1046,00:04,86,-89
43.5062,00:02,87,-92
43.5541,00:03,87,-84
43.6052,00:04,87,-89
44.0045,00:02,88,-92
44.055,00:03,88,-84
44.1078,00:04,88,-89
44.5041,00:02,89,-92
44.5537,00:03,89,-84
44.6053,00:04,89,-89
45.0055,00:02,90,-92
45.0552,00:03,90,-83
45.1076,00:04,90,-89
45.5062,00:02,91,-93
45.5544,00:03,91,-83
45.6065,00:04,91,-89
46.0054,00:02,92,-93
46.0532,00:03,92,-83
46.1063,00:04,92,-89
46.5049,00:02,93,-93
46.5557,00:03,93,-83
46.607,00:04,93,-89
47.0057,00:02,94,-93
47.056,00:03,94,-83
47.1065,00:04,94,-89
47.5033,00:02,95,-93
47.553,00:03,95,-82
47.6046,00:04,95,-89
48.0052,00:02,96,-94
48.0521,00:03,96,-82
48.1066,00:04,96,-89
48.5059,00:02,97,-94
48.5542,00:03,97,-82
48.6062,00:04,97,-89
49.0055,00:02,98,-94
49.0543,00:03,98,-82
49.1064,00:04,98,-89
49.5045,00:02,99,-94
49.5541,00:03,99,-82
49.6054,00:04,99,-89
50.0062,00:02,100,-94
50.0545,00:03,100,-81
50.1059,00:04,100,-89
50.5042,00:02,101,-94
50.5544,00:03,101,-81
50.6061,00:04,101,-89
51.0048,00:02,102,-95
51.0537,00:03,102,-81
51.1048,00:04,102,-89
51.5063,00:02,103,-95
51.5549,00:03,103,-81
51.6058,00:04,103,-89
52.0044,00:02,104,-95
52.054,00:03,104,-81
52.108,00:04,104,-89
52.5042,00:02,105,-95
52.5554,00:03,105,-80
52.6065,00:04,105,-89
53.0048,00:02,106,-95
53.0555,00:03,106,-80
53.1052,00:04,106,-89
53.5063,00:02,107,-95
53.5529,00:03,107,-80
53.6069,00:04,107,-89
54.0049,00:02,108,-96
54.054,00:03,108,-80
54.1065,00:04,108,-89
54.507,00:02,109,-96
54.5529,00:03,109,-79
54.6062,00:04,109,-89
55.0047,00:02,110,-96
55.0549,00:03,110,-79
55.1055,00:04,110,-89
55.505,00:02,111,-96
55.5554,00:03,111,-79
55.6064,00:04,111,-89
56.007,00:02,112,-96
56.0553,00:03,112,-79
56.1047,00:04,112,-89
56.5053,00:02,113,-96
56.5539,00:03,113,-78
56.6052,00:04,113,-89
57.0038,00:02,114,-96
57.053,00:03,114,-78
57.1047,00:04,114,-89
57.5045,00:02,115,-97
57.5544,00:03,115,-78
57.606,00:04,115,-89
58.006,00:02,116,-97
58.0531,00:03,116,-78
58.1076,00:04,116,-89
58.5059,00:02,117,-97
58.5537,00:03,117,-77
58.6065,00:04,117,-89
59.0054,00:02,118,-97
59.0558,00:03,118,-77
59.1067,00:04,118,-89
59.5055,00:02,119,-97
59.5531,00:03,119,-77
59.6078,00:04,119,-89
60.0046,00:02,120,-97
60.0544,00:03,120,-76
60.1046,00:04,120,-89
60.5043,00:02,121,-98
60.5545,00:03,121,-76
60.6067,00:04,121,-89
61.0038,00:02,122,-98
61.052,00:03,122,-76
61.108,00:04,122,-89
61.5048,00:02,123,-98
61.5543,00:03,123,-76
61.6061,00:04,123,-89
62.0061,00:02,124,-98
62.0554,00:03,124,-75
62.1067,00:04,124,-89
62.504,00:02,125,-98
62.5556,00:03,125,-75
62.6076,00:04,125,-89
63.0054,00:02,126,-98
63.0544,00:03,126,-75
63.1047,00:04,126,-89
63.5052,00:02,127,-98
63.5543,00:03,127,-74
63.6054,00:04,127,-89
64.005,00:02,128,-98
64.0525,00:03,128,-74
64.107,00:04,128,-89
64.5047,00:02,129,-99
64.5556,00:03,129,-74
64.6046,00:04,129,-89
65.0046,00:02,130,-99
65.0536,00:03,130,-73
65.1076,00:04,130,-89
65.506,00:02,131,-99
65.5539,00:03,131,-73
65.6065,00:04,131,-89
66.0047,00:02,132,-99
66.0521,00:03,132,-73
66.1058,00:04,132,-89
66.5043,00:02,133,-99
66.5542,00:03,133,-72
66.6053,00:04,133,-89
67.0053,00:02,134,-99
67.0527,00:03,134,-72
67.1059,00:04,134,-90
67.505,00:02,135,-99
67.5557,00:03,135,-72
67.606,00:04,135,-90
68.0049,00:02,136,-100
68.0534,00:03,136,-71
68.1052,00:04,136,-90
68.5056,00:02,137,-100
68.5522,00:03,137,-71
68.6078,00:04,137,-90
69.0062,00:02,138,-100
69.0543,00:03,138,-70
69.1079,00:04,138,-90
69.5035,00:02,139,-100
69.5539,00:03,139,-70
69.6068,00:04,139,-90
70.0054,00:02,140,-100
70.0522,00:03,140,-70
70.1054,00:04,140,-90
70.5035,00:02,141,-100
70.5558,00:03,141,-69
70.6068,00:04,141,-90
71.0068,00:02,142,-100
71.0532,00:03,142,-69
71.1084,00:04,142,-90
71.5063,00:02,143,-100
71.5544,00:03,143,-68
71.6057,00:04,143,-90
72.0045,00:02,144,-101
72.0527,00:03,144,-68
72.1076,00:04,144,-90
72.5052,00:02,145,-101
72.5538,00:03,145,-67
72.6056,00:04,145,-90
73.0044,00:02,146,-101
73.0527,00:03,146,-67
73.1076,00:04,146,-90
73.5068,00:02,147,-101
73.5539,00:03,147,-67
73.608,00:04,147,-90
74.0039,00:02,148,-101
74.0533,00:03,148,-67
74.107,00:04,148,-90
74.5051,00:02,149,-101
74.5556,00:03,149,-66
74.6069,00:04,149,-90
75.0056,00:02,150,-101
75.053,00:03,150,-66
75.1066,00:04,150,-90
75.5057,00:02,151,-101
75.5546,00:03,151,-66
75.6071,00:04,151,-90
76.0054,00:02,152,-101
76.0548,00:03,152,-65
76.1057,00:04,152,-90
76.5044,00:02,153,-102
76.5538,00:03,153,-65
76.6063,00:04,153,-90
77.0034,00:02,154,-102
77.0542,00:03,154,-65
77.1057,00:04,154,-90
77.5032,00:02,155,-102
77.5528,00:03,155,-64
77.6064,00:04,155,-90
78.0051,00:02,156,-102
78.0546,00:03,156,-64
78.1066,00:04,156,-90
78.5046,00:02,157,-102
78.5532,00:03,157,-64
78.6064,00:04,157,-90
79.0038,00:02,158,-102
79.0531,00:03,158,-63
79.1056,00:04,158,-90
79.5044,00:02,159,-102
79.5547,00:03,159,-63
79.6067,00:04,159,-90
80.0066,00:02,160,-102
80.0536,00:03,160,-62
80.1081,00:04,160,-90
80.5046,00:02,161,-102
80.5546,00:03,161,-62
80.6056,00:04,161,-90
81.0063,00:02,162,-103
81.053,00:03,162,-61
81.1075,00:04,162,-90
81.5056,00:02,163,-103
81.5527,00:03,163,-61
81.6045,00:04,163,-90
82.0045,00:02,164,-103
82.0527,00:03,164,-61
82.1057,00:04,164,-90
82.5051,00:02,165,-103
82.5536,00:03,165,-60
82.6062,00:04,165,-90
83.0065,00:02,166,-103
83.0527,00:03,166,-59
83.1065,00:04,166,-90
83.5052,00:02,167,-103
83.5555,00:03,167,-59
83.6073,00:04,167,-91
84.0063,00:02,168,-103
84.0553,00:03,168,-58
84.1073,00:04,168,-91
84.5059,00:02,169,-103
84.5546,00:03,169,-58
84.606,00:04,169,-91
85.0055,00:02,170,-103
85.0532,00:03,170,-57
85.1079,00:04,170,-91
85.5034,00:02,171,-104
85.5553,00:03,171,-56
85.6069,00:04,171,-91
86.0043,00:02,172,-104
86.0546,00:03,172,-56
86.1065,00:04,172,-91
86.5065,00:02,173,-104
86.5529,00:03,173,-55
86.606,00:04,173,-91
87.0032,00:02,174,-104
87.0533,00:03,174,-55
87.1066,00:04,174,-91
87.5039,00:02,175,-104
87.5557,00:03,175,-54
87.6061,00:04,175,-91
88.0056,00:02,176,-104
88.0543,00:03,176,-53
88.1082,00:04,176,-91
88.5049,00:02,177,-104
88.5539,00:03,177,-53
88.6065,00:04,177,-91
89.0051,00:02,178,-104
89.0537,00:03,178,-52
89.1068,00:04,178,-91
89.5054,00:02,179,-104
89.5546,00:03,179,-52
89.6081,00:04,179,-91
90.0056,00:02,180,-104
90.0544,00:03,180,-52
90.1059,00:04,180,-91
90.5047,00:02,181,-104
90.5531,00:03,181,-53
90.606,00:04,181,-91
91.0065,00:02,182,-104
91.0543,00:03,182,-54
91.1081,00:04,182,-91
91.5064,00:02,183,-104
91.5542,00:03,183,-55
91.6073,00:04,183,-91
92.0055,00:02,184,-104
92.0529,00:03,184,-56
92.108,00:04,184,-91
92.5049,00:02,185,-104
92.5541,00:03,185,-57
92.6065,00:04,185,-91
93.0061,00:02,186,-104
93.0545,00:03,186,-58
93.1076,00:04,186,-91
93.507,00:02,187,-104
93.5531,00:03,187,-58
93.606,00:04,187,-90
94.0058,00:02,188,-104
94.0538,00:03,188,-59
94.1085,00:04,188,-90
94.5035,00:02,189,-104
94.5537,00:03,189,-59
94.6069,00:04,189,-90
95.0052,00:02,190,-104
95.0521,00:03,190,-60
95.1072,00:04,190,-90
95.5053,00:02,191,-104
95.5523,00:03,191,-60
95.6073,00:04,191,-90
96.0057,00:02,192,-104
96.0544,00:03,192,-60
96.107,00:04,192,-90
96.5052,00:02,193,-104
96.5555,00:03,193,-60
96.6072,00:04,193,-90
97.0067,00:02,194,-104
97.052,00:03,194,-60
97.106,00:04,194,-90
97.5066,00:02,195,-104
97.5519,00:03,195,-60
97.6074,00:04,195,-90
98.005,00:02,196,-104
98.0523,00:03,196,-60
98.1057,00:04,196,-90
98.505,00:02,197,-104
98.5554,00:03,197,-60
98.6079,00:04,197,-90
99.0039,00:02,198,-104
99.0527,00:03,198,-61
99.1063,00:04,198,-90
99.5051,00:02,199,-104
99.5516,00:03,199,-61
99.6062,00:04,199,-90
100.003,00:02,200,-104
100.054,00:03,200,-61
100.106,00:04,200,-90
100.506,00:02,201,-104
100.554,00:03,201,-61
100.607,00:04,201,-90
101.007,00:02,202,-103
101.052,00:03,202,-62
101.106,00:04,202,-90
101.505,00:02,203,-103
101.554,00:03,203,-62
101.606,00:04,203,-90
102.006,00:02,204,-103
102.054,00:03,204,-62
102.108,00:04,204,-90
102.506,00:02,205,-103
102.554,00:03,205,-62
102.607,00:04,205,-90
103.005,00:02,206,-103
103.054,00:03,206,-63
103.105,00:04,206,-90
103.504,00:02,207,-103
103.554,00:03,207,-63
103.608,00:04,207,-90
104.004,00:02,208,-103
104.054,00:03,208,-63
104.106,00:04,208,-90
104.506,00:02,209,-103
104.555,00:03,209,-64
104.606,00:04,209,-89
105.005,00:02,210,-103
105.053,00:03,210,-64
105.107,00:04,210,-89
105.505,00:02,211,-103
105.553,00:03,211,-64
105.606,00:04,211,-89
106.005,00:02,212,-102
106.054,00:03,212,-64
106.105,00:04,212,-89
106.506,00:02,213,-102
106.554,00:03,213,-65
106.606,00:04,213,-89
107.007,00:02,214,-102
107.053,00:03,214,-65
107.108,00:04,214,-89
107.506,00:02,215,-102
107.553,00:03,215,-65
107.607,00:04,215,-89
108.005,00:02,216,-102
108.052,00:03,216,-66
108.108,00:04,216,-89
108.507,00:02,217,-102
108.553,00:03,217,-66
108.608,00:04,217,-89
109.005,00:02,218,-102
109.054,00:03,218,-66
109.109,00:04,218,-89
109.504,00:02,219,-102
109.553,00:03,219,-66
109.606,00:04,219,-89
110.005,00:02,220,-102
110.054,00:03,220,-67
110.106,00:04,220,-89
110.506,00:02,221,-101
110.555,00:03,221,-67
110.607,00:04,221,-89
111.005,00:02,222,-101
111.053,00:03,222,-67
111.107,00:04,222,-89
111.504,00:02,223,-101
111.555,00:03,223,-67
111.608,00:04,223,-89
112.005,00:02,224,-101
112.054,00:03,224,-68
112.107,00:04,224,-89
112.505,00:02,225,-101
112.553,00:03,225,-68
112.608,00:04,225,-89
113.005,00:02,226,-101
113.055,00:03,226,-68
113.107,00:04,226,-89
113.506,00:02,227,-101
113.555,00:03,227,-69
113.606,00:04,227,-89
114.005,00:02,228,-101
114.053,00:03,228,-69
114.106,00:04,228,-89
114.507,00:02,229,-101
114.554,00:03,229,-70
114.608,00:04,229,-89
115.005,00:02,230,-100
115.053,00:03,230,-70
115.106,00:04,230,-89
115.504,00:02,231,-100
115.554,00:03,231,-70
115.608,00:04,231,-89
116.005,00:02,232,-100
116.053,00:03,232,-71
116.107,00:04,232,-89
116.505,00:02,233,-100
116.555,00:03,233,-71
116.607,00:04,233,-89
117.004,00:02,234,-100
117.053,00:03,234,-71
117.108,00:04,234,-89
117.504,00:02,235,-100
117.555,00:03,235,-72
117.607,00:04,235,-89
118.006,00:02,236,-100
118.052,00:03,236,-72
118.106,00:04,236,-89
118.506,00:02,237,-100
118.554,00:03,237,-73
118.607,00:04,237,-89
119.005,00:02,238,-99
119.052,00:03,238,-73
119.107,00:04,238,-89
119.504,00:02,239,-99
119.553,00:03,239,-73
119.608,00:04,239,-89
120.006,00:02,240,-99
120.052,00:03,240,-74
120.108,00:04,240,-88
120.507,00:02,241,-99
120.552,00:03,241,-74
120.608,00:04,241,-88
121.004,00:02,242,-99
121.053,00:03,242,-74
121.107,00:04,242,-88
121.506,00:02,243,-99
121.554,00:03,243,-74
121.607,00:04,243,-88
122.006,00:02,244,-99
122.054,00:03,244,-75
122.106,00:04,244,-88
122.505,00:02,245,-98
122.554,00:03,245,-75
122.606,00:04,245,-88
123.005,00:02,246,-98
123.054,00:03,246,-75
123.108,00:04,246,-88
123.506,00:02,247,-98
123.554,00:03,247,-76
123.607,00:04,247,-88
124.006,00:02,248,-98
124.053,00:03,248,-76
124.106,00:04,248,-88
124.506,00:02,249,-98
124.552,00:03,249,-76
124.608,00:04,249,-88
125.006,00:02,250,-98
125.054,00:03,250,-77
125.107,00:04,250,-88
125.506,00:02,251,-98
125.554,00:03,251,-77
125.606,00:04,251,-88
126.006,00:02,252,-98
126.053,00:03,252,-77
126.106,00:04,252,-88
126.505,00:02,253,-97
126.554,00:03,253,-77
126.606,00:04,253,-88
127.005,00:02,254,-97
127.056,00:03,254,-78
127.107,00:04,254,-88
127.506,00:02,255,-97
127.555,00:03,255,-78
127.607,00:04,255,-88
128.007,00:02,256,-97
128.052,00:03,256,-78
128.107,00:04,256,-88
128.506,00:02,257,-97
128.554,00:03,257,-78
128.606,00:04,257,-88
129.007,00:02,258,-97
129.053,00:03,258,-79
129.107,00:04,258,-88
129.504,00:02,259,-96
129.555,00:03,259,-79
129.605,00:04,259,-88
130.006,00:02,260,-96
130.053,00:03,260,-79
130.106,00:04,260,-88
130.505,00:02,261,-96
130.554,00:03,261,-79
130.609,00:04,261,-88
131.005,00:02,262,-96
131.052,00:03,262,-80
131.106,00:04,262,-88
131.504,00:02,263,-96
131.554,00:03,263,-80
131.606,00:04,263,-88
132.007,00:02,264,-96
132.053,00:03,264,-80
132.107,00:04,264,-88
132.504,00:02,265,-96
132.552,00:03,265,-80
132.608,00:04,265,-88
133.007,00:02,266,-102
133.052,00:03,266,-87
133.105,00:04,266,-95
133.505,00:02,267,-102
133.553,00:03,267,-88
133.608,00:04,267,-95
134.005,00:02,268,-102
134.054,00:03,268,-88
134.106,00:04,268,-95
134.505,00:02,269,-102
134.553,00:03,269,-88
134.607,00:04,269,-95
135.005,00:02,270,-102
135.054,00:03,270,-88
135.105,00:04,270,-95
135.505,00:02,271,-102
135.551,00:03,271,-89
135.608,00:04,271,-95
136.007,00:02,272,-101
136.054,00:03,272,-89
136.106,00:04,272,-95
136.505,00:02,273,-101
136.554,00:03,273,-89
136.607,00:04,273,-95
137.005,00:02,274,-101
137.053,00:03,274,-89
137.107,00:04,274,-95
137.504,00:02,275,-101
137.553,00:03,275,-89
137.606,00:04,275,-95
138.004,00:02,276,-101
138.053,00:03,276,-90
138.107,00:04,276,-95
138.506,00:02,277,-101
138.554,00:03,277,-90
138.607,00:04,277,-95
139.005,00:02,278,-100
139.054,00:03,278,-90
139.106,00:04,278,-95
139.505,00:02,279,-100
139.552,00:03,279,-90
139.606,00:04,279,-95
140.004,00:02,280,-100
140.053,00:03,280,-90
140.108,00:04,280,-95
140.504,00:02,281,-100
140.553,00:03,281,-91
140.607,00:04,281,-95
141.005,00:02,282,-100
141.053,00:03,282,-91
141.107,00:04,282,-95
141.505,00:02,283,-99
141.554,00:03,283,-91
141.607,00:04,283,-95
142.006,00:02,284,-99
142.053,00:03,284,-91
142.106,00:04,284,-95
142.505,00:02,285,-99
142.554,00:03,285,-91
142.608,00:04,285,-95
143.006,00:02,286,-99
143.055,00:03,286,-91
143.108,00:04,286,-95
143.507,00:02,287,-99
143.553,00:03,287,-92
143.606,00:04,287,-95
144.006,00:02,288,-98
144.053,00:03,288,-92
144.109,00:04,288,-95
144.506,00:02,289,-98
144.552,00:03,289,-92
144.605,00:04,289,-95
145.004,00:02,290,-98
145.053,00:03,290,-92
145.107,00:04,290,-95
145.505,00:02,291,-98
145.551,00:03,291,-92
145.607,00:04,291,-95
146.005,00:02,292,-98
146.053,00:03,292,-93
146.107,00:04,292,-95
146.504,00:02,293,-97
146.552,00:03,293,-93
146.608,00:04,293,-95
147.004,00:02,294,-97
147.053,00:03,294,-93
147.107,00:04,294,-95
147.506,00:02,295,-97
147.555,00:03,295,-93
147.607,00:04,295,-95
148.005,00:02,296,-97
148.052,00:03,296,-93
148.106,00:04,296,-95
148.504,00:02,297,-97
148.554,00:03,297,-93
148.609,00:04,297,-95
149.006,00:02,298,-89
149.054,00:03,298,-87
149.106,00:04,298,-88
149.507,00:02,299,-89
149.553,00:03,299,-87
149.608,00:04,299,-88
150.006,00:02,300,-89
150.054,00:03,300,-87
150.107,00:04,300,-88
150.506,00:02,301,-89
150.553,00:03,301,-87
150.609,00:04,301,-88
151.006,00:02,302,-88
151.053,00:03,302,-87
151.108,00:04,302,-88
151.505,00:02,303,-88
151.552,00:03,303,-87
151.608,00:04,303,-88
152.006,00:02,304,-88
152.053,00:03,304,-87
152.108,00:04,304,-88
152.505,00:02,305,-88
152.553,00:03,305,-88
152.607,00:04,305,-88
153.006,00:02,306,-87
153.055,00:03,306,-88
153.106,00:04,306,-88
153.505,00:02,307,-87
153.553,00:03,307,-88
153.607,00:04,307,-88
154.006,00:02,308,-87
154.054,00:03,308,-88
154.107,00:04,308,-88
154.504,00:02,309,-87
154.553,00:03,309,-88
154.606,00:04,309,-88
155.005,00:02,310,-86
155.053,00:03,310,-88
155.106,00:04,310,-88
155.506,00:02,311,-86
155.553,00:03,311,-88
155.606,00:04,311,-88
156.007,00:02,312,-86
156.055,00:03,312,-89
156.109,00:04,312,-88
156.507,00:02,313,-86
156.554,00:03,313,-89
156.608,00:04,313,-88
157.005,00:02,314,-85
157.054,00:03,314,-89
157.107,00:04,314,-88
157.505,00:02,315,-85
157.553,00:03,315,-89
157.609,00:04,315,-88
158.004,00:02,316,-85
158.053,00:03,316,-89
158.106,00:04,316,-88
158.506,00:02,317,-85
158.554,00:03,317,-89
158.606,00:04,317,-88
159.007,00:02,318,-84
159.054,00:03,318,-89
159.108,00:04,318,-88
159.505,00:02,319,-84
159.553,00:03,319,-90
159.608,00:04,319,-88
160.006,00:02,320,-84
160.052,00:03,320,-90
160.107,00:04,320,-88
160.506,00:02,321,-83
160.553,00:03,321,-90
160.606,00:04,321,-88
161.006,00:02,322,-83
161.051,00:03,322,-90
161.107,00:04,322,-88
161.505,00:02,323,-83
161.553,00:03,323,-90
161.607,00:04,323,-88
162.006,00:02,324,-82
162.051,00:03,324,-90
162.108,00:04,324,-88
162.506,00:02,325,-82
162.553,00:03,325,-90
162.608,00:04,325,-89
163.005,00:02,326,-82
163.052,00:03,326,-90
163.107,00:04,326,-89
163.505,00:02,327,-81
163.553,00:03,327,-91
163.607,00:04,327,-89
164.004,00:02,328,-81
164.053,00:03,328,-91
164.107,00:04,328,-89
164.507,00:02,329,-81
164.554,00:03,329,-91
164.607,00:04,329,-89
165.006,00:02,330,-80
165.053,00:03,330,-91
165.108,00:04,330,-89
165.506,00:02,331,-80
165.553,00:03,331,-91
165.607,00:04,331,-89
166.005,00:02,332,-80
166.054,00:03,332,-91
166.106,00:04,332,-89
166.506,00:02,333,-79
166.552,00:03,333,-91
166.607,00:04,333,-89
167.004,00:02,334,-79
167.053,00:03,334,-91
167.108,00:04,334,-89
167.507,00:02,335,-78
167.554,00:03,335,-92
167.608,00:04,335,-89
168.005,00:02,336,-78
168.055,00:03,336,-92
168.107,00:04,336,-89
168.505,00:02,337,-78
168.552,00:03,337,-92
168.607,00:04,337,-89
169.006,00:02,338,-77
169.054,00:03,338,-92
169.108,00:04,338,-89
169.507,00:02,339,-77
169.553,00:03,339,-92
169.606,00:04,339,-89
170.006,00:02,340,-76
170.054,00:03,340,-92
170.107,00:04,340,-89
170.506,00:02,341,-76
170.554,00:03,341,-92
170.606,00:04,341,-89
171.006,00:02,342,-76
171.053,00:03,342,-92
171.106,00:04,342,-89
171.507,00:02,343,-76
171.552,00:03,343,-93
171.606,00:04,343,-89
172.005,00:02,344,-75
172.053,00:03,344,-93
172.109,00:04,344,-89
172.505,00:02,345,-75
172.554,00:03,345,-93
172.605,00:04,345,-89
173.005,00:02,346,-75
173.053,00:03,346,-93
173.107,00:04,346,-89
173.507,00:02,347,-75
173.553,00:03,347,-93
173.606,00:04,347,-89
174.006,00:02,348,-74
174.054,00:03,348,-93
174.108,00:04,348,-89
174.507,00:02,349,-74
174.553,00:03,349,-93
174.608,00:04,349,-89
175.004,00:02,350,-74
175.055,00:03,350,-93
175.106,00:04,350,-89
175.505,00:02,351,-74
175.554,00:03,351,-93
175.606,00:04,351,-89
176.007,00:02,352,-73
176.054,00:03,352,-94
176.107,00:04,352,-89
176.506,00:02,353,-73
176.553,00:03,353,-94
176.606,00:04,353,-89
177.007,00:02,354,-73
177.052,00:03,354,-94
177.107,00:04,354,-89
177.507,00:02,355,-72
177.553,00:03,355,-94
177.607,00:04,355,-90
178.004,00:02,356,-72
178.053,00:03,356,-94
178.106,00:04,356,-90
178.505,00:02,357,-72
178.554,00:03,357,-94
178.606,00:04,357,-90
179.008,00:02,358,-71
179.052,00:03,358,-94
179.106,00:04,358,-90
179.504,00:02,359,-71
179.553,00:03,359,-94
179.608,00:04,359,-90
180.004,00:02,360,-71
180.052,00:03,360,-94
180.107,00:04,360,-90
180.504,00:02,361,-71
180.553,00:03,361,-94
180.607,00:04,361,-90
181.006,00:02,362,-70
181.052,00:03,362,-95
181.107,00:04,362,-90
181.506,00:02,363,-70
181.552,00:03,363,-95
181.605,00:04,363,-90
182.006,00:02,364,-70
182.052,00:03,364,-95
182.106,00:04,364,-90
182.504,00:02,365,-70
182.552,00:03,365,-95
182.607,00:04,365,-90
183.005,00:02,366,-69
183.052,00:03,366,-95
183.106,00:04,366,-90
183.507,00:02,367,-69
183.553,00:03,367,-95
183.607,00:04,367,-90
184.006,00:02,368,-69
184.053,00:03,368,-95
184.107,00:04,368,-90
184.507,00:02,369,-69
184.554,00:03,369,-95
184.606,00:04,369,-90
185.006,00:02,370,-69
185.051,00:03,370,-95
185.107,00:04,370,-90
185.507,00:02,371,-69
185.552,00:03,371,-95
185.608,00:04,371,-90
186.004,00:02,372,-69
186.053,00:03,372,-96
186.107,00:04,372,-90
186.504,00:02,373,-69
186.553,00:03,373,-96
186.609,00:04,373,-90
187.005,00:02,374,-70
187.053,00:03,374,-96
187.108,00:04,374,-90
187.506,00:02,375,-70
187.554,00:03,375,-96
187.608,00:04,375,-90
188.006,00:02,376,-71
188.054,00:03,376,-96
188.108,00:04,376,-90
188.504,00:02,377,-71
188.551,00:03,377,-96
188.608,00:04,377,-90
189.006,00:02,378,-72
189.052,00:03,378,-96
189.109,00:04,378,-90
189.504,00:02,379,-72
189.554,00:03,379,-96
189.607,00:04,379,-90
190.007,00:02,380,-73
190.053,00:03,380,-96
190.107,00:04,380,-90
190.505,00:02,381,-73
190.552,00:03,381,-96
190.608,00:04,381,-89
191.006,00:02,382,-73
191.053,00:03,382,-96
191.107,00:04,382,-89
191.506,00:02,383,-73
191.553,00:03,383,-96
191.608,00:04,383,-89
192.006,00:02,384,-73
192.054,00:03,384,-96
192.107,00:04,384,-89
192.506,00:02,385,-73
192.553,00:03,385,-96
192.607,00:04,385,-89
193.005,00:02,386,-73
193.054,00:03,386,-95
193.107,00:04,386,-89
193.507,00:02,387,-73
193.551,00:03,387,-95
193.609,00:04,387,-89
194.006,00:02,388,-74
194.054,00:03,388,-95
194.107,00:04,388,-89
194.506,00:02,389,-74
194.553,00:03,389,-95
194.608,00:04,389,-89
195.006,00:02,390,-74
195.052,00:03,390,-95
195.108,00:04,390,-89
195.505,00:02,391,-74
195.553,00:03,391,-95
195.608,00:04,391,-89
196.006,00:02,392,-74
196.053,00:03,392,-95
196.108,00:04,392,-89
196.507,00:02,393,-74
196.552,00:03,393,-95
196.607,00:04,393,-89
197.005,00:02,394,-74
197.053,00:03,394,-95
197.106,00:04,394,-89
197.506,00:02,395,-74
197.553,00:03,395,-95
197.609,00:04,395,-89
198.006,00:02,396,-74
198.055,00:03,396,-94
198.108,00:04,396,-89
198.508,00:02,397,-74
198.553,00:03,397,-94
198.61,00:04,397,-89
199.004,00:02,398,-75
199.053,00:03,398,-94
199.108,00:04,398,-89
199.505,00:02,399,-75
199.553,00:03,399,-94
199.607,00:04,399,-89
200.007,00:02,400,-75
200.052,00:03,400,-94
200.106,00:04,400,-89
200.504,00:02,401,-75
200.552,00:03,401,-94
200.608,00:04,401,-89
201.005,00:02,402,-75
201.052,00:03,402,-94
201.107,00:04,402,-89
201.506,00:02,403,-75
201.554,00:03,403,-94
201.608,00:04,403,-89
202.005,00:02,404,-76
202.053,00:03,404,-94
202.108,00:04,404,-88
202.505,00:02,405,-76
202.552,00:03,405,-94
202.608,00:04,405,-88
203.007,00:02,406,-76
203.052,00:03,406,-93
203.107,00:04,406,-88
203.506,00:02,407,-76
203.553,00:03,407,-93
203.609,00:04,407,-88
204.005,00:02,408,-76
204.053,00:03,408,-93
204.107,00:04,408,-88
204.504,00:02,409,-77
204.553,00:03,409,-93
204.608,00:04,409,-88
205.007,00:02,410,-77
205.052,00:03,410,-93
205.109,00:04,410,-88
205.506,00:02,411,-77
205.554,00:03,411,-93
205.608,00:04,411,-88
206.006,00:02,412,-78
206.054,00:03,412,-93
206.107,00:04,412,-88
206.505,00:02,413,-78
206.554,00:03,413,-93
206.608,00:04,413,-88
207.007,00:02,414,-78
207.052,00:03,414,-93
207.108,00:04,414,-88
207.507,00:02,415,-79
207.551,00:03,415,-92
207.607,00:04,415,-88
208.006,00:02,416,-79
208.052,00:03,416,-92
208.108,00:04,416,-88
208.506,00:02,417,-79
208.552,00:03,417,-92
208.606,00:04,417,-88
209.005,00:02,418,-80
209.053,00:03,418,-92
209.108,00:04,418,-88
209.506,00:02,419,-80
209.553,00:03,419,-92
209.607,00:04,419,-88
210.004,00:02,420,-80
210.052,00:03,420,-92
210.11,00:04,420,-88
210.507,00:02,421,-80
210.554,00:03,421,-92
210.607,00:04,421,-88
211.006,00:02,422,-81
211.051,00:03,422,-92
211.108,00:04,422,-88
211.507,00:02,423,-81
211.554,00:03,423,-92
211.608,00:04,423,-88
212.006,00:02,424,-81
212.052,00:03,424,-91
212.107,00:04,424,-88
212.505,00:02,425,-82
212.553,00:03,425,-91
212.607,00:04,425,-88
213.006,00:02,426,-82
213.053,00:03,426,-91
213.109,00:04,426,-88
213.507,00:02,427,-82
213.552,00:03,427,-91
213.607,00:04,427,-88
214.007,00:02,428,-83
214.053,00:03,428,-91
214.108,00:04,428,-88
214.505,00:02,429,-83
214.554,00:03,429,-91
214.608,00:04,429,-88
215.006,00:02,430,-83
215.052,00:03,430,-91
215.108,00:04,430,-88
215.504,00:02,431,-83
215.553,00:03,431,-91
215.609,00:04,431,-87
216.005,00:02,432,-84
216.054,00:03,432,-90
216.108,00:04,432,-87
216.504,00:02,433,-84
216.553,00:03,433,-90
216.607,00:04,433,-87
217.004,00:02,434,-84
217.052,00:03,434,-90
217.107,00:04,434,-87
217.507,00:02,435,-85
217.552,00:03,435,-90
217.608,00:04,435,-87
218.005,00:02,436,-85
218.054,00:03,436,-90
218.107,00:04,436,-87
218.505,00:02,437,-85
218.553,00:03,437,-90
218.609,00:04,437,-87
219.007,00:02,438,-85
219.053,00:03,438,-90
219.107,00:04,438,-87
219.506,00:02,439,-86
219.554,00:03,439,-90
219.607,00:04,439,-87
220.005,00:02,440,-86
220.051,00:03,440,-89
220.107,00:04,440,-87
220.506,00:02,441,-86
220.554,00:03,441,-89
220.608,00:04,441,-87
221.005,00:02,442,-86
221.054,00:03,442,-89
221.108,00:04,442,-87
221.506,00:02,443,-87
221.553,00:03,443,-89
221.607,00:04,443,-87
222.007,00:02,444,-87
222.053,00:03,444,-89
222.107,00:04,444,-87
222.505,00:02,445,-87
222.553,00:03,445,-89
222.609,00:04,445,-87
223.006,00:02,446,-87
223.053,00:03,446,-89
223.108,00:04,446,-87
223.505,00:02,447,-88
223.552,00:03,447,-88
223.608,00:04,447,-87
224.005,00:02,448,-88
224.051,00:03,448,-88
224.107,00:04,448,-87
224.504,00:02,449,-88
224.552,00:03,449,-88
224.606,00:04,449,-87
225.006,00:02,450,-88
225.053,00:03,450,-88
225.107,00:04,450,-87
225.505,00:02,451,-88
225.552,00:03,451,-88
225.608,00:04,451,-87
226.007,00:02,452,-89
226.054,00:03,452,-88
226.107,00:04,452,-87
226.506,00:02,453,-89
226.553,00:03,453,-88
226.607,00:04,453,-87
227.005,00:02,454,-89
227.05,00:03,454,-87
227.108,00:04,454,-87
227.506,00:02,455,-89
227.553,00:03,455,-87
227.609,00:04,455,-87
228.006,00:02,456,-90
228.052,00:03,456,-87
228.108,00:04,456,-87
228.504,00:02,457,-90
228.55,00:03,457,-87
228.608,00:04,457,-87
229.006,00:02,458,-90
229.052,00:03,458,-87
229.108,00:04,458,-87
229.507,00:02,459,-90
229.552,00:03,459,-87
229.608,00:04,459,-87
230.006,00:02,460,-90
230.052,00:03,460,-86
230.109,00:04,460,-87
230.505,00:02,461,-91
230.554,00:03,461,-86
230.608,00:04,461,-87
231.005,00:02,462,-91
231.052,00:03,462,-86
231.108,00:04,462,-87
231.507,00:02,463,-91
231.551,00:03,463,-86
231.609,00:04,463,-87
232.006,00:02,464,-91
232.052,00:03,464,-86
232.108,00:04,464,-87
232.507,00:02,465,-91
232.552,00:03,465,-86
232.608,00:04,465,-87
233.006,00:02,466,-92
233.051,00:03,466,-86
233.109,00:04,466,-87
233.506,00:02,467,-92
233.551,00:03,467,-85
233.608,00:04,467,-87
234.006,00:02,468,-92
234.051,00:03,468,-85
234.108,00:04,468,-87
234.508,00:02,469,-92
234.552,00:03,469,-85
234.609,00:04,469,-87
235.006,00:02,470,-92
235.053,00:03,470,-85
235.107,00:04,470,-87
235.505,00:02,471,-93
235.554,00:03,471,-85
235.61,00:04,471,-87
236.007,00:02,472,-93
236.052,00:03,472,-84
236.109,00:04,472,-87
236.505,00:02,473,-93
236.552,00:03,473,-84
236.606,00:04,473,-87
237.005,00:02,474,-93
237.054,00:03,474,-84
237.108,00:04,474,-87
237.507,00:02,475,-93
237.553,00:03,475,-84
237.609,00:04,475,-87
238.006,00:02,476,-93
238.052,00:03,476,-84
238.108,00:04,476,-87
238.507,00:02,477,-94
238.553,00:03,477,-84
238.606,00:04,477,-87
239.006,00:02,478,-94
239.052,00:03,478,-83
239.109,00:04,478,-87
239.506,00:02,479,-94
239.551,00:03,479,-83
239.608,00:04,479,-87
240.005,00:02,480,-94
240.053,00:03,480,-83
240.108,00:04,480,-87
240.506,00:02,481,-94
240.553,00:03,481,-83
240.607,00:04,481,-87
241.005,00:02,482,-94
241.051,00:03,482,-83
241.106,00:04,482,-87
241.506,00:02,483,-95
241.552,00:03,483,-82
241.608,00:04,483,-87
242.006,00:02,484,-95
242.053,00:03,484,-82
242.108,00:04,484,-87
242.507,00:02,485,-95
242.554,00:03,485,-82
242.61,00:04,485,-87
243.005,00:02,486,-95
243.054,00:03,486,-82
243.108,00:04,486,-87
243.504,00:02,487,-95
243.552,00:03,487,-82
243.608,00:04,487,-87
244.006,00:02,488,-95
244.051,00:03,488,-81
244.108,00:04,488,-87
244.507,00:02,489,-96
244.551,00:03,489,-81
244.606,00:04,489,-87
245.005,00:02,490,-96
245.051,00:03,490,-81
245.109,00:04,490,-87
245.506,00:02,491,-96
245.551,00:03,491,-81
245.608,00:04,491,-87
246.006,00:02,492,-96
246.053,00:03,492,-81
246.109,00:04,492,-87
246.505,00:02,493,-96
246.554,00:03,493,-80
246.608,00:04,493,-87
247.008,00:02,494,-96
247.051,00:03,494,-80
247.109,00:04,494,-87
247.506,00:02,495,-96
247.552,00:03,495,-80
247.609,00:04,495,-87
248.005,00:02,496,-97
248.054,00:03,496,-80
248.108,00:04,496,-87
248.507,00:02,497,-97
248.552,00:03,497,-80
248.609,00:04,497,-87
249.006,00:02,498,-97
249.053,00:03,498,-79
249.107,00:04,498,-87
249.504,00:02,499,-97
249.551,00:03,499,-79
249.607,00:04,499,-87
250.006,00:02,500,-97
250.053,00:03,500,-79
250.109,00:04,500,-87
250.505,00:02,501,-97
250.552,00:03,501,-79
250.609,00:04,501,-87
251.005,00:02,502,-97
251.051,00:03,502,-78
251.108,00:04,502,-87
251.505,00:02,503,-98
251.552,00:03,503,-78
251.608,00:04,503,-87
252.006,00:02,504,-98
252.051,00:03,504,-78
252.108,00:04,504,-87
252.506,00:02,505,-98
252.552,00:03,505,-78
252.61,00:04,505,-87
253.004,00:02,506,-98
253.052,00:03,506,-77
253.108,00:04,506,-87
253.507,00:02,507,-98
253.554,00:03,507,-77
253.609,00:04,507,-87
254.007,00:02,508,-98
254.053,00:03,508,-77
254.108,00:04,508,-87
254.507,00:02,509,-98
254.552,00:03,509,-77
254.609,00:04,509,-87
255.006,00:02,510,-99
255.053,00:03,510,-76
255.109,00:04,510,-87
255.506,00:02,511,-99
255.553,00:03,511,-76
255.607,00:04,511,-87
256.007,00:02,512,-99
256.053,00:03,512,-76
256.109,00:04,512,-87
256.505,00:02,513,-99
256.551,00:03,513,-76
256.61,00:04,513,-87
257.006,00:02,514,-99
257.051,00:03,514,-75
257.108,00:04,514,-87
257.506,00:02,515,-99
257.553,00:03,515,-75
257.606,00:04,515,-87
258.006,00:02,516,-99
258.053,00:03,516,-75
258.109,00:04,516,-87
258.506,00:02,517,-99
258.553,00:03,517,-75
258.608,00:04,517,-87
259.005,00:02,518,-100
259.053,00:03,518,-74
259.107,00:04,518,-88
259.505,00:02,519,-100
259.551,00:03,519,-74
259.608,00:04,519,-88
260.007,00:02,520,-100
260.052,00:03,520,-74
260.108,00:04,520,-88
260.506,00:02,521,-100
260.553,00:03,521,-73
260.608,00:04,521,-88
261.006,00:02,522,-100
261.053,00:03,522,-73
261.108,00:04,522,-88
261.505,00:02,523,-100
261.552,00:03,523,-73
261.607,00:04,523,-88
262.007,00:02,524,-100
262.054,00:03,524,-72
262.11,00:04,524,-88
262.506,00:02,525,-100
262.55,00:03,525,-72
262.609,00:04,525,-88
263.007,00:02,526,-101
263.051,00:03,526,-72
263.108,00:04,526,-88
263.506,00:02,527,-101
263.551,00:03,527,-72
263.608,00:04,527,-88
264.006,00:02,528,-101
264.054,00:03,528,-71
264.108,00:04,528,-88
264.506,00:02,529,-101
264.55,00:03,529,-71
264.608,00:04,529,-88
265.007,00:02,530,-101
265.052,00:03,530,-71
265.108,00:04,530,-88
265.506,00:02,531,-101
265.553,00:03,531,-70
265.609,00:04,531,-88
266.006,00:02,532,-101
266.052,00:03,532,-70
266.109,00:04,532,-88
266.506,00:02,533,-101
266.552,00:03,533,-70
266.607,00:04,533,-88
267.007,00:02,534,-101
267.052,00:03,534,-69
267.108,00:04,534,-88
267.506,00:02,535,-102
267.553,00:03,535,-69
267.607,00:04,535,-88
268.004,00:02,536,-102
268.051,00:03,536,-69
268.107,00:04,536,-88
268.505,00:02,537,-102
268.553,00:03,537,-68
268.608,00:04,537,-88
269.006,00:02,538,-102
269.053,00:03,538,-68
269.109,00:04,538,-88
269.507,00:02,539,-102
269.552,00:03,539,-68
269.607,00:04,539,-88
270.006,00:02,540,-102
270.051,00:03,540,-67
270.108,00:04,540,-88
270.504,00:02,541,-102
270.552,00:03,541,-67
270.609,00:04,541,-88
271.005,00:02,542,-102
271.052,00:03,542,-67
271.107,00:04,542,-88
271.506,00:02,543,-102
271.552,00:03,543,-67
271.608,00:04,543,-88
272.005,00:02,544,-103
272.051,00:03,544,-67
272.109,00:04,544,-88
272.506,00:02,545,-103
272.553,00:03,545,-67
272.607,00:04,545,-89
273.007,00:02,546,-103
273.051,00:03,546,-66
273.11,00:04,546,-89
273.505,00:02,547,-103
273.553,00:03,547,-66
273.609,00:04,547,-89
274.005,00:02,548,-103
274.053,00:03,548,-66
274.109,00:04,548,-89
274.505,00:02,549,-103
274.551,00:03,549,-66
274.606,00:04,549,-89
275.005,00:02,550,-103
275.052,00:03,550,-66
275.108,00:04,550,-89
275.507,00:02,551,-103
275.552,00:03,551,-66
275.61,00:04,551,-89
276.004,00:02,552,-103
276.052,00:03,552,-65
276.107,00:04,552,-89
276.505,00:02,553,-103
276.552,00:03,553,-65
276.609,00:04,553,-89
277.006,00:02,554,-104
277.051,00:03,554,-65
277.109,00:04,554,-89
277.505,00:02,555,-104
277.551,00:03,555,-65
277.609,00:04,555,-89
278.006,00:02,556,-104
278.051,00:03,556,-65
278.109,00:04,556,-89
278.506,00:02,557,-104
278.553,00:03,557,-65
278.61,00:04,557,-89
279.006,00:02,558,-104
279.053,00:03,558,-65
279.108,00:04,558,-89
279.507,00:02,559,-104
279.552,00:03,559,-65
279.607,00:04,559,-89
280.005,00:02,560,-104
280.051,00:03,560,-65
280.109,00:04,560,-89
280.505,00:02,561,-104
280.553,00:03,561,-65
280.61,00:04,561,-89
281.007,00:02,562,-104
281.05,00:03,562,-65
281.109,00:04,562,-89
281.505,00:02,563,-104
281.551,00:03,563,-64
281.61,00:04,563,-89
282.006,00:02,564,-105
282.053,00:03,564,-65
282.11,00:04,564,-89
282.507,00:02,565,-105
282.551,00:03,565,-65
282.608,00:04,565,-89
283.005,00:02,566,-105
283.051,00:03,566,-65
283.11,00:04,566,-89
283.506,00:02,567,-105
283.552,00:03,567,-66
283.608,00:04,567,-89
284.005,00:02,568,-105
284.052,00:03,568,-66
284.11,00:04,568,-89
284.507,00:02,569,-105
284.552,00:03,569,-66
284.609,00:04,569,-89
285.006,00:02,570,-105
285.052,00:03,570,-67
285.108,00:04,570,-89
285.505,00:02,571,-105
285.552,00:03,571,-67
285.607,00:04,571,-89
286.006,00:02,572,-105
286.053,00:03,572,-67
286.108,00:04,572,-89
286.507,00:02,573,-105
286.552,00:03,573,-67
286.608,00:04,573,-89
287.006,00:02,574,-105
287.052,00:03,574,-68
287.109,00:04,574,-89
287.505,00:02,575,-105
287.551,00:03,575,-68
287.608,00:04,575,-89
288.007,00:02,576,-105
288.052,00:03,576,-68
288.107,00:04,576,-89
288.507,00:02,577,-105
288.55,00:03,577,-68
288.607,00:04,577,-88
289.007,00:02,578,-105
289.052,00:03,578,-68
289.108,00:04,578,-88
289.506,00:02,579,-104
289.552,00:03,579,-68
289.607,00:04,579,-88
290.006,00:02,580,-104
290.053,00:03,580,-68
290.109,00:04,580,-88
290.507,00:02,581,-104
290.552,00:03,581,-68
290.61,00:04,581,-88
291.005,00:02,582,-104
291.05,00:03,582,-68
291.109,00:04,582,-88
291.506,00:02,583,-104
291.551,00:03,583,-68
291.607,00:04,583,-88
292.007,00:02,584,-104
292.053,00:03,584,-68
292.109,00:04,584,-88
292.505,00:02,585,-104
292.551,00:03,585,-68
292.61,00:04,585,-88
293.006,00:02,586,-104
293.052,00:03,586,-68
293.109,00:04,586,-88
293.505,00:02,587,-104
293.553,00:03,587,-68
293.608,00:04,587,-88
294.006,00:02,588,-104
294.051,00:03,588,-69
294.11,00:04,588,-88
294.507,00:02,589,-103
294.551,00:03,589,-69
294.608,00:04,589,-88
295.005,00:02,590,-103
295.051,00:03,590,-69
295.109,00:04,590,-88
295.506,00:02,591,-103
295.551,00:03,591,-69
295.607,00:04,591,-88
296.005,00:02,592,-103
296.053,00:03,592,-69
296.107,00:04,592,-88
296.506,00:02,593,-103
296.55,00:03,593,-69
296.609,00:04,593,-88
297.006,00:02,594,-103
297.052,00:03,594,-70
297.109,00:04,594,-88
297.504,00:02,595,-103
297.552,00:03,595,-70
297.609,00:04,595,-88
298.004,00:02,596,-103
298.051,00:03,596,-70
298.109,00:04,596,-88
298.507,00:02,597,-103
298.552,00:03,597,-70
298.607,00:04,597,-87
299.008,00:02,598,-103
299.052,00:03,598,-70
299.108,00:04,598,-87
299.507,00:02,599,-102
299.553,00:03,599,-71
299.607,00:04,599,-87
300.006,00:02,600,-102
300.051,00:03,600,-71
300.11,00:04,600,-87
300.504,00:02,601,-102
300.551,00:03,601,-71
300.61,00:04,601,-87
301.004,00:02,602,-102
301.051,00:03,602,-71
301.11,00:04,602,-87
301.506,00:02,603,-102
301.551,00:03,603,-72
301.608,00:04,603,-87
302.006,00:02,604,-102
302.053,00:03,604,-72
302.109,00:04,604,-87
302.506,00:02,605,-102
302.55,00:03,605,-72
302.608,00:04,605,-87
303.005,00:02,606,-102
303.053,00:03,606,-72
303.11,00:04,606,-87
303.507,00:02,607,-102
303.55,00:03,607,-72
303.61,00:04,607,-87
304.006,00:02,608,-101
304.051,00:03,608,-73
304.108,00:04,608,-87
304.507,00:02,609,-101
304.55,00:03,609,-73
304.607,00:04,609,-87
305.006,00:02,610,-101
305.052,00:03,610,-73
305.106,00:04,610,-87
305.507,00:02,611,-101
305.552,00:03,611,-73
305.607,00:04,611,-87
306.005,00:02,612,-101
306.051,00:03,612,-74
306.107,00:04,612,-87
306.508,00:02,613,-101
306.55,00:03,613,-74
306.609,00:04,613,-87
307.007,00:02,614,-101
307.052,00:03,614,-74
307.109,00:04,614,-87
307.507,00:02,615,-101
307.553,00:03,615,-74
307.608,00:04,615,-87
308.006,00:02,616,-101
308.052,00:03,616,-75
308.108,00:04,616,-87
308.505,00:02,617,-100
308.552,00:03,617,-75
308.608,00:04,617,-87
309.007,00:02,618,-100
309.052,00:03,618,-75
309.108,00:04,618,-87
309.506,00:02,619,-100
309.552,00:03,619,-75
309.607,00:04,619,-87
310.006,00:02,620,-100
310.052,00:03,620,-76
310.109,00:04,620,-87
310.506,00:02,621,-100
310.553,00:03,621,-76
310.608,00:04,621,-86
311.005,00:02,622,-100
311.052,00:03,622,-76
311.109,00:04,622,-86
311.508,00:02,623,-100
311.553,00:03,623,-76
311.608,00:04,623,-86
312.005,00:02,624,-100
312.05,00:03,624,-76
312.107,00:04,624,-86
312.505,00:02,625,-100
312.551,00:03,625,-77
312.61,00:04,625,-86
313.006,00:02,626,-99
313.052,00:03,626,-77
313.108,00:04,626,-86
313.506,00:02,627,-99
313.55,00:03,627,-77
313.609,00:04,627,-86
314.006,00:02,628,-99
314.052,00:03,628,-77
314.11,00:04,628,-86
314.508,00:02,629,-99
314.552,00:03,629,-78
314.607,00:04,629,-86
315.005,00:02,630,-99
315.052,00:03,630,-78
315.11,00:04,630,-86
315.506,00:02,631,-99
315.551,00:03,631,-78
315.61,00:04,631,-86
316.007,00:02,632,-99
316.052,00:03,632,-78
316.108,00:04,632,-86
316.507,00:02,633,-98
316.55,00:03,633,-78
316.61,00:04,633,-86
317.005,00:02,634,-98
317.051,00:03,634,-79
317.11,00:04,634,-86
317.507,00:02,635,-98
317.553,00:03,635,-79
317.61,00:04,635,-86
318.006,00:02,636,-98
318.05,00:03,636,-79
318.108,00:04,636,-86
318.505,00:02,637,-98
318.551,00:03,637,-79
318.609,00:04,637,-86
319.007,00:02,638,-98
319.051,00:03,638,-80
319.109,00:04,638,-86
319.505,00:02,639,-98
319.552,00:03,639,-80
319.609,00:04,639,-86
320.005,00:02,640,-98
320.052,00:03,640,-80
320.11,00:04,640,-86
320.507,00:02,641,-97
320.55,00:03,641,-80
320.608,00:04,641,-86
321.006,00:02,642,-97
321.05,00:03,642,-80
321.108,00:04,642,-86
321.506,00:02,643,-97
321.551,00:03,643,-81
321.609,00:04,643,-86
322.005,00:02,644,-97
322.052,00:03,644,-81
322.107,00:04,644,-86
322.505,00:02,645,-97
322.551,00:03,645,-81
322.609,00:04,645,-86
323.006,00:02,646,-97
323.053,00:03,646,-81
323.109,00:04,646,-86
323.507,00:02,647,-97
323.551,00:03,647,-81
323.609,00:04,647,-86
324.006,00:02,648,-96
324.051,00:03,648,-82
324.108,00:04,648,-86
324.505,00:02,649,-96
324.553,00:03,649,-82
324.608,00:04,649,-86
325.005,00:02,650,-96
325.051,00:03,650,-82
325.11,00:04,650,-86
325.507,00:02,651,-96
325.552,00:03,651,-82
325.608,00:04,651,-86
326.007,00:02,652,-96
326.053,00:03,652,-82
326.109,00:04,652,-86
326.507,00:02,653,-96
326.551,00:03,653,-82
326.609,00:04,653,-86
327.005,00:02,654,-100
327.052,00:03,654,-87
327.109,00:04,654,-90
327.506,00:02,655,-99
327.551,00:03,655,-87
327.61,00:04,655,-90
328.005,00:02,656,-99
328.05,00:03,656,-87
328.111,00:04,656,-90
328.507,00:02,657,-99
328.55,00:03,657,-87
328.61,00:04,657,-90
329.005,00:02,658,-99
329.052,00:03,658,-87
329.108,00:04,658,-90
329.508,00:02,659,-99
329.553,00:03,659,-88
329.609,00:04,659,-90
330.006,00:02,660,-99
330.052,00:03,660,-88
330.108,00:04,660,-90
330.508,00:02,661,-98
330.551,00:03,661,-88
330.608,00:04,661,-90
331.007,00:02,662,-98
331.051,00:03,662,-88
331.11,00:04,662,-90
331.506,00:02,663,-98
331.551,00:03,663,-88
331.609,00:04,663,-90
332.007,00:02,664,-98
332.052,00:03,664,-88
332.109,00:04,664,-90
332.507,00:02,665,-98
332.552,00:03,665,-89
332.61,00:04,665,-90
333.006,00:02,666,-98
333.051,00:03,666,-89
333.109,00:04,666,-90
333.505,00:02,667,-97
333.552,00:03,667,-89
333.609,00:04,667,-90
334.006,00:02,668,-97
334.051,00:03,668,-89
334.108,00:04,668,-90
334.505,00:02,669,-97
334.553,00:03,669,-89
334.608,00:04,669,-90
335.006,00:02,670,-97
335.051,00:03,670,-89
335.108,00:04,670,-90
335.507,00:02,671,-97
335.55,00:03,671,-90
335.608,00:04,671,-90
336.005,00:02,672,-97
336.05,00:03,672,-90
336.108,00:04,672,-90
336.506,00:02,673,-96
336.549,00:03,673,-90
336.609,00:04,673,-90
337.005,00:02,674,-96
337.051,00:03,674,-90
337.109,00:04,674,-90
337.505,00:02,675,-96
337.551,00:03,675,-90
337.609,00:04,675,-90
338.005,00:02,676,-96
338.051,00:03,676,-90
338.108,00:04,676,-90
338.507,00:02,677,-96
338.553,00:03,677,-91
338.608,00:04,677,-90
339.006,00:02,678,-92
339.053,00:03,678,-87
339.11,00:04,678,-86
339.505,00:02,679,-91
339.553,00:03,679,-87
339.608,00:04,679,-86
340.006,00:02,680,-91
340.052,00:03,680,-87
340.108,00:04,680,-86
340.506,00:02,681,-91
340.55,00:03,681,-87
340.607,00:04,681,-86
341.005,00:02,682,-91
341.051,00:03,682,-87
341.11,00:04,682,-86
341.506,00:02,683,-91
341.552,00:03,683,-87
341.608,00:04,683,-86
342.008,00:02,684,-90
342.051,00:03,684,-88
342.107,00:04,684,-86
342.506,00:02,685,-90
342.55,00:03,685,-88
342.61,00:04,685,-86
343.007,00:02,686,-90
343.053,00:03,686,-88
343.111,00:04,686,-86
343.506,00:02,687,-90
343.55,00:03,687,-88
343.609,00:04,687,-86
344.005,00:02,688,-90
344.051,00:03,688,-88
344.108,00:04,688,-86
344.506,00:02,689,-89
344.551,00:03,689,-88
344.609,00:04,689,-86
345.007,00:02,690,-89
345.051,00:03,690,-88
345.108,00:04,690,-86
345.505,00:02,691,-89
345.55,00:03,691,-89
345.609,00:04,691,-86
346.006,00:02,692,-89
346.052,00:03,692,-89
346.11,00:04,692,-86
346.507,00:02,693,-89
346.552,00:03,693,-89
346.61,00:04,693,-86
347.006,00:02,694,-88
347.051,00:03,694,-89
347.109,00:04,694,-86
347.506,00:02,695,-88
347.551,00:03,695,-89
347.609,00:04,695,-86
348.006,00:02,696,-88
348.05,00:03,696,-89
348.109,00:04,696,-86
348.504,00:02,697,-88
348.551,00:03,697,-89
348.609,00:04,697,-86
349.007,00:02,698,-88
349.05,00:03,698,-89
349.11,00:04,698,-86
349.506,00:02,699,-87
349.551,00:03,699,-90
349.611,00:04,699,-86
350.007,00:02,700,-87
350.05,00:03,700,-90
350.108,00:04,700,-86
350.505,00:02,701,-87
350.552,00:03,701,-90
350.609,00:04,701,-86
351.007,00:02,702,-87
351.051,00:03,702,-90
351.109,00:04,702,-86
351.506,00:02,703,-86
351.55,00:03,703,-90
351.609,00:04,703,-86
352.007,00:02,704,-86
352.052,00:03,704,-90
352.11,00:04,704,-86
352.508,00:02,705,-86
352.551,00:03,705,-90
352.61,00:04,705,-86
353.005,00:02,706,-86
353.052,00:03,706,-90
353.109,00:04,706,-86
353.506,00:02,707,-86
353.551,00:03,707,-91
353.609,00:04,707,-86
354.006,00:02,708,-85
354.051,00:03,708,-91
354.108,00:04,708,-86
354.507,00:02,709,-85
354.553,00:03,709,-91
354.609,00:04,709,-86
355.006,00:02,710,-85
355.051,00:03,710,-91
355.109,00:04,710,-86
355.507,00:02,711,-85
355.552,00:03,711,-91
355.609,00:04,711,-86
356.006,00:02,712,-84
356.052,00:03,712,-91
356.109,00:04,712,-87
356.507,00:02,713,-84
356.55,00:03,713,-91
356.608,00:04,713,-87
357.007,00:02,714,-84
357.052,00:03,714,-91
357.11,00:04,714,-87
357.508,00:02,715,-84
357.55,00:03,715,-92
357.609,00:04,715,-87
358.004,00:02,716,-83
358.05,00:03,716,-92
358.11,00:04,716,-87
358.507,00:02,717,-83
358.553,00:03,717,-92
358.607,00:04,717,-87
359.006,00:02,718,-83
359.052,00:03,718,-92
359.109,00:04,718,-87
359.507,00:02,719,-83
359.55,00:03,719,-92
359.609,00:04,719,-87
360.006,00:02,720,-83
360.053,00:03,720,-92
360.109,00:04,720,-87
360.507,00:02,721,-82
360.551,00:03,721,-92
360.611,00:04,721,-87
361.006,00:02,722,-86
361.053,00:03,722,-96
361.108,00:04,722,-91
361.508,00:02,723,-86
361.55,00:03,723,-96
361.607,00:04,723,-91
362.008,00:02,724,-86
362.051,00:03,724,-97
362.108,00:04,724,-91
362.506,00:02,725,-85
362.551,00:03,725,-97
362.609,00:04,725,-91
363.007,00:02,726,-85
363.052,00:03,726,-97
363.11,00:04,726,-91
363.507,00:02,727,-85
363.553,00:03,727,-97
363.609,00:04,727,-91
364.006,00:02,728,-85
364.051,00:03,728,-97
364.108,00:04,728,-91
364.508,00:02,729,-84
364.553,00:03,729,-97
364.609,00:04,729,-91
365.006,00:02,730,-80
365.051,00:03,730,-93
365.109,00:04,730,-87
365.506,00:02,731,-80
365.55,00:03,731,-93
365.609,00:04,731,-87
366.005,00:02,732,-80
366.051,00:03,732,-93
366.109,00:04,732,-87
366.507,00:02,733,-79
366.551,00:03,733,-94
366.608,00:04,733,-87
367.007,00:02,734,-79
367.052,00:03,734,-94
367.109,00:04,734,-87
367.507,00:02,735,-79
367.552,00:03,735,-94
367.608,00:04,735,-87
368.005,00:02,736,-79
368.049,00:03,736,-94
368.109,00:04,736,-88
368.506,00:02,737,-79
368.551,00:03,737,-94
368.607,00:04,737,-88
369.006,00:02,738,-78
369.051,00:03,738,-94
369.11,00:04,738,-88
369.506,00:02,739,-78
369.551,00:03,739,-94
369.607,00:04,739,-88
370.005,00:02,740,-78
370.051,00:03,740,-94
370.11,00:04,740,-88
370.507,00:02,741,-78
370.552,00:03,741,-94
370.608,00:04,741,-88
371.006,00:02,742,-78
371.05,00:03,742,-94
371.108,00:04,742,-88
371.506,00:02,743,-78
371.551,00:03,743,-95
371.61,00:04,743,-88
372.005,00:02,744,-77
372.051,00:03,744,-95
372.11,00:04,744,-88
372.507,00:02,745,-77
372.551,00:03,745,-95
372.607,00:04,745,-88
373.005,00:02,746,-77
373.05,00:03,746,-95
373.108,00:04,746,-88
373.507,00:02,747,-77
373.549,00:03,747,-95
373.611,00:04,747,-88
374.007,00:02,748,-77
374.049,00:03,748,-95
374.11,00:04,748,-88
374.507,00:02,749,-77
374.549,00:03,749,-95
374.609,00:04,749,-88
375.008,00:02,750,-77
375.05,00:03,750,-95
375.107,00:04,750,-88
375.506,00:02,751,-77
375.552,00:03,751,-95
375.61,00:04,751,-88
376.007,00:02,752,-77
376.051,00:03,752,-95
376.11,00:04,752,-88
376.505,00:02,753,-77
376.552,00:03,753,-96
376.608,00:04,753,-88
377.006,00:02,754,-77
377.05,00:03,754,-96
377.107,00:04,754,-88
377.507,00:02,755,-77
377.551,00:03,755,-96
377.61,00:04,755,-88
378.006,00:02,756,-77
378.05,00:03,756,-96
378.109,00:04,756,-89
378.507,00:02,757,-77
378.551,00:03,757,-96
378.61,00:04,757,-88
379.007,00:02,758,-77
379.051,00:03,758,-96
379.109,00:04,758,-88
379.506,00:02,759,-78
379.552,00:03,759,-96
379.61,00:04,759,-88
380.006,00:02,760,-78
380.051,00:03,760,-96
380.11,00:04,760,-88
380.506,00:02,761,-79
380.552,00:03,761,-96
380.609,00:04,761,-88
381.004,00:02,762,-79
381.051,00:03,762,-96
381.109,00:04,762,-88
381.507,00:02,763,-80
381.551,00:03,763,-96
381.611,00:04,763,-88
382.007,00:02,764,-80
382.051,00:03,764,-96
382.109,00:04,764,-88
382.507,00:02,765,-80
382.549,00:03,765,-96
382.61,00:04,765,-88
383.006,00:02,766,-81
383.051,00:03,766,-96
383.108,00:04,766,-88
383.506,00:02,767,-81
383.551,00:03,767,-96
383.61,00:04,767,-88
384.007,00:02,768,-81
384.049,00:03,768,-96
384.109,00:04,768,-88
384.506,00:02,769,-81
384.552,00:03,769,-96
384.61,00:04,769,-88
385.005,00:02,770,-81
385.05,00:03,770,-96
385.11,00:04,770,-88
385.506,00:02,771,-81
385.55,00:03,771,-96
385.61,00:04,771,-87
386.007,00:02,772,-81
386.052,00:03,772,-96
386.109,00:04,772,-87
386.506,00:02,773,-81
386.551,00:03,773,-96
386.611,00:04,773,-87
387.005,00:02,774,-81
387.051,00:03,774,-95
387.11,00:04,774,-87
387.505,00:02,775,-81
387.55,00:03,775,-95
387.609,00:04,775,-87
388.007,00:02,776,-81
388.052,00:03,776,-95
388.108,00:04,776,-87
388.507,00:02,777,-81
388.549,00:03,777,-95
388.611,00:04,777,-87
389.007,00:02,778,-81
389.05,00:03,778,-95
389.108,00:04,778,-87
389.507,00:02,779,-81
389.552,00:03,779,-95
389.61,00:04,779,-87
390.005,00:02,780,-81
390.05,00:03,780,-95
390.108,00:04,780,-87
390.505,00:02,781,-81
390.552,00:03,781,-95
390.61,00:04,781,-87
391.006,00:02,782,-82
391.052,00:03,782,-95
391.111,00:04,782,-87
391.505,00:02,783,-82
391.552,00:03,783,-95
391.611,00:04,783,-87
392.005,00:02,784,-82
392.05,00:03,784,-95
392.11,00:04,784,-87
392.507,00:02,785,-82
392.551,00:03,785,-94
392.608,00:04,785,-87
393.007,00:02,786,-82
393.052,00:03,786,-94
393.109,00:04,786,-87
393.508,00:02,787,-82
393.55,00:03,787,-94
393.609,00:04,787,-87
394.006,00:02,788,-82
394.052,00:03,788,-94
394.11,00:04,788,-87
394.506,00:02,789,-82
394.549,00:03,789,-94
394.611,00:04,789,-86
395.008,00:02,790,-83
395.05,00:03,790,-94
395.11,00:04,790,-86
395.508,00:02,791,-83
395.549,00:03,791,-94
395.609,00:04,791,-86
396.007,00:02,792,-83
396.051,00:03,792,-94
396.111,00:04,792,-86
396.507,00:02,793,-83
396.551,00:03,793,-94
396.609,00:04,793,-86
397.005,00:02,794,-87
397.05,00:03,794,-98
397.111,00:04,794,-90
397.507,00:02,795,-87
397.552,00:03,795,-97
397.611,00:04,795,-90
398.006,00:02,796,-87
398.05,00:03,796,-97
398.109,00:04,796,-90
398.505,00:02,797,-88
398.551,00:03,797,-97
398.609,00:04,797,-90
399.005,00:02,798,-88
399.049,00:03,798,-97
399.11,00:04,798,-90
399.504,00:02,799,-88
399.55,00:03,799,-97
399.61,00:04,799,-90
400.006,00:02,800,-88
400.05,00:03,800,-97
400.109,00:04,800,-90
400.507,00:02,801,-88
400.55,00:03,801,-97
400.61,00:04,801,-90
401.006,00:02,802,-85
401.051,00:03,802,-93
401.109,00:04,802,-86
401.507,00:02,803,-85
401.55,00:03,803,-93
401.608,00:04,803,-86
402.005,00:02,804,-85
402.052,00:03,804,-92
402.108,00:04,804,-86
402.507,00:02,805,-85
402.549,00:03,805,-92
402.609,00:04,805,-86
403.006,00:02,806,-85
403.05,00:03,806,-92
403.108,00:04,806,-86
403.507,00:02,807,-85
403.552,00:03,807,-92
403.61,00:04,807,-86
404.006,00:02,808,-86
404.051,00:03,808,-92
404.11,00:04,808,-86
404.507,00:02,809,-86
404.551,00:03,809,-92
404.609,00:04,809,-86
405.006,00:02,810,-86
405.052,00:03,810,-92
405.109,00:04,810,-85
405.506,00:02,811,-86
405.55,00:03,811,-92
405.609,00:04,811,-85
406.005,00:02,812,-86
406.05,00:03,812,-92
406.111,00:04,812,-85
406.505,00:02,813,-87
406.55,00:03,813,-91
406.609,00:04,813,-85
407.007,00:02,814,-87
407.05,00:03,814,-91
407.11,00:04,814,-85
407.508,00:02,815,-87
407.55,00:03,815,-91
407.61,00:04,815,-85
408.005,00:02,816,-87
408.051,00:03,816,-91
408.11,00:04,816,-85
408.507,00:02,817,-87
408.551,00:03,817,-91
408.61,00:04,817,-85
409.007,00:02,818,-87
409.052,00:03,818,-91
409.11,00:04,818,-85
409.506,00:02,819,-88
409.552,00:03,819,-91
409.61,00:04,819,-85
410.006,00:02,820,-88
410.049,00:03,820,-91
410.108,00:04,820,-85
410.506,00:02,821,-88
410.55,00:03,821,-90
410.61,00:04,821,-85
411.007,00:02,822,-88
411.049,00:03,822,-90
411.109,00:04,822,-85
411.508,00:02,823,-88
411.549,00:03,823,-90
411.609,00:04,823,-85
412.006,00:02,824,-89
412.05,00:03,824,-90
412.111,00:04,824,-85
412.506,00:02,825,-89
412.55,00:03,825,-90
412.611,00:04,825,-85
413.006,00:02,826,-89
413.05,00:03,826,-90
413.109,00:04,826,-85
413.508,00:02,827,-89
413.55,00:03,827,-90
413.61,00:04,827,-85
414.008,00:02,828,-89
414.049,00:03,828,-90
414.11,00:04,828,-85
414.505,00:02,829,-90
414.551,00:03,829,-89
414.61,00:04,829,-85
415.007,00:02,830,-90
415.05,00:03,830,-89
415.109,00:04,830,-85
415.507,00:02,831,-90
415.549,00:03,831,-89
415.61,00:04,831,-85
416.007,00:02,832,-90
416.05,00:03,832,-89
416.11,00:04,832,-85
416.506,00:02,833,-90
416.549,00:03,833,-89
416.609,00:04,833,-85
417.008,00:02,834,-90
417.05,00:03,834,-89
417.109,00:04,834,-85
417.506,00:02,835,-91
417.55,00:03,835,-89
417.609,00:04,835,-85
418.006,00:02,836,-91
418.05,00:03,836,-89
418.109,00:04,836,-85
418.506,00:02,837,-91
418.55,00:03,837,-88
418.611,00:04,837,-85
419.007,00:02,838,-91
419.049,00:03,838,-88
419.11,00:04,838,-85
419.506,00:02,839,-91
419.55,00:03,839,-88
419.609,00:04,839,-85
420.006,00:02,840,-91
420.05,00:03,840,-88
420.111,00:04,840,-85
420.508,00:02,841,-92
420.551,00:03,841,-88
420.611,00:04,841,-85
421.008,00:02,842,-92
421.05,00:03,842,-88
421.11,00:04,842,-85
421.506,00:02,843,-92
421.548,00:03,843,-88
421.609,00:04,843,-85
422.008,00:02,844,-92
422.051,00:03,844,-88
422.109,00:04,844,-85
422.507,00:02,845,-92
422.55,00:03,845,-87
422.611,00:04,845,-85
423.008,00:02,846,-96
423.051,00:03,846,-91
423.11,00:04,846,-88
423.508,00:02,847,-97
423.551,00:03,847,-91
423.609,00:04,847,-88
424.007,00:02,848,-97
424.05,00:03,848,-91
424.11,00:04,848,-88
424.506,00:02,849,-97
424.55,00:03,849,-91
424.61,00:04,849,-88
425.007,00:02,850,-97
425.052,00:03,850,-91
425.108,00:04,850,-88
425.506,00:02,851,-97
425.552,00:03,851,-91
425.61,00:04,851,-88
426.005,00:02,852,-97
426.052,00:03,852,-90
426.111,00:04,852,-88
426.506,00:02,853,-98
426.551,00:03,853,-90
426.611,00:04,853,-88
427.005,00:02,854,-98
427.05,00:03,854,-90
427.11,00:04,854,-88
427.507,00:02,855,-98
427.549,00:03,855,-90
427.608,00:04,855,-88
428.008,00:02,856,-98
428.05,00:03,856,-90
428.111,00:04,856,-88
428.506,00:02,857,-98
428.549,00:03,857,-90
428.611,00:04,857,-88
429.008,00:02,858,-98
429.052,00:03,858,-89
429.111,00:04,858,-88
429.506,00:02,859,-99
429.548,00:03,859,-89
429.608,00:04,859,-88
430.004,00:02,860,-99
430.048,00:03,860,-89
430.11,00:04,860,-88
430.506,00:02,861,-99
430.549,00:03,861,-89
430.609,00:04,861,-88
431.005,00:02,862,-99
431.051,00:03,862,-89
431.11,00:04,862,-88
431.507,00:02,863,-99
431.551,00:03,863,-89
431.61,00:04,863,-88
432.007,00:02,864,-99
432.05,00:03,864,-89
432.111,00:04,864,-88
432.507,00:02,865,-99
432.55,00:03,865,-88
432.61,00:04,865,-88
433.007,00:02,866,-100
433.052,00:03,866,-88
433.109,00:04,866,-88
433.507,00:02,867,-100
433.55,00:03,867,-88
433.609,00:04,867,-88
434.008,00:02,868,-100
434.051,00:03,868,-88
434.111,00:04,868,-88
434.505,00:02,869,-100
434.55,00:03,869,-88
434.61,00:04,869,-88
435.007,00:02,870,-96
435.05,00:03,870,-84
435.109,00:04,870,-84
435.508,00:02,871,-96
435.551,00:03,871,-83
435.609,00:04,871,-85
436.007,00:02,872,-96
436.049,00:03,872,-83
436.109,00:04,872,-85
436.507,00:02,873,-97
436.55,00:03,873,-83
436.61,00:04,873,-85
437.006,00:02,874,-97
437.052,00:03,874,-83
437.109,00:04,874,-85
437.507,00:02,875,-97
437.549,00:03,875,-83
437.61,00:04,875,-85
438.005,00:02,876,-97
438.05,00:03,876,-83
438.108,00:04,876,-85
438.506,00:02,877,-97
438.551,00:03,877,-82
438.608,00:04,877,-85
439.005,00:02,878,-97
439.051,00:03,878,-82
439.109,00:04,878,-85
439.506,00:02,879,-97
439.55,00:03,879,-82
439.609,00:04,879,-85
440.007,00:02,880,-98
440.049,00:03,880,-82
440.111,00:04,880,-85
440.505,00:02,881,-98
440.55,00:03,881,-82
440.611,00:04,881,-85
441.005,00:02,882,-98
441.051,00:03,882,-81
441.11,00:04,882,-85
441.507,00:02,883,-98
441.549,00:03,883,-81
441.608,00:04,883,-85
442.006,00:02,884,-98
442.049,00:03,884,-81
442.111,00:04,884,-85
442.508,00:02,885,-98
442.55,00:03,885,-81
442.61,00:04,885,-85
443.007,00:02,886,-98
443.05,00:03,886,-81
443.108,00:04,886,-85
443.507,00:02,887,-98
443.55,00:03,887,-81
443.61,00:04,887,-85
444.006,00:02,888,-99
444.051,00:03,888,-80
444.11,00:04,888,-85
444.506,00:02,889,-99
444.549,00:03,889,-80
444.609,00:04,889,-85
445.006,00:02,890,-99
445.05,00:03,890,-80
445.111,00:04,890,-85
445.506,00:02,891,-99
445.551,00:03,891,-80
445.611,00:04,891,-85
446.007,00:02,892,-99
446.049,00:03,892,-80
446.11,00:04,892,-85
446.508,00:02,893,-99
446.549,00:03,893,-80
446.608,00:04,893,-85
447.006,00:02,894,-99
447.05,00:03,894,-79
447.109,00:04,894,-85
447.508,00:02,895,-99
447.548,00:03,895,-79
447.611,00:04,895,-85
448.008,00:02,896,-100
448.048,00:03,896,-79
448.109,00:04,896,-85
448.506,00:02,897,-100
448.55,00:03,897,-79
448.61,00:04,897,-85
449.007,00:02,898,-100
449.049,00:03,898,-79
449.11,00:04,898,-85
449.506,00:02,899,-100
449.551,00:03,899,-78
449.608,00:04,899,-85
450.007,00:02,900,-100
450.051,00:03,900,-78
450.111,00:04,900,-85
450.508,00:02,901,-100
450.549,00:03,901,-78
450.608,00:04,901,-85
451.006,00:02,902,-100
451.051,00:03,902,-78
451.109,00:04,902,-85
451.506,00:02,903,-100
451.551,00:03,903,-78
451.608,00:04,903,-85
452.007,00:02,904,-100
452.049,00:03,904,-77
452.111,00:04,904,-85
452.505,00:02,905,-101
452.551,00:03,905,-77
452.609,00:04,905,-85
453.006,00:02,906,-101
453.05,00:03,906,-77
453.11,00:04,906,-85
453.506,00:02,907,-101
453.551,00:03,907,-77
453.608,00:04,907,-86
454.006,00:02,908,-101
454.05,00:03,908,-77
454.11,00:04,908,-86
454.506,00:02,909,-101
454.55,00:03,909,-77
454.61,00:04,909,-86
455.007,00:02,910,-101
455.051,00:03,910,-76
455.11,00:04,910,-86
455.507,00:02,911,-101
455.551,00:03,911,-76
455.608,00:04,911,-86
456.006,00:02,912,-101
456.051,00:03,912,-76
456.112,00:04,912,-86
456.506,00:02,913,-101
456.549,00:03,913,-76
456.609,00:04,913,-86
457.005,00:02,914,-106
457.05,00:03,914,-80
457.109,00:04,914,-90
457.506,00:02,915,-106
457.549,00:03,915,-79
457.612,00:04,915,-90
458.008,00:02,916,-106
458.05,00:03,916,-79
458.11,00:04,916,-90
458.508,00:02,917,-106
458.551,00:03,917,-79
458.61,00:04,917,-90
459.008,00:02,918,-106
459.051,00:03,918,-79
459.108,00:04,918,-90
459.506,00:02,919,-106
459.55,00:03,919,-79
459.611,00:04,919,-90
460.007,00:02,920,-106
460.049,00:03,920,-79
460.109,00:04,920,-90
460.506,00:02,921,-106
460.549,00:03,921,-78
460.61,00:04,921,-90
461.005,00:02,922,-102
461.052,00:03,922,-74
461.111,00:04,922,-86
461.506,00:02,923,-103
461.551,00:03,923,-74
461.611,00:04,923,-86
462.005,00:02,924,-103
462.051,00:03,924,-74
462.109,00:04,924,-86
462.505,00:02,925,-103
462.549,00:03,925,-74
462.611,00:04,925,-86
463.007,00:02,926,-103
463.049,00:03,926,-74
463.111,00:04,926,-86
463.507,00:02,927,-103
463.548,00:03,927,-73
463.61,00:04,927,-86
464.005,00:02,928,-103
464.048,00:03,928,-73
464.11,00:04,928,-87
464.507,00:02,929,-103
464.549,00:03,929,-73
464.611,00:04,929,-87
465.007,00:02,930,-103
465.049,00:03,930,-73
465.112,00:04,930,-87
465.506,00:02,931,-103
465.55,00:03,931,-73
465.611,00:04,931,-87
466.007,00:02,932,-103
466.05,00:03,932,-73
466.109,00:04,932,-87
466.507,00:02,933,-104
466.55,00:03,933,-73
466.611,00:04,933,-87
467.005,00:02,934,-104
467.049,00:03,934,-73
467.11,00:04,934,-87
467.508,00:02,935,-104
467.55,00:03,935,-73
467.61,00:04,935,-87
468.007,00:02,936,-104
468.049,00:03,936,-72
468.11,00:04,936,-87
468.506,00:02,937,-104
468.55,00:03,937,-72
468.609,00:04,937,-87
469.006,00:02,938,-104
469.051,00:03,938,-72
469.11,00:04,938,-87
469.508,00:02,939,-104
469.55,00:03,939,-72
469.61,00:04,939,-87
470.006,00:02,940,-104
470.05,00:03,940,-72
470.111,00:04,940,-87
470.507,00:02,941,-104
470.549,00:03,941,-72
470.609,00:04,941,-87
471.005,00:02,942,-104
471.05,00:03,942,-72
471.11,00:04,942,-87
471.508,00:02,943,-104
471.551,00:03,943,-72
471.611,00:04,943,-87
472.006,00:02,944,-105
472.051,00:03,944,-72
472.109,00:04,944,-87
472.507,00:02,945,-105
472.549,00:03,945,-72
472.61,00:04,945,-87
473.006,00:02,946,-105
473.05,00:03,946,-72
473.109,00:04,946,-88
473.506,00:02,947,-105
473.55,00:03,947,-72
473.61,00:04,947,-88
474.007,00:02,948,-105
474.05,00:03,948,-72
474.111,00:04,948,-88
474.506,00:02,949,-105
474.55,00:03,949,-72
474.61,00:04,949,-88
475.009,00:02,950,-105
475.048,00:03,950,-73
475.11,00:04,950,-87
475.507,00:02,951,-105
475.55,00:03,951,-73
475.609,00:04,951,-87
476.007,00:02,952,-105
476.049,00:03,952,-73
476.11,00:04,952,-87
476.507,00:02,953,-105
476.551,00:03,953,-74
476.609,00:04,953,-87
477.006,00:02,954,-105
477.049,00:03,954,-74
477.11,00:04,954,-87
477.507,00:02,955,-105
477.55,00:03,955,-74
477.61,00:04,955,-87
478.008,00:02,956,-105
478.049,00:03,956,-75
478.11,00:04,956,-87
478.505,00:02,957,-105
478.55,00:03,957,-75
478.61,00:04,957,-87
479.008,00:02,958,-105
479.049,00:03,958,-75
479.112,00:04,958,-87
479.507,00:02,959,-105
479.549,00:03,959,-75
479.61,00:04,959,-87
480.008,00:02,960,-105
480.049,00:03,960,-75
480.11,00:04,960,-87
480.507,00:02,961,-105
480.548,00:03,961,-75
480.611,00:04,961,-87
481.006,00:02,962,-105
481.05,00:03,962,-75
481.11,00:04,962,-87
481.505,00:02,963,-105
481.549,00:03,963,-75
481.611,00:04,963,-87
482.007,00:02,964,-105
482.05,00:03,964,-75
482.11,00:04,964,-86
482.505,00:02,965,-105
482.551,00:03,965,-75
482.61,00:04,965,-86
483.008,00:02,966,-105
483.05,00:03,966,-75
483.111,00:04,966,-86
483.506,00:02,967,-105
483.55,00:03,967,-75
483.609,00:04,967,-86
484.005,00:02,968,-104
484.05,00:03,968,-75
484.109,00:04,968,-86
484.506,00:02,969,-104
484.55,00:03,969,-75
484.611,00:04,969,-86
485.007,00:02,970,-104
485.051,00:03,970,-76
485.11,00:04,970,-86
485.508,00:02,971,-104
485.55,00:03,971,-76
485.61,00:04,971,-86
486.006,00:02,972,-104
486.048,00:03,972,-76
486.109,00:04,972,-86
486.507,00:02,973,-104
486.55,00:03,973,-76
486.609,00:04,973,-86
487.007,00:02,974,-104
487.051,00:03,974,-76
487.11,00:04,974,-86
487.507,00:02,975,-104
487.549,00:03,975,-76
487.61,00:04,975,-86
488.006,00:02,976,-104
488.049,00:03,976,-76
488.11,00:04,976,-86
488.506,00:02,977,-104
488.55,00:03,977,-76
488.611,00:04,977,-86
489.007,00:02,978,-104
489.048,00:03,978,-76
489.112,00:04,978,-86
489.506,00:02,979,-103
489.551,00:03,979,-76
489.611,00:04,979,-86
490.008,00:02,980,-103
490.05,00:03,980,-76
490.111,00:04,980,-85
490.507,00:02,981,-103
490.551,00:03,981,-76
490.61,00:04,981,-85
491.007,00:02,982,-103
491.051,00:03,982,-77
491.111,00:04,982,-85
491.506,00:02,983,-103
491.551,00:03,983,-77
491.611,00:04,983,-85
492.008,00:02,984,-103
492.049,00:03,984,-77
492.112,00:04,984,-85
492.506,00:02,985,-103
492.551,00:03,985,-77
492.61,00:04,985,-85
493.007,00:02,986,-107
493.05,00:03,986,-81
493.109,00:04,986,-89
493.508,00:02,987,-107
493.549,00:03,987,-81
493.61,00:04,987,-89
494.007,00:02,988,-107
494.05,00:03,988,-81
494.11,00:04,988,-89
494.505,00:02,989,-106
494.549,00:03,989,-81
494.608,00:04,989,-89
495.006,00:02,990,-106
495.048,00:03,990,-81
495.109,00:04,990,-89
495.506,00:02,991,-106
495.55,00:03,991,-82
495.611,00:04,991,-89
496.008,00:02,992,-106
496.049,00:03,992,-82
496.11,00:04,992,-89
496.507,00:02,993,-106
496.549,00:03,993,-82
496.61,00:04,993,-89
497.008,00:02,994,-102
497.052,00:03,994,-78
497.111,00:04,994,-85
497.508,00:02,995,-102
497.55,00:03,995,-78
497.609,00:04,995,-85
498.006,00:02,996,-102
498.049,00:03,996,-78
498.109,00:04,996,-85
498.507,00:02,997,-102
498.549,00:03,997,-78
498.609,00:04,997,-85
499.008,00:02,998,-102
499.05,00:03,998,-79
499.109,00:04,998,-84
499.508,00:02,999,-101
499.55,00:03,999,-79
499.61,00:04,999,-84
500.006,00:02,1000,-101
500.051,00:03,1000,-79
500.11,00:04,1000,-84
500.508,00:02,1001,-101
500.549,00:03,1001,-79
500.611,00:04,1001,-84
501.006,00:02,1002,-101
501.05,00:03,1002,-79
501.11,00:04,1002,-84
501.507,00:02,1003,-101
501.549,00:03,1003,-79
501.609,00:04,1003,-84
502.005,00:02,1004,-101
502.05,00:03,1004,-79
502.11,00:04,1004,-84
502.505,00:02,1005,-101
502.548,00:03,1005,-80
502.611,00:04,1005,-84
503.007,00:02,1006,-101
503.048,00:03,1006,-80
503.11,00:04,1006,-84
503.507,00:02,1007,-101
503.549,00:03,1007,-80
503.609,00:04,1007,-84
504.007,00:02,1008,-100
504.05,00:03,1008,-80
504.111,00:04,1008,-84
504.507,00:02,1009,-100
504.55,00:03,1009,-80
504.611,00:04,1009,-84
505.007,00:02,1010,-100
505.05,00:03,1010,-80
505.111,00:04,1010,-84
505.506,00:02,1011,-100
505.55,00:03,1011,-80
505.611,00:04,1011,-84
506.007,00:02,1012,-100
506.05,00:03,1012,-81
506.111,00:04,1012,-84
506.507,00:02,1013,-100
506.549,00:03,1013,-81
506.612,00:04,1013,-84
507.007,00:02,1014,-100
507.049,00:03,1014,-81
507.109,00:04,1014,-84
507.508,00:02,1015,-100
507.551,00:03,1015,-81
507.61,00:04,1015,-84
508.007,00:02,1016,-100
508.051,00:03,1016,-81
508.11,00:04,1016,-84
508.507,00:02,1017,-99
508.549,00:03,1017,-81
508.611,00:04,1017,-84
509.007,00:02,1018,-99
509.049,00:03,1018,-82
509.11,00:04,1018,-84
509.505,00:02,1019,-99
509.549,00:03,1019,-82
509.61,00:04,1019,-84
510.008,00:02,1020,-99
510.05,00:03,1020,-82
510.11,00:04,1020,-84
510.507,00:02,1021,-99
510.548,00:03,1021,-82
510.61,00:04,1021,-84
511.007,00:02,1022,-99
511.05,00:03,1022,-82
511.111,00:04,1022,-84
511.507,00:02,1023,-99
511.55,00:03,1023,-82
511.611,00:04,1023,-83
512.008,00:02,1024,-99
512.051,00:03,1024,-82
512.112,00:04,1024,-83
512.506,00:02,1025,-98
512.548,00:03,1025,-83
512.61,00:04,1025,-83
513.006,00:02,1026,-98
513.051,00:03,1026,-83
513.111,00:04,1026,-83
513.507,00:02,1027,-98
513.548,00:03,1027,-83
513.611,00:04,1027,-83
514.006,00:02,1028,-98
514.05,00:03,1028,-83
514.111,00:04,1028,-83
514.507,00:02,1029,-98
514.548,00:03,1029,-83
514.611,00:04,1029,-83
515.006,00:02,1030,-98
515.049,00:03,1030,-83
515.111,00:04,1030,-83
515.506,00:02,1031,-98
515.548,00:03,1031,-84
515.61,00:04,1031,-83
516.005,00:02,1032,-98
516.05,00:03,1032,-84
516.11,00:04,1032,-83
516.505,00:02,1033,-97
516.549,00:03,1033,-84
516.609,00:04,1033,-83
517.005,00:02,1034,-97
517.048,00:03,1034,-84
517.109,00:04,1034,-83
517.508,00:02,1035,-97
517.549,00:03,1035,-84
517.612,00:04,1035,-83
518.006,00:02,1036,-97
518.05,00:03,1036,-84
518.11,00:04,1036,-83
518.506,00:02,1037,-97
518.55,00:03,1037,-84
518.609,00:04,1037,-83
519.008,00:02,1038,-101
519.048,00:03,1038,-89
519.111,00:04,1038,-87
519.507,00:02,1039,-101
519.548,00:03,1039,-89
519.611,00:04,1039,-87
520.008,00:02,1040,-101
520.049,00:03,1040,-89
520.111,00:04,1040,-87
520.506,00:02,1041,-100
520.548,00:03,1041,-89
520.61,00:04,1041,-87
521.007,00:02,1042,-100
521.049,00:03,1042,-89
521.11,00:04,1042,-87
521.506,00:02,1043,-100
521.549,00:03,1043,-89
521.611,00:04,1043,-87
522.005,00:02,1044,-100
522.05,00:03,1044,-89
522.112,00:04,1044,-87
522.509,00:02,1045,-100
522.549,00:03,1045,-90
522.611,00:04,1045,-87
523.005,00:02,1046,-100
523.051,00:03,1046,-90
523.111,00:04,1046,-87
523.506,00:02,1047,-100
523.549,00:03,1047,-90
523.611,00:04,1047,-87
524.008,00:02,1048,-99
524.048,00:03,1048,-90
524.11,00:04,1048,-87
524.506,00:02,1049,-99
524.548,00:03,1049,-90
524.611,00:04,1049,-87
525.007,00:02,1050,-99
525.049,00:03,1050,-90
525.111,00:04,1050,-87
525.507,00:02,1051,-99
525.55,00:03,1051,-90
525.609,00:04,1051,-87
526.006,00:02,1052,-99
526.049,00:03,1052,-91
526.111,00:04,1052,-87
526.507,00:02,1053,-99
526.55,00:03,1053,-91
526.61,00:04,1053,-87
527.006,00:02,1054,-99
527.05,00:03,1054,-91
527.112,00:04,1054,-87
527.506,00:02,1055,-98
527.55,00:03,1055,-91
527.609,00:04,1055,-87
528.008,00:02,1056,-98
528.05,00:03,1056,-91
528.111,00:04,1056,-87
528.506,00:02,1057,-98
528.551,00:03,1057,-91
528.611,00:04,1057,-87
529.007,00:02,1058,-98
529.05,00:03,1058,-91
529.109,00:04,1058,-87
529.505,00:02,1059,-98
529.55,00:03,1059,-92
529.612,00:04,1059,-87
530.008,00:02,1060,-98
530.05,00:03,1060,-92
530.109,00:04,1060,-87
530.507,00:02,1061,-98
530.548,00:03,1061,-92
530.611,00:04,1061,-87
531.007,00:02,1062,-93
531.047,00:03,1062,-88
531.111,00:04,1062,-83
531.506,00:02,1063,-93
531.55,00:03,1063,-88
531.609,00:04,1063,-83
532.006,00:02,1064,-93
532.047,00:03,1064,-88
532.11,00:04,1064,-83
532.507,00:02,1065,-93
532.547,00:03,1065,-88
532.612,00:04,1065,-83
533.006,00:02,1066,-93
533.048,00:03,1066,-88
533.111,00:04,1066,-83
533.505,00:02,1067,-93
533.549,00:03,1067,-89
533.611,00:04,1067,-83
534.007,00:02,1068,-93
534.049,00:03,1068,-89
534.109,00:04,1068,-83
534.508,00:02,1069,-92
534.549,00:03,1069,-89
534.612,00:04,1069,-83
535.006,00:02,1070,-92
535.049,00:03,1070,-89
535.112,00:04,1070,-83
535.507,00:02,1071,-92
535.55,00:03,1071,-89
535.611,00:04,1071,-83
536.006,00:02,1072,-92
536.049,00:03,1072,-89
536.112,00:04,1072,-83
536.507,00:02,1073,-92
536.548,00:03,1073,-89
536.612,00:04,1073,-83
537.006,00:02,1074,-92
537.05,00:03,1074,-89
537.109,00:04,1074,-83
537.507,00:02,1075,-92
537.549,00:03,1075,-90
537.612,00:04,1075,-83
538.007,00:02,1076,-91
538.049,00:03,1076,-90
538.112,00:04,1076,-83
538.505,00:02,1077,-91
538.548,00:03,1077,-90
538.612,00:04,1077,-83
539.007,00:02,1078,-91
539.048,00:03,1078,-90
539.112,00:04,1078,-84
539.509,00:02,1079,-91
539.548,00:03,1079,-90
539.612,00:04,1079,-84
540.007,00:02,1080,-91
540.049,00:03,1080,-90
540.111,00:04,1080,-84
540.506,00:02,1081,-91
540.548,00:03,1081,-90
540.61,00:04,1081,-84
541.007,00:02,1082,-90
541.049,00:03,1082,-90
541.11,00:04,1082,-84
541.505,00:02,1083,-90
541.551,00:03,1083,-91
541.61,00:04,1083,-84
542.006,00:02,1084,-90
542.05,00:03,1084,-91
542.111,00:04,1084,-84
542.508,00:02,1085,-90
542.549,00:03,1085,-91
542.609,00:04,1085,-84
543.007,00:02,1086,-90
543.05,00:03,1086,-91
543.111,00:04,1086,-84
543.508,00:02,1087,-90
543.55,00:03,1087,-91
543.611,00:04,1087,-84
544.007,00:02,1088,-90
544.047,00:03,1088,-91
544.112,00:04,1088,-84
544.508,00:02,1089,-89
544.55,00:03,1089,-91
544.609,00:04,1089,-84
545.007,00:02,1090,-89
545.049,00:03,1090,-91
545.11,00:04,1090,-84
545.507,00:02,1091,-89
545.549,00:03,1091,-91
545.61,00:04,1091,-84
546.005,00:02,1092,-89
546.049,00:03,1092,-92
546.11,00:04,1092,-84
546.508,00:02,1093,-89
546.55,00:03,1093,-92
546.61,00:04,1093,-84
547.008,00:02,1094,-89
547.051,00:03,1094,-92
547.11,00:04,1094,-84
547.506,00:02,1095,-88
547.547,00:03,1095,-92
547.609,00:04,1095,-84
548.006,00:02,1096,-88
548.048,00:03,1096,-92
548.111,00:04,1096,-84
548.505,00:02,1097,-88
548.549,00:03,1097,-92
548.612,00:04,1097,-84
549.008,00:02,1098,-88
549.049,00:03,1098,-92
549.113,00:04,1098,-84
549.509,00:02,1099,-88
549.549,00:03,1099,-92
549.612,00:04,1099,-84
550.006,00:02,1100,-88
550.049,00:03,1100,-92
550.113,00:04,1100,-84
550.506,00:02,1101,-88
550.549,00:03,1101,-93
550.609,00:04,1101,-84
551.006,00:02,1102,-87
551.049,00:03,1102,-93
551.109,00:04,1102,-84
551.506,00:02,1103,-87
551.549,00:03,1103,-93
551.61,00:04,1103,-85
552.008,00:02,1104,-87
552.049,00:03,1104,-93
552.11,00:04,1104,-85
552.505,00:02,1105,-87
552.55,00:03,1105,-93
552.611,00:04,1105,-85
553.007,00:02,1106,-91
553.049,00:03,1106,-97
553.11,00:04,1106,-89
553.505,00:02,1107,-91
553.549,00:03,1107,-97
553.613,00:04,1107,-89
554.005,00:02,1108,-91
554.049,00:03,1108,-97
554.111,00:04,1108,-89
554.507,00:02,1109,-90
554.548,00:03,1109,-97
554.611,00:04,1109,-89
555.007,00:02,1110,-90
555.049,00:03,1110,-97
555.11,00:04,1110,-89
555.507,00:02,1111,-90
555.549,00:03,1111,-98
555.61,00:04,1111,-89
556.006,00:02,1112,-90
556.049,00:03,1112,-98
556.111,00:04,1112,-89
556.508,00:02,1113,-90
556.549,00:03,1113,-98
556.61,00:04,1113,-89
557.007,00:02,1114,-86
557.048,00:03,1114,-94
557.109,00:04,1114,-85
557.508,00:02,1115,-86
557.549,00:03,1115,-94
557.611,00:04,1115,-85
558.007,00:02,1116,-86
558.05,00:03,1116,-94
558.111,00:04,1116,-85
558.506,00:02,1117,-86
558.548,00:03,1117,-94
558.61,00:04,1117,-85
559.006,00:02,1118,-85
559.047,00:03,1118,-94
559.11,00:04,1118,-85
559.507,00:02,1119,-85
559.548,00:03,1119,-94
559.61,00:04,1119,-85
560.007,00:02,1120,-85
560.047,00:03,1120,-94
560.111,00:04,1120,-85
560.506,00:02,1121,-85
560.548,00:03,1121,-95
560.61,00:04,1121,-86
561.008,00:02,1122,-85
561.05,00:03,1122,-95
561.109,00:04,1122,-86
561.507,00:02,1123,-85
561.549,00:03,1123,-95
561.61,00:04,1123,-86
562.008,00:02,1124,-85
562.049,00:03,1124,-95
562.11,00:04,1124,-86
562.508,00:02,1125,-85
562.55,00:03,1125,-95
562.611,00:04,1125,-86
563.007,00:02,1126,-85
563.05,00:03,1126,-95
563.111,00:04,1126,-86
563.506,00:02,1127,-85
563.549,00:03,1127,-95
563.611,00:04,1127,-86
564.009,00:02,1128,-85
564.049,00:03,1128,-95
564.113,00:04,1128,-86
564.507,00:02,1129,-84
564.548,00:03,1129,-95
564.613,00:04,1129,-86
565.007,00:02,1130,-84
565.048,00:03,1130,-95
565.111,00:04,1130,-86
565.507,00:02,1131,-84
565.547,00:03,1131,-95
565.611,00:04,1131,-86
566.008,00:02,1132,-84
566.047,00:03,1132,-96
566.111,00:04,1132,-86
566.507,00:02,1133,-84
566.55,00:03,1133,-96
566.612,00:04,1133,-86
567.007,00:02,1134,-84
567.049,00:03,1134,-96
567.11,00:04,1134,-86
567.508,00:02,1135,-84
567.55,00:03,1135,-96
567.611,00:04,1135,-86
568.006,00:02,1136,-84
568.048,00:03,1136,-96
568.109,00:04,1136,-87
568.506,00:02,1137,-84
568.55,00:03,1137,-96
568.611,00:04,1137,-87
569.007,00:02,1138,-84
569.049,00:03,1138,-96
569.112,00:04,1138,-87
569.507,00:02,1139,-84
569.549,00:03,1139,-96
569.611,00:04,1139,-87
570.007,00:02,1140,-84
570.049,00:03,1140,-96
570.11,00:04,1140,-87
570.507,00:02,1141,-84
570.547,00:03,1141,-96
570.611,00:04,1141,-87
571.007,00:02,1142,-85
571.048,00:03,1142,-96
571.111,00:04,1142,-87
571.507,00:02,1143,-85
571.549,00:03,1143,-96
571.611,00:04,1143,-86
572.006,00:02,1144,-85
572.05,00:03,1144,-96
572.111,00:04,1144,-86
572.509,00:02,1145,-86
572.548,00:03,1145,-96
572.61,00:04,1145,-86
573.007,00:02,1146,-86
573.048,00:03,1146,-96
573.111,00:04,1146,-86
573.507,00:02,1147,-86
573.547,00:03,1147,-96
573.609,00:04,1147,-86
574.008,00:02,1148,-86
574.048,00:03,1148,-97
574.113,00:04,1148,-86
574.507,00:02,1149,-87
574.549,00:03,1149,-97
574.611,00:04,1149,-86
575.008,00:02,1150,-87
575.048,00:03,1150,-97
575.111,00:04,1150,-86
575.507,00:02,1151,-87
575.548,00:03,1151,-97
575.61,00:04,1151,-86
576.007,00:02,1152,-87
576.048,00:03,1152,-97
576.111,00:04,1152,-86
576.507,00:02,1153,-87
576.548,00:03,1153,-96
576.61,00:04,1153,-86
577.005,00:02,1154,-87
577.049,00:03,1154,-96
577.11,00:04,1154,-86
577.508,00:02,1155,-87
577.549,00:03,1155,-96
577.611,00:04,1155,-86
578.009,00:02,1156,-87
578.048,00:03,1156,-96
578.112,00:04,1156,-86
578.507,00:02,1157,-87
578.548,00:03,1157,-96
578.609,00:04,1157,-85
579.005,00:02,1158,-87
579.048,00:03,1158,-96
579.112,00:04,1158,-85
579.508,00:02,1159,-87
579.55,00:03,1159,-96
579.612,00:04,1159,-85
580.006,00:02,1160,-87
580.048,00:03,1160,-96
580.111,00:04,1160,-85
580.506,00:02,1161,-87
580.547,00:03,1161,-96
580.61,00:04,1161,-85
581.007,00:02,1162,-87
581.049,00:03,1162,-96
581.111,00:04,1162,-85
581.507,00:02,1163,-87
581.55,00:03,1163,-96
581.611,00:04,1163,-85
582.007,00:02,1164,-87
582.049,00:03,1164,-96
582.112,00:04,1164,-85
582.507,00:02,1165,-87
582.548,00:03,1165,-95
582.609,00:04,1165,-85
583.006,00:02,1166,-87
583.05,00:03,1166,-95
583.112,00:04,1166,-85
583.506,00:02,1167,-87
583.548,00:03,1167,-95
583.612,00:04,1167,-85
584.006,00:02,1168,-87
584.05,00:03,1168,-95
584.112,00:04,1168,-85
584.506,00:02,1169,-88
584.549,00:03,1169,-95
584.609,00:04,1169,-85
585.006,00:02,1170,-88
585.05,00:03,1170,-95
585.112,00:04,1170,-85
585.508,00:02,1171,-88
585.548,00:03,1171,-95
585.613,00:04,1171,-84
586.009,00:02,1172,-88
586.049,00:03,1172,-95
586.11,00:04,1172,-84
586.506,00:02,1173,-88
586.548,00:03,1173,-95
586.61,00:04,1173,-84
587.007,00:02,1174,-88
587.048,00:03,1174,-95
587.111,00:04,1174,-84
587.505,00:02,1175,-88
587.551,00:03,1175,-95
587.61,00:04,1175,-84
588.007,00:02,1176,-88
588.048,00:03,1176,-94
588.11,00:04,1176,-84
588.507,00:02,1177,-88
588.548,00:03,1177,-94
588.612,00:04,1177,-84
589.007,00:02,1178,-92
589.048,00:03,1178,-98
589.109,00:04,1178,-88
589.508,00:02,1179,-92
589.55,00:03,1179,-98
589.611,00:04,1179,-88
590.009,00:02,1180,-92
590.048,00:03,1180,-98
590.11,00:04,1180,-88
590.506,00:02,1181,-93
590.548,00:03,1181,-98
590.612,00:04,1181,-88
591.005,00:02,1182,-93
591.049,00:03,1182,-98
591.111,00:04,1182,-88
591.505,00:02,1183,-93
591.55,00:03,1183,-98
591.612,00:04,1183,-88
592.006,00:02,1184,-93
592.047,00:03,1184,-98
592.113,00:04,1184,-88
592.508,00:02,1185,-93
592.549,00:03,1185,-98
592.61,00:04,1185,-88
593.007,00:02,1186,-89
593.05,00:03,1186,-93
593.112,00:04,1186,-83
593.507,00:02,1187,-89
593.548,00:03,1187,-93
593.61,00:04,1187,-83
594.008,00:02,1188,-89
594.049,00:03,1188,-93
594.111,00:04,1188,-83
594.507,00:02,1189,-89
594.547,00:03,1189,-93
594.611,00:04,1189,-83
595.007,00:02,1190,-89
595.047,00:03,1190,-93
595.109,00:04,1190,-83
595.508,00:02,1191,-90
595.548,00:03,1191,-93
595.611,00:04,1191,-83
596.007,00:02,1192,-90
596.049,00:03,1192,-93
596.112,00:04,1192,-83
596.508,00:02,1193,-90
596.549,00:03,1193,-93
596.611,00:04,1193,-83
597.006,00:02,1194,-90
597.049,00:03,1194,-93
597.111,00:04,1194,-83
597.506,00:02,1195,-90
597.55,00:03,1195,-93
597.613,00:04,1195,-83
598.007,00:02,1196,-90
598.05,00:03,1196,-92
598.112,00:04,1196,-83
598.505,00:02,1197,-90
598.548,00:03,1197,-92
598.611,00:04,1197,-83
599.007,00:02,1198,-90
599.047,00:03,1198,-92
599.111,00:04,1198,-83
599.508,00:02,1199,-91
599.548,00:03,1199,-92
599.612,00:04,1199,-83
600.008,00:02,1200,-91
600.049,00:03,1200,-92
600.111,00:04,1200,-83
600.506,00:02,1201,-91
600.547,00:03,1201,-92
600.611,00:04,1201,-83
601.006,00:02,1202,-91
601.049,00:03,1202,-92
601.111,00:04,1202,-83
601.507,00:02,1203,-91
601.548,00:03,1203,-92
601.611,00:04,1203,-83
602.008,00:02,1204,-91
602.047,00:03,1204,-92
602.111,00:04,1204,-83
602.507,00:02,1205,-91
602.548,00:03,1205,-91
602.611,00:04,1205,-82
603.008,00:02,1206,-91
603.05,00:03,1206,-91
603.111,00:04,1206,-82
603.509,00:02,1207,-92
603.549,00:03,1207,-91
603.61,00:04,1207,-82
604.008,00:02,1208,-92
604.047,00:03,1208,-91
604.111,00:04,1208,-82
604.508,00:02,1209,-92
604.548,00:03,1209,-91
604.611,00:04,1209,-82
605.008,00:02,1210,-92
605.047,00:03,1210,-91
605.113,00:04,1210,-82
605.508,00:02,1211,-92
605.547,00:03,1211,-91
605.612,00:04,1211,-82
606.007,00:02,1212,-92
606.048,00:03,1212,-91
606.11,00:04,1212,-82
606.508,00:02,1213,-92
606.546,00:03,1213,-91
606.61,00:04,1213,-82
607.006,00:02,1214,-92
607.049,00:03,1214,-91
607.111,00:04,1214,-82
607.506,00:02,1215,-93
607.549,00:03,1215,-90
607.611,00:04,1215,-82
608.008,00:02,1216,-93
608.048,00:03,1216,-90
608.111,00:04,1216,-82
608.506,00:02,1217,-93
608.549,00:03,1217,-90
608.611,00:04,1217,-82
609.008,00:02,1218,-93
609.048,00:03,1218,-90
609.111,00:04,1218,-82
609.507,00:02,1219,-93
609.549,00:03,1219,-90
609.612,00:04,1219,-82
610.008,00:02,1220,-93
610.048,00:03,1220,-90
610.111,00:04,1220,-82
610.507,00:02,1221,-93
610.547,00:03,1221,-90
610.612,00:04,1221,-82
611.006,00:02,1222,-94
611.049,00:03,1222,-90
611.113,00:04,1222,-82
611.507,00:02,1223,-94
611.549,00:03,1223,-89
611.609,00:04,1223,-82
612.007,00:02,1224,-94
612.049,00:03,1224,-89
612.111,00:04,1224,-82
612.506,00:02,1225,-94
612.548,00:03,1225,-89
612.611,00:04,1225,-82
613.008,00:02,1226,-94
613.047,00:03,1226,-89
613.113,00:04,1226,-82
613.506,00:02,1227,-94
613.548,00:03,1227,-89
613.613,00:04,1227,-82
614.006,00:02,1228,-94
614.048,00:03,1228,-89
614.11,00:04,1228,-82
614.508,00:02,1229,-94
614.547,00:03,1229,-89
614.61,00:04,1229,-82
615.008,00:02,1230,-95
615.047,00:03,1230,-89
615.11,00:04,1230,-82
615.505,00:02,1231,-95
615.549,00:03,1231,-89
615.612,00:04,1231,-82
616.008,00:02,1232,-95
616.048,00:03,1232,-88
616.112,00:04,1232,-82
616.509,00:02,1233,-95
616.547,00:03,1233,-88
616.612,00:04,1233,-82
617.008,00:02,1234,-95
617.049,00:03,1234,-88
617.111,00:04,1234,-82
617.508,00:02,1235,-95
617.549,00:03,1235,-88
617.612,00:04,1235,-82
618.008,00:02,1236,-95
618.047,00:03,1236,-88
618.11,00:04,1236,-82
618.508,00:02,1237,-95
618.55,00:03,1237,-88
618.611,00:04,1237,-82
619.007,00:02,1238,-96
619.047,00:03,1238,-88
619.111,00:04,1238,-82
619.506,00:02,1239,-96
619.548,00:03,1239,-88
619.609,00:04,1239,-82
620.007,00:02,1240,-96
620.048,00:03,1240,-87
620.111,00:04,1240,-82
620.508,00:02,1241,-96
620.549,00:03,1241,-87
620.612,00:04,1241,-82
621.008,00:02,1242,-96
621.048,00:03,1242,-87
621.11,00:04,1242,-82
621.508,00:02,1243,-96
621.548,00:03,1243,-87
621.612,00:04,1243,-82
622.006,00:02,1244,-96
622.047,00:03,1244,-87
622.112,00:04,1244,-82
622.507,00:02,1245,-96
622.548,00:03,1245,-87
622.61,00:04,1245,-82
623.006,00:02,1246,-97
623.048,00:03,1246,-87
623.112,00:04,1246,-82
623.509,00:02,1247,-97
623.549,00:03,1247,-87
623.612,00:04,1247,-82
624.007,00:02,1248,-97
624.047,00:03,1248,-86
624.11,00:04,1248,-82
624.507,00:02,1249,-97
624.55,00:03,1249,-86
624.613,00:04,1249,-82
625.007,00:02,1250,-97
625.048,00:03,1250,-86
625.113,00:04,1250,-82
625.508,00:02,1251,-97
625.548,00:03,1251,-86
625.611,00:04,1251,-82
626.006,00:02,1252,-97
626.047,00:03,1252,-86
626.112,00:04,1252,-82
626.507,00:02,1253,-97
626.548,00:03,1253,-86
626.611,00:04,1253,-82
627.007,00:02,1254,-98
627.046,00:03,1254,-86
627.112,00:04,1254,-82
627.508,00:02,1255,-98
627.547,00:03,1255,-86
627.611,00:04,1255,-82
628.007,00:02,1256,-98
628.05,00:03,1256,-85
628.113,00:04,1256,-82
628.507,00:02,1257,-98
628.549,00:03,1257,-85
628.611,00:04,1257,-82
629.009,00:02,1258,-98
629.049,00:03,1258,-85
629.112,00:04,1258,-82
629.506,00:02,1259,-98
629.547,00:03,1259,-85
629.611,00:04,1259,-82
630.006,00:02,1260,-98
630.046,00:03,1260,-85
630.111,00:04,1260,-82
630.508,00:02,1261,-98
630.549,00:03,1261,-85
630.61,00:04,1261,-82
631.007,00:02,1262,-99
631.048,00:03,1262,-85
631.111,00:04,1262,-82
631.506,00:02,1263,-99
631.548,00:03,1263,-84
631.611,00:04,1263,-82
632.008,00:02,1264,-99
632.049,00:03,1264,-84
632.112,00:04,1264,-82
632.506,00:02,1265,-99
632.548,00:03,1265,-84
632.611,00:04,1265,-82
633.007,00:02,1266,-99
633.047,00:03,1266,-84
633.114,00:04,1266,-82
633.509,00:02,1267,-99
633.549,00:03,1267,-84
633.612,00:04,1267,-82
634.007,00:02,1268,-99
634.047,00:03,1268,-84
634.112,00:04,1268,-82
634.507,00:02,1269,-99
634.549,00:03,1269,-84
634.611,00:04,1269,-82
635.006,00:02,1270,-99
635.048,00:03,1270,-84
635.111,00:04,1270,-82
635.508,00:02,1271,-100
635.55,00:03,1271,-83
635.613,00:04,1271,-82
636.007,00:02,1272,-100
636.047,00:03,1272,-83
636.111,00:04,1272,-82
636.508,00:02,1273,-100
636.548,00:03,1273,-83
636.611,00:04,1273,-82
637.008,00:02,1274,-100
637.048,00:03,1274,-83
637.113,00:04,1274,-82
637.507,00:02,1275,-100
637.549,00:03,1275,-83
637.611,00:04,1275,-82
638.009,00:02,1276,-100
638.047,00:03,1276,-83
638.112,00:04,1276,-82
638.507,00:02,1277,-100
638.55,00:03,1277,-83
638.612,00:04,1277,-82
639.006,00:02,1278,-100
639.047,00:03,1278,-83
639.113,00:04,1278,-82
639.507,00:02,1279,-100
639.549,00:03,1279,-82
639.612,00:04,1279,-82
640.008,00:02,1280,-101
640.047,00:03,1280,-82
640.112,00:04,1280,-83
640.507,00:02,1281,-101
640.548,00:03,1281,-82
640.612,00:04,1281,-83
641.008,00:02,1282,-101
641.047,00:03,1282,-82
641.112,00:04,1282,-83
641.508,00:02,1283,-101
641.549,00:03,1283,-82
641.612,00:04,1283,-83
642.008,00:02,1284,-101
642.047,00:03,1284,-82
642.111,00:04,1284,-83
642.506,00:02,1285,-101
642.549,00:03,1285,-82
642.612,00:04,1285,-83
643.007,00:02,1286,-101
643.047,00:03,1286,-82
643.112,00:04,1286,-83
643.508,00:02,1287,-101
643.548,00:03,1287,-81
643.611,00:04,1287,-83
644.009,00:02,1288,-101
644.048,00:03,1288,-81
644.112,00:04,1288,-83
644.507,00:02,1289,-101
644.549,00:03,1289,-81
644.611,00:04,1289,-83
645.006,00:02,1290,-102
645.049,00:03,1290,-81
645.112,00:04,1290,-83
645.506,00:02,1291,-102
645.547,00:03,1291,-81
645.612,00:04,1291,-83
646.006,00:02,1292,-102
646.048,00:03,1292,-81
646.112,00:04,1292,-83
646.505,00:02,1293,-102
646.548,00:03,1293,-81
646.612,00:04,1293,-83
647.005,00:02,1294,-102
647.049,00:03,1294,-81
647.111,00:04,1294,-83
647.507,00:02,1295,-102
647.547,00:03,1295,-80
647.612,00:04,1295,-83
648.009,00:02,1296,-102
648.047,00:03,1296,-80
648.113,00:04,1296,-83
648.508,00:02,1297,-102
648.548,00:03,1297,-80
648.611,00:04,1297,-83
649.009,00:02,1298,-106
649.047,00:03,1298,-84
649.111,00:04,1298,-88
649.507,00:02,1299,-106
649.549,00:03,1299,-84
649.611,00:04,1299,-88
650.008,00:02,1300,-107
650.049,00:03,1300,-84
650.111,00:04,1300,-88
650.547,00:03,1301,-84
650.612,00:04,1301,-88
651.006,00:02,1302,-107
651.046,00:03,1302,-84
651.111,00:04,1302,-88
651.507,00:02,1303,-107
651.548,00:03,1303,-84
651.611,00:04,1303,-88
652.008,00:02,1304,-107
652.049,00:03,1304,-84
652.112,00:04,1304,-88
652.508,00:02,1305,-107
652.548,00:03,1305,-83
652.611,00:04,1305,-88
653.008,00:02,1306,-103
653.048,00:03,1306,-79
653.113,00:04,1306,-84
653.508,00:02,1307,-103
653.548,00:03,1307,-79
653.612,00:04,1307,-84
654.006,00:02,1308,-103
654.047,00:03,1308,-79
654.113,00:04,1308,-84
654.506,00:02,1309,-103
654.548,00:03,1309,-79
654.612,00:04,1309,-84
655.006,00:02,1310,-104
655.049,00:03,1310,-79
655.111,00:04,1310,-84
655.508,00:02,1311,-104
655.549,00:03,1311,-79
655.611,00:04,1311,-84
656.006,00:02,1312,-104
656.047,00:03,1312,-79
656.113,00:04,1312,-84
656.508,00:02,1313,-104
656.548,00:03,1313,-79
656.611,00:04,1313,-84
657.008,00:02,1314,-104
657.046,00:03,1314,-79
657.111,00:04,1314,-85
657.507,00:02,1315,-104
657.548,00:03,1315,-79
657.612,00:04,1315,-85
658.007,00:02,1316,-104
658.048,00:03,1316,-79
658.111,00:04,1316,-85
658.509,00:02,1317,-104
658.547,00:03,1317,-79
658.611,00:04,1317,-85
659.008,00:02,1318,-104
659.049,00:03,1318,-78
659.111,00:04,1318,-85
659.508,00:02,1319,-104
659.548,00:03,1319,-78
659.613,00:04,1319,-85
660.008,00:02,1320,-104
660.05,00:03,1320,-78
660.111,00:04,1320,-85
660.508,00:02,1321,-105
660.548,00:03,1321,-78
660.612,00:04,1321,-85
661.007,00:02,1322,-105
661.048,00:03,1322,-78
661.112,00:04,1322,-85
661.508,00:02,1323,-105
661.546,00:03,1323,-78
661.61,00:04,1323,-85
662.006,00:02,1324,-105
662.046,00:03,1324,-78
662.111,00:04,1324,-85
662.507,00:02,1325,-105
662.546,00:03,1325,-78
662.613,00:04,1325,-85
663.009,00:02,1326,-105
663.048,00:03,1326,-78
663.112,00:04,1326,-85
663.508,00:02,1327,-105
663.549,00:03,1327,-78
663.611,00:04,1327,-85
664.006,00:02,1328,-105
664.049,00:03,1328,-78
664.11,00:04,1328,-86
664.507,00:02,1329,-105
664.546,00:03,1329,-78
664.612,00:04,1329,-86
665.006,00:02,1330,-105
665.048,00:03,1330,-78
665.112,00:04,1330,-86
665.507,00:02,1331,-105
665.547,00:03,1331,-78
665.611,00:04,1331,-86
666.008,00:02,1332,-105
666.048,00:03,1332,-78
666.112,00:04,1332,-86
666.506,00:02,1333,-106
666.547,00:03,1333,-78
666.61,00:04,1333,-86
667.007,00:02,1334,-106
667.046,00:03,1334,-79
667.111,00:04,1334,-86
667.508,00:02,1335,-106
667.547,00:03,1335,-79
667.611,00:04,1335,-86
668.009,00:02,1336,-106
668.048,00:03,1336,-79
668.114,00:04,1336,-85
668.507,00:02,1337,-106
668.547,00:03,1337,-79
668.612,00:04,1337,-85
669.008,00:02,1338,-106
669.047,00:03,1338,-80
669.113,00:04,1338,-85
669.507,00:02,1339,-106
669.548,00:03,1339,-80
669.611,00:04,1339,-85
670.007,00:02,1340,-106
670.046,00:03,1340,-80
670.111,00:04,1340,-85
670.507,00:02,1341,-106
670.548,00:03,1341,-80
670.612,00:04,1341,-85
671.005,00:02,1342,-106
671.047,00:03,1342,-81
671.112,00:04,1342,-85
671.506,00:02,1343,-106
671.549,00:03,1343,-81
671.611,00:04,1343,-85
672.007,00:02,1344,-106
672.047,00:03,1344,-81
672.112,00:04,1344,-85
672.507,00:02,1345,-106
672.548,00:03,1345,-81
672.611,00:04,1345,-85
673.008,00:02,1346,-106
673.046,00:03,1346,-81
673.111,00:04,1346,-85
673.507,00:02,1347,-106
673.547,00:03,1347,-81
673.612,00:04,1347,-85
674.007,00:02,1348,-105
674.048,00:03,1348,-81
674.111,00:04,1348,-85
674.509,00:02,1349,-105
674.547,00:03,1349,-81
674.612,00:04,1349,-84
675.008,00:02,1350,-105
675.048,00:03,1350,-81
675.113,00:04,1350,-84
675.509,00:02,1351,-105
675.547,00:03,1351,-81
675.613,00:04,1351,-84
676.008,00:02,1352,-105
676.046,00:03,1352,-81
676.113,00:04,1352,-84
676.506,00:02,1353,-105
676.549,00:03,1353,-81
676.612,00:04,1353,-84
677.008,00:02,1354,-105
677.048,00:03,1354,-81
677.112,00:04,1354,-84
677.508,00:02,1355,-105
677.549,00:03,1355,-81
677.611,00:04,1355,-84
678.008,00:02,1356,-105
678.047,00:03,1356,-81
678.113,00:04,1356,-84
678.509,00:02,1357,-105
678.548,00:03,1357,-81
678.612,00:04,1357,-84
679.008,00:02,1358,-105
679.049,00:03,1358,-81
679.112,00:04,1358,-84
679.509,00:02,1359,-105
679.546,00:03,1359,-81
679.61,00:04,1359,-84
680.007,00:02,1360,-104
680.046,00:03,1360,-81
680.111,00:04,1360,-84
680.506,00:02,1361,-104
680.549,00:03,1361,-81
680.611,00:04,1361,-83
681.009,00:02,1362,-104
681.049,00:03,1362,-81
681.112,00:04,1362,-83
681.507,00:02,1363,-104
681.546,00:03,1363,-81
681.611,00:04,1363,-83
682.006,00:02,1364,-104
682.046,00:03,1364,-81
682.111,00:04,1364,-83
682.506,00:02,1365,-104
682.549,00:03,1365,-81
682.612,00:04,1365,-83
683.008,00:02,1366,-104
683.047,00:03,1366,-81
683.112,00:04,1366,-83
683.507,00:02,1367,-104
683.548,00:03,1367,-81
683.612,00:04,1367,-83
684.007,00:02,1368,-104
684.047,00:03,1368,-81
684.112,00:04,1368,-83
684.508,00:02,1369,-104
684.548,00:03,1369,-81
684.613,00:04,1369,-83
685.047,00:03,1370,-85
685.112,00:04,1370,-87
685.509,00:02,1371,-107
685.547,00:03,1371,-86
685.61,00:04,1371,-87
686.007,00:02,1372,-107
686.048,00:03,1372,-86
686.112,00:04,1372,-87
686.506,00:02,1373,-107
686.547,00:03,1373,-86
686.611,00:04,1373,-87
687.008,00:02,1374,-107
687.049,00:03,1374,-86
687.113,00:04,1374,-87
687.508,00:02,1375,-107
687.547,00:03,1375,-86
687.613,00:04,1375,-86
688.007,00:02,1376,-107
688.047,00:03,1376,-86
688.114,00:04,1376,-86
688.509,00:02,1377,-107
688.546,00:03,1377,-86
688.613,00:04,1377,-86
689.009,00:02,1378,-103
689.047,00:03,1378,-82
689.112,00:04,1378,-82
689.506,00:02,1379,-103
689.549,00:03,1379,-82
689.611,00:04,1379,-82
690.009,00:02,1380,-103
690.048,00:03,1380,-82
690.111,00:04,1380,-82
690.508,00:02,1381,-103
690.547,00:03,1381,-82
690.612,00:04,1381,-82
691.009,00:02,1382,-102
691.047,00:03,1382,-82
691.113,00:04,1382,-82
691.507,00:02,1383,-102
691.548,00:03,1383,-83
691.611,00:04,1383,-82
692.009,00:02,1384,-102
692.049,00:03,1384,-83
692.111,00:04,1384,-82
692.508,00:02,1385,-102
692.549,00:03,1385,-83
692.612,00:04,1385,-82
693.008,00:02,1386,-102
693.047,00:03,1386,-83
693.111,00:04,1386,-82
693.507,00:02,1387,-102
693.547,00:03,1387,-83
693.61,00:04,1387,-82
694.007,00:02,1388,-102
694.047,00:03,1388,-83
694.113,00:04,1388,-82
694.508,00:02,1389,-102
694.548,00:03,1389,-83
694.612,00:04,1389,-82
695.009,00:02,1390,-102
695.047,00:03,1390,-83
695.113,00:04,1390,-81
695.507,00:02,1391,-102
695.548,00:03,1391,-83
695.612,00:04,1391,-81
696.006,00:02,1392,-101
696.049,00:03,1392,-83
696.112,00:04,1392,-81
696.507,00:02,1393,-101
696.546,00:03,1393,-84
696.61,00:04,1393,-81
697.007,00:02,1394,-101
697.046,00:03,1394,-84
697.113,00:04,1394,-81
697.507,00:02,1395,-101
697.547,00:03,1395,-84
697.612,00:04,1395,-81
698.006,00:02,1396,-101
698.048,00:03,1396,-84
698.112,00:04,1396,-81
698.508,00:02,1397,-101
698.549,00:03,1397,-84
698.612,00:04,1397,-81
699.007,00:02,1398,-101
699.049,00:03,1398,-84
699.111,00:04,1398,-81
699.508,00:02,1399,-101
699.547,00:03,1399,-84
699.611,00:04,1399,-81
700.007,00:02,1400,-101
700.048,00:03,1400,-84
700.112,00:04,1400,-81
700.507,00:02,1401,-101
700.547,00:03,1401,-84
700.61,00:04,1401,-81
701.008,00:02,1402,-100
701.046,00:03,1402,-85
701.112,00:04,1402,-81
701.506,00:02,1403,-100
701.547,00:03,1403,-85
701.612,00:04,1403,-81
702.007,00:02,1404,-100
702.049,00:03,1404,-85
702.114,00:04,1404,-81
702.508,00:02,1405,-100
702.547,00:03,1405,-85
702.61,00:04,1405,-81
703.007,00:02,1406,-100
703.047,00:03,1406,-85
703.111,00:04,1406,-81
703.508,00:02,1407,-100
703.549,00:03,1407,-85
703.612,00:04,1407,-81
704.008,00:02,1408,-100
704.046,00:03,1408,-85
704.113,00:04,1408,-81
704.508,00:02,1409,-100
704.547,00:03,1409,-85
704.61,00:04,1409,-81
705.008,00:02,1410,-100
705.046,00:03,1410,-85
705.112,00:04,1410,-80
705.506,00:02,1411,-100
705.546,00:03,1411,-86
705.612,00:04,1411,-80
706.007,00:02,1412,-99
706.047,00:03,1412,-86
706.111,00:04,1412,-80
706.509,00:02,1413,-99
706.547,00:03,1413,-86
706.613,00:04,1413,-80
707.005,00:02,1414,-99
707.047,00:03,1414,-86
707.113,00:04,1414,-80
707.507,00:02,1415,-99
707.548,00:03,1415,-86
707.611,00:04,1415,-80
708.008,00:02,1416,-99
708.046,00:03,1416,-86
708.11,00:04,1416,-80
708.506,00:02,1417,-99
708.549,00:03,1417,-86
708.613,00:04,1417,-80
709.009,00:02,1418,-99
709.047,00:03,1418,-86
709.112,00:04,1418,-80
709.508,00:02,1419,-99
709.547,00:03,1419,-86
709.612,00:04,1419,-80
710.009,00:02,1420,-99
710.047,00:03,1420,-87
710.113,00:04,1420,-80
710.509,00:02,1421,-98
710.547,00:03,1421,-87
710.611,00:04,1421,-80
711.008,00:02,1422,-98
711.045,00:03,1422,-87
711.112,00:04,1422,-80
711.509,00:02,1423,-98
711.545,00:03,1423,-87
711.611,00:04,1423,-80
712.009,00:02,1424,-98
712.047,00:03,1424,-87
712.111,00:04,1424,-80
712.507,00:02,1425,-98
712.548,00:03,1425,-87
712.611,00:04,1425,-80
713.007,00:02,1426,-98
713.049,00:03,1426,-87
713.112,00:04,1426,-80
713.507,00:02,1427,-98
713.547,00:03,1427,-87
713.614,00:04,1427,-80
714.008,00:02,1428,-98
714.047,00:03,1428,-87
714.113,00:04,1428,-80
714.507,00:02,1429,-98
714.547,00:03,1429,-88
714.613,00:04,1429,-80
715.007,00:02,1430,-97
715.049,00:03,1430,-88
715.114,00:04,1430,-80
715.506,00:02,1431,-97
715.545,00:03,1431,-88
715.611,00:04,1431,-80
716.008,00:02,1432,-97
716.047,00:03,1432,-88
716.111,00:04,1432,-80
716.507,00:02,1433,-97
716.547,00:03,1433,-88
716.612,00:04,1433,-80
717.007,00:02,1434,-97
717.046,00:03,1434,-88
717.111,00:04,1434,-80
717.507,00:02,1435,-97
717.547,00:03,1435,-88
717.613,00:04,1435,-80
718.006,00:02,1436,-97
718.047,00:03,1436,-88
718.112,00:04,1436,-80
718.507,00:02,1437,-97
718.549,00:03,1437,-88
718.614,00:04,1437,-80
719.009,00:02,1438,-97
719.048,00:03,1438,-89
719.11,00:04,1438,-80
719.508,00:02,1439,-96
719.547,00:03,1439,-89
719.613,00:04,1439,-80
720.006,00:02,1440,-96
720.047,00:03,1440,-89
720.111,00:04,1440,-80
720.506,00:02,1441,-96
720.547,00:03,1441,-89
720.611,00:04,1441,-80
721.006,00:02,1442,-96
721.049,00:03,1442,-89
721.112,00:04,1442,-80
721.509,00:02,1443,-96
721.547,00:03,1443,-89
721.613,00:04,1443,-80
722.008,00:02,1444,-96
722.048,00:03,1444,-89
722.112,00:04,1444,-80
722.506,00:02,1445,-96
722.548,00:03,1445,-89
722.613,00:04,1445,-80
723.006,00:02,1446,-96
723.047,00:03,1446,-89
723.112,00:04,1446,-80
723.506,00:02,1447,-96
723.549,00:03,1447,-90
723.614,00:04,1447,-80
724.009,00:02,1448,-95
724.045,00:03,1448,-90
724.112,00:04,1448,-80
724.507,00:02,1449,-95
724.546,00:03,1449,-90
724.614,00:04,1449,-80
725.009,00:02,1450,-95
725.047,00:03,1450,-90
725.112,00:04,1450,-80
725.506,00:02,1451,-95
725.548,00:03,1451,-90
725.612,00:04,1451,-80
726.009,00:02,1452,-95
726.048,00:03,1452,-90
726.113,00:04,1452,-80
726.507,00:02,1453,-95
726.547,00:03,1453,-90
726.613,00:04,1453,-80
727.008,00:02,1454,-95
727.046,00:03,1454,-90
727.113,00:04,1454,-80
727.507,00:02,1455,-95
727.546,00:03,1455,-90
727.613,00:04,1455,-80
728.006,00:02,1456,-95
728.047,00:03,1456,-91
728.112,00:04,1456,-80
728.507,00:02,1457,-94
728.546,00:03,1457,-91
728.613,00:04,1457,-80
729.008,00:02,1458,-94
729.047,00:03,1458,-91
729.111,00:04,1458,-80
729.509,00:02,1459,-94
729.548,00:03,1459,-91
729.613,00:04,1459,-81
730.01,00:02,1460,-94
730.047,00:03,1460,-91
730.114,00:04,1460,-81
730.507,00:02,1461,-94
730.546,00:03,1461,-91
730.613,00:04,1461,-81
731.008,00:02,1462,-94
731.047,00:03,1462,-91
731.113,00:04,1462,-81
731.508,00:02,1463,-94
731.547,00:03,1463,-91
731.611,00:04,1463,-81
732.007,00:02,1464,-94
732.047,00:03,1464,-91
732.112,00:04,1464,-81
732.509,00:02,1465,-94
732.546,00:03,1465,-91
732.612,00:04,1465,-81
733.007,00:02,1466,-93
733.047,00:03,1466,-92
733.112,00:04,1466,-81
733.507,00:02,1467,-93
733.548,00:03,1467,-92
733.613,00:04,1467,-81
734.007,00:02,1468,-93
734.048,00:03,1468,-92
734.111,00:04,1468,-81
734.507,00:02,1469,-93
734.547,00:03,1469,-92
734.614,00:04,1469,-81
735.009,00:02,1470,-93
735.047,00:03,1470,-92
735.113,00:04,1470,-81
735.509,00:02,1471,-93
735.547,00:03,1471,-92
735.612,00:04,1471,-81
736.007,00:02,1472,-93
736.046,00:03,1472,-92
736.112,00:04,1472,-81
736.507,00:02,1473,-93
736.546,00:03,1473,-92
736.612,00:04,1473,-81
737.007,00:02,1474,-93
737.047,00:03,1474,-92
737.113,00:04,1474,-81
737.507,00:02,1475,-92
737.548,00:03,1475,-92
737.612,00:04,1475,-81
738.008,00:02,1476,-92
738.046,00:03,1476,-93
738.113,00:04,1476,-81
738.509,00:02,1477,-92
738.548,00:03,1477,-93
738.611,00:04,1477,-81
739.009,00:02,1478,-92
739.049,00:03,1478,-93
739.113,00:04,1478,-81
739.507,00:02,1479,-92
739.547,00:03,1479,-93
739.614,00:04,1479,-82
740.007,00:02,1480,-92
740.047,00:03,1480,-93
740.112,00:04,1480,-82
740.507,00:02,1481,-92
740.547,00:03,1481,-93
740.612,00:04,1481,-82
741.008,00:02,1482,-92
741.047,00:03,1482,-93
741.112,00:04,1482,-82
741.506,00:02,1483,-92
741.547,00:03,1483,-93
741.612,00:04,1483,-82
742.008,00:02,1484,-92
742.048,00:03,1484,-93
742.114,00:04,1484,-82
742.508,00:02,1485,-91
742.546,00:03,1485,-93
742.614,00:04,1485,-82
743.007,00:02,1486,-91
743.045,00:03,1486,-94
743.113,00:04,1486,-82
743.509,00:02,1487,-91
743.547,00:03,1487,-94
743.614,00:04,1487,-82
744.009,00:02,1488,-91
744.047,00:03,1488,-94
744.113,00:04,1488,-82
744.508,00:02,1489,-91
744.545,00:03,1489,-94
744.611,00:04,1489,-82
745.008,00:02,1490,-95
745.045,00:03,1490,-98
745.112,00:04,1490,-86
745.506,00:02,1491,-95
745.547,00:03,1491,-98
745.613,00:04,1491,-86
746.008,00:02,1492,-95
746.046,00:03,1492,-98
746.112,00:04,1492,-86
746.507,00:02,1493,-95
746.546,00:03,1493,-98
746.611,00:04,1493,-86
747.008,00:02,1494,-95
747.048,00:03,1494,-98
747.113,00:04,1494,-87
747.507,00:02,1495,-95
747.545,00:03,1495,-98
747.612,00:04,1495,-87
748.007,00:02,1496,-95
748.046,00:03,1496,-98
748.113,00:04,1496,-87
748.507,00:02,1497,-94
748.547,00:03,1497,-99
748.611,00:04,1497,-87
749.007,00:02,1498,-90
749.047,00:03,1498,-95
749.113,00:04,1498,-83
749.507,00:02,1499,-90
749.546,00:03,1499,-95
749.613,00:04,1499,-83
750.009,00:02,1500,-90
750.049,00:03,1500,-95
750.113,00:04,1500,-83
750.507,00:02,1501,-90
750.548,00:03,1501,-95
750.613,00:04,1501,-83
751.009,00:02,1502,-90
751.047,00:03,1502,-95
751.114,00:04,1502,-83
751.507,00:02,1503,-90
751.545,00:03,1503,-95
751.612,00:04,1503,-83
752.008,00:02,1504,-90
752.048,00:03,1504,-95
752.113,00:04,1504,-83
752.506,00:02,1505,-90
752.547,00:03,1505,-95
752.611,00:04,1505,-83
753.009,00:02,1506,-90
753.048,00:03,1506,-95
753.112,00:04,1506,-83
753.509,00:02,1507,-90
753.547,00:03,1507,-95
753.613,00:04,1507,-84
754.008,00:02,1508,-90
754.045,00:03,1508,-96
754.114,00:04,1508,-84
754.507,00:02,1509,-90
754.548,00:03,1509,-96
754.613,00:04,1509,-84
755.008,00:02,1510,-90
755.048,00:03,1510,-96
755.111,00:04,1510,-84
755.508,00:02,1511,-90
755.548,00:03,1511,-96
755.612,00:04,1511,-84
756.007,00:02,1512,-90
756.048,00:03,1512,-96
756.111,00:04,1512,-84
756.509,00:02,1513,-90
756.546,00:03,1513,-96
756.612,00:04,1513,-84
757.008,00:02,1514,-90
757.048,00:03,1514,-96
757.112,00:04,1514,-84
757.509,00:02,1515,-90
757.548,00:03,1515,-96
757.612,00:04,1515,-84
758.009,00:02,1516,-90
758.045,00:03,1516,-96
758.113,00:04,1516,-84
758.508,00:02,1517,-90
758.546,00:03,1517,-96
758.611,00:04,1517,-84
759.008,00:02,1518,-89
759.046,00:03,1518,-96
759.113,00:04,1518,-84
759.509,00:02,1519,-89
759.546,00:03,1519,-97
759.611,00:04,1519,-84
760.009,00:02,1520,-89
760.046,00:03,1520,-97
760.112,00:04,1520,-85
760.507,00:02,1521,-89
760.548,00:03,1521,-97
760.613,00:04,1521,-85
761.007,00:02,1522,-89
761.048,00:03,1522,-97
761.113,00:04,1522,-85
761.507,00:02,1523,-89
761.547,00:03,1523,-97
761.615,00:04,1523,-85
762.007,00:02,1524,-89
762.049,00:03,1524,-97
762.113,00:04,1524,-85
762.507,00:02,1525,-90
762.547,00:03,1525,-97
762.612,00:04,1525,-85
763.009,00:02,1526,-90
763.046,00:03,1526,-97
763.112,00:04,1526,-85
763.508,00:02,1527,-90
763.548,00:03,1527,-97
763.613,00:04,1527,-85
764.007,00:02,1528,-90
764.048,00:03,1528,-97
764.111,00:04,1528,-84
764.508,00:02,1529,-91
764.545,00:03,1529,-97
764.612,00:04,1529,-84
765.008,00:02,1530,-91
765.048,00:03,1530,-97
765.113,00:04,1530,-84
765.508,00:02,1531,-91
765.546,00:03,1531,-97
765.612,00:04,1531,-84
766.007,00:02,1532,-91
766.047,00:03,1532,-97
766.113,00:04,1532,-84
766.508,00:02,1533,-91
766.546,00:03,1533,-97
766.612,00:04,1533,-84
767.006,00:02,1534,-92
767.047,00:03,1534,-97
767.113,00:04,1534,-84
767.509,00:02,1535,-92
767.546,00:03,1535,-97
767.612,00:04,1535,-84
768.007,00:02,1536,-92
768.047,00:03,1536,-97
768.113,00:04,1536,-84
768.509,00:02,1537,-92
768.545,00:03,1537,-97
768.613,00:04,1537,-84
769.007,00:02,1538,-92
769.046,00:03,1538,-97
769.112,00:04,1538,-84
769.508,00:02,1539,-92
769.549,00:03,1539,-97
769.613,00:04,1539,-84
770.008,00:02,1540,-92
770.047,00:03,1540,-97
770.113,00:04,1540,-84
770.507,00:02,1541,-92
770.546,00:03,1541,-97
770.613,00:04,1541,-83
771.007,00:02,1542,-92
771.047,00:03,1542,-97
771.113,00:04,1542,-83
771.509,00:02,1543,-92
771.546,00:03,1543,-97
771.613,00:04,1543,-83
772.008,00:02,1544,-92
772.047,00:03,1544,-97
772.112,00:04,1544,-83
772.508,00:02,1545,-92
772.545,00:03,1545,-97
772.614,00:04,1545,-83
773.008,00:02,1546,-92
773.048,00:03,1546,-96
773.112,00:04,1546,-83
773.507,00:02,1547,-92
773.546,00:03,1547,-96
773.613,00:04,1547,-83
774.009,00:02,1548,-92
774.048,00:03,1548,-96
774.113,00:04,1548,-83
774.508,00:02,1549,-92
774.545,00:03,1549,-96
774.611,00:04,1549,-83
775.009,00:02,1550,-92
775.047,00:03,1550,-96
775.113,00:04,1550,-83
775.508,00:02,1551,-92
775.545,00:03,1551,-96
775.613,00:04,1551,-83
776.007,00:02,1552,-92
776.048,00:03,1552,-96
776.112,00:04,1552,-82
776.508,00:02,1553,-92
776.547,00:03,1553,-96
776.612,00:04,1553,-82
777.009,00:02,1554,-92
777.048,00:03,1554,-96
777.113,00:04,1554,-82
777.507,00:02,1555,-92
777.548,00:03,1555,-96
777.613,00:04,1555,-82
778.008,00:02,1556,-92
778.048,00:03,1556,-96
778.111,00:04,1556,-82
778.509,00:02,1557,-92
778.546,00:03,1557,-96
778.612,00:04,1557,-82
779.008,00:02,1558,-92
779.047,00:03,1558,-95
779.112,00:04,1558,-82
779.506,00:02,1559,-92
779.546,00:03,1559,-95
779.613,00:04,1559,-82
780.007,00:02,1560,-92
780.046,00:03,1560,-95
780.113,00:04,1560,-82
780.509,00:02,1561,-92
780.547,00:03,1561,-95
780.614,00:04,1561,-82
781.006,00:02,1562,-96
781.046,00:03,1562,-99
781.114,00:04,1562,-86
781.509,00:02,1563,-96
781.548,00:03,1563,-99
781.614,00:04,1563,-85
782.009,00:02,1564,-96
782.045,00:03,1564,-99
782.112,00:04,1564,-85
782.507,00:02,1565,-97
782.547,00:03,1565,-99
782.613,00:04,1565,-85
783.008,00:02,1566,-97
783.046,00:03,1566,-99
783.114,00:04,1566,-85
783.508,00:02,1567,-97
783.547,00:03,1567,-99
783.612,00:04,1567,-85
784.009,00:02,1568,-97
784.046,00:03,1568,-99
784.114,00:04,1568,-85
784.508,00:02,1569,-97
784.548,00:03,1569,-99
784.612,00:04,1569,-85
785.008,00:02,1570,-93
785.046,00:03,1570,-94
785.113,00:04,1570,-81
785.507,00:02,1571,-93
785.546,00:03,1571,-94
785.613,00:04,1571,-81
786.007,00:02,1572,-93
786.047,00:03,1572,-94
786.111,00:04,1572,-81
786.508,00:02,1573,-93
786.545,00:03,1573,-94
786.614,00:04,1573,-81
787.008,00:02,1574,-93
787.047,00:03,1574,-94
787.112,00:04,1574,-81
787.509,00:02,1575,-93
787.548,00:03,1575,-94
787.612,00:04,1575,-80
788.01,00:02,1576,-93
788.046,00:03,1576,-94
788.113,00:04,1576,-80
788.509,00:02,1577,-93
788.548,00:03,1577,-94
788.613,00:04,1577,-80
789.008,00:02,1578,-93
789.046,00:03,1578,-94
789.112,00:04,1578,-80
789.508,00:02,1579,-94
789.547,00:03,1579,-94
789.613,00:04,1579,-80
790.008,00:02,1580,-94
790.047,00:03,1580,-94
790.113,00:04,1580,-80
790.509,00:02,1581,-94
790.547,00:03,1581,-93
790.613,00:04,1581,-80
791.007,00:02,1582,-94
791.046,00:03,1582,-93
791.112,00:04,1582,-80
791.508,00:02,1583,-94
791.547,00:03,1583,-93
791.613,00:04,1583,-80
792.01,00:02,1584,-94
792.047,00:03,1584,-93
792.115,00:04,1584,-80
792.508,00:02,1585,-94
792.546,00:03,1585,-93
792.613,00:04,1585,-80
793.009,00:02,1586,-94
793.046,00:03,1586,-93
793.113,00:04,1586,-80
793.508,00:02,1587,-94
793.546,00:03,1587,-93
793.612,00:04,1587,-80
794.007,00:02,1588,-94
794.045,00:03,1588,-93
794.113,00:04,1588,-80
794.509,00:02,1589,-94
794.546,00:03,1589,-93
794.612,00:04,1589,-80
795.008,00:02,1590,-94
795.048,00:03,1590,-93
795.115,00:04,1590,-79
795.508,00:02,1591,-95
795.546,00:03,1591,-93
795.613,00:04,1591,-79
796.007,00:02,1592,-95
796.047,00:03,1592,-92
796.111,00:04,1592,-79
796.509,00:02,1593,-95
796.548,00:03,1593,-92
796.614,00:04,1593,-79
797.01,00:02,1594,-95
797.047,00:03,1594,-92
797.113,00:04,1594,-79
797.508,00:02,1595,-95
797.547,00:03,1595,-92
797.613,00:04,1595,-79
798.008,00:02,1596,-95
798.046,00:03,1596,-92
798.112,00:04,1596,-79
798.508,00:02,1597,-95
798.546,00:03,1597,-92
798.613,00:04,1597,-79
799.008,00:02,1598,-95
799.047,00:03,1598,-92
799.112,00:04,1598,-79
799.509,00:02,1599,-95
799.547,00:03,1599,-92
799.612,00:04,1599,-79
800.007,00:02,1600,-95
800.046,00:03,1600,-92
800.112,00:04,1600,-79
800.51,00:02,1601,-95
800.546,00:03,1601,-92
800.612,00:04,1601,-79
801.009,00:02,1602,-96
801.046,00:03,1602,-91
801.114,00:04,1602,-79
801.508,00:02,1603,-96
801.545,00:03,1603,-91
801.612,00:04,1603,-79
802.006,00:02,1604,-96
802.046,00:03,1604,-91
802.112,00:04,1604,-79
802.507,00:02,1605,-96
802.545,00:03,1605,-91
802.614,00:04,1605,-79
803.008,00:02,1606,-96
803.046,00:03,1606,-91
803.112,00:04,1606,-79
803.509,00:02,1607,-96
803.545,00:03,1607,-91
803.614,00:04,1607,-79
804.006,00:02,1608,-96
804.046,00:03,1608,-91
804.114,00:04,1608,-79
804.507,00:02,1609,-96
804.547,00:03,1609,-91
804.614,00:04,1609,-79
805.007,00:02,1610,-96
805.046,00:03,1610,-91
805.111,00:04,1610,-79
805.507,00:02,1611,-96
805.546,00:03,1611,-91
805.613,00:04,1611,-78
806.007,00:02,1612,-97
806.046,00:03,1612,-90
806.114,00:04,1612,-78
806.509,00:02,1613,-97
806.548,00:03,1613,-90
806.612,00:04,1613,-78
807.007,00:02,1614,-97
807.048,00:03,1614,-90
807.114,00:04,1614,-78
807.509,00:02,1615,-97
807.545,00:03,1615,-90
807.613,00:04,1615,-78
808.008,00:02,1616,-97
808.047,00:03,1616,-90
808.114,00:04,1616,-78
808.509,00:02,1617,-97
808.546,00:03,1617,-90
808.613,00:04,1617,-78
809.007,00:02,1618,-97
809.047,00:03,1618,-90
809.114,00:04,1618,-78
809.509,00:02,1619,-97
809.547,00:03,1619,-90
809.612,00:04,1619,-78
810.008,00:02,1620,-97
810.044,00:03,1620,-90
810.111,00:04,1620,-78
810.507,00:02,1621,-97
810.546,00:03,1621,-90
810.613,00:04,1621,-78
811.009,00:02,1622,-98
811.045,00:03,1622,-89
811.115,00:04,1622,-78
811.509,00:02,1623,-98
811.547,00:03,1623,-89
811.614,00:04,1623,-78
812.008,00:02,1624,-98
812.045,00:03,1624,-89
812.113,00:04,1624,-78
812.507,00:02,1625,-98
812.547,00:03,1625,-89
812.615,00:04,1625,-78
813.008,00:02,1626,-98
813.045,00:03,1626,-89
813.113,00:04,1626,-78
813.508,00:02,1627,-98
813.546,00:03,1627,-89
813.613,00:04,1627,-78
814.007,00:02,1628,-98
814.048,00:03,1628,-89
814.113,00:04,1628,-78
814.508,00:02,1629,-98
814.545,00:03,1629,-89
814.612,00:04,1629,-78
815.009,00:02,1630,-98
815.045,00:03,1630,-89
815.114,00:04,1630,-78
815.508,00:02,1631,-98
815.547,00:03,1631,-89
815.613,00:04,1631,-78
816.01,00:02,1632,-99
816.046,00:03,1632,-88
816.114,00:04,1632,-78
816.508,00:02,1633,-99
816.546,00:03,1633,-88
816.614,00:04,1633,-78
817.006,00:02,1634,-99
817.046,00:03,1634,-88
817.114,00:04,1634,-78
817.507,00:02,1635,-99
817.546,00:03,1635,-88
817.614,00:04,1635,-78
818.007,00:02,1636,-99
818.047,00:03,1636,-88
818.114,00:04,1636,-78
818.507,00:02,1637,-99
818.546,00:03,1637,-88
818.613,00:04,1637,-78
819.008,00:02,1638,-99
819.047,00:03,1638,-88
819.115,00:04,1638,-78
819.508,00:02,1639,-99
819.545,00:03,1639,-88
819.612,00:04,1639,-78
820.006,00:02,1640,-99
820.047,00:03,1640,-88
820.113,00:04,1640,-78
820.509,00:02,1641,-99
820.547,00:03,1641,-88
820.614,00:04,1641,-79
821.007,00:02,1642,-100
821.046,00:03,1642,-87
821.112,00:04,1642,-79
821.507,00:02,1643,-100
821.547,00:03,1643,-87
821.612,00:04,1643,-79
822.009,00:02,1644,-100
822.045,00:03,1644,-87
822.115,00:04,1644,-79
822.508,00:02,1645,-100
822.545,00:03,1645,-87
822.614,00:04,1645,-79
823.008,00:02,1646,-100
823.047,00:03,1646,-87
823.114,00:04,1646,-79
823.507,00:02,1647,-100
823.544,00:03,1647,-87
823.615,00:04,1647,-79
824.007,00:02,1648,-100
824.046,00:03,1648,-87
824.112,00:04,1648,-79
824.508,00:02,1649,-100
824.546,00:03,1649,-87
824.613,00:04,1649,-79
825.007,00:02,1650,-100
825.046,00:03,1650,-87
825.112,00:04,1650,-79
825.508,00:02,1651,-100
825.548,00:03,1651,-87
825.614,00:04,1651,-79
826.008,00:02,1652,-101
826.046,00:03,1652,-86
826.113,00:04,1652,-79
826.509,00:02,1653,-101
826.547,00:03,1653,-86
826.613,00:04,1653,-79
827.008,00:02,1654,-101
827.046,00:03,1654,-86
827.114,00:04,1654,-79
827.508,00:02,1655,-101
827.548,00:03,1655,-86
827.612,00:04,1655,-79
828.008,00:02,1656,-101
828.044,00:03,1656,-86
828.113,00:04,1656,-79
828.508,00:02,1657,-101
828.545,00:03,1657,-86
828.613,00:04,1657,-79
829.007,00:02,1658,-101
829.047,00:03,1658,-86
829.114,00:04,1658,-79
829.509,00:02,1659,-101
829.547,00:03,1659,-86
829.613,00:04,1659,-79
830.009,00:02,1660,-101
830.047,00:03,1660,-86
830.114,00:04,1660,-79
830.506,00:02,1661,-101
830.545,00:03,1661,-86
830.615,00:04,1661,-79
831.007,00:02,1662,-102
831.046,00:03,1662,-86
831.112,00:04,1662,-79
831.508,00:02,1663,-102
831.546,00:03,1663,-85
831.615,00:04,1663,-80
832.007,00:02,1664,-102
832.047,00:03,1664,-85
832.114,00:04,1664,-80
832.508,00:02,1665,-102
832.545,00:03,1665,-85
832.612,00:04,1665,-80
833.01,00:02,1666,-102
833.047,00:03,1666,-85
833.113,00:04,1666,-80
833.507,00:02,1667,-102
833.545,00:03,1667,-85
833.615,00:04,1667,-80
834.008,00:02,1668,-102
834.044,00:03,1668,-85
834.112,00:04,1668,-80
834.508,00:02,1669,-102
834.545,00:03,1669,-85
834.612,00:04,1669,-80
835.007,00:02,1670,-102
835.046,00:03,1670,-85
835.115,00:04,1670,-80
835.509,00:02,1671,-102
835.546,00:03,1671,-85
835.614,00:04,1671,-80
836.007,00:02,1672,-102
836.044,00:03,1672,-85
836.114,00:04,1672,-80
836.506,00:02,1673,-103
836.545,00:03,1673,-85
836.615,00:04,1673,-80
837.008,00:02,1674,-103
837.046,00:03,1674,-85
837.113,00:04,1674,-80
837.509,00:02,1675,-103
837.545,00:03,1675,-84
837.614,00:04,1675,-80
838.007,00:02,1676,-103
838.045,00:03,1676,-84
838.114,00:04,1676,-80
838.508,00:02,1677,-103
838.546,00:03,1677,-84
838.615,00:04,1677,-81
839.008,00:02,1678,-103
839.046,00:03,1678,-84
839.112,00:04,1678,-81
839.509,00:02,1679,-103
839.545,00:03,1679,-84
839.615,00:04,1679,-81
840.008,00:02,1680,-103
840.047,00:03,1680,-84
840.115,00:04,1680,-81
840.509,00:02,1681,-103
840.545,00:03,1681,-84
840.612,00:04,1681,-81
841.009,00:02,1682,-107
841.046,00:03,1682,-88
841.113,00:04,1682,-85
841.508,00:02,1683,-107
841.546,00:03,1683,-88
841.615,00:04,1683,-85
842.006,00:02,1684,-108
842.045,00:03,1684,-88
842.114,00:04,1684,-85
842.509,00:02,1685,-108
842.546,00:03,1685,-88
842.612,00:04,1685,-85
843.008,00:02,1686,-108
843.045,00:03,1686,-88
843.114,00:04,1686,-85
843.509,00:02,1687,-108
843.546,00:03,1687,-88
843.613,00:04,1687,-85
844.008,00:02,1688,-108
844.045,00:03,1688,-88
844.114,00:04,1688,-85
844.548,00:03,1689,-87
844.614,00:04,1689,-86
845.008,00:02,1690,-104
845.046,00:03,1690,-83
845.113,00:04,1690,-82
845.509,00:02,1691,-104
845.545,00:03,1691,-83
845.613,00:04,1691,-82
846.007,00:02,1692,-104
846.045,00:03,1692,-83
846.112,00:04,1692,-82
846.509,00:02,1693,-104
846.547,00:03,1693,-83
846.613,00:04,1693,-82
847.008,00:02,1694,-104
847.047,00:03,1694,-83
847.113,00:04,1694,-82
847.506,00:02,1695,-104
847.546,00:03,1695,-83
847.613,00:04,1695,-82
848.007,00:02,1696,-105
848.046,00:03,1696,-83
848.112,00:04,1696,-82
848.508,00:02,1697,-105
848.547,00:03,1697,-83
848.615,00:04,1697,-82
849.009,00:02,1698,-105
849.045,00:03,1698,-83
849.113,00:04,1698,-82
849.509,00:02,1699,-105
849.545,00:03,1699,-83
849.613,00:04,1699,-82
850.01,00:02,1700,-105
850.045,00:03,1700,-83
850.113,00:04,1700,-82
850.506,00:02,1701,-105
850.546,00:03,1701,-83
850.614,00:04,1701,-83
851.01,00:02,1702,-105
851.048,00:03,1702,-83
851.114,00:04,1702,-83
851.507,00:02,1703,-105
851.546,00:03,1703,-83
851.614,00:04,1703,-83
852.008,00:02,1704,-105
852.047,00:03,1704,-83
852.114,00:04,1704,-83
852.508,00:02,1705,-105
852.546,00:03,1705,-83
852.612,00:04,1705,-83
853.007,00:02,1706,-105
853.045,00:03,1706,-83
853.113,00:04,1706,-83
853.508,00:02,1707,-105
853.545,00:03,1707,-83
853.614,00:04,1707,-83
854.009,00:02,1708,-106
854.046,00:03,1708,-83
854.112,00:04,1708,-83
854.507,00:02,1709,-106
854.546,00:03,1709,-83
854.615,00:04,1709,-83
855.008,00:02,1710,-106
855.045,00:03,1710,-83
855.113,00:04,1710,-83
855.506,00:02,1711,-106
855.547,00:03,1711,-83
855.613,00:04,1711,-83
856.009,00:02,1712,-106
856.046,00:03,1712,-83
856.112,00:04,1712,-84
856.508,00:02,1713,-106
856.545,00:03,1713,-83
856.613,00:04,1713,-84
857.008,00:02,1714,-106
857.047,00:03,1714,-83
857.113,00:04,1714,-84
857.508,00:02,1715,-106
857.546,00:03,1715,-83
857.613,00:04,1715,-84
858.007,00:02,1716,-106
858.047,00:03,1716,-83
858.114,00:04,1716,-84
858.509,00:02,1717,-106
858.545,00:03,1717,-83
858.613,00:04,1717,-84
859.009,00:02,1718,-106
859.048,00:03,1718,-83
859.112,00:04,1718,-84
859.508,00:02,1719,-106
859.544,00:03,1719,-83
859.614,00:04,1719,-84
860.006,00:02,1720,-106
860.047,00:03,1720,-83
860.114,00:04,1720,-84
860.509,00:02,1721,-106
860.545,00:03,1721,-84
860.614,00:04,1721,-83
861.007,00:02,1722,-106
861.044,00:03,1722,-84
861.114,00:04,1722,-83
861.507,00:02,1723,-106
861.546,00:03,1723,-84
861.614,00:04,1723,-83
862.008,00:02,1724,-106
862.045,00:03,1724,-84
862.113,00:04,1724,-83
862.508,00:02,1725,-107
862.546,00:03,1725,-84
862.613,00:04,1725,-83
863.007,00:02,1726,-107
863.045,00:03,1726,-85
863.115,00:04,1726,-83
863.509,00:02,1727,-107
863.546,00:03,1727,-85
863.613,00:04,1727,-83
864.007,00:02,1728,-107
864.046,00:03,1728,-85
864.112,00:04,1728,-83
864.508,00:02,1729,-106
864.546,00:03,1729,-85
864.614,00:04,1729,-83
865.007,00:02,1730,-106
865.045,00:03,1730,-85
865.113,00:04,1730,-83
865.509,00:02,1731,-106
865.546,00:03,1731,-85
865.614,00:04,1731,-83
866.01,00:02,1732,-106
866.046,00:03,1732,-85
866.115,00:04,1732,-83
866.507,00:02,1733,-106
866.545,00:03,1733,-85
866.614,00:04,1733,-82
867.008,00:02,1734,-106
867.047,00:03,1734,-85
867.113,00:04,1734,-82
867.508,00:02,1735,-106
867.544,00:03,1735,-85
867.613,00:04,1735,-82
868.009,00:02,1736,-106
868.045,00:03,1736,-85
868.114,00:04,1736,-82
868.506,00:02,1737,-106
868.546,00:03,1737,-85
868.614,00:04,1737,-82
869.007,00:02,1738,-106
869.046,00:03,1738,-85
869.112,00:04,1738,-82
869.506,00:02,1739,-106
869.545,00:03,1739,-85
869.615,00:04,1739,-82
870.009,00:02,1740,-106
870.044,00:03,1740,-85
870.113,00:04,1740,-82
870.507,00:02,1741,-106
870.544,00:03,1741,-85
870.614,00:04,1741,-82
871.009,00:02,1742,-105
871.047,00:03,1742,-85
871.114,00:04,1742,-81
871.508,00:02,1743,-105
871.547,00:03,1743,-85
871.614,00:04,1743,-81
872.01,00:02,1744,-105
872.045,00:03,1744,-85
872.114,00:04,1744,-81
872.506,00:02,1745,-105
872.544,00:03,1745,-85
872.613,00:04,1745,-81
873.008,00:02,1746,-105
873.045,00:03,1746,-85
873.115,00:04,1746,-81
873.509,00:02,1747,-105
873.544,00:03,1747,-85
873.614,00:04,1747,-81
874.007,00:02,1748,-105
874.044,00:03,1748,-85
874.114,00:04,1748,-81
874.508,00:02,1749,-105
874.545,00:03,1749,-85
874.612,00:04,1749,-81
875.008,00:02,1750,-105
875.045,00:03,1750,-85
875.114,00:04,1750,-81
875.508,00:02,1751,-105
875.545,00:03,1751,-85
875.614,00:04,1751,-81
876.007,00:02,1752,-105
876.047,00:03,1752,-85
876.113,00:04,1752,-80
876.509,00:02,1753,-105
876.544,00:03,1753,-85
876.614,00:04,1753,-80
877.009,00:02,1754,-109
877.046,00:03,1754,-89
877.113,00:04,1754,-84
877.545,00:03,1755,-89
877.613,00:04,1755,-84
878.008,00:02,1756,-108
878.045,00:03,1756,-89
878.115,00:04,1756,-84
878.51,00:02,1757,-108
878.546,00:03,1757,-89
878.614,00:04,1757,-84
879.045,00:03,1758,-89
879.115,00:04,1758,-84
879.508,00:02,1759,-108
879.545,00:03,1759,-89
879.612,00:04,1759,-84
880.009,00:02,1760,-108
880.046,00:03,1760,-89
880.112,00:04,1760,-84
880.507,00:02,1761,-108
880.544,00:03,1761,-90
880.614,00:04,1761,-84
881.006,00:02,1762,-104
881.045,00:03,1762,-86
881.113,00:04,1762,-79
881.508,00:02,1763,-104
881.546,00:03,1763,-86
881.616,00:04,1763,-79
882.007,00:02,1764,-104
882.046,00:03,1764,-86
882.114,00:04,1764,-79
882.509,00:02,1765,-104
882.545,00:03,1765,-86
882.613,00:04,1765,-79
883.009,00:02,1766,-104
883.046,00:03,1766,-86
883.112,00:04,1766,-79
883.506,00:02,1767,-103
883.545,00:03,1767,-86
883.613,00:04,1767,-79
884.006,00:02,1768,-103
884.044,00:03,1768,-86
884.112,00:04,1768,-79
884.509,00:02,1769,-103
884.545,00:03,1769,-86
884.615,00:04,1769,-79
885.008,00:02,1770,-103
885.044,00:03,1770,-86
885.115,00:04,1770,-79
885.509,00:02,1771,-103
885.546,00:03,1771,-86
885.613,00:04,1771,-79
886.008,00:02,1772,-103
886.047,00:03,1772,-86
886.115,00:04,1772,-79
886.508,00:02,1773,-103
886.544,00:03,1773,-86
886.613,00:04,1773,-78
887.008,00:02,1774,-103
887.045,00:03,1774,-86
887.113,00:04,1774,-78
887.508,00:02,1775,-103
887.544,00:03,1775,-86
887.614,00:04,1775,-78
888.009,00:02,1776,-103
888.046,00:03,1776,-87
888.114,00:04,1776,-78
888.509,00:02,1777,-103
888.546,00:03,1777,-87
888.613,00:04,1777,-78
889.01,00:02,1778,-103
889.046,00:03,1778,-87
889.113,00:04,1778,-78
889.509,00:02,1779,-102
889.544,00:03,1779,-87
889.613,00:04,1779,-78
890.007,00:02,1780,-102
890.046,00:03,1780,-87
890.114,00:04,1780,-78
890.507,00:02,1781,-102
890.547,00:03,1781,-87
890.614,00:04,1781,-78
891.009,00:02,1782,-102
891.046,00:03,1782,-87
891.114,00:04,1782,-78
891.507,00:02,1783,-102
891.545,00:03,1783,-87
891.614,00:04,1783,-78
892.009,00:02,1784,-102
892.046,00:03,1784,-87
892.112,00:04,1784,-78
892.509,00:02,1785,-102
892.545,00:03,1785,-87
892.613,00:04,1785,-78
893.007,00:02,1786,-102
893.046,00:03,1786,-87
893.114,00:04,1786,-77
893.509,00:02,1787,-102
893.546,00:03,1787,-87
893.615,00:04,1787,-77
894.008,00:02,1788,-102
894.046,00:03,1788,-87
894.115,00:04,1788,-77
894.508,00:02,1789,-102
894.545,00:03,1789,-88
894.615,00:04,1789,-77
895.008,00:02,1790,-101
895.045,00:03,1790,-88
895.115,00:04,1790,-77
895.508,00:02,1791,-101
895.545,00:03,1791,-88
895.615,00:04,1791,-77
896.008,00:02,1792,-101
896.046,00:03,1792,-88
896.114,00:04,1792,-77
896.508,00:02,1793,-101
896.544,00:03,1793,-88
896.614,00:04,1793,-77
897.007,00:02,1794,-101
897.043,00:03,1794,-88
897.114,00:04,1794,-77
897.51,00:02,1795,-101
897.545,00:03,1795,-88
897.612,00:04,1795,-77
898.008,00:02,1796,-101
898.044,00:03,1796,-88
898.114,00:04,1796,-77
898.509,00:02,1797,-101
898.547,00:03,1797,-88
898.614,00:04,1797,-77
899.009,00:02,1798,-101
899.043,00:03,1798,-88
899.113,00:04,1798,-77
899.509,00:02,1799,-101
899.545,00:03,1799,-88
899.613,00:04,1799,-77
900.009,00:02,1800,-101
900.046,00:03,1800,-88
900.114,00:04,1800,-77
900.508,00:02,1801,-100
900.546,00:03,1801,-89
900.613,00:04,1801,-77
901.009,00:02,1802,-100
901.045,00:03,1802,-89
901.114,00:04,1802,-77
901.507,00:02,1803,-100
901.546,00:03,1803,-89
901.612,00:04,1803,-77
902.008,00:02,1804,-100
902.045,00:03,1804,-89
902.113,00:04,1804,-77
902.508,00:02,1805,-100
902.545,00:03,1805,-89
902.615,00:04,1805,-77
903.008,00:02,1806,-100
903.045,00:03,1806,-89
903.115,00:04,1806,-76
903.508,00:02,1807,-100
903.545,00:03,1807,-89
903.613,00:04,1807,-76
904.008,00:02,1808,-100
904.043,00:03,1808,-89
904.114,00:04,1808,-76
904.507,00:02,1809,-100
904.546,00:03,1809,-89
904.615,00:04,1809,-76
905.007,00:02,1810,-100
905.044,00:03,1810,-89
905.115,00:04,1810,-76
905.507,00:02,1811,-100
905.547,00:03,1811,-89
905.614,00:04,1811,-76
906.009,00:02,1812,-99
906.046,00:03,1812,-90
906.113,00:04,1812,-76
906.509,00:02,1813,-99
906.544,00:03,1813,-90
906.615,00:04,1813,-76
907.01,00:02,1814,-99
907.044,00:03,1814,-90
907.113,00:04,1814,-76
907.509,00:02,1815,-99
907.545,00:03,1815,-90
907.615,00:04,1815,-76
908.006,00:02,1816,-99
908.046,00:03,1816,-90
908.115,00:04,1816,-76
908.509,00:02,1817,-99
908.546,00:03,1817,-90
908.613,00:04,1817,-76
909.008,00:02,1818,-99
909.045,00:03,1818,-90
909.114,00:04,1818,-76
909.507,00:02,1819,-99
909.544,00:03,1819,-90
909.615,00:04,1819,-76
910.009,00:02,1820,-99
910.044,00:03,1820,-90
910.113,00:04,1820,-76
910.509,00:02,1821,-99
910.545,00:03,1821,-90
910.614,00:04,1821,-76
911.008,00:02,1822,-99
911.045,00:03,1822,-90
911.114,00:04,1822,-76
911.508,00:02,1823,-99
911.546,00:03,1823,-91
911.612,00:04,1823,-76
912.009,00:02,1824,-98
912.045,00:03,1824,-91
912.114,00:04,1824,-76
912.509,00:02,1825,-98
912.544,00:03,1825,-91
912.612,00:04,1825,-76
913.008,00:02,1826,-98
913.046,00:03,1826,-91
913.114,00:04,1826,-76
913.508,00:02,1827,-98
913.546,00:03,1827,-91
913.614,00:04,1827,-76
914.007,00:02,1828,-98
914.046,00:03,1828,-91
914.113,00:04,1828,-76
914.509,00:02,1829,-98
914.544,00:03,1829,-91
914.615,00:04,1829,-76
915.008,00:02,1830,-98
915.046,00:03,1830,-91
915.116,00:04,1830,-77
915.507,00:02,1831,-98
915.544,00:03,1831,-91
915.615,00:04,1831,-77
916.008,00:02,1832,-98
916.045,00:03,1832,-91
916.113,00:04,1832,-77
916.508,00:02,1833,-98
916.545,00:03,1833,-91
916.613,00:04,1833,-77
917.008,00:02,1834,-98
917.046,00:03,1834,-91
917.114,00:04,1834,-77
917.508,00:02,1835,-97
917.544,00:03,1835,-92
917.615,00:04,1835,-77
918.007,00:02,1836,-97
918.044,00:03,1836,-92
918.115,00:04,1836,-77
918.508,00:02,1837,-97
918.547,00:03,1837,-92
918.614,00:04,1837,-77
919.008,00:02,1838,-97
919.046,00:03,1838,-92
919.113,00:04,1838,-77
919.51,00:02,1839,-97
919.544,00:03,1839,-92
919.614,00:04,1839,-77
920.009,00:02,1840,-97
920.046,00:03,1840,-92
920.114,00:04,1840,-77
920.507,00:02,1841,-97
920.545,00:03,1841,-92
920.613,00:04,1841,-77
921.008,00:02,1842,-97
921.045,00:03,1842,-92
921.115,00:04,1842,-77
921.51,00:02,1843,-97
921.546,00:03,1843,-92
921.612,00:04,1843,-77
922.009,00:02,1844,-97
922.045,00:03,1844,-92
922.113,00:04,1844,-77
922.507,00:02,1845,-97
922.547,00:03,1845,-92
922.615,00:04,1845,-77
923.007,00:02,1846,-97
923.045,00:03,1846,-93
923.115,00:04,1846,-77
923.507,00:02,1847,-96
923.544,00:03,1847,-93
923.613,00:04,1847,-77
924.01,00:02,1848,-96
924.046,00:03,1848,-93
924.114,00:04,1848,-77
924.507,00:02,1849,-96
924.546,00:03,1849,-93
924.614,00:04,1849,-77
925.009,00:02,1850,-96
925.046,00:03,1850,-93
925.113,00:04,1850,-78
925.509,00:02,1851,-96
925.546,00:03,1851,-93
925.615,00:04,1851,-78
926.008,00:02,1852,-96
926.045,00:03,1852,-93
926.113,00:04,1852,-78
926.507,00:02,1853,-96
926.544,00:03,1853,-93
926.615,00:04,1853,-78
927.008,00:02,1854,-96
927.045,00:03,1854,-93
927.115,00:04,1854,-78
927.509,00:02,1855,-96
927.546,00:03,1855,-93
927.614,00:04,1855,-78
928.009,00:02,1856,-96
928.044,00:03,1856,-93
928.114,00:04,1856,-78
928.508,00:02,1857,-96
928.545,00:03,1857,-94
928.615,00:04,1857,-78
929.008,00:02,1858,-96
929.044,00:03,1858,-94
929.114,00:04,1858,-78
929.509,00:02,1859,-95
929.546,00:03,1859,-94
929.614,00:04,1859,-78
930.009,00:02,1860,-95
930.046,00:03,1860,-94
930.114,00:04,1860,-78
930.507,00:02,1861,-95
930.543,00:03,1861,-94
930.614,00:04,1861,-78
931.009,00:02,1862,-95
931.045,00:03,1862,-94
931.113,00:04,1862,-78
931.51,00:02,1863,-95
931.545,00:03,1863,-94
931.614,00:04,1863,-79
932.008,00:02,1864,-95
932.046,00:03,1864,-94
932.115,00:04,1864,-79
932.508,00:02,1865,-95
932.545,00:03,1865,-94
932.615,00:04,1865,-79
933.01,00:02,1866,-95
933.045,00:03,1866,-94
933.113,00:04,1866,-79
933.509,00:02,1867,-95
933.544,00:03,1867,-94
933.614,00:04,1867,-79
934.007,00:02,1868,-95
934.044,00:03,1868,-94
934.114,00:04,1868,-79
934.507,00:02,1869,-95
934.546,00:03,1869,-95
934.615,00:04,1869,-79
935.009,00:02,1870,-95
935.046,00:03,1870,-95
935.113,00:04,1870,-79
935.508,00:02,1871,-95
935.545,00:03,1871,-95
935.613,00:04,1871,-79
936.008,00:02,1872,-95
936.046,00:03,1872,-95
936.113,00:04,1872,-79
936.51,00:02,1873,-95
936.545,00:03,1873,-95
936.613,00:04,1873,-79
937.006,00:02,1874,-99
937.045,00:03,1874,-99
937.114,00:04,1874,-84
937.508,00:02,1875,-98
937.544,00:03,1875,-99
937.615,00:04,1875,-84
938.009,00:02,1876,-98
938.046,00:03,1876,-99
938.113,00:04,1876,-84
938.509,00:02,1877,-98
938.543,00:03,1877,-99
938.614,00:04,1877,-84
939.009,00:02,1878,-98
939.047,00:03,1878,-99
939.113,00:04,1878,-84
939.509,00:02,1879,-98
939.545,00:03,1879,-99
939.615,00:04,1879,-84
940.008,00:02,1880,-98
940.046,00:03,1880,-99
940.113,00:04,1880,-84
940.51,00:02,1881,-98
940.544,00:03,1881,-100
940.615,00:04,1881,-84
941.01,00:02,1882,-94
941.045,00:03,1882,-96
941.115,00:04,1882,-80
941.508,00:02,1883,-94
941.545,00:03,1883,-96
941.615,00:04,1883,-80
942.009,00:02,1884,-94
942.045,00:03,1884,-96
942.115,00:04,1884,-81
942.509,00:02,1885,-94
942.546,00:03,1885,-96
942.614,00:04,1885,-81
943.009,00:02,1886,-94
943.045,00:03,1886,-96
943.114,00:04,1886,-81
943.51,00:02,1887,-94
943.544,00:03,1887,-96
943.613,00:04,1887,-81
944.007,00:02,1888,-94
944.044,00:03,1888,-96
944.115,00:04,1888,-81
944.508,00:02,1889,-94
944.545,00:03,1889,-96
944.614,00:04,1889,-81
945.01,00:02,1890,-94
945.044,00:03,1890,-96
945.115,00:04,1890,-81
945.509,00:02,1891,-94
945.544,00:03,1891,-96
945.615,00:04,1891,-81
946.008,00:02,1892,-94
946.046,00:03,1892,-96
946.114,00:04,1892,-81
946.508,00:02,1893,-94
946.544,00:03,1893,-97
946.614,00:04,1893,-81
947.01,00:02,1894,-94
947.046,00:03,1894,-97
947.113,00:04,1894,-82
947.508,00:02,1895,-94
947.546,00:03,1895,-97
947.614,00:04,1895,-82
948.008,00:02,1896,-94
948.044,00:03,1896,-97
948.114,00:04,1896,-82
948.507,00:02,1897,-94
948.545,00:03,1897,-97
948.615,00:04,1897,-82
949.008,00:02,1898,-94
949.045,00:03,1898,-97
949.114,00:04,1898,-82
949.509,00:02,1899,-94
949.544,00:03,1899,-97
949.614,00:04,1899,-82
950.009,00:02,1900,-94
950.046,00:03,1900,-97
950.115,00:04,1900,-82
950.508,00:02,1901,-94
950.546,00:03,1901,-97
950.614,00:04,1901,-82
951.007,00:02,1902,-94
951.046,00:03,1902,-97
951.116,00:04,1902,-82
951.508,00:02,1903,-94
951.545,00:03,1903,-97
951.613,00:04,1903,-82
952.009,00:02,1904,-93
952.044,00:03,1904,-97
952.113,00:04,1904,-83
952.51,00:02,1905,-93
952.545,00:03,1905,-97
952.615,00:04,1905,-83
953.009,00:02,1906,-93
953.043,00:03,1906,-98
953.114,00:04,1906,-83
953.508,00:02,1907,-93
953.545,00:03,1907,-98
953.616,00:04,1907,-83
954.009,00:02,1908,-93
954.045,00:03,1908,-98
954.113,00:04,1908,-83
954.51,00:02,1909,-94
954.546,00:03,1909,-98
954.615,00:04,1909,-83
955.007,00:02,1910,-94
955.045,00:03,1910,-98
955.113,00:04,1910,-83
955.507,00:02,1911,-94
955.544,00:03,1911,-98
955.615,00:04,1911,-83
956.008,00:02,1912,-94
956.045,00:03,1912,-98
956.116,00:04,1912,-83
956.507,00:02,1913,-94
956.545,00:03,1913,-98
956.614,00:04,1913,-82
957.008,00:02,1914,-95
957.044,00:03,1914,-98
957.113,00:04,1914,-82
957.508,00:02,1915,-95
957.546,00:03,1915,-98
957.614,00:04,1915,-82
958.009,00:02,1916,-95
958.044,00:03,1916,-98
958.113,00:04,1916,-82
958.508,00:02,1917,-95
958.546,00:03,1917,-98
958.614,00:04,1917,-82
959.008,00:02,1918,-95
959.045,00:03,1918,-98
959.114,00:04,1918,-82
959.51,00:02,1919,-95
959.545,00:03,1919,-98
959.614,00:04,1919,-82
960.009,00:02,1920,-95
960.046,00:03,1920,-98
960.115,00:04,1920,-82
960.51,00:02,1921,-95
960.545,00:03,1921,-98
960.615,00:04,1921,-82
961.008,00:02,1922,-95
961.044,00:03,1922,-98
961.114,00:04,1922,-82
961.508,00:02,1923,-95
961.545,00:03,1923,-98
961.615,00:04,1923,-82
962.008,00:02,1924,-95
962.045,00:03,1924,-98
962.115,00:04,1924,-82
962.507,00:02,1925,-95
962.544,00:03,1925,-98
962.615,00:04,1925,-81
963.008,00:02,1926,-95
963.045,00:03,1926,-98
963.115,00:04,1926,-81
963.509,00:02,1927,-95
963.545,00:03,1927,-98
963.614,00:04,1927,-81
964.008,00:02,1928,-95
964.044,00:03,1928,-97
964.113,00:04,1928,-81
964.509,00:02,1929,-95
964.544,00:03,1929,-97
964.614,00:04,1929,-81
965.009,00:02,1930,-95
965.044,00:03,1930,-97
965.116,00:04,1930,-81
965.507,00:02,1931,-95
965.546,00:03,1931,-97
965.613,00:04,1931,-81
966.008,00:02,1932,-95
966.044,00:03,1932,-97
966.115,00:04,1932,-81
966.508,00:02,1933,-95
966.546,00:03,1933,-97
966.615,00:04,1933,-80
967.007,00:02,1934,-95
967.045,00:03,1934,-97
967.113,00:04,1934,-80
967.509,00:02,1935,-95
967.546,00:03,1935,-97
967.615,00:04,1935,-80
968.008,00:02,1936,-95
968.045,00:03,1936,-97
968.114,00:04,1936,-80
968.508,00:02,1937,-95
968.545,00:03,1937,-97
968.614,00:04,1937,-80
969.008,00:02,1938,-95
969.046,00:03,1938,-97
969.113,00:04,1938,-80
969.51,00:02,1939,-95
969.546,00:03,1939,-97
969.615,00:04,1939,-80
970.009,00:02,1940,-96
970.044,00:03,1940,-97
970.114,00:04,1940,-80
970.509,00:02,1941,-96
970.544,00:03,1941,-97
970.614,00:04,1941,-80
971.007,00:02,1942,-96
971.046,00:03,1942,-96
971.115,00:04,1942,-79
971.509,00:02,1943,-96
971.545,00:03,1943,-96
971.616,00:04,1943,-79
972.007,00:02,1944,-96
972.044,00:03,1944,-96
972.113,00:04,1944,-79
972.509,00:02,1945,-96
972.545,00:03,1945,-96
972.614,00:04,1945,-79
973.009,00:02,1946,-100
973.045,00:03,1946,-100
973.114,00:04,1946,-83
973.51,00:02,1947,-100
973.544,00:03,1947,-100
973.614,00:04,1947,-83
974.008,00:02,1948,-100
974.044,00:03,1948,-100
974.114,00:04,1948,-83
974.508,00:02,1949,-100
974.544,00:03,1949,-100
974.615,00:04,1949,-83
975.007,00:02,1950,-100
975.045,00:03,1950,-100
975.116,00:04,1950,-82
975.507,00:02,1951,-100
975.545,00:03,1951,-100
975.614,00:04,1951,-82
976.009,00:02,1952,-100
976.046,00:03,1952,-100
976.114,00:04,1952,-82
976.508,00:02,1953,-100
976.545,00:03,1953,-100
976.614,00:04,1953,-82
977.009,00:02,1954,-96
977.045,00:03,1954,-96
977.115,00:04,1954,-78
977.509,00:02,1955,-96
977.545,00:03,1955,-95
977.614,00:04,1955,-78
978.008,00:02,1956,-96
978.044,00:03,1956,-95
978.114,00:04,1956,-78
978.509,00:02,1957,-96
978.545,00:03,1957,-95
978.616,00:04,1957,-78
979.009,00:02,1958,-96
979.043,00:03,1958,-95
979.116,00:04,1958,-78
979.509,00:02,1959,-96
979.544,00:03,1959,-95
979.614,00:04,1959,-77
980.008,00:02,1960,-96
980.044,00:03,1960,-95
980.116,00:04,1960,-77
980.507,00:02,1961,-96
980.544,00:03,1961,-95
980.613,00:04,1961,-77
981.009,00:02,1962,-96
981.043,00:03,1962,-95
981.115,00:04,1962,-77
981.51,00:02,1963,-97
981.545,00:03,1963,-95
981.614,00:04,1963,-77
982.009,00:02,1964,-97
982.045,00:03,1964,-95
982.115,00:04,1964,-77
982.51,00:02,1965,-97
982.544,00:03,1965,-95
982.615,00:04,1965,-77
983.009,00:02,1966,-97
983.046,00:03,1966,-95
983.115,00:04,1966,-77
983.509,00:02,1967,-97
983.544,00:03,1967,-94
983.614,00:04,1967,-77
984.008,00:02,1968,-97
984.046,00:03,1968,-94
984.115,00:04,1968,-77
984.51,00:02,1969,-97
984.544,00:03,1969,-94
984.616,00:04,1969,-76
985.008,00:02,1970,-97
985.045,00:03,1970,-94
985.115,00:04,1970,-76
985.509,00:02,1971,-97
985.544,00:03,1971,-94
985.613,00:04,1971,-76
986.009,00:02,1972,-97
986.044,00:03,1972,-94
986.115,00:04,1972,-76
986.511,00:02,1973,-97
986.543,00:03,1973,-94
986.615,00:04,1973,-76
987.009,00:02,1974,-97
987.046,00:03,1974,-94
987.116,00:04,1974,-76
987.51,00:02,1975,-97
987.545,00:03,1975,-94
987.615,00:04,1975,-76
988.008,00:02,1976,-97
988.045,00:03,1976,-94
988.115,00:04,1976,-76
988.508,00:02,1977,-97
988.546,00:03,1977,-94
988.614,00:04,1977,-76
989.009,00:02,1978,-97
989.045,00:03,1978,-94
989.114,00:04,1978,-76
989.508,00:02,1979,-98
989.545,00:03,1979,-94
989.614,00:04,1979,-76
990.008,00:02,1980,-98
990.046,00:03,1980,-93
990.113,00:04,1980,-75
990.51,00:02,1981,-98
990.544,00:03,1981,-93
990.615,00:04,1981,-75
991.008,00:02,1982,-98
991.045,00:03,1982,-93
991.116,00:04,1982,-75
991.509,00:02,1983,-98
991.546,00:03,1983,-93
991.614,00:04,1983,-75
992.009,00:02,1984,-98
992.044,00:03,1984,-93
992.115,00:04,1984,-75
992.51,00:02,1985,-98
992.544,00:03,1985,-93
992.615,00:04,1985,-75
993.008,00:02,1986,-98
993.045,00:03,1986,-93
993.114,00:04,1986,-75
993.508,00:02,1987,-98
993.544,00:03,1987,-93
993.615,00:04,1987,-75
994.008,00:02,1988,-98
994.046,00:03,1988,-93
994.116,00:04,1988,-75
994.508,00:02,1989,-98
994.544,00:03,1989,-93
994.614,00:04,1989,-75
995.01,00:02,1990,-98
995.045,00:03,1990,-93
995.113,00:04,1990,-75
995.509,00:02,1991,-98
995.545,00:03,1991,-93
995.615,00:04,1991,-75
996.009,00:02,1992,-98
996.044,00:03,1992,-92
996.116,00:04,1992,-75
996.507,00:02,1993,-99
996.545,00:03,1993,-92
996.615,00:04,1993,-75
997.008,00:02,1994,-99
997.043,00:03,1994,-92
997.115,00:04,1994,-75
997.507,00:02,1995,-99
997.545,00:03,1995,-92
997.615,00:04,1995,-74
998.009,00:02,1996,-99
998.044,00:03,1996,-92
998.115,00:04,1996,-74
998.51,00:02,1997,-99
998.544,00:03,1997,-92
998.616,00:04,1997,-74
999.009,00:02,1998,-99
999.046,00:03,1998,-92
999.114,00:04,1998,-74
999.51,00:02,1999,-99
999.544,00:03,1999,-92
999.616,00:04,1999,-74
1000.01,00:02,2000,-99
1000.04,00:03,2000,-92
1000.11,00:04,2000,-74
1000.51,00:02,2001,-99
1000.55,00:03,2001,-92
1000.62,00:04,2001,-74
1001.01,00:02,2002,-99
1001.04,00:03,2002,-92
1001.11,00:04,2002,-74
1001.51,00:02,2003,-99
1001.54,00:03,2003,-92
1001.62,00:04,2003,-74
1002.01,00:02,2004,-99
1002.05,00:03,2004,-91
1002.11,00:04,2004,-74
1002.51,00:02,2005,-100
1002.54,00:03,2005,-91
1002.62,00:04,2005,-74
1003.01,00:02,2006,-100
1003.04,00:03,2006,-91
1003.11,00:04,2006,-74
1003.51,00:02,2007,-100
1003.55,00:03,2007,-91
1003.61,00:04,2007,-74
1004.01,00:02,2008,-100
1004.04,00:03,2008,-91
1004.12,00:04,2008,-74
1004.51,00:02,2009,-100
1004.55,00:03,2009,-91
1004.61,00:04,2009,-74
1005.01,00:02,2010,-100
1005.05,00:03,2010,-91
1005.11,00:04,2010,-74
1005.51,00:02,2011,-100
1005.54,00:03,2011,-91
1005.61,00:04,2011,-74
1006.01,00:02,2012,-100
1006.04,00:03,2012,-91
1006.11,00:04,2012,-74
1006.51,00:02,2013,-100
1006.54,00:03,2013,-91
1006.62,00:04,2013,-74
1007.01,00:02,2014,-100
1007.04,00:03,2014,-91
1007.12,00:04,2014,-74
1007.51,00:02,2015,-100
1007.54,00:03,2015,-91
1007.61,00:04,2015,-74
1008.01,00:02,2016,-100
1008.04,00:03,2016,-91
1008.12,00:04,2016,-74
1008.51,00:02,2017,-100
1008.54,00:03,2017,-90
1008.61,00:04,2017,-74
1009.01,00:02,2018,-101
1009.04,00:03,2018,-90
1009.12,00:04,2018,-74
1009.51,00:02,2019,-101
1009.54,00:03,2019,-90
1009.61,00:04,2019,-74
1010.01,00:02,2020,-101
1010.04,00:03,2020,-90
1010.11,00:04,2020,-74
1010.51,00:02,2021,-101
1010.54,00:03,2021,-90
1010.61,00:04,2021,-74
1011.01,00:02,2022,-101
1011.04,00:03,2022,-90
1011.11,00:04,2022,-74
1011.51,00:02,2023,-101
1011.54,00:03,2023,-90
1011.61,00:04,2023,-74
1012.01,00:02,2024,-101
1012.05,00:03,2024,-90
1012.12,00:04,2024,-74
1012.51,00:02,2025,-101
1012.54,00:03,2025,-90
1012.62,00:04,2025,-74
1013.01,00:02,2026,-101
1013.04,00:03,2026,-90
1013.11,00:04,2026,-75
1013.51,00:02,2027,-101
1013.54,00:03,2027,-90
1013.62,00:04,2027,-75
1014.01,00:02,2028,-101
1014.04,00:03,2028,-90
1014.11,00:04,2028,-75
1014.51,00:02,2029,-101
1014.54,00:03,2029,-90
1014.62,00:04,2029,-75
1015.01,00:02,2030,-102
1015.04,00:03,2030,-89
1015.12,00:04,2030,-75
1015.51,00:02,2031,-102
1015.54,00:03,2031,-89
1015.61,00:04,2031,-75
1016.01,00:02,2032,-102
1016.05,00:03,2032,-89
1016.12,00:04,2032,-75
1016.51,00:02,2033,-102
1016.55,00:03,2033,-89
1016.61,00:04,2033,-75
1017.01,00:02,2034,-102
1017.04,00:03,2034,-89
1017.12,00:04,2034,-75
1017.51,00:02,2035,-102
1017.54,00:03,2035,-89
1017.61,00:04,2035,-75
1018.01,00:02,2036,-102
1018.05,00:03,2036,-89
1018.11,00:04,2036,-75
1018.51,00:02,2037,-102
1018.54,00:03,2037,-89
1018.61,00:04,2037,-75
1019.01,00:02,2038,-102
1019.04,00:03,2038,-89
1019.12,00:04,2038,-75
1019.51,00:02,2039,-102
1019.54,00:03,2039,-89
1019.62,00:04,2039,-75
1020.01,00:02,2040,-102
1020.04,00:03,2040,-89
1020.11,00:04,2040,-75
1020.51,00:02,2041,-102
1020.54,00:03,2041,-89
1020.61,00:04,2041,-76
1021.01,00:02,2042,-103
1021.04,00:03,2042,-89
1021.12,00:04,2042,-76
1021.51,00:02,2043,-103
1021.54,00:03,2043,-88
1021.62,00:04,2043,-76
1022.01,00:02,2044,-103
1022.04,00:03,2044,-88
1022.11,00:04,2044,-76
1022.51,00:02,2045,-103
1022.54,00:03,2045,-88
1022.62,00:04,2045,-76
1023.01,00:02,2046,-103
1023.04,00:03,2046,-88
1023.12,00:04,2046,-76
1023.51,00:02,2047,-103
1023.55,00:03,2047,-88
1023.62,00:04,2047,-76
1024.01,00:02,2048,-103
1024.04,00:03,2048,-88
1024.12,00:04,2048,-76
1024.51,00:02,2049,-103
1024.54,00:03,2049,-88
1024.62,00:04,2049,-76
1025.01,00:02,2050,-103
1025.04,00:03,2050,-88
1025.12,00:04,2050,-76
1025.51,00:02,2051,-103
1025.54,00:03,2051,-88
1025.61,00:04,2051,-76
1026.01,00:02,2052,-103
1026.04,00:03,2052,-88
1026.12,00:04,2052,-77
1026.51,00:02,2053,-103
1026.54,00:03,2053,-88
1026.62,00:04,2053,-77
1027.01,00:02,2054,-103
1027.05,00:03,2054,-88
1027.11,00:04,2054,-77
1027.51,00:02,2055,-104
1027.54,00:03,2055,-88
1027.62,00:04,2055,-77
1028.01,00:02,2056,-104
1028.04,00:03,2056,-88
1028.12,00:04,2056,-77
1028.51,00:02,2057,-104
1028.54,00:03,2057,-88
1028.61,00:04,2057,-77
1029.01,00:02,2058,-104
1029.04,00:03,2058,-88
1029.12,00:04,2058,-77
1029.51,00:02,2059,-104
1029.54,00:03,2059,-87
1029.62,00:04,2059,-77
1030.01,00:02,2060,-104
1030.04,00:03,2060,-87
1030.11,00:04,2060,-77
1030.51,00:02,2061,-104
1030.54,00:03,2061,-87
1030.61,00:04,2061,-78
1031.01,00:02,2062,-104
1031.04,00:03,2062,-87
1031.11,00:04,2062,-78
1031.51,00:02,2063,-104
1031.54,00:03,2063,-87
1031.61,00:04,2063,-78
1032.01,00:02,2064,-104
1032.04,00:03,2064,-87
1032.12,00:04,2064,-78
1032.51,00:02,2065,-104
1032.54,00:03,2065,-87
1032.61,00:04,2065,-78
1033.01,00:02,2066,-108
1033.04,00:03,2066,-91
1033.12,00:04,2066,-82
1033.55,00:03,2067,-91
1033.61,00:04,2067,-82
1034.04,00:03,2068,-91
1034.11,00:04,2068,-82
1034.54,00:03,2069,-91
1034.62,00:04,2069,-82
1035.04,00:03,2070,-91
1035.11,00:04,2070,-83
1035.54,00:03,2071,-91
1035.61,00:04,2071,-83
1036.04,00:03,2072,-91
1036.11,00:04,2072,-83
1036.54,00:03,2073,-91
1036.62,00:04,2073,-83
1037.01,00:02,2074,-105
1037.05,00:03,2074,-87
1037.11,00:04,2074,-79
1037.51,00:02,2075,-105
1037.54,00:03,2075,-87
1037.61,00:04,2075,-79
1038.01,00:02,2076,-105
1038.04,00:03,2076,-87
1038.12,00:04,2076,-79
1038.51,00:02,2077,-105
1038.54,00:03,2077,-87
1038.62,00:04,2077,-79
1039.01,00:02,2078,-105
1039.04,00:03,2078,-87
1039.11,00:04,2078,-79
1039.51,00:02,2079,-105
1039.54,00:03,2079,-87
1039.62,00:04,2079,-80
1040.01,00:02,2080,-106
1040.05,00:03,2080,-87
1040.12,00:04,2080,-80
1040.51,00:02,2081,-106
1040.54,00:03,2081,-87
1040.62,00:04,2081,-80
1041.01,00:02,2082,-106
1041.04,00:03,2082,-87
1041.11,00:04,2082,-80
1041.51,00:02,2083,-106
1041.54,00:03,2083,-87
1041.62,00:04,2083,-80
1042.01,00:02,2084,-106
1042.04,00:03,2084,-86
1042.11,00:04,2084,-80
1042.51,00:02,2085,-106
1042.54,00:03,2085,-86
1042.62,00:04,2085,-80
1043.01,00:02,2086,-106
1043.04,00:03,2086,-86
1043.12,00:04,2086,-80
1043.51,00:02,2087,-106
1043.54,00:03,2087,-86
1043.61,00:04,2087,-81
1044.01,00:02,2088,-106
1044.04,00:03,2088,-86
1044.11,00:04,2088,-81
1044.51,00:02,2089,-106
1044.54,00:03,2089,-86
1044.62,00:04,2089,-81
1045.01,00:02,2090,-106
1045.04,00:03,2090,-86
1045.12,00:04,2090,-81
1045.51,00:02,2091,-106
1045.54,00:03,2091,-86
1045.62,00:04,2091,-81
1046.01,00:02,2092,-106
1046.04,00:03,2092,-86
1046.11,00:04,2092,-81
1046.51,00:02,2093,-106
1046.54,00:03,2093,-86
1046.62,00:04,2093,-81
1047.01,00:02,2094,-107
1047.04,00:03,2094,-86
1047.12,00:04,2094,-81
1047.51,00:02,2095,-107
1047.54,00:03,2095,-86
1047.61,00:04,2095,-81
1048.01,00:02,2096,-107
1048.04,00:03,2096,-86
1048.12,00:04,2096,-82
1048.51,00:02,2097,-107
1048.54,00:03,2097,-86
1048.62,00:04,2097,-82
1049.01,00:02,2098,-107
1049.04,00:03,2098,-86
1049.12,00:04,2098,-82
1049.51,00:02,2099,-107
1049.54,00:03,2099,-86
1049.61,00:04,2099,-82
1050.01,00:02,2100,-107
1050.04,00:03,2100,-86
1050.11,00:04,2100,-82
1050.51,00:02,2101,-107
1050.54,00:03,2101,-86
1050.61,00:04,2101,-82
1051.01,00:02,2102,-107
1051.04,00:03,2102,-87
1051.12,00:04,2102,-82
1051.51,00:02,2103,-107
1051.54,00:03,2103,-87
1051.62,00:04,2103,-82
1052.01,00:02,2104,-107
1052.04,00:03,2104,-87
1052.11,00:04,2104,-82
1052.51,00:02,2105,-107
1052.54,00:03,2105,-87
1052.61,00:04,2105,-82
1053.01,00:02,2106,-107
1053.04,00:03,2106,-87
1053.11,00:04,2106,-81
1053.51,00:02,2107,-107
1053.54,00:03,2107,-87
1053.62,00:04,2107,-81
1054.01,00:02,2108,-107
1054.04,00:03,2108,-88
1054.11,00:04,2108,-81
1054.54,00:03,2109,-88
1054.61,00:04,2109,-81
1055.04,00:03,2110,-88
1055.11,00:04,2110,-81
1055.51,00:02,2111,-107
1055.54,00:03,2111,-88
1055.62,00:04,2111,-81
1056.04,00:03,2112,-88
1056.11,00:04,2112,-81
1056.51,00:02,2113,-107
1056.54,00:03,2113,-88
1056.62,00:04,2113,-81
1057.01,00:02,2114,-107
1057.04,00:03,2114,-88
1057.11,00:04,2114,-81
1057.51,00:02,2115,-107
1057.55,00:03,2115,-88
1057.62,00:04,2115,-81
1058.01,00:02,2116,-107
1058.04,00:03,2116,-88
1058.12,00:04,2116,-81
1058.51,00:02,2117,-107
1058.54,00:03,2117,-88
1058.61,00:04,2117,-80
1059.01,00:02,2118,-107
1059.04,00:03,2118,-88
1059.12,00:04,2118,-80
1059.51,00:02,2119,-107
1059.54,00:03,2119,-88
1059.62,00:04,2119,-80
1060.01,00:02,2120,-107
1060.04,00:03,2120,-88
1060.12,00:04,2120,-80
1060.51,00:02,2121,-107
1060.54,00:03,2121,-88
1060.61,00:04,2121,-80
1061.04,00:03,2122,-88
1061.11,00:04,2122,-80
1061.51,00:02,2123,-107
1061.54,00:03,2123,-88
1061.61,00:04,2123,-80
1062.01,00:02,2124,-107
1062.04,00:03,2124,-88
1062.11,00:04,2124,-79
1062.51,00:02,2125,-107
1062.54,00:03,2125,-88
1062.62,00:04,2125,-79
1063.04,00:03,2126,-88
1063.12,00:04,2126,-79
1063.51,00:02,2127,-106
1063.54,00:03,2127,-88
1063.61,00:04,2127,-79
1064.01,00:02,2128,-106
1064.04,00:03,2128,-88
1064.12,00:04,2128,-79
1064.51,00:02,2129,-106
1064.54,00:03,2129,-88
1064.62,00:04,2129,-79
1065.01,00:02,2130,-106
1065.04,00:03,2130,-88
1065.12,00:04,2130,-79
1065.51,00:02,2131,-106
1065.54,00:03,2131,-88
1065.62,00:04,2131,-79
1066.01,00:02,2132,-106
1066.04,00:03,2132,-88
1066.11,00:04,2132,-78
1066.51,00:02,2133,-106
1066.54,00:03,2133,-88
1066.62,00:04,2133,-78
1067.01,00:02,2134,-106
1067.04,00:03,2134,-88
1067.12,00:04,2134,-78
1067.51,00:02,2135,-106
1067.54,00:03,2135,-88
1067.61,00:04,2135,-78
1068.01,00:02,2136,-106
1068.04,00:03,2136,-88
1068.12,00:04,2136,-78
1068.51,00:02,2137,-106
1068.54,00:03,2137,-88
1068.61,00:04,2137,-78
1069.04,00:03,2138,-92
1069.12,00:04,2138,-82
1069.54,00:03,2139,-92
1069.61,00:04,2139,-81
1070.05,00:03,2140,-92
1070.11,00:04,2140,-81
1070.54,00:03,2141,-92
1070.62,00:04,2141,-81
1071.04,00:03,2142,-92
1071.12,00:04,2142,-81
1071.51,00:02,2143,-109
1071.54,00:03,2143,-92
1071.62,00:04,2143,-81
1072.01,00:02,2144,-109
1072.04,00:03,2144,-92
1072.12,00:04,2144,-81
1072.54,00:03,2145,-93
1072.62,00:04,2145,-81
1073.01,00:02,2146,-105
1073.04,00:03,2146,-89
1073.12,00:04,2146,-77
1073.51,00:02,2147,-105
1073.54,00:03,2147,-89
1073.61,00:04,2147,-76
1074.01,00:02,2148,-105
1074.04,00:03,2148,-89
1074.12,00:04,2148,-76
1074.51,00:02,2149,-105
1074.54,00:03,2149,-89
1074.62,00:04,2149,-76
1075.01,00:02,2150,-105
1075.04,00:03,2150,-89
1075.12,00:04,2150,-76
1075.51,00:02,2151,-105
1075.54,00:03,2151,-89
1075.61,00:04,2151,-76
1076.01,00:02,2152,-105
1076.05,00:03,2152,-89
1076.12,00:04,2152,-76
1076.51,00:02,2153,-104
1076.54,00:03,2153,-89
1076.62,00:04,2153,-76
1077.01,00:02,2154,-104
1077.04,00:03,2154,-89
1077.11,00:04,2154,-75
1077.51,00:02,2155,-104
1077.54,00:03,2155,-89
1077.62,00:04,2155,-75
1078.01,00:02,2156,-104
1078.04,00:03,2156,-89
1078.12,00:04,2156,-75
1078.51,00:02,2157,-104
1078.54,00:03,2157,-89
1078.62,00:04,2157,-75
1079.01,00:02,2158,-104
1079.04,00:03,2158,-89
1079.11,00:04,2158,-75
1079.51,00:02,2159,-104
1079.54,00:03,2159,-89
1079.62,00:04,2159,-75
1080.01,00:02,2160,-104
1080.04,00:03,2160,-89
1080.12,00:04,2160,-75
1080.51,00:02,2161,-104
1080.54,00:03,2161,-89
1080.61,00:04,2161,-75
1081.01,00:02,2162,-104
1081.04,00:03,2162,-89
1081.12,00:04,2162,-74
1081.51,00:02,2163,-104
1081.54,00:03,2163,-89
1081.62,00:04,2163,-74
1082.01,00:02,2164,-104
1082.04,00:03,2164,-89
1082.12,00:04,2164,-74
1082.51,00:02,2165,-104
1082.54,00:03,2165,-90
1082.62,00:04,2165,-74
1083.01,00:02,2166,-104
1083.04,00:03,2166,-90
1083.12,00:04,2166,-74
1083.51,00:02,2167,-103
1083.54,00:03,2167,-90
1083.62,00:04,2167,-74
1084.01,00:02,2168,-103
1084.04,00:03,2168,-90
1084.12,00:04,2168,-74
1084.51,00:02,2169,-103
1084.54,00:03,2169,-90
1084.61,00:04,2169,-74
1085.01,00:02,2170,-103
1085.04,00:03,2170,-90
1085.12,00:04,2170,-74
1085.51,00:02,2171,-103
1085.54,00:03,2171,-90
1085.62,00:04,2171,-73
1086.01,00:02,2172,-103
1086.04,00:03,2172,-90
1086.12,00:04,2172,-73
1086.51,00:02,2173,-103
1086.54,00:03,2173,-90
1086.61,00:04,2173,-73
1087.01,00:02,2174,-103
1087.04,00:03,2174,-90
1087.12,00:04,2174,-73
1087.51,00:02,2175,-103
1087.54,00:03,2175,-90
1087.62,00:04,2175,-73
1088.01,00:02,2176,-103
1088.04,00:03,2176,-90
1088.12,00:04,2176,-73
1088.51,00:02,2177,-103
1088.54,00:03,2177,-90
1088.62,00:04,2177,-73
1089.01,00:02,2178,-103
1089.04,00:03,2178,-90
1089.11,00:04,2178,-73
1089.51,00:02,2179,-103
1089.54,00:03,2179,-90
1089.61,00:04,2179,-73
1090.01,00:02,2180,-102
1090.04,00:03,2180,-90
1090.12,00:04,2180,-73
1090.51,00:02,2181,-102
1090.54,00:03,2181,-90
1090.62,00:04,2181,-72
1091.01,00:02,2182,-102
1091.05,00:03,2182,-91
1091.12,00:04,2182,-72
1091.51,00:02,2183,-102
1091.54,00:03,2183,-91
1091.62,00:04,2183,-72
1092.01,00:02,2184,-102
1092.04,00:03,2184,-91
1092.11,00:04,2184,-72
1092.51,00:02,2185,-102
1092.54,00:03,2185,-91
1092.62,00:04,2185,-72
1093.01,00:02,2186,-102
1093.04,00:03,2186,-91
1093.11,00:04,2186,-72
1093.51,00:02,2187,-102
1093.54,00:03,2187,-91
1093.61,00:04,2187,-72
1094.01,00:02,2188,-102
1094.04,00:03,2188,-91
1094.11,00:04,2188,-72
1094.51,00:02,2189,-102
1094.54,00:03,2189,-91
1094.61,00:04,2189,-72
1095.01,00:02,2190,-102
1095.04,00:03,2190,-91
1095.12,00:04,2190,-72
1095.51,00:02,2191,-102
1095.54,00:03,2191,-91
1095.62,00:04,2191,-72
1096.01,00:02,2192,-102
1096.04,00:03,2192,-91
1096.12,00:04,2192,-72
1096.51,00:02,2193,-102
1096.54,00:03,2193,-91
1096.61,00:04,2193,-72
1097.01,00:02,2194,-101
1097.04,00:03,2194,-91
1097.12,00:04,2194,-72
1097.51,00:02,2195,-101
1097.54,00:03,2195,-91
1097.62,00:04,2195,-72
1098.01,00:02,2196,-101
1098.04,00:03,2196,-92
1098.11,00:04,2196,-72
1098.51,00:02,2197,-101
1098.54,00:03,2197,-92
1098.62,00:04,2197,-72
1099.01,00:02,2198,-101
1099.04,00:03,2198,-92
1099.12,00:04,2198,-72
1099.51,00:02,2199,-101
1099.54,00:03,2199,-92
1099.61,00:04,2199,-72
1100.01,00:02,2200,-101
1100.04,00:03,2200,-92
1100.12,00:04,2200,-72
1100.51,00:02,2201,-101
1100.54,00:03,2201,-92
1100.62,00:04,2201,-72
1101.01,00:02,2202,-101
1101.04,00:03,2202,-92
1101.12,00:04,2202,-72
1101.51,00:02,2203,-101
1101.54,00:03,2203,-92
1101.62,00:04,2203,-72
1102.01,00:02,2204,-101
1102.04,00:03,2204,-92
1102.12,00:04,2204,-72
1102.51,00:02,2205,-101
1102.54,00:03,2205,-92
1102.62,00:04,2205,-72
1103.01,00:02,2206,-101
1103.04,00:03,2206,-92
1103.12,00:04,2206,-72
1103.51,00:02,2207,-100
1103.54,00:03,2207,-92
1103.61,00:04,2207,-72
1104.01,00:02,2208,-100
1104.04,00:03,2208,-92
1104.12,00:04,2208,-72
1104.51,00:02,2209,-100
1104.54,00:03,2209,-92
1104.62,00:04,2209,-72
1105.01,00:02,2210,-100
1105.04,00:03,2210,-93
1105.12,00:04,2210,-72
1105.51,00:02,2211,-100
1105.54,00:03,2211,-93
1105.62,00:04,2211,-72
1106.01,00:02,2212,-100
1106.04,00:03,2212,-93
1106.11,00:04,2212,-72
1106.51,00:02,2213,-100
1106.54,00:03,2213,-93
1106.61,00:04,2213,-72
1107.01,00:02,2214,-100
1107.04,00:03,2214,-93
1107.12,00:04,2214,-72
1107.51,00:02,2215,-100
1107.54,00:03,2215,-93
1107.62,00:04,2215,-72
1108.01,00:02,2216,-100
1108.04,00:03,2216,-93
1108.12,00:04,2216,-72
1108.51,00:02,2217,-100
1108.54,00:03,2217,-93
1108.62,00:04,2217,-72
1109.01,00:02,2218,-100
1109.04,00:03,2218,-93
1109.12,00:04,2218,-72
1109.51,00:02,2219,-100
1109.54,00:03,2219,-93
1109.62,00:04,2219,-72
1110.01,00:02,2220,-100
1110.04,00:03,2220,-93
1110.12,00:04,2220,-72
1110.51,00:02,2221,-100
1110.54,00:03,2221,-93
1110.62,00:04,2221,-72
1111.01,00:02,2222,-99
1111.04,00:03,2222,-93
1111.12,00:04,2222,-72
1111.51,00:02,2223,-99
1111.54,00:03,2223,-94
1111.61,00:04,2223,-73
1112.01,00:02,2224,-99
1112.04,00:03,2224,-94
1112.12,00:04,2224,-73
1112.51,00:02,2225,-99
1112.54,00:03,2225,-94
1112.61,00:04,2225,-73
1113.01,00:02,2226,-99
1113.04,00:03,2226,-94
1113.12,00:04,2226,-73
1113.51,00:02,2227,-99
1113.54,00:03,2227,-94
1113.62,00:04,2227,-73
1114.01,00:02,2228,-99
1114.04,00:03,2228,-94
1114.12,00:04,2228,-73
1114.51,00:02,2229,-99
1114.54,00:03,2229,-94
1114.62,00:04,2229,-73
1115.01,00:02,2230,-99
1115.04,00:03,2230,-94
1115.11,00:04,2230,-73
1115.51,00:02,2231,-99
1115.54,00:03,2231,-94
1115.62,00:04,2231,-73
1116.01,00:02,2232,-99
1116.04,00:03,2232,-94
1116.12,00:04,2232,-73
1116.51,00:02,2233,-99
1116.54,00:03,2233,-94
1116.62,00:04,2233,-73
1117.01,00:02,2234,-99
1117.04,00:03,2234,-94
1117.12,00:04,2234,-74
1117.51,00:02,2235,-99
1117.54,00:03,2235,-94
1117.62,00:04,2235,-74
1118.01,00:02,2236,-99
1118.04,00:03,2236,-94
1118.12,00:04,2236,-74
1118.51,00:02,2237,-99
1118.54,00:03,2237,-95
1118.62,00:04,2237,-74
1119.01,00:02,2238,-98
1119.04,00:03,2238,-95
1119.12,00:04,2238,-74
1119.51,00:02,2239,-98
1119.54,00:03,2239,-95
1119.62,00:04,2239,-74
1120.01,00:02,2240,-98
1120.04,00:03,2240,-95
1120.11,00:04,2240,-74
1120.51,00:02,2241,-98
1120.54,00:03,2241,-95
1120.62,00:04,2241,-74
1121.01,00:02,2242,-98
1121.04,00:03,2242,-95
1121.12,00:04,2242,-75
1121.51,00:02,2243,-98
1121.54,00:03,2243,-95
1121.62,00:04,2243,-75
1122.01,00:02,2244,-98
1122.04,00:03,2244,-95
1122.12,00:04,2244,-75
1122.51,00:02,2245,-98
1122.54,00:03,2245,-95
1122.62,00:04,2245,-75
1123.01,00:02,2246,-98
1123.04,00:03,2246,-95
1123.12,00:04,2246,-75
1123.51,00:02,2247,-98
1123.54,00:03,2247,-95
1123.62,00:04,2247,-75
1124.01,00:02,2248,-98
1124.04,00:03,2248,-95
1124.11,00:04,2248,-75
1124.51,00:02,2249,-98
1124.54,00:03,2249,-95
1124.62,00:04,2249,-75
1125.01,00:02,2250,-98
1125.04,00:03,2250,-96
1125.12,00:04,2250,-76
1125.51,00:02,2251,-98
1125.54,00:03,2251,-96
1125.62,00:04,2251,-76
1126.01,00:02,2252,-98
1126.04,00:03,2252,-96
1126.12,00:04,2252,-76
1126.51,00:02,2253,-98
1126.54,00:03,2253,-96
1126.61,00:04,2253,-76
1127.01,00:02,2254,-98
1127.04,00:03,2254,-96
1127.12,00:04,2254,-76
1127.51,00:02,2255,-98
1127.54,00:03,2255,-96
1127.62,00:04,2255,-76
1128.01,00:02,2256,-98
1128.04,00:03,2256,-96
1128.12,00:04,2256,-76
1128.51,00:02,2257,-98
1128.54,00:03,2257,-96
1128.62,00:04,2257,-76
1129.01,00:02,2258,-101
1129.04,00:03,2258,-100
1129.12,00:04,2258,-81
1129.51,00:02,2259,-101
1129.54,00:03,2259,-100
1129.62,00:04,2259,-81
1130.01,00:02,2260,-101
1130.04,00:03,2260,-100
1130.12,00:04,2260,-81
1130.51,00:02,2261,-101
1130.54,00:03,2261,-100
1130.62,00:04,2261,-81
1131.01,00:02,2262,-101
1131.04,00:03,2262,-100
1131.12,00:04,2262,-81
1131.51,00:02,2263,-101
1131.54,00:03,2263,-100
1131.62,00:04,2263,-81
1132.01,00:02,2264,-101
1132.04,00:03,2264,-101
1132.12,00:04,2264,-81
1132.51,00:02,2265,-101
1132.54,00:03,2265,-101
1132.62,00:04,2265,-82
1133.01,00:02,2266,-97
1133.04,00:03,2266,-97
1133.12,00:04,2266,-78
1133.51,00:02,2267,-97
1133.54,00:03,2267,-97
1133.62,00:04,2267,-78
1134.01,00:02,2268,-97
1134.04,00:03,2268,-97
1134.12,00:04,2268,-78
1134.51,00:02,2269,-97
1134.54,00:03,2269,-97
1134.62,00:04,2269,-78
1135.01,00:02,2270,-97
1135.04,00:03,2270,-97
1135.12,00:04,2270,-78
1135.51,00:02,2271,-97
1135.54,00:03,2271,-97
1135.62,00:04,2271,-78
1136.01,00:02,2272,-97
1136.04,00:03,2272,-97
1136.12,00:04,2272,-78
1136.51,00:02,2273,-97
1136.54,00:03,2273,-97
1136.62,00:04,2273,-79
1137.01,00:02,2274,-97
1137.04,00:03,2274,-97
1137.12,00:04,2274,-79
1137.51,00:02,2275,-97
1137.54,00:03,2275,-97
1137.62,00:04,2275,-79
1138.01,00:02,2276,-97
1138.04,00:03,2276,-97
1138.11,00:04,2276,-79
1138.51,00:02,2277,-97
1138.54,00:03,2277,-97
1138.62,00:04,2277,-79
1139.01,00:02,2278,-97
1139.04,00:03,2278,-98
1139.11,00:04,2278,-79
1139.51,00:02,2279,-97
1139.54,00:03,2279,-98
1139.62,00:04,2279,-79
1140.01,00:02,2280,-97
1140.04,00:03,2280,-98
1140.12,00:04,2280,-80
1140.51,00:02,2281,-97
1140.54,00:03,2281,-98
1140.62,00:04,2281,-80
1141.01,00:02,2282,-97
1141.04,00:03,2282,-98
1141.11,00:04,2282,-80
1141.51,00:02,2283,-97
1141.54,00:03,2283,-98
1141.62,00:04,2283,-80
1142.01,00:02,2284,-97
1142.04,00:03,2284,-98
1142.11,00:04,2284,-80
1142.51,00:02,2285,-97
1142.54,00:03,2285,-98
1142.62,00:04,2285,-80
1143.01,00:02,2286,-97
1143.04,00:03,2286,-98
1143.11,00:04,2286,-80
1143.51,00:02,2287,-97
1143.54,00:03,2287,-98
1143.62,00:04,2287,-80
1144.01,00:02,2288,-97
1144.04,00:03,2288,-98
1144.12,00:04,2288,-81
1144.51,00:02,2289,-97
1144.54,00:03,2289,-98
1144.61,00:04,2289,-81
1145.01,00:02,2290,-97
1145.04,00:03,2290,-98
1145.12,00:04,2290,-81
1145.51,00:02,2291,-97
1145.54,00:03,2291,-98
1145.62,00:04,2291,-81
1146.01,00:02,2292,-97
1146.04,00:03,2292,-99
1146.12,00:04,2292,-81
1146.51,00:02,2293,-97
1146.54,00:03,2293,-99
1146.61,00:04,2293,-81
1147.01,00:02,2294,-97
1147.04,00:03,2294,-99
1147.12,00:04,2294,-81
1147.51,00:02,2295,-97
1147.54,00:03,2295,-99
1147.62,00:04,2295,-81
1148.01,00:02,2296,-97
1148.04,00:03,2296,-99
1148.12,00:04,2296,-81
1148.51,00:02,2297,-97
1148.54,00:03,2297,-99
1148.62,00:04,2297,-81
1149.01,00:02,2298,-98
1149.04,00:03,2298,-99
1149.12,00:04,2298,-81
1149.51,00:02,2299,-98
1149.54,00:03,2299,-99
1149.62,00:04,2299,-80
1150.01,00:02,2300,-98
1150.04,00:03,2300,-99
1150.12,00:04,2300,-80
1150.51,00:02,2301,-98
1150.54,00:03,2301,-99
1150.62,00:04,2301,-80
1151.01,00:02,2302,-98
1151.04,00:03,2302,-99
1151.12,00:04,2302,-80
1151.51,00:02,2303,-98
1151.54,00:03,2303,-99
1151.62,00:04,2303,-80
1152.01,00:02,2304,-98
1152.04,00:03,2304,-99
1152.12,00:04,2304,-80
1152.51,00:02,2305,-98
1152.54,00:03,2305,-99
1152.62,00:04,2305,-80
1153.01,00:02,2306,-98
1153.04,00:03,2306,-99
1153.12,00:04,2306,-80
1153.51,00:02,2307,-98
1153.54,00:03,2307,-99
1153.62,00:04,2307,-80
1154.01,00:02,2308,-98
1154.04,00:03,2308,-99
1154.12,00:04,2308,-80
1154.51,00:02,2309,-98
1154.54,00:03,2309,-99
1154.62,00:04,2309,-79
1155.01,00:02,2310,-98
1155.04,00:03,2310,-99
1155.12,00:04,2310,-79
1155.51,00:02,2311,-98
1155.54,00:03,2311,-98
1155.62,00:04,2311,-79
1156.01,00:02,2312,-98
1156.04,00:03,2312,-98
1156.12,00:04,2312,-79
1156.51,00:02,2313,-98
1156.54,00:03,2313,-98
1156.62,00:04,2313,-79
1157.01,00:02,2314,-98
1157.04,00:03,2314,-98
1157.12,00:04,2314,-79
1157.51,00:02,2315,-98
1157.54,00:03,2315,-98
1157.62,00:04,2315,-79
1158.01,00:02,2316,-98
1158.04,00:03,2316,-98
1158.12,00:04,2316,-78
1158.51,00:02,2317,-98
1158.54,00:03,2317,-98
1158.62,00:04,2317,-78
1159.01,00:02,2318,-98
1159.04,00:03,2318,-98
1159.11,00:04,2318,-78
1159.51,00:02,2319,-98
1159.54,00:03,2319,-98
1159.61,00:04,2319,-78
1160.01,00:02,2320,-98
1160.04,00:03,2320,-98
1160.12,00:04,2320,-78
1160.51,00:02,2321,-98
1160.54,00:03,2321,-98
1160.62,00:04,2321,-78
1161.01,00:02,2322,-98
1161.04,00:03,2322,-98
1161.12,00:04,2322,-77
1161.51,00:02,2323,-98
1161.54,00:03,2323,-98
1161.62,00:04,2323,-77
1162.01,00:02,2324,-98
1162.04,00:03,2324,-98
1162.12,00:04,2324,-77
1162.51,00:02,2325,-98
1162.54,00:03,2325,-98
1162.62,00:04,2325,-77
1163.01,00:02,2326,-98
1163.04,00:03,2326,-97
1163.12,00:04,2326,-77
1163.51,00:02,2327,-98
1163.54,00:03,2327,-97
1163.62,00:04,2327,-77
1164.01,00:02,2328,-99
1164.04,00:03,2328,-97
1164.12,00:04,2328,-77
1164.51,00:02,2329,-99
1164.54,00:03,2329,-97
1164.62,00:04,2329,-76
1165.01,00:02,2330,-103
1165.04,00:03,2330,-101
1165.12,00:04,2330,-80
1165.51,00:02,2331,-103
1165.54,00:03,2331,-101
1165.62,00:04,2331,-80
1166.01,00:02,2332,-103
1166.04,00:03,2332,-101
1166.12,00:04,2332,-80
1166.51,00:02,2333,-103
1166.54,00:03,2333,-101
1166.62,00:04,2333,-80
1167.01,00:02,2334,-103
1167.04,00:03,2334,-101
1167.11,00:04,2334,-80
1167.51,00:02,2335,-103
1167.54,00:03,2335,-101
1167.62,00:04,2335,-79
1168.01,00:02,2336,-103
1168.04,00:03,2336,-101
1168.12,00:04,2336,-79
1168.51,00:02,2337,-103
1168.54,00:03,2337,-101
1168.62,00:04,2337,-79
1169.01,00:02,2338,-99
1169.04,00:03,2338,-97
1169.12,00:04,2338,-75
1169.51,00:02,2339,-99
1169.54,00:03,2339,-97
1169.62,00:04,2339,-75
1170.01,00:02,2340,-99
1170.04,00:03,2340,-97
1170.12,00:04,2340,-75
1170.51,00:02,2341,-99
1170.54,00:03,2341,-96
1170.62,00:04,2341,-74
1171.01,00:02,2342,-99
1171.04,00:03,2342,-96
1171.12,00:04,2342,-74
1171.51,00:02,2343,-99
1171.54,00:03,2343,-96
1171.62,00:04,2343,-74
1172.01,00:02,2344,-99
1172.04,00:03,2344,-96
1172.12,00:04,2344,-74
1172.51,00:02,2345,-99
1172.54,00:03,2345,-96
1172.62,00:04,2345,-74
1173.01,00:02,2346,-99
1173.04,00:03,2346,-96
1173.12,00:04,2346,-74
1173.51,00:02,2347,-99
1173.54,00:03,2347,-96
1173.62,00:04,2347,-74
1174.01,00:02,2348,-99
1174.04,00:03,2348,-96
1174.12,00:04,2348,-73
1174.51,00:02,2349,-99
1174.54,00:03,2349,-96
1174.62,00:04,2349,-73
1175.01,00:02,2350,-99
1175.04,00:03,2350,-96
1175.12,00:04,2350,-73
1175.51,00:02,2351,-99
1175.54,00:03,2351,-96
1175.62,00:04,2351,-73
1176.01,00:02,2352,-99
1176.04,00:03,2352,-96
1176.12,00:04,2352,-73
1176.51,00:02,2353,-99
1176.54,00:03,2353,-96
1176.62,00:04,2353,-73
1177.01,00:02,2354,-99
1177.04,00:03,2354,-96
1177.12,00:04,2354,-72
1177.51,00:02,2355,-100
1177.54,00:03,2355,-96
1177.62,00:04,2355,-72
1178.01,00:02,2356,-100
1178.04,00:03,2356,-95
1178.12,00:04,2356,-72
1178.51,00:02,2357,-100
1178.54,00:03,2357,-95
1178.62,00:04,2357,-72
1179.01,00:02,2358,-100
1179.04,00:03,2358,-95
1179.12,00:04,2358,-72
1179.51,00:02,2359,-100
1179.54,00:03,2359,-95
1179.62,00:04,2359,-72
1180.01,00:02,2360,-100
1180.04,00:03,2360,-95
1180.12,00:04,2360,-72
1180.51,00:02,2361,-100
1180.54,00:03,2361,-95
1180.62,00:04,2361,-71
1181.01,00:02,2362,-100
1181.04,00:03,2362,-95
1181.12,00:04,2362,-71
1181.51,00:02,2363,-100
1181.54,00:03,2363,-95
1181.61,00:04,2363,-71
1182.01,00:02,2364,-100
1182.04,00:03,2364,-95
1182.12,00:04,2364,-71
1182.51,00:02,2365,-100
1182.54,00:03,2365,-95
1182.62,00:04,2365,-71
1183.01,00:02,2366,-100
1183.04,00:03,2366,-95
1183.12,00:04,2366,-71
1183.51,00:02,2367,-100
1183.54,00:03,2367,-95
1183.62,00:04,2367,-71
1184.01,00:02,2368,-100
1184.04,00:03,2368,-95
1184.12,00:04,2368,-70
1184.51,00:02,2369,-100
1184.54,00:03,2369,-95
1184.62,00:04,2369,-70
1185.01,00:02,2370,-100
1185.04,00:03,2370,-94
1185.12,00:04,2370,-70
1185.51,00:02,2371,-100
1185.54,00:03,2371,-94
1185.62,00:04,2371,-70
1186.01,00:02,2372,-100
1186.04,00:03,2372,-94
1186.12,00:04,2372,-70
1186.51,00:02,2373,-100
1186.54,00:03,2373,-94
1186.62,00:04,2373,-70
1187.01,00:02,2374,-101
1187.04,00:03,2374,-94
1187.12,00:04,2374,-70
1187.51,00:02,2375,-101
1187.54,00:03,2375,-94
1187.62,00:04,2375,-70
1188.01,00:02,2376,-101
1188.04,00:03,2376,-94
1188.12,00:04,2376,-70
1188.51,00:02,2377,-101
1188.54,00:03,2377,-94
1188.62,00:04,2377,-69
1189.01,00:02,2378,-101
1189.04,00:03,2378,-94
1189.12,00:04,2378,-69
1189.51,00:02,2379,-101
1189.54,00:03,2379,-94
1189.62,00:04,2379,-69
1190.01,00:02,2380,-101
1190.04,00:03,2380,-94
1190.12,00:04,2380,-69
1190.51,00:02,2381,-101
1190.54,00:03,2381,-94
1190.62,00:04,2381,-69
1191.01,00:02,2382,-101
1191.04,00:03,2382,-94
1191.12,00:04,2382,-69
1191.51,00:02,2383,-101
1191.54,00:03,2383,-94
1191.62,00:04,2383,-69
1192.01,00:02,2384,-101
1192.04,00:03,2384,-94
1192.12,00:04,2384,-69
1192.51,00:02,2385,-101
1192.54,00:03,2385,-93
1192.62,00:04,2385,-69
1193.01,00:02,2386,-101
1193.04,00:03,2386,-93
1193.12,00:04,2386,-69
1193.51,00:02,2387,-101
1193.54,00:03,2387,-93
1193.62,00:04,2387,-69
1194.01,00:02,2388,-101
1194.04,00:03,2388,-93
1194.12,00:04,2388,-69
1194.51,00:02,2389,-101
1194.54,00:03,2389,-93
1194.62,00:04,2389,-69
1195.01,00:02,2390,-102
1195.04,00:03,2390,-93
1195.12,00:04,2390,-69
1195.51,00:02,2391,-102
1195.54,00:03,2391,-93
1195.62,00:04,2391,-69
1196.01,00:02,2392,-102
1196.04,00:03,2392,-93
1196.12,00:04,2392,-69
1196.51,00:02,2393,-102
1196.54,00:03,2393,-93
1196.62,00:04,2393,-69
1197.01,00:02,2394,-102
1197.04,00:03,2394,-93
1197.12,00:04,2394,-69
1197.51,00:02,2395,-102
1197.54,00:03,2395,-93
1197.62,00:04,2395,-69
1198.01,00:02,2396,-102
1198.04,00:03,2396,-93
1198.12,00:04,2396,-69
1198.51,00:02,2397,-102
1198.54,00:03,2397,-93
1198.62,00:04,2397,-69
1199.01,00:02,2398,-102
1199.04,00:03,2398,-93
1199.12,00:04,2398,-69
1199.51,00:02,2399,-102
1199.54,00:03,2399,-93
1199.62,00:04,2399,-69
1200.01,00:02,2400,-102
1200.04,00:03,2400,-92
1200.12,00:04,2400,-69
1200.51,00:02,2401,-102
1200.54,00:03,2401,-92
1200.62,00:04,2401,-69
1201.01,00:02,2402,-102
1201.04,00:03,2402,-92
1201.12,00:04,2402,-69
1201.51,00:02,2403,-102
1201.54,00:03,2403,-92
1201.62,00:04,2403,-69
1202.01,00:02,2404,-102
1202.04,00:03,2404,-92
1202.12,00:04,2404,-69
1202.51,00:02,2405,-103
1202.54,00:03,2405,-92
1202.62,00:04,2405,-69
1203.01,00:02,2406,-103
1203.04,00:03,2406,-92
1203.12,00:04,2406,-69
1203.51,00:02,2407,-103
1203.54,00:03,2407,-92
1203.62,00:04,2407,-69
1204.01,00:02,2408,-103
1204.04,00:03,2408,-92
1204.11,00:04,2408,-69
1204.51,00:02,2409,-103
1204.54,00:03,2409,-92
1204.62,00:04,2409,-69
1205.01,00:02,2410,-103
1205.04,00:03,2410,-92
1205.12,00:04,2410,-69
1205.51,00:02,2411,-103
1205.54,00:03,2411,-92
1205.62,00:04,2411,-70
1206.01,00:02,2412,-103
1206.04,00:03,2412,-92
1206.12,00:04,2412,-70
1206.51,00:02,2413,-103
1206.54,00:03,2413,-92
1206.62,00:04,2413,-70
1207.01,00:02,2414,-103
1207.04,00:03,2414,-92
1207.12,00:04,2414,-70
1207.51,00:02,2415,-103
1207.54,00:03,2415,-92
1207.62,00:04,2415,-70
1208.01,00:02,2416,-103
1208.04,00:03,2416,-92
1208.12,00:04,2416,-70
1208.51,00:02,2417,-103
1208.54,00:03,2417,-91
1208.62,00:04,2417,-70
1209.01,00:02,2418,-103
1209.04,00:03,2418,-91
1209.12,00:04,2418,-70
1209.51,00:02,2419,-103
1209.54,00:03,2419,-91
1209.62,00:04,2419,-70
1210.01,00:02,2420,-104
1210.04,00:03,2420,-91
1210.12,00:04,2420,-71
1210.51,00:02,2421,-104
1210.54,00:03,2421,-91
1210.62,00:04,2421,-71
1211.01,00:02,2422,-104
1211.04,00:03,2422,-91
1211.12,00:04,2422,-71
1211.51,00:02,2423,-104
1211.54,00:03,2423,-91
1211.62,00:04,2423,-71
1212.01,00:02,2424,-104
1212.04,00:03,2424,-91
1212.12,00:04,2424,-71
1212.51,00:02,2425,-104
1212.54,00:03,2425,-91
1212.62,00:04,2425,-71
1213.01,00:02,2426,-104
1213.04,00:03,2426,-91
1213.12,00:04,2426,-71
1213.51,00:02,2427,-104
1213.54,00:03,2427,-91
1213.62,00:04,2427,-71
1214.01,00:02,2428,-104
1214.04,00:03,2428,-91
1214.12,00:04,2428,-72
1214.51,00:02,2429,-104
1214.54,00:03,2429,-91
1214.62,00:04,2429,-72
1215.01,00:02,2430,-104
1215.04,00:03,2430,-91
1215.12,00:04,2430,-72
1215.51,00:02,2431,-104
1215.54,00:03,2431,-91
1215.62,00:04,2431,-72
1216.01,00:02,2432,-104
1216.04,00:03,2432,-91
1216.12,00:04,2432,-72
1216.51,00:02,2433,-104
1216.54,00:03,2433,-91
1216.62,00:04,2433,-72
1217.01,00:02,2434,-104
1217.04,00:03,2434,-91
1217.12,00:04,2434,-72
1217.51,00:02,2435,-105
1217.54,00:03,2435,-91
1217.62,00:04,2435,-73
1218.01,00:02,2436,-105
1218.04,00:03,2436,-90
1218.12,00:04,2436,-73
1218.51,00:02,2437,-105
1218.54,00:03,2437,-90
1218.62,00:04,2437,-73
1219.01,00:02,2438,-105
1219.04,00:03,2438,-90
1219.12,00:04,2438,-73
1219.51,00:02,2439,-105
1219.54,00:03,2439,-90
1219.62,00:04,2439,-73
1220.01,00:02,2440,-105
1220.04,00:03,2440,-90
1220.12,00:04,2440,-73
1220.51,00:02,2441,-105
1220.54,00:03,2441,-90
1220.62,00:04,2441,-74
1221.01,00:02,2442,-105
1221.04,00:03,2442,-90
1221.12,00:04,2442,-74
1221.51,00:02,2443,-105
1221.54,00:03,2443,-90
1221.62,00:04,2443,-74
1222.01,00:02,2444,-105
1222.04,00:03,2444,-90
1222.12,00:04,2444,-74
1222.51,00:02,2445,-105
1222.54,00:03,2445,-90
1222.62,00:04,2445,-74
1223.01,00:02,2446,-105
1223.04,00:03,2446,-90
1223.12,00:04,2446,-74
1223.51,00:02,2447,-105
1223.54,00:03,2447,-90
1223.62,00:04,2447,-75
1224.01,00:02,2448,-105
1224.04,00:03,2448,-90
1224.12,00:04,2448,-75
1224.51,00:02,2449,-106
1224.54,00:03,2449,-90
1224.62,00:04,2449,-75
1225.04,00:03,2450,-94
1225.12,00:04,2450,-79
1225.54,00:03,2451,-94
1225.62,00:04,2451,-79
1226.04,00:03,2452,-94
1226.12,00:04,2452,-79
1226.54,00:03,2453,-94
1226.62,00:04,2453,-80
1227.04,00:03,2454,-94
1227.12,00:04,2454,-80
1227.54,00:03,2455,-94
1227.62,00:04,2455,-80
1228.04,00:03,2456,-94
1228.12,00:04,2456,-80
1228.54,00:03,2457,-94
1228.62,00:04,2457,-80
1229.01,00:02,2458,-106
1229.04,00:03,2458,-90
1229.12,00:04,2458,-76
1229.51,00:02,2459,-106
1229.54,00:03,2459,-90
1229.62,00:04,2459,-76
1230.01,00:02,2460,-106
1230.04,00:03,2460,-90
1230.12,00:04,2460,-77
1230.51,00:02,2461,-106
1230.54,00:03,2461,-90
1230.62,00:04,2461,-77
1231.01,00:02,2462,-106
1231.04,00:03,2462,-90
1231.12,00:04,2462,-77
1231.51,00:02,2463,-106
1231.54,00:03,2463,-90
1231.62,00:04,2463,-77
1232.01,00:02,2464,-107
1232.04,00:03,2464,-90
1232.12,00:04,2464,-77
1232.51,00:02,2465,-107
1232.54,00:03,2465,-89
1232.62,00:04,2465,-77
1233.01,00:02,2466,-107
1233.04,00:03,2466,-89
1233.12,00:04,2466,-78
1233.51,00:02,2467,-107
1233.54,00:03,2467,-89
1233.62,00:04,2467,-78
1234.04,00:03,2468,-89
1234.12,00:04,2468,-78
1234.51,00:02,2469,-107
1234.54,00:03,2469,-89
1234.62,00:04,2469,-78
1235.01,00:02,2470,-107
1235.04,00:03,2470,-89
1235.11,00:04,2470,-78
1235.51,00:02,2471,-107
1235.54,00:03,2471,-89
1235.62,00:04,2471,-78
1236.01,00:02,2472,-107
1236.04,00:03,2472,-89
1236.12,00:04,2472,-78
1236.51,00:02,2473,-107
1236.54,00:03,2473,-89
1236.62,00:04,2473,-79
1237.01,00:02,2474,-107
1237.04,00:03,2474,-89
1237.12,00:04,2474,-79
1237.51,00:02,2475,-107
1237.54,00:03,2475,-89
1237.62,00:04,2475,-79
1238.01,00:02,2476,-107
1238.04,00:03,2476,-89
1238.12,00:04,2476,-79
1238.51,00:02,2477,-107
1238.54,00:03,2477,-89
1238.62,00:04,2477,-79
1239.01,00:02,2478,-107
1239.04,00:03,2478,-89
1239.12,00:04,2478,-79
1239.51,00:02,2479,-108
1239.54,00:03,2479,-89
1239.62,00:04,2479,-80
1240.01,00:02,2480,-108
1240.04,00:03,2480,-89
1240.12,00:04,2480,-80
1240.51,00:02,2481,-108
1240.54,00:03,2481,-89
1240.62,00:04,2481,-80
1241.01,00:02,2482,-108
1241.04,00:03,2482,-89
1241.12,00:04,2482,-80
1241.51,00:02,2483,-108
1241.54,00:03,2483,-89
1241.62,00:04,2483,-80
1242.01,00:02,2484,-108
1242.04,00:03,2484,-89
1242.12,00:04,2484,-80
1242.51,00:02,2485,-108
1242.54,00:03,2485,-89
1242.62,00:04,2485,-80
1243.01,00:02,2486,-108
1243.04,00:03,2486,-90
1243.12,00:04,2486,-80
1243.51,00:02,2487,-108
1243.54,00:03,2487,-90
1243.62,00:04,2487,-80
1244.01,00:02,2488,-108
1244.04,00:03,2488,-90
1244.12,00:04,2488,-80
1244.51,00:02,2489,-108
1244.54,00:03,2489,-90
1244.62,00:04,2489,-80
1245.04,00:03,2490,-90
1245.12,00:04,2490,-80
1245.51,00:02,2491,-108
1245.54,00:03,2491,-90
1245.62,00:04,2491,-80
1246.04,00:03,2492,-90
1246.12,00:04,2492,-80
1246.51,00:02,2493,-108
1246.54,00:03,2493,-91
1246.62,00:04,2493,-79
1247.01,00:02,2494,-108
1247.04,00:03,2494,-91
1247.12,00:04,2494,-79
1247.54,00:03,2495,-91
1247.62,00:04,2495,-79
1248.01,00:02,2496,-108
1248.04,00:03,2496,-91
1248.12,00:04,2496,-79
1248.54,00:03,2497,-91
1248.62,00:04,2497,-79
1249.01,00:02,2498,-108
1249.04,00:03,2498,-91
1249.12,00:04,2498,-79
1249.54,00:03,2499,-91
1249.62,00:04,2499,-79
1250.01,00:02,2500,-108
1250.04,00:03,2500,-91
1250.12,00:04,2500,-79
1250.51,00:02,2501,-108
1250.54,00:03,2501,-91
1250.62,00:04,2501,-79
1251.04,00:03,2502,-91
1251.12,00:04,2502,-78
1251.51,00:02,2503,-108
1251.54,00:03,2503,-91
1251.62,00:04,2503,-78
1252.04,00:03,2504,-91
1252.12,00:04,2504,-78
1252.51,00:02,2505,-108
1252.54,00:03,2505,-91
1252.62,00:04,2505,-78
1253.04,00:03,2506,-91
1253.12,00:04,2506,-78
1253.51,00:02,2507,-108
1253.54,00:03,2507,-91
1253.62,00:04,2507,-78
1254.01,00:02,2508,-108
1254.04,00:03,2508,-91
1254.12,00:04,2508,-77
1254.54,00:03,2509,-91
1254.62,00:04,2509,-77
1255.01,00:02,2510,-107
1255.04,00:03,2510,-91
1255.12,00:04,2510,-77
1255.51,00:02,2511,-107
1255.54,00:03,2511,-91
1255.62,00:04,2511,-77
1256.01,00:02,2512,-107
1256.04,00:03,2512,-91
1256.12,00:04,2512,-77
1256.51,00:02,2513,-107
1256.54,00:03,2513,-91
1256.62,00:04,2513,-77
1257.01,00:02,2514,-107
1257.04,00:03,2514,-91
1257.12,00:04,2514,-76
1257.51,00:02,2515,-107
1257.54,00:03,2515,-91
1257.62,00:04,2515,-76
1258.01,00:02,2516,-107
1258.04,00:03,2516,-91
1258.12,00:04,2516,-76
1258.51,00:02,2517,-107
1258.54,00:03,2517,-91
1258.62,00:04,2517,-76
1259.01,00:02,2518,-107
1259.04,00:03,2518,-91
1259.12,00:04,2518,-76
1259.51,00:02,2519,-107
1259.54,00:03,2519,-91
1259.62,00:04,2519,-75
1260.01,00:02,2520,-107
1260.04,00:03,2520,-91
1260.12,00:04,2520,-75
1260.51,00:02,2521,-107
1260.54,00:03,2521,-91
1260.62,00:04,2521,-75
1261.04,00:03,2522,-95
1261.12,00:04,2522,-79
1261.54,00:03,2523,-95
1261.62,00:04,2523,-79
1262.04,00:03,2524,-95
1262.12,00:04,2524,-79
1262.54,00:03,2525,-95
1262.62,00:04,2525,-78
1263.04,00:03,2526,-95
1263.12,00:04,2526,-78
1263.54,00:03,2527,-95
1263.62,00:04,2527,-78
1264.04,00:03,2528,-95
1264.12,00:04,2528,-78
1264.54,00:03,2529,-95
1264.62,00:04,2529,-78
1265.01,00:02,2530,-106
1265.04,00:03,2530,-91
1265.12,00:04,2530,-73
1265.51,00:02,2531,-106
1265.54,00:03,2531,-91
1265.62,00:04,2531,-73
1266.01,00:02,2532,-106
1266.04,00:03,2532,-91
1266.12,00:04,2532,-73
1266.51,00:02,2533,-106
1266.54,00:03,2533,-91
1266.62,00:04,2533,-73
1267.01,00:02,2534,-106
1267.04,00:03,2534,-91
1267.12,00:04,2534,-73
1267.51,00:02,2535,-106
1267.54,00:03,2535,-91
1267.62,00:04,2535,-72
1268.01,00:02,2536,-106
1268.04,00:03,2536,-91
1268.12,00:04,2536,-72
1268.51,00:02,2537,-106
1268.54,00:03,2537,-91
1268.62,00:04,2537,-72
1269.01,00:02,2538,-106
1269.04,00:03,2538,-91
1269.12,00:04,2538,-72
1269.51,00:02,2539,-106
1269.54,00:03,2539,-91
1269.62,00:04,2539,-72
1270.01,00:02,2540,-106
1270.04,00:03,2540,-91
1270.12,00:04,2540,-71
1270.51,00:02,2541,-105
1270.54,00:03,2541,-92
1270.62,00:04,2541,-71
1271.01,00:02,2542,-105
1271.04,00:03,2542,-92
1271.12,00:04,2542,-71
1271.51,00:02,2543,-105
1271.54,00:03,2543,-92
1271.62,00:04,2543,-71
1272.01,00:02,2544,-105
1272.04,00:03,2544,-92
1272.12,00:04,2544,-71
1272.51,00:02,2545,-105
1272.54,00:03,2545,-92
1272.62,00:04,2545,-71
1273.01,00:02,2546,-105
1273.04,00:03,2546,-92
1273.12,00:04,2546,-70
1273.51,00:02,2547,-105
1273.54,00:03,2547,-92
1273.62,00:04,2547,-70
1274.01,00:02,2548,-105
1274.04,00:03,2548,-92
1274.12,00:04,2548,-70
1274.51,00:02,2549,-105
1274.54,00:03,2549,-92
1274.62,00:04,2549,-70
1275.01,00:02,2550,-105
1275.04,00:03,2550,-92
1275.12,00:04,2550,-70
1275.51,00:02,2551,-105
1275.54,00:03,2551,-92
1275.62,00:04,2551,-69
1276.01,00:02,2552,-105
1276.04,00:03,2552,-92
1276.12,00:04,2552,-69
1276.51,00:02,2553,-105
1276.54,00:03,2553,-92
1276.62,00:04,2553,-69
1277.01,00:02,2554,-105
1277.04,00:03,2554,-92
1277.12,00:04,2554,-69
1277.51,00:02,2555,-105
1277.54,00:03,2555,-92
1277.62,00:04,2555,-69
1278.01,00:02,2556,-105
1278.04,00:03,2556,-92
1278.12,00:04,2556,-68
1278.51,00:02,2557,-104
1278.54,00:03,2557,-92
1278.62,00:04,2557,-68
1279.01,00:02,2558,-104
1279.04,00:03,2558,-92
1279.12,00:04,2558,-68
1279.51,00:02,2559,-104
1279.54,00:03,2559,-92
1279.62,00:04,2559,-68
1280.01,00:02,2560,-104
1280.04,00:03,2560,-92
1280.12,00:04,2560,-68
1280.51,00:02,2561,-104
1280.54,00:03,2561,-92
1280.62,00:04,2561,-68
1281.01,00:02,2562,-104
1281.04,00:03,2562,-92
1281.12,00:04,2562,-67
1281.51,00:02,2563,-104
1281.54,00:03,2563,-93
1281.62,00:04,2563,-67
1282.01,00:02,2564,-104
1282.04,00:03,2564,-93
1282.12,00:04,2564,-67
1282.51,00:02,2565,-104
1282.54,00:03,2565,-93
1282.62,00:04,2565,-67
1283.01,00:02,2566,-104
1283.04,00:03,2566,-93
1283.12,00:04,2566,-67
1283.51,00:02,2567,-104
1283.54,00:03,2567,-93
1283.62,00:04,2567,-67
1284.01,00:02,2568,-104
1284.04,00:03,2568,-93
1284.12,00:04,2568,-66
1284.51,00:02,2569,-104
1284.54,00:03,2569,-93
1284.62,00:04,2569,-66
1285.01,00:02,2570,-104
1285.04,00:03,2570,-93
1285.12,00:04,2570,-66
1285.51,00:02,2571,-104
1285.54,00:03,2571,-93
1285.62,00:04,2571,-66
1286.01,00:02,2572,-104
1286.04,00:03,2572,-93
1286.12,00:04,2572,-66
1286.51,00:02,2573,-103
1286.54,00:03,2573,-93
1286.62,00:04,2573,-66
1287.01,00:02,2574,-103
1287.04,00:03,2574,-93
1287.12,00:04,2574,-66
1287.51,00:02,2575,-103
1287.54,00:03,2575,-93
1287.62,00:04,2575,-66
1288.01,00:02,2576,-103
1288.04,00:03,2576,-93
1288.12,00:04,2576,-66
1288.51,00:02,2577,-103
1288.54,00:03,2577,-93
1288.62,00:04,2577,-65
1289.01,00:02,2578,-103
1289.04,00:03,2578,-93
1289.12,00:04,2578,-65
1289.51,00:02,2579,-103
1289.54,00:03,2579,-93
1289.62,00:04,2579,-65
1290.01,00:02,2580,-103
1290.04,00:03,2580,-93
1290.12,00:04,2580,-65
1290.51,00:02,2581,-103
1290.54,00:03,2581,-93
1290.62,00:04,2581,-65
1291.01,00:02,2582,-103
1291.04,00:03,2582,-94
1291.12,00:04,2582,-65
1291.51,00:02,2583,-103
1291.54,00:03,2583,-94
1291.62,00:04,2583,-65
1292.01,00:02,2584,-103
1292.04,00:03,2584,-94
1292.12,00:04,2584,-65
1292.51,00:02,2585,-103
1292.54,00:03,2585,-94
1292.62,00:04,2585,-65
1293.01,00:02,2586,-103
1293.04,00:03,2586,-94
1293.12,00:04,2586,-65
1293.51,00:02,2587,-103
1293.54,00:03,2587,-94
1293.62,00:04,2587,-65
1294.01,00:02,2588,-103
1294.04,00:03,2588,-94
1294.12,00:04,2588,-65
1294.51,00:02,2589,-102
1294.54,00:03,2589,-94
1294.62,00:04,2589,-65
1295.01,00:02,2590,-102
1295.04,00:03,2590,-94
1295.12,00:04,2590,-65
1295.51,00:02,2591,-102
1295.54,00:03,2591,-94
1295.62,00:04,2591,-65
1296.01,00:02,2592,-102
1296.04,00:03,2592,-94
1296.12,00:04,2592,-65
1296.51,00:02,2593,-102
1296.54,00:03,2593,-94
1296.62,00:04,2593,-65
1297.01,00:02,2594,-102
1297.04,00:03,2594,-94
1297.12,00:04,2594,-65
1297.51,00:02,2595,-102
1297.54,00:03,2595,-94
1297.62,00:04,2595,-66
1298.01,00:02,2596,-102
1298.04,00:03,2596,-94
1298.12,00:04,2596,-66
1298.51,00:02,2597,-102
1298.54,00:03,2597,-94
1298.62,00:04,2597,-66
1299.01,00:02,2598,-102
1299.04,00:03,2598,-94
1299.12,00:04,2598,-66
1299.51,00:02,2599,-102
1299.54,00:03,2599,-95
1299.62,00:04,2599,-66
1300.01,00:02,2600,-102
1300.04,00:03,2600,-95
1300.12,00:04,2600,-66
1300.51,00:02,2601,-102
1300.54,00:03,2601,-95
1300.62,00:04,2601,-66
1301.01,00:02,2602,-102
1301.04,00:03,2602,-95
1301.12,00:04,2602,-66
1301.51,00:02,2603,-102
1301.54,00:03,2603,-95
1301.62,00:04,2603,-66
1302.01,00:02,2604,-102
1302.04,00:03,2604,-95
1302.12,00:04,2604,-67
1302.51,00:02,2605,-102
1302.54,00:03,2605,-95
1302.62,00:04,2605,-67
1303.01,00:02,2606,-102
1303.04,00:03,2606,-95
1303.12,00:04,2606,-67
1303.51,00:02,2607,-102
1303.54,00:03,2607,-95
1303.62,00:04,2607,-67
1304.01,00:02,2608,-101
1304.04,00:03,2608,-95
1304.12,00:04,2608,-67
1304.51,00:02,2609,-101
1304.54,00:03,2609,-95
1304.62,00:04,2609,-67
1305.01,00:02,2610,-101
1305.04,00:03,2610,-95
1305.12,00:04,2610,-67
1305.51,00:02,2611,-101
1305.54,00:03,2611,-95
1305.62,00:04,2611,-68
1306.01,00:02,2612,-101
1306.04,00:03,2612,-95
1306.12,00:04,2612,-68
1306.51,00:02,2613,-101
1306.54,00:03,2613,-95
1306.62,00:04,2613,-68
1307.01,00:02,2614,-101
1307.04,00:03,2614,-95
1307.12,00:04,2614,-68
1307.51,00:02,2615,-101
1307.54,00:03,2615,-96
1307.62,00:04,2615,-68
1308.01,00:02,2616,-101
1308.04,00:03,2616,-96
1308.12,00:04,2616,-68
1308.51,00:02,2617,-101
1308.54,00:03,2617,-96
1308.62,00:04,2617,-69
1309.01,00:02,2618,-101
1309.04,00:03,2618,-96
1309.12,00:04,2618,-69
1309.51,00:02,2619,-101
1309.54,00:03,2619,-96
1309.62,00:04,2619,-69
1310.01,00:02,2620,-101
1310.04,00:03,2620,-96
1310.12,00:04,2620,-69
1310.51,00:02,2621,-101
1310.54,00:03,2621,-96
1310.62,00:04,2621,-69
1311.01,00:02,2622,-101
1311.04,00:03,2622,-96
1311.12,00:04,2622,-70
1311.51,00:02,2623,-101
1311.54,00:03,2623,-96
1311.62,00:04,2623,-70
1312.01,00:02,2624,-101
1312.04,00:03,2624,-96
1312.12,00:04,2624,-70
1312.51,00:02,2625,-101
1312.54,00:03,2625,-96
1312.62,00:04,2625,-70
1313.01,00:02,2626,-101
1313.04,00:03,2626,-96
1313.12,00:04,2626,-70
1313.51,00:02,2627,-101
1313.54,00:03,2627,-96
1313.62,00:04,2627,-71
1314.01,00:02,2628,-101
1314.04,00:03,2628,-96
1314.12,00:04,2628,-71
1314.51,00:02,2629,-101
1314.54,00:03,2629,-96
1314.62,00:04,2629,-71
1315.01,00:02,2630,-100
1315.04,00:03,2630,-97
1315.12,00:04,2630,-71
1315.51,00:02,2631,-100
1315.54,00:03,2631,-97
1315.62,00:04,2631,-71
1316.01,00:02,2632,-100
1316.04,00:03,2632,-97
1316.12,00:04,2632,-72
1316.51,00:02,2633,-100
1316.54,00:03,2633,-97
1316.62,00:04,2633,-72
1317.01,00:02,2634,-100
1317.04,00:03,2634,-97
1317.12,00:04,2634,-72
1317.51,00:02,2635,-100
1317.54,00:03,2635,-97
1317.62,00:04,2635,-72
1318.01,00:02,2636,-100
1318.04,00:03,2636,-97
1318.12,00:04,2636,-72
1318.51,00:02,2637,-100
1318.54,00:03,2637,-97
1318.62,00:04,2637,-73
1319.01,00:02,2638,-100
1319.04,00:03,2638,-97
1319.12,00:04,2638,-73
1319.51,00:02,2639,-100
1319.54,00:03,2639,-97
1319.62,00:04,2639,-73
1320.01,00:02,2640,-100
1320.04,00:03,2640,-97
1320.12,00:04,2640,-73
1320.51,00:02,2641,-100
1320.54,00:03,2641,-97
1320.62,00:04,2641,-73
1321.01,00:02,2642,-100
1321.04,00:03,2642,-97
1321.12,00:04,2642,-74
1321.51,00:02,2643,-100
1321.54,00:03,2643,-97
1321.62,00:04,2643,-74
1322.01,00:02,2644,-100
1322.04,00:03,2644,-97
1322.12,00:04,2644,-74
1322.51,00:02,2645,-100
1322.54,00:03,2645,-97
1322.62,00:04,2645,-74
1323.01,00:02,2646,-100
1323.04,00:03,2646,-98
1323.12,00:04,2646,-74
1323.51,00:02,2647,-100
1323.54,00:03,2647,-98
1323.62,00:04,2647,-74
1324.01,00:02,2648,-100
1324.04,00:03,2648,-98
1324.12,00:04,2648,-75
1324.51,00:02,2649,-100
1324.54,00:03,2649,-98
1324.62,00:04,2649,-75
1325.01,00:02,2650,-100
1325.04,00:03,2650,-98
1325.12,00:04,2650,-75
1325.51,00:02,2651,-100
1325.54,00:03,2651,-98
1325.62,00:04,2651,-75
1326.01,00:02,2652,-100
1326.04,00:03,2652,-98
1326.12,00:04,2652,-75
1326.51,00:02,2653,-100
1326.54,00:03,2653,-98
1326.62,00:04,2653,-76
1327.01,00:02,2654,-100
1327.04,00:03,2654,-98
1327.12,00:04,2654,-76
1327.51,00:02,2655,-100
1327.54,00:03,2655,-98
1327.62,00:04,2655,-76
1328.01,00:02,2656,-100
1328.04,00:03,2656,-98
1328.12,00:04,2656,-76
1328.51,00:02,2657,-100
1328.54,00:03,2657,-98
1328.62,00:04,2657,-76
1329.01,00:02,2658,-100
1329.04,00:03,2658,-98
1329.12,00:04,2658,-76
1329.51,00:02,2659,-100
1329.54,00:03,2659,-98
1329.62,00:04,2659,-77
1330.01,00:02,2660,-100
1330.04,00:03,2660,-98
1330.12,00:04,2660,-77
1330.51,00:02,2661,-100
1330.54,00:03,2661,-98
1330.62,00:04,2661,-77
1331.01,00:02,2662,-100
1331.04,00:03,2662,-99
1331.12,00:04,2662,-77
1331.51,00:02,2663,-100
1331.54,00:03,2663,-99
1331.62,00:04,2663,-77
1332.01,00:02,2664,-100
1332.04,00:03,2664,-99
1332.12,00:04,2664,-77
1332.51,00:02,2665,-100
1332.54,00:03,2665,-99
1332.62,00:04,2665,-78
1333.01,00:02,2666,-100
1333.04,00:03,2666,-99
1333.12,00:04,2666,-78
1333.51,00:02,2667,-100
1333.54,00:03,2667,-99
1333.62,00:04,2667,-78
1334.01,00:02,2668,-100
1334.04,00:03,2668,-99
1334.12,00:04,2668,-78
1334.51,00:02,2669,-100
1334.54,00:03,2669,-99
1334.62,00:04,2669,-78
1335.01,00:02,2670,-100
1335.04,00:03,2670,-99
1335.12,00:04,2670,-78
1335.51,00:02,2671,-100
1335.54,00:03,2671,-99
1335.62,00:04,2671,-79
1336.01,00:02,2672,-100
1336.04,00:03,2672,-99
1336.12,00:04,2672,-79
1336.51,00:02,2673,-100
1336.54,00:03,2673,-99
1336.62,00:04,2673,-79
1337.01,00:02,2674,-100
1337.04,00:03,2674,-99
1337.12,00:04,2674,-79
1337.51,00:02,2675,-100
1337.54,00:03,2675,-99
1337.62,00:04,2675,-79
1338.01,00:02,2676,-100
1338.04,00:03,2676,-99
1338.12,00:04,2676,-79
1338.51,00:02,2677,-100
1338.54,00:03,2677,-99
1338.62,00:04,2677,-79
1339.01,00:02,2678,-100
1339.04,00:03,2678,-100
1339.12,00:04,2678,-79
1339.51,00:02,2679,-100
1339.54,00:03,2679,-100
1339.62,00:04,2679,-79
1340.01,00:02,2680,-100
1340.04,00:03,2680,-100
1340.12,00:04,2680,-79
1340.51,00:02,2681,-100
1340.54,00:03,2681,-100
1340.62,00:04,2681,-79
1341.01,00:02,2682,-100
1341.04,00:03,2682,-100
1341.12,00:04,2682,-79
1341.51,00:02,2683,-100
1341.54,00:03,2683,-100
1341.62,00:04,2683,-79
1342.01,00:02,2684,-101
1342.04,00:03,2684,-100
1342.12,00:04,2684,-79
1342.51,00:02,2685,-101
1342.54,00:03,2685,-100
1342.62,00:04,2685,-79
1343.01,00:02,2686,-101
1343.04,00:03,2686,-100
1343.12,00:04,2686,-79
1343.51,00:02,2687,-101
1343.54,00:03,2687,-100
1343.62,00:04,2687,-79
1344.01,00:02,2688,-101
1344.04,00:03,2688,-100
1344.12,00:04,2688,-79
1344.51,00:02,2689,-101
1344.54,00:03,2689,-100
1344.62,00:04,2689,-78
1345.01,00:02,2690,-101
1345.04,00:03,2690,-100
1345.12,00:04,2690,-78
1345.51,00:02,2691,-101
1345.54,00:03,2691,-100
1345.62,00:04,2691,-78
1346.01,00:02,2692,-101
1346.04,00:03,2692,-100
1346.12,00:04,2692,-78
1346.51,00:02,2693,-101
1346.54,00:03,2693,-100
1346.62,00:04,2693,-78
1347.01,00:02,2694,-108
1347.04,00:03,2694,-107
1347.12,00:04,2694,-85
1347.51,00:02,2695,-108
1347.54,00:03,2695,-106
1347.62,00:04,2695,-84
1348.01,00:02,2696,-108
1348.04,00:03,2696,-106
1348.12,00:04,2696,-84
1348.51,00:02,2697,-108
1348.54,00:03,2697,-106
1348.62,00:04,2697,-84
1349.01,00:02,2698,-108
1349.04,00:03,2698,-106
1349.12,00:04,2698,-84
1349.54,00:03,2699,-106
1349.62,00:04,2699,-84
1350.01,00:02,2700,-108
1350.04,00:03,2700,-106
1350.12,00:04,2700,-84
1350.51,00:02,2701,-108
1350.54,00:03,2701,-106
1350.62,00:04,2701,-83
1351.01,00:02,2702,-108
1351.04,00:03,2702,-106
1351.12,00:04,2702,-83
1351.51,00:02,2703,-108
1351.54,00:03,2703,-106
1351.62,00:04,2703,-83
1352.04,00:03,2704,-106
1352.12,00:04,2704,-83
1352.54,00:03,2705,-106
1352.62,00:04,2705,-83
1353.01,00:02,2706,-108
1353.04,00:03,2706,-106
1353.12,00:04,2706,-82
1353.51,00:02,2707,-108
1353.54,00:03,2707,-106
1353.62,00:04,2707,-82
1354.01,00:02,2708,-108
1354.04,00:03,2708,-106
1354.12,00:04,2708,-82
1354.51,00:02,2709,-108
1354.54,00:03,2709,-106
1354.62,00:04,2709,-82
1355.01,00:02,2710,-108
1355.04,00:03,2710,-106
1355.12,00:04,2710,-82
1355.54,00:03,2711,-106
1355.62,00:04,2711,-81
1356.01,00:02,2712,-108
1356.04,00:03,2712,-105
1356.12,00:04,2712,-81
1356.51,00:02,2713,-108
1356.54,00:03,2713,-105
1356.62,00:04,2713,-81
1357.01,00:02,2714,-108
1357.04,00:03,2714,-105
1357.12,00:04,2714,-81
1357.51,00:02,2715,-108
1357.54,00:03,2715,-105
1357.62,00:04,2715,-81
1358.04,00:03,2716,-105
1358.12,00:04,2716,-80
1358.51,00:02,2717,-108
1358.54,00:03,2717,-105
1358.62,00:04,2717,-80
1359.01,00:02,2718,-101
1359.04,00:03,2718,-98
1359.12,00:04,2718,-73
1359.51,00:02,2719,-101
1359.54,00:03,2719,-98
1359.62,00:04,2719,-73
1360.01,00:02,2720,-101
1360.04,00:03,2720,-98
1360.12,00:04,2720,-72
1360.51,00:02,2721,-101
1360.54,00:03,2721,-98
1360.62,00:04,2721,-72
1361.01,00:02,2722,-101
1361.04,00:03,2722,-98
1361.12,00:04,2722,-72
1361.51,00:02,2723,-101
1361.54,00:03,2723,-98
1361.62,00:04,2723,-72
1362.01,00:02,2724,-101
1362.04,00:03,2724,-98
1362.12,00:04,2724,-72
1362.51,00:02,2725,-101
1362.54,00:03,2725,-98
1362.62,00:04,2725,-71
1363.01,00:02,2726,-101
1363.04,00:03,2726,-98
1363.12,00:04,2726,-71
1363.51,00:02,2727,-101
1363.54,00:03,2727,-98
1363.62,00:04,2727,-71
1364.01,00:02,2728,-101
1364.04,00:03,2728,-98
1364.12,00:04,2728,-71
1364.51,00:02,2729,-101
1364.54,00:03,2729,-97
1364.62,00:04,2729,-70
1365.01,00:02,2730,-101
1365.04,00:03,2730,-97
1365.12,00:04,2730,-70
1365.51,00:02,2731,-101
1365.54,00:03,2731,-97
1365.62,00:04,2731,-70
1366.01,00:02,2732,-102
1366.04,00:03,2732,-97
1366.12,00:04,2732,-70
1366.51,00:02,2733,-102
1366.54,00:03,2733,-97
1366.62,00:04,2733,-69
1367.01,00:02,2734,-102
1367.04,00:03,2734,-97
1367.12,00:04,2734,-69
1367.51,00:02,2735,-102
1367.54,00:03,2735,-97
1367.62,00:04,2735,-69
1368.01,00:02,2736,-102
1368.04,00:03,2736,-97
1368.12,00:04,2736,-69
1368.51,00:02,2737,-102
1368.54,00:03,2737,-97
1368.62,00:04,2737,-68
1369.01,00:02,2738,-102
1369.04,00:03,2738,-97
1369.12,00:04,2738,-68
1369.51,00:02,2739,-102
1369.54,00:03,2739,-97
1369.62,00:04,2739,-68
1370.01,00:02,2740,-102
1370.04,00:03,2740,-97
1370.12,00:04,2740,-68
1370.51,00:02,2741,-102
1370.54,00:03,2741,-97
1370.62,00:04,2741,-67
1371.01,00:02,2742,-102
1371.04,00:03,2742,-97
1371.12,00:04,2742,-67
1371.51,00:02,2743,-102
1371.54,00:03,2743,-97
1371.62,00:04,2743,-67
1372.01,00:02,2744,-102
1372.04,00:03,2744,-97
1372.12,00:04,2744,-67
1372.51,00:02,2745,-102
1372.54,00:03,2745,-97
1372.62,00:04,2745,-66
1373.01,00:02,2746,-102
1373.04,00:03,2746,-96
1373.12,00:04,2746,-66
1373.51,00:02,2747,-102
1373.54,00:03,2747,-96
1373.62,00:04,2747,-66
1374.01,00:02,2748,-102
1374.04,00:03,2748,-96
1374.12,00:04,2748,-66
1374.51,00:02,2749,-102
1374.54,00:03,2749,-96
1374.62,00:04,2749,-65
1375.01,00:02,2750,-102
1375.04,00:03,2750,-96
1375.12,00:04,2750,-65
1375.51,00:02,2751,-102
1375.54,00:03,2751,-96
1375.62,00:04,2751,-65
1376.01,00:02,2752,-102
1376.04,00:03,2752,-96
1376.12,00:04,2752,-65
1376.51,00:02,2753,-102
1376.54,00:03,2753,-96
1376.62,00:04,2753,-64
1377.01,00:02,2754,-102
1377.04,00:03,2754,-96
1377.12,00:04,2754,-64
1377.51,00:02,2755,-102
1377.54,00:03,2755,-96
1377.62,00:04,2755,-64
1378.01,00:02,2756,-102
1378.04,00:03,2756,-96
1378.12,00:04,2756,-64
1378.51,00:02,2757,-103
1378.54,00:03,2757,-96
1378.62,00:04,2757,-63
1379.01,00:02,2758,-103
1379.04,00:03,2758,-96
1379.12,00:04,2758,-63
1379.51,00:02,2759,-103
1379.54,00:03,2759,-96
1379.62,00:04,2759,-63
1380.01,00:02,2760,-103
1380.04,00:03,2760,-96
1380.12,00:04,2760,-63
1380.51,00:02,2761,-103
1380.54,00:03,2761,-96
1380.62,00:04,2761,-63
1381.01,00:02,2762,-103
1381.04,00:03,2762,-96
1381.12,00:04,2762,-62
1381.51,00:02,2763,-103
1381.54,00:03,2763,-95
1381.62,00:04,2763,-62
1382.01,00:02,2764,-103
1382.04,00:03,2764,-95
1382.12,00:04,2764,-62
1382.51,00:02,2765,-103
1382.54,00:03,2765,-95
1382.62,00:04,2765,-62
1383.01,00:02,2766,-103
1383.04,00:03,2766,-95
1383.12,00:04,2766,-62
1383.51,00:02,2767,-103
1383.54,00:03,2767,-95
1383.62,00:04,2767,-62
1384.01,00:02,2768,-103
1384.04,00:03,2768,-95
1384.12,00:04,2768,-61
1384.51,00:02,2769,-103
1384.54,00:03,2769,-95
1384.62,00:04,2769,-61
1385.01,00:02,2770,-103
1385.04,00:03,2770,-95
1385.12,00:04,2770,-61
1385.51,00:02,2771,-103
1385.54,00:03,2771,-95
1385.62,00:04,2771,-61
1386.01,00:02,2772,-103
1386.04,00:03,2772,-95
1386.12,00:04,2772,-61
1386.51,00:02,2773,-103
1386.54,00:03,2773,-95
1386.62,00:04,2773,-61
1387.01,00:02,2774,-103
1387.04,00:03,2774,-95
1387.12,00:04,2774,-61
1387.51,00:02,2775,-103
1387.54,00:03,2775,-95
1387.62,00:04,2775,-61
1388.01,00:02,2776,-103
1388.04,00:03,2776,-95
1388.12,00:04,2776,-61
1388.51,00:02,2777,-103
1388.54,00:03,2777,-95
1388.62,00:04,2777,-61
1389.01,00:02,2778,-104
1389.04,00:03,2778,-95
1389.12,00:04,2778,-61
1389.51,00:02,2779,-104
1389.54,00:03,2779,-95
1389.62,00:04,2779,-61
1390.01,00:02,2780,-104
1390.04,00:03,2780,-95
1390.12,00:04,2780,-61
1390.51,00:02,2781,-104
1390.54,00:03,2781,-94
1390.62,00:04,2781,-61
1391.01,00:02,2782,-104
1391.04,00:03,2782,-94
1391.12,00:04,2782,-61
1391.51,00:02,2783,-104
1391.54,00:03,2783,-94
1391.62,00:04,2783,-61
1392.01,00:02,2784,-104
1392.04,00:03,2784,-94
1392.12,00:04,2784,-61
1392.51,00:02,2785,-104
1392.54,00:03,2785,-94
1392.62,00:04,2785,-61
1393.01,00:02,2786,-104
1393.04,00:03,2786,-94
1393.12,00:04,2786,-61
1393.51,00:02,2787,-104
1393.54,00:03,2787,-94
1393.62,00:04,2787,-61
1394.01,00:02,2788,-104
1394.04,00:03,2788,-94
1394.12,00:04,2788,-62
1394.51,00:02,2789,-104
1394.54,00:03,2789,-94
1394.62,00:04,2789,-62
1395.01,00:02,2790,-104
1395.04,00:03,2790,-94
1395.12,00:04,2790,-62
1395.51,00:02,2791,-104
1395.54,00:03,2791,-94
1395.62,00:04,2791,-62
1396.01,00:02,2792,-104
1396.04,00:03,2792,-94
1396.12,00:04,2792,-62
1396.51,00:02,2793,-104
1396.54,00:03,2793,-94
1396.62,00:04,2793,-62
1397.01,00:02,2794,-104
1397.04,00:03,2794,-94
1397.12,00:04,2794,-62
1397.51,00:02,2795,-104
1397.54,00:03,2795,-94
1397.62,00:04,2795,-63
1398.01,00:02,2796,-105
1398.04,00:03,2796,-94
1398.12,00:04,2796,-63
1398.51,00:02,2797,-105
1398.54,00:03,2797,-94
1398.62,00:04,2797,-63
1399.01,00:02,2798,-105
1399.04,00:03,2798,-94
1399.12,00:04,2798,-63
1399.51,00:02,2799,-105
1399.54,00:03,2799,-94
1399.62,00:04,2799,-64
1400.01,00:02,2800,-105
1400.04,00:03,2800,-94
1400.12,00:04,2800,-64
1400.51,00:02,2801,-105
1400.54,00:03,2801,-94
1400.62,00:04,2801,-64
1401.01,00:02,2802,-105
1401.04,00:03,2802,-93
1401.12,00:04,2802,-64
1401.51,00:02,2803,-105
1401.54,00:03,2803,-93
1401.62,00:04,2803,-64
1402.01,00:02,2804,-105
1402.04,00:03,2804,-93
1402.12,00:04,2804,-65
1402.51,00:02,2805,-105
1402.54,00:03,2805,-93
1402.62,00:04,2805,-65
1403.01,00:02,2806,-105
1403.04,00:03,2806,-93
1403.12,00:04,2806,-65
1403.51,00:02,2807,-105
1403.54,00:03,2807,-93
1403.62,00:04,2807,-65
1404.01,00:02,2808,-105
1404.04,00:03,2808,-93
1404.12,00:04,2808,-66
1404.51,00:02,2809,-105
1404.54,00:03,2809,-93
1404.62,00:04,2809,-66
1405.01,00:02,2810,-105
1405.04,00:03,2810,-93
1405.12,00:04,2810,-66
1405.51,00:02,2811,-105
1405.54,00:03,2811,-93
1405.62,00:04,2811,-66
1406.01,00:02,2812,-105
1406.04,00:03,2812,-93
1406.12,00:04,2812,-67
1406.51,00:02,2813,-106
1406.54,00:03,2813,-93
1406.62,00:04,2813,-67
1407.01,00:02,2814,-106
1407.04,00:03,2814,-93
1407.12,00:04,2814,-67
1407.51,00:02,2815,-106
1407.54,00:03,2815,-93
1407.62,00:04,2815,-68
1408.01,00:02,2816,-106
1408.04,00:03,2816,-93
1408.12,00:04,2816,-68
1408.51,00:02,2817,-106
1408.54,00:03,2817,-93
1408.62,00:04,2817,-68
1409.01,00:02,2818,-106
1409.04,00:03,2818,-93
1409.12,00:04,2818,-68
1409.51,00:02,2819,-106
1409.54,00:03,2819,-93
1409.62,00:04,2819,-69
1410.01,00:02,2820,-106
1410.04,00:03,2820,-93
1410.12,00:04,2820,-69
1410.51,00:02,2821,-106
1410.54,00:03,2821,-93
1410.62,00:04,2821,-69
1411.01,00:02,2822,-106
1411.04,00:03,2822,-93
1411.12,00:04,2822,-69
1411.51,00:02,2823,-106
1411.54,00:03,2823,-93
1411.62,00:04,2823,-69
1412.01,00:02,2824,-106
1412.04,00:03,2824,-93
1412.12,00:04,2824,-70
1412.51,00:02,2825,-106
1412.54,00:03,2825,-93
1412.62,00:04,2825,-70
1413.01,00:02,2826,-106
1413.04,00:03,2826,-93
1413.12,00:04,2826,-70
1413.51,00:02,2827,-106
1413.54,00:03,2827,-93
1413.62,00:04,2827,-70
1414.01,00:02,2828,-106
1414.04,00:03,2828,-92
1414.12,00:04,2828,-71
1414.51,00:02,2829,-106
1414.54,00:03,2829,-92
1414.62,00:04,2829,-71
1415.04,00:03,2830,-99
1415.12,00:04,2830,-78
1415.54,00:03,2831,-99
1415.62,00:04,2831,-78
1416.04,00:03,2832,-99
1416.12,00:04,2832,-79
1416.54,00:03,2833,-99
1416.62,00:04,2833,-79
1417.04,00:03,2834,-99
1417.12,00:04,2834,-79
1417.54,00:03,2835,-99
1417.62,00:04,2835,-79
1418.04,00:03,2836,-99
1418.12,00:04,2836,-80
1418.54,00:03,2837,-99
1418.62,00:04,2837,-80
1419.04,00:03,2838,-99
1419.12,00:04,2838,-80
1419.54,00:03,2839,-99
1419.62,00:04,2839,-80
1420.04,00:03,2840,-99
1420.12,00:04,2840,-80
1420.54,00:03,2841,-99
1420.62,00:04,2841,-81
1421.04,00:03,2842,-99
1421.12,00:04,2842,-81
1421.54,00:03,2843,-99
1421.62,00:04,2843,-81
1422.04,00:03,2844,-99
1422.12,00:04,2844,-81
1422.54,00:03,2845,-99
1422.62,00:04,2845,-81
1423.04,00:03,2846,-99
1423.12,00:04,2846,-82
1423.54,00:03,2847,-99
1423.62,00:04,2847,-82
1424.04,00:03,2848,-99
1424.12,00:04,2848,-82
1424.54,00:03,2849,-99
1424.62,00:04,2849,-82
1425.04,00:03,2850,-99
1425.12,00:04,2850,-82
1425.54,00:03,2851,-99
1425.62,00:04,2851,-83
1426.04,00:03,2852,-99
1426.12,00:04,2852,-83
1426.54,00:03,2853,-99
1426.62,00:04,2853,-83
1427.04,00:03,2854,-99
1427.12,00:04,2854,-83
1427.54,00:03,2855,-99
1427.62,00:04,2855,-83
1428.04,00:03,2856,-99
1428.12,00:04,2856,-84
1428.54,00:03,2857,-99
1428.62,00:04,2857,-84
1429.04,00:03,2858,-99
1429.12,00:04,2858,-84
1429.54,00:03,2859,-99
1429.62,00:04,2859,-84
1430.04,00:03,2860,-99
1430.12,00:04,2860,-84
1430.54,00:03,2861,-99
1430.62,00:04,2861,-85
1431.04,00:03,2862,-92
1431.12,00:04,2862,-78
1431.51,00:02,2863,-108
1431.54,00:03,2863,-92
1431.62,00:04,2863,-78
1432.01,00:02,2864,-109
1432.04,00:03,2864,-92
1432.12,00:04,2864,-78
1432.54,00:03,2865,-92
1432.62,00:04,2865,-78
1433.01,00:02,2866,-109
1433.04,00:03,2866,-92
1433.12,00:04,2866,-78
1433.54,00:03,2867,-92
1433.62,00:04,2867,-79
1434.04,00:03,2868,-92
1434.12,00:04,2868,-79
1434.54,00:03,2869,-92
1434.62,00:04,2869,-79
1435.04,00:03,2870,-92
1435.12,00:04,2870,-79
1435.51,00:02,2871,-109
1435.54,00:03,2871,-92
1435.62,00:04,2871,-78
1436.04,00:03,2872,-92
1436.12,00:04,2872,-78
1436.51,00:02,2873,-109
1436.54,00:03,2873,-92
1436.62,00:04,2873,-78
1437.04,00:03,2874,-93
1437.12,00:04,2874,-78
1437.51,00:02,2875,-109
1437.54,00:03,2875,-93
1437.62,00:04,2875,-78
1438.01,00:02,2876,-109
1438.04,00:03,2876,-93
1438.12,00:04,2876,-78
1438.54,00:03,2877,-93
1438.62,00:04,2877,-78
1439.01,00:02,2878,-109
1439.04,00:03,2878,-93
1439.12,00:04,2878,-78
1439.51,00:02,2879,-109
1439.54,00:03,2879,-93
1439.62,00:04,2879,-78
1440.01,00:02,2880,-109
1440.04,00:03,2880,-93
1440.12,00:04,2880,-78
1440.54,00:03,2881,-93
1440.62,00:04,2881,-78
1441.04,00:03,2882,-93
1441.12,00:04,2882,-78
1441.54,00:03,2883,-93
1441.62,00:04,2883,-78
1442.01,00:02,2884,-109
1442.04,00:03,2884,-93
1442.12,00:04,2884,-77
1442.54,00:03,2885,-93
1442.62,00:04,2885,-77
1443.04,00:03,2886,-100
1443.12,00:04,2886,-84
1443.54,00:03,2887,-100
1443.62,00:04,2887,-84
1444.04,00:03,2888,-100
1444.12,00:04,2888,-84
1444.54,00:03,2889,-100
1444.62,00:04,2889,-83
1445.04,00:03,2890,-100
1445.12,00:04,2890,-83
1445.54,00:03,2891,-100
1445.62,00:04,2891,-83
1446.04,00:03,2892,-100
1446.12,00:04,2892,-83
1446.54,00:03,2893,-100
1446.62,00:04,2893,-83
1447.04,00:03,2894,-100
1447.12,00:04,2894,-82
1447.54,00:03,2895,-100
1447.62,00:04,2895,-82
1448.04,00:03,2896,-100
1448.12,00:04,2896,-82
1448.54,00:03,2897,-100
1448.62,00:04,2897,-82
1449.04,00:03,2898,-100
1449.12,00:04,2898,-82
1449.54,00:03,2899,-100
1449.62,00:04,2899,-81
1450.04,00:03,2900,-100
1450.12,00:04,2900,-81
1450.54,00:03,2901,-100
1450.62,00:04,2901,-81
1451.04,00:03,2902,-100
1451.12,00:04,2902,-81
1451.54,00:03,2903,-100
1451.62,00:04,2903,-80
1452.04,00:03,2904,-100
1452.12,00:04,2904,-80
1452.54,00:03,2905,-100
1452.62,00:04,2905,-80
1453.04,00:03,2906,-100
1453.12,00:04,2906,-80
1453.54,00:03,2907,-100
1453.62,00:04,2907,-79
1454.04,00:03,2908,-100
1454.12,00:04,2908,-79
1454.54,00:03,2909,-100
1454.62,00:04,2909,-79
1455.04,00:03,2910,-100
1455.12,00:04,2910,-79
1455.54,00:03,2911,-100
1455.62,00:04,2911,-78
1456.04,00:03,2912,-100
1456.12,00:04,2912,-78
1456.54,00:03,2913,-100
1456.62,00:04,2913,-78
1457.04,00:03,2914,-100
1457.12,00:04,2914,-78
1457.54,00:03,2915,-100
1457.62,00:04,2915,-77
1458.04,00:03,2916,-100
1458.12,00:04,2916,-77
1458.54,00:03,2917,-100
1458.62,00:04,2917,-77
1459.01,00:02,2918,-107
1459.04,00:03,2918,-94
1459.12,00:04,2918,-70
1459.51,00:02,2919,-107
1459.54,00:03,2919,-94
1459.62,00:04,2919,-69
1460.01,00:02,2920,-107
1460.04,00:03,2920,-94
1460.12,00:04,2920,-69
1460.51,00:02,2921,-107
1460.54,00:03,2921,-94
1460.62,00:04,2921,-69
1461.01,00:02,2922,-107
1461.04,00:03,2922,-94
1461.12,00:04,2922,-69
1461.51,00:02,2923,-107
1461.54,00:03,2923,-94
1461.62,00:04,2923,-68
1462.01,00:02,2924,-107
1462.04,00:03,2924,-94
1462.12,00:04,2924,-68
1462.51,00:02,2925,-107
1462.54,00:03,2925,-94
1462.62,00:04,2925,-68
1463.01,00:02,2926,-107
1463.04,00:03,2926,-94
1463.12,00:04,2926,-67
1463.51,00:02,2927,-107
1463.54,00:03,2927,-94
1463.62,00:04,2927,-67
1464.01,00:02,2928,-107
1464.04,00:03,2928,-94
1464.12,00:04,2928,-67
1464.51,00:02,2929,-107
1464.54,00:03,2929,-94
1464.62,00:04,2929,-66
1465.01,00:02,2930,-106
1465.04,00:03,2930,-94
1465.12,00:04,2930,-66
1465.51,00:02,2931,-106
1465.54,00:03,2931,-94
1465.62,00:04,2931,-66
1466.01,00:02,2932,-106
1466.04,00:03,2932,-94
1466.12,00:04,2932,-65
1466.51,00:02,2933,-106
1466.54,00:03,2933,-94
1466.62,00:04,2933,-65
1467.01,00:02,2934,-106
1467.04,00:03,2934,-94
1467.12,00:04,2934,-65
1467.51,00:02,2935,-106
1467.54,00:03,2935,-94
1467.62,00:04,2935,-64
1468.01,00:02,2936,-106
1468.04,00:03,2936,-94
1468.12,00:04,2936,-64
1468.51,00:02,2937,-106
1468.54,00:03,2937,-94
1468.62,00:04,2937,-64
1469.01,00:02,2938,-106
1469.04,00:03,2938,-94
1469.12,00:04,2938,-63
1469.51,00:02,2939,-106
1469.54,00:03,2939,-94
1469.62,00:04,2939,-63
1470.01,00:02,2940,-106
1470.04,00:03,2940,-94
1470.12,00:04,2940,-63
1470.51,00:02,2941,-106
1470.54,00:03,2941,-94
1470.62,00:04,2941,-62
1471.01,00:02,2942,-106
1471.04,00:03,2942,-94
1471.12,00:04,2942,-62
1471.51,00:02,2943,-106
1471.54,00:03,2943,-94
1471.62,00:04,2943,-62
1472.01,00:02,2944,-106
1472.04,00:03,2944,-94
1472.12,00:04,2944,-61
1472.51,00:02,2945,-106
1472.54,00:03,2945,-94
1472.62,00:04,2945,-61
1473.01,00:02,2946,-106
1473.04,00:03,2946,-94
1473.12,00:04,2946,-61
1473.51,00:02,2947,-106
1473.54,00:03,2947,-94
1473.62,00:04,2947,-61
1474.01,00:02,2948,-106
1474.04,00:03,2948,-95
1474.12,00:04,2948,-61
1474.51,00:02,2949,-105
1474.54,00:03,2949,-95
1474.62,00:04,2949,-60
1475.01,00:02,2950,-105
1475.04,00:03,2950,-95
1475.12,00:04,2950,-60
1475.51,00:02,2951,-105
1475.54,00:03,2951,-95
1475.62,00:04,2951,-60
1476.01,00:02,2952,-105
1476.04,00:03,2952,-95
1476.12,00:04,2952,-60
1476.51,00:02,2953,-105
1476.54,00:03,2953,-95
1476.62,00:04,2953,-60
1477.01,00:02,2954,-105
1477.04,00:03,2954,-95
1477.12,00:04,2954,-59
1477.51,00:02,2955,-105
1477.54,00:03,2955,-95
1477.62,00:04,2955,-59
1478.01,00:02,2956,-105
1478.04,00:03,2956,-95
1478.12,00:04,2956,-59
1478.51,00:02,2957,-105
1478.54,00:03,2957,-95
1478.62,00:04,2957,-59
1479.01,00:02,2958,-105
1479.04,00:03,2958,-95
1479.12,00:04,2958,-59
1479.51,00:02,2959,-105
1479.54,00:03,2959,-95
1479.62,00:04,2959,-59
1480.01,00:02,2960,-105
1480.04,00:03,2960,-95
1480.12,00:04,2960,-59
1480.51,00:02,2961,-105
1480.54,00:03,2961,-95
1480.62,00:04,2961,-58
1481.01,00:02,2962,-105
1481.04,00:03,2962,-95
1481.12,00:04,2962,-58
1481.51,00:02,2963,-105
1481.54,00:03,2963,-95
1481.62,00:04,2963,-58
1482.01,00:02,2964,-105
1482.04,00:03,2964,-95
1482.12,00:04,2964,-58
1482.51,00:02,2965,-105
1482.54,00:03,2965,-95
1482.62,00:04,2965,-58
1483.01,00:02,2966,-105
1483.04,00:03,2966,-95
1483.12,00:04,2966,-58
1483.51,00:02,2967,-105
1483.54,00:03,2967,-95
1483.62,00:04,2967,-58
1484.01,00:02,2968,-104
1484.04,00:03,2968,-95
1484.12,00:04,2968,-58
1484.51,00:02,2969,-104
1484.54,00:03,2969,-95
1484.62,00:04,2969,-58
1485.01,00:02,2970,-104
1485.04,00:03,2970,-95
1485.12,00:04,2970,-58
1485.51,00:02,2971,-104
1485.54,00:03,2971,-96
1485.62,00:04,2971,-58
1486.01,00:02,2972,-104
1486.04,00:03,2972,-96
1486.12,00:04,2972,-58
1486.51,00:02,2973,-104
1486.54,00:03,2973,-96
1486.62,00:04,2973,-58
1487.01,00:02,2974,-104
1487.04,00:03,2974,-96
1487.12,00:04,2974,-58
1487.51,00:02,2975,-104
1487.54,00:03,2975,-96
1487.62,00:04,2975,-58
1488.01,00:02,2976,-104
1488.04,00:03,2976,-96
1488.12,00:04,2976,-58
1488.51,00:02,2977,-104
1488.54,00:03,2977,-96
1488.62,00:04,2977,-58
1489.01,00:02,2978,-104
1489.04,00:03,2978,-96
1489.12,00:04,2978,-58
1489.51,00:02,2979,-104
1489.54,00:03,2979,-96
1489.62,00:04,2979,-58
1490.01,00:02,2980,-104
1490.04,00:03,2980,-96
1490.12,00:04,2980,-59
1490.51,00:02,2981,-104
1490.54,00:03,2981,-96
1490.62,00:04,2981,-59
1491.01,00:02,2982,-104
1491.04,00:03,2982,-96
1491.12,00:04,2982,-59
1491.51,00:02,2983,-104
1491.54,00:03,2983,-96
1491.62,00:04,2983,-59
1492.01,00:02,2984,-104
1492.04,00:03,2984,-96
1492.12,00:04,2984,-59
1492.51,00:02,2985,-104
1492.54,00:03,2985,-96
1492.62,00:04,2985,-59
1493.01,00:02,2986,-104
1493.04,00:03,2986,-96
1493.12,00:04,2986,-60
1493.51,00:02,2987,-104
1493.54,00:03,2987,-96
1493.62,00:04,2987,-60
1494.01,00:02,2988,-104
1494.04,00:03,2988,-96
1494.12,00:04,2988,-60
1494.51,00:02,2989,-104
1494.54,00:03,2989,-96
1494.62,00:04,2989,-60
1495.01,00:02,2990,-103
1495.04,00:03,2990,-97
1495.12,00:04,2990,-60
1495.51,00:02,2991,-103
1495.54,00:03,2991,-97
1495.62,00:04,2991,-61
1496.01,00:02,2992,-103
1496.04,00:03,2992,-97
1496.12,00:04,2992,-61
1496.51,00:02,2993,-103
1496.54,00:03,2993,-97
1496.62,00:04,2993,-61
1497.01,00:02,2994,-103
1497.04,00:03,2994,-97
1497.12,00:04,2994,-61
1497.51,00:02,2995,-103
1497.54,00:03,2995,-97
1497.62,00:04,2995,-61
1498.01,00:02,2996,-103
1498.04,00:03,2996,-97
1498.12,00:04,2996,-62
1498.51,00:02,2997,-103
1498.54,00:03,2997,-97
1498.62,00:04,2997,-62
1499.01,00:02,2998,-103
1499.04,00:03,2998,-97
1499.12,00:04,2998,-62
1499.51,00:02,2999,-103
1499.54,00:03,2999,-97
1499.62,00:04,2999,-63
1500.01,00:02,3000,-103
1500.04,00:03,3000,-97
1500.12,00:04,3000,-63
1500.51,00:02,3001,-103
1500.54,00:03,3001,-97
1500.62,00:04,3001,-63
1501.01,00:02,3002,-103
1501.04,00:03,3002,-97
1501.12,00:04,3002,-64
1501.51,00:02,3003,-103
1501.54,00:03,3003,-97
1501.62,00:04,3003,-64
1502.01,00:02,3004,-103
1502.04,00:03,3004,-97
1502.12,00:04,3004,-64
1502.51,00:02,3005,-103
1502.54,00:03,3005,-97
1502.62,00:04,3005,-65
1503.01,00:02,3006,-103
1503.04,00:03,3006,-97
1503.12,00:04,3006,-65
1503.51,00:02,3007,-103
1503.54,00:03,3007,-97
1503.62,00:04,3007,-65
1504.01,00:02,3008,-103
1504.04,00:03,3008,-97
1504.12,00:04,3008,-66
1504.51,00:02,3009,-103
1504.54,00:03,3009,-98
1504.62,00:04,3009,-66
1505.01,00:02,3010,-103
1505.04,00:03,3010,-98
1505.12,00:04,3010,-66
1505.51,00:02,3011,-103
1505.54,00:03,3011,-98
1505.62,00:04,3011,-67
1506.01,00:02,3012,-103
1506.04,00:03,3012,-98
1506.12,00:04,3012,-67
1506.51,00:02,3013,-103
1506.54,00:03,3013,-98
1506.62,00:04,3013,-67
1507.01,00:02,3014,-103
1507.04,00:03,3014,-98
1507.12,00:04,3014,-67
1507.51,00:02,3015,-103
1507.54,00:03,3015,-98
1507.62,00:04,3015,-68
1508.01,00:02,3016,-103
1508.04,00:03,3016,-98
1508.12,00:04,3016,-68
1508.51,00:02,3017,-103
1508.54,00:03,3017,-98
1508.62,00:04,3017,-68
1509.01,00:02,3018,-103
1509.04,00:03,3018,-98
1509.12,00:04,3018,-69
1509.51,00:02,3019,-102
1509.54,00:03,3019,-98
1509.62,00:04,3019,-69
1510.01,00:02,3020,-102
1510.04,00:03,3020,-98
1510.12,00:04,3020,-69
1510.51,00:02,3021,-102
1510.54,00:03,3021,-98
1510.62,00:04,3021,-69
1511.01,00:02,3022,-102
1511.04,00:03,3022,-98
1511.12,00:04,3022,-70
1511.51,00:02,3023,-102
1511.54,00:03,3023,-98
1511.62,00:04,3023,-70
1512.01,00:02,3024,-102
1512.04,00:03,3024,-98
1512.12,00:04,3024,-70
1512.51,00:02,3025,-102
1512.54,00:03,3025,-98
1512.62,00:04,3025,-71
1513.01,00:02,3026,-102
1513.04,00:03,3026,-98
1513.12,00:04,3026,-71
1513.51,00:02,3027,-102
1513.54,00:03,3027,-99
1513.62,00:04,3027,-71
1514.01,00:02,3028,-102
1514.04,00:03,3028,-99
1514.12,00:04,3028,-71
1514.51,00:02,3029,-102
1514.54,00:03,3029,-99
1514.62,00:04,3029,-72
1515.01,00:02,3030,-109
1515.04,00:03,3030,-106
1515.12,00:04,3030,-79
1515.54,00:03,3031,-106
1515.62,00:04,3031,-79
1516.04,00:03,3032,-106
1516.12,00:04,3032,-79
1516.51,00:02,3033,-109
1516.54,00:03,3033,-106
1516.62,00:04,3033,-80
1517.04,00:03,3034,-106
1517.12,00:04,3034,-80
1517.54,00:03,3035,-106
1517.62,00:04,3035,-80
1518.04,00:03,3036,-106
1518.12,00:04,3036,-80
1518.54,00:03,3037,-106
1518.62,00:04,3037,-81
1519.04,00:03,3038,-106
1519.12,00:04,3038,-81
1519.51,00:02,3039,-109
1519.54,00:03,3039,-106
1519.62,00:04,3039,-81
1520.04,00:03,3040,-106
1520.12,00:04,3040,-81
1520.51,00:02,3041,-109
1520.54,00:03,3041,-106
1520.62,00:04,3041,-81
1521.01,00:02,3042,-109
1521.04,00:03,3042,-106
1521.12,00:04,3042,-82
1521.54,00:03,3043,-106
1521.62,00:04,3043,-82
1522.01,00:02,3044,-109
1522.04,00:03,3044,-106
1522.12,00:04,3044,-82
1522.54,00:03,3045,-107
1522.62,00:04,3045,-82
1523.01,00:02,3046,-109
1523.04,00:03,3046,-107
1523.12,00:04,3046,-82
1523.51,00:02,3047,-109
1523.54,00:03,3047,-107
1523.62,00:04,3047,-83
1524.04,00:03,3048,-107
1524.12,00:04,3048,-83
1524.54,00:03,3049,-107
1524.62,00:04,3049,-83
1525.04,00:03,3050,-107
1525.12,00:04,3050,-83
1525.51,00:02,3051,-109
1525.54,00:03,3051,-107
1525.62,00:04,3051,-83
1526.04,00:03,3052,-107
1526.12,00:04,3052,-84
1526.51,00:02,3053,-109
1526.54,00:03,3053,-107
1526.62,00:04,3053,-84
1527.01,00:02,3054,-102
1527.04,00:03,3054,-100
1527.12,00:04,3054,-77
1527.51,00:02,3055,-102
1527.54,00:03,3055,-100
1527.62,00:04,3055,-77
1528.01,00:02,3056,-102
1528.04,00:03,3056,-100
1528.12,00:04,3056,-77
1528.51,00:02,3057,-102
1528.54,00:03,3057,-100
1528.62,00:04,3057,-78
1529.01,00:02,3058,-102
1529.04,00:03,3058,-100
1529.12,00:04,3058,-78
1529.51,00:02,3059,-102
1529.54,00:03,3059,-100
1529.62,00:04,3059,-78
1530.01,00:02,3060,-102
1530.04,00:03,3060,-100
1530.12,00:04,3060,-78
1530.51,00:02,3061,-102
1530.54,00:03,3061,-100
1530.62,00:04,3061,-78
1531.01,00:02,3062,-102
1531.04,00:03,3062,-100
1531.12,00:04,3062,-78
1531.51,00:02,3063,-102
1531.54,00:03,3063,-100
1531.62,00:04,3063,-78
1532.01,00:02,3064,-102
1532.04,00:03,3064,-101
1532.12,00:04,3064,-78
1532.51,00:02,3065,-102
1532.54,00:03,3065,-101
1532.62,00:04,3065,-78
1533.01,00:02,3066,-103
1533.04,00:03,3066,-101
1533.12,00:04,3066,-78
1533.51,00:02,3067,-103
1533.54,00:03,3067,-101
1533.62,00:04,3067,-78
1534.01,00:02,3068,-103
1534.04,00:03,3068,-101
1534.12,00:04,3068,-78
1534.51,00:02,3069,-103
1534.54,00:03,3069,-101
1534.62,00:04,3069,-78
1535.01,00:02,3070,-103
1535.04,00:03,3070,-101
1535.12,00:04,3070,-78
1535.51,00:02,3071,-103
1535.54,00:03,3071,-101
1535.62,00:04,3071,-78
1536.01,00:02,3072,-103
1536.04,00:03,3072,-101
1536.12,00:04,3072,-78
1536.51,00:02,3073,-103
1536.54,00:03,3073,-101
1536.62,00:04,3073,-77
1537.01,00:02,3074,-103
1537.04,00:03,3074,-101
1537.12,00:04,3074,-77
1537.51,00:02,3075,-103
1537.54,00:03,3075,-101
1537.62,00:04,3075,-77
1538.01,00:02,3076,-103
1538.04,00:03,3076,-101
1538.12,00:04,3076,-77
1538.51,00:02,3077,-103
1538.54,00:03,3077,-101
1538.62,00:04,3077,-77
1539.12,00:04,3078,-84
1539.54,00:03,3079,-107
1539.62,00:04,3079,-83
1540.04,00:03,3080,-107
1540.12,00:04,3080,-83
1540.54,00:03,3081,-107
1540.62,00:04,3081,-83
1541.04,00:03,3082,-107
1541.12,00:04,3082,-83
1541.54,00:03,3083,-107
1541.62,00:04,3083,-82
1542.04,00:03,3084,-107
1542.12,00:04,3084,-82
1542.54,00:03,3085,-107
1542.62,00:04,3085,-82
1543.04,00:03,3086,-107
1543.12,00:04,3086,-82
1543.54,00:03,3087,-107
1543.62,00:04,3087,-82
1544.04,00:03,3088,-107
1544.12,00:04,3088,-81
1544.54,00:03,3089,-107
1544.62,00:04,3089,-81
1545.04,00:03,3090,-107
1545.12,00:04,3090,-81
1545.62,00:04,3091,-81
1546.04,00:03,3092,-107
1546.12,00:04,3092,-80
1546.54,00:03,3093,-107
1546.62,00:04,3093,-80
1547.04,00:03,3094,-107
1547.12,00:04,3094,-80
1547.54,00:03,3095,-107
1547.62,00:04,3095,-80
1548.04,00:03,3096,-107
1548.12,00:04,3096,-79
1548.54,00:03,3097,-107
1548.62,00:04,3097,-79
1549.04,00:03,3098,-106
1549.12,00:04,3098,-79
1549.54,00:03,3099,-106
1549.62,00:04,3099,-79
1550.04,00:03,3100,-106
1550.12,00:04,3100,-78
1550.54,00:03,3101,-106
1550.62,00:04,3101,-78
1551.01,00:02,3102,-103
1551.04,00:03,3102,-99
1551.12,00:04,3102,-71
1551.51,00:02,3103,-103
1551.54,00:03,3103,-99
1551.62,00:04,3103,-71
1552.01,00:02,3104,-103
1552.04,00:03,3104,-99
1552.12,00:04,3104,-70
1552.51,00:02,3105,-103
1552.54,00:03,3105,-99
1552.62,00:04,3105,-70
1553.01,00:02,3106,-103
1553.04,00:03,3106,-99
1553.12,00:04,3106,-70
1553.51,00:02,3107,-103
1553.54,00:03,3107,-99
1553.62,00:04,3107,-69
1554.01,00:02,3108,-103
1554.04,00:03,3108,-99
1554.12,00:04,3108,-69
1554.51,00:02,3109,-103
1554.54,00:03,3109,-99
1554.62,00:04,3109,-69
1555.01,00:02,3110,-103
1555.04,00:03,3110,-99
1555.12,00:04,3110,-69
1555.51,00:02,3111,-103
1555.54,00:03,3111,-99
1555.62,00:04,3111,-68
1556.01,00:02,3112,-103
1556.04,00:03,3112,-99
1556.12,00:04,3112,-68
1556.51,00:02,3113,-103
1556.54,00:03,3113,-99
1556.62,00:04,3113,-68
1557.01,00:02,3114,-104
1557.04,00:03,3114,-99
1557.12,00:04,3114,-67
1557.51,00:02,3115,-104
1557.54,00:03,3115,-99
1557.62,00:04,3115,-67
1558.01,00:02,3116,-104
1558.04,00:03,3116,-99
1558.12,00:04,3116,-67
1558.51,00:02,3117,-104
1558.54,00:03,3117,-98
1558.62,00:04,3117,-66
1559.01,00:02,3118,-104
1559.04,00:03,3118,-98
1559.12,00:04,3118,-66
1559.51,00:02,3119,-104
1559.54,00:03,3119,-98
1559.62,00:04,3119,-66
1560.01,00:02,3120,-104
1560.04,00:03,3120,-98
1560.12,00:04,3120,-65
1560.51,00:02,3121,-104
1560.54,00:03,3121,-98
1560.62,00:04,3121,-65
1561.01,00:02,3122,-104
1561.04,00:03,3122,-98
1561.12,00:04,3122,-64
1561.51,00:02,3123,-104
1561.54,00:03,3123,-98
1561.62,00:04,3123,-64
1562.01,00:02,3124,-104
1562.04,00:03,3124,-98
1562.12,00:04,3124,-64
1562.51,00:02,3125,-104
1562.54,00:03,3125,-98
1562.62,00:04,3125,-63
1563.01,00:02,3126,-104
1563.04,00:03,3126,-98
1563.12,00:04,3126,-63
1563.51,00:02,3127,-104
1563.54,00:03,3127,-98
1563.62,00:04,3127,-62
1564.01,00:02,3128,-104
1564.04,00:03,3128,-98
1564.12,00:04,3128,-62
1564.51,00:02,3129,-104
1564.54,00:03,3129,-98
1564.62,00:04,3129,-62
1565.01,00:02,3130,-104
1565.04,00:03,3130,-98
1565.12,00:04,3130,-61
1565.51,00:02,3131,-104
1565.54,00:03,3131,-98
1565.62,00:04,3131,-61
1566.01,00:02,3132,-104
1566.04,00:03,3132,-98
1566.12,00:04,3132,-61
1566.51,00:02,3133,-104
1566.54,00:03,3133,-98
1566.62,00:04,3133,-61
1567.01,00:02,3134,-104
1567.04,00:03,3134,-98
1567.12,00:04,3134,-60
1567.51,00:02,3135,-104
1567.54,00:03,3135,-98
1567.62,00:04,3135,-60
1568.01,00:02,3136,-104
1568.04,00:03,3136,-98
1568.12,00:04,3136,-60
1568.51,00:02,3137,-104
1568.54,00:03,3137,-97
1568.62,00:04,3137,-59
1569.01,00:02,3138,-104
1569.04,00:03,3138,-97
1569.12,00:04,3138,-59
1569.51,00:02,3139,-104
1569.54,00:03,3139,-97
1569.62,00:04,3139,-59
1570.01,00:02,3140,-104
1570.04,00:03,3140,-97
1570.12,00:04,3140,-59
1570.51,00:02,3141,-104
1570.54,00:03,3141,-97
1570.62,00:04,3141,-58
1571.01,00:02,3142,-104
1571.04,00:03,3142,-97
1571.12,00:04,3142,-58
1571.51,00:02,3143,-104
1571.54,00:03,3143,-97
1571.62,00:04,3143,-58
1572.01,00:02,3144,-104
1572.04,00:03,3144,-97
1572.12,00:04,3144,-57
1572.51,00:02,3145,-105
1572.54,00:03,3145,-97
1572.62,00:04,3145,-57
1573.01,00:02,3146,-105
1573.04,00:03,3146,-97
1573.12,00:04,3146,-57
1573.51,00:02,3147,-105
1573.54,00:03,3147,-97
1573.62,00:04,3147,-56
1574.01,00:02,3148,-105
1574.04,00:03,3148,-97
1574.12,00:04,3148,-56
1574.51,00:02,3149,-105
1574.54,00:03,3149,-97
1574.62,00:04,3149,-56
1575.01,00:02,3150,-105
1575.04,00:03,3150,-97
1575.12,00:04,3150,-55
1575.51,00:02,3151,-105
1575.54,00:03,3151,-97
1575.62,00:04,3151,-55
1576.01,00:02,3152,-105
1576.04,00:03,3152,-97
1576.12,00:04,3152,-55
1576.51,00:02,3153,-105
1576.54,00:03,3153,-97
1576.62,00:04,3153,-54
1577.01,00:02,3154,-105
1577.04,00:03,3154,-97
1577.12,00:04,3154,-54
1577.51,00:02,3155,-105
1577.54,00:03,3155,-97
1577.62,00:04,3155,-54
1578.01,00:02,3156,-105
1578.04,00:03,3156,-97
1578.12,00:04,3156,-54
1578.51,00:02,3157,-105
1578.54,00:03,3157,-97
1578.62,00:04,3157,-53
1579.01,00:02,3158,-105
1579.04,00:03,3158,-96
1579.12,00:04,3158,-53
1579.51,00:02,3159,-105
1579.54,00:03,3159,-96
1579.62,00:04,3159,-53
1580.01,00:02,3160,-105
1580.04,00:03,3160,-96
1580.12,00:04,3160,-53
1580.51,00:02,3161,-105
1580.54,00:03,3161,-96
1580.62,00:04,3161,-53
1581.01,00:02,3162,-105
1581.04,00:03,3162,-96
1581.12,00:04,3162,-53
1581.51,00:02,3163,-105
1581.54,00:03,3163,-96
1581.62,00:04,3163,-53
1582.01,00:02,3164,-105
1582.04,00:03,3164,-96
1582.12,00:04,3164,-53
1582.51,00:02,3165,-105
1582.54,00:03,3165,-96
1582.62,00:04,3165,-53
1583.01,00:02,3166,-105
1583.04,00:03,3166,-96
1583.12,00:04,3166,-53
1583.51,00:02,3167,-105
1583.54,00:03,3167,-96
1583.62,00:04,3167,-53
1584.01,00:02,3168,-105
1584.04,00:03,3168,-96
1584.12,00:04,3168,-54
1584.51,00:02,3169,-106
1584.54,00:03,3169,-96
1584.62,00:04,3169,-54
1585.01,00:02,3170,-106
1585.04,00:03,3170,-96
1585.12,00:04,3170,-54
1585.51,00:02,3171,-106
1585.54,00:03,3171,-96
1585.62,00:04,3171,-54
1586.01,00:02,3172,-106
1586.04,00:03,3172,-96
1586.12,00:04,3172,-55
1586.51,00:02,3173,-106
1586.54,00:03,3173,-96
1586.62,00:04,3173,-55
1587.01,00:02,3174,-106
1587.04,00:03,3174,-96
1587.12,00:04,3174,-55
1587.51,00:02,3175,-106
1587.54,00:03,3175,-96
1587.62,00:04,3175,-56
1588.01,00:02,3176,-106
1588.04,00:03,3176,-96
1588.12,00:04,3176,-56
1588.51,00:02,3177,-106
1588.54,00:03,3177,-96
1588.62,00:04,3177,-56
1589.04,00:03,3178,-96
1589.12,00:04,3178,-57
1589.51,00:02,3179,-106
1589.54,00:03,3179,-96
1589.62,00:04,3179,-57
1590.01,00:02,3180,-106
1590.04,00:03,3180,-96
1590.12,00:04,3180,-57
1590.51,00:02,3181,-106
1590.54,00:03,3181,-96
1590.62,00:04,3181,-58
1591.01,00:02,3182,-106
1591.04,00:03,3182,-95
1591.12,00:04,3182,-58
1591.51,00:02,3183,-106
1591.54,00:03,3183,-95
1591.62,00:04,3183,-58
1592.01,00:02,3184,-106
1592.04,00:03,3184,-95
1592.12,00:04,3184,-59
1592.51,00:02,3185,-106
1592.54,00:03,3185,-95
1592.62,00:04,3185,-59
1593.01,00:02,3186,-106
1593.04,00:03,3186,-95
1593.12,00:04,3186,-59
1593.51,00:02,3187,-106
1593.54,00:03,3187,-95
1593.62,00:04,3187,-60
1594.01,00:02,3188,-106
1594.04,00:03,3188,-95
1594.12,00:04,3188,-60
1594.51,00:02,3189,-106
1594.54,00:03,3189,-95
1594.62,00:04,3189,-60
1595.01,00:02,3190,-107
1595.04,00:03,3190,-95
1595.12,00:04,3190,-60
1595.51,00:02,3191,-107
1595.54,00:03,3191,-95
1595.62,00:04,3191,-61
1596.01,00:02,3192,-107
1596.04,00:03,3192,-95
1596.12,00:04,3192,-61
1596.51,00:02,3193,-107
1596.54,00:03,3193,-95
1596.62,00:04,3193,-61
1597.01,00:02,3194,-107
1597.04,00:03,3194,-95
1597.12,00:04,3194,-61
1597.51,00:02,3195,-107
1597.54,00:03,3195,-95
1597.62,00:04,3195,-62
1598.01,00:02,3196,-107
1598.04,00:03,3196,-95
1598.12,00:04,3196,-62
1598.51,00:02,3197,-107
1598.54,00:03,3197,-95
1598.62,00:04,3197,-63
1599.01,00:02,3198,-107
1599.04,00:03,3198,-95
1599.12,00:04,3198,-63
1599.51,00:02,3199,-107
1599.54,00:03,3199,-95
1599.62,00:04,3199,-63
1600.01,00:02,3200,-107
1600.04,00:03,3200,-95
1600.12,00:04,3200,-64
1600.54,00:03,3201,-95
1600.62,00:04,3201,-64
1601.01,00:02,3202,-107
1601.04,00:03,3202,-95
1601.12,00:04,3202,-65
1601.51,00:02,3203,-107
1601.54,00:03,3203,-95
1601.62,00:04,3203,-65
1602.01,00:02,3204,-107
1602.04,00:03,3204,-95
1602.12,00:04,3204,-65
1602.51,00:02,3205,-107
1602.54,00:03,3205,-95
1602.62,00:04,3205,-66
1603.01,00:02,3206,-107
1603.04,00:03,3206,-95
1603.12,00:04,3206,-66
1603.51,00:02,3207,-107
1603.54,00:03,3207,-95
1603.62,00:04,3207,-66
1604.04,00:03,3208,-95
1604.12,00:04,3208,-67
1604.51,00:02,3209,-107
1604.54,00:03,3209,-95
1604.62,00:04,3209,-67
1605.01,00:02,3210,-108
1605.04,00:03,3210,-95
1605.12,00:04,3210,-67
1605.51,00:02,3211,-108
1605.54,00:03,3211,-95
1605.62,00:04,3211,-68
1606.01,00:02,3212,-108
1606.04,00:03,3212,-95
1606.12,00:04,3212,-68
1606.51,00:02,3213,-108
1606.54,00:03,3213,-95
1606.62,00:04,3213,-68
1607.04,00:03,3214,-102
1607.12,00:04,3214,-76
1607.54,00:03,3215,-101
1607.62,00:04,3215,-76
1608.04,00:03,3216,-101
1608.12,00:04,3216,-76
1608.54,00:03,3217,-101
1608.62,00:04,3217,-77
1609.04,00:03,3218,-101
1609.12,00:04,3218,-77
1609.54,00:03,3219,-101
1609.62,00:04,3219,-77
1610.04,00:03,3220,-101
1610.12,00:04,3220,-77
1610.54,00:03,3221,-101
1610.62,00:04,3221,-78
1611.04,00:03,3222,-101
1611.12,00:04,3222,-78
1611.54,00:03,3223,-101
1611.62,00:04,3223,-78
1612.04,00:03,3224,-101
1612.12,00:04,3224,-79
1612.54,00:03,3225,-101
1612.62,00:04,3225,-79
1613.04,00:03,3226,-101
1613.12,00:04,3226,-79
1613.54,00:03,3227,-101
1613.62,00:04,3227,-79
1614.04,00:03,3228,-101
1614.12,00:04,3228,-80
1614.54,00:03,3229,-101
1614.62,00:04,3229,-80
1615.04,00:03,3230,-101
1615.12,00:04,3230,-80
1615.54,00:03,3231,-101
1615.62,00:04,3231,-80
1616.04,00:03,3232,-101
1616.12,00:04,3232,-81
1616.54,00:03,3233,-101
1616.62,00:04,3233,-81
1617.04,00:03,3234,-101
1617.12,00:04,3234,-81
1617.54,00:03,3235,-101
1617.62,00:04,3235,-81
1618.04,00:03,3236,-101
1618.12,00:04,3236,-81
1618.54,00:03,3237,-101
1618.62,00:04,3237,-82
1619.04,00:03,3238,-101
1619.12,00:04,3238,-82
1619.54,00:03,3239,-101
1619.62,00:04,3239,-82
1620.04,00:03,3240,-101
1620.12,00:04,3240,-82
1620.54,00:03,3241,-101
1620.62,00:04,3241,-83
1621.04,00:03,3242,-101
1621.12,00:04,3242,-83
1621.54,00:03,3243,-101
1621.62,00:04,3243,-83
1622.04,00:03,3244,-101
1622.12,00:04,3244,-83
1622.54,00:03,3245,-101
1622.62,00:04,3245,-83
1623.04,00:03,3246,-94
1623.12,00:04,3246,-77
1623.54,00:03,3247,-94
1623.62,00:04,3247,-77
1624.04,00:03,3248,-94
1624.12,00:04,3248,-77
1624.54,00:03,3249,-94
1624.62,00:04,3249,-77
1625.04,00:03,3250,-94
1625.12,00:04,3250,-77
1625.54,00:03,3251,-94
1625.62,00:04,3251,-78
1626.01,00:02,3252,-110
1626.04,00:03,3252,-94
1626.12,00:04,3252,-78
1626.54,00:03,3253,-94
1626.62,00:04,3253,-78
1627.04,00:03,3254,-94
1627.12,00:04,3254,-78
1627.54,00:03,3255,-94
1627.62,00:04,3255,-78
1628.04,00:03,3256,-94
1628.12,00:04,3256,-78
1628.54,00:03,3257,-95
1628.62,00:04,3257,-78
1629.04,00:03,3258,-95
1629.12,00:04,3258,-78
1629.54,00:03,3259,-95
1629.62,00:04,3259,-78
1630.04,00:03,3260,-95
1630.12,00:04,3260,-78
1630.54,00:03,3261,-95
1630.62,00:04,3261,-78
1631.04,00:03,3262,-95
1631.12,00:04,3262,-78
1631.54,00:03,3263,-95
1631.62,00:04,3263,-78
1632.04,00:03,3264,-95
1632.12,00:04,3264,-77
1632.54,00:03,3265,-95
1632.62,00:04,3265,-77
1633.04,00:03,3266,-95
1633.12,00:04,3266,-77
1633.54,00:03,3267,-95
1633.62,00:04,3267,-77
1634.04,00:03,3268,-95
1634.12,00:04,3268,-77
1634.54,00:03,3269,-95
1634.62,00:04,3269,-77
1635.04,00:03,3270,-95
1635.12,00:04,3270,-76
1635.54,00:03,3271,-95
1635.62,00:04,3271,-76
1636.04,00:03,3272,-95
1636.12,00:04,3272,-76
1636.54,00:03,3273,-95
1636.62,00:04,3273,-76
1637.04,00:03,3274,-95
1637.12,00:04,3274,-75
1637.54,00:03,3275,-95
1637.62,00:04,3275,-75
1638.01,00:02,3276,-110
1638.04,00:03,3276,-95
1638.12,00:04,3276,-75
1638.54,00:03,3277,-95
1638.62,00:04,3277,-75
1639.04,00:03,3278,-95
1639.12,00:04,3278,-75
1639.54,00:03,3279,-95
1639.62,00:04,3279,-74
1640.04,00:03,3280,-95
1640.12,00:04,3280,-74
1640.51,00:02,3281,-109
1640.54,00:03,3281,-95
1640.62,00:04,3281,-74
1641.04,00:03,3282,-95
1641.12,00:04,3282,-74
1641.54,00:03,3283,-95
1641.62,00:04,3283,-73
1642.04,00:03,3284,-95
1642.12,00:04,3284,-73
1642.54,00:03,3285,-95
1642.62,00:04,3285,-73
1643.04,00:03,3286,-95
1643.12,00:04,3286,-73
1643.54,00:03,3287,-95
1643.62,00:04,3287,-72
1644.04,00:03,3288,-95
1644.12,00:04,3288,-72
1644.54,00:03,3289,-95
1644.62,00:04,3289,-72
1645.04,00:03,3290,-95
1645.12,00:04,3290,-72
1645.54,00:03,3291,-95
1645.62,00:04,3291,-71
1646.04,00:03,3292,-95
1646.12,00:04,3292,-71
1646.54,00:03,3293,-95
1646.62,00:04,3293,-71
1647.04,00:03,3294,-95
1647.12,00:04,3294,-70
1647.51,00:02,3295,-109
1647.54,00:03,3295,-95
1647.62,00:04,3295,-70
1648.04,00:03,3296,-95
1648.12,00:04,3296,-70
1648.54,00:03,3297,-95
1648.62,00:04,3297,-70
1649.04,00:03,3298,-95
1649.12,00:04,3298,-69
1649.51,00:02,3299,-108
1649.54,00:03,3299,-95
1649.62,00:04,3299,-69
1650.01,00:02,3300,-108
1650.04,00:03,3300,-95
1650.12,00:04,3300,-69
1650.54,00:03,3301,-95
1650.62,00:04,3301,-68
1651.01,00:02,3302,-108
1651.04,00:03,3302,-95
1651.12,00:04,3302,-68
1651.51,00:02,3303,-108
1651.54,00:03,3303,-96
1651.62,00:04,3303,-68
1652.01,00:02,3304,-108
1652.04,00:03,3304,-96
1652.12,00:04,3304,-67
1652.54,00:03,3305,-96
1652.62,00:04,3305,-67
1653.04,00:03,3306,-96
1653.12,00:04,3306,-67
1653.54,00:03,3307,-96
1653.62,00:04,3307,-66
1654.01,00:02,3308,-108
1654.04,00:03,3308,-96
1654.12,00:04,3308,-66
1654.54,00:03,3309,-96
1654.62,00:04,3309,-66
1655.01,00:02,3310,-108
1655.04,00:03,3310,-96
1655.12,00:04,3310,-65
1655.54,00:03,3311,-96
1655.62,00:04,3311,-65
1656.01,00:02,3312,-108
1656.04,00:03,3312,-96
1656.12,00:04,3312,-64
1656.51,00:02,3313,-108
1656.54,00:03,3313,-96
1656.62,00:04,3313,-64
1657.01,00:02,3314,-108
1657.04,00:03,3314,-96
1657.12,00:04,3314,-64
1657.51,00:02,3315,-108
1657.54,00:03,3315,-96
1657.62,00:04,3315,-63
1658.01,00:02,3316,-108
1658.04,00:03,3316,-96
1658.12,00:04,3316,-63
1658.51,00:02,3317,-108
1658.54,00:03,3317,-96
1658.62,00:04,3317,-62
1659.04,00:03,3318,-96
1659.12,00:04,3318,-62
1659.51,00:02,3319,-108
1659.54,00:03,3319,-96
1659.62,00:04,3319,-61
1660.01,00:02,3320,-107
1660.04,00:03,3320,-96
1660.12,00:04,3320,-61
1660.51,00:02,3321,-107
1660.54,00:03,3321,-96
1660.62,00:04,3321,-61
1661.01,00:02,3322,-107
1661.04,00:03,3322,-96
1661.12,00:04,3322,-61
1661.51,00:02,3323,-107
1661.54,00:03,3323,-96
1661.62,00:04,3323,-60
1662.01,00:02,3324,-107
1662.04,00:03,3324,-96
1662.12,00:04,3324,-60
1662.51,00:02,3325,-107
1662.54,00:03,3325,-96
1662.62,00:04,3325,-60
1663.01,00:02,3326,-107
1663.04,00:03,3326,-96
1663.12,00:04,3326,-59
1663.51,00:02,3327,-107
1663.54,00:03,3327,-96
1663.62,00:04,3327,-59
1664.01,00:02,3328,-107
1664.04,00:03,3328,-96
1664.12,00:04,3328,-59
1664.51,00:02,3329,-107
1664.54,00:03,3329,-96
1664.62,00:04,3329,-58
1665.01,00:02,3330,-107
1665.04,00:03,3330,-96
1665.12,00:04,3330,-58
1665.51,00:02,3331,-107
1665.54,00:03,3331,-96
1665.62,00:04,3331,-57
1666.01,00:02,3332,-107
1666.04,00:03,3332,-96
1666.12,00:04,3332,-57
1666.51,00:02,3333,-107
1666.54,00:03,3333,-96
1666.62,00:04,3333,-57
1667.01,00:02,3334,-107
1667.04,00:03,3334,-96
1667.12,00:04,3334,-56
1667.51,00:02,3335,-107
1667.54,00:03,3335,-96
1667.62,00:04,3335,-56
1668.01,00:02,3336,-107
1668.04,00:03,3336,-96
1668.12,00:04,3336,-55
1668.51,00:02,3337,-107
1668.54,00:03,3337,-96
1668.62,00:04,3337,-55
1669.01,00:02,3338,-107
1669.04,00:03,3338,-97
1669.12,00:04,3338,-54
1669.51,00:02,3339,-107
1669.54,00:03,3339,-97
1669.62,00:04,3339,-54
1670.01,00:02,3340,-107
1670.04,00:03,3340,-97
1670.12,00:04,3340,-53
1670.51,00:02,3341,-107
1670.54,00:03,3341,-97
1670.62,00:04,3341,-52
1671.01,00:02,3342,-107
1671.04,00:03,3342,-97
1671.12,00:04,3342,-52
1671.54,00:03,3343,-97
1671.62,00:04,3343,-51
1672.01,00:02,3344,-106
1672.04,00:03,3344,-97
1672.12,00:04,3344,-50
1672.51,00:02,3345,-106
1672.54,00:03,3345,-97
1672.62,00:04,3345,-50
1673.01,00:02,3346,-106
1673.04,00:03,3346,-97
1673.12,00:04,3346,-49
1673.51,00:02,3347,-106
1673.54,00:03,3347,-97
1673.62,00:04,3347,-48
1674.01,00:02,3348,-106
1674.04,00:03,3348,-97
1674.12,00:04,3348,-47
1674.51,00:02,3349,-106
1674.54,00:03,3349,-97
1674.62,00:04,3349,-46
1675.01,00:02,3350,-106
1675.04,00:03,3350,-97
1675.12,00:04,3350,-46
1675.51,00:02,3351,-106
1675.54,00:03,3351,-97
1675.62,00:04,3351,-45
1676.01,00:02,3352,-106
1676.04,00:03,3352,-97
1676.12,00:04,3352,-45
1676.51,00:02,3353,-106
1676.54,00:03,3353,-97
1676.62,00:04,3353,-44
1677.01,00:02,3354,-106
1677.04,00:03,3354,-97
1677.12,00:04,3354,-44
1677.51,00:02,3355,-106
1677.54,00:03,3355,-97
1677.62,00:04,3355,-44
1678.01,00:02,3356,-106
1678.04,00:03,3356,-97
1678.12,00:04,3356,-45
1678.51,00:02,3357,-106
1678.54,00:03,3357,-97
1678.62,00:04,3357,-45
1679.01,00:02,3358,-106
1679.04,00:03,3358,-97
1679.12,00:04,3358,-46
1679.51,00:02,3359,-106
1679.54,00:03,3359,-97
1679.62,00:04,3359,-47
1680.01,00:02,3360,-106
1680.04,00:03,3360,-97
1680.12,00:04,3360,-48
1680.51,00:02,3361,-106
1680.54,00:03,3361,-97
1680.62,00:04,3361,-48
1681.01,00:02,3362,-106
1681.04,00:03,3362,-97
1681.12,00:04,3362,-49
1681.51,00:02,3363,-106
1681.54,00:03,3363,-97
1681.62,00:04,3363,-50
1682.01,00:02,3364,-106
1682.04,00:03,3364,-98
1682.12,00:04,3364,-51
1682.51,00:02,3365,-106
1682.54,00:03,3365,-98
1682.62,00:04,3365,-51
1683.01,00:02,3366,-106
1683.04,00:03,3366,-98
1683.12,00:04,3366,-52
1683.51,00:02,3367,-106
1683.54,00:03,3367,-98
1683.62,00:04,3367,-53
1684.01,00:02,3368,-105
1684.04,00:03,3368,-98
1684.12,00:04,3368,-53
1684.51,00:02,3369,-105
1684.54,00:03,3369,-98
1684.62,00:04,3369,-54
1685.01,00:02,3370,-105
1685.04,00:03,3370,-98
1685.12,00:04,3370,-54
1685.51,00:02,3371,-105
1685.54,00:03,3371,-98
1685.62,00:04,3371,-55
1686.01,00:02,3372,-105
1686.04,00:03,3372,-98
1686.12,00:04,3372,-55
1686.51,00:02,3373,-105
1686.54,00:03,3373,-98
1686.62,00:04,3373,-56
1687.01,00:02,3374,-105
1687.04,00:03,3374,-98
1687.12,00:04,3374,-56
1687.51,00:02,3375,-105
1687.54,00:03,3375,-98
1687.62,00:04,3375,-57
1688.01,00:02,3376,-105
1688.04,00:03,3376,-98
1688.12,00:04,3376,-57
1688.51,00:02,3377,-105
1688.54,00:03,3377,-98
1688.62,00:04,3377,-58
1689.01,00:02,3378,-105
1689.04,00:03,3378,-98
1689.12,00:04,3378,-58
1689.51,00:02,3379,-105
1689.54,00:03,3379,-98
1689.62,00:04,3379,-58
1690.01,00:02,3380,-105
1690.04,00:03,3380,-98
1690.12,00:04,3380,-59
1690.51,00:02,3381,-105
1690.54,00:03,3381,-98
1690.62,00:04,3381,-59
1691.01,00:02,3382,-105
1691.04,00:03,3382,-98
1691.12,00:04,3382,-59
1691.51,00:02,3383,-105
1691.54,00:03,3383,-98
1691.62,00:04,3383,-60
1692.01,00:02,3384,-105
1692.04,00:03,3384,-98
1692.12,00:04,3384,-60
1692.51,00:02,3385,-105
1692.54,00:03,3385,-98
1692.62,00:04,3385,-60
1693.01,00:02,3386,-105
1693.04,00:03,3386,-99
1693.12,00:04,3386,-61
1693.51,00:02,3387,-105
1693.53,00:03,3387,-99
1693.62,00:04,3387,-61
1694.01,00:02,3388,-105
1694.04,00:03,3388,-99
1694.12,00:04,3388,-61
1694.51,00:02,3389,-105
1694.53,00:03,3389,-99
1694.62,00:04,3389,-62
1695.01,00:02,3390,-105
1695.04,00:03,3390,-99
1695.12,00:04,3390,-62
1695.51,00:02,3391,-105
1695.54,00:03,3391,-99
1695.62,00:04,3391,-62
1696.01,00:02,3392,-105
1696.04,00:03,3392,-99
1696.12,00:04,3392,-63
1696.51,00:02,3393,-105
1696.54,00:03,3393,-99
1696.62,00:04,3393,-63
1697.01,00:02,3394,-105
1697.04,00:03,3394,-99
1697.12,00:04,3394,-64
1697.51,00:02,3395,-105
1697.54,00:03,3395,-99
1697.62,00:04,3395,-64
1698.01,00:02,3396,-105
1698.04,00:03,3396,-99
1698.12,00:04,3396,-65
1698.51,00:02,3397,-105
1698.54,00:03,3397,-99
1698.62,00:04,3397,-65
1699.01,00:02,3398,-105
1699.04,00:03,3398,-99
1699.12,00:04,3398,-65
1699.51,00:02,3399,-105
1699.54,00:03,3399,-99
1699.62,00:04,3399,-66
1700.01,00:02,3400,-105
1700.04,00:03,3400,-99
1700.12,00:04,3400,-66
1700.51,00:02,3401,-105
1700.54,00:03,3401,-99
1700.62,00:04,3401,-66
1701.01,00:02,3402,-104
1701.04,00:03,3402,-99
1701.12,00:04,3402,-67
1701.51,00:02,3403,-104
1701.54,00:03,3403,-99
1701.62,00:04,3403,-67
1702.01,00:02,3404,-104
1702.04,00:03,3404,-99
1702.12,00:04,3404,-67
1702.51,00:02,3405,-104
1702.54,00:03,3405,-99
1702.62,00:04,3405,-68
1703.01,00:02,3406,-104
1703.04,00:03,3406,-99
1703.12,00:04,3406,-68
1703.51,00:02,3407,-104
1703.54,00:03,3407,-99
1703.62,00:04,3407,-68
1704.01,00:02,3408,-104
1704.04,00:03,3408,-100
1704.12,00:04,3408,-69
1704.51,00:02,3409,-104
1704.54,00:03,3409,-100
1704.62,00:04,3409,-69
1705.01,00:02,3410,-104
1705.04,00:03,3410,-100
1705.12,00:04,3410,-69
1705.51,00:02,3411,-104
1705.54,00:03,3411,-100
1705.62,00:04,3411,-70
1706.01,00:02,3412,-104
1706.04,00:03,3412,-100
1706.12,00:04,3412,-70
1706.51,00:02,3413,-104
1706.54,00:03,3413,-100
1706.62,00:04,3413,-70
1707.01,00:02,3414,-104
1707.04,00:03,3414,-100
1707.12,00:04,3414,-71
1707.51,00:02,3415,-104
1707.54,00:03,3415,-100
1707.62,00:04,3415,-71
1708.01,00:02,3416,-104
1708.04,00:03,3416,-100
1708.12,00:04,3416,-71
1708.51,00:02,3417,-104
1708.54,00:03,3417,-100
1708.62,00:04,3417,-71
1709.01,00:02,3418,-104
1709.04,00:03,3418,-100
1709.12,00:04,3418,-72
1709.51,00:02,3419,-104
1709.54,00:03,3419,-100
1709.62,00:04,3419,-72
1710.01,00:02,3420,-104
1710.04,00:03,3420,-100
1710.12,00:04,3420,-72
1710.51,00:02,3421,-104
1710.54,00:03,3421,-100
1710.62,00:04,3421,-73
1711.01,00:02,3422,-104
1711.04,00:03,3422,-100
1711.12,00:04,3422,-73
1711.51,00:02,3423,-104
1711.54,00:03,3423,-100
1711.62,00:04,3423,-73
1712.01,00:02,3424,-104
1712.03,00:03,3424,-100
1712.12,00:04,3424,-73
1712.51,00:02,3425,-104
1712.54,00:03,3425,-100
1712.62,00:04,3425,-74
1713.01,00:02,3426,-104
1713.03,00:03,3426,-100
1713.12,00:04,3426,-74
1713.51,00:02,3427,-104
1713.54,00:03,3427,-100
1713.62,00:04,3427,-74
1714.01,00:02,3428,-104
1714.04,00:03,3428,-101
1714.12,00:04,3428,-74
1714.51,00:02,3429,-104
1714.54,00:03,3429,-101
1714.62,00:04,3429,-74
1715.01,00:02,3430,-104
1715.03,00:03,3430,-101
1715.12,00:04,3430,-75
1715.51,00:02,3431,-104
1715.54,00:03,3431,-101
1715.62,00:04,3431,-75
1716.01,00:02,3432,-104
1716.04,00:03,3432,-101
1716.12,00:04,3432,-75
1716.51,00:02,3433,-104
1716.54,00:03,3433,-101
1716.62,00:04,3433,-75
1717.01,00:02,3434,-104
1717.04,00:03,3434,-101
1717.12,00:04,3434,-76
1717.51,00:02,3435,-104
1717.54,00:03,3435,-101
1717.62,00:04,3435,-76
1718.01,00:02,3436,-104
1718.04,00:03,3436,-101
1718.12,00:04,3436,-76
1718.51,00:02,3437,-104
1718.54,00:03,3437,-101
1718.62,00:04,3437,-76
1719.01,00:02,3438,-104
1719.04,00:03,3438,-101
1719.12,00:04,3438,-76
1719.51,00:02,3439,-104
1719.54,00:03,3439,-101
1719.62,00:04,3439,-77
1720.01,00:02,3440,-104
1720.04,00:03,3440,-101
1720.12,00:04,3440,-77
1720.51,00:02,3441,-104
1720.54,00:03,3441,-101
1720.62,00:04,3441,-77
1721.01,00:02,3442,-104
1721.04,00:03,3442,-101
1721.12,00:04,3442,-77
1721.51,00:02,3443,-104
1721.54,00:03,3443,-101
1721.62,00:04,3443,-77
