Time_s,Src_MAC,Seq_Num,RSSI_dBm
0.00509042,00:02,0,-44
0.056796,00:03,0,-95
0.106677,00:04,0,-99
0.507613,00:02,1,-45
0.555962,00:03,1,-95
0.605364,00:04,1,-99
1.00488,00:02,2,-45
1.05458,00:03,2,-95
1.10672,00:04,2,-99
1.50535,00:02,3,-45
1.55555,00:03,3,-94
1.60602,00:04,3,-99
2.00559,00:02,4,-46
2.05492,00:03,4,-94
2.10484,00:04,4,-99
2.50539,00:02,5,-46
2.55531,00:03,5,-94
2.60454,00:04,5,-99
3.0056,00:02,6,-47
3.05598,00:03,6,-94
3.10589,00:04,6,-99
3.50661,00:02,7,-48
3.55668,00:03,7,-94
3.60661,00:04,7,-99
4.00816,00:02,8,-48
4.05661,00:03,8,-94
4.10643,00:04,8,-99
4.5047,00:02,9,-49
4.55597,00:03,9,-94
4.60463,00:04,9,-99
5.00682,00:02,10,-49
5.05349,00:03,10,-94
5.10511,00:04,10,-99
5.50687,00:02,11,-50
5.55449,00:03,11,-94
5.60433,00:04,11,-99
6.00722,00:02,12,-51
6.05661,00:03,12,-94
6.10657,00:04,12,-99
6.50628,00:02,13,-51
6.55372,00:03,13,-93
6.60596,00:04,13,-99
7.00643,00:02,14,-52
7.05586,00:03,14,-93
7.10683,00:04,14,-99
7.50426,00:02,15,-52
7.55557,00:03,15,-93
7.6065,00:04,15,-99
8.00545,00:02,16,-53
8.05716,00:03,16,-93
8.10534,00:04,16,-99
8.50679,00:02,17,-53
8.55578,00:03,17,-93
8.60615,00:04,17,-99
9.0071,00:02,18,-54
9.05472,00:03,18,-93
9.10642,00:04,18,-99
9.50487,00:02,19,-54
9.55557,00:03,19,-93
9.60493,00:04,19,-99
10.0062,00:02,20,-55
10.0567,00:03,20,-93
10.1051,00:04,20,-99
10.5056,00:02,21,-55
10.5547,00:03,21,-93
10.6077,00:04,21,-99
11.0055,00:02,22,-56
11.0538,00:03,22,-92
11.1057,00:04,22,-99
11.5061,00:02,23,-56
11.554,00:03,23,-92
11.6052,00:04,23,-99
12.0057,00:02,24,-56
12.056,00:03,24,-92
12.1061,00:04,24,-99
12.5066,00:02,25,-57
12.5552,00:03,25,-92
12.6055,00:04,25,-99
13.0059,00:02,26,-57
13.0562,00:03,26,-92
13.1053,00:04,26,-98
13.5057,00:02,27,-57
13.5573,00:03,27,-92
13.6042,00:04,27,-98
14.0063,00:02,28,-58
14.0558,00:03,28,-92
14.1065,00:04,28,-98
14.5078,00:02,29,-58
14.5552,00:03,29,-92
14.606,00:04,29,-98
15.0049,00:02,30,-58
15.0555,00:03,30,-92
15.1056,00:04,30,-98
15.507,00:02,31,-59
15.5566,00:03,31,-91
15.6061,00:04,31,-98
16.0054,00:02,32,-59
16.0548,00:03,32,-91
16.1063,00:04,32,-98
16.5056,00:02,33,-59
16.5561,00:03,33,-91
16.6062,00:04,33,-98
17.0064,00:02,34,-59
17.0537,00:03,34,-91
17.106,00:04,34,-98
17.5073,00:02,35,-60
17.5534,00:03,35,-91
17.6065,00:04,35,-98
18.0057,00:02,36,-60
18.0551,00:03,36,-91
18.1067,00:04,36,-98
18.507,00:02,37,-61
18.5559,00:03,37,-91
18.6051,00:04,37,-98
19.0068,00:02,38,-61
19.0545,00:03,38,-91
19.106,00:04,38,-98
19.5062,00:02,39,-62
19.556,00:03,39,-90
19.6057,00:04,39,-98
20.0047,00:02,40,-62
20.0558,00:03,40,-90
20.1055,00:04,40,-98
20.5059,00:02,41,-62
20.5553,00:03,41,-90
20.6051,00:04,41,-98
21.0055,00:02,42,-63
21.0541,00:03,42,-90
21.1043,00:04,42,-98
21.5058,00:02,43,-63
21.5542,00:03,43,-90
21.6069,00:04,43,-98
22.0071,00:02,44,-64
22.0547,00:03,44,-90
22.1043,00:04,44,-98
22.5075,00:02,45,-64
22.5557,00:03,45,-90
22.6047,00:04,45,-98
23.0078,00:02,46,-64
23.0544,00:03,46,-90
23.1055,00:04,46,-98
23.5054,00:02,47,-65
23.5544,00:03,47,-89
23.606,00:04,47,-98
24.0064,00:02,48,-65
24.0553,00:03,48,-89
24.1045,00:04,48,-98
24.5044,00:02,49,-65
24.5542,00:03,49,-89
24.6049,00:04,49,-98
25.007,00:02,50,-66
25.0558,00:03,50,-89
25.1057,00:04,50,-98
25.5066,00:02,51,-66
25.5543,00:03,51,-89
25.6054,00:04,51,-98
26.0049,00:02,52,-66
26.0556,00:03,52,-89
26.1075,00:04,52,-98
26.5067,00:02,53,-67
26.5548,00:03,53,-89
26.6068,00:04,53,-98
27.0056,00:02,54,-67
27.0558,00:03,54,-89
27.1051,00:04,54,-98
27.5052,00:02,55,-67
27.5555,00:03,55,-88
27.6064,00:04,55,-98
28.0065,00:02,56,-68
28.0562,00:03,56,-88
28.1059,00:04,56,-98
28.5075,00:02,57,-68
28.5561,00:03,57,-88
28.6061,00:04,57,-98
29.0063,00:02,58,-68
29.0551,00:03,58,-88
29.1063,00:04,58,-98
29.5068,00:02,59,-69
29.5549,00:03,59,-88
29.6061,00:04,59,-98
30.0047,00:02,60,-69
30.055,00:03,60,-88
30.1045,00:04,60,-98
30.5049,00:02,61,-69
30.5564,00:03,61,-88
30.6071,00:04,61,-98
31.0066,00:02,62,-69
31.0553,00:03,62,-87
31.106,00:04,62,-98
31.5075,00:02,63,-70
31.5557,00:03,63,-87
31.6061,00:04,63,-98
32.0074,00:02,64,-70
32.0554,00:03,64,-87
32.106,00:04,64,-98
32.505,00:02,65,-70
32.5539,00:03,65,-87
32.6056,00:04,65,-98
33.0076,00:02,66,-70
33.0554,00:03,66,-87
33.1057,00:04,66,-98
33.5058,00:02,67,-71
33.555,00:03,67,-87
33.6059,00:04,67,-98
34.0065,00:02,68,-71
34.0551,00:03,68,-86
34.1067,00:04,68,-98
34.5079,00:02,69,-71
34.5556,00:03,69,-86
34.6055,00:04,69,-98
35.0073,00:02,70,-71
35.0561,00:03,70,-86
35.108,00:04,70,-97
35.5075,00:02,71,-72
35.5558,00:03,71,-86
35.6076,00:04,71,-97
36.0083,00:02,72,-72
36.0545,00:03,72,-86
36.1054,00:04,72,-97
36.5082,00:02,73,-72
36.5547,00:03,73,-86
36.6068,00:04,73,-97
37.0071,00:02,74,-72
37.0539,00:03,74,-86
37.1065,00:04,74,-97
37.5058,00:02,75,-73
37.5538,00:03,75,-85
37.607,00:04,75,-97
38.0058,00:02,76,-73
38.0548,00:03,76,-85
38.1069,00:04,76,-97
38.5072,00:02,77,-73
38.5564,00:03,77,-85
38.6068,00:04,77,-97
39.0051,00:02,78,-73
39.0562,00:03,78,-85
39.1057,00:04,78,-97
39.5074,00:02,79,-74
39.5542,00:03,79,-85
39.6081,00:04,79,-97
40.0076,00:02,80,-74
40.0545,00:03,80,-85
40.1074,00:04,80,-97
40.5072,00:02,81,-74
40.554,00:03,81,-84
40.6054,00:04,81,-97
41.0083,00:02,82,-74
41.0553,00:03,82,-84
41.1069,00:04,82,-97
41.5053,00:02,83,-74
41.5569,00:03,83,-84
41.6079,00:04,83,-97
42.0076,00:02,84,-75
42.0538,00:03,84,-84
42.107,00:04,84,-97
42.5065,00:02,85,-75
42.557,00:03,85,-84
42.6058,00:04,85,-97
43.0054,00:02,86,-75
43.0551,00:03,86,-83
43.1063,00:04,86,-97
43.507,00:02,87,-75
43.5548,00:03,87,-83
43.6067,00:04,87,-97
44.0056,00:02,88,-75
44.0543,00:03,88,-83
44.1072,00:04,88,-97
44.507,00:02,89,-76
44.5531,00:03,89,-83
44.6055,00:04,89,-97
45.0066,00:02,90,-76
45.055,00:03,90,-83
45.1047,00:04,90,-97
45.5067,00:02,91,-76
45.5571,00:03,91,-83
45.6062,00:04,91,-97
46.0069,00:02,92,-76
46.0548,00:03,92,-82
46.1062,00:04,92,-97
46.508,00:02,93,-76
46.5546,00:03,93,-82
46.6048,00:04,93,-97
47.0064,00:02,94,-77
47.0553,00:03,94,-82
47.1069,00:04,94,-97
47.507,00:02,95,-77
47.5547,00:03,95,-82
47.6043,00:04,95,-97
48.0069,00:02,96,-77
48.0551,00:03,96,-82
48.1064,00:04,96,-97
48.507,00:02,97,-77
48.5537,00:03,97,-81
48.6079,00:04,97,-97
49.0071,00:02,98,-77
49.0553,00:03,98,-81
49.1055,00:04,98,-97
49.5077,00:02,99,-77
49.5551,00:03,99,-81
49.6049,00:04,99,-97
50.0073,00:02,100,-78
50.0549,00:03,100,-81
50.1067,00:04,100,-97
50.5054,00:02,101,-78
50.5556,00:03,101,-80
50.6061,00:04,101,-97
51.0079,00:02,102,-78
51.0548,00:03,102,-80
51.1066,00:04,102,-97
51.507,00:02,103,-78
51.5536,00:03,103,-80
51.6067,00:04,103,-97
52.008,00:02,104,-78
52.0552,00:03,104,-80
52.1067,00:04,104,-97
52.506,00:02,105,-78
52.5558,00:03,105,-80
52.6067,00:04,105,-97
53.0064,00:02,106,-79
53.0539,00:03,106,-79
53.107,00:04,106,-97
53.5082,00:02,107,-79
53.5561,00:03,107,-79
53.6053,00:04,107,-97
54.007,00:02,108,-79
54.0536,00:03,108,-79
54.1058,00:04,108,-97
54.5066,00:02,109,-79
54.5545,00:03,109,-79
54.6059,00:04,109,-97
55.0061,00:02,110,-79
55.0558,00:03,110,-78
55.1079,00:04,110,-98
55.5068,00:02,111,-79
55.5535,00:03,111,-78
55.6085,00:04,111,-98
56.0061,00:02,112,-80
56.0557,00:03,112,-78
56.1058,00:04,112,-98
56.5085,00:02,113,-80
56.5555,00:03,113,-78
56.6052,00:04,113,-98
57.0068,00:02,114,-80
57.0536,00:03,114,-77
57.1048,00:04,114,-98
57.5064,00:02,115,-80
57.5535,00:03,115,-77
57.6069,00:04,115,-98
58.0069,00:02,116,-80
58.0567,00:03,116,-77
58.1083,00:04,116,-98
58.5061,00:02,117,-80
58.5539,00:03,117,-77
58.6062,00:04,117,-98
59.0082,00:02,118,-80
59.0539,00:03,118,-76
59.107,00:04,118,-98
59.5063,00:02,119,-81
59.5556,00:03,119,-76
59.6068,00:04,119,-98
60.0065,00:02,120,-81
60.0545,00:03,120,-76
60.1047,00:04,120,-98
60.5065,00:02,121,-81
60.5531,00:03,121,-75
60.6064,00:04,121,-98
61.0082,00:02,122,-81
61.0556,00:03,122,-75
61.107,00:04,122,-98
61.5083,00:02,123,-81
61.5554,00:03,123,-75
61.6054,00:04,123,-98
62.0066,00:02,124,-81
62.0556,00:03,124,-75
62.1077,00:04,124,-98
62.5061,00:02,125,-81
62.555,00:03,125,-74
62.6051,00:04,125,-98
63.0049,00:02,126,-82
63.0558,00:03,126,-74
63.105,00:04,126,-98
63.5061,00:02,127,-82
63.554,00:03,127,-74
63.6069,00:04,127,-98
64.007,00:02,128,-82
64.0552,00:03,128,-73
64.1072,00:04,128,-98
64.5075,00:02,129,-82
64.5569,00:03,129,-73
64.607,00:04,129,-98
65.0059,00:02,130,-82
65.0562,00:03,130,-73
65.1074,00:04,130,-98
65.5052,00:02,131,-82
65.5563,00:03,131,-72
65.6065,00:04,131,-98
66.0072,00:02,132,-82
66.0563,00:03,132,-72
66.1059,00:04,132,-98
66.5047,00:02,133,-83
66.5562,00:03,133,-72
66.6054,00:04,133,-98
67.0051,00:02,134,-83
67.0546,00:03,134,-71
67.1068,00:04,134,-98
67.5064,00:02,135,-83
67.5544,00:03,135,-71
67.6075,00:04,135,-98
68.0081,00:02,136,-83
68.0551,00:03,136,-70
68.1054,00:04,136,-98
68.5078,00:02,137,-83
68.5539,00:03,137,-70
68.6075,00:04,137,-98
69.0081,00:02,138,-83
69.0553,00:03,138,-70
69.106,00:04,138,-98
69.5071,00:02,139,-83
69.5535,00:03,139,-69
69.6065,00:04,139,-98
70.0065,00:02,140,-83
70.0554,00:03,140,-69
70.107,00:04,140,-98
70.5074,00:02,141,-84
70.5547,00:03,141,-68
70.6077,00:04,141,-98
71.0078,00:02,142,-84
71.0532,00:03,142,-68
71.1079,00:04,142,-98
71.5083,00:02,143,-84
71.5546,00:03,143,-68
71.6049,00:04,143,-98
72.0067,00:02,144,-84
72.0551,00:03,144,-67
72.1046,00:04,144,-98
72.5066,00:02,145,-84
72.5557,00:03,145,-67
72.6072,00:04,145,-98
73.0078,00:02,146,-84
73.0553,00:03,146,-66
73.1067,00:04,146,-98
73.5082,00:02,147,-84
73.5559,00:03,147,-66
73.607,00:04,147,-98
74.0062,00:02,148,-84
74.055,00:03,148,-66
74.1056,00:04,148,-98
74.5066,00:02,149,-85
74.5543,00:03,149,-66
74.6078,00:04,149,-98
75.007,00:02,150,-85
75.0538,00:03,150,-65
75.1061,00:04,150,-98
75.5071,00:02,151,-85
75.5547,00:03,151,-65
75.6071,00:04,151,-98
76.0065,00:02,152,-85
76.0547,00:03,152,-65
76.1063,00:04,152,-98
76.5066,00:02,153,-85
76.555,00:03,153,-64
76.6065,00:04,153,-98
77.0061,00:02,154,-85
77.0543,00:03,154,-64
77.1082,00:04,154,-98
77.5064,00:02,155,-85
77.5534,00:03,155,-64
77.6068,00:04,155,-99
78.0086,00:02,156,-85
78.0531,00:03,156,-63
78.1068,00:04,156,-99
78.5058,00:02,157,-85
78.5548,00:03,157,-63
78.6082,00:04,157,-99
79.007,00:02,158,-86
79.0531,00:03,158,-62
79.1062,00:04,158,-99
79.5084,00:02,159,-86
79.5553,00:03,159,-62
79.6062,00:04,159,-99
80.0056,00:02,160,-86
80.0549,00:03,160,-62
80.1078,00:04,160,-99
80.5066,00:02,161,-86
80.555,00:03,161,-61
80.6061,00:04,161,-99
81.0069,00:02,162,-86
81.0528,00:03,162,-61
81.1053,00:04,162,-99
81.5071,00:02,163,-86
81.5539,00:03,163,-60
81.6073,00:04,163,-99
82.0076,00:02,164,-86
82.0545,00:03,164,-60
82.1064,00:04,164,-99
82.5076,00:02,165,-86
82.5548,00:03,165,-59
82.6063,00:04,165,-99
83.0071,00:02,166,-86
83.0547,00:03,166,-59
83.1077,00:04,166,-99
83.5073,00:02,167,-86
83.5562,00:03,167,-58
83.6071,00:04,167,-99
84.0071,00:02,168,-87
84.0541,00:03,168,-58
84.1058,00:04,168,-99
84.5077,00:02,169,-87
84.5557,00:03,169,-57
84.605,00:04,169,-99
85.0064,00:02,170,-87
85.0535,00:03,170,-56
85.1074,00:04,170,-99
85.5075,00:02,171,-87
85.555,00:03,171,-56
85.6052,00:04,171,-99
86.0083,00:02,172,-87
86.0535,00:03,172,-55
86.1072,00:04,172,-99
86.5077,00:02,173,-87
86.5535,00:03,173,-54
86.608,00:04,173,-99
87.0065,00:02,174,-87
87.0544,00:03,174,-54
87.1079,00:04,174,-99
87.5075,00:02,175,-87
87.5557,00:03,175,-53
87.6076,00:04,175,-99
88.0079,00:02,176,-87
88.0554,00:03,176,-53
88.1062,00:04,176,-99
88.5064,00:02,177,-87
88.5532,00:03,177,-52
88.6075,00:04,177,-99
89.0057,00:02,178,-88
89.0551,00:03,178,-52
89.1059,00:04,178,-99
89.5048,00:02,179,-88
89.5546,00:03,179,-51
89.6082,00:04,179,-99
90.0072,00:02,180,-88
90.0533,00:03,180,-52
90.106,00:04,180,-99
90.5076,00:02,181,-88
90.5549,00:03,181,-53
90.6077,00:04,181,-99
91.0073,00:02,182,-88
91.0541,00:03,182,-53
91.1072,00:04,182,-99
91.5073,00:02,183,-88
91.5533,00:03,183,-54
91.6057,00:04,183,-99
92.0058,00:02,184,-88
92.0548,00:03,184,-55
92.1089,00:04,184,-99
92.5055,00:02,185,-88
92.5534,00:03,185,-56
92.6072,00:04,185,-99
93.0077,00:02,186,-88
93.0561,00:03,186,-57
93.1076,00:04,186,-99
93.5055,00:02,187,-88
93.5545,00:03,187,-57
93.6075,00:04,187,-99
94.0067,00:02,188,-88
94.0552,00:03,188,-58
94.1071,00:04,188,-99
94.5078,00:02,189,-88
94.5564,00:03,189,-59
94.6067,00:04,189,-99
95.008,00:02,190,-88
95.0547,00:03,190,-59
95.1078,00:04,190,-99
95.5065,00:02,191,-88
95.5555,00:03,191,-59
95.6069,00:04,191,-99
96.006,00:02,192,-88
96.0527,00:03,192,-59
96.1067,00:04,192,-99
96.5054,00:02,193,-88
96.5549,00:03,193,-59
96.6067,00:04,193,-99
97.0073,00:02,194,-88
97.053,00:03,194,-59
97.106,00:04,194,-99
97.5077,00:02,195,-88
97.5546,00:03,195,-59
97.6056,00:04,195,-99
98.007,00:02,196,-87
98.0527,00:03,196,-59
98.1082,00:04,196,-98
98.5055,00:02,197,-87
98.5543,00:03,197,-60
98.6065,00:04,197,-98
99.0065,00:02,198,-87
99.0552,00:03,198,-60
99.1067,00:04,198,-98
99.508,00:02,199,-87
99.5545,00:03,199,-60
99.6064,00:04,199,-98
100.005,00:02,200,-87
100.055,00:03,200,-60
100.107,00:04,200,-98
100.506,00:02,201,-87
100.556,00:03,201,-60
100.606,00:04,201,-98
101.008,00:02,202,-87
101.053,00:03,202,-61
101.106,00:04,202,-98
101.508,00:02,203,-87
101.554,00:03,203,-61
101.607,00:04,203,-98
102.007,00:02,204,-87
102.054,00:03,204,-61
102.106,00:04,204,-98
102.507,00:02,205,-87
102.555,00:03,205,-62
102.606,00:04,205,-98
103.008,00:02,206,-86
103.054,00:03,206,-62
103.106,00:04,206,-98
103.507,00:02,207,-86
103.555,00:03,207,-62
103.607,00:04,207,-98
104.006,00:02,208,-86
104.055,00:03,208,-62
104.107,00:04,208,-98
104.507,00:02,209,-86
104.552,00:03,209,-63
104.607,00:04,209,-98
105.006,00:02,210,-86
105.055,00:03,210,-63
105.106,00:04,210,-98
105.507,00:02,211,-86
105.553,00:03,211,-63
105.606,00:04,211,-98
106.007,00:02,212,-86
106.055,00:03,212,-64
106.107,00:04,212,-98
106.507,00:02,213,-86
106.555,00:03,213,-64
106.606,00:04,213,-98
107.007,00:02,214,-86
107.056,00:03,214,-64
107.107,00:04,214,-98
107.507,00:02,215,-85
107.554,00:03,215,-64
107.606,00:04,215,-98
108.006,00:02,216,-85
108.055,00:03,216,-65
108.107,00:04,216,-98
108.506,00:02,217,-85
108.554,00:03,217,-65
108.606,00:04,217,-98
109.005,00:02,218,-85
109.054,00:03,218,-65
109.109,00:04,218,-98
109.505,00:02,219,-85
109.556,00:03,219,-66
109.605,00:04,219,-98
110.007,00:02,220,-85
110.054,00:03,220,-66
110.106,00:04,220,-98
110.506,00:02,221,-85
110.555,00:03,221,-66
110.605,00:04,221,-97
111.009,00:02,222,-85
111.055,00:03,222,-66
111.107,00:04,222,-97
111.507,00:02,223,-85
111.555,00:03,223,-67
111.608,00:04,223,-97
112.008,00:02,224,-84
112.054,00:03,224,-67
112.106,00:04,224,-97
112.509,00:02,225,-84
112.554,00:03,225,-67
112.605,00:04,225,-97
113.008,00:02,226,-84
113.054,00:03,226,-68
113.106,00:04,226,-97
113.507,00:02,227,-84
113.554,00:03,227,-68
113.607,00:04,227,-97
114.006,00:02,228,-84
114.054,00:03,228,-68
114.106,00:04,228,-97
114.507,00:02,229,-84
114.555,00:03,229,-69
114.608,00:04,229,-97
115.007,00:02,230,-84
115.056,00:03,230,-69
115.107,00:04,230,-97
115.507,00:02,231,-84
115.555,00:03,231,-70
115.607,00:04,231,-97
116.007,00:02,232,-84
116.055,00:03,232,-70
116.108,00:04,232,-97
116.508,00:02,233,-83
116.553,00:03,233,-70
116.609,00:04,233,-97
117.006,00:02,234,-83
117.056,00:03,234,-71
117.107,00:04,234,-97
117.508,00:02,235,-83
117.553,00:03,235,-71
117.606,00:04,235,-97
118.007,00:02,236,-83
118.054,00:03,236,-71
118.107,00:04,236,-97
118.506,00:02,237,-83
118.555,00:03,237,-72
118.606,00:04,237,-97
119.008,00:02,238,-83
119.055,00:03,238,-72
119.107,00:04,238,-97
119.507,00:02,239,-83
119.555,00:03,239,-72
119.607,00:04,239,-97
120.006,00:02,240,-83
120.055,00:03,240,-73
120.109,00:04,240,-97
120.506,00:02,241,-82
120.555,00:03,241,-73
120.609,00:04,241,-97
121.006,00:02,242,-82
121.054,00:03,242,-73
121.109,00:04,242,-97
121.506,00:02,243,-82
121.554,00:03,243,-74
121.608,00:04,243,-97
122.008,00:02,244,-82
122.055,00:03,244,-74
122.108,00:04,244,-97
122.506,00:02,245,-82
122.554,00:03,245,-74
122.607,00:04,245,-97
123.007,00:02,246,-82
123.054,00:03,246,-75
123.108,00:04,246,-97
123.508,00:02,247,-82
123.554,00:03,247,-75
123.606,00:04,247,-97
124.006,00:02,248,-81
124.052,00:03,248,-75
124.108,00:04,248,-97
124.508,00:02,249,-81
124.554,00:03,249,-75
124.608,00:04,249,-97
125.007,00:02,250,-81
125.054,00:03,250,-76
125.107,00:04,250,-97
125.506,00:02,251,-81
125.554,00:03,251,-76
125.608,00:04,251,-97
126.007,00:02,252,-81
126.053,00:03,252,-76
126.106,00:04,252,-97
126.505,00:02,253,-81
126.554,00:03,253,-77
126.607,00:04,253,-97
127.008,00:02,254,-81
127.053,00:03,254,-77
127.109,00:04,254,-97
127.508,00:02,255,-80
127.554,00:03,255,-77
127.606,00:04,255,-97
128.009,00:02,256,-80
128.053,00:03,256,-77
128.107,00:04,256,-97
128.507,00:02,257,-80
128.555,00:03,257,-78
128.607,00:04,257,-97
129.008,00:02,258,-80
129.055,00:03,258,-78
129.106,00:04,258,-97
129.507,00:02,259,-80
129.553,00:03,259,-78
129.607,00:04,259,-97
130.008,00:02,260,-80
130.054,00:03,260,-78
130.107,00:04,260,-97
130.507,00:02,261,-80
130.554,00:03,261,-79
130.608,00:04,261,-96
131.007,00:02,262,-79
131.055,00:03,262,-79
131.108,00:04,262,-96
131.506,00:02,263,-79
131.555,00:03,263,-79
131.609,00:04,263,-96
132.007,00:02,264,-79
132.054,00:03,264,-79
132.106,00:04,264,-96
132.506,00:02,265,-79
132.555,00:03,265,-79
132.607,00:04,265,-96
133.008,00:02,266,-86
133.054,00:03,266,-87
133.107,00:04,266,-103
133.509,00:02,267,-86
133.553,00:03,267,-87
133.609,00:04,267,-103
134.006,00:02,268,-85
134.054,00:03,268,-87
134.109,00:04,268,-103
134.506,00:02,269,-85
134.552,00:03,269,-87
134.606,00:04,269,-103
135.008,00:02,270,-85
135.052,00:03,270,-88
135.109,00:04,270,-103
135.508,00:02,271,-85
135.553,00:03,271,-88
135.608,00:04,271,-103
136.006,00:02,272,-85
136.052,00:03,272,-88
136.108,00:04,272,-103
136.508,00:02,273,-85
136.554,00:03,273,-88
136.607,00:04,273,-103
137.007,00:02,274,-84
137.055,00:03,274,-88
137.108,00:04,274,-103
137.507,00:02,275,-84
137.553,00:03,275,-89
137.607,00:04,275,-103
138.006,00:02,276,-84
138.053,00:03,276,-89
138.108,00:04,276,-103
138.507,00:02,277,-84
138.553,00:03,277,-89
138.607,00:04,277,-103
139.007,00:02,278,-84
139.055,00:03,278,-89
139.107,00:04,278,-103
139.507,00:02,279,-84
139.553,00:03,279,-89
139.606,00:04,279,-103
140.007,00:02,280,-83
140.053,00:03,280,-90
140.106,00:04,280,-103
140.505,00:02,281,-83
140.553,00:03,281,-90
140.607,00:04,281,-103
141.005,00:02,282,-83
141.054,00:03,282,-90
141.106,00:04,282,-103
141.507,00:02,283,-83
141.555,00:03,283,-90
141.608,00:04,283,-103
142.008,00:02,284,-83
142.053,00:03,284,-90
142.107,00:04,284,-103
142.508,00:02,285,-82
142.553,00:03,285,-91
142.608,00:04,285,-103
143.007,00:02,286,-82
143.055,00:03,286,-91
143.106,00:04,286,-103
143.509,00:02,287,-82
143.553,00:03,287,-91
143.607,00:04,287,-103
144.006,00:02,288,-82
144.053,00:03,288,-91
144.109,00:04,288,-103
144.507,00:02,289,-82
144.553,00:03,289,-91
144.608,00:04,289,-103
145.007,00:02,290,-81
145.054,00:03,290,-91
145.108,00:04,290,-103
145.507,00:02,291,-81
145.554,00:03,291,-92
145.606,00:04,291,-103
146.008,00:02,292,-81
146.055,00:03,292,-92
146.108,00:04,292,-103
146.508,00:02,293,-81
146.554,00:03,293,-92
146.608,00:04,293,-103
147.007,00:02,294,-81
147.053,00:03,294,-92
147.107,00:04,294,-103
147.506,00:02,295,-80
147.553,00:03,295,-92
147.608,00:04,295,-103
148.006,00:02,296,-80
148.053,00:03,296,-92
148.108,00:04,296,-103
148.506,00:02,297,-80
148.554,00:03,297,-93
148.608,00:04,297,-103
149.007,00:02,298,-73
149.053,00:03,298,-86
149.108,00:04,298,-96
149.508,00:02,299,-73
149.553,00:03,299,-86
149.606,00:04,299,-96
150.007,00:02,300,-72
150.052,00:03,300,-86
150.109,00:04,300,-96
150.507,00:02,301,-72
150.552,00:03,301,-86
150.606,00:04,301,-96
151.007,00:02,302,-72
151.053,00:03,302,-86
151.108,00:04,302,-96
151.507,00:02,303,-72
151.553,00:03,303,-87
151.608,00:04,303,-97
152.008,00:02,304,-71
152.054,00:03,304,-87
152.108,00:04,304,-97
152.508,00:02,305,-71
152.554,00:03,305,-87
152.607,00:04,305,-97
153.008,00:02,306,-71
153.052,00:03,306,-87
153.108,00:04,306,-97
153.508,00:02,307,-71
153.554,00:03,307,-87
153.608,00:04,307,-97
154.009,00:02,308,-70
154.056,00:03,308,-87
154.106,00:04,308,-97
154.508,00:02,309,-70
154.554,00:03,309,-87
154.609,00:04,309,-97
155.008,00:02,310,-70
155.054,00:03,310,-88
155.107,00:04,310,-97
155.508,00:02,311,-70
155.554,00:03,311,-88
155.609,00:04,311,-97
156.007,00:02,312,-69
156.054,00:03,312,-88
156.108,00:04,312,-97
156.508,00:02,313,-69
156.554,00:03,313,-88
156.607,00:04,313,-97
157.007,00:02,314,-69
157.052,00:03,314,-88
157.107,00:04,314,-97
157.509,00:02,315,-68
157.555,00:03,315,-88
157.607,00:04,315,-97
158.007,00:02,316,-68
158.055,00:03,316,-88
158.106,00:04,316,-97
158.507,00:02,317,-68
158.553,00:03,317,-89
158.607,00:04,317,-97
159.009,00:02,318,-68
159.053,00:03,318,-89
159.108,00:04,318,-97
159.509,00:02,319,-67
159.555,00:03,319,-89
159.607,00:04,319,-97
160.006,00:02,320,-67
160.054,00:03,320,-89
160.107,00:04,320,-97
160.506,00:02,321,-67
160.553,00:03,321,-89
160.609,00:04,321,-97
161.008,00:02,322,-66
161.052,00:03,322,-89
161.108,00:04,322,-97
161.506,00:02,323,-66
161.552,00:03,323,-89
161.61,00:04,323,-97
162.007,00:02,324,-66
162.054,00:03,324,-89
162.108,00:04,324,-97
162.506,00:02,325,-65
162.554,00:03,325,-90
162.609,00:04,325,-97
163.008,00:02,326,-65
163.054,00:03,326,-90
163.107,00:04,326,-97
163.509,00:02,327,-65
163.555,00:03,327,-90
163.607,00:04,327,-97
164.007,00:02,328,-64
164.053,00:03,328,-90
164.107,00:04,328,-97
164.507,00:02,329,-64
164.554,00:03,329,-90
164.608,00:04,329,-97
165.008,00:02,330,-64
165.052,00:03,330,-90
165.107,00:04,330,-97
165.508,00:02,331,-63
165.554,00:03,331,-90
165.608,00:04,331,-97
166.008,00:02,332,-63
166.054,00:03,332,-90
166.107,00:04,332,-97
166.508,00:02,333,-63
166.554,00:03,333,-91
166.607,00:04,333,-97
167.007,00:02,334,-62
167.054,00:03,334,-91
167.109,00:04,334,-97
167.509,00:02,335,-62
167.553,00:03,335,-91
167.608,00:04,335,-97
168.007,00:02,336,-61
168.054,00:03,336,-91
168.108,00:04,336,-97
168.506,00:02,337,-61
168.553,00:03,337,-91
168.606,00:04,337,-97
169.008,00:02,338,-61
169.052,00:03,338,-91
169.109,00:04,338,-97
169.508,00:02,339,-60
169.553,00:03,339,-91
169.609,00:04,339,-97
170.008,00:02,340,-60
170.053,00:03,340,-91
170.109,00:04,340,-97
170.507,00:02,341,-60
170.554,00:03,341,-92
170.609,00:04,341,-97
171.006,00:02,342,-59
171.054,00:03,342,-92
171.109,00:04,342,-97
171.509,00:02,343,-59
171.555,00:03,343,-92
171.608,00:04,343,-97
172.007,00:02,344,-59
172.051,00:03,344,-92
172.106,00:04,344,-98
172.507,00:02,345,-59
172.553,00:03,345,-92
172.607,00:04,345,-98
173.007,00:02,346,-58
173.055,00:03,346,-92
173.109,00:04,346,-98
173.51,00:02,347,-58
173.553,00:03,347,-92
173.606,00:04,347,-98
174.008,00:02,348,-58
174.054,00:03,348,-92
174.109,00:04,348,-98
174.506,00:02,349,-57
174.553,00:03,349,-92
174.608,00:04,349,-98
175.007,00:02,350,-57
175.055,00:03,350,-93
175.109,00:04,350,-98
175.508,00:02,351,-57
175.554,00:03,351,-93
175.607,00:04,351,-98
176.009,00:02,352,-57
176.053,00:03,352,-93
176.109,00:04,352,-98
176.507,00:02,353,-56
176.553,00:03,353,-93
176.607,00:04,353,-98
177.007,00:02,354,-56
177.054,00:03,354,-93
177.107,00:04,354,-98
177.508,00:02,355,-56
177.553,00:03,355,-93
177.607,00:04,355,-98
178.008,00:02,356,-55
178.052,00:03,356,-93
178.108,00:04,356,-98
178.505,00:02,357,-55
178.552,00:03,357,-93
178.608,00:04,357,-98
179.007,00:02,358,-55
179.054,00:03,358,-93
179.107,00:04,358,-98
179.508,00:02,359,-55
179.552,00:03,359,-93
179.609,00:04,359,-98
180.008,00:02,360,-54
180.054,00:03,360,-94
180.109,00:04,360,-98
180.506,00:02,361,-54
180.554,00:03,361,-94
180.607,00:04,361,-98
181.008,00:02,362,-54
181.053,00:03,362,-94
181.108,00:04,362,-98
181.509,00:02,363,-54
181.553,00:03,363,-94
181.61,00:04,363,-98
182.007,00:02,364,-53
182.052,00:03,364,-94
182.108,00:04,364,-98
182.506,00:02,365,-53
182.553,00:03,365,-94
182.609,00:04,365,-98
183.008,00:02,366,-53
183.052,00:03,366,-94
183.109,00:04,366,-98
183.509,00:02,367,-53
183.553,00:03,367,-94
183.609,00:04,367,-98
184.009,00:02,368,-53
184.054,00:03,368,-94
184.11,00:04,368,-98
184.507,00:02,369,-52
184.554,00:03,369,-94
184.609,00:04,369,-99
185.008,00:02,370,-52
185.054,00:03,370,-95
185.108,00:04,370,-99
185.51,00:02,371,-52
185.552,00:03,371,-95
185.608,00:04,371,-99
186.007,00:02,372,-52
186.054,00:03,372,-95
186.109,00:04,372,-99
186.506,00:02,373,-53
186.553,00:03,373,-95
186.608,00:04,373,-99
187.009,00:02,374,-53
187.053,00:03,374,-95
187.108,00:04,374,-98
187.508,00:02,375,-54
187.552,00:03,375,-95
187.607,00:04,375,-98
188.009,00:02,376,-54
188.053,00:03,376,-95
188.107,00:04,376,-98
188.509,00:02,377,-55
188.553,00:03,377,-95
188.609,00:04,377,-98
189.006,00:02,378,-55
189.053,00:03,378,-95
189.109,00:04,378,-98
189.508,00:02,379,-56
189.553,00:03,379,-95
189.607,00:04,379,-98
190.006,00:02,380,-56
190.053,00:03,380,-95
190.11,00:04,380,-98
190.507,00:02,381,-56
190.553,00:03,381,-95
190.606,00:04,381,-98
191.009,00:02,382,-57
191.053,00:03,382,-95
191.108,00:04,382,-98
191.506,00:02,383,-57
191.554,00:03,383,-95
191.61,00:04,383,-98
192.007,00:02,384,-57
192.054,00:03,384,-95
192.108,00:04,384,-98
192.507,00:02,385,-57
192.554,00:03,385,-95
192.608,00:04,385,-98
193.007,00:02,386,-57
193.053,00:03,386,-95
193.109,00:04,386,-98
193.507,00:02,387,-57
193.553,00:03,387,-95
193.607,00:04,387,-98
194.007,00:02,388,-57
194.053,00:03,388,-94
194.108,00:04,388,-98
194.508,00:02,389,-57
194.553,00:03,389,-94
194.608,00:04,389,-98
195.009,00:02,390,-57
195.053,00:03,390,-94
195.109,00:04,390,-98
195.507,00:02,391,-57
195.553,00:03,391,-94
195.609,00:04,391,-97
196.008,00:02,392,-57
196.052,00:03,392,-94
196.11,00:04,392,-97
196.507,00:02,393,-57
196.555,00:03,393,-94
196.608,00:04,393,-97
197.009,00:02,394,-57
197.051,00:03,394,-94
197.108,00:04,394,-97
197.507,00:02,395,-58
197.554,00:03,395,-94
197.608,00:04,395,-97
198.008,00:02,396,-58
198.052,00:03,396,-94
198.109,00:04,396,-97
198.508,00:02,397,-58
198.552,00:03,397,-94
198.607,00:04,397,-97
199.008,00:02,398,-58
199.052,00:03,398,-93
199.108,00:04,398,-97
199.508,00:02,399,-58
199.553,00:03,399,-93
199.608,00:04,399,-97
200.008,00:02,400,-58
200.054,00:03,400,-93
200.109,00:04,400,-97
200.506,00:02,401,-58
200.552,00:03,401,-93
200.608,00:04,401,-97
201.009,00:02,402,-59
201.053,00:03,402,-93
201.108,00:04,402,-97
201.509,00:02,403,-59
201.554,00:03,403,-93
201.609,00:04,403,-97
202.007,00:02,404,-59
202.054,00:03,404,-93
202.11,00:04,404,-97
202.507,00:02,405,-59
202.554,00:03,405,-93
202.609,00:04,405,-97
203.008,00:02,406,-59
203.052,00:03,406,-93
203.108,00:04,406,-97
203.508,00:02,407,-60
203.553,00:03,407,-93
203.609,00:04,407,-97
204.009,00:02,408,-60
204.053,00:03,408,-92
204.108,00:04,408,-97
204.507,00:02,409,-60
204.553,00:03,409,-92
204.609,00:04,409,-97
205.006,00:02,410,-60
205.053,00:03,410,-92
205.109,00:04,410,-97
205.508,00:02,411,-61
205.552,00:03,411,-92
205.609,00:04,411,-97
206.008,00:02,412,-61
206.052,00:03,412,-92
206.109,00:04,412,-97
206.507,00:02,413,-61
206.552,00:03,413,-92
206.607,00:04,413,-97
207.009,00:02,414,-62
207.052,00:03,414,-92
207.107,00:04,414,-96
207.507,00:02,415,-62
207.555,00:03,415,-92
207.609,00:04,415,-96
208.009,00:02,416,-62
208.053,00:03,416,-92
208.109,00:04,416,-96
208.506,00:02,417,-63
208.553,00:03,417,-91
208.609,00:04,417,-96
209.008,00:02,418,-63
209.052,00:03,418,-91
209.108,00:04,418,-96
209.509,00:02,419,-63
209.555,00:03,419,-91
209.609,00:04,419,-96
210.006,00:02,420,-64
210.054,00:03,420,-91
210.108,00:04,420,-96
210.508,00:02,421,-64
210.555,00:03,421,-91
210.607,00:04,421,-96
211.006,00:02,422,-64
211.053,00:03,422,-91
211.109,00:04,422,-96
211.508,00:02,423,-64
211.553,00:03,423,-91
211.608,00:04,423,-96
212.008,00:02,424,-65
212.054,00:03,424,-91
212.11,00:04,424,-96
212.509,00:02,425,-65
212.555,00:03,425,-91
212.608,00:04,425,-96
213.007,00:02,426,-65
213.053,00:03,426,-90
213.108,00:04,426,-96
213.508,00:02,427,-66
213.554,00:03,427,-90
213.609,00:04,427,-96
214.009,00:02,428,-66
214.053,00:03,428,-90
214.108,00:04,428,-96
214.508,00:02,429,-66
214.553,00:03,429,-90
214.609,00:04,429,-96
215.008,00:02,430,-67
215.053,00:03,430,-90
215.109,00:04,430,-96
215.507,00:02,431,-67
215.553,00:03,431,-90
215.609,00:04,431,-96
216.006,00:02,432,-67
216.052,00:03,432,-90
216.106,00:04,432,-96
216.508,00:02,433,-67
216.553,00:03,433,-90
216.609,00:04,433,-96
217.007,00:02,434,-68
217.054,00:03,434,-89
217.11,00:04,434,-96
217.507,00:02,435,-68
217.553,00:03,435,-89
217.607,00:04,435,-96
218.006,00:02,436,-68
218.052,00:03,436,-89
218.108,00:04,436,-96
218.507,00:02,437,-68
218.551,00:03,437,-89
218.609,00:04,437,-96
219.009,00:02,438,-69
219.051,00:03,438,-89
219.109,00:04,438,-96
219.507,00:02,439,-69
219.554,00:03,439,-89
219.608,00:04,439,-96
220.007,00:02,440,-69
220.055,00:03,440,-89
220.109,00:04,440,-96
220.507,00:02,441,-69
220.552,00:03,441,-88
220.608,00:04,441,-96
221.006,00:02,442,-70
221.051,00:03,442,-88
221.108,00:04,442,-96
221.506,00:02,443,-70
221.554,00:03,443,-88
221.607,00:04,443,-96
222.008,00:02,444,-70
222.053,00:03,444,-88
222.107,00:04,444,-96
222.508,00:02,445,-70
222.553,00:03,445,-88
222.609,00:04,445,-96
223.009,00:02,446,-71
223.052,00:03,446,-88
223.108,00:04,446,-96
223.506,00:02,447,-71
223.553,00:03,447,-88
223.608,00:04,447,-96
224.008,00:02,448,-71
224.053,00:03,448,-87
224.109,00:04,448,-96
224.507,00:02,449,-71
224.555,00:03,449,-87
224.609,00:04,449,-95
225.008,00:02,450,-72
225.054,00:03,450,-87
225.11,00:04,450,-95
225.508,00:02,451,-72
225.552,00:03,451,-87
225.609,00:04,451,-95
226.009,00:02,452,-72
226.054,00:03,452,-87
226.108,00:04,452,-95
226.508,00:02,453,-72
226.551,00:03,453,-87
226.608,00:04,453,-95
227.007,00:02,454,-73
227.054,00:03,454,-87
227.109,00:04,454,-95
227.507,00:02,455,-73
227.554,00:03,455,-86
227.608,00:04,455,-95
228.008,00:02,456,-73
228.053,00:03,456,-86
228.107,00:04,456,-95
228.508,00:02,457,-73
228.553,00:03,457,-86
228.61,00:04,457,-95
229.008,00:02,458,-73
229.052,00:03,458,-86
229.108,00:04,458,-95
229.508,00:02,459,-74
229.552,00:03,459,-86
229.608,00:04,459,-95
230.009,00:02,460,-74
230.052,00:03,460,-86
230.107,00:04,460,-95
230.508,00:02,461,-74
230.552,00:03,461,-86
230.61,00:04,461,-95
231.007,00:02,462,-74
231.051,00:03,462,-85
231.107,00:04,462,-95
231.509,00:02,463,-74
231.553,00:03,463,-85
231.61,00:04,463,-95
232.008,00:02,464,-75
232.052,00:03,464,-85
232.11,00:04,464,-95
232.507,00:02,465,-75
232.553,00:03,465,-85
232.607,00:04,465,-95
233.007,00:02,466,-75
233.051,00:03,466,-85
233.108,00:04,466,-95
233.508,00:02,467,-75
233.552,00:03,467,-85
233.607,00:04,467,-95
234.008,00:02,468,-75
234.053,00:03,468,-84
234.108,00:04,468,-95
234.507,00:02,469,-76
234.555,00:03,469,-84
234.61,00:04,469,-95
235.008,00:02,470,-76
235.053,00:03,470,-84
235.109,00:04,470,-95
235.507,00:02,471,-76
235.552,00:03,471,-84
235.61,00:04,471,-95
236.008,00:02,472,-76
236.052,00:03,472,-84
236.109,00:04,472,-95
236.506,00:02,473,-76
236.553,00:03,473,-84
236.608,00:04,473,-95
237.007,00:02,474,-76
237.052,00:03,474,-83
237.108,00:04,474,-95
237.509,00:02,475,-77
237.553,00:03,475,-83
237.61,00:04,475,-95
238.007,00:02,476,-77
238.051,00:03,476,-83
238.11,00:04,476,-95
238.509,00:02,477,-77
238.555,00:03,477,-83
238.609,00:04,477,-95
239.007,00:02,478,-77
239.052,00:03,478,-83
239.108,00:04,478,-95
239.508,00:02,479,-77
239.553,00:03,479,-82
239.609,00:04,479,-95
240.008,00:02,480,-77
240.053,00:03,480,-82
240.11,00:04,480,-95
240.507,00:02,481,-78
240.553,00:03,481,-82
240.609,00:04,481,-95
241.008,00:02,482,-78
241.052,00:03,482,-82
241.11,00:04,482,-95
241.507,00:02,483,-78
241.553,00:03,483,-82
241.609,00:04,483,-95
242.007,00:02,484,-78
242.054,00:03,484,-81
242.108,00:04,484,-95
242.508,00:02,485,-78
242.551,00:03,485,-81
242.61,00:04,485,-95
243.008,00:02,486,-78
243.052,00:03,486,-81
243.107,00:04,486,-95
243.507,00:02,487,-79
243.554,00:03,487,-81
243.61,00:04,487,-95
244.008,00:02,488,-79
244.054,00:03,488,-81
244.109,00:04,488,-95
244.509,00:02,489,-79
244.551,00:03,489,-80
244.608,00:04,489,-95
245.008,00:02,490,-79
245.051,00:03,490,-80
245.109,00:04,490,-95
245.507,00:02,491,-79
245.553,00:03,491,-80
245.607,00:04,491,-95
246.008,00:02,492,-79
246.053,00:03,492,-80
246.109,00:04,492,-95
246.507,00:02,493,-80
246.552,00:03,493,-80
246.609,00:04,493,-95
247.009,00:02,494,-80
247.052,00:03,494,-79
247.108,00:04,494,-95
247.509,00:02,495,-80
247.554,00:03,495,-79
247.609,00:04,495,-95
248.008,00:02,496,-80
248.053,00:03,496,-79
248.108,00:04,496,-95
248.507,00:02,497,-80
248.552,00:03,497,-79
248.609,00:04,497,-95
249.008,00:02,498,-80
249.053,00:03,498,-79
249.11,00:04,498,-95
249.508,00:02,499,-80
249.553,00:03,499,-78
249.608,00:04,499,-95
250.007,00:02,500,-81
250.054,00:03,500,-78
250.11,00:04,500,-96
250.509,00:02,501,-81
250.554,00:03,501,-78
250.608,00:04,501,-96
251.01,00:02,502,-81
251.051,00:03,502,-78
251.109,00:04,502,-96
251.509,00:02,503,-81
251.555,00:03,503,-77
251.609,00:04,503,-96
252.009,00:02,504,-81
252.051,00:03,504,-77
252.107,00:04,504,-96
252.506,00:02,505,-81
252.553,00:03,505,-77
252.61,00:04,505,-96
253.009,00:02,506,-81
253.053,00:03,506,-77
253.11,00:04,506,-96
253.507,00:02,507,-82
253.551,00:03,507,-76
253.609,00:04,507,-96
254.009,00:02,508,-82
254.052,00:03,508,-76
254.11,00:04,508,-96
254.508,00:02,509,-82
254.554,00:03,509,-76
254.609,00:04,509,-96
255.009,00:02,510,-82
255.053,00:03,510,-76
255.108,00:04,510,-96
255.508,00:02,511,-82
255.552,00:03,511,-75
255.61,00:04,511,-96
256.008,00:02,512,-82
256.051,00:03,512,-75
256.108,00:04,512,-96
256.507,00:02,513,-82
256.553,00:03,513,-75
256.61,00:04,513,-96
257.008,00:02,514,-82
257.053,00:03,514,-75
257.108,00:04,514,-96
257.508,00:02,515,-83
257.552,00:03,515,-74
257.61,00:04,515,-96
258.008,00:02,516,-83
258.053,00:03,516,-74
258.109,00:04,516,-96
258.509,00:02,517,-83
258.551,00:03,517,-74
258.61,00:04,517,-96
259.01,00:02,518,-83
259.053,00:03,518,-73
259.11,00:04,518,-96
259.508,00:02,519,-83
259.554,00:03,519,-73
259.609,00:04,519,-96
260.008,00:02,520,-83
260.052,00:03,520,-73
260.111,00:04,520,-96
260.507,00:02,521,-83
260.554,00:03,521,-73
260.608,00:04,521,-96
261.009,00:02,522,-83
261.052,00:03,522,-72
261.108,00:04,522,-96
261.508,00:02,523,-84
261.552,00:03,523,-72
261.608,00:04,523,-96
262.01,00:02,524,-84
262.054,00:03,524,-72
262.109,00:04,524,-96
262.507,00:02,525,-84
262.553,00:03,525,-71
262.609,00:04,525,-96
263.009,00:02,526,-84
263.053,00:03,526,-71
263.11,00:04,526,-96
263.509,00:02,527,-84
263.553,00:03,527,-71
263.609,00:04,527,-96
264.009,00:02,528,-84
264.052,00:03,528,-70
264.108,00:04,528,-96
264.508,00:02,529,-84
264.552,00:03,529,-70
264.608,00:04,529,-96
265.009,00:02,530,-84
265.052,00:03,530,-70
265.109,00:04,530,-96
265.509,00:02,531,-85
265.552,00:03,531,-69
265.61,00:04,531,-96
266.006,00:02,532,-85
266.051,00:03,532,-69
266.107,00:04,532,-96
266.509,00:02,533,-85
266.552,00:03,533,-69
266.609,00:04,533,-96
267.007,00:02,534,-85
267.053,00:03,534,-69
267.111,00:04,534,-97
267.508,00:02,535,-85
267.552,00:03,535,-68
267.608,00:04,535,-97
268.008,00:02,536,-85
268.052,00:03,536,-68
268.108,00:04,536,-97
268.508,00:02,537,-85
268.551,00:03,537,-68
268.609,00:04,537,-97
269.008,00:02,538,-85
269.052,00:03,538,-67
269.109,00:04,538,-97
269.508,00:02,539,-85
269.552,00:03,539,-67
269.609,00:04,539,-97
270.009,00:02,540,-86
270.053,00:03,540,-67
270.109,00:04,540,-97
270.508,00:02,541,-86
270.552,00:03,541,-66
270.609,00:04,541,-97
271.008,00:02,542,-86
271.051,00:03,542,-66
271.109,00:04,542,-97
271.507,00:02,543,-86
271.552,00:03,543,-66
271.609,00:04,543,-97
272.009,00:02,544,-86
272.051,00:03,544,-66
272.11,00:04,544,-97
272.507,00:02,545,-86
272.553,00:03,545,-66
272.609,00:04,545,-97
273.008,00:02,546,-86
273.053,00:03,546,-66
273.109,00:04,546,-97
273.506,00:02,547,-86
273.552,00:03,547,-65
273.609,00:04,547,-97
274.008,00:02,548,-86
274.052,00:03,548,-65
274.109,00:04,548,-97
274.509,00:02,549,-86
274.554,00:03,549,-65
274.611,00:04,549,-97
275.008,00:02,550,-87
275.051,00:03,550,-65
275.109,00:04,550,-97
275.509,00:02,551,-87
275.554,00:03,551,-65
275.609,00:04,551,-97
276.01,00:02,552,-87
276.052,00:03,552,-65
276.108,00:04,552,-97
276.507,00:02,553,-87
276.553,00:03,553,-64
276.609,00:04,553,-97
277.008,00:02,554,-87
277.052,00:03,554,-64
277.109,00:04,554,-97
277.508,00:02,555,-87
277.552,00:03,555,-64
277.611,00:04,555,-97
278.008,00:02,556,-87
278.053,00:03,556,-64
278.11,00:04,556,-97
278.509,00:02,557,-87
278.554,00:03,557,-64
278.61,00:04,557,-97
279.008,00:02,558,-87
279.052,00:03,558,-64
279.109,00:04,558,-98
279.507,00:02,559,-87
279.553,00:03,559,-64
279.609,00:04,559,-98
280.009,00:02,560,-88
280.051,00:03,560,-64
280.108,00:04,560,-98
280.506,00:02,561,-88
280.552,00:03,561,-64
280.608,00:04,561,-98
281.008,00:02,562,-88
281.052,00:03,562,-64
281.11,00:04,562,-98
281.507,00:02,563,-88
281.552,00:03,563,-64
281.611,00:04,563,-98
282.007,00:02,564,-88
282.052,00:03,564,-64
282.108,00:04,564,-98
282.509,00:02,565,-88
282.551,00:03,565,-64
282.609,00:04,565,-98
283.007,00:02,566,-88
283.051,00:03,566,-64
283.109,00:04,566,-98
283.509,00:02,567,-88
283.552,00:03,567,-65
283.608,00:04,567,-98
284.007,00:02,568,-88
284.052,00:03,568,-65
284.108,00:04,568,-97
284.509,00:02,569,-88
284.552,00:03,569,-65
284.609,00:04,569,-97
285.008,00:02,570,-88
285.05,00:03,570,-66
285.111,00:04,570,-97
285.508,00:02,571,-88
285.553,00:03,571,-66
285.61,00:04,571,-97
286.006,00:02,572,-88
286.052,00:03,572,-66
286.11,00:04,572,-97
286.508,00:02,573,-88
286.552,00:03,573,-67
286.61,00:04,573,-97
287.007,00:02,574,-88
287.053,00:03,574,-67
287.109,00:04,574,-97
287.509,00:02,575,-88
287.552,00:03,575,-67
287.609,00:04,575,-97
288.008,00:02,576,-88
288.052,00:03,576,-67
288.11,00:04,576,-97
288.51,00:02,577,-88
288.553,00:03,577,-67
288.609,00:04,577,-97
289.009,00:02,578,-88
289.051,00:03,578,-67
289.11,00:04,578,-97
289.508,00:02,579,-88
289.552,00:03,579,-67
289.609,00:04,579,-97
290.007,00:02,580,-88
290.053,00:03,580,-67
290.108,00:04,580,-97
290.508,00:02,581,-88
290.552,00:03,581,-67
290.607,00:04,581,-97
291.008,00:02,582,-88
291.053,00:03,582,-67
291.109,00:04,582,-97
291.508,00:02,583,-87
291.554,00:03,583,-67
291.611,00:04,583,-97
292.008,00:02,584,-87
292.052,00:03,584,-67
292.11,00:04,584,-97
292.507,00:02,585,-87
292.552,00:03,585,-67
292.609,00:04,585,-96
293.01,00:02,586,-87
293.053,00:03,586,-68
293.111,00:04,586,-96
293.51,00:02,587,-87
293.554,00:03,587,-68
293.61,00:04,587,-96
294.008,00:02,588,-87
294.052,00:03,588,-68
294.109,00:04,588,-96
294.51,00:02,589,-87
294.553,00:03,589,-68
294.609,00:04,589,-96
295.007,00:02,590,-87
295.053,00:03,590,-68
295.108,00:04,590,-96
295.509,00:02,591,-87
295.554,00:03,591,-68
295.61,00:04,591,-96
296.007,00:02,592,-87
296.054,00:03,592,-68
296.108,00:04,592,-96
296.51,00:02,593,-86
296.551,00:03,593,-69
296.609,00:04,593,-96
297.008,00:02,594,-86
297.052,00:03,594,-69
297.108,00:04,594,-96
297.508,00:02,595,-86
297.551,00:03,595,-69
297.609,00:04,595,-96
298.008,00:02,596,-86
298.052,00:03,596,-69
298.109,00:04,596,-96
298.508,00:02,597,-86
298.552,00:03,597,-69
298.608,00:04,597,-96
299.008,00:02,598,-86
299.052,00:03,598,-70
299.109,00:04,598,-96
299.509,00:02,599,-86
299.552,00:03,599,-70
299.611,00:04,599,-96
300.009,00:02,600,-86
300.053,00:03,600,-70
300.11,00:04,600,-96
300.507,00:02,601,-86
300.551,00:03,601,-70
300.609,00:04,601,-96
301.007,00:02,602,-86
301.053,00:03,602,-70
301.108,00:04,602,-96
301.51,00:02,603,-85
301.552,00:03,603,-71
301.608,00:04,603,-96
302.008,00:02,604,-85
302.052,00:03,604,-71
302.111,00:04,604,-96
302.509,00:02,605,-85
302.553,00:03,605,-71
302.611,00:04,605,-96
303.009,00:02,606,-85
303.052,00:03,606,-71
303.111,00:04,606,-95
303.51,00:02,607,-85
303.55,00:03,607,-72
303.607,00:04,607,-95
304.009,00:02,608,-85
304.052,00:03,608,-72
304.11,00:04,608,-95
304.507,00:02,609,-85
304.553,00:03,609,-72
304.61,00:04,609,-95
305.01,00:02,610,-85
305.051,00:03,610,-72
305.109,00:04,610,-95
305.509,00:02,611,-85
305.553,00:03,611,-73
305.611,00:04,611,-95
306.008,00:02,612,-84
306.052,00:03,612,-73
306.11,00:04,612,-95
306.507,00:02,613,-84
306.55,00:03,613,-73
306.61,00:04,613,-95
307.007,00:02,614,-84
307.051,00:03,614,-73
307.11,00:04,614,-95
307.509,00:02,615,-84
307.552,00:03,615,-74
307.609,00:04,615,-95
308.01,00:02,616,-84
308.051,00:03,616,-74
308.11,00:04,616,-95
308.508,00:02,617,-84
308.552,00:03,617,-74
308.61,00:04,617,-95
309.009,00:02,618,-84
309.05,00:03,618,-74
309.11,00:04,618,-95
309.508,00:02,619,-84
309.553,00:03,619,-75
309.61,00:04,619,-95
310.008,00:02,620,-83
310.053,00:03,620,-75
310.109,00:04,620,-95
310.507,00:02,621,-83
310.553,00:03,621,-75
310.61,00:04,621,-95
311.01,00:02,622,-83
311.053,00:03,622,-75
311.108,00:04,622,-95
311.509,00:02,623,-83
311.552,00:03,623,-75
311.611,00:04,623,-95
312.008,00:02,624,-83
312.052,00:03,624,-76
312.111,00:04,624,-95
312.508,00:02,625,-83
312.554,00:03,625,-76
312.61,00:04,625,-95
313.01,00:02,626,-83
313.052,00:03,626,-76
313.108,00:04,626,-95
313.509,00:02,627,-83
313.552,00:03,627,-76
313.61,00:04,627,-95
314.009,00:02,628,-83
314.051,00:03,628,-77
314.11,00:04,628,-95
314.508,00:02,629,-82
314.553,00:03,629,-77
314.61,00:04,629,-95
315.009,00:02,630,-82
315.052,00:03,630,-77
315.109,00:04,630,-95
315.509,00:02,631,-82
315.55,00:03,631,-77
315.609,00:04,631,-95
316.007,00:02,632,-82
316.052,00:03,632,-77
316.108,00:04,632,-95
316.506,00:02,633,-82
316.551,00:03,633,-78
316.609,00:04,633,-95
317.008,00:02,634,-82
317.051,00:03,634,-78
317.109,00:04,634,-95
317.51,00:02,635,-82
317.553,00:03,635,-78
317.608,00:04,635,-94
318.007,00:02,636,-81
318.053,00:03,636,-78
318.11,00:04,636,-94
318.51,00:02,637,-81
318.553,00:03,637,-79
318.61,00:04,637,-94
319.007,00:02,638,-81
319.052,00:03,638,-79
319.109,00:04,638,-94
319.51,00:02,639,-81
319.55,00:03,639,-79
319.61,00:04,639,-94
320.007,00:02,640,-81
320.052,00:03,640,-79
320.111,00:04,640,-94
320.509,00:02,641,-81
320.551,00:03,641,-79
320.608,00:04,641,-94
321.006,00:02,642,-81
321.052,00:03,642,-80
321.109,00:04,642,-94
321.509,00:02,643,-81
321.553,00:03,643,-80
321.609,00:04,643,-94
322.009,00:02,644,-80
322.051,00:03,644,-80
322.109,00:04,644,-94
322.51,00:02,645,-80
322.553,00:03,645,-80
322.61,00:04,645,-94
323.008,00:02,646,-80
323.051,00:03,646,-80
323.11,00:04,646,-94
323.507,00:02,647,-80
323.554,00:03,647,-81
323.609,00:04,647,-94
324.007,00:02,648,-80
324.052,00:03,648,-81
324.111,00:04,648,-94
324.508,00:02,649,-80
324.554,00:03,649,-81
324.61,00:04,649,-94
325.009,00:02,650,-80
325.052,00:03,650,-81
325.11,00:04,650,-94
325.508,00:02,651,-79
325.551,00:03,651,-81
325.61,00:04,651,-94
326.009,00:02,652,-79
326.052,00:03,652,-82
326.11,00:04,652,-94
326.507,00:02,653,-79
326.55,00:03,653,-82
326.609,00:04,653,-94
327.009,00:02,654,-83
327.05,00:03,654,-86
327.11,00:04,654,-98
327.507,00:02,655,-83
327.551,00:03,655,-86
327.611,00:04,655,-98
328.008,00:02,656,-83
328.052,00:03,656,-86
328.11,00:04,656,-98
328.509,00:02,657,-82
328.551,00:03,657,-86
328.611,00:04,657,-98
329.009,00:02,658,-82
329.051,00:03,658,-87
329.109,00:04,658,-98
329.507,00:02,659,-82
329.552,00:03,659,-87
329.61,00:04,659,-98
330.006,00:02,660,-82
330.053,00:03,660,-87
330.109,00:04,660,-98
330.508,00:02,661,-82
330.551,00:03,661,-87
330.609,00:04,661,-98
331.01,00:02,662,-82
331.051,00:03,662,-87
331.111,00:04,662,-98
331.508,00:02,663,-82
331.552,00:03,663,-87
331.611,00:04,663,-98
332.007,00:02,664,-81
332.052,00:03,664,-88
332.11,00:04,664,-98
332.508,00:02,665,-81
332.552,00:03,665,-88
332.609,00:04,665,-98
333.008,00:02,666,-81
333.051,00:03,666,-88
333.109,00:04,666,-98
333.509,00:02,667,-81
333.552,00:03,667,-88
333.61,00:04,667,-98
334.009,00:02,668,-81
334.052,00:03,668,-88
334.109,00:04,668,-98
334.508,00:02,669,-81
334.551,00:03,669,-88
334.611,00:04,669,-98
335.007,00:02,670,-80
335.051,00:03,670,-89
335.11,00:04,670,-98
335.507,00:02,671,-80
335.551,00:03,671,-89
335.611,00:04,671,-98
336.009,00:02,672,-80
336.051,00:03,672,-89
336.109,00:04,672,-98
336.508,00:02,673,-80
336.551,00:03,673,-89
336.608,00:04,673,-98
337.008,00:02,674,-80
337.052,00:03,674,-89
337.11,00:04,674,-98
337.507,00:02,675,-79
337.55,00:03,675,-89
337.611,00:04,675,-98
338.009,00:02,676,-79
338.051,00:03,676,-90
338.109,00:04,676,-98
338.509,00:02,677,-79
338.553,00:03,677,-90
338.609,00:04,677,-98
339.007,00:02,678,-75
339.053,00:03,678,-86
339.111,00:04,678,-94
339.508,00:02,679,-75
339.553,00:03,679,-86
339.609,00:04,679,-94
340.009,00:02,680,-75
340.052,00:03,680,-86
340.111,00:04,680,-94
340.507,00:02,681,-74
340.553,00:03,681,-86
340.608,00:04,681,-94
341.009,00:02,682,-74
341.053,00:03,682,-86
341.109,00:04,682,-94
341.509,00:02,683,-74
341.551,00:03,683,-87
341.612,00:04,683,-94
342.009,00:02,684,-74
342.051,00:03,684,-87
342.11,00:04,684,-94
342.509,00:02,685,-74
342.551,00:03,685,-87
342.611,00:04,685,-94
343.009,00:02,686,-73
343.05,00:03,686,-87
343.11,00:04,686,-94
343.507,00:02,687,-73
343.552,00:03,687,-87
343.611,00:04,687,-94
344.008,00:02,688,-73
344.052,00:03,688,-87
344.109,00:04,688,-94
344.509,00:02,689,-73
344.552,00:03,689,-87
344.61,00:04,689,-94
345.009,00:02,690,-73
345.052,00:03,690,-88
345.109,00:04,690,-94
345.508,00:02,691,-72
345.552,00:03,691,-88
345.61,00:04,691,-94
346.01,00:02,692,-72
346.053,00:03,692,-88
346.109,00:04,692,-94
346.509,00:02,693,-72
346.551,00:03,693,-88
346.611,00:04,693,-94
347.009,00:02,694,-72
347.051,00:03,694,-88
347.11,00:04,694,-94
347.509,00:02,695,-72
347.553,00:03,695,-88
347.612,00:04,695,-94
348.007,00:02,696,-71
348.052,00:03,696,-88
348.11,00:04,696,-94
348.509,00:02,697,-71
348.552,00:03,697,-89
348.61,00:04,697,-95
349.008,00:02,698,-71
349.051,00:03,698,-89
349.111,00:04,698,-95
349.507,00:02,699,-71
349.552,00:03,699,-89
349.61,00:04,699,-95
350.009,00:02,700,-71
350.05,00:03,700,-89
350.109,00:04,700,-95
350.509,00:02,701,-70
350.551,00:03,701,-89
350.611,00:04,701,-95
351.009,00:02,702,-70
351.052,00:03,702,-89
351.109,00:04,702,-95
351.507,00:02,703,-70
351.551,00:03,703,-89
351.609,00:04,703,-95
352.008,00:02,704,-70
352.052,00:03,704,-89
352.11,00:04,704,-95
352.51,00:02,705,-69
352.552,00:03,705,-90
352.612,00:04,705,-95
353.007,00:02,706,-69
353.053,00:03,706,-90
353.108,00:04,706,-95
353.508,00:02,707,-69
353.552,00:03,707,-90
353.609,00:04,707,-95
354.01,00:02,708,-69
354.051,00:03,708,-90
354.111,00:04,708,-95
354.509,00:02,709,-68
354.552,00:03,709,-90
354.611,00:04,709,-95
355.009,00:02,710,-68
355.05,00:03,710,-90
355.11,00:04,710,-95
355.509,00:02,711,-68
355.551,00:03,711,-90
355.61,00:04,711,-95
356.008,00:02,712,-68
356.052,00:03,712,-90
356.109,00:04,712,-95
356.509,00:02,713,-68
356.552,00:03,713,-91
356.609,00:04,713,-95
357.008,00:02,714,-67
357.053,00:03,714,-91
357.111,00:04,714,-95
357.509,00:02,715,-67
357.551,00:03,715,-91
357.611,00:04,715,-95
358.008,00:02,716,-67
358.051,00:03,716,-91
358.112,00:04,716,-95
358.508,00:02,717,-67
358.55,00:03,717,-91
358.611,00:04,717,-95
359.008,00:02,718,-66
359.051,00:03,718,-91
359.108,00:04,718,-95
359.509,00:02,719,-66
359.551,00:03,719,-91
359.609,00:04,719,-95
360.008,00:02,720,-66
360.051,00:03,720,-91
360.11,00:04,720,-95
360.507,00:02,721,-66
360.55,00:03,721,-91
360.609,00:04,721,-95
361.008,00:02,722,-69
361.052,00:03,722,-96
361.111,00:04,722,-99
361.508,00:02,723,-69
361.551,00:03,723,-96
361.609,00:04,723,-99
362.009,00:02,724,-69
362.05,00:03,724,-96
362.109,00:04,724,-99
362.507,00:02,725,-69
362.551,00:03,725,-96
362.611,00:04,725,-99
363.007,00:02,726,-68
363.052,00:03,726,-96
363.111,00:04,726,-100
363.509,00:02,727,-68
363.552,00:03,727,-96
363.61,00:04,727,-100
364.008,00:02,728,-68
364.052,00:03,728,-96
364.111,00:04,728,-100
364.508,00:02,729,-68
364.552,00:03,729,-96
364.612,00:04,729,-100
365.007,00:02,730,-64
365.051,00:03,730,-92
365.11,00:04,730,-96
365.509,00:02,731,-63
365.551,00:03,731,-93
365.611,00:04,731,-96
366.01,00:02,732,-63
366.052,00:03,732,-93
366.11,00:04,732,-96
366.509,00:02,733,-63
366.553,00:03,733,-93
366.61,00:04,733,-96
367.01,00:02,734,-63
367.05,00:03,734,-93
367.111,00:04,734,-96
367.509,00:02,735,-62
367.55,00:03,735,-93
367.61,00:04,735,-96
368.008,00:02,736,-62
368.051,00:03,736,-93
368.111,00:04,736,-96
368.508,00:02,737,-62
368.552,00:03,737,-93
368.608,00:04,737,-96
369.008,00:02,738,-62
369.05,00:03,738,-93
369.11,00:04,738,-96
369.509,00:02,739,-62
369.553,00:03,739,-93
369.609,00:04,739,-96
370.008,00:02,740,-61
370.051,00:03,740,-94
370.11,00:04,740,-96
370.508,00:02,741,-61
370.551,00:03,741,-94
370.609,00:04,741,-96
371.008,00:02,742,-61
371.052,00:03,742,-94
371.11,00:04,742,-96
371.508,00:02,743,-61
371.551,00:03,743,-94
371.611,00:04,743,-96
372.008,00:02,744,-61
372.051,00:03,744,-94
372.109,00:04,744,-96
372.51,00:02,745,-61
372.55,00:03,745,-94
372.611,00:04,745,-96
373.009,00:02,746,-61
373.05,00:03,746,-94
373.109,00:04,746,-96
373.509,00:02,747,-60
373.55,00:03,747,-94
373.608,00:04,747,-96
374.008,00:02,748,-60
374.052,00:03,748,-94
374.11,00:04,748,-97
374.508,00:02,749,-60
374.553,00:03,749,-94
374.61,00:04,749,-97
375.008,00:02,750,-60
375.051,00:03,750,-94
375.112,00:04,750,-97
375.509,00:02,751,-60
375.551,00:03,751,-95
375.611,00:04,751,-97
376.008,00:02,752,-60
376.051,00:03,752,-95
376.109,00:04,752,-97
376.507,00:02,753,-60
376.551,00:03,753,-95
376.61,00:04,753,-97
377.01,00:02,754,-60
377.052,00:03,754,-95
377.109,00:04,754,-97
377.508,00:02,755,-60
377.55,00:03,755,-95
377.61,00:04,755,-97
378.009,00:02,756,-60
378.051,00:03,756,-95
378.111,00:04,756,-97
378.509,00:02,757,-60
378.552,00:03,757,-95
378.611,00:04,757,-97
379.009,00:02,758,-61
379.051,00:03,758,-95
379.111,00:04,758,-97
379.51,00:02,759,-61
379.549,00:03,759,-95
379.611,00:04,759,-97
380.01,00:02,760,-62
380.052,00:03,760,-95
380.111,00:04,760,-97
380.509,00:02,761,-62
380.553,00:03,761,-95
380.611,00:04,761,-97
381.008,00:02,762,-63
381.051,00:03,762,-95
381.11,00:04,762,-96
381.508,00:02,763,-63
381.551,00:03,763,-95
381.612,00:04,763,-96
382.009,00:02,764,-63
382.052,00:03,764,-95
382.11,00:04,764,-96
382.508,00:02,765,-64
382.551,00:03,765,-95
382.611,00:04,765,-96
383.009,00:02,766,-64
383.049,00:03,766,-95
383.112,00:04,766,-96
383.509,00:02,767,-64
383.552,00:03,767,-95
383.611,00:04,767,-96
384.008,00:02,768,-64
384.051,00:03,768,-95
384.11,00:04,768,-96
384.507,00:02,769,-64
384.552,00:03,769,-95
384.612,00:04,769,-96
385.01,00:02,770,-64
385.05,00:03,770,-95
385.11,00:04,770,-96
385.509,00:02,771,-64
385.55,00:03,771,-95
385.61,00:04,771,-96
386.009,00:02,772,-64
386.051,00:03,772,-95
386.11,00:04,772,-96
386.508,00:02,773,-64
386.553,00:03,773,-95
386.611,00:04,773,-96
387.01,00:02,774,-64
387.05,00:03,774,-95
387.111,00:04,774,-96
387.51,00:02,775,-64
387.552,00:03,775,-95
387.611,00:04,775,-96
388.008,00:02,776,-64
388.051,00:03,776,-95
388.11,00:04,776,-96
388.509,00:02,777,-64
388.55,00:03,777,-94
388.611,00:04,777,-96
389.008,00:02,778,-65
389.051,00:03,778,-94
389.111,00:04,778,-95
389.509,00:02,779,-65
389.552,00:03,779,-94
389.611,00:04,779,-95
390.008,00:02,780,-65
390.052,00:03,780,-94
390.111,00:04,780,-95
390.51,00:02,781,-65
390.55,00:03,781,-94
390.609,00:04,781,-95
391.01,00:02,782,-65
391.051,00:03,782,-94
391.111,00:04,782,-95
391.51,00:02,783,-65
391.55,00:03,783,-94
391.611,00:04,783,-95
392.009,00:02,784,-65
392.05,00:03,784,-94
392.111,00:04,784,-95
392.509,00:02,785,-65
392.551,00:03,785,-94
392.609,00:04,785,-95
393.01,00:02,786,-65
393.051,00:03,786,-94
393.109,00:04,786,-95
393.508,00:02,787,-66
393.551,00:03,787,-93
393.612,00:04,787,-95
394.01,00:02,788,-66
394.049,00:03,788,-93
394.111,00:04,788,-95
394.508,00:02,789,-66
394.551,00:03,789,-93
394.61,00:04,789,-95
395.008,00:02,790,-66
395.051,00:03,790,-93
395.11,00:04,790,-95
395.509,00:02,791,-66
395.551,00:03,791,-93
395.612,00:04,791,-95
396.009,00:02,792,-66
396.049,00:03,792,-93
396.109,00:04,792,-95
396.509,00:02,793,-66
396.552,00:03,793,-93
396.61,00:04,793,-95
397.007,00:02,794,-71
397.051,00:03,794,-97
397.112,00:04,794,-99
397.508,00:02,795,-71
397.552,00:03,795,-97
397.611,00:04,795,-99
398.009,00:02,796,-71
398.052,00:03,796,-97
398.111,00:04,796,-99
398.508,00:02,797,-71
398.551,00:03,797,-96
398.612,00:04,797,-98
399.009,00:02,798,-71
399.05,00:03,798,-96
399.11,00:04,798,-98
399.509,00:02,799,-71
399.551,00:03,799,-96
399.61,00:04,799,-98
400.008,00:02,800,-72
400.051,00:03,800,-96
400.111,00:04,800,-98
400.507,00:02,801,-72
400.55,00:03,801,-96
400.612,00:04,801,-98
401.009,00:02,802,-68
401.051,00:03,802,-92
401.11,00:04,802,-94
401.509,00:02,803,-68
401.551,00:03,803,-92
401.611,00:04,803,-94
402.009,00:02,804,-68
402.052,00:03,804,-92
402.109,00:04,804,-94
402.511,00:02,805,-68
402.552,00:03,805,-92
402.61,00:04,805,-94
403.01,00:02,806,-69
403.052,00:03,806,-91
403.11,00:04,806,-94
403.509,00:02,807,-69
403.55,00:03,807,-91
403.61,00:04,807,-94
404.009,00:02,808,-69
404.051,00:03,808,-91
404.11,00:04,808,-94
404.509,00:02,809,-69
404.549,00:03,809,-91
404.612,00:04,809,-94
405.008,00:02,810,-69
405.052,00:03,810,-91
405.111,00:04,810,-94
405.511,00:02,811,-70
405.552,00:03,811,-91
405.61,00:04,811,-94
406.007,00:02,812,-70
406.049,00:03,812,-91
406.112,00:04,812,-94
406.51,00:02,813,-70
406.551,00:03,813,-91
406.611,00:04,813,-94
407.009,00:02,814,-70
407.051,00:03,814,-91
407.11,00:04,814,-94
407.51,00:02,815,-70
407.551,00:03,815,-90
407.611,00:04,815,-94
408.009,00:02,816,-71
408.05,00:03,816,-90
408.111,00:04,816,-94
408.509,00:02,817,-71
408.552,00:03,817,-90
408.611,00:04,817,-94
409.007,00:02,818,-71
409.051,00:03,818,-90
409.11,00:04,818,-94
409.509,00:02,819,-71
409.552,00:03,819,-90
409.611,00:04,819,-94
410.009,00:02,820,-71
410.049,00:03,820,-90
410.109,00:04,820,-94
410.509,00:02,821,-71
410.551,00:03,821,-90
410.61,00:04,821,-93
411.009,00:02,822,-72
411.052,00:03,822,-90
411.113,00:04,822,-93
411.509,00:02,823,-72
411.55,00:03,823,-89
411.609,00:04,823,-93
412.009,00:02,824,-72
412.05,00:03,824,-89
412.109,00:04,824,-93
412.51,00:02,825,-72
412.55,00:03,825,-89
412.611,00:04,825,-93
413.009,00:02,826,-72
413.052,00:03,826,-89
413.11,00:04,826,-93
413.508,00:02,827,-73
413.55,00:03,827,-89
413.611,00:04,827,-93
414.008,00:02,828,-73
414.051,00:03,828,-89
414.111,00:04,828,-93
414.508,00:02,829,-73
414.55,00:03,829,-89
414.611,00:04,829,-93
415.009,00:02,830,-73
415.051,00:03,830,-89
415.112,00:04,830,-93
415.508,00:02,831,-73
415.549,00:03,831,-88
415.61,00:04,831,-93
416.009,00:02,832,-73
416.05,00:03,832,-88
416.109,00:04,832,-93
416.51,00:02,833,-74
416.549,00:03,833,-88
416.612,00:04,833,-93
417.009,00:02,834,-74
417.05,00:03,834,-88
417.111,00:04,834,-93
417.509,00:02,835,-74
417.55,00:03,835,-88
417.611,00:04,835,-93
418.008,00:02,836,-74
418.05,00:03,836,-88
418.11,00:04,836,-93
418.509,00:02,837,-74
418.551,00:03,837,-88
418.612,00:04,837,-93
419.01,00:02,838,-75
419.05,00:03,838,-88
419.109,00:04,838,-93
419.51,00:02,839,-75
419.552,00:03,839,-87
419.61,00:04,839,-93
420.009,00:02,840,-75
420.05,00:03,840,-87
420.109,00:04,840,-93
420.509,00:02,841,-75
420.551,00:03,841,-87
420.612,00:04,841,-93
421.009,00:02,842,-75
421.052,00:03,842,-87
421.112,00:04,842,-93
421.51,00:02,843,-75
421.55,00:03,843,-87
421.609,00:04,843,-93
422.008,00:02,844,-76
422.05,00:03,844,-87
422.11,00:04,844,-93
422.51,00:02,845,-76
422.55,00:03,845,-87
422.61,00:04,845,-93
423.01,00:02,846,-80
423.051,00:03,846,-90
423.109,00:04,846,-97
423.508,00:02,847,-80
423.549,00:03,847,-90
423.611,00:04,847,-97
424.01,00:02,848,-80
424.052,00:03,848,-90
424.112,00:04,848,-97
424.51,00:02,849,-80
424.551,00:03,849,-90
424.611,00:04,849,-97
425.009,00:02,850,-81
425.051,00:03,850,-90
425.11,00:04,850,-97
425.509,00:02,851,-81
425.552,00:03,851,-90
425.611,00:04,851,-97
426.008,00:02,852,-81
426.051,00:03,852,-90
426.112,00:04,852,-97
426.509,00:02,853,-81
426.549,00:03,853,-89
426.61,00:04,853,-97
427.009,00:02,854,-81
427.05,00:03,854,-89
427.111,00:04,854,-97
427.509,00:02,855,-81
427.552,00:03,855,-89
427.612,00:04,855,-97
428.009,00:02,856,-81
428.05,00:03,856,-89
428.112,00:04,856,-97
428.507,00:02,857,-82
428.551,00:03,857,-89
428.61,00:04,857,-97
429.008,00:02,858,-82
429.051,00:03,858,-89
429.111,00:04,858,-97
429.509,00:02,859,-82
429.55,00:03,859,-89
429.609,00:04,859,-97
430.008,00:02,860,-82
430.05,00:03,860,-88
430.113,00:04,860,-97
430.509,00:02,861,-82
430.552,00:03,861,-88
430.61,00:04,861,-97
431.011,00:02,862,-82
431.05,00:03,862,-88
431.111,00:04,862,-97
431.509,00:02,863,-83
431.551,00:03,863,-88
431.612,00:04,863,-97
432.01,00:02,864,-83
432.051,00:03,864,-88
432.111,00:04,864,-97
432.51,00:02,865,-83
432.55,00:03,865,-88
432.609,00:04,865,-97
433.008,00:02,866,-83
433.05,00:03,866,-87
433.11,00:04,866,-97
433.508,00:02,867,-83
433.551,00:03,867,-87
433.612,00:04,867,-97
434.008,00:02,868,-83
434.05,00:03,868,-87
434.11,00:04,868,-97
434.509,00:02,869,-83
434.549,00:03,869,-87
434.611,00:04,869,-97
435.01,00:02,870,-80
435.05,00:03,870,-83
435.111,00:04,870,-93
435.509,00:02,871,-80
435.551,00:03,871,-83
435.612,00:04,871,-93
436.008,00:02,872,-80
436.049,00:03,872,-82
436.111,00:04,872,-93
436.509,00:02,873,-80
436.55,00:03,873,-82
436.612,00:04,873,-93
437.008,00:02,874,-80
437.049,00:03,874,-82
437.109,00:04,874,-93
437.509,00:02,875,-80
437.552,00:03,875,-82
437.611,00:04,875,-93
438.008,00:02,876,-80
438.051,00:03,876,-82
438.11,00:04,876,-93
438.51,00:02,877,-80
438.552,00:03,877,-82
438.61,00:04,877,-93
439.007,00:02,878,-81
439.05,00:03,878,-81
439.11,00:04,878,-93
439.508,00:02,879,-81
439.551,00:03,879,-81
439.613,00:04,879,-93
440.008,00:02,880,-81
440.05,00:03,880,-81
440.111,00:04,880,-93
440.508,00:02,881,-81
440.552,00:03,881,-81
440.612,00:04,881,-93
441.009,00:02,882,-81
441.05,00:03,882,-81
441.111,00:04,882,-93
441.509,00:02,883,-81
441.55,00:03,883,-81
441.611,00:04,883,-93
442.009,00:02,884,-81
442.049,00:03,884,-80
442.111,00:04,884,-93
442.508,00:02,885,-82
442.549,00:03,885,-80
442.612,00:04,885,-93
443.009,00:02,886,-82
443.05,00:03,886,-80
443.113,00:04,886,-93
443.508,00:02,887,-82
443.552,00:03,887,-80
443.61,00:04,887,-93
444.008,00:02,888,-82
444.051,00:03,888,-80
444.111,00:04,888,-93
444.51,00:02,889,-82
444.55,00:03,889,-79
444.611,00:04,889,-93
445.009,00:02,890,-82
445.051,00:03,890,-79
445.111,00:04,890,-93
445.51,00:02,891,-82
445.551,00:03,891,-79
445.612,00:04,891,-93
446.009,00:02,892,-82
446.052,00:03,892,-79
446.112,00:04,892,-93
446.51,00:02,893,-83
446.551,00:03,893,-79
446.613,00:04,893,-93
447.01,00:02,894,-83
447.05,00:03,894,-79
447.111,00:04,894,-93
447.507,00:02,895,-83
447.55,00:03,895,-78
447.612,00:04,895,-93
448.01,00:02,896,-83
448.049,00:03,896,-78
448.111,00:04,896,-94
448.51,00:02,897,-83
448.551,00:03,897,-78
448.61,00:04,897,-94
449.01,00:02,898,-83
449.05,00:03,898,-78
449.111,00:04,898,-94
449.51,00:02,899,-83
449.55,00:03,899,-78
449.61,00:04,899,-94
450.009,00:02,900,-83
450.049,00:03,900,-77
450.111,00:04,900,-94
450.508,00:02,901,-84
450.55,00:03,901,-77
450.611,00:04,901,-94
451.009,00:02,902,-84
451.051,00:03,902,-77
451.113,00:04,902,-94
451.507,00:02,903,-84
451.551,00:03,903,-77
451.611,00:04,903,-94
452.008,00:02,904,-84
452.049,00:03,904,-77
452.111,00:04,904,-94
452.51,00:02,905,-84
452.55,00:03,905,-76
452.613,00:04,905,-94
453.008,00:02,906,-84
453.051,00:03,906,-76
453.11,00:04,906,-94
453.51,00:02,907,-84
453.551,00:03,907,-76
453.61,00:04,907,-94
454.011,00:02,908,-84
454.051,00:03,908,-76
454.111,00:04,908,-94
454.508,00:02,909,-84
454.55,00:03,909,-76
454.612,00:04,909,-94
455.009,00:02,910,-85
455.051,00:03,910,-76
455.111,00:04,910,-94
455.509,00:02,911,-85
455.548,00:03,911,-75
455.613,00:04,911,-94
456.008,00:02,912,-85
456.051,00:03,912,-75
456.113,00:04,912,-94
456.51,00:02,913,-85
456.552,00:03,913,-75
456.61,00:04,913,-94
457.01,00:02,914,-89
457.051,00:03,914,-79
457.109,00:04,914,-98
457.508,00:02,915,-89
457.55,00:03,915,-79
457.612,00:04,915,-98
458.009,00:02,916,-89
458.05,00:03,916,-78
458.112,00:04,916,-98
458.51,00:02,917,-89
458.55,00:03,917,-78
458.611,00:04,917,-98
459.009,00:02,918,-89
459.048,00:03,918,-78
459.11,00:04,918,-98
459.509,00:02,919,-89
459.55,00:03,919,-78
459.611,00:04,919,-98
460.008,00:02,920,-90
460.049,00:03,920,-78
460.111,00:04,920,-99
460.51,00:02,921,-90
460.55,00:03,921,-78
460.611,00:04,921,-99
461.009,00:02,922,-86
461.051,00:03,922,-73
461.113,00:04,922,-95
461.509,00:02,923,-86
461.551,00:03,923,-73
461.611,00:04,923,-95
462.008,00:02,924,-86
462.049,00:03,924,-73
462.11,00:04,924,-95
462.51,00:02,925,-86
462.549,00:03,925,-73
462.613,00:04,925,-95
463.009,00:02,926,-86
463.051,00:03,926,-73
463.113,00:04,926,-95
463.51,00:02,927,-86
463.55,00:03,927,-73
463.61,00:04,927,-95
464.01,00:02,928,-86
464.049,00:03,928,-73
464.111,00:04,928,-95
464.51,00:02,929,-87
464.55,00:03,929,-72
464.611,00:04,929,-95
465.009,00:02,930,-87
465.05,00:03,930,-72
465.111,00:04,930,-95
465.509,00:02,931,-87
465.55,00:03,931,-72
465.611,00:04,931,-95
466.01,00:02,932,-87
466.051,00:03,932,-72
466.112,00:04,932,-95
466.51,00:02,933,-87
466.549,00:03,933,-72
466.611,00:04,933,-95
467.009,00:02,934,-87
467.05,00:03,934,-72
467.113,00:04,934,-95
467.508,00:02,935,-87
467.549,00:03,935,-72
467.613,00:04,935,-95
468.009,00:02,936,-87
468.05,00:03,936,-72
468.109,00:04,936,-95
468.51,00:02,937,-87
468.552,00:03,937,-72
468.612,00:04,937,-95
469.01,00:02,938,-87
469.049,00:03,938,-71
469.11,00:04,938,-96
469.51,00:02,939,-87
469.549,00:03,939,-71
469.612,00:04,939,-96
470.009,00:02,940,-88
470.051,00:03,940,-71
470.111,00:04,940,-96
470.509,00:02,941,-88
470.552,00:03,941,-71
470.611,00:04,941,-96
471.009,00:02,942,-88
471.05,00:03,942,-71
471.111,00:04,942,-96
471.509,00:02,943,-88
471.55,00:03,943,-71
471.611,00:04,943,-96
472.01,00:02,944,-88
472.049,00:03,944,-71
472.111,00:04,944,-96
472.509,00:02,945,-88
472.549,00:03,945,-71
472.61,00:04,945,-96
473.009,00:02,946,-88
473.049,00:03,946,-71
473.111,00:04,946,-96
473.509,00:02,947,-88
473.55,00:03,947,-71
473.61,00:04,947,-96
474.009,00:02,948,-88
474.05,00:03,948,-71
474.111,00:04,948,-96
474.508,00:02,949,-88
474.551,00:03,949,-71
474.611,00:04,949,-96
475.007,00:02,950,-88
475.051,00:03,950,-72
475.111,00:04,950,-96
475.51,00:02,951,-88
475.552,00:03,951,-72
475.613,00:04,951,-96
476.01,00:02,952,-88
476.051,00:03,952,-73
476.112,00:04,952,-96
476.508,00:02,953,-88
476.55,00:03,953,-73
476.611,00:04,953,-96
477.01,00:02,954,-88
477.051,00:03,954,-73
477.111,00:04,954,-96
477.51,00:02,955,-88
477.551,00:03,955,-74
477.61,00:04,955,-95
478.01,00:02,956,-89
478.048,00:03,956,-74
478.11,00:04,956,-95
478.511,00:02,957,-89
478.549,00:03,957,-74
478.612,00:04,957,-95
479.009,00:02,958,-89
479.051,00:03,958,-74
479.112,00:04,958,-95
479.511,00:02,959,-89
479.55,00:03,959,-74
479.612,00:04,959,-95
480.008,00:02,960,-89
480.049,00:03,960,-74
480.111,00:04,960,-95
480.51,00:02,961,-88
480.548,00:03,961,-74
480.612,00:04,961,-95
481.009,00:02,962,-88
481.051,00:03,962,-74
481.112,00:04,962,-95
481.508,00:02,963,-88
481.549,00:03,963,-74
481.613,00:04,963,-95
482.009,00:02,964,-88
482.049,00:03,964,-75
482.111,00:04,964,-95
482.509,00:02,965,-88
482.551,00:03,965,-75
482.612,00:04,965,-95
483.009,00:02,966,-88
483.05,00:03,966,-75
483.112,00:04,966,-95
483.51,00:02,967,-88
483.548,00:03,967,-75
483.613,00:04,967,-95
484.008,00:02,968,-88
484.05,00:03,968,-75
484.11,00:04,968,-95
484.508,00:02,969,-88
484.549,00:03,969,-75
484.61,00:04,969,-95
485.009,00:02,970,-88
485.051,00:03,970,-75
485.113,00:04,970,-95
485.51,00:02,971,-88
485.549,00:03,971,-75
485.611,00:04,971,-94
486.011,00:02,972,-87
486.051,00:03,972,-75
486.112,00:04,972,-94
486.51,00:02,973,-87
486.551,00:03,973,-75
486.613,00:04,973,-94
487.01,00:02,974,-87
487.049,00:03,974,-75
487.111,00:04,974,-94
487.51,00:02,975,-87
487.549,00:03,975,-75
487.613,00:04,975,-94
488.01,00:02,976,-87
488.049,00:03,976,-75
488.111,00:04,976,-94
488.508,00:02,977,-87
488.548,00:03,977,-75
488.611,00:04,977,-94
489.011,00:02,978,-87
489.051,00:03,978,-75
489.112,00:04,978,-94
489.508,00:02,979,-87
489.548,00:03,979,-75
489.61,00:04,979,-94
490.009,00:02,980,-87
490.051,00:03,980,-76
490.11,00:04,980,-94
490.509,00:02,981,-87
490.549,00:03,981,-76
490.611,00:04,981,-94
491.01,00:02,982,-87
491.049,00:03,982,-76
491.114,00:04,982,-94
491.508,00:02,983,-86
491.549,00:03,983,-76
491.611,00:04,983,-94
492.01,00:02,984,-86
492.05,00:03,984,-76
492.111,00:04,984,-94
492.51,00:02,985,-86
492.549,00:03,985,-76
492.61,00:04,985,-94
493.009,00:02,986,-90
493.049,00:03,986,-80
493.112,00:04,986,-98
493.508,00:02,987,-90
493.548,00:03,987,-80
493.61,00:04,987,-97
494.009,00:02,988,-90
494.051,00:03,988,-80
494.112,00:04,988,-97
494.508,00:02,989,-90
494.549,00:03,989,-81
494.611,00:04,989,-97
495.009,00:02,990,-90
495.051,00:03,990,-81
495.111,00:04,990,-97
495.51,00:02,991,-90
495.55,00:03,991,-81
495.613,00:04,991,-97
496.011,00:02,992,-90
496.05,00:03,992,-81
496.111,00:04,992,-97
496.509,00:02,993,-89
496.55,00:03,993,-81
496.612,00:04,993,-97
497.01,00:02,994,-85
497.049,00:03,994,-77
497.111,00:04,994,-93
497.508,00:02,995,-85
497.549,00:03,995,-77
497.612,00:04,995,-93
498.01,00:02,996,-85
498.048,00:03,996,-77
498.113,00:04,996,-93
498.509,00:02,997,-85
498.55,00:03,997,-78
498.611,00:04,997,-93
499.01,00:02,998,-85
499.05,00:03,998,-78
499.112,00:04,998,-93
499.51,00:02,999,-85
499.548,00:03,999,-78
499.612,00:04,999,-93
500.009,00:02,1000,-85
500.049,00:03,1000,-78
500.112,00:04,1000,-93
500.509,00:02,1001,-85
500.55,00:03,1001,-78
500.613,00:04,1001,-93
501.01,00:02,1002,-84
501.049,00:03,1002,-78
501.111,00:04,1002,-93
501.51,00:02,1003,-84
501.55,00:03,1003,-78
501.611,00:04,1003,-93
502.009,00:02,1004,-84
502.05,00:03,1004,-79
502.111,00:04,1004,-93
502.51,00:02,1005,-84
502.549,00:03,1005,-79
502.611,00:04,1005,-93
503.009,00:02,1006,-84
503.051,00:03,1006,-79
503.111,00:04,1006,-93
503.51,00:02,1007,-84
503.549,00:03,1007,-79
503.61,00:04,1007,-92
504.01,00:02,1008,-84
504.051,00:03,1008,-79
504.111,00:04,1008,-92
504.509,00:02,1009,-84
504.549,00:03,1009,-79
504.612,00:04,1009,-92
505.01,00:02,1010,-84
505.048,00:03,1010,-80
505.113,00:04,1010,-92
505.509,00:02,1011,-83
505.549,00:03,1011,-80
505.61,00:04,1011,-92
506.009,00:02,1012,-83
506.048,00:03,1012,-80
506.113,00:04,1012,-92
506.509,00:02,1013,-83
506.55,00:03,1013,-80
506.611,00:04,1013,-92
507.01,00:02,1014,-83
507.049,00:03,1014,-80
507.112,00:04,1014,-92
507.508,00:02,1015,-83
507.55,00:03,1015,-80
507.611,00:04,1015,-92
508.01,00:02,1016,-83
508.049,00:03,1016,-80
508.11,00:04,1016,-92
508.508,00:02,1017,-83
508.549,00:03,1017,-81
508.613,00:04,1017,-92
509.009,00:02,1018,-83
509.049,00:03,1018,-81
509.112,00:04,1018,-92
509.51,00:02,1019,-83
509.55,00:03,1019,-81
509.61,00:04,1019,-92
510.009,00:02,1020,-82
510.05,00:03,1020,-81
510.112,00:04,1020,-92
510.508,00:02,1021,-82
510.551,00:03,1021,-81
510.611,00:04,1021,-92
511.01,00:02,1022,-82
511.049,00:03,1022,-81
511.113,00:04,1022,-92
511.511,00:02,1023,-82
511.548,00:03,1023,-82
511.613,00:04,1023,-92
512.009,00:02,1024,-82
512.05,00:03,1024,-82
512.113,00:04,1024,-92
512.509,00:02,1025,-82
512.55,00:03,1025,-82
512.61,00:04,1025,-92
513.009,00:02,1026,-82
513.049,00:03,1026,-82
513.114,00:04,1026,-92
513.51,00:02,1027,-82
513.55,00:03,1027,-82
513.611,00:04,1027,-92
514.01,00:02,1028,-81
514.048,00:03,1028,-82
514.112,00:04,1028,-92
514.51,00:02,1029,-81
514.55,00:03,1029,-82
514.613,00:04,1029,-92
515.009,00:02,1030,-81
515.049,00:03,1030,-83
515.112,00:04,1030,-92
515.508,00:02,1031,-81
515.55,00:03,1031,-83
515.613,00:04,1031,-92
516.01,00:02,1032,-81
516.049,00:03,1032,-83
516.11,00:04,1032,-92
516.51,00:02,1033,-81
516.549,00:03,1033,-83
516.611,00:04,1033,-92
517.011,00:02,1034,-81
517.048,00:03,1034,-83
517.112,00:04,1034,-92
517.509,00:02,1035,-81
517.548,00:03,1035,-83
517.614,00:04,1035,-92
518.011,00:02,1036,-80
518.051,00:03,1036,-84
518.112,00:04,1036,-92
518.51,00:02,1037,-80
518.549,00:03,1037,-84
518.613,00:04,1037,-92
519.009,00:02,1038,-84
519.048,00:03,1038,-88
519.113,00:04,1038,-96
519.511,00:02,1039,-84
519.549,00:03,1039,-88
519.612,00:04,1039,-96
520.01,00:02,1040,-84
520.051,00:03,1040,-88
520.111,00:04,1040,-96
520.508,00:02,1041,-84
520.55,00:03,1041,-88
520.612,00:04,1041,-96
521.008,00:02,1042,-84
521.05,00:03,1042,-88
521.113,00:04,1042,-96
521.509,00:02,1043,-84
521.551,00:03,1043,-89
521.612,00:04,1043,-96
522.009,00:02,1044,-83
522.05,00:03,1044,-89
522.112,00:04,1044,-96
522.509,00:02,1045,-83
522.551,00:03,1045,-89
522.612,00:04,1045,-96
523.01,00:02,1046,-83
523.051,00:03,1046,-89
523.113,00:04,1046,-96
523.51,00:02,1047,-83
523.549,00:03,1047,-89
523.612,00:04,1047,-96
524.009,00:02,1048,-83
524.049,00:03,1048,-89
524.111,00:04,1048,-96
524.51,00:02,1049,-83
524.548,00:03,1049,-89
524.611,00:04,1049,-96
525.011,00:02,1050,-83
525.051,00:03,1050,-90
525.111,00:04,1050,-96
525.51,00:02,1051,-82
525.55,00:03,1051,-90
525.613,00:04,1051,-96
526.008,00:02,1052,-82
526.048,00:03,1052,-90
526.111,00:04,1052,-96
526.509,00:02,1053,-82
526.549,00:03,1053,-90
526.613,00:04,1053,-96
527.009,00:02,1054,-82
527.049,00:03,1054,-90
527.112,00:04,1054,-96
527.508,00:02,1055,-82
527.55,00:03,1055,-90
527.612,00:04,1055,-96
528.008,00:02,1056,-82
528.049,00:03,1056,-90
528.112,00:04,1056,-96
528.508,00:02,1057,-82
528.548,00:03,1057,-90
528.611,00:04,1057,-96
529.009,00:02,1058,-81
529.049,00:03,1058,-91
529.111,00:04,1058,-96
529.511,00:02,1059,-81
529.55,00:03,1059,-91
529.614,00:04,1059,-96
530.009,00:02,1060,-81
530.05,00:03,1060,-91
530.112,00:04,1060,-96
530.508,00:02,1061,-81
530.548,00:03,1061,-91
530.611,00:04,1061,-96
531.009,00:02,1062,-77
531.05,00:03,1062,-87
531.112,00:04,1062,-92
531.51,00:02,1063,-77
531.55,00:03,1063,-87
531.612,00:04,1063,-92
532.009,00:02,1064,-77
532.05,00:03,1064,-87
532.111,00:04,1064,-92
532.509,00:02,1065,-76
532.55,00:03,1065,-88
532.612,00:04,1065,-92
533.009,00:02,1066,-76
533.049,00:03,1066,-88
533.113,00:04,1066,-92
533.51,00:02,1067,-76
533.55,00:03,1067,-88
533.61,00:04,1067,-92
534.01,00:02,1068,-76
534.05,00:03,1068,-88
534.111,00:04,1068,-92
534.511,00:02,1069,-76
534.547,00:03,1069,-88
534.612,00:04,1069,-92
535.009,00:02,1070,-76
535.049,00:03,1070,-88
535.112,00:04,1070,-92
535.51,00:02,1071,-76
535.549,00:03,1071,-88
535.612,00:04,1071,-92
536.011,00:02,1072,-75
536.051,00:03,1072,-88
536.112,00:04,1072,-92
536.509,00:02,1073,-75
536.548,00:03,1073,-89
536.613,00:04,1073,-92
537.011,00:02,1074,-75
537.049,00:03,1074,-89
537.111,00:04,1074,-92
537.51,00:02,1075,-75
537.549,00:03,1075,-89
537.61,00:04,1075,-92
538.01,00:02,1076,-75
538.049,00:03,1076,-89
538.113,00:04,1076,-92
538.51,00:02,1077,-75
538.551,00:03,1077,-89
538.61,00:04,1077,-92
539.009,00:02,1078,-74
539.049,00:03,1078,-89
539.112,00:04,1078,-92
539.51,00:02,1079,-74
539.549,00:03,1079,-89
539.614,00:04,1079,-92
540.01,00:02,1080,-74
540.049,00:03,1080,-89
540.111,00:04,1080,-92
540.51,00:02,1081,-74
540.548,00:03,1081,-90
540.612,00:04,1081,-92
541.01,00:02,1082,-74
541.048,00:03,1082,-90
541.113,00:04,1082,-92
541.509,00:02,1083,-74
541.55,00:03,1083,-90
541.614,00:04,1083,-92
542.01,00:02,1084,-74
542.05,00:03,1084,-90
542.113,00:04,1084,-92
542.51,00:02,1085,-73
542.548,00:03,1085,-90
542.613,00:04,1085,-92
543.01,00:02,1086,-73
543.049,00:03,1086,-90
543.111,00:04,1086,-92
543.51,00:02,1087,-73
543.548,00:03,1087,-90
543.612,00:04,1087,-92
544.01,00:02,1088,-73
544.05,00:03,1088,-90
544.112,00:04,1088,-92
544.509,00:02,1089,-73
544.55,00:03,1089,-90
544.613,00:04,1089,-92
545.01,00:02,1090,-73
545.049,00:03,1090,-91
545.112,00:04,1090,-92
545.508,00:02,1091,-72
545.549,00:03,1091,-91
545.611,00:04,1091,-92
546.01,00:02,1092,-72
546.05,00:03,1092,-91
546.114,00:04,1092,-92
546.508,00:02,1093,-72
546.548,00:03,1093,-91
546.613,00:04,1093,-93
547.011,00:02,1094,-72
547.049,00:03,1094,-91
547.114,00:04,1094,-93
547.509,00:02,1095,-72
547.548,00:03,1095,-91
547.612,00:04,1095,-93
548.009,00:02,1096,-72
548.049,00:03,1096,-91
548.112,00:04,1096,-93
548.51,00:02,1097,-72
548.55,00:03,1097,-91
548.612,00:04,1097,-93
549.009,00:02,1098,-71
549.047,00:03,1098,-91
549.112,00:04,1098,-93
549.51,00:02,1099,-71
549.551,00:03,1099,-92
549.613,00:04,1099,-93
550.009,00:02,1100,-71
550.049,00:03,1100,-92
550.113,00:04,1100,-93
550.51,00:02,1101,-71
550.55,00:03,1101,-92
550.611,00:04,1101,-93
551.012,00:02,1102,-71
551.049,00:03,1102,-92
551.113,00:04,1102,-93
551.51,00:02,1103,-71
551.548,00:03,1103,-92
551.613,00:04,1103,-93
552.01,00:02,1104,-71
552.048,00:03,1104,-92
552.113,00:04,1104,-93
552.509,00:02,1105,-70
552.549,00:03,1105,-92
552.611,00:04,1105,-93
553.01,00:02,1106,-74
553.05,00:03,1106,-96
553.112,00:04,1106,-97
553.512,00:02,1107,-74
553.548,00:03,1107,-96
553.613,00:04,1107,-97
554.009,00:02,1108,-74
554.05,00:03,1108,-96
554.113,00:04,1108,-97
554.51,00:02,1109,-74
554.55,00:03,1109,-97
554.611,00:04,1109,-97
555.008,00:02,1110,-74
555.05,00:03,1110,-97
555.113,00:04,1110,-97
555.51,00:02,1111,-74
555.55,00:03,1111,-97
555.611,00:04,1111,-97
556.011,00:02,1112,-73
556.049,00:03,1112,-97
556.113,00:04,1112,-97
556.511,00:02,1113,-73
556.55,00:03,1113,-97
556.613,00:04,1113,-98
557.009,00:02,1114,-69
557.047,00:03,1114,-93
557.112,00:04,1114,-94
557.509,00:02,1115,-69
557.549,00:03,1115,-93
557.612,00:04,1115,-94
558.011,00:02,1116,-69
558.047,00:03,1116,-93
558.111,00:04,1116,-94
558.511,00:02,1117,-69
558.551,00:03,1117,-93
558.612,00:04,1117,-94
559.009,00:02,1118,-69
559.048,00:03,1118,-93
559.113,00:04,1118,-94
559.51,00:02,1119,-69
559.549,00:03,1119,-94
559.612,00:04,1119,-94
560.009,00:02,1120,-69
560.049,00:03,1120,-94
560.113,00:04,1120,-94
560.508,00:02,1121,-68
560.549,00:03,1121,-94
560.612,00:04,1121,-94
561.009,00:02,1122,-68
561.048,00:03,1122,-94
561.113,00:04,1122,-94
561.51,00:02,1123,-68
561.548,00:03,1123,-94
561.613,00:04,1123,-94
562.009,00:02,1124,-68
562.05,00:03,1124,-94
562.112,00:04,1124,-94
562.51,00:02,1125,-68
562.548,00:03,1125,-94
562.614,00:04,1125,-94
563.01,00:02,1126,-68
563.048,00:03,1126,-94
563.114,00:04,1126,-94
563.509,00:02,1127,-68
563.55,00:03,1127,-94
563.613,00:04,1127,-94
564.01,00:02,1128,-68
564.05,00:03,1128,-94
564.111,00:04,1128,-94
564.509,00:02,1129,-68
564.548,00:03,1129,-95
564.614,00:04,1129,-94
565.01,00:02,1130,-68
565.049,00:03,1130,-95
565.114,00:04,1130,-95
565.509,00:02,1131,-68
565.549,00:03,1131,-95
565.614,00:04,1131,-95
566.01,00:02,1132,-68
566.049,00:03,1132,-95
566.112,00:04,1132,-95
566.51,00:02,1133,-68
566.548,00:03,1133,-95
566.614,00:04,1133,-95
567.009,00:02,1134,-68
567.05,00:03,1134,-95
567.111,00:04,1134,-95
567.51,00:02,1135,-68
567.549,00:03,1135,-95
567.614,00:04,1135,-95
568.009,00:02,1136,-68
568.051,00:03,1136,-95
568.114,00:04,1136,-95
568.511,00:02,1137,-68
568.548,00:03,1137,-95
568.612,00:04,1137,-95
569.009,00:02,1138,-68
569.05,00:03,1138,-95
569.113,00:04,1138,-95
569.509,00:02,1139,-68
569.549,00:03,1139,-95
569.613,00:04,1139,-95
570.01,00:02,1140,-68
570.047,00:03,1140,-96
570.113,00:04,1140,-95
570.51,00:02,1141,-68
570.549,00:03,1141,-96
570.612,00:04,1141,-95
571.012,00:02,1142,-68
571.048,00:03,1142,-96
571.113,00:04,1142,-95
571.51,00:02,1143,-68
571.548,00:03,1143,-96
571.612,00:04,1143,-95
572.012,00:02,1144,-69
572.049,00:03,1144,-96
572.111,00:04,1144,-95
572.51,00:02,1145,-69
572.549,00:03,1145,-96
572.612,00:04,1145,-95
573.01,00:02,1146,-69
573.05,00:03,1146,-96
573.112,00:04,1146,-95
573.511,00:02,1147,-70
573.549,00:03,1147,-96
573.613,00:04,1147,-95
574.01,00:02,1148,-70
574.049,00:03,1148,-96
574.113,00:04,1148,-94
574.508,00:02,1149,-70
574.548,00:03,1149,-96
574.613,00:04,1149,-94
575.009,00:02,1150,-70
575.051,00:03,1150,-96
575.115,00:04,1150,-94
575.509,00:02,1151,-70
575.548,00:03,1151,-96
575.613,00:04,1151,-94
576.012,00:02,1152,-70
576.048,00:03,1152,-96
576.114,00:04,1152,-94
576.509,00:02,1153,-70
576.547,00:03,1153,-96
576.613,00:04,1153,-94
577.011,00:02,1154,-70
577.048,00:03,1154,-96
577.113,00:04,1154,-94
577.509,00:02,1155,-70
577.548,00:03,1155,-96
577.612,00:04,1155,-94
578.01,00:02,1156,-70
578.048,00:03,1156,-95
578.113,00:04,1156,-94
578.51,00:02,1157,-70
578.549,00:03,1157,-95
578.615,00:04,1157,-94
579.01,00:02,1158,-70
579.047,00:03,1158,-95
579.114,00:04,1158,-94
579.511,00:02,1159,-70
579.549,00:03,1159,-95
579.614,00:04,1159,-94
580.011,00:02,1160,-71
580.049,00:03,1160,-95
580.113,00:04,1160,-94
580.511,00:02,1161,-71
580.549,00:03,1161,-95
580.613,00:04,1161,-94
581.01,00:02,1162,-71
581.048,00:03,1162,-95
581.114,00:04,1162,-94
581.511,00:02,1163,-71
581.55,00:03,1163,-95
581.611,00:04,1163,-93
582.009,00:02,1164,-71
582.047,00:03,1164,-95
582.112,00:04,1164,-93
582.509,00:02,1165,-71
582.548,00:03,1165,-95
582.613,00:04,1165,-93
583.01,00:02,1166,-71
583.048,00:03,1166,-95
583.111,00:04,1166,-93
583.511,00:02,1167,-71
583.547,00:03,1167,-94
583.611,00:04,1167,-93
584.01,00:02,1168,-71
584.048,00:03,1168,-94
584.113,00:04,1168,-93
584.511,00:02,1169,-71
584.549,00:03,1169,-94
584.613,00:04,1169,-93
585.01,00:02,1170,-71
585.047,00:03,1170,-94
585.111,00:04,1170,-93
585.51,00:02,1171,-71
585.55,00:03,1171,-94
585.613,00:04,1171,-93
586.01,00:02,1172,-71
586.049,00:03,1172,-94
586.112,00:04,1172,-93
586.508,00:02,1173,-71
586.548,00:03,1173,-94
586.611,00:04,1173,-93
587.009,00:02,1174,-71
587.049,00:03,1174,-94
587.112,00:04,1174,-93
587.511,00:02,1175,-71
587.548,00:03,1175,-94
587.614,00:04,1175,-93
588.01,00:02,1176,-71
588.049,00:03,1176,-94
588.112,00:04,1176,-93
588.512,00:02,1177,-72
588.549,00:03,1177,-94
588.613,00:04,1177,-92
589.01,00:02,1178,-76
589.05,00:03,1178,-97
589.112,00:04,1178,-96
589.509,00:02,1179,-76
589.548,00:03,1179,-97
589.613,00:04,1179,-96
590.011,00:02,1180,-76
590.049,00:03,1180,-97
590.114,00:04,1180,-96
590.51,00:02,1181,-76
590.549,00:03,1181,-97
590.614,00:04,1181,-96
591.009,00:02,1182,-76
591.049,00:03,1182,-97
591.114,00:04,1182,-96
591.511,00:02,1183,-76
591.549,00:03,1183,-97
591.612,00:04,1183,-96
592.01,00:02,1184,-76
592.048,00:03,1184,-97
592.113,00:04,1184,-96
592.509,00:02,1185,-76
592.548,00:03,1185,-97
592.613,00:04,1185,-96
593.01,00:02,1186,-72
593.049,00:03,1186,-93
593.115,00:04,1186,-92
593.511,00:02,1187,-73
593.548,00:03,1187,-93
593.614,00:04,1187,-92
594.01,00:02,1188,-73
594.05,00:03,1188,-92
594.114,00:04,1188,-92
594.512,00:02,1189,-73
594.55,00:03,1189,-92
594.612,00:04,1189,-92
595.01,00:02,1190,-73
595.048,00:03,1190,-92
595.113,00:04,1190,-92
595.51,00:02,1191,-73
595.548,00:03,1191,-92
595.611,00:04,1191,-92
596.009,00:02,1192,-73
596.048,00:03,1192,-92
596.112,00:04,1192,-92
596.51,00:02,1193,-73
596.549,00:03,1193,-92
596.613,00:04,1193,-92
597.009,00:02,1194,-73
597.047,00:03,1194,-92
597.113,00:04,1194,-91
597.511,00:02,1195,-73
597.549,00:03,1195,-92
597.614,00:04,1195,-91
598.01,00:02,1196,-74
598.049,00:03,1196,-92
598.115,00:04,1196,-91
598.51,00:02,1197,-74
598.55,00:03,1197,-92
598.614,00:04,1197,-91
599.01,00:02,1198,-74
599.048,00:03,1198,-91
599.112,00:04,1198,-91
599.51,00:02,1199,-74
599.55,00:03,1199,-91
599.613,00:04,1199,-91
600.011,00:02,1200,-74
600.047,00:03,1200,-91
600.115,00:04,1200,-91
600.51,00:02,1201,-74
600.549,00:03,1201,-91
600.614,00:04,1201,-91
601.009,00:02,1202,-74
601.049,00:03,1202,-91
601.114,00:04,1202,-91
601.511,00:02,1203,-74
601.548,00:03,1203,-91
601.612,00:04,1203,-91
602.011,00:02,1204,-75
602.049,00:03,1204,-91
602.113,00:04,1204,-91
602.512,00:02,1205,-75
602.549,00:03,1205,-91
602.613,00:04,1205,-91
603.01,00:02,1206,-75
603.048,00:03,1206,-91
603.113,00:04,1206,-91
603.51,00:02,1207,-75
603.547,00:03,1207,-90
603.614,00:04,1207,-91
604.012,00:02,1208,-75
604.048,00:03,1208,-90
604.114,00:04,1208,-91
604.511,00:02,1209,-75
604.548,00:03,1209,-90
604.612,00:04,1209,-91
605.01,00:02,1210,-75
605.049,00:03,1210,-90
605.113,00:04,1210,-91
605.509,00:02,1211,-75
605.549,00:03,1211,-90
605.612,00:04,1211,-91
606.01,00:02,1212,-76
606.049,00:03,1212,-90
606.114,00:04,1212,-91
606.51,00:02,1213,-76
606.55,00:03,1213,-90
606.613,00:04,1213,-91
607.01,00:02,1214,-76
607.049,00:03,1214,-90
607.113,00:04,1214,-91
607.511,00:02,1215,-76
607.55,00:03,1215,-90
607.614,00:04,1215,-91
608.01,00:02,1216,-76
608.047,00:03,1216,-90
608.112,00:04,1216,-90
608.509,00:02,1217,-76
608.546,00:03,1217,-89
608.612,00:04,1217,-90
609.01,00:02,1218,-76
609.049,00:03,1218,-89
609.112,00:04,1218,-90
609.51,00:02,1219,-77
609.549,00:03,1219,-89
609.613,00:04,1219,-90
610.011,00:02,1220,-77
610.048,00:03,1220,-89
610.113,00:04,1220,-90
610.511,00:02,1221,-77
610.548,00:03,1221,-89
610.612,00:04,1221,-90
611.011,00:02,1222,-77
611.049,00:03,1222,-89
611.111,00:04,1222,-90
611.51,00:02,1223,-77
611.55,00:03,1223,-89
611.614,00:04,1223,-90
612.009,00:02,1224,-77
612.048,00:03,1224,-89
612.112,00:04,1224,-90
612.511,00:02,1225,-77
612.547,00:03,1225,-88
612.613,00:04,1225,-90
613.01,00:02,1226,-77
613.048,00:03,1226,-88
613.114,00:04,1226,-90
613.509,00:02,1227,-78
613.549,00:03,1227,-88
613.614,00:04,1227,-90
614.01,00:02,1228,-78
614.05,00:03,1228,-88
614.114,00:04,1228,-90
614.511,00:02,1229,-78
614.549,00:03,1229,-88
614.615,00:04,1229,-90
615.011,00:02,1230,-78
615.049,00:03,1230,-88
615.113,00:04,1230,-90
615.509,00:02,1231,-78
615.548,00:03,1231,-88
615.612,00:04,1231,-90
616.01,00:02,1232,-78
616.049,00:03,1232,-88
616.114,00:04,1232,-90
616.511,00:02,1233,-78
616.55,00:03,1233,-88
616.611,00:04,1233,-90
617.011,00:02,1234,-78
617.048,00:03,1234,-87
617.112,00:04,1234,-90
617.512,00:02,1235,-79
617.547,00:03,1235,-87
617.613,00:04,1235,-90
618.011,00:02,1236,-79
618.047,00:03,1236,-87
618.113,00:04,1236,-90
618.51,00:02,1237,-79
618.547,00:03,1237,-87
618.613,00:04,1237,-90
619.009,00:02,1238,-79
619.048,00:03,1238,-87
619.112,00:04,1238,-90
619.51,00:02,1239,-79
619.55,00:03,1239,-87
619.612,00:04,1239,-90
620.011,00:02,1240,-79
620.047,00:03,1240,-87
620.113,00:04,1240,-90
620.51,00:02,1241,-79
620.548,00:03,1241,-87
620.613,00:04,1241,-90
621.01,00:02,1242,-79
621.048,00:03,1242,-86
621.115,00:04,1242,-90
621.511,00:02,1243,-80
621.547,00:03,1243,-86
621.613,00:04,1243,-90
622.009,00:02,1244,-80
622.05,00:03,1244,-86
622.114,00:04,1244,-90
622.51,00:02,1245,-80
622.548,00:03,1245,-86
622.613,00:04,1245,-90
623.01,00:02,1246,-80
623.047,00:03,1246,-86
623.112,00:04,1246,-90
623.51,00:02,1247,-80
623.547,00:03,1247,-86
623.614,00:04,1247,-90
624.01,00:02,1248,-80
624.047,00:03,1248,-86
624.113,00:04,1248,-90
624.51,00:02,1249,-80
624.547,00:03,1249,-86
624.612,00:04,1249,-90
625.011,00:02,1250,-80
625.049,00:03,1250,-85
625.114,00:04,1250,-90
625.512,00:02,1251,-81
625.55,00:03,1251,-85
625.613,00:04,1251,-90
626.01,00:02,1252,-81
626.049,00:03,1252,-85
626.112,00:04,1252,-90
626.511,00:02,1253,-81
626.549,00:03,1253,-85
626.613,00:04,1253,-90
627.009,00:02,1254,-81
627.048,00:03,1254,-85
627.112,00:04,1254,-90
627.51,00:02,1255,-81
627.546,00:03,1255,-85
627.613,00:04,1255,-90
628.009,00:02,1256,-81
628.048,00:03,1256,-85
628.114,00:04,1256,-90
628.509,00:02,1257,-81
628.547,00:03,1257,-84
628.615,00:04,1257,-90
629.011,00:02,1258,-81
629.049,00:03,1258,-84
629.115,00:04,1258,-90
629.512,00:02,1259,-82
629.548,00:03,1259,-84
629.613,00:04,1259,-90
630.011,00:02,1260,-82
630.048,00:03,1260,-84
630.112,00:04,1260,-90
630.512,00:02,1261,-82
630.548,00:03,1261,-84
630.613,00:04,1261,-90
631.011,00:02,1262,-82
631.047,00:03,1262,-84
631.111,00:04,1262,-90
631.51,00:02,1263,-82
631.547,00:03,1263,-84
631.614,00:04,1263,-90
632.009,00:02,1264,-82
632.048,00:03,1264,-84
632.115,00:04,1264,-90
632.51,00:02,1265,-82
632.549,00:03,1265,-83
632.613,00:04,1265,-90
633.01,00:02,1266,-82
633.048,00:03,1266,-83
633.114,00:04,1266,-90
633.51,00:02,1267,-82
633.549,00:03,1267,-83
633.613,00:04,1267,-90
634.01,00:02,1268,-83
634.048,00:03,1268,-83
634.114,00:04,1268,-90
634.509,00:02,1269,-83
634.546,00:03,1269,-83
634.612,00:04,1269,-91
635.01,00:02,1270,-83
635.047,00:03,1270,-83
635.114,00:04,1270,-91
635.511,00:02,1271,-83
635.549,00:03,1271,-83
635.614,00:04,1271,-91
636.01,00:02,1272,-83
636.048,00:03,1272,-83
636.113,00:04,1272,-91
636.512,00:02,1273,-83
636.548,00:03,1273,-82
636.614,00:04,1273,-91
637.009,00:02,1274,-83
637.048,00:03,1274,-82
637.115,00:04,1274,-91
637.51,00:02,1275,-83
637.548,00:03,1275,-82
637.613,00:04,1275,-91
638.011,00:02,1276,-83
638.048,00:03,1276,-82
638.114,00:04,1276,-91
638.51,00:02,1277,-84
638.549,00:03,1277,-82
638.614,00:04,1277,-91
639.011,00:02,1278,-84
639.047,00:03,1278,-82
639.113,00:04,1278,-91
639.51,00:02,1279,-84
639.548,00:03,1279,-82
639.614,00:04,1279,-91
640.009,00:02,1280,-84
640.048,00:03,1280,-81
640.113,00:04,1280,-91
640.511,00:02,1281,-84
640.548,00:03,1281,-81
640.615,00:04,1281,-91
641.012,00:02,1282,-84
641.05,00:03,1282,-81
641.115,00:04,1282,-91
641.51,00:02,1283,-84
641.546,00:03,1283,-81
641.614,00:04,1283,-91
642.01,00:02,1284,-84
642.048,00:03,1284,-81
642.113,00:04,1284,-91
642.511,00:02,1285,-84
642.548,00:03,1285,-81
642.613,00:04,1285,-91
643.01,00:02,1286,-85
643.047,00:03,1286,-81
643.115,00:04,1286,-91
643.512,00:02,1287,-85
643.547,00:03,1287,-81
643.614,00:04,1287,-91
644.01,00:02,1288,-85
644.049,00:03,1288,-80
644.113,00:04,1288,-91
644.511,00:02,1289,-85
644.549,00:03,1289,-80
644.614,00:04,1289,-91
645.009,00:02,1290,-85
645.046,00:03,1290,-80
645.114,00:04,1290,-91
645.51,00:02,1291,-85
645.547,00:03,1291,-80
645.614,00:04,1291,-92
646.009,00:02,1292,-85
646.049,00:03,1292,-80
646.112,00:04,1292,-92
646.51,00:02,1293,-85
646.547,00:03,1293,-80
646.612,00:04,1293,-92
647.011,00:02,1294,-85
647.049,00:03,1294,-80
647.115,00:04,1294,-92
647.511,00:02,1295,-85
647.547,00:03,1295,-80
647.615,00:04,1295,-92
648.012,00:02,1296,-86
648.047,00:03,1296,-80
648.114,00:04,1296,-92
648.51,00:02,1297,-86
648.55,00:03,1297,-79
648.614,00:04,1297,-92
649.01,00:02,1298,-90
649.047,00:03,1298,-83
649.114,00:04,1298,-96
649.512,00:02,1299,-90
649.547,00:03,1299,-83
649.614,00:04,1299,-96
650.01,00:02,1300,-90
650.047,00:03,1300,-83
650.113,00:04,1300,-96
650.509,00:02,1301,-90
650.546,00:03,1301,-83
650.613,00:04,1301,-96
651.011,00:02,1302,-90
651.047,00:03,1302,-83
651.113,00:04,1302,-96
651.509,00:02,1303,-90
651.547,00:03,1303,-83
651.614,00:04,1303,-96
652.012,00:02,1304,-90
652.048,00:03,1304,-83
652.114,00:04,1304,-96
652.511,00:02,1305,-90
652.547,00:03,1305,-83
652.614,00:04,1305,-96
653.009,00:02,1306,-87
653.048,00:03,1306,-79
653.113,00:04,1306,-92
653.51,00:02,1307,-87
653.547,00:03,1307,-78
653.612,00:04,1307,-93
654.01,00:02,1308,-87
654.046,00:03,1308,-78
654.112,00:04,1308,-93
654.51,00:02,1309,-87
654.546,00:03,1309,-78
654.615,00:04,1309,-93
655.01,00:02,1310,-87
655.047,00:03,1310,-78
655.113,00:04,1310,-93
655.51,00:02,1311,-87
655.548,00:03,1311,-78
655.613,00:04,1311,-93
656.011,00:02,1312,-87
656.047,00:03,1312,-78
656.111,00:04,1312,-93
656.51,00:02,1313,-87
656.548,00:03,1313,-78
656.613,00:04,1313,-93
657.012,00:02,1314,-87
657.048,00:03,1314,-78
657.113,00:04,1314,-93
657.511,00:02,1315,-87
657.549,00:03,1315,-78
657.614,00:04,1315,-93
658.01,00:02,1316,-87
658.049,00:03,1316,-78
658.113,00:04,1316,-93
658.51,00:02,1317,-88
658.548,00:03,1317,-78
658.616,00:04,1317,-93
659.01,00:02,1318,-88
659.048,00:03,1318,-78
659.113,00:04,1318,-93
659.509,00:02,1319,-88
659.546,00:03,1319,-78
659.614,00:04,1319,-93
660.01,00:02,1320,-88
660.047,00:03,1320,-78
660.113,00:04,1320,-93
660.51,00:02,1321,-88
660.548,00:03,1321,-78
660.612,00:04,1321,-93
661.009,00:02,1322,-88
661.048,00:03,1322,-78
661.114,00:04,1322,-94
661.512,00:02,1323,-88
661.546,00:03,1323,-77
661.615,00:04,1323,-94
662.012,00:02,1324,-88
662.048,00:03,1324,-77
662.115,00:04,1324,-94
662.511,00:02,1325,-88
662.549,00:03,1325,-77
662.613,00:04,1325,-94
663.009,00:02,1326,-88
663.046,00:03,1326,-77
663.113,00:04,1326,-94
663.509,00:02,1327,-88
663.549,00:03,1327,-77
663.612,00:04,1327,-94
664.01,00:02,1328,-89
664.048,00:03,1328,-77
664.114,00:04,1328,-94
664.51,00:02,1329,-89
664.546,00:03,1329,-77
664.613,00:04,1329,-94
665.01,00:02,1330,-89
665.048,00:03,1330,-77
665.115,00:04,1330,-94
665.511,00:02,1331,-89
665.547,00:03,1331,-77
665.615,00:04,1331,-94
666.01,00:02,1332,-89
666.048,00:03,1332,-77
666.113,00:04,1332,-94
666.511,00:02,1333,-89
666.547,00:03,1333,-78
666.613,00:04,1333,-94
667.01,00:02,1334,-89
667.048,00:03,1334,-78
667.114,00:04,1334,-94
667.51,00:02,1335,-89
667.547,00:03,1335,-78
667.615,00:04,1335,-94
668.009,00:02,1336,-89
668.046,00:03,1336,-78
668.113,00:04,1336,-94
668.51,00:02,1337,-89
668.548,00:03,1337,-79
668.614,00:04,1337,-94
669.009,00:02,1338,-89
669.049,00:03,1338,-79
669.115,00:04,1338,-94
669.511,00:02,1339,-89
669.546,00:03,1339,-79
669.615,00:04,1339,-94
670.011,00:02,1340,-89
670.048,00:03,1340,-79
670.114,00:04,1340,-93
670.511,00:02,1341,-89
670.549,00:03,1341,-80
670.614,00:04,1341,-93
671.012,00:02,1342,-89
671.048,00:03,1342,-80
671.114,00:04,1342,-93
671.51,00:02,1343,-89
671.547,00:03,1343,-80
671.614,00:04,1343,-93
672.01,00:02,1344,-89
672.047,00:03,1344,-80
672.114,00:04,1344,-93
672.51,00:02,1345,-89
672.547,00:03,1345,-80
672.613,00:04,1345,-93
673.011,00:02,1346,-89
673.049,00:03,1346,-80
673.114,00:04,1346,-93
673.509,00:02,1347,-89
673.548,00:03,1347,-80
673.613,00:04,1347,-93
674.009,00:02,1348,-89
674.048,00:03,1348,-80
674.112,00:04,1348,-93
674.512,00:02,1349,-89
674.549,00:03,1349,-80
674.614,00:04,1349,-93
675.011,00:02,1350,-89
675.047,00:03,1350,-80
675.113,00:04,1350,-93
675.509,00:02,1351,-89
675.546,00:03,1351,-80
675.614,00:04,1351,-93
676.009,00:02,1352,-89
676.046,00:03,1352,-80
676.113,00:04,1352,-93
676.509,00:02,1353,-88
676.547,00:03,1353,-80
676.614,00:04,1353,-93
677.011,00:02,1354,-88
677.047,00:03,1354,-80
677.112,00:04,1354,-92
677.51,00:02,1355,-88
677.546,00:03,1355,-80
677.614,00:04,1355,-92
678.012,00:02,1356,-88
678.047,00:03,1356,-80
678.113,00:04,1356,-92
678.511,00:02,1357,-88
678.546,00:03,1357,-80
678.614,00:04,1357,-92
679.01,00:02,1358,-88
679.048,00:03,1358,-80
679.115,00:04,1358,-92
679.511,00:02,1359,-88
679.546,00:03,1359,-80
679.614,00:04,1359,-92
680.012,00:02,1360,-88
680.047,00:03,1360,-80
680.113,00:04,1360,-92
680.511,00:02,1361,-88
680.548,00:03,1361,-80
680.612,00:04,1361,-92
681.011,00:02,1362,-88
681.048,00:03,1362,-80
681.113,00:04,1362,-92
681.512,00:02,1363,-88
681.547,00:03,1363,-80
681.616,00:04,1363,-92
682.011,00:02,1364,-87
682.047,00:03,1364,-80
682.116,00:04,1364,-92
682.51,00:02,1365,-87
682.547,00:03,1365,-80
682.613,00:04,1365,-92
683.01,00:02,1366,-87
683.046,00:03,1366,-80
683.114,00:04,1366,-92
683.509,00:02,1367,-87
683.547,00:03,1367,-81
683.613,00:04,1367,-91
684.01,00:02,1368,-87
684.049,00:03,1368,-81
684.114,00:04,1368,-91
684.51,00:02,1369,-87
684.548,00:03,1369,-81
684.614,00:04,1369,-91
685.011,00:02,1370,-91
685.048,00:03,1370,-85
685.113,00:04,1370,-95
685.511,00:02,1371,-91
685.548,00:03,1371,-85
685.614,00:04,1371,-95
686.011,00:02,1372,-91
686.048,00:03,1372,-85
686.113,00:04,1372,-95
686.51,00:02,1373,-91
686.546,00:03,1373,-85
686.615,00:04,1373,-95
687.011,00:02,1374,-91
687.048,00:03,1374,-85
687.115,00:04,1374,-95
687.511,00:02,1375,-90
687.546,00:03,1375,-85
687.614,00:04,1375,-95
688.012,00:02,1376,-90
688.047,00:03,1376,-85
688.112,00:04,1376,-95
688.51,00:02,1377,-90
688.548,00:03,1377,-85
688.614,00:04,1377,-95
689.011,00:02,1378,-86
689.047,00:03,1378,-81
689.113,00:04,1378,-91
689.513,00:02,1379,-86
689.547,00:03,1379,-81
689.615,00:04,1379,-91
690.01,00:02,1380,-86
690.047,00:03,1380,-82
690.113,00:04,1380,-91
690.51,00:02,1381,-86
690.546,00:03,1381,-82
690.615,00:04,1381,-90
691.011,00:02,1382,-86
691.046,00:03,1382,-82
691.115,00:04,1382,-90
691.509,00:02,1383,-86
691.548,00:03,1383,-82
691.613,00:04,1383,-90
692.011,00:02,1384,-86
692.046,00:03,1384,-82
692.115,00:04,1384,-90
692.511,00:02,1385,-86
692.548,00:03,1385,-82
692.613,00:04,1385,-90
693.012,00:02,1386,-85
693.048,00:03,1386,-82
693.114,00:04,1386,-90
693.511,00:02,1387,-85
693.547,00:03,1387,-82
693.614,00:04,1387,-90
694.01,00:02,1388,-85
694.047,00:03,1388,-82
694.112,00:04,1388,-90
694.512,00:02,1389,-85
694.547,00:03,1389,-82
694.614,00:04,1389,-90
695.011,00:02,1390,-85
695.047,00:03,1390,-82
695.113,00:04,1390,-90
695.511,00:02,1391,-85
695.546,00:03,1391,-83
695.614,00:04,1391,-90
696.012,00:02,1392,-85
696.047,00:03,1392,-83
696.114,00:04,1392,-90
696.509,00:02,1393,-85
696.548,00:03,1393,-83
696.614,00:04,1393,-90
697.009,00:02,1394,-85
697.048,00:03,1394,-83
697.114,00:04,1394,-90
697.512,00:02,1395,-85
697.548,00:03,1395,-83
697.613,00:04,1395,-90
698.012,00:02,1396,-84
698.047,00:03,1396,-83
698.116,00:04,1396,-90
698.51,00:02,1397,-84
698.548,00:03,1397,-83
698.615,00:04,1397,-89
699.011,00:02,1398,-84
699.048,00:03,1398,-83
699.113,00:04,1398,-89
699.51,00:02,1399,-84
699.547,00:03,1399,-83
699.615,00:04,1399,-89
700.01,00:02,1400,-84
700.047,00:03,1400,-84
700.112,00:04,1400,-89
700.511,00:02,1401,-84
700.547,00:03,1401,-84
700.615,00:04,1401,-89
701.01,00:02,1402,-84
701.047,00:03,1402,-84
701.115,00:04,1402,-89
701.51,00:02,1403,-84
701.549,00:03,1403,-84
701.614,00:04,1403,-89
702.009,00:02,1404,-84
702.046,00:03,1404,-84
702.114,00:04,1404,-89
702.511,00:02,1405,-84
702.547,00:03,1405,-84
702.614,00:04,1405,-89
703.012,00:02,1406,-83
703.046,00:03,1406,-84
703.114,00:04,1406,-89
703.51,00:02,1407,-83
703.547,00:03,1407,-84
703.614,00:04,1407,-89
704.011,00:02,1408,-83
704.049,00:03,1408,-84
704.115,00:04,1408,-89
704.511,00:02,1409,-83
704.549,00:03,1409,-85
704.615,00:04,1409,-89
705.011,00:02,1410,-83
705.047,00:03,1410,-85
705.114,00:04,1410,-89
705.509,00:02,1411,-83
705.548,00:03,1411,-85
705.614,00:04,1411,-89
706.011,00:02,1412,-83
706.048,00:03,1412,-85
706.112,00:04,1412,-89
706.511,00:02,1413,-83
706.547,00:03,1413,-85
706.613,00:04,1413,-89
707.012,00:02,1414,-83
707.046,00:03,1414,-85
707.113,00:04,1414,-89
707.51,00:02,1415,-83
707.547,00:03,1415,-85
707.613,00:04,1415,-89
708.012,00:02,1416,-82
708.048,00:03,1416,-85
708.112,00:04,1416,-89
708.509,00:02,1417,-82
708.545,00:03,1417,-85
708.615,00:04,1417,-89
709.011,00:02,1418,-82
709.046,00:03,1418,-86
709.114,00:04,1418,-89
709.512,00:02,1419,-82
709.546,00:03,1419,-86
709.616,00:04,1419,-89
710.01,00:02,1420,-82
710.048,00:03,1420,-86
710.114,00:04,1420,-89
710.51,00:02,1421,-82
710.547,00:03,1421,-86
710.614,00:04,1421,-89
711.009,00:02,1422,-82
711.046,00:03,1422,-86
711.113,00:04,1422,-89
711.512,00:02,1423,-82
711.546,00:03,1423,-86
711.615,00:04,1423,-89
712.01,00:02,1424,-82
712.045,00:03,1424,-86
712.113,00:04,1424,-89
712.511,00:02,1425,-81
712.546,00:03,1425,-86
712.613,00:04,1425,-89
713.01,00:02,1426,-81
713.046,00:03,1426,-86
713.114,00:04,1426,-89
713.512,00:02,1427,-81
713.547,00:03,1427,-87
713.613,00:04,1427,-88
714.011,00:02,1428,-81
714.047,00:03,1428,-87
714.114,00:04,1428,-88
714.511,00:02,1429,-81
714.548,00:03,1429,-87
714.616,00:04,1429,-88
715.01,00:02,1430,-81
715.048,00:03,1430,-87
715.113,00:04,1430,-88
715.511,00:02,1431,-81
715.546,00:03,1431,-87
715.615,00:04,1431,-88
716.01,00:02,1432,-81
716.045,00:03,1432,-87
716.113,00:04,1432,-88
716.51,00:02,1433,-81
716.548,00:03,1433,-87
716.614,00:04,1433,-88
717.01,00:02,1434,-80
717.048,00:03,1434,-87
717.114,00:04,1434,-88
717.511,00:02,1435,-80
717.546,00:03,1435,-87
717.615,00:04,1435,-88
718.01,00:02,1436,-80
718.047,00:03,1436,-88
718.114,00:04,1436,-88
718.512,00:02,1437,-80
718.548,00:03,1437,-88
718.614,00:04,1437,-88
719.011,00:02,1438,-80
719.049,00:03,1438,-88
719.113,00:04,1438,-88
719.511,00:02,1439,-80
719.547,00:03,1439,-88
719.613,00:04,1439,-88
720.01,00:02,1440,-80
720.047,00:03,1440,-88
720.113,00:04,1440,-88
720.512,00:02,1441,-80
720.546,00:03,1441,-88
720.616,00:04,1441,-88
721.011,00:02,1442,-80
721.048,00:03,1442,-88
721.114,00:04,1442,-89
721.511,00:02,1443,-79
721.546,00:03,1443,-88
721.614,00:04,1443,-89
722.011,00:02,1444,-79
722.046,00:03,1444,-88
722.114,00:04,1444,-89
722.513,00:02,1445,-79
722.548,00:03,1445,-89
722.615,00:04,1445,-89
723.01,00:02,1446,-79
723.046,00:03,1446,-89
723.115,00:04,1446,-89
723.512,00:02,1447,-79
723.547,00:03,1447,-89
723.614,00:04,1447,-89
724.01,00:02,1448,-79
724.046,00:03,1448,-89
724.114,00:04,1448,-89
724.512,00:02,1449,-79
724.545,00:03,1449,-89
724.612,00:04,1449,-89
725.01,00:02,1450,-79
725.047,00:03,1450,-89
725.114,00:04,1450,-89
725.511,00:02,1451,-78
725.546,00:03,1451,-89
725.616,00:04,1451,-89
726.01,00:02,1452,-78
726.046,00:03,1452,-89
726.115,00:04,1452,-89
726.512,00:02,1453,-78
726.548,00:03,1453,-89
726.616,00:04,1453,-89
727.012,00:02,1454,-78
727.047,00:03,1454,-90
727.115,00:04,1454,-89
727.512,00:02,1455,-78
727.546,00:03,1455,-90
727.615,00:04,1455,-89
728.012,00:02,1456,-78
728.047,00:03,1456,-90
728.115,00:04,1456,-89
728.512,00:02,1457,-78
728.545,00:03,1457,-90
728.614,00:04,1457,-89
729.012,00:02,1458,-78
729.046,00:03,1458,-90
729.114,00:04,1458,-89
729.511,00:02,1459,-78
729.549,00:03,1459,-90
729.614,00:04,1459,-89
730.011,00:02,1460,-77
730.048,00:03,1460,-90
730.114,00:04,1460,-89
730.512,00:02,1461,-77
730.545,00:03,1461,-90
730.615,00:04,1461,-89
731.009,00:02,1462,-77
731.047,00:03,1462,-90
731.114,00:04,1462,-89
731.51,00:02,1463,-77
731.546,00:03,1463,-90
731.616,00:04,1463,-89
732.012,00:02,1464,-77
732.047,00:03,1464,-91
732.113,00:04,1464,-89
732.512,00:02,1465,-77
732.549,00:03,1465,-91
732.613,00:04,1465,-89
733.01,00:02,1466,-77
733.047,00:03,1466,-91
733.115,00:04,1466,-89
733.513,00:02,1467,-77
733.546,00:03,1467,-91
733.615,00:04,1467,-89
734.01,00:02,1468,-77
734.047,00:03,1468,-91
734.114,00:04,1468,-89
734.509,00:02,1469,-76
734.547,00:03,1469,-91
734.615,00:04,1469,-89
735.012,00:02,1470,-76
735.048,00:03,1470,-91
735.115,00:04,1470,-89
735.512,00:02,1471,-76
735.546,00:03,1471,-91
735.616,00:04,1471,-90
736.012,00:02,1472,-76
736.047,00:03,1472,-91
736.113,00:04,1472,-90
736.512,00:02,1473,-76
736.548,00:03,1473,-92
736.615,00:04,1473,-90
737.012,00:02,1474,-76
737.046,00:03,1474,-92
737.116,00:04,1474,-90
737.511,00:02,1475,-76
737.546,00:03,1475,-92
737.614,00:04,1475,-90
738.011,00:02,1476,-76
738.046,00:03,1476,-92
738.115,00:04,1476,-90
738.511,00:02,1477,-76
738.547,00:03,1477,-92
738.614,00:04,1477,-90
739.012,00:02,1478,-76
739.045,00:03,1478,-92
739.116,00:04,1478,-90
739.51,00:02,1479,-75
739.547,00:03,1479,-92
739.614,00:04,1479,-90
740.011,00:02,1480,-75
740.047,00:03,1480,-92
740.114,00:04,1480,-90
740.512,00:02,1481,-75
740.546,00:03,1481,-92
740.614,00:04,1481,-90
741.009,00:02,1482,-75
741.048,00:03,1482,-92
741.115,00:04,1482,-90
741.511,00:02,1483,-75
741.546,00:03,1483,-92
741.614,00:04,1483,-90
742.01,00:02,1484,-75
742.047,00:03,1484,-93
742.115,00:04,1484,-90
742.509,00:02,1485,-75
742.548,00:03,1485,-93
742.614,00:04,1485,-90
743.011,00:02,1486,-75
743.047,00:03,1486,-93
743.114,00:04,1486,-90
743.511,00:02,1487,-75
743.547,00:03,1487,-93
743.615,00:04,1487,-90
744.011,00:02,1488,-75
744.047,00:03,1488,-93
744.114,00:04,1488,-91
744.512,00:02,1489,-74
744.546,00:03,1489,-93
744.614,00:04,1489,-91
745.01,00:02,1490,-78
745.047,00:03,1490,-97
745.115,00:04,1490,-95
745.511,00:02,1491,-78
745.548,00:03,1491,-97
745.614,00:04,1491,-95
746.011,00:02,1492,-78
746.047,00:03,1492,-97
746.115,00:04,1492,-95
746.511,00:02,1493,-78
746.547,00:03,1493,-97
746.614,00:04,1493,-95
747.01,00:02,1494,-78
747.046,00:03,1494,-98
747.115,00:04,1494,-95
747.511,00:02,1495,-78
747.547,00:03,1495,-98
747.615,00:04,1495,-95
748.012,00:02,1496,-78
748.047,00:03,1496,-98
748.115,00:04,1496,-95
748.51,00:02,1497,-78
748.546,00:03,1497,-98
748.614,00:04,1497,-95
749.012,00:02,1498,-74
749.048,00:03,1498,-94
749.115,00:04,1498,-91
749.512,00:02,1499,-74
749.545,00:03,1499,-94
749.615,00:04,1499,-91
750.011,00:02,1500,-74
750.047,00:03,1500,-94
750.114,00:04,1500,-91
750.511,00:02,1501,-74
750.547,00:03,1501,-94
750.615,00:04,1501,-91
751.011,00:02,1502,-74
751.046,00:03,1502,-94
751.114,00:04,1502,-92
751.51,00:02,1503,-73
751.546,00:03,1503,-94
751.614,00:04,1503,-92
752.012,00:02,1504,-73
752.047,00:03,1504,-94
752.116,00:04,1504,-92
752.51,00:02,1505,-73
752.546,00:03,1505,-95
752.614,00:04,1505,-92
753.01,00:02,1506,-73
753.046,00:03,1506,-95
753.114,00:04,1506,-92
753.512,00:02,1507,-73
753.548,00:03,1507,-95
753.615,00:04,1507,-92
754.011,00:02,1508,-73
754.047,00:03,1508,-95
754.115,00:04,1508,-92
754.51,00:02,1509,-73
754.547,00:03,1509,-95
754.614,00:04,1509,-92
755.012,00:02,1510,-73
755.047,00:03,1510,-95
755.115,00:04,1510,-92
755.51,00:02,1511,-73
755.547,00:03,1511,-95
755.615,00:04,1511,-92
756.012,00:02,1512,-73
756.045,00:03,1512,-95
756.115,00:04,1512,-92
756.511,00:02,1513,-73
756.546,00:03,1513,-95
756.615,00:04,1513,-92
757.012,00:02,1514,-73
757.047,00:03,1514,-95
757.115,00:04,1514,-93
757.51,00:02,1515,-73
757.547,00:03,1515,-95
757.614,00:04,1515,-93
758.012,00:02,1516,-73
758.047,00:03,1516,-95
758.115,00:04,1516,-93
758.511,00:02,1517,-73
758.546,00:03,1517,-96
758.616,00:04,1517,-93
759.011,00:02,1518,-73
759.046,00:03,1518,-96
759.116,00:04,1518,-93
759.512,00:02,1519,-73
759.547,00:03,1519,-96
759.614,00:04,1519,-93
760.011,00:02,1520,-73
760.046,00:03,1520,-96
760.115,00:04,1520,-93
760.511,00:02,1521,-73
760.546,00:03,1521,-96
760.615,00:04,1521,-93
761.011,00:02,1522,-73
761.047,00:03,1522,-96
761.115,00:04,1522,-93
761.511,00:02,1523,-73
761.546,00:03,1523,-96
761.614,00:04,1523,-93
762.011,00:02,1524,-73
762.045,00:03,1524,-96
762.113,00:04,1524,-93
762.51,00:02,1525,-73
762.548,00:03,1525,-96
762.616,00:04,1525,-93
763.011,00:02,1526,-73
763.046,00:03,1526,-96
763.117,00:04,1526,-93
763.511,00:02,1527,-73
763.548,00:03,1527,-96
763.615,00:04,1527,-93
764.011,00:02,1528,-74
764.048,00:03,1528,-96
764.115,00:04,1528,-93
764.512,00:02,1529,-74
764.548,00:03,1529,-96
764.615,00:04,1529,-93
765.011,00:02,1530,-74
765.047,00:03,1530,-96
765.115,00:04,1530,-93
765.51,00:02,1531,-74
765.548,00:03,1531,-96
765.614,00:04,1531,-93
766.011,00:02,1532,-75
766.046,00:03,1532,-96
766.116,00:04,1532,-93
766.511,00:02,1533,-75
766.546,00:03,1533,-96
766.616,00:04,1533,-92
767.012,00:02,1534,-75
767.047,00:03,1534,-96
767.115,00:04,1534,-92
767.513,00:02,1535,-75
767.545,00:03,1535,-96
767.613,00:04,1535,-92
768.012,00:02,1536,-75
768.047,00:03,1536,-96
768.116,00:04,1536,-92
768.512,00:02,1537,-75
768.548,00:03,1537,-96
768.614,00:04,1537,-92
769.011,00:02,1538,-75
769.045,00:03,1538,-96
769.116,00:04,1538,-92
769.511,00:02,1539,-75
769.547,00:03,1539,-96
769.616,00:04,1539,-92
770.01,00:02,1540,-75
770.047,00:03,1540,-96
770.115,00:04,1540,-92
770.511,00:02,1541,-75
770.546,00:03,1541,-96
770.616,00:04,1541,-92
771.01,00:02,1542,-75
771.047,00:03,1542,-96
771.114,00:04,1542,-92
771.512,00:02,1543,-75
771.546,00:03,1543,-96
771.616,00:04,1543,-92
772.011,00:02,1544,-75
772.045,00:03,1544,-96
772.113,00:04,1544,-92
772.511,00:02,1545,-75
772.546,00:03,1545,-96
772.614,00:04,1545,-91
773.012,00:02,1546,-75
773.045,00:03,1546,-96
773.114,00:04,1546,-91
773.512,00:02,1547,-75
773.546,00:03,1547,-96
773.616,00:04,1547,-91
774.012,00:02,1548,-75
774.045,00:03,1548,-96
774.114,00:04,1548,-91
774.511,00:02,1549,-75
774.546,00:03,1549,-95
774.616,00:04,1549,-91
775.011,00:02,1550,-75
775.045,00:03,1550,-95
775.115,00:04,1550,-91
775.511,00:02,1551,-75
775.546,00:03,1551,-95
775.616,00:04,1551,-91
776.012,00:02,1552,-75
776.047,00:03,1552,-95
776.115,00:04,1552,-91
776.513,00:02,1553,-75
776.548,00:03,1553,-95
776.614,00:04,1553,-91
777.01,00:02,1554,-75
777.048,00:03,1554,-95
777.117,00:04,1554,-91
777.51,00:02,1555,-75
777.546,00:03,1555,-95
777.615,00:04,1555,-91
778.012,00:02,1556,-75
778.048,00:03,1556,-95
778.115,00:04,1556,-91
778.511,00:02,1557,-75
778.544,00:03,1557,-95
778.617,00:04,1557,-90
779.012,00:02,1558,-76
779.047,00:03,1558,-95
779.115,00:04,1558,-90
779.51,00:02,1559,-76
779.546,00:03,1559,-95
779.614,00:04,1559,-90
780.012,00:02,1560,-76
780.047,00:03,1560,-95
780.116,00:04,1560,-90
780.512,00:02,1561,-76
780.545,00:03,1561,-94
780.614,00:04,1561,-90
781.013,00:02,1562,-80
781.048,00:03,1562,-98
781.115,00:04,1562,-94
781.512,00:02,1563,-80
781.545,00:03,1563,-98
781.616,00:04,1563,-94
782.011,00:02,1564,-80
782.046,00:03,1564,-98
782.114,00:04,1564,-94
782.511,00:02,1565,-80
782.547,00:03,1565,-98
782.614,00:04,1565,-94
783.012,00:02,1566,-80
783.047,00:03,1566,-98
783.117,00:04,1566,-94
783.512,00:02,1567,-80
783.546,00:03,1567,-98
783.614,00:04,1567,-94
784.013,00:02,1568,-80
784.045,00:03,1568,-98
784.114,00:04,1568,-93
784.512,00:02,1569,-80
784.546,00:03,1569,-98
784.614,00:04,1569,-93
785.011,00:02,1570,-76
785.046,00:03,1570,-94
785.115,00:04,1570,-89
785.511,00:02,1571,-76
785.546,00:03,1571,-94
785.615,00:04,1571,-89
786.012,00:02,1572,-76
786.046,00:03,1572,-93
786.115,00:04,1572,-89
786.511,00:02,1573,-76
786.546,00:03,1573,-93
786.616,00:04,1573,-89
787.013,00:02,1574,-77
787.047,00:03,1574,-93
787.116,00:04,1574,-89
787.512,00:02,1575,-77
787.546,00:03,1575,-93
787.615,00:04,1575,-89
788.01,00:02,1576,-77
788.047,00:03,1576,-93
788.114,00:04,1576,-89
788.512,00:02,1577,-77
788.547,00:03,1577,-93
788.614,00:04,1577,-89
789.01,00:02,1578,-77
789.047,00:03,1578,-93
789.115,00:04,1578,-89
789.509,00:02,1579,-77
789.545,00:03,1579,-93
789.615,00:04,1579,-89
790.012,00:02,1580,-77
790.046,00:03,1580,-93
790.114,00:04,1580,-89
790.51,00:02,1581,-77
790.545,00:03,1581,-93
790.613,00:04,1581,-88
791.011,00:02,1582,-77
791.048,00:03,1582,-93
791.116,00:04,1582,-88
791.513,00:02,1583,-77
791.546,00:03,1583,-92
791.616,00:04,1583,-88
792.011,00:02,1584,-77
792.046,00:03,1584,-92
792.116,00:04,1584,-88
792.512,00:02,1585,-77
792.546,00:03,1585,-92
792.617,00:04,1585,-88
793.011,00:02,1586,-77
793.045,00:03,1586,-92
793.115,00:04,1586,-88
793.511,00:02,1587,-78
793.545,00:03,1587,-92
793.615,00:04,1587,-88
794.009,00:02,1588,-78
794.045,00:03,1588,-92
794.116,00:04,1588,-88
794.512,00:02,1589,-78
794.547,00:03,1589,-92
794.615,00:04,1589,-88
795.011,00:02,1590,-78
795.046,00:03,1590,-92
795.114,00:04,1590,-88
795.511,00:02,1591,-78
795.547,00:03,1591,-92
795.615,00:04,1591,-88
796.011,00:02,1592,-78
796.046,00:03,1592,-92
796.116,00:04,1592,-88
796.511,00:02,1593,-78
796.547,00:03,1593,-92
796.614,00:04,1593,-88
797.011,00:02,1594,-78
797.046,00:03,1594,-91
797.114,00:04,1594,-88
797.511,00:02,1595,-78
797.548,00:03,1595,-91
797.617,00:04,1595,-88
798.012,00:02,1596,-78
798.047,00:03,1596,-91
798.115,00:04,1596,-88
798.512,00:02,1597,-78
798.546,00:03,1597,-91
798.614,00:04,1597,-87
799.011,00:02,1598,-79
799.045,00:03,1598,-91
799.117,00:04,1598,-87
799.513,00:02,1599,-79
799.547,00:03,1599,-91
799.615,00:04,1599,-87
800.011,00:02,1600,-79
800.044,00:03,1600,-91
800.113,00:04,1600,-87
800.512,00:02,1601,-79
800.547,00:03,1601,-91
800.616,00:04,1601,-87
801.011,00:02,1602,-79
801.045,00:03,1602,-91
801.115,00:04,1602,-87
801.51,00:02,1603,-79
801.546,00:03,1603,-91
801.616,00:04,1603,-87
802.011,00:02,1604,-79
802.047,00:03,1604,-90
802.114,00:04,1604,-87
802.512,00:02,1605,-79
802.546,00:03,1605,-90
802.616,00:04,1605,-87
803.012,00:02,1606,-79
803.046,00:03,1606,-90
803.115,00:04,1606,-87
803.512,00:02,1607,-79
803.545,00:03,1607,-90
803.614,00:04,1607,-87
804.01,00:02,1608,-80
804.047,00:03,1608,-90
804.116,00:04,1608,-87
804.51,00:02,1609,-80
804.545,00:03,1609,-90
804.616,00:04,1609,-87
805.012,00:02,1610,-80
805.046,00:03,1610,-90
805.113,00:04,1610,-87
805.512,00:02,1611,-80
805.546,00:03,1611,-90
805.616,00:04,1611,-87
806.013,00:02,1612,-80
806.045,00:03,1612,-90
806.115,00:04,1612,-87
806.512,00:02,1613,-80
806.546,00:03,1613,-90
806.617,00:04,1613,-87
807.01,00:02,1614,-80
807.047,00:03,1614,-89
807.115,00:04,1614,-87
807.512,00:02,1615,-80
807.545,00:03,1615,-89
807.617,00:04,1615,-87
808.01,00:02,1616,-80
808.045,00:03,1616,-89
808.114,00:04,1616,-87
808.511,00:02,1617,-80
808.545,00:03,1617,-89
808.616,00:04,1617,-87
809.012,00:02,1618,-81
809.045,00:03,1618,-89
809.114,00:04,1618,-87
809.511,00:02,1619,-81
809.545,00:03,1619,-89
809.616,00:04,1619,-87
810.011,00:02,1620,-81
810.048,00:03,1620,-89
810.116,00:04,1620,-87
810.51,00:02,1621,-81
810.547,00:03,1621,-89
810.617,00:04,1621,-87
811.013,00:02,1622,-81
811.045,00:03,1622,-89
811.116,00:04,1622,-87
811.51,00:02,1623,-81
811.546,00:03,1623,-89
811.615,00:04,1623,-87
812.011,00:02,1624,-81
812.044,00:03,1624,-88
812.114,00:04,1624,-87
812.51,00:02,1625,-81
812.546,00:03,1625,-88
812.614,00:04,1625,-87
813.01,00:02,1626,-81
813.047,00:03,1626,-88
813.114,00:04,1626,-87
813.51,00:02,1627,-81
813.547,00:03,1627,-88
813.616,00:04,1627,-87
814.01,00:02,1628,-82
814.046,00:03,1628,-88
814.116,00:04,1628,-87
814.51,00:02,1629,-82
814.547,00:03,1629,-88
814.616,00:04,1629,-87
815.011,00:02,1630,-82
815.046,00:03,1630,-88
815.117,00:04,1630,-87
815.512,00:02,1631,-82
815.546,00:03,1631,-88
815.616,00:04,1631,-87
816.01,00:02,1632,-82
816.045,00:03,1632,-88
816.115,00:04,1632,-87
816.512,00:02,1633,-82
816.545,00:03,1633,-88
816.615,00:04,1633,-87
817.012,00:02,1634,-82
817.047,00:03,1634,-87
817.114,00:04,1634,-87
817.512,00:02,1635,-82
817.544,00:03,1635,-87
817.614,00:04,1635,-87
818.009,00:02,1636,-82
818.044,00:03,1636,-87
818.117,00:04,1636,-87
818.51,00:02,1637,-82
818.545,00:03,1637,-87
818.615,00:04,1637,-87
819.011,00:02,1638,-83
819.045,00:03,1638,-87
819.116,00:04,1638,-87
819.512,00:02,1639,-83
819.547,00:03,1639,-87
819.616,00:04,1639,-87
820.013,00:02,1640,-83
820.045,00:03,1640,-87
820.115,00:04,1640,-87
820.512,00:02,1641,-83
820.545,00:03,1641,-87
820.616,00:04,1641,-87
821.012,00:02,1642,-83
821.046,00:03,1642,-87
821.117,00:04,1642,-87
821.512,00:02,1643,-83
821.545,00:03,1643,-87
821.614,00:04,1643,-87
822.011,00:02,1644,-83
822.047,00:03,1644,-86
822.116,00:04,1644,-87
822.511,00:02,1645,-83
822.546,00:03,1645,-86
822.616,00:04,1645,-87
823.01,00:02,1646,-83
823.047,00:03,1646,-86
823.117,00:04,1646,-87
823.512,00:02,1647,-83
823.544,00:03,1647,-86
823.614,00:04,1647,-87
824.011,00:02,1648,-84
824.044,00:03,1648,-86
824.115,00:04,1648,-87
824.511,00:02,1649,-84
824.546,00:03,1649,-86
824.616,00:04,1649,-87
825.012,00:02,1650,-84
825.045,00:03,1650,-86
825.117,00:04,1650,-87
825.512,00:02,1651,-84
825.545,00:03,1651,-86
825.616,00:04,1651,-87
826.011,00:02,1652,-84
826.044,00:03,1652,-86
826.115,00:04,1652,-87
826.513,00:02,1653,-84
826.544,00:03,1653,-86
826.614,00:04,1653,-87
827.012,00:02,1654,-84
827.044,00:03,1654,-86
827.116,00:04,1654,-87
827.511,00:02,1655,-84
827.547,00:03,1655,-85
827.616,00:04,1655,-88
828.013,00:02,1656,-84
828.046,00:03,1656,-85
828.115,00:04,1656,-88
828.51,00:02,1657,-84
828.545,00:03,1657,-85
828.616,00:04,1657,-88
829.012,00:02,1658,-85
829.044,00:03,1658,-85
829.116,00:04,1658,-88
829.512,00:02,1659,-85
829.547,00:03,1659,-85
829.614,00:04,1659,-88
830.011,00:02,1660,-85
830.045,00:03,1660,-85
830.114,00:04,1660,-88
830.512,00:02,1661,-85
830.546,00:03,1661,-85
830.615,00:04,1661,-88
831.012,00:02,1662,-85
831.044,00:03,1662,-85
831.115,00:04,1662,-88
831.512,00:02,1663,-85
831.546,00:03,1663,-85
831.615,00:04,1663,-88
832.01,00:02,1664,-85
832.045,00:03,1664,-85
832.117,00:04,1664,-88
832.513,00:02,1665,-85
832.546,00:03,1665,-84
832.615,00:04,1665,-88
833.013,00:02,1666,-85
833.047,00:03,1666,-84
833.116,00:04,1666,-88
833.512,00:02,1667,-85
833.545,00:03,1667,-84
833.616,00:04,1667,-88
834.01,00:02,1668,-85
834.046,00:03,1668,-84
834.115,00:04,1668,-88
834.51,00:02,1669,-86
834.545,00:03,1669,-84
834.615,00:04,1669,-88
835.012,00:02,1670,-86
835.045,00:03,1670,-84
835.115,00:04,1670,-88
835.511,00:02,1671,-86
835.545,00:03,1671,-84
835.617,00:04,1671,-89
836.01,00:02,1672,-86
836.045,00:03,1672,-84
836.114,00:04,1672,-89
836.512,00:02,1673,-86
836.547,00:03,1673,-84
836.616,00:04,1673,-89
837.012,00:02,1674,-86
837.047,00:03,1674,-84
837.115,00:04,1674,-89
837.512,00:02,1675,-86
837.545,00:03,1675,-84
837.616,00:04,1675,-89
838.013,00:02,1676,-86
838.047,00:03,1676,-84
838.114,00:04,1676,-89
838.51,00:02,1677,-86
838.547,00:03,1677,-84
838.614,00:04,1677,-89
839.01,00:02,1678,-86
839.044,00:03,1678,-83
839.115,00:04,1678,-89
839.511,00:02,1679,-86
839.546,00:03,1679,-83
839.616,00:04,1679,-89
840.011,00:02,1680,-87
840.045,00:03,1680,-83
840.117,00:04,1680,-89
840.512,00:02,1681,-87
840.546,00:03,1681,-83
840.616,00:04,1681,-89
841.012,00:02,1682,-91
841.046,00:03,1682,-87
841.115,00:04,1682,-93
841.512,00:02,1683,-91
841.545,00:03,1683,-87
841.614,00:04,1683,-93
842.011,00:02,1684,-91
842.046,00:03,1684,-87
842.117,00:04,1684,-94
842.511,00:02,1685,-91
842.546,00:03,1685,-87
842.616,00:04,1685,-94
843.014,00:02,1686,-91
843.045,00:03,1686,-87
843.117,00:04,1686,-94
843.51,00:02,1687,-91
843.546,00:03,1687,-87
843.614,00:04,1687,-94
844.012,00:02,1688,-91
844.045,00:03,1688,-87
844.116,00:04,1688,-94
844.513,00:02,1689,-91
844.546,00:03,1689,-87
844.617,00:04,1689,-94
845.011,00:02,1690,-87
845.046,00:03,1690,-83
845.116,00:04,1690,-90
845.511,00:02,1691,-88
845.545,00:03,1691,-83
845.614,00:04,1691,-90
846.011,00:02,1692,-88
846.046,00:03,1692,-83
846.117,00:04,1692,-90
846.511,00:02,1693,-88
846.544,00:03,1693,-82
846.616,00:04,1693,-90
847.013,00:02,1694,-88
847.046,00:03,1694,-82
847.114,00:04,1694,-90
847.513,00:02,1695,-88
847.546,00:03,1695,-82
847.615,00:04,1695,-90
848.012,00:02,1696,-88
848.046,00:03,1696,-82
848.114,00:04,1696,-91
848.512,00:02,1697,-88
848.545,00:03,1697,-82
848.617,00:04,1697,-91
849.012,00:02,1698,-88
849.046,00:03,1698,-82
849.114,00:04,1698,-91
849.511,00:02,1699,-88
849.546,00:03,1699,-82
849.616,00:04,1699,-91
850.013,00:02,1700,-88
850.045,00:03,1700,-82
850.116,00:04,1700,-91
850.51,00:02,1701,-88
850.547,00:03,1701,-82
850.616,00:04,1701,-91
851.011,00:02,1702,-88
851.045,00:03,1702,-82
851.117,00:04,1702,-91
851.511,00:02,1703,-89
851.545,00:03,1703,-82
851.616,00:04,1703,-91
852.011,00:02,1704,-89
852.045,00:03,1704,-82
852.116,00:04,1704,-91
852.512,00:02,1705,-89
852.547,00:03,1705,-82
852.615,00:04,1705,-91
853.011,00:02,1706,-89
853.045,00:03,1706,-82
853.117,00:04,1706,-91
853.51,00:02,1707,-89
853.545,00:03,1707,-82
853.617,00:04,1707,-92
854.01,00:02,1708,-89
854.046,00:03,1708,-82
854.115,00:04,1708,-92
854.513,00:02,1709,-89
854.545,00:03,1709,-82
854.616,00:04,1709,-92
855.012,00:02,1710,-89
855.046,00:03,1710,-82
855.115,00:04,1710,-92
855.513,00:02,1711,-89
855.546,00:03,1711,-82
855.615,00:04,1711,-92
856.012,00:02,1712,-89
856.046,00:03,1712,-82
856.115,00:04,1712,-92
856.511,00:02,1713,-89
856.544,00:03,1713,-82
856.614,00:04,1713,-92
857.012,00:02,1714,-89
857.046,00:03,1714,-82
857.116,00:04,1714,-92
857.512,00:02,1715,-89
857.543,00:03,1715,-82
857.617,00:04,1715,-92
858.01,00:02,1716,-90
858.046,00:03,1716,-82
858.114,00:04,1716,-92
858.512,00:02,1717,-90
858.546,00:03,1717,-82
858.615,00:04,1717,-92
859.011,00:02,1718,-90
859.045,00:03,1718,-82
859.116,00:04,1718,-92
859.511,00:02,1719,-90
859.546,00:03,1719,-83
859.616,00:04,1719,-92
860.013,00:02,1720,-90
860.045,00:03,1720,-83
860.115,00:04,1720,-92
860.512,00:02,1721,-90
860.545,00:03,1721,-83
860.616,00:04,1721,-92
861.013,00:02,1722,-90
861.044,00:03,1722,-83
861.117,00:04,1722,-92
861.511,00:02,1723,-90
861.544,00:03,1723,-83
861.616,00:04,1723,-92
862.011,00:02,1724,-90
862.046,00:03,1724,-83
862.115,00:04,1724,-92
862.511,00:02,1725,-90
862.544,00:03,1725,-84
862.618,00:04,1725,-91
863.013,00:02,1726,-90
863.046,00:03,1726,-84
863.116,00:04,1726,-91
863.514,00:02,1727,-90
863.545,00:03,1727,-84
863.615,00:04,1727,-91
864.011,00:02,1728,-90
864.046,00:03,1728,-84
864.115,00:04,1728,-91
864.51,00:02,1729,-90
864.545,00:03,1729,-84
864.616,00:04,1729,-91
865.013,00:02,1730,-90
865.044,00:03,1730,-84
865.115,00:04,1730,-91
865.512,00:02,1731,-90
865.545,00:03,1731,-84
865.616,00:04,1731,-91
866.012,00:02,1732,-90
866.044,00:03,1732,-84
866.116,00:04,1732,-91
866.511,00:02,1733,-90
866.546,00:03,1733,-84
866.616,00:04,1733,-91
867.012,00:02,1734,-89
867.045,00:03,1734,-84
867.117,00:04,1734,-91
867.511,00:02,1735,-89
867.544,00:03,1735,-84
867.616,00:04,1735,-91
868.012,00:02,1736,-89
868.046,00:03,1736,-84
868.117,00:04,1736,-91
868.513,00:02,1737,-89
868.543,00:03,1737,-84
868.616,00:04,1737,-90
869.012,00:02,1738,-89
869.046,00:03,1738,-84
869.116,00:04,1738,-90
869.512,00:02,1739,-89
869.546,00:03,1739,-84
869.616,00:04,1739,-90
870.011,00:02,1740,-89
870.044,00:03,1740,-84
870.114,00:04,1740,-90
870.512,00:02,1741,-89
870.545,00:03,1741,-84
870.617,00:04,1741,-90
871.013,00:02,1742,-89
871.046,00:03,1742,-84
871.115,00:04,1742,-90
871.512,00:02,1743,-89
871.545,00:03,1743,-84
871.616,00:04,1743,-90
872.012,00:02,1744,-89
872.047,00:03,1744,-84
872.116,00:04,1744,-90
872.513,00:02,1745,-89
872.546,00:03,1745,-84
872.615,00:04,1745,-90
873.012,00:02,1746,-89
873.044,00:03,1746,-84
873.116,00:04,1746,-90
873.513,00:02,1747,-88
873.545,00:03,1747,-84
873.616,00:04,1747,-89
874.013,00:02,1748,-88
874.045,00:03,1748,-84
874.116,00:04,1748,-89
874.514,00:02,1749,-88
874.543,00:03,1749,-84
874.616,00:04,1749,-89
875.011,00:02,1750,-88
875.044,00:03,1750,-84
875.118,00:04,1750,-89
875.512,00:02,1751,-88
875.545,00:03,1751,-84
875.616,00:04,1751,-89
876.013,00:02,1752,-88
876.044,00:03,1752,-84
876.117,00:04,1752,-89
876.511,00:02,1753,-88
876.544,00:03,1753,-84
876.614,00:04,1753,-89
877.013,00:02,1754,-92
877.047,00:03,1754,-88
877.116,00:04,1754,-93
877.51,00:02,1755,-92
877.546,00:03,1755,-88
877.616,00:04,1755,-93
878.012,00:02,1756,-92
878.045,00:03,1756,-89
878.116,00:04,1756,-93
878.511,00:02,1757,-92
878.547,00:03,1757,-89
878.614,00:04,1757,-92
879.012,00:02,1758,-92
879.044,00:03,1758,-89
879.117,00:04,1758,-92
879.51,00:02,1759,-92
879.547,00:03,1759,-89
879.616,00:04,1759,-92
880.011,00:02,1760,-91
880.045,00:03,1760,-89
880.116,00:04,1760,-92
880.513,00:02,1761,-91
880.544,00:03,1761,-89
880.614,00:04,1761,-92
881.01,00:02,1762,-87
881.045,00:03,1762,-85
881.116,00:04,1762,-88
881.513,00:02,1763,-87
881.546,00:03,1763,-85
881.617,00:04,1763,-88
882.013,00:02,1764,-87
882.045,00:03,1764,-85
882.116,00:04,1764,-88
882.511,00:02,1765,-87
882.544,00:03,1765,-85
882.616,00:04,1765,-88
883.011,00:02,1766,-87
883.045,00:03,1766,-85
883.118,00:04,1766,-88
883.512,00:02,1767,-87
883.544,00:03,1767,-85
883.614,00:04,1767,-87
884.011,00:02,1768,-87
884.046,00:03,1768,-85
884.115,00:04,1768,-87
884.514,00:02,1769,-87
884.544,00:03,1769,-85
884.615,00:04,1769,-87
885.011,00:02,1770,-87
885.046,00:03,1770,-85
885.116,00:04,1770,-87
885.512,00:02,1771,-86
885.543,00:03,1771,-85
885.615,00:04,1771,-87
886.012,00:02,1772,-86
886.044,00:03,1772,-85
886.116,00:04,1772,-87
886.512,00:02,1773,-86
886.545,00:03,1773,-86
886.618,00:04,1773,-87
887.011,00:02,1774,-86
887.045,00:03,1774,-86
887.115,00:04,1774,-87
887.512,00:02,1775,-86
887.544,00:03,1775,-86
887.615,00:04,1775,-87
888.013,00:02,1776,-86
888.045,00:03,1776,-86
888.116,00:04,1776,-87
888.513,00:02,1777,-86
888.546,00:03,1777,-86
888.616,00:04,1777,-87
889.013,00:02,1778,-86
889.045,00:03,1778,-86
889.117,00:04,1778,-87
889.512,00:02,1779,-86
889.543,00:03,1779,-86
889.616,00:04,1779,-86
890.013,00:02,1780,-86
890.044,00:03,1780,-86
890.117,00:04,1780,-86
890.512,00:02,1781,-86
890.545,00:03,1781,-86
890.618,00:04,1781,-86
891.011,00:02,1782,-86
891.044,00:03,1782,-86
891.116,00:04,1782,-86
891.511,00:02,1783,-85
891.544,00:03,1783,-86
891.616,00:04,1783,-86
892.013,00:02,1784,-85
892.043,00:03,1784,-86
892.115,00:04,1784,-86
892.513,00:02,1785,-85
892.546,00:03,1785,-86
892.617,00:04,1785,-86
893.012,00:02,1786,-85
893.045,00:03,1786,-87
893.117,00:04,1786,-86
893.511,00:02,1787,-85
893.544,00:03,1787,-87
893.618,00:04,1787,-86
894.013,00:02,1788,-85
894.046,00:03,1788,-87
894.116,00:04,1788,-86
894.512,00:02,1789,-85
894.543,00:03,1789,-87
894.616,00:04,1789,-86
895.012,00:02,1790,-85
895.045,00:03,1790,-87
895.118,00:04,1790,-86
895.512,00:02,1791,-85
895.544,00:03,1791,-87
895.617,00:04,1791,-86
896.011,00:02,1792,-85
896.045,00:03,1792,-87
896.117,00:04,1792,-86
896.513,00:02,1793,-85
896.546,00:03,1793,-87
896.616,00:04,1793,-85
897.012,00:02,1794,-84
897.044,00:03,1794,-87
897.116,00:04,1794,-85
897.512,00:02,1795,-84
897.544,00:03,1795,-87
897.616,00:04,1795,-85
898.013,00:02,1796,-84
898.044,00:03,1796,-87
898.118,00:04,1796,-85
898.512,00:02,1797,-84
898.544,00:03,1797,-87
898.617,00:04,1797,-85
899.012,00:02,1798,-84
899.044,00:03,1798,-88
899.115,00:04,1798,-85
899.511,00:02,1799,-84
899.546,00:03,1799,-88
899.615,00:04,1799,-85
900.013,00:02,1800,-84
900.044,00:03,1800,-88
900.117,00:04,1800,-85
900.513,00:02,1801,-84
900.545,00:03,1801,-88
900.615,00:04,1801,-85
901.012,00:02,1802,-84
901.045,00:03,1802,-88
901.115,00:04,1802,-85
901.512,00:02,1803,-84
901.544,00:03,1803,-88
901.616,00:04,1803,-85
902.014,00:02,1804,-84
902.046,00:03,1804,-88
902.115,00:04,1804,-85
902.514,00:02,1805,-84
902.545,00:03,1805,-88
902.616,00:04,1805,-85
903.013,00:02,1806,-83
903.047,00:03,1806,-88
903.115,00:04,1806,-85
903.513,00:02,1807,-83
903.546,00:03,1807,-88
903.616,00:04,1807,-85
904.012,00:02,1808,-83
904.045,00:03,1808,-88
904.117,00:04,1808,-85
904.513,00:02,1809,-83
904.543,00:03,1809,-88
904.618,00:04,1809,-85
905.012,00:02,1810,-83
905.045,00:03,1810,-89
905.117,00:04,1810,-85
905.512,00:02,1811,-83
905.545,00:03,1811,-89
905.616,00:04,1811,-85
906.013,00:02,1812,-83
906.045,00:03,1812,-89
906.116,00:04,1812,-85
906.511,00:02,1813,-83
906.544,00:03,1813,-89
906.616,00:04,1813,-85
907.013,00:02,1814,-83
907.045,00:03,1814,-89
907.116,00:04,1814,-85
907.511,00:02,1815,-83
907.544,00:03,1815,-89
907.618,00:04,1815,-85
908.013,00:02,1816,-83
908.045,00:03,1816,-89
908.115,00:04,1816,-85
908.512,00:02,1817,-82
908.545,00:03,1817,-89
908.617,00:04,1817,-85
909.011,00:02,1818,-82
909.045,00:03,1818,-89
909.115,00:04,1818,-85
909.511,00:02,1819,-82
909.543,00:03,1819,-89
909.615,00:04,1819,-85
910.013,00:02,1820,-82
910.045,00:03,1820,-89
910.118,00:04,1820,-85
910.512,00:02,1821,-82
910.543,00:03,1821,-90
910.618,00:04,1821,-85
911.012,00:02,1822,-82
911.045,00:03,1822,-90
911.115,00:04,1822,-85
911.511,00:02,1823,-82
911.545,00:03,1823,-90
911.615,00:04,1823,-85
912.011,00:02,1824,-82
912.044,00:03,1824,-90
912.117,00:04,1824,-85
912.511,00:02,1825,-82
912.544,00:03,1825,-90
912.617,00:04,1825,-85
913.011,00:02,1826,-82
913.046,00:03,1826,-90
913.116,00:04,1826,-85
913.511,00:02,1827,-82
913.545,00:03,1827,-90
913.617,00:04,1827,-85
914.01,00:02,1828,-81
914.046,00:03,1828,-90
914.116,00:04,1828,-85
914.512,00:02,1829,-81
914.544,00:03,1829,-90
914.616,00:04,1829,-85
915.014,00:02,1830,-81
915.043,00:03,1830,-90
915.117,00:04,1830,-85
915.513,00:02,1831,-81
915.545,00:03,1831,-90
915.618,00:04,1831,-85
916.012,00:02,1832,-81
916.045,00:03,1832,-91
916.116,00:04,1832,-85
916.512,00:02,1833,-81
916.543,00:03,1833,-91
916.616,00:04,1833,-85
917.012,00:02,1834,-81
917.045,00:03,1834,-91
917.117,00:04,1834,-85
917.512,00:02,1835,-81
917.545,00:03,1835,-91
917.617,00:04,1835,-85
918.012,00:02,1836,-81
918.044,00:03,1836,-91
918.116,00:04,1836,-85
918.512,00:02,1837,-81
918.545,00:03,1837,-91
918.618,00:04,1837,-85
919.011,00:02,1838,-81
919.043,00:03,1838,-91
919.117,00:04,1838,-85
919.511,00:02,1839,-80
919.545,00:03,1839,-91
919.616,00:04,1839,-85
920.013,00:02,1840,-80
920.044,00:03,1840,-91
920.116,00:04,1840,-85
920.513,00:02,1841,-80
920.546,00:03,1841,-91
920.617,00:04,1841,-85
921.013,00:02,1842,-80
921.043,00:03,1842,-91
921.117,00:04,1842,-85
921.512,00:02,1843,-80
921.544,00:03,1843,-92
921.615,00:04,1843,-86
922.014,00:02,1844,-80
922.045,00:03,1844,-92
922.117,00:04,1844,-86
922.512,00:02,1845,-80
922.545,00:03,1845,-92
922.617,00:04,1845,-86
923.012,00:02,1846,-80
923.045,00:03,1846,-92
923.116,00:04,1846,-86
923.512,00:02,1847,-80
923.544,00:03,1847,-92
923.617,00:04,1847,-86
924.01,00:02,1848,-80
924.045,00:03,1848,-92
924.117,00:04,1848,-86
924.512,00:02,1849,-80
924.544,00:03,1849,-92
924.615,00:04,1849,-86
925.011,00:02,1850,-80
925.044,00:03,1850,-92
925.116,00:04,1850,-86
925.512,00:02,1851,-79
925.543,00:03,1851,-92
925.617,00:04,1851,-86
926.012,00:02,1852,-79
926.044,00:03,1852,-92
926.116,00:04,1852,-86
926.512,00:02,1853,-79
926.544,00:03,1853,-92
926.615,00:04,1853,-86
927.013,00:02,1854,-79
927.045,00:03,1854,-92
927.117,00:04,1854,-86
927.511,00:02,1855,-79
927.543,00:03,1855,-93
927.616,00:04,1855,-86
928.012,00:02,1856,-79
928.044,00:03,1856,-93
928.115,00:04,1856,-86
928.512,00:02,1857,-79
928.543,00:03,1857,-93
928.616,00:04,1857,-86
929.012,00:02,1858,-79
929.044,00:03,1858,-93
929.117,00:04,1858,-87
929.511,00:02,1859,-79
929.546,00:03,1859,-93
929.615,00:04,1859,-87
930.011,00:02,1860,-79
930.043,00:03,1860,-93
930.117,00:04,1860,-87
930.512,00:02,1861,-79
930.545,00:03,1861,-93
930.618,00:04,1861,-87
931.012,00:02,1862,-79
931.044,00:03,1862,-93
931.117,00:04,1862,-87
931.513,00:02,1863,-79
931.544,00:03,1863,-93
931.616,00:04,1863,-87
932.011,00:02,1864,-79
932.045,00:03,1864,-93
932.116,00:04,1864,-87
932.513,00:02,1865,-78
932.545,00:03,1865,-93
932.617,00:04,1865,-87
933.012,00:02,1866,-78
933.043,00:03,1866,-94
933.115,00:04,1866,-87
933.512,00:02,1867,-78
933.544,00:03,1867,-94
933.617,00:04,1867,-87
934.012,00:02,1868,-78
934.043,00:03,1868,-94
934.116,00:04,1868,-87
934.511,00:02,1869,-78
934.544,00:03,1869,-94
934.617,00:04,1869,-87
935.014,00:02,1870,-78
935.044,00:03,1870,-94
935.118,00:04,1870,-88
935.511,00:02,1871,-78
935.545,00:03,1871,-94
935.617,00:04,1871,-88
936.012,00:02,1872,-78
936.045,00:03,1872,-94
936.116,00:04,1872,-88
936.513,00:02,1873,-78
936.545,00:03,1873,-94
936.617,00:04,1873,-88
937.012,00:02,1874,-82
937.043,00:03,1874,-98
937.117,00:04,1874,-92
937.512,00:02,1875,-82
937.544,00:03,1875,-98
937.619,00:04,1875,-92
938.012,00:02,1876,-82
938.045,00:03,1876,-98
938.117,00:04,1876,-92
938.513,00:02,1877,-82
938.545,00:03,1877,-98
938.616,00:04,1877,-92
939.011,00:02,1878,-82
939.042,00:03,1878,-99
939.117,00:04,1878,-92
939.513,00:02,1879,-82
939.542,00:03,1879,-99
939.616,00:04,1879,-92
940.011,00:02,1880,-82
940.046,00:03,1880,-99
940.117,00:04,1880,-93
940.513,00:02,1881,-82
940.543,00:03,1881,-99
940.619,00:04,1881,-93
941.013,00:02,1882,-77
941.045,00:03,1882,-95
941.116,00:04,1882,-89
941.511,00:02,1883,-77
941.544,00:03,1883,-95
941.617,00:04,1883,-89
942.011,00:02,1884,-77
942.044,00:03,1884,-95
942.118,00:04,1884,-89
942.513,00:02,1885,-77
942.545,00:03,1885,-95
942.617,00:04,1885,-89
943.011,00:02,1886,-77
943.045,00:03,1886,-95
943.115,00:04,1886,-89
943.512,00:02,1887,-77
943.544,00:03,1887,-95
943.618,00:04,1887,-89
944.011,00:02,1888,-77
944.042,00:03,1888,-95
944.117,00:04,1888,-89
944.512,00:02,1889,-77
944.544,00:03,1889,-95
944.618,00:04,1889,-89
945.013,00:02,1890,-77
945.044,00:03,1890,-95
945.117,00:04,1890,-90
945.514,00:02,1891,-77
945.545,00:03,1891,-96
945.616,00:04,1891,-90
946.011,00:02,1892,-77
946.043,00:03,1892,-96
946.117,00:04,1892,-90
946.512,00:02,1893,-77
946.545,00:03,1893,-96
946.617,00:04,1893,-90
947.012,00:02,1894,-77
947.046,00:03,1894,-96
947.117,00:04,1894,-90
947.512,00:02,1895,-77
947.543,00:03,1895,-96
947.617,00:04,1895,-90
948.012,00:02,1896,-77
948.045,00:03,1896,-96
948.116,00:04,1896,-90
948.514,00:02,1897,-77
948.543,00:03,1897,-96
948.618,00:04,1897,-90
949.013,00:02,1898,-77
949.043,00:03,1898,-96
949.118,00:04,1898,-90
949.511,00:02,1899,-77
949.544,00:03,1899,-96
949.616,00:04,1899,-90
950.011,00:02,1900,-77
950.044,00:03,1900,-96
950.117,00:04,1900,-91
950.512,00:02,1901,-77
950.544,00:03,1901,-96
950.617,00:04,1901,-91
951.012,00:02,1902,-77
951.044,00:03,1902,-96
951.117,00:04,1902,-91
951.511,00:02,1903,-77
951.544,00:03,1903,-97
951.617,00:04,1903,-91
952.011,00:02,1904,-77
952.044,00:03,1904,-97
952.117,00:04,1904,-91
952.512,00:02,1905,-77
952.543,00:03,1905,-97
952.617,00:04,1905,-91
953.012,00:02,1906,-77
953.044,00:03,1906,-97
953.116,00:04,1906,-91
953.513,00:02,1907,-77
953.545,00:03,1907,-97
953.618,00:04,1907,-91
954.013,00:02,1908,-77
954.044,00:03,1908,-97
954.116,00:04,1908,-91
954.512,00:02,1909,-77
954.545,00:03,1909,-97
954.617,00:04,1909,-91
955.013,00:02,1910,-77
955.044,00:03,1910,-97
955.117,00:04,1910,-91
955.511,00:02,1911,-77
955.545,00:03,1911,-97
955.618,00:04,1911,-91
956.013,00:02,1912,-78
956.044,00:03,1912,-97
956.116,00:04,1912,-91
956.512,00:02,1913,-78
956.545,00:03,1913,-97
956.615,00:04,1913,-91
957.011,00:02,1914,-78
957.045,00:03,1914,-97
957.116,00:04,1914,-91
957.514,00:02,1915,-78
957.545,00:03,1915,-97
957.618,00:04,1915,-91
958.011,00:02,1916,-78
958.044,00:03,1916,-97
958.117,00:04,1916,-91
958.511,00:02,1917,-78
958.545,00:03,1917,-97
958.615,00:04,1917,-90
959.012,00:02,1918,-79
959.044,00:03,1918,-97
959.116,00:04,1918,-90
959.513,00:02,1919,-79
959.545,00:03,1919,-97
959.617,00:04,1919,-90
960.014,00:02,1920,-79
960.044,00:03,1920,-97
960.115,00:04,1920,-90
960.514,00:02,1921,-79
960.543,00:03,1921,-97
960.619,00:04,1921,-90
961.014,00:02,1922,-79
961.043,00:03,1922,-97
961.116,00:04,1922,-90
961.513,00:02,1923,-79
961.542,00:03,1923,-97
961.616,00:04,1923,-90
962.014,00:02,1924,-79
962.045,00:03,1924,-97
962.117,00:04,1924,-90
962.513,00:02,1925,-79
962.545,00:03,1925,-97
962.615,00:04,1925,-90
963.012,00:02,1926,-79
963.045,00:03,1926,-97
963.118,00:04,1926,-90
963.515,00:02,1927,-79
963.544,00:03,1927,-97
963.617,00:04,1927,-90
964.012,00:02,1928,-79
964.043,00:03,1928,-97
964.117,00:04,1928,-89
964.513,00:02,1929,-79
964.542,00:03,1929,-97
964.618,00:04,1929,-89
965.013,00:02,1930,-79
965.044,00:03,1930,-97
965.117,00:04,1930,-89
965.513,00:02,1931,-79
965.543,00:03,1931,-96
965.616,00:04,1931,-89
966.012,00:02,1932,-79
966.046,00:03,1932,-96
966.119,00:04,1932,-89
966.514,00:02,1933,-79
966.544,00:03,1933,-96
966.617,00:04,1933,-89
967.014,00:02,1934,-79
967.043,00:03,1934,-96
967.118,00:04,1934,-89
967.511,00:02,1935,-79
967.543,00:03,1935,-96
967.618,00:04,1935,-89
968.011,00:02,1936,-79
968.044,00:03,1936,-96
968.116,00:04,1936,-89
968.512,00:02,1937,-79
968.545,00:03,1937,-96
968.619,00:04,1937,-88
969.013,00:02,1938,-79
969.044,00:03,1938,-96
969.117,00:04,1938,-88
969.512,00:02,1939,-79
969.545,00:03,1939,-96
969.617,00:04,1939,-88
970.011,00:02,1940,-79
970.046,00:03,1940,-96
970.118,00:04,1940,-88
970.513,00:02,1941,-79
970.545,00:03,1941,-96
970.617,00:04,1941,-88
971.012,00:02,1942,-79
971.043,00:03,1942,-96
971.119,00:04,1942,-88
971.513,00:02,1943,-79
971.544,00:03,1943,-96
971.617,00:04,1943,-88
972.011,00:02,1944,-79
972.044,00:03,1944,-96
972.118,00:04,1944,-88
972.512,00:02,1945,-79
972.543,00:03,1945,-95
972.616,00:04,1945,-87
973.014,00:02,1946,-83
973.043,00:03,1946,-99
973.118,00:04,1946,-91
973.513,00:02,1947,-83
973.545,00:03,1947,-99
973.617,00:04,1947,-91
974.013,00:02,1948,-83
974.042,00:03,1948,-99
974.119,00:04,1948,-91
974.512,00:02,1949,-83
974.543,00:03,1949,-99
974.616,00:04,1949,-91
975.012,00:02,1950,-83
975.044,00:03,1950,-99
975.117,00:04,1950,-91
975.513,00:02,1951,-83
975.544,00:03,1951,-99
975.618,00:04,1951,-91
976.012,00:02,1952,-83
976.045,00:03,1952,-99
976.119,00:04,1952,-91
976.511,00:02,1953,-83
976.543,00:03,1953,-99
976.617,00:04,1953,-91
977.013,00:02,1954,-79
977.045,00:03,1954,-95
977.119,00:04,1954,-86
977.514,00:02,1955,-79
977.544,00:03,1955,-95
977.617,00:04,1955,-86
978.013,00:02,1956,-80
978.044,00:03,1956,-95
978.118,00:04,1956,-86
978.513,00:02,1957,-80
978.543,00:03,1957,-95
978.618,00:04,1957,-86
979.011,00:02,1958,-80
979.043,00:03,1958,-94
979.115,00:04,1958,-86
979.513,00:02,1959,-80
979.542,00:03,1959,-94
979.618,00:04,1959,-86
980.012,00:02,1960,-80
980.042,00:03,1960,-94
980.117,00:04,1960,-86
980.512,00:02,1961,-80
980.545,00:03,1961,-94
980.616,00:04,1961,-86
981.012,00:02,1962,-80
981.045,00:03,1962,-94
981.116,00:04,1962,-86
981.513,00:02,1963,-80
981.544,00:03,1963,-94
981.619,00:04,1963,-85
982.013,00:02,1964,-80
982.044,00:03,1964,-94
982.117,00:04,1964,-85
982.511,00:02,1965,-80
982.542,00:03,1965,-94
982.618,00:04,1965,-85
983.012,00:02,1966,-80
983.043,00:03,1966,-94
983.119,00:04,1966,-85
983.513,00:02,1967,-80
983.544,00:03,1967,-94
983.617,00:04,1967,-85
984.012,00:02,1968,-80
984.044,00:03,1968,-94
984.119,00:04,1968,-85
984.512,00:02,1969,-80
984.543,00:03,1969,-94
984.616,00:04,1969,-85
985.012,00:02,1970,-80
985.044,00:03,1970,-93
985.117,00:04,1970,-85
985.513,00:02,1971,-80
985.543,00:03,1971,-93
985.617,00:04,1971,-85
986.011,00:02,1972,-80
986.044,00:03,1972,-93
986.117,00:04,1972,-85
986.513,00:02,1973,-81
986.544,00:03,1973,-93
986.616,00:04,1973,-84
987.011,00:02,1974,-81
987.044,00:03,1974,-93
987.117,00:04,1974,-84
987.514,00:02,1975,-81
987.545,00:03,1975,-93
987.616,00:04,1975,-84
988.011,00:02,1976,-81
988.045,00:03,1976,-93
988.118,00:04,1976,-84
988.514,00:02,1977,-81
988.545,00:03,1977,-93
988.617,00:04,1977,-84
989.013,00:02,1978,-81
989.045,00:03,1978,-93
989.117,00:04,1978,-84
989.514,00:02,1979,-81
989.544,00:03,1979,-93
989.618,00:04,1979,-84
990.013,00:02,1980,-81
990.043,00:03,1980,-93
990.119,00:04,1980,-84
990.513,00:02,1981,-81
990.545,00:03,1981,-93
990.618,00:04,1981,-84
991.014,00:02,1982,-81
991.043,00:03,1982,-93
991.115,00:04,1982,-84
991.513,00:02,1983,-81
991.543,00:03,1983,-92
991.617,00:04,1983,-84
992.012,00:02,1984,-81
992.043,00:03,1984,-92
992.119,00:04,1984,-84
992.511,00:02,1985,-81
992.542,00:03,1985,-92
992.617,00:04,1985,-83
993.014,00:02,1986,-81
993.045,00:03,1986,-92
993.118,00:04,1986,-83
993.512,00:02,1987,-81
993.545,00:03,1987,-92
993.619,00:04,1987,-83
994.013,00:02,1988,-82
994.045,00:03,1988,-92
994.118,00:04,1988,-83
994.514,00:02,1989,-82
994.544,00:03,1989,-92
994.617,00:04,1989,-83
995.012,00:02,1990,-82
995.044,00:03,1990,-92
995.118,00:04,1990,-83
995.514,00:02,1991,-82
995.546,00:03,1991,-92
995.619,00:04,1991,-83
996.011,00:02,1992,-82
996.044,00:03,1992,-92
996.117,00:04,1992,-83
996.513,00:02,1993,-82
996.543,00:03,1993,-92
996.619,00:04,1993,-83
997.012,00:02,1994,-82
997.043,00:03,1994,-92
997.118,00:04,1994,-83
997.513,00:02,1995,-82
997.543,00:03,1995,-91
997.616,00:04,1995,-83
998.011,00:02,1996,-82
998.044,00:03,1996,-91
998.118,00:04,1996,-83
998.514,00:02,1997,-82
998.542,00:03,1997,-91
998.618,00:04,1997,-83
999.012,00:02,1998,-82
999.043,00:03,1998,-91
999.117,00:04,1998,-83
999.513,00:02,1999,-82
999.545,00:03,1999,-91
999.619,00:04,1999,-83
1000.01,00:02,2000,-82
1000.04,00:03,2000,-91
1000.12,00:04,2000,-83
1000.51,00:02,2001,-83
1000.54,00:03,2001,-91
1000.62,00:04,2001,-83
1001.01,00:02,2002,-83
1001.04,00:03,2002,-91
1001.12,00:04,2002,-83
1001.51,00:02,2003,-83
1001.54,00:03,2003,-91
1001.62,00:04,2003,-83
1002.01,00:02,2004,-83
1002.04,00:03,2004,-91
1002.12,00:04,2004,-83
1002.51,00:02,2005,-83
1002.54,00:03,2005,-91
1002.62,00:04,2005,-83
1003.01,00:02,2006,-83
1003.04,00:03,2006,-91
1003.12,00:04,2006,-83
1003.51,00:02,2007,-83
1003.54,00:03,2007,-90
1003.62,00:04,2007,-83
1004.01,00:02,2008,-83
1004.04,00:03,2008,-90
1004.12,00:04,2008,-83
1004.51,00:02,2009,-83
1004.54,00:03,2009,-90
1004.62,00:04,2009,-83
1005.01,00:02,2010,-83
1005.04,00:03,2010,-90
1005.12,00:04,2010,-83
1005.51,00:02,2011,-83
1005.54,00:03,2011,-90
1005.62,00:04,2011,-83
1006.01,00:02,2012,-83
1006.04,00:03,2012,-90
1006.12,00:04,2012,-83
1006.51,00:02,2013,-84
1006.55,00:03,2013,-90
1006.62,00:04,2013,-83
1007.01,00:02,2014,-84
1007.04,00:03,2014,-90
1007.12,00:04,2014,-83
1007.51,00:02,2015,-84
1007.54,00:03,2015,-90
1007.62,00:04,2015,-83
1008.01,00:02,2016,-84
1008.04,00:03,2016,-90
1008.12,00:04,2016,-83
1008.51,00:02,2017,-84
1008.54,00:03,2017,-90
1008.62,00:04,2017,-83
1009.01,00:02,2018,-84
1009.04,00:03,2018,-90
1009.12,00:04,2018,-83
1009.51,00:02,2019,-84
1009.54,00:03,2019,-89
1009.62,00:04,2019,-83
1010.01,00:02,2020,-84
1010.04,00:03,2020,-89
1010.12,00:04,2020,-83
1010.51,00:02,2021,-84
1010.54,00:03,2021,-89
1010.62,00:04,2021,-83
1011.01,00:02,2022,-84
1011.04,00:03,2022,-89
1011.12,00:04,2022,-83
1011.51,00:02,2023,-84
1011.54,00:03,2023,-89
1011.62,00:04,2023,-83
1012.01,00:02,2024,-84
1012.04,00:03,2024,-89
1012.12,00:04,2024,-83
1012.51,00:02,2025,-85
1012.54,00:03,2025,-89
1012.62,00:04,2025,-83
1013.01,00:02,2026,-85
1013.05,00:03,2026,-89
1013.12,00:04,2026,-83
1013.51,00:02,2027,-85
1013.54,00:03,2027,-89
1013.62,00:04,2027,-83
1014.01,00:02,2028,-85
1014.04,00:03,2028,-89
1014.12,00:04,2028,-83
1014.51,00:02,2029,-85
1014.54,00:03,2029,-89
1014.62,00:04,2029,-83
1015.01,00:02,2030,-85
1015.04,00:03,2030,-89
1015.12,00:04,2030,-83
1015.51,00:02,2031,-85
1015.54,00:03,2031,-89
1015.62,00:04,2031,-83
1016.01,00:02,2032,-85
1016.04,00:03,2032,-88
1016.12,00:04,2032,-83
1016.51,00:02,2033,-85
1016.54,00:03,2033,-88
1016.62,00:04,2033,-83
1017.01,00:02,2034,-85
1017.04,00:03,2034,-88
1017.12,00:04,2034,-83
1017.51,00:02,2035,-85
1017.54,00:03,2035,-88
1017.62,00:04,2035,-84
1018.01,00:02,2036,-85
1018.04,00:03,2036,-88
1018.12,00:04,2036,-84
1018.51,00:02,2037,-85
1018.54,00:03,2037,-88
1018.62,00:04,2037,-84
1019.01,00:02,2038,-86
1019.04,00:03,2038,-88
1019.12,00:04,2038,-84
1019.51,00:02,2039,-86
1019.54,00:03,2039,-88
1019.62,00:04,2039,-84
1020.01,00:02,2040,-86
1020.04,00:03,2040,-88
1020.12,00:04,2040,-84
1020.51,00:02,2041,-86
1020.54,00:03,2041,-88
1020.62,00:04,2041,-84
1021.01,00:02,2042,-86
1021.04,00:03,2042,-88
1021.12,00:04,2042,-84
1021.51,00:02,2043,-86
1021.54,00:03,2043,-88
1021.62,00:04,2043,-84
1022.01,00:02,2044,-86
1022.04,00:03,2044,-88
1022.12,00:04,2044,-84
1022.51,00:02,2045,-86
1022.54,00:03,2045,-88
1022.62,00:04,2045,-84
1023.01,00:02,2046,-86
1023.04,00:03,2046,-88
1023.12,00:04,2046,-84
1023.51,00:02,2047,-86
1023.54,00:03,2047,-87
1023.62,00:04,2047,-85
1024.01,00:02,2048,-86
1024.04,00:03,2048,-87
1024.12,00:04,2048,-85
1024.51,00:02,2049,-86
1024.54,00:03,2049,-87
1024.62,00:04,2049,-85
1025.01,00:02,2050,-87
1025.04,00:03,2050,-87
1025.12,00:04,2050,-85
1025.51,00:02,2051,-87
1025.54,00:03,2051,-87
1025.62,00:04,2051,-85
1026.01,00:02,2052,-87
1026.04,00:03,2052,-87
1026.12,00:04,2052,-85
1026.51,00:02,2053,-87
1026.54,00:03,2053,-87
1026.62,00:04,2053,-85
1027.01,00:02,2054,-87
1027.04,00:03,2054,-87
1027.12,00:04,2054,-85
1027.51,00:02,2055,-87
1027.54,00:03,2055,-87
1027.62,00:04,2055,-85
1028.01,00:02,2056,-87
1028.04,00:03,2056,-87
1028.12,00:04,2056,-85
1028.51,00:02,2057,-87
1028.54,00:03,2057,-87
1028.62,00:04,2057,-86
1029.01,00:02,2058,-87
1029.04,00:03,2058,-87
1029.12,00:04,2058,-86
1029.51,00:02,2059,-87
1029.54,00:03,2059,-87
1029.62,00:04,2059,-86
1030.01,00:02,2060,-87
1030.04,00:03,2060,-87
1030.12,00:04,2060,-86
1030.51,00:02,2061,-87
1030.54,00:03,2061,-87
1030.62,00:04,2061,-86
1031.01,00:02,2062,-88
1031.04,00:03,2062,-87
1031.12,00:04,2062,-86
1031.51,00:02,2063,-88
1031.54,00:03,2063,-87
1031.62,00:04,2063,-86
1032.01,00:02,2064,-88
1032.04,00:03,2064,-86
1032.12,00:04,2064,-86
1032.51,00:02,2065,-88
1032.54,00:03,2065,-86
1032.62,00:04,2065,-86
1033.01,00:02,2066,-92
1033.04,00:03,2066,-90
1033.12,00:04,2066,-91
1033.51,00:02,2067,-92
1033.54,00:03,2067,-90
1033.62,00:04,2067,-91
1034.01,00:02,2068,-92
1034.04,00:03,2068,-90
1034.12,00:04,2068,-91
1034.51,00:02,2069,-92
1034.54,00:03,2069,-90
1034.62,00:04,2069,-91
1035.01,00:02,2070,-92
1035.04,00:03,2070,-90
1035.12,00:04,2070,-91
1035.51,00:02,2071,-92
1035.54,00:03,2071,-90
1035.62,00:04,2071,-91
1036.01,00:02,2072,-92
1036.04,00:03,2072,-90
1036.12,00:04,2072,-91
1036.51,00:02,2073,-92
1036.54,00:03,2073,-90
1036.62,00:04,2073,-91
1037.01,00:02,2074,-88
1037.04,00:03,2074,-86
1037.12,00:04,2074,-87
1037.51,00:02,2075,-89
1037.54,00:03,2075,-86
1037.62,00:04,2075,-88
1038.01,00:02,2076,-89
1038.04,00:03,2076,-86
1038.12,00:04,2076,-88
1038.51,00:02,2077,-89
1038.54,00:03,2077,-86
1038.62,00:04,2077,-88
1039.01,00:02,2078,-89
1039.04,00:03,2078,-86
1039.12,00:04,2078,-88
1039.51,00:02,2079,-89
1039.54,00:03,2079,-86
1039.62,00:04,2079,-88
1040.01,00:02,2080,-89
1040.04,00:03,2080,-86
1040.12,00:04,2080,-88
1040.51,00:02,2081,-89
1040.54,00:03,2081,-86
1040.62,00:04,2081,-88
1041.01,00:02,2082,-89
1041.04,00:03,2082,-86
1041.12,00:04,2082,-88
1041.51,00:02,2083,-89
1041.54,00:03,2083,-86
1041.62,00:04,2083,-88
1042.01,00:02,2084,-89
1042.04,00:03,2084,-86
1042.12,00:04,2084,-89
1042.51,00:02,2085,-89
1042.54,00:03,2085,-86
1042.62,00:04,2085,-89
1043.01,00:02,2086,-89
1043.04,00:03,2086,-86
1043.12,00:04,2086,-89
1043.51,00:02,2087,-89
1043.54,00:03,2087,-86
1043.62,00:04,2087,-89
1044.01,00:02,2088,-89
1044.04,00:03,2088,-86
1044.12,00:04,2088,-89
1044.51,00:02,2089,-90
1044.54,00:03,2089,-86
1044.62,00:04,2089,-89
1045.01,00:02,2090,-90
1045.04,00:03,2090,-86
1045.12,00:04,2090,-89
1045.51,00:02,2091,-90
1045.54,00:03,2091,-86
1045.62,00:04,2091,-89
1046.01,00:02,2092,-90
1046.04,00:03,2092,-86
1046.12,00:04,2092,-90
1046.51,00:02,2093,-90
1046.54,00:03,2093,-86
1046.62,00:04,2093,-90
1047.01,00:02,2094,-90
1047.04,00:03,2094,-86
1047.12,00:04,2094,-90
1047.51,00:02,2095,-90
1047.54,00:03,2095,-86
1047.62,00:04,2095,-90
1048.01,00:02,2096,-90
1048.04,00:03,2096,-86
1048.12,00:04,2096,-90
1048.51,00:02,2097,-90
1048.54,00:03,2097,-86
1048.62,00:04,2097,-90
1049.01,00:02,2098,-90
1049.04,00:03,2098,-86
1049.12,00:04,2098,-90
1049.51,00:02,2099,-90
1049.54,00:03,2099,-86
1049.62,00:04,2099,-90
1050.01,00:02,2100,-90
1050.04,00:03,2100,-86
1050.12,00:04,2100,-90
1050.51,00:02,2101,-90
1050.54,00:03,2101,-86
1050.62,00:04,2101,-90
1051.01,00:02,2102,-90
1051.04,00:03,2102,-86
1051.12,00:04,2102,-90
1051.51,00:02,2103,-90
1051.54,00:03,2103,-86
1051.62,00:04,2103,-90
1052.01,00:02,2104,-91
1052.04,00:03,2104,-86
1052.12,00:04,2104,-90
1052.51,00:02,2105,-91
1052.54,00:03,2105,-86
1052.62,00:04,2105,-90
1053.01,00:02,2106,-91
1053.04,00:03,2106,-86
1053.12,00:04,2106,-90
1053.51,00:02,2107,-91
1053.54,00:03,2107,-87
1053.62,00:04,2107,-90
1054.01,00:02,2108,-91
1054.04,00:03,2108,-87
1054.12,00:04,2108,-90
1054.51,00:02,2109,-91
1054.54,00:03,2109,-87
1054.62,00:04,2109,-90
1055.01,00:02,2110,-91
1055.04,00:03,2110,-87
1055.12,00:04,2110,-89
1055.51,00:02,2111,-91
1055.54,00:03,2111,-87
1055.62,00:04,2111,-89
1056.01,00:02,2112,-91
1056.04,00:03,2112,-87
1056.12,00:04,2112,-89
1056.51,00:02,2113,-91
1056.54,00:03,2113,-87
1056.62,00:04,2113,-89
1057.01,00:02,2114,-91
1057.04,00:03,2114,-87
1057.12,00:04,2114,-89
1057.51,00:02,2115,-91
1057.54,00:03,2115,-87
1057.62,00:04,2115,-89
1058.01,00:02,2116,-91
1058.04,00:03,2116,-87
1058.12,00:04,2116,-89
1058.51,00:02,2117,-90
1058.54,00:03,2117,-87
1058.62,00:04,2117,-89
1059.01,00:02,2118,-90
1059.04,00:03,2118,-87
1059.12,00:04,2118,-89
1059.51,00:02,2119,-90
1059.54,00:03,2119,-87
1059.62,00:04,2119,-89
1060.01,00:02,2120,-90
1060.04,00:03,2120,-87
1060.12,00:04,2120,-88
1060.51,00:02,2121,-90
1060.54,00:03,2121,-87
1060.62,00:04,2121,-88
1061.01,00:02,2122,-90
1061.04,00:03,2122,-87
1061.12,00:04,2122,-88
1061.51,00:02,2123,-90
1061.54,00:03,2123,-87
1061.62,00:04,2123,-88
1062.01,00:02,2124,-90
1062.04,00:03,2124,-87
1062.12,00:04,2124,-88
1062.51,00:02,2125,-90
1062.54,00:03,2125,-87
1062.62,00:04,2125,-88
1063.01,00:02,2126,-90
1063.04,00:03,2126,-87
1063.12,00:04,2126,-88
1063.51,00:02,2127,-90
1063.54,00:03,2127,-87
1063.62,00:04,2127,-87
1064.01,00:02,2128,-90
1064.04,00:03,2128,-87
1064.12,00:04,2128,-87
1064.51,00:02,2129,-90
1064.54,00:03,2129,-87
1064.62,00:04,2129,-87
1065.01,00:02,2130,-90
1065.04,00:03,2130,-87
1065.12,00:04,2130,-87
1065.51,00:02,2131,-89
1065.54,00:03,2131,-87
1065.62,00:04,2131,-87
1066.01,00:02,2132,-89
1066.04,00:03,2132,-87
1066.12,00:04,2132,-87
1066.51,00:02,2133,-89
1066.54,00:03,2133,-87
1066.62,00:04,2133,-87
1067.01,00:02,2134,-89
1067.04,00:03,2134,-87
1067.12,00:04,2134,-87
1067.51,00:02,2135,-89
1067.54,00:03,2135,-87
1067.62,00:04,2135,-86
1068.01,00:02,2136,-89
1068.04,00:03,2136,-87
1068.12,00:04,2136,-86
1068.51,00:02,2137,-89
1068.54,00:03,2137,-87
1068.62,00:04,2137,-86
1069.01,00:02,2138,-93
1069.04,00:03,2138,-92
1069.12,00:04,2138,-90
1069.51,00:02,2139,-93
1069.54,00:03,2139,-92
1069.62,00:04,2139,-90
1070.01,00:02,2140,-93
1070.04,00:03,2140,-92
1070.12,00:04,2140,-90
1070.51,00:02,2141,-93
1070.54,00:03,2141,-92
1070.62,00:04,2141,-90
1071.01,00:02,2142,-93
1071.04,00:03,2142,-92
1071.12,00:04,2142,-89
1071.51,00:02,2143,-93
1071.54,00:03,2143,-92
1071.62,00:04,2143,-89
1072.01,00:02,2144,-93
1072.04,00:03,2144,-92
1072.12,00:04,2144,-89
1072.51,00:02,2145,-92
1072.54,00:03,2145,-92
1072.62,00:04,2145,-89
1073.01,00:02,2146,-88
1073.04,00:03,2146,-88
1073.12,00:04,2146,-85
1073.51,00:02,2147,-88
1073.54,00:03,2147,-88
1073.62,00:04,2147,-85
1074.01,00:02,2148,-88
1074.04,00:03,2148,-88
1074.12,00:04,2148,-85
1074.51,00:02,2149,-88
1074.54,00:03,2149,-88
1074.62,00:04,2149,-85
1075.01,00:02,2150,-88
1075.04,00:03,2150,-88
1075.12,00:04,2150,-84
1075.51,00:02,2151,-88
1075.54,00:03,2151,-88
1075.62,00:04,2151,-84
1076.01,00:02,2152,-88
1076.04,00:03,2152,-88
1076.12,00:04,2152,-84
1076.51,00:02,2153,-88
1076.54,00:03,2153,-88
1076.62,00:04,2153,-84
1077.01,00:02,2154,-88
1077.04,00:03,2154,-88
1077.12,00:04,2154,-84
1077.51,00:02,2155,-88
1077.54,00:03,2155,-88
1077.62,00:04,2155,-84
1078.01,00:02,2156,-88
1078.04,00:03,2156,-88
1078.12,00:04,2156,-84
1078.51,00:02,2157,-88
1078.54,00:03,2157,-88
1078.62,00:04,2157,-83
1079.01,00:02,2158,-88
1079.04,00:03,2158,-88
1079.12,00:04,2158,-83
1079.51,00:02,2159,-87
1079.54,00:03,2159,-88
1079.62,00:04,2159,-83
1080.01,00:02,2160,-87
1080.04,00:03,2160,-88
1080.12,00:04,2160,-83
1080.51,00:02,2161,-87
1080.54,00:03,2161,-89
1080.62,00:04,2161,-83
1081.01,00:02,2162,-87
1081.04,00:03,2162,-89
1081.12,00:04,2162,-83
1081.51,00:02,2163,-87
1081.54,00:03,2163,-89
1081.62,00:04,2163,-83
1082.01,00:02,2164,-87
1082.04,00:03,2164,-89
1082.12,00:04,2164,-83
1082.51,00:02,2165,-87
1082.54,00:03,2165,-89
1082.62,00:04,2165,-83
1083.01,00:02,2166,-87
1083.04,00:03,2166,-89
1083.12,00:04,2166,-82
1083.51,00:02,2167,-87
1083.54,00:03,2167,-89
1083.62,00:04,2167,-82
1084.01,00:02,2168,-87
1084.04,00:03,2168,-89
1084.12,00:04,2168,-82
1084.51,00:02,2169,-87
1084.54,00:03,2169,-89
1084.62,00:04,2169,-82
1085.01,00:02,2170,-87
1085.04,00:03,2170,-89
1085.12,00:04,2170,-82
1085.52,00:02,2171,-87
1085.54,00:03,2171,-89
1085.62,00:04,2171,-82
1086.01,00:02,2172,-86
1086.04,00:03,2172,-89
1086.12,00:04,2172,-82
1086.51,00:02,2173,-86
1086.54,00:03,2173,-89
1086.62,00:04,2173,-82
1087.01,00:02,2174,-86
1087.04,00:03,2174,-89
1087.12,00:04,2174,-82
1087.51,00:02,2175,-86
1087.54,00:03,2175,-89
1087.62,00:04,2175,-81
1088.01,00:02,2176,-86
1088.04,00:03,2176,-89
1088.12,00:04,2176,-81
1088.51,00:02,2177,-86
1088.54,00:03,2177,-89
1088.62,00:04,2177,-81
1089.01,00:02,2178,-86
1089.04,00:03,2178,-90
1089.12,00:04,2178,-81
1089.51,00:02,2179,-86
1089.54,00:03,2179,-90
1089.62,00:04,2179,-81
1090.01,00:02,2180,-86
1090.04,00:03,2180,-90
1090.12,00:04,2180,-81
1090.51,00:02,2181,-86
1090.54,00:03,2181,-90
1090.62,00:04,2181,-81
1091.01,00:02,2182,-86
1091.04,00:03,2182,-90
1091.12,00:04,2182,-81
1091.51,00:02,2183,-86
1091.54,00:03,2183,-90
1091.62,00:04,2183,-81
1092.01,00:02,2184,-86
1092.04,00:03,2184,-90
1092.12,00:04,2184,-81
1092.51,00:02,2185,-85
1092.54,00:03,2185,-90
1092.62,00:04,2185,-81
1093.01,00:02,2186,-85
1093.04,00:03,2186,-90
1093.12,00:04,2186,-81
1093.51,00:02,2187,-85
1093.54,00:03,2187,-90
1093.62,00:04,2187,-80
1094.01,00:02,2188,-85
1094.04,00:03,2188,-90
1094.12,00:04,2188,-80
1094.51,00:02,2189,-85
1094.54,00:03,2189,-90
1094.62,00:04,2189,-80
1095.01,00:02,2190,-85
1095.04,00:03,2190,-90
1095.12,00:04,2190,-80
1095.51,00:02,2191,-85
1095.54,00:03,2191,-90
1095.62,00:04,2191,-80
1096.01,00:02,2192,-85
1096.04,00:03,2192,-90
1096.12,00:04,2192,-80
1096.51,00:02,2193,-85
1096.54,00:03,2193,-91
1096.62,00:04,2193,-80
1097.01,00:02,2194,-85
1097.04,00:03,2194,-91
1097.12,00:04,2194,-80
1097.52,00:02,2195,-85
1097.54,00:03,2195,-91
1097.62,00:04,2195,-80
1098.02,00:02,2196,-85
1098.04,00:03,2196,-91
1098.12,00:04,2196,-80
1098.51,00:02,2197,-85
1098.54,00:03,2197,-91
1098.62,00:04,2197,-80
1099.01,00:02,2198,-85
1099.04,00:03,2198,-91
1099.12,00:04,2198,-80
1099.51,00:02,2199,-84
1099.54,00:03,2199,-91
1099.62,00:04,2199,-80
1100.01,00:02,2200,-84
1100.04,00:03,2200,-91
1100.12,00:04,2200,-80
1100.51,00:02,2201,-84
1100.54,00:03,2201,-91
1100.62,00:04,2201,-80
1101.01,00:02,2202,-84
1101.04,00:03,2202,-91
1101.12,00:04,2202,-80
1101.51,00:02,2203,-84
1101.54,00:03,2203,-91
1101.62,00:04,2203,-80
1102.01,00:02,2204,-84
1102.04,00:03,2204,-91
1102.12,00:04,2204,-80
1102.51,00:02,2205,-84
1102.54,00:03,2205,-91
1102.62,00:04,2205,-80
1103.01,00:02,2206,-84
1103.04,00:03,2206,-91
1103.12,00:04,2206,-80
1103.51,00:02,2207,-84
1103.54,00:03,2207,-92
1103.62,00:04,2207,-80
1104.01,00:02,2208,-84
1104.04,00:03,2208,-92
1104.12,00:04,2208,-80
1104.51,00:02,2209,-84
1104.54,00:03,2209,-92
1104.62,00:04,2209,-80
1105.01,00:02,2210,-84
1105.04,00:03,2210,-92
1105.12,00:04,2210,-80
1105.51,00:02,2211,-84
1105.54,00:03,2211,-92
1105.62,00:04,2211,-80
1106.01,00:02,2212,-84
1106.04,00:03,2212,-92
1106.12,00:04,2212,-80
1106.51,00:02,2213,-83
1106.54,00:03,2213,-92
1106.62,00:04,2213,-80
1107.01,00:02,2214,-83
1107.04,00:03,2214,-92
1107.12,00:04,2214,-80
1107.51,00:02,2215,-83
1107.54,00:03,2215,-92
1107.62,00:04,2215,-80
1108.01,00:02,2216,-83
1108.04,00:03,2216,-92
1108.12,00:04,2216,-80
1108.51,00:02,2217,-83
1108.54,00:03,2217,-92
1108.62,00:04,2217,-81
1109.01,00:02,2218,-83
1109.04,00:03,2218,-92
1109.12,00:04,2218,-81
1109.51,00:02,2219,-83
1109.54,00:03,2219,-92
1109.62,00:04,2219,-81
1110.01,00:02,2220,-83
1110.04,00:03,2220,-93
1110.12,00:04,2220,-81
1110.51,00:02,2221,-83
1110.54,00:03,2221,-93
1110.62,00:04,2221,-81
1111.01,00:02,2222,-83
1111.04,00:03,2222,-93
1111.12,00:04,2222,-81
1111.51,00:02,2223,-83
1111.54,00:03,2223,-93
1111.62,00:04,2223,-81
1112.01,00:02,2224,-83
1112.04,00:03,2224,-93
1112.12,00:04,2224,-81
1112.51,00:02,2225,-83
1112.54,00:03,2225,-93
1112.62,00:04,2225,-81
1113.01,00:02,2226,-83
1113.04,00:03,2226,-93
1113.12,00:04,2226,-81
1113.51,00:02,2227,-83
1113.54,00:03,2227,-93
1113.62,00:04,2227,-81
1114.01,00:02,2228,-82
1114.04,00:03,2228,-93
1114.12,00:04,2228,-81
1114.51,00:02,2229,-82
1114.54,00:03,2229,-93
1114.62,00:04,2229,-81
1115.01,00:02,2230,-82
1115.04,00:03,2230,-93
1115.12,00:04,2230,-82
1115.51,00:02,2231,-82
1115.54,00:03,2231,-93
1115.62,00:04,2231,-82
1116.01,00:02,2232,-82
1116.04,00:03,2232,-93
1116.12,00:04,2232,-82
1116.51,00:02,2233,-82
1116.54,00:03,2233,-93
1116.62,00:04,2233,-82
1117.01,00:02,2234,-82
1117.04,00:03,2234,-94
1117.12,00:04,2234,-82
1117.51,00:02,2235,-82
1117.54,00:03,2235,-94
1117.62,00:04,2235,-82
1118.01,00:02,2236,-82
1118.04,00:03,2236,-94
1118.12,00:04,2236,-82
1118.51,00:02,2237,-82
1118.54,00:03,2237,-94
1118.62,00:04,2237,-82
1119.01,00:02,2238,-82
1119.04,00:03,2238,-94
1119.12,00:04,2238,-82
1119.51,00:02,2239,-82
1119.54,00:03,2239,-94
1119.62,00:04,2239,-83
1120.01,00:02,2240,-82
1120.04,00:03,2240,-94
1120.12,00:04,2240,-83
1120.51,00:02,2241,-82
1120.54,00:03,2241,-94
1120.62,00:04,2241,-83
1121.01,00:02,2242,-82
1121.04,00:03,2242,-94
1121.12,00:04,2242,-83
1121.51,00:02,2243,-82
1121.54,00:03,2243,-94
1121.62,00:04,2243,-83
1122.01,00:02,2244,-82
1122.04,00:03,2244,-94
1122.12,00:04,2244,-83
1122.51,00:02,2245,-81
1122.54,00:03,2245,-94
1122.62,00:04,2245,-83
1123.01,00:02,2246,-81
1123.04,00:03,2246,-94
1123.12,00:04,2246,-83
1123.51,00:02,2247,-81
1123.54,00:03,2247,-95
1123.62,00:04,2247,-84
1124.01,00:02,2248,-81
1124.04,00:03,2248,-95
1124.12,00:04,2248,-84
1124.51,00:02,2249,-81
1124.54,00:03,2249,-95
1124.62,00:04,2249,-84
1125.01,00:02,2250,-81
1125.04,00:03,2250,-95
1125.12,00:04,2250,-84
1125.51,00:02,2251,-81
1125.54,00:03,2251,-95
1125.62,00:04,2251,-84
1126.01,00:02,2252,-81
1126.04,00:03,2252,-95
1126.12,00:04,2252,-84
1126.51,00:02,2253,-81
1126.54,00:03,2253,-95
1126.62,00:04,2253,-84
1127.01,00:02,2254,-81
1127.04,00:03,2254,-95
1127.12,00:04,2254,-84
1127.52,00:02,2255,-81
1127.54,00:03,2255,-95
1127.62,00:04,2255,-85
1128.01,00:02,2256,-81
1128.04,00:03,2256,-95
1128.12,00:04,2256,-85
1128.51,00:02,2257,-81
1128.54,00:03,2257,-95
1128.62,00:04,2257,-85
1129.01,00:02,2258,-85
1129.04,00:03,2258,-99
1129.12,00:04,2258,-89
1129.51,00:02,2259,-85
1129.54,00:03,2259,-99
1129.62,00:04,2259,-89
1130.01,00:02,2260,-85
1130.04,00:03,2260,-99
1130.12,00:04,2260,-89
1130.51,00:02,2261,-85
1130.54,00:03,2261,-100
1130.62,00:04,2261,-89
1131.01,00:02,2262,-85
1131.04,00:03,2262,-100
1131.12,00:04,2262,-90
1131.51,00:02,2263,-85
1131.54,00:03,2263,-100
1131.62,00:04,2263,-90
1132.01,00:02,2264,-85
1132.04,00:03,2264,-100
1132.12,00:04,2264,-90
1132.51,00:02,2265,-85
1132.54,00:03,2265,-100
1132.62,00:04,2265,-90
1133.01,00:02,2266,-81
1133.04,00:03,2266,-96
1133.12,00:04,2266,-86
1133.51,00:02,2267,-81
1133.54,00:03,2267,-96
1133.62,00:04,2267,-86
1134.01,00:02,2268,-81
1134.04,00:03,2268,-96
1134.12,00:04,2268,-86
1134.51,00:02,2269,-80
1134.54,00:03,2269,-96
1134.62,00:04,2269,-86
1135.01,00:02,2270,-80
1135.04,00:03,2270,-96
1135.12,00:04,2270,-87
1135.51,00:02,2271,-80
1135.54,00:03,2271,-96
1135.62,00:04,2271,-87
1136.01,00:02,2272,-80
1136.04,00:03,2272,-96
1136.12,00:04,2272,-87
1136.51,00:02,2273,-80
1136.54,00:03,2273,-96
1136.62,00:04,2273,-87
1137.01,00:02,2274,-80
1137.04,00:03,2274,-96
1137.12,00:04,2274,-87
1137.51,00:02,2275,-80
1137.54,00:03,2275,-97
1137.62,00:04,2275,-87
1138.02,00:02,2276,-80
1138.04,00:03,2276,-97
1138.12,00:04,2276,-87
1138.51,00:02,2277,-80
1138.54,00:03,2277,-97
1138.62,00:04,2277,-88
1139.01,00:02,2278,-80
1139.04,00:03,2278,-97
1139.12,00:04,2278,-88
1139.51,00:02,2279,-80
1139.54,00:03,2279,-97
1139.62,00:04,2279,-88
1140.01,00:02,2280,-80
1140.04,00:03,2280,-97
1140.12,00:04,2280,-88
1140.51,00:02,2281,-80
1140.54,00:03,2281,-97
1140.62,00:04,2281,-88
1141.01,00:02,2282,-80
1141.04,00:03,2282,-97
1141.12,00:04,2282,-88
1141.51,00:02,2283,-80
1141.54,00:03,2283,-97
1141.62,00:04,2283,-88
1142.01,00:02,2284,-80
1142.04,00:03,2284,-97
1142.12,00:04,2284,-88
1142.51,00:02,2285,-80
1142.54,00:03,2285,-97
1142.62,00:04,2285,-89
1143.01,00:02,2286,-80
1143.04,00:03,2286,-97
1143.12,00:04,2286,-89
1143.51,00:02,2287,-80
1143.54,00:03,2287,-97
1143.62,00:04,2287,-89
1144.01,00:02,2288,-80
1144.04,00:03,2288,-97
1144.12,00:04,2288,-89
1144.51,00:02,2289,-80
1144.54,00:03,2289,-98
1144.62,00:04,2289,-89
1145.01,00:02,2290,-80
1145.04,00:03,2290,-98
1145.12,00:04,2290,-89
1145.51,00:02,2291,-80
1145.54,00:03,2291,-98
1145.62,00:04,2291,-89
1146.02,00:02,2292,-80
1146.04,00:03,2292,-98
1146.12,00:04,2292,-89
1146.51,00:02,2293,-80
1146.54,00:03,2293,-98
1146.62,00:04,2293,-89
1147.01,00:02,2294,-80
1147.04,00:03,2294,-98
1147.12,00:04,2294,-89
1147.51,00:02,2295,-81
1147.54,00:03,2295,-98
1147.62,00:04,2295,-89
1148.01,00:02,2296,-81
1148.04,00:03,2296,-98
1148.12,00:04,2296,-89
1148.51,00:02,2297,-81
1148.54,00:03,2297,-98
1148.62,00:04,2297,-89
1149.01,00:02,2298,-81
1149.04,00:03,2298,-98
1149.12,00:04,2298,-89
1149.52,00:02,2299,-81
1149.54,00:03,2299,-98
1149.62,00:04,2299,-89
1150.01,00:02,2300,-81
1150.04,00:03,2300,-98
1150.12,00:04,2300,-89
1150.51,00:02,2301,-81
1150.54,00:03,2301,-98
1150.62,00:04,2301,-89
1151.01,00:02,2302,-82
1151.04,00:03,2302,-98
1151.12,00:04,2302,-89
1151.51,00:02,2303,-82
1151.54,00:03,2303,-98
1151.62,00:04,2303,-89
1152.01,00:02,2304,-82
1152.04,00:03,2304,-98
1152.12,00:04,2304,-89
1152.51,00:02,2305,-82
1152.54,00:03,2305,-98
1152.62,00:04,2305,-88
1153.01,00:02,2306,-82
1153.04,00:03,2306,-98
1153.12,00:04,2306,-88
1153.51,00:02,2307,-82
1153.54,00:03,2307,-98
1153.62,00:04,2307,-88
1154.01,00:02,2308,-82
1154.04,00:03,2308,-98
1154.12,00:04,2308,-88
1154.51,00:02,2309,-82
1154.54,00:03,2309,-98
1154.62,00:04,2309,-88
1155.01,00:02,2310,-82
1155.04,00:03,2310,-98
1155.12,00:04,2310,-88
1155.51,00:02,2311,-82
1155.54,00:03,2311,-98
1155.62,00:04,2311,-88
1156.02,00:02,2312,-82
1156.04,00:03,2312,-98
1156.12,00:04,2312,-87
1156.51,00:02,2313,-82
1156.54,00:03,2313,-98
1156.62,00:04,2313,-87
1157.01,00:02,2314,-82
1157.04,00:03,2314,-98
1157.12,00:04,2314,-87
1157.51,00:02,2315,-82
1157.54,00:03,2315,-97
1157.62,00:04,2315,-87
1158.01,00:02,2316,-82
1158.04,00:03,2316,-97
1158.12,00:04,2316,-87
1158.51,00:02,2317,-82
1158.54,00:03,2317,-97
1158.62,00:04,2317,-87
1159.01,00:02,2318,-82
1159.04,00:03,2318,-97
1159.12,00:04,2318,-87
1159.51,00:02,2319,-82
1159.54,00:03,2319,-97
1159.62,00:04,2319,-86
1160.01,00:02,2320,-82
1160.04,00:03,2320,-97
1160.12,00:04,2320,-86
1160.51,00:02,2321,-82
1160.54,00:03,2321,-97
1160.62,00:04,2321,-86
1161.01,00:02,2322,-82
1161.04,00:03,2322,-97
1161.12,00:04,2322,-86
1161.51,00:02,2323,-82
1161.54,00:03,2323,-97
1161.62,00:04,2323,-86
1162.01,00:02,2324,-82
1162.04,00:03,2324,-97
1162.12,00:04,2324,-86
1162.51,00:02,2325,-82
1162.54,00:03,2325,-97
1162.62,00:04,2325,-85
1163.01,00:02,2326,-82
1163.04,00:03,2326,-97
1163.12,00:04,2326,-85
1163.51,00:02,2327,-82
1163.54,00:03,2327,-97
1163.62,00:04,2327,-85
1164.01,00:02,2328,-82
1164.04,00:03,2328,-97
1164.12,00:04,2328,-85
1164.51,00:02,2329,-82
1164.54,00:03,2329,-97
1164.62,00:04,2329,-85
1165.02,00:02,2330,-86
1165.04,00:03,2330,-100
1165.12,00:04,2330,-89
1165.51,00:02,2331,-86
1165.54,00:03,2331,-100
1165.62,00:04,2331,-89
1166.01,00:02,2332,-86
1166.04,00:03,2332,-100
1166.12,00:04,2332,-88
1166.51,00:02,2333,-86
1166.54,00:03,2333,-100
1166.62,00:04,2333,-88
1167.01,00:02,2334,-86
1167.04,00:03,2334,-100
1167.12,00:04,2334,-88
1167.51,00:02,2335,-86
1167.54,00:03,2335,-100
1167.62,00:04,2335,-88
1168.01,00:02,2336,-86
1168.04,00:03,2336,-100
1168.12,00:04,2336,-88
1168.51,00:02,2337,-86
1168.54,00:03,2337,-100
1168.62,00:04,2337,-88
1169.01,00:02,2338,-82
1169.04,00:03,2338,-96
1169.12,00:04,2338,-83
1169.51,00:02,2339,-82
1169.54,00:03,2339,-96
1169.62,00:04,2339,-83
1170.01,00:02,2340,-82
1170.04,00:03,2340,-96
1170.12,00:04,2340,-83
1170.51,00:02,2341,-82
1170.54,00:03,2341,-96
1170.62,00:04,2341,-83
1171.02,00:02,2342,-82
1171.04,00:03,2342,-96
1171.12,00:04,2342,-83
1171.51,00:02,2343,-82
1171.54,00:03,2343,-96
1171.62,00:04,2343,-83
1172.01,00:02,2344,-82
1172.04,00:03,2344,-95
1172.12,00:04,2344,-82
1172.51,00:02,2345,-82
1172.54,00:03,2345,-95
1172.62,00:04,2345,-82
1173.01,00:02,2346,-82
1173.04,00:03,2346,-95
1173.12,00:04,2346,-82
1173.51,00:02,2347,-83
1173.54,00:03,2347,-95
1173.62,00:04,2347,-82
1174.01,00:02,2348,-83
1174.04,00:03,2348,-95
1174.12,00:04,2348,-82
1174.51,00:02,2349,-83
1174.54,00:03,2349,-95
1174.62,00:04,2349,-82
1175.01,00:02,2350,-83
1175.04,00:03,2350,-95
1175.12,00:04,2350,-81
1175.51,00:02,2351,-83
1175.54,00:03,2351,-95
1175.62,00:04,2351,-81
1176.01,00:02,2352,-83
1176.04,00:03,2352,-95
1176.12,00:04,2352,-81
1176.51,00:02,2353,-83
1176.54,00:03,2353,-95
1176.62,00:04,2353,-81
1177.01,00:02,2354,-83
1177.04,00:03,2354,-95
1177.12,00:04,2354,-81
1177.51,00:02,2355,-83
1177.54,00:03,2355,-95
1177.62,00:04,2355,-81
1178.01,00:02,2356,-83
1178.04,00:03,2356,-95
1178.12,00:04,2356,-81
1178.51,00:02,2357,-83
1178.54,00:03,2357,-95
1178.62,00:04,2357,-80
1179.01,00:02,2358,-83
1179.04,00:03,2358,-95
1179.12,00:04,2358,-80
1179.51,00:02,2359,-83
1179.54,00:03,2359,-94
1179.62,00:04,2359,-80
1180.01,00:02,2360,-83
1180.04,00:03,2360,-94
1180.12,00:04,2360,-80
1180.51,00:02,2361,-83
1180.54,00:03,2361,-94
1180.62,00:04,2361,-80
1181.01,00:02,2362,-83
1181.04,00:03,2362,-94
1181.12,00:04,2362,-80
1181.51,00:02,2363,-83
1181.54,00:03,2363,-94
1181.62,00:04,2363,-80
1182.01,00:02,2364,-83
1182.04,00:03,2364,-94
1182.12,00:04,2364,-79
1182.51,00:02,2365,-83
1182.54,00:03,2365,-94
1182.62,00:04,2365,-79
1183.01,00:02,2366,-83
1183.04,00:03,2366,-94
1183.12,00:04,2366,-79
1183.51,00:02,2367,-84
1183.54,00:03,2367,-94
1183.62,00:04,2367,-79
1184.01,00:02,2368,-84
1184.04,00:03,2368,-94
1184.12,00:04,2368,-79
1184.51,00:02,2369,-84
1184.54,00:03,2369,-94
1184.62,00:04,2369,-79
1185.02,00:02,2370,-84
1185.04,00:03,2370,-94
1185.12,00:04,2370,-79
1185.51,00:02,2371,-84
1185.54,00:03,2371,-94
1185.62,00:04,2371,-79
1186.02,00:02,2372,-84
1186.04,00:03,2372,-94
1186.12,00:04,2372,-78
1186.51,00:02,2373,-84
1186.54,00:03,2373,-93
1186.62,00:04,2373,-78
1187.01,00:02,2374,-84
1187.04,00:03,2374,-93
1187.12,00:04,2374,-78
1187.51,00:02,2375,-84
1187.54,00:03,2375,-93
1187.62,00:04,2375,-78
1188.01,00:02,2376,-84
1188.04,00:03,2376,-93
1188.12,00:04,2376,-78
1188.51,00:02,2377,-84
1188.54,00:03,2377,-93
1188.62,00:04,2377,-78
1189.01,00:02,2378,-84
1189.04,00:03,2378,-93
1189.12,00:04,2378,-78
1189.51,00:02,2379,-84
1189.54,00:03,2379,-93
1189.62,00:04,2379,-78
1190.01,00:02,2380,-84
1190.04,00:03,2380,-93
1190.12,00:04,2380,-78
1190.51,00:02,2381,-84
1190.54,00:03,2381,-93
1190.62,00:04,2381,-78
1191.02,00:02,2382,-84
1191.04,00:03,2382,-93
1191.12,00:04,2382,-78
1191.51,00:02,2383,-84
1191.54,00:03,2383,-93
1191.62,00:04,2383,-77
1192.01,00:02,2384,-85
1192.04,00:03,2384,-93
1192.12,00:04,2384,-77
1192.52,00:02,2385,-85
1192.54,00:03,2385,-93
1192.62,00:04,2385,-77
1193.01,00:02,2386,-85
1193.04,00:03,2386,-93
1193.12,00:04,2386,-77
1193.52,00:02,2387,-85
1193.54,00:03,2387,-93
1193.62,00:04,2387,-77
1194.01,00:02,2388,-85
1194.04,00:03,2388,-92
1194.12,00:04,2388,-77
1194.51,00:02,2389,-85
1194.54,00:03,2389,-92
1194.62,00:04,2389,-77
1195.01,00:02,2390,-85
1195.04,00:03,2390,-92
1195.12,00:04,2390,-77
1195.51,00:02,2391,-85
1195.54,00:03,2391,-92
1195.62,00:04,2391,-77
1196.02,00:02,2392,-85
1196.04,00:03,2392,-92
1196.12,00:04,2392,-77
1196.51,00:02,2393,-85
1196.54,00:03,2393,-92
1196.62,00:04,2393,-77
1197.01,00:02,2394,-85
1197.04,00:03,2394,-92
1197.12,00:04,2394,-77
1197.51,00:02,2395,-85
1197.54,00:03,2395,-92
1197.62,00:04,2395,-77
1198.01,00:02,2396,-85
1198.04,00:03,2396,-92
1198.12,00:04,2396,-77
1198.52,00:02,2397,-85
1198.54,00:03,2397,-92
1198.62,00:04,2397,-77
1199.01,00:02,2398,-85
1199.04,00:03,2398,-92
1199.12,00:04,2398,-77
1199.51,00:02,2399,-85
1199.54,00:03,2399,-92
1199.62,00:04,2399,-77
1200.01,00:02,2400,-86
1200.04,00:03,2400,-92
1200.12,00:04,2400,-77
1200.51,00:02,2401,-86
1200.54,00:03,2401,-92
1200.62,00:04,2401,-77
1201.01,00:02,2402,-86
1201.04,00:03,2402,-92
1201.12,00:04,2402,-77
1201.51,00:02,2403,-86
1201.54,00:03,2403,-92
1201.62,00:04,2403,-77
1202.01,00:02,2404,-86
1202.04,00:03,2404,-91
1202.12,00:04,2404,-77
1202.52,00:02,2405,-86
1202.54,00:03,2405,-91
1202.62,00:04,2405,-77
1203.01,00:02,2406,-86
1203.04,00:03,2406,-91
1203.12,00:04,2406,-78
1203.51,00:02,2407,-86
1203.54,00:03,2407,-91
1203.62,00:04,2407,-78
1204.01,00:02,2408,-86
1204.04,00:03,2408,-91
1204.12,00:04,2408,-78
1204.51,00:02,2409,-86
1204.54,00:03,2409,-91
1204.62,00:04,2409,-78
1205.01,00:02,2410,-86
1205.04,00:03,2410,-91
1205.12,00:04,2410,-78
1205.52,00:02,2411,-86
1205.54,00:03,2411,-91
1205.62,00:04,2411,-78
1206.01,00:02,2412,-86
1206.04,00:03,2412,-91
1206.12,00:04,2412,-78
1206.51,00:02,2413,-86
1206.54,00:03,2413,-91
1206.62,00:04,2413,-78
1207.01,00:02,2414,-86
1207.04,00:03,2414,-91
1207.12,00:04,2414,-78
1207.51,00:02,2415,-87
1207.54,00:03,2415,-91
1207.62,00:04,2415,-78
1208.01,00:02,2416,-87
1208.04,00:03,2416,-91
1208.12,00:04,2416,-78
1208.51,00:02,2417,-87
1208.54,00:03,2417,-91
1208.62,00:04,2417,-79
1209.02,00:02,2418,-87
1209.04,00:03,2418,-91
1209.12,00:04,2418,-79
1209.52,00:02,2419,-87
1209.54,00:03,2419,-91
1209.62,00:04,2419,-79
1210.02,00:02,2420,-87
1210.04,00:03,2420,-91
1210.12,00:04,2420,-79
1210.51,00:02,2421,-87
1210.54,00:03,2421,-90
1210.62,00:04,2421,-79
1211.01,00:02,2422,-87
1211.04,00:03,2422,-90
1211.12,00:04,2422,-79
1211.51,00:02,2423,-87
1211.54,00:03,2423,-90
1211.62,00:04,2423,-79
1212.01,00:02,2424,-87
1212.04,00:03,2424,-90
1212.12,00:04,2424,-79
1212.51,00:02,2425,-87
1212.54,00:03,2425,-90
1212.62,00:04,2425,-80
1213.01,00:02,2426,-87
1213.04,00:03,2426,-90
1213.12,00:04,2426,-80
1213.51,00:02,2427,-87
1213.54,00:03,2427,-90
1213.62,00:04,2427,-80
1214.01,00:02,2428,-87
1214.04,00:03,2428,-90
1214.12,00:04,2428,-80
1214.51,00:02,2429,-88
1214.54,00:03,2429,-90
1214.62,00:04,2429,-80
1215.01,00:02,2430,-88
1215.04,00:03,2430,-90
1215.12,00:04,2430,-80
1215.51,00:02,2431,-88
1215.54,00:03,2431,-90
1215.62,00:04,2431,-80
1216.01,00:02,2432,-88
1216.04,00:03,2432,-90
1216.12,00:04,2432,-81
1216.51,00:02,2433,-88
1216.54,00:03,2433,-90
1216.62,00:04,2433,-81
1217.01,00:02,2434,-88
1217.04,00:03,2434,-90
1217.12,00:04,2434,-81
1217.51,00:02,2435,-88
1217.54,00:03,2435,-90
1217.62,00:04,2435,-81
1218.01,00:02,2436,-88
1218.04,00:03,2436,-90
1218.12,00:04,2436,-81
1218.51,00:02,2437,-88
1218.54,00:03,2437,-90
1218.62,00:04,2437,-81
1219.01,00:02,2438,-88
1219.04,00:03,2438,-90
1219.12,00:04,2438,-82
1219.51,00:02,2439,-88
1219.54,00:03,2439,-90
1219.62,00:04,2439,-82
1220.01,00:02,2440,-88
1220.04,00:03,2440,-90
1220.12,00:04,2440,-82
1220.51,00:02,2441,-88
1220.54,00:03,2441,-89
1220.62,00:04,2441,-82
1221.01,00:02,2442,-88
1221.04,00:03,2442,-89
1221.12,00:04,2442,-82
1221.51,00:02,2443,-88
1221.54,00:03,2443,-89
1221.62,00:04,2443,-82
1222.01,00:02,2444,-89
1222.04,00:03,2444,-89
1222.12,00:04,2444,-83
1222.51,00:02,2445,-89
1222.54,00:03,2445,-89
1222.62,00:04,2445,-83
1223.01,00:02,2446,-89
1223.04,00:03,2446,-89
1223.12,00:04,2446,-83
1223.52,00:02,2447,-89
1223.54,00:03,2447,-89
1223.62,00:04,2447,-83
1224.01,00:02,2448,-89
1224.04,00:03,2448,-89
1224.12,00:04,2448,-83
1224.51,00:02,2449,-89
1224.54,00:03,2449,-89
1224.62,00:04,2449,-83
1225.01,00:02,2450,-93
1225.04,00:03,2450,-93
1225.12,00:04,2450,-87
1225.51,00:02,2451,-93
1225.54,00:03,2451,-93
1225.62,00:04,2451,-88
1226.01,00:02,2452,-93
1226.04,00:03,2452,-93
1226.12,00:04,2452,-88
1226.51,00:02,2453,-93
1226.54,00:03,2453,-93
1226.62,00:04,2453,-88
1227.01,00:02,2454,-93
1227.04,00:03,2454,-93
1227.12,00:04,2454,-88
1227.51,00:02,2455,-93
1227.54,00:03,2455,-93
1227.62,00:04,2455,-88
1228.02,00:02,2456,-93
1228.04,00:03,2456,-93
1228.12,00:04,2456,-88
1228.51,00:02,2457,-93
1228.54,00:03,2457,-93
1228.62,00:04,2457,-89
1229.01,00:02,2458,-90
1229.04,00:03,2458,-89
1229.12,00:04,2458,-85
1229.51,00:02,2459,-90
1229.54,00:03,2459,-89
1229.62,00:04,2459,-85
1230.02,00:02,2460,-90
1230.04,00:03,2460,-89
1230.12,00:04,2460,-85
1230.52,00:02,2461,-90
1230.54,00:03,2461,-89
1230.62,00:04,2461,-85
1231.01,00:02,2462,-90
1231.04,00:03,2462,-89
1231.12,00:04,2462,-85
1231.51,00:02,2463,-90
1231.54,00:03,2463,-89
1231.62,00:04,2463,-86
1232.01,00:02,2464,-90
1232.04,00:03,2464,-89
1232.12,00:04,2464,-86
1232.51,00:02,2465,-90
1232.54,00:03,2465,-89
1232.62,00:04,2465,-86
1233.01,00:02,2466,-90
1233.04,00:03,2466,-89
1233.12,00:04,2466,-86
1233.51,00:02,2467,-90
1233.54,00:03,2467,-89
1233.62,00:04,2467,-86
1234.01,00:02,2468,-90
1234.04,00:03,2468,-89
1234.12,00:04,2468,-86
1234.51,00:02,2469,-90
1234.54,00:03,2469,-89
1234.62,00:04,2469,-86
1235.01,00:02,2470,-90
1235.04,00:03,2470,-89
1235.12,00:04,2470,-87
1235.51,00:02,2471,-90
1235.54,00:03,2471,-89
1235.62,00:04,2471,-87
1236.02,00:02,2472,-90
1236.04,00:03,2472,-89
1236.12,00:04,2472,-87
1236.51,00:02,2473,-91
1236.54,00:03,2473,-89
1236.62,00:04,2473,-87
1237.02,00:02,2474,-91
1237.04,00:03,2474,-89
1237.12,00:04,2474,-87
1237.51,00:02,2475,-91
1237.54,00:03,2475,-89
1237.62,00:04,2475,-87
1238.02,00:02,2476,-91
1238.04,00:03,2476,-89
1238.12,00:04,2476,-87
1238.51,00:02,2477,-91
1238.54,00:03,2477,-89
1238.62,00:04,2477,-88
1239.02,00:02,2478,-91
1239.04,00:03,2478,-89
1239.12,00:04,2478,-88
1239.51,00:02,2479,-91
1239.54,00:03,2479,-89
1239.62,00:04,2479,-88
1240.01,00:02,2480,-91
1240.04,00:03,2480,-89
1240.12,00:04,2480,-88
1240.51,00:02,2481,-91
1240.54,00:03,2481,-89
1240.62,00:04,2481,-88
1241.01,00:02,2482,-91
1241.04,00:03,2482,-89
1241.12,00:04,2482,-88
1241.51,00:02,2483,-91
1241.54,00:03,2483,-89
1241.62,00:04,2483,-89
1242.01,00:02,2484,-91
1242.04,00:03,2484,-89
1242.12,00:04,2484,-89
1242.52,00:02,2485,-91
1242.54,00:03,2485,-89
1242.62,00:04,2485,-89
1243.01,00:02,2486,-91
1243.04,00:03,2486,-89
1243.12,00:04,2486,-88
1243.51,00:02,2487,-91
1243.54,00:03,2487,-89
1243.62,00:04,2487,-88
1244.01,00:02,2488,-91
1244.04,00:03,2488,-89
1244.12,00:04,2488,-88
1244.51,00:02,2489,-91
1244.54,00:03,2489,-89
1244.62,00:04,2489,-88
1245.01,00:02,2490,-92
1245.04,00:03,2490,-89
1245.12,00:04,2490,-88
1245.51,00:02,2491,-92
1245.54,00:03,2491,-89
1245.62,00:04,2491,-88
1246.01,00:02,2492,-92
1246.04,00:03,2492,-90
1246.12,00:04,2492,-88
1246.51,00:02,2493,-92
1246.54,00:03,2493,-90
1246.62,00:04,2493,-88
1247.01,00:02,2494,-92
1247.04,00:03,2494,-90
1247.12,00:04,2494,-88
1247.52,00:02,2495,-92
1247.54,00:03,2495,-90
1247.62,00:04,2495,-88
1248.01,00:02,2496,-92
1248.04,00:03,2496,-90
1248.12,00:04,2496,-88
1248.51,00:02,2497,-92
1248.54,00:03,2497,-90
1248.62,00:04,2497,-88
1249.02,00:02,2498,-92
1249.04,00:03,2498,-90
1249.12,00:04,2498,-87
1249.51,00:02,2499,-92
1249.54,00:03,2499,-90
1249.62,00:04,2499,-87
1250.01,00:02,2500,-91
1250.04,00:03,2500,-90
1250.12,00:04,2500,-87
1250.52,00:02,2501,-91
1250.54,00:03,2501,-90
1250.62,00:04,2501,-87
1251.01,00:02,2502,-91
1251.04,00:03,2502,-90
1251.12,00:04,2502,-87
1251.51,00:02,2503,-91
1251.54,00:03,2503,-90
1251.62,00:04,2503,-87
1252.01,00:02,2504,-91
1252.04,00:03,2504,-90
1252.12,00:04,2504,-86
1252.51,00:02,2505,-91
1252.54,00:03,2505,-90
1252.62,00:04,2505,-86
1253.01,00:02,2506,-91
1253.04,00:03,2506,-90
1253.12,00:04,2506,-86
1253.51,00:02,2507,-91
1253.54,00:03,2507,-90
1253.62,00:04,2507,-86
1254.02,00:02,2508,-91
1254.04,00:03,2508,-90
1254.12,00:04,2508,-86
1254.51,00:02,2509,-91
1254.54,00:03,2509,-90
1254.62,00:04,2509,-86
1255.01,00:02,2510,-91
1255.04,00:03,2510,-90
1255.12,00:04,2510,-85
1255.51,00:02,2511,-91
1255.54,00:03,2511,-90
1255.62,00:04,2511,-85
1256.01,00:02,2512,-91
1256.04,00:03,2512,-90
1256.12,00:04,2512,-85
1256.51,00:02,2513,-91
1256.54,00:03,2513,-90
1256.62,00:04,2513,-85
1257.01,00:02,2514,-91
1257.04,00:03,2514,-90
1257.12,00:04,2514,-85
1257.51,00:02,2515,-91
1257.54,00:03,2515,-90
1257.62,00:04,2515,-85
1258.01,00:02,2516,-90
1258.04,00:03,2516,-90
1258.12,00:04,2516,-84
1258.51,00:02,2517,-90
1258.54,00:03,2517,-90
1258.62,00:04,2517,-84
1259.01,00:02,2518,-90
1259.04,00:03,2518,-90
1259.12,00:04,2518,-84
1259.51,00:02,2519,-90
1259.54,00:03,2519,-90
1259.62,00:04,2519,-84
1260.01,00:02,2520,-90
1260.04,00:03,2520,-90
1260.12,00:04,2520,-84
1260.51,00:02,2521,-90
1260.54,00:03,2521,-90
1260.62,00:04,2521,-84
1261.01,00:02,2522,-94
1261.04,00:03,2522,-94
1261.12,00:04,2522,-87
1261.51,00:02,2523,-94
1261.54,00:03,2523,-94
1261.62,00:04,2523,-87
1262.01,00:02,2524,-94
1262.04,00:03,2524,-94
1262.12,00:04,2524,-87
1262.51,00:02,2525,-94
1262.54,00:03,2525,-94
1262.62,00:04,2525,-87
1263.02,00:02,2526,-94
1263.04,00:03,2526,-94
1263.12,00:04,2526,-87
1263.52,00:02,2527,-94
1263.54,00:03,2527,-94
1263.62,00:04,2527,-86
1264.02,00:02,2528,-94
1264.04,00:03,2528,-94
1264.12,00:04,2528,-86
1264.51,00:02,2529,-94
1264.54,00:03,2529,-94
1264.62,00:04,2529,-86
1265.01,00:02,2530,-90
1265.04,00:03,2530,-90
1265.12,00:04,2530,-82
1265.51,00:02,2531,-89
1265.54,00:03,2531,-90
1265.62,00:04,2531,-82
1266.01,00:02,2532,-89
1266.04,00:03,2532,-90
1266.12,00:04,2532,-81
1266.51,00:02,2533,-89
1266.54,00:03,2533,-90
1266.62,00:04,2533,-81
1267.01,00:02,2534,-89
1267.04,00:03,2534,-90
1267.12,00:04,2534,-81
1267.51,00:02,2535,-89
1267.54,00:03,2535,-91
1267.62,00:04,2535,-81
1268.02,00:02,2536,-89
1268.04,00:03,2536,-91
1268.12,00:04,2536,-81
1268.51,00:02,2537,-89
1268.54,00:03,2537,-91
1268.62,00:04,2537,-80
1269.01,00:02,2538,-89
1269.04,00:03,2538,-91
1269.12,00:04,2538,-80
1269.51,00:02,2539,-89
1269.54,00:03,2539,-91
1269.62,00:04,2539,-80
1270.02,00:02,2540,-89
1270.04,00:03,2540,-91
1270.12,00:04,2540,-80
1270.51,00:02,2541,-89
1270.54,00:03,2541,-91
1270.62,00:04,2541,-80
1271.01,00:02,2542,-89
1271.04,00:03,2542,-91
1271.12,00:04,2542,-80
1271.51,00:02,2543,-89
1271.54,00:03,2543,-91
1271.62,00:04,2543,-79
1272.01,00:02,2544,-89
1272.04,00:03,2544,-91
1272.12,00:04,2544,-79
1272.51,00:02,2545,-89
1272.54,00:03,2545,-91
1272.62,00:04,2545,-79
1273.01,00:02,2546,-89
1273.04,00:03,2546,-91
1273.12,00:04,2546,-79
1273.51,00:02,2547,-88
1273.54,00:03,2547,-91
1273.62,00:04,2547,-79
1274.01,00:02,2548,-88
1274.04,00:03,2548,-91
1274.12,00:04,2548,-78
1274.51,00:02,2549,-88
1274.54,00:03,2549,-91
1274.62,00:04,2549,-78
1275.02,00:02,2550,-88
1275.04,00:03,2550,-91
1275.12,00:04,2550,-78
1275.51,00:02,2551,-88
1275.54,00:03,2551,-91
1275.62,00:04,2551,-78
1276.01,00:02,2552,-88
1276.04,00:03,2552,-91
1276.12,00:04,2552,-78
1276.51,00:02,2553,-88
1276.54,00:03,2553,-91
1276.62,00:04,2553,-77
1277.01,00:02,2554,-88
1277.04,00:03,2554,-91
1277.12,00:04,2554,-77
1277.51,00:02,2555,-88
1277.54,00:03,2555,-91
1277.62,00:04,2555,-77
1278.02,00:02,2556,-88
1278.04,00:03,2556,-91
1278.12,00:04,2556,-77
1278.52,00:02,2557,-88
1278.54,00:03,2557,-91
1278.62,00:04,2557,-77
1279.01,00:02,2558,-88
1279.04,00:03,2558,-91
1279.12,00:04,2558,-76
1279.51,00:02,2559,-88
1279.54,00:03,2559,-92
1279.62,00:04,2559,-76
1280.01,00:02,2560,-88
1280.04,00:03,2560,-92
1280.12,00:04,2560,-76
1280.52,00:02,2561,-88
1280.54,00:03,2561,-92
1280.62,00:04,2561,-76
1281.02,00:02,2562,-88
1281.04,00:03,2562,-92
1281.12,00:04,2562,-76
1281.51,00:02,2563,-87
1281.54,00:03,2563,-92
1281.62,00:04,2563,-76
1282.01,00:02,2564,-87
1282.04,00:03,2564,-92
1282.12,00:04,2564,-75
1282.51,00:02,2565,-87
1282.54,00:03,2565,-92
1282.62,00:04,2565,-75
1283.01,00:02,2566,-87
1283.04,00:03,2566,-92
1283.12,00:04,2566,-75
1283.52,00:02,2567,-87
1283.54,00:03,2567,-92
1283.62,00:04,2567,-75
1284.02,00:02,2568,-87
1284.04,00:03,2568,-92
1284.12,00:04,2568,-75
1284.51,00:02,2569,-87
1284.54,00:03,2569,-92
1284.62,00:04,2569,-75
1285.01,00:02,2570,-87
1285.04,00:03,2570,-92
1285.12,00:04,2570,-75
1285.51,00:02,2571,-87
1285.54,00:03,2571,-92
1285.62,00:04,2571,-75
1286.01,00:02,2572,-87
1286.04,00:03,2572,-92
1286.12,00:04,2572,-74
1286.51,00:02,2573,-87
1286.54,00:03,2573,-92
1286.62,00:04,2573,-74
1287.01,00:02,2574,-87
1287.04,00:03,2574,-92
1287.12,00:04,2574,-74
1287.51,00:02,2575,-87
1287.54,00:03,2575,-92
1287.62,00:04,2575,-74
1288.02,00:02,2576,-87
1288.04,00:03,2576,-92
1288.12,00:04,2576,-74
1288.51,00:02,2577,-87
1288.54,00:03,2577,-92
1288.62,00:04,2577,-74
1289.02,00:02,2578,-87
1289.04,00:03,2578,-93
1289.12,00:04,2578,-74
1289.51,00:02,2579,-86
1289.54,00:03,2579,-93
1289.62,00:04,2579,-74
1290.01,00:02,2580,-86
1290.04,00:03,2580,-93
1290.12,00:04,2580,-74
1290.52,00:02,2581,-86
1290.54,00:03,2581,-93
1290.62,00:04,2581,-74
1291.02,00:02,2582,-86
1291.04,00:03,2582,-93
1291.12,00:04,2582,-74
1291.51,00:02,2583,-86
1291.54,00:03,2583,-93
1291.62,00:04,2583,-74
1292.01,00:02,2584,-86
1292.04,00:03,2584,-93
1292.12,00:04,2584,-74
1292.52,00:02,2585,-86
1292.54,00:03,2585,-93
1292.62,00:04,2585,-74
1293.01,00:02,2586,-86
1293.04,00:03,2586,-93
1293.12,00:04,2586,-74
1293.51,00:02,2587,-86
1293.54,00:03,2587,-93
1293.62,00:04,2587,-74
1294.02,00:02,2588,-86
1294.04,00:03,2588,-93
1294.12,00:04,2588,-74
1294.51,00:02,2589,-86
1294.54,00:03,2589,-93
1294.62,00:04,2589,-74
1295.01,00:02,2590,-86
1295.04,00:03,2590,-93
1295.12,00:04,2590,-74
1295.51,00:02,2591,-86
1295.54,00:03,2591,-93
1295.62,00:04,2591,-74
1296.01,00:02,2592,-86
1296.04,00:03,2592,-93
1296.12,00:04,2592,-74
1296.51,00:02,2593,-86
1296.54,00:03,2593,-93
1296.62,00:04,2593,-74
1297.02,00:02,2594,-86
1297.04,00:03,2594,-93
1297.12,00:04,2594,-74
1297.52,00:02,2595,-86
1297.54,00:03,2595,-94
1297.62,00:04,2595,-74
1298.01,00:02,2596,-85
1298.04,00:03,2596,-94
1298.12,00:04,2596,-74
1298.51,00:02,2597,-85
1298.54,00:03,2597,-94
1298.62,00:04,2597,-74
1299.01,00:02,2598,-85
1299.04,00:03,2598,-94
1299.12,00:04,2598,-74
1299.51,00:02,2599,-85
1299.54,00:03,2599,-94
1299.62,00:04,2599,-74
1300.01,00:02,2600,-85
1300.04,00:03,2600,-94
1300.12,00:04,2600,-74
1300.51,00:02,2601,-85
1300.54,00:03,2601,-94
1300.62,00:04,2601,-75
1301.01,00:02,2602,-85
1301.04,00:03,2602,-94
1301.12,00:04,2602,-75
1301.51,00:02,2603,-85
1301.54,00:03,2603,-94
1301.62,00:04,2603,-75
1302.02,00:02,2604,-85
1302.04,00:03,2604,-94
1302.12,00:04,2604,-75
1302.51,00:02,2605,-85
1302.54,00:03,2605,-94
1302.62,00:04,2605,-75
1303.01,00:02,2606,-85
1303.04,00:03,2606,-94
1303.12,00:04,2606,-75
1303.52,00:02,2607,-85
1303.54,00:03,2607,-94
1303.62,00:04,2607,-75
1304.02,00:02,2608,-85
1304.04,00:03,2608,-94
1304.12,00:04,2608,-76
1304.51,00:02,2609,-85
1304.54,00:03,2609,-94
1304.62,00:04,2609,-76
1305.02,00:02,2610,-85
1305.04,00:03,2610,-94
1305.12,00:04,2610,-76
1305.52,00:02,2611,-85
1305.54,00:03,2611,-95
1305.62,00:04,2611,-76
1306.01,00:02,2612,-85
1306.04,00:03,2612,-95
1306.12,00:04,2612,-76
1306.51,00:02,2613,-85
1306.54,00:03,2613,-95
1306.62,00:04,2613,-76
1307.01,00:02,2614,-85
1307.04,00:03,2614,-95
1307.12,00:04,2614,-77
1307.52,00:02,2615,-84
1307.54,00:03,2615,-95
1307.62,00:04,2615,-77
1308.02,00:02,2616,-84
1308.04,00:03,2616,-95
1308.12,00:04,2616,-77
1308.51,00:02,2617,-84
1308.54,00:03,2617,-95
1308.62,00:04,2617,-77
1309.02,00:02,2618,-84
1309.04,00:03,2618,-95
1309.12,00:04,2618,-77
1309.51,00:02,2619,-84
1309.54,00:03,2619,-95
1309.62,00:04,2619,-77
1310.01,00:02,2620,-84
1310.04,00:03,2620,-95
1310.12,00:04,2620,-78
1310.51,00:02,2621,-84
1310.54,00:03,2621,-95
1310.62,00:04,2621,-78
1311.02,00:02,2622,-84
1311.04,00:03,2622,-95
1311.12,00:04,2622,-78
1311.51,00:02,2623,-84
1311.54,00:03,2623,-95
1311.62,00:04,2623,-78
1312.02,00:02,2624,-84
1312.04,00:03,2624,-95
1312.12,00:04,2624,-78
1312.51,00:02,2625,-84
1312.54,00:03,2625,-95
1312.62,00:04,2625,-79
1313.01,00:02,2626,-84
1313.04,00:03,2626,-95
1313.12,00:04,2626,-79
1313.51,00:02,2627,-84
1313.54,00:03,2627,-96
1313.62,00:04,2627,-79
1314.01,00:02,2628,-84
1314.04,00:03,2628,-96
1314.12,00:04,2628,-79
1314.52,00:02,2629,-84
1314.54,00:03,2629,-96
1314.62,00:04,2629,-79
1315.01,00:02,2630,-84
1315.04,00:03,2630,-96
1315.12,00:04,2630,-80
1315.52,00:02,2631,-84
1315.54,00:03,2631,-96
1315.62,00:04,2631,-80
1316.01,00:02,2632,-84
1316.04,00:03,2632,-96
1316.12,00:04,2632,-80
1316.51,00:02,2633,-84
1316.54,00:03,2633,-96
1316.62,00:04,2633,-80
1317.01,00:02,2634,-84
1317.04,00:03,2634,-96
1317.12,00:04,2634,-80
1317.52,00:02,2635,-84
1317.54,00:03,2635,-96
1317.62,00:04,2635,-81
1318.01,00:02,2636,-84
1318.04,00:03,2636,-96
1318.12,00:04,2636,-81
1318.51,00:02,2637,-84
1318.54,00:03,2637,-96
1318.62,00:04,2637,-81
1319.01,00:02,2638,-84
1319.04,00:03,2638,-96
1319.12,00:04,2638,-81
1319.51,00:02,2639,-84
1319.54,00:03,2639,-96
1319.62,00:04,2639,-81
1320.01,00:02,2640,-83
1320.04,00:03,2640,-96
1320.12,00:04,2640,-82
1320.51,00:02,2641,-83
1320.54,00:03,2641,-96
1320.62,00:04,2641,-82
1321.02,00:02,2642,-83
1321.04,00:03,2642,-96
1321.12,00:04,2642,-82
1321.51,00:02,2643,-83
1321.54,00:03,2643,-97
1321.62,00:04,2643,-82
1322.01,00:02,2644,-83
1322.04,00:03,2644,-97
1322.12,00:04,2644,-82
1322.51,00:02,2645,-83
1322.54,00:03,2645,-97
1322.62,00:04,2645,-83
1323.01,00:02,2646,-83
1323.04,00:03,2646,-97
1323.12,00:04,2646,-83
1323.51,00:02,2647,-83
1323.54,00:03,2647,-97
1323.62,00:04,2647,-83
1324.01,00:02,2648,-83
1324.04,00:03,2648,-97
1324.12,00:04,2648,-83
1324.51,00:02,2649,-83
1324.54,00:03,2649,-97
1324.62,00:04,2649,-83
1325.01,00:02,2650,-83
1325.04,00:03,2650,-97
1325.12,00:04,2650,-83
1325.51,00:02,2651,-83
1325.54,00:03,2651,-97
1325.62,00:04,2651,-84
1326.02,00:02,2652,-83
1326.04,00:03,2652,-97
1326.12,00:04,2652,-84
1326.51,00:02,2653,-83
1326.54,00:03,2653,-97
1326.62,00:04,2653,-84
1327.01,00:02,2654,-83
1327.04,00:03,2654,-97
1327.12,00:04,2654,-84
1327.52,00:02,2655,-83
1327.54,00:03,2655,-97
1327.62,00:04,2655,-84
1328.01,00:02,2656,-83
1328.04,00:03,2656,-97
1328.12,00:04,2656,-85
1328.51,00:02,2657,-83
1328.54,00:03,2657,-97
1328.62,00:04,2657,-85
1329.01,00:02,2658,-83
1329.04,00:03,2658,-98
1329.12,00:04,2658,-85
1329.52,00:02,2659,-83
1329.54,00:03,2659,-98
1329.62,00:04,2659,-85
1330.01,00:02,2660,-83
1330.04,00:03,2660,-98
1330.12,00:04,2660,-85
1330.52,00:02,2661,-83
1330.54,00:03,2661,-98
1330.62,00:04,2661,-85
1331.02,00:02,2662,-83
1331.04,00:03,2662,-98
1331.12,00:04,2662,-86
1331.51,00:02,2663,-83
1331.54,00:03,2663,-98
1331.62,00:04,2663,-86
1332.02,00:02,2664,-83
1332.04,00:03,2664,-98
1332.12,00:04,2664,-86
1332.52,00:02,2665,-83
1332.54,00:03,2665,-98
1332.62,00:04,2665,-86
1333.01,00:02,2666,-83
1333.04,00:03,2666,-98
1333.12,00:04,2666,-86
1333.51,00:02,2667,-83
1333.54,00:03,2667,-98
1333.62,00:04,2667,-86
1334.01,00:02,2668,-83
1334.04,00:03,2668,-98
1334.12,00:04,2668,-87
1334.52,00:02,2669,-83
1334.54,00:03,2669,-98
1334.62,00:04,2669,-87
1335.01,00:02,2670,-83
1335.04,00:03,2670,-98
1335.12,00:04,2670,-87
1335.52,00:02,2671,-83
1335.54,00:03,2671,-98
1335.62,00:04,2671,-87
1336.02,00:02,2672,-83
1336.04,00:03,2672,-98
1336.12,00:04,2672,-87
1336.51,00:02,2673,-83
1336.54,00:03,2673,-98
1336.62,00:04,2673,-87
1337.01,00:02,2674,-83
1337.04,00:03,2674,-99
1337.12,00:04,2674,-88
1337.51,00:02,2675,-83
1337.54,00:03,2675,-99
1337.62,00:04,2675,-88
1338.01,00:02,2676,-83
1338.04,00:03,2676,-99
1338.12,00:04,2676,-88
1338.52,00:02,2677,-83
1338.54,00:03,2677,-99
1338.62,00:04,2677,-88
1339.01,00:02,2678,-83
1339.04,00:03,2678,-99
1339.12,00:04,2678,-88
1339.52,00:02,2679,-83
1339.54,00:03,2679,-99
1339.62,00:04,2679,-88
1340.02,00:02,2680,-83
1340.04,00:03,2680,-99
1340.12,00:04,2680,-87
1340.52,00:02,2681,-84
1340.54,00:03,2681,-99
1340.62,00:04,2681,-87
1341.01,00:02,2682,-84
1341.04,00:03,2682,-99
1341.12,00:04,2682,-87
1341.51,00:02,2683,-84
1341.54,00:03,2683,-99
1341.62,00:04,2683,-87
1342.01,00:02,2684,-84
1342.04,00:03,2684,-99
1342.12,00:04,2684,-87
1342.51,00:02,2685,-84
1342.54,00:03,2685,-99
1342.62,00:04,2685,-87
1343.02,00:02,2686,-84
1343.04,00:03,2686,-99
1343.12,00:04,2686,-87
1343.51,00:02,2687,-84
1343.54,00:03,2687,-99
1343.62,00:04,2687,-87
1344.01,00:02,2688,-84
1344.04,00:03,2688,-99
1344.12,00:04,2688,-87
1344.52,00:02,2689,-84
1344.54,00:03,2689,-99
1344.62,00:04,2689,-87
1345.01,00:02,2690,-84
1345.04,00:03,2690,-99
1345.12,00:04,2690,-87
1345.51,00:02,2691,-84
1345.54,00:03,2691,-99
1345.62,00:04,2691,-87
1346.02,00:02,2692,-84
1346.04,00:03,2692,-99
1346.12,00:04,2692,-86
1346.51,00:02,2693,-84
1346.54,00:03,2693,-99
1346.62,00:04,2693,-86
1347.01,00:02,2694,-91
1347.04,00:03,2694,-106
1347.12,00:04,2694,-93
1347.52,00:02,2695,-91
1347.54,00:03,2695,-106
1347.62,00:04,2695,-93
1348.01,00:02,2696,-91
1348.04,00:03,2696,-106
1348.12,00:04,2696,-93
1348.51,00:02,2697,-91
1348.54,00:03,2697,-106
1348.62,00:04,2697,-92
1349.01,00:02,2698,-91
1349.04,00:03,2698,-106
1349.12,00:04,2698,-92
1349.52,00:02,2699,-91
1349.54,00:03,2699,-105
1349.62,00:04,2699,-92
1350.01,00:02,2700,-91
1350.04,00:03,2700,-105
1350.12,00:04,2700,-92
1350.52,00:02,2701,-91
1350.54,00:03,2701,-105
1350.62,00:04,2701,-92
1351.02,00:02,2702,-91
1351.04,00:03,2702,-105
1351.12,00:04,2702,-92
1351.52,00:02,2703,-91
1351.54,00:03,2703,-105
1351.62,00:04,2703,-91
1352.02,00:02,2704,-91
1352.04,00:03,2704,-105
1352.12,00:04,2704,-91
1352.51,00:02,2705,-91
1352.54,00:03,2705,-105
1352.62,00:04,2705,-91
1353.02,00:02,2706,-91
1353.04,00:03,2706,-105
1353.12,00:04,2706,-91
1353.51,00:02,2707,-91
1353.54,00:03,2707,-105
1353.62,00:04,2707,-91
1354.02,00:02,2708,-91
1354.04,00:03,2708,-105
1354.12,00:04,2708,-90
1354.52,00:02,2709,-91
1354.54,00:03,2709,-105
1354.62,00:04,2709,-90
1355.02,00:02,2710,-91
1355.04,00:03,2710,-105
1355.12,00:04,2710,-90
1355.52,00:02,2711,-91
1355.54,00:03,2711,-105
1355.62,00:04,2711,-90
1356.01,00:02,2712,-91
1356.04,00:03,2712,-105
1356.12,00:04,2712,-90
1356.51,00:02,2713,-91
1356.54,00:03,2713,-105
1356.62,00:04,2713,-89
1357.01,00:02,2714,-91
1357.04,00:03,2714,-105
1357.12,00:04,2714,-89
1357.52,00:02,2715,-91
1357.54,00:03,2715,-104
1357.62,00:04,2715,-89
1358.01,00:02,2716,-91
1358.04,00:03,2716,-104
1358.12,00:04,2716,-89
1358.52,00:02,2717,-91
1358.54,00:03,2717,-104
1358.62,00:04,2717,-89
1359.02,00:02,2718,-84
1359.04,00:03,2718,-97
1359.12,00:04,2718,-81
1359.52,00:02,2719,-85
1359.54,00:03,2719,-97
1359.62,00:04,2719,-81
1360.01,00:02,2720,-85
1360.04,00:03,2720,-97
1360.12,00:04,2720,-81
1360.52,00:02,2721,-85
1360.54,00:03,2721,-97
1360.62,00:04,2721,-81
1361.02,00:02,2722,-85
1361.04,00:03,2722,-97
1361.12,00:04,2722,-80
1361.52,00:02,2723,-85
1361.54,00:03,2723,-97
1361.62,00:04,2723,-80
1362.01,00:02,2724,-85
1362.04,00:03,2724,-97
1362.12,00:04,2724,-80
1362.52,00:02,2725,-85
1362.54,00:03,2725,-97
1362.62,00:04,2725,-80
1363.01,00:02,2726,-85
1363.04,00:03,2726,-97
1363.12,00:04,2726,-79
1363.51,00:02,2727,-85
1363.54,00:03,2727,-97
1363.62,00:04,2727,-79
1364.01,00:02,2728,-85
1364.04,00:03,2728,-97
1364.12,00:04,2728,-79
1364.51,00:02,2729,-85
1364.54,00:03,2729,-97
1364.62,00:04,2729,-79
1365.01,00:02,2730,-85
1365.04,00:03,2730,-97
1365.12,00:04,2730,-79
1365.51,00:02,2731,-85
1365.54,00:03,2731,-97
1365.62,00:04,2731,-78
1366.02,00:02,2732,-85
1366.04,00:03,2732,-96
1366.12,00:04,2732,-78
1366.51,00:02,2733,-85
1366.54,00:03,2733,-96
1366.62,00:04,2733,-78
1367.01,00:02,2734,-85
1367.04,00:03,2734,-96
1367.12,00:04,2734,-78
1367.52,00:02,2735,-85
1367.54,00:03,2735,-96
1367.62,00:04,2735,-77
1368.01,00:02,2736,-85
1368.04,00:03,2736,-96
1368.12,00:04,2736,-77
1368.51,00:02,2737,-85
1368.54,00:03,2737,-96
1368.62,00:04,2737,-77
1369.01,00:02,2738,-85
1369.04,00:03,2738,-96
1369.12,00:04,2738,-77
1369.52,00:02,2739,-85
1369.54,00:03,2739,-96
1369.62,00:04,2739,-76
1370.01,00:02,2740,-85
1370.04,00:03,2740,-96
1370.12,00:04,2740,-76
1370.51,00:02,2741,-85
1370.54,00:03,2741,-96
1370.62,00:04,2741,-76
1371.01,00:02,2742,-85
1371.04,00:03,2742,-96
1371.12,00:04,2742,-76
1371.52,00:02,2743,-85
1371.54,00:03,2743,-96
1371.62,00:04,2743,-75
1372.02,00:02,2744,-85
1372.04,00:03,2744,-96
1372.12,00:04,2744,-75
1372.51,00:02,2745,-85
1372.54,00:03,2745,-96
1372.62,00:04,2745,-75
1373.02,00:02,2746,-85
1373.04,00:03,2746,-96
1373.12,00:04,2746,-75
1373.52,00:02,2747,-85
1373.54,00:03,2747,-96
1373.62,00:04,2747,-74
1374.02,00:02,2748,-85
1374.04,00:03,2748,-96
1374.12,00:04,2748,-74
1374.52,00:02,2749,-86
1374.54,00:03,2749,-95
1374.62,00:04,2749,-74
1375.01,00:02,2750,-86
1375.04,00:03,2750,-95
1375.12,00:04,2750,-74
1375.52,00:02,2751,-86
1375.54,00:03,2751,-95
1375.62,00:04,2751,-73
1376.01,00:02,2752,-86
1376.04,00:03,2752,-95
1376.12,00:04,2752,-73
1376.52,00:02,2753,-86
1376.54,00:03,2753,-95
1376.62,00:04,2753,-73
1377.02,00:02,2754,-86
1377.04,00:03,2754,-95
1377.12,00:04,2754,-73
1377.52,00:02,2755,-86
1377.54,00:03,2755,-95
1377.62,00:04,2755,-72
1378.01,00:02,2756,-86
1378.04,00:03,2756,-95
1378.12,00:04,2756,-72
1378.51,00:02,2757,-86
1378.54,00:03,2757,-95
1378.62,00:04,2757,-72
1379.01,00:02,2758,-86
1379.04,00:03,2758,-95
1379.12,00:04,2758,-72
1379.51,00:02,2759,-86
1379.54,00:03,2759,-95
1379.62,00:04,2759,-71
1380.01,00:02,2760,-86
1380.04,00:03,2760,-95
1380.12,00:04,2760,-71
1380.51,00:02,2761,-86
1380.54,00:03,2761,-95
1380.62,00:04,2761,-71
1381.02,00:02,2762,-86
1381.04,00:03,2762,-95
1381.12,00:04,2762,-71
1381.52,00:02,2763,-86
1381.54,00:03,2763,-95
1381.62,00:04,2763,-71
1382.01,00:02,2764,-86
1382.04,00:03,2764,-95
1382.12,00:04,2764,-70
1382.52,00:02,2765,-86
1382.54,00:03,2765,-95
1382.62,00:04,2765,-70
1383.02,00:02,2766,-86
1383.04,00:03,2766,-95
1383.12,00:04,2766,-70
1383.52,00:02,2767,-86
1383.54,00:03,2767,-94
1383.62,00:04,2767,-70
1384.02,00:02,2768,-86
1384.04,00:03,2768,-94
1384.12,00:04,2768,-70
1384.52,00:02,2769,-86
1384.54,00:03,2769,-94
1384.62,00:04,2769,-70
1385.01,00:02,2770,-87
1385.04,00:03,2770,-94
1385.12,00:04,2770,-70
1385.52,00:02,2771,-87
1385.54,00:03,2771,-94
1385.62,00:04,2771,-70
1386.01,00:02,2772,-87
1386.04,00:03,2772,-94
1386.12,00:04,2772,-70
1386.52,00:02,2773,-87
1386.54,00:03,2773,-94
1386.62,00:04,2773,-70
1387.01,00:02,2774,-87
1387.04,00:03,2774,-94
1387.12,00:04,2774,-70
1387.51,00:02,2775,-87
1387.54,00:03,2775,-94
1387.62,00:04,2775,-70
1388.02,00:02,2776,-87
1388.04,00:03,2776,-94
1388.12,00:04,2776,-70
1388.51,00:02,2777,-87
1388.54,00:03,2777,-94
1388.62,00:04,2777,-70
1389.01,00:02,2778,-87
1389.04,00:03,2778,-94
1389.12,00:04,2778,-70
1389.52,00:02,2779,-87
1389.54,00:03,2779,-94
1389.62,00:04,2779,-70
1390.01,00:02,2780,-87
1390.04,00:03,2780,-94
1390.12,00:04,2780,-70
1390.52,00:02,2781,-87
1390.54,00:03,2781,-94
1390.62,00:04,2781,-70
1391.01,00:02,2782,-87
1391.04,00:03,2782,-94
1391.12,00:04,2782,-70
1391.52,00:02,2783,-87
1391.54,00:03,2783,-94
1391.62,00:04,2783,-70
1392.02,00:02,2784,-87
1392.04,00:03,2784,-94
1392.12,00:04,2784,-70
1392.51,00:02,2785,-87
1392.54,00:03,2785,-93
1392.62,00:04,2785,-70
1393.01,00:02,2786,-87
1393.04,00:03,2786,-93
1393.12,00:04,2786,-70
1393.52,00:02,2787,-87
1393.54,00:03,2787,-93
1393.62,00:04,2787,-70
1394.01,00:02,2788,-87
1394.04,00:03,2788,-93
1394.12,00:04,2788,-70
1394.52,00:02,2789,-88
1394.54,00:03,2789,-93
1394.62,00:04,2789,-70
1395.02,00:02,2790,-88
1395.04,00:03,2790,-93
1395.12,00:04,2790,-70
1395.51,00:02,2791,-88
1395.54,00:03,2791,-93
1395.62,00:04,2791,-70
1396.01,00:02,2792,-88
1396.04,00:03,2792,-93
1396.12,00:04,2792,-71
1396.52,00:02,2793,-88
1396.54,00:03,2793,-93
1396.62,00:04,2793,-71
1397.02,00:02,2794,-88
1397.04,00:03,2794,-93
1397.12,00:04,2794,-71
1397.52,00:02,2795,-88
1397.54,00:03,2795,-93
1397.62,00:04,2795,-71
1398.02,00:02,2796,-88
1398.04,00:03,2796,-93
1398.12,00:04,2796,-71
1398.52,00:02,2797,-88
1398.54,00:03,2797,-93
1398.62,00:04,2797,-72
1399.02,00:02,2798,-88
1399.04,00:03,2798,-93
1399.12,00:04,2798,-72
1399.51,00:02,2799,-88
1399.54,00:03,2799,-93
1399.62,00:04,2799,-72
1400.02,00:02,2800,-88
1400.04,00:03,2800,-93
1400.12,00:04,2800,-72
1400.51,00:02,2801,-88
1400.54,00:03,2801,-93
1400.62,00:04,2801,-72
1401.02,00:02,2802,-88
1401.04,00:03,2802,-93
1401.12,00:04,2802,-73
1401.52,00:02,2803,-88
1401.54,00:03,2803,-93
1401.62,00:04,2803,-73
1402.02,00:02,2804,-88
1402.04,00:03,2804,-93
1402.12,00:04,2804,-73
1402.52,00:02,2805,-88
1402.54,00:03,2805,-93
1402.62,00:04,2805,-73
1403.01,00:02,2806,-89
1403.04,00:03,2806,-93
1403.12,00:04,2806,-74
1403.52,00:02,2807,-89
1403.54,00:03,2807,-92
1403.62,00:04,2807,-74
1404.02,00:02,2808,-89
1404.04,00:03,2808,-92
1404.12,00:04,2808,-74
1404.52,00:02,2809,-89
1404.54,00:03,2809,-92
1404.62,00:04,2809,-74
1405.01,00:02,2810,-89
1405.04,00:03,2810,-92
1405.12,00:04,2810,-75
1405.52,00:02,2811,-89
1405.54,00:03,2811,-92
1405.62,00:04,2811,-75
1406.02,00:02,2812,-89
1406.04,00:03,2812,-92
1406.12,00:04,2812,-75
1406.51,00:02,2813,-89
1406.54,00:03,2813,-92
1406.62,00:04,2813,-75
1407.02,00:02,2814,-89
1407.04,00:03,2814,-92
1407.12,00:04,2814,-76
1407.51,00:02,2815,-89
1407.54,00:03,2815,-92
1407.62,00:04,2815,-76
1408.01,00:02,2816,-89
1408.04,00:03,2816,-92
1408.12,00:04,2816,-76
1408.52,00:02,2817,-89
1408.54,00:03,2817,-92
1408.62,00:04,2817,-76
1409.01,00:02,2818,-89
1409.04,00:03,2818,-92
1409.12,00:04,2818,-77
1409.51,00:02,2819,-89
1409.54,00:03,2819,-92
1409.62,00:04,2819,-77
1410.01,00:02,2820,-89
1410.04,00:03,2820,-92
1410.12,00:04,2820,-77
1410.51,00:02,2821,-89
1410.54,00:03,2821,-92
1410.62,00:04,2821,-77
1411.02,00:02,2822,-89
1411.04,00:03,2822,-92
1411.12,00:04,2822,-78
1411.52,00:02,2823,-90
1411.54,00:03,2823,-92
1411.62,00:04,2823,-78
1412.01,00:02,2824,-90
1412.04,00:03,2824,-92
1412.12,00:04,2824,-78
1412.52,00:02,2825,-90
1412.54,00:03,2825,-92
1412.62,00:04,2825,-78
1413.01,00:02,2826,-90
1413.04,00:03,2826,-92
1413.12,00:04,2826,-79
1413.51,00:02,2827,-90
1413.54,00:03,2827,-92
1413.62,00:04,2827,-79
1414.02,00:02,2828,-90
1414.04,00:03,2828,-92
1414.12,00:04,2828,-79
1414.52,00:02,2829,-90
1414.54,00:03,2829,-92
1414.62,00:04,2829,-79
1415.02,00:02,2830,-97
1415.04,00:03,2830,-99
1415.12,00:04,2830,-87
1415.52,00:02,2831,-97
1415.54,00:03,2831,-99
1415.62,00:04,2831,-87
1416.01,00:02,2832,-97
1416.04,00:03,2832,-99
1416.12,00:04,2832,-87
1416.52,00:02,2833,-97
1416.54,00:03,2833,-99
1416.62,00:04,2833,-87
1417.02,00:02,2834,-97
1417.04,00:03,2834,-99
1417.12,00:04,2834,-88
1417.51,00:02,2835,-97
1417.54,00:03,2835,-99
1417.62,00:04,2835,-88
1418.01,00:02,2836,-97
1418.04,00:03,2836,-98
1418.12,00:04,2836,-88
1418.52,00:02,2837,-97
1418.54,00:03,2837,-98
1418.62,00:04,2837,-88
1419.02,00:02,2838,-97
1419.04,00:03,2838,-98
1419.12,00:04,2838,-88
1419.51,00:02,2839,-97
1419.54,00:03,2839,-98
1419.62,00:04,2839,-89
1420.02,00:02,2840,-98
1420.04,00:03,2840,-98
1420.12,00:04,2840,-89
1420.52,00:02,2841,-98
1420.54,00:03,2841,-98
1420.62,00:04,2841,-89
1421.02,00:02,2842,-98
1421.04,00:03,2842,-98
1421.12,00:04,2842,-89
1421.52,00:02,2843,-98
1421.54,00:03,2843,-98
1421.62,00:04,2843,-89
1422.02,00:02,2844,-98
1422.04,00:03,2844,-98
1422.12,00:04,2844,-90
1422.51,00:02,2845,-98
1422.54,00:03,2845,-98
1422.62,00:04,2845,-90
1423.01,00:02,2846,-98
1423.04,00:03,2846,-98
1423.12,00:04,2846,-90
1423.52,00:02,2847,-98
1423.54,00:03,2847,-98
1423.62,00:04,2847,-90
1424.01,00:02,2848,-98
1424.04,00:03,2848,-98
1424.12,00:04,2848,-90
1424.52,00:02,2849,-98
1424.54,00:03,2849,-98
1424.62,00:04,2849,-91
1425.02,00:02,2850,-98
1425.04,00:03,2850,-98
1425.12,00:04,2850,-91
1425.51,00:02,2851,-98
1425.54,00:03,2851,-98
1425.62,00:04,2851,-91
1426.02,00:02,2852,-98
1426.04,00:03,2852,-98
1426.12,00:04,2852,-91
1426.52,00:02,2853,-98
1426.54,00:03,2853,-98
1426.62,00:04,2853,-91
1427.02,00:02,2854,-98
1427.04,00:03,2854,-98
1427.12,00:04,2854,-92
1427.51,00:02,2855,-98
1427.54,00:03,2855,-98
1427.62,00:04,2855,-92
1428.01,00:02,2856,-98
1428.04,00:03,2856,-98
1428.12,00:04,2856,-92
1428.52,00:02,2857,-99
1428.54,00:03,2857,-98
1428.62,00:04,2857,-92
1429.02,00:02,2858,-99
1429.04,00:03,2858,-98
1429.12,00:04,2858,-92
1429.51,00:02,2859,-99
1429.54,00:03,2859,-98
1429.62,00:04,2859,-93
1430.01,00:02,2860,-99
1430.04,00:03,2860,-98
1430.12,00:04,2860,-93
1430.52,00:02,2861,-99
1430.54,00:03,2861,-98
1430.62,00:04,2861,-93
1431.02,00:02,2862,-92
1431.04,00:03,2862,-91
1431.12,00:04,2862,-86
1431.52,00:02,2863,-92
1431.54,00:03,2863,-91
1431.62,00:04,2863,-86
1432.02,00:02,2864,-92
1432.04,00:03,2864,-91
1432.12,00:04,2864,-86
1432.52,00:02,2865,-92
1432.54,00:03,2865,-91
1432.62,00:04,2865,-87
1433.02,00:02,2866,-92
1433.04,00:03,2866,-91
1433.12,00:04,2866,-87
1433.51,00:02,2867,-92
1433.54,00:03,2867,-91
1433.62,00:04,2867,-87
1434.02,00:02,2868,-92
1434.04,00:03,2868,-91
1434.12,00:04,2868,-87
1434.51,00:02,2869,-92
1434.54,00:03,2869,-91
1434.62,00:04,2869,-87
1435.02,00:02,2870,-92
1435.04,00:03,2870,-91
1435.12,00:04,2870,-87
1435.51,00:02,2871,-92
1435.54,00:03,2871,-91
1435.62,00:04,2871,-87
1436.02,00:02,2872,-92
1436.04,00:03,2872,-92
1436.12,00:04,2872,-87
1436.52,00:02,2873,-92
1436.54,00:03,2873,-92
1436.62,00:04,2873,-87
1437.01,00:02,2874,-92
1437.04,00:03,2874,-92
1437.12,00:04,2874,-87
1437.52,00:02,2875,-92
1437.54,00:03,2875,-92
1437.62,00:04,2875,-87
1438.02,00:02,2876,-93
1438.04,00:03,2876,-92
1438.12,00:04,2876,-87
1438.51,00:02,2877,-93
1438.54,00:03,2877,-92
1438.62,00:04,2877,-87
1439.01,00:02,2878,-93
1439.04,00:03,2878,-92
1439.12,00:04,2878,-87
1439.52,00:02,2879,-93
1439.54,00:03,2879,-92
1439.62,00:04,2879,-87
1440.02,00:02,2880,-93
1440.04,00:03,2880,-92
1440.12,00:04,2880,-87
1440.51,00:02,2881,-93
1440.54,00:03,2881,-92
1440.62,00:04,2881,-86
1441.01,00:02,2882,-93
1441.04,00:03,2882,-92
1441.12,00:04,2882,-86
1441.51,00:02,2883,-92
1441.54,00:03,2883,-92
1441.62,00:04,2883,-86
1442.01,00:02,2884,-92
1442.04,00:03,2884,-92
1442.12,00:04,2884,-86
1442.52,00:02,2885,-92
1442.54,00:03,2885,-92
1442.62,00:04,2885,-86
1443.01,00:02,2886,-99
1443.04,00:03,2886,-99
1443.12,00:04,2886,-92
1443.52,00:02,2887,-99
1443.54,00:03,2887,-99
1443.62,00:04,2887,-92
1444.02,00:02,2888,-99
1444.04,00:03,2888,-99
1444.12,00:04,2888,-92
1444.52,00:02,2889,-99
1444.54,00:03,2889,-99
1444.62,00:04,2889,-92
1445.02,00:02,2890,-99
1445.04,00:03,2890,-99
1445.12,00:04,2890,-92
1445.51,00:02,2891,-99
1445.54,00:03,2891,-99
1445.62,00:04,2891,-91
1446.01,00:02,2892,-99
1446.04,00:03,2892,-99
1446.12,00:04,2892,-91
1446.52,00:02,2893,-99
1446.54,00:03,2893,-99
1446.62,00:04,2893,-91
1447.02,00:02,2894,-99
1447.04,00:03,2894,-99
1447.12,00:04,2894,-91
1447.52,00:02,2895,-99
1447.54,00:03,2895,-99
1447.62,00:04,2895,-91
1448.01,00:02,2896,-99
1448.04,00:03,2896,-99
1448.12,00:04,2896,-90
1448.51,00:02,2897,-99
1448.54,00:03,2897,-99
1448.62,00:04,2897,-90
1449.02,00:02,2898,-99
1449.04,00:03,2898,-99
1449.12,00:04,2898,-90
1449.52,00:02,2899,-99
1449.54,00:03,2899,-99
1449.62,00:04,2899,-90
1450.02,00:02,2900,-99
1450.04,00:03,2900,-99
1450.12,00:04,2900,-90
1450.52,00:02,2901,-98
1450.54,00:03,2901,-99
1450.62,00:04,2901,-89
1451.02,00:02,2902,-98
1451.04,00:03,2902,-99
1451.12,00:04,2902,-89
1451.51,00:02,2903,-98
1451.54,00:03,2903,-99
1451.62,00:04,2903,-89
1452.01,00:02,2904,-98
1452.04,00:03,2904,-99
1452.12,00:04,2904,-89
1452.52,00:02,2905,-98
1452.54,00:03,2905,-99
1452.62,00:04,2905,-88
1453.01,00:02,2906,-98
1453.04,00:03,2906,-99
1453.12,00:04,2906,-88
1453.51,00:02,2907,-98
1453.54,00:03,2907,-99
1453.62,00:04,2907,-88
1454.02,00:02,2908,-98
1454.04,00:03,2908,-99
1454.12,00:04,2908,-88
1454.51,00:02,2909,-98
1454.54,00:03,2909,-100
1454.62,00:04,2909,-87
1455.02,00:02,2910,-98
1455.04,00:03,2910,-100
1455.12,00:04,2910,-87
1455.52,00:02,2911,-98
1455.54,00:03,2911,-100
1455.62,00:04,2911,-87
1456.02,00:02,2912,-98
1456.04,00:03,2912,-100
1456.12,00:04,2912,-87
1456.52,00:02,2913,-98
1456.54,00:03,2913,-100
1456.62,00:04,2913,-86
1457.02,00:02,2914,-98
1457.04,00:03,2914,-100
1457.12,00:04,2914,-86
1457.52,00:02,2915,-98
1457.54,00:03,2915,-100
1457.62,00:04,2915,-86
1458.02,00:02,2916,-98
1458.04,00:03,2916,-100
1458.12,00:04,2916,-86
1458.52,00:02,2917,-98
1458.54,00:03,2917,-100
1458.62,00:04,2917,-85
1459.02,00:02,2918,-91
1459.04,00:03,2918,-93
1459.12,00:04,2918,-78
1459.52,00:02,2919,-90
1459.54,00:03,2919,-93
1459.62,00:04,2919,-78
1460.02,00:02,2920,-90
1460.04,00:03,2920,-93
1460.12,00:04,2920,-78
1460.51,00:02,2921,-90
1460.54,00:03,2921,-93
1460.62,00:04,2921,-77
1461.02,00:02,2922,-90
1461.04,00:03,2922,-93
1461.12,00:04,2922,-77
1461.52,00:02,2923,-90
1461.54,00:03,2923,-93
1461.62,00:04,2923,-77
1462.01,00:02,2924,-90
1462.04,00:03,2924,-93
1462.12,00:04,2924,-76
1462.52,00:02,2925,-90
1462.54,00:03,2925,-93
1462.62,00:04,2925,-76
1463.02,00:02,2926,-90
1463.04,00:03,2926,-93
1463.12,00:04,2926,-76
1463.52,00:02,2927,-90
1463.54,00:03,2927,-93
1463.62,00:04,2927,-75
1464.02,00:02,2928,-90
1464.04,00:03,2928,-93
1464.12,00:04,2928,-75
1464.51,00:02,2929,-90
1464.54,00:03,2929,-93
1464.62,00:04,2929,-75
1465.02,00:02,2930,-90
1465.04,00:03,2930,-93
1465.12,00:04,2930,-75
1465.52,00:02,2931,-90
1465.54,00:03,2931,-93
1465.62,00:04,2931,-74
1466.02,00:02,2932,-90
1466.04,00:03,2932,-93
1466.12,00:04,2932,-74
1466.51,00:02,2933,-90
1466.54,00:03,2933,-93
1466.62,00:04,2933,-74
1467.02,00:02,2934,-90
1467.04,00:03,2934,-93
1467.12,00:04,2934,-73
1467.51,00:02,2935,-90
1467.54,00:03,2935,-93
1467.62,00:04,2935,-73
1468.02,00:02,2936,-90
1468.04,00:03,2936,-93
1468.12,00:04,2936,-73
1468.52,00:02,2937,-89
1468.54,00:03,2937,-93
1468.62,00:04,2937,-72
1469.02,00:02,2938,-89
1469.04,00:03,2938,-93
1469.12,00:04,2938,-72
1469.51,00:02,2939,-89
1469.54,00:03,2939,-93
1469.62,00:04,2939,-72
1470.01,00:02,2940,-89
1470.04,00:03,2940,-93
1470.12,00:04,2940,-71
1470.52,00:02,2941,-89
1470.54,00:03,2941,-93
1470.62,00:04,2941,-71
1471.02,00:02,2942,-89
1471.04,00:03,2942,-93
1471.12,00:04,2942,-70
1471.52,00:02,2943,-89
1471.54,00:03,2943,-94
1471.62,00:04,2943,-70
1472.02,00:02,2944,-89
1472.04,00:03,2944,-94
1472.12,00:04,2944,-70
1472.52,00:02,2945,-89
1472.54,00:03,2945,-94
1472.62,00:04,2945,-70
1473.01,00:02,2946,-89
1473.04,00:03,2946,-94
1473.12,00:04,2946,-69
1473.51,00:02,2947,-89
1473.54,00:03,2947,-94
1473.62,00:04,2947,-69
1474.02,00:02,2948,-89
1474.04,00:03,2948,-94
1474.12,00:04,2948,-69
1474.51,00:02,2949,-89
1474.54,00:03,2949,-94
1474.62,00:04,2949,-69
1475.02,00:02,2950,-89
1475.04,00:03,2950,-94
1475.12,00:04,2950,-69
1475.52,00:02,2951,-89
1475.54,00:03,2951,-94
1475.62,00:04,2951,-68
1476.02,00:02,2952,-89
1476.04,00:03,2952,-94
1476.12,00:04,2952,-68
1476.52,00:02,2953,-89
1476.54,00:03,2953,-94
1476.62,00:04,2953,-68
1477.02,00:02,2954,-89
1477.04,00:03,2954,-94
1477.12,00:04,2954,-68
1477.52,00:02,2955,-89
1477.54,00:03,2955,-94
1477.62,00:04,2955,-68
1478.01,00:02,2956,-88
1478.04,00:03,2956,-94
1478.12,00:04,2956,-68
1478.51,00:02,2957,-88
1478.54,00:03,2957,-94
1478.62,00:04,2957,-67
1479.02,00:02,2958,-88
1479.04,00:03,2958,-94
1479.12,00:04,2958,-67
1479.52,00:02,2959,-88
1479.54,00:03,2959,-94
1479.62,00:04,2959,-67
1480.01,00:02,2960,-88
1480.04,00:03,2960,-94
1480.12,00:04,2960,-67
1480.52,00:02,2961,-88
1480.54,00:03,2961,-94
1480.62,00:04,2961,-67
1481.01,00:02,2962,-88
1481.04,00:03,2962,-94
1481.12,00:04,2962,-67
1481.52,00:02,2963,-88
1481.54,00:03,2963,-94
1481.62,00:04,2963,-67
1482.01,00:02,2964,-88
1482.04,00:03,2964,-94
1482.12,00:04,2964,-66
1482.51,00:02,2965,-88
1482.54,00:03,2965,-94
1482.62,00:04,2965,-66
1483.02,00:02,2966,-88
1483.04,00:03,2966,-95
1483.12,00:04,2966,-66
1483.51,00:02,2967,-88
1483.54,00:03,2967,-95
1483.62,00:04,2967,-66
1484.02,00:02,2968,-88
1484.04,00:03,2968,-95
1484.12,00:04,2968,-66
1484.52,00:02,2969,-88
1484.54,00:03,2969,-95
1484.62,00:04,2969,-66
1485.02,00:02,2970,-88
1485.04,00:03,2970,-95
1485.12,00:04,2970,-66
1485.52,00:02,2971,-88
1485.54,00:03,2971,-95
1485.62,00:04,2971,-66
1486.02,00:02,2972,-88
1486.04,00:03,2972,-95
1486.12,00:04,2972,-66
1486.52,00:02,2973,-88
1486.54,00:03,2973,-95
1486.62,00:04,2973,-66
1487.02,00:02,2974,-88
1487.04,00:03,2974,-95
1487.12,00:04,2974,-66
1487.51,00:02,2975,-88
1487.54,00:03,2975,-95
1487.62,00:04,2975,-66
1488.02,00:02,2976,-87
1488.04,00:03,2976,-95
1488.12,00:04,2976,-67
1488.51,00:02,2977,-87
1488.54,00:03,2977,-95
1488.62,00:04,2977,-67
1489.02,00:02,2978,-87
1489.04,00:03,2978,-95
1489.12,00:04,2978,-67
1489.51,00:02,2979,-87
1489.54,00:03,2979,-95
1489.62,00:04,2979,-67
1490.02,00:02,2980,-87
1490.04,00:03,2980,-95
1490.12,00:04,2980,-67
1490.52,00:02,2981,-87
1490.54,00:03,2981,-95
1490.63,00:04,2981,-67
1491.02,00:02,2982,-87
1491.04,00:03,2982,-95
1491.12,00:04,2982,-67
1491.51,00:02,2983,-87
1491.54,00:03,2983,-95
1491.62,00:04,2983,-67
1492.02,00:02,2984,-87
1492.04,00:03,2984,-95
1492.12,00:04,2984,-68
1492.52,00:02,2985,-87
1492.54,00:03,2985,-95
1492.62,00:04,2985,-68
1493.02,00:02,2986,-87
1493.04,00:03,2986,-96
1493.12,00:04,2986,-68
1493.52,00:02,2987,-87
1493.54,00:03,2987,-96
1493.62,00:04,2987,-68
1494.02,00:02,2988,-87
1494.04,00:03,2988,-96
1494.12,00:04,2988,-68
1494.52,00:02,2989,-87
1494.54,00:03,2989,-96
1494.62,00:04,2989,-69
1495.02,00:02,2990,-87
1495.04,00:03,2990,-96
1495.12,00:04,2990,-69
1495.51,00:02,2991,-87
1495.54,00:03,2991,-96
1495.62,00:04,2991,-69
1496.02,00:02,2992,-87
1496.04,00:03,2992,-96
1496.12,00:04,2992,-69
1496.51,00:02,2993,-87
1496.54,00:03,2993,-96
1496.62,00:04,2993,-69
1497.02,00:02,2994,-87
1497.04,00:03,2994,-96
1497.12,00:04,2994,-70
1497.52,00:02,2995,-87
1497.54,00:03,2995,-96
1497.62,00:04,2995,-70
1498.02,00:02,2996,-87
1498.04,00:03,2996,-96
1498.12,00:04,2996,-70
1498.52,00:02,2997,-87
1498.54,00:03,2997,-96
1498.62,00:04,2997,-70
1499.02,00:02,2998,-87
1499.04,00:03,2998,-96
1499.12,00:04,2998,-71
1499.51,00:02,2999,-87
1499.54,00:03,2999,-96
1499.62,00:04,2999,-71
1500.01,00:02,3000,-86
1500.04,00:03,3000,-96
1500.12,00:04,3000,-71
1500.52,00:02,3001,-86
1500.54,00:03,3001,-96
1500.62,00:04,3001,-72
1501.02,00:02,3002,-86
1501.04,00:03,3002,-96
1501.12,00:04,3002,-72
1501.52,00:02,3003,-86
1501.54,00:03,3003,-96
1501.62,00:04,3003,-72
1502.02,00:02,3004,-86
1502.04,00:03,3004,-96
1502.12,00:04,3004,-73
1502.52,00:02,3005,-86
1502.54,00:03,3005,-97
1502.62,00:04,3005,-73
1503.01,00:02,3006,-86
1503.04,00:03,3006,-97
1503.12,00:04,3006,-73
1503.52,00:02,3007,-86
1503.54,00:03,3007,-97
1503.62,00:04,3007,-74
1504.02,00:02,3008,-86
1504.04,00:03,3008,-97
1504.12,00:04,3008,-74
1504.52,00:02,3009,-86
1504.54,00:03,3009,-97
1504.62,00:04,3009,-74
1505.01,00:02,3010,-86
1505.04,00:03,3010,-97
1505.12,00:04,3010,-75
1505.52,00:02,3011,-86
1505.54,00:03,3011,-97
1505.62,00:04,3011,-75
1506.02,00:02,3012,-86
1506.04,00:03,3012,-97
1506.12,00:04,3012,-75
1506.52,00:02,3013,-86
1506.54,00:03,3013,-97
1506.62,00:04,3013,-76
1507.01,00:02,3014,-86
1507.04,00:03,3014,-97
1507.12,00:04,3014,-76
1507.52,00:02,3015,-86
1507.54,00:03,3015,-97
1507.62,00:04,3015,-76
1508.02,00:02,3016,-86
1508.04,00:03,3016,-97
1508.12,00:04,3016,-76
1508.51,00:02,3017,-86
1508.54,00:03,3017,-97
1508.62,00:04,3017,-77
1509.01,00:02,3018,-86
1509.04,00:03,3018,-97
1509.12,00:04,3018,-77
1509.51,00:02,3019,-86
1509.54,00:03,3019,-97
1509.62,00:04,3019,-77
1510.02,00:02,3020,-86
1510.04,00:03,3020,-97
1510.12,00:04,3020,-78
1510.51,00:02,3021,-86
1510.54,00:03,3021,-97
1510.62,00:04,3021,-78
1511.02,00:02,3022,-86
1511.04,00:03,3022,-97
1511.12,00:04,3022,-78
1511.52,00:02,3023,-86
1511.54,00:03,3023,-98
1511.62,00:04,3023,-78
1512.02,00:02,3024,-86
1512.04,00:03,3024,-98
1512.12,00:04,3024,-79
1512.52,00:02,3025,-86
1512.54,00:03,3025,-98
1512.62,00:04,3025,-79
1513.02,00:02,3026,-86
1513.04,00:03,3026,-98
1513.12,00:04,3026,-79
1513.52,00:02,3027,-86
1513.54,00:03,3027,-98
1513.62,00:04,3027,-80
1514.02,00:02,3028,-86
1514.04,00:03,3028,-98
1514.12,00:04,3028,-80
1514.52,00:02,3029,-86
1514.54,00:03,3029,-98
1514.62,00:04,3029,-80
1515.01,00:02,3030,-93
1515.04,00:03,3030,-105
1515.12,00:04,3030,-87
1515.52,00:02,3031,-93
1515.54,00:03,3031,-105
1515.62,00:04,3031,-88
1516.02,00:02,3032,-93
1516.04,00:03,3032,-105
1516.12,00:04,3032,-88
1516.52,00:02,3033,-93
1516.54,00:03,3033,-105
1516.62,00:04,3033,-88
1517.02,00:02,3034,-93
1517.04,00:03,3034,-105
1517.12,00:04,3034,-88
1517.52,00:02,3035,-93
1517.54,00:03,3035,-105
1517.63,00:04,3035,-88
1518.02,00:02,3036,-92
1518.04,00:03,3036,-105
1518.12,00:04,3036,-89
1518.52,00:02,3037,-92
1518.54,00:03,3037,-105
1518.62,00:04,3037,-89
1519.02,00:02,3038,-92
1519.04,00:03,3038,-105
1519.12,00:04,3038,-89
1519.52,00:02,3039,-92
1519.54,00:03,3039,-105
1519.62,00:04,3039,-89
1520.02,00:02,3040,-92
1520.04,00:03,3040,-105
1520.12,00:04,3040,-90
1520.52,00:02,3041,-92
1520.54,00:03,3041,-106
1520.62,00:04,3041,-90
1521.02,00:02,3042,-92
1521.04,00:03,3042,-106
1521.12,00:04,3042,-90
1521.52,00:02,3043,-92
1521.54,00:03,3043,-106
1521.62,00:04,3043,-90
1522.02,00:02,3044,-92
1522.04,00:03,3044,-106
1522.12,00:04,3044,-90
1522.52,00:02,3045,-92
1522.54,00:03,3045,-106
1522.62,00:04,3045,-91
1523.02,00:02,3046,-92
1523.04,00:03,3046,-106
1523.12,00:04,3046,-91
1523.52,00:02,3047,-92
1523.54,00:03,3047,-106
1523.62,00:04,3047,-91
1524.02,00:02,3048,-92
1524.04,00:03,3048,-106
1524.12,00:04,3048,-91
1524.52,00:02,3049,-92
1524.54,00:03,3049,-106
1524.62,00:04,3049,-92
1525.01,00:02,3050,-92
1525.04,00:03,3050,-106
1525.12,00:04,3050,-92
1525.52,00:02,3051,-92
1525.54,00:03,3051,-106
1525.62,00:04,3051,-92
1526.02,00:02,3052,-92
1526.04,00:03,3052,-106
1526.12,00:04,3052,-92
1526.52,00:02,3053,-92
1526.54,00:03,3053,-106
1526.62,00:04,3053,-92
1527.02,00:02,3054,-85
1527.04,00:03,3054,-99
1527.12,00:04,3054,-85
1527.52,00:02,3055,-85
1527.54,00:03,3055,-99
1527.62,00:04,3055,-86
1528.02,00:02,3056,-85
1528.04,00:03,3056,-99
1528.12,00:04,3056,-86
1528.52,00:02,3057,-85
1528.54,00:03,3057,-99
1528.62,00:04,3057,-86
1529.02,00:02,3058,-85
1529.04,00:03,3058,-99
1529.12,00:04,3058,-86
1529.51,00:02,3059,-85
1529.54,00:03,3059,-100
1529.63,00:04,3059,-86
1530.01,00:02,3060,-85
1530.04,00:03,3060,-100
1530.12,00:04,3060,-87
1530.52,00:02,3061,-85
1530.54,00:03,3061,-100
1530.62,00:04,3061,-86
1531.01,00:02,3062,-86
1531.04,00:03,3062,-100
1531.12,00:04,3062,-86
1531.52,00:02,3063,-86
1531.54,00:03,3063,-100
1531.62,00:04,3063,-86
1532.02,00:02,3064,-86
1532.04,00:03,3064,-100
1532.12,00:04,3064,-86
1532.51,00:02,3065,-86
1532.54,00:03,3065,-100
1532.62,00:04,3065,-86
1533.01,00:02,3066,-86
1533.04,00:03,3066,-100
1533.12,00:04,3066,-86
1533.51,00:02,3067,-86
1533.54,00:03,3067,-100
1533.62,00:04,3067,-86
1534.02,00:02,3068,-86
1534.04,00:03,3068,-100
1534.12,00:04,3068,-86
1534.52,00:02,3069,-86
1534.54,00:03,3069,-100
1534.62,00:04,3069,-86
1535.02,00:02,3070,-86
1535.04,00:03,3070,-100
1535.13,00:04,3070,-86
1535.52,00:02,3071,-86
1535.54,00:03,3071,-100
1535.62,00:04,3071,-86
1536.02,00:02,3072,-86
1536.04,00:03,3072,-100
1536.12,00:04,3072,-86
1536.52,00:02,3073,-86
1536.54,00:03,3073,-100
1536.62,00:04,3073,-86
1537.02,00:02,3074,-86
1537.04,00:03,3074,-100
1537.12,00:04,3074,-86
1537.52,00:02,3075,-86
1537.54,00:03,3075,-100
1537.63,00:04,3075,-86
1538.02,00:02,3076,-86
1538.04,00:03,3076,-100
1538.12,00:04,3076,-85
1538.52,00:02,3077,-86
1538.54,00:03,3077,-100
1538.63,00:04,3077,-85
1539.02,00:02,3078,-93
1539.04,00:03,3078,-107
1539.12,00:04,3078,-92
1539.52,00:02,3079,-93
1539.54,00:03,3079,-107
1539.63,00:04,3079,-92
1540.02,00:02,3080,-93
1540.04,00:03,3080,-107
1540.12,00:04,3080,-92
1540.52,00:02,3081,-93
1540.54,00:03,3081,-107
1540.62,00:04,3081,-91
1541.02,00:02,3082,-93
1541.04,00:03,3082,-107
1541.12,00:04,3082,-91
1541.52,00:02,3083,-93
1541.54,00:03,3083,-106
1541.62,00:04,3083,-91
1542.02,00:02,3084,-93
1542.04,00:03,3084,-106
1542.12,00:04,3084,-91
1542.52,00:02,3085,-93
1542.54,00:03,3085,-106
1542.62,00:04,3085,-90
1543.02,00:02,3086,-93
1543.04,00:03,3086,-106
1543.12,00:04,3086,-90
1543.51,00:02,3087,-93
1543.54,00:03,3087,-106
1543.62,00:04,3087,-90
1544.02,00:02,3088,-93
1544.04,00:03,3088,-106
1544.12,00:04,3088,-90
1544.52,00:02,3089,-93
1544.54,00:03,3089,-106
1544.62,00:04,3089,-90
1545.02,00:02,3090,-93
1545.04,00:03,3090,-106
1545.12,00:04,3090,-89
1545.51,00:02,3091,-93
1545.54,00:03,3091,-106
1545.62,00:04,3091,-89
1546.02,00:02,3092,-93
1546.04,00:03,3092,-106
1546.12,00:04,3092,-89
1546.52,00:02,3093,-94
1546.54,00:03,3093,-106
1546.62,00:04,3093,-89
1547.02,00:02,3094,-94
1547.04,00:03,3094,-106
1547.12,00:04,3094,-88
1547.51,00:02,3095,-94
1547.54,00:03,3095,-106
1547.62,00:04,3095,-88
1548.02,00:02,3096,-94
1548.04,00:03,3096,-106
1548.12,00:04,3096,-88
1548.52,00:02,3097,-94
1548.54,00:03,3097,-106
1548.62,00:04,3097,-88
1549.02,00:02,3098,-94
1549.04,00:03,3098,-106
1549.12,00:04,3098,-87
1549.51,00:02,3099,-94
1549.54,00:03,3099,-106
1549.62,00:04,3099,-87
1550.02,00:02,3100,-94
1550.04,00:03,3100,-106
1550.12,00:04,3100,-87
1550.52,00:02,3101,-94
1550.54,00:03,3101,-106
1550.62,00:04,3101,-87
1551.02,00:02,3102,-87
1551.04,00:03,3102,-98
1551.12,00:04,3102,-79
1551.52,00:02,3103,-87
1551.53,00:03,3103,-98
1551.63,00:04,3103,-79
1552.02,00:02,3104,-87
1552.04,00:03,3104,-98
1552.13,00:04,3104,-79
1552.52,00:02,3105,-87
1552.54,00:03,3105,-98
1552.62,00:04,3105,-78
1553.01,00:02,3106,-87
1553.04,00:03,3106,-98
1553.12,00:04,3106,-78
1553.52,00:02,3107,-87
1553.54,00:03,3107,-98
1553.62,00:04,3107,-78
1554.02,00:02,3108,-87
1554.04,00:03,3108,-98
1554.12,00:04,3108,-78
1554.52,00:02,3109,-87
1554.54,00:03,3109,-98
1554.62,00:04,3109,-77
1555.02,00:02,3110,-87
1555.04,00:03,3110,-98
1555.12,00:04,3110,-77
1555.52,00:02,3111,-87
1555.54,00:03,3111,-98
1555.62,00:04,3111,-77
1556.02,00:02,3112,-87
1556.04,00:03,3112,-98
1556.12,00:04,3112,-76
1556.52,00:02,3113,-87
1556.54,00:03,3113,-98
1556.62,00:04,3113,-76
1557.02,00:02,3114,-87
1557.04,00:03,3114,-98
1557.12,00:04,3114,-76
1557.51,00:02,3115,-87
1557.54,00:03,3115,-98
1557.62,00:04,3115,-75
1558.02,00:02,3116,-87
1558.04,00:03,3116,-98
1558.12,00:04,3116,-75
1558.52,00:02,3117,-87
1558.54,00:03,3117,-98
1558.62,00:04,3117,-75
1559.02,00:02,3118,-87
1559.04,00:03,3118,-98
1559.12,00:04,3118,-74
1559.52,00:02,3119,-87
1559.54,00:03,3119,-98
1559.62,00:04,3119,-74
1560.01,00:02,3120,-87
1560.04,00:03,3120,-98
1560.12,00:04,3120,-74
1560.52,00:02,3121,-87
1560.53,00:03,3121,-97
1560.62,00:04,3121,-73
1561.01,00:02,3122,-87
1561.04,00:03,3122,-97
1561.12,00:04,3122,-73
1561.52,00:02,3123,-87
1561.54,00:03,3123,-97
1561.62,00:04,3123,-72
1562.02,00:02,3124,-87
1562.04,00:03,3124,-97
1562.12,00:04,3124,-72
1562.52,00:02,3125,-87
1562.54,00:03,3125,-97
1562.62,00:04,3125,-72
1563.02,00:02,3126,-87
1563.04,00:03,3126,-97
1563.12,00:04,3126,-71
1563.52,00:02,3127,-87
1563.54,00:03,3127,-97
1563.62,00:04,3127,-71
1564.02,00:02,3128,-87
1564.04,00:03,3128,-97
1564.12,00:04,3128,-70
1564.51,00:02,3129,-87
1564.54,00:03,3129,-97
1564.62,00:04,3129,-70
1565.02,00:02,3130,-87
1565.04,00:03,3130,-97
1565.12,00:04,3130,-70
1565.51,00:02,3131,-87
1565.54,00:03,3131,-97
1565.62,00:04,3131,-69
1566.02,00:02,3132,-87
1566.04,00:03,3132,-97
1566.12,00:04,3132,-69
1566.52,00:02,3133,-87
1566.54,00:03,3133,-97
1566.62,00:04,3133,-69
1567.02,00:02,3134,-88
1567.04,00:03,3134,-97
1567.12,00:04,3134,-69
1567.52,00:02,3135,-88
1567.54,00:03,3135,-97
1567.62,00:04,3135,-68
1568.01,00:02,3136,-88
1568.04,00:03,3136,-97
1568.12,00:04,3136,-68
1568.52,00:02,3137,-88
1568.53,00:03,3137,-97
1568.62,00:04,3137,-68
1569.02,00:02,3138,-88
1569.04,00:03,3138,-97
1569.12,00:04,3138,-68
1569.52,00:02,3139,-88
1569.54,00:03,3139,-97
1569.62,00:04,3139,-67
1570.02,00:02,3140,-88
1570.04,00:03,3140,-97
1570.12,00:04,3140,-67
1570.52,00:02,3141,-88
1570.54,00:03,3141,-97
1570.62,00:04,3141,-67
1571.02,00:02,3142,-88
1571.04,00:03,3142,-96
1571.12,00:04,3142,-66
1571.52,00:02,3143,-88
1571.54,00:03,3143,-96
1571.63,00:04,3143,-66
1572.02,00:02,3144,-88
1572.04,00:03,3144,-96
1572.12,00:04,3144,-66
1572.52,00:02,3145,-88
1572.54,00:03,3145,-96
1572.62,00:04,3145,-65
1573.02,00:02,3146,-88
1573.04,00:03,3146,-96
1573.12,00:04,3146,-65
1573.52,00:02,3147,-88
1573.54,00:03,3147,-96
1573.62,00:04,3147,-65
1574.02,00:02,3148,-88
1574.04,00:03,3148,-96
1574.12,00:04,3148,-64
1574.52,00:02,3149,-88
1574.54,00:03,3149,-96
1574.62,00:04,3149,-64
1575.01,00:02,3150,-88
1575.04,00:03,3150,-96
1575.12,00:04,3150,-64
1575.52,00:02,3151,-88
1575.54,00:03,3151,-96
1575.62,00:04,3151,-63
1576.02,00:02,3152,-88
1576.04,00:03,3152,-96
1576.12,00:04,3152,-63
1576.52,00:02,3153,-88
1576.54,00:03,3153,-96
1576.62,00:04,3153,-63
1577.02,00:02,3154,-88
1577.04,00:03,3154,-96
1577.12,00:04,3154,-62
1577.52,00:02,3155,-88
1577.54,00:03,3155,-96
1577.63,00:04,3155,-62
1578.02,00:02,3156,-88
1578.04,00:03,3156,-96
1578.13,00:04,3156,-62
1578.52,00:02,3157,-88
1578.54,00:03,3157,-96
1578.63,00:04,3157,-62
1579.02,00:02,3158,-88
1579.04,00:03,3158,-96
1579.12,00:04,3158,-62
1579.51,00:02,3159,-88
1579.53,00:03,3159,-96
1579.62,00:04,3159,-61
1580.02,00:02,3160,-89
1580.04,00:03,3160,-96
1580.12,00:04,3160,-61
1580.52,00:02,3161,-89
1580.54,00:03,3161,-96
1580.62,00:04,3161,-61
1581.02,00:02,3162,-89
1581.04,00:03,3162,-96
1581.13,00:04,3162,-61
1581.52,00:02,3163,-89
1581.54,00:03,3163,-95
1581.63,00:04,3163,-61
1582.02,00:02,3164,-89
1582.04,00:03,3164,-95
1582.13,00:04,3164,-61
1582.52,00:02,3165,-89
1582.54,00:03,3165,-95
1582.62,00:04,3165,-62
1583.02,00:02,3166,-89
1583.04,00:03,3166,-95
1583.12,00:04,3166,-62
1583.52,00:02,3167,-89
1583.54,00:03,3167,-95
1583.62,00:04,3167,-62
1584.02,00:02,3168,-89
1584.04,00:03,3168,-95
1584.13,00:04,3168,-62
1584.51,00:02,3169,-89
1584.54,00:03,3169,-95
1584.62,00:04,3169,-62
1585.02,00:02,3170,-89
1585.04,00:03,3170,-95
1585.12,00:04,3170,-63
1585.52,00:02,3171,-89
1585.54,00:03,3171,-95
1585.62,00:04,3171,-63
1586.02,00:02,3172,-89
1586.04,00:03,3172,-95
1586.12,00:04,3172,-63
1586.52,00:02,3173,-89
1586.53,00:03,3173,-95
1586.62,00:04,3173,-64
1587.02,00:02,3174,-89
1587.04,00:03,3174,-95
1587.13,00:04,3174,-64
1587.52,00:02,3175,-89
1587.54,00:03,3175,-95
1587.62,00:04,3175,-64
1588.02,00:02,3176,-89
1588.04,00:03,3176,-95
1588.12,00:04,3176,-65
1588.52,00:02,3177,-89
1588.54,00:03,3177,-95
1588.62,00:04,3177,-65
1589.02,00:02,3178,-89
1589.04,00:03,3178,-95
1589.13,00:04,3178,-65
1589.52,00:02,3179,-89
1589.53,00:03,3179,-95
1589.63,00:04,3179,-65
1590.02,00:02,3180,-89
1590.04,00:03,3180,-95
1590.12,00:04,3180,-66
1590.52,00:02,3181,-89
1590.54,00:03,3181,-95
1590.62,00:04,3181,-66
1591.02,00:02,3182,-90
1591.04,00:03,3182,-95
1591.12,00:04,3182,-66
1591.52,00:02,3183,-90
1591.54,00:03,3183,-95
1591.62,00:04,3183,-67
1592.02,00:02,3184,-90
1592.04,00:03,3184,-95
1592.12,00:04,3184,-67
1592.52,00:02,3185,-90
1592.54,00:03,3185,-95
1592.62,00:04,3185,-67
1593.02,00:02,3186,-90
1593.04,00:03,3186,-95
1593.12,00:04,3186,-68
1593.52,00:02,3187,-90
1593.54,00:03,3187,-95
1593.62,00:04,3187,-68
1594.02,00:02,3188,-90
1594.04,00:03,3188,-94
1594.13,00:04,3188,-68
1594.52,00:02,3189,-90
1594.54,00:03,3189,-94
1594.63,00:04,3189,-69
1595.02,00:02,3190,-90
1595.04,00:03,3190,-94
1595.12,00:04,3190,-69
1595.52,00:02,3191,-90
1595.54,00:03,3191,-94
1595.62,00:04,3191,-69
1596.02,00:02,3192,-90
1596.04,00:03,3192,-94
1596.12,00:04,3192,-69
1596.52,00:02,3193,-90
1596.54,00:03,3193,-94
1596.62,00:04,3193,-70
1597.02,00:02,3194,-90
1597.04,00:03,3194,-94
1597.13,00:04,3194,-70
1597.52,00:02,3195,-90
1597.54,00:03,3195,-94
1597.63,00:04,3195,-70
1598.02,00:02,3196,-90
1598.03,00:03,3196,-94
1598.13,00:04,3196,-71
1598.52,00:02,3197,-90
1598.54,00:03,3197,-94
1598.62,00:04,3197,-71
1599.02,00:02,3198,-90
1599.04,00:03,3198,-94
1599.13,00:04,3198,-71
1599.52,00:02,3199,-90
1599.54,00:03,3199,-94
1599.63,00:04,3199,-72
1600.02,00:02,3200,-90
1600.04,00:03,3200,-94
1600.13,00:04,3200,-72
1600.52,00:02,3201,-90
1600.54,00:03,3201,-94
1600.63,00:04,3201,-73
1601.01,00:02,3202,-91
1601.04,00:03,3202,-94
1601.12,00:04,3202,-73
1601.52,00:02,3203,-91
1601.54,00:03,3203,-94
1601.62,00:04,3203,-73
1602.02,00:02,3204,-91
1602.04,00:03,3204,-94
1602.12,00:04,3204,-74
1602.52,00:02,3205,-91
1602.54,00:03,3205,-94
1602.62,00:04,3205,-74
1603.02,00:02,3206,-91
1603.04,00:03,3206,-94
1603.12,00:04,3206,-75
1603.52,00:02,3207,-91
1603.54,00:03,3207,-94
1603.63,00:04,3207,-75
1604.02,00:02,3208,-91
1604.04,00:03,3208,-94
1604.12,00:04,3208,-75
1604.52,00:02,3209,-91
1604.54,00:03,3209,-94
1604.62,00:04,3209,-76
1605.02,00:02,3210,-91
1605.04,00:03,3210,-94
1605.12,00:04,3210,-76
1605.52,00:02,3211,-91
1605.54,00:03,3211,-94
1605.62,00:04,3211,-76
1606.02,00:02,3212,-91
1606.04,00:03,3212,-94
1606.12,00:04,3212,-77
1606.51,00:02,3213,-91
1606.54,00:03,3213,-94
1606.62,00:04,3213,-77
1607.02,00:02,3214,-98
1607.04,00:03,3214,-101
1607.12,00:04,3214,-84
1607.52,00:02,3215,-98
1607.54,00:03,3215,-101
1607.62,00:04,3215,-84
1608.02,00:02,3216,-98
1608.04,00:03,3216,-101
1608.12,00:04,3216,-85
1608.52,00:02,3217,-98
1608.53,00:03,3217,-101
1608.62,00:04,3217,-85
1609.02,00:02,3218,-98
1609.04,00:03,3218,-101
1609.12,00:04,3218,-85
1609.52,00:02,3219,-98
1609.54,00:03,3219,-101
1609.62,00:04,3219,-86
1610.02,00:02,3220,-98
1610.04,00:03,3220,-101
1610.12,00:04,3220,-86
1610.52,00:02,3221,-98
1610.54,00:03,3221,-101
1610.62,00:04,3221,-86
1611.02,00:02,3222,-99
1611.04,00:03,3222,-101
1611.12,00:04,3222,-86
1611.52,00:02,3223,-99
1611.54,00:03,3223,-101
1611.62,00:04,3223,-87
1612.02,00:02,3224,-99
1612.04,00:03,3224,-101
1612.13,00:04,3224,-87
1612.52,00:02,3225,-99
1612.54,00:03,3225,-101
1612.63,00:04,3225,-87
1613.02,00:02,3226,-99
1613.04,00:03,3226,-101
1613.12,00:04,3226,-88
1613.51,00:02,3227,-99
1613.54,00:03,3227,-100
1613.62,00:04,3227,-88
1614.02,00:02,3228,-99
1614.04,00:03,3228,-100
1614.13,00:04,3228,-88
1614.52,00:02,3229,-99
1614.54,00:03,3229,-100
1614.62,00:04,3229,-88
1615.02,00:02,3230,-99
1615.04,00:03,3230,-100
1615.13,00:04,3230,-89
1615.52,00:02,3231,-99
1615.54,00:03,3231,-100
1615.62,00:04,3231,-89
1616.02,00:02,3232,-99
1616.04,00:03,3232,-100
1616.12,00:04,3232,-89
1616.51,00:02,3233,-99
1616.54,00:03,3233,-100
1616.63,00:04,3233,-89
1617.01,00:02,3234,-99
1617.04,00:03,3234,-100
1617.12,00:04,3234,-89
1617.52,00:02,3235,-99
1617.53,00:03,3235,-100
1617.62,00:04,3235,-90
1618.02,00:02,3236,-99
1618.04,00:03,3236,-100
1618.12,00:04,3236,-90
1618.52,00:02,3237,-99
1618.54,00:03,3237,-100
1618.62,00:04,3237,-90
1619.02,00:02,3238,-99
1619.04,00:03,3238,-100
1619.12,00:04,3238,-90
1619.52,00:02,3239,-99
1619.54,00:03,3239,-100
1619.63,00:04,3239,-91
1620.02,00:02,3240,-99
1620.04,00:03,3240,-100
1620.12,00:04,3240,-91
1620.52,00:02,3241,-100
1620.54,00:03,3241,-100
1620.62,00:04,3241,-91
1621.02,00:02,3242,-100
1621.04,00:03,3242,-100
1621.13,00:04,3242,-91
1621.52,00:02,3243,-100
1621.54,00:03,3243,-100
1621.62,00:04,3243,-91
1622.02,00:02,3244,-100
1622.04,00:03,3244,-100
1622.12,00:04,3244,-92
1622.52,00:02,3245,-100
1622.53,00:03,3245,-100
1622.62,00:04,3245,-92
1623.02,00:02,3246,-93
1623.04,00:03,3246,-93
1623.12,00:04,3246,-85
1623.52,00:02,3247,-93
1623.53,00:03,3247,-93
1623.62,00:04,3247,-85
1624.01,00:02,3248,-93
1624.04,00:03,3248,-93
1624.13,00:04,3248,-85
1624.52,00:02,3249,-93
1624.54,00:03,3249,-93
1624.62,00:04,3249,-86
1625.02,00:02,3250,-93
1625.04,00:03,3250,-93
1625.12,00:04,3250,-86
1625.52,00:02,3251,-93
1625.54,00:03,3251,-93
1625.63,00:04,3251,-86
1626.02,00:02,3252,-93
1626.04,00:03,3252,-93
1626.13,00:04,3252,-86
1626.52,00:02,3253,-93
1626.54,00:03,3253,-93
1626.62,00:04,3253,-86
1627.02,00:02,3254,-93
1627.04,00:03,3254,-94
1627.12,00:04,3254,-86
1627.52,00:02,3255,-93
1627.54,00:03,3255,-94
1627.63,00:04,3255,-86
1628.02,00:02,3256,-93
1628.03,00:03,3256,-94
1628.13,00:04,3256,-86
1628.52,00:02,3257,-93
1628.54,00:03,3257,-94
1628.62,00:04,3257,-86
1629.02,00:02,3258,-93
1629.04,00:03,3258,-94
1629.12,00:04,3258,-86
1629.52,00:02,3259,-93
1629.54,00:03,3259,-94
1629.63,00:04,3259,-86
1630.02,00:02,3260,-94
1630.04,00:03,3260,-94
1630.12,00:04,3260,-86
1630.52,00:02,3261,-94
1630.54,00:03,3261,-94
1630.63,00:04,3261,-86
1631.02,00:02,3262,-94
1631.04,00:03,3262,-94
1631.13,00:04,3262,-86
1631.52,00:02,3263,-94
1631.54,00:03,3263,-94
1631.62,00:04,3263,-86
1632.02,00:02,3264,-94
1632.04,00:03,3264,-94
1632.12,00:04,3264,-86
1632.52,00:02,3265,-94
1632.54,00:03,3265,-94
1632.62,00:04,3265,-86
1633.02,00:02,3266,-93
1633.04,00:03,3266,-94
1633.13,00:04,3266,-86
1633.52,00:02,3267,-93
1633.54,00:03,3267,-94
1633.62,00:04,3267,-85
1634.02,00:02,3268,-93
1634.04,00:03,3268,-94
1634.13,00:04,3268,-85
1634.52,00:02,3269,-93
1634.54,00:03,3269,-94
1634.62,00:04,3269,-85
1635.02,00:02,3270,-93
1635.04,00:03,3270,-94
1635.12,00:04,3270,-85
1635.52,00:02,3271,-93
1635.54,00:03,3271,-94
1635.62,00:04,3271,-85
1636.01,00:02,3272,-93
1636.04,00:03,3272,-94
1636.13,00:04,3272,-84
1636.52,00:02,3273,-93
1636.54,00:03,3273,-94
1636.63,00:04,3273,-84
1637.02,00:02,3274,-93
1637.03,00:03,3274,-94
1637.12,00:04,3274,-84
1637.52,00:02,3275,-93
1637.53,00:03,3275,-94
1637.63,00:04,3275,-84
1638.02,00:02,3276,-93
1638.04,00:03,3276,-94
1638.13,00:04,3276,-83
1638.52,00:02,3277,-93
1638.54,00:03,3277,-94
1638.63,00:04,3277,-83
1639.02,00:02,3278,-93
1639.03,00:03,3278,-94
1639.13,00:04,3278,-83
1639.52,00:02,3279,-93
1639.54,00:03,3279,-94
1639.63,00:04,3279,-83
1640.02,00:02,3280,-93
1640.04,00:03,3280,-94
1640.12,00:04,3280,-83
1640.52,00:02,3281,-93
1640.54,00:03,3281,-94
1640.63,00:04,3281,-82
1641.02,00:02,3282,-93
1641.04,00:03,3282,-94
1641.13,00:04,3282,-82
1641.52,00:02,3283,-93
1641.54,00:03,3283,-94
1641.63,00:04,3283,-82
1642.02,00:02,3284,-93
1642.03,00:03,3284,-94
1642.12,00:04,3284,-82
1642.52,00:02,3285,-93
1642.54,00:03,3285,-94
1642.62,00:04,3285,-81
1643.02,00:02,3286,-93
1643.03,00:03,3286,-94
1643.13,00:04,3286,-81
1643.52,00:02,3287,-92
1643.54,00:03,3287,-94
1643.62,00:04,3287,-81
1644.02,00:02,3288,-92
1644.04,00:03,3288,-94
1644.12,00:04,3288,-81
1644.52,00:02,3289,-92
1644.54,00:03,3289,-94
1644.62,00:04,3289,-80
1645.02,00:02,3290,-92
1645.04,00:03,3290,-95
1645.12,00:04,3290,-80
1645.52,00:02,3291,-92
1645.53,00:03,3291,-95
1645.63,00:04,3291,-80
1646.02,00:02,3292,-92
1646.04,00:03,3292,-95
1646.12,00:04,3292,-79
1646.51,00:02,3293,-92
1646.54,00:03,3293,-95
1646.63,00:04,3293,-79
1647.02,00:02,3294,-92
1647.04,00:03,3294,-95
1647.12,00:04,3294,-79
1647.52,00:02,3295,-92
1647.54,00:03,3295,-95
1647.62,00:04,3295,-79
1648.02,00:02,3296,-92
1648.04,00:03,3296,-95
1648.13,00:04,3296,-78
1648.52,00:02,3297,-92
1648.54,00:03,3297,-95
1648.63,00:04,3297,-78
1649.02,00:02,3298,-92
1649.04,00:03,3298,-95
1649.12,00:04,3298,-78
1649.52,00:02,3299,-92
1649.53,00:03,3299,-95
1649.62,00:04,3299,-77
1650.02,00:02,3300,-92
1650.04,00:03,3300,-95
1650.13,00:04,3300,-77
1650.52,00:02,3301,-92
1650.53,00:03,3301,-95
1650.63,00:04,3301,-77
1651.02,00:02,3302,-92
1651.03,00:03,3302,-95
1651.13,00:04,3302,-76
1651.51,00:02,3303,-92
1651.54,00:03,3303,-95
1651.63,00:04,3303,-76
1652.02,00:02,3304,-92
1652.04,00:03,3304,-95
1652.13,00:04,3304,-76
1652.52,00:02,3305,-92
1652.54,00:03,3305,-95
1652.62,00:04,3305,-75
1653.02,00:02,3306,-92
1653.04,00:03,3306,-95
1653.13,00:04,3306,-75
1653.52,00:02,3307,-91
1653.54,00:03,3307,-95
1653.63,00:04,3307,-75
1654.02,00:02,3308,-91
1654.04,00:03,3308,-95
1654.12,00:04,3308,-74
1654.52,00:02,3309,-91
1654.54,00:03,3309,-95
1654.62,00:04,3309,-74
1655.02,00:02,3310,-91
1655.03,00:03,3310,-95
1655.13,00:04,3310,-74
1655.52,00:02,3311,-91
1655.54,00:03,3311,-95
1655.63,00:04,3311,-73
1656.02,00:02,3312,-91
1656.04,00:03,3312,-95
1656.12,00:04,3312,-73
1656.52,00:02,3313,-91
1656.54,00:03,3313,-95
1656.62,00:04,3313,-72
1657.02,00:02,3314,-91
1657.04,00:03,3314,-95
1657.13,00:04,3314,-72
1657.52,00:02,3315,-91
1657.54,00:03,3315,-95
1657.63,00:04,3315,-71
1658.02,00:02,3316,-91
1658.04,00:03,3316,-95
1658.13,00:04,3316,-71
1658.52,00:02,3317,-91
1658.54,00:03,3317,-95
1658.63,00:04,3317,-71
1659.02,00:02,3318,-91
1659.04,00:03,3318,-95
1659.13,00:04,3318,-70
1659.52,00:02,3319,-91
1659.54,00:03,3319,-95
1659.62,00:04,3319,-70
1660.02,00:02,3320,-91
1660.04,00:03,3320,-95
1660.12,00:04,3320,-70
1660.52,00:02,3321,-91
1660.53,00:03,3321,-95
1660.63,00:04,3321,-69
1661.02,00:02,3322,-91
1661.03,00:03,3322,-95
1661.12,00:04,3322,-69
1661.52,00:02,3323,-91
1661.53,00:03,3323,-95
1661.63,00:04,3323,-69
1662.02,00:02,3324,-91
1662.04,00:03,3324,-95
1662.13,00:04,3324,-68
1662.52,00:02,3325,-91
1662.54,00:03,3325,-95
1662.62,00:04,3325,-68
1663.02,00:02,3326,-91
1663.04,00:03,3326,-95
1663.12,00:04,3326,-68
1663.52,00:02,3327,-91
1663.54,00:03,3327,-95
1663.62,00:04,3327,-67
1664.02,00:02,3328,-91
1664.03,00:03,3328,-95
1664.13,00:04,3328,-67
1664.52,00:02,3329,-90
1664.54,00:03,3329,-95
1664.63,00:04,3329,-67
1665.02,00:02,3330,-90
1665.03,00:03,3330,-95
1665.12,00:04,3330,-66
1665.52,00:02,3331,-90
1665.53,00:03,3331,-95
1665.63,00:04,3331,-66
1666.02,00:02,3332,-90
1666.04,00:03,3332,-96
1666.13,00:04,3332,-65
1666.52,00:02,3333,-90
1666.53,00:03,3333,-96
1666.62,00:04,3333,-65
1667.02,00:02,3334,-90
1667.04,00:03,3334,-96
1667.13,00:04,3334,-65
1667.52,00:02,3335,-90
1667.54,00:03,3335,-96
1667.62,00:04,3335,-64
1668.02,00:02,3336,-90
1668.04,00:03,3336,-96
1668.12,00:04,3336,-64
1668.52,00:02,3337,-90
1668.53,00:03,3337,-96
1668.63,00:04,3337,-63
1669.02,00:02,3338,-90
1669.04,00:03,3338,-96
1669.12,00:04,3338,-63
1669.52,00:02,3339,-90
1669.54,00:03,3339,-96
1669.62,00:04,3339,-62
1670.02,00:02,3340,-90
1670.03,00:03,3340,-96
1670.12,00:04,3340,-61
1670.52,00:02,3341,-90
1670.54,00:03,3341,-96
1670.62,00:04,3341,-61
1671.02,00:02,3342,-90
1671.04,00:03,3342,-96
1671.13,00:04,3342,-60
1671.52,00:02,3343,-90
1671.54,00:03,3343,-96
1671.63,00:04,3343,-60
1672.02,00:02,3344,-90
1672.04,00:03,3344,-96
1672.13,00:04,3344,-59
1672.52,00:02,3345,-90
1672.53,00:03,3345,-96
1672.63,00:04,3345,-58
1673.02,00:02,3346,-90
1673.04,00:03,3346,-96
1673.12,00:04,3346,-57
1673.52,00:02,3347,-90
1673.54,00:03,3347,-96
1673.62,00:04,3347,-57
1674.02,00:02,3348,-90
1674.04,00:03,3348,-96
1674.13,00:04,3348,-56
1674.52,00:02,3349,-90
1674.54,00:03,3349,-96
1674.62,00:04,3349,-55
1675.02,00:02,3350,-90
1675.04,00:03,3350,-96
1675.12,00:04,3350,-54
1675.52,00:02,3351,-90
1675.53,00:03,3351,-96
1675.62,00:04,3351,-53
1676.02,00:02,3352,-89
1676.04,00:03,3352,-96
1676.13,00:04,3352,-53
1676.52,00:02,3353,-89
1676.54,00:03,3353,-96
1676.62,00:04,3353,-53
1677.02,00:02,3354,-89
1677.03,00:03,3354,-96
1677.13,00:04,3354,-53
1677.52,00:02,3355,-89
1677.53,00:03,3355,-96
1677.63,00:04,3355,-53
1678.02,00:02,3356,-89
1678.04,00:03,3356,-96
1678.13,00:04,3356,-53
1678.52,00:02,3357,-89
1678.53,00:03,3357,-96
1678.62,00:04,3357,-54
1679.02,00:02,3358,-89
1679.04,00:03,3358,-96
1679.12,00:04,3358,-55
1679.52,00:02,3359,-89
1679.54,00:03,3359,-97
1679.63,00:04,3359,-55
1680.02,00:02,3360,-89
1680.04,00:03,3360,-97
1680.12,00:04,3360,-56
1680.52,00:02,3361,-89
1680.54,00:03,3361,-97
1680.62,00:04,3361,-57
1681.02,00:02,3362,-89
1681.04,00:03,3362,-97
1681.13,00:04,3362,-58
1681.52,00:02,3363,-89
1681.54,00:03,3363,-97
1681.63,00:04,3363,-58
1682.02,00:02,3364,-89
1682.04,00:03,3364,-97
1682.13,00:04,3364,-59
1682.52,00:02,3365,-89
1682.54,00:03,3365,-97
1682.63,00:04,3365,-60
1683.02,00:02,3366,-89
1683.04,00:03,3366,-97
1683.13,00:04,3366,-61
1683.52,00:02,3367,-89
1683.54,00:03,3367,-97
1683.62,00:04,3367,-61
1684.02,00:02,3368,-89
1684.03,00:03,3368,-97
1684.13,00:04,3368,-62
1684.52,00:02,3369,-89
1684.54,00:03,3369,-97
1684.62,00:04,3369,-62
1685.02,00:02,3370,-89
1685.04,00:03,3370,-97
1685.13,00:04,3370,-63
1685.52,00:02,3371,-89
1685.53,00:03,3371,-97
1685.63,00:04,3371,-63
1686.02,00:02,3372,-89
1686.04,00:03,3372,-97
1686.13,00:04,3372,-64
1686.52,00:02,3373,-89
1686.54,00:03,3373,-97
1686.62,00:04,3373,-64
1687.02,00:02,3374,-89
1687.03,00:03,3374,-97
1687.13,00:04,3374,-65
1687.52,00:02,3375,-89
1687.54,00:03,3375,-97
1687.63,00:04,3375,-65
1688.02,00:02,3376,-89
1688.04,00:03,3376,-97
1688.13,00:04,3376,-66
1688.52,00:02,3377,-89
1688.54,00:03,3377,-97
1688.62,00:04,3377,-66
1689.02,00:02,3378,-89
1689.03,00:03,3378,-97
1689.13,00:04,3378,-66
1689.52,00:02,3379,-88
1689.54,00:03,3379,-97
1689.62,00:04,3379,-67
1690.02,00:02,3380,-88
1690.03,00:03,3380,-97
1690.13,00:04,3380,-67
1690.52,00:02,3381,-88
1690.53,00:03,3381,-97
1690.63,00:04,3381,-68
1691.02,00:02,3382,-88
1691.04,00:03,3382,-98
1691.12,00:04,3382,-68
1691.52,00:02,3383,-88
1691.54,00:03,3383,-98
1691.62,00:04,3383,-68
1692.02,00:02,3384,-88
1692.04,00:03,3384,-98
1692.13,00:04,3384,-69
1692.52,00:02,3385,-88
1692.54,00:03,3385,-98
1692.63,00:04,3385,-69
1693.02,00:02,3386,-88
1693.03,00:03,3386,-98
1693.12,00:04,3386,-69
1693.52,00:02,3387,-88
1693.53,00:03,3387,-98
1693.63,00:04,3387,-69
1694.02,00:02,3388,-88
1694.03,00:03,3388,-98
1694.13,00:04,3388,-70
1694.52,00:02,3389,-88
1694.54,00:03,3389,-98
1694.63,00:04,3389,-70
1695.02,00:02,3390,-88
1695.04,00:03,3390,-98
1695.13,00:04,3390,-70
1695.52,00:02,3391,-88
1695.54,00:03,3391,-98
1695.62,00:04,3391,-71
1696.02,00:02,3392,-88
1696.04,00:03,3392,-98
1696.13,00:04,3392,-71
1696.52,00:02,3393,-88
1696.53,00:03,3393,-98
1696.62,00:04,3393,-72
1697.02,00:02,3394,-88
1697.03,00:03,3394,-98
1697.13,00:04,3394,-72
1697.52,00:02,3395,-88
1697.53,00:03,3395,-98
1697.62,00:04,3395,-73
1698.02,00:02,3396,-88
1698.04,00:03,3396,-98
1698.13,00:04,3396,-73
1698.52,00:02,3397,-88
1698.54,00:03,3397,-98
1698.63,00:04,3397,-73
1699.01,00:02,3398,-88
1699.04,00:03,3398,-98
1699.13,00:04,3398,-74
1699.52,00:02,3399,-88
1699.53,00:03,3399,-98
1699.63,00:04,3399,-74
1700.02,00:02,3400,-88
1700.03,00:03,3400,-98
1700.13,00:04,3400,-75
1700.52,00:02,3401,-88
1700.54,00:03,3401,-98
1700.63,00:04,3401,-75
1701.02,00:02,3402,-88
1701.03,00:03,3402,-98
1701.12,00:04,3402,-75
1701.52,00:02,3403,-88
1701.53,00:03,3403,-99
1701.62,00:04,3403,-76
1702.02,00:02,3404,-88
1702.04,00:03,3404,-99
1702.13,00:04,3404,-76
1702.52,00:02,3405,-88
1702.53,00:03,3405,-99
1702.63,00:04,3405,-76
1703.02,00:02,3406,-88
1703.04,00:03,3406,-99
1703.12,00:04,3406,-77
1703.52,00:02,3407,-88
1703.53,00:03,3407,-99
1703.63,00:04,3407,-77
1704.02,00:02,3408,-88
1704.04,00:03,3408,-99
1704.13,00:04,3408,-77
1704.52,00:02,3409,-88
1704.53,00:03,3409,-99
1704.63,00:04,3409,-78
1705.02,00:02,3410,-88
1705.03,00:03,3410,-99
1705.13,00:04,3410,-78
1705.52,00:02,3411,-88
1705.54,00:03,3411,-99
1705.63,00:04,3411,-78
1706.02,00:02,3412,-88
1706.04,00:03,3412,-99
1706.13,00:04,3412,-78
1706.52,00:02,3413,-88
1706.54,00:03,3413,-99
1706.62,00:04,3413,-79
1707.02,00:02,3414,-88
1707.04,00:03,3414,-99
1707.13,00:04,3414,-79
1707.52,00:02,3415,-88
1707.53,00:03,3415,-99
1707.63,00:04,3415,-79
1708.02,00:02,3416,-88
1708.03,00:03,3416,-99
1708.12,00:04,3416,-80
1708.52,00:02,3417,-88
1708.53,00:03,3417,-99
1708.63,00:04,3417,-80
1709.02,00:02,3418,-88
1709.03,00:03,3418,-99
1709.13,00:04,3418,-80
1709.52,00:02,3419,-88
1709.53,00:03,3419,-99
1709.63,00:04,3419,-80
1710.02,00:02,3420,-88
1710.04,00:03,3420,-99
1710.13,00:04,3420,-81
1710.52,00:02,3421,-88
1710.53,00:03,3421,-99
1710.62,00:04,3421,-81
1711.02,00:02,3422,-88
1711.03,00:03,3422,-99
1711.13,00:04,3422,-81
1711.52,00:02,3423,-88
1711.53,00:03,3423,-99
1711.63,00:04,3423,-81
1712.02,00:02,3424,-87
1712.03,00:03,3424,-100
1712.13,00:04,3424,-82
1712.52,00:02,3425,-87
1712.53,00:03,3425,-100
1712.63,00:04,3425,-82
1713.02,00:02,3426,-87
1713.04,00:03,3426,-100
1713.13,00:04,3426,-82
1713.52,00:02,3427,-87
1713.53,00:03,3427,-100
1713.62,00:04,3427,-82
1714.02,00:02,3428,-87
1714.04,00:03,3428,-100
1714.13,00:04,3428,-83
1714.52,00:02,3429,-87
1714.54,00:03,3429,-100
1714.63,00:04,3429,-83
1715.02,00:02,3430,-87
1715.04,00:03,3430,-100
1715.13,00:04,3430,-83
1715.52,00:02,3431,-87
1715.53,00:03,3431,-100
1715.63,00:04,3431,-83
1716.02,00:02,3432,-87
1716.03,00:03,3432,-100
1716.13,00:04,3432,-84
1716.52,00:02,3433,-87
1716.53,00:03,3433,-100
1716.62,00:04,3433,-84
1717.02,00:02,3434,-87
1717.03,00:03,3434,-100
1717.13,00:04,3434,-84
1717.52,00:02,3435,-87
1717.54,00:03,3435,-100
1717.63,00:04,3435,-84
1718.02,00:02,3436,-87
1718.03,00:03,3436,-100
1718.13,00:04,3436,-84
1718.52,00:02,3437,-87
1718.53,00:03,3437,-100
1718.62,00:04,3437,-85
1719.02,00:02,3438,-87
1719.04,00:03,3438,-100
1719.12,00:04,3438,-85
1719.52,00:02,3439,-87
1719.53,00:03,3439,-100
1719.63,00:04,3439,-85
1720.02,00:02,3440,-87
1720.04,00:03,3440,-100
1720.13,00:04,3440,-85
1720.52,00:02,3441,-87
1720.53,00:03,3441,-100
1720.63,00:04,3441,-85
1721.02,00:02,3442,-87
1721.04,00:03,3442,-100
1721.13,00:04,3442,-86
1721.52,00:02,3443,-87
1721.53,00:03,3443,-100
1721.63,00:04,3443,-86
