Time_s,Src_MAC,Seq_Num,RSSI_dBm
0.00661149,00:02,0,-59
0.057484,00:03,0,-94
0.106247,00:04,0,-94
0.505848,00:02,1,-59
0.5565,00:03,1,-94
0.605756,00:04,1,-94
1.00567,00:02,2,-59
1.05555,00:03,2,-94
1.10754,00:04,2,-93
1.50471,00:02,3,-59
1.55719,00:03,3,-94
1.60624,00:04,3,-93
2.00573,00:02,4,-60
2.05744,00:03,4,-94
2.10436,00:04,4,-93
2.50627,00:02,5,-61
2.55566,00:03,5,-94
2.60591,00:04,5,-93
3.00585,00:02,6,-61
3.05515,00:03,6,-94
3.10617,00:04,6,-93
3.50437,00:02,7,-62
3.55573,00:03,7,-93
3.60451,00:04,7,-93
4.00316,00:02,8,-62
4.05574,00:03,8,-93
4.10557,00:04,8,-93
4.50527,00:02,9,-63
4.55655,00:03,9,-93
4.60608,00:04,9,-93
5.00525,00:02,10,-64
5.05617,00:03,10,-93
5.10478,00:04,10,-93
5.50581,00:02,11,-64
5.55467,00:03,11,-93
5.60649,00:04,11,-93
6.0038,00:02,12,-65
6.0547,00:03,12,-93
6.10503,00:04,12,-93
6.50421,00:02,13,-65
6.55654,00:03,13,-93
6.6063,00:04,13,-93
7.00343,00:02,14,-66
7.05494,00:03,14,-93
7.10639,00:04,14,-93
7.50579,00:02,15,-67
7.554,00:03,15,-93
7.60418,00:04,15,-93
8.00612,00:02,16,-67
8.05528,00:03,16,-93
8.10769,00:04,16,-93
8.50439,00:02,17,-68
8.55463,00:03,17,-92
8.6044,00:04,17,-93
9.00492,00:02,18,-68
9.05533,00:03,18,-92
9.10585,00:04,18,-93
9.50493,00:02,19,-69
9.55459,00:03,19,-92
9.60517,00:04,19,-93
10.0047,00:02,20,-69
10.054,00:03,20,-92
10.1068,00:04,20,-93
10.5045,00:02,21,-69
10.5557,00:03,21,-92
10.6051,00:04,21,-93
11.007,00:02,22,-70
11.0533,00:03,22,-92
11.1046,00:04,22,-93
11.5047,00:02,23,-70
11.5543,00:03,23,-92
11.6046,00:04,23,-93
12.0062,00:02,24,-71
12.0536,00:03,24,-92
12.1058,00:04,24,-93
12.5043,00:02,25,-71
12.5558,00:03,25,-92
12.606,00:04,25,-93
13.0049,00:02,26,-71
13.0561,00:03,26,-91
13.1055,00:04,26,-93
13.5058,00:02,27,-72
13.555,00:03,27,-91
13.6056,00:04,27,-93
14.0042,00:02,28,-72
14.0547,00:03,28,-91
14.105,00:04,28,-93
14.5047,00:02,29,-72
14.5552,00:03,29,-91
14.6077,00:04,29,-93
15.0065,00:02,30,-73
15.0571,00:03,30,-91
15.1073,00:04,30,-92
15.5039,00:02,31,-73
15.5544,00:03,31,-91
15.606,00:04,31,-92
16.0045,00:02,32,-73
16.056,00:03,32,-91
16.1049,00:04,32,-92
16.507,00:02,33,-73
16.5549,00:03,33,-91
16.6068,00:04,33,-92
17.005,00:02,34,-74
17.0566,00:03,34,-91
17.105,00:04,34,-92
17.5059,00:02,35,-74
17.5555,00:03,35,-90
17.606,00:04,35,-92
18.0057,00:02,36,-74
18.0547,00:03,36,-90
18.1056,00:04,36,-92
18.507,00:02,37,-75
18.5532,00:03,37,-90
18.6041,00:04,37,-92
19.0059,00:02,38,-75
19.0571,00:03,38,-90
19.1073,00:04,38,-92
19.5046,00:02,39,-76
19.5555,00:03,39,-90
19.6043,00:04,39,-92
20.0044,00:02,40,-76
20.0545,00:03,40,-90
20.1047,00:04,40,-92
20.5051,00:02,41,-77
20.5555,00:03,41,-90
20.6052,00:04,41,-92
21.0047,00:02,42,-77
21.0544,00:03,42,-90
21.1073,00:04,42,-92
21.5057,00:02,43,-77
21.5535,00:03,43,-89
21.6061,00:04,43,-92
22.0053,00:02,44,-78
22.0552,00:03,44,-89
22.107,00:04,44,-92
22.5053,00:02,45,-78
22.5554,00:03,45,-89
22.6068,00:04,45,-92
23.0052,00:02,46,-79
23.056,00:03,46,-89
23.1045,00:04,46,-92
23.5054,00:02,47,-79
23.5553,00:03,47,-89
23.6052,00:04,47,-92
24.005,00:02,48,-79
24.0543,00:03,48,-89
24.1035,00:04,48,-92
24.5039,00:02,49,-80
24.5554,00:03,49,-89
24.6056,00:04,49,-92
25.0039,00:02,50,-80
25.0555,00:03,50,-89
25.1041,00:04,50,-92
25.5048,00:02,51,-80
25.5546,00:03,51,-88
25.6063,00:04,51,-92
26.0041,00:02,52,-81
26.0544,00:03,52,-88
26.1035,00:04,52,-92
26.5057,00:02,53,-81
26.5533,00:03,53,-88
26.6065,00:04,53,-92
27.0054,00:02,54,-81
27.0556,00:03,54,-88
27.1046,00:04,54,-92
27.5054,00:02,55,-82
27.5552,00:03,55,-88
27.6049,00:04,55,-92
28.0051,00:02,56,-82
28.0558,00:03,56,-88
28.1047,00:04,56,-92
28.5052,00:02,57,-82
28.5547,00:03,57,-88
28.6047,00:04,57,-92
29.0053,00:02,58,-82
29.0562,00:03,58,-87
29.107,00:04,58,-92
29.5048,00:02,59,-83
29.5548,00:03,59,-87
29.6056,00:04,59,-92
30.005,00:02,60,-83
30.055,00:03,60,-87
30.1042,00:04,60,-92
30.5063,00:02,61,-83
30.5555,00:03,61,-87
30.605,00:04,61,-92
31.0069,00:02,62,-84
31.0543,00:03,62,-87
31.1064,00:04,62,-92
31.5035,00:02,63,-84
31.5538,00:03,63,-87
31.606,00:04,63,-92
32.0044,00:02,64,-84
32.0544,00:03,64,-87
32.106,00:04,64,-92
32.5055,00:02,65,-84
32.5534,00:03,65,-86
32.6047,00:04,65,-92
33.0048,00:02,66,-85
33.0555,00:03,66,-86
33.1064,00:04,66,-92
33.504,00:02,67,-85
33.5552,00:03,67,-86
33.6055,00:04,67,-92
34.0065,00:02,68,-85
34.0533,00:03,68,-86
34.1052,00:04,68,-92
34.505,00:02,69,-85
34.5532,00:03,69,-86
34.606,00:04,69,-92
35.0064,00:02,70,-86
35.055,00:03,70,-86
35.1052,00:04,70,-92
35.5041,00:02,71,-86
35.5559,00:03,71,-85
35.6046,00:04,71,-92
36.0038,00:02,72,-86
36.055,00:03,72,-85
36.1034,00:04,72,-92
36.5051,00:02,73,-86
36.5538,00:03,73,-85
36.6051,00:04,73,-92
37.0044,00:02,74,-87
37.0547,00:03,74,-85
37.1063,00:04,74,-92
37.5043,00:02,75,-87
37.5536,00:03,75,-85
37.6052,00:04,75,-92
38.0057,00:02,76,-87
38.0544,00:03,76,-85
38.1046,00:04,76,-92
38.5037,00:02,77,-87
38.5533,00:03,77,-84
38.6051,00:04,77,-92
39.0045,00:02,78,-88
39.0531,00:03,78,-84
39.1064,00:04,78,-92
39.5048,00:02,79,-88
39.5553,00:03,79,-84
39.6058,00:04,79,-92
40.0066,00:02,80,-88
40.0556,00:03,80,-84
40.1058,00:04,80,-92
40.5034,00:02,81,-88
40.5537,00:03,81,-84
40.607,00:04,81,-92
41.0059,00:02,82,-88
41.0568,00:03,82,-84
41.104,00:04,82,-92
41.5047,00:02,83,-89
41.5535,00:03,83,-83
41.6062,00:04,83,-92
42.0054,00:02,84,-89
42.0556,00:03,84,-83
42.1039,00:04,84,-92
42.5073,00:02,85,-89
42.5536,00:03,85,-83
42.6048,00:04,85,-92
43.004,00:02,86,-89
43.0539,00:03,86,-83
43.1044,00:04,86,-92
43.5058,00:02,87,-89
43.5541,00:03,87,-83
43.6064,00:04,87,-92
44.0066,00:02,88,-90
44.0558,00:03,88,-83
44.1045,00:04,88,-92
44.5059,00:02,89,-90
44.554,00:03,89,-82
44.6064,00:04,89,-92
45.0053,00:02,90,-90
45.0539,00:03,90,-82
45.1042,00:04,90,-92
45.5058,00:02,91,-90
45.5541,00:03,91,-82
45.6046,00:04,91,-92
46.0043,00:02,92,-90
46.0525,00:03,92,-82
46.1039,00:04,92,-92
46.5068,00:02,93,-91
46.5561,00:03,93,-82
46.6044,00:04,93,-92
47.0056,00:02,94,-91
47.0549,00:03,94,-81
47.1051,00:04,94,-92
47.5057,00:02,95,-91
47.556,00:03,95,-81
47.6065,00:04,95,-92
48.0055,00:02,96,-91
48.054,00:03,96,-81
48.1045,00:04,96,-92
48.5042,00:02,97,-91
48.5545,00:03,97,-81
48.6043,00:04,97,-92
49.0074,00:02,98,-91
49.0562,00:03,98,-81
49.1041,00:04,98,-92
49.5036,00:02,99,-92
49.5536,00:03,99,-80
49.6053,00:04,99,-92
50.0046,00:02,100,-92
50.0552,00:03,100,-80
50.1064,00:04,100,-92
50.5048,00:02,101,-92
50.5544,00:03,101,-80
50.6052,00:04,101,-92
51.0042,00:02,102,-92
51.0537,00:03,102,-80
51.1054,00:04,102,-92
51.505,00:02,103,-92
51.5546,00:03,103,-79
51.6057,00:04,103,-92
52.0065,00:02,104,-93
52.054,00:03,104,-79
52.1042,00:04,104,-92
52.5067,00:02,105,-93
52.5547,00:03,105,-79
52.6041,00:04,105,-92
53.0055,00:02,106,-93
53.0544,00:03,106,-79
53.1048,00:04,106,-92
53.5047,00:02,107,-93
53.5543,00:03,107,-79
53.6043,00:04,107,-92
54.0061,00:02,108,-93
54.0544,00:03,108,-78
54.1068,00:04,108,-92
54.506,00:02,109,-93
54.5543,00:03,109,-78
54.605,00:04,109,-92
55.0038,00:02,110,-93
55.0524,00:03,110,-78
55.1045,00:04,110,-92
55.5063,00:02,111,-94
55.5539,00:03,111,-78
55.6045,00:04,111,-92
56.0073,00:02,112,-94
56.0546,00:03,112,-77
56.1053,00:04,112,-92
56.505,00:02,113,-94
56.5538,00:03,113,-77
56.6043,00:04,113,-92
57.0049,00:02,114,-94
57.0552,00:03,114,-77
57.1041,00:04,114,-92
57.5052,00:02,115,-94
57.5545,00:03,115,-77
57.6062,00:04,115,-92
58.0045,00:02,116,-94
58.0551,00:03,116,-76
58.1046,00:04,116,-92
58.504,00:02,117,-95
58.5534,00:03,117,-76
58.606,00:04,117,-92
59.0075,00:02,118,-95
59.0535,00:03,118,-76
59.1061,00:04,118,-92
59.505,00:02,119,-95
59.5555,00:03,119,-75
59.6038,00:04,119,-92
60.0043,00:02,120,-95
60.0544,00:03,120,-75
60.106,00:04,120,-92
60.505,00:02,121,-95
60.5549,00:03,121,-75
60.6066,00:04,121,-92
61.0066,00:02,122,-95
61.0546,00:03,122,-75
61.1056,00:04,122,-92
61.5055,00:02,123,-95
61.5541,00:03,123,-74
61.6038,00:04,123,-92
62.0041,00:02,124,-96
62.055,00:03,124,-74
62.1055,00:04,124,-92
62.5067,00:02,125,-96
62.5552,00:03,125,-74
62.6035,00:04,125,-92
63.0053,00:02,126,-96
63.0536,00:03,126,-73
63.1051,00:04,126,-92
63.5052,00:02,127,-96
63.5542,00:03,127,-73
63.6048,00:04,127,-92
64.006,00:02,128,-96
64.0539,00:03,128,-73
64.1057,00:04,128,-92
64.5046,00:02,129,-96
64.5538,00:03,129,-72
64.6053,00:04,129,-92
65.0039,00:02,130,-96
65.0545,00:03,130,-72
65.1041,00:04,130,-92
65.5052,00:02,131,-97
65.5525,00:03,131,-72
65.6059,00:04,131,-92
66.0052,00:02,132,-97
66.0551,00:03,132,-71
66.1052,00:04,132,-92
66.5056,00:02,133,-97
66.554,00:03,133,-71
66.6038,00:04,133,-92
67.0057,00:02,134,-97
67.0544,00:03,134,-71
67.1041,00:04,134,-92
67.5067,00:02,135,-97
67.5544,00:03,135,-70
67.6041,00:04,135,-92
68.0069,00:02,136,-97
68.0549,00:03,136,-70
68.1033,00:04,136,-92
68.5059,00:02,137,-97
68.5547,00:03,137,-70
68.6051,00:04,137,-92
69.0062,00:02,138,-97
69.055,00:03,138,-69
69.1055,00:04,138,-92
69.5047,00:02,139,-98
69.5536,00:03,139,-69
69.6041,00:04,139,-92
70.0067,00:02,140,-98
70.0535,00:03,140,-68
70.1062,00:04,140,-92
70.5058,00:02,141,-98
70.5539,00:03,141,-68
70.6039,00:04,141,-92
71.0067,00:02,142,-98
71.0548,00:03,142,-67
71.104,00:04,142,-92
71.5056,00:02,143,-98
71.5552,00:03,143,-67
71.6054,00:04,143,-92
72.0062,00:02,144,-98
72.0547,00:03,144,-67
72.1041,00:04,144,-92
72.5048,00:02,145,-98
72.5544,00:03,145,-66
72.6047,00:04,145,-92
73.0073,00:02,146,-98
73.0536,00:03,146,-66
73.1046,00:04,146,-92
73.5055,00:02,147,-98
73.5532,00:03,147,-66
73.6048,00:04,147,-92
74.0072,00:02,148,-99
74.0519,00:03,148,-65
74.1043,00:04,148,-92
74.5069,00:02,149,-99
74.556,00:03,149,-65
74.6045,00:04,149,-92
75.0042,00:02,150,-99
75.0544,00:03,150,-65
75.1045,00:04,150,-93
75.5049,00:02,151,-99
75.5538,00:03,151,-64
75.6039,00:04,151,-93
76.0038,00:02,152,-99
76.053,00:03,152,-64
76.1037,00:04,152,-93
76.5061,00:02,153,-99
76.5532,00:03,153,-64
76.6036,00:04,153,-93
77.006,00:02,154,-99
77.0543,00:03,154,-63
77.1044,00:04,154,-93
77.5071,00:02,155,-99
77.5524,00:03,155,-63
77.6053,00:04,155,-93
78.0064,00:02,156,-100
78.0548,00:03,156,-63
78.1053,00:04,156,-93
78.5053,00:02,157,-100
78.5559,00:03,157,-62
78.6056,00:04,157,-93
79.0062,00:02,158,-100
79.052,00:03,158,-62
79.1046,00:04,158,-93
79.5068,00:02,159,-100
79.5556,00:03,159,-61
79.6062,00:04,159,-93
80.0079,00:02,160,-100
80.0545,00:03,160,-61
80.1056,00:04,160,-93
80.5057,00:02,161,-100
80.5544,00:03,161,-61
80.6033,00:04,161,-93
81.0062,00:02,162,-100
81.055,00:03,162,-60
81.1041,00:04,162,-93
81.5057,00:02,163,-100
81.555,00:03,163,-60
81.6045,00:04,163,-93
82.0073,00:02,164,-100
82.0546,00:03,164,-59
82.1028,00:04,164,-93
82.5055,00:02,165,-101
82.5526,00:03,165,-59
82.6046,00:04,165,-93
83.0053,00:02,166,-101
83.0533,00:03,166,-58
83.105,00:04,166,-93
83.5051,00:02,167,-101
83.5555,00:03,167,-58
83.6047,00:04,167,-93
84.0066,00:02,168,-101
84.0548,00:03,168,-57
84.103,00:04,168,-93
84.5065,00:02,169,-101
84.554,00:03,169,-56
84.6045,00:04,169,-93
85.0069,00:02,170,-101
85.0542,00:03,170,-56
85.105,00:04,170,-93
85.5067,00:02,171,-101
85.5538,00:03,171,-55
85.6054,00:04,171,-93
86.007,00:02,172,-101
86.0543,00:03,172,-55
86.1051,00:04,172,-93
86.5049,00:02,173,-101
86.5535,00:03,173,-54
86.6049,00:04,173,-93
87.0052,00:02,174,-101
87.0528,00:03,174,-53
87.1051,00:04,174,-93
87.5058,00:02,175,-102
87.5531,00:03,175,-53
87.6065,00:04,175,-93
88.0059,00:02,176,-102
88.0528,00:03,176,-52
88.1053,00:04,176,-93
88.5075,00:02,177,-102
88.5535,00:03,177,-52
88.6053,00:04,177,-93
89.0053,00:02,178,-102
89.0533,00:03,178,-51
89.1062,00:04,178,-94
89.507,00:02,179,-102
89.5545,00:03,179,-51
89.6042,00:04,179,-94
90.0049,00:02,180,-102
90.0524,00:03,180,-51
90.1061,00:04,180,-94
90.5047,00:02,181,-102
90.5522,00:03,181,-52
90.6037,00:04,181,-93
91.0059,00:02,182,-102
91.0534,00:03,182,-53
91.1039,00:04,182,-93
91.5066,00:02,183,-102
91.5547,00:03,183,-54
91.6051,00:04,183,-93
92.0047,00:02,184,-102
92.0546,00:03,184,-55
92.1031,00:04,184,-93
92.5052,00:02,185,-102
92.554,00:03,185,-55
92.6034,00:04,185,-93
93.0061,00:02,186,-102
93.0529,00:03,186,-56
93.1061,00:04,186,-93
93.5057,00:02,187,-102
93.5551,00:03,187,-57
93.6055,00:04,187,-93
94.006,00:02,188,-102
94.0525,00:03,188,-58
94.1048,00:04,188,-93
94.5068,00:02,189,-102
94.5529,00:03,189,-58
94.6048,00:04,189,-93
95.0066,00:02,190,-102
95.0535,00:03,190,-59
95.1053,00:04,190,-93
95.5071,00:02,191,-102
95.5535,00:03,191,-59
95.6049,00:04,191,-93
96.0072,00:02,192,-102
96.0547,00:03,192,-59
96.1041,00:04,192,-93
96.5069,00:02,193,-102
96.5538,00:03,193,-59
96.6052,00:04,193,-93
97.0053,00:02,194,-102
97.0551,00:03,194,-59
97.1059,00:04,194,-93
97.5052,00:02,195,-102
97.5533,00:03,195,-59
97.6047,00:04,195,-93
98.0059,00:02,196,-102
98.0524,00:03,196,-59
98.1047,00:04,196,-93
98.5064,00:02,197,-102
98.5537,00:03,197,-59
98.6045,00:04,197,-93
99.0064,00:02,198,-101
99.0537,00:03,198,-59
99.1055,00:04,198,-93
99.5056,00:02,199,-101
99.5521,00:03,199,-59
99.6045,00:04,199,-92
100.007,00:02,200,-101
100.053,00:03,200,-60
100.104,00:04,200,-92
100.506,00:02,201,-101
100.554,00:03,201,-60
100.603,00:04,201,-92
101.007,00:02,202,-101
101.053,00:03,202,-60
101.105,00:04,202,-92
101.505,00:02,203,-101
101.553,00:03,203,-60
101.603,00:04,203,-92
102.006,00:02,204,-101
102.054,00:03,204,-61
102.104,00:04,204,-92
102.507,00:02,205,-101
102.555,00:03,205,-61
102.604,00:04,205,-92
103.007,00:02,206,-101
103.054,00:03,206,-61
103.104,00:04,206,-92
103.505,00:02,207,-101
103.554,00:03,207,-62
103.603,00:04,207,-92
104.005,00:02,208,-100
104.054,00:03,208,-62
104.105,00:04,208,-92
104.506,00:02,209,-100
104.554,00:03,209,-62
104.606,00:04,209,-92
105.004,00:02,210,-100
105.053,00:03,210,-62
105.105,00:04,210,-92
105.507,00:02,211,-100
105.552,00:03,211,-63
105.605,00:04,211,-92
106.007,00:02,212,-100
106.053,00:03,212,-63
106.102,00:04,212,-92
106.505,00:02,213,-100
106.554,00:03,213,-63
106.603,00:04,213,-92
107.007,00:02,214,-100
107.053,00:03,214,-64
107.105,00:04,214,-92
107.505,00:02,215,-100
107.552,00:03,215,-64
107.606,00:04,215,-92
108.006,00:02,216,-100
108.054,00:03,216,-64
108.104,00:04,216,-92
108.505,00:02,217,-99
108.552,00:03,217,-64
108.603,00:04,217,-92
109.007,00:02,218,-99
109.054,00:03,218,-65
109.105,00:04,218,-92
109.505,00:02,219,-99
109.552,00:03,219,-65
109.606,00:04,219,-92
110.006,00:02,220,-99
110.053,00:03,220,-65
110.104,00:04,220,-92
110.507,00:02,221,-99
110.554,00:03,221,-66
110.604,00:04,221,-92
111.006,00:02,222,-99
111.055,00:03,222,-66
111.105,00:04,222,-92
111.506,00:02,223,-99
111.553,00:03,223,-66
111.605,00:04,223,-92
112.005,00:02,224,-99
112.052,00:03,224,-66
112.103,00:04,224,-92
112.506,00:02,225,-99
112.554,00:03,225,-67
112.603,00:04,225,-91
113.005,00:02,226,-98
113.052,00:03,226,-67
113.104,00:04,226,-91
113.507,00:02,227,-98
113.555,00:03,227,-68
113.604,00:04,227,-91
114.008,00:02,228,-98
114.054,00:03,228,-68
114.105,00:04,228,-91
114.505,00:02,229,-98
114.554,00:03,229,-68
114.604,00:04,229,-91
115.005,00:02,230,-98
115.055,00:03,230,-69
115.104,00:04,230,-91
115.505,00:02,231,-98
115.553,00:03,231,-69
115.606,00:04,231,-91
116.007,00:02,232,-98
116.052,00:03,232,-69
116.104,00:04,232,-91
116.508,00:02,233,-98
116.553,00:03,233,-70
116.605,00:04,233,-91
117.007,00:02,234,-98
117.051,00:03,234,-70
117.106,00:04,234,-91
117.507,00:02,235,-97
117.554,00:03,235,-71
117.605,00:04,235,-91
118.005,00:02,236,-97
118.053,00:03,236,-71
118.106,00:04,236,-91
118.507,00:02,237,-97
118.552,00:03,237,-71
118.603,00:04,237,-91
119.006,00:02,238,-97
119.054,00:03,238,-72
119.105,00:04,238,-91
119.505,00:02,239,-97
119.553,00:03,239,-72
119.604,00:04,239,-91
120.006,00:02,240,-97
120.053,00:03,240,-72
120.104,00:04,240,-91
120.505,00:02,241,-97
120.553,00:03,241,-73
120.604,00:04,241,-91
121.005,00:02,242,-96
121.052,00:03,242,-73
121.104,00:04,242,-91
121.506,00:02,243,-96
121.555,00:03,243,-73
121.604,00:04,243,-91
122.007,00:02,244,-96
122.053,00:03,244,-73
122.103,00:04,244,-91
122.507,00:02,245,-96
122.552,00:03,245,-74
122.604,00:04,245,-91
123.005,00:02,246,-96
123.055,00:03,246,-74
123.106,00:04,246,-91
123.507,00:02,247,-96
123.552,00:03,247,-74
123.606,00:04,247,-91
124.006,00:02,248,-96
124.053,00:03,248,-75
124.106,00:04,248,-91
124.507,00:02,249,-96
124.554,00:03,249,-75
124.604,00:04,249,-91
125.008,00:02,250,-95
125.053,00:03,250,-75
125.106,00:04,250,-91
125.507,00:02,251,-95
125.553,00:03,251,-75
125.605,00:04,251,-91
126.007,00:02,252,-95
126.053,00:03,252,-76
126.102,00:04,252,-91
126.506,00:02,253,-95
126.552,00:03,253,-76
126.604,00:04,253,-91
127.005,00:02,254,-95
127.052,00:03,254,-76
127.105,00:04,254,-91
127.508,00:02,255,-95
127.553,00:03,255,-77
127.603,00:04,255,-91
128.007,00:02,256,-95
128.051,00:03,256,-77
128.103,00:04,256,-91
128.506,00:02,257,-94
128.553,00:03,257,-77
128.604,00:04,257,-91
129.007,00:02,258,-94
129.053,00:03,258,-77
129.105,00:04,258,-91
129.507,00:02,259,-94
129.551,00:03,259,-78
129.604,00:04,259,-91
130.006,00:02,260,-94
130.054,00:03,260,-78
130.104,00:04,260,-91
130.506,00:02,261,-94
130.552,00:03,261,-78
130.604,00:04,261,-91
131.007,00:02,262,-94
131.053,00:03,262,-78
131.103,00:04,262,-91
131.506,00:02,263,-93
131.553,00:03,263,-78
131.604,00:04,263,-91
132.008,00:02,264,-93
132.051,00:03,264,-79
132.103,00:04,264,-91
132.506,00:02,265,-93
132.554,00:03,265,-79
132.603,00:04,265,-91
133.005,00:02,266,-100
133.054,00:03,266,-86
133.105,00:04,266,-98
133.507,00:02,267,-100
133.554,00:03,267,-86
133.603,00:04,267,-98
134.008,00:02,268,-100
134.052,00:03,268,-87
134.102,00:04,268,-98
134.507,00:02,269,-100
134.551,00:03,269,-87
134.605,00:04,269,-98
135.009,00:02,270,-99
135.052,00:03,270,-87
135.105,00:04,270,-98
135.507,00:02,271,-99
135.552,00:03,271,-87
135.606,00:04,271,-98
136.005,00:02,272,-99
136.054,00:03,272,-87
136.103,00:04,272,-98
136.507,00:02,273,-99
136.553,00:03,273,-88
136.603,00:04,273,-98
137.007,00:02,274,-99
137.054,00:03,274,-88
137.104,00:04,274,-98
137.505,00:02,275,-99
137.552,00:03,275,-88
137.603,00:04,275,-98
138.008,00:02,276,-98
138.053,00:03,276,-88
138.103,00:04,276,-98
138.507,00:02,277,-98
138.554,00:03,277,-88
138.602,00:04,277,-98
139.008,00:02,278,-98
139.052,00:03,278,-89
139.105,00:04,278,-98
139.505,00:02,279,-98
139.554,00:03,279,-89
139.604,00:04,279,-97
140.007,00:02,280,-98
140.053,00:03,280,-89
140.105,00:04,280,-97
140.508,00:02,281,-97
140.552,00:03,281,-89
140.604,00:04,281,-97
141.008,00:02,282,-97
141.054,00:03,282,-89
141.103,00:04,282,-97
141.508,00:02,283,-97
141.552,00:03,283,-90
141.605,00:04,283,-97
142.008,00:02,284,-97
142.052,00:03,284,-90
142.105,00:04,284,-97
142.505,00:02,285,-97
142.552,00:03,285,-90
142.604,00:04,285,-97
143.006,00:02,286,-96
143.053,00:03,286,-90
143.103,00:04,286,-98
143.506,00:02,287,-96
143.553,00:03,287,-90
143.603,00:04,287,-98
144.006,00:02,288,-96
144.052,00:03,288,-91
144.102,00:04,288,-98
144.507,00:02,289,-96
144.551,00:03,289,-91
144.604,00:04,289,-98
145.007,00:02,290,-96
145.053,00:03,290,-91
145.104,00:04,290,-98
145.507,00:02,291,-95
145.553,00:03,291,-91
145.603,00:04,291,-98
146.006,00:02,292,-95
146.053,00:03,292,-91
146.104,00:04,292,-98
146.505,00:02,293,-95
146.552,00:03,293,-91
146.604,00:04,293,-98
147.007,00:02,294,-95
147.05,00:03,294,-92
147.105,00:04,294,-98
147.506,00:02,295,-95
147.553,00:03,295,-92
147.605,00:04,295,-98
148.006,00:02,296,-94
148.053,00:03,296,-92
148.105,00:04,296,-98
148.507,00:02,297,-94
148.552,00:03,297,-92
148.604,00:04,297,-98
149.007,00:02,298,-87
149.051,00:03,298,-85
149.105,00:04,298,-91
149.506,00:02,299,-87
149.553,00:03,299,-85
149.605,00:04,299,-91
150.008,00:02,300,-87
150.051,00:03,300,-86
150.104,00:04,300,-91
150.507,00:02,301,-86
150.552,00:03,301,-86
150.603,00:04,301,-91
151.007,00:02,302,-86
151.052,00:03,302,-86
151.103,00:04,302,-91
151.508,00:02,303,-86
151.554,00:03,303,-86
151.602,00:04,303,-91
152.008,00:02,304,-86
152.054,00:03,304,-86
152.103,00:04,304,-91
152.508,00:02,305,-85
152.552,00:03,305,-86
152.602,00:04,305,-91
153.007,00:02,306,-85
153.053,00:03,306,-86
153.104,00:04,306,-91
153.507,00:02,307,-85
153.552,00:03,307,-87
153.604,00:04,307,-91
154.006,00:02,308,-85
154.052,00:03,308,-87
154.104,00:04,308,-91
154.506,00:02,309,-84
154.553,00:03,309,-87
154.603,00:04,309,-91
155.007,00:02,310,-84
155.051,00:03,310,-87
155.104,00:04,310,-91
155.507,00:02,311,-84
155.551,00:03,311,-87
155.605,00:04,311,-91
156.006,00:02,312,-84
156.052,00:03,312,-87
156.104,00:04,312,-91
156.507,00:02,313,-83
156.553,00:03,313,-87
156.603,00:04,313,-91
157.007,00:02,314,-83
157.053,00:03,314,-88
157.104,00:04,314,-91
157.507,00:02,315,-83
157.554,00:03,315,-88
157.603,00:04,315,-91
158.008,00:02,316,-82
158.051,00:03,316,-88
158.103,00:04,316,-91
158.507,00:02,317,-82
158.552,00:03,317,-88
158.602,00:04,317,-91
159.007,00:02,318,-82
159.051,00:03,318,-88
159.105,00:04,318,-91
159.506,00:02,319,-82
159.552,00:03,319,-88
159.604,00:04,319,-91
160.007,00:02,320,-81
160.052,00:03,320,-88
160.103,00:04,320,-91
160.506,00:02,321,-81
160.552,00:03,321,-89
160.603,00:04,321,-91
161.007,00:02,322,-81
161.052,00:03,322,-89
161.104,00:04,322,-91
161.506,00:02,323,-80
161.552,00:03,323,-89
161.603,00:04,323,-91
162.007,00:02,324,-80
162.051,00:03,324,-89
162.104,00:04,324,-91
162.507,00:02,325,-80
162.551,00:03,325,-89
162.602,00:04,325,-91
163.006,00:02,326,-79
163.054,00:03,326,-89
163.105,00:04,326,-91
163.508,00:02,327,-79
163.553,00:03,327,-89
163.603,00:04,327,-91
164.005,00:02,328,-79
164.054,00:03,328,-89
164.106,00:04,328,-91
164.507,00:02,329,-78
164.551,00:03,329,-90
164.603,00:04,329,-91
165.007,00:02,330,-78
165.052,00:03,330,-90
165.105,00:04,330,-91
165.508,00:02,331,-78
165.552,00:03,331,-90
165.605,00:04,331,-91
166.006,00:02,332,-77
166.053,00:03,332,-90
166.103,00:04,332,-91
166.507,00:02,333,-77
166.553,00:03,333,-90
166.604,00:04,333,-91
167.008,00:02,334,-76
167.052,00:03,334,-90
167.102,00:04,334,-91
167.507,00:02,335,-76
167.552,00:03,335,-90
167.604,00:04,335,-91
168.006,00:02,336,-76
168.052,00:03,336,-90
168.106,00:04,336,-91
168.507,00:02,337,-75
168.551,00:03,337,-91
168.606,00:04,337,-91
169.005,00:02,338,-75
169.051,00:03,338,-91
169.104,00:04,338,-91
169.508,00:02,339,-74
169.551,00:03,339,-91
169.604,00:04,339,-91
170.007,00:02,340,-74
170.051,00:03,340,-91
170.102,00:04,340,-92
170.507,00:02,341,-74
170.552,00:03,341,-91
170.605,00:04,341,-92
171.007,00:02,342,-74
171.051,00:03,342,-91
171.104,00:04,342,-92
171.506,00:02,343,-73
171.552,00:03,343,-91
171.605,00:04,343,-92
172.007,00:02,344,-73
172.052,00:03,344,-91
172.102,00:04,344,-92
172.507,00:02,345,-73
172.55,00:03,345,-91
172.604,00:04,345,-92
173.008,00:02,346,-73
173.052,00:03,346,-92
173.103,00:04,346,-92
173.507,00:02,347,-72
173.55,00:03,347,-92
173.603,00:04,347,-92
174.008,00:02,348,-72
174.052,00:03,348,-92
174.104,00:04,348,-92
174.507,00:02,349,-72
174.553,00:03,349,-92
174.604,00:04,349,-92
175.007,00:02,350,-71
175.052,00:03,350,-92
175.105,00:04,350,-92
175.508,00:02,351,-71
175.552,00:03,351,-92
175.604,00:04,351,-92
176.007,00:02,352,-71
176.052,00:03,352,-92
176.104,00:04,352,-92
176.508,00:02,353,-71
176.551,00:03,353,-92
176.603,00:04,353,-92
177.006,00:02,354,-70
177.051,00:03,354,-92
177.104,00:04,354,-92
177.506,00:02,355,-70
177.55,00:03,355,-93
177.603,00:04,355,-92
178.006,00:02,356,-70
178.05,00:03,356,-93
178.104,00:04,356,-92
178.507,00:02,357,-69
178.551,00:03,357,-93
178.602,00:04,357,-92
179.006,00:02,358,-69
179.052,00:03,358,-93
179.104,00:04,358,-92
179.507,00:02,359,-69
179.552,00:03,359,-93
179.602,00:04,359,-92
180.006,00:02,360,-69
180.051,00:03,360,-93
180.102,00:04,360,-92
180.509,00:02,361,-68
180.552,00:03,361,-93
180.604,00:04,361,-92
181.006,00:02,362,-68
181.05,00:03,362,-93
181.104,00:04,362,-92
181.506,00:02,363,-68
181.551,00:03,363,-93
181.605,00:04,363,-92
182.008,00:02,364,-68
182.052,00:03,364,-93
182.104,00:04,364,-92
182.507,00:02,365,-67
182.552,00:03,365,-94
182.604,00:04,365,-92
183.006,00:02,366,-67
183.051,00:03,366,-94
183.104,00:04,366,-93
183.508,00:02,367,-67
183.552,00:03,367,-94
183.604,00:04,367,-93
184.007,00:02,368,-67
184.051,00:03,368,-94
184.103,00:04,368,-93
184.507,00:02,369,-67
184.551,00:03,369,-94
184.603,00:04,369,-93
185.007,00:02,370,-67
185.051,00:03,370,-94
185.104,00:04,370,-93
185.508,00:02,371,-67
185.551,00:03,371,-94
185.602,00:04,371,-93
186.007,00:02,372,-66
186.05,00:03,372,-94
186.102,00:04,372,-93
186.508,00:02,373,-67
186.554,00:03,373,-94
186.602,00:04,373,-93
187.008,00:02,374,-68
187.052,00:03,374,-94
187.103,00:04,374,-93
187.507,00:02,375,-68
187.551,00:03,375,-94
187.602,00:04,375,-93
188.007,00:02,376,-69
188.051,00:03,376,-94
188.103,00:04,376,-92
188.508,00:02,377,-69
188.551,00:03,377,-94
188.603,00:04,377,-92
189.009,00:02,378,-69
189.051,00:03,378,-94
189.101,00:04,378,-92
189.506,00:02,379,-70
189.551,00:03,379,-94
189.603,00:04,379,-92
190.008,00:02,380,-70
190.051,00:03,380,-94
190.104,00:04,380,-92
190.509,00:02,381,-71
190.553,00:03,381,-94
190.602,00:04,381,-92
191.007,00:02,382,-71
191.051,00:03,382,-94
191.103,00:04,382,-92
191.508,00:02,383,-71
191.551,00:03,383,-94
191.604,00:04,383,-92
192.008,00:02,384,-71
192.052,00:03,384,-94
192.104,00:04,384,-92
192.508,00:02,385,-71
192.551,00:03,385,-94
192.604,00:04,385,-92
193.005,00:02,386,-71
193.053,00:03,386,-94
193.105,00:04,386,-92
193.508,00:02,387,-71
193.551,00:03,387,-94
193.602,00:04,387,-92
194.007,00:02,388,-71
194.05,00:03,388,-94
194.103,00:04,388,-92
194.508,00:02,389,-71
194.55,00:03,389,-94
194.602,00:04,389,-92
195.006,00:02,390,-71
195.052,00:03,390,-94
195.102,00:04,390,-92
195.508,00:02,391,-71
195.553,00:03,391,-94
195.603,00:04,391,-92
196.007,00:02,392,-71
196.051,00:03,392,-94
196.103,00:04,392,-92
196.507,00:02,393,-72
196.551,00:03,393,-93
196.604,00:04,393,-92
197.008,00:02,394,-72
197.052,00:03,394,-93
197.103,00:04,394,-91
197.507,00:02,395,-72
197.55,00:03,395,-93
197.602,00:04,395,-91
198.007,00:02,396,-72
198.051,00:03,396,-93
198.104,00:04,396,-91
198.507,00:02,397,-72
198.552,00:03,397,-93
198.602,00:04,397,-91
199.007,00:02,398,-72
199.051,00:03,398,-93
199.102,00:04,398,-91
199.506,00:02,399,-72
199.551,00:03,399,-93
199.603,00:04,399,-91
200.009,00:02,400,-73
200.051,00:03,400,-93
200.104,00:04,400,-91
200.509,00:02,401,-73
200.552,00:03,401,-93
200.604,00:04,401,-91
201.009,00:02,402,-73
201.051,00:03,402,-93
201.103,00:04,402,-91
201.508,00:02,403,-73
201.553,00:03,403,-92
201.604,00:04,403,-91
202.008,00:02,404,-73
202.05,00:03,404,-92
202.103,00:04,404,-91
202.509,00:02,405,-73
202.55,00:03,405,-92
202.601,00:04,405,-91
203.008,00:02,406,-74
203.05,00:03,406,-92
203.104,00:04,406,-91
203.507,00:02,407,-74
203.551,00:03,407,-92
203.602,00:04,407,-91
204.007,00:02,408,-74
204.051,00:03,408,-92
204.102,00:04,408,-91
204.508,00:02,409,-74
204.553,00:03,409,-92
204.602,00:04,409,-91
205.007,00:02,410,-75
205.053,00:03,410,-92
205.102,00:04,410,-91
205.508,00:02,411,-75
205.553,00:03,411,-92
205.604,00:04,411,-91
206.008,00:02,412,-75
206.05,00:03,412,-91
206.102,00:04,412,-91
206.508,00:02,413,-76
206.552,00:03,413,-91
206.603,00:04,413,-91
207.008,00:02,414,-76
207.052,00:03,414,-91
207.103,00:04,414,-91
207.507,00:02,415,-76
207.55,00:03,415,-91
207.603,00:04,415,-91
208.007,00:02,416,-76
208.051,00:03,416,-91
208.104,00:04,416,-91
208.508,00:02,417,-77
208.552,00:03,417,-91
208.602,00:04,417,-91
209.008,00:02,418,-77
209.049,00:03,418,-91
209.104,00:04,418,-90
209.509,00:02,419,-77
209.551,00:03,419,-91
209.603,00:04,419,-90
210.009,00:02,420,-78
210.052,00:03,420,-91
210.101,00:04,420,-90
210.507,00:02,421,-78
210.551,00:03,421,-90
210.603,00:04,421,-90
211.007,00:02,422,-78
211.05,00:03,422,-90
211.104,00:04,422,-90
211.508,00:02,423,-79
211.55,00:03,423,-90
211.603,00:04,423,-90
212.008,00:02,424,-79
212.051,00:03,424,-90
212.103,00:04,424,-90
212.507,00:02,425,-79
212.551,00:03,425,-90
212.603,00:04,425,-90
213.007,00:02,426,-80
213.051,00:03,426,-90
213.101,00:04,426,-90
213.507,00:02,427,-80
213.551,00:03,427,-90
213.603,00:04,427,-90
214.008,00:02,428,-80
214.051,00:03,428,-90
214.102,00:04,428,-90
214.508,00:02,429,-80
214.553,00:03,429,-89
214.604,00:04,429,-90
215.008,00:02,430,-81
215.053,00:03,430,-89
215.103,00:04,430,-90
215.508,00:02,431,-81
215.551,00:03,431,-89
215.603,00:04,431,-90
216.008,00:02,432,-81
216.05,00:03,432,-89
216.103,00:04,432,-90
216.507,00:02,433,-82
216.552,00:03,433,-89
216.603,00:04,433,-90
217.006,00:02,434,-82
217.05,00:03,434,-89
217.103,00:04,434,-90
217.509,00:02,435,-82
217.552,00:03,435,-89
217.603,00:04,435,-90
218.008,00:02,436,-82
218.051,00:03,436,-89
218.103,00:04,436,-90
218.508,00:02,437,-83
218.553,00:03,437,-88
218.603,00:04,437,-90
219.007,00:02,438,-83
219.051,00:03,438,-88
219.105,00:04,438,-90
219.508,00:02,439,-83
219.551,00:03,439,-88
219.603,00:04,439,-90
220.007,00:02,440,-83
220.051,00:03,440,-88
220.103,00:04,440,-90
220.507,00:02,441,-84
220.551,00:03,441,-88
220.602,00:04,441,-90
221.007,00:02,442,-84
221.051,00:03,442,-88
221.102,00:04,442,-90
221.507,00:02,443,-84
221.551,00:03,443,-88
221.605,00:04,443,-90
222.01,00:02,444,-84
222.051,00:03,444,-88
222.102,00:04,444,-90
222.508,00:02,445,-85
222.55,00:03,445,-87
222.604,00:04,445,-90
223.007,00:02,446,-85
223.052,00:03,446,-87
223.101,00:04,446,-90
223.508,00:02,447,-85
223.55,00:03,447,-87
223.603,00:04,447,-90
224.008,00:02,448,-85
224.052,00:03,448,-87
224.103,00:04,448,-90
224.508,00:02,449,-86
224.551,00:03,449,-87
224.603,00:04,449,-90
225.01,00:02,450,-86
225.05,00:03,450,-87
225.104,00:04,450,-90
225.509,00:02,451,-86
225.549,00:03,451,-87
225.603,00:04,451,-90
226.007,00:02,452,-86
226.05,00:03,452,-86
226.102,00:04,452,-90
226.508,00:02,453,-87
226.551,00:03,453,-86
226.603,00:04,453,-90
227.006,00:02,454,-87
227.051,00:03,454,-86
227.102,00:04,454,-90
227.508,00:02,455,-87
227.549,00:03,455,-86
227.603,00:04,455,-90
228.007,00:02,456,-87
228.05,00:03,456,-86
228.102,00:04,456,-90
228.508,00:02,457,-87
228.549,00:03,457,-86
228.604,00:04,457,-90
229.009,00:02,458,-88
229.051,00:03,458,-85
229.102,00:04,458,-89
229.509,00:02,459,-88
229.55,00:03,459,-85
229.602,00:04,459,-89
230.009,00:02,460,-88
230.052,00:03,460,-85
230.101,00:04,460,-89
230.508,00:02,461,-88
230.552,00:03,461,-85
230.602,00:04,461,-89
231.007,00:02,462,-88
231.052,00:03,462,-85
231.103,00:04,462,-89
231.506,00:02,463,-89
231.553,00:03,463,-85
231.601,00:04,463,-89
232.009,00:02,464,-89
232.049,00:03,464,-85
232.102,00:04,464,-89
232.507,00:02,465,-89
232.55,00:03,465,-84
232.604,00:04,465,-89
233.009,00:02,466,-89
233.051,00:03,466,-84
233.103,00:04,466,-89
233.508,00:02,467,-89
233.55,00:03,467,-84
233.603,00:04,467,-89
234.007,00:02,468,-90
234.051,00:03,468,-84
234.102,00:04,468,-89
234.51,00:02,469,-90
234.55,00:03,469,-84
234.603,00:04,469,-89
235.008,00:02,470,-90
235.049,00:03,470,-84
235.103,00:04,470,-89
235.508,00:02,471,-90
235.549,00:03,471,-83
235.601,00:04,471,-89
236.008,00:02,472,-90
236.049,00:03,472,-83
236.103,00:04,472,-89
236.508,00:02,473,-90
236.551,00:03,473,-83
236.603,00:04,473,-89
237.006,00:02,474,-91
237.051,00:03,474,-83
237.103,00:04,474,-89
237.509,00:02,475,-91
237.549,00:03,475,-83
237.603,00:04,475,-89
238.006,00:02,476,-91
238.051,00:03,476,-82
238.104,00:04,476,-89
238.509,00:02,477,-91
238.55,00:03,477,-82
238.602,00:04,477,-89
239.008,00:02,478,-91
239.052,00:03,478,-82
239.102,00:04,478,-89
239.506,00:02,479,-92
239.551,00:03,479,-82
239.603,00:04,479,-89
240.008,00:02,480,-92
240.05,00:03,480,-82
240.102,00:04,480,-89
240.509,00:02,481,-92
240.551,00:03,481,-82
240.603,00:04,481,-89
241.007,00:02,482,-92
241.051,00:03,482,-81
241.104,00:04,482,-89
241.508,00:02,483,-92
241.549,00:03,483,-81
241.603,00:04,483,-89
242.009,00:02,484,-92
242.051,00:03,484,-81
242.101,00:04,484,-89
242.507,00:02,485,-93
242.549,00:03,485,-81
242.603,00:04,485,-89
243.01,00:02,486,-93
243.05,00:03,486,-81
243.103,00:04,486,-89
243.509,00:02,487,-93
243.55,00:03,487,-80
243.604,00:04,487,-89
244.01,00:02,488,-93
244.049,00:03,488,-80
244.103,00:04,488,-89
244.508,00:02,489,-93
244.551,00:03,489,-80
244.603,00:04,489,-89
245.007,00:02,490,-93
245.05,00:03,490,-80
245.103,00:04,490,-90
245.509,00:02,491,-93
245.551,00:03,491,-80
245.601,00:04,491,-90
246.006,00:02,492,-94
246.05,00:03,492,-79
246.104,00:04,492,-90
246.508,00:02,493,-94
246.548,00:03,493,-79
246.603,00:04,493,-90
247.008,00:02,494,-94
247.051,00:03,494,-79
247.101,00:04,494,-90
247.509,00:02,495,-94
247.55,00:03,495,-79
247.602,00:04,495,-90
248.009,00:02,496,-94
248.049,00:03,496,-78
248.102,00:04,496,-90
248.508,00:02,497,-94
248.549,00:03,497,-78
248.602,00:04,497,-90
249.009,00:02,498,-95
249.049,00:03,498,-78
249.102,00:04,498,-90
249.509,00:02,499,-95
249.55,00:03,499,-78
249.602,00:04,499,-90
250.008,00:02,500,-95
250.051,00:03,500,-78
250.103,00:04,500,-90
250.507,00:02,501,-95
250.55,00:03,501,-77
250.601,00:04,501,-90
251.009,00:02,502,-95
251.05,00:03,502,-77
251.102,00:04,502,-90
251.509,00:02,503,-95
251.551,00:03,503,-77
251.602,00:04,503,-90
252.01,00:02,504,-95
252.05,00:03,504,-77
252.101,00:04,504,-90
252.507,00:02,505,-95
252.55,00:03,505,-76
252.604,00:04,505,-90
253.008,00:02,506,-96
253.048,00:03,506,-76
253.103,00:04,506,-90
253.509,00:02,507,-96
253.551,00:03,507,-76
253.602,00:04,507,-90
254.007,00:02,508,-96
254.05,00:03,508,-76
254.102,00:04,508,-90
254.509,00:02,509,-96
254.55,00:03,509,-75
254.602,00:04,509,-90
255.007,00:02,510,-96
255.049,00:03,510,-75
255.101,00:04,510,-90
255.509,00:02,511,-96
255.55,00:03,511,-75
255.604,00:04,511,-90
256.009,00:02,512,-96
256.05,00:03,512,-75
256.101,00:04,512,-90
256.51,00:02,513,-97
256.551,00:03,513,-74
256.603,00:04,513,-90
257.008,00:02,514,-97
257.051,00:03,514,-74
257.102,00:04,514,-90
257.507,00:02,515,-97
257.549,00:03,515,-74
257.601,00:04,515,-90
258.008,00:02,516,-97
258.05,00:03,516,-73
258.103,00:04,516,-90
258.508,00:02,517,-97
258.55,00:03,517,-73
258.602,00:04,517,-90
259.006,00:02,518,-97
259.05,00:03,518,-73
259.103,00:04,518,-90
259.508,00:02,519,-97
259.549,00:03,519,-73
259.603,00:04,519,-90
260.007,00:02,520,-97
260.051,00:03,520,-72
260.101,00:04,520,-90
260.51,00:02,521,-98
260.548,00:03,521,-72
260.602,00:04,521,-90
261.008,00:02,522,-98
261.048,00:03,522,-72
261.102,00:04,522,-90
261.507,00:02,523,-98
261.551,00:03,523,-71
261.602,00:04,523,-90
262.009,00:02,524,-98
262.049,00:03,524,-71
262.101,00:04,524,-90
262.51,00:02,525,-98
262.551,00:03,525,-71
262.603,00:04,525,-90
263.008,00:02,526,-98
263.05,00:03,526,-71
263.102,00:04,526,-90
263.507,00:02,527,-98
263.55,00:03,527,-70
263.604,00:04,527,-90
264.008,00:02,528,-98
264.049,00:03,528,-70
264.103,00:04,528,-90
264.508,00:02,529,-99
264.551,00:03,529,-70
264.603,00:04,529,-90
265.007,00:02,530,-99
265.05,00:03,530,-69
265.102,00:04,530,-90
265.507,00:02,531,-99
265.549,00:03,531,-69
265.604,00:04,531,-91
266.009,00:02,532,-99
266.05,00:03,532,-69
266.104,00:04,532,-91
266.508,00:02,533,-99
266.549,00:03,533,-68
266.603,00:04,533,-91
267.007,00:02,534,-99
267.051,00:03,534,-68
267.101,00:04,534,-91
267.508,00:02,535,-99
267.55,00:03,535,-68
267.601,00:04,535,-91
268.007,00:02,536,-99
268.049,00:03,536,-67
268.102,00:04,536,-91
268.509,00:02,537,-99
268.551,00:03,537,-67
268.603,00:04,537,-91
269.007,00:02,538,-100
269.051,00:03,538,-67
269.103,00:04,538,-91
269.509,00:02,539,-100
269.549,00:03,539,-66
269.602,00:04,539,-91
270.008,00:02,540,-100
270.05,00:03,540,-66
270.103,00:04,540,-91
270.507,00:02,541,-100
270.552,00:03,541,-66
270.602,00:04,541,-91
271.008,00:02,542,-100
271.05,00:03,542,-66
271.104,00:04,542,-91
271.508,00:02,543,-100
271.549,00:03,543,-66
271.604,00:04,543,-91
272.009,00:02,544,-100
272.05,00:03,544,-65
272.1,00:04,544,-91
272.508,00:02,545,-100
272.549,00:03,545,-65
272.604,00:04,545,-91
273.008,00:02,546,-100
273.051,00:03,546,-65
273.102,00:04,546,-91
273.508,00:02,547,-100
273.551,00:03,547,-65
273.603,00:04,547,-91
274.007,00:02,548,-101
274.05,00:03,548,-65
274.103,00:04,548,-91
274.509,00:02,549,-101
274.548,00:03,549,-65
274.602,00:04,549,-91
275.008,00:02,550,-101
275.049,00:03,550,-64
275.103,00:04,550,-91
275.508,00:02,551,-101
275.549,00:03,551,-64
275.604,00:04,551,-91
276.01,00:02,552,-101
276.05,00:03,552,-64
276.102,00:04,552,-91
276.507,00:02,553,-101
276.548,00:03,553,-64
276.601,00:04,553,-91
277.007,00:02,554,-101
277.051,00:03,554,-64
277.101,00:04,554,-91
277.509,00:02,555,-101
277.549,00:03,555,-64
277.603,00:04,555,-92
278.009,00:02,556,-101
278.05,00:03,556,-64
278.101,00:04,556,-92
278.507,00:02,557,-102
278.549,00:03,557,-63
278.602,00:04,557,-92
279.009,00:02,558,-102
279.051,00:03,558,-63
279.101,00:04,558,-92
279.508,00:02,559,-102
279.551,00:03,559,-63
279.602,00:04,559,-92
280.01,00:02,560,-102
280.05,00:03,560,-63
280.103,00:04,560,-92
280.509,00:02,561,-102
280.549,00:03,561,-63
280.603,00:04,561,-92
281.009,00:02,562,-102
281.051,00:03,562,-63
281.101,00:04,562,-92
281.509,00:02,563,-102
281.548,00:03,563,-63
281.6,00:04,563,-92
282.008,00:02,564,-102
282.048,00:03,564,-63
282.103,00:04,564,-92
282.509,00:02,565,-102
282.55,00:03,565,-64
282.603,00:04,565,-92
283.008,00:02,566,-102
283.05,00:03,566,-64
283.102,00:04,566,-92
283.509,00:02,567,-102
283.551,00:03,567,-64
283.602,00:04,567,-92
284.007,00:02,568,-102
284.048,00:03,568,-65
284.102,00:04,568,-92
284.509,00:02,569,-102
284.55,00:03,569,-65
284.602,00:04,569,-92
285.01,00:02,570,-102
285.048,00:03,570,-65
285.102,00:04,570,-91
285.507,00:02,571,-102
285.549,00:03,571,-65
285.603,00:04,571,-91
286.008,00:02,572,-102
286.048,00:03,572,-66
286.102,00:04,572,-91
286.508,00:02,573,-102
286.548,00:03,573,-66
286.603,00:04,573,-91
287.008,00:02,574,-102
287.05,00:03,574,-66
287.103,00:04,574,-91
287.507,00:02,575,-102
287.551,00:03,575,-66
287.601,00:04,575,-91
288.01,00:02,576,-102
288.048,00:03,576,-66
288.102,00:04,576,-91
288.507,00:02,577,-102
288.551,00:03,577,-66
288.602,00:04,577,-91
289.008,00:02,578,-102
289.05,00:03,578,-66
289.102,00:04,578,-91
289.509,00:02,579,-102
289.55,00:03,579,-66
289.601,00:04,579,-91
290.01,00:02,580,-102
290.05,00:03,580,-66
290.103,00:04,580,-91
290.508,00:02,581,-102
290.549,00:03,581,-67
290.601,00:04,581,-91
291.009,00:02,582,-102
291.049,00:03,582,-67
291.101,00:04,582,-91
291.509,00:02,583,-102
291.549,00:03,583,-67
291.603,00:04,583,-91
292.01,00:02,584,-102
292.049,00:03,584,-67
292.103,00:04,584,-91
292.508,00:02,585,-101
292.549,00:03,585,-67
292.6,00:04,585,-91
293.008,00:02,586,-101
293.049,00:03,586,-67
293.102,00:04,586,-91
293.509,00:02,587,-101
293.55,00:03,587,-67
293.601,00:04,587,-91
294.009,00:02,588,-101
294.049,00:03,588,-67
294.103,00:04,588,-90
294.509,00:02,589,-101
294.548,00:03,589,-67
294.602,00:04,589,-90
295.009,00:02,590,-101
295.049,00:03,590,-68
295.102,00:04,590,-90
295.509,00:02,591,-101
295.55,00:03,591,-68
295.602,00:04,591,-90
296.008,00:02,592,-101
296.049,00:03,592,-68
296.102,00:04,592,-90
296.51,00:02,593,-101
296.548,00:03,593,-68
296.601,00:04,593,-90
297.007,00:02,594,-101
297.048,00:03,594,-68
297.102,00:04,594,-90
297.51,00:02,595,-100
297.55,00:03,595,-68
297.602,00:04,595,-90
298.008,00:02,596,-100
298.048,00:03,596,-69
298.1,00:04,596,-90
298.51,00:02,597,-100
298.548,00:03,597,-69
298.602,00:04,597,-90
299.008,00:02,598,-100
299.049,00:03,598,-69
299.102,00:04,598,-90
299.508,00:02,599,-100
299.548,00:03,599,-69
299.601,00:04,599,-90
300.009,00:02,600,-100
300.048,00:03,600,-70
300.103,00:04,600,-90
300.508,00:02,601,-100
300.55,00:03,601,-70
300.602,00:04,601,-90
301.008,00:02,602,-100
301.049,00:03,602,-70
301.102,00:04,602,-90
301.508,00:02,603,-100
301.548,00:03,603,-70
301.6,00:04,603,-90
302.009,00:02,604,-100
302.049,00:03,604,-70
302.102,00:04,604,-90
302.511,00:02,605,-99
302.548,00:03,605,-71
302.601,00:04,605,-90
303.008,00:02,606,-99
303.051,00:03,606,-71
303.101,00:04,606,-90
303.508,00:02,607,-99
303.549,00:03,607,-71
303.602,00:04,607,-90
304.008,00:02,608,-99
304.05,00:03,608,-71
304.103,00:04,608,-90
304.509,00:02,609,-99
304.547,00:03,609,-72
304.602,00:04,609,-89
305.01,00:02,610,-99
305.048,00:03,610,-72
305.102,00:04,610,-89
305.51,00:02,611,-99
305.549,00:03,611,-72
305.603,00:04,611,-89
306.009,00:02,612,-99
306.047,00:03,612,-72
306.102,00:04,612,-89
306.507,00:02,613,-99
306.549,00:03,613,-73
306.602,00:04,613,-89
307.011,00:02,614,-98
307.049,00:03,614,-73
307.1,00:04,614,-89
307.509,00:02,615,-98
307.549,00:03,615,-73
307.602,00:04,615,-89
308.008,00:02,616,-98
308.048,00:03,616,-73
308.101,00:04,616,-89
308.509,00:02,617,-98
308.549,00:03,617,-74
308.603,00:04,617,-89
309.009,00:02,618,-98
309.049,00:03,618,-74
309.101,00:04,618,-89
309.51,00:02,619,-98
309.549,00:03,619,-74
309.602,00:04,619,-89
310.008,00:02,620,-98
310.049,00:03,620,-74
310.101,00:04,620,-89
310.508,00:02,621,-98
310.549,00:03,621,-74
310.602,00:04,621,-89
311.01,00:02,622,-97
311.05,00:03,622,-75
311.101,00:04,622,-89
311.509,00:02,623,-97
311.548,00:03,623,-75
311.602,00:04,623,-89
312.008,00:02,624,-97
312.048,00:03,624,-75
312.101,00:04,624,-89
312.511,00:02,625,-97
312.55,00:03,625,-75
312.6,00:04,625,-89
313.008,00:02,626,-97
313.05,00:03,626,-76
313.103,00:04,626,-89
313.509,00:02,627,-97
313.549,00:03,627,-76
313.601,00:04,627,-89
314.01,00:02,628,-97
314.048,00:03,628,-76
314.101,00:04,628,-89
314.507,00:02,629,-97
314.549,00:03,629,-76
314.601,00:04,629,-89
315.009,00:02,630,-96
315.048,00:03,630,-77
315.103,00:04,630,-89
315.507,00:02,631,-96
315.549,00:03,631,-77
315.601,00:04,631,-89
316.01,00:02,632,-96
316.049,00:03,632,-77
316.103,00:04,632,-89
316.509,00:02,633,-96
316.549,00:03,633,-77
316.602,00:04,633,-89
317.009,00:02,634,-96
317.049,00:03,634,-77
317.102,00:04,634,-89
317.51,00:02,635,-96
317.55,00:03,635,-78
317.602,00:04,635,-89
318.009,00:02,636,-96
318.048,00:03,636,-78
318.102,00:04,636,-89
318.507,00:02,637,-96
318.548,00:03,637,-78
318.602,00:04,637,-89
319.009,00:02,638,-95
319.049,00:03,638,-78
319.101,00:04,638,-89
319.509,00:02,639,-95
319.547,00:03,639,-78
319.603,00:04,639,-89
320.009,00:02,640,-95
320.05,00:03,640,-79
320.102,00:04,640,-89
320.51,00:02,641,-95
320.549,00:03,641,-79
320.601,00:04,641,-88
321.009,00:02,642,-95
321.05,00:03,642,-79
321.103,00:04,642,-88
321.509,00:02,643,-95
321.549,00:03,643,-79
321.602,00:04,643,-88
322.008,00:02,644,-95
322.05,00:03,644,-79
322.101,00:04,644,-88
322.509,00:02,645,-94
322.55,00:03,645,-80
322.603,00:04,645,-88
323.008,00:02,646,-94
323.048,00:03,646,-80
323.102,00:04,646,-88
323.509,00:02,647,-94
323.548,00:03,647,-80
323.602,00:04,647,-88
324.009,00:02,648,-94
324.049,00:03,648,-80
324.101,00:04,648,-88
324.509,00:02,649,-94
324.548,00:03,649,-80
324.6,00:04,649,-88
325.007,00:02,650,-94
325.048,00:03,650,-81
325.103,00:04,650,-88
325.509,00:02,651,-94
325.548,00:03,651,-81
325.603,00:04,651,-88
326.009,00:02,652,-93
326.05,00:03,652,-81
326.103,00:04,652,-88
326.509,00:02,653,-93
326.548,00:03,653,-81
326.601,00:04,653,-88
327.008,00:02,654,-97
327.049,00:03,654,-85
327.102,00:04,654,-92
327.507,00:02,655,-97
327.549,00:03,655,-86
327.602,00:04,655,-92
328.009,00:02,656,-97
328.05,00:03,656,-86
328.103,00:04,656,-92
328.508,00:02,657,-97
328.547,00:03,657,-86
328.602,00:04,657,-92
329.01,00:02,658,-97
329.048,00:03,658,-86
329.101,00:04,658,-92
329.51,00:02,659,-96
329.55,00:03,659,-86
329.602,00:04,659,-92
330.008,00:02,660,-96
330.049,00:03,660,-86
330.1,00:04,660,-92
330.508,00:02,661,-96
330.549,00:03,661,-87
330.602,00:04,661,-92
331.01,00:02,662,-96
331.05,00:03,662,-87
331.101,00:04,662,-92
331.509,00:02,663,-96
331.549,00:03,663,-87
331.603,00:04,663,-92
332.007,00:02,664,-96
332.048,00:03,664,-87
332.101,00:04,664,-92
332.51,00:02,665,-95
332.549,00:03,665,-87
332.601,00:04,665,-92
333.009,00:02,666,-95
333.048,00:03,666,-87
333.1,00:04,666,-92
333.508,00:02,667,-95
333.548,00:03,667,-88
333.602,00:04,667,-92
334.009,00:02,668,-95
334.05,00:03,668,-88
334.102,00:04,668,-92
334.509,00:02,669,-95
334.548,00:03,669,-88
334.602,00:04,669,-92
335.008,00:02,670,-95
335.047,00:03,670,-88
335.1,00:04,670,-92
335.509,00:02,671,-94
335.549,00:03,671,-88
335.601,00:04,671,-92
336.008,00:02,672,-94
336.048,00:03,672,-88
336.1,00:04,672,-92
336.509,00:02,673,-94
336.547,00:03,673,-89
336.602,00:04,673,-92
337.008,00:02,674,-94
337.048,00:03,674,-89
337.101,00:04,674,-92
337.509,00:02,675,-94
337.547,00:03,675,-89
337.6,00:04,675,-92
338.009,00:02,676,-94
338.048,00:03,676,-89
338.102,00:04,676,-92
338.509,00:02,677,-93
338.548,00:03,677,-89
338.601,00:04,677,-92
339.009,00:02,678,-89
339.048,00:03,678,-85
339.1,00:04,678,-88
339.51,00:02,679,-89
339.55,00:03,679,-85
339.602,00:04,679,-88
340.01,00:02,680,-89
340.049,00:03,680,-86
340.101,00:04,680,-88
340.51,00:02,681,-89
340.548,00:03,681,-86
340.603,00:04,681,-88
341.011,00:02,682,-88
341.049,00:03,682,-86
341.102,00:04,682,-88
341.51,00:02,683,-88
341.548,00:03,683,-86
341.602,00:04,683,-88
342.01,00:02,684,-88
342.048,00:03,684,-86
342.101,00:04,684,-88
342.51,00:02,685,-88
342.548,00:03,685,-86
342.603,00:04,685,-88
343.009,00:02,686,-88
343.047,00:03,686,-87
343.103,00:04,686,-88
343.508,00:02,687,-87
343.548,00:03,687,-87
343.601,00:04,687,-88
344.009,00:02,688,-87
344.046,00:03,688,-87
344.101,00:04,688,-88
344.509,00:02,689,-87
344.547,00:03,689,-87
344.602,00:04,689,-88
345.009,00:02,690,-87
345.049,00:03,690,-87
345.101,00:04,690,-88
345.508,00:02,691,-87
345.549,00:03,691,-87
345.6,00:04,691,-89
346.011,00:02,692,-86
346.047,00:03,692,-87
346.1,00:04,692,-89
346.508,00:02,693,-86
346.548,00:03,693,-87
346.602,00:04,693,-89
347.008,00:02,694,-86
347.048,00:03,694,-88
347.1,00:04,694,-89
347.51,00:02,695,-86
347.549,00:03,695,-88
347.6,00:04,695,-89
348.009,00:02,696,-86
348.048,00:03,696,-88
348.1,00:04,696,-89
348.509,00:02,697,-85
348.549,00:03,697,-88
348.601,00:04,697,-89
349.011,00:02,698,-85
349.047,00:03,698,-88
349.103,00:04,698,-89
349.51,00:02,699,-85
349.548,00:03,699,-88
349.603,00:04,699,-89
350.011,00:02,700,-85
350.05,00:03,700,-88
350.101,00:04,700,-89
350.51,00:02,701,-85
350.548,00:03,701,-89
350.601,00:04,701,-89
351.008,00:02,702,-84
351.046,00:03,702,-89
351.102,00:04,702,-89
351.509,00:02,703,-84
351.55,00:03,703,-89
351.6,00:04,703,-89
352.009,00:02,704,-84
352.047,00:03,704,-89
352.1,00:04,704,-89
352.51,00:02,705,-84
352.548,00:03,705,-89
352.602,00:04,705,-89
353.01,00:02,706,-83
353.05,00:03,706,-89
353.101,00:04,706,-89
353.51,00:02,707,-83
353.549,00:03,707,-89
353.601,00:04,707,-89
354.011,00:02,708,-83
354.049,00:03,708,-89
354.102,00:04,708,-89
354.508,00:02,709,-83
354.55,00:03,709,-90
354.601,00:04,709,-89
355.01,00:02,710,-82
355.047,00:03,710,-90
355.102,00:04,710,-89
355.51,00:02,711,-82
355.547,00:03,711,-90
355.6,00:04,711,-89
356.009,00:02,712,-82
356.047,00:03,712,-90
356.1,00:04,712,-89
356.511,00:02,713,-82
356.547,00:03,713,-90
356.602,00:04,713,-89
357.01,00:02,714,-82
357.048,00:03,714,-90
357.101,00:04,714,-89
357.509,00:02,715,-81
357.547,00:03,715,-90
357.6,00:04,715,-89
358.009,00:02,716,-81
358.048,00:03,716,-90
358.102,00:04,716,-89
358.511,00:02,717,-81
358.548,00:03,717,-90
358.602,00:04,717,-89
359.009,00:02,718,-81
359.048,00:03,718,-91
359.102,00:04,718,-89
359.51,00:02,719,-80
359.549,00:03,719,-91
359.6,00:04,719,-89
360.01,00:02,720,-80
360.047,00:03,720,-91
360.101,00:04,720,-89
360.509,00:02,721,-80
360.548,00:03,721,-91
360.601,00:04,721,-89
361.009,00:02,722,-84
361.048,00:03,722,-95
361.102,00:04,722,-93
361.511,00:02,723,-83
361.546,00:03,723,-95
361.601,00:04,723,-94
362.009,00:02,724,-83
362.048,00:03,724,-95
362.101,00:04,724,-94
362.509,00:02,725,-83
362.548,00:03,725,-95
362.601,00:04,725,-94
363.011,00:02,726,-83
363.048,00:03,726,-96
363.1,00:04,726,-94
363.51,00:02,727,-82
363.548,00:03,727,-96
363.601,00:04,727,-94
364.008,00:02,728,-82
364.047,00:03,728,-96
364.101,00:04,728,-94
364.509,00:02,729,-82
364.548,00:03,729,-96
364.602,00:04,729,-94
365.008,00:02,730,-78
365.048,00:03,730,-92
365.101,00:04,730,-90
365.51,00:02,731,-78
365.549,00:03,731,-92
365.602,00:04,731,-90
366.009,00:02,732,-77
366.048,00:03,732,-92
366.101,00:04,732,-90
366.51,00:02,733,-77
366.548,00:03,733,-92
366.599,00:04,733,-90
367.008,00:02,734,-77
367.048,00:03,734,-92
367.1,00:04,734,-90
367.511,00:02,735,-77
367.548,00:03,735,-92
367.601,00:04,735,-90
368.009,00:02,736,-76
368.048,00:03,736,-93
368.101,00:04,736,-90
368.509,00:02,737,-76
368.547,00:03,737,-93
368.601,00:04,737,-90
369.01,00:02,738,-76
369.047,00:03,738,-93
369.101,00:04,738,-90
369.509,00:02,739,-76
369.549,00:03,739,-93
369.602,00:04,739,-90
370.011,00:02,740,-76
370.047,00:03,740,-93
370.101,00:04,740,-90
370.508,00:02,741,-76
370.546,00:03,741,-93
370.602,00:04,741,-90
371.008,00:02,742,-75
371.049,00:03,742,-93
371.101,00:04,742,-90
371.508,00:02,743,-75
371.547,00:03,743,-93
371.601,00:04,743,-90
372.01,00:02,744,-75
372.048,00:03,744,-93
372.101,00:04,744,-90
372.509,00:02,745,-75
372.547,00:03,745,-93
372.601,00:04,745,-91
373.01,00:02,746,-75
373.049,00:03,746,-94
373.1,00:04,746,-91
373.512,00:02,747,-75
373.548,00:03,747,-94
373.6,00:04,747,-91
374.01,00:02,748,-75
374.045,00:03,748,-94
374.1,00:04,748,-91
374.511,00:02,749,-74
374.547,00:03,749,-94
374.601,00:04,749,-91
375.011,00:02,750,-74
375.047,00:03,750,-94
375.101,00:04,750,-91
375.511,00:02,751,-74
375.548,00:03,751,-94
375.6,00:04,751,-91
376.008,00:02,752,-74
376.047,00:03,752,-94
376.102,00:04,752,-91
376.508,00:02,753,-74
376.549,00:03,753,-94
376.6,00:04,753,-91
377.01,00:02,754,-74
377.048,00:03,754,-94
377.102,00:04,754,-91
377.51,00:02,755,-74
377.548,00:03,755,-94
377.601,00:04,755,-91
378.01,00:02,756,-74
378.047,00:03,756,-95
378.101,00:04,756,-91
378.509,00:02,757,-75
378.547,00:03,757,-95
378.599,00:04,757,-91
379.01,00:02,758,-75
379.047,00:03,758,-95
379.1,00:04,758,-91
379.508,00:02,759,-76
379.547,00:03,759,-95
379.603,00:04,759,-91
380.008,00:02,760,-76
380.046,00:03,760,-95
380.099,00:04,760,-91
380.51,00:02,761,-76
380.546,00:03,761,-95
380.602,00:04,761,-91
381.012,00:02,762,-77
381.046,00:03,762,-95
381.101,00:04,762,-91
381.511,00:02,763,-77
381.547,00:03,763,-95
381.602,00:04,763,-90
382.01,00:02,764,-78
382.046,00:03,764,-95
382.101,00:04,764,-90
382.509,00:02,765,-78
382.546,00:03,765,-95
382.601,00:04,765,-90
383.011,00:02,766,-78
383.048,00:03,766,-95
383.102,00:04,766,-90
383.509,00:02,767,-78
383.548,00:03,767,-95
383.602,00:04,767,-90
384.01,00:02,768,-78
384.048,00:03,768,-95
384.1,00:04,768,-90
384.511,00:02,769,-78
384.547,00:03,769,-95
384.6,00:04,769,-90
385.009,00:02,770,-78
385.048,00:03,770,-95
385.102,00:04,770,-90
385.509,00:02,771,-78
385.547,00:03,771,-94
385.602,00:04,771,-90
386.008,00:02,772,-78
386.047,00:03,772,-94
386.102,00:04,772,-90
386.51,00:02,773,-78
386.547,00:03,773,-94
386.601,00:04,773,-90
387.011,00:02,774,-79
387.047,00:03,774,-94
387.099,00:04,774,-90
387.508,00:02,775,-79
387.548,00:03,775,-94
387.599,00:04,775,-90
388.009,00:02,776,-79
388.048,00:03,776,-94
388.101,00:04,776,-90
388.51,00:02,777,-79
388.548,00:03,777,-94
388.599,00:04,777,-90
389.009,00:02,778,-79
389.047,00:03,778,-94
389.102,00:04,778,-90
389.511,00:02,779,-79
389.545,00:03,779,-94
389.601,00:04,779,-90
390.009,00:02,780,-79
390.046,00:03,780,-94
390.1,00:04,780,-90
390.51,00:02,781,-79
390.548,00:03,781,-93
390.601,00:04,781,-89
391.009,00:02,782,-79
391.047,00:03,782,-93
391.101,00:04,782,-89
391.511,00:02,783,-79
391.545,00:03,783,-93
391.599,00:04,783,-89
392.01,00:02,784,-79
392.048,00:03,784,-93
392.1,00:04,784,-89
392.511,00:02,785,-79
392.548,00:03,785,-93
392.601,00:04,785,-89
393.011,00:02,786,-80
393.048,00:03,786,-93
393.1,00:04,786,-89
393.51,00:02,787,-80
393.549,00:03,787,-93
393.6,00:04,787,-89
394.009,00:02,788,-80
394.048,00:03,788,-93
394.1,00:04,788,-89
394.51,00:02,789,-80
394.547,00:03,789,-93
394.6,00:04,789,-89
395.009,00:02,790,-80
395.047,00:03,790,-93
395.101,00:04,790,-89
395.509,00:02,791,-80
395.547,00:03,791,-93
395.601,00:04,791,-89
396.009,00:02,792,-80
396.049,00:03,792,-92
396.102,00:04,792,-89
396.511,00:02,793,-81
396.548,00:03,793,-92
396.602,00:04,793,-89
397.01,00:02,794,-85
397.048,00:03,794,-96
397.101,00:04,794,-93
397.508,00:02,795,-85
397.546,00:03,795,-96
397.601,00:04,795,-93
398.01,00:02,796,-85
398.046,00:03,796,-96
398.102,00:04,796,-93
398.511,00:02,797,-85
398.546,00:03,797,-96
398.599,00:04,797,-93
399.009,00:02,798,-85
399.047,00:03,798,-96
399.1,00:04,798,-93
399.511,00:02,799,-86
399.547,00:03,799,-96
399.602,00:04,799,-93
400.01,00:02,800,-86
400.046,00:03,800,-96
400.1,00:04,800,-92
400.508,00:02,801,-86
400.546,00:03,801,-95
400.601,00:04,801,-92
401.01,00:02,802,-82
401.046,00:03,802,-91
401.1,00:04,802,-88
401.509,00:02,803,-82
401.545,00:03,803,-91
401.601,00:04,803,-88
402.011,00:02,804,-82
402.046,00:03,804,-91
402.1,00:04,804,-88
402.51,00:02,805,-83
402.546,00:03,805,-91
402.602,00:04,805,-88
403.011,00:02,806,-83
403.048,00:03,806,-91
403.101,00:04,806,-88
403.51,00:02,807,-83
403.547,00:03,807,-91
403.6,00:04,807,-88
404.011,00:02,808,-83
404.047,00:03,808,-91
404.099,00:04,808,-88
404.511,00:02,809,-83
404.546,00:03,809,-91
404.601,00:04,809,-88
405.011,00:02,810,-84
405.047,00:03,810,-90
405.099,00:04,810,-88
405.509,00:02,811,-84
405.545,00:03,811,-90
405.6,00:04,811,-88
406.011,00:02,812,-84
406.047,00:03,812,-90
406.099,00:04,812,-88
406.512,00:02,813,-84
406.549,00:03,813,-90
406.599,00:04,813,-88
407.012,00:02,814,-84
407.046,00:03,814,-90
407.101,00:04,814,-88
407.51,00:02,815,-85
407.545,00:03,815,-90
407.599,00:04,815,-88
408.01,00:02,816,-85
408.047,00:03,816,-90
408.099,00:04,816,-88
408.511,00:02,817,-85
408.547,00:03,817,-90
408.6,00:04,817,-88
409.01,00:02,818,-85
409.046,00:03,818,-90
409.101,00:04,818,-88
409.509,00:02,819,-85
409.547,00:03,819,-89
409.6,00:04,819,-88
410.009,00:02,820,-85
410.045,00:03,820,-89
410.101,00:04,820,-88
410.51,00:02,821,-86
410.545,00:03,821,-89
410.599,00:04,821,-88
411.01,00:02,822,-86
411.048,00:03,822,-89
411.098,00:04,822,-88
411.509,00:02,823,-86
411.546,00:03,823,-89
411.601,00:04,823,-88
412.011,00:02,824,-86
412.046,00:03,824,-89
412.099,00:04,824,-88
412.511,00:02,825,-86
412.547,00:03,825,-89
412.6,00:04,825,-87
413.012,00:02,826,-87
413.047,00:03,826,-89
413.101,00:04,826,-87
413.511,00:02,827,-87
413.547,00:03,827,-88
413.601,00:04,827,-87
414.012,00:02,828,-87
414.048,00:03,828,-88
414.102,00:04,828,-87
414.51,00:02,829,-87
414.546,00:03,829,-88
414.601,00:04,829,-87
415.009,00:02,830,-87
415.047,00:03,830,-88
415.101,00:04,830,-87
415.51,00:02,831,-87
415.547,00:03,831,-88
415.602,00:04,831,-87
416.009,00:02,832,-88
416.046,00:03,832,-88
416.099,00:04,832,-87
416.51,00:02,833,-88
416.546,00:03,833,-88
416.602,00:04,833,-87
417.01,00:02,834,-88
417.047,00:03,834,-88
417.1,00:04,834,-87
417.51,00:02,835,-88
417.547,00:03,835,-87
417.6,00:04,835,-87
418.01,00:02,836,-88
418.048,00:03,836,-87
418.101,00:04,836,-87
418.511,00:02,837,-89
418.547,00:03,837,-87
418.599,00:04,837,-87
419.011,00:02,838,-89
419.046,00:03,838,-87
419.101,00:04,838,-87
419.51,00:02,839,-89
419.547,00:03,839,-87
419.601,00:04,839,-87
420.011,00:02,840,-89
420.047,00:03,840,-87
420.099,00:04,840,-87
420.511,00:02,841,-89
420.546,00:03,841,-87
420.599,00:04,841,-87
421.011,00:02,842,-89
421.046,00:03,842,-86
421.102,00:04,842,-87
421.51,00:02,843,-90
421.546,00:03,843,-86
421.6,00:04,843,-87
422.009,00:02,844,-90
422.046,00:03,844,-86
422.099,00:04,844,-87
422.509,00:02,845,-90
422.545,00:03,845,-86
422.6,00:04,845,-87
423.011,00:02,846,-94
423.048,00:03,846,-90
423.1,00:04,846,-91
423.511,00:02,847,-94
423.546,00:03,847,-90
423.599,00:04,847,-91
424.01,00:02,848,-94
424.046,00:03,848,-90
424.099,00:04,848,-91
424.51,00:02,849,-95
424.546,00:03,849,-89
424.6,00:04,849,-91
425.012,00:02,850,-95
425.047,00:03,850,-89
425.099,00:04,850,-91
425.51,00:02,851,-95
425.545,00:03,851,-89
425.599,00:04,851,-91
426.01,00:02,852,-95
426.046,00:03,852,-89
426.1,00:04,852,-91
426.511,00:02,853,-95
426.546,00:03,853,-89
426.601,00:04,853,-91
427.011,00:02,854,-95
427.047,00:03,854,-89
427.101,00:04,854,-91
427.509,00:02,855,-96
427.547,00:03,855,-89
427.599,00:04,855,-91
428.009,00:02,856,-96
428.046,00:03,856,-88
428.101,00:04,856,-91
428.51,00:02,857,-96
428.546,00:03,857,-88
428.6,00:04,857,-91
429.011,00:02,858,-96
429.048,00:03,858,-88
429.1,00:04,858,-91
429.511,00:02,859,-96
429.547,00:03,859,-88
429.6,00:04,859,-91
430.01,00:02,860,-96
430.046,00:03,860,-88
430.1,00:04,860,-91
430.511,00:02,861,-96
430.546,00:03,861,-88
430.599,00:04,861,-91
431.013,00:02,862,-97
431.046,00:03,862,-88
431.098,00:04,862,-91
431.512,00:02,863,-97
431.547,00:03,863,-87
431.599,00:04,863,-91
432.012,00:02,864,-97
432.044,00:03,864,-87
432.101,00:04,864,-91
432.511,00:02,865,-97
432.546,00:03,865,-87
432.601,00:04,865,-91
433.01,00:02,866,-97
433.046,00:03,866,-87
433.099,00:04,866,-91
433.512,00:02,867,-97
433.547,00:03,867,-87
433.6,00:04,867,-91
434.012,00:02,868,-97
434.044,00:03,868,-87
434.101,00:04,868,-91
434.51,00:02,869,-98
434.546,00:03,869,-86
434.601,00:04,869,-91
435.012,00:02,870,-94
435.047,00:03,870,-82
435.102,00:04,870,-87
435.509,00:02,871,-94
435.546,00:03,871,-82
435.599,00:04,871,-87
436.01,00:02,872,-94
436.048,00:03,872,-82
436.1,00:04,872,-87
436.509,00:02,873,-94
436.547,00:03,873,-82
436.601,00:04,873,-87
437.01,00:02,874,-94
437.045,00:03,874,-82
437.1,00:04,874,-87
437.511,00:02,875,-94
437.546,00:03,875,-81
437.6,00:04,875,-87
438.011,00:02,876,-95
438.046,00:03,876,-81
438.1,00:04,876,-87
438.511,00:02,877,-95
438.546,00:03,877,-81
438.599,00:04,877,-87
439.01,00:02,878,-95
439.046,00:03,878,-81
439.099,00:04,878,-87
439.511,00:02,879,-95
439.546,00:03,879,-81
439.6,00:04,879,-87
440.013,00:02,880,-95
440.047,00:03,880,-81
440.101,00:04,880,-87
440.512,00:02,881,-95
440.546,00:03,881,-80
440.6,00:04,881,-87
441.012,00:02,882,-95
441.046,00:03,882,-80
441.101,00:04,882,-87
441.511,00:02,883,-96
441.544,00:03,883,-80
441.601,00:04,883,-87
442.01,00:02,884,-96
442.045,00:03,884,-80
442.1,00:04,884,-87
442.511,00:02,885,-96
442.546,00:03,885,-80
442.599,00:04,885,-87
443.01,00:02,886,-96
443.045,00:03,886,-79
443.1,00:04,886,-87
443.511,00:02,887,-96
443.545,00:03,887,-79
443.599,00:04,887,-87
444.012,00:02,888,-96
444.045,00:03,888,-79
444.1,00:04,888,-87
444.513,00:02,889,-96
444.547,00:03,889,-79
444.6,00:04,889,-87
445.011,00:02,890,-96
445.046,00:03,890,-79
445.1,00:04,890,-87
445.51,00:02,891,-97
445.547,00:03,891,-79
445.599,00:04,891,-88
446.012,00:02,892,-97
446.045,00:03,892,-78
446.1,00:04,892,-88
446.511,00:02,893,-97
446.546,00:03,893,-78
446.6,00:04,893,-88
447.011,00:02,894,-97
447.045,00:03,894,-78
447.1,00:04,894,-88
447.511,00:02,895,-97
447.545,00:03,895,-78
447.601,00:04,895,-88
448.011,00:02,896,-97
448.044,00:03,896,-78
448.101,00:04,896,-88
448.511,00:02,897,-97
448.546,00:03,897,-77
448.6,00:04,897,-88
449.011,00:02,898,-97
449.045,00:03,898,-77
449.098,00:04,898,-88
449.512,00:02,899,-97
449.546,00:03,899,-77
449.6,00:04,899,-88
450.012,00:02,900,-98
450.045,00:03,900,-77
450.1,00:04,900,-88
450.509,00:02,901,-98
450.544,00:03,901,-77
450.601,00:04,901,-88
451.011,00:02,902,-98
451.047,00:03,902,-77
451.102,00:04,902,-88
451.512,00:02,903,-98
451.544,00:03,903,-76
451.6,00:04,903,-88
452.011,00:02,904,-98
452.045,00:03,904,-76
452.099,00:04,904,-88
452.511,00:02,905,-98
452.546,00:03,905,-76
452.599,00:04,905,-88
453.009,00:02,906,-98
453.046,00:03,906,-76
453.1,00:04,906,-88
453.51,00:02,907,-98
453.546,00:03,907,-76
453.6,00:04,907,-88
454.011,00:02,908,-99
454.045,00:03,908,-75
454.1,00:04,908,-88
454.512,00:02,909,-99
454.547,00:03,909,-75
454.602,00:04,909,-88
455.01,00:02,910,-99
455.046,00:03,910,-75
455.099,00:04,910,-88
455.51,00:02,911,-99
455.546,00:03,911,-75
455.599,00:04,911,-88
456.011,00:02,912,-99
456.046,00:03,912,-75
456.099,00:04,912,-88
456.511,00:02,913,-99
456.546,00:03,913,-74
456.6,00:04,913,-88
457.01,00:02,914,-103
457.045,00:03,914,-78
457.098,00:04,914,-92
457.509,00:02,915,-103
457.544,00:03,915,-78
457.6,00:04,915,-92
458.01,00:02,916,-103
458.046,00:03,916,-78
458.099,00:04,916,-92
458.511,00:02,917,-104
458.544,00:03,917,-78
458.6,00:04,917,-93
459.01,00:02,918,-104
459.047,00:03,918,-78
459.101,00:04,918,-93
459.509,00:02,919,-104
459.547,00:03,919,-77
459.602,00:04,919,-93
460.009,00:02,920,-104
460.046,00:03,920,-77
460.098,00:04,920,-93
460.513,00:02,921,-104
460.546,00:03,921,-77
460.599,00:04,921,-93
461.012,00:02,922,-100
461.045,00:03,922,-73
461.099,00:04,922,-89
461.511,00:02,923,-100
461.545,00:03,923,-73
461.6,00:04,923,-89
462.01,00:02,924,-100
462.045,00:03,924,-73
462.099,00:04,924,-89
462.512,00:02,925,-100
462.548,00:03,925,-72
462.599,00:04,925,-89
463.011,00:02,926,-100
463.044,00:03,926,-72
463.098,00:04,926,-89
463.513,00:02,927,-101
463.547,00:03,927,-72
463.598,00:04,927,-89
464.01,00:02,928,-101
464.045,00:03,928,-72
464.099,00:04,928,-89
464.51,00:02,929,-101
464.544,00:03,929,-72
464.601,00:04,929,-89
465.009,00:02,930,-101
465.045,00:03,930,-72
465.099,00:04,930,-89
465.512,00:02,931,-101
465.545,00:03,931,-72
465.6,00:04,931,-89
466.011,00:02,932,-101
466.046,00:03,932,-72
466.1,00:04,932,-89
466.513,00:02,933,-101
466.545,00:03,933,-71
466.6,00:04,933,-89
467.012,00:02,934,-101
467.045,00:03,934,-71
467.1,00:04,934,-89
467.511,00:02,935,-101
467.546,00:03,935,-71
467.599,00:04,935,-89
468.01,00:02,936,-101
468.044,00:03,936,-71
468.1,00:04,936,-90
468.51,00:02,937,-102
468.546,00:03,937,-71
468.6,00:04,937,-90
469.011,00:02,938,-102
469.046,00:03,938,-71
469.1,00:04,938,-90
469.512,00:02,939,-102
469.545,00:03,939,-71
469.601,00:04,939,-90
470.012,00:02,940,-102
470.046,00:03,940,-71
470.101,00:04,940,-90
470.511,00:02,941,-102
470.545,00:03,941,-71
470.601,00:04,941,-90
471.01,00:02,942,-102
471.045,00:03,942,-71
471.099,00:04,942,-90
471.511,00:02,943,-102
471.545,00:03,943,-71
471.6,00:04,943,-90
472.01,00:02,944,-102
472.046,00:03,944,-71
472.099,00:04,944,-90
472.509,00:02,945,-102
472.546,00:03,945,-71
472.6,00:04,945,-90
473.012,00:02,946,-102
473.046,00:03,946,-71
473.1,00:04,946,-90
473.513,00:02,947,-102
473.546,00:03,947,-71
473.6,00:04,947,-90
474.012,00:02,948,-103
474.045,00:03,948,-71
474.101,00:04,948,-90
474.51,00:02,949,-103
474.546,00:03,949,-71
474.599,00:04,949,-90
475.009,00:02,950,-103
475.044,00:03,950,-71
475.1,00:04,950,-90
475.51,00:02,951,-103
475.545,00:03,951,-72
475.6,00:04,951,-90
476.012,00:02,952,-103
476.046,00:03,952,-72
476.1,00:04,952,-90
476.511,00:02,953,-103
476.545,00:03,953,-72
476.6,00:04,953,-90
477.011,00:02,954,-103
477.045,00:03,954,-73
477.101,00:04,954,-90
477.511,00:02,955,-103
477.545,00:03,955,-73
477.6,00:04,955,-90
478.012,00:02,956,-103
478.045,00:03,956,-73
478.1,00:04,956,-89
478.512,00:02,957,-103
478.544,00:03,957,-74
478.6,00:04,957,-89
479.013,00:02,958,-103
479.044,00:03,958,-74
479.098,00:04,958,-89
479.512,00:02,959,-103
479.544,00:03,959,-74
479.599,00:04,959,-89
480.011,00:02,960,-103
480.045,00:03,960,-74
480.099,00:04,960,-89
480.511,00:02,961,-103
480.546,00:03,961,-74
480.6,00:04,961,-89
481.013,00:02,962,-103
481.045,00:03,962,-74
481.1,00:04,962,-89
481.511,00:02,963,-103
481.545,00:03,963,-74
481.599,00:04,963,-89
482.012,00:02,964,-102
482.044,00:03,964,-74
482.1,00:04,964,-89
482.512,00:02,965,-102
482.545,00:03,965,-74
482.599,00:04,965,-89
483.011,00:02,966,-102
483.046,00:03,966,-74
483.098,00:04,966,-89
483.512,00:02,967,-102
483.545,00:03,967,-74
483.601,00:04,967,-89
484.011,00:02,968,-102
484.046,00:03,968,-74
484.099,00:04,968,-89
484.511,00:02,969,-102
484.546,00:03,969,-74
484.601,00:04,969,-89
485.011,00:02,970,-102
485.046,00:03,970,-74
485.1,00:04,970,-89
485.511,00:02,971,-102
485.546,00:03,971,-74
485.599,00:04,971,-89
486.012,00:02,972,-102
486.045,00:03,972,-74
486.099,00:04,972,-89
486.512,00:02,973,-102
486.545,00:03,973,-74
486.6,00:04,973,-88
487.011,00:02,974,-102
487.044,00:03,974,-74
487.098,00:04,974,-88
487.51,00:02,975,-101
487.545,00:03,975,-75
487.599,00:04,975,-88
488.011,00:02,976,-101
488.045,00:03,976,-75
488.1,00:04,976,-88
488.512,00:02,977,-101
488.547,00:03,977,-75
488.6,00:04,977,-88
489.012,00:02,978,-101
489.045,00:03,978,-75
489.1,00:04,978,-88
489.512,00:02,979,-101
489.543,00:03,979,-75
489.598,00:04,979,-88
490.012,00:02,980,-101
490.045,00:03,980,-75
490.099,00:04,980,-88
490.511,00:02,981,-101
490.544,00:03,981,-75
490.6,00:04,981,-88
491.01,00:02,982,-101
491.046,00:03,982,-75
491.099,00:04,982,-88
491.512,00:02,983,-101
491.545,00:03,983,-75
491.599,00:04,983,-88
492.01,00:02,984,-101
492.046,00:03,984,-75
492.101,00:04,984,-88
492.511,00:02,985,-100
492.544,00:03,985,-76
492.598,00:04,985,-88
493.013,00:02,986,-104
493.045,00:03,986,-80
493.1,00:04,986,-92
493.51,00:02,987,-104
493.546,00:03,987,-80
493.6,00:04,987,-92
494.012,00:02,988,-104
494.044,00:03,988,-80
494.097,00:04,988,-92
494.512,00:02,989,-104
494.544,00:03,989,-80
494.599,00:04,989,-92
495.011,00:02,990,-104
495.044,00:03,990,-80
495.1,00:04,990,-91
495.511,00:02,991,-104
495.544,00:03,991,-80
495.6,00:04,991,-91
496.011,00:02,992,-104
496.046,00:03,992,-80
496.098,00:04,992,-91
496.511,00:02,993,-104
496.544,00:03,993,-81
496.599,00:04,993,-91
497.01,00:02,994,-100
497.044,00:03,994,-77
497.098,00:04,994,-87
497.512,00:02,995,-99
497.546,00:03,995,-77
497.599,00:04,995,-87
498.011,00:02,996,-99
498.044,00:03,996,-77
498.098,00:04,996,-87
498.511,00:02,997,-99
498.546,00:03,997,-77
498.599,00:04,997,-87
499.013,00:02,998,-99
499.045,00:03,998,-77
499.1,00:04,998,-87
499.512,00:02,999,-99
499.543,00:03,999,-77
499.599,00:04,999,-87
500.011,00:02,1000,-99
500.043,00:03,1000,-78
500.1,00:04,1000,-87
500.512,00:02,1001,-99
500.545,00:03,1001,-78
500.599,00:04,1001,-87
501.012,00:02,1002,-99
501.045,00:03,1002,-78
501.097,00:04,1002,-87
501.512,00:02,1003,-99
501.544,00:03,1003,-78
501.6,00:04,1003,-87
502.013,00:02,1004,-98
502.045,00:03,1004,-78
502.099,00:04,1004,-87
502.511,00:02,1005,-98
502.543,00:03,1005,-78
502.599,00:04,1005,-87
503.012,00:02,1006,-98
503.044,00:03,1006,-78
503.1,00:04,1006,-87
503.513,00:02,1007,-98
503.544,00:03,1007,-79
503.599,00:04,1007,-87
504.012,00:02,1008,-98
504.045,00:03,1008,-79
504.099,00:04,1008,-87
504.51,00:02,1009,-98
504.545,00:03,1009,-79
504.599,00:04,1009,-87
505.012,00:02,1010,-98
505.044,00:03,1010,-79
505.1,00:04,1010,-86
505.511,00:02,1011,-98
505.544,00:03,1011,-79
505.598,00:04,1011,-86
506.012,00:02,1012,-98
506.044,00:03,1012,-79
506.1,00:04,1012,-86
506.511,00:02,1013,-97
506.545,00:03,1013,-79
506.601,00:04,1013,-86
507.012,00:02,1014,-97
507.045,00:03,1014,-80
507.098,00:04,1014,-86
507.513,00:02,1015,-97
507.546,00:03,1015,-80
507.598,00:04,1015,-86
508.013,00:02,1016,-97
508.045,00:03,1016,-80
508.099,00:04,1016,-86
508.513,00:02,1017,-97
508.545,00:03,1017,-80
508.599,00:04,1017,-86
509.013,00:02,1018,-97
509.044,00:03,1018,-80
509.099,00:04,1018,-86
509.513,00:02,1019,-97
509.544,00:03,1019,-80
509.598,00:04,1019,-86
510.011,00:02,1020,-97
510.045,00:03,1020,-81
510.1,00:04,1020,-86
510.51,00:02,1021,-97
510.544,00:03,1021,-81
510.599,00:04,1021,-86
511.012,00:02,1022,-96
511.045,00:03,1022,-81
511.1,00:04,1022,-86
511.512,00:02,1023,-96
511.545,00:03,1023,-81
511.598,00:04,1023,-86
512.011,00:02,1024,-96
512.045,00:03,1024,-81
512.098,00:04,1024,-86
512.512,00:02,1025,-96
512.546,00:03,1025,-81
512.599,00:04,1025,-86
513.013,00:02,1026,-96
513.045,00:03,1026,-81
513.098,00:04,1026,-86
513.513,00:02,1027,-96
513.543,00:03,1027,-82
513.599,00:04,1027,-86
514.01,00:02,1028,-96
514.044,00:03,1028,-82
514.098,00:04,1028,-86
514.511,00:02,1029,-96
514.545,00:03,1029,-82
514.6,00:04,1029,-86
515.011,00:02,1030,-95
515.043,00:03,1030,-82
515.099,00:04,1030,-86
515.513,00:02,1031,-95
515.544,00:03,1031,-82
515.6,00:04,1031,-86
516.01,00:02,1032,-95
516.045,00:03,1032,-82
516.099,00:04,1032,-86
516.513,00:02,1033,-95
516.545,00:03,1033,-83
516.598,00:04,1033,-86
517.012,00:02,1034,-95
517.043,00:03,1034,-83
517.1,00:04,1034,-86
517.512,00:02,1035,-95
517.544,00:03,1035,-83
517.599,00:04,1035,-86
518.012,00:02,1036,-95
518.043,00:03,1036,-83
518.1,00:04,1036,-86
518.513,00:02,1037,-95
518.543,00:03,1037,-83
518.597,00:04,1037,-86
519.012,00:02,1038,-98
519.042,00:03,1038,-87
519.099,00:04,1038,-90
519.512,00:02,1039,-98
519.546,00:03,1039,-87
519.6,00:04,1039,-90
520.012,00:02,1040,-98
520.043,00:03,1040,-88
520.098,00:04,1040,-90
520.51,00:02,1041,-98
520.544,00:03,1041,-88
520.598,00:04,1041,-90
521.011,00:02,1042,-98
521.045,00:03,1042,-88
521.098,00:04,1042,-90
521.513,00:02,1043,-98
521.545,00:03,1043,-88
521.599,00:04,1043,-90
522.012,00:02,1044,-98
522.043,00:03,1044,-88
522.099,00:04,1044,-90
522.51,00:02,1045,-97
522.544,00:03,1045,-88
522.599,00:04,1045,-90
523.013,00:02,1046,-97
523.044,00:03,1046,-88
523.099,00:04,1046,-90
523.511,00:02,1047,-97
523.544,00:03,1047,-89
523.599,00:04,1047,-90
524.011,00:02,1048,-97
524.045,00:03,1048,-89
524.099,00:04,1048,-90
524.512,00:02,1049,-97
524.545,00:03,1049,-89
524.6,00:04,1049,-90
525.012,00:02,1050,-97
525.044,00:03,1050,-89
525.1,00:04,1050,-90
525.512,00:02,1051,-97
525.543,00:03,1051,-89
525.599,00:04,1051,-90
526.013,00:02,1052,-97
526.045,00:03,1052,-89
526.099,00:04,1052,-90
526.513,00:02,1053,-96
526.544,00:03,1053,-89
526.598,00:04,1053,-90
527.013,00:02,1054,-96
527.044,00:03,1054,-90
527.1,00:04,1054,-90
527.511,00:02,1055,-96
527.543,00:03,1055,-90
527.6,00:04,1055,-90
528.012,00:02,1056,-96
528.044,00:03,1056,-90
528.1,00:04,1056,-90
528.512,00:02,1057,-96
528.545,00:03,1057,-90
528.599,00:04,1057,-90
529.013,00:02,1058,-96
529.044,00:03,1058,-90
529.099,00:04,1058,-90
529.511,00:02,1059,-96
529.544,00:03,1059,-90
529.6,00:04,1059,-90
530.012,00:02,1060,-95
530.045,00:03,1060,-90
530.098,00:04,1060,-90
530.511,00:02,1061,-95
530.544,00:03,1061,-90
530.598,00:04,1061,-90
531.012,00:02,1062,-91
531.044,00:03,1062,-87
531.1,00:04,1062,-86
531.513,00:02,1063,-91
531.544,00:03,1063,-87
531.6,00:04,1063,-86
532.012,00:02,1064,-91
532.043,00:03,1064,-87
532.101,00:04,1064,-86
532.511,00:02,1065,-91
532.543,00:03,1065,-87
532.598,00:04,1065,-86
533.013,00:02,1066,-91
533.044,00:03,1066,-87
533.098,00:04,1066,-86
533.511,00:02,1067,-90
533.543,00:03,1067,-87
533.598,00:04,1067,-86
534.012,00:02,1068,-90
534.042,00:03,1068,-87
534.1,00:04,1068,-86
534.512,00:02,1069,-90
534.545,00:03,1069,-88
534.598,00:04,1069,-86
535.013,00:02,1070,-90
535.043,00:03,1070,-88
535.099,00:04,1070,-86
535.511,00:02,1071,-90
535.545,00:03,1071,-88
535.6,00:04,1071,-86
536.011,00:02,1072,-90
536.043,00:03,1072,-88
536.099,00:04,1072,-86
536.512,00:02,1073,-89
536.543,00:03,1073,-88
536.598,00:04,1073,-86
537.013,00:02,1074,-89
537.044,00:03,1074,-88
537.098,00:04,1074,-86
537.513,00:02,1075,-89
537.545,00:03,1075,-88
537.599,00:04,1075,-86
538.012,00:02,1076,-89
538.043,00:03,1076,-88
538.097,00:04,1076,-86
538.513,00:02,1077,-89
538.544,00:03,1077,-88
538.597,00:04,1077,-86
539.012,00:02,1078,-89
539.045,00:03,1078,-89
539.099,00:04,1078,-86
539.511,00:02,1079,-89
539.545,00:03,1079,-89
539.6,00:04,1079,-86
540.011,00:02,1080,-88
540.042,00:03,1080,-89
540.098,00:04,1080,-86
540.512,00:02,1081,-88
540.544,00:03,1081,-89
540.599,00:04,1081,-86
541.011,00:02,1082,-88
541.045,00:03,1082,-89
541.098,00:04,1082,-86
541.512,00:02,1083,-88
541.543,00:03,1083,-89
541.599,00:04,1083,-86
542.011,00:02,1084,-88
542.044,00:03,1084,-89
542.099,00:04,1084,-86
542.512,00:02,1085,-88
542.544,00:03,1085,-89
542.598,00:04,1085,-86
543.012,00:02,1086,-87
543.044,00:03,1086,-90
543.097,00:04,1086,-86
543.512,00:02,1087,-87
543.544,00:03,1087,-90
543.598,00:04,1087,-86
544.012,00:02,1088,-87
544.043,00:03,1088,-90
544.098,00:04,1088,-86
544.513,00:02,1089,-87
544.544,00:03,1089,-90
544.599,00:04,1089,-86
545.013,00:02,1090,-87
545.043,00:03,1090,-90
545.1,00:04,1090,-87
545.513,00:02,1091,-87
545.542,00:03,1091,-90
545.598,00:04,1091,-87
546.014,00:02,1092,-87
546.043,00:03,1092,-90
546.1,00:04,1092,-87
546.51,00:02,1093,-86
546.546,00:03,1093,-90
546.598,00:04,1093,-87
547.011,00:02,1094,-86
547.045,00:03,1094,-90
547.099,00:04,1094,-87
547.513,00:02,1095,-86
547.544,00:03,1095,-91
547.598,00:04,1095,-87
548.013,00:02,1096,-86
548.042,00:03,1096,-91
548.099,00:04,1096,-87
548.512,00:02,1097,-86
548.542,00:03,1097,-91
548.597,00:04,1097,-87
549.012,00:02,1098,-86
549.043,00:03,1098,-91
549.098,00:04,1098,-87
549.512,00:02,1099,-85
549.542,00:03,1099,-91
549.601,00:04,1099,-87
550.012,00:02,1100,-85
550.044,00:03,1100,-91
550.098,00:04,1100,-87
550.512,00:02,1101,-85
550.545,00:03,1101,-91
550.599,00:04,1101,-87
551.013,00:02,1102,-85
551.042,00:03,1102,-91
551.098,00:04,1102,-87
551.511,00:02,1103,-85
551.543,00:03,1103,-91
551.598,00:04,1103,-87
552.013,00:02,1104,-85
552.044,00:03,1104,-92
552.098,00:04,1104,-87
552.512,00:02,1105,-85
552.542,00:03,1105,-92
552.599,00:04,1105,-87
553.012,00:02,1106,-88
553.045,00:03,1106,-96
553.098,00:04,1106,-91
553.511,00:02,1107,-88
553.543,00:03,1107,-96
553.597,00:04,1107,-91
554.013,00:02,1108,-88
554.042,00:03,1108,-96
554.099,00:04,1108,-91
554.513,00:02,1109,-88
554.545,00:03,1109,-96
554.599,00:04,1109,-91
555.012,00:02,1110,-88
555.044,00:03,1110,-96
555.098,00:04,1110,-91
555.511,00:02,1111,-88
555.542,00:03,1111,-96
555.598,00:04,1111,-92
556.011,00:02,1112,-88
556.043,00:03,1112,-96
556.1,00:04,1112,-92
556.512,00:02,1113,-88
556.543,00:03,1113,-96
556.597,00:04,1113,-92
557.011,00:02,1114,-83
557.045,00:03,1114,-93
557.098,00:04,1114,-88
557.512,00:02,1115,-83
557.543,00:03,1115,-93
557.598,00:04,1115,-88
558.011,00:02,1116,-83
558.043,00:03,1116,-93
558.098,00:04,1116,-88
558.511,00:02,1117,-83
558.543,00:03,1117,-93
558.597,00:04,1117,-88
559.012,00:02,1118,-83
559.043,00:03,1118,-93
559.099,00:04,1118,-88
559.513,00:02,1119,-83
559.542,00:03,1119,-93
559.599,00:04,1119,-88
560.013,00:02,1120,-83
560.044,00:03,1120,-93
560.098,00:04,1120,-88
560.512,00:02,1121,-83
560.545,00:03,1121,-93
560.6,00:04,1121,-88
561.014,00:02,1122,-83
561.044,00:03,1122,-93
561.098,00:04,1122,-88
561.512,00:02,1123,-83
561.542,00:03,1123,-93
561.597,00:04,1123,-88
562.012,00:02,1124,-82
562.043,00:03,1124,-94
562.097,00:04,1124,-88
562.513,00:02,1125,-82
562.543,00:03,1125,-94
562.599,00:04,1125,-88
563.012,00:02,1126,-82
563.044,00:03,1126,-94
563.096,00:04,1126,-88
563.512,00:02,1127,-82
563.545,00:03,1127,-94
563.598,00:04,1127,-88
564.01,00:02,1128,-82
564.043,00:03,1128,-94
564.099,00:04,1128,-89
564.512,00:02,1129,-82
564.543,00:03,1129,-94
564.597,00:04,1129,-89
565.01,00:02,1130,-82
565.042,00:03,1130,-94
565.098,00:04,1130,-89
565.512,00:02,1131,-82
565.543,00:03,1131,-94
565.599,00:04,1131,-89
566.013,00:02,1132,-82
566.043,00:03,1132,-94
566.096,00:04,1132,-89
566.514,00:02,1133,-82
566.543,00:03,1133,-94
566.599,00:04,1133,-89
567.012,00:02,1134,-82
567.043,00:03,1134,-94
567.098,00:04,1134,-89
567.512,00:02,1135,-82
567.543,00:03,1135,-95
567.599,00:04,1135,-89
568.012,00:02,1136,-82
568.041,00:03,1136,-95
568.098,00:04,1136,-89
568.512,00:02,1137,-82
568.541,00:03,1137,-95
568.598,00:04,1137,-89
569.014,00:02,1138,-82
569.044,00:03,1138,-95
569.099,00:04,1138,-89
569.512,00:02,1139,-82
569.544,00:03,1139,-95
569.599,00:04,1139,-89
570.013,00:02,1140,-82
570.043,00:03,1140,-95
570.099,00:04,1140,-89
570.512,00:02,1141,-82
570.544,00:03,1141,-95
570.598,00:04,1141,-89
571.011,00:02,1142,-82
571.041,00:03,1142,-95
571.098,00:04,1142,-89
571.513,00:02,1143,-83
571.542,00:03,1143,-95
571.598,00:04,1143,-89
572.012,00:02,1144,-83
572.043,00:03,1144,-95
572.099,00:04,1144,-89
572.514,00:02,1145,-83
572.542,00:03,1145,-95
572.598,00:04,1145,-89
573.013,00:02,1146,-84
573.043,00:03,1146,-95
573.097,00:04,1146,-89
573.513,00:02,1147,-84
573.542,00:03,1147,-95
573.598,00:04,1147,-89
574.014,00:02,1148,-84
574.044,00:03,1148,-95
574.099,00:04,1148,-89
574.513,00:02,1149,-84
574.542,00:03,1149,-95
574.599,00:04,1149,-88
575.01,00:02,1150,-85
575.043,00:03,1150,-95
575.098,00:04,1150,-88
575.514,00:02,1151,-85
575.544,00:03,1151,-95
575.599,00:04,1151,-88
576.012,00:02,1152,-85
576.043,00:03,1152,-95
576.1,00:04,1152,-88
576.512,00:02,1153,-85
576.543,00:03,1153,-95
576.597,00:04,1153,-88
577.013,00:02,1154,-85
577.042,00:03,1154,-95
577.098,00:04,1154,-88
577.514,00:02,1155,-85
577.544,00:03,1155,-95
577.599,00:04,1155,-88
578.012,00:02,1156,-85
578.044,00:03,1156,-95
578.098,00:04,1156,-88
578.511,00:02,1157,-85
578.543,00:03,1157,-95
578.598,00:04,1157,-88
579.012,00:02,1158,-85
579.042,00:03,1158,-95
579.098,00:04,1158,-88
579.514,00:02,1159,-85
579.544,00:03,1159,-95
579.597,00:04,1159,-88
580.012,00:02,1160,-85
580.043,00:03,1160,-95
580.098,00:04,1160,-88
580.513,00:02,1161,-85
580.543,00:03,1161,-94
580.6,00:04,1161,-88
581.013,00:02,1162,-85
581.041,00:03,1162,-94
581.098,00:04,1162,-88
581.513,00:02,1163,-85
581.543,00:03,1163,-94
581.6,00:04,1163,-88
582.013,00:02,1164,-85
582.043,00:03,1164,-94
582.098,00:04,1164,-88
582.512,00:02,1165,-85
582.542,00:03,1165,-94
582.598,00:04,1165,-87
583.013,00:02,1166,-85
583.043,00:03,1166,-94
583.097,00:04,1166,-87
583.512,00:02,1167,-85
583.543,00:03,1167,-94
583.597,00:04,1167,-87
584.014,00:02,1168,-85
584.043,00:03,1168,-94
584.099,00:04,1168,-87
584.513,00:02,1169,-85
584.544,00:03,1169,-94
584.598,00:04,1169,-87
585.013,00:02,1170,-85
585.043,00:03,1170,-94
585.098,00:04,1170,-87
585.51,00:02,1171,-85
585.541,00:03,1171,-94
585.598,00:04,1171,-87
586.012,00:02,1172,-85
586.043,00:03,1172,-93
586.099,00:04,1172,-87
586.513,00:02,1173,-85
586.542,00:03,1173,-93
586.598,00:04,1173,-87
587.011,00:02,1174,-86
587.042,00:03,1174,-93
587.098,00:04,1174,-87
587.513,00:02,1175,-86
587.543,00:03,1175,-93
587.599,00:04,1175,-87
588.013,00:02,1176,-86
588.042,00:03,1176,-93
588.099,00:04,1176,-87
588.512,00:02,1177,-86
588.542,00:03,1177,-93
588.598,00:04,1177,-87
589.013,00:02,1178,-90
589.042,00:03,1178,-97
589.099,00:04,1178,-91
589.514,00:02,1179,-90
589.543,00:03,1179,-97
589.596,00:04,1179,-90
590.013,00:02,1180,-90
590.041,00:03,1180,-97
590.098,00:04,1180,-90
590.513,00:02,1181,-90
590.542,00:03,1181,-97
590.599,00:04,1181,-90
591.011,00:02,1182,-90
591.043,00:03,1182,-97
591.098,00:04,1182,-90
591.514,00:02,1183,-90
591.544,00:03,1183,-96
591.598,00:04,1183,-90
592.013,00:02,1184,-90
592.043,00:03,1184,-96
592.099,00:04,1184,-90
592.514,00:02,1185,-91
592.542,00:03,1185,-96
592.599,00:04,1185,-90
593.013,00:02,1186,-87
593.042,00:03,1186,-92
593.098,00:04,1186,-86
593.512,00:02,1187,-87
593.544,00:03,1187,-92
593.597,00:04,1187,-86
594.014,00:02,1188,-87
594.042,00:03,1188,-92
594.098,00:04,1188,-86
594.514,00:02,1189,-87
594.542,00:03,1189,-92
594.598,00:04,1189,-86
595.012,00:02,1190,-87
595.043,00:03,1190,-92
595.098,00:04,1190,-86
595.512,00:02,1191,-87
595.543,00:03,1191,-92
595.598,00:04,1191,-86
596.011,00:02,1192,-87
596.044,00:03,1192,-92
596.097,00:04,1192,-86
596.513,00:02,1193,-87
596.542,00:03,1193,-91
596.598,00:04,1193,-86
597.015,00:02,1194,-88
597.043,00:03,1194,-91
597.098,00:04,1194,-86
597.513,00:02,1195,-88
597.543,00:03,1195,-91
597.598,00:04,1195,-86
598.013,00:02,1196,-88
598.044,00:03,1196,-91
598.098,00:04,1196,-85
598.513,00:02,1197,-88
598.542,00:03,1197,-91
598.597,00:04,1197,-85
599.012,00:02,1198,-88
599.043,00:03,1198,-91
599.098,00:04,1198,-85
599.513,00:02,1199,-88
599.542,00:03,1199,-91
599.598,00:04,1199,-85
600.014,00:02,1200,-88
600.042,00:03,1200,-91
600.099,00:04,1200,-85
600.512,00:02,1201,-88
600.544,00:03,1201,-91
600.598,00:04,1201,-85
601.013,00:02,1202,-89
601.042,00:03,1202,-91
601.098,00:04,1202,-85
601.513,00:02,1203,-89
601.544,00:03,1203,-90
601.598,00:04,1203,-85
602.013,00:02,1204,-89
602.041,00:03,1204,-90
602.099,00:04,1204,-85
602.513,00:02,1205,-89
602.541,00:03,1205,-90
602.598,00:04,1205,-85
603.014,00:02,1206,-89
603.042,00:03,1206,-90
603.099,00:04,1206,-85
603.513,00:02,1207,-89
603.542,00:03,1207,-90
603.598,00:04,1207,-85
604.013,00:02,1208,-89
604.043,00:03,1208,-90
604.099,00:04,1208,-85
604.513,00:02,1209,-89
604.543,00:03,1209,-90
604.599,00:04,1209,-85
605.013,00:02,1210,-90
605.043,00:03,1210,-90
605.097,00:04,1210,-85
605.511,00:02,1211,-90
605.542,00:03,1211,-90
605.599,00:04,1211,-85
606.013,00:02,1212,-90
606.042,00:03,1212,-89
606.097,00:04,1212,-85
606.514,00:02,1213,-90
606.542,00:03,1213,-89
606.599,00:04,1213,-85
607.012,00:02,1214,-90
607.043,00:03,1214,-89
607.099,00:04,1214,-85
607.513,00:02,1215,-90
607.542,00:03,1215,-89
607.599,00:04,1215,-85
608.014,00:02,1216,-90
608.042,00:03,1216,-89
608.097,00:04,1216,-85
608.512,00:02,1217,-90
608.542,00:03,1217,-89
608.598,00:04,1217,-85
609.012,00:02,1218,-91
609.041,00:03,1218,-89
609.098,00:04,1218,-85
609.514,00:02,1219,-91
609.541,00:03,1219,-89
609.597,00:04,1219,-85
610.012,00:02,1220,-91
610.044,00:03,1220,-89
610.098,00:04,1220,-84
610.512,00:02,1221,-91
610.544,00:03,1221,-88
610.6,00:04,1221,-84
611.011,00:02,1222,-91
611.043,00:03,1222,-88
611.099,00:04,1222,-84
611.514,00:02,1223,-91
611.542,00:03,1223,-88
611.598,00:04,1223,-84
612.013,00:02,1224,-91
612.043,00:03,1224,-88
612.097,00:04,1224,-84
612.513,00:02,1225,-92
612.541,00:03,1225,-88
612.598,00:04,1225,-84
613.013,00:02,1226,-92
613.044,00:03,1226,-88
613.098,00:04,1226,-84
613.511,00:02,1227,-92
613.542,00:03,1227,-88
613.597,00:04,1227,-84
614.013,00:02,1228,-92
614.042,00:03,1228,-88
614.098,00:04,1228,-84
614.512,00:02,1229,-92
614.542,00:03,1229,-87
614.598,00:04,1229,-84
615.014,00:02,1230,-92
615.042,00:03,1230,-87
615.097,00:04,1230,-84
615.514,00:02,1231,-92
615.541,00:03,1231,-87
615.598,00:04,1231,-84
616.013,00:02,1232,-92
616.042,00:03,1232,-87
616.097,00:04,1232,-84
616.512,00:02,1233,-93
616.541,00:03,1233,-87
616.599,00:04,1233,-84
617.015,00:02,1234,-93
617.042,00:03,1234,-87
617.097,00:04,1234,-84
617.513,00:02,1235,-93
617.544,00:03,1235,-87
617.597,00:04,1235,-84
618.011,00:02,1236,-93
618.042,00:03,1236,-87
618.098,00:04,1236,-84
618.512,00:02,1237,-93
618.542,00:03,1237,-86
618.596,00:04,1237,-84
619.014,00:02,1238,-93
619.041,00:03,1238,-86
619.098,00:04,1238,-84
619.513,00:02,1239,-93
619.54,00:03,1239,-86
619.599,00:04,1239,-84
620.012,00:02,1240,-93
620.042,00:03,1240,-86
620.098,00:04,1240,-84
620.512,00:02,1241,-94
620.544,00:03,1241,-86
620.598,00:04,1241,-84
621.013,00:02,1242,-94
621.042,00:03,1242,-86
621.098,00:04,1242,-84
621.511,00:02,1243,-94
621.541,00:03,1243,-86
621.597,00:04,1243,-84
622.013,00:02,1244,-94
622.04,00:03,1244,-86
622.097,00:04,1244,-84
622.513,00:02,1245,-94
622.542,00:03,1245,-85
622.597,00:04,1245,-84
623.014,00:02,1246,-94
623.042,00:03,1246,-85
623.096,00:04,1246,-84
623.513,00:02,1247,-94
623.542,00:03,1247,-85
623.597,00:04,1247,-84
624.013,00:02,1248,-94
624.04,00:03,1248,-85
624.097,00:04,1248,-84
624.514,00:02,1249,-95
624.542,00:03,1249,-85
624.598,00:04,1249,-84
625.011,00:02,1250,-95
625.042,00:03,1250,-85
625.097,00:04,1250,-84
625.514,00:02,1251,-95
625.542,00:03,1251,-85
625.598,00:04,1251,-84
626.014,00:02,1252,-95
626.043,00:03,1252,-85
626.098,00:04,1252,-84
626.512,00:02,1253,-95
626.542,00:03,1253,-84
626.597,00:04,1253,-84
627.012,00:02,1254,-95
627.043,00:03,1254,-84
627.097,00:04,1254,-84
627.513,00:02,1255,-95
627.542,00:03,1255,-84
627.597,00:04,1255,-84
628.011,00:02,1256,-95
628.042,00:03,1256,-84
628.099,00:04,1256,-84
628.512,00:02,1257,-96
628.541,00:03,1257,-84
628.598,00:04,1257,-84
629.012,00:02,1258,-96
629.042,00:03,1258,-84
629.097,00:04,1258,-84
629.513,00:02,1259,-96
629.543,00:03,1259,-84
629.597,00:04,1259,-84
630.013,00:02,1260,-96
630.043,00:03,1260,-84
630.096,00:04,1260,-84
630.512,00:02,1261,-96
630.542,00:03,1261,-83
630.598,00:04,1261,-84
631.014,00:02,1262,-96
631.04,00:03,1262,-83
631.098,00:04,1262,-84
631.514,00:02,1263,-96
631.542,00:03,1263,-83
631.597,00:04,1263,-84
632.014,00:02,1264,-96
632.041,00:03,1264,-83
632.097,00:04,1264,-85
632.513,00:02,1265,-96
632.542,00:03,1265,-83
632.597,00:04,1265,-85
633.014,00:02,1266,-97
633.041,00:03,1266,-83
633.097,00:04,1266,-85
633.514,00:02,1267,-97
633.541,00:03,1267,-83
633.597,00:04,1267,-85
634.013,00:02,1268,-97
634.042,00:03,1268,-83
634.097,00:04,1268,-85
634.512,00:02,1269,-97
634.543,00:03,1269,-82
634.597,00:04,1269,-85
635.013,00:02,1270,-97
635.043,00:03,1270,-82
635.096,00:04,1270,-85
635.513,00:02,1271,-97
635.541,00:03,1271,-82
635.598,00:04,1271,-85
636.013,00:02,1272,-97
636.043,00:03,1272,-82
636.098,00:04,1272,-85
636.514,00:02,1273,-97
636.543,00:03,1273,-82
636.598,00:04,1273,-85
637.013,00:02,1274,-97
637.043,00:03,1274,-82
637.097,00:04,1274,-85
637.513,00:02,1275,-98
637.542,00:03,1275,-82
637.596,00:04,1275,-85
638.014,00:02,1276,-98
638.042,00:03,1276,-81
638.098,00:04,1276,-85
638.512,00:02,1277,-98
638.543,00:03,1277,-81
638.597,00:04,1277,-85
639.013,00:02,1278,-98
639.042,00:03,1278,-81
639.098,00:04,1278,-85
639.514,00:02,1279,-98
639.543,00:03,1279,-81
639.597,00:04,1279,-85
640.014,00:02,1280,-98
640.041,00:03,1280,-81
640.097,00:04,1280,-85
640.512,00:02,1281,-98
640.54,00:03,1281,-81
640.599,00:04,1281,-85
641.013,00:02,1282,-98
641.041,00:03,1282,-81
641.098,00:04,1282,-85
641.513,00:02,1283,-98
641.541,00:03,1283,-81
641.596,00:04,1283,-85
642.015,00:02,1284,-99
642.042,00:03,1284,-80
642.096,00:04,1284,-85
642.513,00:02,1285,-99
642.542,00:03,1285,-80
642.597,00:04,1285,-85
643.013,00:02,1286,-99
643.042,00:03,1286,-80
643.096,00:04,1286,-85
643.512,00:02,1287,-99
643.541,00:03,1287,-80
643.598,00:04,1287,-85
644.012,00:02,1288,-99
644.041,00:03,1288,-80
644.097,00:04,1288,-86
644.513,00:02,1289,-99
644.542,00:03,1289,-80
644.597,00:04,1289,-86
645.012,00:02,1290,-99
645.042,00:03,1290,-80
645.095,00:04,1290,-86
645.515,00:02,1291,-99
645.541,00:03,1291,-80
645.597,00:04,1291,-86
646.013,00:02,1292,-99
646.041,00:03,1292,-79
646.096,00:04,1292,-86
646.514,00:02,1293,-99
646.541,00:03,1293,-79
646.597,00:04,1293,-86
647.015,00:02,1294,-100
647.042,00:03,1294,-79
647.097,00:04,1294,-86
647.512,00:02,1295,-100
647.542,00:03,1295,-79
647.596,00:04,1295,-86
648.012,00:02,1296,-100
648.04,00:03,1296,-79
648.096,00:04,1296,-86
648.513,00:02,1297,-100
648.542,00:03,1297,-79
648.598,00:04,1297,-86
649.014,00:02,1298,-104
649.04,00:03,1298,-83
649.096,00:04,1298,-90
649.513,00:02,1299,-104
649.542,00:03,1299,-83
649.597,00:04,1299,-90
650.014,00:02,1300,-104
650.041,00:03,1300,-83
650.098,00:04,1300,-90
650.514,00:02,1301,-104
650.541,00:03,1301,-82
650.598,00:04,1301,-90
651.013,00:02,1302,-104
651.043,00:03,1302,-82
651.097,00:04,1302,-90
651.512,00:02,1303,-104
651.542,00:03,1303,-82
651.596,00:04,1303,-90
652.013,00:02,1304,-105
652.042,00:03,1304,-82
652.097,00:04,1304,-90
652.513,00:02,1305,-105
652.542,00:03,1305,-82
652.597,00:04,1305,-91
653.015,00:02,1306,-101
653.04,00:03,1306,-78
653.098,00:04,1306,-87
653.513,00:02,1307,-101
653.541,00:03,1307,-78
653.597,00:04,1307,-87
654.013,00:02,1308,-101
654.042,00:03,1308,-78
654.098,00:04,1308,-87
654.514,00:02,1309,-101
654.541,00:03,1309,-78
654.597,00:04,1309,-87
655.011,00:02,1310,-101
655.042,00:03,1310,-78
655.098,00:04,1310,-87
655.514,00:02,1311,-101
655.539,00:03,1311,-78
655.597,00:04,1311,-87
656.013,00:02,1312,-101
656.04,00:03,1312,-78
656.096,00:04,1312,-87
656.515,00:02,1313,-101
656.542,00:03,1313,-77
656.598,00:04,1313,-87
657.014,00:02,1314,-102
657.041,00:03,1314,-77
657.098,00:04,1314,-87
657.513,00:02,1315,-102
657.541,00:03,1315,-77
657.597,00:04,1315,-87
658.015,00:02,1316,-102
658.042,00:03,1316,-77
658.098,00:04,1316,-87
658.514,00:02,1317,-102
658.541,00:03,1317,-77
658.597,00:04,1317,-87
659.013,00:02,1318,-102
659.041,00:03,1318,-77
659.097,00:04,1318,-87
659.513,00:02,1319,-102
659.541,00:03,1319,-77
659.598,00:04,1319,-87
660.014,00:02,1320,-102
660.04,00:03,1320,-77
660.098,00:04,1320,-88
660.514,00:02,1321,-102
660.542,00:03,1321,-77
660.599,00:04,1321,-88
661.013,00:02,1322,-102
661.041,00:03,1322,-77
661.096,00:04,1322,-88
661.513,00:02,1323,-102
661.539,00:03,1323,-77
661.596,00:04,1323,-88
662.013,00:02,1324,-102
662.041,00:03,1324,-77
662.098,00:04,1324,-88
662.513,00:02,1325,-102
662.541,00:03,1325,-77
662.597,00:04,1325,-88
663.013,00:02,1326,-103
663.042,00:03,1326,-77
663.096,00:04,1326,-88
663.515,00:02,1327,-103
663.543,00:03,1327,-77
663.596,00:04,1327,-88
664.014,00:02,1328,-103
664.041,00:03,1328,-77
664.095,00:04,1328,-88
664.514,00:02,1329,-103
664.541,00:03,1329,-77
664.598,00:04,1329,-88
665.015,00:02,1330,-103
665.042,00:03,1330,-77
665.097,00:04,1330,-88
665.512,00:02,1331,-103
665.542,00:03,1331,-77
665.597,00:04,1331,-88
666.012,00:02,1332,-103
666.04,00:03,1332,-77
666.097,00:04,1332,-88
666.514,00:02,1333,-103
666.539,00:03,1333,-77
666.598,00:04,1333,-88
667.012,00:02,1334,-103
667.039,00:03,1334,-77
667.099,00:04,1334,-88
667.514,00:02,1335,-103
667.54,00:03,1335,-78
667.596,00:04,1335,-88
668.014,00:02,1336,-103
668.042,00:03,1336,-78
668.097,00:04,1336,-88
668.513,00:02,1337,-103
668.543,00:03,1337,-78
668.597,00:04,1337,-88
669.014,00:02,1338,-103
669.04,00:03,1338,-78
669.097,00:04,1338,-88
669.513,00:02,1339,-103
669.541,00:03,1339,-79
669.597,00:04,1339,-88
670.012,00:02,1340,-103
670.042,00:03,1340,-79
670.097,00:04,1340,-88
670.513,00:02,1341,-103
670.542,00:03,1341,-79
670.597,00:04,1341,-88
671.014,00:02,1342,-103
671.04,00:03,1342,-79
671.097,00:04,1342,-87
671.513,00:02,1343,-103
671.54,00:03,1343,-79
671.596,00:04,1343,-87
672.012,00:02,1344,-103
672.043,00:03,1344,-79
672.097,00:04,1344,-87
672.514,00:02,1345,-103
672.541,00:03,1345,-79
672.596,00:04,1345,-87
673.015,00:02,1346,-103
673.042,00:03,1346,-79
673.096,00:04,1346,-87
673.515,00:02,1347,-103
673.542,00:03,1347,-79
673.595,00:04,1347,-87
674.012,00:02,1348,-103
674.042,00:03,1348,-79
674.095,00:04,1348,-87
674.515,00:02,1349,-103
674.541,00:03,1349,-79
674.596,00:04,1349,-87
675.013,00:02,1350,-103
675.041,00:03,1350,-79
675.096,00:04,1350,-87
675.513,00:02,1351,-103
675.541,00:03,1351,-79
675.597,00:04,1351,-87
676.014,00:02,1352,-103
676.042,00:03,1352,-79
676.097,00:04,1352,-87
676.513,00:02,1353,-103
676.541,00:03,1353,-79
676.598,00:04,1353,-87
677.013,00:02,1354,-103
677.04,00:03,1354,-79
677.096,00:04,1354,-87
677.515,00:02,1355,-102
677.541,00:03,1355,-79
677.597,00:04,1355,-87
678.013,00:02,1356,-102
678.041,00:03,1356,-79
678.096,00:04,1356,-86
678.514,00:02,1357,-102
678.541,00:03,1357,-79
678.595,00:04,1357,-86
679.014,00:02,1358,-102
679.04,00:03,1358,-80
679.097,00:04,1358,-86
679.515,00:02,1359,-102
679.54,00:03,1359,-80
679.597,00:04,1359,-86
680.013,00:02,1360,-102
680.042,00:03,1360,-80
680.098,00:04,1360,-86
680.514,00:02,1361,-102
680.542,00:03,1361,-80
680.597,00:04,1361,-86
681.013,00:02,1362,-102
681.041,00:03,1362,-80
681.097,00:04,1362,-86
681.513,00:02,1363,-102
681.542,00:03,1363,-80
681.597,00:04,1363,-86
682.014,00:02,1364,-102
682.041,00:03,1364,-80
682.097,00:04,1364,-86
682.513,00:02,1365,-102
682.54,00:03,1365,-80
682.597,00:04,1365,-86
683.013,00:02,1366,-102
683.042,00:03,1366,-80
683.096,00:04,1366,-86
683.513,00:02,1367,-101
683.541,00:03,1367,-80
683.596,00:04,1367,-86
684.015,00:02,1368,-101
684.041,00:03,1368,-80
684.096,00:04,1368,-86
684.514,00:02,1369,-101
684.54,00:03,1369,-80
684.597,00:04,1369,-85
685.015,00:02,1370,-105
685.04,00:03,1370,-84
685.097,00:04,1370,-89
685.515,00:02,1371,-105
685.541,00:03,1371,-84
685.596,00:04,1371,-89
686.014,00:02,1372,-105
686.04,00:03,1372,-84
686.096,00:04,1372,-89
686.513,00:02,1373,-105
686.541,00:03,1373,-84
686.596,00:04,1373,-89
687.015,00:02,1374,-105
687.041,00:03,1374,-84
687.097,00:04,1374,-89
687.514,00:02,1375,-105
687.542,00:03,1375,-85
687.597,00:04,1375,-89
688.013,00:02,1376,-105
688.04,00:03,1376,-85
688.096,00:04,1376,-89
688.515,00:02,1377,-105
688.541,00:03,1377,-85
688.597,00:04,1377,-89
689.013,00:02,1378,-100
689.042,00:03,1378,-81
689.096,00:04,1378,-85
689.514,00:02,1379,-100
689.539,00:03,1379,-81
689.596,00:04,1379,-85
690.013,00:02,1380,-100
690.039,00:03,1380,-81
690.096,00:04,1380,-85
690.514,00:02,1381,-100
690.54,00:03,1381,-81
690.597,00:04,1381,-85
691.014,00:02,1382,-100
691.04,00:03,1382,-81
691.098,00:04,1382,-85
691.514,00:02,1383,-100
691.54,00:03,1383,-81
691.597,00:04,1383,-84
692.014,00:02,1384,-100
692.04,00:03,1384,-81
692.096,00:04,1384,-84
692.513,00:02,1385,-100
692.541,00:03,1385,-81
692.598,00:04,1385,-84
693.014,00:02,1386,-100
693.039,00:03,1386,-82
693.098,00:04,1386,-84
693.515,00:02,1387,-100
693.541,00:03,1387,-82
693.595,00:04,1387,-84
694.013,00:02,1388,-99
694.04,00:03,1388,-82
694.096,00:04,1388,-84
694.513,00:02,1389,-99
694.539,00:03,1389,-82
694.597,00:04,1389,-84
695.015,00:02,1390,-99
695.04,00:03,1390,-82
695.096,00:04,1390,-84
695.514,00:02,1391,-99
695.54,00:03,1391,-82
695.598,00:04,1391,-84
696.014,00:02,1392,-99
696.04,00:03,1392,-82
696.097,00:04,1392,-84
696.514,00:02,1393,-99
696.541,00:03,1393,-82
696.598,00:04,1393,-84
697.015,00:02,1394,-99
697.041,00:03,1394,-82
697.097,00:04,1394,-84
697.514,00:02,1395,-99
697.541,00:03,1395,-82
697.597,00:04,1395,-84
698.014,00:02,1396,-99
698.039,00:03,1396,-83
698.096,00:04,1396,-84
698.515,00:02,1397,-99
698.54,00:03,1397,-83
698.597,00:04,1397,-84
699.013,00:02,1398,-98
699.04,00:03,1398,-83
699.095,00:04,1398,-84
699.513,00:02,1399,-98
699.541,00:03,1399,-83
699.596,00:04,1399,-84
700.013,00:02,1400,-98
700.04,00:03,1400,-83
700.096,00:04,1400,-83
700.513,00:02,1401,-98
700.54,00:03,1401,-83
700.595,00:04,1401,-83
701.014,00:02,1402,-98
701.039,00:03,1402,-83
701.096,00:04,1402,-83
701.514,00:02,1403,-98
701.542,00:03,1403,-83
701.597,00:04,1403,-83
702.015,00:02,1404,-98
702.041,00:03,1404,-83
702.097,00:04,1404,-83
702.515,00:02,1405,-98
702.54,00:03,1405,-84
702.597,00:04,1405,-83
703.013,00:02,1406,-98
703.041,00:03,1406,-84
703.095,00:04,1406,-83
703.514,00:02,1407,-98
703.538,00:03,1407,-84
703.595,00:04,1407,-83
704.014,00:02,1408,-97
704.04,00:03,1408,-84
704.098,00:04,1408,-83
704.514,00:02,1409,-97
704.54,00:03,1409,-84
704.596,00:04,1409,-83
705.015,00:02,1410,-97
705.04,00:03,1410,-84
705.095,00:04,1410,-83
705.513,00:02,1411,-97
705.541,00:03,1411,-84
705.595,00:04,1411,-83
706.016,00:02,1412,-97
706.039,00:03,1412,-84
706.095,00:04,1412,-83
706.514,00:02,1413,-97
706.539,00:03,1413,-84
706.596,00:04,1413,-83
707.015,00:02,1414,-97
707.041,00:03,1414,-85
707.095,00:04,1414,-83
707.513,00:02,1415,-97
707.539,00:03,1415,-85
707.597,00:04,1415,-83
708.013,00:02,1416,-97
708.041,00:03,1416,-85
708.098,00:04,1416,-83
708.515,00:02,1417,-97
708.539,00:03,1417,-85
708.597,00:04,1417,-83
709.015,00:02,1418,-96
709.038,00:03,1418,-85
709.095,00:04,1418,-83
709.513,00:02,1419,-96
709.54,00:03,1419,-85
709.595,00:04,1419,-83
710.013,00:02,1420,-96
710.041,00:03,1420,-85
710.096,00:04,1420,-83
710.515,00:02,1421,-96
710.542,00:03,1421,-85
710.596,00:04,1421,-83
711.014,00:02,1422,-96
711.04,00:03,1422,-85
711.095,00:04,1422,-83
711.516,00:02,1423,-96
711.541,00:03,1423,-86
711.597,00:04,1423,-83
712.014,00:02,1424,-96
712.04,00:03,1424,-86
712.096,00:04,1424,-83
712.514,00:02,1425,-96
712.541,00:03,1425,-86
712.598,00:04,1425,-83
713.013,00:02,1426,-96
713.041,00:03,1426,-86
713.098,00:04,1426,-83
713.515,00:02,1427,-95
713.54,00:03,1427,-86
713.596,00:04,1427,-83
714.014,00:02,1428,-95
714.039,00:03,1428,-86
714.097,00:04,1428,-83
714.515,00:02,1429,-95
714.54,00:03,1429,-86
714.597,00:04,1429,-83
715.014,00:02,1430,-95
715.039,00:03,1430,-86
715.097,00:04,1430,-83
715.514,00:02,1431,-95
715.539,00:03,1431,-86
715.597,00:04,1431,-83
716.015,00:02,1432,-95
716.039,00:03,1432,-87
716.097,00:04,1432,-83
716.513,00:02,1433,-95
716.539,00:03,1433,-87
716.596,00:04,1433,-83
717.014,00:02,1434,-95
717.039,00:03,1434,-87
717.097,00:04,1434,-83
717.513,00:02,1435,-95
717.539,00:03,1435,-87
717.597,00:04,1435,-83
718.014,00:02,1436,-94
718.038,00:03,1436,-87
718.096,00:04,1436,-83
718.514,00:02,1437,-94
718.539,00:03,1437,-87
718.595,00:04,1437,-83
719.014,00:02,1438,-94
719.04,00:03,1438,-87
719.096,00:04,1438,-83
719.515,00:02,1439,-94
719.54,00:03,1439,-87
719.595,00:04,1439,-83
720.016,00:02,1440,-94
720.041,00:03,1440,-87
720.096,00:04,1440,-83
720.514,00:02,1441,-94
720.54,00:03,1441,-88
720.596,00:04,1441,-83
721.012,00:02,1442,-94
721.04,00:03,1442,-88
721.097,00:04,1442,-83
721.514,00:02,1443,-94
721.539,00:03,1443,-88
721.594,00:04,1443,-83
722.015,00:02,1444,-94
722.039,00:03,1444,-88
722.096,00:04,1444,-83
722.515,00:02,1445,-93
722.54,00:03,1445,-88
722.595,00:04,1445,-83
723.013,00:02,1446,-93
723.04,00:03,1446,-88
723.097,00:04,1446,-83
723.512,00:02,1447,-93
723.54,00:03,1447,-88
723.596,00:04,1447,-83
724.015,00:02,1448,-93
724.039,00:03,1448,-88
724.096,00:04,1448,-83
724.515,00:02,1449,-93
724.54,00:03,1449,-88
724.596,00:04,1449,-83
725.015,00:02,1450,-93
725.041,00:03,1450,-89
725.096,00:04,1450,-83
725.515,00:02,1451,-93
725.54,00:03,1451,-89
725.597,00:04,1451,-83
726.015,00:02,1452,-93
726.04,00:03,1452,-89
726.094,00:04,1452,-83
726.516,00:02,1453,-92
726.54,00:03,1453,-89
726.596,00:04,1453,-83
727.015,00:02,1454,-92
727.041,00:03,1454,-89
727.097,00:04,1454,-83
727.514,00:02,1455,-92
727.541,00:03,1455,-89
727.595,00:04,1455,-83
728.013,00:02,1456,-92
728.041,00:03,1456,-89
728.095,00:04,1456,-83
728.513,00:02,1457,-92
728.538,00:03,1457,-89
728.596,00:04,1457,-83
729.014,00:02,1458,-92
729.039,00:03,1458,-89
729.096,00:04,1458,-83
729.515,00:02,1459,-92
729.539,00:03,1459,-90
729.595,00:04,1459,-83
730.016,00:02,1460,-92
730.039,00:03,1460,-90
730.097,00:04,1460,-83
730.515,00:02,1461,-92
730.54,00:03,1461,-90
730.597,00:04,1461,-83
731.014,00:02,1462,-91
731.04,00:03,1462,-90
731.095,00:04,1462,-83
731.516,00:02,1463,-91
731.539,00:03,1463,-90
731.595,00:04,1463,-83
732.012,00:02,1464,-91
732.04,00:03,1464,-90
732.097,00:04,1464,-83
732.514,00:02,1465,-91
732.539,00:03,1465,-90
732.596,00:04,1465,-83
733.015,00:02,1466,-91
733.04,00:03,1466,-90
733.095,00:04,1466,-83
733.515,00:02,1467,-91
733.538,00:03,1467,-90
733.595,00:04,1467,-83
734.014,00:02,1468,-91
734.041,00:03,1468,-90
734.098,00:04,1468,-83
734.513,00:02,1469,-91
734.539,00:03,1469,-91
734.598,00:04,1469,-84
735.014,00:02,1470,-91
735.04,00:03,1470,-91
735.096,00:04,1470,-84
735.516,00:02,1471,-90
735.539,00:03,1471,-91
735.595,00:04,1471,-84
736.014,00:02,1472,-90
736.039,00:03,1472,-91
736.096,00:04,1472,-84
736.513,00:02,1473,-90
736.54,00:03,1473,-91
736.597,00:04,1473,-84
737.013,00:02,1474,-90
737.039,00:03,1474,-91
737.095,00:04,1474,-84
737.515,00:02,1475,-90
737.541,00:03,1475,-91
737.596,00:04,1475,-84
738.014,00:02,1476,-90
738.041,00:03,1476,-91
738.095,00:04,1476,-84
738.516,00:02,1477,-90
738.54,00:03,1477,-91
738.598,00:04,1477,-84
739.015,00:02,1478,-90
739.04,00:03,1478,-91
739.097,00:04,1478,-84
739.514,00:02,1479,-90
739.541,00:03,1479,-92
739.595,00:04,1479,-84
740.014,00:02,1480,-90
740.041,00:03,1480,-92
740.094,00:04,1480,-84
740.515,00:02,1481,-89
740.541,00:03,1481,-92
740.596,00:04,1481,-84
741.013,00:02,1482,-89
741.04,00:03,1482,-92
741.096,00:04,1482,-84
741.516,00:02,1483,-89
741.539,00:03,1483,-92
741.596,00:04,1483,-84
742.015,00:02,1484,-89
742.041,00:03,1484,-92
742.097,00:04,1484,-84
742.516,00:02,1485,-89
742.539,00:03,1485,-92
742.595,00:04,1485,-84
743.015,00:02,1486,-89
743.039,00:03,1486,-92
743.094,00:04,1486,-85
743.514,00:02,1487,-89
743.54,00:03,1487,-92
743.595,00:04,1487,-85
744.014,00:02,1488,-89
744.038,00:03,1488,-92
744.098,00:04,1488,-85
744.515,00:02,1489,-89
744.54,00:03,1489,-93
744.595,00:04,1489,-85
745.015,00:02,1490,-93
745.04,00:03,1490,-97
745.097,00:04,1490,-89
745.515,00:02,1491,-93
745.54,00:03,1491,-97
745.596,00:04,1491,-89
746.013,00:02,1492,-92
746.04,00:03,1492,-97
746.096,00:04,1492,-89
746.515,00:02,1493,-92
746.541,00:03,1493,-97
746.596,00:04,1493,-89
747.016,00:02,1494,-92
747.038,00:03,1494,-97
747.097,00:04,1494,-89
747.516,00:02,1495,-92
747.541,00:03,1495,-97
747.596,00:04,1495,-89
748.015,00:02,1496,-92
748.039,00:03,1496,-97
748.094,00:04,1496,-89
748.515,00:02,1497,-92
748.54,00:03,1497,-97
748.598,00:04,1497,-89
749.015,00:02,1498,-88
749.038,00:03,1498,-93
749.095,00:04,1498,-85
749.515,00:02,1499,-88
749.54,00:03,1499,-93
749.597,00:04,1499,-85
750.016,00:02,1500,-88
750.039,00:03,1500,-94
750.096,00:04,1500,-86
750.513,00:02,1501,-88
750.539,00:03,1501,-94
750.596,00:04,1501,-86
751.014,00:02,1502,-88
751.04,00:03,1502,-94
751.096,00:04,1502,-86
751.516,00:02,1503,-88
751.541,00:03,1503,-94
751.597,00:04,1503,-86
752.014,00:02,1504,-88
752.039,00:03,1504,-94
752.096,00:04,1504,-86
752.514,00:02,1505,-88
752.539,00:03,1505,-94
752.594,00:04,1505,-86
753.016,00:02,1506,-88
753.038,00:03,1506,-94
753.096,00:04,1506,-86
753.514,00:02,1507,-87
753.538,00:03,1507,-94
753.595,00:04,1507,-86
754.015,00:02,1508,-87
754.037,00:03,1508,-94
754.098,00:04,1508,-86
754.515,00:02,1509,-87
754.54,00:03,1509,-94
754.596,00:04,1509,-86
755.015,00:02,1510,-87
755.039,00:03,1510,-94
755.097,00:04,1510,-86
755.514,00:02,1511,-87
755.538,00:03,1511,-95
755.597,00:04,1511,-86
756.015,00:02,1512,-87
756.038,00:03,1512,-95
756.094,00:04,1512,-86
756.515,00:02,1513,-87
756.538,00:03,1513,-95
756.594,00:04,1513,-87
757.015,00:02,1514,-87
757.041,00:03,1514,-95
757.097,00:04,1514,-87
757.515,00:02,1515,-87
757.539,00:03,1515,-95
757.595,00:04,1515,-87
758.013,00:02,1516,-87
758.04,00:03,1516,-95
758.095,00:04,1516,-87
758.514,00:02,1517,-87
758.541,00:03,1517,-95
758.596,00:04,1517,-87
759.013,00:02,1518,-87
759.039,00:03,1518,-95
759.097,00:04,1518,-87
759.516,00:02,1519,-87
759.538,00:03,1519,-95
759.597,00:04,1519,-87
760.016,00:02,1520,-87
760.039,00:03,1520,-95
760.096,00:04,1520,-87
760.515,00:02,1521,-87
760.538,00:03,1521,-95
760.596,00:04,1521,-87
761.015,00:02,1522,-87
761.04,00:03,1522,-95
761.095,00:04,1522,-87
761.515,00:02,1523,-87
761.539,00:03,1523,-96
761.597,00:04,1523,-87
762.015,00:02,1524,-87
762.037,00:03,1524,-96
762.096,00:04,1524,-87
762.515,00:02,1525,-87
762.539,00:03,1525,-96
762.597,00:04,1525,-87
763.013,00:02,1526,-88
763.039,00:03,1526,-96
763.097,00:04,1526,-87
763.513,00:02,1527,-88
763.537,00:03,1527,-96
763.597,00:04,1527,-87
764.015,00:02,1528,-88
764.04,00:03,1528,-96
764.095,00:04,1528,-87
764.516,00:02,1529,-88
764.538,00:03,1529,-96
764.597,00:04,1529,-87
765.015,00:02,1530,-88
765.039,00:03,1530,-96
765.095,00:04,1530,-87
765.514,00:02,1531,-89
765.539,00:03,1531,-96
765.597,00:04,1531,-87
766.014,00:02,1532,-89
766.04,00:03,1532,-96
766.095,00:04,1532,-87
766.513,00:02,1533,-89
766.538,00:03,1533,-96
766.594,00:04,1533,-87
767.016,00:02,1534,-89
767.039,00:03,1534,-96
767.096,00:04,1534,-86
767.516,00:02,1535,-89
767.537,00:03,1535,-96
767.595,00:04,1535,-86
768.017,00:02,1536,-89
768.038,00:03,1536,-96
768.096,00:04,1536,-86
768.514,00:02,1537,-89
768.539,00:03,1537,-96
768.595,00:04,1537,-86
769.015,00:02,1538,-89
769.038,00:03,1538,-96
769.097,00:04,1538,-86
769.514,00:02,1539,-89
769.54,00:03,1539,-96
769.595,00:04,1539,-86
770.015,00:02,1540,-89
770.038,00:03,1540,-96
770.096,00:04,1540,-86
770.514,00:02,1541,-89
770.54,00:03,1541,-96
770.595,00:04,1541,-86
771.014,00:02,1542,-89
771.039,00:03,1542,-95
771.096,00:04,1542,-86
771.514,00:02,1543,-89
771.538,00:03,1543,-95
771.595,00:04,1543,-86
772.015,00:02,1544,-89
772.038,00:03,1544,-95
772.094,00:04,1544,-86
772.516,00:02,1545,-89
772.538,00:03,1545,-95
772.594,00:04,1545,-86
773.015,00:02,1546,-89
773.04,00:03,1546,-95
773.095,00:04,1546,-86
773.515,00:02,1547,-89
773.538,00:03,1547,-95
773.596,00:04,1547,-85
774.014,00:02,1548,-89
774.039,00:03,1548,-95
774.095,00:04,1548,-85
774.515,00:02,1549,-89
774.537,00:03,1549,-95
774.595,00:04,1549,-85
775.015,00:02,1550,-89
775.04,00:03,1550,-95
775.096,00:04,1550,-85
775.515,00:02,1551,-89
775.538,00:03,1551,-95
775.595,00:04,1551,-85
776.015,00:02,1552,-89
776.038,00:03,1552,-95
776.096,00:04,1552,-85
776.515,00:02,1553,-90
776.537,00:03,1553,-95
776.596,00:04,1553,-85
777.015,00:02,1554,-90
777.038,00:03,1554,-94
777.095,00:04,1554,-85
777.514,00:02,1555,-90
777.538,00:03,1555,-94
777.595,00:04,1555,-85
778.015,00:02,1556,-90
778.039,00:03,1556,-94
778.096,00:04,1556,-85
778.514,00:02,1557,-90
778.54,00:03,1557,-94
778.595,00:04,1557,-85
779.015,00:02,1558,-90
779.038,00:03,1558,-94
779.096,00:04,1558,-84
779.516,00:02,1559,-90
779.539,00:03,1559,-94
779.596,00:04,1559,-84
780.015,00:02,1560,-90
780.039,00:03,1560,-94
780.094,00:04,1560,-84
780.514,00:02,1561,-90
780.537,00:03,1561,-94
780.597,00:04,1561,-84
781.013,00:02,1562,-94
781.039,00:03,1562,-98
781.096,00:04,1562,-88
781.515,00:02,1563,-94
781.539,00:03,1563,-98
781.596,00:04,1563,-88
782.017,00:02,1564,-94
782.037,00:03,1564,-98
782.095,00:04,1564,-88
782.514,00:02,1565,-94
782.539,00:03,1565,-98
782.596,00:04,1565,-88
783.016,00:02,1566,-94
783.04,00:03,1566,-97
783.096,00:04,1566,-88
783.516,00:02,1567,-94
783.539,00:03,1567,-97
783.596,00:04,1567,-88
784.016,00:02,1568,-94
784.038,00:03,1568,-97
784.094,00:04,1568,-88
784.516,00:02,1569,-94
784.539,00:03,1569,-97
784.596,00:04,1569,-88
785.016,00:02,1570,-90
785.038,00:03,1570,-93
785.097,00:04,1570,-83
785.516,00:02,1571,-91
785.538,00:03,1571,-93
785.595,00:04,1571,-83
786.015,00:02,1572,-91
786.038,00:03,1572,-93
786.096,00:04,1572,-83
786.515,00:02,1573,-91
786.537,00:03,1573,-93
786.594,00:04,1573,-83
787.015,00:02,1574,-91
787.039,00:03,1574,-93
787.097,00:04,1574,-83
787.515,00:02,1575,-91
787.54,00:03,1575,-93
787.595,00:04,1575,-83
788.016,00:02,1576,-91
788.036,00:03,1576,-93
788.095,00:04,1576,-83
788.515,00:02,1577,-91
788.537,00:03,1577,-92
788.595,00:04,1577,-83
789.015,00:02,1578,-91
789.039,00:03,1578,-92
789.097,00:04,1578,-83
789.515,00:02,1579,-91
789.539,00:03,1579,-92
789.595,00:04,1579,-83
790.017,00:02,1580,-91
790.038,00:03,1580,-92
790.095,00:04,1580,-83
790.516,00:02,1581,-91
790.54,00:03,1581,-92
790.595,00:04,1581,-83
791.015,00:02,1582,-91
791.039,00:03,1582,-92
791.096,00:04,1582,-83
791.517,00:02,1583,-91
791.537,00:03,1583,-92
791.596,00:04,1583,-82
792.016,00:02,1584,-92
792.036,00:03,1584,-92
792.097,00:04,1584,-82
792.515,00:02,1585,-92
792.537,00:03,1585,-92
792.594,00:04,1585,-82
793.015,00:02,1586,-92
793.038,00:03,1586,-92
793.097,00:04,1586,-82
793.514,00:02,1587,-92
793.54,00:03,1587,-92
793.596,00:04,1587,-82
794.016,00:02,1588,-92
794.038,00:03,1588,-91
794.096,00:04,1588,-82
794.515,00:02,1589,-92
794.539,00:03,1589,-91
794.595,00:04,1589,-82
795.014,00:02,1590,-92
795.039,00:03,1590,-91
795.093,00:04,1590,-82
795.516,00:02,1591,-92
795.537,00:03,1591,-91
795.596,00:04,1591,-82
796.015,00:02,1592,-92
796.038,00:03,1592,-91
796.096,00:04,1592,-82
796.515,00:02,1593,-92
796.538,00:03,1593,-91
796.596,00:04,1593,-82
797.016,00:02,1594,-92
797.036,00:03,1594,-91
797.096,00:04,1594,-82
797.516,00:02,1595,-93
797.537,00:03,1595,-91
797.595,00:04,1595,-82
798.015,00:02,1596,-93
798.039,00:03,1596,-91
798.097,00:04,1596,-82
798.514,00:02,1597,-93
798.538,00:03,1597,-91
798.594,00:04,1597,-82
799.016,00:02,1598,-93
799.036,00:03,1598,-91
799.095,00:04,1598,-82
799.515,00:02,1599,-93
799.54,00:03,1599,-90
799.594,00:04,1599,-82
800.013,00:02,1600,-93
800.037,00:03,1600,-90
800.095,00:04,1600,-81
800.515,00:02,1601,-93
800.539,00:03,1601,-90
800.593,00:04,1601,-81
801.015,00:02,1602,-93
801.038,00:03,1602,-90
801.094,00:04,1602,-81
801.514,00:02,1603,-93
801.54,00:03,1603,-90
801.596,00:04,1603,-81
802.017,00:02,1604,-93
802.039,00:03,1604,-90
802.095,00:04,1604,-81
802.517,00:02,1605,-93
802.539,00:03,1605,-90
802.596,00:04,1605,-81
803.016,00:02,1606,-94
803.039,00:03,1606,-90
803.095,00:04,1606,-81
803.515,00:02,1607,-94
803.538,00:03,1607,-90
803.594,00:04,1607,-81
804.015,00:02,1608,-94
804.038,00:03,1608,-90
804.094,00:04,1608,-81
804.515,00:02,1609,-94
804.539,00:03,1609,-89
804.596,00:04,1609,-81
805.017,00:02,1610,-94
805.039,00:03,1610,-89
805.095,00:04,1610,-81
805.516,00:02,1611,-94
805.536,00:03,1611,-89
805.594,00:04,1611,-81
806.014,00:02,1612,-94
806.037,00:03,1612,-89
806.095,00:04,1612,-81
806.516,00:02,1613,-94
806.54,00:03,1613,-89
806.595,00:04,1613,-81
807.016,00:02,1614,-94
807.038,00:03,1614,-89
807.094,00:04,1614,-81
807.516,00:02,1615,-94
807.538,00:03,1615,-89
807.594,00:04,1615,-81
808.016,00:02,1616,-95
808.037,00:03,1616,-89
808.096,00:04,1616,-81
808.516,00:02,1617,-95
808.538,00:03,1617,-89
808.595,00:04,1617,-81
809.016,00:02,1618,-95
809.039,00:03,1618,-89
809.095,00:04,1618,-81
809.517,00:02,1619,-95
809.539,00:03,1619,-88
809.596,00:04,1619,-81
810.018,00:02,1620,-95
810.037,00:03,1620,-88
810.095,00:04,1620,-81
810.514,00:02,1621,-95
810.537,00:03,1621,-88
810.595,00:04,1621,-81
811.014,00:02,1622,-95
811.038,00:03,1622,-88
811.095,00:04,1622,-81
811.516,00:02,1623,-95
811.538,00:03,1623,-88
811.597,00:04,1623,-81
812.014,00:02,1624,-95
812.038,00:03,1624,-88
812.095,00:04,1624,-81
812.516,00:02,1625,-95
812.538,00:03,1625,-88
812.595,00:04,1625,-81
813.016,00:02,1626,-96
813.038,00:03,1626,-88
813.094,00:04,1626,-81
813.515,00:02,1627,-96
813.537,00:03,1627,-88
813.595,00:04,1627,-81
814.016,00:02,1628,-96
814.038,00:03,1628,-88
814.095,00:04,1628,-81
814.516,00:02,1629,-96
814.537,00:03,1629,-87
814.594,00:04,1629,-81
815.014,00:02,1630,-96
815.037,00:03,1630,-87
815.094,00:04,1630,-81
815.516,00:02,1631,-96
815.537,00:03,1631,-87
815.595,00:04,1631,-81
816.016,00:02,1632,-96
816.037,00:03,1632,-87
816.096,00:04,1632,-81
816.515,00:02,1633,-96
816.538,00:03,1633,-87
816.597,00:04,1633,-81
817.016,00:02,1634,-96
817.037,00:03,1634,-87
817.096,00:04,1634,-81
817.516,00:02,1635,-97
817.538,00:03,1635,-87
817.597,00:04,1635,-81
818.016,00:02,1636,-97
818.037,00:03,1636,-87
818.095,00:04,1636,-81
818.517,00:02,1637,-97
818.538,00:03,1637,-87
818.595,00:04,1637,-81
819.014,00:02,1638,-97
819.037,00:03,1638,-87
819.095,00:04,1638,-81
819.517,00:02,1639,-97
819.539,00:03,1639,-86
819.595,00:04,1639,-81
820.016,00:02,1640,-97
820.038,00:03,1640,-86
820.096,00:04,1640,-81
820.515,00:02,1641,-97
820.538,00:03,1641,-86
820.597,00:04,1641,-81
821.016,00:02,1642,-97
821.038,00:03,1642,-86
821.094,00:04,1642,-81
821.516,00:02,1643,-97
821.538,00:03,1643,-86
821.596,00:04,1643,-81
822.014,00:02,1644,-97
822.037,00:03,1644,-86
822.095,00:04,1644,-81
822.518,00:02,1645,-97
822.537,00:03,1645,-86
822.596,00:04,1645,-81
823.015,00:02,1646,-98
823.038,00:03,1646,-86
823.094,00:04,1646,-81
823.515,00:02,1647,-98
823.536,00:03,1647,-86
823.596,00:04,1647,-81
824.017,00:02,1648,-98
824.038,00:03,1648,-86
824.095,00:04,1648,-81
824.515,00:02,1649,-98
824.538,00:03,1649,-85
824.595,00:04,1649,-81
825.015,00:02,1650,-98
825.039,00:03,1650,-85
825.094,00:04,1650,-81
825.516,00:02,1651,-98
825.539,00:03,1651,-85
825.595,00:04,1651,-81
826.015,00:02,1652,-98
826.037,00:03,1652,-85
826.095,00:04,1652,-81
826.515,00:02,1653,-98
826.537,00:03,1653,-85
826.597,00:04,1653,-82
827.015,00:02,1654,-98
827.038,00:03,1654,-85
827.095,00:04,1654,-82
827.517,00:02,1655,-98
827.537,00:03,1655,-85
827.596,00:04,1655,-82
828.017,00:02,1656,-99
828.038,00:03,1656,-85
828.093,00:04,1656,-82
828.516,00:02,1657,-99
828.539,00:03,1657,-85
828.595,00:04,1657,-82
829.015,00:02,1658,-99
829.038,00:03,1658,-85
829.095,00:04,1658,-82
829.514,00:02,1659,-99
829.537,00:03,1659,-85
829.595,00:04,1659,-82
830.014,00:02,1660,-99
830.038,00:03,1660,-84
830.096,00:04,1660,-82
830.514,00:02,1661,-99
830.538,00:03,1661,-84
830.594,00:04,1661,-82
831.016,00:02,1662,-99
831.038,00:03,1662,-84
831.095,00:04,1662,-82
831.517,00:02,1663,-99
831.538,00:03,1663,-84
831.593,00:04,1663,-82
832.016,00:02,1664,-99
832.038,00:03,1664,-84
832.096,00:04,1664,-82
832.516,00:02,1665,-99
832.537,00:03,1665,-84
832.594,00:04,1665,-82
833.018,00:02,1666,-100
833.037,00:03,1666,-84
833.093,00:04,1666,-82
833.514,00:02,1667,-100
833.537,00:03,1667,-84
833.594,00:04,1667,-82
834.017,00:02,1668,-100
834.037,00:03,1668,-84
834.094,00:04,1668,-82
834.517,00:02,1669,-100
834.537,00:03,1669,-84
834.594,00:04,1669,-83
835.017,00:02,1670,-100
835.038,00:03,1670,-84
835.093,00:04,1670,-83
835.515,00:02,1671,-100
835.537,00:03,1671,-83
835.593,00:04,1671,-83
836.015,00:02,1672,-100
836.036,00:03,1672,-83
836.094,00:04,1672,-83
836.516,00:02,1673,-100
836.537,00:03,1673,-83
836.594,00:04,1673,-83
837.015,00:02,1674,-100
837.036,00:03,1674,-83
837.095,00:04,1674,-83
837.514,00:02,1675,-100
837.538,00:03,1675,-83
837.594,00:04,1675,-83
838.017,00:02,1676,-100
838.037,00:03,1676,-83
838.095,00:04,1676,-83
838.516,00:02,1677,-101
838.536,00:03,1677,-83
838.595,00:04,1677,-83
839.015,00:02,1678,-101
839.038,00:03,1678,-83
839.093,00:04,1678,-83
839.515,00:02,1679,-101
839.537,00:03,1679,-83
839.595,00:04,1679,-83
840.017,00:02,1680,-101
840.037,00:03,1680,-83
840.096,00:04,1680,-83
840.515,00:02,1681,-101
840.538,00:03,1681,-83
840.596,00:04,1681,-83
841.015,00:02,1682,-105
841.038,00:03,1682,-87
841.095,00:04,1682,-87
841.517,00:02,1683,-105
841.535,00:03,1683,-87
841.594,00:04,1683,-88
842.015,00:02,1684,-105
842.038,00:03,1684,-86
842.096,00:04,1684,-88
842.516,00:02,1685,-105
842.537,00:03,1685,-86
842.594,00:04,1685,-88
843.016,00:02,1686,-105
843.036,00:03,1686,-86
843.096,00:04,1686,-88
843.517,00:02,1687,-105
843.537,00:03,1687,-86
843.595,00:04,1687,-88
844.016,00:02,1688,-105
844.035,00:03,1688,-86
844.094,00:04,1688,-88
844.515,00:02,1689,-106
844.539,00:03,1689,-86
844.596,00:04,1689,-88
845.017,00:02,1690,-102
845.037,00:03,1690,-82
845.095,00:04,1690,-84
845.515,00:02,1691,-102
845.536,00:03,1691,-82
845.596,00:04,1691,-84
846.017,00:02,1692,-102
846.037,00:03,1692,-82
846.094,00:04,1692,-84
846.516,00:02,1693,-102
846.538,00:03,1693,-82
846.595,00:04,1693,-84
847.015,00:02,1694,-102
847.038,00:03,1694,-82
847.094,00:04,1694,-85
847.515,00:02,1695,-102
847.536,00:03,1695,-82
847.595,00:04,1695,-85
848.018,00:02,1696,-102
848.036,00:03,1696,-82
848.095,00:04,1696,-85
848.515,00:02,1697,-102
848.537,00:03,1697,-82
848.594,00:04,1697,-85
849.015,00:02,1698,-102
849.038,00:03,1698,-82
849.096,00:04,1698,-85
849.515,00:02,1699,-102
849.539,00:03,1699,-82
849.595,00:04,1699,-85
850.015,00:02,1700,-102
850.036,00:03,1700,-82
850.096,00:04,1700,-85
850.516,00:02,1701,-103
850.538,00:03,1701,-82
850.595,00:04,1701,-85
851.017,00:02,1702,-103
851.037,00:03,1702,-82
851.094,00:04,1702,-85
851.516,00:02,1703,-103
851.536,00:03,1703,-82
851.596,00:04,1703,-85
852.016,00:02,1704,-103
852.038,00:03,1704,-82
852.095,00:04,1704,-85
852.515,00:02,1705,-103
852.538,00:03,1705,-81
852.596,00:04,1705,-85
853.016,00:02,1706,-103
853.038,00:03,1706,-81
853.094,00:04,1706,-86
853.516,00:02,1707,-103
853.537,00:03,1707,-81
853.595,00:04,1707,-86
854.017,00:02,1708,-103
854.035,00:03,1708,-81
854.093,00:04,1708,-86
854.517,00:02,1709,-103
854.538,00:03,1709,-81
854.593,00:04,1709,-86
855.014,00:02,1710,-103
855.037,00:03,1710,-81
855.095,00:04,1710,-86
855.516,00:02,1711,-103
855.537,00:03,1711,-81
855.595,00:04,1711,-86
856.016,00:02,1712,-103
856.037,00:03,1712,-81
856.093,00:04,1712,-86
856.515,00:02,1713,-104
856.537,00:03,1713,-81
856.596,00:04,1713,-86
857.017,00:02,1714,-104
857.036,00:03,1714,-81
857.094,00:04,1714,-86
857.516,00:02,1715,-104
857.535,00:03,1715,-81
857.595,00:04,1715,-86
858.017,00:02,1716,-104
858.037,00:03,1716,-81
858.094,00:04,1716,-86
858.517,00:02,1717,-104
858.539,00:03,1717,-82
858.594,00:04,1717,-86
859.015,00:02,1718,-104
859.035,00:03,1718,-82
859.094,00:04,1718,-86
859.518,00:02,1719,-104
859.538,00:03,1719,-82
859.593,00:04,1719,-86
860.016,00:02,1720,-104
860.038,00:03,1720,-82
860.096,00:04,1720,-86
860.517,00:02,1721,-104
860.537,00:03,1721,-82
860.593,00:04,1721,-86
861.015,00:02,1722,-104
861.037,00:03,1722,-83
861.095,00:04,1722,-86
861.517,00:02,1723,-104
861.536,00:03,1723,-83
861.593,00:04,1723,-86
862.015,00:02,1724,-104
862.038,00:03,1724,-83
862.094,00:04,1724,-86
862.517,00:02,1725,-104
862.538,00:03,1725,-83
862.594,00:04,1725,-86
863.016,00:02,1726,-104
863.037,00:03,1726,-83
863.095,00:04,1726,-86
863.517,00:02,1727,-104
863.536,00:03,1727,-83
863.595,00:04,1727,-86
864.015,00:02,1728,-104
864.038,00:03,1728,-83
864.093,00:04,1728,-86
864.515,00:02,1729,-104
864.537,00:03,1729,-83
864.595,00:04,1729,-85
865.016,00:02,1730,-104
865.036,00:03,1730,-83
865.093,00:04,1730,-85
865.517,00:02,1731,-104
865.535,00:03,1731,-83
865.594,00:04,1731,-85
866.016,00:02,1732,-104
866.037,00:03,1732,-83
866.095,00:04,1732,-85
866.517,00:02,1733,-104
866.536,00:03,1733,-83
866.594,00:04,1733,-85
867.018,00:02,1734,-104
867.037,00:03,1734,-83
867.095,00:04,1734,-85
867.516,00:02,1735,-104
867.537,00:03,1735,-83
867.593,00:04,1735,-85
868.016,00:02,1736,-104
868.037,00:03,1736,-83
868.094,00:04,1736,-85
868.518,00:02,1737,-103
868.538,00:03,1737,-83
868.596,00:04,1737,-85
869.016,00:02,1738,-103
869.037,00:03,1738,-83
869.095,00:04,1738,-84
869.517,00:02,1739,-103
869.536,00:03,1739,-83
869.596,00:04,1739,-84
870.016,00:02,1740,-103
870.036,00:03,1740,-83
870.095,00:04,1740,-84
870.517,00:02,1741,-103
870.536,00:03,1741,-83
870.594,00:04,1741,-84
871.017,00:02,1742,-103
871.035,00:03,1742,-83
871.094,00:04,1742,-84
871.516,00:02,1743,-103
871.536,00:03,1743,-83
871.594,00:04,1743,-84
872.017,00:02,1744,-103
872.037,00:03,1744,-84
872.096,00:04,1744,-84
872.516,00:02,1745,-103
872.537,00:03,1745,-84
872.594,00:04,1745,-84
873.016,00:02,1746,-103
873.037,00:03,1746,-84
873.095,00:04,1746,-84
873.516,00:02,1747,-103
873.535,00:03,1747,-84
873.596,00:04,1747,-84
874.015,00:02,1748,-103
874.038,00:03,1748,-84
874.096,00:04,1748,-83
874.516,00:02,1749,-103
874.537,00:03,1749,-84
874.594,00:04,1749,-83
875.018,00:02,1750,-102
875.036,00:03,1750,-84
875.094,00:04,1750,-83
875.518,00:02,1751,-102
875.537,00:03,1751,-84
875.594,00:04,1751,-83
876.016,00:02,1752,-102
876.038,00:03,1752,-84
876.095,00:04,1752,-83
876.517,00:02,1753,-102
876.538,00:03,1753,-84
876.595,00:04,1753,-83
877.016,00:02,1754,-106
877.037,00:03,1754,-88
877.094,00:04,1754,-87
877.518,00:02,1755,-106
877.537,00:03,1755,-88
877.594,00:04,1755,-87
878.016,00:02,1756,-106
878.036,00:03,1756,-88
878.093,00:04,1756,-87
878.517,00:02,1757,-106
878.537,00:03,1757,-88
878.594,00:04,1757,-87
879.017,00:02,1758,-106
879.035,00:03,1758,-88
879.094,00:04,1758,-86
879.518,00:02,1759,-106
879.537,00:03,1759,-88
879.592,00:04,1759,-86
880.016,00:02,1760,-106
880.038,00:03,1760,-88
880.095,00:04,1760,-86
880.517,00:02,1761,-106
880.536,00:03,1761,-88
880.596,00:04,1761,-86
881.017,00:02,1762,-101
881.037,00:03,1762,-84
881.093,00:04,1762,-82
881.518,00:02,1763,-101
881.535,00:03,1763,-84
881.593,00:04,1763,-82
882.017,00:02,1764,-101
882.037,00:03,1764,-84
882.094,00:04,1764,-82
882.515,00:02,1765,-101
882.536,00:03,1765,-84
882.593,00:04,1765,-82
883.018,00:02,1766,-101
883.037,00:03,1766,-85
883.095,00:04,1766,-82
883.517,00:02,1767,-101
883.536,00:03,1767,-85
883.595,00:04,1767,-82
884.015,00:02,1768,-101
884.036,00:03,1768,-85
884.094,00:04,1768,-82
884.517,00:02,1769,-101
884.537,00:03,1769,-85
884.595,00:04,1769,-81
885.015,00:02,1770,-101
885.038,00:03,1770,-85
885.094,00:04,1770,-81
885.516,00:02,1771,-101
885.537,00:03,1771,-85
885.594,00:04,1771,-81
886.017,00:02,1772,-101
886.036,00:03,1772,-85
886.095,00:04,1772,-81
886.516,00:02,1773,-101
886.536,00:03,1773,-85
886.594,00:04,1773,-81
887.017,00:02,1774,-100
887.036,00:03,1774,-85
887.094,00:04,1774,-81
887.516,00:02,1775,-100
887.536,00:03,1775,-85
887.594,00:04,1775,-81
888.017,00:02,1776,-100
888.035,00:03,1776,-85
888.095,00:04,1776,-81
888.517,00:02,1777,-100
888.536,00:03,1777,-85
888.592,00:04,1777,-81
889.016,00:02,1778,-100
889.036,00:03,1778,-85
889.093,00:04,1778,-81
889.516,00:02,1779,-100
889.536,00:03,1779,-85
889.594,00:04,1779,-81
890.017,00:02,1780,-100
890.036,00:03,1780,-85
890.093,00:04,1780,-80
890.515,00:02,1781,-100
890.538,00:03,1781,-86
890.594,00:04,1781,-80
891.016,00:02,1782,-100
891.037,00:03,1782,-86
891.095,00:04,1782,-80
891.517,00:02,1783,-100
891.535,00:03,1783,-86
891.594,00:04,1783,-80
892.016,00:02,1784,-100
892.037,00:03,1784,-86
892.093,00:04,1784,-80
892.516,00:02,1785,-100
892.537,00:03,1785,-86
892.594,00:04,1785,-80
893.019,00:02,1786,-99
893.036,00:03,1786,-86
893.094,00:04,1786,-80
893.516,00:02,1787,-99
893.536,00:03,1787,-86
893.593,00:04,1787,-80
894.017,00:02,1788,-99
894.036,00:03,1788,-86
894.094,00:04,1788,-80
894.516,00:02,1789,-99
894.537,00:03,1789,-86
894.594,00:04,1789,-80
895.016,00:02,1790,-99
895.037,00:03,1790,-86
895.092,00:04,1790,-80
895.515,00:02,1791,-99
895.535,00:03,1791,-86
895.594,00:04,1791,-80
896.018,00:02,1792,-99
896.036,00:03,1792,-86
896.094,00:04,1792,-80
896.518,00:02,1793,-99
896.535,00:03,1793,-87
896.595,00:04,1793,-80
897.018,00:02,1794,-99
897.035,00:03,1794,-87
897.093,00:04,1794,-80
897.515,00:02,1795,-99
897.536,00:03,1795,-87
897.593,00:04,1795,-80
898.018,00:02,1796,-99
898.036,00:03,1796,-87
898.094,00:04,1796,-79
898.517,00:02,1797,-98
898.535,00:03,1797,-87
898.595,00:04,1797,-79
899.015,00:02,1798,-98
899.036,00:03,1798,-87
899.094,00:04,1798,-79
899.517,00:02,1799,-98
899.536,00:03,1799,-87
899.594,00:04,1799,-79
900.018,00:02,1800,-98
900.036,00:03,1800,-87
900.094,00:04,1800,-79
900.517,00:02,1801,-98
900.536,00:03,1801,-87
900.593,00:04,1801,-79
901.018,00:02,1802,-98
901.037,00:03,1802,-87
901.095,00:04,1802,-79
901.516,00:02,1803,-98
901.534,00:03,1803,-87
901.594,00:04,1803,-79
902.017,00:02,1804,-98
902.035,00:03,1804,-87
902.094,00:04,1804,-79
902.517,00:02,1805,-98
902.535,00:03,1805,-88
902.593,00:04,1805,-79
903.016,00:02,1806,-98
903.036,00:03,1806,-88
903.093,00:04,1806,-79
903.515,00:02,1807,-98
903.536,00:03,1807,-88
903.593,00:04,1807,-79
904.016,00:02,1808,-97
904.037,00:03,1808,-88
904.095,00:04,1808,-79
904.515,00:02,1809,-97
904.535,00:03,1809,-88
904.595,00:04,1809,-79
905.019,00:02,1810,-97
905.036,00:03,1810,-88
905.094,00:04,1810,-79
905.516,00:02,1811,-97
905.537,00:03,1811,-88
905.593,00:04,1811,-79
906.018,00:02,1812,-97
906.035,00:03,1812,-88
906.094,00:04,1812,-79
906.518,00:02,1813,-97
906.536,00:03,1813,-88
906.595,00:04,1813,-79
907.017,00:02,1814,-97
907.036,00:03,1814,-88
907.093,00:04,1814,-79
907.518,00:02,1815,-97
907.535,00:03,1815,-88
907.593,00:04,1815,-79
908.018,00:02,1816,-97
908.036,00:03,1816,-89
908.094,00:04,1816,-79
908.517,00:02,1817,-97
908.537,00:03,1817,-89
908.594,00:04,1817,-79
909.018,00:02,1818,-97
909.036,00:03,1818,-89
909.093,00:04,1818,-79
909.518,00:02,1819,-96
909.535,00:03,1819,-89
909.595,00:04,1819,-79
910.015,00:02,1820,-96
910.036,00:03,1820,-89
910.092,00:04,1820,-79
910.517,00:02,1821,-96
910.534,00:03,1821,-89
910.593,00:04,1821,-79
911.016,00:02,1822,-96
911.037,00:03,1822,-89
911.092,00:04,1822,-79
911.516,00:02,1823,-96
911.536,00:03,1823,-89
911.595,00:04,1823,-79
912.015,00:02,1824,-96
912.037,00:03,1824,-89
912.092,00:04,1824,-79
912.517,00:02,1825,-96
912.535,00:03,1825,-89
912.595,00:04,1825,-79
913.018,00:02,1826,-96
913.037,00:03,1826,-89
913.095,00:04,1826,-79
913.515,00:02,1827,-96
913.535,00:03,1827,-90
913.594,00:04,1827,-79
914.017,00:02,1828,-96
914.035,00:03,1828,-90
914.094,00:04,1828,-79
914.517,00:02,1829,-96
914.536,00:03,1829,-90
914.594,00:04,1829,-79
915.018,00:02,1830,-95
915.036,00:03,1830,-90
915.094,00:04,1830,-79
915.517,00:02,1831,-95
915.537,00:03,1831,-90
915.593,00:04,1831,-79
916.017,00:02,1832,-95
916.036,00:03,1832,-90
916.093,00:04,1832,-79
916.518,00:02,1833,-95
916.534,00:03,1833,-90
916.595,00:04,1833,-79
917.018,00:02,1834,-95
917.033,00:03,1834,-90
917.095,00:04,1834,-79
917.515,00:02,1835,-95
917.536,00:03,1835,-90
917.595,00:04,1835,-79
918.017,00:02,1836,-95
918.037,00:03,1836,-90
918.093,00:04,1836,-79
918.517,00:02,1837,-95
918.537,00:03,1837,-90
918.592,00:04,1837,-79
919.015,00:02,1838,-95
919.035,00:03,1838,-91
919.093,00:04,1838,-79
919.517,00:02,1839,-95
919.534,00:03,1839,-91
919.592,00:04,1839,-79
920.017,00:02,1840,-95
920.036,00:03,1840,-91
920.093,00:04,1840,-79
920.516,00:02,1841,-95
920.535,00:03,1841,-91
920.594,00:04,1841,-80
921.016,00:02,1842,-94
921.037,00:03,1842,-91
921.094,00:04,1842,-80
921.517,00:02,1843,-94
921.535,00:03,1843,-91
921.595,00:04,1843,-80
922.018,00:02,1844,-94
922.036,00:03,1844,-91
922.094,00:04,1844,-80
922.518,00:02,1845,-94
922.535,00:03,1845,-91
922.593,00:04,1845,-80
923.017,00:02,1846,-94
923.034,00:03,1846,-91
923.092,00:04,1846,-80
923.517,00:02,1847,-94
923.536,00:03,1847,-91
923.594,00:04,1847,-80
924.016,00:02,1848,-94
924.034,00:03,1848,-91
924.093,00:04,1848,-80
924.517,00:02,1849,-94
924.535,00:03,1849,-92
924.593,00:04,1849,-80
925.016,00:02,1850,-94
925.035,00:03,1850,-92
925.095,00:04,1850,-80
925.516,00:02,1851,-94
925.535,00:03,1851,-92
925.592,00:04,1851,-80
926.017,00:02,1852,-94
926.034,00:03,1852,-92
926.093,00:04,1852,-80
926.516,00:02,1853,-94
926.537,00:03,1853,-92
926.594,00:04,1853,-80
927.016,00:02,1854,-93
927.035,00:03,1854,-92
927.095,00:04,1854,-80
927.516,00:02,1855,-93
927.533,00:03,1855,-92
927.594,00:04,1855,-80
928.018,00:02,1856,-93
928.035,00:03,1856,-92
928.093,00:04,1856,-81
928.517,00:02,1857,-93
928.534,00:03,1857,-92
928.593,00:04,1857,-81
929.017,00:02,1858,-93
929.037,00:03,1858,-92
929.094,00:04,1858,-81
929.519,00:02,1859,-93
929.535,00:03,1859,-92
929.595,00:04,1859,-81
930.018,00:02,1860,-93
930.034,00:03,1860,-92
930.093,00:04,1860,-81
930.517,00:02,1861,-93
930.535,00:03,1861,-93
930.593,00:04,1861,-81
931.017,00:02,1862,-93
931.036,00:03,1862,-93
931.094,00:04,1862,-81
931.517,00:02,1863,-93
931.536,00:03,1863,-93
931.593,00:04,1863,-81
932.017,00:02,1864,-93
932.034,00:03,1864,-93
932.094,00:04,1864,-81
932.516,00:02,1865,-93
932.534,00:03,1865,-93
932.595,00:04,1865,-81
933.017,00:02,1866,-93
933.035,00:03,1866,-93
933.093,00:04,1866,-81
933.517,00:02,1867,-93
933.537,00:03,1867,-93
933.592,00:04,1867,-81
934.017,00:02,1868,-92
934.034,00:03,1868,-93
934.092,00:04,1868,-82
934.517,00:02,1869,-92
934.536,00:03,1869,-93
934.593,00:04,1869,-82
935.017,00:02,1870,-92
935.034,00:03,1870,-93
935.093,00:04,1870,-82
935.518,00:02,1871,-92
935.534,00:03,1871,-93
935.592,00:04,1871,-82
936.016,00:02,1872,-92
936.034,00:03,1872,-93
936.093,00:04,1872,-82
936.518,00:02,1873,-92
936.535,00:03,1873,-94
936.594,00:04,1873,-82
937.016,00:02,1874,-96
937.036,00:03,1874,-98
937.093,00:04,1874,-86
937.517,00:02,1875,-96
937.534,00:03,1875,-98
937.593,00:04,1875,-86
938.015,00:02,1876,-96
938.035,00:03,1876,-98
938.093,00:04,1876,-86
938.516,00:02,1877,-96
938.537,00:03,1877,-98
938.591,00:04,1877,-86
939.017,00:02,1878,-96
939.034,00:03,1878,-98
939.093,00:04,1878,-86
939.517,00:02,1879,-96
939.536,00:03,1879,-98
939.593,00:04,1879,-87
940.018,00:02,1880,-96
940.036,00:03,1880,-98
940.093,00:04,1880,-87
940.515,00:02,1881,-96
940.536,00:03,1881,-98
940.594,00:04,1881,-87
941.018,00:02,1882,-92
941.035,00:03,1882,-94
941.093,00:04,1882,-83
941.517,00:02,1883,-92
941.534,00:03,1883,-94
941.592,00:04,1883,-83
942.016,00:02,1884,-92
942.033,00:03,1884,-94
942.093,00:04,1884,-83
942.519,00:02,1885,-92
942.535,00:03,1885,-95
942.594,00:04,1885,-83
943.018,00:02,1886,-92
943.036,00:03,1886,-95
943.093,00:04,1886,-83
943.516,00:02,1887,-91
943.536,00:03,1887,-95
943.592,00:04,1887,-83
944.017,00:02,1888,-91
944.036,00:03,1888,-95
944.094,00:04,1888,-83
944.516,00:02,1889,-91
944.535,00:03,1889,-95
944.593,00:04,1889,-84
945.016,00:02,1890,-91
945.035,00:03,1890,-95
945.095,00:04,1890,-84
945.517,00:02,1891,-91
945.535,00:03,1891,-95
945.593,00:04,1891,-84
946.018,00:02,1892,-91
946.034,00:03,1892,-95
946.094,00:04,1892,-84
946.518,00:02,1893,-91
946.535,00:03,1893,-95
946.593,00:04,1893,-84
947.016,00:02,1894,-91
947.035,00:03,1894,-95
947.092,00:04,1894,-84
947.518,00:02,1895,-91
947.537,00:03,1895,-95
947.592,00:04,1895,-84
948.017,00:02,1896,-91
948.035,00:03,1896,-95
948.095,00:04,1896,-84
948.516,00:02,1897,-91
948.535,00:03,1897,-96
948.595,00:04,1897,-84
949.017,00:02,1898,-91
949.034,00:03,1898,-96
949.092,00:04,1898,-85
949.516,00:02,1899,-91
949.535,00:03,1899,-96
949.593,00:04,1899,-85
950.017,00:02,1900,-91
950.033,00:03,1900,-96
950.093,00:04,1900,-85
950.517,00:02,1901,-91
950.533,00:03,1901,-96
950.593,00:04,1901,-85
951.017,00:02,1902,-91
951.036,00:03,1902,-96
951.093,00:04,1902,-85
951.519,00:02,1903,-91
951.535,00:03,1903,-96
951.594,00:04,1903,-85
952.018,00:02,1904,-91
952.034,00:03,1904,-96
952.095,00:04,1904,-85
952.517,00:02,1905,-91
952.534,00:03,1905,-96
952.595,00:04,1905,-85
953.017,00:02,1906,-91
953.033,00:03,1906,-96
953.095,00:04,1906,-85
953.518,00:02,1907,-91
953.535,00:03,1907,-96
953.593,00:04,1907,-85
954.018,00:02,1908,-91
954.033,00:03,1908,-96
954.092,00:04,1908,-86
954.519,00:02,1909,-91
954.536,00:03,1909,-96
954.593,00:04,1909,-85
955.016,00:02,1910,-91
955.034,00:03,1910,-96
955.093,00:04,1910,-85
955.517,00:02,1911,-92
955.533,00:03,1911,-96
955.593,00:04,1911,-85
956.017,00:02,1912,-92
956.036,00:03,1912,-97
956.092,00:04,1912,-85
956.515,00:02,1913,-92
956.534,00:03,1913,-97
956.593,00:04,1913,-85
957.017,00:02,1914,-92
957.035,00:03,1914,-97
957.093,00:04,1914,-85
957.515,00:02,1915,-92
957.535,00:03,1915,-97
957.595,00:04,1915,-85
958.018,00:02,1916,-92
958.035,00:03,1916,-97
958.092,00:04,1916,-85
958.518,00:02,1917,-93
958.535,00:03,1917,-97
958.594,00:04,1917,-85
959.017,00:02,1918,-93
959.036,00:03,1918,-97
959.092,00:04,1918,-85
959.517,00:02,1919,-93
959.535,00:03,1919,-97
959.593,00:04,1919,-85
960.017,00:02,1920,-93
960.033,00:03,1920,-97
960.092,00:04,1920,-85
960.519,00:02,1921,-93
960.534,00:03,1921,-97
960.593,00:04,1921,-84
961.018,00:02,1922,-93
961.035,00:03,1922,-97
961.093,00:04,1922,-84
961.516,00:02,1923,-93
961.534,00:03,1923,-97
961.593,00:04,1923,-84
962.018,00:02,1924,-93
962.033,00:03,1924,-96
962.094,00:04,1924,-84
962.519,00:02,1925,-93
962.534,00:03,1925,-96
962.592,00:04,1925,-84
963.018,00:02,1926,-93
963.034,00:03,1926,-96
963.094,00:04,1926,-84
963.516,00:02,1927,-93
963.535,00:03,1927,-96
963.594,00:04,1927,-84
964.018,00:02,1928,-93
964.034,00:03,1928,-96
964.094,00:04,1928,-84
964.519,00:02,1929,-93
964.536,00:03,1929,-96
964.594,00:04,1929,-83
965.019,00:02,1930,-93
965.034,00:03,1930,-96
965.094,00:04,1930,-83
965.519,00:02,1931,-93
965.536,00:03,1931,-96
965.592,00:04,1931,-83
966.018,00:02,1932,-93
966.035,00:03,1932,-96
966.092,00:04,1932,-83
966.519,00:02,1933,-93
966.534,00:03,1933,-96
966.594,00:04,1933,-83
967.019,00:02,1934,-93
967.035,00:03,1934,-96
967.091,00:04,1934,-83
967.517,00:02,1935,-93
967.534,00:03,1935,-96
967.594,00:04,1935,-83
968.019,00:02,1936,-93
968.034,00:03,1936,-96
968.093,00:04,1936,-83
968.517,00:02,1937,-93
968.535,00:03,1937,-96
968.593,00:04,1937,-83
969.016,00:02,1938,-93
969.034,00:03,1938,-95
969.094,00:04,1938,-82
969.52,00:02,1939,-93
969.536,00:03,1939,-95
969.594,00:04,1939,-82
970.018,00:02,1940,-93
970.035,00:03,1940,-95
970.094,00:04,1940,-82
970.517,00:02,1941,-93
970.535,00:03,1941,-95
970.591,00:04,1941,-82
971.019,00:02,1942,-93
971.036,00:03,1942,-95
971.093,00:04,1942,-82
971.518,00:02,1943,-93
971.536,00:03,1943,-95
971.592,00:04,1943,-82
972.018,00:02,1944,-93
972.033,00:03,1944,-95
972.095,00:04,1944,-82
972.518,00:02,1945,-93
972.535,00:03,1945,-95
972.593,00:04,1945,-82
973.018,00:02,1946,-97
973.034,00:03,1946,-99
973.092,00:04,1946,-86
973.517,00:02,1947,-97
973.534,00:03,1947,-99
973.592,00:04,1947,-85
974.018,00:02,1948,-97
974.034,00:03,1948,-99
974.094,00:04,1948,-85
974.519,00:02,1949,-97
974.535,00:03,1949,-99
974.593,00:04,1949,-85
975.017,00:02,1950,-97
975.034,00:03,1950,-99
975.093,00:04,1950,-85
975.519,00:02,1951,-98
975.534,00:03,1951,-98
975.592,00:04,1951,-85
976.017,00:02,1952,-98
976.034,00:03,1952,-98
976.094,00:04,1952,-85
976.517,00:02,1953,-98
976.535,00:03,1953,-98
976.593,00:04,1953,-85
977.016,00:02,1954,-94
977.033,00:03,1954,-94
977.094,00:04,1954,-81
977.517,00:02,1955,-94
977.535,00:03,1955,-94
977.593,00:04,1955,-80
978.018,00:02,1956,-94
978.036,00:03,1956,-94
978.094,00:04,1956,-80
978.516,00:02,1957,-94
978.534,00:03,1957,-94
978.592,00:04,1957,-80
979.017,00:02,1958,-94
979.035,00:03,1958,-94
979.093,00:04,1958,-80
979.518,00:02,1959,-94
979.534,00:03,1959,-94
979.592,00:04,1959,-80
980.017,00:02,1960,-94
980.034,00:03,1960,-94
980.093,00:04,1960,-80
980.518,00:02,1961,-94
980.532,00:03,1961,-94
980.594,00:04,1961,-80
981.02,00:02,1962,-94
981.034,00:03,1962,-94
981.092,00:04,1962,-80
981.517,00:02,1963,-94
981.535,00:03,1963,-93
981.594,00:04,1963,-80
982.017,00:02,1964,-94
982.033,00:03,1964,-93
982.093,00:04,1964,-80
982.518,00:02,1965,-94
982.536,00:03,1965,-93
982.592,00:04,1965,-79
983.019,00:02,1966,-94
983.033,00:03,1966,-93
983.093,00:04,1966,-79
983.518,00:02,1967,-94
983.534,00:03,1967,-93
983.592,00:04,1967,-79
984.019,00:02,1968,-94
984.032,00:03,1968,-93
984.092,00:04,1968,-79
984.519,00:02,1969,-94
984.533,00:03,1969,-93
984.592,00:04,1969,-79
985.017,00:02,1970,-95
985.036,00:03,1970,-93
985.092,00:04,1970,-79
985.518,00:02,1971,-95
985.533,00:03,1971,-93
985.593,00:04,1971,-79
986.019,00:02,1972,-95
986.035,00:03,1972,-93
986.092,00:04,1972,-79
986.518,00:02,1973,-95
986.534,00:03,1973,-93
986.593,00:04,1973,-79
987.019,00:02,1974,-95
987.034,00:03,1974,-93
987.092,00:04,1974,-79
987.518,00:02,1975,-95
987.534,00:03,1975,-93
987.593,00:04,1975,-78
988.019,00:02,1976,-95
988.035,00:03,1976,-92
988.094,00:04,1976,-78
988.518,00:02,1977,-95
988.534,00:03,1977,-92
988.592,00:04,1977,-78
989.017,00:02,1978,-95
989.036,00:03,1978,-92
989.094,00:04,1978,-78
989.519,00:02,1979,-95
989.533,00:03,1979,-92
989.593,00:04,1979,-78
990.019,00:02,1980,-95
990.034,00:03,1980,-92
990.093,00:04,1980,-78
990.519,00:02,1981,-95
990.533,00:03,1981,-92
990.595,00:04,1981,-78
991.017,00:02,1982,-95
991.034,00:03,1982,-92
991.093,00:04,1982,-78
991.517,00:02,1983,-95
991.534,00:03,1983,-92
991.593,00:04,1983,-78
992.019,00:02,1984,-96
992.036,00:03,1984,-92
992.092,00:04,1984,-78
992.518,00:02,1985,-96
992.533,00:03,1985,-92
992.592,00:04,1985,-78
993.018,00:02,1986,-96
993.033,00:03,1986,-92
993.091,00:04,1986,-78
993.518,00:02,1987,-96
993.533,00:03,1987,-92
993.593,00:04,1987,-77
994.017,00:02,1988,-96
994.035,00:03,1988,-91
994.092,00:04,1988,-77
994.516,00:02,1989,-96
994.534,00:03,1989,-91
994.593,00:04,1989,-77
995.017,00:02,1990,-96
995.035,00:03,1990,-91
995.092,00:04,1990,-77
995.52,00:02,1991,-96
995.535,00:03,1991,-91
995.593,00:04,1991,-77
996.017,00:02,1992,-96
996.034,00:03,1992,-91
996.093,00:04,1992,-77
996.519,00:02,1993,-96
996.534,00:03,1993,-91
996.594,00:04,1993,-77
997.017,00:02,1994,-96
997.035,00:03,1994,-91
997.091,00:04,1994,-77
997.52,00:02,1995,-96
997.535,00:03,1995,-91
997.592,00:04,1995,-77
998.016,00:02,1996,-96
998.034,00:03,1996,-91
998.093,00:04,1996,-77
998.517,00:02,1997,-96
998.534,00:03,1997,-91
998.592,00:04,1997,-77
999.018,00:02,1998,-97
999.033,00:03,1998,-91
999.093,00:04,1998,-77
999.517,00:02,1999,-97
999.535,00:03,1999,-91
999.592,00:04,1999,-77
1000.02,00:02,2000,-97
1000.03,00:03,2000,-90
1000.09,00:04,2000,-77
1000.52,00:02,2001,-97
1000.53,00:03,2001,-90
1000.59,00:04,2001,-77
1001.02,00:02,2002,-97
1001.03,00:03,2002,-90
1001.09,00:04,2002,-77
1001.52,00:02,2003,-97
1001.53,00:03,2003,-90
1001.59,00:04,2003,-77
1002.02,00:02,2004,-97
1002.03,00:03,2004,-90
1002.09,00:04,2004,-77
1002.52,00:02,2005,-97
1002.53,00:03,2005,-90
1002.59,00:04,2005,-77
1003.02,00:02,2006,-97
1003.03,00:03,2006,-90
1003.09,00:04,2006,-77
1003.52,00:02,2007,-97
1003.53,00:03,2007,-90
1003.59,00:04,2007,-77
1004.02,00:02,2008,-97
1004.03,00:03,2008,-90
1004.09,00:04,2008,-77
1004.52,00:02,2009,-97
1004.53,00:03,2009,-90
1004.59,00:04,2009,-77
1005.02,00:02,2010,-98
1005.03,00:03,2010,-90
1005.09,00:04,2010,-77
1005.52,00:02,2011,-98
1005.53,00:03,2011,-90
1005.59,00:04,2011,-77
1006.02,00:02,2012,-98
1006.03,00:03,2012,-90
1006.09,00:04,2012,-77
1006.52,00:02,2013,-98
1006.53,00:03,2013,-89
1006.59,00:04,2013,-77
1007.02,00:02,2014,-98
1007.03,00:03,2014,-89
1007.09,00:04,2014,-77
1007.52,00:02,2015,-98
1007.53,00:03,2015,-89
1007.59,00:04,2015,-77
1008.02,00:02,2016,-98
1008.03,00:03,2016,-89
1008.09,00:04,2016,-77
1008.52,00:02,2017,-98
1008.53,00:03,2017,-89
1008.59,00:04,2017,-77
1009.02,00:02,2018,-98
1009.03,00:03,2018,-89
1009.09,00:04,2018,-77
1009.52,00:02,2019,-98
1009.53,00:03,2019,-89
1009.59,00:04,2019,-77
1010.02,00:02,2020,-98
1010.03,00:03,2020,-89
1010.09,00:04,2020,-77
1010.52,00:02,2021,-98
1010.53,00:03,2021,-89
1010.59,00:04,2021,-77
1011.02,00:02,2022,-98
1011.03,00:03,2022,-89
1011.09,00:04,2022,-77
1011.52,00:02,2023,-99
1011.53,00:03,2023,-89
1011.59,00:04,2023,-77
1012.02,00:02,2024,-99
1012.03,00:03,2024,-89
1012.09,00:04,2024,-77
1012.52,00:02,2025,-99
1012.53,00:03,2025,-88
1012.59,00:04,2025,-77
1013.02,00:02,2026,-99
1013.03,00:03,2026,-88
1013.09,00:04,2026,-77
1013.52,00:02,2027,-99
1013.53,00:03,2027,-88
1013.59,00:04,2027,-77
1014.02,00:02,2028,-99
1014.03,00:03,2028,-88
1014.09,00:04,2028,-77
1014.52,00:02,2029,-99
1014.53,00:03,2029,-88
1014.59,00:04,2029,-77
1015.02,00:02,2030,-99
1015.03,00:03,2030,-88
1015.09,00:04,2030,-77
1015.52,00:02,2031,-99
1015.53,00:03,2031,-88
1015.59,00:04,2031,-77
1016.02,00:02,2032,-99
1016.03,00:03,2032,-88
1016.09,00:04,2032,-77
1016.52,00:02,2033,-99
1016.53,00:03,2033,-88
1016.59,00:04,2033,-78
1017.02,00:02,2034,-99
1017.04,00:03,2034,-88
1017.09,00:04,2034,-78
1017.52,00:02,2035,-100
1017.53,00:03,2035,-88
1017.59,00:04,2035,-78
1018.02,00:02,2036,-100
1018.03,00:03,2036,-88
1018.09,00:04,2036,-78
1018.52,00:02,2037,-100
1018.53,00:03,2037,-88
1018.59,00:04,2037,-78
1019.02,00:02,2038,-100
1019.03,00:03,2038,-88
1019.09,00:04,2038,-78
1019.52,00:02,2039,-100
1019.53,00:03,2039,-87
1019.59,00:04,2039,-78
1020.02,00:02,2040,-100
1020.03,00:03,2040,-87
1020.09,00:04,2040,-78
1020.52,00:02,2041,-100
1020.53,00:03,2041,-87
1020.59,00:04,2041,-78
1021.02,00:02,2042,-100
1021.03,00:03,2042,-87
1021.09,00:04,2042,-78
1021.52,00:02,2043,-100
1021.53,00:03,2043,-87
1021.59,00:04,2043,-78
1022.02,00:02,2044,-100
1022.03,00:03,2044,-87
1022.09,00:04,2044,-78
1022.52,00:02,2045,-100
1022.53,00:03,2045,-87
1022.59,00:04,2045,-78
1023.02,00:02,2046,-100
1023.03,00:03,2046,-87
1023.09,00:04,2046,-79
1023.52,00:02,2047,-101
1023.53,00:03,2047,-87
1023.59,00:04,2047,-79
1024.02,00:02,2048,-101
1024.03,00:03,2048,-87
1024.09,00:04,2048,-79
1024.52,00:02,2049,-101
1024.53,00:03,2049,-87
1024.59,00:04,2049,-79
1025.02,00:02,2050,-101
1025.03,00:03,2050,-87
1025.09,00:04,2050,-79
1025.52,00:02,2051,-101
1025.53,00:03,2051,-87
1025.59,00:04,2051,-79
1026.02,00:02,2052,-101
1026.03,00:03,2052,-87
1026.09,00:04,2052,-79
1026.52,00:02,2053,-101
1026.53,00:03,2053,-87
1026.59,00:04,2053,-79
1027.02,00:02,2054,-101
1027.03,00:03,2054,-86
1027.09,00:04,2054,-79
1027.52,00:02,2055,-101
1027.53,00:03,2055,-86
1027.59,00:04,2055,-79
1028.02,00:02,2056,-101
1028.03,00:03,2056,-86
1028.09,00:04,2056,-80
1028.52,00:02,2057,-101
1028.53,00:03,2057,-86
1028.59,00:04,2057,-80
1029.02,00:02,2058,-101
1029.03,00:03,2058,-86
1029.09,00:04,2058,-80
1029.52,00:02,2059,-101
1029.53,00:03,2059,-86
1029.59,00:04,2059,-80
1030.02,00:02,2060,-102
1030.03,00:03,2060,-86
1030.09,00:04,2060,-80
1030.52,00:02,2061,-102
1030.53,00:03,2061,-86
1030.59,00:04,2061,-80
1031.02,00:02,2062,-102
1031.03,00:03,2062,-86
1031.09,00:04,2062,-80
1031.52,00:02,2063,-102
1031.53,00:03,2063,-86
1031.59,00:04,2063,-80
1032.02,00:02,2064,-102
1032.03,00:03,2064,-86
1032.09,00:04,2064,-80
1032.52,00:02,2065,-102
1032.53,00:03,2065,-86
1032.59,00:04,2065,-81
1033.02,00:02,2066,-106
1033.03,00:03,2066,-90
1033.09,00:04,2066,-85
1033.52,00:02,2067,-106
1033.53,00:03,2067,-90
1033.59,00:04,2067,-85
1034.02,00:02,2068,-106
1034.03,00:03,2068,-90
1034.09,00:04,2068,-85
1034.52,00:02,2069,-106
1034.53,00:03,2069,-90
1034.59,00:04,2069,-85
1035.02,00:02,2070,-106
1035.03,00:03,2070,-90
1035.09,00:04,2070,-85
1035.52,00:02,2071,-106
1035.53,00:03,2071,-90
1035.59,00:04,2071,-85
1036.02,00:02,2072,-107
1036.03,00:03,2072,-90
1036.09,00:04,2072,-85
1036.52,00:02,2073,-107
1036.53,00:03,2073,-90
1036.59,00:04,2073,-85
1037.02,00:02,2074,-103
1037.03,00:03,2074,-85
1037.09,00:04,2074,-82
1037.52,00:02,2075,-103
1037.53,00:03,2075,-85
1037.59,00:04,2075,-82
1038.02,00:02,2076,-103
1038.03,00:03,2076,-85
1038.09,00:04,2076,-82
1038.52,00:02,2077,-103
1038.53,00:03,2077,-85
1038.59,00:04,2077,-82
1039.02,00:02,2078,-103
1039.03,00:03,2078,-85
1039.09,00:04,2078,-82
1039.52,00:02,2079,-103
1039.53,00:03,2079,-85
1039.59,00:04,2079,-82
1040.02,00:02,2080,-103
1040.03,00:03,2080,-85
1040.09,00:04,2080,-82
1040.52,00:02,2081,-103
1040.53,00:03,2081,-85
1040.59,00:04,2081,-82
1041.02,00:02,2082,-103
1041.03,00:03,2082,-85
1041.09,00:04,2082,-82
1041.52,00:02,2083,-103
1041.53,00:03,2083,-85
1041.59,00:04,2083,-83
1042.02,00:02,2084,-103
1042.03,00:03,2084,-85
1042.09,00:04,2084,-83
1042.52,00:02,2085,-103
1042.53,00:03,2085,-85
1042.59,00:04,2085,-83
1043.02,00:02,2086,-104
1043.03,00:03,2086,-85
1043.09,00:04,2086,-83
1043.52,00:02,2087,-104
1043.53,00:03,2087,-85
1043.59,00:04,2087,-83
1044.02,00:02,2088,-104
1044.03,00:03,2088,-85
1044.09,00:04,2088,-83
1044.52,00:02,2089,-104
1044.53,00:03,2089,-85
1044.59,00:04,2089,-83
1045.02,00:02,2090,-104
1045.03,00:03,2090,-85
1045.09,00:04,2090,-83
1045.52,00:02,2091,-104
1045.53,00:03,2091,-85
1045.59,00:04,2091,-84
1046.02,00:02,2092,-104
1046.03,00:03,2092,-85
1046.09,00:04,2092,-84
1046.52,00:02,2093,-104
1046.53,00:03,2093,-85
1046.59,00:04,2093,-84
1047.02,00:02,2094,-104
1047.03,00:03,2094,-85
1047.09,00:04,2094,-84
1047.52,00:02,2095,-104
1047.53,00:03,2095,-85
1047.59,00:04,2095,-84
1048.02,00:02,2096,-104
1048.03,00:03,2096,-85
1048.09,00:04,2096,-84
1048.52,00:02,2097,-104
1048.53,00:03,2097,-85
1048.59,00:04,2097,-84
1049.02,00:02,2098,-104
1049.03,00:03,2098,-85
1049.09,00:04,2098,-84
1049.52,00:02,2099,-105
1049.53,00:03,2099,-85
1049.59,00:04,2099,-84
1050.02,00:02,2100,-105
1050.03,00:03,2100,-85
1050.09,00:04,2100,-85
1050.52,00:02,2101,-105
1050.53,00:03,2101,-85
1050.59,00:04,2101,-84
1051.02,00:02,2102,-105
1051.03,00:03,2102,-85
1051.09,00:04,2102,-84
1051.52,00:02,2103,-105
1051.53,00:03,2103,-85
1051.59,00:04,2103,-84
1052.02,00:02,2104,-105
1052.03,00:03,2104,-86
1052.09,00:04,2104,-84
1052.52,00:02,2105,-105
1052.53,00:03,2105,-86
1052.59,00:04,2105,-84
1053.02,00:02,2106,-105
1053.03,00:03,2106,-86
1053.09,00:04,2106,-84
1053.52,00:02,2107,-105
1053.53,00:03,2107,-86
1053.59,00:04,2107,-84
1054.02,00:02,2108,-105
1054.03,00:03,2108,-86
1054.09,00:04,2108,-84
1054.52,00:02,2109,-105
1054.53,00:03,2109,-86
1054.59,00:04,2109,-84
1055.02,00:02,2110,-105
1055.03,00:03,2110,-87
1055.09,00:04,2110,-84
1055.52,00:02,2111,-105
1055.53,00:03,2111,-87
1055.59,00:04,2111,-84
1056.02,00:02,2112,-105
1056.03,00:03,2112,-87
1056.09,00:04,2112,-84
1056.52,00:02,2113,-105
1056.53,00:03,2113,-87
1056.59,00:04,2113,-83
1057.02,00:02,2114,-105
1057.03,00:03,2114,-87
1057.09,00:04,2114,-83
1057.52,00:02,2115,-105
1057.53,00:03,2115,-87
1057.59,00:04,2115,-83
1058.02,00:02,2116,-105
1058.03,00:03,2116,-87
1058.09,00:04,2116,-83
1058.52,00:02,2117,-105
1058.53,00:03,2117,-87
1058.59,00:04,2117,-83
1059.02,00:02,2118,-105
1059.03,00:03,2118,-87
1059.09,00:04,2118,-83
1059.52,00:02,2119,-105
1059.53,00:03,2119,-87
1059.59,00:04,2119,-83
1060.02,00:02,2120,-104
1060.03,00:03,2120,-87
1060.09,00:04,2120,-83
1060.52,00:02,2121,-104
1060.53,00:03,2121,-87
1060.59,00:04,2121,-82
1061.02,00:02,2122,-104
1061.03,00:03,2122,-87
1061.09,00:04,2122,-82
1061.52,00:02,2123,-104
1061.53,00:03,2123,-87
1061.59,00:04,2123,-82
1062.02,00:02,2124,-104
1062.03,00:03,2124,-87
1062.09,00:04,2124,-82
1062.52,00:02,2125,-104
1062.53,00:03,2125,-87
1062.59,00:04,2125,-82
1063.02,00:02,2126,-104
1063.03,00:03,2126,-87
1063.09,00:04,2126,-82
1063.52,00:02,2127,-104
1063.53,00:03,2127,-87
1063.59,00:04,2127,-82
1064.02,00:02,2128,-104
1064.03,00:03,2128,-87
1064.09,00:04,2128,-82
1064.52,00:02,2129,-104
1064.53,00:03,2129,-87
1064.59,00:04,2129,-81
1065.02,00:02,2130,-104
1065.03,00:03,2130,-87
1065.09,00:04,2130,-81
1065.52,00:02,2131,-104
1065.53,00:03,2131,-87
1065.59,00:04,2131,-81
1066.02,00:02,2132,-104
1066.03,00:03,2132,-87
1066.09,00:04,2132,-81
1066.52,00:02,2133,-104
1066.53,00:03,2133,-87
1066.59,00:04,2133,-81
1067.02,00:02,2134,-103
1067.03,00:03,2134,-87
1067.09,00:04,2134,-81
1067.52,00:02,2135,-103
1067.53,00:03,2135,-87
1067.59,00:04,2135,-81
1068.02,00:02,2136,-103
1068.03,00:03,2136,-87
1068.09,00:04,2136,-80
1068.52,00:02,2137,-103
1068.53,00:03,2137,-87
1068.59,00:04,2137,-80
1069.02,00:02,2138,-107
1069.03,00:03,2138,-91
1069.09,00:04,2138,-84
1069.52,00:02,2139,-107
1069.53,00:03,2139,-91
1069.59,00:04,2139,-84
1070.03,00:03,2140,-91
1070.09,00:04,2140,-84
1070.52,00:02,2141,-107
1070.53,00:03,2141,-91
1070.59,00:04,2141,-84
1071.02,00:02,2142,-107
1071.03,00:03,2142,-91
1071.09,00:04,2142,-84
1071.52,00:02,2143,-107
1071.53,00:03,2143,-91
1071.59,00:04,2143,-83
1072.02,00:02,2144,-107
1072.03,00:03,2144,-91
1072.09,00:04,2144,-83
1072.52,00:02,2145,-107
1072.53,00:03,2145,-91
1072.59,00:04,2145,-83
1073.02,00:02,2146,-103
1073.03,00:03,2146,-87
1073.09,00:04,2146,-79
1073.52,00:02,2147,-103
1073.53,00:03,2147,-87
1073.59,00:04,2147,-79
1074.02,00:02,2148,-102
1074.03,00:03,2148,-87
1074.09,00:04,2148,-79
1074.52,00:02,2149,-102
1074.53,00:03,2149,-87
1074.59,00:04,2149,-79
1075.02,00:02,2150,-102
1075.03,00:03,2150,-87
1075.09,00:04,2150,-79
1075.52,00:02,2151,-102
1075.53,00:03,2151,-87
1075.59,00:04,2151,-78
1076.02,00:02,2152,-102
1076.03,00:03,2152,-88
1076.09,00:04,2152,-78
1076.52,00:02,2153,-102
1076.53,00:03,2153,-88
1076.59,00:04,2153,-78
1077.02,00:02,2154,-102
1077.03,00:03,2154,-88
1077.09,00:04,2154,-78
1077.52,00:02,2155,-102
1077.53,00:03,2155,-88
1077.59,00:04,2155,-78
1078.02,00:02,2156,-102
1078.03,00:03,2156,-88
1078.09,00:04,2156,-78
1078.52,00:02,2157,-102
1078.53,00:03,2157,-88
1078.59,00:04,2157,-78
1079.02,00:02,2158,-102
1079.03,00:03,2158,-88
1079.09,00:04,2158,-78
1079.52,00:02,2159,-102
1079.53,00:03,2159,-88
1079.59,00:04,2159,-77
1080.02,00:02,2160,-102
1080.03,00:03,2160,-88
1080.09,00:04,2160,-77
1080.52,00:02,2161,-102
1080.53,00:03,2161,-88
1080.59,00:04,2161,-77
1081.02,00:02,2162,-101
1081.03,00:03,2162,-88
1081.09,00:04,2162,-77
1081.52,00:02,2163,-101
1081.53,00:03,2163,-88
1081.59,00:04,2163,-77
1082.02,00:02,2164,-101
1082.03,00:03,2164,-88
1082.09,00:04,2164,-77
1082.52,00:02,2165,-101
1082.53,00:03,2165,-88
1082.59,00:04,2165,-77
1083.02,00:02,2166,-101
1083.03,00:03,2166,-88
1083.09,00:04,2166,-77
1083.52,00:02,2167,-101
1083.53,00:03,2167,-88
1083.59,00:04,2167,-76
1084.02,00:02,2168,-101
1084.03,00:03,2168,-88
1084.09,00:04,2168,-76
1084.52,00:02,2169,-101
1084.53,00:03,2169,-88
1084.59,00:04,2169,-76
1085.02,00:02,2170,-101
1085.03,00:03,2170,-88
1085.09,00:04,2170,-76
1085.52,00:02,2171,-101
1085.53,00:03,2171,-89
1085.59,00:04,2171,-76
1086.02,00:02,2172,-101
1086.03,00:03,2172,-89
1086.09,00:04,2172,-76
1086.52,00:02,2173,-101
1086.53,00:03,2173,-89
1086.59,00:04,2173,-76
1087.02,00:02,2174,-101
1087.03,00:03,2174,-89
1087.09,00:04,2174,-76
1087.52,00:02,2175,-100
1087.53,00:03,2175,-89
1087.59,00:04,2175,-76
1088.02,00:02,2176,-100
1088.03,00:03,2176,-89
1088.09,00:04,2176,-75
1088.52,00:02,2177,-100
1088.53,00:03,2177,-89
1088.59,00:04,2177,-75
1089.02,00:02,2178,-100
1089.03,00:03,2178,-89
1089.09,00:04,2178,-75
1089.52,00:02,2179,-100
1089.53,00:03,2179,-89
1089.59,00:04,2179,-75
1090.02,00:02,2180,-100
1090.03,00:03,2180,-89
1090.09,00:04,2180,-75
1090.52,00:02,2181,-100
1090.53,00:03,2181,-89
1090.59,00:04,2181,-75
1091.02,00:02,2182,-100
1091.03,00:03,2182,-89
1091.09,00:04,2182,-75
1091.52,00:02,2183,-100
1091.53,00:03,2183,-89
1091.59,00:04,2183,-75
1092.02,00:02,2184,-100
1092.03,00:03,2184,-89
1092.09,00:04,2184,-75
1092.52,00:02,2185,-100
1092.53,00:03,2185,-89
1092.59,00:04,2185,-75
1093.02,00:02,2186,-100
1093.03,00:03,2186,-90
1093.09,00:04,2186,-75
1093.52,00:02,2187,-100
1093.53,00:03,2187,-90
1093.59,00:04,2187,-75
1094.02,00:02,2188,-99
1094.03,00:03,2188,-90
1094.09,00:04,2188,-75
1094.52,00:02,2189,-99
1094.53,00:03,2189,-90
1094.59,00:04,2189,-75
1095.02,00:02,2190,-99
1095.03,00:03,2190,-90
1095.09,00:04,2190,-74
1095.52,00:02,2191,-99
1095.53,00:03,2191,-90
1095.59,00:04,2191,-74
1096.02,00:02,2192,-99
1096.03,00:03,2192,-90
1096.09,00:04,2192,-74
1096.52,00:02,2193,-99
1096.53,00:03,2193,-90
1096.59,00:04,2193,-74
1097.02,00:02,2194,-99
1097.03,00:03,2194,-90
1097.09,00:04,2194,-74
1097.52,00:02,2195,-99
1097.53,00:03,2195,-90
1097.59,00:04,2195,-74
1098.02,00:02,2196,-99
1098.03,00:03,2196,-90
1098.09,00:04,2196,-74
1098.52,00:02,2197,-99
1098.53,00:03,2197,-90
1098.59,00:04,2197,-74
1099.02,00:02,2198,-99
1099.03,00:03,2198,-90
1099.09,00:04,2198,-74
1099.52,00:02,2199,-99
1099.53,00:03,2199,-90
1099.59,00:04,2199,-74
1100.02,00:02,2200,-99
1100.03,00:03,2200,-90
1100.09,00:04,2200,-74
1100.52,00:02,2201,-99
1100.53,00:03,2201,-91
1100.59,00:04,2201,-74
1101.02,00:02,2202,-98
1101.03,00:03,2202,-91
1101.09,00:04,2202,-74
1101.52,00:02,2203,-98
1101.53,00:03,2203,-91
1101.59,00:04,2203,-74
1102.02,00:02,2204,-98
1102.03,00:03,2204,-91
1102.09,00:04,2204,-74
1102.52,00:02,2205,-98
1102.53,00:03,2205,-91
1102.59,00:04,2205,-74
1103.02,00:02,2206,-98
1103.03,00:03,2206,-91
1103.09,00:04,2206,-74
1103.52,00:02,2207,-98
1103.53,00:03,2207,-91
1103.59,00:04,2207,-74
1104.02,00:02,2208,-98
1104.03,00:03,2208,-91
1104.09,00:04,2208,-74
1104.52,00:02,2209,-98
1104.53,00:03,2209,-91
1104.59,00:04,2209,-74
1105.02,00:02,2210,-98
1105.03,00:03,2210,-91
1105.09,00:04,2210,-74
1105.52,00:02,2211,-98
1105.53,00:03,2211,-91
1105.59,00:04,2211,-74
1106.02,00:02,2212,-98
1106.03,00:03,2212,-91
1106.09,00:04,2212,-74
1106.52,00:02,2213,-98
1106.53,00:03,2213,-91
1106.59,00:04,2213,-74
1107.02,00:02,2214,-98
1107.03,00:03,2214,-92
1107.09,00:04,2214,-74
1107.52,00:02,2215,-98
1107.53,00:03,2215,-92
1107.59,00:04,2215,-75
1108.02,00:02,2216,-97
1108.03,00:03,2216,-92
1108.09,00:04,2216,-75
1108.52,00:02,2217,-97
1108.53,00:03,2217,-92
1108.59,00:04,2217,-75
1109.02,00:02,2218,-97
1109.03,00:03,2218,-92
1109.09,00:04,2218,-75
1109.52,00:02,2219,-97
1109.53,00:03,2219,-92
1109.59,00:04,2219,-75
1110.02,00:02,2220,-97
1110.03,00:03,2220,-92
1110.09,00:04,2220,-75
1110.52,00:02,2221,-97
1110.53,00:03,2221,-92
1110.59,00:04,2221,-75
1111.02,00:02,2222,-97
1111.03,00:03,2222,-92
1111.09,00:04,2222,-75
1111.52,00:02,2223,-97
1111.53,00:03,2223,-92
1111.59,00:04,2223,-75
1112.02,00:02,2224,-97
1112.03,00:03,2224,-92
1112.09,00:04,2224,-75
1112.52,00:02,2225,-97
1112.53,00:03,2225,-92
1112.59,00:04,2225,-75
1113.02,00:02,2226,-97
1113.03,00:03,2226,-92
1113.09,00:04,2226,-75
1113.52,00:02,2227,-97
1113.53,00:03,2227,-92
1113.59,00:04,2227,-75
1114.02,00:02,2228,-97
1114.03,00:03,2228,-93
1114.09,00:04,2228,-76
1114.52,00:02,2229,-97
1114.53,00:03,2229,-93
1114.59,00:04,2229,-76
1115.02,00:02,2230,-97
1115.03,00:03,2230,-93
1115.09,00:04,2230,-76
1115.52,00:02,2231,-96
1115.53,00:03,2231,-93
1115.59,00:04,2231,-76
1116.02,00:02,2232,-96
1116.03,00:03,2232,-93
1116.09,00:04,2232,-76
1116.52,00:02,2233,-96
1116.53,00:03,2233,-93
1116.59,00:04,2233,-76
1117.02,00:02,2234,-96
1117.03,00:03,2234,-93
1117.09,00:04,2234,-76
1117.52,00:02,2235,-96
1117.53,00:03,2235,-93
1117.59,00:04,2235,-76
1118.02,00:02,2236,-96
1118.03,00:03,2236,-93
1118.09,00:04,2236,-76
1118.52,00:02,2237,-96
1118.53,00:03,2237,-93
1118.59,00:04,2237,-76
1119.02,00:02,2238,-96
1119.03,00:03,2238,-93
1119.09,00:04,2238,-77
1119.52,00:02,2239,-96
1119.53,00:03,2239,-93
1119.59,00:04,2239,-77
1120.02,00:02,2240,-96
1120.03,00:03,2240,-93
1120.09,00:04,2240,-77
1120.52,00:02,2241,-96
1120.53,00:03,2241,-94
1120.59,00:04,2241,-77
1121.02,00:02,2242,-96
1121.03,00:03,2242,-94
1121.09,00:04,2242,-77
1121.52,00:02,2243,-96
1121.53,00:03,2243,-94
1121.59,00:04,2243,-77
1122.02,00:02,2244,-96
1122.03,00:03,2244,-94
1122.09,00:04,2244,-77
1122.52,00:02,2245,-96
1122.53,00:03,2245,-94
1122.59,00:04,2245,-77
1123.02,00:02,2246,-96
1123.03,00:03,2246,-94
1123.09,00:04,2246,-78
1123.52,00:02,2247,-96
1123.53,00:03,2247,-94
1123.59,00:04,2247,-78
1124.02,00:02,2248,-96
1124.03,00:03,2248,-94
1124.09,00:04,2248,-78
1124.52,00:02,2249,-95
1124.53,00:03,2249,-94
1124.59,00:04,2249,-78
1125.02,00:02,2250,-95
1125.03,00:03,2250,-94
1125.09,00:04,2250,-78
1125.52,00:02,2251,-95
1125.53,00:03,2251,-94
1125.59,00:04,2251,-78
1126.02,00:02,2252,-95
1126.03,00:03,2252,-94
1126.09,00:04,2252,-78
1126.52,00:02,2253,-95
1126.53,00:03,2253,-94
1126.59,00:04,2253,-78
1127.02,00:02,2254,-95
1127.03,00:03,2254,-94
1127.09,00:04,2254,-79
1127.52,00:02,2255,-95
1127.53,00:03,2255,-95
1127.59,00:04,2255,-79
1128.02,00:02,2256,-95
1128.03,00:03,2256,-95
1128.09,00:04,2256,-79
1128.52,00:02,2257,-95
1128.53,00:03,2257,-95
1128.59,00:04,2257,-79
1129.02,00:02,2258,-99
1129.03,00:03,2258,-99
1129.09,00:04,2258,-83
1129.52,00:02,2259,-99
1129.53,00:03,2259,-99
1129.59,00:04,2259,-83
1130.02,00:02,2260,-99
1130.03,00:03,2260,-99
1130.09,00:04,2260,-83
1130.52,00:02,2261,-99
1130.53,00:03,2261,-99
1130.59,00:04,2261,-84
1131.02,00:02,2262,-99
1131.03,00:03,2262,-99
1131.09,00:04,2262,-84
1131.52,00:02,2263,-99
1131.53,00:03,2263,-99
1131.59,00:04,2263,-84
1132.02,00:02,2264,-99
1132.03,00:03,2264,-99
1132.09,00:04,2264,-84
1132.52,00:02,2265,-99
1132.53,00:03,2265,-99
1132.59,00:04,2265,-84
1133.02,00:02,2266,-95
1133.03,00:03,2266,-95
1133.09,00:04,2266,-80
1133.52,00:02,2267,-95
1133.53,00:03,2267,-95
1133.59,00:04,2267,-80
1134.02,00:02,2268,-95
1134.03,00:03,2268,-96
1134.09,00:04,2268,-80
1134.52,00:02,2269,-95
1134.53,00:03,2269,-96
1134.59,00:04,2269,-81
1135.02,00:02,2270,-95
1135.03,00:03,2270,-96
1135.09,00:04,2270,-81
1135.52,00:02,2271,-95
1135.53,00:03,2271,-96
1135.59,00:04,2271,-81
1136.02,00:02,2272,-95
1136.03,00:03,2272,-96
1136.09,00:04,2272,-81
1136.52,00:02,2273,-95
1136.53,00:03,2273,-96
1136.59,00:04,2273,-81
1137.02,00:02,2274,-95
1137.03,00:03,2274,-96
1137.09,00:04,2274,-81
1137.52,00:02,2275,-95
1137.53,00:03,2275,-96
1137.59,00:04,2275,-81
1138.02,00:02,2276,-95
1138.03,00:03,2276,-96
1138.09,00:04,2276,-82
1138.52,00:02,2277,-95
1138.53,00:03,2277,-96
1138.59,00:04,2277,-82
1139.02,00:02,2278,-94
1139.03,00:03,2278,-96
1139.09,00:04,2278,-82
1139.52,00:02,2279,-94
1139.53,00:03,2279,-96
1139.59,00:04,2279,-82
1140.02,00:02,2280,-94
1140.03,00:03,2280,-96
1140.09,00:04,2280,-82
1140.52,00:02,2281,-94
1140.53,00:03,2281,-96
1140.59,00:04,2281,-82
1141.02,00:02,2282,-94
1141.03,00:03,2282,-97
1141.09,00:04,2282,-82
1141.52,00:02,2283,-94
1141.53,00:03,2283,-97
1141.59,00:04,2283,-82
1142.02,00:02,2284,-94
1142.03,00:03,2284,-97
1142.09,00:04,2284,-83
1142.52,00:02,2285,-94
1142.53,00:03,2285,-97
1142.59,00:04,2285,-83
1143.02,00:02,2286,-94
1143.03,00:03,2286,-97
1143.09,00:04,2286,-83
1143.52,00:02,2287,-94
1143.53,00:03,2287,-97
1143.59,00:04,2287,-83
1144.02,00:02,2288,-94
1144.03,00:03,2288,-97
1144.09,00:04,2288,-83
1144.52,00:02,2289,-94
1144.53,00:03,2289,-97
1144.59,00:04,2289,-83
1145.02,00:02,2290,-94
1145.03,00:03,2290,-97
1145.09,00:04,2290,-83
1145.52,00:02,2291,-94
1145.53,00:03,2291,-97
1145.59,00:04,2291,-84
1146.02,00:02,2292,-94
1146.03,00:03,2292,-97
1146.09,00:04,2292,-84
1146.52,00:02,2293,-95
1146.53,00:03,2293,-97
1146.59,00:04,2293,-84
1147.02,00:02,2294,-95
1147.03,00:03,2294,-97
1147.09,00:04,2294,-83
1147.52,00:02,2295,-95
1147.53,00:03,2295,-97
1147.59,00:04,2295,-83
1148.02,00:02,2296,-95
1148.03,00:03,2296,-97
1148.09,00:04,2296,-83
1148.52,00:02,2297,-95
1148.53,00:03,2297,-97
1148.59,00:04,2297,-83
1149.02,00:02,2298,-95
1149.03,00:03,2298,-97
1149.09,00:04,2298,-83
1149.52,00:02,2299,-95
1149.53,00:03,2299,-97
1149.59,00:04,2299,-83
1150.02,00:02,2300,-96
1150.03,00:03,2300,-98
1150.09,00:04,2300,-83
1150.52,00:02,2301,-96
1150.53,00:03,2301,-98
1150.59,00:04,2301,-83
1151.02,00:02,2302,-96
1151.03,00:03,2302,-98
1151.09,00:04,2302,-83
1151.52,00:02,2303,-96
1151.53,00:03,2303,-98
1151.59,00:04,2303,-83
1152.02,00:02,2304,-96
1152.03,00:03,2304,-98
1152.09,00:04,2304,-83
1152.52,00:02,2305,-96
1152.53,00:03,2305,-98
1152.59,00:04,2305,-83
1153.02,00:02,2306,-96
1153.03,00:03,2306,-97
1153.09,00:04,2306,-82
1153.52,00:02,2307,-96
1153.53,00:03,2307,-97
1153.59,00:04,2307,-82
1154.02,00:02,2308,-96
1154.03,00:03,2308,-97
1154.09,00:04,2308,-82
1154.52,00:02,2309,-96
1154.53,00:03,2309,-97
1154.59,00:04,2309,-82
1155.02,00:02,2310,-96
1155.03,00:03,2310,-97
1155.09,00:04,2310,-82
1155.52,00:02,2311,-96
1155.53,00:03,2311,-97
1155.59,00:04,2311,-82
1156.02,00:02,2312,-96
1156.03,00:03,2312,-97
1156.09,00:04,2312,-82
1156.52,00:02,2313,-96
1156.53,00:03,2313,-97
1156.59,00:04,2313,-81
1157.02,00:02,2314,-96
1157.03,00:03,2314,-97
1157.09,00:04,2314,-81
1157.52,00:02,2315,-96
1157.53,00:03,2315,-97
1157.59,00:04,2315,-81
1158.02,00:02,2316,-96
1158.03,00:03,2316,-97
1158.09,00:04,2316,-81
1158.52,00:02,2317,-96
1158.53,00:03,2317,-97
1158.59,00:04,2317,-81
1159.02,00:02,2318,-96
1159.03,00:03,2318,-97
1159.09,00:04,2318,-81
1159.52,00:02,2319,-96
1159.53,00:03,2319,-97
1159.59,00:04,2319,-81
1160.02,00:02,2320,-96
1160.03,00:03,2320,-97
1160.09,00:04,2320,-80
1160.52,00:02,2321,-96
1160.53,00:03,2321,-97
1160.59,00:04,2321,-80
1161.02,00:02,2322,-96
1161.03,00:03,2322,-96
1161.09,00:04,2322,-80
1161.52,00:02,2323,-96
1161.53,00:03,2323,-96
1161.59,00:04,2323,-80
1162.02,00:02,2324,-96
1162.03,00:03,2324,-96
1162.09,00:04,2324,-80
1162.52,00:02,2325,-96
1162.53,00:03,2325,-96
1162.59,00:04,2325,-80
1163.02,00:02,2326,-96
1163.03,00:03,2326,-96
1163.09,00:04,2326,-79
1163.52,00:02,2327,-96
1163.53,00:03,2327,-96
1163.59,00:04,2327,-79
1164.02,00:02,2328,-96
1164.03,00:03,2328,-96
1164.09,00:04,2328,-79
1164.52,00:02,2329,-96
1164.53,00:03,2329,-96
1164.59,00:04,2329,-79
1165.02,00:02,2330,-100
1165.03,00:03,2330,-100
1165.09,00:04,2330,-83
1165.52,00:02,2331,-100
1165.53,00:03,2331,-100
1165.59,00:04,2331,-83
1166.02,00:02,2332,-100
1166.03,00:03,2332,-100
1166.09,00:04,2332,-82
1166.52,00:02,2333,-100
1166.53,00:03,2333,-100
1166.59,00:04,2333,-82
1167.02,00:02,2334,-100
1167.03,00:03,2334,-100
1167.09,00:04,2334,-82
1167.52,00:02,2335,-100
1167.53,00:03,2335,-100
1167.59,00:04,2335,-82
1168.02,00:02,2336,-100
1168.03,00:03,2336,-99
1168.09,00:04,2336,-82
1168.52,00:02,2337,-100
1168.53,00:03,2337,-99
1168.59,00:04,2337,-82
1169.02,00:02,2338,-96
1169.03,00:03,2338,-95
1169.09,00:04,2338,-78
1169.52,00:02,2339,-96
1169.53,00:03,2339,-95
1169.59,00:04,2339,-77
1170.02,00:02,2340,-96
1170.03,00:03,2340,-95
1170.09,00:04,2340,-77
1170.52,00:02,2341,-97
1170.53,00:03,2341,-95
1170.59,00:04,2341,-77
1171.02,00:02,2342,-97
1171.03,00:03,2342,-95
1171.09,00:04,2342,-77
1171.52,00:02,2343,-97
1171.53,00:03,2343,-95
1171.59,00:04,2343,-77
1172.02,00:02,2344,-97
1172.03,00:03,2344,-95
1172.09,00:04,2344,-77
1172.52,00:02,2345,-97
1172.53,00:03,2345,-95
1172.59,00:04,2345,-76
1173.02,00:02,2346,-97
1173.03,00:03,2346,-95
1173.09,00:04,2346,-76
1173.52,00:02,2347,-97
1173.53,00:03,2347,-95
1173.59,00:04,2347,-76
1174.02,00:02,2348,-97
1174.03,00:03,2348,-95
1174.09,00:04,2348,-76
1174.52,00:02,2349,-97
1174.53,00:03,2349,-95
1174.59,00:04,2349,-76
1175.02,00:02,2350,-97
1175.03,00:03,2350,-95
1175.09,00:04,2350,-76
1175.52,00:02,2351,-97
1175.53,00:03,2351,-94
1175.59,00:04,2351,-75
1176.02,00:02,2352,-97
1176.03,00:03,2352,-94
1176.09,00:04,2352,-75
1176.52,00:02,2353,-97
1176.53,00:03,2353,-94
1176.59,00:04,2353,-75
1177.02,00:02,2354,-97
1177.03,00:03,2354,-94
1177.09,00:04,2354,-75
1177.52,00:02,2355,-97
1177.53,00:03,2355,-94
1177.59,00:04,2355,-75
1178.02,00:02,2356,-97
1178.03,00:03,2356,-94
1178.09,00:04,2356,-75
1178.52,00:02,2357,-97
1178.53,00:03,2357,-94
1178.59,00:04,2357,-75
1179.02,00:02,2358,-97
1179.03,00:03,2358,-94
1179.09,00:04,2358,-74
1179.52,00:02,2359,-97
1179.53,00:03,2359,-94
1179.59,00:04,2359,-74
1180.02,00:02,2360,-97
1180.03,00:03,2360,-94
1180.09,00:04,2360,-74
1180.52,00:02,2361,-97
1180.53,00:03,2361,-94
1180.59,00:04,2361,-74
1181.02,00:02,2362,-97
1181.03,00:03,2362,-94
1181.09,00:04,2362,-74
1181.52,00:02,2363,-98
1181.53,00:03,2363,-94
1181.59,00:04,2363,-74
1182.02,00:02,2364,-98
1182.03,00:03,2364,-94
1182.09,00:04,2364,-74
1182.52,00:02,2365,-98
1182.53,00:03,2365,-94
1182.59,00:04,2365,-73
1183.02,00:02,2366,-98
1183.03,00:03,2366,-93
1183.09,00:04,2366,-73
1183.52,00:02,2367,-98
1183.53,00:03,2367,-93
1183.59,00:04,2367,-73
1184.02,00:02,2368,-98
1184.03,00:03,2368,-93
1184.09,00:04,2368,-73
1184.52,00:02,2369,-98
1184.53,00:03,2369,-93
1184.59,00:04,2369,-73
1185.02,00:02,2370,-98
1185.03,00:03,2370,-93
1185.09,00:04,2370,-73
1185.52,00:02,2371,-98
1185.53,00:03,2371,-93
1185.59,00:04,2371,-73
1186.02,00:02,2372,-98
1186.03,00:03,2372,-93
1186.09,00:04,2372,-73
1186.52,00:02,2373,-98
1186.53,00:03,2373,-93
1186.59,00:04,2373,-72
1187.02,00:02,2374,-98
1187.03,00:03,2374,-93
1187.09,00:04,2374,-72
1187.52,00:02,2375,-98
1187.53,00:03,2375,-93
1187.59,00:04,2375,-72
1188.02,00:02,2376,-98
1188.03,00:03,2376,-93
1188.09,00:04,2376,-72
1188.52,00:02,2377,-98
1188.53,00:03,2377,-93
1188.59,00:04,2377,-72
1189.02,00:02,2378,-98
1189.03,00:03,2378,-93
1189.09,00:04,2378,-72
1189.52,00:02,2379,-98
1189.53,00:03,2379,-93
1189.59,00:04,2379,-72
1190.02,00:02,2380,-99
1190.03,00:03,2380,-92
1190.09,00:04,2380,-72
1190.52,00:02,2381,-99
1190.53,00:03,2381,-92
1190.59,00:04,2381,-72
1191.02,00:02,2382,-99
1191.03,00:03,2382,-92
1191.09,00:04,2382,-72
1191.52,00:02,2383,-99
1191.53,00:03,2383,-92
1191.59,00:04,2383,-72
1192.02,00:02,2384,-99
1192.03,00:03,2384,-92
1192.09,00:04,2384,-72
1192.52,00:02,2385,-99
1192.53,00:03,2385,-92
1192.59,00:04,2385,-71
1193.02,00:02,2386,-99
1193.03,00:03,2386,-92
1193.09,00:04,2386,-71
1193.52,00:02,2387,-99
1193.53,00:03,2387,-92
1193.59,00:04,2387,-71
1194.02,00:02,2388,-99
1194.03,00:03,2388,-92
1194.09,00:04,2388,-71
1194.52,00:02,2389,-99
1194.53,00:03,2389,-92
1194.59,00:04,2389,-71
1195.02,00:02,2390,-99
1195.03,00:03,2390,-92
1195.09,00:04,2390,-71
1195.52,00:02,2391,-99
1195.53,00:03,2391,-92
1195.59,00:04,2391,-71
1196.02,00:02,2392,-99
1196.03,00:03,2392,-92
1196.09,00:04,2392,-71
1196.52,00:02,2393,-99
1196.53,00:03,2393,-92
1196.59,00:04,2393,-71
1197.02,00:02,2394,-99
1197.03,00:03,2394,-92
1197.09,00:04,2394,-71
1197.52,00:02,2395,-99
1197.53,00:03,2395,-91
1197.59,00:04,2395,-71
1198.02,00:02,2396,-100
1198.03,00:03,2396,-91
1198.09,00:04,2396,-71
1198.52,00:02,2397,-100
1198.53,00:03,2397,-91
1198.59,00:04,2397,-71
1199.02,00:02,2398,-100
1199.03,00:03,2398,-91
1199.09,00:04,2398,-71
1199.52,00:02,2399,-100
1199.53,00:03,2399,-91
1199.59,00:04,2399,-71
1200.02,00:02,2400,-100
1200.03,00:03,2400,-91
1200.09,00:04,2400,-71
1200.52,00:02,2401,-100
1200.53,00:03,2401,-91
1200.59,00:04,2401,-71
1201.02,00:02,2402,-100
1201.03,00:03,2402,-91
1201.09,00:04,2402,-71
1201.52,00:02,2403,-100
1201.53,00:03,2403,-91
1201.59,00:04,2403,-71
1202.02,00:02,2404,-100
1202.03,00:03,2404,-91
1202.09,00:04,2404,-72
1202.52,00:02,2405,-100
1202.53,00:03,2405,-91
1202.59,00:04,2405,-72
1203.02,00:02,2406,-100
1203.03,00:03,2406,-91
1203.09,00:04,2406,-72
1203.52,00:02,2407,-100
1203.53,00:03,2407,-91
1203.59,00:04,2407,-72
1204.02,00:02,2408,-100
1204.03,00:03,2408,-91
1204.09,00:04,2408,-72
1204.52,00:02,2409,-100
1204.53,00:03,2409,-91
1204.59,00:04,2409,-72
1205.02,00:02,2410,-100
1205.03,00:03,2410,-91
1205.09,00:04,2410,-72
1205.52,00:02,2411,-101
1205.53,00:03,2411,-90
1205.59,00:04,2411,-72
1206.02,00:02,2412,-101
1206.03,00:03,2412,-90
1206.09,00:04,2412,-72
1206.52,00:02,2413,-101
1206.53,00:03,2413,-90
1206.59,00:04,2413,-72
1207.02,00:02,2414,-101
1207.03,00:03,2414,-90
1207.09,00:04,2414,-72
1207.52,00:02,2415,-101
1207.53,00:03,2415,-90
1207.59,00:04,2415,-72
1208.02,00:02,2416,-101
1208.03,00:03,2416,-90
1208.09,00:04,2416,-73
1208.52,00:02,2417,-101
1208.53,00:03,2417,-90
1208.59,00:04,2417,-73
1209.02,00:02,2418,-101
1209.03,00:03,2418,-90
1209.09,00:04,2418,-73
1209.52,00:02,2419,-101
1209.53,00:03,2419,-90
1209.59,00:04,2419,-73
1210.02,00:02,2420,-101
1210.03,00:03,2420,-90
1210.09,00:04,2420,-73
1210.52,00:02,2421,-101
1210.53,00:03,2421,-90
1210.59,00:04,2421,-73
1211.02,00:02,2422,-101
1211.03,00:03,2422,-90
1211.09,00:04,2422,-73
1211.52,00:02,2423,-101
1211.53,00:03,2423,-90
1211.59,00:04,2423,-73
1212.02,00:02,2424,-101
1212.03,00:03,2424,-90
1212.09,00:04,2424,-74
1212.52,00:02,2425,-101
1212.53,00:03,2425,-90
1212.59,00:04,2425,-74
1213.02,00:02,2426,-102
1213.03,00:03,2426,-90
1213.09,00:04,2426,-74
1213.52,00:02,2427,-102
1213.53,00:03,2427,-90
1213.59,00:04,2427,-74
1214.02,00:02,2428,-102
1214.03,00:03,2428,-90
1214.09,00:04,2428,-74
1214.52,00:02,2429,-102
1214.53,00:03,2429,-89
1214.59,00:04,2429,-74
1215.02,00:02,2430,-102
1215.03,00:03,2430,-89
1215.09,00:04,2430,-74
1215.52,00:02,2431,-102
1215.53,00:03,2431,-89
1215.59,00:04,2431,-75
1216.02,00:02,2432,-102
1216.03,00:03,2432,-89
1216.09,00:04,2432,-75
1216.52,00:02,2433,-102
1216.53,00:03,2433,-89
1216.59,00:04,2433,-75
1217.02,00:02,2434,-102
1217.03,00:03,2434,-89
1217.09,00:04,2434,-75
1217.52,00:02,2435,-102
1217.53,00:03,2435,-89
1217.59,00:04,2435,-75
1218.02,00:02,2436,-102
1218.03,00:03,2436,-89
1218.09,00:04,2436,-75
1218.52,00:02,2437,-102
1218.53,00:03,2437,-89
1218.59,00:04,2437,-76
1219.02,00:02,2438,-102
1219.03,00:03,2438,-89
1219.09,00:04,2438,-76
1219.52,00:02,2439,-102
1219.53,00:03,2439,-89
1219.59,00:04,2439,-76
1220.02,00:02,2440,-103
1220.03,00:03,2440,-89
1220.09,00:04,2440,-76
1220.52,00:02,2441,-103
1220.53,00:03,2441,-89
1220.59,00:04,2441,-76
1221.02,00:02,2442,-103
1221.03,00:03,2442,-89
1221.09,00:04,2442,-76
1221.52,00:02,2443,-103
1221.53,00:03,2443,-89
1221.59,00:04,2443,-76
1222.02,00:02,2444,-103
1222.03,00:03,2444,-89
1222.09,00:04,2444,-77
1222.52,00:02,2445,-103
1222.53,00:03,2445,-89
1222.59,00:04,2445,-77
1223.02,00:02,2446,-103
1223.03,00:03,2446,-89
1223.09,00:04,2446,-77
1223.52,00:02,2447,-103
1223.53,00:03,2447,-89
1223.59,00:04,2447,-77
1224.02,00:02,2448,-103
1224.03,00:03,2448,-89
1224.09,00:04,2448,-77
1224.52,00:02,2449,-103
1224.53,00:03,2449,-89
1224.59,00:04,2449,-77
1225.02,00:02,2450,-107
1225.03,00:03,2450,-93
1225.09,00:04,2450,-82
1225.53,00:03,2451,-93
1225.59,00:04,2451,-82
1226.03,00:03,2452,-93
1226.09,00:04,2452,-82
1226.52,00:02,2453,-107
1226.53,00:03,2453,-92
1226.59,00:04,2453,-82
1227.02,00:02,2454,-107
1227.03,00:03,2454,-92
1227.09,00:04,2454,-82
1227.52,00:02,2455,-108
1227.53,00:03,2455,-92
1227.59,00:04,2455,-82
1228.02,00:02,2456,-108
1228.03,00:03,2456,-92
1228.09,00:04,2456,-83
1228.52,00:02,2457,-108
1228.53,00:03,2457,-92
1228.59,00:04,2457,-83
1229.02,00:02,2458,-104
1229.03,00:03,2458,-88
1229.09,00:04,2458,-79
1229.52,00:02,2459,-104
1229.53,00:03,2459,-88
1229.59,00:04,2459,-79
1230.02,00:02,2460,-104
1230.03,00:03,2460,-88
1230.09,00:04,2460,-79
1230.52,00:02,2461,-104
1230.53,00:03,2461,-88
1230.59,00:04,2461,-79
1231.02,00:02,2462,-104
1231.03,00:03,2462,-88
1231.09,00:04,2462,-79
1231.52,00:02,2463,-104
1231.53,00:03,2463,-88
1231.59,00:04,2463,-80
1232.02,00:02,2464,-104
1232.03,00:03,2464,-88
1232.09,00:04,2464,-80
1232.52,00:02,2465,-104
1232.53,00:03,2465,-88
1232.59,00:04,2465,-80
1233.02,00:02,2466,-104
1233.03,00:03,2466,-88
1233.09,00:04,2466,-80
1233.52,00:02,2467,-104
1233.53,00:03,2467,-88
1233.59,00:04,2467,-80
1234.02,00:02,2468,-104
1234.03,00:03,2468,-88
1234.09,00:04,2468,-80
1234.52,00:02,2469,-104
1234.53,00:03,2469,-88
1234.59,00:04,2469,-81
1235.02,00:02,2470,-105
1235.03,00:03,2470,-88
1235.09,00:04,2470,-81
1235.52,00:02,2471,-105
1235.53,00:03,2471,-88
1235.59,00:04,2471,-81
1236.02,00:02,2472,-105
1236.03,00:03,2472,-88
1236.09,00:04,2472,-81
1236.52,00:02,2473,-105
1236.53,00:03,2473,-88
1236.59,00:04,2473,-81
1237.02,00:02,2474,-105
1237.03,00:03,2474,-88
1237.09,00:04,2474,-81
1237.52,00:02,2475,-105
1237.53,00:03,2475,-88
1237.59,00:04,2475,-81
1238.02,00:02,2476,-105
1238.03,00:03,2476,-88
1238.09,00:04,2476,-82
1238.52,00:02,2477,-105
1238.53,00:03,2477,-88
1238.59,00:04,2477,-82
1239.02,00:02,2478,-105
1239.03,00:03,2478,-88
1239.09,00:04,2478,-82
1239.52,00:02,2479,-105
1239.53,00:03,2479,-88
1239.59,00:04,2479,-82
1240.02,00:02,2480,-105
1240.03,00:03,2480,-88
1240.09,00:04,2480,-82
1240.52,00:02,2481,-105
1240.53,00:03,2481,-88
1240.59,00:04,2481,-82
1241.02,00:02,2482,-105
1241.03,00:03,2482,-88
1241.09,00:04,2482,-82
1241.52,00:02,2483,-105
1241.53,00:03,2483,-88
1241.59,00:04,2483,-83
1242.02,00:02,2484,-105
1242.03,00:03,2484,-88
1242.09,00:04,2484,-83
1242.52,00:02,2485,-106
1242.53,00:03,2485,-88
1242.59,00:04,2485,-83
1243.02,00:02,2486,-106
1243.03,00:03,2486,-88
1243.09,00:04,2486,-83
1243.52,00:02,2487,-106
1243.53,00:03,2487,-88
1243.59,00:04,2487,-82
1244.02,00:02,2488,-106
1244.03,00:03,2488,-89
1244.09,00:04,2488,-82
1244.52,00:02,2489,-106
1244.53,00:03,2489,-89
1244.59,00:04,2489,-82
1245.02,00:02,2490,-106
1245.03,00:03,2490,-89
1245.09,00:04,2490,-82
1245.52,00:02,2491,-106
1245.53,00:03,2491,-89
1245.59,00:04,2491,-82
1246.02,00:02,2492,-106
1246.03,00:03,2492,-89
1246.09,00:04,2492,-82
1246.52,00:02,2493,-106
1246.53,00:03,2493,-89
1246.59,00:04,2493,-82
1247.02,00:02,2494,-106
1247.03,00:03,2494,-89
1247.09,00:04,2494,-82
1247.52,00:02,2495,-106
1247.53,00:03,2495,-89
1247.59,00:04,2495,-82
1248.02,00:02,2496,-106
1248.03,00:03,2496,-89
1248.09,00:04,2496,-82
1248.52,00:02,2497,-106
1248.53,00:03,2497,-89
1248.59,00:04,2497,-82
1249.02,00:02,2498,-106
1249.03,00:03,2498,-89
1249.09,00:04,2498,-82
1249.52,00:02,2499,-106
1249.53,00:03,2499,-89
1249.59,00:04,2499,-81
1250.02,00:02,2500,-106
1250.03,00:03,2500,-89
1250.09,00:04,2500,-81
1250.52,00:02,2501,-106
1250.53,00:03,2501,-89
1250.59,00:04,2501,-81
1251.02,00:02,2502,-106
1251.03,00:03,2502,-89
1251.09,00:04,2502,-81
1251.52,00:02,2503,-105
1251.53,00:03,2503,-89
1251.59,00:04,2503,-81
1252.02,00:02,2504,-105
1252.03,00:03,2504,-89
1252.09,00:04,2504,-81
1252.52,00:02,2505,-105
1252.53,00:03,2505,-89
1252.59,00:04,2505,-80
1253.02,00:02,2506,-105
1253.03,00:03,2506,-89
1253.09,00:04,2506,-80
1253.52,00:02,2507,-105
1253.53,00:03,2507,-89
1253.59,00:04,2507,-80
1254.02,00:02,2508,-105
1254.03,00:03,2508,-89
1254.09,00:04,2508,-80
1254.52,00:02,2509,-105
1254.53,00:03,2509,-89
1254.59,00:04,2509,-80
1255.02,00:02,2510,-105
1255.03,00:03,2510,-89
1255.09,00:04,2510,-80
1255.52,00:02,2511,-105
1255.53,00:03,2511,-89
1255.59,00:04,2511,-79
1256.02,00:02,2512,-105
1256.03,00:03,2512,-89
1256.09,00:04,2512,-79
1256.52,00:02,2513,-105
1256.53,00:03,2513,-89
1256.59,00:04,2513,-79
1257.02,00:02,2514,-105
1257.03,00:03,2514,-89
1257.09,00:04,2514,-79
1257.52,00:02,2515,-105
1257.53,00:03,2515,-89
1257.59,00:04,2515,-79
1258.02,00:02,2516,-105
1258.03,00:03,2516,-89
1258.09,00:04,2516,-79
1258.52,00:02,2517,-105
1258.53,00:03,2517,-90
1258.59,00:04,2517,-78
1259.02,00:02,2518,-105
1259.03,00:03,2518,-90
1259.09,00:04,2518,-78
1259.52,00:02,2519,-104
1259.53,00:03,2519,-90
1259.59,00:04,2519,-78
1260.02,00:02,2520,-104
1260.03,00:03,2520,-90
1260.09,00:04,2520,-78
1260.52,00:02,2521,-104
1260.53,00:03,2521,-90
1260.59,00:04,2521,-78
1261.03,00:03,2522,-94
1261.09,00:04,2522,-82
1261.52,00:02,2523,-108
1261.53,00:03,2523,-94
1261.59,00:04,2523,-81
1262.02,00:02,2524,-108
1262.03,00:03,2524,-94
1262.09,00:04,2524,-81
1262.52,00:02,2525,-108
1262.53,00:03,2525,-94
1262.59,00:04,2525,-81
1263.02,00:02,2526,-108
1263.03,00:03,2526,-94
1263.09,00:04,2526,-81
1263.52,00:02,2527,-108
1263.53,00:03,2527,-94
1263.59,00:04,2527,-81
1264.02,00:02,2528,-108
1264.03,00:03,2528,-94
1264.09,00:04,2528,-80
1264.52,00:02,2529,-108
1264.53,00:03,2529,-94
1264.59,00:04,2529,-80
1265.02,00:02,2530,-104
1265.03,00:03,2530,-90
1265.09,00:04,2530,-76
1265.52,00:02,2531,-104
1265.53,00:03,2531,-90
1265.59,00:04,2531,-76
1266.02,00:02,2532,-104
1266.03,00:03,2532,-90
1266.09,00:04,2532,-76
1266.52,00:02,2533,-104
1266.53,00:03,2533,-90
1266.59,00:04,2533,-75
1267.02,00:02,2534,-104
1267.03,00:03,2534,-90
1267.09,00:04,2534,-75
1267.52,00:02,2535,-103
1267.53,00:03,2535,-90
1267.59,00:04,2535,-75
1268.02,00:02,2536,-103
1268.03,00:03,2536,-90
1268.09,00:04,2536,-75
1268.52,00:02,2537,-103
1268.53,00:03,2537,-90
1268.59,00:04,2537,-75
1269.02,00:02,2538,-103
1269.03,00:03,2538,-90
1269.09,00:04,2538,-74
1269.52,00:02,2539,-103
1269.53,00:03,2539,-90
1269.59,00:04,2539,-74
1270.02,00:02,2540,-103
1270.03,00:03,2540,-90
1270.09,00:04,2540,-74
1270.52,00:02,2541,-103
1270.53,00:03,2541,-90
1270.59,00:04,2541,-74
1271.02,00:02,2542,-103
1271.03,00:03,2542,-90
1271.09,00:04,2542,-74
1271.52,00:02,2543,-103
1271.53,00:03,2543,-90
1271.59,00:04,2543,-73
1272.02,00:02,2544,-103
1272.03,00:03,2544,-90
1272.09,00:04,2544,-73
1272.52,00:02,2545,-103
1272.53,00:03,2545,-90
1272.59,00:04,2545,-73
1273.02,00:02,2546,-103
1273.03,00:03,2546,-90
1273.09,00:04,2546,-73
1273.52,00:02,2547,-103
1273.53,00:03,2547,-90
1273.59,00:04,2547,-73
1274.02,00:02,2548,-103
1274.03,00:03,2548,-90
1274.09,00:04,2548,-72
1274.52,00:02,2549,-103
1274.53,00:03,2549,-91
1274.59,00:04,2549,-72
1275.02,00:02,2550,-103
1275.03,00:03,2550,-91
1275.09,00:04,2550,-72
1275.52,00:02,2551,-102
1275.53,00:03,2551,-91
1275.59,00:04,2551,-72
1276.02,00:02,2552,-102
1276.03,00:03,2552,-91
1276.09,00:04,2552,-72
1276.52,00:02,2553,-102
1276.53,00:03,2553,-91
1276.59,00:04,2553,-72
1277.02,00:02,2554,-102
1277.03,00:03,2554,-91
1277.09,00:04,2554,-71
1277.52,00:02,2555,-102
1277.53,00:03,2555,-91
1277.59,00:04,2555,-71
1278.02,00:02,2556,-102
1278.03,00:03,2556,-91
1278.09,00:04,2556,-71
1278.52,00:02,2557,-102
1278.53,00:03,2557,-91
1278.59,00:04,2557,-71
1279.02,00:02,2558,-102
1279.03,00:03,2558,-91
1279.09,00:04,2558,-71
1279.52,00:02,2559,-102
1279.53,00:03,2559,-91
1279.59,00:04,2559,-70
1280.02,00:02,2560,-102
1280.03,00:03,2560,-91
1280.09,00:04,2560,-70
1280.52,00:02,2561,-102
1280.53,00:03,2561,-91
1280.59,00:04,2561,-70
1281.02,00:02,2562,-102
1281.03,00:03,2562,-91
1281.09,00:04,2562,-70
1281.52,00:02,2563,-102
1281.53,00:03,2563,-91
1281.59,00:04,2563,-70
1282.02,00:02,2564,-102
1282.03,00:03,2564,-91
1282.09,00:04,2564,-70
1282.52,00:02,2565,-102
1282.53,00:03,2565,-91
1282.59,00:04,2565,-69
1283.02,00:02,2566,-101
1283.03,00:03,2566,-91
1283.09,00:04,2566,-69
1283.52,00:02,2567,-101
1283.53,00:03,2567,-91
1283.59,00:04,2567,-69
1284.02,00:02,2568,-101
1284.03,00:03,2568,-91
1284.09,00:04,2568,-69
1284.52,00:02,2569,-101
1284.53,00:03,2569,-92
1284.59,00:04,2569,-69
1285.02,00:02,2570,-101
1285.03,00:03,2570,-92
1285.09,00:04,2570,-69
1285.52,00:02,2571,-101
1285.53,00:03,2571,-92
1285.59,00:04,2571,-69
1286.02,00:02,2572,-101
1286.03,00:03,2572,-92
1286.09,00:04,2572,-69
1286.52,00:02,2573,-101
1286.53,00:03,2573,-92
1286.59,00:04,2573,-68
1287.02,00:02,2574,-101
1287.03,00:03,2574,-92
1287.09,00:04,2574,-68
1287.52,00:02,2575,-101
1287.53,00:03,2575,-92
1287.59,00:04,2575,-68
1288.02,00:02,2576,-101
1288.03,00:03,2576,-92
1288.09,00:04,2576,-68
1288.52,00:02,2577,-101
1288.53,00:03,2577,-92
1288.59,00:04,2577,-68
1289.02,00:02,2578,-101
1289.03,00:03,2578,-92
1289.09,00:04,2578,-68
1289.52,00:02,2579,-101
1289.53,00:03,2579,-92
1289.59,00:04,2579,-68
1290.02,00:02,2580,-101
1290.03,00:03,2580,-92
1290.09,00:04,2580,-68
1290.52,00:02,2581,-101
1290.53,00:03,2581,-92
1290.59,00:04,2581,-68
1291.02,00:02,2582,-101
1291.03,00:03,2582,-92
1291.09,00:04,2582,-68
1291.52,00:02,2583,-100
1291.53,00:03,2583,-92
1291.59,00:04,2583,-68
1292.02,00:02,2584,-100
1292.03,00:03,2584,-92
1292.09,00:04,2584,-68
1292.52,00:02,2585,-100
1292.53,00:03,2585,-92
1292.59,00:04,2585,-68
1293.02,00:02,2586,-100
1293.03,00:03,2586,-92
1293.09,00:04,2586,-68
1293.52,00:02,2587,-100
1293.53,00:03,2587,-93
1293.59,00:04,2587,-68
1294.02,00:02,2588,-100
1294.03,00:03,2588,-93
1294.09,00:04,2588,-68
1294.52,00:02,2589,-100
1294.53,00:03,2589,-93
1294.59,00:04,2589,-68
1295.02,00:02,2590,-100
1295.03,00:03,2590,-93
1295.09,00:04,2590,-68
1295.52,00:02,2591,-100
1295.53,00:03,2591,-93
1295.59,00:04,2591,-68
1296.02,00:02,2592,-100
1296.03,00:03,2592,-93
1296.09,00:04,2592,-68
1296.52,00:02,2593,-100
1296.53,00:03,2593,-93
1296.59,00:04,2593,-68
1297.02,00:02,2594,-100
1297.03,00:03,2594,-93
1297.09,00:04,2594,-68
1297.52,00:02,2595,-100
1297.53,00:03,2595,-93
1297.59,00:04,2595,-68
1298.02,00:02,2596,-100
1298.03,00:03,2596,-93
1298.09,00:04,2596,-68
1298.52,00:02,2597,-100
1298.53,00:03,2597,-93
1298.59,00:04,2597,-68
1299.02,00:02,2598,-100
1299.03,00:03,2598,-93
1299.09,00:04,2598,-68
1299.52,00:02,2599,-100
1299.53,00:03,2599,-93
1299.59,00:04,2599,-68
1300.02,00:02,2600,-99
1300.03,00:03,2600,-93
1300.09,00:04,2600,-69
1300.52,00:02,2601,-99
1300.53,00:03,2601,-93
1300.59,00:04,2601,-69
1301.02,00:02,2602,-99
1301.03,00:03,2602,-93
1301.09,00:04,2602,-69
1301.52,00:02,2603,-99
1301.53,00:03,2603,-93
1301.59,00:04,2603,-69
1302.02,00:02,2604,-99
1302.03,00:03,2604,-94
1302.09,00:04,2604,-69
1302.52,00:02,2605,-99
1302.53,00:03,2605,-94
1302.59,00:04,2605,-69
1303.02,00:02,2606,-99
1303.03,00:03,2606,-94
1303.09,00:04,2606,-69
1303.52,00:02,2607,-99
1303.53,00:03,2607,-94
1303.59,00:04,2607,-70
1304.02,00:02,2608,-99
1304.03,00:03,2608,-94
1304.09,00:04,2608,-70
1304.52,00:02,2609,-99
1304.53,00:03,2609,-94
1304.59,00:04,2609,-70
1305.02,00:02,2610,-99
1305.03,00:03,2610,-94
1305.09,00:04,2610,-70
1305.52,00:02,2611,-99
1305.53,00:03,2611,-94
1305.59,00:04,2611,-70
1306.02,00:02,2612,-99
1306.03,00:03,2612,-94
1306.09,00:04,2612,-70
1306.52,00:02,2613,-99
1306.53,00:03,2613,-94
1306.59,00:04,2613,-71
1307.02,00:02,2614,-99
1307.03,00:03,2614,-94
1307.09,00:04,2614,-71
1307.52,00:02,2615,-99
1307.53,00:03,2615,-94
1307.59,00:04,2615,-71
1308.02,00:02,2616,-99
1308.03,00:03,2616,-94
1308.09,00:04,2616,-71
1308.52,00:02,2617,-99
1308.53,00:03,2617,-94
1308.59,00:04,2617,-71
1309.02,00:02,2618,-99
1309.03,00:03,2618,-94
1309.09,00:04,2618,-71
1309.52,00:02,2619,-99
1309.53,00:03,2619,-94
1309.59,00:04,2619,-72
1310.02,00:02,2620,-98
1310.03,00:03,2620,-95
1310.09,00:04,2620,-72
1310.52,00:02,2621,-98
1310.53,00:03,2621,-95
1310.59,00:04,2621,-72
1311.02,00:02,2622,-98
1311.03,00:03,2622,-95
1311.09,00:04,2622,-72
1311.52,00:02,2623,-98
1311.53,00:03,2623,-95
1311.59,00:04,2623,-72
1312.02,00:02,2624,-98
1312.03,00:03,2624,-95
1312.09,00:04,2624,-73
1312.52,00:02,2625,-98
1312.53,00:03,2625,-95
1312.59,00:04,2625,-73
1313.02,00:02,2626,-98
1313.03,00:03,2626,-95
1313.09,00:04,2626,-73
1313.52,00:02,2627,-98
1313.53,00:03,2627,-95
1313.59,00:04,2627,-73
1314.02,00:02,2628,-98
1314.03,00:03,2628,-95
1314.09,00:04,2628,-73
1314.52,00:02,2629,-98
1314.53,00:03,2629,-95
1314.59,00:04,2629,-74
1315.02,00:02,2630,-98
1315.03,00:03,2630,-95
1315.09,00:04,2630,-74
1315.52,00:02,2631,-98
1315.53,00:03,2631,-95
1315.59,00:04,2631,-74
1316.02,00:02,2632,-98
1316.03,00:03,2632,-95
1316.09,00:04,2632,-74
1316.52,00:02,2633,-98
1316.53,00:03,2633,-95
1316.59,00:04,2633,-74
1317.02,00:02,2634,-98
1317.03,00:03,2634,-95
1317.09,00:04,2634,-75
1317.52,00:02,2635,-98
1317.53,00:03,2635,-96
1317.59,00:04,2635,-75
1318.02,00:02,2636,-98
1318.03,00:03,2636,-96
1318.09,00:04,2636,-75
1318.52,00:02,2637,-98
1318.53,00:03,2637,-96
1318.59,00:04,2637,-75
1319.02,00:02,2638,-98
1319.02,00:03,2638,-96
1319.09,00:04,2638,-75
1319.52,00:02,2639,-98
1319.53,00:03,2639,-96
1319.59,00:04,2639,-75
1320.02,00:02,2640,-98
1320.03,00:03,2640,-96
1320.09,00:04,2640,-76
1320.52,00:02,2641,-98
1320.53,00:03,2641,-96
1320.59,00:04,2641,-76
1321.02,00:02,2642,-98
1321.03,00:03,2642,-96
1321.09,00:04,2642,-76
1321.52,00:02,2643,-98
1321.53,00:03,2643,-96
1321.59,00:04,2643,-76
1322.02,00:02,2644,-98
1322.03,00:03,2644,-96
1322.09,00:04,2644,-76
1322.52,00:02,2645,-98
1322.53,00:03,2645,-96
1322.59,00:04,2645,-77
1323.02,00:02,2646,-98
1323.03,00:03,2646,-96
1323.09,00:04,2646,-77
1323.52,00:02,2647,-98
1323.53,00:03,2647,-96
1323.59,00:04,2647,-77
1324.02,00:02,2648,-97
1324.03,00:03,2648,-96
1324.09,00:04,2648,-77
1324.52,00:02,2649,-97
1324.53,00:03,2649,-96
1324.59,00:04,2649,-77
1325.02,00:02,2650,-97
1325.03,00:03,2650,-96
1325.09,00:04,2650,-78
1325.52,00:02,2651,-97
1325.53,00:03,2651,-97
1325.59,00:04,2651,-78
1326.02,00:02,2652,-97
1326.03,00:03,2652,-97
1326.09,00:04,2652,-78
1326.52,00:02,2653,-97
1326.53,00:03,2653,-97
1326.59,00:04,2653,-78
1327.02,00:02,2654,-97
1327.03,00:03,2654,-97
1327.09,00:04,2654,-78
1327.52,00:02,2655,-97
1327.53,00:03,2655,-97
1327.59,00:04,2655,-78
1328.02,00:02,2656,-97
1328.03,00:03,2656,-97
1328.09,00:04,2656,-79
1328.52,00:02,2657,-97
1328.53,00:03,2657,-97
1328.59,00:04,2657,-79
1329.02,00:02,2658,-97
1329.03,00:03,2658,-97
1329.09,00:04,2658,-79
1329.52,00:02,2659,-97
1329.53,00:03,2659,-97
1329.59,00:04,2659,-79
1330.02,00:02,2660,-97
1330.03,00:03,2660,-97
1330.09,00:04,2660,-79
1330.52,00:02,2661,-97
1330.53,00:03,2661,-97
1330.59,00:04,2661,-80
1331.02,00:02,2662,-97
1331.03,00:03,2662,-97
1331.09,00:04,2662,-80
1331.52,00:02,2663,-97
1331.53,00:03,2663,-97
1331.59,00:04,2663,-80
1332.02,00:02,2664,-97
1332.03,00:03,2664,-97
1332.09,00:04,2664,-80
1332.52,00:02,2665,-97
1332.53,00:03,2665,-97
1332.59,00:04,2665,-80
1333.02,00:02,2666,-97
1333.03,00:03,2666,-97
1333.09,00:04,2666,-80
1333.52,00:02,2667,-97
1333.53,00:03,2667,-98
1333.59,00:04,2667,-81
1334.02,00:02,2668,-97
1334.03,00:03,2668,-98
1334.09,00:04,2668,-81
1334.52,00:02,2669,-97
1334.52,00:03,2669,-98
1334.59,00:04,2669,-81
1335.02,00:02,2670,-97
1335.03,00:03,2670,-98
1335.09,00:04,2670,-81
1335.52,00:02,2671,-97
1335.53,00:03,2671,-98
1335.59,00:04,2671,-81
1336.02,00:02,2672,-97
1336.03,00:03,2672,-98
1336.09,00:04,2672,-81
1336.52,00:02,2673,-97
1336.53,00:03,2673,-98
1336.59,00:04,2673,-82
1337.02,00:02,2674,-97
1337.03,00:03,2674,-98
1337.09,00:04,2674,-82
1337.52,00:02,2675,-97
1337.52,00:03,2675,-98
1337.59,00:04,2675,-82
1338.02,00:02,2676,-97
1338.03,00:03,2676,-98
1338.09,00:04,2676,-82
1338.52,00:02,2677,-97
1338.53,00:03,2677,-98
1338.59,00:04,2677,-82
1339.02,00:02,2678,-97
1339.03,00:03,2678,-98
1339.09,00:04,2678,-82
1339.52,00:02,2679,-98
1339.53,00:03,2679,-98
1339.59,00:04,2679,-82
1340.02,00:02,2680,-98
1340.03,00:03,2680,-98
1340.09,00:04,2680,-82
1340.52,00:02,2681,-98
1340.53,00:03,2681,-98
1340.59,00:04,2681,-82
1341.02,00:02,2682,-98
1341.03,00:03,2682,-98
1341.09,00:04,2682,-81
1341.52,00:02,2683,-98
1341.53,00:03,2683,-98
1341.59,00:04,2683,-81
1342.02,00:02,2684,-98
1342.03,00:03,2684,-98
1342.09,00:04,2684,-81
1342.52,00:02,2685,-98
1342.53,00:03,2685,-99
1342.59,00:04,2685,-81
1343.02,00:02,2686,-98
1343.03,00:03,2686,-99
1343.09,00:04,2686,-81
1343.52,00:02,2687,-98
1343.53,00:03,2687,-99
1343.59,00:04,2687,-81
1344.02,00:02,2688,-98
1344.02,00:03,2688,-99
1344.09,00:04,2688,-81
1344.52,00:02,2689,-98
1344.53,00:03,2689,-98
1344.59,00:04,2689,-81
1345.02,00:02,2690,-98
1345.03,00:03,2690,-98
1345.09,00:04,2690,-81
1345.52,00:02,2691,-98
1345.53,00:03,2691,-98
1345.59,00:04,2691,-81
1346.02,00:02,2692,-98
1346.03,00:03,2692,-98
1346.09,00:04,2692,-81
1346.52,00:02,2693,-98
1346.52,00:03,2693,-98
1346.59,00:04,2693,-80
1347.02,00:02,2694,-105
1347.02,00:03,2694,-105
1347.09,00:04,2694,-87
1347.52,00:02,2695,-105
1347.53,00:03,2695,-105
1347.59,00:04,2695,-87
1348.02,00:02,2696,-105
1348.03,00:03,2696,-105
1348.09,00:04,2696,-87
1348.52,00:02,2697,-105
1348.53,00:03,2697,-105
1348.59,00:04,2697,-87
1349.02,00:02,2698,-105
1349.03,00:03,2698,-105
1349.09,00:04,2698,-86
1349.52,00:02,2699,-105
1349.53,00:03,2699,-105
1349.59,00:04,2699,-86
1350.02,00:02,2700,-105
1350.02,00:03,2700,-105
1350.09,00:04,2700,-86
1350.52,00:02,2701,-105
1350.53,00:03,2701,-105
1350.59,00:04,2701,-86
1351.02,00:02,2702,-105
1351.03,00:03,2702,-105
1351.09,00:04,2702,-86
1351.52,00:02,2703,-105
1351.53,00:03,2703,-105
1351.59,00:04,2703,-86
1352.02,00:02,2704,-105
1352.03,00:03,2704,-105
1352.09,00:04,2704,-85
1352.52,00:02,2705,-105
1352.53,00:03,2705,-105
1352.59,00:04,2705,-85
1353.02,00:02,2706,-105
1353.03,00:03,2706,-104
1353.09,00:04,2706,-85
1353.52,00:02,2707,-106
1353.53,00:03,2707,-104
1353.59,00:04,2707,-85
1354.02,00:02,2708,-106
1354.03,00:03,2708,-104
1354.09,00:04,2708,-85
1354.52,00:02,2709,-106
1354.53,00:03,2709,-104
1354.59,00:04,2709,-84
1355.02,00:02,2710,-106
1355.03,00:03,2710,-104
1355.09,00:04,2710,-84
1355.52,00:02,2711,-106
1355.52,00:03,2711,-104
1355.59,00:04,2711,-84
1356.02,00:02,2712,-106
1356.03,00:03,2712,-104
1356.09,00:04,2712,-84
1356.52,00:02,2713,-106
1356.53,00:03,2713,-104
1356.59,00:04,2713,-84
1357.02,00:02,2714,-106
1357.02,00:03,2714,-104
1357.09,00:04,2714,-83
1357.52,00:02,2715,-106
1357.53,00:03,2715,-104
1357.59,00:04,2715,-83
1358.02,00:02,2716,-106
1358.03,00:03,2716,-104
1358.09,00:04,2716,-83
1358.52,00:02,2717,-106
1358.53,00:03,2717,-104
1358.59,00:04,2717,-83
1359.02,00:02,2718,-99
1359.03,00:03,2718,-97
1359.09,00:04,2718,-75
1359.52,00:02,2719,-99
1359.53,00:03,2719,-97
1359.59,00:04,2719,-75
1360.02,00:02,2720,-99
1360.03,00:03,2720,-97
1360.09,00:04,2720,-75
1360.52,00:02,2721,-99
1360.53,00:03,2721,-97
1360.59,00:04,2721,-75
1361.02,00:02,2722,-99
1361.03,00:03,2722,-97
1361.09,00:04,2722,-75
1361.52,00:02,2723,-99
1361.53,00:03,2723,-96
1361.59,00:04,2723,-74
1362.02,00:02,2724,-99
1362.03,00:03,2724,-96
1362.09,00:04,2724,-74
1362.52,00:02,2725,-99
1362.52,00:03,2725,-96
1362.59,00:04,2725,-74
1363.02,00:02,2726,-99
1363.02,00:03,2726,-96
1363.09,00:04,2726,-74
1363.52,00:02,2727,-99
1363.53,00:03,2727,-96
1363.59,00:04,2727,-73
1364.02,00:02,2728,-99
1364.02,00:03,2728,-96
1364.09,00:04,2728,-73
1364.52,00:02,2729,-99
1364.53,00:03,2729,-96
1364.59,00:04,2729,-73
1365.02,00:02,2730,-99
1365.03,00:03,2730,-96
1365.09,00:04,2730,-73
1365.52,00:02,2731,-99
1365.53,00:03,2731,-96
1365.59,00:04,2731,-72
1366.02,00:02,2732,-99
1366.03,00:03,2732,-96
1366.09,00:04,2732,-72
1366.52,00:02,2733,-99
1366.53,00:03,2733,-96
1366.59,00:04,2733,-72
1367.02,00:02,2734,-99
1367.03,00:03,2734,-96
1367.09,00:04,2734,-72
1367.52,00:02,2735,-99
1367.53,00:03,2735,-96
1367.59,00:04,2735,-71
1368.02,00:02,2736,-99
1368.03,00:03,2736,-96
1368.09,00:04,2736,-71
1368.52,00:02,2737,-99
1368.53,00:03,2737,-96
1368.59,00:04,2737,-71
1369.02,00:02,2738,-99
1369.03,00:03,2738,-96
1369.09,00:04,2738,-71
1369.52,00:02,2739,-99
1369.53,00:03,2739,-96
1369.59,00:04,2739,-70
1370.02,00:02,2740,-99
1370.03,00:03,2740,-95
1370.09,00:04,2740,-70
1370.52,00:02,2741,-99
1370.53,00:03,2741,-95
1370.59,00:04,2741,-70
1371.02,00:02,2742,-99
1371.03,00:03,2742,-95
1371.09,00:04,2742,-70
1371.52,00:02,2743,-100
1371.53,00:03,2743,-95
1371.59,00:04,2743,-69
1372.02,00:02,2744,-100
1372.03,00:03,2744,-95
1372.09,00:04,2744,-69
1372.52,00:02,2745,-100
1372.53,00:03,2745,-95
1372.59,00:04,2745,-69
1373.02,00:02,2746,-100
1373.03,00:03,2746,-95
1373.09,00:04,2746,-69
1373.52,00:02,2747,-100
1373.53,00:03,2747,-95
1373.59,00:04,2747,-68
1374.02,00:02,2748,-100
1374.03,00:03,2748,-95
1374.09,00:04,2748,-68
1374.52,00:02,2749,-100
1374.53,00:03,2749,-95
1374.59,00:04,2749,-68
1375.02,00:03,2750,-95
1375.09,00:04,2750,-68
1375.52,00:02,2751,-100
1375.52,00:03,2751,-95
1375.59,00:04,2751,-67
1376.02,00:02,2752,-100
1376.03,00:03,2752,-95
1376.09,00:04,2752,-67
1376.52,00:02,2753,-100
1376.53,00:03,2753,-95
1376.59,00:04,2753,-67
1377.02,00:02,2754,-100
1377.03,00:03,2754,-95
1377.09,00:04,2754,-67
1377.52,00:02,2755,-100
1377.53,00:03,2755,-95
1377.59,00:04,2755,-66
1378.02,00:02,2756,-100
1378.02,00:03,2756,-95
1378.09,00:04,2756,-66
1378.52,00:02,2757,-100
1378.53,00:03,2757,-94
1378.59,00:04,2757,-66
1379.02,00:02,2758,-100
1379.03,00:03,2758,-94
1379.09,00:04,2758,-66
1379.52,00:03,2759,-94
1379.53,00:02,2759,-100
1379.59,00:04,2759,-66
1380.02,00:02,2760,-100
1380.03,00:03,2760,-94
1380.09,00:04,2760,-65
1380.52,00:02,2761,-100
1380.53,00:03,2761,-94
1380.59,00:04,2761,-65
1381.02,00:02,2762,-100
1381.03,00:03,2762,-94
1381.09,00:04,2762,-65
1381.52,00:02,2763,-100
1381.53,00:03,2763,-94
1381.59,00:04,2763,-65
1382.02,00:02,2764,-100
1382.03,00:03,2764,-94
1382.09,00:04,2764,-65
1382.52,00:02,2765,-100
1382.53,00:03,2765,-94
1382.59,00:04,2765,-64
1383.02,00:02,2766,-101
1383.02,00:03,2766,-94
1383.09,00:04,2766,-64
1383.52,00:03,2767,-94
1383.59,00:04,2767,-64
1384.02,00:02,2768,-101
1384.03,00:03,2768,-94
1384.09,00:04,2768,-64
1384.52,00:02,2769,-101
1384.53,00:03,2769,-94
1384.59,00:04,2769,-64
1385.02,00:02,2770,-101
1385.03,00:03,2770,-94
1385.09,00:04,2770,-64
1385.52,00:02,2771,-101
1385.53,00:03,2771,-94
1385.59,00:04,2771,-64
1386.02,00:02,2772,-101
1386.03,00:03,2772,-94
1386.09,00:04,2772,-64
1386.52,00:02,2773,-101
1386.53,00:03,2773,-94
1386.59,00:04,2773,-64
1387.02,00:02,2774,-101
1387.03,00:03,2774,-94
1387.09,00:04,2774,-64
1387.52,00:02,2775,-101
1387.53,00:03,2775,-93
1387.59,00:04,2775,-64
1388.02,00:02,2776,-101
1388.03,00:03,2776,-93
1388.09,00:04,2776,-64
1388.52,00:02,2777,-101
1388.53,00:03,2777,-93
1388.59,00:04,2777,-64
1389.02,00:02,2778,-101
1389.03,00:03,2778,-93
1389.09,00:04,2778,-64
1389.52,00:02,2779,-101
1389.53,00:03,2779,-93
1389.59,00:04,2779,-64
1390.02,00:02,2780,-101
1390.02,00:03,2780,-93
1390.09,00:04,2780,-64
1390.52,00:02,2781,-101
1390.52,00:03,2781,-93
1390.59,00:04,2781,-64
1391.02,00:02,2782,-101
1391.03,00:03,2782,-93
1391.09,00:04,2782,-64
1391.52,00:02,2783,-101
1391.52,00:03,2783,-93
1391.59,00:04,2783,-64
1392.03,00:02,2784,-101
1392.03,00:03,2784,-93
1392.09,00:04,2784,-64
1392.52,00:02,2785,-102
1392.53,00:03,2785,-93
1392.59,00:04,2785,-64
1393.02,00:02,2786,-102
1393.02,00:03,2786,-93
1393.09,00:04,2786,-64
1393.52,00:02,2787,-102
1393.53,00:03,2787,-93
1393.59,00:04,2787,-64
1394.02,00:02,2788,-102
1394.03,00:03,2788,-93
1394.09,00:04,2788,-64
1394.52,00:02,2789,-102
1394.53,00:03,2789,-93
1394.59,00:04,2789,-64
1395.02,00:02,2790,-102
1395.03,00:03,2790,-93
1395.09,00:04,2790,-64
1395.52,00:02,2791,-102
1395.52,00:03,2791,-93
1395.59,00:04,2791,-65
1396.02,00:02,2792,-102
1396.03,00:03,2792,-93
1396.09,00:04,2792,-65
1396.52,00:02,2793,-102
1396.52,00:03,2793,-93
1396.59,00:04,2793,-65
1397.02,00:02,2794,-102
1397.03,00:03,2794,-93
1397.09,00:04,2794,-65
1397.52,00:02,2795,-102
1397.53,00:03,2795,-92
1397.59,00:04,2795,-65
1398.02,00:02,2796,-102
1398.02,00:03,2796,-92
1398.09,00:04,2796,-65
1398.52,00:02,2797,-102
1398.52,00:03,2797,-92
1398.59,00:04,2797,-66
1399.02,00:02,2798,-102
1399.03,00:03,2798,-92
1399.09,00:04,2798,-66
1399.52,00:02,2799,-102
1399.53,00:03,2799,-92
1399.59,00:04,2799,-66
1400.02,00:02,2800,-102
1400.03,00:03,2800,-92
1400.09,00:04,2800,-66
1400.52,00:02,2801,-102
1400.53,00:03,2801,-92
1400.59,00:04,2801,-67
1401.02,00:02,2802,-102
1401.03,00:03,2802,-92
1401.09,00:04,2802,-67
1401.52,00:03,2803,-92
1401.59,00:04,2803,-67
1402.02,00:02,2804,-103
1402.03,00:03,2804,-92
1402.09,00:04,2804,-67
1402.52,00:02,2805,-103
1402.53,00:03,2805,-92
1402.59,00:04,2805,-68
1403.02,00:02,2806,-103
1403.03,00:03,2806,-92
1403.09,00:04,2806,-68
1403.53,00:02,2807,-103
1403.53,00:03,2807,-92
1403.59,00:04,2807,-68
1404.02,00:02,2808,-103
1404.03,00:03,2808,-92
1404.09,00:04,2808,-68
1404.52,00:02,2809,-103
1404.53,00:03,2809,-92
1404.59,00:04,2809,-69
1405.02,00:02,2810,-103
1405.02,00:03,2810,-92
1405.09,00:04,2810,-69
1405.52,00:02,2811,-103
1405.53,00:03,2811,-92
1405.59,00:04,2811,-69
1406.02,00:02,2812,-103
1406.02,00:03,2812,-92
1406.09,00:04,2812,-69
1406.52,00:02,2813,-103
1406.53,00:03,2813,-92
1406.59,00:04,2813,-70
1407.02,00:02,2814,-103
1407.03,00:03,2814,-92
1407.09,00:04,2814,-70
1407.52,00:03,2815,-92
1407.53,00:02,2815,-103
1407.59,00:04,2815,-70
1408.02,00:02,2816,-103
1408.03,00:03,2816,-92
1408.09,00:04,2816,-70
1408.52,00:02,2817,-103
1408.52,00:03,2817,-92
1408.59,00:04,2817,-71
1409.02,00:02,2818,-103
1409.03,00:03,2818,-91
1409.09,00:04,2818,-71
1409.52,00:02,2819,-103
1409.53,00:03,2819,-91
1409.59,00:04,2819,-71
1410.02,00:02,2820,-104
1410.02,00:03,2820,-91
1410.09,00:04,2820,-71
1410.52,00:02,2821,-104
1410.52,00:03,2821,-91
1410.59,00:04,2821,-72
1411.02,00:02,2822,-104
1411.02,00:03,2822,-91
1411.09,00:04,2822,-72
1411.52,00:02,2823,-104
1411.53,00:03,2823,-91
1411.59,00:04,2823,-72
1412.02,00:03,2824,-91
1412.09,00:04,2824,-72
1412.52,00:02,2825,-104
1412.53,00:03,2825,-91
1412.59,00:04,2825,-73
1413.03,00:02,2826,-104
1413.03,00:03,2826,-91
1413.09,00:04,2826,-73
1413.52,00:02,2827,-104
1413.52,00:03,2827,-91
1413.59,00:04,2827,-73
1414.03,00:02,2828,-104
1414.03,00:03,2828,-91
1414.09,00:04,2828,-73
1414.52,00:02,2829,-104
1414.53,00:03,2829,-91
1414.59,00:04,2829,-73
1415.03,00:03,2830,-98
1415.09,00:04,2830,-81
1415.52,00:03,2831,-98
1415.58,00:04,2831,-81
1416.03,00:03,2832,-98
1416.09,00:04,2832,-81
1416.53,00:03,2833,-98
1416.59,00:04,2833,-81
1417.03,00:03,2834,-98
1417.09,00:04,2834,-82
1417.52,00:03,2835,-98
1417.59,00:04,2835,-82
1418.03,00:03,2836,-98
1418.09,00:04,2836,-82
1418.53,00:03,2837,-98
1418.59,00:04,2837,-82
1419.03,00:03,2838,-98
1419.09,00:04,2838,-83
1419.52,00:03,2839,-98
1419.59,00:04,2839,-83
1420.02,00:03,2840,-98
1420.09,00:04,2840,-83
1420.53,00:03,2841,-98
1420.59,00:04,2841,-83
1421.03,00:03,2842,-98
1421.09,00:04,2842,-83
1421.53,00:03,2843,-98
1421.59,00:04,2843,-84
1422.02,00:03,2844,-98
1422.09,00:04,2844,-84
1422.52,00:03,2845,-98
1422.59,00:04,2845,-84
1423.03,00:03,2846,-98
1423.09,00:04,2846,-84
1423.52,00:03,2847,-98
1423.59,00:04,2847,-84
1424.03,00:03,2848,-98
1424.09,00:04,2848,-85
1424.52,00:03,2849,-98
1424.59,00:04,2849,-85
1425.03,00:03,2850,-98
1425.09,00:04,2850,-85
1425.52,00:03,2851,-98
1425.59,00:04,2851,-85
1426.02,00:03,2852,-98
1426.09,00:04,2852,-85
1426.52,00:03,2853,-98
1426.59,00:04,2853,-86
1427.03,00:03,2854,-98
1427.09,00:04,2854,-86
1427.53,00:03,2855,-98
1427.59,00:04,2855,-86
1428.02,00:03,2856,-98
1428.09,00:04,2856,-86
1428.53,00:03,2857,-98
1428.59,00:04,2857,-86
1429.02,00:03,2858,-98
1429.09,00:04,2858,-87
1429.53,00:03,2859,-98
1429.59,00:04,2859,-87
1430.03,00:03,2860,-98
1430.09,00:04,2860,-87
1430.52,00:03,2861,-98
1430.59,00:04,2861,-87
1431.02,00:02,2862,-106
1431.03,00:03,2862,-91
1431.09,00:04,2862,-80
1431.52,00:02,2863,-106
1431.53,00:03,2863,-91
1431.58,00:04,2863,-80
1432.03,00:03,2864,-91
1432.09,00:04,2864,-81
1432.52,00:02,2865,-106
1432.53,00:03,2865,-91
1432.59,00:04,2865,-81
1433.02,00:02,2866,-106
1433.03,00:03,2866,-91
1433.09,00:04,2866,-81
1433.52,00:03,2867,-90
1433.59,00:04,2867,-81
1434.02,00:02,2868,-106
1434.03,00:03,2868,-91
1434.09,00:04,2868,-81
1434.52,00:03,2869,-91
1434.59,00:04,2869,-81
1435.08,00:04,2870,-81
1435.53,00:03,2871,-91
1435.58,00:04,2871,-81
1436.02,00:02,2872,-107
1436.03,00:03,2872,-91
1436.09,00:04,2872,-81
1436.52,00:03,2873,-91
1436.53,00:02,2873,-107
1436.59,00:04,2873,-81
1437.02,00:02,2874,-107
1437.02,00:03,2874,-91
1437.09,00:04,2874,-81
1437.52,00:02,2875,-107
1437.52,00:03,2875,-91
1437.59,00:04,2875,-81
1438.02,00:02,2876,-107
1438.03,00:03,2876,-91
1438.09,00:04,2876,-81
1438.52,00:03,2877,-92
1438.53,00:02,2877,-107
1438.59,00:04,2877,-81
1439.02,00:02,2878,-107
1439.03,00:03,2878,-92
1439.09,00:04,2878,-81
1439.53,00:03,2879,-92
1439.59,00:04,2879,-81
1440.02,00:02,2880,-107
1440.03,00:03,2880,-92
1440.09,00:04,2880,-81
1440.52,00:03,2881,-92
1440.52,00:02,2881,-107
1440.59,00:04,2881,-80
1441.02,00:02,2882,-107
1441.03,00:03,2882,-92
1441.09,00:04,2882,-80
1441.52,00:02,2883,-107
1441.52,00:03,2883,-92
1441.59,00:04,2883,-80
1442.02,00:03,2884,-92
1442.02,00:02,2884,-107
1442.09,00:04,2884,-80
1442.53,00:03,2885,-92
1442.53,00:02,2885,-107
1442.59,00:04,2885,-80
1443.02,00:03,2886,-99
1443.09,00:04,2886,-87
1443.52,00:03,2887,-99
1443.59,00:04,2887,-86
1444.02,00:03,2888,-99
1444.09,00:04,2888,-86
1444.53,00:03,2889,-99
1444.59,00:04,2889,-86
1445.03,00:03,2890,-99
1445.09,00:04,2890,-86
1445.52,00:03,2891,-99
1445.59,00:04,2891,-86
1446.02,00:03,2892,-99
1446.09,00:04,2892,-85
1446.52,00:03,2893,-99
1446.59,00:04,2893,-85
1447.02,00:03,2894,-99
1447.09,00:04,2894,-85
1447.52,00:03,2895,-99
1447.59,00:04,2895,-85
1448.02,00:03,2896,-99
1448.09,00:04,2896,-85
1448.53,00:03,2897,-99
1448.59,00:04,2897,-84
1449.02,00:03,2898,-99
1449.09,00:04,2898,-84
1449.52,00:03,2899,-99
1449.59,00:04,2899,-84
1450.02,00:03,2900,-99
1450.09,00:04,2900,-84
1450.52,00:03,2901,-99
1450.59,00:04,2901,-83
1451.02,00:03,2902,-99
1451.09,00:04,2902,-83
1451.52,00:03,2903,-99
1451.59,00:04,2903,-83
1452.03,00:03,2904,-99
1452.09,00:04,2904,-83
1452.52,00:03,2905,-99
1452.59,00:04,2905,-83
1453.02,00:03,2906,-99
1453.09,00:04,2906,-82
1453.52,00:03,2907,-99
1453.59,00:04,2907,-82
1454.02,00:03,2908,-99
1454.09,00:04,2908,-82
1454.52,00:03,2909,-99
1454.59,00:04,2909,-82
1455.03,00:03,2910,-99
1455.09,00:04,2910,-81
1455.53,00:03,2911,-99
1455.59,00:04,2911,-81
1456.03,00:03,2912,-99
1456.09,00:04,2912,-81
1456.52,00:03,2913,-99
1456.59,00:04,2913,-81
1457.02,00:03,2914,-99
1457.09,00:04,2914,-80
1457.52,00:03,2915,-99
1457.59,00:04,2915,-80
1458.02,00:03,2916,-99
1458.09,00:04,2916,-80
1458.52,00:03,2917,-99
1458.59,00:04,2917,-79
1459.02,00:03,2918,-92
1459.03,00:02,2918,-105
1459.09,00:04,2918,-72
1459.52,00:03,2919,-92
1459.52,00:02,2919,-105
1459.59,00:04,2919,-72
1460.02,00:03,2920,-92
1460.03,00:02,2920,-105
1460.08,00:04,2920,-72
1460.52,00:03,2921,-92
1460.53,00:02,2921,-105
1460.59,00:04,2921,-71
1461.02,00:02,2922,-105
1461.02,00:03,2922,-92
1461.09,00:04,2922,-71
1461.52,00:02,2923,-104
1461.53,00:03,2923,-92
1461.59,00:04,2923,-71
1462.02,00:03,2924,-92
1462.03,00:02,2924,-104
1462.09,00:04,2924,-71
1462.52,00:03,2925,-92
1462.52,00:02,2925,-104
1462.58,00:04,2925,-70
1463.02,00:03,2926,-92
1463.03,00:02,2926,-104
1463.09,00:04,2926,-70
1463.52,00:02,2927,-104
1463.52,00:03,2927,-92
1463.59,00:04,2927,-70
1464.02,00:03,2928,-92
1464.02,00:02,2928,-104
1464.09,00:04,2928,-69
1464.52,00:03,2929,-93
1464.52,00:02,2929,-104
1464.58,00:04,2929,-69
1465.02,00:03,2930,-93
1465.03,00:02,2930,-104
1465.09,00:04,2930,-69
1465.53,00:03,2931,-93
1465.59,00:04,2931,-68
1466.02,00:02,2932,-104
1466.03,00:03,2932,-93
1466.09,00:04,2932,-68
1466.52,00:03,2933,-92
1466.59,00:04,2933,-68
1467.02,00:02,2934,-104
1467.03,00:03,2934,-93
1467.09,00:04,2934,-67
1467.52,00:02,2935,-104
1467.53,00:03,2935,-93
1467.59,00:04,2935,-67
1468.02,00:03,2936,-93
1468.09,00:04,2936,-67
1468.52,00:03,2937,-93
1468.53,00:02,2937,-104
1468.59,00:04,2937,-66
1469.02,00:02,2938,-104
1469.02,00:03,2938,-93
1469.09,00:04,2938,-66
1469.52,00:03,2939,-93
1469.53,00:02,2939,-104
1469.59,00:04,2939,-66
1470.02,00:03,2940,-93
1470.03,00:02,2940,-104
1470.09,00:04,2940,-65
1470.52,00:03,2941,-93
1470.53,00:02,2941,-103
1470.58,00:04,2941,-65
1471.02,00:02,2942,-103
1471.02,00:03,2942,-93
1471.09,00:04,2942,-65
1471.52,00:03,2943,-93
1471.59,00:04,2943,-64
1472.02,00:03,2944,-93
1472.02,00:02,2944,-103
1472.09,00:04,2944,-64
1472.52,00:03,2945,-93
1472.52,00:02,2945,-103
1472.59,00:04,2945,-64
1473.02,00:03,2946,-93
1473.03,00:02,2946,-103
1473.08,00:04,2946,-64
1473.52,00:03,2947,-93
1473.52,00:02,2947,-103
1473.59,00:04,2947,-63
1474.02,00:03,2948,-93
1474.02,00:02,2948,-103
1474.09,00:04,2948,-63
1474.53,00:03,2949,-93
1474.59,00:04,2949,-63
1475.02,00:03,2950,-93
1475.03,00:02,2950,-103
1475.09,00:04,2950,-63
1475.52,00:03,2951,-93
1475.52,00:02,2951,-103
1475.58,00:04,2951,-63
1476.02,00:03,2952,-93
1476.02,00:02,2952,-103
1476.09,00:04,2952,-62
1476.52,00:02,2953,-103
1476.53,00:03,2953,-93
1476.59,00:04,2953,-62
1477.02,00:03,2954,-93
1477.02,00:02,2954,-103
1477.09,00:04,2954,-62
1477.52,00:03,2955,-93
1477.52,00:02,2955,-103
1477.59,00:04,2955,-62
1478.02,00:02,2956,-103
1478.02,00:03,2956,-94
1478.09,00:04,2956,-62
1478.52,00:03,2957,-94
1478.52,00:02,2957,-103
1478.59,00:04,2957,-62
1479.02,00:03,2958,-94
1479.02,00:02,2958,-103
1479.08,00:04,2958,-61
1479.52,00:03,2959,-94
1479.53,00:02,2959,-103
1479.59,00:04,2959,-61
1480.02,00:02,2960,-102
1480.02,00:03,2960,-94
1480.09,00:04,2960,-61
1480.52,00:03,2961,-94
1480.52,00:02,2961,-102
1480.59,00:04,2961,-61
1481.02,00:03,2962,-94
1481.03,00:02,2962,-102
1481.09,00:04,2962,-61
1481.52,00:03,2963,-94
1481.53,00:02,2963,-102
1481.59,00:04,2963,-61
1482.02,00:03,2964,-94
1482.03,00:02,2964,-102
1482.09,00:04,2964,-61
1482.52,00:03,2965,-94
1482.53,00:02,2965,-102
1482.59,00:04,2965,-61
1483.02,00:03,2966,-94
1483.09,00:04,2966,-60
1483.52,00:03,2967,-94
1483.53,00:02,2967,-102
1483.59,00:04,2967,-60
1484.02,00:03,2968,-94
1484.02,00:02,2968,-102
1484.09,00:04,2968,-60
1484.52,00:02,2969,-102
1484.53,00:03,2969,-94
1484.59,00:04,2969,-60
1485.02,00:03,2970,-94
1485.03,00:02,2970,-102
1485.09,00:04,2970,-60
1485.52,00:03,2971,-94
1485.59,00:04,2971,-60
1486.02,00:02,2972,-102
1486.03,00:03,2972,-94
1486.09,00:04,2972,-60
1486.52,00:03,2973,-94
1486.52,00:02,2973,-102
1486.58,00:04,2973,-60
1487.02,00:03,2974,-94
1487.02,00:02,2974,-102
1487.09,00:04,2974,-61
1487.52,00:03,2975,-94
1487.52,00:02,2975,-102
1487.59,00:04,2975,-61
1488.02,00:03,2976,-94
1488.02,00:02,2976,-102
1488.09,00:04,2976,-61
1488.52,00:03,2977,-95
1488.53,00:02,2977,-102
1488.59,00:04,2977,-61
1489.02,00:03,2978,-94
1489.09,00:04,2978,-61
1489.52,00:03,2979,-95
1489.52,00:02,2979,-102
1489.59,00:04,2979,-61
1490.02,00:03,2980,-95
1490.02,00:02,2980,-102
1490.09,00:04,2980,-61
1490.52,00:03,2981,-95
1490.52,00:02,2981,-101
1490.59,00:04,2981,-61
1491.02,00:03,2982,-95
1491.03,00:02,2982,-101
1491.09,00:04,2982,-61
1491.52,00:03,2983,-95
1491.53,00:02,2983,-101
1491.59,00:04,2983,-62
1492.02,00:03,2984,-95
1492.03,00:02,2984,-101
1492.09,00:04,2984,-62
1492.52,00:03,2985,-95
1492.52,00:02,2985,-101
1492.58,00:04,2985,-62
1493.02,00:03,2986,-95
1493.03,00:02,2986,-101
1493.09,00:04,2986,-62
1493.52,00:03,2987,-95
1493.53,00:02,2987,-101
1493.59,00:04,2987,-62
1494.02,00:03,2988,-95
1494.03,00:02,2988,-101
1494.09,00:04,2988,-63
1494.52,00:03,2989,-95
1494.53,00:02,2989,-101
1494.59,00:04,2989,-63
1495.02,00:03,2990,-95
1495.02,00:02,2990,-101
1495.09,00:04,2990,-63
1495.52,00:02,2991,-101
1495.53,00:03,2991,-95
1495.59,00:04,2991,-63
1496.02,00:03,2992,-94
1496.09,00:04,2992,-63
1496.52,00:03,2993,-95
1496.53,00:02,2993,-101
1496.59,00:04,2993,-63
1497.02,00:03,2994,-95
1497.02,00:02,2994,-101
1497.08,00:04,2994,-64
1497.52,00:03,2995,-95
1497.52,00:02,2995,-101
1497.58,00:04,2995,-64
1498.02,00:03,2996,-96
1498.02,00:02,2996,-101
1498.08,00:04,2996,-64
1498.52,00:03,2997,-96
1498.52,00:02,2997,-101
1498.59,00:04,2997,-64
1499.02,00:03,2998,-96
1499.03,00:02,2998,-101
1499.09,00:04,2998,-65
1499.52,00:03,2999,-96
1499.53,00:02,2999,-101
1499.58,00:04,2999,-65
1500.02,00:03,3000,-96
1500.02,00:02,3000,-101
1500.09,00:04,3000,-65
1500.52,00:03,3001,-96
1500.53,00:02,3001,-101
1500.59,00:04,3001,-66
1501.02,00:03,3002,-96
1501.03,00:02,3002,-101
1501.08,00:04,3002,-66
1501.52,00:03,3003,-96
1501.52,00:02,3003,-101
1501.59,00:04,3003,-66
1502.02,00:03,3004,-96
1502.03,00:02,3004,-101
1502.09,00:04,3004,-67
1502.52,00:03,3005,-96
1502.53,00:02,3005,-101
1502.58,00:04,3005,-67
1503.02,00:03,3006,-96
1503.02,00:02,3006,-100
1503.08,00:04,3006,-67
1503.59,00:04,3007,-68
1504.02,00:03,3008,-96
1504.03,00:02,3008,-100
1504.09,00:04,3008,-68
1504.52,00:03,3009,-96
1504.53,00:02,3009,-100
1504.59,00:04,3009,-68
1505.02,00:03,3010,-96
1505.02,00:02,3010,-100
1505.09,00:04,3010,-69
1505.52,00:03,3011,-96
1505.53,00:02,3011,-100
1505.59,00:04,3011,-69
1506.02,00:03,3012,-96
1506.03,00:02,3012,-100
1506.08,00:04,3012,-69
1506.52,00:03,3013,-96
1506.53,00:02,3013,-100
1506.59,00:04,3013,-70
1507.02,00:02,3014,-100
1507.03,00:03,3014,-96
1507.09,00:04,3014,-70
1507.52,00:03,3015,-97
1507.53,00:02,3015,-100
1507.58,00:04,3015,-70
1508.02,00:03,3016,-97
1508.02,00:02,3016,-100
1508.08,00:04,3016,-71
1508.52,00:03,3017,-97
1508.53,00:02,3017,-100
1508.58,00:04,3017,-71
1509.02,00:03,3018,-97
1509.03,00:02,3018,-100
1509.09,00:04,3018,-71
1509.52,00:03,3019,-97
1509.53,00:02,3019,-100
1509.59,00:04,3019,-71
1510.02,00:03,3020,-97
1510.03,00:02,3020,-100
1510.09,00:04,3020,-72
1510.52,00:03,3021,-97
1510.52,00:02,3021,-100
1510.59,00:04,3021,-72
1511.02,00:03,3022,-97
1511.03,00:02,3022,-100
1511.09,00:04,3022,-72
1511.52,00:03,3023,-97
1511.52,00:02,3023,-100
1511.59,00:04,3023,-73
1512.02,00:03,3024,-97
1512.02,00:02,3024,-100
1512.08,00:04,3024,-73
1512.52,00:03,3025,-97
1512.52,00:02,3025,-100
1512.59,00:04,3025,-73
1513.02,00:03,3026,-97
1513.03,00:02,3026,-100
1513.08,00:04,3026,-73
1513.52,00:03,3027,-97
1513.52,00:02,3027,-100
1513.59,00:04,3027,-74
1514.02,00:03,3028,-97
1514.02,00:02,3028,-100
1514.08,00:04,3028,-74
1514.52,00:03,3029,-97
1514.53,00:02,3029,-100
1514.58,00:04,3029,-74
1515.02,00:03,3030,-104
1515.02,00:02,3030,-107
1515.08,00:04,3030,-81
1515.52,00:03,3031,-104
1515.52,00:02,3031,-107
1515.59,00:04,3031,-82
1516.02,00:03,3032,-104
1516.03,00:02,3032,-107
1516.09,00:04,3032,-82
1516.52,00:03,3033,-105
1516.53,00:02,3033,-107
1516.59,00:04,3033,-82
1517.02,00:03,3034,-105
1517.03,00:02,3034,-107
1517.09,00:04,3034,-82
1517.52,00:03,3035,-105
1517.53,00:02,3035,-107
1517.59,00:04,3035,-83
1518.02,00:03,3036,-105
1518.02,00:02,3036,-107
1518.09,00:04,3036,-83
1518.52,00:03,3037,-105
1518.53,00:02,3037,-107
1518.59,00:04,3037,-83
1519.02,00:03,3038,-105
1519.03,00:02,3038,-107
1519.08,00:04,3038,-83
1519.52,00:03,3039,-105
1519.53,00:02,3039,-107
1519.58,00:04,3039,-84
1520.02,00:03,3040,-105
1520.02,00:02,3040,-107
1520.09,00:04,3040,-84
1520.52,00:02,3041,-107
1520.53,00:03,3041,-105
1520.59,00:04,3041,-84
1521.02,00:03,3042,-105
1521.09,00:04,3042,-84
1521.52,00:03,3043,-105
1521.52,00:02,3043,-107
1521.58,00:04,3043,-84
1522.02,00:03,3044,-105
1522.02,00:02,3044,-107
1522.09,00:04,3044,-85
1522.52,00:03,3045,-105
1522.58,00:04,3045,-85
1523.02,00:03,3046,-105
1523.03,00:02,3046,-107
1523.09,00:04,3046,-85
1523.52,00:03,3047,-105
1523.53,00:02,3047,-107
1523.59,00:04,3047,-85
1524.02,00:03,3048,-105
1524.03,00:02,3048,-107
1524.09,00:04,3048,-85
1524.52,00:03,3049,-105
1524.52,00:02,3049,-107
1524.58,00:04,3049,-86
1525.02,00:03,3050,-105
1525.03,00:02,3050,-107
1525.08,00:04,3050,-86
1525.52,00:03,3051,-106
1525.52,00:02,3051,-107
1525.59,00:04,3051,-86
1526.02,00:03,3052,-106
1526.03,00:02,3052,-107
1526.08,00:04,3052,-86
1526.52,00:03,3053,-106
1526.52,00:02,3053,-107
1526.59,00:04,3053,-86
1527.02,00:03,3054,-99
1527.02,00:02,3054,-100
1527.08,00:04,3054,-80
1527.52,00:03,3055,-99
1527.53,00:02,3055,-100
1527.59,00:04,3055,-80
1528.02,00:03,3056,-99
1528.02,00:02,3056,-100
1528.09,00:04,3056,-80
1528.52,00:03,3057,-99
1528.53,00:02,3057,-100
1528.59,00:04,3057,-80
1529.02,00:03,3058,-99
1529.02,00:02,3058,-100
1529.09,00:04,3058,-80
1529.52,00:03,3059,-99
1529.52,00:02,3059,-100
1529.58,00:04,3059,-81
1530.02,00:03,3060,-99
1530.02,00:02,3060,-100
1530.08,00:04,3060,-81
1530.52,00:03,3061,-99
1530.53,00:02,3061,-100
1530.58,00:04,3061,-81
1531.02,00:03,3062,-99
1531.03,00:02,3062,-100
1531.08,00:04,3062,-81
1531.52,00:03,3063,-99
1531.52,00:02,3063,-100
1531.58,00:04,3063,-81
1532.02,00:03,3064,-99
1532.02,00:02,3064,-100
1532.09,00:04,3064,-80
1532.52,00:03,3065,-99
1532.53,00:02,3065,-100
1532.59,00:04,3065,-80
1533.02,00:03,3066,-99
1533.03,00:02,3066,-100
1533.08,00:04,3066,-80
1533.52,00:03,3067,-99
1533.52,00:02,3067,-100
1533.58,00:04,3067,-80
1534.02,00:03,3068,-99
1534.03,00:02,3068,-100
1534.09,00:04,3068,-80
1534.52,00:03,3069,-99
1534.52,00:02,3069,-100
1534.58,00:04,3069,-80
1535.02,00:03,3070,-100
1535.02,00:02,3070,-101
1535.08,00:04,3070,-80
1535.52,00:03,3071,-100
1535.53,00:02,3071,-101
1535.59,00:04,3071,-80
1536.02,00:03,3072,-100
1536.02,00:02,3072,-101
1536.09,00:04,3072,-80
1536.52,00:03,3073,-99
1536.52,00:02,3073,-101
1536.59,00:04,3073,-80
1537.02,00:03,3074,-99
1537.03,00:02,3074,-101
1537.09,00:04,3074,-80
1537.52,00:03,3075,-99
1537.52,00:02,3075,-101
1537.59,00:04,3075,-80
1538.02,00:03,3076,-99
1538.03,00:02,3076,-101
1538.09,00:04,3076,-79
1538.52,00:03,3077,-99
1538.53,00:02,3077,-101
1538.59,00:04,3077,-79
1539.02,00:03,3078,-106
1539.02,00:02,3078,-108
1539.08,00:04,3078,-86
1539.52,00:03,3079,-106
1539.53,00:02,3079,-108
1539.59,00:04,3079,-86
1540.02,00:03,3080,-106
1540.08,00:04,3080,-86
1540.52,00:03,3081,-106
1540.52,00:02,3081,-108
1540.58,00:04,3081,-85
1541.02,00:03,3082,-106
1541.03,00:02,3082,-108
1541.09,00:04,3082,-85
1541.52,00:03,3083,-106
1541.52,00:02,3083,-108
1541.59,00:04,3083,-85
1542.02,00:03,3084,-106
1542.03,00:02,3084,-108
1542.09,00:04,3084,-85
1542.52,00:03,3085,-106
1542.58,00:04,3085,-85
1543.02,00:03,3086,-106
1543.09,00:04,3086,-84
1543.52,00:03,3087,-106
1543.59,00:04,3087,-84
1544.02,00:03,3088,-106
1544.02,00:02,3088,-108
1544.09,00:04,3088,-84
1544.52,00:03,3089,-106
1544.53,00:02,3089,-108
1544.59,00:04,3089,-84
1545.02,00:03,3090,-106
1545.02,00:02,3090,-108
1545.08,00:04,3090,-84
1545.52,00:03,3091,-106
1545.53,00:02,3091,-108
1545.59,00:04,3091,-83
1546.02,00:03,3092,-105
1546.03,00:02,3092,-108
1546.09,00:04,3092,-83
1546.52,00:03,3093,-105
1546.53,00:02,3093,-108
1546.59,00:04,3093,-83
1547.02,00:03,3094,-105
1547.09,00:04,3094,-83
1547.52,00:03,3095,-105
1547.52,00:02,3095,-108
1547.58,00:04,3095,-82
1548.02,00:03,3096,-105
1548.02,00:02,3096,-108
1548.08,00:04,3096,-82
1548.52,00:03,3097,-105
1548.59,00:04,3097,-82
1549.02,00:03,3098,-105
1549.09,00:04,3098,-82
1549.52,00:03,3099,-105
1549.59,00:04,3099,-81
1550.02,00:03,3100,-105
1550.03,00:02,3100,-108
1550.09,00:04,3100,-81
1550.52,00:03,3101,-105
1550.53,00:02,3101,-108
1550.58,00:04,3101,-81
1551.02,00:03,3102,-98
1551.03,00:02,3102,-101
1551.09,00:04,3102,-73
1551.52,00:03,3103,-98
1551.53,00:02,3103,-101
1551.58,00:04,3103,-73
1552.02,00:03,3104,-98
1552.02,00:02,3104,-101
1552.09,00:04,3104,-73
1552.52,00:03,3105,-98
1552.53,00:02,3105,-101
1552.59,00:04,3105,-73
1553.02,00:03,3106,-98
1553.03,00:02,3106,-101
1553.09,00:04,3106,-72
1553.52,00:03,3107,-98
1553.52,00:02,3107,-101
1553.59,00:04,3107,-72
1554.02,00:03,3108,-98
1554.03,00:02,3108,-101
1554.08,00:04,3108,-72
1554.52,00:03,3109,-98
1554.52,00:02,3109,-101
1554.59,00:04,3109,-71
1555.02,00:03,3110,-98
1555.02,00:02,3110,-101
1555.09,00:04,3110,-71
1555.52,00:03,3111,-97
1555.52,00:02,3111,-101
1555.58,00:04,3111,-71
1556.02,00:03,3112,-97
1556.03,00:02,3112,-101
1556.08,00:04,3112,-71
1556.52,00:03,3113,-97
1556.53,00:02,3113,-101
1556.58,00:04,3113,-70
1557.02,00:03,3114,-97
1557.03,00:02,3114,-101
1557.08,00:04,3114,-70
1557.52,00:03,3115,-97
1557.52,00:02,3115,-101
1557.59,00:04,3115,-70
1558.02,00:03,3116,-97
1558.02,00:02,3116,-101
1558.09,00:04,3116,-69
1558.52,00:03,3117,-97
1558.52,00:02,3117,-101
1558.59,00:04,3117,-69
1559.02,00:03,3118,-97
1559.02,00:02,3118,-101
1559.08,00:04,3118,-68
1559.52,00:03,3119,-97
1559.52,00:02,3119,-101
1559.58,00:04,3119,-68
1560.02,00:03,3120,-97
1560.03,00:02,3120,-101
1560.08,00:04,3120,-68
1560.52,00:03,3121,-97
1560.52,00:02,3121,-101
1560.58,00:04,3121,-67
1561.02,00:03,3122,-97
1561.02,00:02,3122,-101
1561.09,00:04,3122,-67
1561.52,00:03,3123,-97
1561.53,00:02,3123,-101
1561.59,00:04,3123,-67
1562.02,00:03,3124,-97
1562.03,00:02,3124,-101
1562.08,00:04,3124,-66
1562.52,00:03,3125,-97
1562.53,00:02,3125,-101
1562.59,00:04,3125,-66
1563.02,00:03,3126,-97
1563.02,00:02,3126,-101
1563.08,00:04,3126,-65
1563.52,00:03,3127,-97
1563.53,00:02,3127,-101
1563.58,00:04,3127,-65
1564.02,00:03,3128,-97
1564.02,00:02,3128,-102
1564.09,00:04,3128,-65
1564.52,00:03,3129,-97
1564.53,00:02,3129,-102
1564.59,00:04,3129,-64
1565.02,00:03,3130,-97
1565.02,00:02,3130,-102
1565.09,00:04,3130,-64
1565.52,00:03,3131,-96
1565.52,00:02,3131,-102
1565.58,00:04,3131,-64
1566.02,00:03,3132,-96
1566.03,00:02,3132,-102
1566.09,00:04,3132,-63
1566.52,00:03,3133,-96
1566.53,00:02,3133,-102
1566.59,00:04,3133,-63
1567.02,00:03,3134,-96
1567.03,00:02,3134,-102
1567.08,00:04,3134,-63
1567.52,00:03,3135,-96
1567.53,00:02,3135,-102
1567.58,00:04,3135,-63
1568.02,00:03,3136,-96
1568.03,00:02,3136,-102
1568.08,00:04,3136,-62
1568.52,00:03,3137,-96
1568.52,00:02,3137,-102
1568.58,00:04,3137,-62
1569.02,00:03,3138,-96
1569.03,00:02,3138,-102
1569.09,00:04,3138,-62
1569.52,00:03,3139,-96
1569.52,00:02,3139,-102
1569.59,00:04,3139,-61
1570.02,00:03,3140,-96
1570.03,00:02,3140,-102
1570.08,00:04,3140,-61
1570.52,00:03,3141,-96
1570.53,00:02,3141,-102
1570.59,00:04,3141,-61
1571.02,00:03,3142,-96
1571.03,00:02,3142,-102
1571.08,00:04,3142,-60
1571.52,00:03,3143,-96
1571.53,00:02,3143,-102
1571.59,00:04,3143,-60
1572.02,00:03,3144,-96
1572.02,00:02,3144,-102
1572.09,00:04,3144,-60
1572.52,00:03,3145,-96
1572.53,00:02,3145,-102
1572.59,00:04,3145,-59
1573.02,00:03,3146,-96
1573.03,00:02,3146,-102
1573.08,00:04,3146,-59
1573.52,00:03,3147,-96
1573.52,00:02,3147,-102
1573.58,00:04,3147,-59
1574.02,00:03,3148,-96
1574.03,00:02,3148,-102
1574.08,00:04,3148,-59
1574.52,00:03,3149,-96
1574.53,00:02,3149,-102
1574.59,00:04,3149,-58
1575.02,00:03,3150,-96
1575.03,00:02,3150,-102
1575.08,00:04,3150,-58
1575.52,00:03,3151,-95
1575.53,00:02,3151,-102
1575.59,00:04,3151,-58
1576.02,00:03,3152,-95
1576.02,00:02,3152,-102
1576.08,00:04,3152,-57
1576.52,00:03,3153,-95
1576.53,00:02,3153,-102
1576.58,00:04,3153,-57
1577.02,00:03,3154,-95
1577.02,00:02,3154,-102
1577.09,00:04,3154,-57
1577.52,00:03,3155,-95
1577.52,00:02,3155,-103
1577.59,00:04,3155,-56
1578.02,00:03,3156,-95
1578.03,00:02,3156,-103
1578.09,00:04,3156,-56
1578.52,00:03,3157,-95
1578.52,00:02,3157,-103
1578.59,00:04,3157,-56
1579.02,00:03,3158,-95
1579.03,00:02,3158,-103
1579.08,00:04,3158,-56
1579.52,00:03,3159,-95
1579.53,00:02,3159,-103
1579.59,00:04,3159,-56
1580.02,00:03,3160,-95
1580.03,00:02,3160,-103
1580.08,00:04,3160,-55
1580.52,00:03,3161,-95
1580.53,00:02,3161,-103
1580.59,00:04,3161,-55
1581.02,00:03,3162,-95
1581.03,00:02,3162,-103
1581.08,00:04,3162,-55
1581.52,00:03,3163,-95
1581.53,00:02,3163,-103
1581.58,00:04,3163,-55
1582.02,00:03,3164,-95
1582.03,00:02,3164,-103
1582.09,00:04,3164,-56
1582.52,00:03,3165,-95
1582.53,00:02,3165,-103
1582.58,00:04,3165,-56
1583.02,00:03,3166,-95
1583.03,00:02,3166,-103
1583.08,00:04,3166,-56
1583.52,00:03,3167,-95
1583.53,00:02,3167,-103
1583.59,00:04,3167,-56
1584.02,00:03,3168,-95
1584.02,00:02,3168,-103
1584.08,00:04,3168,-56
1584.52,00:03,3169,-95
1584.53,00:02,3169,-103
1584.59,00:04,3169,-56
1585.02,00:03,3170,-95
1585.03,00:02,3170,-103
1585.09,00:04,3170,-57
1585.52,00:03,3171,-95
1585.52,00:02,3171,-103
1585.58,00:04,3171,-57
1586.02,00:03,3172,-95
1586.03,00:02,3172,-103
1586.08,00:04,3172,-57
1586.52,00:03,3173,-95
1586.53,00:02,3173,-103
1586.59,00:04,3173,-58
1587.02,00:03,3174,-94
1587.03,00:02,3174,-103
1587.09,00:04,3174,-58
1587.52,00:03,3175,-94
1587.53,00:02,3175,-103
1587.58,00:04,3175,-58
1588.02,00:03,3176,-94
1588.03,00:02,3176,-103
1588.08,00:04,3176,-59
1588.52,00:03,3177,-94
1588.53,00:02,3177,-104
1588.59,00:04,3177,-59
1589.02,00:03,3178,-94
1589.03,00:02,3178,-104
1589.08,00:04,3178,-59
1589.52,00:03,3179,-94
1589.53,00:02,3179,-104
1589.58,00:04,3179,-60
1590.02,00:03,3180,-94
1590.03,00:02,3180,-104
1590.08,00:04,3180,-60
1590.52,00:03,3181,-94
1590.53,00:02,3181,-104
1590.58,00:04,3181,-60
1591.02,00:03,3182,-94
1591.03,00:02,3182,-104
1591.09,00:04,3182,-61
1591.52,00:03,3183,-94
1591.53,00:02,3183,-104
1591.59,00:04,3183,-61
1592.02,00:03,3184,-94
1592.03,00:02,3184,-104
1592.08,00:04,3184,-61
1592.52,00:03,3185,-94
1592.52,00:02,3185,-104
1592.58,00:04,3185,-61
1593.02,00:03,3186,-94
1593.02,00:02,3186,-104
1593.09,00:04,3186,-62
1593.52,00:03,3187,-94
1593.53,00:02,3187,-104
1593.58,00:04,3187,-62
1594.02,00:03,3188,-94
1594.03,00:02,3188,-104
1594.09,00:04,3188,-62
1594.52,00:03,3189,-94
1594.52,00:02,3189,-104
1594.58,00:04,3189,-63
1595.02,00:03,3190,-94
1595.03,00:02,3190,-104
1595.08,00:04,3190,-63
1595.52,00:03,3191,-94
1595.52,00:02,3191,-104
1595.59,00:04,3191,-63
1596.02,00:03,3192,-94
1596.03,00:02,3192,-104
1596.08,00:04,3192,-63
1596.52,00:03,3193,-94
1596.53,00:02,3193,-104
1596.58,00:04,3193,-64
1597.02,00:03,3194,-94
1597.03,00:02,3194,-104
1597.08,00:04,3194,-64
1597.52,00:03,3195,-94
1597.53,00:02,3195,-104
1597.58,00:04,3195,-64
1598.02,00:03,3196,-94
1598.03,00:02,3196,-104
1598.08,00:04,3196,-65
1598.52,00:03,3197,-94
1598.52,00:02,3197,-104
1598.59,00:04,3197,-65
1599.02,00:03,3198,-94
1599.03,00:02,3198,-105
1599.08,00:04,3198,-66
1599.52,00:03,3199,-94
1599.53,00:02,3199,-105
1599.58,00:04,3199,-66
1600.02,00:03,3200,-94
1600.03,00:02,3200,-105
1600.08,00:04,3200,-66
1600.52,00:03,3201,-94
1600.53,00:02,3201,-105
1600.58,00:04,3201,-67
1601.02,00:03,3202,-94
1601.02,00:02,3202,-105
1601.08,00:04,3202,-67
1601.52,00:03,3203,-93
1601.52,00:02,3203,-105
1601.58,00:04,3203,-68
1602.02,00:03,3204,-93
1602.03,00:02,3204,-105
1602.08,00:04,3204,-68
1602.52,00:03,3205,-93
1602.53,00:02,3205,-105
1602.58,00:04,3205,-68
1603.02,00:03,3206,-93
1603.03,00:02,3206,-105
1603.08,00:04,3206,-69
1603.52,00:03,3207,-93
1603.53,00:02,3207,-105
1603.59,00:04,3207,-69
1604.02,00:03,3208,-93
1604.03,00:02,3208,-105
1604.08,00:04,3208,-69
1604.52,00:03,3209,-93
1604.53,00:02,3209,-105
1604.59,00:04,3209,-70
1605.02,00:03,3210,-93
1605.03,00:02,3210,-105
1605.08,00:04,3210,-70
1605.52,00:03,3211,-93
1605.53,00:02,3211,-105
1605.58,00:04,3211,-70
1606.02,00:03,3212,-93
1606.03,00:02,3212,-105
1606.08,00:04,3212,-71
1606.52,00:03,3213,-93
1606.53,00:02,3213,-105
1606.58,00:04,3213,-71
1607.02,00:03,3214,-100
1607.08,00:04,3214,-78
1607.52,00:03,3215,-100
1607.59,00:04,3215,-79
1608.02,00:03,3216,-100
1608.09,00:04,3216,-79
1608.52,00:03,3217,-100
1608.59,00:04,3217,-79
1609.02,00:03,3218,-100
1609.08,00:04,3218,-79
1609.52,00:03,3219,-100
1609.58,00:04,3219,-80
1610.02,00:03,3220,-100
1610.08,00:04,3220,-80
1610.52,00:03,3221,-100
1610.58,00:04,3221,-80
1611.02,00:03,3222,-100
1611.08,00:04,3222,-81
1611.52,00:03,3223,-100
1611.58,00:04,3223,-81
1612.02,00:03,3224,-100
1612.09,00:04,3224,-81
1612.52,00:03,3225,-100
1612.58,00:04,3225,-81
1613.02,00:03,3226,-100
1613.08,00:04,3226,-82
1613.52,00:03,3227,-100
1613.58,00:04,3227,-82
1614.02,00:03,3228,-100
1614.09,00:04,3228,-82
1614.52,00:03,3229,-100
1614.58,00:04,3229,-82
1615.02,00:03,3230,-100
1615.08,00:04,3230,-83
1615.52,00:03,3231,-100
1615.59,00:04,3231,-83
1616.02,00:03,3232,-100
1616.08,00:04,3232,-83
1616.52,00:03,3233,-100
1616.58,00:04,3233,-83
1617.02,00:03,3234,-100
1617.08,00:04,3234,-84
1617.52,00:03,3235,-100
1617.59,00:04,3235,-84
1618.02,00:03,3236,-100
1618.08,00:04,3236,-84
1618.52,00:03,3237,-100
1618.58,00:04,3237,-84
1619.02,00:03,3238,-100
1619.09,00:04,3238,-84
1619.52,00:03,3239,-100
1619.59,00:04,3239,-85
1620.02,00:03,3240,-100
1620.08,00:04,3240,-85
1620.52,00:03,3241,-100
1620.58,00:04,3241,-85
1621.02,00:03,3242,-100
1621.09,00:04,3242,-85
1621.52,00:03,3243,-100
1621.58,00:04,3243,-86
1622.02,00:03,3244,-100
1622.08,00:04,3244,-86
1622.52,00:03,3245,-100
1622.58,00:04,3245,-86
1623.02,00:03,3246,-93
1623.03,00:02,3246,-107
1623.09,00:04,3246,-79
1623.52,00:03,3247,-93
1623.53,00:02,3247,-107
1623.59,00:04,3247,-79
1624.02,00:03,3248,-93
1624.03,00:02,3248,-107
1624.09,00:04,3248,-80
1624.52,00:03,3249,-93
1624.53,00:02,3249,-107
1624.58,00:04,3249,-80
1625.02,00:03,3250,-93
1625.03,00:02,3250,-107
1625.08,00:04,3250,-80
1625.52,00:03,3251,-93
1625.53,00:02,3251,-107
1625.59,00:04,3251,-80
1626.02,00:03,3252,-93
1626.03,00:02,3252,-107
1626.08,00:04,3252,-80
1626.52,00:03,3253,-93
1626.59,00:04,3253,-80
1627.02,00:03,3254,-93
1627.02,00:02,3254,-107
1627.08,00:04,3254,-80
1627.52,00:03,3255,-93
1627.53,00:02,3255,-107
1627.58,00:04,3255,-80
1628.02,00:03,3256,-93
1628.03,00:02,3256,-108
1628.08,00:04,3256,-80
1628.52,00:03,3257,-93
1628.53,00:02,3257,-108
1628.59,00:04,3257,-80
1629.02,00:03,3258,-93
1629.03,00:02,3258,-108
1629.08,00:04,3258,-80
1629.52,00:03,3259,-93
1629.53,00:02,3259,-108
1629.58,00:04,3259,-80
1630.02,00:03,3260,-94
1630.03,00:02,3260,-108
1630.08,00:04,3260,-80
1630.52,00:03,3261,-94
1630.53,00:02,3261,-108
1630.58,00:04,3261,-80
1631.02,00:03,3262,-94
1631.03,00:02,3262,-108
1631.08,00:04,3262,-80
1631.52,00:03,3263,-94
1631.53,00:02,3263,-108
1631.59,00:04,3263,-80
1632.02,00:03,3264,-94
1632.08,00:04,3264,-80
1632.52,00:03,3265,-94
1632.53,00:02,3265,-108
1632.58,00:04,3265,-80
1633.02,00:03,3266,-94
1633.03,00:02,3266,-108
1633.08,00:04,3266,-80
1633.52,00:03,3267,-94
1633.53,00:02,3267,-108
1633.58,00:04,3267,-79
1634.02,00:03,3268,-94
1634.03,00:02,3268,-108
1634.08,00:04,3268,-79
1634.52,00:03,3269,-94
1634.58,00:04,3269,-79
1635.02,00:03,3270,-94
1635.08,00:04,3270,-79
1635.52,00:03,3271,-94
1635.53,00:02,3271,-107
1635.58,00:04,3271,-79
1636.02,00:03,3272,-94
1636.03,00:02,3272,-107
1636.09,00:04,3272,-78
1636.52,00:03,3273,-94
1636.53,00:02,3273,-107
1636.58,00:04,3273,-78
1637.02,00:03,3274,-94
1637.03,00:02,3274,-107
1637.08,00:04,3274,-78
1637.52,00:03,3275,-94
1637.53,00:02,3275,-107
1637.58,00:04,3275,-78
1638.02,00:03,3276,-94
1638.03,00:02,3276,-107
1638.08,00:04,3276,-78
1638.52,00:03,3277,-94
1638.53,00:02,3277,-107
1638.59,00:04,3277,-77
1639.02,00:03,3278,-94
1639.03,00:02,3278,-107
1639.08,00:04,3278,-77
1639.52,00:03,3279,-94
1639.53,00:02,3279,-107
1639.58,00:04,3279,-77
1640.02,00:03,3280,-94
1640.03,00:02,3280,-107
1640.08,00:04,3280,-77
1640.52,00:03,3281,-94
1640.58,00:04,3281,-76
1641.02,00:03,3282,-94
1641.08,00:04,3282,-76
1641.52,00:03,3283,-94
1641.58,00:04,3283,-76
1642.02,00:03,3284,-94
1642.02,00:02,3284,-107
1642.09,00:04,3284,-76
1642.52,00:03,3285,-94
1642.53,00:02,3285,-107
1642.58,00:04,3285,-75
1643.02,00:03,3286,-94
1643.03,00:02,3286,-107
1643.08,00:04,3286,-75
1643.52,00:03,3287,-94
1643.58,00:04,3287,-75
1644.02,00:03,3288,-94
1644.03,00:02,3288,-107
1644.08,00:04,3288,-75
1644.52,00:03,3289,-94
1644.53,00:02,3289,-107
1644.58,00:04,3289,-74
1645.02,00:03,3290,-94
1645.02,00:02,3290,-107
1645.08,00:04,3290,-74
1645.52,00:03,3291,-94
1645.53,00:02,3291,-106
1645.59,00:04,3291,-74
1646.02,00:03,3292,-94
1646.03,00:02,3292,-106
1646.08,00:04,3292,-74
1646.52,00:03,3293,-94
1646.53,00:02,3293,-106
1646.59,00:04,3293,-73
1647.02,00:03,3294,-94
1647.03,00:02,3294,-106
1647.08,00:04,3294,-73
1647.52,00:03,3295,-94
1647.53,00:02,3295,-106
1647.58,00:04,3295,-73
1648.02,00:03,3296,-94
1648.03,00:02,3296,-106
1648.08,00:04,3296,-72
1648.52,00:03,3297,-94
1648.53,00:02,3297,-106
1648.58,00:04,3297,-72
1649.02,00:03,3298,-94
1649.03,00:02,3298,-106
1649.08,00:04,3298,-72
1649.52,00:03,3299,-94
1649.53,00:02,3299,-106
1649.58,00:04,3299,-72
1650.02,00:03,3300,-94
1650.03,00:02,3300,-106
1650.08,00:04,3300,-71
1650.52,00:03,3301,-94
1650.53,00:02,3301,-106
1650.58,00:04,3301,-71
1651.02,00:03,3302,-94
1651.03,00:02,3302,-106
1651.08,00:04,3302,-71
1651.52,00:03,3303,-94
1651.53,00:02,3303,-106
1651.58,00:04,3303,-70
1652.02,00:03,3304,-94
1652.03,00:02,3304,-106
1652.08,00:04,3304,-70
1652.52,00:03,3305,-94
1652.53,00:02,3305,-106
1652.58,00:04,3305,-70
1653.02,00:03,3306,-94
1653.03,00:02,3306,-106
1653.08,00:04,3306,-69
1653.52,00:03,3307,-94
1653.53,00:02,3307,-106
1653.59,00:04,3307,-69
1654.02,00:03,3308,-94
1654.03,00:02,3308,-106
1654.08,00:04,3308,-68
1654.52,00:03,3309,-94
1654.53,00:02,3309,-106
1654.58,00:04,3309,-68
1655.02,00:03,3310,-94
1655.03,00:02,3310,-106
1655.08,00:04,3310,-68
1655.52,00:03,3311,-94
1655.53,00:02,3311,-106
1655.58,00:04,3311,-67
1656.02,00:03,3312,-94
1656.03,00:02,3312,-105
1656.09,00:04,3312,-67
1656.52,00:03,3313,-94
1656.53,00:02,3313,-105
1656.58,00:04,3313,-67
1657.02,00:03,3314,-94
1657.03,00:02,3314,-105
1657.09,00:04,3314,-66
1657.52,00:03,3315,-94
1657.53,00:02,3315,-105
1657.58,00:04,3315,-66
1658.02,00:03,3316,-95
1658.03,00:02,3316,-105
1658.08,00:04,3316,-65
1658.52,00:03,3317,-95
1658.53,00:02,3317,-105
1658.58,00:04,3317,-65
1659.02,00:03,3318,-95
1659.03,00:02,3318,-105
1659.08,00:04,3318,-64
1659.52,00:03,3319,-95
1659.53,00:02,3319,-105
1659.58,00:04,3319,-64
1660.02,00:03,3320,-95
1660.03,00:02,3320,-105
1660.08,00:04,3320,-64
1660.52,00:03,3321,-95
1660.53,00:02,3321,-105
1660.58,00:04,3321,-63
1661.02,00:03,3322,-95
1661.03,00:02,3322,-105
1661.09,00:04,3322,-63
1661.52,00:03,3323,-95
1661.53,00:02,3323,-105
1661.58,00:04,3323,-63
1662.02,00:03,3324,-95
1662.03,00:02,3324,-105
1662.08,00:04,3324,-63
1662.52,00:03,3325,-95
1662.53,00:02,3325,-105
1662.58,00:04,3325,-62
1663.02,00:03,3326,-95
1663.03,00:02,3326,-105
1663.08,00:04,3326,-62
1663.52,00:03,3327,-95
1663.53,00:02,3327,-105
1663.58,00:04,3327,-62
1664.02,00:03,3328,-95
1664.03,00:02,3328,-105
1664.08,00:04,3328,-61
1664.52,00:03,3329,-95
1664.53,00:02,3329,-105
1664.59,00:04,3329,-61
1665.02,00:03,3330,-95
1665.03,00:02,3330,-105
1665.08,00:04,3330,-60
1665.52,00:03,3331,-95
1665.53,00:02,3331,-105
1665.58,00:04,3331,-60
1666.02,00:03,3332,-95
1666.02,00:02,3332,-105
1666.08,00:04,3332,-60
1666.52,00:03,3333,-95
1666.53,00:02,3333,-105
1666.58,00:04,3333,-59
1667.02,00:03,3334,-95
1667.03,00:02,3334,-104
1667.08,00:04,3334,-59
1667.52,00:03,3335,-95
1667.53,00:02,3335,-104
1667.58,00:04,3335,-58
1668.02,00:03,3336,-95
1668.03,00:02,3336,-104
1668.08,00:04,3336,-58
1668.52,00:03,3337,-95
1668.53,00:02,3337,-104
1668.58,00:04,3337,-57
1669.02,00:03,3338,-95
1669.03,00:02,3338,-104
1669.08,00:04,3338,-57
1669.52,00:03,3339,-95
1669.53,00:02,3339,-104
1669.59,00:04,3339,-56
1670.02,00:03,3340,-95
1670.03,00:02,3340,-104
1670.08,00:04,3340,-56
1670.52,00:03,3341,-95
1670.53,00:02,3341,-104
1670.58,00:04,3341,-55
1671.02,00:03,3342,-95
1671.03,00:02,3342,-104
1671.08,00:04,3342,-54
1671.52,00:03,3343,-95
1671.53,00:02,3343,-104
1671.58,00:04,3343,-54
1672.02,00:03,3344,-95
1672.03,00:02,3344,-104
1672.09,00:04,3344,-53
1672.52,00:03,3345,-95
1672.53,00:02,3345,-104
1672.58,00:04,3345,-52
1673.02,00:03,3346,-95
1673.03,00:02,3346,-104
1673.08,00:04,3346,-52
1673.52,00:03,3347,-96
1673.53,00:02,3347,-104
1673.58,00:04,3347,-51
1674.02,00:03,3348,-96
1674.03,00:02,3348,-104
1674.08,00:04,3348,-50
1674.52,00:03,3349,-96
1674.53,00:02,3349,-104
1674.59,00:04,3349,-49
1675.02,00:03,3350,-96
1675.03,00:02,3350,-104
1675.08,00:04,3350,-48
1675.52,00:03,3351,-96
1675.53,00:02,3351,-104
1675.58,00:04,3351,-48
1676.02,00:03,3352,-96
1676.03,00:02,3352,-104
1676.08,00:04,3352,-47
1676.52,00:03,3353,-96
1676.53,00:02,3353,-104
1676.58,00:04,3353,-47
1677.02,00:03,3354,-96
1677.03,00:02,3354,-104
1677.08,00:04,3354,-47
1677.52,00:03,3355,-96
1677.53,00:02,3355,-104
1677.58,00:04,3355,-47
1678.02,00:03,3356,-96
1678.03,00:02,3356,-104
1678.08,00:04,3356,-47
1678.52,00:03,3357,-96
1678.53,00:02,3357,-104
1678.58,00:04,3357,-48
1679.02,00:03,3358,-96
1679.03,00:02,3358,-103
1679.08,00:04,3358,-49
1679.52,00:03,3359,-96
1679.53,00:02,3359,-103
1679.58,00:04,3359,-49
1680.02,00:03,3360,-96
1680.03,00:02,3360,-103
1680.08,00:04,3360,-50
1680.52,00:03,3361,-96
1680.53,00:02,3361,-103
1680.58,00:04,3361,-51
1681.02,00:03,3362,-96
1681.03,00:02,3362,-103
1681.08,00:04,3362,-52
1681.52,00:03,3363,-96
1681.53,00:02,3363,-103
1681.58,00:04,3363,-53
1682.02,00:03,3364,-96
1682.03,00:02,3364,-103
1682.08,00:04,3364,-53
1682.52,00:03,3365,-96
1682.53,00:02,3365,-103
1682.58,00:04,3365,-54
1683.02,00:03,3366,-96
1683.03,00:02,3366,-103
1683.08,00:04,3366,-55
1683.52,00:03,3367,-96
1683.53,00:02,3367,-103
1683.58,00:04,3367,-55
1684.02,00:03,3368,-96
1684.03,00:02,3368,-103
1684.08,00:04,3368,-56
1684.52,00:03,3369,-96
1684.53,00:02,3369,-103
1684.58,00:04,3369,-56
1685.02,00:03,3370,-96
1685.03,00:02,3370,-103
1685.08,00:04,3370,-57
1685.52,00:03,3371,-97
1685.53,00:02,3371,-103
1685.58,00:04,3371,-57
1686.02,00:03,3372,-97
1686.03,00:02,3372,-103
1686.08,00:04,3372,-58
1686.52,00:03,3373,-97
1686.53,00:02,3373,-103
1686.58,00:04,3373,-58
1687.02,00:03,3374,-97
1687.03,00:02,3374,-103
1687.08,00:04,3374,-59
1687.52,00:03,3375,-97
1687.53,00:02,3375,-103
1687.58,00:04,3375,-59
1688.02,00:03,3376,-97
1688.03,00:02,3376,-103
1688.08,00:04,3376,-60
1688.52,00:03,3377,-97
1688.53,00:02,3377,-103
1688.58,00:04,3377,-60
1689.02,00:03,3378,-97
1689.03,00:02,3378,-103
1689.08,00:04,3378,-61
1689.52,00:03,3379,-97
1689.53,00:02,3379,-103
1689.58,00:04,3379,-61
1690.02,00:03,3380,-97
1690.03,00:02,3380,-103
1690.08,00:04,3380,-61
1690.52,00:03,3381,-97
1690.53,00:02,3381,-103
1690.58,00:04,3381,-62
1691.02,00:03,3382,-97
1691.03,00:02,3382,-103
1691.08,00:04,3382,-62
1691.52,00:03,3383,-97
1691.53,00:02,3383,-103
1691.59,00:04,3383,-62
1692.02,00:03,3384,-97
1692.03,00:02,3384,-103
1692.08,00:04,3384,-63
1692.52,00:03,3385,-97
1692.53,00:02,3385,-103
1692.58,00:04,3385,-63
1693.02,00:03,3386,-97
1693.03,00:02,3386,-103
1693.08,00:04,3386,-63
1693.52,00:03,3387,-97
1693.53,00:02,3387,-102
1693.58,00:04,3387,-64
1694.02,00:03,3388,-97
1694.03,00:02,3388,-102
1694.08,00:04,3388,-64
1694.52,00:03,3389,-97
1694.53,00:02,3389,-102
1694.58,00:04,3389,-64
1695.02,00:03,3390,-97
1695.03,00:02,3390,-102
1695.08,00:04,3390,-64
1695.52,00:03,3391,-97
1695.53,00:02,3391,-102
1695.58,00:04,3391,-65
1696.02,00:03,3392,-97
1696.03,00:02,3392,-102
1696.08,00:04,3392,-65
1696.52,00:03,3393,-98
1696.53,00:02,3393,-102
1696.58,00:04,3393,-66
1697.02,00:03,3394,-98
1697.03,00:02,3394,-102
1697.08,00:04,3394,-66
1697.52,00:03,3395,-98
1697.53,00:02,3395,-102
1697.58,00:04,3395,-67
1698.02,00:03,3396,-98
1698.03,00:02,3396,-102
1698.08,00:04,3396,-67
1698.52,00:03,3397,-98
1698.53,00:02,3397,-102
1698.58,00:04,3397,-67
1699.02,00:03,3398,-98
1699.03,00:02,3398,-102
1699.08,00:04,3398,-68
1699.52,00:03,3399,-98
1699.53,00:02,3399,-102
1699.58,00:04,3399,-68
1700.02,00:03,3400,-98
1700.03,00:02,3400,-102
1700.08,00:04,3400,-69
1700.52,00:03,3401,-98
1700.53,00:02,3401,-102
1700.58,00:04,3401,-69
1701.02,00:03,3402,-98
1701.03,00:02,3402,-102
1701.08,00:04,3402,-69
1701.52,00:03,3403,-98
1701.53,00:02,3403,-102
1701.58,00:04,3403,-70
1702.02,00:03,3404,-98
1702.03,00:02,3404,-102
1702.08,00:04,3404,-70
1702.52,00:03,3405,-98
1702.53,00:02,3405,-102
1702.58,00:04,3405,-70
1703.02,00:03,3406,-98
1703.03,00:02,3406,-102
1703.08,00:04,3406,-71
1703.52,00:03,3407,-98
1703.53,00:02,3407,-102
1703.58,00:04,3407,-71
1704.02,00:03,3408,-98
1704.03,00:02,3408,-102
1704.08,00:04,3408,-71
1704.52,00:03,3409,-98
1704.53,00:02,3409,-102
1704.58,00:04,3409,-72
1705.02,00:03,3410,-98
1705.03,00:02,3410,-102
1705.08,00:04,3410,-72
1705.52,00:03,3411,-98
1705.53,00:02,3411,-102
1705.58,00:04,3411,-72
1706.02,00:03,3412,-98
1706.03,00:02,3412,-102
1706.08,00:04,3412,-73
1706.52,00:03,3413,-98
1706.53,00:02,3413,-102
1706.58,00:04,3413,-73
1707.02,00:03,3414,-99
1707.03,00:02,3414,-102
1707.08,00:04,3414,-73
1707.52,00:03,3415,-99
1707.53,00:02,3415,-102
1707.58,00:04,3415,-73
1708.02,00:03,3416,-99
1708.03,00:02,3416,-102
1708.08,00:04,3416,-74
1708.52,00:03,3417,-99
1708.53,00:02,3417,-102
1708.58,00:04,3417,-74
1709.02,00:03,3418,-99
1709.03,00:02,3418,-102
1709.08,00:04,3418,-74
1709.52,00:03,3419,-99
1709.53,00:02,3419,-102
1709.58,00:04,3419,-75
1710.02,00:03,3420,-99
1710.03,00:02,3420,-102
1710.08,00:04,3420,-75
1710.52,00:03,3421,-99
1710.53,00:02,3421,-102
1710.58,00:04,3421,-75
1711.02,00:03,3422,-99
1711.03,00:02,3422,-102
1711.08,00:04,3422,-75
1711.52,00:03,3423,-99
1711.53,00:02,3423,-102
1711.58,00:04,3423,-76
1712.02,00:03,3424,-99
1712.03,00:02,3424,-102
1712.08,00:04,3424,-76
1712.52,00:03,3425,-99
1712.53,00:02,3425,-102
1712.58,00:04,3425,-76
1713.02,00:03,3426,-99
1713.03,00:02,3426,-102
1713.08,00:04,3426,-76
1713.52,00:03,3427,-99
1713.53,00:02,3427,-102
1713.58,00:04,3427,-77
1714.02,00:03,3428,-99
1714.03,00:02,3428,-102
1714.08,00:04,3428,-77
1714.52,00:03,3429,-99
1714.53,00:02,3429,-102
1714.58,00:04,3429,-77
1715.02,00:03,3430,-99
1715.03,00:02,3430,-102
1715.08,00:04,3430,-77
1715.52,00:03,3431,-99
1715.53,00:02,3431,-102
1715.58,00:04,3431,-77
1716.02,00:03,3432,-99
1716.03,00:02,3432,-102
1716.08,00:04,3432,-78
1716.52,00:03,3433,-99
1716.53,00:02,3433,-102
1716.58,00:04,3433,-78
1717.02,00:03,3434,-100
1717.03,00:02,3434,-102
1717.08,00:04,3434,-78
1717.52,00:03,3435,-100
1717.53,00:02,3435,-102
1717.58,00:04,3435,-78
1718.02,00:03,3436,-100
1718.03,00:02,3436,-102
1718.08,00:04,3436,-79
1718.52,00:03,3437,-100
1718.53,00:02,3437,-102
1718.58,00:04,3437,-79
1719.02,00:03,3438,-100
1719.03,00:02,3438,-102
1719.08,00:04,3438,-79
1719.52,00:03,3439,-100
1719.53,00:02,3439,-102
1719.58,00:04,3439,-79
1720.02,00:03,3440,-100
1720.03,00:02,3440,-102
1720.08,00:04,3440,-79
1720.52,00:03,3441,-100
1720.53,00:02,3441,-102
1720.58,00:04,3441,-80
1721.02,00:03,3442,-100
1721.03,00:02,3442,-102
1721.08,00:04,3442,-80
1721.52,00:03,3443,-100
1721.53,00:02,3443,-102
1721.58,00:04,3443,-80
