Time_s,Src_MAC,Seq_Num,RSSI_dBm
0.00667071,00:02,0,-57
0.057199,00:03,0,-102
0.108202,00:04,0,-103
0.505864,00:02,1,-57
0.554787,00:03,1,-102
0.607036,00:04,1,-103
1.00495,00:02,2,-57
1.05618,00:03,2,-102
1.10715,00:04,2,-103
1.50789,00:02,3,-58
1.55747,00:03,3,-102
1.60592,00:04,3,-103
2.0049,00:02,4,-58
2.0563,00:03,4,-102
2.10683,00:04,4,-103
2.50488,00:02,5,-59
2.55525,00:03,5,-102
2.60758,00:04,5,-103
3.00598,00:02,6,-59
3.05584,00:03,6,-102
3.10639,00:04,6,-103
3.50683,00:02,7,-60
3.55691,00:03,7,-101
3.60835,00:04,7,-103
4.00681,00:02,8,-61
4.05612,00:03,8,-101
4.10509,00:04,8,-102
4.50668,00:02,9,-61
4.55831,00:03,9,-101
4.6064,00:04,9,-102
5.00674,00:02,10,-62
5.05515,00:03,10,-101
5.10756,00:04,10,-102
5.50605,00:02,11,-63
5.5558,00:03,11,-101
5.60666,00:04,11,-102
6.00475,00:02,12,-63
6.05572,00:03,12,-101
6.10539,00:04,12,-102
6.5067,00:02,13,-64
6.55626,00:03,13,-101
6.60564,00:04,13,-102
7.00797,00:02,14,-64
7.05579,00:03,14,-101
7.10726,00:04,14,-102
7.50539,00:02,15,-65
7.55545,00:03,15,-101
7.60644,00:04,15,-102
8.00636,00:02,16,-65
8.05672,00:03,16,-101
8.10549,00:04,16,-102
8.50642,00:02,17,-66
8.55594,00:03,17,-100
8.60616,00:04,17,-102
9.00711,00:02,18,-66
9.05592,00:03,18,-100
9.10679,00:04,18,-102
9.50672,00:02,19,-67
9.55698,00:03,19,-100
9.60673,00:04,19,-102
10.0077,00:02,20,-67
10.0557,00:03,20,-100
10.1055,00:04,20,-102
10.5066,00:02,21,-68
10.5569,00:03,21,-100
10.6063,00:04,21,-102
11.0074,00:02,22,-68
11.0583,00:03,22,-100
11.1078,00:04,22,-102
11.5069,00:02,23,-68
11.5565,00:03,23,-100
11.6064,00:04,23,-102
12.0075,00:02,24,-69
12.0563,00:03,24,-100
12.107,00:04,24,-102
12.508,00:02,25,-69
12.556,00:03,25,-100
12.6054,00:04,25,-102
13.0081,00:02,26,-70
13.0581,00:03,26,-99
13.1054,00:04,26,-102
13.5067,00:02,27,-70
13.5559,00:03,27,-99
13.6078,00:04,27,-102
14.0066,00:02,28,-70
14.0575,00:03,28,-99
14.1075,00:04,28,-102
14.5066,00:02,29,-71
14.5575,00:03,29,-99
14.6065,00:04,29,-102
15.0067,00:02,30,-71
15.056,00:03,30,-99
15.1063,00:04,30,-102
15.5068,00:02,31,-71
15.5557,00:03,31,-99
15.6053,00:04,31,-102
16.006,00:02,32,-71
16.0559,00:03,32,-99
16.1049,00:04,32,-102
16.5059,00:02,33,-72
16.5544,00:03,33,-99
16.6063,00:04,33,-102
17.0061,00:02,34,-72
17.0559,00:03,34,-98
17.1082,00:04,34,-102
17.5065,00:02,35,-72
17.5562,00:03,35,-98
17.6071,00:04,35,-102
18.0063,00:02,36,-73
18.0565,00:03,36,-98
18.1062,00:04,36,-102
18.5065,00:02,37,-73
18.5552,00:03,37,-98
18.6051,00:04,37,-101
19.0073,00:02,38,-74
19.0575,00:03,38,-98
19.1061,00:04,38,-101
19.5056,00:02,39,-74
19.5546,00:03,39,-98
19.6068,00:04,39,-101
20.0073,00:02,40,-75
20.057,00:03,40,-98
20.1052,00:04,40,-101
20.5075,00:02,41,-75
20.5567,00:03,41,-98
20.6057,00:04,41,-101
21.0059,00:02,42,-75
21.0566,00:03,42,-98
21.1051,00:04,42,-101
21.5057,00:02,43,-76
21.558,00:03,43,-97
21.608,00:04,43,-101
22.0056,00:02,44,-76
22.0568,00:03,44,-97
22.1062,00:04,44,-101
22.5063,00:02,45,-76
22.557,00:03,45,-97
22.6054,00:04,45,-101
23.0058,00:02,46,-77
23.0569,00:03,46,-97
23.1052,00:04,46,-101
23.5057,00:02,47,-77
23.557,00:03,47,-97
23.6082,00:04,47,-101
24.0065,00:02,48,-78
24.0578,00:03,48,-97
24.1062,00:04,48,-101
24.5068,00:02,49,-78
24.5571,00:03,49,-97
24.6054,00:04,49,-101
25.0083,00:02,50,-78
25.0566,00:03,50,-96
25.107,00:04,50,-101
25.5058,00:02,51,-79
25.5544,00:03,51,-96
25.6048,00:04,51,-101
26.0055,00:02,52,-79
26.055,00:03,52,-96
26.1075,00:04,52,-101
26.5067,00:02,53,-79
26.5547,00:03,53,-96
26.6058,00:04,53,-101
27.0058,00:02,54,-80
27.0561,00:03,54,-96
27.1049,00:04,54,-101
27.5054,00:02,55,-80
27.5578,00:03,55,-96
27.6052,00:04,55,-101
28.0063,00:02,56,-80
28.0575,00:03,56,-96
28.1074,00:04,56,-101
28.5054,00:02,57,-81
28.5558,00:03,57,-96
28.607,00:04,57,-101
29.0082,00:02,58,-81
29.0568,00:03,58,-95
29.1056,00:04,58,-101
29.5056,00:02,59,-81
29.5546,00:03,59,-95
29.6064,00:04,59,-101
30.0077,00:02,60,-81
30.0571,00:03,60,-95
30.1068,00:04,60,-101
30.5051,00:02,61,-82
30.5564,00:03,61,-95
30.606,00:04,61,-101
31.0049,00:02,62,-82
31.0554,00:03,62,-95
31.106,00:04,62,-101
31.506,00:02,63,-82
31.5578,00:03,63,-95
31.6064,00:04,63,-101
32.0053,00:02,64,-82
32.0568,00:03,64,-95
32.1052,00:04,64,-101
32.5073,00:02,65,-83
32.5547,00:03,65,-94
32.6068,00:04,65,-101
33.0054,00:02,66,-83
33.0572,00:03,66,-94
33.1054,00:04,66,-101
33.5054,00:02,67,-83
33.5562,00:03,67,-94
33.6055,00:04,67,-101
34.0074,00:02,68,-84
34.0546,00:03,68,-94
34.1062,00:04,68,-101
34.5052,00:02,69,-84
34.5566,00:03,69,-94
34.606,00:04,69,-101
35.0065,00:02,70,-84
35.0569,00:03,70,-94
35.1063,00:04,70,-101
35.5044,00:02,71,-84
35.5545,00:03,71,-93
35.6073,00:04,71,-101
36.0068,00:02,72,-85
36.0575,00:03,72,-93
36.1061,00:04,72,-101
36.5069,00:02,73,-85
36.558,00:03,73,-93
36.6056,00:04,73,-101
37.0069,00:02,74,-85
37.0556,00:03,74,-93
37.1055,00:04,74,-101
37.5057,00:02,75,-85
37.5551,00:03,75,-93
37.6057,00:04,75,-101
38.0075,00:02,76,-85
38.0585,00:03,76,-93
38.1058,00:04,76,-101
38.5061,00:02,77,-86
38.5561,00:03,77,-92
38.6073,00:04,77,-101
39.0058,00:02,78,-86
39.0557,00:03,78,-92
39.1076,00:04,78,-101
39.5061,00:02,79,-86
39.5554,00:03,79,-92
39.6046,00:04,79,-101
40.0059,00:02,80,-86
40.056,00:03,80,-92
40.1062,00:04,80,-101
40.507,00:02,81,-87
40.5573,00:03,81,-92
40.6053,00:04,81,-101
41.0067,00:02,82,-87
41.0566,00:03,82,-92
41.106,00:04,82,-101
41.5083,00:02,83,-87
41.5567,00:03,83,-91
41.6055,00:04,83,-101
42.0082,00:02,84,-87
42.0571,00:03,84,-91
42.108,00:04,84,-101
42.5047,00:02,85,-87
42.5585,00:03,85,-91
42.6055,00:04,85,-101
43.0072,00:02,86,-88
43.0568,00:03,86,-91
43.1069,00:04,86,-101
43.5044,00:02,87,-88
43.5552,00:03,87,-91
43.6057,00:04,87,-101
44.0072,00:02,88,-88
44.0561,00:03,88,-90
44.1059,00:04,88,-101
44.5063,00:02,89,-88
44.5585,00:03,89,-90
44.6055,00:04,89,-101
45.0057,00:02,90,-88
45.0551,00:03,90,-90
45.1059,00:04,90,-101
45.5073,00:02,91,-89
45.5568,00:03,91,-90
45.6073,00:04,91,-101
46.007,00:02,92,-89
46.0566,00:03,92,-90
46.1075,00:04,92,-101
46.5058,00:02,93,-89
46.5572,00:03,93,-90
46.6064,00:04,93,-101
47.0065,00:02,94,-89
47.0569,00:03,94,-89
47.1073,00:04,94,-101
47.5065,00:02,95,-89
47.5557,00:03,95,-89
47.6058,00:04,95,-101
48.0058,00:02,96,-89
48.0576,00:03,96,-89
48.1079,00:04,96,-101
48.5051,00:02,97,-90
48.5563,00:03,97,-89
48.6064,00:04,97,-101
49.0064,00:02,98,-90
49.0566,00:03,98,-89
49.1075,00:04,98,-101
49.5059,00:02,99,-90
49.5548,00:03,99,-88
49.6068,00:04,99,-101
50.0057,00:02,100,-90
50.0558,00:03,100,-88
50.106,00:04,100,-101
50.5065,00:02,101,-90
50.5561,00:03,101,-88
50.6044,00:04,101,-101
51.0061,00:02,102,-91
51.0579,00:03,102,-88
51.1076,00:04,102,-101
51.5059,00:02,103,-91
51.556,00:03,103,-87
51.6074,00:04,103,-101
52.0057,00:02,104,-91
52.0562,00:03,104,-87
52.1057,00:04,104,-101
52.5072,00:02,105,-91
52.5558,00:03,105,-87
52.606,00:04,105,-101
53.005,00:02,106,-91
53.0563,00:03,106,-87
53.1046,00:04,106,-101
53.5078,00:02,107,-91
53.5562,00:03,107,-87
53.6069,00:04,107,-101
54.0077,00:02,108,-91
54.0559,00:03,108,-86
54.1066,00:04,108,-101
54.5063,00:02,109,-92
54.5567,00:03,109,-86
54.6062,00:04,109,-101
55.0079,00:02,110,-92
55.0554,00:03,110,-86
55.1058,00:04,110,-101
55.5053,00:02,111,-92
55.5577,00:03,111,-86
55.6052,00:04,111,-101
56.006,00:02,112,-92
56.056,00:03,112,-85
56.1061,00:04,112,-101
56.5068,00:02,113,-92
56.5568,00:03,113,-85
56.6042,00:04,113,-101
57.0057,00:02,114,-92
57.0552,00:03,114,-85
57.1072,00:04,114,-101
57.5049,00:02,115,-93
57.5569,00:03,115,-85
57.6047,00:04,115,-101
58.0069,00:02,116,-93
58.0554,00:03,116,-84
58.1051,00:04,116,-101
58.5052,00:02,117,-93
58.5557,00:03,117,-84
58.6056,00:04,117,-101
59.0071,00:02,118,-93
59.0554,00:03,118,-84
59.106,00:04,118,-101
59.5055,00:02,119,-93
59.5578,00:03,119,-83
59.6067,00:04,119,-101
60.0048,00:02,120,-93
60.0552,00:03,120,-83
60.1081,00:04,120,-101
60.5064,00:02,121,-93
60.5576,00:03,121,-83
60.6071,00:04,121,-101
61.004,00:02,122,-94
61.0559,00:03,122,-83
61.1061,00:04,122,-101
61.5072,00:02,123,-94
61.5569,00:03,123,-82
61.6057,00:04,123,-101
62.0063,00:02,124,-94
62.0565,00:03,124,-82
62.1057,00:04,124,-101
62.504,00:02,125,-94
62.5573,00:03,125,-82
62.6062,00:04,125,-101
63.0065,00:02,126,-94
63.0561,00:03,126,-81
63.1063,00:04,126,-101
63.5053,00:02,127,-94
63.557,00:03,127,-81
63.6079,00:04,127,-101
64.0047,00:02,128,-94
64.0574,00:03,128,-81
64.1057,00:04,128,-101
64.506,00:02,129,-95
64.5562,00:03,129,-80
64.6074,00:04,129,-101
65.0061,00:02,130,-95
65.0569,00:03,130,-80
65.1052,00:04,130,-101
65.5069,00:02,131,-95
65.5563,00:03,131,-80
65.6059,00:04,131,-101
66.0071,00:02,132,-95
66.0569,00:03,132,-79
66.1078,00:04,132,-101
66.5054,00:02,133,-95
66.558,00:03,133,-79
66.6051,00:04,133,-101
67.0063,00:02,134,-95
67.057,00:03,134,-79
67.1062,00:04,134,-101
67.5055,00:02,135,-95
67.5558,00:03,135,-78
67.6058,00:04,135,-101
68.0066,00:02,136,-95
68.0569,00:03,136,-78
68.1072,00:04,136,-101
68.5052,00:02,137,-96
68.5554,00:03,137,-77
68.6071,00:04,137,-101
69.0061,00:02,138,-96
69.0576,00:03,138,-77
69.1079,00:04,138,-101
69.5052,00:02,139,-96
69.5558,00:03,139,-77
69.606,00:04,139,-101
70.0048,00:02,140,-96
70.0575,00:03,140,-76
70.1061,00:04,140,-101
70.5068,00:02,141,-96
70.5552,00:03,141,-76
70.6068,00:04,141,-101
71.0059,00:02,142,-96
71.0566,00:03,142,-75
71.1051,00:04,142,-101
71.506,00:02,143,-96
71.5564,00:03,143,-75
71.6056,00:04,143,-102
72.0073,00:02,144,-96
72.055,00:03,144,-74
72.1048,00:04,144,-102
72.5069,00:02,145,-97
72.5564,00:03,145,-74
72.6062,00:04,145,-102
73.0058,00:02,146,-97
73.0566,00:03,146,-74
73.1064,00:04,146,-102
73.5058,00:02,147,-97
73.558,00:03,147,-74
73.6052,00:04,147,-102
74.0055,00:02,148,-97
74.0565,00:03,148,-73
74.1069,00:04,148,-102
74.5049,00:02,149,-97
74.5566,00:03,149,-73
74.6049,00:04,149,-102
75.0066,00:02,150,-97
75.0571,00:03,150,-73
75.1051,00:04,150,-102
75.5053,00:02,151,-97
75.5555,00:03,151,-72
75.6063,00:04,151,-102
76.005,00:02,152,-97
76.0577,00:03,152,-72
76.104,00:04,152,-102
76.5045,00:02,153,-98
76.5567,00:03,153,-72
76.6047,00:04,153,-102
77.0052,00:02,154,-98
77.0551,00:03,154,-71
77.1069,00:04,154,-102
77.5064,00:02,155,-98
77.5554,00:03,155,-71
77.6063,00:04,155,-102
78.0057,00:02,156,-98
78.056,00:03,156,-71
78.1054,00:04,156,-102
78.5062,00:02,157,-98
78.5566,00:03,157,-70
78.6065,00:04,157,-102
79.0062,00:02,158,-98
79.0581,00:03,158,-70
79.1075,00:04,158,-102
79.5072,00:02,159,-98
79.556,00:03,159,-69
79.6077,00:04,159,-102
80.0047,00:02,160,-98
80.056,00:03,160,-69
80.1064,00:04,160,-102
80.5057,00:02,161,-98
80.5577,00:03,161,-69
80.6068,00:04,161,-102
81.0069,00:02,162,-99
81.0568,00:03,162,-68
81.1078,00:04,162,-102
81.5056,00:02,163,-99
81.5546,00:03,163,-68
81.606,00:04,163,-102
82.0061,00:02,164,-99
82.0567,00:03,164,-67
82.1062,00:04,164,-102
82.505,00:02,165,-99
82.5561,00:03,165,-67
82.6059,00:04,165,-102
83.0066,00:02,166,-99
83.0569,00:03,166,-66
83.1067,00:04,166,-102
83.5063,00:02,167,-99
83.5561,00:03,167,-66
83.6067,00:04,167,-102
84.0069,00:02,168,-99
84.0563,00:03,168,-65
84.1058,00:04,168,-102
84.5065,00:02,169,-99
84.5547,00:03,169,-64
84.6064,00:04,169,-102
85.0054,00:02,170,-99
85.0558,00:03,170,-64
85.1055,00:04,170,-102
85.5051,00:02,171,-99
85.5579,00:03,171,-63
85.6055,00:04,171,-102
86.0071,00:02,172,-100
86.0581,00:03,172,-62
86.1066,00:04,172,-102
86.507,00:02,173,-100
86.5568,00:03,173,-62
86.6067,00:04,173,-103
87.0042,00:02,174,-100
87.0547,00:03,174,-61
87.1069,00:04,174,-103
87.5075,00:02,175,-100
87.5564,00:03,175,-61
87.6072,00:04,175,-103
88.0063,00:02,176,-100
88.055,00:03,176,-60
88.1064,00:04,176,-103
88.5051,00:02,177,-100
88.5555,00:03,177,-60
88.606,00:04,177,-103
89.0069,00:02,178,-100
89.0585,00:03,178,-59
89.1062,00:04,178,-103
89.5055,00:02,179,-100
89.5553,00:03,179,-59
89.6071,00:04,179,-103
90.0063,00:02,180,-100
90.0553,00:03,180,-59
90.1068,00:04,180,-103
90.5057,00:02,181,-100
90.5563,00:03,181,-60
90.607,00:04,181,-103
91.0067,00:02,182,-100
91.0581,00:03,182,-61
91.1049,00:04,182,-103
91.507,00:02,183,-100
91.5552,00:03,183,-62
91.6061,00:04,183,-103
92.005,00:02,184,-100
92.0581,00:03,184,-63
92.107,00:04,184,-102
92.505,00:02,185,-100
92.5576,00:03,185,-63
92.6065,00:04,185,-102
93.0076,00:02,186,-100
93.0559,00:03,186,-64
93.1063,00:04,186,-102
93.5066,00:02,187,-100
93.5561,00:03,187,-65
93.6054,00:04,187,-102
94.0063,00:02,188,-100
94.0566,00:03,188,-65
94.106,00:04,188,-102
94.5058,00:02,189,-100
94.5576,00:03,189,-66
94.6059,00:04,189,-102
95.0069,00:02,190,-100
95.0573,00:03,190,-67
95.1049,00:04,190,-102
95.5043,00:02,191,-100
95.556,00:03,191,-67
95.6074,00:04,191,-102
96.0046,00:02,192,-100
96.0564,00:03,192,-67
96.1062,00:04,192,-102
96.5054,00:02,193,-100
96.5572,00:03,193,-67
96.6058,00:04,193,-102
97.0042,00:02,194,-100
97.0554,00:03,194,-67
97.106,00:04,194,-102
97.5052,00:02,195,-100
97.5571,00:03,195,-67
97.607,00:04,195,-102
98.0059,00:02,196,-100
98.0555,00:03,196,-67
98.1053,00:04,196,-102
98.5038,00:02,197,-100
98.5556,00:03,197,-67
98.604,00:04,197,-102
99.006,00:02,198,-100
99.0555,00:03,198,-67
99.1069,00:04,198,-102
99.5072,00:02,199,-100
99.5564,00:03,199,-67
99.6062,00:04,199,-102
100.007,00:02,200,-100
100.057,00:03,200,-68
100.105,00:04,200,-102
100.505,00:02,201,-100
100.557,00:03,201,-68
100.606,00:04,201,-102
101.007,00:02,202,-99
101.056,00:03,202,-68
101.107,00:04,202,-102
101.506,00:02,203,-99
101.555,00:03,203,-68
101.607,00:04,203,-102
102.006,00:02,204,-99
102.057,00:03,204,-69
102.104,00:04,204,-101
102.506,00:02,205,-99
102.557,00:03,205,-69
102.605,00:04,205,-101
103.006,00:02,206,-99
103.057,00:03,206,-69
103.105,00:04,206,-101
103.506,00:02,207,-99
103.557,00:03,207,-70
103.606,00:04,207,-101
104.007,00:02,208,-99
104.057,00:03,208,-70
104.104,00:04,208,-101
104.507,00:02,209,-99
104.555,00:03,209,-70
104.607,00:04,209,-101
105.004,00:02,210,-99
105.057,00:03,210,-70
105.104,00:04,210,-101
105.505,00:02,211,-98
105.556,00:03,211,-71
105.607,00:04,211,-101
106.006,00:02,212,-98
106.057,00:03,212,-71
106.104,00:04,212,-101
106.505,00:02,213,-98
106.557,00:03,213,-71
106.604,00:04,213,-101
107.005,00:02,214,-98
107.058,00:03,214,-72
107.105,00:04,214,-101
107.504,00:02,215,-98
107.555,00:03,215,-72
107.606,00:04,215,-101
108.007,00:02,216,-98
108.058,00:03,216,-72
108.106,00:04,216,-101
108.506,00:02,217,-98
108.558,00:03,217,-72
108.606,00:04,217,-101
109.005,00:02,218,-98
109.054,00:03,218,-73
109.107,00:04,218,-101
109.506,00:02,219,-98
109.556,00:03,219,-73
109.606,00:04,219,-101
110.005,00:02,220,-97
110.057,00:03,220,-73
110.107,00:04,220,-101
110.506,00:02,221,-97
110.558,00:03,221,-73
110.605,00:04,221,-101
111.006,00:02,222,-97
111.057,00:03,222,-74
111.106,00:04,222,-101
111.507,00:02,223,-97
111.556,00:03,223,-74
111.607,00:04,223,-101
112.006,00:02,224,-97
112.056,00:03,224,-74
112.107,00:04,224,-101
112.506,00:02,225,-97
112.558,00:03,225,-75
112.607,00:04,225,-101
113.007,00:02,226,-97
113.057,00:03,226,-75
113.107,00:04,226,-101
113.505,00:02,227,-97
113.555,00:03,227,-75
113.604,00:04,227,-101
114.005,00:02,228,-97
114.058,00:03,228,-76
114.107,00:04,228,-101
114.505,00:02,229,-96
114.556,00:03,229,-76
114.606,00:04,229,-101
115.004,00:02,230,-96
115.056,00:03,230,-77
115.106,00:04,230,-101
115.505,00:02,231,-96
115.557,00:03,231,-77
115.605,00:04,231,-101
116.005,00:02,232,-96
116.055,00:03,232,-77
116.104,00:04,232,-100
116.505,00:02,233,-96
116.557,00:03,233,-78
116.604,00:04,233,-100
117.005,00:02,234,-96
117.057,00:03,234,-78
117.107,00:04,234,-100
117.506,00:02,235,-96
117.556,00:03,235,-78
117.607,00:04,235,-100
118.005,00:02,236,-96
118.057,00:03,236,-79
118.106,00:04,236,-100
118.507,00:02,237,-95
118.557,00:03,237,-79
118.607,00:04,237,-100
119.004,00:02,238,-95
119.056,00:03,238,-80
119.104,00:04,238,-100
119.505,00:02,239,-95
119.556,00:03,239,-80
119.607,00:04,239,-100
120.004,00:02,240,-95
120.056,00:03,240,-80
120.107,00:04,240,-100
120.505,00:02,241,-95
120.558,00:03,241,-80
120.604,00:04,241,-100
121.005,00:02,242,-95
121.058,00:03,242,-81
121.107,00:04,242,-100
121.503,00:02,243,-95
121.555,00:03,243,-81
121.607,00:04,243,-100
122.006,00:02,244,-95
122.056,00:03,244,-81
122.107,00:04,244,-100
122.508,00:02,245,-94
122.555,00:03,245,-82
122.606,00:04,245,-100
123.005,00:02,246,-94
123.057,00:03,246,-82
123.106,00:04,246,-100
123.507,00:02,247,-94
123.558,00:03,247,-82
123.608,00:04,247,-100
124.007,00:02,248,-94
124.057,00:03,248,-83
124.104,00:04,248,-100
124.504,00:02,249,-94
124.556,00:03,249,-83
124.606,00:04,249,-100
125.005,00:02,250,-94
125.058,00:03,250,-83
125.108,00:04,250,-100
125.506,00:02,251,-94
125.557,00:03,251,-83
125.605,00:04,251,-100
126.006,00:02,252,-93
126.057,00:03,252,-84
126.107,00:04,252,-100
126.505,00:02,253,-93
126.555,00:03,253,-84
126.606,00:04,253,-100
127.006,00:02,254,-93
127.056,00:03,254,-84
127.106,00:04,254,-100
127.506,00:02,255,-93
127.556,00:03,255,-84
127.605,00:04,255,-100
128.004,00:02,256,-93
128.057,00:03,256,-85
128.105,00:04,256,-100
128.506,00:02,257,-93
128.558,00:03,257,-85
128.604,00:04,257,-100
129.004,00:02,258,-93
129.055,00:03,258,-85
129.105,00:04,258,-100
129.506,00:02,259,-92
129.556,00:03,259,-85
129.606,00:04,259,-100
130.006,00:02,260,-92
130.056,00:03,260,-86
130.106,00:04,260,-100
130.504,00:02,261,-92
130.555,00:03,261,-86
130.607,00:04,261,-100
131.006,00:02,262,-92
131.057,00:03,262,-86
131.105,00:04,262,-100
131.504,00:02,263,-92
131.557,00:03,263,-86
131.605,00:04,263,-100
132.005,00:02,264,-92
132.058,00:03,264,-87
132.105,00:04,264,-100
132.505,00:02,265,-91
132.558,00:03,265,-87
132.605,00:04,265,-100
133.004,00:02,266,-98
133.055,00:03,266,-94
133.106,00:04,266,-107
133.505,00:02,267,-98
133.557,00:03,267,-94
133.604,00:04,267,-107
134.005,00:02,268,-98
134.057,00:03,268,-95
134.505,00:02,269,-98
134.556,00:03,269,-95
134.605,00:04,269,-107
135.006,00:02,270,-98
135.056,00:03,270,-95
135.105,00:04,270,-107
135.505,00:02,271,-98
135.556,00:03,271,-95
135.607,00:04,271,-107
136.004,00:02,272,-97
136.056,00:03,272,-95
136.107,00:04,272,-107
136.505,00:02,273,-97
136.555,00:03,273,-96
136.606,00:04,273,-107
137.007,00:02,274,-97
137.058,00:03,274,-96
137.107,00:04,274,-107
137.507,00:02,275,-97
137.555,00:03,275,-96
137.605,00:04,275,-107
138.006,00:02,276,-97
138.057,00:03,276,-96
138.106,00:04,276,-107
138.507,00:02,277,-96
138.557,00:03,277,-96
138.605,00:04,277,-107
139.004,00:02,278,-96
139.057,00:03,278,-97
139.104,00:04,278,-107
139.505,00:02,279,-96
139.556,00:03,279,-97
139.605,00:04,279,-107
140.005,00:02,280,-96
140.057,00:03,280,-97
140.106,00:04,280,-107
140.507,00:02,281,-96
140.557,00:03,281,-97
140.606,00:04,281,-107
141.005,00:02,282,-96
141.058,00:03,282,-97
141.105,00:04,282,-107
141.506,00:02,283,-95
141.557,00:03,283,-98
141.606,00:04,283,-107
142.006,00:02,284,-95
142.058,00:03,284,-98
142.107,00:04,284,-107
142.504,00:02,285,-95
142.558,00:03,285,-98
142.606,00:04,285,-107
143.007,00:02,286,-95
143.057,00:03,286,-98
143.105,00:04,286,-107
143.505,00:02,287,-95
143.556,00:03,287,-98
143.606,00:04,287,-107
144.006,00:02,288,-94
144.055,00:03,288,-98
144.106,00:04,288,-107
144.508,00:02,289,-94
144.555,00:03,289,-99
144.605,00:04,289,-107
145.004,00:02,290,-94
145.056,00:03,290,-99
145.104,00:04,290,-107
145.505,00:02,291,-94
145.558,00:03,291,-99
145.606,00:04,291,-107
146.006,00:02,292,-94
146.056,00:03,292,-99
146.108,00:04,292,-107
146.505,00:02,293,-93
146.556,00:03,293,-99
146.605,00:04,293,-107
147.004,00:02,294,-93
147.057,00:03,294,-99
147.105,00:04,294,-107
147.506,00:02,295,-93
147.558,00:03,295,-100
147.605,00:04,295,-107
148.004,00:02,296,-93
148.058,00:03,296,-100
148.106,00:04,296,-107
148.506,00:02,297,-93
148.558,00:03,297,-100
148.604,00:04,297,-107
149.005,00:02,298,-85
149.055,00:03,298,-93
149.105,00:04,298,-100
149.505,00:02,299,-85
149.556,00:03,299,-93
149.604,00:04,299,-100
150.006,00:02,300,-85
150.057,00:03,300,-93
150.105,00:04,300,-100
150.507,00:02,301,-85
150.557,00:03,301,-94
150.606,00:04,301,-100
151.005,00:02,302,-84
151.056,00:03,302,-94
151.106,00:04,302,-100
151.506,00:02,303,-84
151.558,00:03,303,-94
151.606,00:04,303,-100
152.004,00:02,304,-84
152.056,00:03,304,-94
152.105,00:04,304,-100
152.506,00:02,305,-84
152.558,00:03,305,-94
152.604,00:04,305,-100
153.005,00:02,306,-83
153.057,00:03,306,-94
153.107,00:04,306,-100
153.504,00:02,307,-83
153.556,00:03,307,-95
153.605,00:04,307,-100
154.005,00:02,308,-83
154.055,00:03,308,-95
154.106,00:04,308,-100
154.506,00:02,309,-83
154.557,00:03,309,-95
154.604,00:04,309,-100
155.005,00:02,310,-82
155.054,00:03,310,-95
155.104,00:04,310,-100
155.506,00:02,311,-82
155.555,00:03,311,-95
155.606,00:04,311,-100
156.005,00:02,312,-82
156.057,00:03,312,-95
156.106,00:04,312,-100
156.506,00:02,313,-82
156.558,00:03,313,-95
156.607,00:04,313,-100
157.005,00:02,314,-81
157.055,00:03,314,-96
157.105,00:04,314,-100
157.505,00:02,315,-81
157.557,00:03,315,-96
157.605,00:04,315,-100
158.007,00:02,316,-81
158.055,00:03,316,-96
158.107,00:04,316,-100
158.505,00:02,317,-80
158.556,00:03,317,-96
158.603,00:04,317,-100
159.006,00:02,318,-80
159.055,00:03,318,-96
159.105,00:04,318,-100
159.505,00:02,319,-80
159.555,00:03,319,-96
159.606,00:04,319,-100
160.005,00:02,320,-80
160.055,00:03,320,-96
160.105,00:04,320,-100
160.504,00:02,321,-79
160.557,00:03,321,-96
160.605,00:04,321,-100
161.007,00:02,322,-79
161.054,00:03,322,-97
161.106,00:04,322,-100
161.504,00:02,323,-79
161.556,00:03,323,-97
161.606,00:04,323,-100
162.006,00:02,324,-78
162.057,00:03,324,-97
162.105,00:04,324,-100
162.505,00:02,325,-78
162.558,00:03,325,-97
162.606,00:04,325,-100
163.004,00:02,326,-78
163.056,00:03,326,-97
163.107,00:04,326,-100
163.505,00:02,327,-77
163.556,00:03,327,-97
163.606,00:04,327,-100
164.006,00:02,328,-77
164.057,00:03,328,-97
164.107,00:04,328,-100
164.505,00:02,329,-77
164.557,00:03,329,-98
164.606,00:04,329,-100
165.005,00:02,330,-76
165.058,00:03,330,-98
165.106,00:04,330,-100
165.506,00:02,331,-76
165.555,00:03,331,-98
165.605,00:04,331,-100
166.005,00:02,332,-76
166.055,00:03,332,-98
166.105,00:04,332,-100
166.505,00:02,333,-75
166.556,00:03,333,-98
166.607,00:04,333,-101
167.006,00:02,334,-75
167.057,00:03,334,-98
167.105,00:04,334,-101
167.506,00:02,335,-74
167.555,00:03,335,-98
167.605,00:04,335,-101
168.006,00:02,336,-74
168.057,00:03,336,-98
168.104,00:04,336,-101
168.505,00:02,337,-74
168.555,00:03,337,-98
168.606,00:04,337,-101
169.005,00:02,338,-73
169.055,00:03,338,-99
169.106,00:04,338,-101
169.507,00:02,339,-73
169.555,00:03,339,-99
169.606,00:04,339,-101
170.005,00:02,340,-72
170.058,00:03,340,-99
170.106,00:04,340,-101
170.504,00:02,341,-72
170.555,00:03,341,-99
170.604,00:04,341,-101
171.005,00:02,342,-72
171.057,00:03,342,-99
171.106,00:04,342,-101
171.506,00:02,343,-72
171.557,00:03,343,-99
171.607,00:04,343,-101
172.005,00:02,344,-71
172.056,00:03,344,-99
172.106,00:04,344,-101
172.505,00:02,345,-71
172.558,00:03,345,-99
172.604,00:04,345,-101
173.006,00:02,346,-71
173.058,00:03,346,-100
173.105,00:04,346,-101
173.504,00:02,347,-71
173.557,00:03,347,-100
173.607,00:04,347,-101
174.005,00:02,348,-70
174.058,00:03,348,-100
174.104,00:04,348,-101
174.505,00:02,349,-70
174.557,00:03,349,-100
174.606,00:04,349,-101
175.005,00:02,350,-70
175.056,00:03,350,-100
175.106,00:04,350,-101
175.506,00:02,351,-69
175.556,00:03,351,-100
175.605,00:04,351,-101
176.006,00:02,352,-69
176.056,00:03,352,-100
176.104,00:04,352,-101
176.504,00:02,353,-69
176.558,00:03,353,-100
176.605,00:04,353,-101
177.006,00:02,354,-69
177.056,00:03,354,-100
177.105,00:04,354,-101
177.506,00:02,355,-68
177.555,00:03,355,-100
177.605,00:04,355,-101
178.006,00:02,356,-68
178.057,00:03,356,-101
178.105,00:04,356,-101
178.504,00:02,357,-68
178.555,00:03,357,-101
178.607,00:04,357,-101
179.005,00:02,358,-67
179.056,00:03,358,-101
179.105,00:04,358,-101
179.505,00:02,359,-67
179.557,00:03,359,-101
179.607,00:04,359,-101
180.004,00:02,360,-67
180.057,00:03,360,-101
180.106,00:04,360,-101
180.504,00:02,361,-67
180.558,00:03,361,-101
180.607,00:04,361,-102
181.006,00:02,362,-66
181.056,00:03,362,-101
181.104,00:04,362,-102
181.506,00:02,363,-66
181.556,00:03,363,-101
181.606,00:04,363,-102
182.004,00:02,364,-66
182.058,00:03,364,-101
182.105,00:04,364,-102
182.505,00:02,365,-66
182.556,00:03,365,-102
182.607,00:04,365,-102
183.005,00:02,366,-65
183.058,00:03,366,-102
183.105,00:04,366,-102
183.505,00:02,367,-65
183.557,00:03,367,-102
183.606,00:04,367,-102
184.006,00:02,368,-65
184.057,00:03,368,-102
184.105,00:04,368,-102
184.504,00:02,369,-65
184.556,00:03,369,-102
184.605,00:04,369,-102
185.005,00:02,370,-65
185.057,00:03,370,-102
185.105,00:04,370,-102
185.505,00:02,371,-65
185.556,00:03,371,-102
185.607,00:04,371,-102
186.005,00:02,372,-65
186.057,00:03,372,-102
186.107,00:04,372,-102
186.503,00:02,373,-65
186.557,00:03,373,-102
186.607,00:04,373,-102
187.003,00:02,374,-66
187.057,00:03,374,-102
187.105,00:04,374,-102
187.506,00:02,375,-66
187.558,00:03,375,-102
187.605,00:04,375,-102
188.006,00:02,376,-67
188.058,00:03,376,-102
188.104,00:04,376,-102
188.505,00:02,377,-67
188.555,00:03,377,-102
188.606,00:04,377,-102
189.004,00:02,378,-68
189.056,00:03,378,-102
189.105,00:04,378,-101
189.505,00:02,379,-68
189.556,00:03,379,-102
189.607,00:04,379,-101
190.005,00:02,380,-69
190.057,00:03,380,-102
190.107,00:04,380,-101
190.506,00:02,381,-69
190.555,00:03,381,-102
190.606,00:04,381,-101
191.006,00:02,382,-69
191.056,00:03,382,-102
191.104,00:04,382,-101
191.505,00:02,383,-69
191.558,00:03,383,-102
191.604,00:04,383,-101
192.005,00:02,384,-69
192.055,00:03,384,-102
192.105,00:04,384,-101
192.506,00:02,385,-69
192.554,00:03,385,-102
192.606,00:04,385,-101
193.007,00:02,386,-69
193.057,00:03,386,-102
193.107,00:04,386,-101
193.504,00:02,387,-69
193.555,00:03,387,-102
193.605,00:04,387,-101
194.005,00:02,388,-69
194.057,00:03,388,-102
194.106,00:04,388,-101
194.505,00:02,389,-70
194.556,00:03,389,-102
194.605,00:04,389,-101
195.005,00:02,390,-70
195.057,00:03,390,-102
195.105,00:04,390,-101
195.503,00:02,391,-70
195.555,00:03,391,-102
195.606,00:04,391,-101
196.005,00:02,392,-70
196.055,00:03,392,-102
196.105,00:04,392,-101
196.505,00:02,393,-70
196.557,00:03,393,-101
196.604,00:04,393,-101
197.004,00:02,394,-70
197.055,00:03,394,-101
197.106,00:04,394,-101
197.505,00:02,395,-70
197.556,00:03,395,-101
197.607,00:04,395,-101
198.006,00:02,396,-70
198.055,00:03,396,-101
198.105,00:04,396,-101
198.506,00:02,397,-70
198.555,00:03,397,-101
198.605,00:04,397,-101
199.006,00:02,398,-71
199.057,00:03,398,-101
199.106,00:04,398,-100
199.506,00:02,399,-71
199.557,00:03,399,-101
199.606,00:04,399,-100
200.006,00:02,400,-71
200.057,00:03,400,-101
200.104,00:04,400,-100
200.504,00:02,401,-71
200.557,00:03,401,-101
200.606,00:04,401,-100
201.006,00:02,402,-71
201.057,00:03,402,-101
201.105,00:04,402,-100
201.504,00:02,403,-71
201.555,00:03,403,-100
201.605,00:04,403,-100
202.004,00:02,404,-72
202.057,00:03,404,-100
202.105,00:04,404,-100
202.505,00:02,405,-72
202.558,00:03,405,-100
202.604,00:04,405,-100
203.007,00:02,406,-72
203.056,00:03,406,-100
203.103,00:04,406,-100
203.506,00:02,407,-72
203.556,00:03,407,-100
203.605,00:04,407,-100
204.003,00:02,408,-72
204.056,00:03,408,-100
204.105,00:04,408,-100
204.505,00:02,409,-73
204.556,00:03,409,-100
204.604,00:04,409,-100
205.004,00:02,410,-73
205.058,00:03,410,-100
205.105,00:04,410,-100
205.504,00:02,411,-73
205.556,00:03,411,-100
205.606,00:04,411,-100
206.005,00:02,412,-74
206.054,00:03,412,-99
206.106,00:04,412,-100
206.506,00:02,413,-74
206.557,00:03,413,-99
206.606,00:04,413,-100
207.005,00:02,414,-74
207.056,00:03,414,-99
207.105,00:04,414,-100
207.506,00:02,415,-75
207.557,00:03,415,-99
207.607,00:04,415,-100
208.004,00:02,416,-75
208.056,00:03,416,-99
208.104,00:04,416,-100
208.504,00:02,417,-75
208.556,00:03,417,-99
208.605,00:04,417,-100
209.005,00:02,418,-75
209.055,00:03,418,-99
209.107,00:04,418,-100
209.505,00:02,419,-76
209.555,00:03,419,-99
209.606,00:04,419,-100
210.006,00:02,420,-76
210.058,00:03,420,-99
210.106,00:04,420,-100
210.504,00:02,421,-76
210.556,00:03,421,-98
210.604,00:04,421,-100
211.004,00:02,422,-77
211.056,00:03,422,-98
211.104,00:04,422,-100
211.505,00:02,423,-77
211.556,00:03,423,-98
211.605,00:04,423,-100
212.004,00:02,424,-77
212.057,00:03,424,-98
212.106,00:04,424,-99
212.505,00:02,425,-78
212.558,00:03,425,-98
212.606,00:04,425,-99
213.003,00:02,426,-78
213.057,00:03,426,-98
213.107,00:04,426,-99
213.505,00:02,427,-78
213.555,00:03,427,-98
213.604,00:04,427,-99
214.004,00:02,428,-79
214.055,00:03,428,-98
214.104,00:04,428,-99
214.505,00:02,429,-79
214.558,00:03,429,-97
214.604,00:04,429,-99
215.007,00:02,430,-79
215.055,00:03,430,-97
215.104,00:04,430,-99
215.506,00:02,431,-79
215.556,00:03,431,-97
215.605,00:04,431,-99
216.005,00:02,432,-80
216.056,00:03,432,-97
216.104,00:04,432,-99
216.505,00:02,433,-80
216.555,00:03,433,-97
216.604,00:04,433,-99
217.004,00:02,434,-80
217.056,00:03,434,-97
217.106,00:04,434,-99
217.505,00:02,435,-80
217.557,00:03,435,-97
217.604,00:04,435,-99
218.005,00:02,436,-81
218.057,00:03,436,-97
218.107,00:04,436,-99
218.504,00:02,437,-81
218.556,00:03,437,-96
218.604,00:04,437,-99
219.004,00:02,438,-81
219.056,00:03,438,-96
219.104,00:04,438,-99
219.505,00:02,439,-82
219.555,00:03,439,-96
219.604,00:04,439,-99
220.007,00:02,440,-82
220.056,00:03,440,-96
220.107,00:04,440,-99
220.503,00:02,441,-82
220.555,00:03,441,-96
220.605,00:04,441,-99
221.005,00:02,442,-82
221.055,00:03,442,-96
221.105,00:04,442,-99
221.506,00:02,443,-83
221.555,00:03,443,-96
221.605,00:04,443,-99
222.004,00:02,444,-83
222.055,00:03,444,-95
222.107,00:04,444,-99
222.503,00:02,445,-83
222.558,00:03,445,-95
222.605,00:04,445,-99
223.005,00:02,446,-83
223.058,00:03,446,-95
223.107,00:04,446,-99
223.506,00:02,447,-83
223.556,00:03,447,-95
223.605,00:04,447,-99
224.005,00:02,448,-84
224.055,00:03,448,-95
224.106,00:04,448,-99
224.504,00:02,449,-84
224.556,00:03,449,-95
224.606,00:04,449,-99
225.004,00:02,450,-84
225.056,00:03,450,-95
225.105,00:04,450,-99
225.506,00:02,451,-84
225.557,00:03,451,-94
225.606,00:04,451,-99
226.006,00:02,452,-85
226.057,00:03,452,-94
226.105,00:04,452,-99
226.506,00:02,453,-85
226.555,00:03,453,-94
226.606,00:04,453,-99
227.003,00:02,454,-85
227.057,00:03,454,-94
227.104,00:04,454,-99
227.506,00:02,455,-85
227.557,00:03,455,-94
227.606,00:04,455,-99
228.005,00:02,456,-86
228.057,00:03,456,-94
228.105,00:04,456,-99
228.506,00:02,457,-86
228.556,00:03,457,-94
228.606,00:04,457,-99
229.006,00:02,458,-86
229.057,00:03,458,-93
229.105,00:04,458,-99
229.504,00:02,459,-86
229.555,00:03,459,-93
229.604,00:04,459,-99
230.004,00:02,460,-86
230.057,00:03,460,-93
230.106,00:04,460,-99
230.504,00:02,461,-87
230.558,00:03,461,-93
230.605,00:04,461,-99
231.004,00:02,462,-87
231.058,00:03,462,-93
231.105,00:04,462,-99
231.506,00:02,463,-87
231.557,00:03,463,-93
231.606,00:04,463,-99
232.004,00:02,464,-87
232.057,00:03,464,-92
232.105,00:04,464,-99
232.504,00:02,465,-87
232.557,00:03,465,-92
232.605,00:04,465,-99
233.006,00:02,466,-88
233.057,00:03,466,-92
233.103,00:04,466,-99
233.505,00:02,467,-88
233.557,00:03,467,-92
233.603,00:04,467,-99
234.005,00:02,468,-88
234.056,00:03,468,-92
234.104,00:04,468,-99
234.505,00:02,469,-88
234.557,00:03,469,-92
234.606,00:04,469,-99
235.005,00:02,470,-88
235.056,00:03,470,-91
235.106,00:04,470,-99
235.503,00:02,471,-88
235.558,00:03,471,-91
235.606,00:04,471,-99
236.005,00:02,472,-89
236.058,00:03,472,-91
236.106,00:04,472,-99
236.506,00:02,473,-89
236.556,00:03,473,-91
236.605,00:04,473,-99
237.007,00:02,474,-89
237.055,00:03,474,-91
237.106,00:04,474,-99
237.504,00:02,475,-89
237.557,00:03,475,-91
237.606,00:04,475,-99
238.005,00:02,476,-89
238.055,00:03,476,-90
238.106,00:04,476,-99
238.505,00:02,477,-90
238.557,00:03,477,-90
238.606,00:04,477,-99
239.004,00:02,478,-90
239.055,00:03,478,-90
239.105,00:04,478,-99
239.505,00:02,479,-90
239.556,00:03,479,-90
239.604,00:04,479,-99
240.005,00:02,480,-90
240.056,00:03,480,-90
240.104,00:04,480,-99
240.506,00:02,481,-90
240.557,00:03,481,-89
240.605,00:04,481,-99
241.005,00:02,482,-90
241.058,00:03,482,-89
241.105,00:04,482,-99
241.504,00:02,483,-91
241.558,00:03,483,-89
241.604,00:04,483,-99
242.007,00:02,484,-91
242.056,00:03,484,-89
242.106,00:04,484,-99
242.506,00:02,485,-91
242.557,00:03,485,-89
242.604,00:04,485,-99
243.004,00:02,486,-91
243.056,00:03,486,-89
243.105,00:04,486,-99
243.504,00:02,487,-91
243.558,00:03,487,-88
243.604,00:04,487,-99
244.005,00:02,488,-91
244.056,00:03,488,-88
244.106,00:04,488,-99
244.504,00:02,489,-91
244.555,00:03,489,-88
244.605,00:04,489,-99
245.005,00:02,490,-92
245.057,00:03,490,-88
245.105,00:04,490,-99
245.504,00:02,491,-92
245.556,00:03,491,-87
245.603,00:04,491,-99
246.004,00:02,492,-92
246.055,00:03,492,-87
246.105,00:04,492,-99
246.505,00:02,493,-92
246.556,00:03,493,-87
246.606,00:04,493,-99
247.003,00:02,494,-92
247.057,00:03,494,-87
247.105,00:04,494,-99
247.505,00:02,495,-92
247.556,00:03,495,-87
247.606,00:04,495,-99
248.005,00:02,496,-93
248.057,00:03,496,-86
248.104,00:04,496,-99
248.504,00:02,497,-93
248.557,00:03,497,-86
248.604,00:04,497,-99
249.006,00:02,498,-93
249.056,00:03,498,-86
249.106,00:04,498,-99
249.506,00:02,499,-93
249.556,00:03,499,-86
249.607,00:04,499,-99
250.005,00:02,500,-93
250.056,00:03,500,-85
250.107,00:04,500,-99
250.506,00:02,501,-93
250.555,00:03,501,-85
250.604,00:04,501,-99
251.004,00:02,502,-93
251.058,00:03,502,-85
251.105,00:04,502,-99
251.504,00:02,503,-94
251.556,00:03,503,-85
251.607,00:04,503,-99
252.004,00:02,504,-94
252.056,00:03,504,-85
252.106,00:04,504,-99
252.506,00:02,505,-94
252.556,00:03,505,-84
252.606,00:04,505,-99
253.005,00:02,506,-94
253.057,00:03,506,-84
253.106,00:04,506,-99
253.504,00:02,507,-94
253.558,00:03,507,-84
253.605,00:04,507,-99
254.004,00:02,508,-94
254.057,00:03,508,-84
254.105,00:04,508,-99
254.504,00:02,509,-94
254.556,00:03,509,-83
254.605,00:04,509,-99
255.005,00:02,510,-95
255.055,00:03,510,-83
255.105,00:04,510,-99
255.505,00:02,511,-95
255.555,00:03,511,-83
255.607,00:04,511,-99
256.004,00:02,512,-95
256.055,00:03,512,-83
256.106,00:04,512,-99
256.506,00:02,513,-95
256.556,00:03,513,-82
256.604,00:04,513,-99
257.004,00:02,514,-95
257.055,00:03,514,-82
257.104,00:04,514,-99
257.504,00:02,515,-95
257.558,00:03,515,-82
257.604,00:04,515,-99
258.004,00:02,516,-95
258.056,00:03,516,-81
258.105,00:04,516,-99
258.505,00:02,517,-95
258.557,00:03,517,-81
258.606,00:04,517,-99
259.004,00:02,518,-96
259.056,00:03,518,-81
259.104,00:04,518,-99
259.504,00:02,519,-96
259.557,00:03,519,-81
259.607,00:04,519,-99
260.004,00:02,520,-96
260.056,00:03,520,-80
260.104,00:04,520,-99
260.503,00:02,521,-96
260.556,00:03,521,-80
260.605,00:04,521,-99
261.005,00:02,522,-96
261.057,00:03,522,-80
261.104,00:04,522,-99
261.503,00:02,523,-96
261.557,00:03,523,-79
261.606,00:04,523,-99
262.004,00:02,524,-96
262.057,00:03,524,-79
262.104,00:04,524,-99
262.503,00:02,525,-96
262.557,00:03,525,-79
262.605,00:04,525,-100
263.006,00:02,526,-97
263.056,00:03,526,-78
263.105,00:04,526,-100
263.505,00:02,527,-97
263.557,00:03,527,-78
263.605,00:04,527,-100
264.003,00:02,528,-97
264.056,00:03,528,-78
264.106,00:04,528,-100
264.505,00:02,529,-97
264.558,00:03,529,-78
264.606,00:04,529,-100
265.004,00:02,530,-97
265.057,00:03,530,-77
265.105,00:04,530,-100
265.503,00:02,531,-97
265.558,00:03,531,-77
265.605,00:04,531,-100
266.004,00:02,532,-97
266.056,00:03,532,-77
266.104,00:04,532,-100
266.506,00:02,533,-97
266.556,00:03,533,-76
266.605,00:04,533,-100
267.006,00:02,534,-97
267.057,00:03,534,-76
267.103,00:04,534,-100
267.505,00:02,535,-98
267.557,00:03,535,-76
267.606,00:04,535,-100
268.006,00:02,536,-98
268.058,00:03,536,-75
268.104,00:04,536,-100
268.505,00:02,537,-98
268.556,00:03,537,-75
268.604,00:04,537,-100
269.005,00:02,538,-98
269.058,00:03,538,-75
269.105,00:04,538,-100
269.504,00:02,539,-98
269.557,00:03,539,-74
269.604,00:04,539,-100
270.005,00:02,540,-98
270.056,00:03,540,-74
270.105,00:04,540,-100
270.505,00:02,541,-98
270.555,00:03,541,-74
270.606,00:04,541,-100
271.005,00:02,542,-98
271.057,00:03,542,-74
271.107,00:04,542,-100
271.505,00:02,543,-98
271.556,00:03,543,-74
271.605,00:04,543,-100
272.005,00:02,544,-99
272.056,00:03,544,-73
272.105,00:04,544,-100
272.504,00:02,545,-99
272.557,00:03,545,-73
272.604,00:04,545,-100
273.004,00:02,546,-99
273.055,00:03,546,-73
273.106,00:04,546,-100
273.506,00:02,547,-99
273.556,00:03,547,-73
273.605,00:04,547,-100
274.004,00:02,548,-99
274.056,00:03,548,-73
274.104,00:04,548,-100
274.506,00:02,549,-99
274.556,00:03,549,-72
274.605,00:04,549,-100
275.004,00:02,550,-99
275.057,00:03,550,-72
275.106,00:04,550,-101
275.506,00:02,551,-99
275.555,00:03,551,-72
275.604,00:04,551,-101
276.003,00:02,552,-99
276.057,00:03,552,-72
276.103,00:04,552,-101
276.503,00:02,553,-99
276.557,00:03,553,-72
276.605,00:04,553,-101
277.004,00:02,554,-100
277.057,00:03,554,-72
277.105,00:04,554,-101
277.504,00:02,555,-100
277.557,00:03,555,-72
277.606,00:04,555,-101
278.004,00:02,556,-100
278.058,00:03,556,-72
278.106,00:04,556,-101
278.506,00:02,557,-100
278.557,00:03,557,-71
278.603,00:04,557,-101
279.005,00:02,558,-100
279.056,00:03,558,-71
279.105,00:04,558,-101
279.504,00:02,559,-100
279.557,00:03,559,-71
279.604,00:04,559,-101
280.004,00:02,560,-100
280.055,00:03,560,-71
280.105,00:04,560,-101
280.504,00:02,561,-100
280.558,00:03,561,-71
280.605,00:04,561,-101
281.004,00:02,562,-100
281.056,00:03,562,-71
281.105,00:04,562,-101
281.503,00:02,563,-100
281.556,00:03,563,-71
281.604,00:04,563,-101
282.005,00:02,564,-101
282.055,00:03,564,-71
282.104,00:04,564,-101
282.505,00:02,565,-101
282.558,00:03,565,-72
282.605,00:04,565,-101
283.005,00:02,566,-101
283.057,00:03,566,-72
283.105,00:04,566,-101
283.504,00:02,567,-101
283.555,00:03,567,-72
283.605,00:04,567,-101
284.005,00:02,568,-101
284.057,00:03,568,-73
284.105,00:04,568,-101
284.505,00:02,569,-101
284.557,00:03,569,-73
284.605,00:04,569,-101
285.004,00:02,570,-101
285.058,00:03,570,-73
285.104,00:04,570,-101
285.505,00:02,571,-101
285.557,00:03,571,-73
285.605,00:04,571,-101
286.005,00:02,572,-101
286.056,00:03,572,-74
286.104,00:04,572,-100
286.506,00:02,573,-101
286.556,00:03,573,-74
286.605,00:04,573,-100
287.005,00:02,574,-101
287.055,00:03,574,-74
287.106,00:04,574,-100
287.504,00:02,575,-101
287.555,00:03,575,-74
287.604,00:04,575,-100
288.005,00:02,576,-101
288.055,00:03,576,-74
288.106,00:04,576,-100
288.504,00:02,577,-101
288.555,00:03,577,-74
288.605,00:04,577,-100
289.003,00:02,578,-100
289.055,00:03,578,-74
289.105,00:04,578,-100
289.505,00:02,579,-100
289.555,00:03,579,-74
289.605,00:04,579,-100
290.004,00:02,580,-100
290.055,00:03,580,-74
290.105,00:04,580,-100
290.505,00:02,581,-100
290.557,00:03,581,-74
290.605,00:04,581,-100
291.005,00:02,582,-100
291.057,00:03,582,-75
291.106,00:04,582,-100
291.504,00:02,583,-100
291.557,00:03,583,-75
291.604,00:04,583,-100
292.004,00:02,584,-100
292.057,00:03,584,-75
292.103,00:04,584,-100
292.504,00:02,585,-100
292.557,00:03,585,-75
292.606,00:04,585,-100
293.005,00:02,586,-100
293.057,00:03,586,-75
293.104,00:04,586,-100
293.506,00:02,587,-100
293.556,00:03,587,-75
293.606,00:04,587,-100
294.005,00:02,588,-100
294.058,00:03,588,-75
294.105,00:04,588,-100
294.505,00:02,589,-99
294.555,00:03,589,-75
294.605,00:04,589,-100
295.004,00:02,590,-99
295.057,00:03,590,-76
295.104,00:04,590,-100
295.504,00:02,591,-99
295.556,00:03,591,-76
295.605,00:04,591,-100
296.004,00:02,592,-99
296.056,00:03,592,-76
296.106,00:04,592,-99
296.504,00:02,593,-99
296.555,00:03,593,-76
296.605,00:04,593,-99
297.005,00:02,594,-99
297.056,00:03,594,-76
297.104,00:04,594,-99
297.504,00:02,595,-99
297.557,00:03,595,-76
297.605,00:04,595,-99
298.004,00:02,596,-99
298.055,00:03,596,-77
298.105,00:04,596,-99
298.504,00:02,597,-99
298.557,00:03,597,-77
298.604,00:04,597,-99
299.003,00:02,598,-99
299.055,00:03,598,-77
299.104,00:04,598,-99
299.503,00:02,599,-98
299.558,00:03,599,-77
299.604,00:04,599,-99
300.005,00:02,600,-98
300.056,00:03,600,-77
300.105,00:04,600,-99
300.504,00:02,601,-98
300.556,00:03,601,-78
300.605,00:04,601,-99
301.005,00:02,602,-98
301.057,00:03,602,-78
301.105,00:04,602,-99
301.505,00:02,603,-98
301.555,00:03,603,-78
301.604,00:04,603,-99
302.004,00:02,604,-98
302.058,00:03,604,-78
302.106,00:04,604,-99
302.504,00:02,605,-98
302.557,00:03,605,-79
302.605,00:04,605,-99
303.003,00:02,606,-98
303.058,00:03,606,-79
303.104,00:04,606,-99
303.503,00:02,607,-98
303.555,00:03,607,-79
303.603,00:04,607,-99
304.005,00:02,608,-97
304.056,00:03,608,-79
304.105,00:04,608,-99
304.504,00:02,609,-97
304.557,00:03,609,-80
304.605,00:04,609,-99
305.004,00:02,610,-97
305.058,00:03,610,-80
305.106,00:04,610,-99
305.504,00:02,611,-97
305.557,00:03,611,-80
305.606,00:04,611,-99
306.005,00:02,612,-97
306.056,00:03,612,-80
306.103,00:04,612,-99
306.503,00:02,613,-97
306.555,00:03,613,-81
306.604,00:04,613,-99
307.004,00:02,614,-97
307.058,00:03,614,-81
307.103,00:04,614,-99
307.503,00:02,615,-97
307.558,00:03,615,-81
307.606,00:04,615,-98
308.004,00:02,616,-97
308.055,00:03,616,-81
308.106,00:04,616,-98
308.503,00:02,617,-96
308.555,00:03,617,-81
308.606,00:04,617,-98
309.004,00:02,618,-96
309.058,00:03,618,-82
309.104,00:04,618,-98
309.504,00:02,619,-96
309.557,00:03,619,-82
309.606,00:04,619,-98
310.002,00:02,620,-96
310.057,00:03,620,-82
310.105,00:04,620,-98
310.504,00:02,621,-96
310.558,00:03,621,-82
310.604,00:04,621,-98
311.004,00:02,622,-96
311.055,00:03,622,-83
311.104,00:04,622,-98
311.503,00:02,623,-96
311.556,00:03,623,-83
311.604,00:04,623,-98
312.003,00:02,624,-96
312.056,00:03,624,-83
312.105,00:04,624,-98
312.505,00:02,625,-95
312.555,00:03,625,-83
312.605,00:04,625,-98
313.003,00:02,626,-95
313.057,00:03,626,-84
313.106,00:04,626,-98
313.504,00:02,627,-95
313.556,00:03,627,-84
313.605,00:04,627,-98
314.006,00:02,628,-95
314.054,00:03,628,-84
314.104,00:04,628,-98
314.504,00:02,629,-95
314.556,00:03,629,-84
314.604,00:04,629,-98
315.006,00:02,630,-95
315.056,00:03,630,-84
315.105,00:04,630,-98
315.504,00:02,631,-95
315.557,00:03,631,-85
315.603,00:04,631,-98
316.006,00:02,632,-95
316.057,00:03,632,-85
316.106,00:04,632,-98
316.503,00:02,633,-94
316.555,00:03,633,-85
316.606,00:04,633,-98
317.004,00:02,634,-94
317.056,00:03,634,-85
317.103,00:04,634,-98
317.504,00:02,635,-94
317.555,00:03,635,-86
317.603,00:04,635,-98
318.005,00:02,636,-94
318.055,00:03,636,-86
318.107,00:04,636,-98
318.504,00:02,637,-94
318.556,00:03,637,-86
318.603,00:04,637,-98
319.004,00:02,638,-94
319.057,00:03,638,-86
319.103,00:04,638,-98
319.504,00:02,639,-94
319.557,00:03,639,-86
319.605,00:04,639,-98
320.003,00:02,640,-94
320.057,00:03,640,-87
320.105,00:04,640,-98
320.505,00:02,641,-93
320.556,00:03,641,-87
320.605,00:04,641,-98
321.003,00:02,642,-93
321.057,00:03,642,-87
321.106,00:04,642,-98
321.503,00:02,643,-93
321.556,00:03,643,-87
321.604,00:04,643,-98
322.004,00:02,644,-93
322.058,00:03,644,-87
322.105,00:04,644,-98
322.505,00:02,645,-93
322.555,00:03,645,-88
322.604,00:04,645,-98
323.004,00:02,646,-93
323.058,00:03,646,-88
323.105,00:04,646,-98
323.503,00:02,647,-93
323.557,00:03,647,-88
323.604,00:04,647,-98
324.003,00:02,648,-92
324.056,00:03,648,-88
324.105,00:04,648,-98
324.505,00:02,649,-92
324.556,00:03,649,-88
324.604,00:04,649,-98
325.005,00:02,650,-92
325.057,00:03,650,-89
325.105,00:04,650,-98
325.505,00:02,651,-92
325.556,00:03,651,-89
325.606,00:04,651,-98
326.003,00:02,652,-92
326.057,00:03,652,-89
326.104,00:04,652,-98
326.504,00:02,653,-92
326.555,00:03,653,-89
326.603,00:04,653,-98
327.004,00:02,654,-95
327.057,00:03,654,-93
327.106,00:04,654,-102
327.503,00:02,655,-95
327.557,00:03,655,-93
327.605,00:04,655,-101
328.003,00:02,656,-95
328.056,00:03,656,-94
328.104,00:04,656,-101
328.503,00:02,657,-95
328.556,00:03,657,-94
328.604,00:04,657,-101
329.003,00:02,658,-95
329.057,00:03,658,-94
329.105,00:04,658,-101
329.503,00:02,659,-95
329.556,00:03,659,-94
329.604,00:04,659,-101
330.004,00:02,660,-95
330.055,00:03,660,-94
330.106,00:04,660,-101
330.505,00:02,661,-94
330.555,00:03,661,-95
330.605,00:04,661,-101
331.004,00:02,662,-94
331.056,00:03,662,-95
331.105,00:04,662,-101
331.504,00:02,663,-94
331.556,00:03,663,-95
331.605,00:04,663,-101
332.003,00:02,664,-94
332.055,00:03,664,-95
332.102,00:04,664,-101
332.502,00:02,665,-94
332.555,00:03,665,-95
332.606,00:04,665,-101
333.002,00:02,666,-94
333.056,00:03,666,-95
333.104,00:04,666,-101
333.504,00:02,667,-93
333.555,00:03,667,-96
333.603,00:04,667,-101
334.004,00:02,668,-93
334.056,00:03,668,-96
334.106,00:04,668,-101
334.506,00:02,669,-93
334.557,00:03,669,-96
334.605,00:04,669,-101
335.005,00:02,670,-93
335.057,00:03,670,-96
335.103,00:04,670,-101
335.506,00:02,671,-93
335.556,00:03,671,-96
335.605,00:04,671,-101
336.005,00:02,672,-93
336.058,00:03,672,-96
336.105,00:04,672,-101
336.504,00:02,673,-92
336.555,00:03,673,-97
336.604,00:04,673,-101
337.004,00:02,674,-92
337.056,00:03,674,-97
337.104,00:04,674,-101
337.503,00:02,675,-92
337.557,00:03,675,-97
337.602,00:04,675,-101
338.004,00:02,676,-92
338.055,00:03,676,-97
338.104,00:04,676,-101
338.503,00:02,677,-92
338.555,00:03,677,-97
338.603,00:04,677,-102
339.005,00:02,678,-87
339.056,00:03,678,-93
339.104,00:04,678,-98
339.503,00:02,679,-87
339.555,00:03,679,-93
339.605,00:04,679,-98
340.004,00:02,680,-87
340.057,00:03,680,-94
340.105,00:04,680,-98
340.503,00:02,681,-87
340.556,00:03,681,-94
340.604,00:04,681,-98
341.004,00:02,682,-87
341.057,00:03,682,-94
341.103,00:04,682,-98
341.505,00:02,683,-87
341.557,00:03,683,-94
341.604,00:04,683,-98
342.005,00:02,684,-86
342.056,00:03,684,-94
342.105,00:04,684,-98
342.502,00:02,685,-86
342.556,00:03,685,-94
342.605,00:04,685,-98
343.004,00:02,686,-86
343.056,00:03,686,-94
343.106,00:04,686,-98
343.504,00:02,687,-86
343.556,00:03,687,-95
343.606,00:04,687,-98
344.004,00:02,688,-86
344.056,00:03,688,-95
344.105,00:04,688,-98
344.502,00:02,689,-85
344.557,00:03,689,-95
344.605,00:04,689,-98
345.005,00:02,690,-85
345.058,00:03,690,-95
345.105,00:04,690,-98
345.503,00:02,691,-85
345.557,00:03,691,-95
345.605,00:04,691,-98
346.002,00:02,692,-85
346.058,00:03,692,-95
346.103,00:04,692,-98
346.503,00:02,693,-85
346.558,00:03,693,-95
346.606,00:04,693,-98
347.004,00:02,694,-84
347.055,00:03,694,-96
347.105,00:04,694,-98
347.504,00:02,695,-84
347.556,00:03,695,-96
347.604,00:04,695,-98
348.004,00:02,696,-84
348.056,00:03,696,-96
348.104,00:04,696,-98
348.504,00:02,697,-84
348.555,00:03,697,-96
348.605,00:04,697,-98
349.004,00:02,698,-84
349.056,00:03,698,-96
349.105,00:04,698,-98
349.504,00:02,699,-83
349.556,00:03,699,-96
349.605,00:04,699,-98
350.004,00:02,700,-83
350.057,00:03,700,-96
350.104,00:04,700,-98
350.503,00:02,701,-83
350.555,00:03,701,-96
350.605,00:04,701,-98
351.003,00:02,702,-83
351.056,00:03,702,-97
351.105,00:04,702,-98
351.503,00:02,703,-82
351.556,00:03,703,-97
351.604,00:04,703,-98
352.002,00:02,704,-82
352.057,00:03,704,-97
352.106,00:04,704,-98
352.504,00:02,705,-82
352.556,00:03,705,-97
352.605,00:04,705,-98
353.004,00:02,706,-82
353.057,00:03,706,-97
353.105,00:04,706,-98
353.505,00:02,707,-82
353.556,00:03,707,-97
353.605,00:04,707,-98
354.003,00:02,708,-81
354.056,00:03,708,-97
354.103,00:04,708,-98
354.503,00:02,709,-81
354.557,00:03,709,-97
354.605,00:04,709,-98
355.003,00:02,710,-81
355.055,00:03,710,-98
355.104,00:04,710,-98
355.504,00:02,711,-81
355.556,00:03,711,-98
355.604,00:04,711,-98
356.004,00:02,712,-80
356.054,00:03,712,-98
356.105,00:04,712,-98
356.504,00:02,713,-80
356.556,00:03,713,-98
356.606,00:04,713,-98
357.005,00:02,714,-80
357.056,00:03,714,-98
357.104,00:04,714,-98
357.505,00:02,715,-80
357.556,00:03,715,-98
357.606,00:04,715,-98
358.005,00:02,716,-79
358.055,00:03,716,-98
358.105,00:04,716,-98
358.502,00:02,717,-79
358.556,00:03,717,-98
358.604,00:04,717,-98
359.004,00:02,718,-79
359.055,00:03,718,-99
359.103,00:04,718,-99
359.506,00:02,719,-79
359.557,00:03,719,-99
359.605,00:04,719,-99
360.003,00:02,720,-78
360.056,00:03,720,-99
360.103,00:04,720,-99
360.504,00:02,721,-78
360.556,00:03,721,-99
360.603,00:04,721,-99
361.003,00:02,722,-82
361.056,00:03,722,-103
361.104,00:04,722,-103
361.502,00:02,723,-82
361.555,00:03,723,-103
361.605,00:04,723,-103
362.004,00:02,724,-81
362.057,00:03,724,-103
362.103,00:04,724,-103
362.503,00:02,725,-81
362.558,00:03,725,-103
362.605,00:04,725,-103
363.004,00:02,726,-81
363.056,00:03,726,-103
363.105,00:04,726,-103
363.504,00:02,727,-81
363.556,00:03,727,-104
363.605,00:04,727,-103
364.005,00:02,728,-81
364.055,00:03,728,-104
364.104,00:04,728,-103
364.505,00:02,729,-80
364.558,00:03,729,-104
364.604,00:04,729,-103
365.004,00:02,730,-76
365.056,00:03,730,-100
365.105,00:04,730,-99
365.504,00:02,731,-76
365.557,00:03,731,-100
365.606,00:04,731,-99
366.002,00:02,732,-76
366.056,00:03,732,-100
366.104,00:04,732,-99
366.504,00:02,733,-75
366.556,00:03,733,-100
366.604,00:04,733,-99
367.003,00:02,734,-75
367.057,00:03,734,-100
367.103,00:04,734,-99
367.504,00:02,735,-75
367.556,00:03,735,-100
367.603,00:04,735,-99
368.002,00:02,736,-75
368.057,00:03,736,-101
368.103,00:04,736,-99
368.505,00:02,737,-75
368.556,00:03,737,-101
368.604,00:04,737,-99
369.005,00:02,738,-74
369.056,00:03,738,-101
369.103,00:04,738,-99
369.504,00:02,739,-74
369.557,00:03,739,-101
369.602,00:04,739,-99
370.005,00:02,740,-74
370.055,00:03,740,-101
370.105,00:04,740,-99
370.502,00:02,741,-74
370.556,00:03,741,-101
370.605,00:04,741,-100
371.003,00:02,742,-74
371.056,00:03,742,-101
371.104,00:04,742,-100
371.502,00:02,743,-74
371.556,00:03,743,-101
371.604,00:04,743,-100
372.002,00:02,744,-73
372.055,00:03,744,-101
372.105,00:04,744,-100
372.502,00:02,745,-73
372.558,00:03,745,-101
372.603,00:04,745,-100
373.002,00:02,746,-73
373.057,00:03,746,-102
373.105,00:04,746,-100
373.504,00:02,747,-73
373.557,00:03,747,-102
373.604,00:04,747,-100
374.005,00:02,748,-73
374.054,00:03,748,-102
374.104,00:04,748,-100
374.504,00:02,749,-73
374.554,00:03,749,-102
374.602,00:04,749,-100
375.004,00:02,750,-73
375.056,00:03,750,-102
375.105,00:04,750,-100
375.504,00:02,751,-73
375.558,00:03,751,-102
375.604,00:04,751,-100
376.002,00:02,752,-73
376.058,00:03,752,-102
376.104,00:04,752,-100
376.503,00:02,753,-73
376.556,00:03,753,-102
376.603,00:04,753,-100
377.003,00:02,754,-73
377.057,00:03,754,-102
377.106,00:04,754,-100
377.503,00:02,755,-73
377.555,00:03,755,-102
377.603,00:04,755,-100
378.003,00:02,756,-73
378.058,00:03,756,-102
378.104,00:04,756,-100
378.505,00:02,757,-73
378.557,00:03,757,-102
378.603,00:04,757,-100
379.003,00:02,758,-73
379.055,00:03,758,-103
379.103,00:04,758,-100
379.503,00:02,759,-74
379.557,00:03,759,-103
379.605,00:04,759,-100
380.004,00:02,760,-74
380.056,00:03,760,-103
380.104,00:04,760,-100
380.503,00:02,761,-75
380.556,00:03,761,-103
380.606,00:04,761,-100
381.004,00:02,762,-75
381.055,00:03,762,-103
381.105,00:04,762,-100
381.503,00:02,763,-76
381.556,00:03,763,-103
381.604,00:04,763,-100
382.003,00:02,764,-76
382.055,00:03,764,-103
382.106,00:04,764,-100
382.502,00:02,765,-76
382.558,00:03,765,-103
382.603,00:04,765,-100
383.003,00:02,766,-77
383.056,00:03,766,-103
383.105,00:04,766,-99
383.503,00:02,767,-77
383.555,00:03,767,-103
383.605,00:04,767,-99
384.002,00:02,768,-77
384.057,00:03,768,-103
384.106,00:04,768,-99
384.504,00:02,769,-77
384.557,00:03,769,-103
384.605,00:04,769,-99
385.005,00:02,770,-77
385.056,00:03,770,-102
385.104,00:04,770,-99
385.502,00:02,771,-77
385.555,00:03,771,-102
385.605,00:04,771,-99
386.003,00:02,772,-77
386.058,00:03,772,-102
386.104,00:04,772,-99
386.505,00:02,773,-77
386.557,00:03,773,-102
386.602,00:04,773,-99
387.005,00:02,774,-77
387.056,00:03,774,-102
387.104,00:04,774,-99
387.503,00:02,775,-77
387.558,00:03,775,-102
387.604,00:04,775,-99
388.003,00:02,776,-77
388.056,00:03,776,-102
388.104,00:04,776,-99
388.504,00:02,777,-77
388.556,00:03,777,-102
388.604,00:04,777,-99
389.003,00:02,778,-77
389.057,00:03,778,-102
389.103,00:04,778,-99
389.502,00:02,779,-77
389.555,00:03,779,-102
389.603,00:04,779,-99
390.003,00:02,780,-77
390.057,00:03,780,-102
390.104,00:04,780,-99
390.503,00:02,781,-77
390.557,00:03,781,-101
390.604,00:04,781,-99
391.004,00:02,782,-77
391.058,00:03,782,-101
391.106,00:04,782,-99
391.504,00:02,783,-78
391.557,00:03,783,-101
391.604,00:04,783,-99
392.005,00:02,784,-78
392.056,00:03,784,-101
392.104,00:04,784,-98
392.505,00:02,785,-78
392.557,00:03,785,-101
392.605,00:04,785,-98
393.005,00:02,786,-78
393.057,00:03,786,-101
393.105,00:04,786,-98
393.504,00:02,787,-78
393.557,00:03,787,-101
393.604,00:04,787,-98
394.003,00:02,788,-78
394.055,00:03,788,-101
394.104,00:04,788,-98
394.504,00:02,789,-78
394.556,00:03,789,-101
394.606,00:04,789,-98
395.002,00:02,790,-78
395.056,00:03,790,-101
395.104,00:04,790,-98
395.504,00:02,791,-79
395.557,00:03,791,-100
395.603,00:04,791,-98
396.003,00:02,792,-79
396.056,00:03,792,-100
396.103,00:04,792,-98
396.502,00:02,793,-79
396.556,00:03,793,-100
396.605,00:04,793,-98
397.004,00:02,794,-83
397.058,00:03,794,-104
397.104,00:04,794,-102
397.504,00:02,795,-83
397.555,00:03,795,-104
397.604,00:04,795,-102
398.004,00:02,796,-83
398.056,00:03,796,-104
398.105,00:04,796,-102
398.503,00:02,797,-84
398.556,00:03,797,-104
398.603,00:04,797,-102
399.004,00:02,798,-84
399.056,00:03,798,-104
399.104,00:04,798,-102
399.502,00:02,799,-84
399.556,00:03,799,-104
399.605,00:04,799,-102
400.003,00:02,800,-84
400.057,00:03,800,-104
400.104,00:04,800,-102
400.504,00:02,801,-84
400.557,00:03,801,-103
400.604,00:04,801,-102
401.003,00:02,802,-80
401.056,00:03,802,-99
401.104,00:04,802,-98
401.505,00:02,803,-81
401.557,00:03,803,-99
401.603,00:04,803,-98
402.005,00:02,804,-81
402.056,00:03,804,-99
402.103,00:04,804,-97
402.504,00:02,805,-81
402.558,00:03,805,-99
402.603,00:04,805,-97
403.005,00:02,806,-81
403.057,00:03,806,-99
403.104,00:04,806,-97
403.503,00:02,807,-81
403.555,00:03,807,-99
403.602,00:04,807,-97
404.004,00:02,808,-82
404.054,00:03,808,-99
404.104,00:04,808,-97
404.503,00:02,809,-82
404.556,00:03,809,-99
404.605,00:04,809,-97
405.002,00:02,810,-82
405.057,00:03,810,-98
405.105,00:04,810,-97
405.503,00:02,811,-82
405.556,00:03,811,-98
405.605,00:04,811,-97
406.002,00:02,812,-82
406.055,00:03,812,-98
406.104,00:04,812,-97
406.503,00:02,813,-82
406.556,00:03,813,-98
406.604,00:04,813,-97
407.003,00:02,814,-83
407.057,00:03,814,-98
407.105,00:04,814,-97
407.504,00:02,815,-83
407.557,00:03,815,-98
407.605,00:04,815,-97
408.003,00:02,816,-83
408.058,00:03,816,-98
408.103,00:04,816,-97
408.504,00:02,817,-83
408.556,00:03,817,-98
408.605,00:04,817,-97
409.004,00:02,818,-83
409.056,00:03,818,-97
409.105,00:04,818,-97
409.504,00:02,819,-84
409.558,00:03,819,-97
409.604,00:04,819,-97
410.002,00:02,820,-84
410.058,00:03,820,-97
410.104,00:04,820,-97
410.503,00:02,821,-84
410.555,00:03,821,-97
410.605,00:04,821,-97
411.004,00:02,822,-84
411.055,00:03,822,-97
411.103,00:04,822,-97
411.504,00:02,823,-84
411.555,00:03,823,-97
411.604,00:04,823,-97
412.002,00:02,824,-85
412.057,00:03,824,-97
412.105,00:04,824,-97
412.504,00:02,825,-85
412.555,00:03,825,-97
412.605,00:04,825,-97
413.001,00:02,826,-85
413.058,00:03,826,-97
413.105,00:04,826,-97
413.503,00:02,827,-85
413.556,00:03,827,-96
413.603,00:04,827,-97
414.005,00:02,828,-85
414.055,00:03,828,-96
414.104,00:04,828,-97
414.505,00:02,829,-85
414.557,00:03,829,-96
414.604,00:04,829,-97
415.003,00:02,830,-86
415.056,00:03,830,-96
415.104,00:04,830,-97
415.503,00:02,831,-86
415.557,00:03,831,-96
415.604,00:04,831,-97
416.003,00:02,832,-86
416.055,00:03,832,-96
416.104,00:04,832,-97
416.502,00:02,833,-86
416.556,00:03,833,-96
416.603,00:04,833,-96
417.003,00:02,834,-86
417.055,00:03,834,-95
417.104,00:04,834,-96
417.504,00:02,835,-87
417.558,00:03,835,-95
417.602,00:04,835,-96
418.004,00:02,836,-87
418.058,00:03,836,-95
418.105,00:04,836,-96
418.504,00:02,837,-87
418.557,00:03,837,-95
418.604,00:04,837,-96
419.003,00:02,838,-87
419.055,00:03,838,-95
419.103,00:04,838,-96
419.505,00:02,839,-87
419.557,00:03,839,-95
419.602,00:04,839,-96
420.004,00:02,840,-87
420.056,00:03,840,-95
420.103,00:04,840,-96
420.504,00:02,841,-88
420.557,00:03,841,-95
420.605,00:04,841,-96
421.005,00:02,842,-88
421.058,00:03,842,-94
421.103,00:04,842,-96
421.503,00:02,843,-88
421.557,00:03,843,-94
421.602,00:04,843,-96
422.004,00:02,844,-88
422.055,00:03,844,-94
422.104,00:04,844,-96
422.504,00:02,845,-88
422.557,00:03,845,-94
422.603,00:04,845,-96
423.003,00:02,846,-92
423.057,00:03,846,-98
423.103,00:04,846,-100
423.504,00:02,847,-93
423.556,00:03,847,-98
423.603,00:04,847,-100
424.002,00:02,848,-93
424.058,00:03,848,-98
424.104,00:04,848,-100
424.504,00:02,849,-93
424.557,00:03,849,-97
424.604,00:04,849,-100
425.003,00:02,850,-93
425.058,00:03,850,-97
425.103,00:04,850,-100
425.503,00:02,851,-93
425.556,00:03,851,-97
425.605,00:04,851,-100
426.004,00:02,852,-93
426.057,00:03,852,-97
426.103,00:04,852,-100
426.504,00:02,853,-94
426.555,00:03,853,-97
426.603,00:04,853,-100
427.005,00:02,854,-94
427.056,00:03,854,-97
427.104,00:04,854,-100
427.504,00:02,855,-94
427.557,00:03,855,-97
427.603,00:04,855,-100
428.004,00:02,856,-94
428.056,00:03,856,-96
428.103,00:04,856,-100
428.505,00:02,857,-94
428.557,00:03,857,-96
428.604,00:04,857,-100
429.003,00:02,858,-94
429.056,00:03,858,-96
429.105,00:04,858,-100
429.504,00:02,859,-94
429.556,00:03,859,-96
429.603,00:04,859,-100
430.005,00:02,860,-95
430.057,00:03,860,-96
430.103,00:04,860,-100
430.503,00:02,861,-95
430.557,00:03,861,-96
430.604,00:04,861,-100
431.003,00:02,862,-95
431.056,00:03,862,-95
431.104,00:04,862,-100
431.504,00:02,863,-95
431.556,00:03,863,-95
431.604,00:04,863,-100
432.003,00:02,864,-95
432.056,00:03,864,-95
432.106,00:04,864,-100
432.504,00:02,865,-95
432.558,00:03,865,-95
432.603,00:04,865,-100
433.004,00:02,866,-96
433.055,00:03,866,-95
433.103,00:04,866,-100
433.503,00:02,867,-96
433.558,00:03,867,-95
433.602,00:04,867,-100
434.002,00:02,868,-96
434.055,00:03,868,-95
434.102,00:04,868,-100
434.503,00:02,869,-96
434.558,00:03,869,-94
434.605,00:04,869,-100
435.003,00:02,870,-92
435.056,00:03,870,-90
435.104,00:04,870,-96
435.503,00:02,871,-92
435.556,00:03,871,-90
435.606,00:04,871,-96
436.003,00:02,872,-92
436.055,00:03,872,-90
436.102,00:04,872,-96
436.505,00:02,873,-93
436.557,00:03,873,-90
436.604,00:04,873,-96
437.005,00:02,874,-93
437.056,00:03,874,-90
437.104,00:04,874,-96
437.504,00:02,875,-93
437.556,00:03,875,-89
437.604,00:04,875,-96
438.003,00:02,876,-93
438.055,00:03,876,-89
438.105,00:04,876,-96
438.502,00:02,877,-93
438.556,00:03,877,-89
438.604,00:04,877,-96
439.001,00:02,878,-93
439.058,00:03,878,-89
439.104,00:04,878,-96
439.502,00:02,879,-93
439.556,00:03,879,-89
439.602,00:04,879,-96
440.002,00:02,880,-93
440.055,00:03,880,-88
440.103,00:04,880,-96
440.504,00:02,881,-94
440.558,00:03,881,-88
440.605,00:04,881,-96
441.003,00:02,882,-94
441.056,00:03,882,-88
441.104,00:04,882,-96
441.504,00:02,883,-94
441.556,00:03,883,-88
441.603,00:04,883,-97
442.003,00:02,884,-94
442.055,00:03,884,-88
442.103,00:04,884,-97
442.503,00:02,885,-94
442.557,00:03,885,-88
442.603,00:04,885,-97
443.005,00:02,886,-94
443.057,00:03,886,-87
443.102,00:04,886,-97
443.503,00:02,887,-94
443.556,00:03,887,-87
443.603,00:04,887,-97
444.004,00:02,888,-94
444.055,00:03,888,-87
444.104,00:04,888,-97
444.504,00:02,889,-95
444.555,00:03,889,-87
444.603,00:04,889,-97
445.002,00:02,890,-95
445.055,00:03,890,-87
445.105,00:04,890,-97
445.505,00:02,891,-95
445.557,00:03,891,-87
445.603,00:04,891,-97
446.004,00:02,892,-95
446.057,00:03,892,-86
446.104,00:04,892,-97
446.504,00:02,893,-95
446.557,00:03,893,-86
446.605,00:04,893,-97
447.002,00:02,894,-95
447.057,00:03,894,-86
447.103,00:04,894,-97
447.504,00:02,895,-95
447.556,00:03,895,-86
447.602,00:04,895,-97
448.003,00:02,896,-95
448.056,00:03,896,-86
448.103,00:04,896,-97
448.503,00:02,897,-96
448.556,00:03,897,-85
448.604,00:04,897,-97
449.003,00:02,898,-96
449.057,00:03,898,-85
449.105,00:04,898,-97
449.504,00:02,899,-96
449.556,00:03,899,-85
449.604,00:04,899,-97
450.003,00:02,900,-96
450.056,00:03,900,-85
450.104,00:04,900,-97
450.503,00:02,901,-96
450.556,00:03,901,-85
450.602,00:04,901,-97
451.003,00:02,902,-96
451.056,00:03,902,-84
451.105,00:04,902,-97
451.503,00:02,903,-96
451.556,00:03,903,-84
451.603,00:04,903,-97
452.003,00:02,904,-96
452.058,00:03,904,-84
452.104,00:04,904,-97
452.501,00:02,905,-97
452.556,00:03,905,-84
452.602,00:04,905,-97
453.003,00:02,906,-97
453.057,00:03,906,-84
453.104,00:04,906,-97
453.504,00:02,907,-97
453.558,00:03,907,-84
453.604,00:04,907,-97
454.004,00:02,908,-97
454.056,00:03,908,-83
454.103,00:04,908,-97
454.504,00:02,909,-97
454.557,00:03,909,-83
454.602,00:04,909,-97
455.003,00:02,910,-97
455.057,00:03,910,-83
455.102,00:04,910,-97
455.503,00:02,911,-97
455.557,00:03,911,-83
455.602,00:04,911,-97
456.003,00:02,912,-97
456.057,00:03,912,-83
456.103,00:04,912,-98
456.503,00:02,913,-97
456.557,00:03,913,-82
456.603,00:04,913,-98
457.003,00:02,914,-102
457.056,00:03,914,-86
457.105,00:04,914,-102
457.502,00:02,915,-102
457.556,00:03,915,-86
457.603,00:04,915,-102
458.004,00:02,916,-102
458.057,00:03,916,-86
458.104,00:04,916,-102
458.504,00:02,917,-102
458.557,00:03,917,-86
458.605,00:04,917,-102
459.002,00:02,918,-102
459.054,00:03,918,-86
459.103,00:04,918,-102
459.502,00:02,919,-102
459.556,00:03,919,-85
459.603,00:04,919,-102
460.003,00:02,920,-102
460.056,00:03,920,-85
460.104,00:04,920,-102
460.503,00:02,921,-102
460.556,00:03,921,-85
460.603,00:04,921,-102
461.001,00:02,922,-98
461.056,00:03,922,-81
461.103,00:04,922,-98
461.503,00:02,923,-98
461.557,00:03,923,-81
461.602,00:04,923,-98
462.001,00:02,924,-99
462.058,00:03,924,-81
462.104,00:04,924,-98
462.504,00:02,925,-99
462.558,00:03,925,-80
462.602,00:04,925,-98
463.004,00:02,926,-99
463.056,00:03,926,-80
463.105,00:04,926,-98
463.502,00:02,927,-99
463.556,00:03,927,-80
463.603,00:04,927,-98
464.002,00:02,928,-99
464.056,00:03,928,-80
464.104,00:04,928,-98
464.503,00:02,929,-99
464.557,00:03,929,-80
464.603,00:04,929,-98
465.002,00:02,930,-99
465.056,00:03,930,-80
465.103,00:04,930,-98
465.503,00:02,931,-99
465.557,00:03,931,-80
465.603,00:04,931,-98
466.003,00:02,932,-99
466.056,00:03,932,-79
466.103,00:04,932,-99
466.501,00:02,933,-99
466.555,00:03,933,-79
466.604,00:04,933,-99
467.003,00:02,934,-100
467.057,00:03,934,-79
467.104,00:04,934,-99
467.502,00:02,935,-100
467.555,00:03,935,-79
467.604,00:04,935,-99
468.002,00:02,936,-100
468.057,00:03,936,-79
468.105,00:04,936,-99
468.504,00:02,937,-100
468.556,00:03,937,-79
468.604,00:04,937,-99
469.004,00:02,938,-100
469.057,00:03,938,-79
469.104,00:04,938,-99
469.502,00:02,939,-100
469.556,00:03,939,-79
469.605,00:04,939,-99
470.003,00:02,940,-100
470.058,00:03,940,-79
470.104,00:04,940,-99
470.502,00:02,941,-100
470.555,00:03,941,-79
470.603,00:04,941,-99
471.005,00:02,942,-100
471.057,00:03,942,-79
471.103,00:04,942,-99
471.502,00:02,943,-100
471.556,00:03,943,-79
471.604,00:04,943,-99
472.004,00:02,944,-101
472.057,00:03,944,-79
472.103,00:04,944,-99
472.504,00:02,945,-101
472.557,00:03,945,-79
472.605,00:04,945,-99
473.003,00:02,946,-101
473.058,00:03,946,-79
473.102,00:04,946,-99
473.503,00:02,947,-101
473.557,00:03,947,-79
473.604,00:04,947,-99
474.004,00:02,948,-101
474.056,00:03,948,-79
474.103,00:04,948,-99
474.501,00:02,949,-101
474.556,00:03,949,-79
474.604,00:04,949,-99
475.004,00:02,950,-101
475.058,00:03,950,-79
475.105,00:04,950,-99
475.501,00:02,951,-101
475.558,00:03,951,-80
475.605,00:04,951,-99
476.005,00:02,952,-101
476.057,00:03,952,-80
476.104,00:04,952,-99
476.503,00:02,953,-101
476.556,00:03,953,-80
476.603,00:04,953,-99
477.001,00:02,954,-101
477.056,00:03,954,-81
477.103,00:04,954,-99
477.503,00:02,955,-101
477.556,00:03,955,-81
477.604,00:04,955,-99
478.005,00:02,956,-101
478.056,00:03,956,-81
478.103,00:04,956,-99
478.501,00:02,957,-101
478.554,00:03,957,-82
478.605,00:04,957,-99
479.002,00:02,958,-101
479.057,00:03,958,-82
479.103,00:04,958,-99
479.503,00:02,959,-101
479.556,00:03,959,-82
479.602,00:04,959,-99
480.003,00:02,960,-101
480.058,00:03,960,-82
480.103,00:04,960,-99
480.503,00:02,961,-101
480.554,00:03,961,-82
480.603,00:04,961,-98
481.002,00:02,962,-101
481.058,00:03,962,-82
481.103,00:04,962,-98
481.505,00:02,963,-101
481.556,00:03,963,-82
481.604,00:04,963,-98
482.003,00:02,964,-101
482.057,00:03,964,-82
482.101,00:04,964,-98
482.501,00:02,965,-101
482.556,00:03,965,-82
482.604,00:04,965,-98
483.001,00:02,966,-101
483.056,00:03,966,-82
483.104,00:04,966,-98
483.502,00:02,967,-101
483.556,00:03,967,-82
483.604,00:04,967,-98
484.002,00:02,968,-100
484.056,00:03,968,-82
484.104,00:04,968,-98
484.502,00:02,969,-100
484.556,00:03,969,-82
484.604,00:04,969,-98
485.003,00:02,970,-100
485.055,00:03,970,-82
485.102,00:04,970,-98
485.503,00:02,971,-100
485.555,00:03,971,-82
485.605,00:04,971,-98
486.004,00:02,972,-100
486.056,00:03,972,-82
486.104,00:04,972,-98
486.503,00:02,973,-100
486.556,00:03,973,-82
486.603,00:04,973,-98
487.002,00:02,974,-100
487.056,00:03,974,-82
487.103,00:04,974,-98
487.503,00:02,975,-100
487.556,00:03,975,-82
487.605,00:04,975,-98
488.005,00:02,976,-100
488.057,00:03,976,-83
488.103,00:04,976,-97
488.503,00:02,977,-100
488.556,00:03,977,-83
488.604,00:04,977,-97
489.002,00:02,978,-99
489.057,00:03,978,-83
489.103,00:04,978,-97
489.503,00:02,979,-99
489.555,00:03,979,-83
489.603,00:04,979,-97
490.004,00:02,980,-99
490.056,00:03,980,-83
490.104,00:04,980,-97
490.504,00:02,981,-99
490.557,00:03,981,-83
490.602,00:04,981,-97
491.002,00:02,982,-99
491.057,00:03,982,-83
491.102,00:04,982,-97
491.504,00:02,983,-99
491.555,00:03,983,-83
491.604,00:04,983,-97
492.002,00:02,984,-99
492.055,00:03,984,-83
492.103,00:04,984,-97
492.503,00:02,985,-99
492.557,00:03,985,-83
492.604,00:04,985,-97
493.004,00:02,986,-103
493.056,00:03,986,-88
493.103,00:04,986,-101
493.503,00:02,987,-103
493.556,00:03,987,-88
493.603,00:04,987,-101
494.004,00:02,988,-102
494.055,00:03,988,-88
494.105,00:04,988,-101
494.504,00:02,989,-102
494.557,00:03,989,-88
494.602,00:04,989,-101
495.004,00:02,990,-102
495.057,00:03,990,-88
495.103,00:04,990,-101
495.503,00:02,991,-102
495.557,00:03,991,-88
495.602,00:04,991,-101
496.003,00:02,992,-102
496.057,00:03,992,-88
496.102,00:04,992,-101
496.503,00:02,993,-102
496.557,00:03,993,-88
496.604,00:04,993,-101
497.003,00:02,994,-98
497.056,00:03,994,-85
497.102,00:04,994,-96
497.504,00:02,995,-98
497.557,00:03,995,-85
497.603,00:04,995,-96
498.004,00:02,996,-98
498.056,00:03,996,-85
498.103,00:04,996,-96
498.503,00:02,997,-98
498.555,00:03,997,-85
498.602,00:04,997,-96
499.002,00:02,998,-97
499.055,00:03,998,-85
499.104,00:04,998,-96
499.502,00:02,999,-97
499.557,00:03,999,-85
499.605,00:04,999,-96
500.002,00:02,1000,-97
500.056,00:03,1000,-85
500.102,00:04,1000,-96
500.503,00:02,1001,-97
500.555,00:03,1001,-86
500.603,00:04,1001,-96
501.003,00:02,1002,-97
501.057,00:03,1002,-86
501.104,00:04,1002,-96
501.503,00:02,1003,-97
501.557,00:03,1003,-86
501.605,00:04,1003,-96
502.002,00:02,1004,-97
502.055,00:03,1004,-86
502.104,00:04,1004,-96
502.502,00:02,1005,-97
502.557,00:03,1005,-86
502.604,00:04,1005,-96
503.004,00:02,1006,-97
503.056,00:03,1006,-86
503.102,00:04,1006,-96
503.502,00:02,1007,-96
503.557,00:03,1007,-87
503.603,00:04,1007,-96
504.004,00:02,1008,-96
504.056,00:03,1008,-87
504.104,00:04,1008,-96
504.501,00:02,1009,-96
504.557,00:03,1009,-87
504.602,00:04,1009,-96
505.004,00:02,1010,-96
505.057,00:03,1010,-87
505.103,00:04,1010,-96
505.501,00:02,1011,-96
505.558,00:03,1011,-87
505.602,00:04,1011,-96
506.004,00:02,1012,-96
506.057,00:03,1012,-87
506.103,00:04,1012,-96
506.502,00:02,1013,-96
506.557,00:03,1013,-87
506.602,00:04,1013,-96
507.003,00:02,1014,-96
507.057,00:03,1014,-88
507.103,00:04,1014,-96
507.503,00:02,1015,-96
507.558,00:03,1015,-88
507.605,00:04,1015,-96
508.003,00:02,1016,-95
508.058,00:03,1016,-88
508.103,00:04,1016,-95
508.502,00:02,1017,-95
508.557,00:03,1017,-88
508.603,00:04,1017,-95
509.003,00:02,1018,-95
509.056,00:03,1018,-88
509.103,00:04,1018,-95
509.501,00:02,1019,-95
509.557,00:03,1019,-88
509.603,00:04,1019,-95
510.003,00:02,1020,-95
510.057,00:03,1020,-89
510.102,00:04,1020,-95
510.503,00:02,1021,-95
510.556,00:03,1021,-89
510.603,00:04,1021,-95
511.002,00:02,1022,-95
511.056,00:03,1022,-89
511.104,00:04,1022,-95
511.502,00:02,1023,-95
511.558,00:03,1023,-89
511.603,00:04,1023,-95
512.003,00:02,1024,-95
512.057,00:03,1024,-89
512.104,00:04,1024,-95
512.503,00:02,1025,-94
512.555,00:03,1025,-89
512.604,00:04,1025,-95
513.002,00:02,1026,-94
513.055,00:03,1026,-89
513.103,00:04,1026,-95
513.503,00:02,1027,-94
513.557,00:03,1027,-90
513.603,00:04,1027,-95
514.001,00:02,1028,-94
514.057,00:03,1028,-90
514.102,00:04,1028,-95
514.503,00:02,1029,-94
514.558,00:03,1029,-90
514.603,00:04,1029,-95
515.004,00:02,1030,-94
515.057,00:03,1030,-90
515.103,00:04,1030,-95
515.502,00:02,1031,-94
515.556,00:03,1031,-90
515.603,00:04,1031,-95
516.002,00:02,1032,-94
516.057,00:03,1032,-90
516.102,00:04,1032,-95
516.504,00:02,1033,-93
516.556,00:03,1033,-90
516.603,00:04,1033,-95
517.003,00:02,1034,-93
517.055,00:03,1034,-91
517.105,00:04,1034,-95
517.501,00:02,1035,-93
517.556,00:03,1035,-91
517.604,00:04,1035,-95
518.004,00:02,1036,-93
518.056,00:03,1036,-91
518.103,00:04,1036,-95
518.501,00:02,1037,-93
518.556,00:03,1037,-91
518.604,00:04,1037,-95
519.001,00:02,1038,-97
519.058,00:03,1038,-95
519.103,00:04,1038,-99
519.503,00:02,1039,-97
519.555,00:03,1039,-95
519.603,00:04,1039,-99
520.003,00:02,1040,-96
520.057,00:03,1040,-96
520.105,00:04,1040,-99
520.502,00:02,1041,-96
520.557,00:03,1041,-96
520.605,00:04,1041,-99
521.001,00:02,1042,-96
521.056,00:03,1042,-96
521.102,00:04,1042,-99
521.505,00:02,1043,-96
521.555,00:03,1043,-96
521.603,00:04,1043,-99
522.002,00:02,1044,-96
522.055,00:03,1044,-96
522.104,00:04,1044,-99
522.502,00:02,1045,-96
522.557,00:03,1045,-96
522.604,00:04,1045,-99
523.002,00:02,1046,-96
523.058,00:03,1046,-96
523.103,00:04,1046,-99
523.502,00:02,1047,-96
523.557,00:03,1047,-97
523.603,00:04,1047,-99
524.004,00:02,1048,-95
524.056,00:03,1048,-97
524.105,00:04,1048,-99
524.501,00:02,1049,-95
524.556,00:03,1049,-97
524.605,00:04,1049,-99
525.001,00:02,1050,-95
525.057,00:03,1050,-97
525.103,00:04,1050,-99
525.503,00:02,1051,-95
525.557,00:03,1051,-97
525.604,00:04,1051,-99
526.003,00:02,1052,-95
526.057,00:03,1052,-97
526.103,00:04,1052,-99
526.502,00:02,1053,-95
526.557,00:03,1053,-97
526.603,00:04,1053,-99
527.002,00:02,1054,-95
527.057,00:03,1054,-98
527.103,00:04,1054,-99
527.504,00:02,1055,-94
527.556,00:03,1055,-98
527.603,00:04,1055,-99
528.004,00:02,1056,-94
528.057,00:03,1056,-98
528.102,00:04,1056,-99
528.503,00:02,1057,-94
528.555,00:03,1057,-98
528.603,00:04,1057,-99
529.003,00:02,1058,-94
529.056,00:03,1058,-98
529.102,00:04,1058,-99
529.503,00:02,1059,-94
529.557,00:03,1059,-98
529.603,00:04,1059,-99
530.004,00:02,1060,-94
530.056,00:03,1060,-98
530.104,00:04,1060,-99
530.503,00:02,1061,-94
530.557,00:03,1061,-98
530.604,00:04,1061,-99
531.002,00:02,1062,-89
531.056,00:03,1062,-95
531.102,00:04,1062,-95
531.503,00:02,1063,-89
531.558,00:03,1063,-95
531.603,00:04,1063,-95
532.002,00:02,1064,-89
532.057,00:03,1064,-95
532.104,00:04,1064,-95
532.503,00:02,1065,-89
532.557,00:03,1065,-95
532.603,00:04,1065,-95
533.002,00:02,1066,-89
533.056,00:03,1066,-95
533.103,00:04,1066,-95
533.503,00:02,1067,-89
533.557,00:03,1067,-95
533.602,00:04,1067,-95
534.001,00:02,1068,-89
534.056,00:03,1068,-95
534.102,00:04,1068,-95
534.504,00:02,1069,-88
534.557,00:03,1069,-95
534.603,00:04,1069,-95
535.001,00:02,1070,-88
535.056,00:03,1070,-96
535.104,00:04,1070,-95
535.504,00:02,1071,-88
535.558,00:03,1071,-96
535.604,00:04,1071,-95
536.002,00:02,1072,-88
536.058,00:03,1072,-96
536.101,00:04,1072,-95
536.503,00:02,1073,-88
536.558,00:03,1073,-96
536.604,00:04,1073,-95
537.002,00:02,1074,-88
537.055,00:03,1074,-96
537.103,00:04,1074,-95
537.502,00:02,1075,-87
537.557,00:03,1075,-96
537.603,00:04,1075,-95
538.001,00:02,1076,-87
538.057,00:03,1076,-96
538.104,00:04,1076,-95
538.503,00:02,1077,-87
538.557,00:03,1077,-96
538.603,00:04,1077,-95
539.003,00:02,1078,-87
539.056,00:03,1078,-97
539.103,00:04,1078,-95
539.501,00:02,1079,-87
539.557,00:03,1079,-97
539.605,00:04,1079,-95
540.003,00:02,1080,-87
540.056,00:03,1080,-97
540.104,00:04,1080,-95
540.501,00:02,1081,-87
540.555,00:03,1081,-97
540.604,00:04,1081,-95
541.001,00:02,1082,-86
541.055,00:03,1082,-97
541.104,00:04,1082,-95
541.502,00:02,1083,-86
541.557,00:03,1083,-97
541.603,00:04,1083,-95
542.003,00:02,1084,-86
542.056,00:03,1084,-97
542.103,00:04,1084,-95
542.503,00:02,1085,-86
542.556,00:03,1085,-97
542.605,00:04,1085,-96
543.001,00:02,1086,-86
543.057,00:03,1086,-98
543.102,00:04,1086,-96
543.503,00:02,1087,-86
543.558,00:03,1087,-98
543.604,00:04,1087,-96
544.002,00:02,1088,-85
544.056,00:03,1088,-98
544.102,00:04,1088,-96
544.504,00:02,1089,-85
544.556,00:03,1089,-98
544.603,00:04,1089,-96
545.002,00:02,1090,-85
545.056,00:03,1090,-98
545.104,00:04,1090,-96
545.503,00:02,1091,-85
545.557,00:03,1091,-98
545.603,00:04,1091,-96
546.003,00:02,1092,-85
546.056,00:03,1092,-98
546.103,00:04,1092,-96
546.504,00:02,1093,-85
546.555,00:03,1093,-98
546.602,00:04,1093,-96
547.001,00:02,1094,-85
547.058,00:03,1094,-98
547.105,00:04,1094,-96
547.502,00:02,1095,-84
547.556,00:03,1095,-99
547.604,00:04,1095,-96
548.002,00:02,1096,-84
548.056,00:03,1096,-99
548.104,00:04,1096,-96
548.501,00:02,1097,-84
548.557,00:03,1097,-99
548.604,00:04,1097,-96
549.002,00:02,1098,-84
549.057,00:03,1098,-99
549.103,00:04,1098,-96
549.502,00:02,1099,-84
549.556,00:03,1099,-99
549.603,00:04,1099,-96
550.003,00:02,1100,-84
550.055,00:03,1100,-99
550.104,00:04,1100,-96
550.503,00:02,1101,-84
550.555,00:03,1101,-99
550.603,00:04,1101,-96
551.002,00:02,1102,-83
551.057,00:03,1102,-99
551.102,00:04,1102,-96
551.503,00:02,1103,-83
551.557,00:03,1103,-99
551.603,00:04,1103,-96
552.001,00:02,1104,-83
552.056,00:03,1104,-99
552.103,00:04,1104,-96
552.503,00:02,1105,-83
552.557,00:03,1105,-100
552.602,00:04,1105,-96
553.001,00:02,1106,-87
553.057,00:03,1106,-104
553.102,00:04,1106,-100
553.501,00:02,1107,-87
553.556,00:03,1107,-104
553.601,00:04,1107,-101
554.003,00:02,1108,-87
554.056,00:03,1108,-104
554.103,00:04,1108,-101
554.501,00:02,1109,-86
554.555,00:03,1109,-104
554.602,00:04,1109,-101
555.002,00:02,1110,-86
555.058,00:03,1110,-104
555.102,00:04,1110,-101
555.502,00:02,1111,-86
555.556,00:03,1111,-104
555.604,00:04,1111,-101
556.004,00:02,1112,-86
556.056,00:03,1112,-104
556.104,00:04,1112,-101
556.501,00:02,1113,-86
556.556,00:03,1113,-104
556.604,00:04,1113,-101
557.003,00:02,1114,-82
557.056,00:03,1114,-101
557.105,00:04,1114,-97
557.501,00:02,1115,-82
557.556,00:03,1115,-101
557.602,00:04,1115,-97
558.003,00:02,1116,-82
558.058,00:03,1116,-101
558.104,00:04,1116,-97
558.504,00:02,1117,-81
558.556,00:03,1117,-101
558.604,00:04,1117,-97
559.003,00:02,1118,-81
559.058,00:03,1118,-101
559.103,00:04,1118,-97
559.501,00:02,1119,-81
559.557,00:03,1119,-101
559.601,00:04,1119,-97
560.004,00:02,1120,-81
560.056,00:03,1120,-101
560.104,00:04,1120,-97
560.502,00:02,1121,-81
560.556,00:03,1121,-101
560.603,00:04,1121,-97
561.002,00:02,1122,-81
561.056,00:03,1122,-101
561.105,00:04,1122,-97
561.501,00:02,1123,-81
561.555,00:03,1123,-101
561.602,00:04,1123,-97
562.002,00:02,1124,-81
562.058,00:03,1124,-101
562.102,00:04,1124,-98
562.502,00:02,1125,-81
562.556,00:03,1125,-102
562.602,00:04,1125,-98
563.002,00:02,1126,-81
563.056,00:03,1126,-102
563.102,00:04,1126,-98
563.502,00:02,1127,-81
563.557,00:03,1127,-102
563.603,00:04,1127,-98
564.002,00:02,1128,-80
564.057,00:03,1128,-102
564.102,00:04,1128,-98
564.501,00:02,1129,-80
564.558,00:03,1129,-102
564.603,00:04,1129,-98
565.002,00:02,1130,-80
565.056,00:03,1130,-102
565.103,00:04,1130,-98
565.503,00:02,1131,-80
565.557,00:03,1131,-102
565.603,00:04,1131,-98
566.003,00:02,1132,-80
566.057,00:03,1132,-102
566.104,00:04,1132,-98
566.501,00:02,1133,-80
566.557,00:03,1133,-102
566.602,00:04,1133,-98
567.002,00:02,1134,-80
567.057,00:03,1134,-102
567.104,00:04,1134,-98
567.502,00:02,1135,-80
567.556,00:03,1135,-102
567.603,00:04,1135,-98
568.001,00:02,1136,-80
568.056,00:03,1136,-103
568.101,00:04,1136,-98
568.502,00:02,1137,-80
568.555,00:03,1137,-103
568.603,00:04,1137,-98
569.003,00:02,1138,-80
569.056,00:03,1138,-103
569.103,00:04,1138,-98
569.504,00:02,1139,-80
569.556,00:03,1139,-103
569.604,00:04,1139,-98
570,00:02,1140,-80
570.058,00:03,1140,-103
570.103,00:04,1140,-99
570.502,00:02,1141,-80
570.556,00:03,1141,-103
570.602,00:04,1141,-98
571.002,00:02,1142,-81
571.057,00:03,1142,-103
571.103,00:04,1142,-98
571.502,00:02,1143,-81
571.555,00:03,1143,-103
571.601,00:04,1143,-98
572.002,00:02,1144,-81
572.056,00:03,1144,-103
572.104,00:04,1144,-98
572.502,00:02,1145,-82
572.555,00:03,1145,-103
572.604,00:04,1145,-98
573.002,00:02,1146,-82
573.058,00:03,1146,-103
573.104,00:04,1146,-98
573.501,00:02,1147,-82
573.558,00:03,1147,-103
573.601,00:04,1147,-98
574.001,00:02,1148,-82
574.057,00:03,1148,-103
574.105,00:04,1148,-98
574.503,00:02,1149,-83
574.556,00:03,1149,-103
574.602,00:04,1149,-98
575.001,00:02,1150,-83
575.058,00:03,1150,-103
575.101,00:04,1150,-98
575.501,00:02,1151,-83
575.557,00:03,1151,-103
575.602,00:04,1151,-98
576.003,00:02,1152,-83
576.057,00:03,1152,-103
576.103,00:04,1152,-98
576.501,00:02,1153,-83
576.557,00:03,1153,-103
576.602,00:04,1153,-98
577.003,00:02,1154,-83
577.058,00:03,1154,-103
577.104,00:04,1154,-97
577.503,00:02,1155,-83
577.558,00:03,1155,-103
577.605,00:04,1155,-97
578.003,00:02,1156,-83
578.057,00:03,1156,-103
578.104,00:04,1156,-97
578.502,00:02,1157,-83
578.557,00:03,1157,-103
578.604,00:04,1157,-97
579.001,00:02,1158,-83
579.056,00:03,1158,-103
579.102,00:04,1158,-97
579.503,00:02,1159,-83
579.558,00:03,1159,-103
579.603,00:04,1159,-97
580.001,00:02,1160,-83
580.056,00:03,1160,-103
580.103,00:04,1160,-97
580.503,00:02,1161,-83
580.555,00:03,1161,-102
580.604,00:04,1161,-97
581.004,00:02,1162,-83
581.055,00:03,1162,-102
581.104,00:04,1162,-97
581.501,00:02,1163,-83
581.556,00:03,1163,-102
581.604,00:04,1163,-97
582.002,00:02,1164,-83
582.057,00:03,1164,-102
582.101,00:04,1164,-97
582.501,00:02,1165,-83
582.556,00:03,1165,-102
582.603,00:04,1165,-97
583.001,00:02,1166,-83
583.056,00:03,1166,-102
583.104,00:04,1166,-97
583.5,00:02,1167,-83
583.557,00:03,1167,-102
583.603,00:04,1167,-97
584.002,00:02,1168,-83
584.055,00:03,1168,-102
584.102,00:04,1168,-96
584.502,00:02,1169,-83
584.556,00:03,1169,-102
584.604,00:04,1169,-96
585.003,00:02,1170,-84
585.057,00:03,1170,-102
585.103,00:04,1170,-96
585.501,00:02,1171,-84
585.555,00:03,1171,-102
585.604,00:04,1171,-96
586.002,00:02,1172,-84
586.055,00:03,1172,-101
586.103,00:04,1172,-96
586.502,00:02,1173,-84
586.557,00:03,1173,-101
586.603,00:04,1173,-96
587.001,00:02,1174,-84
587.056,00:03,1174,-101
587.102,00:04,1174,-96
587.503,00:02,1175,-84
587.557,00:03,1175,-101
587.602,00:04,1175,-96
588.002,00:02,1176,-84
588.056,00:03,1176,-101
588.102,00:04,1176,-96
588.502,00:02,1177,-84
588.558,00:03,1177,-101
588.603,00:04,1177,-96
589.003,00:02,1178,-88
589.056,00:03,1178,-105
589.103,00:04,1178,-100
589.501,00:02,1179,-88
589.556,00:03,1179,-105
589.601,00:04,1179,-100
590.004,00:02,1180,-88
590.056,00:03,1180,-105
590.102,00:04,1180,-100
590.502,00:02,1181,-88
590.555,00:03,1181,-105
590.602,00:04,1181,-100
591.003,00:02,1182,-89
591.057,00:03,1182,-104
591.103,00:04,1182,-100
591.501,00:02,1183,-89
591.557,00:03,1183,-104
591.602,00:04,1183,-99
592.002,00:02,1184,-89
592.056,00:03,1184,-104
592.103,00:04,1184,-99
592.501,00:02,1185,-89
592.556,00:03,1185,-104
592.602,00:04,1185,-99
593.001,00:02,1186,-85
593.056,00:03,1186,-100
593.104,00:04,1186,-95
593.501,00:02,1187,-85
593.557,00:03,1187,-100
593.602,00:04,1187,-95
594.002,00:02,1188,-85
594.055,00:03,1188,-100
594.104,00:04,1188,-95
594.503,00:02,1189,-85
594.555,00:03,1189,-100
594.602,00:04,1189,-95
595.003,00:02,1190,-85
595.056,00:03,1190,-100
595.103,00:04,1190,-95
595.503,00:02,1191,-86
595.555,00:03,1191,-100
595.605,00:04,1191,-95
596.002,00:02,1192,-86
596.057,00:03,1192,-99
596.102,00:04,1192,-95
596.503,00:02,1193,-86
596.555,00:03,1193,-99
596.603,00:04,1193,-95
597.002,00:02,1194,-86
597.056,00:03,1194,-99
597.104,00:04,1194,-95
597.501,00:02,1195,-86
597.558,00:03,1195,-99
597.602,00:04,1195,-95
598.001,00:02,1196,-86
598.058,00:03,1196,-99
598.103,00:04,1196,-95
598.502,00:02,1197,-86
598.557,00:03,1197,-99
598.601,00:04,1197,-95
599.002,00:02,1198,-86
599.057,00:03,1198,-99
599.103,00:04,1198,-95
599.503,00:02,1199,-86
599.555,00:03,1199,-99
599.603,00:04,1199,-95
600.002,00:02,1200,-87
600.055,00:03,1200,-99
600.103,00:04,1200,-94
600.502,00:02,1201,-87
600.557,00:03,1201,-99
600.602,00:04,1201,-94
601,00:02,1202,-87
601.054,00:03,1202,-98
601.101,00:04,1202,-94
601.502,00:02,1203,-87
601.557,00:03,1203,-98
601.603,00:04,1203,-94
602.001,00:02,1204,-87
602.056,00:03,1204,-98
602.102,00:04,1204,-94
602.503,00:02,1205,-87
602.556,00:03,1205,-98
602.604,00:04,1205,-94
603.001,00:02,1206,-87
603.056,00:03,1206,-98
603.103,00:04,1206,-94
603.501,00:02,1207,-87
603.554,00:03,1207,-98
603.603,00:04,1207,-94
604.002,00:02,1208,-88
604.056,00:03,1208,-98
604.103,00:04,1208,-94
604.501,00:02,1209,-88
604.556,00:03,1209,-98
604.604,00:04,1209,-94
605.001,00:02,1210,-88
605.056,00:03,1210,-98
605.102,00:04,1210,-94
605.502,00:02,1211,-88
605.556,00:03,1211,-97
605.602,00:04,1211,-94
606.002,00:02,1212,-88
606.058,00:03,1212,-97
606.102,00:04,1212,-94
606.501,00:02,1213,-88
606.557,00:03,1213,-97
606.603,00:04,1213,-94
607,00:02,1214,-88
607.057,00:03,1214,-97
607.102,00:04,1214,-94
607.502,00:02,1215,-89
607.556,00:03,1215,-97
607.602,00:04,1215,-94
608.001,00:02,1216,-89
608.057,00:03,1216,-97
608.102,00:04,1216,-94
608.503,00:02,1217,-89
608.556,00:03,1217,-97
608.603,00:04,1217,-94
609.002,00:02,1218,-89
609.056,00:03,1218,-97
609.104,00:04,1218,-94
609.503,00:02,1219,-89
609.557,00:03,1219,-97
609.601,00:04,1219,-94
610.002,00:02,1220,-89
610.057,00:03,1220,-96
610.103,00:04,1220,-94
610.501,00:02,1221,-89
610.555,00:03,1221,-96
610.603,00:04,1221,-94
611.001,00:02,1222,-89
611.058,00:03,1222,-96
611.103,00:04,1222,-94
611.502,00:02,1223,-90
611.558,00:03,1223,-96
611.604,00:04,1223,-94
612.002,00:02,1224,-90
612.057,00:03,1224,-96
612.103,00:04,1224,-94
612.502,00:02,1225,-90
612.556,00:03,1225,-96
612.603,00:04,1225,-94
613.003,00:02,1226,-90
613.056,00:03,1226,-96
613.103,00:04,1226,-94
613.502,00:02,1227,-90
613.555,00:03,1227,-96
613.602,00:04,1227,-94
614.002,00:02,1228,-90
614.058,00:03,1228,-96
614.101,00:04,1228,-94
614.501,00:02,1229,-90
614.557,00:03,1229,-95
614.602,00:04,1229,-94
615,00:02,1230,-91
615.056,00:03,1230,-95
615.103,00:04,1230,-93
615.503,00:02,1231,-91
615.555,00:03,1231,-95
615.603,00:04,1231,-93
616.003,00:02,1232,-91
616.058,00:03,1232,-95
616.103,00:04,1232,-93
616.503,00:02,1233,-91
616.557,00:03,1233,-95
616.601,00:04,1233,-93
617,00:02,1234,-91
617.056,00:03,1234,-95
617.102,00:04,1234,-93
617.501,00:02,1235,-91
617.557,00:03,1235,-95
617.604,00:04,1235,-93
618.003,00:02,1236,-91
618.057,00:03,1236,-95
618.103,00:04,1236,-93
618.503,00:02,1237,-91
618.556,00:03,1237,-94
618.602,00:04,1237,-93
619.001,00:02,1238,-92
619.056,00:03,1238,-94
619.104,00:04,1238,-93
619.5,00:02,1239,-92
619.556,00:03,1239,-94
619.603,00:04,1239,-93
620.001,00:02,1240,-92
620.055,00:03,1240,-94
620.102,00:04,1240,-93
620.501,00:02,1241,-92
620.557,00:03,1241,-94
620.604,00:04,1241,-93
621.002,00:02,1242,-92
621.057,00:03,1242,-94
621.101,00:04,1242,-93
621.504,00:02,1243,-92
621.558,00:03,1243,-94
621.603,00:04,1243,-93
622,00:02,1244,-92
622.057,00:03,1244,-94
622.103,00:04,1244,-93
622.502,00:02,1245,-92
622.556,00:03,1245,-93
622.603,00:04,1245,-93
623.002,00:02,1246,-93
623.056,00:03,1246,-93
623.102,00:04,1246,-93
623.502,00:02,1247,-93
623.557,00:03,1247,-93
623.604,00:04,1247,-93
624,00:02,1248,-93
624.056,00:03,1248,-93
624.103,00:04,1248,-93
624.502,00:02,1249,-93
624.556,00:03,1249,-93
624.602,00:04,1249,-93
625.002,00:02,1250,-93
625.055,00:03,1250,-93
625.103,00:04,1250,-93
625.501,00:02,1251,-93
625.557,00:03,1251,-93
625.602,00:04,1251,-93
626.002,00:02,1252,-93
626.058,00:03,1252,-93
626.103,00:04,1252,-93
626.502,00:02,1253,-93
626.556,00:03,1253,-92
626.603,00:04,1253,-93
627.001,00:02,1254,-94
627.057,00:03,1254,-92
627.103,00:04,1254,-93
627.503,00:02,1255,-94
627.557,00:03,1255,-92
627.601,00:04,1255,-94
628.002,00:02,1256,-94
628.058,00:03,1256,-92
628.103,00:04,1256,-94
628.502,00:02,1257,-94
628.556,00:03,1257,-92
628.602,00:04,1257,-94
629.003,00:02,1258,-94
629.056,00:03,1258,-92
629.102,00:04,1258,-94
629.502,00:02,1259,-94
629.558,00:03,1259,-92
629.603,00:04,1259,-94
630.002,00:02,1260,-94
630.057,00:03,1260,-92
630.104,00:04,1260,-94
630.503,00:02,1261,-94
630.557,00:03,1261,-91
630.601,00:04,1261,-94
631.002,00:02,1262,-94
631.055,00:03,1262,-91
631.103,00:04,1262,-94
631.503,00:02,1263,-95
631.558,00:03,1263,-91
631.602,00:04,1263,-94
632.001,00:02,1264,-95
632.056,00:03,1264,-91
632.103,00:04,1264,-94
632.502,00:02,1265,-95
632.556,00:03,1265,-91
632.601,00:04,1265,-94
633.003,00:02,1266,-95
633.057,00:03,1266,-91
633.102,00:04,1266,-94
633.502,00:02,1267,-95
633.556,00:03,1267,-91
633.603,00:04,1267,-94
634.003,00:02,1268,-95
634.056,00:03,1268,-90
634.102,00:04,1268,-94
634.501,00:02,1269,-95
634.557,00:03,1269,-90
634.603,00:04,1269,-94
635.001,00:02,1270,-95
635.055,00:03,1270,-90
635.101,00:04,1270,-94
635.502,00:02,1271,-95
635.555,00:03,1271,-90
635.601,00:04,1271,-94
636.002,00:02,1272,-96
636.056,00:03,1272,-90
636.103,00:04,1272,-94
636.501,00:02,1273,-96
636.555,00:03,1273,-90
636.602,00:04,1273,-94
637.003,00:02,1274,-96
637.057,00:03,1274,-90
637.103,00:04,1274,-94
637.502,00:02,1275,-96
637.555,00:03,1275,-90
637.603,00:04,1275,-94
638.001,00:02,1276,-96
638.058,00:03,1276,-89
638.101,00:04,1276,-94
638.501,00:02,1277,-96
638.555,00:03,1277,-89
638.603,00:04,1277,-94
639.003,00:02,1278,-96
639.056,00:03,1278,-89
639.104,00:04,1278,-94
639.502,00:02,1279,-96
639.555,00:03,1279,-89
639.604,00:04,1279,-94
640.002,00:02,1280,-96
640.056,00:03,1280,-89
640.102,00:04,1280,-94
640.502,00:02,1281,-97
640.558,00:03,1281,-89
640.603,00:04,1281,-94
641,00:02,1282,-97
641.057,00:03,1282,-89
641.101,00:04,1282,-94
641.502,00:02,1283,-97
641.555,00:03,1283,-89
641.602,00:04,1283,-94
642.002,00:02,1284,-97
642.055,00:03,1284,-88
642.102,00:04,1284,-95
642.5,00:02,1285,-97
642.555,00:03,1285,-88
642.603,00:04,1285,-95
643.002,00:02,1286,-97
643.057,00:03,1286,-88
643.103,00:04,1286,-95
643.5,00:02,1287,-97
643.556,00:03,1287,-88
643.604,00:04,1287,-95
644.002,00:02,1288,-97
644.057,00:03,1288,-88
644.103,00:04,1288,-95
644.503,00:02,1289,-97
644.556,00:03,1289,-88
644.604,00:04,1289,-95
645,00:02,1290,-98
645.055,00:03,1290,-88
645.103,00:04,1290,-95
645.5,00:02,1291,-98
645.555,00:03,1291,-88
645.602,00:04,1291,-95
646.003,00:02,1292,-98
646.058,00:03,1292,-87
646.101,00:04,1292,-95
646.502,00:02,1293,-98
646.555,00:03,1293,-87
646.603,00:04,1293,-95
647.001,00:02,1294,-98
647.056,00:03,1294,-87
647.102,00:04,1294,-95
647.502,00:02,1295,-98
647.556,00:03,1295,-87
647.604,00:04,1295,-95
648.002,00:02,1296,-98
648.055,00:03,1296,-87
648.104,00:04,1296,-95
648.503,00:02,1297,-98
648.557,00:03,1297,-87
648.603,00:04,1297,-95
649,00:02,1298,-98
649.056,00:03,1298,-91
649.1,00:04,1298,-99
649.503,00:02,1299,-102
649.557,00:03,1299,-91
649.603,00:04,1299,-99
650.003,00:02,1300,-103
650.055,00:03,1300,-91
650.102,00:04,1300,-99
650.503,00:02,1301,-103
650.557,00:03,1301,-90
650.602,00:04,1301,-99
651.001,00:02,1302,-103
651.058,00:03,1302,-90
651.102,00:04,1302,-100
651.502,00:02,1303,-103
651.556,00:03,1303,-90
651.602,00:04,1303,-100
652.002,00:02,1304,-103
652.056,00:03,1304,-90
652.104,00:04,1304,-100
652.502,00:02,1305,-103
652.556,00:03,1305,-90
652.603,00:04,1305,-100
653.002,00:02,1306,-99
653.056,00:03,1306,-86
653.104,00:04,1306,-96
653.502,00:02,1307,-99
653.558,00:03,1307,-86
653.6,00:04,1307,-96
654,00:02,1308,-99
654.056,00:03,1308,-86
654.102,00:04,1308,-96
654.502,00:02,1309,-99
654.557,00:03,1309,-86
654.603,00:04,1309,-96
655.001,00:02,1310,-99
655.056,00:03,1310,-86
655.102,00:04,1310,-96
655.5,00:02,1311,-100
655.555,00:03,1311,-86
655.604,00:04,1311,-96
656.001,00:02,1312,-100
656.056,00:03,1312,-85
656.103,00:04,1312,-96
656.5,00:02,1313,-100
656.556,00:03,1313,-85
656.602,00:04,1313,-96
657.001,00:02,1314,-100
657.058,00:03,1314,-85
657.104,00:04,1314,-96
657.502,00:02,1315,-100
657.554,00:03,1315,-85
657.602,00:04,1315,-96
658.003,00:02,1316,-100
658.058,00:03,1316,-85
658.103,00:04,1316,-96
658.5,00:02,1317,-100
658.558,00:03,1317,-85
658.603,00:04,1317,-97
659.002,00:02,1318,-100
659.057,00:03,1318,-85
659.103,00:04,1318,-97
659.501,00:02,1319,-100
659.556,00:03,1319,-85
659.603,00:04,1319,-97
660.001,00:02,1320,-100
660.057,00:03,1320,-85
660.103,00:04,1320,-97
660.501,00:02,1321,-100
660.556,00:03,1321,-85
660.601,00:04,1321,-97
661,00:02,1322,-101
661.056,00:03,1322,-85
661.103,00:04,1322,-97
661.502,00:02,1323,-101
661.556,00:03,1323,-85
661.601,00:04,1323,-97
662.001,00:02,1324,-101
662.055,00:03,1324,-85
662.103,00:04,1324,-97
662.503,00:02,1325,-101
662.556,00:03,1325,-85
662.602,00:04,1325,-97
663.001,00:02,1326,-101
663.058,00:03,1326,-85
663.101,00:04,1326,-97
663.5,00:02,1327,-101
663.555,00:03,1327,-85
663.602,00:04,1327,-97
664.003,00:02,1328,-101
664.055,00:03,1328,-85
664.102,00:04,1328,-97
664.501,00:02,1329,-101
664.557,00:03,1329,-85
664.603,00:04,1329,-97
665.002,00:02,1330,-101
665.056,00:03,1330,-85
665.103,00:04,1330,-97
665.501,00:02,1331,-101
665.557,00:03,1331,-85
665.601,00:04,1331,-98
666.001,00:02,1332,-101
666.055,00:03,1332,-85
666.102,00:04,1332,-98
666.5,00:02,1333,-101
666.557,00:03,1333,-85
666.603,00:04,1333,-97
667.002,00:02,1334,-101
667.057,00:03,1334,-85
667.102,00:04,1334,-97
667.501,00:02,1335,-102
667.557,00:03,1335,-86
667.601,00:04,1335,-97
668.001,00:02,1336,-102
668.058,00:03,1336,-86
668.102,00:04,1336,-97
668.501,00:02,1337,-102
668.557,00:03,1337,-86
668.601,00:04,1337,-97
669.001,00:02,1338,-102
669.056,00:03,1338,-86
669.103,00:04,1338,-97
669.501,00:02,1339,-102
669.555,00:03,1339,-86
669.602,00:04,1339,-97
670,00:02,1340,-102
670.057,00:03,1340,-87
670.103,00:04,1340,-97
670.502,00:02,1341,-102
670.558,00:03,1341,-87
670.603,00:04,1341,-97
671,00:02,1342,-102
671.057,00:03,1342,-87
671.102,00:04,1342,-97
671.501,00:02,1343,-102
671.555,00:03,1343,-87
671.604,00:04,1343,-97
672.001,00:02,1344,-102
672.055,00:03,1344,-87
672.102,00:04,1344,-97
672.501,00:02,1345,-102
672.555,00:03,1345,-87
672.603,00:04,1345,-97
673,00:02,1346,-102
673.057,00:03,1346,-87
673.103,00:04,1346,-96
673.501,00:02,1347,-102
673.555,00:03,1347,-87
673.604,00:04,1347,-96
674,00:02,1348,-101
674.055,00:03,1348,-87
674.103,00:04,1348,-96
674.502,00:02,1349,-101
674.556,00:03,1349,-87
674.604,00:04,1349,-96
675,00:02,1350,-101
675.055,00:03,1350,-87
675.103,00:04,1350,-96
675.502,00:02,1351,-101
675.557,00:03,1351,-87
675.602,00:04,1351,-96
676,00:02,1352,-101
676.056,00:03,1352,-87
676.104,00:04,1352,-96
676.501,00:02,1353,-101
676.557,00:03,1353,-87
676.602,00:04,1353,-96
677.001,00:02,1354,-101
677.056,00:03,1354,-87
677.103,00:04,1354,-96
677.5,00:02,1355,-101
677.556,00:03,1355,-87
677.602,00:04,1355,-96
678.002,00:02,1356,-101
678.056,00:03,1356,-87
678.102,00:04,1356,-96
678.5,00:02,1357,-101
678.558,00:03,1357,-87
678.602,00:04,1357,-96
679.001,00:02,1358,-101
679.056,00:03,1358,-87
679.103,00:04,1358,-95
679.501,00:02,1359,-100
679.556,00:03,1359,-88
679.603,00:04,1359,-95
680.001,00:02,1360,-100
680.056,00:03,1360,-88
680.101,00:04,1360,-95
680.502,00:02,1361,-100
680.557,00:03,1361,-88
680.602,00:04,1361,-95
681.001,00:02,1362,-100
681.058,00:03,1362,-88
681.103,00:04,1362,-95
681.503,00:02,1363,-100
681.556,00:03,1363,-88
681.601,00:04,1363,-95
682,00:02,1364,-100
682.055,00:03,1364,-88
682.102,00:04,1364,-95
682.502,00:02,1365,-100
682.557,00:03,1365,-88
682.602,00:04,1365,-95
683.001,00:02,1366,-100
683.057,00:03,1366,-88
683.101,00:04,1366,-95
683.501,00:02,1367,-100
683.556,00:03,1367,-88
683.602,00:04,1367,-95
684.001,00:02,1368,-100
684.056,00:03,1368,-88
684.104,00:04,1368,-95
684.501,00:02,1369,-100
684.557,00:03,1369,-88
684.602,00:04,1369,-95
685.003,00:02,1370,-104
685.055,00:03,1370,-92
685.103,00:04,1370,-99
685.502,00:02,1371,-103
685.557,00:03,1371,-92
685.604,00:04,1371,-98
686.002,00:02,1372,-103
686.055,00:03,1372,-92
686.104,00:04,1372,-98
686.5,00:02,1373,-103
686.557,00:03,1373,-92
686.603,00:04,1373,-98
687.002,00:02,1374,-103
687.056,00:03,1374,-92
687.1,00:04,1374,-98
687.5,00:02,1375,-103
687.557,00:03,1375,-93
687.602,00:04,1375,-98
688.001,00:02,1376,-103
688.055,00:03,1376,-93
688.101,00:04,1376,-98
688.502,00:02,1377,-103
688.555,00:03,1377,-93
688.602,00:04,1377,-98
689.001,00:02,1378,-99
689.055,00:03,1378,-89
689.101,00:04,1378,-94
689.501,00:02,1379,-99
689.557,00:03,1379,-89
689.603,00:04,1379,-94
690,00:02,1380,-99
690.056,00:03,1380,-89
690.101,00:04,1380,-94
690.502,00:02,1381,-98
690.557,00:03,1381,-89
690.603,00:04,1381,-94
691,00:02,1382,-98
691.057,00:03,1382,-89
691.102,00:04,1382,-94
691.5,00:02,1383,-98
691.556,00:03,1383,-89
691.601,00:04,1383,-94
691.999,00:02,1384,-98
692.058,00:03,1384,-89
692.102,00:04,1384,-94
692.501,00:02,1385,-98
692.556,00:03,1385,-89
692.601,00:04,1385,-94
693.001,00:02,1386,-98
693.056,00:03,1386,-89
693.101,00:04,1386,-93
693.5,00:02,1387,-98
693.556,00:03,1387,-90
693.602,00:04,1387,-93
694.001,00:02,1388,-98
694.056,00:03,1388,-90
694.102,00:04,1388,-93
694.501,00:02,1389,-98
694.556,00:03,1389,-90
694.602,00:04,1389,-93
695.002,00:02,1390,-98
695.055,00:03,1390,-90
695.103,00:04,1390,-93
695.5,00:02,1391,-98
695.556,00:03,1391,-90
695.602,00:04,1391,-93
696.001,00:02,1392,-97
696.057,00:03,1392,-90
696.101,00:04,1392,-93
696.502,00:02,1393,-97
696.555,00:03,1393,-90
696.602,00:04,1393,-93
697,00:02,1394,-97
697.057,00:03,1394,-90
697.101,00:04,1394,-93
697.502,00:02,1395,-97
697.556,00:03,1395,-90
697.603,00:04,1395,-93
698.002,00:02,1396,-97
698.056,00:03,1396,-91
698.103,00:04,1396,-93
698.502,00:02,1397,-97
698.556,00:03,1397,-91
698.604,00:04,1397,-93
699.001,00:02,1398,-97
699.056,00:03,1398,-91
699.1,00:04,1398,-93
699.503,00:02,1399,-97
699.557,00:03,1399,-91
699.602,00:04,1399,-93
700.003,00:02,1400,-97
700.057,00:03,1400,-91
700.1,00:04,1400,-93
700.502,00:02,1401,-97
700.556,00:03,1401,-91
700.603,00:04,1401,-93
701,00:02,1402,-96
701.055,00:03,1402,-91
701.104,00:04,1402,-93
701.502,00:02,1403,-96
701.555,00:03,1403,-91
701.601,00:04,1403,-93
702,00:02,1404,-96
702.055,00:03,1404,-91
702.102,00:04,1404,-92
702.501,00:02,1405,-96
702.557,00:03,1405,-91
702.602,00:04,1405,-92
703.002,00:02,1406,-96
703.056,00:03,1406,-92
703.102,00:04,1406,-92
703.501,00:02,1407,-96
703.555,00:03,1407,-92
703.601,00:04,1407,-92
704.001,00:02,1408,-96
704.055,00:03,1408,-92
704.102,00:04,1408,-92
704.499,00:02,1409,-96
704.558,00:03,1409,-92
704.6,00:04,1409,-92
704.999,00:02,1410,-96
705.058,00:03,1410,-92
705.1,00:04,1410,-92
705.501,00:02,1411,-95
705.557,00:03,1411,-92
705.601,00:04,1411,-92
706.002,00:02,1412,-95
706.058,00:03,1412,-92
706.101,00:04,1412,-92
706.501,00:02,1413,-95
706.556,00:03,1413,-92
706.602,00:04,1413,-92
707.001,00:02,1414,-95
707.057,00:03,1414,-93
707.103,00:04,1414,-92
707.501,00:02,1415,-95
707.557,00:03,1415,-93
707.602,00:04,1415,-92
708.001,00:02,1416,-95
708.056,00:03,1416,-93
708.102,00:04,1416,-92
708.502,00:02,1417,-95
708.556,00:03,1417,-93
708.602,00:04,1417,-92
709,00:02,1418,-95
709.056,00:03,1418,-93
709.103,00:04,1418,-92
709.501,00:02,1419,-95
709.556,00:03,1419,-93
709.601,00:04,1419,-92
709.999,00:02,1420,-95
710.057,00:03,1420,-93
710.103,00:04,1420,-92
710.503,00:02,1421,-94
710.556,00:03,1421,-93
710.601,00:04,1421,-92
711.001,00:02,1422,-94
711.057,00:03,1422,-93
711.102,00:04,1422,-92
711.5,00:02,1423,-94
711.555,00:03,1423,-94
711.602,00:04,1423,-92
712.001,00:02,1424,-94
712.056,00:03,1424,-94
712.102,00:04,1424,-92
712.501,00:02,1425,-94
712.556,00:03,1425,-94
712.603,00:04,1425,-92
713.001,00:02,1426,-94
713.056,00:03,1426,-94
713.102,00:04,1426,-92
713.502,00:02,1427,-94
713.555,00:03,1427,-94
713.601,00:04,1427,-92
714.002,00:02,1428,-94
714.057,00:03,1428,-94
714.103,00:04,1428,-92
714.499,00:02,1429,-94
714.557,00:03,1429,-94
714.603,00:04,1429,-92
715.001,00:02,1430,-93
715.056,00:03,1430,-94
715.102,00:04,1430,-92
715.499,00:02,1431,-93
715.556,00:03,1431,-94
715.601,00:04,1431,-92
715.999,00:02,1432,-93
716.058,00:03,1432,-95
716.102,00:04,1432,-92
716.501,00:02,1433,-93
716.556,00:03,1433,-95
716.601,00:04,1433,-92
717.001,00:02,1434,-93
717.056,00:03,1434,-95
717.102,00:04,1434,-92
717.503,00:02,1435,-93
717.556,00:03,1435,-95
717.602,00:04,1435,-92
718,00:02,1436,-93
718.056,00:03,1436,-95
718.103,00:04,1436,-92
718.5,00:02,1437,-93
718.557,00:03,1437,-95
718.6,00:04,1437,-92
719.002,00:02,1438,-93
719.057,00:03,1438,-95
719.103,00:04,1438,-92
719.502,00:02,1439,-92
719.554,00:03,1439,-95
719.603,00:04,1439,-92
720.002,00:02,1440,-92
720.055,00:03,1440,-95
720.102,00:04,1440,-92
720.5,00:02,1441,-92
720.555,00:03,1441,-96
720.602,00:04,1441,-92
721,00:02,1442,-92
721.055,00:03,1442,-96
721.101,00:04,1442,-92
721.502,00:02,1443,-92
721.557,00:03,1443,-96
721.602,00:04,1443,-92
722,00:02,1444,-92
722.057,00:03,1444,-96
722.102,00:04,1444,-92
722.503,00:02,1445,-92
722.558,00:03,1445,-96
722.601,00:04,1445,-92
723,00:02,1446,-92
723.055,00:03,1446,-96
723.104,00:04,1446,-92
723.502,00:02,1447,-91
723.556,00:03,1447,-96
723.602,00:04,1447,-92
724,00:02,1448,-91
724.055,00:03,1448,-96
724.101,00:04,1448,-92
724.503,00:02,1449,-91
724.557,00:03,1449,-96
724.603,00:04,1449,-92
725.001,00:02,1450,-91
725.055,00:03,1450,-97
725.101,00:04,1450,-92
725.502,00:02,1451,-91
725.557,00:03,1451,-97
725.602,00:04,1451,-92
726,00:02,1452,-91
726.056,00:03,1452,-97
726.102,00:04,1452,-92
726.501,00:02,1453,-91
726.557,00:03,1453,-97
726.6,00:04,1453,-92
727,00:02,1454,-91
727.058,00:03,1454,-97
727.102,00:04,1454,-92
727.5,00:02,1455,-91
727.557,00:03,1455,-97
727.602,00:04,1455,-92
728.001,00:02,1456,-90
728.057,00:03,1456,-97
728.102,00:04,1456,-92
728.501,00:02,1457,-90
728.556,00:03,1457,-97
728.601,00:04,1457,-92
729,00:02,1458,-90
729.057,00:03,1458,-97
729.102,00:04,1458,-92
729.502,00:02,1459,-90
729.556,00:03,1459,-98
729.603,00:04,1459,-92
729.999,00:02,1460,-90
730.057,00:03,1460,-98
730.103,00:04,1460,-92
730.502,00:02,1461,-90
730.556,00:03,1461,-98
730.6,00:04,1461,-92
731,00:02,1462,-90
731.056,00:03,1462,-98
731.101,00:04,1462,-92
731.5,00:02,1463,-90
731.556,00:03,1463,-98
731.602,00:04,1463,-92
732.001,00:02,1464,-90
732.055,00:03,1464,-98
732.103,00:04,1464,-93
732.502,00:02,1465,-89
732.556,00:03,1465,-98
732.601,00:04,1465,-93
733.002,00:02,1466,-89
733.056,00:03,1466,-98
733.102,00:04,1466,-93
733.5,00:02,1467,-89
733.557,00:03,1467,-98
733.601,00:04,1467,-93
734.002,00:02,1468,-89
734.055,00:03,1468,-98
734.103,00:04,1468,-93
734.501,00:02,1469,-89
734.556,00:03,1469,-99
734.602,00:04,1469,-93
735,00:02,1470,-89
735.056,00:03,1470,-99
735.103,00:04,1470,-93
735.502,00:02,1471,-89
735.556,00:03,1471,-99
735.603,00:04,1471,-93
736.001,00:02,1472,-89
736.056,00:03,1472,-99
736.101,00:04,1472,-93
736.502,00:02,1473,-89
736.555,00:03,1473,-99
736.601,00:04,1473,-93
737.001,00:02,1474,-88
737.056,00:03,1474,-99
737.1,00:04,1474,-93
737.501,00:02,1475,-88
737.556,00:03,1475,-99
737.603,00:04,1475,-93
738,00:02,1476,-88
738.056,00:03,1476,-99
738.102,00:04,1476,-93
738.5,00:02,1477,-88
738.557,00:03,1477,-99
738.602,00:04,1477,-93
739,00:02,1478,-88
739.057,00:03,1478,-99
739.1,00:04,1478,-93
739.502,00:02,1479,-88
739.555,00:03,1479,-100
739.603,00:04,1479,-93
739.999,00:02,1480,-88
740.057,00:03,1480,-100
740.101,00:04,1480,-93
740.502,00:02,1481,-88
740.555,00:03,1481,-100
740.602,00:04,1481,-93
741.002,00:02,1482,-88
741.056,00:03,1482,-100
741.102,00:04,1482,-93
741.501,00:02,1483,-88
741.555,00:03,1483,-100
741.603,00:04,1483,-94
742,00:02,1484,-87
742.056,00:03,1484,-100
742.102,00:04,1484,-94
742.5,00:02,1485,-87
742.557,00:03,1485,-100
742.603,00:04,1485,-94
743.002,00:02,1486,-87
743.056,00:03,1486,-100
743.102,00:04,1486,-94
743.5,00:02,1487,-87
743.557,00:03,1487,-100
743.6,00:04,1487,-94
744.001,00:02,1488,-87
744.055,00:03,1488,-100
744.102,00:04,1488,-94
744.5,00:02,1489,-87
744.557,00:03,1489,-100
744.601,00:04,1489,-94
745.001,00:02,1490,-91
745.056,00:03,1490,-105
745.101,00:04,1490,-98
745.501,00:02,1491,-91
745.557,00:03,1491,-105
745.602,00:04,1491,-98
746.001,00:02,1492,-91
746.055,00:03,1492,-105
746.104,00:04,1492,-98
746.501,00:02,1493,-91
746.557,00:03,1493,-105
746.602,00:04,1493,-98
747.001,00:02,1494,-91
747.056,00:03,1494,-105
747.103,00:04,1494,-98
747.501,00:02,1495,-91
747.556,00:03,1495,-105
747.602,00:04,1495,-98
748.001,00:02,1496,-90
748.057,00:03,1496,-105
748.102,00:04,1496,-98
748.501,00:02,1497,-90
748.555,00:03,1497,-105
748.603,00:04,1497,-99
749,00:02,1498,-90
749.056,00:03,1498,-101
749.101,00:04,1498,-95
749.503,00:02,1499,-86
749.556,00:03,1499,-101
749.603,00:04,1499,-95
750.001,00:02,1500,-86
750.056,00:03,1500,-101
750.103,00:04,1500,-95
750.5,00:02,1501,-86
750.556,00:03,1501,-102
750.601,00:04,1501,-95
751.002,00:02,1502,-86
751.057,00:03,1502,-102
751.102,00:04,1502,-95
751.501,00:02,1503,-86
751.555,00:03,1503,-102
751.601,00:04,1503,-95
752.001,00:02,1504,-86
752.056,00:03,1504,-102
752.1,00:04,1504,-95
752.501,00:02,1505,-86
752.558,00:03,1505,-102
752.602,00:04,1505,-95
753.002,00:02,1506,-86
753.056,00:03,1506,-102
753.102,00:04,1506,-95
753.501,00:02,1507,-86
753.556,00:03,1507,-102
753.601,00:04,1507,-95
754.001,00:02,1508,-86
754.056,00:03,1508,-102
754.102,00:04,1508,-95
754.502,00:02,1509,-86
754.557,00:03,1509,-102
754.603,00:04,1509,-95
755.001,00:02,1510,-86
755.057,00:03,1510,-102
755.101,00:04,1510,-96
755.501,00:02,1511,-86
755.557,00:03,1511,-102
755.6,00:04,1511,-96
756.003,00:02,1512,-86
756.056,00:03,1512,-103
756.103,00:04,1512,-96
756.5,00:02,1513,-86
756.557,00:03,1513,-103
756.603,00:04,1513,-96
757.001,00:02,1514,-86
757.056,00:03,1514,-103
757.103,00:04,1514,-96
757.502,00:02,1515,-85
757.557,00:03,1515,-103
757.601,00:04,1515,-96
757.999,00:02,1516,-85
758.055,00:03,1516,-103
758.102,00:04,1516,-96
758.501,00:02,1517,-85
758.555,00:03,1517,-103
758.603,00:04,1517,-96
759.002,00:02,1518,-85
759.056,00:03,1518,-103
759.102,00:04,1518,-96
759.5,00:02,1519,-85
759.556,00:03,1519,-103
759.603,00:04,1519,-96
760,00:02,1520,-85
760.055,00:03,1520,-103
760.101,00:04,1520,-96
760.502,00:02,1521,-85
760.557,00:03,1521,-103
760.601,00:04,1521,-96
761.002,00:02,1522,-85
761.057,00:03,1522,-103
761.1,00:04,1522,-97
761.5,00:02,1523,-85
761.555,00:03,1523,-103
761.603,00:04,1523,-97
762.001,00:02,1524,-85
762.058,00:03,1524,-104
762.103,00:04,1524,-97
762.502,00:02,1525,-86
762.557,00:03,1525,-104
762.601,00:04,1525,-97
763,00:02,1526,-86
763.055,00:03,1526,-104
763.101,00:04,1526,-96
763.499,00:02,1527,-86
763.557,00:03,1527,-104
763.602,00:04,1527,-96
764,00:02,1528,-86
764.057,00:03,1528,-104
764.101,00:04,1528,-96
764.501,00:02,1529,-86
764.557,00:03,1529,-104
764.601,00:04,1529,-96
765.001,00:02,1530,-87
765.057,00:03,1530,-104
765.102,00:04,1530,-96
765.5,00:02,1531,-87
765.556,00:03,1531,-104
765.602,00:04,1531,-96
766.002,00:02,1532,-87
766.057,00:03,1532,-104
766.102,00:04,1532,-96
766.501,00:02,1533,-87
766.557,00:03,1533,-104
766.603,00:04,1533,-96
767.001,00:02,1534,-88
767.057,00:03,1534,-104
767.103,00:04,1534,-96
767.5,00:02,1535,-88
767.556,00:03,1535,-104
767.603,00:04,1535,-96
768.001,00:02,1536,-88
768.057,00:03,1536,-104
768.103,00:04,1536,-96
768.5,00:02,1537,-88
768.556,00:03,1537,-104
768.6,00:04,1537,-96
769.001,00:02,1538,-88
769.056,00:03,1538,-104
769.102,00:04,1538,-95
769.499,00:02,1539,-88
769.555,00:03,1539,-104
769.602,00:04,1539,-95
769.999,00:02,1540,-88
770.057,00:03,1540,-104
770.102,00:04,1540,-95
770.501,00:02,1541,-88
770.555,00:03,1541,-104
770.604,00:04,1541,-95
771.001,00:02,1542,-88
771.058,00:03,1542,-103
771.101,00:04,1542,-95
771.5,00:02,1543,-88
771.556,00:03,1543,-103
771.6,00:04,1543,-95
772.001,00:02,1544,-88
772.058,00:03,1544,-103
772.102,00:04,1544,-95
772.5,00:02,1545,-88
772.556,00:03,1545,-103
772.604,00:04,1545,-95
773,00:02,1546,-88
773.056,00:03,1546,-103
773.102,00:04,1546,-95
773.499,00:02,1547,-88
773.557,00:03,1547,-103
773.602,00:04,1547,-95
774,00:02,1548,-88
774.056,00:03,1548,-103
774.102,00:04,1548,-95
774.5,00:02,1549,-88
774.558,00:03,1549,-103
774.601,00:04,1549,-94
775.002,00:02,1550,-88
775.058,00:03,1550,-103
775.102,00:04,1550,-94
775.501,00:02,1551,-88
775.556,00:03,1551,-103
775.602,00:04,1551,-94
776,00:02,1552,-88
776.055,00:03,1552,-103
776.103,00:04,1552,-94
776.501,00:02,1553,-88
776.557,00:03,1553,-103
776.603,00:04,1553,-94
776.999,00:02,1554,-88
777.056,00:03,1554,-102
777.1,00:04,1554,-94
777.502,00:02,1555,-88
777.554,00:03,1555,-102
777.602,00:04,1555,-94
778.002,00:02,1556,-88
778.056,00:03,1556,-102
778.102,00:04,1556,-94
778.5,00:02,1557,-88
778.557,00:03,1557,-102
778.602,00:04,1557,-94
779.002,00:02,1558,-88
779.055,00:03,1558,-102
779.101,00:04,1558,-94
779.502,00:02,1559,-88
779.557,00:03,1559,-102
779.601,00:04,1559,-94
780.002,00:02,1560,-88
780.056,00:03,1560,-102
780.101,00:04,1560,-94
780.501,00:02,1561,-88
780.558,00:03,1561,-102
780.602,00:04,1561,-93
780.999,00:02,1562,-88
781.055,00:03,1562,-106
781.101,00:04,1562,-97
781.5,00:02,1563,-92
781.558,00:03,1563,-106
781.602,00:04,1563,-97
781.999,00:02,1564,-92
782.056,00:03,1564,-106
782.102,00:04,1564,-97
782.502,00:02,1565,-92
782.556,00:03,1565,-106
782.602,00:04,1565,-97
783,00:02,1566,-93
783.056,00:03,1566,-105
783.102,00:04,1566,-97
783.501,00:02,1567,-93
783.557,00:03,1567,-105
783.602,00:04,1567,-97
784.001,00:02,1568,-93
784.055,00:03,1568,-105
784.102,00:04,1568,-97
784.501,00:02,1569,-93
784.557,00:03,1569,-105
784.602,00:04,1569,-97
785.001,00:02,1570,-89
785.056,00:03,1570,-101
785.1,00:04,1570,-93
785.499,00:02,1571,-89
785.558,00:03,1571,-101
785.603,00:04,1571,-93
785.999,00:02,1572,-89
786.056,00:03,1572,-101
786.102,00:04,1572,-93
786.499,00:02,1573,-89
786.557,00:03,1573,-101
786.602,00:04,1573,-92
787.001,00:02,1574,-89
787.056,00:03,1574,-101
787.101,00:04,1574,-92
787.5,00:02,1575,-89
787.558,00:03,1575,-101
787.601,00:04,1575,-92
788,00:02,1576,-89
788.057,00:03,1576,-101
788.101,00:04,1576,-92
788.501,00:02,1577,-89
788.556,00:03,1577,-100
788.603,00:04,1577,-92
789,00:02,1578,-89
789.055,00:03,1578,-100
789.1,00:04,1578,-92
789.502,00:02,1579,-89
789.556,00:03,1579,-100
789.6,00:04,1579,-92
790.002,00:02,1580,-90
790.055,00:03,1580,-100
790.103,00:04,1580,-92
790.502,00:02,1581,-90
790.555,00:03,1581,-100
790.602,00:04,1581,-92
790.999,00:02,1582,-90
791.058,00:03,1582,-100
791.1,00:04,1582,-92
791.501,00:02,1583,-90
791.556,00:03,1583,-100
791.6,00:04,1583,-92
792,00:02,1584,-90
792.057,00:03,1584,-100
792.101,00:04,1584,-92
792.502,00:02,1585,-90
792.558,00:03,1585,-100
792.601,00:04,1585,-92
793,00:02,1586,-90
793.056,00:03,1586,-100
793.1,00:04,1586,-91
793.5,00:02,1587,-90
793.556,00:03,1587,-100
793.603,00:04,1587,-91
794,00:02,1588,-90
794.056,00:03,1588,-99
794.102,00:04,1588,-91
794.5,00:02,1589,-90
794.556,00:03,1589,-99
794.601,00:04,1589,-91
795.001,00:02,1590,-90
795.057,00:03,1590,-99
795.102,00:04,1590,-91
795.502,00:02,1591,-90
795.556,00:03,1591,-99
795.601,00:04,1591,-91
796.001,00:02,1592,-91
796.057,00:03,1592,-99
796.101,00:04,1592,-91
796.5,00:02,1593,-91
796.556,00:03,1593,-99
796.603,00:04,1593,-91
797,00:02,1594,-91
797.056,00:03,1594,-99
797.103,00:04,1594,-91
797.5,00:02,1595,-91
797.555,00:03,1595,-99
797.601,00:04,1595,-91
798.002,00:02,1596,-91
798.056,00:03,1596,-99
798.101,00:04,1596,-91
798.5,00:02,1597,-91
798.555,00:03,1597,-99
798.601,00:04,1597,-91
799,00:02,1598,-91
799.055,00:03,1598,-98
799.101,00:04,1598,-91
799.502,00:02,1599,-91
799.556,00:03,1599,-98
799.602,00:04,1599,-91
799.999,00:02,1600,-91
800.058,00:03,1600,-98
800.1,00:04,1600,-91
800.501,00:02,1601,-91
800.557,00:03,1601,-98
800.601,00:04,1601,-91
801,00:02,1602,-92
801.056,00:03,1602,-98
801.103,00:04,1602,-91
801.499,00:02,1603,-92
801.557,00:03,1603,-98
801.602,00:04,1603,-91
802.001,00:02,1604,-92
802.055,00:03,1604,-98
802.102,00:04,1604,-91
802.5,00:02,1605,-92
802.558,00:03,1605,-98
802.602,00:04,1605,-90
803,00:02,1606,-92
803.056,00:03,1606,-98
803.101,00:04,1606,-90
803.5,00:02,1607,-92
803.557,00:03,1607,-98
803.601,00:04,1607,-90
804.001,00:02,1608,-92
804.057,00:03,1608,-98
804.103,00:04,1608,-90
804.499,00:02,1609,-92
804.557,00:03,1609,-97
804.601,00:04,1609,-90
805.001,00:02,1610,-92
805.057,00:03,1610,-97
805.102,00:04,1610,-90
805.499,00:02,1611,-92
805.557,00:03,1611,-97
805.603,00:04,1611,-90
806.001,00:02,1612,-93
806.055,00:03,1612,-97
806.101,00:04,1612,-90
806.5,00:02,1613,-93
806.555,00:03,1613,-97
806.601,00:04,1613,-90
807,00:02,1614,-93
807.056,00:03,1614,-97
807.101,00:04,1614,-90
807.502,00:02,1615,-93
807.555,00:03,1615,-97
807.602,00:04,1615,-90
808.001,00:02,1616,-93
808.057,00:03,1616,-97
808.101,00:04,1616,-90
808.5,00:02,1617,-93
808.556,00:03,1617,-97
808.6,00:04,1617,-90
809.001,00:02,1618,-93
809.055,00:03,1618,-97
809.101,00:04,1618,-90
809.502,00:02,1619,-93
809.555,00:03,1619,-96
809.599,00:04,1619,-90
810,00:02,1620,-93
810.058,00:03,1620,-96
810.102,00:04,1620,-90
810.5,00:02,1621,-93
810.555,00:03,1621,-96
810.6,00:04,1621,-90
811,00:02,1622,-94
811.055,00:03,1622,-96
811.1,00:04,1622,-90
811.499,00:02,1623,-94
811.556,00:03,1623,-96
811.601,00:04,1623,-90
812,00:02,1624,-94
812.056,00:03,1624,-96
812.101,00:04,1624,-90
812.5,00:02,1625,-94
812.556,00:03,1625,-96
812.601,00:04,1625,-90
812.999,00:02,1626,-94
813.057,00:03,1626,-96
813.103,00:04,1626,-90
813.502,00:02,1627,-94
813.556,00:03,1627,-96
813.6,00:04,1627,-90
814,00:02,1628,-94
814.057,00:03,1628,-96
814.102,00:04,1628,-90
814.502,00:02,1629,-94
814.555,00:03,1629,-95
814.601,00:04,1629,-90
815,00:02,1630,-94
815.056,00:03,1630,-95
815.101,00:04,1630,-90
815.501,00:02,1631,-94
815.558,00:03,1631,-95
815.601,00:04,1631,-90
816,00:02,1632,-95
816.056,00:03,1632,-95
816.102,00:04,1632,-90
816.501,00:02,1633,-95
816.555,00:03,1633,-95
816.601,00:04,1633,-90
817.002,00:02,1634,-95
817.055,00:03,1634,-95
817.103,00:04,1634,-90
817.502,00:02,1635,-95
817.558,00:03,1635,-95
817.602,00:04,1635,-90
818.001,00:02,1636,-95
818.055,00:03,1636,-95
818.101,00:04,1636,-90
818.5,00:02,1637,-95
818.558,00:03,1637,-95
818.601,00:04,1637,-90
818.999,00:02,1638,-95
819.055,00:03,1638,-95
819.101,00:04,1638,-90
819.501,00:02,1639,-95
819.556,00:03,1639,-94
819.602,00:04,1639,-90
820,00:02,1640,-95
820.057,00:03,1640,-94
820.101,00:04,1640,-90
820.502,00:02,1641,-95
820.557,00:03,1641,-94
820.602,00:04,1641,-90
821,00:02,1642,-96
821.057,00:03,1642,-94
821.101,00:04,1642,-90
821.5,00:02,1643,-96
821.556,00:03,1643,-94
821.602,00:04,1643,-90
822.002,00:02,1644,-96
822.058,00:03,1644,-94
822.101,00:04,1644,-90
822.501,00:02,1645,-96
822.556,00:03,1645,-94
822.602,00:04,1645,-90
822.999,00:02,1646,-96
823.057,00:03,1646,-94
823.101,00:04,1646,-90
823.499,00:02,1647,-96
823.556,00:03,1647,-94
823.602,00:04,1647,-90
824.001,00:02,1648,-96
824.056,00:03,1648,-94
824.102,00:04,1648,-91
824.5,00:02,1649,-96
824.555,00:03,1649,-93
824.6,00:04,1649,-91
825,00:02,1650,-96
825.056,00:03,1650,-93
825.103,00:04,1650,-91
825.5,00:02,1651,-96
825.558,00:03,1651,-93
825.601,00:04,1651,-91
825.999,00:02,1652,-97
826.058,00:03,1652,-93
826.102,00:04,1652,-91
826.501,00:02,1653,-97
826.557,00:03,1653,-93
826.603,00:04,1653,-91
827,00:02,1654,-97
827.055,00:03,1654,-93
827.101,00:04,1654,-91
827.501,00:02,1655,-97
827.557,00:03,1655,-93
827.601,00:04,1655,-91
828,00:02,1656,-97
828.057,00:03,1656,-93
828.103,00:04,1656,-91
828.501,00:02,1657,-97
828.555,00:03,1657,-93
828.603,00:04,1657,-91
829.001,00:02,1658,-97
829.058,00:03,1658,-93
829.101,00:04,1658,-91
829.501,00:02,1659,-97
829.555,00:03,1659,-92
829.602,00:04,1659,-91
830,00:02,1660,-97
830.057,00:03,1660,-92
830.101,00:04,1660,-91
830.501,00:02,1661,-97
830.556,00:03,1661,-92
830.602,00:04,1661,-91
831,00:02,1662,-97
831.056,00:03,1662,-92
831.101,00:04,1662,-91
831.501,00:02,1663,-98
831.558,00:03,1663,-92
831.602,00:04,1663,-91
832.001,00:02,1664,-98
832.057,00:03,1664,-92
832.102,00:04,1664,-91
832.5,00:02,1665,-98
832.557,00:03,1665,-92
832.601,00:04,1665,-91
833,00:02,1666,-98
833.057,00:03,1666,-92
833.101,00:04,1666,-92
833.501,00:02,1667,-98
833.555,00:03,1667,-92
833.601,00:04,1667,-92
834.001,00:02,1668,-98
834.055,00:03,1668,-92
834.101,00:04,1668,-92
834.5,00:02,1669,-98
834.556,00:03,1669,-92
834.601,00:04,1669,-92
834.998,00:02,1670,-98
835.057,00:03,1670,-91
835.1,00:04,1670,-92
835.501,00:02,1671,-98
835.557,00:03,1671,-91
835.602,00:04,1671,-92
836,00:02,1672,-98
836.056,00:03,1672,-91
836.1,00:04,1672,-92
836.501,00:02,1673,-98
836.557,00:03,1673,-91
836.6,00:04,1673,-92
837.001,00:02,1674,-99
837.057,00:03,1674,-91
837.102,00:04,1674,-92
837.5,00:02,1675,-99
837.555,00:03,1675,-91
837.6,00:04,1675,-92
837.999,00:02,1676,-99
838.055,00:03,1676,-91
838.101,00:04,1676,-92
838.499,00:02,1677,-99
838.556,00:03,1677,-91
838.602,00:04,1677,-92
839.002,00:02,1678,-99
839.057,00:03,1678,-91
839.102,00:04,1678,-92
839.5,00:02,1679,-99
839.555,00:03,1679,-91
839.6,00:04,1679,-92
840.001,00:02,1680,-99
840.058,00:03,1680,-91
840.102,00:04,1680,-93
840.498,00:02,1681,-99
840.556,00:03,1681,-91
840.603,00:04,1681,-93
841.001,00:02,1682,-103
841.058,00:03,1682,-95
841.101,00:04,1682,-97
841.499,00:02,1683,-103
841.557,00:03,1683,-94
841.602,00:04,1683,-97
842,00:02,1684,-103
842.056,00:03,1684,-94
842.102,00:04,1684,-97
842.501,00:02,1685,-104
842.557,00:03,1685,-94
842.601,00:04,1685,-97
843.002,00:02,1686,-104
843.055,00:03,1686,-94
843.1,00:04,1686,-97
843.5,00:02,1687,-104
843.557,00:03,1687,-94
843.6,00:04,1687,-97
844.001,00:02,1688,-104
844.057,00:03,1688,-94
844.1,00:04,1688,-97
844.499,00:02,1689,-104
844.557,00:03,1689,-94
844.603,00:04,1689,-97
845.001,00:02,1690,-104
845.056,00:03,1690,-90
845.101,00:04,1690,-93
845.5,00:02,1691,-100
845.555,00:03,1691,-90
845.602,00:04,1691,-93
845.999,00:02,1692,-100
846.057,00:03,1692,-90
846.103,00:04,1692,-94
846.5,00:02,1693,-100
846.556,00:03,1693,-90
846.602,00:04,1693,-94
846.999,00:02,1694,-100
847.058,00:03,1694,-90
847.102,00:04,1694,-94
847.5,00:02,1695,-100
847.556,00:03,1695,-90
847.601,00:04,1695,-94
848,00:02,1696,-100
848.056,00:03,1696,-90
848.1,00:04,1696,-94
848.501,00:02,1697,-101
848.556,00:03,1697,-90
848.601,00:04,1697,-94
849.001,00:02,1698,-101
849.058,00:03,1698,-90
849.101,00:04,1698,-94
849.499,00:02,1699,-101
849.556,00:03,1699,-90
849.6,00:04,1699,-94
849.999,00:02,1700,-101
850.057,00:03,1700,-90
850.1,00:04,1700,-94
850.5,00:02,1701,-101
850.556,00:03,1701,-90
850.601,00:04,1701,-94
850.999,00:02,1702,-101
851.056,00:03,1702,-90
851.102,00:04,1702,-94
851.5,00:02,1703,-101
851.555,00:03,1703,-90
851.602,00:04,1703,-95
852.001,00:02,1704,-101
852.055,00:03,1704,-89
852.1,00:04,1704,-95
852.499,00:02,1705,-101
852.556,00:03,1705,-89
852.6,00:04,1705,-95
853,00:02,1706,-101
853.056,00:03,1706,-89
853.102,00:04,1706,-95
853.501,00:02,1707,-101
853.555,00:03,1707,-89
853.601,00:04,1707,-95
854,00:02,1708,-101
854.057,00:03,1708,-89
854.1,00:04,1708,-95
854.498,00:02,1709,-102
854.555,00:03,1709,-89
854.602,00:04,1709,-95
855.001,00:02,1710,-102
855.055,00:03,1710,-89
855.102,00:04,1710,-95
855.501,00:02,1711,-102
855.556,00:03,1711,-89
855.602,00:04,1711,-95
856.001,00:02,1712,-102
856.056,00:03,1712,-89
856.1,00:04,1712,-95
856.5,00:02,1713,-102
856.558,00:03,1713,-89
856.602,00:04,1713,-95
857.001,00:02,1714,-102
857.057,00:03,1714,-89
857.103,00:04,1714,-96
857.501,00:02,1715,-102
857.556,00:03,1715,-89
857.602,00:04,1715,-96
858,00:02,1716,-102
858.058,00:03,1716,-89
858.101,00:04,1716,-96
858.501,00:02,1717,-102
858.556,00:03,1717,-90
858.602,00:04,1717,-96
859.001,00:02,1718,-102
859.056,00:03,1718,-90
859.1,00:04,1718,-95
859.5,00:02,1719,-102
859.556,00:03,1719,-90
859.602,00:04,1719,-95
860.001,00:02,1720,-102
860.056,00:03,1720,-90
860.1,00:04,1720,-95
860.499,00:02,1721,-102
860.556,00:03,1721,-90
860.602,00:04,1721,-95
860.999,00:02,1722,-102
861.057,00:03,1722,-91
861.103,00:04,1722,-95
861.502,00:02,1723,-102
861.557,00:03,1723,-91
861.602,00:04,1723,-95
862.001,00:02,1724,-102
862.056,00:03,1724,-91
862.102,00:04,1724,-95
862.5,00:02,1725,-102
862.555,00:03,1725,-91
862.601,00:04,1725,-95
863,00:02,1726,-103
863.058,00:03,1726,-91
863.101,00:04,1726,-95
863.5,00:02,1727,-103
863.556,00:03,1727,-91
863.602,00:04,1727,-95
864.001,00:02,1728,-103
864.054,00:03,1728,-91
864.1,00:04,1728,-95
864.501,00:02,1729,-102
864.556,00:03,1729,-91
864.6,00:04,1729,-95
864.999,00:02,1730,-102
865.056,00:03,1730,-91
865.102,00:04,1730,-95
865.5,00:02,1731,-102
865.556,00:03,1731,-91
865.601,00:04,1731,-94
865.999,00:02,1732,-102
866.055,00:03,1732,-91
866.101,00:04,1732,-94
866.498,00:02,1733,-102
866.557,00:03,1733,-91
866.601,00:04,1733,-94
866.999,00:02,1734,-102
867.057,00:03,1734,-91
867.102,00:04,1734,-94
867.502,00:02,1735,-102
867.556,00:03,1735,-91
867.601,00:04,1735,-94
867.998,00:02,1736,-102
868.056,00:03,1736,-91
868.102,00:04,1736,-94
868.499,00:02,1737,-102
868.557,00:03,1737,-91
868.601,00:04,1737,-94
869,00:02,1738,-102
869.056,00:03,1738,-91
869.101,00:04,1738,-94
869.5,00:02,1739,-102
869.556,00:03,1739,-91
869.602,00:04,1739,-94
870,00:02,1740,-102
870.058,00:03,1740,-91
870.102,00:04,1740,-93
870.501,00:02,1741,-102
870.557,00:03,1741,-91
870.601,00:04,1741,-93
871,00:02,1742,-101
871.058,00:03,1742,-91
871.1,00:04,1742,-93
871.5,00:02,1743,-101
871.557,00:03,1743,-91
871.599,00:04,1743,-93
872,00:02,1744,-101
872.056,00:03,1744,-91
872.103,00:04,1744,-93
872.5,00:02,1745,-101
872.555,00:03,1745,-91
872.602,00:04,1745,-93
873,00:02,1746,-101
873.055,00:03,1746,-92
873.101,00:04,1746,-93
873.501,00:02,1747,-101
873.555,00:03,1747,-92
873.602,00:04,1747,-93
874,00:02,1748,-101
874.056,00:03,1748,-92
874.1,00:04,1748,-93
874.499,00:02,1749,-101
874.558,00:03,1749,-92
874.601,00:04,1749,-93
874.999,00:02,1750,-101
875.057,00:03,1750,-92
875.101,00:04,1750,-92
875.499,00:02,1751,-101
875.556,00:03,1751,-92
875.601,00:04,1751,-92
876.001,00:02,1752,-101
876.056,00:03,1752,-92
876.1,00:04,1752,-92
876.502,00:02,1753,-101
876.554,00:03,1753,-92
876.601,00:04,1753,-92
877.001,00:02,1754,-100
877.058,00:03,1754,-96
877.102,00:04,1754,-96
877.499,00:02,1755,-104
877.555,00:03,1755,-96
877.601,00:04,1755,-96
878.002,00:02,1756,-104
878.057,00:03,1756,-96
878.101,00:04,1756,-96
878.499,00:02,1757,-104
878.556,00:03,1757,-96
878.602,00:04,1757,-96
879.002,00:02,1758,-104
879.057,00:03,1758,-96
879.101,00:04,1758,-96
879.501,00:02,1759,-104
879.556,00:03,1759,-96
879.6,00:04,1759,-96
879.999,00:02,1760,-104
880.058,00:03,1760,-96
880.1,00:04,1760,-95
880.499,00:02,1761,-104
880.556,00:03,1761,-96
880.6,00:04,1761,-95
880.998,00:02,1762,-104
881.056,00:03,1762,-92
881.101,00:04,1762,-91
881.5,00:02,1763,-100
881.558,00:03,1763,-92
881.601,00:04,1763,-91
882,00:02,1764,-100
882.056,00:03,1764,-92
882.1,00:04,1764,-91
882.499,00:02,1765,-100
882.557,00:03,1765,-92
882.599,00:04,1765,-91
883.001,00:02,1766,-99
883.058,00:03,1766,-92
883.103,00:04,1766,-91
883.5,00:02,1767,-99
883.557,00:03,1767,-93
883.6,00:04,1767,-91
883.999,00:02,1768,-99
884.058,00:03,1768,-93
884.102,00:04,1768,-91
884.499,00:02,1769,-99
884.556,00:03,1769,-93
884.602,00:04,1769,-91
885,00:02,1770,-99
885.056,00:03,1770,-93
885.101,00:04,1770,-91
885.499,00:02,1771,-99
885.556,00:03,1771,-93
885.603,00:04,1771,-90
886,00:02,1772,-99
886.057,00:03,1772,-93
886.101,00:04,1772,-90
886.502,00:02,1773,-99
886.556,00:03,1773,-93
886.601,00:04,1773,-90
887.001,00:02,1774,-99
887.055,00:03,1774,-93
887.101,00:04,1774,-90
887.499,00:02,1775,-99
887.558,00:03,1775,-93
887.602,00:04,1775,-90
887.999,00:02,1776,-99
888.057,00:03,1776,-93
888.1,00:04,1776,-90
888.5,00:02,1777,-99
888.556,00:03,1777,-93
888.6,00:04,1777,-90
888.999,00:02,1778,-98
889.057,00:03,1778,-93
889.102,00:04,1778,-90
889.499,00:02,1779,-98
889.555,00:03,1779,-93
889.601,00:04,1779,-90
889.998,00:02,1780,-98
890.058,00:03,1780,-93
890.101,00:04,1780,-90
890.499,00:02,1781,-98
890.558,00:03,1781,-94
890.6,00:04,1781,-90
891,00:02,1782,-98
891.057,00:03,1782,-94
891.101,00:04,1782,-90
891.499,00:02,1783,-98
891.556,00:03,1783,-94
891.6,00:04,1783,-89
892.001,00:02,1784,-98
892.057,00:03,1784,-94
892.101,00:04,1784,-89
892.5,00:02,1785,-98
892.555,00:03,1785,-94
892.601,00:04,1785,-89
892.999,00:02,1786,-98
893.056,00:03,1786,-94
893.102,00:04,1786,-89
893.499,00:02,1787,-98
893.556,00:03,1787,-94
893.603,00:04,1787,-89
893.999,00:02,1788,-98
894.056,00:03,1788,-94
894.101,00:04,1788,-89
894.5,00:02,1789,-97
894.556,00:03,1789,-94
894.599,00:04,1789,-89
895,00:02,1790,-97
895.055,00:03,1790,-94
895.101,00:04,1790,-89
895.5,00:02,1791,-97
895.556,00:03,1791,-94
895.601,00:04,1791,-89
895.998,00:02,1792,-97
896.055,00:03,1792,-94
896.101,00:04,1792,-89
896.5,00:02,1793,-97
896.556,00:03,1793,-94
896.6,00:04,1793,-89
897.001,00:02,1794,-97
897.055,00:03,1794,-95
897.101,00:04,1794,-89
897.5,00:02,1795,-97
897.557,00:03,1795,-95
897.601,00:04,1795,-89
898.002,00:02,1796,-97
898.057,00:03,1796,-95
898.101,00:04,1796,-89
898.499,00:02,1797,-97
898.556,00:03,1797,-95
898.602,00:04,1797,-89
899.001,00:02,1798,-97
899.056,00:03,1798,-95
899.101,00:04,1798,-89
899.5,00:02,1799,-97
899.556,00:03,1799,-95
899.6,00:04,1799,-89
899.998,00:02,1800,-97
900.057,00:03,1800,-95
900.101,00:04,1800,-88
900.498,00:02,1801,-96
900.556,00:03,1801,-95
900.6,00:04,1801,-88
900.999,00:02,1802,-96
901.056,00:03,1802,-95
901.102,00:04,1802,-88
901.501,00:02,1803,-96
901.557,00:03,1803,-95
901.6,00:04,1803,-88
902,00:02,1804,-96
902.056,00:03,1804,-95
902.102,00:04,1804,-88
902.499,00:02,1805,-96
902.556,00:03,1805,-96
902.6,00:04,1805,-88
902.999,00:02,1806,-96
903.057,00:03,1806,-96
903.102,00:04,1806,-88
903.499,00:02,1807,-96
903.556,00:03,1807,-96
903.599,00:04,1807,-88
903.999,00:02,1808,-96
904.056,00:03,1808,-96
904.1,00:04,1808,-88
904.499,00:02,1809,-96
904.558,00:03,1809,-96
904.6,00:04,1809,-88
905,00:02,1810,-96
905.056,00:03,1810,-96
905.101,00:04,1810,-88
905.499,00:02,1811,-96
905.557,00:03,1811,-96
905.599,00:04,1811,-88
906,00:02,1812,-95
906.057,00:03,1812,-96
906.101,00:04,1812,-88
906.5,00:02,1813,-95
906.556,00:03,1813,-96
906.6,00:04,1813,-88
906.998,00:02,1814,-95
907.055,00:03,1814,-96
907.101,00:04,1814,-88
907.499,00:02,1815,-95
907.556,00:03,1815,-96
907.602,00:04,1815,-88
908.001,00:02,1816,-95
908.056,00:03,1816,-97
908.1,00:04,1816,-88
908.5,00:02,1817,-95
908.555,00:03,1817,-97
908.6,00:04,1817,-88
909.001,00:02,1818,-95
909.056,00:03,1818,-97
909.101,00:04,1818,-88
909.499,00:02,1819,-95
909.557,00:03,1819,-97
909.601,00:04,1819,-88
910,00:02,1820,-95
910.055,00:03,1820,-97
910.102,00:04,1820,-88
910.501,00:02,1821,-95
910.557,00:03,1821,-97
910.6,00:04,1821,-88
911,00:02,1822,-95
911.055,00:03,1822,-97
911.101,00:04,1822,-88
911.501,00:02,1823,-94
911.557,00:03,1823,-97
911.599,00:04,1823,-88
911.999,00:02,1824,-94
912.055,00:03,1824,-97
912.1,00:04,1824,-88
912.499,00:02,1825,-94
912.556,00:03,1825,-97
912.6,00:04,1825,-88
912.999,00:02,1826,-94
913.056,00:03,1826,-97
913.101,00:04,1826,-88
913.499,00:02,1827,-94
913.557,00:03,1827,-98
913.601,00:04,1827,-88
914,00:02,1828,-94
914.056,00:03,1828,-98
914.101,00:04,1828,-88
914.499,00:02,1829,-94
914.557,00:03,1829,-98
914.601,00:04,1829,-88
915,00:02,1830,-94
915.057,00:03,1830,-98
915.1,00:04,1830,-88
915.498,00:02,1831,-94
915.556,00:03,1831,-98
915.601,00:04,1831,-88
915.998,00:02,1832,-94
916.056,00:03,1832,-98
916.101,00:04,1832,-88
916.5,00:02,1833,-94
916.556,00:03,1833,-98
916.601,00:04,1833,-88
916.999,00:02,1834,-93
917.058,00:03,1834,-98
917.102,00:04,1834,-88
917.5,00:02,1835,-93
917.557,00:03,1835,-98
917.599,00:04,1835,-88
918,00:02,1836,-93
918.058,00:03,1836,-98
918.101,00:04,1836,-88
918.499,00:02,1837,-93
918.557,00:03,1837,-98
918.601,00:04,1837,-89
919.001,00:02,1838,-93
919.058,00:03,1838,-98
919.1,00:04,1838,-89
919.499,00:02,1839,-93
919.557,00:03,1839,-99
919.6,00:04,1839,-89
919.998,00:02,1840,-93
920.057,00:03,1840,-99
920.099,00:04,1840,-89
920.5,00:02,1841,-93
920.557,00:03,1841,-99
920.6,00:04,1841,-89
920.999,00:02,1842,-93
921.055,00:03,1842,-99
921.101,00:04,1842,-89
921.501,00:02,1843,-93
921.556,00:03,1843,-99
921.6,00:04,1843,-89
921.999,00:02,1844,-93
922.057,00:03,1844,-99
922.101,00:04,1844,-89
922.498,00:02,1845,-93
922.557,00:03,1845,-99
922.602,00:04,1845,-89
923,00:02,1846,-92
923.055,00:03,1846,-99
923.101,00:04,1846,-89
923.5,00:02,1847,-92
923.556,00:03,1847,-99
923.6,00:04,1847,-89
923.998,00:02,1848,-92
924.056,00:03,1848,-99
924.1,00:04,1848,-89
924.499,00:02,1849,-92
924.558,00:03,1849,-99
924.601,00:04,1849,-89
925,00:02,1850,-92
925.058,00:03,1850,-100
925.1,00:04,1850,-89
925.5,00:02,1851,-92
925.556,00:03,1851,-100
925.599,00:04,1851,-89
925.998,00:02,1852,-92
926.056,00:03,1852,-100
926.1,00:04,1852,-89
926.5,00:02,1853,-92
926.556,00:03,1853,-100
926.6,00:04,1853,-90
926.998,00:02,1854,-92
927.055,00:03,1854,-100
927.102,00:04,1854,-90
927.5,00:02,1855,-92
927.557,00:03,1855,-100
927.602,00:04,1855,-90
927.998,00:02,1856,-92
928.056,00:03,1856,-100
928.101,00:04,1856,-90
928.501,00:02,1857,-92
928.556,00:03,1857,-100
928.602,00:04,1857,-90
929,00:02,1858,-92
929.055,00:03,1858,-100
929.101,00:04,1858,-90
929.499,00:02,1859,-91
929.556,00:03,1859,-100
929.599,00:04,1859,-90
929.998,00:02,1860,-91
930.057,00:03,1860,-100
930.1,00:04,1860,-90
930.5,00:02,1861,-91
930.556,00:03,1861,-101
930.6,00:04,1861,-90
931,00:02,1862,-91
931.057,00:03,1862,-101
931.101,00:04,1862,-90
931.5,00:02,1863,-91
931.555,00:03,1863,-101
931.6,00:04,1863,-90
932,00:02,1864,-91
932.056,00:03,1864,-101
932.1,00:04,1864,-90
932.5,00:02,1865,-91
932.556,00:03,1865,-101
932.602,00:04,1865,-90
933,00:02,1866,-91
933.057,00:03,1866,-101
933.101,00:04,1866,-91
933.498,00:02,1867,-91
933.556,00:03,1867,-101
933.6,00:04,1867,-91
934,00:02,1868,-91
934.056,00:03,1868,-101
934.102,00:04,1868,-91
934.5,00:02,1869,-91
934.555,00:03,1869,-101
934.599,00:04,1869,-91
935,00:02,1870,-91
935.056,00:03,1870,-101
935.1,00:04,1870,-91
935.499,00:02,1871,-91
935.556,00:03,1871,-101
935.599,00:04,1871,-91
935.998,00:02,1872,-91
936.055,00:03,1872,-101
936.1,00:04,1872,-91
936.499,00:02,1873,-91
936.556,00:03,1873,-102
936.601,00:04,1873,-91
937.001,00:02,1874,-94
937.055,00:03,1874,-106
937.101,00:04,1874,-95
937.499,00:02,1875,-94
937.558,00:03,1875,-106
937.603,00:04,1875,-95
937.999,00:02,1876,-94
938.058,00:03,1876,-106
938.099,00:04,1876,-95
938.501,00:02,1877,-94
938.556,00:03,1877,-106
938.599,00:04,1877,-96
939,00:02,1878,-94
939.056,00:03,1878,-106
939.102,00:04,1878,-96
939.5,00:02,1879,-94
939.556,00:03,1879,-106
939.599,00:04,1879,-96
940,00:02,1880,-94
940.056,00:03,1880,-106
940.099,00:04,1880,-96
940.499,00:02,1881,-94
940.557,00:03,1881,-106
940.6,00:04,1881,-96
940.999,00:02,1882,-94
941.056,00:03,1882,-102
941.102,00:04,1882,-92
941.5,00:02,1883,-90
941.555,00:03,1883,-102
941.601,00:04,1883,-92
942,00:02,1884,-90
942.057,00:03,1884,-102
942.102,00:04,1884,-92
942.497,00:02,1885,-90
942.555,00:03,1885,-103
942.601,00:04,1885,-92
943,00:02,1886,-90
943.056,00:03,1886,-103
943.099,00:04,1886,-92
943.499,00:02,1887,-90
943.556,00:03,1887,-103
943.599,00:04,1887,-93
944,00:02,1888,-90
944.056,00:03,1888,-103
944.1,00:04,1888,-93
944.498,00:02,1889,-90
944.555,00:03,1889,-103
944.6,00:04,1889,-93
944.999,00:02,1890,-90
945.056,00:03,1890,-103
945.102,00:04,1890,-93
945.501,00:02,1891,-90
945.557,00:03,1891,-103
945.601,00:04,1891,-93
946.001,00:02,1892,-90
946.058,00:03,1892,-103
946.102,00:04,1892,-93
946.5,00:02,1893,-90
946.558,00:03,1893,-103
946.6,00:04,1893,-93
946.997,00:02,1894,-90
947.055,00:03,1894,-103
947.1,00:04,1894,-93
947.5,00:02,1895,-90
947.555,00:03,1895,-103
947.601,00:04,1895,-93
948.001,00:02,1896,-90
948.056,00:03,1896,-103
948.1,00:04,1896,-94
948.498,00:02,1897,-90
948.556,00:03,1897,-103
948.6,00:04,1897,-94
949,00:02,1898,-90
949.057,00:03,1898,-104
949.1,00:04,1898,-94
949.501,00:02,1899,-89
949.556,00:03,1899,-104
949.6,00:04,1899,-94
949.998,00:02,1900,-89
950.057,00:03,1900,-104
950.1,00:04,1900,-94
950.498,00:02,1901,-89
950.558,00:03,1901,-104
950.6,00:04,1901,-94
951,00:02,1902,-89
951.057,00:03,1902,-104
951.102,00:04,1902,-94
951.5,00:02,1903,-89
951.556,00:03,1903,-104
951.603,00:04,1903,-94
951.997,00:02,1904,-89
952.056,00:03,1904,-104
952.1,00:04,1904,-94
952.498,00:02,1905,-89
952.558,00:03,1905,-104
952.601,00:04,1905,-94
952.999,00:02,1906,-89
953.055,00:03,1906,-104
953.1,00:04,1906,-95
953.501,00:02,1907,-89
953.557,00:03,1907,-104
953.601,00:04,1907,-95
953.997,00:02,1908,-89
954.057,00:03,1908,-104
954.101,00:04,1908,-95
954.5,00:02,1909,-90
954.555,00:03,1909,-104
954.599,00:04,1909,-95
954.998,00:02,1910,-90
955.056,00:03,1910,-104
955.101,00:04,1910,-95
955.5,00:02,1911,-90
955.557,00:03,1911,-104
955.602,00:04,1911,-94
955.999,00:02,1912,-90
956.056,00:03,1912,-104
956.099,00:04,1912,-94
956.499,00:02,1913,-90
956.556,00:03,1913,-105
956.601,00:04,1913,-94
956.998,00:02,1914,-90
957.055,00:03,1914,-105
957.1,00:04,1914,-94
957.499,00:02,1915,-91
957.557,00:03,1915,-105
957.6,00:04,1915,-94
957.998,00:02,1916,-91
958.056,00:03,1916,-105
958.102,00:04,1916,-94
958.499,00:02,1917,-91
958.556,00:03,1917,-105
958.599,00:04,1917,-94
959,00:02,1918,-91
959.057,00:03,1918,-105
959.1,00:04,1918,-94
959.5,00:02,1919,-91
959.556,00:03,1919,-105
959.599,00:04,1919,-94
959.998,00:02,1920,-91
960.056,00:03,1920,-105
960.1,00:04,1920,-94
960.499,00:02,1921,-91
960.555,00:03,1921,-105
960.601,00:04,1921,-94
961,00:02,1922,-91
961.057,00:03,1922,-105
961.1,00:04,1922,-94
961.498,00:02,1923,-91
961.555,00:03,1923,-104
961.6,00:04,1923,-93
961.999,00:02,1924,-91
962.057,00:03,1924,-104
962.102,00:04,1924,-93
962.498,00:02,1925,-91
962.555,00:03,1925,-104
962.599,00:04,1925,-93
962.999,00:02,1926,-91
963.056,00:03,1926,-104
963.101,00:04,1926,-93
963.499,00:02,1927,-91
963.558,00:03,1927,-104
963.601,00:04,1927,-93
963.999,00:02,1928,-91
964.057,00:03,1928,-104
964.102,00:04,1928,-93
964.499,00:02,1929,-91
964.556,00:03,1929,-104
964.6,00:04,1929,-93
964.998,00:02,1930,-91
965.057,00:03,1930,-104
965.1,00:04,1930,-93
965.499,00:02,1931,-91
965.555,00:03,1931,-104
965.601,00:04,1931,-92
966,00:02,1932,-91
966.057,00:03,1932,-104
966.099,00:04,1932,-92
966.5,00:02,1933,-91
966.556,00:03,1933,-104
966.6,00:04,1933,-92
967.001,00:02,1934,-91
967.057,00:03,1934,-104
967.101,00:04,1934,-92
967.499,00:02,1935,-91
967.557,00:03,1935,-104
967.6,00:04,1935,-92
967.998,00:02,1936,-91
968.057,00:03,1936,-104
968.101,00:04,1936,-92
968.498,00:02,1937,-91
968.557,00:03,1937,-103
968.6,00:04,1937,-92
968.999,00:02,1938,-91
969.057,00:03,1938,-103
969.101,00:04,1938,-92
969.499,00:02,1939,-91
969.556,00:03,1939,-103
969.599,00:04,1939,-92
970,00:02,1940,-91
970.057,00:03,1940,-103
970.1,00:04,1940,-91
970.498,00:02,1941,-91
970.557,00:03,1941,-103
970.599,00:04,1941,-91
970.998,00:02,1942,-92
971.056,00:03,1942,-103
971.102,00:04,1942,-91
971.499,00:02,1943,-92
971.556,00:03,1943,-103
971.6,00:04,1943,-91
971.998,00:02,1944,-92
972.056,00:03,1944,-103
972.101,00:04,1944,-91
972.5,00:02,1945,-92
972.558,00:03,1945,-103
972.6,00:04,1945,-91
973.001,00:02,1946,-92
973.058,00:03,1946,-107
973.1,00:04,1946,-95
973.498,00:02,1947,-96
973.558,00:03,1947,-107
973.602,00:04,1947,-95
974,00:02,1948,-96
974.056,00:03,1948,-107
974.099,00:04,1948,-94
974.5,00:02,1949,-96
974.557,00:03,1949,-107
974.599,00:04,1949,-94
974.999,00:02,1950,-96
975.056,00:03,1950,-106
975.099,00:04,1950,-94
975.498,00:02,1951,-96
975.555,00:03,1951,-106
975.601,00:04,1951,-94
975.998,00:02,1952,-96
976.056,00:03,1952,-106
976.1,00:04,1952,-94
976.5,00:02,1953,-96
976.556,00:03,1953,-106
976.599,00:04,1953,-94
976.999,00:02,1954,-96
977.055,00:03,1954,-102
977.099,00:04,1954,-90
977.501,00:02,1955,-92
977.556,00:03,1955,-102
977.6,00:04,1955,-90
977.999,00:02,1956,-92
978.056,00:03,1956,-102
978.101,00:04,1956,-90
978.499,00:02,1957,-92
978.556,00:03,1957,-102
978.601,00:04,1957,-89
978.999,00:02,1958,-92
979.055,00:03,1958,-102
979.102,00:04,1958,-89
979.498,00:02,1959,-92
979.555,00:03,1959,-102
979.601,00:04,1959,-89
979.999,00:02,1960,-92
980.058,00:03,1960,-102
980.101,00:04,1960,-89
980.5,00:02,1961,-92
980.555,00:03,1961,-102
980.6,00:04,1961,-89
981.001,00:02,1962,-92
981.058,00:03,1962,-102
981.1,00:04,1962,-89
981.499,00:02,1963,-92
981.556,00:03,1963,-101
981.6,00:04,1963,-89
981.998,00:02,1964,-93
982.057,00:03,1964,-101
982.101,00:04,1964,-89
982.5,00:02,1965,-93
982.558,00:03,1965,-101
982.601,00:04,1965,-89
983,00:02,1966,-93
983.055,00:03,1966,-101
983.1,00:04,1966,-89
983.498,00:02,1967,-93
983.558,00:03,1967,-101
983.602,00:04,1967,-88
983.997,00:02,1968,-93
984.057,00:03,1968,-101
984.101,00:04,1968,-88
984.5,00:02,1969,-93
984.557,00:03,1969,-101
984.6,00:04,1969,-88
985,00:02,1970,-93
985.056,00:03,1970,-101
985.101,00:04,1970,-88
985.499,00:02,1971,-93
985.556,00:03,1971,-101
985.599,00:04,1971,-88
985.998,00:02,1972,-93
986.058,00:03,1972,-101
986.102,00:04,1972,-88
986.501,00:02,1973,-93
986.556,00:03,1973,-101
986.602,00:04,1973,-88
986.999,00:02,1974,-93
987.056,00:03,1974,-101
987.1,00:04,1974,-88
987.498,00:02,1975,-93
987.558,00:03,1975,-100
987.599,00:04,1975,-88
987.998,00:02,1976,-93
988.055,00:03,1976,-100
988.1,00:04,1976,-88
988.5,00:02,1977,-93
988.557,00:03,1977,-100
988.599,00:04,1977,-87
988.999,00:02,1978,-93
989.057,00:03,1978,-100
989.101,00:04,1978,-87
989.499,00:02,1979,-93
989.557,00:03,1979,-100
989.599,00:04,1979,-87
989.999,00:02,1980,-94
990.056,00:03,1980,-100
990.101,00:04,1980,-87
990.499,00:02,1981,-94
990.555,00:03,1981,-100
990.602,00:04,1981,-87
990.999,00:02,1982,-94
991.056,00:03,1982,-100
991.099,00:04,1982,-87
991.5,00:02,1983,-94
991.556,00:03,1983,-100
991.599,00:04,1983,-87
991.998,00:02,1984,-94
992.056,00:03,1984,-100
992.101,00:04,1984,-87
992.5,00:02,1985,-94
992.556,00:03,1985,-100
992.6,00:04,1985,-87
992.998,00:02,1986,-94
993.055,00:03,1986,-100
993.1,00:04,1986,-87
993.498,00:02,1987,-94
993.557,00:03,1987,-100
993.6,00:04,1987,-87
993.999,00:02,1988,-94
994.056,00:03,1988,-99
994.102,00:04,1988,-87
994.5,00:02,1989,-94
994.554,00:03,1989,-99
994.601,00:04,1989,-87
995.001,00:02,1990,-94
995.058,00:03,1990,-99
995.1,00:04,1990,-87
995.499,00:02,1991,-94
995.556,00:03,1991,-99
995.601,00:04,1991,-86
995.999,00:02,1992,-94
996.056,00:03,1992,-99
996.1,00:04,1992,-86
996.5,00:02,1993,-95
996.555,00:03,1993,-99
996.601,00:04,1993,-86
996.999,00:02,1994,-95
997.058,00:03,1994,-99
997.1,00:04,1994,-86
997.499,00:02,1995,-95
997.556,00:03,1995,-99
997.599,00:04,1995,-86
998,00:02,1996,-95
998.057,00:03,1996,-99
998.099,00:04,1996,-86
998.499,00:02,1997,-95
998.555,00:03,1997,-99
998.6,00:04,1997,-86
998.999,00:02,1998,-95
999.058,00:03,1998,-99
999.099,00:04,1998,-86
999.497,00:02,1999,-95
999.556,00:03,1999,-99
999.601,00:04,1999,-86
1000,00:02,2000,-95
1000.06,00:03,2000,-98
1000.1,00:04,2000,-86
1000.5,00:02,2001,-95
1000.56,00:03,2001,-98
1000.6,00:04,2001,-86
1001,00:02,2002,-95
1001.06,00:03,2002,-98
1001.1,00:04,2002,-86
1001.5,00:02,2003,-95
1001.56,00:03,2003,-98
1001.6,00:04,2003,-86
1002,00:02,2004,-95
1002.06,00:03,2004,-98
1002.1,00:04,2004,-86
1002.5,00:02,2005,-95
1002.56,00:03,2005,-98
1002.6,00:04,2005,-86
1003,00:02,2006,-96
1003.06,00:03,2006,-98
1003.1,00:04,2006,-86
1003.5,00:02,2007,-96
1003.55,00:03,2007,-98
1003.6,00:04,2007,-86
1004,00:02,2008,-96
1004.06,00:03,2008,-98
1004.1,00:04,2008,-86
1004.5,00:02,2009,-96
1004.56,00:03,2009,-98
1004.6,00:04,2009,-86
1005,00:02,2010,-96
1005.06,00:03,2010,-98
1005.1,00:04,2010,-86
1005.5,00:02,2011,-96
1005.56,00:03,2011,-98
1005.6,00:04,2011,-86
1006,00:02,2012,-96
1006.06,00:03,2012,-97
1006.1,00:04,2012,-86
1006.5,00:02,2013,-96
1006.56,00:03,2013,-97
1006.6,00:04,2013,-86
1007,00:02,2014,-96
1007.05,00:03,2014,-97
1007.1,00:04,2014,-86
1007.5,00:02,2015,-96
1007.56,00:03,2015,-97
1007.6,00:04,2015,-86
1008,00:02,2016,-96
1008.06,00:03,2016,-97
1008.1,00:04,2016,-86
1008.5,00:02,2017,-96
1008.56,00:03,2017,-97
1008.6,00:04,2017,-86
1009,00:02,2018,-96
1009.06,00:03,2018,-97
1009.1,00:04,2018,-86
1009.5,00:02,2019,-97
1009.56,00:03,2019,-97
1009.6,00:04,2019,-86
1010,00:02,2020,-97
1010.06,00:03,2020,-97
1010.1,00:04,2020,-86
1010.5,00:02,2021,-97
1010.56,00:03,2021,-97
1010.6,00:04,2021,-86
1011,00:02,2022,-97
1011.06,00:03,2022,-97
1011.1,00:04,2022,-86
1011.5,00:02,2023,-97
1011.56,00:03,2023,-97
1011.6,00:04,2023,-86
1012,00:02,2024,-97
1012.06,00:03,2024,-97
1012.1,00:04,2024,-86
1012.5,00:02,2025,-97
1012.56,00:03,2025,-96
1012.6,00:04,2025,-86
1013,00:02,2026,-97
1013.05,00:03,2026,-96
1013.1,00:04,2026,-86
1013.5,00:02,2027,-97
1013.56,00:03,2027,-96
1013.6,00:04,2027,-86
1014,00:02,2028,-97
1014.06,00:03,2028,-96
1014.1,00:04,2028,-86
1014.5,00:02,2029,-97
1014.56,00:03,2029,-96
1014.6,00:04,2029,-86
1015,00:02,2030,-97
1015.06,00:03,2030,-96
1015.1,00:04,2030,-87
1015.5,00:02,2031,-98
1015.56,00:03,2031,-96
1015.6,00:04,2031,-87
1016,00:02,2032,-98
1016.06,00:03,2032,-96
1016.1,00:04,2032,-87
1016.5,00:02,2033,-98
1016.56,00:03,2033,-96
1016.6,00:04,2033,-87
1017,00:02,2034,-98
1017.06,00:03,2034,-96
1017.1,00:04,2034,-87
1017.5,00:02,2035,-98
1017.55,00:03,2035,-96
1017.6,00:04,2035,-87
1018,00:02,2036,-98
1018.06,00:03,2036,-96
1018.1,00:04,2036,-87
1018.5,00:02,2037,-98
1018.56,00:03,2037,-96
1018.6,00:04,2037,-87
1019,00:02,2038,-98
1019.06,00:03,2038,-95
1019.1,00:04,2038,-87
1019.5,00:02,2039,-98
1019.56,00:03,2039,-95
1019.6,00:04,2039,-87
1020,00:02,2040,-98
1020.06,00:03,2040,-95
1020.1,00:04,2040,-87
1020.5,00:02,2041,-98
1020.56,00:03,2041,-95
1020.6,00:04,2041,-87
1021,00:02,2042,-98
1021.06,00:03,2042,-95
1021.1,00:04,2042,-87
1021.5,00:02,2043,-99
1021.55,00:03,2043,-95
1021.6,00:04,2043,-87
1022,00:02,2044,-99
1022.05,00:03,2044,-95
1022.1,00:04,2044,-88
1022.5,00:02,2045,-99
1022.56,00:03,2045,-95
1022.6,00:04,2045,-88
1023,00:02,2046,-99
1023.06,00:03,2046,-95
1023.1,00:04,2046,-88
1023.5,00:02,2047,-99
1023.56,00:03,2047,-95
1023.6,00:04,2047,-88
1024,00:02,2048,-99
1024.06,00:03,2048,-95
1024.1,00:04,2048,-88
1024.5,00:02,2049,-99
1024.56,00:03,2049,-95
1024.6,00:04,2049,-88
1025,00:02,2050,-99
1025.06,00:03,2050,-95
1025.1,00:04,2050,-88
1025.5,00:02,2051,-99
1025.56,00:03,2051,-95
1025.6,00:04,2051,-88
1026,00:02,2052,-99
1026.06,00:03,2052,-95
1026.1,00:04,2052,-88
1026.5,00:02,2053,-99
1026.56,00:03,2053,-94
1026.6,00:04,2053,-88
1027,00:02,2054,-99
1027.06,00:03,2054,-94
1027.1,00:04,2054,-89
1027.5,00:02,2055,-100
1027.56,00:03,2055,-94
1027.6,00:04,2055,-89
1028,00:02,2056,-100
1028.06,00:03,2056,-94
1028.1,00:04,2056,-89
1028.5,00:02,2057,-100
1028.56,00:03,2057,-94
1028.6,00:04,2057,-89
1029,00:02,2058,-100
1029.06,00:03,2058,-94
1029.1,00:04,2058,-89
1029.5,00:02,2059,-100
1029.56,00:03,2059,-94
1029.6,00:04,2059,-89
1030,00:02,2060,-100
1030.06,00:03,2060,-94
1030.1,00:04,2060,-89
1030.5,00:02,2061,-100
1030.56,00:03,2061,-94
1030.6,00:04,2061,-89
1031,00:02,2062,-100
1031.06,00:03,2062,-94
1031.1,00:04,2062,-89
1031.5,00:02,2063,-100
1031.56,00:03,2063,-94
1031.6,00:04,2063,-90
1032,00:02,2064,-100
1032.05,00:03,2064,-94
1032.1,00:04,2064,-90
1032.5,00:02,2065,-100
1032.56,00:03,2065,-94
1032.6,00:04,2065,-90
1033,00:02,2066,-100
1033.05,00:03,2066,-98
1033.1,00:04,2066,-94
1033.5,00:02,2067,-104
1033.56,00:03,2067,-98
1033.6,00:04,2067,-94
1034,00:02,2068,-105
1034.06,00:03,2068,-98
1034.1,00:04,2068,-94
1034.5,00:02,2069,-105
1034.56,00:03,2069,-98
1034.6,00:04,2069,-94
1035,00:02,2070,-105
1035.06,00:03,2070,-98
1035.1,00:04,2070,-94
1035.5,00:02,2071,-105
1035.56,00:03,2071,-98
1035.6,00:04,2071,-94
1036,00:02,2072,-105
1036.06,00:03,2072,-98
1036.1,00:04,2072,-95
1036.5,00:02,2073,-105
1036.56,00:03,2073,-97
1036.6,00:04,2073,-95
1037,00:02,2074,-105
1037.06,00:03,2074,-93
1037.1,00:04,2074,-91
1037.5,00:02,2075,-101
1037.56,00:03,2075,-93
1037.6,00:04,2075,-91
1038,00:02,2076,-101
1038.06,00:03,2076,-93
1038.1,00:04,2076,-91
1038.5,00:02,2077,-101
1038.56,00:03,2077,-93
1038.6,00:04,2077,-91
1039,00:02,2078,-101
1039.06,00:03,2078,-93
1039.1,00:04,2078,-91
1039.5,00:02,2079,-101
1039.56,00:03,2079,-93
1039.6,00:04,2079,-91
1040,00:02,2080,-101
1040.06,00:03,2080,-93
1040.1,00:04,2080,-91
1040.5,00:02,2081,-102
1040.56,00:03,2081,-93
1040.6,00:04,2081,-92
1041,00:02,2082,-102
1041.06,00:03,2082,-93
1041.1,00:04,2082,-92
1041.5,00:02,2083,-102
1041.56,00:03,2083,-93
1041.6,00:04,2083,-92
1042,00:02,2084,-102
1042.06,00:03,2084,-93
1042.1,00:04,2084,-92
1042.5,00:02,2085,-102
1042.56,00:03,2085,-93
1042.6,00:04,2085,-92
1043,00:02,2086,-102
1043.06,00:03,2086,-93
1043.1,00:04,2086,-92
1043.5,00:02,2087,-102
1043.56,00:03,2087,-93
1043.6,00:04,2087,-92
1044,00:02,2088,-102
1044.06,00:03,2088,-93
1044.1,00:04,2088,-92
1044.5,00:02,2089,-102
1044.56,00:03,2089,-93
1044.6,00:04,2089,-93
1045,00:02,2090,-102
1045.06,00:03,2090,-93
1045.1,00:04,2090,-93
1045.5,00:02,2091,-102
1045.56,00:03,2091,-93
1045.6,00:04,2091,-93
1046,00:02,2092,-102
1046.06,00:03,2092,-93
1046.1,00:04,2092,-93
1046.5,00:02,2093,-102
1046.56,00:03,2093,-93
1046.6,00:04,2093,-93
1047,00:02,2094,-102
1047.06,00:03,2094,-93
1047.1,00:04,2094,-93
1047.5,00:02,2095,-103
1047.56,00:03,2095,-93
1047.6,00:04,2095,-93
1048,00:02,2096,-103
1048.06,00:03,2096,-93
1048.1,00:04,2096,-93
1048.5,00:02,2097,-103
1048.56,00:03,2097,-93
1048.6,00:04,2097,-93
1049,00:02,2098,-103
1049.06,00:03,2098,-93
1049.1,00:04,2098,-94
1049.5,00:02,2099,-103
1049.56,00:03,2099,-93
1049.6,00:04,2099,-94
1050,00:02,2100,-103
1050.06,00:03,2100,-93
1050.1,00:04,2100,-94
1050.5,00:02,2101,-103
1050.56,00:03,2101,-93
1050.6,00:04,2101,-94
1051,00:02,2102,-103
1051.06,00:03,2102,-93
1051.1,00:04,2102,-94
1051.5,00:02,2103,-103
1051.56,00:03,2103,-93
1051.6,00:04,2103,-93
1052,00:02,2104,-103
1052.06,00:03,2104,-94
1052.1,00:04,2104,-93
1052.5,00:02,2105,-103
1052.56,00:03,2105,-94
1052.6,00:04,2105,-93
1053,00:02,2106,-103
1053.06,00:03,2106,-94
1053.1,00:04,2106,-93
1053.5,00:02,2107,-103
1053.56,00:03,2107,-94
1053.6,00:04,2107,-93
1054,00:02,2108,-103
1054.06,00:03,2108,-94
1054.1,00:04,2108,-93
1054.5,00:02,2109,-103
1054.55,00:03,2109,-94
1054.6,00:04,2109,-93
1055,00:02,2110,-103
1055.05,00:03,2110,-94
1055.1,00:04,2110,-93
1055.5,00:02,2111,-103
1055.56,00:03,2111,-94
1055.6,00:04,2111,-93
1056,00:02,2112,-103
1056.06,00:03,2112,-94
1056.1,00:04,2112,-93
1056.5,00:02,2113,-103
1056.56,00:03,2113,-94
1056.6,00:04,2113,-93
1057,00:02,2114,-103
1057.06,00:03,2114,-95
1057.1,00:04,2114,-93
1057.5,00:02,2115,-103
1057.55,00:03,2115,-95
1057.6,00:04,2115,-92
1058,00:02,2116,-103
1058.06,00:03,2116,-95
1058.1,00:04,2116,-92
1058.5,00:02,2117,-103
1058.56,00:03,2117,-95
1058.6,00:04,2117,-92
1059,00:02,2118,-103
1059.06,00:03,2118,-95
1059.1,00:04,2118,-92
1059.5,00:02,2119,-103
1059.56,00:03,2119,-95
1059.6,00:04,2119,-92
1060,00:02,2120,-103
1060.05,00:03,2120,-95
1060.1,00:04,2120,-92
1060.5,00:02,2121,-103
1060.55,00:03,2121,-95
1060.6,00:04,2121,-92
1061,00:02,2122,-103
1061.06,00:03,2122,-95
1061.1,00:04,2122,-92
1061.5,00:02,2123,-103
1061.56,00:03,2123,-95
1061.6,00:04,2123,-91
1062,00:02,2124,-103
1062.06,00:03,2124,-95
1062.1,00:04,2124,-91
1062.5,00:02,2125,-102
1062.56,00:03,2125,-95
1062.6,00:04,2125,-91
1063,00:02,2126,-102
1063.05,00:03,2126,-95
1063.1,00:04,2126,-91
1063.5,00:02,2127,-102
1063.56,00:03,2127,-95
1063.6,00:04,2127,-91
1064,00:02,2128,-102
1064.06,00:03,2128,-95
1064.1,00:04,2128,-91
1064.5,00:02,2129,-102
1064.56,00:03,2129,-95
1064.6,00:04,2129,-91
1065,00:02,2130,-102
1065.06,00:03,2130,-95
1065.1,00:04,2130,-90
1065.5,00:02,2131,-102
1065.56,00:03,2131,-95
1065.6,00:04,2131,-90
1066,00:02,2132,-102
1066.06,00:03,2132,-95
1066.1,00:04,2132,-90
1066.5,00:02,2133,-102
1066.56,00:03,2133,-95
1066.6,00:04,2133,-90
1067,00:02,2134,-102
1067.06,00:03,2134,-95
1067.1,00:04,2134,-90
1067.5,00:02,2135,-102
1067.56,00:03,2135,-95
1067.6,00:04,2135,-90
1068,00:02,2136,-102
1068.06,00:03,2136,-95
1068.1,00:04,2136,-90
1068.5,00:02,2137,-102
1068.56,00:03,2137,-95
1068.6,00:04,2137,-90
1069,00:02,2138,-102
1069.06,00:03,2138,-99
1069.1,00:04,2138,-93
1069.5,00:02,2139,-105
1069.56,00:03,2139,-99
1069.6,00:04,2139,-93
1070,00:02,2140,-105
1070.06,00:03,2140,-99
1070.1,00:04,2140,-93
1070.5,00:02,2141,-105
1070.56,00:03,2141,-99
1070.6,00:04,2141,-93
1071,00:02,2142,-105
1071.06,00:03,2142,-99
1071.1,00:04,2142,-93
1071.5,00:02,2143,-105
1071.55,00:03,2143,-99
1071.6,00:04,2143,-93
1072,00:02,2144,-105
1072.06,00:03,2144,-99
1072.1,00:04,2144,-93
1072.5,00:02,2145,-105
1072.56,00:03,2145,-99
1072.6,00:04,2145,-92
1073,00:02,2146,-105
1073.06,00:03,2146,-95
1073.1,00:04,2146,-88
1073.5,00:02,2147,-101
1073.56,00:03,2147,-95
1073.6,00:04,2147,-88
1074,00:02,2148,-101
1074.05,00:03,2148,-95
1074.1,00:04,2148,-88
1074.5,00:02,2149,-101
1074.56,00:03,2149,-95
1074.6,00:04,2149,-88
1075,00:02,2150,-101
1075.06,00:03,2150,-95
1075.1,00:04,2150,-88
1075.5,00:02,2151,-101
1075.56,00:03,2151,-95
1075.6,00:04,2151,-88
1076,00:02,2152,-101
1076.06,00:03,2152,-95
1076.1,00:04,2152,-87
1076.5,00:02,2153,-100
1076.56,00:03,2153,-96
1076.6,00:04,2153,-87
1077,00:02,2154,-100
1077.06,00:03,2154,-96
1077.1,00:04,2154,-87
1077.5,00:02,2155,-100
1077.56,00:03,2155,-96
1077.6,00:04,2155,-87
1078,00:02,2156,-100
1078.06,00:03,2156,-96
1078.1,00:04,2156,-87
1078.5,00:02,2157,-100
1078.56,00:03,2157,-96
1078.6,00:04,2157,-87
1079,00:02,2158,-100
1079.06,00:03,2158,-96
1079.1,00:04,2158,-87
1079.5,00:02,2159,-100
1079.56,00:03,2159,-96
1079.6,00:04,2159,-87
1080,00:02,2160,-100
1080.06,00:03,2160,-96
1080.1,00:04,2160,-86
1080.5,00:02,2161,-100
1080.56,00:03,2161,-96
1080.6,00:04,2161,-86
1081,00:02,2162,-100
1081.06,00:03,2162,-96
1081.1,00:04,2162,-86
1081.5,00:02,2163,-100
1081.56,00:03,2163,-96
1081.6,00:04,2163,-86
1082,00:02,2164,-100
1082.06,00:03,2164,-96
1082.1,00:04,2164,-86
1082.5,00:02,2165,-100
1082.56,00:03,2165,-96
1082.6,00:04,2165,-86
1083,00:02,2166,-99
1083.06,00:03,2166,-96
1083.1,00:04,2166,-86
1083.5,00:02,2167,-99
1083.56,00:03,2167,-96
1083.6,00:04,2167,-86
1084,00:02,2168,-99
1084.06,00:03,2168,-96
1084.1,00:04,2168,-86
1084.5,00:02,2169,-99
1084.56,00:03,2169,-96
1084.6,00:04,2169,-85
1085,00:02,2170,-99
1085.06,00:03,2170,-96
1085.1,00:04,2170,-85
1085.5,00:02,2171,-99
1085.56,00:03,2171,-97
1085.6,00:04,2171,-85
1086,00:02,2172,-99
1086.06,00:03,2172,-97
1086.1,00:04,2172,-85
1086.5,00:02,2173,-99
1086.56,00:03,2173,-97
1086.6,00:04,2173,-85
1087,00:02,2174,-99
1087.06,00:03,2174,-97
1087.1,00:04,2174,-85
1087.5,00:02,2175,-99
1087.56,00:03,2175,-97
1087.6,00:04,2175,-85
1088,00:02,2176,-99
1088.06,00:03,2176,-97
1088.1,00:04,2176,-85
1088.5,00:02,2177,-99
1088.56,00:03,2177,-97
1088.6,00:04,2177,-85
1089,00:02,2178,-99
1089.06,00:03,2178,-97
1089.1,00:04,2178,-85
1089.5,00:02,2179,-98
1089.56,00:03,2179,-97
1089.6,00:04,2179,-84
1090,00:02,2180,-98
1090.06,00:03,2180,-97
1090.1,00:04,2180,-84
1090.5,00:02,2181,-98
1090.56,00:03,2181,-97
1090.6,00:04,2181,-84
1091,00:02,2182,-98
1091.06,00:03,2182,-97
1091.1,00:04,2182,-84
1091.5,00:02,2183,-98
1091.56,00:03,2183,-97
1091.6,00:04,2183,-84
1092,00:02,2184,-98
1092.06,00:03,2184,-97
1092.1,00:04,2184,-84
1092.5,00:02,2185,-98
1092.56,00:03,2185,-97
1092.6,00:04,2185,-84
1093,00:02,2186,-98
1093.06,00:03,2186,-97
1093.1,00:04,2186,-84
1093.5,00:02,2187,-98
1093.56,00:03,2187,-98
1093.6,00:04,2187,-84
1094,00:02,2188,-98
1094.06,00:03,2188,-98
1094.1,00:04,2188,-84
1094.5,00:02,2189,-98
1094.56,00:03,2189,-98
1094.6,00:04,2189,-84
1095,00:02,2190,-98
1095.06,00:03,2190,-98
1095.1,00:04,2190,-84
1095.5,00:02,2191,-98
1095.56,00:03,2191,-98
1095.6,00:04,2191,-84
1096,00:02,2192,-98
1096.06,00:03,2192,-98
1096.1,00:04,2192,-84
1096.5,00:02,2193,-97
1096.56,00:03,2193,-98
1096.6,00:04,2193,-84
1097,00:02,2194,-97
1097.06,00:03,2194,-98
1097.1,00:04,2194,-84
1097.5,00:02,2195,-97
1097.56,00:03,2195,-98
1097.6,00:04,2195,-83
1098,00:02,2196,-97
1098.06,00:03,2196,-98
1098.1,00:04,2196,-83
1098.5,00:02,2197,-97
1098.56,00:03,2197,-98
1098.6,00:04,2197,-83
1099,00:02,2198,-97
1099.06,00:03,2198,-98
1099.1,00:04,2198,-83
1099.5,00:02,2199,-97
1099.56,00:03,2199,-98
1099.6,00:04,2199,-83
1100,00:02,2200,-97
1100.05,00:03,2200,-98
1100.1,00:04,2200,-83
1100.5,00:02,2201,-97
1100.56,00:03,2201,-99
1100.6,00:04,2201,-83
1101,00:02,2202,-97
1101.06,00:03,2202,-99
1101.1,00:04,2202,-83
1101.5,00:02,2203,-97
1101.56,00:03,2203,-99
1101.6,00:04,2203,-83
1102,00:02,2204,-97
1102.06,00:03,2204,-99
1102.1,00:04,2204,-83
1102.5,00:02,2205,-97
1102.56,00:03,2205,-99
1102.6,00:04,2205,-83
1103,00:02,2206,-97
1103.06,00:03,2206,-99
1103.1,00:04,2206,-83
1103.5,00:02,2207,-96
1103.56,00:03,2207,-99
1103.6,00:04,2207,-83
1104,00:02,2208,-96
1104.06,00:03,2208,-99
1104.1,00:04,2208,-83
1104.5,00:02,2209,-96
1104.56,00:03,2209,-99
1104.6,00:04,2209,-84
1105,00:02,2210,-96
1105.06,00:03,2210,-99
1105.1,00:04,2210,-84
1105.5,00:02,2211,-96
1105.56,00:03,2211,-99
1105.6,00:04,2211,-84
1106,00:02,2212,-96
1106.06,00:03,2212,-99
1106.1,00:04,2212,-84
1106.5,00:02,2213,-96
1106.56,00:03,2213,-99
1106.6,00:04,2213,-84
1107,00:02,2214,-96
1107.06,00:03,2214,-99
1107.1,00:04,2214,-84
1107.5,00:02,2215,-96
1107.56,00:03,2215,-100
1107.6,00:04,2215,-84
1108,00:02,2216,-96
1108.06,00:03,2216,-100
1108.1,00:04,2216,-84
1108.5,00:02,2217,-96
1108.56,00:03,2217,-100
1108.6,00:04,2217,-84
1109,00:02,2218,-96
1109.06,00:03,2218,-100
1109.1,00:04,2218,-84
1109.5,00:02,2219,-96
1109.56,00:03,2219,-100
1109.6,00:04,2219,-84
1110,00:02,2220,-96
1110.05,00:03,2220,-100
1110.1,00:04,2220,-84
1110.5,00:02,2221,-95
1110.56,00:03,2221,-100
1110.6,00:04,2221,-84
1111,00:02,2222,-95
1111.05,00:03,2222,-100
1111.1,00:04,2222,-84
1111.5,00:02,2223,-95
1111.56,00:03,2223,-100
1111.6,00:04,2223,-84
1112,00:02,2224,-95
1112.06,00:03,2224,-100
1112.1,00:04,2224,-84
1112.5,00:02,2225,-95
1112.56,00:03,2225,-100
1112.6,00:04,2225,-84
1113,00:02,2226,-95
1113.05,00:03,2226,-100
1113.1,00:04,2226,-85
1113.5,00:02,2227,-95
1113.56,00:03,2227,-100
1113.6,00:04,2227,-85
1114,00:02,2228,-95
1114.06,00:03,2228,-101
1114.1,00:04,2228,-85
1114.5,00:02,2229,-95
1114.56,00:03,2229,-101
1114.6,00:04,2229,-85
1115,00:02,2230,-95
1115.06,00:03,2230,-101
1115.1,00:04,2230,-85
1115.5,00:02,2231,-95
1115.55,00:03,2231,-101
1115.6,00:04,2231,-85
1116,00:02,2232,-95
1116.06,00:03,2232,-101
1116.1,00:04,2232,-85
1116.5,00:02,2233,-95
1116.56,00:03,2233,-101
1116.6,00:04,2233,-85
1117,00:02,2234,-95
1117.06,00:03,2234,-101
1117.1,00:04,2234,-85
1117.5,00:02,2235,-95
1117.56,00:03,2235,-101
1117.6,00:04,2235,-85
1118,00:02,2236,-95
1118.06,00:03,2236,-101
1118.1,00:04,2236,-86
1118.5,00:02,2237,-94
1118.56,00:03,2237,-101
1118.6,00:04,2237,-86
1119,00:02,2238,-94
1119.06,00:03,2238,-101
1119.1,00:04,2238,-86
1119.5,00:02,2239,-94
1119.56,00:03,2239,-101
1119.6,00:04,2239,-86
1120,00:02,2240,-94
1120.05,00:03,2240,-101
1120.1,00:04,2240,-86
1120.5,00:02,2241,-94
1120.56,00:03,2241,-101
1120.6,00:04,2241,-86
1121,00:02,2242,-94
1121.06,00:03,2242,-102
1121.1,00:04,2242,-86
1121.5,00:02,2243,-94
1121.56,00:03,2243,-102
1121.6,00:04,2243,-86
1122,00:02,2244,-94
1122.06,00:03,2244,-102
1122.1,00:04,2244,-87
1122.5,00:02,2245,-94
1122.56,00:03,2245,-102
1122.6,00:04,2245,-87
1123,00:02,2246,-94
1123.06,00:03,2246,-102
1123.1,00:04,2246,-87
1123.5,00:02,2247,-94
1123.56,00:03,2247,-102
1123.6,00:04,2247,-87
1124,00:02,2248,-94
1124.06,00:03,2248,-102
1124.1,00:04,2248,-87
1124.5,00:02,2249,-94
1124.56,00:03,2249,-102
1124.6,00:04,2249,-87
1125,00:02,2250,-94
1125.06,00:03,2250,-102
1125.1,00:04,2250,-87
1125.5,00:02,2251,-94
1125.56,00:03,2251,-102
1125.6,00:04,2251,-87
1126,00:02,2252,-94
1126.06,00:03,2252,-102
1126.1,00:04,2252,-88
1126.5,00:02,2253,-94
1126.56,00:03,2253,-102
1126.6,00:04,2253,-88
1127,00:02,2254,-94
1127.06,00:03,2254,-102
1127.1,00:04,2254,-88
1127.5,00:02,2255,-94
1127.56,00:03,2255,-103
1127.6,00:04,2255,-88
1128,00:02,2256,-94
1128.06,00:03,2256,-103
1128.1,00:04,2256,-88
1128.5,00:02,2257,-93
1128.56,00:03,2257,-103
1128.6,00:04,2257,-88
1129,00:02,2258,-93
1129.06,00:03,2258,-107
1129.1,00:04,2258,-92
1129.5,00:02,2259,-97
1129.55,00:03,2259,-107
1129.6,00:04,2259,-92
1130,00:02,2260,-97
1130.06,00:03,2260,-107
1130.1,00:04,2260,-93
1130.5,00:02,2261,-97
1130.56,00:03,2261,-107
1130.6,00:04,2261,-93
1131,00:02,2262,-97
1131.06,00:03,2262,-107
1131.1,00:04,2262,-93
1131.5,00:02,2263,-97
1131.56,00:03,2263,-107
1131.6,00:04,2263,-93
1132,00:02,2264,-97
1132.06,00:03,2264,-107
1132.1,00:04,2264,-93
1132.5,00:02,2265,-97
1132.56,00:03,2265,-107
1132.6,00:04,2265,-93
1133,00:02,2266,-97
1133.06,00:03,2266,-103
1133.1,00:04,2266,-89
1133.5,00:02,2267,-93
1133.56,00:03,2267,-103
1133.6,00:04,2267,-90
1134,00:02,2268,-93
1134.06,00:03,2268,-103
1134.1,00:04,2268,-90
1134.5,00:02,2269,-93
1134.56,00:03,2269,-104
1134.6,00:04,2269,-90
1135,00:02,2270,-93
1135.06,00:03,2270,-104
1135.1,00:04,2270,-90
1135.5,00:02,2271,-93
1135.56,00:03,2271,-104
1135.6,00:04,2271,-90
1136,00:02,2272,-93
1136.06,00:03,2272,-104
1136.1,00:04,2272,-90
1136.5,00:02,2273,-93
1136.56,00:03,2273,-104
1136.6,00:04,2273,-90
1137,00:02,2274,-93
1137.06,00:03,2274,-104
1137.1,00:04,2274,-91
1137.5,00:02,2275,-93
1137.56,00:03,2275,-104
1137.6,00:04,2275,-91
1138,00:02,2276,-93
1138.06,00:03,2276,-104
1138.1,00:04,2276,-91
1138.5,00:02,2277,-93
1138.56,00:03,2277,-104
1138.6,00:04,2277,-91
1139,00:02,2278,-93
1139.06,00:03,2278,-104
1139.1,00:04,2278,-91
1139.5,00:02,2279,-93
1139.56,00:03,2279,-104
1139.6,00:04,2279,-91
1140,00:02,2280,-93
1140.06,00:03,2280,-104
1140.1,00:04,2280,-91
1140.5,00:02,2281,-93
1140.55,00:03,2281,-104
1140.6,00:04,2281,-91
1141,00:02,2282,-93
1141.06,00:03,2282,-104
1141.1,00:04,2282,-92
1141.5,00:02,2283,-93
1141.56,00:03,2283,-105
1141.6,00:04,2283,-92
1142,00:02,2284,-93
1142.06,00:03,2284,-105
1142.1,00:04,2284,-92
1142.5,00:02,2285,-93
1142.56,00:03,2285,-105
1142.6,00:04,2285,-92
1143,00:02,2286,-93
1143.06,00:03,2286,-105
1143.1,00:04,2286,-92
1143.5,00:02,2287,-93
1143.56,00:03,2287,-105
1143.6,00:04,2287,-92
1144,00:02,2288,-93
1144.06,00:03,2288,-105
1144.1,00:04,2288,-92
1144.5,00:02,2289,-93
1144.55,00:03,2289,-105
1144.6,00:04,2289,-92
1145,00:02,2290,-93
1145.05,00:03,2290,-105
1145.1,00:04,2290,-93
1145.5,00:02,2291,-93
1145.55,00:03,2291,-105
1145.6,00:04,2291,-93
1146,00:02,2292,-93
1146.06,00:03,2292,-105
1146.1,00:04,2292,-93
1146.5,00:02,2293,-93
1146.55,00:03,2293,-105
1146.6,00:04,2293,-93
1147,00:02,2294,-93
1147.05,00:03,2294,-105
1147.1,00:04,2294,-93
1147.5,00:02,2295,-93
1147.56,00:03,2295,-105
1147.6,00:04,2295,-93
1148,00:02,2296,-93
1148.06,00:03,2296,-105
1148.1,00:04,2296,-92
1148.5,00:02,2297,-93
1148.56,00:03,2297,-105
1148.6,00:04,2297,-92
1149,00:02,2298,-94
1149.06,00:03,2298,-105
1149.1,00:04,2298,-92
1149.5,00:02,2299,-94
1149.56,00:03,2299,-105
1149.6,00:04,2299,-92
1150,00:02,2300,-94
1150.06,00:03,2300,-105
1150.1,00:04,2300,-92
1150.5,00:02,2301,-94
1150.56,00:03,2301,-106
1150.6,00:04,2301,-92
1151,00:02,2302,-94
1151.06,00:03,2302,-106
1151.1,00:04,2302,-92
1151.5,00:02,2303,-94
1151.55,00:03,2303,-106
1151.6,00:04,2303,-92
1152,00:02,2304,-94
1152.06,00:03,2304,-106
1152.1,00:04,2304,-92
1152.5,00:02,2305,-94
1152.56,00:03,2305,-106
1152.6,00:04,2305,-92
1153,00:02,2306,-94
1153.06,00:03,2306,-105
1153.1,00:04,2306,-92
1153.5,00:02,2307,-94
1153.56,00:03,2307,-105
1153.6,00:04,2307,-92
1154,00:02,2308,-94
1154.06,00:03,2308,-105
1154.1,00:04,2308,-91
1154.5,00:02,2309,-94
1154.55,00:03,2309,-105
1154.6,00:04,2309,-91
1155,00:02,2310,-94
1155.06,00:03,2310,-105
1155.1,00:04,2310,-91
1155.5,00:02,2311,-94
1155.56,00:03,2311,-105
1155.6,00:04,2311,-91
1156,00:02,2312,-94
1156.06,00:03,2312,-105
1156.1,00:04,2312,-91
1156.5,00:02,2313,-94
1156.56,00:03,2313,-105
1156.6,00:04,2313,-91
1157,00:02,2314,-94
1157.06,00:03,2314,-105
1157.1,00:04,2314,-90
1157.5,00:02,2315,-94
1157.56,00:03,2315,-105
1157.6,00:04,2315,-90
1158,00:02,2316,-94
1158.06,00:03,2316,-105
1158.1,00:04,2316,-90
1158.5,00:02,2317,-94
1158.56,00:03,2317,-105
1158.6,00:04,2317,-90
1159,00:02,2318,-94
1159.06,00:03,2318,-105
1159.1,00:04,2318,-90
1159.5,00:02,2319,-94
1159.55,00:03,2319,-105
1159.6,00:04,2319,-90
1160,00:02,2320,-94
1160.06,00:03,2320,-105
1160.1,00:04,2320,-90
1160.5,00:02,2321,-94
1160.56,00:03,2321,-104
1160.6,00:04,2321,-89
1161,00:02,2322,-94
1161.06,00:03,2322,-104
1161.1,00:04,2322,-89
1161.5,00:02,2323,-94
1161.56,00:03,2323,-104
1161.6,00:04,2323,-89
1162,00:02,2324,-94
1162.06,00:03,2324,-104
1162.1,00:04,2324,-89
1162.5,00:02,2325,-94
1162.56,00:03,2325,-104
1162.6,00:04,2325,-89
1163,00:02,2326,-94
1163.06,00:03,2326,-104
1163.1,00:04,2326,-89
1163.5,00:02,2327,-94
1163.56,00:03,2327,-104
1163.6,00:04,2327,-88
1164,00:02,2328,-94
1164.06,00:03,2328,-104
1164.1,00:04,2328,-88
1164.5,00:02,2329,-94
1164.56,00:03,2329,-104
1164.6,00:04,2329,-88
1165,00:02,2330,-95
1165.06,00:03,2330,-108
1165.1,00:04,2330,-92
1165.5,00:02,2331,-99
1165.56,00:03,2331,-108
1165.6,00:04,2331,-92
1166,00:02,2332,-99
1166.06,00:03,2332,-108
1166.1,00:04,2332,-92
1166.5,00:02,2333,-99
1166.56,00:03,2333,-108
1166.6,00:04,2333,-92
1167,00:02,2334,-99
1167.1,00:04,2334,-91
1167.5,00:02,2335,-99
1167.56,00:03,2335,-108
1167.6,00:04,2335,-91
1168,00:02,2336,-99
1168.1,00:04,2336,-91
1168.5,00:02,2337,-99
1168.56,00:03,2337,-107
1168.6,00:04,2337,-91
1169,00:02,2338,-99
1169.06,00:03,2338,-103
1169.1,00:04,2338,-87
1169.5,00:02,2339,-95
1169.55,00:03,2339,-103
1169.6,00:04,2339,-87
1170,00:02,2340,-95
1170.06,00:03,2340,-103
1170.1,00:04,2340,-86
1170.5,00:02,2341,-95
1170.56,00:03,2341,-103
1170.6,00:04,2341,-86
1171,00:02,2342,-95
1171.06,00:03,2342,-103
1171.1,00:04,2342,-86
1171.5,00:02,2343,-95
1171.56,00:03,2343,-103
1171.6,00:04,2343,-86
1172,00:02,2344,-95
1172.06,00:03,2344,-103
1172.1,00:04,2344,-86
1172.5,00:02,2345,-95
1172.56,00:03,2345,-103
1172.6,00:04,2345,-86
1173,00:02,2346,-95
1173.06,00:03,2346,-103
1173.1,00:04,2346,-85
1173.5,00:02,2347,-95
1173.56,00:03,2347,-103
1173.6,00:04,2347,-85
1174,00:02,2348,-95
1174.06,00:03,2348,-103
1174.1,00:04,2348,-85
1174.5,00:02,2349,-95
1174.56,00:03,2349,-103
1174.6,00:04,2349,-85
1175,00:02,2350,-95
1175.06,00:03,2350,-102
1175.1,00:04,2350,-85
1175.5,00:02,2351,-95
1175.56,00:03,2351,-102
1175.6,00:04,2351,-85
1176,00:02,2352,-95
1176.06,00:03,2352,-102
1176.1,00:04,2352,-85
1176.5,00:02,2353,-95
1176.56,00:03,2353,-102
1176.6,00:04,2353,-84
1177,00:02,2354,-95
1177.06,00:03,2354,-102
1177.1,00:04,2354,-84
1177.5,00:02,2355,-95
1177.56,00:03,2355,-102
1177.6,00:04,2355,-84
1178,00:02,2356,-96
1178.06,00:03,2356,-102
1178.1,00:04,2356,-84
1178.5,00:02,2357,-96
1178.56,00:03,2357,-102
1178.6,00:04,2357,-84
1179,00:02,2358,-96
1179.06,00:03,2358,-102
1179.1,00:04,2358,-84
1179.5,00:02,2359,-96
1179.55,00:03,2359,-102
1179.6,00:04,2359,-83
1180,00:02,2360,-96
1180.06,00:03,2360,-102
1180.1,00:04,2360,-83
1180.5,00:02,2361,-96
1180.56,00:03,2361,-102
1180.6,00:04,2361,-83
1181,00:02,2362,-96
1181.06,00:03,2362,-102
1181.1,00:04,2362,-83
1181.5,00:02,2363,-96
1181.56,00:03,2363,-102
1181.6,00:04,2363,-83
1182,00:02,2364,-96
1182.06,00:03,2364,-102
1182.1,00:04,2364,-83
1182.5,00:02,2365,-96
1182.55,00:03,2365,-101
1182.6,00:04,2365,-83
1183,00:02,2366,-96
1183.06,00:03,2366,-101
1183.1,00:04,2366,-82
1183.5,00:02,2367,-96
1183.56,00:03,2367,-101
1183.6,00:04,2367,-82
1184,00:02,2368,-96
1184.05,00:03,2368,-101
1184.1,00:04,2368,-82
1184.5,00:02,2369,-96
1184.55,00:03,2369,-101
1184.6,00:04,2369,-82
1185,00:02,2370,-96
1185.05,00:03,2370,-101
1185.1,00:04,2370,-82
1185.5,00:02,2371,-96
1185.56,00:03,2371,-101
1185.6,00:04,2371,-82
1186,00:02,2372,-96
1186.06,00:03,2372,-101
1186.1,00:04,2372,-82
1186.5,00:02,2373,-96
1186.56,00:03,2373,-101
1186.6,00:04,2373,-82
1187,00:02,2374,-96
1187.06,00:03,2374,-101
1187.1,00:04,2374,-82
1187.5,00:02,2375,-97
1187.56,00:03,2375,-101
1187.6,00:04,2375,-81
1188,00:02,2376,-97
1188.06,00:03,2376,-101
1188.1,00:04,2376,-81
1188.5,00:02,2377,-97
1188.56,00:03,2377,-101
1188.6,00:04,2377,-81
1189,00:02,2378,-97
1189.06,00:03,2378,-101
1189.1,00:04,2378,-81
1189.5,00:02,2379,-97
1189.56,00:03,2379,-101
1189.6,00:04,2379,-81
1190,00:02,2380,-97
1190.06,00:03,2380,-100
1190.1,00:04,2380,-81
1190.5,00:02,2381,-97
1190.56,00:03,2381,-100
1190.6,00:04,2381,-81
1191,00:02,2382,-97
1191.06,00:03,2382,-100
1191.1,00:04,2382,-81
1191.5,00:02,2383,-97
1191.56,00:03,2383,-100
1191.6,00:04,2383,-81
1192,00:02,2384,-97
1192.06,00:03,2384,-100
1192.1,00:04,2384,-81
1192.5,00:02,2385,-97
1192.56,00:03,2385,-100
1192.6,00:04,2385,-81
1193,00:02,2386,-97
1193.06,00:03,2386,-100
1193.1,00:04,2386,-81
1193.5,00:02,2387,-97
1193.56,00:03,2387,-100
1193.6,00:04,2387,-81
1194,00:02,2388,-97
1194.06,00:03,2388,-100
1194.1,00:04,2388,-81
1194.5,00:02,2389,-97
1194.56,00:03,2389,-100
1194.6,00:04,2389,-81
1195,00:02,2390,-97
1195.06,00:03,2390,-100
1195.1,00:04,2390,-81
1195.5,00:02,2391,-98
1195.56,00:03,2391,-100
1195.6,00:04,2391,-80
1196,00:02,2392,-98
1196.06,00:03,2392,-100
1196.1,00:04,2392,-80
1196.5,00:02,2393,-98
1196.56,00:03,2393,-100
1196.6,00:04,2393,-80
1197,00:02,2394,-98
1197.06,00:03,2394,-100
1197.1,00:04,2394,-80
1197.5,00:02,2395,-98
1197.56,00:03,2395,-99
1197.6,00:04,2395,-80
1198,00:02,2396,-98
1198.06,00:03,2396,-99
1198.1,00:04,2396,-80
1198.5,00:02,2397,-98
1198.56,00:03,2397,-99
1198.6,00:04,2397,-80
1199,00:02,2398,-98
1199.06,00:03,2398,-99
1199.1,00:04,2398,-81
1199.5,00:02,2399,-98
1199.56,00:03,2399,-99
1199.6,00:04,2399,-81
1200,00:02,2400,-98
1200.06,00:03,2400,-99
1200.1,00:04,2400,-81
1200.5,00:02,2401,-98
1200.56,00:03,2401,-99
1200.6,00:04,2401,-81
1201,00:02,2402,-98
1201.06,00:03,2402,-99
1201.1,00:04,2402,-81
1201.5,00:02,2403,-98
1201.56,00:03,2403,-99
1201.6,00:04,2403,-81
1202,00:02,2404,-98
1202.06,00:03,2404,-99
1202.1,00:04,2404,-81
1202.5,00:02,2405,-98
1202.56,00:03,2405,-99
1202.6,00:04,2405,-81
1203,00:02,2406,-99
1203.06,00:03,2406,-99
1203.1,00:04,2406,-81
1203.5,00:02,2407,-99
1203.56,00:03,2407,-99
1203.6,00:04,2407,-81
1204,00:02,2408,-99
1204.06,00:03,2408,-99
1204.1,00:04,2408,-81
1204.5,00:02,2409,-99
1204.56,00:03,2409,-99
1204.6,00:04,2409,-81
1205,00:02,2410,-99
1205.06,00:03,2410,-98
1205.1,00:04,2410,-81
1205.5,00:02,2411,-99
1205.56,00:03,2411,-98
1205.6,00:04,2411,-81
1206,00:02,2412,-99
1206.06,00:03,2412,-98
1206.1,00:04,2412,-81
1206.5,00:02,2413,-99
1206.56,00:03,2413,-98
1206.6,00:04,2413,-81
1207,00:02,2414,-99
1207.06,00:03,2414,-98
1207.1,00:04,2414,-82
1207.5,00:02,2415,-99
1207.55,00:03,2415,-98
1207.6,00:04,2415,-82
1208,00:02,2416,-99
1208.06,00:03,2416,-98
1208.1,00:04,2416,-82
1208.5,00:02,2417,-99
1208.56,00:03,2417,-98
1208.6,00:04,2417,-82
1209,00:02,2418,-99
1209.06,00:03,2418,-98
1209.1,00:04,2418,-82
1209.5,00:02,2419,-99
1209.56,00:03,2419,-98
1209.6,00:04,2419,-82
1210,00:02,2420,-99
1210.06,00:03,2420,-98
1210.1,00:04,2420,-82
1210.5,00:02,2421,-100
1210.56,00:03,2421,-98
1210.6,00:04,2421,-82
1211,00:02,2422,-100
1211.06,00:03,2422,-98
1211.1,00:04,2422,-83
1211.5,00:02,2423,-100
1211.56,00:03,2423,-98
1211.6,00:04,2423,-83
1212,00:02,2424,-100
1212.06,00:03,2424,-98
1212.1,00:04,2424,-83
1212.5,00:02,2425,-100
1212.56,00:03,2425,-98
1212.6,00:04,2425,-83
1213,00:02,2426,-100
1213.06,00:03,2426,-98
1213.1,00:04,2426,-83
1213.5,00:02,2427,-100
1213.56,00:03,2427,-98
1213.6,00:04,2427,-83
1214,00:02,2428,-100
1214.06,00:03,2428,-97
1214.1,00:04,2428,-83
1214.5,00:02,2429,-100
1214.56,00:03,2429,-97
1214.6,00:04,2429,-84
1215,00:02,2430,-100
1215.06,00:03,2430,-97
1215.1,00:04,2430,-84
1215.5,00:02,2431,-100
1215.55,00:03,2431,-97
1215.6,00:04,2431,-84
1216,00:02,2432,-100
1216.06,00:03,2432,-97
1216.1,00:04,2432,-84
1216.5,00:02,2433,-100
1216.56,00:03,2433,-97
1216.6,00:04,2433,-84
1217,00:02,2434,-100
1217.06,00:03,2434,-97
1217.1,00:04,2434,-84
1217.5,00:02,2435,-100
1217.56,00:03,2435,-97
1217.6,00:04,2435,-84
1218,00:02,2436,-101
1218.06,00:03,2436,-97
1218.1,00:04,2436,-85
1218.5,00:02,2437,-101
1218.56,00:03,2437,-97
1218.6,00:04,2437,-85
1219,00:02,2438,-101
1219.05,00:03,2438,-97
1219.1,00:04,2438,-85
1219.5,00:02,2439,-101
1219.55,00:03,2439,-97
1219.6,00:04,2439,-85
1220,00:02,2440,-101
1220.06,00:03,2440,-97
1220.1,00:04,2440,-85
1220.5,00:02,2441,-101
1220.56,00:03,2441,-97
1220.6,00:04,2441,-85
1221,00:02,2442,-101
1221.05,00:03,2442,-97
1221.1,00:04,2442,-86
1221.5,00:02,2443,-101
1221.55,00:03,2443,-97
1221.6,00:04,2443,-86
1222,00:02,2444,-101
1222.06,00:03,2444,-97
1222.1,00:04,2444,-86
1222.5,00:02,2445,-101
1222.56,00:03,2445,-97
1222.6,00:04,2445,-86
1223,00:02,2446,-101
1223.06,00:03,2446,-97
1223.1,00:04,2446,-86
1223.5,00:02,2447,-101
1223.56,00:03,2447,-97
1223.6,00:04,2447,-86
1224,00:02,2448,-101
1224.06,00:03,2448,-97
1224.1,00:04,2448,-86
1224.5,00:02,2449,-101
1224.56,00:03,2449,-97
1224.6,00:04,2449,-87
1225,00:02,2450,-102
1225.06,00:03,2450,-101
1225.1,00:04,2450,-91
1225.5,00:02,2451,-106
1225.56,00:03,2451,-101
1225.6,00:04,2451,-91
1226,00:02,2452,-106
1226.06,00:03,2452,-100
1226.1,00:04,2452,-91
1226.5,00:02,2453,-106
1226.56,00:03,2453,-100
1226.6,00:04,2453,-91
1227,00:02,2454,-106
1227.06,00:03,2454,-100
1227.1,00:04,2454,-91
1227.5,00:02,2455,-106
1227.56,00:03,2455,-100
1227.6,00:04,2455,-92
1228,00:02,2456,-106
1228.06,00:03,2456,-100
1228.1,00:04,2456,-92
1228.5,00:02,2457,-106
1228.56,00:03,2457,-100
1228.6,00:04,2457,-92
1229,00:02,2458,-106
1229.06,00:03,2458,-96
1229.1,00:04,2458,-88
1229.5,00:02,2459,-102
1229.56,00:03,2459,-96
1229.6,00:04,2459,-88
1230,00:02,2460,-102
1230.06,00:03,2460,-96
1230.1,00:04,2460,-88
1230.5,00:02,2461,-102
1230.56,00:03,2461,-96
1230.6,00:04,2461,-89
1231,00:02,2462,-102
1231.06,00:03,2462,-96
1231.1,00:04,2462,-89
1231.5,00:02,2463,-102
1231.56,00:03,2463,-96
1231.6,00:04,2463,-89
1232,00:02,2464,-102
1232.06,00:03,2464,-96
1232.1,00:04,2464,-89
1232.5,00:02,2465,-103
1232.56,00:03,2465,-96
1232.6,00:04,2465,-89
1233,00:02,2466,-103
1233.06,00:03,2466,-96
1233.1,00:04,2466,-89
1233.5,00:02,2467,-103
1233.55,00:03,2467,-96
1233.6,00:04,2467,-89
1234,00:02,2468,-103
1234.06,00:03,2468,-96
1234.1,00:04,2468,-90
1234.5,00:02,2469,-103
1234.56,00:03,2469,-96
1234.6,00:04,2469,-90
1235,00:02,2470,-103
1235.06,00:03,2470,-96
1235.1,00:04,2470,-90
1235.5,00:02,2471,-103
1235.56,00:03,2471,-96
1235.6,00:04,2471,-90
1236,00:02,2472,-103
1236.06,00:03,2472,-96
1236.1,00:04,2472,-90
1236.5,00:02,2473,-103
1236.56,00:03,2473,-96
1236.6,00:04,2473,-90
1237,00:02,2474,-103
1237.06,00:03,2474,-96
1237.1,00:04,2474,-91
1237.5,00:02,2475,-103
1237.56,00:03,2475,-96
1237.6,00:04,2475,-91
1238,00:02,2476,-103
1238.06,00:03,2476,-96
1238.1,00:04,2476,-91
1238.5,00:02,2477,-103
1238.56,00:03,2477,-96
1238.6,00:04,2477,-91
1239,00:02,2478,-103
1239.06,00:03,2478,-96
1239.1,00:04,2478,-91
1239.5,00:02,2479,-103
1239.56,00:03,2479,-96
1239.6,00:04,2479,-91
1240,00:02,2480,-104
1240.06,00:03,2480,-96
1240.1,00:04,2480,-91
1240.5,00:02,2481,-104
1240.56,00:03,2481,-96
1240.6,00:04,2481,-92
1241,00:02,2482,-104
1241.06,00:03,2482,-96
1241.1,00:04,2482,-92
1241.5,00:02,2483,-104
1241.56,00:03,2483,-96
1241.6,00:04,2483,-92
1242,00:02,2484,-104
1242.06,00:03,2484,-96
1242.1,00:04,2484,-92
1242.5,00:02,2485,-104
1242.56,00:03,2485,-96
1242.6,00:04,2485,-92
1243,00:02,2486,-104
1243.06,00:03,2486,-96
1243.1,00:04,2486,-92
1243.5,00:02,2487,-104
1243.56,00:03,2487,-96
1243.6,00:04,2487,-92
1244,00:02,2488,-104
1244.06,00:03,2488,-96
1244.1,00:04,2488,-92
1244.5,00:02,2489,-104
1244.56,00:03,2489,-97
1244.6,00:04,2489,-92
1245,00:02,2490,-104
1245.06,00:03,2490,-97
1245.1,00:04,2490,-91
1245.5,00:02,2491,-104
1245.55,00:03,2491,-97
1245.6,00:04,2491,-91
1246,00:02,2492,-104
1246.05,00:03,2492,-97
1246.1,00:04,2492,-91
1246.5,00:02,2493,-104
1246.56,00:03,2493,-97
1246.6,00:04,2493,-91
1247,00:02,2494,-104
1247.06,00:03,2494,-97
1247.1,00:04,2494,-91
1247.5,00:02,2495,-104
1247.56,00:03,2495,-97
1247.6,00:04,2495,-91
1248,00:02,2496,-104
1248.06,00:03,2496,-97
1248.1,00:04,2496,-91
1248.5,00:02,2497,-104
1248.56,00:03,2497,-97
1248.6,00:04,2497,-91
1249,00:02,2498,-104
1249.06,00:03,2498,-97
1249.1,00:04,2498,-91
1249.5,00:02,2499,-104
1249.56,00:03,2499,-97
1249.6,00:04,2499,-91
1250,00:02,2500,-104
1250.06,00:03,2500,-97
1250.1,00:04,2500,-90
1250.5,00:02,2501,-104
1250.56,00:03,2501,-97
1250.6,00:04,2501,-90
1251,00:02,2502,-104
1251.06,00:03,2502,-97
1251.1,00:04,2502,-90
1251.5,00:02,2503,-104
1251.56,00:03,2503,-97
1251.6,00:04,2503,-90
1252,00:02,2504,-104
1252.06,00:03,2504,-97
1252.1,00:04,2504,-90
1252.5,00:02,2505,-104
1252.56,00:03,2505,-97
1252.6,00:04,2505,-90
1253,00:02,2506,-104
1253.05,00:03,2506,-97
1253.1,00:04,2506,-90
1253.5,00:02,2507,-104
1253.56,00:03,2507,-97
1253.6,00:04,2507,-89
1254,00:02,2508,-104
1254.06,00:03,2508,-97
1254.1,00:04,2508,-89
1254.5,00:02,2509,-103
1254.56,00:03,2509,-97
1254.6,00:04,2509,-89
1255,00:02,2510,-103
1255.06,00:03,2510,-97
1255.1,00:04,2510,-89
1255.5,00:02,2511,-103
1255.56,00:03,2511,-97
1255.6,00:04,2511,-89
1256,00:02,2512,-103
1256.06,00:03,2512,-97
1256.1,00:04,2512,-88
1256.5,00:02,2513,-103
1256.56,00:03,2513,-97
1256.6,00:04,2513,-88
1257,00:02,2514,-103
1257.06,00:03,2514,-97
1257.1,00:04,2514,-88
1257.5,00:02,2515,-103
1257.56,00:03,2515,-97
1257.6,00:04,2515,-88
1258,00:02,2516,-103
1258.06,00:03,2516,-97
1258.1,00:04,2516,-88
1258.5,00:02,2517,-103
1258.56,00:03,2517,-97
1258.6,00:04,2517,-88
1259,00:02,2518,-103
1259.06,00:03,2518,-97
1259.1,00:04,2518,-87
1259.5,00:02,2519,-103
1259.56,00:03,2519,-98
1259.6,00:04,2519,-87
1260,00:02,2520,-103
1260.06,00:03,2520,-98
1260.1,00:04,2520,-87
1260.5,00:02,2521,-103
1260.56,00:03,2521,-98
1260.6,00:04,2521,-87
1261,00:02,2522,-103
1261.06,00:03,2522,-102
1261.1,00:04,2522,-91
1261.5,00:02,2523,-107
1261.56,00:03,2523,-102
1261.6,00:04,2523,-91
1262,00:02,2524,-107
1262.05,00:03,2524,-102
1262.1,00:04,2524,-90
1262.5,00:02,2525,-106
1262.56,00:03,2525,-102
1262.6,00:04,2525,-90
1263,00:02,2526,-106
1263.06,00:03,2526,-102
1263.1,00:04,2526,-90
1263.5,00:02,2527,-106
1263.56,00:03,2527,-102
1263.6,00:04,2527,-90
1264,00:02,2528,-106
1264.06,00:03,2528,-102
1264.1,00:04,2528,-90
1264.5,00:02,2529,-106
1264.56,00:03,2529,-102
1264.6,00:04,2529,-89
1265,00:02,2530,-106
1265.06,00:03,2530,-98
1265.1,00:04,2530,-85
1265.5,00:02,2531,-102
1265.56,00:03,2531,-98
1265.6,00:04,2531,-85
1266,00:02,2532,-102
1266.06,00:03,2532,-98
1266.1,00:04,2532,-85
1266.5,00:02,2533,-102
1266.56,00:03,2533,-98
1266.6,00:04,2533,-85
1267,00:02,2534,-102
1267.06,00:03,2534,-98
1267.1,00:04,2534,-84
1267.5,00:02,2535,-102
1267.56,00:03,2535,-98
1267.6,00:04,2535,-84
1268,00:02,2536,-102
1268.06,00:03,2536,-98
1268.1,00:04,2536,-84
1268.5,00:02,2537,-102
1268.56,00:03,2537,-98
1268.6,00:04,2537,-84
1269,00:02,2538,-102
1269.06,00:03,2538,-98
1269.1,00:04,2538,-84
1269.5,00:02,2539,-102
1269.56,00:03,2539,-98
1269.6,00:04,2539,-83
1270,00:02,2540,-101
1270.06,00:03,2540,-98
1270.1,00:04,2540,-83
1270.5,00:02,2541,-101
1270.56,00:03,2541,-98
1270.6,00:04,2541,-83
1271,00:02,2542,-101
1271.06,00:03,2542,-98
1271.1,00:04,2542,-83
1271.5,00:02,2543,-101
1271.56,00:03,2543,-98
1271.6,00:04,2543,-83
1272,00:02,2544,-101
1272.06,00:03,2544,-98
1272.1,00:04,2544,-82
1272.5,00:02,2545,-101
1272.56,00:03,2545,-98
1272.6,00:04,2545,-82
1273,00:02,2546,-101
1273.06,00:03,2546,-98
1273.1,00:04,2546,-82
1273.5,00:02,2547,-101
1273.56,00:03,2547,-98
1273.6,00:04,2547,-82
1274,00:02,2548,-101
1274.05,00:03,2548,-98
1274.1,00:04,2548,-82
1274.5,00:02,2549,-101
1274.56,00:03,2549,-98
1274.6,00:04,2549,-82
1275,00:02,2550,-101
1275.05,00:03,2550,-99
1275.1,00:04,2550,-81
1275.49,00:02,2551,-101
1275.56,00:03,2551,-99
1275.6,00:04,2551,-81
1276,00:02,2552,-101
1276.06,00:03,2552,-99
1276.1,00:04,2552,-81
1276.5,00:02,2553,-101
1276.56,00:03,2553,-99
1276.6,00:04,2553,-81
1276.99,00:02,2554,-101
1277.06,00:03,2554,-99
1277.1,00:04,2554,-81
1277.5,00:02,2555,-101
1277.55,00:03,2555,-99
1277.6,00:04,2555,-80
1278,00:02,2556,-100
1278.05,00:03,2556,-99
1278.1,00:04,2556,-80
1278.5,00:02,2557,-100
1278.56,00:03,2557,-99
1278.6,00:04,2557,-80
1279,00:02,2558,-100
1279.06,00:03,2558,-99
1279.1,00:04,2558,-80
1279.5,00:02,2559,-100
1279.55,00:03,2559,-99
1279.6,00:04,2559,-80
1279.99,00:02,2560,-100
1280.06,00:03,2560,-99
1280.1,00:04,2560,-79
1280.5,00:02,2561,-100
1280.56,00:03,2561,-99
1280.6,00:04,2561,-79
1280.99,00:02,2562,-100
1281.06,00:03,2562,-99
1281.1,00:04,2562,-79
1281.5,00:02,2563,-100
1281.56,00:03,2563,-99
1281.6,00:04,2563,-79
1282,00:02,2564,-100
1282.05,00:03,2564,-99
1282.1,00:04,2564,-79
1282.5,00:02,2565,-100
1282.55,00:03,2565,-99
1282.6,00:04,2565,-79
1283,00:02,2566,-100
1283.06,00:03,2566,-99
1283.1,00:04,2566,-79
1283.5,00:02,2567,-100
1283.55,00:03,2567,-99
1283.6,00:04,2567,-78
1284,00:02,2568,-100
1284.06,00:03,2568,-99
1284.1,00:04,2568,-78
1284.5,00:02,2569,-100
1284.55,00:03,2569,-99
1284.6,00:04,2569,-78
1285,00:02,2570,-100
1285.06,00:03,2570,-100
1285.1,00:04,2570,-78
1285.5,00:02,2571,-100
1285.56,00:03,2571,-100
1285.6,00:04,2571,-78
1286,00:02,2572,-99
1286.06,00:03,2572,-100
1286.1,00:04,2572,-78
1286.5,00:02,2573,-99
1286.56,00:03,2573,-100
1286.6,00:04,2573,-78
1287,00:02,2574,-99
1287.06,00:03,2574,-100
1287.1,00:04,2574,-78
1287.5,00:02,2575,-99
1287.56,00:03,2575,-100
1287.6,00:04,2575,-77
1288,00:02,2576,-99
1288.05,00:03,2576,-100
1288.1,00:04,2576,-77
1288.5,00:02,2577,-99
1288.56,00:03,2577,-100
1288.6,00:04,2577,-77
1289,00:02,2578,-99
1289.06,00:03,2578,-100
1289.1,00:04,2578,-77
1289.5,00:02,2579,-99
1289.56,00:03,2579,-100
1289.6,00:04,2579,-77
1290,00:02,2580,-99
1290.05,00:03,2580,-100
1290.1,00:04,2580,-77
1290.5,00:02,2581,-99
1290.56,00:03,2581,-100
1290.6,00:04,2581,-77
1291,00:02,2582,-99
1291.06,00:03,2582,-100
1291.1,00:04,2582,-77
1291.5,00:02,2583,-99
1291.56,00:03,2583,-100
1291.6,00:04,2583,-77
1292,00:02,2584,-99
1292.06,00:03,2584,-100
1292.1,00:04,2584,-77
1292.5,00:02,2585,-99
1292.56,00:03,2585,-100
1292.6,00:04,2585,-77
1293,00:02,2586,-99
1293.05,00:03,2586,-100
1293.1,00:04,2586,-77
1293.5,00:02,2587,-99
1293.56,00:03,2587,-100
1293.6,00:04,2587,-77
1294,00:02,2588,-99
1294.06,00:03,2588,-101
1294.1,00:04,2588,-77
1294.5,00:02,2589,-98
1294.56,00:03,2589,-101
1294.6,00:04,2589,-77
1295,00:02,2590,-98
1295.06,00:03,2590,-101
1295.1,00:04,2590,-77
1295.5,00:02,2591,-98
1295.56,00:03,2591,-101
1295.6,00:04,2591,-77
1296,00:02,2592,-98
1296.06,00:03,2592,-101
1296.1,00:04,2592,-77
1296.5,00:02,2593,-98
1296.56,00:03,2593,-101
1296.6,00:04,2593,-77
1297,00:02,2594,-98
1297.06,00:03,2594,-101
1297.1,00:04,2594,-77
1297.5,00:02,2595,-98
1297.56,00:03,2595,-101
1297.6,00:04,2595,-77
1298,00:02,2596,-98
1298.06,00:03,2596,-101
1298.1,00:04,2596,-77
1298.5,00:02,2597,-98
1298.55,00:03,2597,-101
1298.6,00:04,2597,-77
1299,00:02,2598,-98
1299.05,00:03,2598,-101
1299.1,00:04,2598,-78
1299.5,00:02,2599,-98
1299.56,00:03,2599,-101
1299.6,00:04,2599,-78
1300,00:02,2600,-98
1300.06,00:03,2600,-101
1300.1,00:04,2600,-78
1300.5,00:02,2601,-98
1300.56,00:03,2601,-101
1300.6,00:04,2601,-78
1301,00:02,2602,-98
1301.06,00:03,2602,-101
1301.1,00:04,2602,-78
1301.49,00:02,2603,-98
1301.56,00:03,2603,-101
1301.6,00:04,2603,-78
1302,00:02,2604,-98
1302.06,00:03,2604,-102
1302.1,00:04,2604,-78
1302.5,00:02,2605,-98
1302.56,00:03,2605,-102
1302.6,00:04,2605,-78
1303,00:02,2606,-98
1303.06,00:03,2606,-102
1303.1,00:04,2606,-79
1303.5,00:02,2607,-97
1303.56,00:03,2607,-102
1303.6,00:04,2607,-79
1304,00:02,2608,-97
1304.05,00:03,2608,-102
1304.1,00:04,2608,-79
1304.5,00:02,2609,-97
1304.56,00:03,2609,-102
1304.6,00:04,2609,-79
1305,00:02,2610,-97
1305.06,00:03,2610,-102
1305.1,00:04,2610,-79
1305.5,00:02,2611,-97
1305.55,00:03,2611,-102
1305.6,00:04,2611,-79
1306,00:02,2612,-97
1306.06,00:03,2612,-102
1306.1,00:04,2612,-80
1306.5,00:02,2613,-97
1306.55,00:03,2613,-102
1306.6,00:04,2613,-80
1307,00:02,2614,-97
1307.05,00:03,2614,-102
1307.1,00:04,2614,-80
1307.5,00:02,2615,-97
1307.56,00:03,2615,-102
1307.6,00:04,2615,-80
1308,00:02,2616,-97
1308.06,00:03,2616,-102
1308.1,00:04,2616,-80
1308.5,00:02,2617,-97
1308.56,00:03,2617,-102
1308.6,00:04,2617,-80
1309,00:02,2618,-97
1309.05,00:03,2618,-102
1309.1,00:04,2618,-81
1309.5,00:02,2619,-97
1309.56,00:03,2619,-102
1309.6,00:04,2619,-81
1310,00:02,2620,-97
1310.06,00:03,2620,-103
1310.1,00:04,2620,-81
1310.5,00:02,2621,-97
1310.56,00:03,2621,-103
1310.6,00:04,2621,-81
1311,00:02,2622,-97
1311.06,00:03,2622,-103
1311.1,00:04,2622,-81
1311.5,00:02,2623,-97
1311.56,00:03,2623,-103
1311.6,00:04,2623,-82
1312,00:02,2624,-97
1312.06,00:03,2624,-103
1312.1,00:04,2624,-82
1312.5,00:02,2625,-97
1312.56,00:03,2625,-103
1312.6,00:04,2625,-82
1313,00:02,2626,-97
1313.06,00:03,2626,-103
1313.1,00:04,2626,-82
1313.5,00:02,2627,-97
1313.56,00:03,2627,-103
1313.6,00:04,2627,-82
1314,00:02,2628,-96
1314.06,00:03,2628,-103
1314.1,00:04,2628,-83
1314.5,00:02,2629,-96
1314.55,00:03,2629,-103
1314.6,00:04,2629,-83
1315,00:02,2630,-96
1315.06,00:03,2630,-103
1315.1,00:04,2630,-83
1315.5,00:02,2631,-96
1315.56,00:03,2631,-103
1315.6,00:04,2631,-83
1316,00:02,2632,-96
1316.06,00:03,2632,-103
1316.1,00:04,2632,-83
1316.5,00:02,2633,-96
1316.56,00:03,2633,-103
1316.6,00:04,2633,-84
1317,00:02,2634,-96
1317.06,00:03,2634,-103
1317.1,00:04,2634,-84
1317.5,00:02,2635,-96
1317.56,00:03,2635,-103
1317.6,00:04,2635,-84
1318,00:02,2636,-96
1318.05,00:03,2636,-104
1318.1,00:04,2636,-84
1318.5,00:02,2637,-96
1318.56,00:03,2637,-104
1318.6,00:04,2637,-84
1319,00:02,2638,-96
1319.06,00:03,2638,-104
1319.1,00:04,2638,-85
1319.5,00:02,2639,-96
1319.56,00:03,2639,-104
1319.6,00:04,2639,-85
1320,00:02,2640,-96
1320.06,00:03,2640,-104
1320.1,00:04,2640,-85
1320.49,00:02,2641,-96
1320.56,00:03,2641,-104
1320.6,00:04,2641,-85
1321,00:02,2642,-96
1321.06,00:03,2642,-104
1321.1,00:04,2642,-85
1321.49,00:02,2643,-96
1321.55,00:03,2643,-104
1321.6,00:04,2643,-85
1322,00:02,2644,-96
1322.06,00:03,2644,-104
1322.1,00:04,2644,-86
1322.5,00:02,2645,-96
1322.56,00:03,2645,-104
1322.6,00:04,2645,-86
1323,00:02,2646,-96
1323.05,00:03,2646,-104
1323.1,00:04,2646,-86
1323.5,00:02,2647,-96
1323.56,00:03,2647,-104
1323.6,00:04,2647,-86
1324,00:02,2648,-96
1324.06,00:03,2648,-104
1324.1,00:04,2648,-86
1324.5,00:02,2649,-96
1324.56,00:03,2649,-104
1324.6,00:04,2649,-87
1324.99,00:02,2650,-96
1325.06,00:03,2650,-104
1325.1,00:04,2650,-87
1325.5,00:02,2651,-96
1325.56,00:03,2651,-104
1325.6,00:04,2651,-87
1326,00:02,2652,-96
1326.06,00:03,2652,-105
1326.1,00:04,2652,-87
1326.5,00:02,2653,-96
1326.56,00:03,2653,-105
1326.6,00:04,2653,-87
1326.99,00:02,2654,-96
1327.06,00:03,2654,-105
1327.1,00:04,2654,-88
1327.5,00:02,2655,-96
1327.55,00:03,2655,-105
1327.6,00:04,2655,-88
1328,00:02,2656,-96
1328.06,00:03,2656,-105
1328.1,00:04,2656,-88
1328.5,00:02,2657,-96
1328.56,00:03,2657,-105
1328.6,00:04,2657,-88
1329,00:02,2658,-96
1329.06,00:03,2658,-105
1329.1,00:04,2658,-88
1329.5,00:02,2659,-96
1329.56,00:03,2659,-105
1329.6,00:04,2659,-88
1330,00:02,2660,-96
1330.06,00:03,2660,-105
1330.1,00:04,2660,-89
1330.49,00:02,2661,-96
1330.56,00:03,2661,-105
1330.6,00:04,2661,-89
1331,00:02,2662,-96
1331.06,00:03,2662,-105
1331.1,00:04,2662,-89
1331.5,00:02,2663,-96
1331.56,00:03,2663,-105
1331.6,00:04,2663,-89
1332,00:02,2664,-96
1332.05,00:03,2664,-105
1332.1,00:04,2664,-89
1332.5,00:02,2665,-96
1332.56,00:03,2665,-105
1332.6,00:04,2665,-89
1333,00:02,2666,-96
1333.06,00:03,2666,-105
1333.1,00:04,2666,-90
1333.5,00:02,2667,-96
1333.56,00:03,2667,-105
1333.6,00:04,2667,-90
1334,00:02,2668,-95
1334.06,00:03,2668,-106
1334.1,00:04,2668,-90
1334.5,00:02,2669,-95
1334.56,00:03,2669,-106
1334.6,00:04,2669,-90
1335,00:02,2670,-95
1335.06,00:03,2670,-106
1335.1,00:04,2670,-90
1335.5,00:02,2671,-95
1335.56,00:03,2671,-106
1335.6,00:04,2671,-90
1336,00:02,2672,-95
1336.06,00:03,2672,-106
1336.1,00:04,2672,-91
1336.5,00:02,2673,-95
1336.56,00:03,2673,-106
1336.6,00:04,2673,-91
1337,00:02,2674,-95
1337.06,00:03,2674,-106
1337.1,00:04,2674,-91
1337.5,00:02,2675,-95
1337.56,00:03,2675,-106
1337.6,00:04,2675,-91
1338,00:02,2676,-95
1338.06,00:03,2676,-106
1338.1,00:04,2676,-91
1338.5,00:02,2677,-96
1338.56,00:03,2677,-106
1338.6,00:04,2677,-91
1339,00:02,2678,-96
1339.06,00:03,2678,-106
1339.1,00:04,2678,-91
1339.49,00:02,2679,-96
1339.56,00:03,2679,-106
1339.6,00:04,2679,-91
1340,00:02,2680,-96
1340.06,00:03,2680,-106
1340.1,00:04,2680,-91
1340.5,00:02,2681,-96
1340.56,00:03,2681,-106
1340.6,00:04,2681,-91
1341,00:02,2682,-96
1341.06,00:03,2682,-106
1341.1,00:04,2682,-91
1341.5,00:02,2683,-96
1341.56,00:03,2683,-106
1341.6,00:04,2683,-91
1342,00:02,2684,-96
1342.06,00:03,2684,-106
1342.1,00:04,2684,-91
1342.5,00:02,2685,-97
1342.56,00:03,2685,-106
1342.6,00:04,2685,-91
1343,00:02,2686,-97
1343.06,00:03,2686,-107
1343.1,00:04,2686,-90
1343.5,00:02,2687,-97
1343.56,00:03,2687,-107
1343.6,00:04,2687,-90
1344,00:02,2688,-97
1344.06,00:03,2688,-107
1344.1,00:04,2688,-90
1344.5,00:02,2689,-97
1344.56,00:03,2689,-106
1344.6,00:04,2689,-90
1345,00:02,2690,-97
1345.06,00:03,2690,-106
1345.1,00:04,2690,-90
1345.5,00:02,2691,-97
1345.56,00:03,2691,-106
1345.6,00:04,2691,-90
1345.99,00:02,2692,-97
1346.06,00:03,2692,-106
1346.1,00:04,2692,-90
1346.5,00:02,2693,-97
1346.56,00:03,2693,-106
1346.6,00:04,2693,-90
1347,00:02,2694,-97
1347.1,00:04,2694,-96
1347.5,00:02,2695,-104
1347.6,00:04,2695,-96
1348,00:02,2696,-104
1348.1,00:04,2696,-96
1348.5,00:02,2697,-104
1348.6,00:04,2697,-96
1349,00:02,2698,-104
1349.1,00:04,2698,-96
1349.5,00:02,2699,-104
1349.6,00:04,2699,-95
1350,00:02,2700,-104
1350.1,00:04,2700,-95
1350.5,00:02,2701,-104
1350.6,00:04,2701,-95
1351,00:02,2702,-104
1351.1,00:04,2702,-95
1351.5,00:02,2703,-104
1351.6,00:04,2703,-95
1351.99,00:02,2704,-104
1352.1,00:04,2704,-95
1352.5,00:02,2705,-104
1352.6,00:04,2705,-94
1352.99,00:02,2706,-104
1353.1,00:04,2706,-94
1353.5,00:02,2707,-104
1353.6,00:04,2707,-94
1354,00:02,2708,-104
1354.1,00:04,2708,-94
1354.5,00:02,2709,-104
1354.6,00:04,2709,-94
1355,00:02,2710,-104
1355.1,00:04,2710,-93
1355.5,00:02,2711,-104
1355.6,00:04,2711,-93
1356,00:02,2712,-104
1356.1,00:04,2712,-93
1356.5,00:02,2713,-104
1356.6,00:04,2713,-93
1357,00:02,2714,-104
1357.1,00:04,2714,-93
1357.5,00:02,2715,-104
1357.6,00:04,2715,-92
1358,00:02,2716,-104
1358.1,00:04,2716,-92
1358.5,00:02,2717,-104
1358.6,00:04,2717,-92
1359,00:02,2718,-104
1359.06,00:03,2718,-105
1359.1,00:04,2718,-85
1359.5,00:02,2719,-97
1359.56,00:03,2719,-105
1359.6,00:04,2719,-84
1360,00:02,2720,-97
1360.06,00:03,2720,-105
1360.1,00:04,2720,-84
1360.5,00:02,2721,-97
1360.56,00:03,2721,-105
1360.6,00:04,2721,-84
1360.99,00:02,2722,-97
1361.06,00:03,2722,-104
1361.1,00:04,2722,-84
1361.5,00:02,2723,-97
1361.56,00:03,2723,-104
1361.6,00:04,2723,-84
1362,00:02,2724,-97
1362.06,00:03,2724,-104
1362.1,00:04,2724,-83
1362.5,00:02,2725,-97
1362.56,00:03,2725,-104
1362.6,00:04,2725,-83
1362.99,00:02,2726,-97
1363.06,00:03,2726,-104
1363.1,00:04,2726,-83
1363.5,00:02,2727,-97
1363.56,00:03,2727,-104
1363.6,00:04,2727,-83
1364,00:02,2728,-97
1364.05,00:03,2728,-104
1364.1,00:04,2728,-82
1364.5,00:02,2729,-97
1364.56,00:03,2729,-104
1364.6,00:04,2729,-82
1365,00:02,2730,-97
1365.06,00:03,2730,-104
1365.1,00:04,2730,-82
1365.5,00:02,2731,-97
1365.56,00:03,2731,-104
1365.6,00:04,2731,-82
1366,00:02,2732,-97
1366.06,00:03,2732,-104
1366.1,00:04,2732,-81
1366.5,00:02,2733,-97
1366.56,00:03,2733,-104
1366.6,00:04,2733,-81
1367,00:02,2734,-98
1367.06,00:03,2734,-104
1367.1,00:04,2734,-81
1367.5,00:02,2735,-98
1367.56,00:03,2735,-104
1367.6,00:04,2735,-81
1368,00:02,2736,-98
1368.06,00:03,2736,-104
1368.1,00:04,2736,-80
1368.5,00:02,2737,-98
1368.56,00:03,2737,-104
1368.6,00:04,2737,-80
1369,00:02,2738,-98
1369.06,00:03,2738,-104
1369.1,00:04,2738,-80
1369.5,00:02,2739,-98
1369.56,00:03,2739,-103
1369.6,00:04,2739,-80
1370,00:02,2740,-98
1370.06,00:03,2740,-103
1370.1,00:04,2740,-79
1370.5,00:02,2741,-98
1370.56,00:03,2741,-103
1370.6,00:04,2741,-79
1371,00:02,2742,-98
1371.06,00:03,2742,-103
1371.1,00:04,2742,-79
1371.5,00:02,2743,-98
1371.56,00:03,2743,-103
1371.6,00:04,2743,-79
1372,00:02,2744,-98
1372.06,00:03,2744,-103
1372.1,00:04,2744,-78
1372.5,00:02,2745,-98
1372.56,00:03,2745,-103
1372.6,00:04,2745,-78
1373,00:02,2746,-98
1373.06,00:03,2746,-103
1373.1,00:04,2746,-78
1373.5,00:02,2747,-98
1373.56,00:03,2747,-103
1373.6,00:04,2747,-78
1374,00:02,2748,-98
1374.05,00:03,2748,-103
1374.1,00:04,2748,-77
1374.5,00:02,2749,-98
1374.56,00:03,2749,-103
1374.6,00:04,2749,-77
1375,00:02,2750,-98
1375.06,00:03,2750,-103
1375.1,00:04,2750,-77
1375.5,00:02,2751,-98
1375.56,00:03,2751,-103
1375.6,00:04,2751,-77
1376,00:02,2752,-98
1376.06,00:03,2752,-103
1376.1,00:04,2752,-76
1376.5,00:02,2753,-98
1376.56,00:03,2753,-103
1376.6,00:04,2753,-76
1377,00:02,2754,-98
1377.06,00:03,2754,-103
1377.1,00:04,2754,-76
1377.5,00:02,2755,-98
1377.56,00:03,2755,-103
1377.6,00:04,2755,-76
1378,00:02,2756,-98
1378.06,00:03,2756,-102
1378.1,00:04,2756,-75
1378.5,00:02,2757,-98
1378.56,00:03,2757,-102
1378.6,00:04,2757,-75
1379,00:02,2758,-98
1379.06,00:03,2758,-102
1379.1,00:04,2758,-75
1379.5,00:02,2759,-99
1379.56,00:03,2759,-102
1379.6,00:04,2759,-75
1379.99,00:02,2760,-99
1380.06,00:03,2760,-102
1380.1,00:04,2760,-75
1380.5,00:02,2761,-99
1380.56,00:03,2761,-102
1380.6,00:04,2761,-74
1381,00:02,2762,-99
1381.06,00:03,2762,-102
1381.1,00:04,2762,-74
1381.5,00:02,2763,-99
1381.56,00:03,2763,-102
1381.6,00:04,2763,-74
1382,00:02,2764,-99
1382.06,00:03,2764,-102
1382.1,00:04,2764,-74
1382.5,00:02,2765,-99
1382.56,00:03,2765,-102
1382.6,00:04,2765,-74
1382.99,00:02,2766,-99
1383.06,00:03,2766,-102
1383.1,00:04,2766,-73
1383.5,00:02,2767,-99
1383.56,00:03,2767,-102
1383.6,00:04,2767,-73
1383.99,00:02,2768,-99
1384.06,00:03,2768,-102
1384.1,00:04,2768,-73
1384.5,00:02,2769,-99
1384.56,00:03,2769,-102
1384.6,00:04,2769,-73
1385,00:02,2770,-99
1385.06,00:03,2770,-102
1385.1,00:04,2770,-73
1385.5,00:02,2771,-99
1385.56,00:03,2771,-102
1385.6,00:04,2771,-73
1386,00:02,2772,-99
1386.06,00:03,2772,-102
1386.1,00:04,2772,-73
1386.5,00:02,2773,-99
1386.56,00:03,2773,-102
1386.6,00:04,2773,-73
1387,00:02,2774,-99
1387.06,00:03,2774,-101
1387.1,00:04,2774,-73
1387.49,00:02,2775,-99
1387.56,00:03,2775,-101
1387.6,00:04,2775,-73
1388,00:02,2776,-99
1388.06,00:03,2776,-101
1388.1,00:04,2776,-73
1388.5,00:02,2777,-99
1388.56,00:03,2777,-101
1388.6,00:04,2777,-73
1389,00:02,2778,-99
1389.06,00:03,2778,-101
1389.1,00:04,2778,-73
1389.5,00:02,2779,-100
1389.56,00:03,2779,-101
1389.6,00:04,2779,-73
1390,00:02,2780,-100
1390.06,00:03,2780,-101
1390.1,00:04,2780,-73
1390.5,00:02,2781,-100
1390.55,00:03,2781,-101
1390.6,00:04,2781,-73
1391,00:02,2782,-100
1391.06,00:03,2782,-101
1391.1,00:04,2782,-73
1391.5,00:02,2783,-100
1391.56,00:03,2783,-101
1391.6,00:04,2783,-73
1391.99,00:02,2784,-100
1392.06,00:03,2784,-101
1392.1,00:04,2784,-73
1392.5,00:02,2785,-100
1392.56,00:03,2785,-101
1392.6,00:04,2785,-73
1393,00:02,2786,-100
1393.06,00:03,2786,-101
1393.1,00:04,2786,-73
1393.5,00:02,2787,-100
1393.56,00:03,2787,-101
1393.6,00:04,2787,-73
1394,00:02,2788,-100
1394.06,00:03,2788,-101
1394.1,00:04,2788,-73
1394.49,00:02,2789,-100
1394.55,00:03,2789,-101
1394.6,00:04,2789,-73
1395,00:02,2790,-100
1395.06,00:03,2790,-101
1395.1,00:04,2790,-74
1395.49,00:02,2791,-100
1395.56,00:03,2791,-101
1395.6,00:04,2791,-74
1396,00:02,2792,-100
1396.06,00:03,2792,-101
1396.1,00:04,2792,-74
1396.49,00:02,2793,-100
1396.56,00:03,2793,-101
1396.6,00:04,2793,-74
1397,00:02,2794,-100
1397.06,00:03,2794,-100
1397.1,00:04,2794,-74
1397.49,00:02,2795,-100
1397.55,00:03,2795,-100
1397.6,00:04,2795,-74
1398,00:02,2796,-100
1398.06,00:03,2796,-100
1398.1,00:04,2796,-75
1398.49,00:02,2797,-101
1398.56,00:03,2797,-100
1398.6,00:04,2797,-75
1399,00:02,2798,-101
1399.06,00:03,2798,-100
1399.1,00:04,2798,-75
1399.5,00:02,2799,-101
1399.56,00:03,2799,-100
1399.6,00:04,2799,-75
1400,00:02,2800,-101
1400.06,00:03,2800,-100
1400.1,00:04,2800,-76
1400.5,00:02,2801,-101
1400.56,00:03,2801,-100
1400.6,00:04,2801,-76
1401,00:02,2802,-101
1401.06,00:03,2802,-100
1401.1,00:04,2802,-76
1401.5,00:02,2803,-101
1401.56,00:03,2803,-100
1401.6,00:04,2803,-76
1401.99,00:02,2804,-101
1402.06,00:03,2804,-100
1402.1,00:04,2804,-77
1402.5,00:02,2805,-101
1402.56,00:03,2805,-100
1402.6,00:04,2805,-77
1403,00:02,2806,-101
1403.06,00:03,2806,-100
1403.1,00:04,2806,-77
1403.49,00:02,2807,-101
1403.55,00:03,2807,-100
1403.6,00:04,2807,-77
1403.99,00:02,2808,-101
1404.06,00:03,2808,-100
1404.1,00:04,2808,-78
1404.5,00:02,2809,-101
1404.55,00:03,2809,-100
1404.6,00:04,2809,-78
1405,00:02,2810,-101
1405.06,00:03,2810,-100
1405.1,00:04,2810,-78
1405.49,00:02,2811,-101
1405.56,00:03,2811,-100
1405.6,00:04,2811,-78
1405.99,00:02,2812,-101
1406.06,00:03,2812,-100
1406.1,00:04,2812,-79
1406.5,00:02,2813,-101
1406.56,00:03,2813,-100
1406.6,00:04,2813,-79
1406.99,00:02,2814,-102
1407.06,00:03,2814,-100
1407.1,00:04,2814,-79
1407.5,00:02,2815,-102
1407.56,00:03,2815,-100
1407.6,00:04,2815,-79
1408,00:02,2816,-102
1408.06,00:03,2816,-100
1408.1,00:04,2816,-80
1408.5,00:02,2817,-102
1408.56,00:03,2817,-99
1408.6,00:04,2817,-80
1409,00:02,2818,-102
1409.05,00:03,2818,-99
1409.1,00:04,2818,-80
1409.5,00:02,2819,-102
1409.56,00:03,2819,-99
1409.6,00:04,2819,-80
1410,00:02,2820,-102
1410.06,00:03,2820,-99
1410.1,00:04,2820,-81
1410.5,00:02,2821,-102
1410.56,00:03,2821,-99
1410.6,00:04,2821,-81
1411,00:02,2822,-102
1411.06,00:03,2822,-99
1411.1,00:04,2822,-81
1411.49,00:02,2823,-102
1411.56,00:03,2823,-99
1411.6,00:04,2823,-81
1412,00:02,2824,-102
1412.05,00:03,2824,-99
1412.1,00:04,2824,-82
1412.5,00:02,2825,-102
1412.56,00:03,2825,-99
1412.6,00:04,2825,-82
1413,00:02,2826,-102
1413.06,00:03,2826,-99
1413.1,00:04,2826,-82
1413.5,00:02,2827,-102
1413.56,00:03,2827,-99
1413.6,00:04,2827,-82
1414,00:02,2828,-102
1414.06,00:03,2828,-99
1414.1,00:04,2828,-82
1414.5,00:02,2829,-102
1414.56,00:03,2829,-99
1414.6,00:04,2829,-83
1415,00:02,2830,-102
1415.06,00:03,2830,-106
1415.1,00:04,2830,-90
1415.56,00:03,2831,-106
1415.6,00:04,2831,-90
1416.06,00:03,2832,-106
1416.1,00:04,2832,-90
1416.56,00:03,2833,-106
1416.6,00:04,2833,-91
1417.05,00:03,2834,-106
1417.1,00:04,2834,-91
1417.56,00:03,2835,-106
1417.6,00:04,2835,-91
1418.06,00:03,2836,-106
1418.1,00:04,2836,-91
1418.56,00:03,2837,-106
1418.6,00:04,2837,-92
1419.06,00:03,2838,-106
1419.1,00:04,2838,-92
1419.56,00:03,2839,-106
1419.6,00:04,2839,-92
1420.06,00:03,2840,-106
1420.1,00:04,2840,-92
1420.56,00:03,2841,-106
1420.6,00:04,2841,-92
1421.06,00:03,2842,-106
1421.1,00:04,2842,-93
1421.56,00:03,2843,-106
1421.6,00:04,2843,-93
1422.06,00:03,2844,-106
1422.1,00:04,2844,-93
1422.5,00:02,2845,-110
1422.56,00:03,2845,-106
1422.6,00:04,2845,-93
1423.06,00:03,2846,-106
1423.1,00:04,2846,-93
1423.56,00:03,2847,-106
1423.6,00:04,2847,-94
1424.05,00:03,2848,-106
1424.1,00:04,2848,-94
1424.56,00:03,2849,-106
1424.6,00:04,2849,-94
1425.06,00:03,2850,-106
1425.1,00:04,2850,-94
1425.56,00:03,2851,-106
1425.6,00:04,2851,-94
1426.05,00:03,2852,-106
1426.1,00:04,2852,-95
1426.56,00:03,2853,-106
1426.6,00:04,2853,-95
1427.06,00:03,2854,-106
1427.1,00:04,2854,-95
1427.6,00:04,2855,-95
1428.06,00:03,2856,-106
1428.1,00:04,2856,-95
1428.56,00:03,2857,-106
1428.6,00:04,2857,-96
1429.06,00:03,2858,-106
1429.1,00:04,2858,-96
1429.56,00:03,2859,-106
1429.6,00:04,2859,-96
1430.06,00:03,2860,-106
1430.1,00:04,2860,-96
1430.56,00:03,2861,-106
1430.6,00:04,2861,-96
1431.06,00:03,2862,-99
1431.1,00:04,2862,-89
1431.5,00:02,2863,-104
1431.56,00:03,2863,-98
1431.6,00:04,2863,-90
1432,00:02,2864,-104
1432.06,00:03,2864,-98
1432.1,00:04,2864,-90
1432.49,00:02,2865,-105
1432.56,00:03,2865,-98
1432.6,00:04,2865,-90
1433,00:02,2866,-105
1433.06,00:03,2866,-98
1433.1,00:04,2866,-90
1433.49,00:02,2867,-105
1433.56,00:03,2867,-98
1433.6,00:04,2867,-90
1433.99,00:02,2868,-105
1434.06,00:03,2868,-99
1434.1,00:04,2868,-90
1434.5,00:02,2869,-105
1434.56,00:03,2869,-99
1434.6,00:04,2869,-90
1435,00:02,2870,-105
1435.06,00:03,2870,-99
1435.1,00:04,2870,-90
1435.5,00:02,2871,-105
1435.56,00:03,2871,-99
1435.6,00:04,2871,-90
1436,00:02,2872,-105
1436.06,00:03,2872,-99
1436.1,00:04,2872,-90
1436.49,00:02,2873,-105
1436.56,00:03,2873,-99
1436.6,00:04,2873,-90
1437,00:02,2874,-105
1437.06,00:03,2874,-99
1437.1,00:04,2874,-90
1437.5,00:02,2875,-105
1437.56,00:03,2875,-99
1437.6,00:04,2875,-90
1438,00:02,2876,-105
1438.06,00:03,2876,-99
1438.1,00:04,2876,-90
1438.49,00:02,2877,-105
1438.56,00:03,2877,-100
1438.6,00:04,2877,-90
1439,00:02,2878,-105
1439.06,00:03,2878,-100
1439.1,00:04,2878,-90
1439.5,00:02,2879,-105
1439.56,00:03,2879,-100
1439.6,00:04,2879,-90
1440,00:02,2880,-105
1440.06,00:03,2880,-100
1440.1,00:04,2880,-90
1440.5,00:02,2881,-105
1440.55,00:03,2881,-100
1440.6,00:04,2881,-90
1440.99,00:02,2882,-105
1441.06,00:03,2882,-100
1441.1,00:04,2882,-89
1441.5,00:02,2883,-105
1441.56,00:03,2883,-100
1441.6,00:04,2883,-89
1442,00:02,2884,-105
1442.06,00:03,2884,-100
1442.1,00:04,2884,-89
1442.5,00:02,2885,-105
1442.56,00:03,2885,-100
1442.6,00:04,2885,-89
1443,00:02,2886,-105
1443.05,00:03,2886,-107
1443.1,00:04,2886,-96
1443.6,00:04,2887,-96
1444.06,00:03,2888,-107
1444.1,00:04,2888,-95
1444.56,00:03,2889,-107
1444.6,00:04,2889,-95
1445.06,00:03,2890,-107
1445.1,00:04,2890,-95
1445.56,00:03,2891,-107
1445.6,00:04,2891,-95
1446.06,00:03,2892,-107
1446.1,00:04,2892,-95
1446.56,00:03,2893,-107
1446.6,00:04,2893,-94
1447.05,00:03,2894,-107
1447.1,00:04,2894,-94
1447.56,00:03,2895,-107
1447.6,00:04,2895,-94
1448.06,00:03,2896,-107
1448.1,00:04,2896,-94
1448.55,00:03,2897,-107
1448.6,00:04,2897,-94
1449.06,00:03,2898,-107
1449.1,00:04,2898,-93
1449.56,00:03,2899,-107
1449.6,00:04,2899,-93
1450.06,00:03,2900,-107
1450.1,00:04,2900,-93
1450.56,00:03,2901,-107
1450.6,00:04,2901,-93
1451.06,00:03,2902,-107
1451.1,00:04,2902,-92
1451.56,00:03,2903,-107
1451.6,00:04,2903,-92
1452.06,00:03,2904,-107
1452.1,00:04,2904,-92
1452.56,00:03,2905,-107
1452.6,00:04,2905,-92
1453.06,00:03,2906,-107
1453.1,00:04,2906,-91
1453.55,00:03,2907,-107
1453.6,00:04,2907,-91
1454.06,00:03,2908,-107
1454.1,00:04,2908,-91
1454.56,00:03,2909,-107
1454.6,00:04,2909,-91
1455.06,00:03,2910,-107
1455.1,00:04,2910,-91
1455.56,00:03,2911,-107
1455.6,00:04,2911,-90
1456.06,00:03,2912,-107
1456.1,00:04,2912,-90
1456.56,00:03,2913,-107
1456.6,00:04,2913,-90
1457.06,00:03,2914,-107
1457.1,00:04,2914,-89
1457.56,00:03,2915,-107
1457.6,00:04,2915,-89
1458.06,00:03,2916,-107
1458.1,00:04,2916,-89
1458.56,00:03,2917,-107
1458.6,00:04,2917,-89
1459.06,00:03,2918,-100
1459.1,00:04,2918,-81
1459.5,00:02,2919,-103
1459.56,00:03,2919,-100
1459.6,00:04,2919,-81
1460,00:02,2920,-103
1460.06,00:03,2920,-100
1460.1,00:04,2920,-81
1460.49,00:02,2921,-103
1460.56,00:03,2921,-100
1460.6,00:04,2921,-81
1460.99,00:02,2922,-103
1461.06,00:03,2922,-100
1461.1,00:04,2922,-80
1461.49,00:02,2923,-103
1461.56,00:03,2923,-100
1461.6,00:04,2923,-80
1462,00:02,2924,-103
1462.05,00:03,2924,-100
1462.1,00:04,2924,-80
1462.5,00:02,2925,-103
1462.56,00:03,2925,-100
1462.6,00:04,2925,-79
1463,00:02,2926,-103
1463.05,00:03,2926,-100
1463.1,00:04,2926,-79
1463.49,00:02,2927,-103
1463.55,00:03,2927,-100
1463.6,00:04,2927,-79
1463.99,00:02,2928,-103
1464.06,00:03,2928,-100
1464.1,00:04,2928,-79
1464.49,00:02,2929,-102
1464.56,00:03,2929,-100
1464.6,00:04,2929,-78
1464.99,00:02,2930,-102
1465.06,00:03,2930,-100
1465.1,00:04,2930,-78
1465.5,00:02,2931,-102
1465.56,00:03,2931,-101
1465.6,00:04,2931,-78
1466,00:02,2932,-102
1466.06,00:03,2932,-101
1466.1,00:04,2932,-77
1466.5,00:02,2933,-102
1466.56,00:03,2933,-101
1466.6,00:04,2933,-77
1466.99,00:02,2934,-102
1467.06,00:03,2934,-101
1467.1,00:04,2934,-77
1467.49,00:02,2935,-102
1467.56,00:03,2935,-101
1467.6,00:04,2935,-76
1468,00:02,2936,-102
1468.06,00:03,2936,-101
1468.1,00:04,2936,-76
1468.5,00:02,2937,-102
1468.56,00:03,2937,-101
1468.6,00:04,2937,-76
1468.99,00:02,2938,-102
1469.06,00:03,2938,-101
1469.1,00:04,2938,-75
1469.5,00:02,2939,-102
1469.56,00:03,2939,-101
1469.6,00:04,2939,-75
1470,00:02,2940,-102
1470.06,00:03,2940,-101
1470.1,00:04,2940,-75
1470.49,00:02,2941,-102
1470.56,00:03,2941,-101
1470.6,00:04,2941,-74
1471,00:02,2942,-102
1471.06,00:03,2942,-101
1471.1,00:04,2942,-74
1471.5,00:02,2943,-102
1471.56,00:03,2943,-101
1471.6,00:04,2943,-73
1472,00:02,2944,-102
1472.06,00:03,2944,-101
1472.1,00:04,2944,-73
1472.49,00:02,2945,-102
1472.55,00:03,2945,-101
1472.6,00:04,2945,-73
1473,00:02,2946,-102
1473.06,00:03,2946,-101
1473.1,00:04,2946,-73
1473.49,00:02,2947,-102
1473.56,00:03,2947,-101
1473.6,00:04,2947,-73
1474,00:02,2948,-101
1474.06,00:03,2948,-101
1474.1,00:04,2948,-72
1474.49,00:02,2949,-101
1474.56,00:03,2949,-101
1474.6,00:04,2949,-72
1475,00:02,2950,-101
1475.06,00:03,2950,-101
1475.1,00:04,2950,-72
1475.5,00:02,2951,-101
1475.56,00:03,2951,-101
1475.6,00:04,2951,-72
1476,00:02,2952,-101
1476.06,00:03,2952,-101
1476.1,00:04,2952,-72
1476.5,00:02,2953,-101
1476.56,00:03,2953,-101
1476.6,00:04,2953,-71
1477,00:02,2954,-101
1477.06,00:03,2954,-101
1477.1,00:04,2954,-71
1477.49,00:02,2955,-101
1477.56,00:03,2955,-101
1477.6,00:04,2955,-71
1478,00:02,2956,-101
1478.06,00:03,2956,-101
1478.1,00:04,2956,-71
1478.49,00:02,2957,-101
1478.56,00:03,2957,-102
1478.6,00:04,2957,-71
1479,00:02,2958,-101
1479.06,00:03,2958,-102
1479.1,00:04,2958,-71
1479.5,00:02,2959,-101
1479.56,00:03,2959,-102
1479.6,00:04,2959,-70
1479.99,00:02,2960,-101
1480.06,00:03,2960,-102
1480.1,00:04,2960,-70
1480.5,00:02,2961,-101
1480.56,00:03,2961,-102
1480.6,00:04,2961,-70
1481,00:02,2962,-101
1481.06,00:03,2962,-102
1481.1,00:04,2962,-70
1481.49,00:02,2963,-101
1481.55,00:03,2963,-102
1481.6,00:04,2963,-70
1482,00:02,2964,-101
1482.06,00:03,2964,-102
1482.1,00:04,2964,-70
1482.5,00:02,2965,-101
1482.56,00:03,2965,-102
1482.6,00:04,2965,-70
1483,00:02,2966,-101
1483.06,00:03,2966,-102
1483.1,00:04,2966,-70
1483.49,00:02,2967,-100
1483.56,00:03,2967,-102
1483.6,00:04,2967,-70
1484,00:02,2968,-100
1484.06,00:03,2968,-102
1484.1,00:04,2968,-70
1484.49,00:02,2969,-100
1484.56,00:03,2969,-102
1484.6,00:04,2969,-70
1485,00:02,2970,-100
1485.06,00:03,2970,-102
1485.1,00:04,2970,-70
1485.5,00:02,2971,-100
1485.56,00:03,2971,-102
1485.6,00:04,2971,-70
1485.99,00:02,2972,-100
1486.06,00:03,2972,-102
1486.1,00:04,2972,-70
1486.49,00:02,2973,-100
1486.56,00:03,2973,-102
1486.6,00:04,2973,-70
1486.99,00:02,2974,-100
1487.06,00:03,2974,-102
1487.1,00:04,2974,-70
1487.5,00:02,2975,-100
1487.56,00:03,2975,-102
1487.6,00:04,2975,-70
1488,00:02,2976,-100
1488.06,00:03,2976,-102
1488.1,00:04,2976,-70
1488.5,00:02,2977,-100
1488.56,00:03,2977,-102
1488.6,00:04,2977,-70
1489,00:02,2978,-100
1489.06,00:03,2978,-103
1489.1,00:04,2978,-70
1489.49,00:02,2979,-100
1489.56,00:03,2979,-103
1489.6,00:04,2979,-70
1490,00:02,2980,-100
1490.06,00:03,2980,-103
1490.1,00:04,2980,-70
1490.49,00:02,2981,-100
1490.56,00:03,2981,-103
1490.6,00:04,2981,-71
1491,00:02,2982,-100
1491.06,00:03,2982,-103
1491.1,00:04,2982,-71
1491.49,00:02,2983,-100
1491.56,00:03,2983,-103
1491.6,00:04,2983,-71
1491.99,00:02,2984,-100
1492.06,00:03,2984,-103
1492.1,00:04,2984,-71
1492.49,00:02,2985,-100
1492.56,00:03,2985,-103
1492.6,00:04,2985,-71
1493,00:02,2986,-100
1493.06,00:03,2986,-103
1493.1,00:04,2986,-71
1493.49,00:02,2987,-100
1493.56,00:03,2987,-103
1493.6,00:04,2987,-72
1494,00:02,2988,-100
1494.06,00:03,2988,-103
1494.1,00:04,2988,-72
1494.49,00:02,2989,-99
1494.56,00:03,2989,-103
1494.6,00:04,2989,-72
1494.99,00:02,2990,-99
1495.06,00:03,2990,-103
1495.1,00:04,2990,-72
1495.49,00:02,2991,-99
1495.56,00:03,2991,-103
1495.6,00:04,2991,-72
1496,00:02,2992,-99
1496.06,00:03,2992,-103
1496.1,00:04,2992,-73
1496.49,00:02,2993,-99
1496.56,00:03,2993,-103
1496.6,00:04,2993,-73
1497,00:02,2994,-99
1497.06,00:03,2994,-103
1497.1,00:04,2994,-73
1497.49,00:02,2995,-99
1497.55,00:03,2995,-103
1497.6,00:04,2995,-73
1498,00:02,2996,-99
1498.06,00:03,2996,-103
1498.1,00:04,2996,-73
1498.5,00:02,2997,-99
1498.56,00:03,2997,-104
1498.6,00:04,2997,-74
1498.99,00:02,2998,-99
1499.06,00:03,2998,-104
1499.1,00:04,2998,-74
1499.49,00:02,2999,-99
1499.56,00:03,2999,-104
1499.6,00:04,2999,-74
1500,00:02,3000,-99
1500.06,00:03,3000,-104
1500.1,00:04,3000,-75
1500.5,00:02,3001,-99
1500.56,00:03,3001,-104
1500.6,00:04,3001,-75
1501,00:02,3002,-99
1501.06,00:03,3002,-104
1501.1,00:04,3002,-75
1501.49,00:02,3003,-99
1501.56,00:03,3003,-104
1501.6,00:04,3003,-76
1501.99,00:02,3004,-99
1502.06,00:03,3004,-104
1502.1,00:04,3004,-76
1502.49,00:02,3005,-99
1502.56,00:03,3005,-104
1502.6,00:04,3005,-76
1503,00:02,3006,-99
1503.06,00:03,3006,-104
1503.1,00:04,3006,-77
1503.5,00:02,3007,-99
1503.56,00:03,3007,-104
1503.6,00:04,3007,-77
1503.99,00:02,3008,-99
1504.06,00:03,3008,-104
1504.1,00:04,3008,-77
1504.49,00:02,3009,-99
1504.56,00:03,3009,-104
1504.6,00:04,3009,-78
1504.99,00:02,3010,-99
1505.06,00:03,3010,-104
1505.1,00:04,3010,-78
1505.5,00:02,3011,-99
1505.56,00:03,3011,-104
1505.6,00:04,3011,-78
1506,00:02,3012,-99
1506.06,00:03,3012,-104
1506.1,00:04,3012,-79
1506.5,00:02,3013,-99
1506.56,00:03,3013,-104
1506.6,00:04,3013,-79
1507,00:02,3014,-99
1507.06,00:03,3014,-104
1507.1,00:04,3014,-79
1507.5,00:02,3015,-99
1507.56,00:03,3015,-104
1507.6,00:04,3015,-80
1507.99,00:02,3016,-99
1508.06,00:03,3016,-105
1508.1,00:04,3016,-80
1508.5,00:02,3017,-98
1508.56,00:03,3017,-105
1508.6,00:04,3017,-80
1509,00:02,3018,-98
1509.06,00:03,3018,-105
1509.1,00:04,3018,-80
1509.49,00:02,3019,-98
1509.56,00:03,3019,-105
1509.6,00:04,3019,-81
1510,00:02,3020,-98
1510.06,00:03,3020,-105
1510.1,00:04,3020,-81
1510.49,00:02,3021,-98
1510.56,00:03,3021,-105
1510.6,00:04,3021,-81
1511,00:02,3022,-98
1511.06,00:03,3022,-105
1511.1,00:04,3022,-82
1511.5,00:02,3023,-98
1511.56,00:03,3023,-105
1511.6,00:04,3023,-82
1511.99,00:02,3024,-98
1512.06,00:03,3024,-105
1512.1,00:04,3024,-82
1512.5,00:02,3025,-98
1512.56,00:03,3025,-105
1512.6,00:04,3025,-82
1513,00:02,3026,-98
1513.06,00:03,3026,-105
1513.1,00:04,3026,-83
1513.5,00:02,3027,-98
1513.56,00:03,3027,-105
1513.6,00:04,3027,-83
1514,00:02,3028,-98
1514.05,00:03,3028,-105
1514.1,00:04,3028,-83
1514.5,00:02,3029,-98
1514.56,00:03,3029,-105
1514.6,00:04,3029,-83
1514.99,00:02,3030,-98
1515.1,00:04,3030,-91
1515.5,00:02,3031,-105
1515.6,00:04,3031,-91
1516,00:02,3032,-105
1516.1,00:04,3032,-91
1516.5,00:02,3033,-105
1516.6,00:04,3033,-91
1517,00:02,3034,-105
1517.1,00:04,3034,-92
1517.5,00:02,3035,-105
1517.6,00:04,3035,-92
1518,00:02,3036,-105
1518.1,00:04,3036,-92
1518.49,00:02,3037,-105
1518.6,00:04,3037,-92
1519,00:02,3038,-105
1519.1,00:04,3038,-93
1519.49,00:02,3039,-105
1519.6,00:04,3039,-93
1520,00:02,3040,-105
1520.1,00:04,3040,-93
1520.5,00:02,3041,-105
1520.6,00:04,3041,-93
1520.99,00:02,3042,-105
1521.1,00:04,3042,-93
1521.49,00:02,3043,-105
1521.6,00:04,3043,-94
1521.99,00:02,3044,-105
1522.1,00:04,3044,-94
1522.5,00:02,3045,-105
1522.6,00:04,3045,-94
1523,00:02,3046,-105
1523.1,00:04,3046,-94
1523.49,00:02,3047,-105
1523.6,00:04,3047,-94
1524,00:02,3048,-105
1524.1,00:04,3048,-95
1524.49,00:02,3049,-105
1524.6,00:04,3049,-95
1524.99,00:02,3050,-105
1525.1,00:04,3050,-95
1525.49,00:02,3051,-105
1525.6,00:04,3051,-95
1525.99,00:02,3052,-105
1526.1,00:04,3052,-95
1526.5,00:02,3053,-105
1526.6,00:04,3053,-96
1527,00:02,3054,-105
1527.06,00:03,3054,-107
1527.1,00:04,3054,-89
1527.49,00:02,3055,-98
1527.56,00:03,3055,-107
1527.6,00:04,3055,-89
1528,00:02,3056,-98
1528.06,00:03,3056,-107
1528.1,00:04,3056,-89
1528.5,00:02,3057,-98
1528.56,00:03,3057,-107
1528.6,00:04,3057,-89
1528.99,00:02,3058,-98
1529.06,00:03,3058,-107
1529.1,00:04,3058,-90
1529.5,00:02,3059,-98
1529.56,00:03,3059,-107
1529.6,00:04,3059,-90
1529.99,00:02,3060,-98
1530.06,00:03,3060,-107
1530.1,00:04,3060,-90
1530.49,00:02,3061,-98
1530.56,00:03,3061,-107
1530.6,00:04,3061,-90
1531,00:02,3062,-98
1531.06,00:03,3062,-107
1531.1,00:04,3062,-90
1531.49,00:02,3063,-98
1531.56,00:03,3063,-107
1531.6,00:04,3063,-90
1531.99,00:02,3064,-98
1532.06,00:03,3064,-107
1532.1,00:04,3064,-90
1532.49,00:02,3065,-98
1532.56,00:03,3065,-107
1532.6,00:04,3065,-90
1533,00:02,3066,-98
1533.06,00:03,3066,-107
1533.1,00:04,3066,-90
1533.49,00:02,3067,-99
1533.56,00:03,3067,-107
1533.6,00:04,3067,-90
1534,00:02,3068,-99
1534.05,00:03,3068,-107
1534.1,00:04,3068,-90
1534.49,00:02,3069,-99
1534.6,00:04,3069,-90
1534.99,00:02,3070,-99
1535.06,00:03,3070,-107
1535.1,00:04,3070,-90
1535.49,00:02,3071,-99
1535.6,00:04,3071,-90
1536,00:02,3072,-99
1536.06,00:03,3072,-107
1536.1,00:04,3072,-89
1536.49,00:02,3073,-99
1536.6,00:04,3073,-89
1537,00:02,3074,-99
1537.06,00:03,3074,-107
1537.1,00:04,3074,-89
1537.5,00:02,3075,-99
1537.56,00:03,3075,-107
1537.6,00:04,3075,-89
1538,00:02,3076,-99
1538.06,00:03,3076,-107
1538.1,00:04,3076,-89
1538.49,00:02,3077,-99
1538.56,00:03,3077,-107
1538.6,00:04,3077,-88
1538.99,00:02,3078,-99
1539.1,00:04,3078,-95
1539.49,00:02,3079,-106
1539.6,00:04,3079,-95
1539.99,00:02,3080,-106
1540.1,00:04,3080,-95
1540.49,00:02,3081,-106
1540.6,00:04,3081,-95
1540.99,00:02,3082,-106
1541.1,00:04,3082,-94
1541.5,00:02,3083,-106
1541.6,00:04,3083,-94
1542,00:02,3084,-106
1542.1,00:04,3084,-94
1542.49,00:02,3085,-106
1542.6,00:04,3085,-94
1543,00:02,3086,-106
1543.1,00:04,3086,-94
1543.5,00:02,3087,-106
1543.6,00:04,3087,-93
1544,00:02,3088,-106
1544.1,00:04,3088,-93
1544.5,00:02,3089,-106
1544.6,00:04,3089,-93
1544.99,00:02,3090,-106
1545.1,00:04,3090,-93
1545.49,00:02,3091,-106
1545.6,00:04,3091,-92
1546,00:02,3092,-106
1546.1,00:04,3092,-92
1546.5,00:02,3093,-106
1546.6,00:04,3093,-92
1547,00:02,3094,-106
1547.1,00:04,3094,-92
1547.49,00:02,3095,-106
1547.6,00:04,3095,-92
1547.99,00:02,3096,-106
1548.1,00:04,3096,-91
1548.49,00:02,3097,-106
1548.6,00:04,3097,-91
1549,00:02,3098,-106
1549.1,00:04,3098,-91
1549.49,00:02,3099,-106
1549.6,00:04,3099,-90
1550,00:02,3100,-106
1550.1,00:04,3100,-90
1550.5,00:02,3101,-106
1550.6,00:04,3101,-90
1550.99,00:02,3102,-106
1551.06,00:03,3102,-106
1551.1,00:04,3102,-83
1551.5,00:02,3103,-99
1551.56,00:03,3103,-106
1551.6,00:04,3103,-82
1552,00:02,3104,-99
1552.06,00:03,3104,-106
1552.1,00:04,3104,-82
1552.5,00:02,3105,-99
1552.56,00:03,3105,-106
1552.6,00:04,3105,-82
1552.99,00:02,3106,-99
1553.05,00:03,3106,-106
1553.1,00:04,3106,-82
1553.5,00:02,3107,-99
1553.56,00:03,3107,-106
1553.6,00:04,3107,-81
1553.99,00:02,3108,-99
1554.06,00:03,3108,-106
1554.1,00:04,3108,-81
1554.49,00:02,3109,-99
1554.56,00:03,3109,-106
1554.6,00:04,3109,-81
1555,00:02,3110,-99
1555.06,00:03,3110,-105
1555.1,00:04,3110,-80
1555.5,00:02,3111,-99
1555.56,00:03,3111,-105
1555.6,00:04,3111,-80
1555.99,00:02,3112,-99
1556.06,00:03,3112,-105
1556.1,00:04,3112,-80
1556.5,00:02,3113,-99
1556.56,00:03,3113,-105
1556.6,00:04,3113,-79
1557,00:02,3114,-99
1557.06,00:03,3114,-105
1557.1,00:04,3114,-79
1557.49,00:02,3115,-99
1557.56,00:03,3115,-105
1557.6,00:04,3115,-79
1557.99,00:02,3116,-100
1558.06,00:03,3116,-105
1558.1,00:04,3116,-78
1558.5,00:02,3117,-100
1558.56,00:03,3117,-105
1558.6,00:04,3117,-78
1559,00:02,3118,-100
1559.06,00:03,3118,-105
1559.1,00:04,3118,-78
1559.5,00:02,3119,-100
1559.56,00:03,3119,-105
1559.6,00:04,3119,-77
1560,00:02,3120,-100
1560.06,00:03,3120,-105
1560.1,00:04,3120,-77
1560.49,00:02,3121,-100
1560.56,00:03,3121,-105
1560.6,00:04,3121,-77
1561,00:02,3122,-100
1561.06,00:03,3122,-105
1561.1,00:04,3122,-76
1561.49,00:02,3123,-100
1561.56,00:03,3123,-105
1561.6,00:04,3123,-76
1562,00:02,3124,-100
1562.06,00:03,3124,-105
1562.1,00:04,3124,-75
1562.5,00:02,3125,-100
1562.56,00:03,3125,-105
1562.6,00:04,3125,-75
1563,00:02,3126,-100
1563.06,00:03,3126,-105
1563.1,00:04,3126,-75
1563.5,00:02,3127,-100
1563.56,00:03,3127,-105
1563.6,00:04,3127,-74
1563.99,00:02,3128,-100
1564.06,00:03,3128,-105
1564.1,00:04,3128,-74
1564.49,00:02,3129,-100
1564.56,00:03,3129,-105
1564.6,00:04,3129,-73
1565,00:02,3130,-100
1565.06,00:03,3130,-104
1565.1,00:04,3130,-73
1565.49,00:02,3131,-100
1565.55,00:03,3131,-104
1565.6,00:04,3131,-73
1565.99,00:02,3132,-100
1566.06,00:03,3132,-104
1566.1,00:04,3132,-73
1566.49,00:02,3133,-100
1566.56,00:03,3133,-104
1566.6,00:04,3133,-72
1566.99,00:02,3134,-100
1567.06,00:03,3134,-104
1567.1,00:04,3134,-72
1567.49,00:02,3135,-100
1567.56,00:03,3135,-104
1567.6,00:04,3135,-72
1568,00:02,3136,-100
1568.06,00:03,3136,-104
1568.1,00:04,3136,-71
1568.5,00:02,3137,-100
1568.56,00:03,3137,-104
1568.6,00:04,3137,-71
1569,00:02,3138,-100
1569.06,00:03,3138,-104
1569.1,00:04,3138,-71
1569.49,00:02,3139,-100
1569.56,00:03,3139,-104
1569.6,00:04,3139,-71
1569.99,00:02,3140,-100
1570.06,00:03,3140,-104
1570.1,00:04,3140,-70
1570.5,00:02,3141,-100
1570.56,00:03,3141,-104
1570.6,00:04,3141,-70
1571,00:02,3142,-100
1571.06,00:03,3142,-104
1571.1,00:04,3142,-70
1571.49,00:02,3143,-100
1571.56,00:03,3143,-104
1571.6,00:04,3143,-69
1572,00:02,3144,-100
1572.06,00:03,3144,-104
1572.1,00:04,3144,-69
1572.49,00:02,3145,-100
1572.56,00:03,3145,-104
1572.6,00:04,3145,-69
1572.99,00:02,3146,-100
1573.06,00:03,3146,-104
1573.1,00:04,3146,-68
1573.5,00:02,3147,-101
1573.56,00:03,3147,-104
1573.6,00:04,3147,-68
1573.99,00:02,3148,-101
1574.06,00:03,3148,-104
1574.1,00:04,3148,-68
1574.49,00:02,3149,-101
1574.55,00:03,3149,-104
1574.6,00:04,3149,-67
1574.99,00:02,3150,-101
1575.06,00:03,3150,-103
1575.1,00:04,3150,-67
1575.5,00:02,3151,-101
1575.56,00:03,3151,-103
1575.6,00:04,3151,-67
1575.99,00:02,3152,-101
1576.06,00:03,3152,-103
1576.1,00:04,3152,-66
1576.5,00:02,3153,-101
1576.56,00:03,3153,-103
1576.6,00:04,3153,-66
1577,00:02,3154,-101
1577.06,00:03,3154,-103
1577.1,00:04,3154,-66
1577.49,00:02,3155,-101
1577.56,00:03,3155,-103
1577.6,00:04,3155,-66
1577.99,00:02,3156,-101
1578.06,00:03,3156,-103
1578.1,00:04,3156,-65
1578.49,00:02,3157,-101
1578.56,00:03,3157,-103
1578.59,00:04,3157,-65
1578.99,00:02,3158,-101
1579.06,00:03,3158,-103
1579.09,00:04,3158,-65
1579.49,00:02,3159,-101
1579.56,00:03,3159,-103
1579.6,00:04,3159,-65
1579.99,00:02,3160,-101
1580.06,00:03,3160,-103
1580.1,00:04,3160,-65
1580.49,00:02,3161,-101
1580.56,00:03,3161,-103
1580.6,00:04,3161,-65
1580.99,00:02,3162,-101
1581.06,00:03,3162,-103
1581.09,00:04,3162,-65
1581.49,00:02,3163,-101
1581.56,00:03,3163,-103
1581.6,00:04,3163,-65
1581.99,00:02,3164,-101
1582.06,00:03,3164,-103
1582.1,00:04,3164,-65
1582.49,00:02,3165,-101
1582.55,00:03,3165,-103
1582.6,00:04,3165,-65
1582.99,00:02,3166,-101
1583.06,00:03,3166,-103
1583.1,00:04,3166,-65
1583.5,00:02,3167,-101
1583.56,00:03,3167,-103
1583.6,00:04,3167,-65
1583.99,00:02,3168,-101
1584.06,00:03,3168,-103
1584.1,00:04,3168,-65
1584.49,00:02,3169,-101
1584.56,00:03,3169,-103
1584.6,00:04,3169,-66
1585,00:02,3170,-102
1585.06,00:03,3170,-103
1585.1,00:04,3170,-66
1585.5,00:02,3171,-102
1585.55,00:03,3171,-103
1585.6,00:04,3171,-66
1585.99,00:02,3172,-102
1586.06,00:03,3172,-103
1586.1,00:04,3172,-67
1586.5,00:02,3173,-102
1586.56,00:03,3173,-102
1586.6,00:04,3173,-67
1587,00:02,3174,-102
1587.06,00:03,3174,-102
1587.1,00:04,3174,-67
1587.5,00:02,3175,-102
1587.56,00:03,3175,-102
1587.6,00:04,3175,-68
1587.99,00:02,3176,-102
1588.06,00:03,3176,-102
1588.1,00:04,3176,-68
1588.49,00:02,3177,-102
1588.56,00:03,3177,-102
1588.6,00:04,3177,-68
1589,00:02,3178,-102
1589.06,00:03,3178,-102
1589.09,00:04,3178,-68
1589.5,00:02,3179,-102
1589.56,00:03,3179,-102
1589.6,00:04,3179,-69
1589.99,00:02,3180,-102
1590.06,00:03,3180,-102
1590.1,00:04,3180,-69
1590.49,00:02,3181,-102
1590.56,00:03,3181,-102
1590.6,00:04,3181,-69
1590.99,00:02,3182,-102
1591.05,00:03,3182,-102
1591.09,00:04,3182,-70
1591.49,00:02,3183,-102
1591.56,00:03,3183,-102
1591.59,00:04,3183,-70
1591.99,00:02,3184,-102
1592.05,00:03,3184,-102
1592.1,00:04,3184,-70
1592.49,00:02,3185,-102
1592.56,00:03,3185,-102
1592.6,00:04,3185,-71
1593,00:02,3186,-102
1593.06,00:03,3186,-102
1593.1,00:04,3186,-71
1593.49,00:02,3187,-102
1593.56,00:03,3187,-102
1593.6,00:04,3187,-71
1593.99,00:02,3188,-102
1594.06,00:03,3188,-102
1594.1,00:04,3188,-72
1594.49,00:02,3189,-102
1594.56,00:03,3189,-102
1594.6,00:04,3189,-72
1595,00:02,3190,-102
1595.06,00:03,3190,-102
1595.1,00:04,3190,-72
1595.49,00:02,3191,-103
1595.56,00:03,3191,-102
1595.6,00:04,3191,-72
1596,00:02,3192,-103
1596.06,00:03,3192,-102
1596.1,00:04,3192,-73
1596.49,00:02,3193,-103
1596.56,00:03,3193,-102
1596.6,00:04,3193,-73
1596.99,00:02,3194,-103
1597.06,00:03,3194,-102
1597.09,00:04,3194,-73
1597.49,00:02,3195,-103
1597.56,00:03,3195,-102
1597.6,00:04,3195,-74
1597.99,00:02,3196,-103
1598.06,00:03,3196,-102
1598.1,00:04,3196,-74
1598.49,00:02,3197,-103
1598.56,00:03,3197,-102
1598.6,00:04,3197,-74
1598.99,00:02,3198,-103
1599.06,00:03,3198,-102
1599.1,00:04,3198,-75
1599.49,00:02,3199,-103
1599.56,00:03,3199,-102
1599.6,00:04,3199,-75
1599.99,00:02,3200,-103
1600.06,00:03,3200,-102
1600.1,00:04,3200,-76
1600.49,00:02,3201,-103
1600.56,00:03,3201,-101
1600.6,00:04,3201,-76
1600.99,00:02,3202,-103
1601.05,00:03,3202,-101
1601.09,00:04,3202,-76
1601.49,00:02,3203,-103
1601.56,00:03,3203,-101
1601.59,00:04,3203,-77
1601.99,00:02,3204,-103
1602.06,00:03,3204,-101
1602.1,00:04,3204,-77
1602.49,00:02,3205,-103
1602.56,00:03,3205,-101
1602.6,00:04,3205,-77
1602.99,00:02,3206,-103
1603.06,00:03,3206,-101
1603.1,00:04,3206,-78
1603.5,00:02,3207,-103
1603.56,00:03,3207,-101
1603.6,00:04,3207,-78
1604,00:02,3208,-103
1604.06,00:03,3208,-101
1604.1,00:04,3208,-79
1604.49,00:02,3209,-103
1604.56,00:03,3209,-101
1604.6,00:04,3209,-79
1605,00:02,3210,-103
1605.06,00:03,3210,-101
1605.1,00:04,3210,-79
1605.49,00:02,3211,-104
1605.56,00:03,3211,-101
1605.6,00:04,3211,-80
1605.99,00:02,3212,-104
1606.05,00:03,3212,-101
1606.1,00:04,3212,-80
1606.49,00:02,3213,-104
1606.56,00:03,3213,-101
1606.6,00:04,3213,-80
1606.99,00:02,3214,-104
1607.06,00:03,3214,-108
1607.1,00:04,3214,-87
1607.6,00:04,3215,-88
1608.06,00:03,3216,-108
1608.09,00:04,3216,-88
1608.56,00:03,3217,-108
1608.6,00:04,3217,-88
1609.1,00:04,3218,-89
1609.56,00:03,3219,-108
1609.6,00:04,3219,-89
1610.06,00:03,3220,-108
1610.1,00:04,3220,-89
1610.6,00:04,3221,-90
1611.1,00:04,3222,-90
1611.6,00:04,3223,-90
1612.06,00:03,3224,-108
1612.1,00:04,3224,-90
1612.6,00:04,3225,-91
1613.05,00:03,3226,-108
1613.1,00:04,3226,-91
1613.56,00:03,3227,-108
1613.6,00:04,3227,-91
1614.06,00:03,3228,-108
1614.09,00:04,3228,-91
1614.56,00:03,3229,-108
1614.6,00:04,3229,-92
1615.06,00:03,3230,-108
1615.1,00:04,3230,-92
1615.56,00:03,3231,-108
1615.6,00:04,3231,-92
1616.06,00:03,3232,-108
1616.1,00:04,3232,-92
1616.6,00:04,3233,-93
1617.05,00:03,3234,-108
1617.1,00:04,3234,-93
1617.56,00:03,3235,-108
1617.6,00:04,3235,-93
1618.06,00:03,3236,-108
1618.1,00:04,3236,-93
1618.6,00:04,3237,-93
1619.06,00:03,3238,-108
1619.1,00:04,3238,-94
1619.56,00:03,3239,-108
1619.6,00:04,3239,-94
1620.06,00:03,3240,-108
1620.1,00:04,3240,-94
1620.56,00:03,3241,-108
1620.6,00:04,3241,-94
1621.05,00:03,3242,-108
1621.1,00:04,3242,-95
1621.56,00:03,3243,-108
1621.6,00:04,3243,-95
1622.1,00:04,3244,-95
1622.56,00:03,3245,-108
1622.6,00:04,3245,-95
1623.06,00:03,3246,-101
1623.1,00:04,3246,-88
1623.49,00:02,3247,-105
1623.56,00:03,3247,-101
1623.6,00:04,3247,-89
1623.99,00:02,3248,-105
1624.06,00:03,3248,-101
1624.1,00:04,3248,-89
1624.49,00:02,3249,-106
1624.56,00:03,3249,-101
1624.6,00:04,3249,-89
1625,00:02,3250,-106
1625.06,00:03,3250,-101
1625.1,00:04,3250,-89
1625.49,00:02,3251,-106
1625.56,00:03,3251,-101
1625.6,00:04,3251,-89
1625.99,00:02,3252,-106
1626.06,00:03,3252,-101
1626.1,00:04,3252,-89
1626.49,00:02,3253,-106
1626.56,00:03,3253,-101
1626.6,00:04,3253,-89
1626.99,00:02,3254,-106
1627.06,00:03,3254,-101
1627.1,00:04,3254,-89
1627.49,00:02,3255,-106
1627.56,00:03,3255,-101
1627.6,00:04,3255,-89
1627.99,00:02,3256,-106
1628.06,00:03,3256,-101
1628.1,00:04,3256,-89
1628.49,00:02,3257,-106
1628.56,00:03,3257,-101
1628.6,00:04,3257,-89
1628.99,00:02,3258,-106
1629.06,00:03,3258,-101
1629.1,00:04,3258,-89
1629.5,00:02,3259,-106
1629.56,00:03,3259,-101
1629.6,00:04,3259,-89
1629.99,00:02,3260,-106
1630.06,00:03,3260,-102
1630.09,00:04,3260,-89
1630.49,00:02,3261,-106
1630.56,00:03,3261,-102
1630.6,00:04,3261,-89
1631,00:02,3262,-106
1631.06,00:03,3262,-102
1631.09,00:04,3262,-89
1631.49,00:02,3263,-106
1631.56,00:03,3263,-102
1631.6,00:04,3263,-89
1631.99,00:02,3264,-106
1632.06,00:03,3264,-102
1632.1,00:04,3264,-89
1632.49,00:02,3265,-106
1632.56,00:03,3265,-102
1632.59,00:04,3265,-89
1632.99,00:02,3266,-106
1633.06,00:03,3266,-102
1633.1,00:04,3266,-89
1633.49,00:02,3267,-106
1633.56,00:03,3267,-102
1633.6,00:04,3267,-89
1634,00:02,3268,-106
1634.05,00:03,3268,-102
1634.1,00:04,3268,-88
1634.5,00:02,3269,-106
1634.55,00:03,3269,-102
1634.6,00:04,3269,-88
1634.99,00:02,3270,-106
1635.06,00:03,3270,-102
1635.1,00:04,3270,-88
1635.49,00:02,3271,-106
1635.56,00:03,3271,-102
1635.6,00:04,3271,-88
1635.99,00:02,3272,-106
1636.06,00:03,3272,-102
1636.1,00:04,3272,-88
1636.49,00:02,3273,-106
1636.56,00:03,3273,-102
1636.6,00:04,3273,-87
1636.99,00:02,3274,-106
1637.06,00:03,3274,-102
1637.1,00:04,3274,-87
1637.49,00:02,3275,-106
1637.56,00:03,3275,-102
1637.6,00:04,3275,-87
1637.99,00:02,3276,-106
1638.06,00:03,3276,-102
1638.1,00:04,3276,-87
1638.49,00:02,3277,-106
1638.56,00:03,3277,-102
1638.6,00:04,3277,-87
1638.99,00:02,3278,-105
1639.06,00:03,3278,-102
1639.1,00:04,3278,-86
1639.5,00:02,3279,-105
1639.56,00:03,3279,-102
1639.6,00:04,3279,-86
1639.99,00:02,3280,-105
1640.06,00:03,3280,-102
1640.1,00:04,3280,-86
1640.49,00:02,3281,-105
1640.56,00:03,3281,-102
1640.6,00:04,3281,-86
1640.99,00:02,3282,-105
1641.06,00:03,3282,-102
1641.1,00:04,3282,-85
1641.49,00:02,3283,-105
1641.56,00:03,3283,-102
1641.6,00:04,3283,-85
1641.99,00:02,3284,-105
1642.06,00:03,3284,-102
1642.1,00:04,3284,-85
1642.49,00:02,3285,-105
1642.56,00:03,3285,-102
1642.6,00:04,3285,-85
1642.99,00:02,3286,-105
1643.06,00:03,3286,-102
1643.1,00:04,3286,-84
1643.5,00:02,3287,-105
1643.56,00:03,3287,-102
1643.6,00:04,3287,-84
1643.99,00:02,3288,-105
1644.06,00:03,3288,-102
1644.1,00:04,3288,-84
1644.5,00:02,3289,-105
1644.56,00:03,3289,-102
1644.6,00:04,3289,-84
1644.99,00:02,3290,-105
1645.06,00:03,3290,-102
1645.09,00:04,3290,-83
1645.49,00:02,3291,-105
1645.56,00:03,3291,-102
1645.6,00:04,3291,-83
1645.99,00:02,3292,-105
1646.06,00:03,3292,-102
1646.1,00:04,3292,-83
1646.49,00:02,3293,-105
1646.56,00:03,3293,-102
1646.6,00:04,3293,-83
1646.99,00:02,3294,-105
1647.06,00:03,3294,-102
1647.1,00:04,3294,-82
1647.49,00:02,3295,-105
1647.56,00:03,3295,-102
1647.6,00:04,3295,-82
1647.99,00:02,3296,-105
1648.06,00:03,3296,-102
1648.1,00:04,3296,-82
1648.49,00:02,3297,-105
1648.56,00:03,3297,-102
1648.6,00:04,3297,-81
1648.99,00:02,3298,-104
1649.05,00:03,3298,-102
1649.1,00:04,3298,-81
1649.49,00:02,3299,-104
1649.56,00:03,3299,-102
1649.6,00:04,3299,-81
1649.99,00:02,3300,-104
1650.06,00:03,3300,-102
1650.1,00:04,3300,-80
1650.49,00:02,3301,-104
1650.56,00:03,3301,-102
1650.6,00:04,3301,-80
1650.99,00:02,3302,-104
1651.06,00:03,3302,-102
1651.1,00:04,3302,-80
1651.49,00:02,3303,-104
1651.56,00:03,3303,-102
1651.6,00:04,3303,-79
1652,00:02,3304,-104
1652.06,00:03,3304,-102
1652.09,00:04,3304,-79
1652.49,00:02,3305,-104
1652.56,00:03,3305,-102
1652.6,00:04,3305,-79
1652.99,00:02,3306,-104
1653.06,00:03,3306,-102
1653.1,00:04,3306,-78
1653.49,00:02,3307,-104
1653.56,00:03,3307,-102
1653.6,00:04,3307,-78
1654,00:02,3308,-104
1654.06,00:03,3308,-102
1654.1,00:04,3308,-78
1654.49,00:02,3309,-104
1654.56,00:03,3309,-102
1654.6,00:04,3309,-77
1654.99,00:02,3310,-104
1655.06,00:03,3310,-102
1655.1,00:04,3310,-77
1655.49,00:02,3311,-104
1655.56,00:03,3311,-102
1655.6,00:04,3311,-77
1655.99,00:02,3312,-104
1656.06,00:03,3312,-102
1656.1,00:04,3312,-76
1656.49,00:02,3313,-104
1656.56,00:03,3313,-102
1656.6,00:04,3313,-76
1656.99,00:02,3314,-104
1657.06,00:03,3314,-102
1657.1,00:04,3314,-75
1657.49,00:02,3315,-104
1657.56,00:03,3315,-102
1657.6,00:04,3315,-75
1657.99,00:02,3316,-104
1658.06,00:03,3316,-102
1658.1,00:04,3316,-74
1658.49,00:02,3317,-104
1658.56,00:03,3317,-102
1658.6,00:04,3317,-74
1658.99,00:02,3318,-104
1659.06,00:03,3318,-103
1659.1,00:04,3318,-74
1659.49,00:02,3319,-103
1659.56,00:03,3319,-103
1659.6,00:04,3319,-73
1659.99,00:02,3320,-103
1660.06,00:03,3320,-103
1660.1,00:04,3320,-73
1660.49,00:02,3321,-103
1660.56,00:03,3321,-103
1660.6,00:04,3321,-73
1661,00:02,3322,-103
1661.06,00:03,3322,-103
1661.1,00:04,3322,-72
1661.49,00:02,3323,-103
1661.56,00:03,3323,-103
1661.59,00:04,3323,-72
1662,00:02,3324,-103
1662.06,00:03,3324,-103
1662.1,00:04,3324,-72
1662.49,00:02,3325,-103
1662.56,00:03,3325,-103
1662.6,00:04,3325,-71
1662.99,00:02,3326,-103
1663.06,00:03,3326,-103
1663.1,00:04,3326,-71
1663.49,00:02,3327,-103
1663.56,00:03,3327,-103
1663.6,00:04,3327,-71
1663.99,00:02,3328,-103
1664.06,00:03,3328,-103
1664.1,00:04,3328,-70
1664.49,00:02,3329,-103
1664.56,00:03,3329,-103
1664.6,00:04,3329,-70
1664.99,00:02,3330,-103
1665.06,00:03,3330,-103
1665.1,00:04,3330,-70
1665.49,00:02,3331,-103
1665.56,00:03,3331,-103
1665.59,00:04,3331,-69
1665.99,00:02,3332,-103
1666.06,00:03,3332,-103
1666.1,00:04,3332,-69
1666.49,00:02,3333,-103
1666.56,00:03,3333,-103
1666.6,00:04,3333,-68
1666.99,00:02,3334,-103
1667.06,00:03,3334,-103
1667.1,00:04,3334,-68
1667.49,00:02,3335,-103
1667.56,00:03,3335,-103
1667.6,00:04,3335,-67
1667.99,00:02,3336,-103
1668.06,00:03,3336,-103
1668.1,00:04,3336,-67
1668.49,00:02,3337,-103
1668.56,00:03,3337,-103
1668.59,00:04,3337,-67
1668.99,00:02,3338,-103
1669.06,00:03,3338,-103
1669.1,00:04,3338,-66
1669.49,00:02,3339,-103
1669.56,00:03,3339,-103
1669.6,00:04,3339,-65
1669.99,00:02,3340,-103
1670.06,00:03,3340,-103
1670.1,00:04,3340,-65
1670.5,00:02,3341,-102
1670.56,00:03,3341,-103
1670.6,00:04,3341,-64
1671,00:02,3342,-102
1671.06,00:03,3342,-103
1671.09,00:04,3342,-64
1671.49,00:02,3343,-102
1671.56,00:03,3343,-103
1671.6,00:04,3343,-63
1671.99,00:02,3344,-102
1672.06,00:03,3344,-103
1672.1,00:04,3344,-62
1672.5,00:02,3345,-102
1672.56,00:03,3345,-103
1672.6,00:04,3345,-61
1672.99,00:02,3346,-102
1673.06,00:03,3346,-103
1673.1,00:04,3346,-61
1673.49,00:02,3347,-102
1673.56,00:03,3347,-103
1673.6,00:04,3347,-60
1673.99,00:02,3348,-102
1674.06,00:03,3348,-104
1674.1,00:04,3348,-59
1674.49,00:02,3349,-102
1674.56,00:03,3349,-104
1674.59,00:04,3349,-58
1674.99,00:02,3350,-102
1675.06,00:03,3350,-104
1675.09,00:04,3350,-58
1675.49,00:02,3351,-102
1675.55,00:03,3351,-104
1675.6,00:04,3351,-57
1675.99,00:02,3352,-102
1676.06,00:03,3352,-104
1676.09,00:04,3352,-56
1676.5,00:02,3353,-102
1676.56,00:03,3353,-104
1676.59,00:04,3353,-56
1676.99,00:02,3354,-102
1677.06,00:03,3354,-104
1677.1,00:04,3354,-56
1677.49,00:02,3355,-102
1677.56,00:03,3355,-104
1677.6,00:04,3355,-56
1677.99,00:02,3356,-102
1678.06,00:03,3356,-104
1678.1,00:04,3356,-56
1678.49,00:02,3357,-102
1678.56,00:03,3357,-104
1678.6,00:04,3357,-57
1678.99,00:02,3358,-102
1679.06,00:03,3358,-104
1679.09,00:04,3358,-58
1679.49,00:02,3359,-102
1679.56,00:03,3359,-104
1679.6,00:04,3359,-59
1679.99,00:02,3360,-102
1680.06,00:03,3360,-104
1680.1,00:04,3360,-59
1680.49,00:02,3361,-102
1680.56,00:03,3361,-104
1680.59,00:04,3361,-60
1680.99,00:02,3362,-102
1681.05,00:03,3362,-104
1681.1,00:04,3362,-61
1681.49,00:02,3363,-102
1681.56,00:03,3363,-104
1681.6,00:04,3363,-62
1681.99,00:02,3364,-102
1682.06,00:03,3364,-104
1682.1,00:04,3364,-62
1682.49,00:02,3365,-102
1682.56,00:03,3365,-104
1682.6,00:04,3365,-63
1682.99,00:02,3366,-101
1683.06,00:03,3366,-104
1683.1,00:04,3366,-64
1683.49,00:02,3367,-101
1683.56,00:03,3367,-104
1683.6,00:04,3367,-64
1683.99,00:02,3368,-101
1684.06,00:03,3368,-104
1684.1,00:04,3368,-65
1684.49,00:02,3369,-101
1684.56,00:03,3369,-104
1684.59,00:04,3369,-66
1684.99,00:02,3370,-101
1685.06,00:03,3370,-104
1685.09,00:04,3370,-66
1685.49,00:02,3371,-101
1685.55,00:03,3371,-104
1685.6,00:04,3371,-67
1685.99,00:02,3372,-101
1686.06,00:03,3372,-105
1686.1,00:04,3372,-67
1686.5,00:02,3373,-101
1686.56,00:03,3373,-105
1686.6,00:04,3373,-68
1687,00:02,3374,-101
1687.06,00:03,3374,-105
1687.1,00:04,3374,-68
1687.49,00:02,3375,-101
1687.56,00:03,3375,-105
1687.6,00:04,3375,-69
1687.99,00:02,3376,-101
1688.05,00:03,3376,-105
1688.1,00:04,3376,-69
1688.49,00:02,3377,-101
1688.56,00:03,3377,-105
1688.6,00:04,3377,-69
1688.99,00:02,3378,-101
1689.06,00:03,3378,-105
1689.1,00:04,3378,-70
1689.49,00:02,3379,-101
1689.56,00:03,3379,-105
1689.6,00:04,3379,-70
1690,00:02,3380,-101
1690.06,00:03,3380,-105
1690.1,00:04,3380,-71
1690.49,00:02,3381,-101
1690.56,00:03,3381,-105
1690.6,00:04,3381,-71
1690.99,00:02,3382,-101
1691.06,00:03,3382,-105
1691.1,00:04,3382,-71
1691.49,00:02,3383,-101
1691.56,00:03,3383,-105
1691.6,00:04,3383,-72
1692,00:02,3384,-101
1692.06,00:03,3384,-105
1692.1,00:04,3384,-72
1692.49,00:02,3385,-101
1692.56,00:03,3385,-105
1692.6,00:04,3385,-72
1693,00:02,3386,-101
1693.05,00:03,3386,-105
1693.1,00:04,3386,-72
1693.49,00:02,3387,-101
1693.56,00:03,3387,-105
1693.59,00:04,3387,-73
1693.99,00:02,3388,-101
1694.06,00:03,3388,-105
1694.09,00:04,3388,-73
1694.49,00:02,3389,-101
1694.56,00:03,3389,-105
1694.6,00:04,3389,-73
1694.99,00:02,3390,-101
1695.06,00:03,3390,-105
1695.1,00:04,3390,-74
1695.49,00:02,3391,-101
1695.56,00:03,3391,-105
1695.6,00:04,3391,-74
1696,00:02,3392,-101
1696.06,00:03,3392,-105
1696.1,00:04,3392,-75
1696.49,00:02,3393,-101
1696.56,00:03,3393,-105
1696.6,00:04,3393,-75
1696.99,00:02,3394,-101
1697.06,00:03,3394,-106
1697.1,00:04,3394,-75
1697.49,00:02,3395,-101
1697.56,00:03,3395,-106
1697.6,00:04,3395,-76
1697.99,00:02,3396,-101
1698.06,00:03,3396,-106
1698.1,00:04,3396,-76
1698.49,00:02,3397,-101
1698.56,00:03,3397,-106
1698.6,00:04,3397,-77
1698.99,00:02,3398,-101
1699.06,00:03,3398,-106
1699.09,00:04,3398,-77
1699.49,00:02,3399,-100
1699.56,00:03,3399,-106
1699.6,00:04,3399,-77
1699.99,00:02,3400,-100
1700.06,00:03,3400,-106
1700.09,00:04,3400,-78
1700.49,00:02,3401,-100
1700.56,00:03,3401,-106
1700.6,00:04,3401,-78
1700.99,00:02,3402,-100
1701.06,00:03,3402,-106
1701.1,00:04,3402,-79
1701.49,00:02,3403,-100
1701.56,00:03,3403,-106
1701.6,00:04,3403,-79
1701.99,00:02,3404,-100
1702.06,00:03,3404,-106
1702.09,00:04,3404,-79
1702.49,00:02,3405,-100
1702.56,00:03,3405,-106
1702.6,00:04,3405,-80
1702.99,00:02,3406,-100
1703.06,00:03,3406,-106
1703.1,00:04,3406,-80
1703.49,00:02,3407,-100
1703.56,00:03,3407,-106
1703.59,00:04,3407,-80
1703.99,00:02,3408,-100
1704.06,00:03,3408,-106
1704.1,00:04,3408,-81
1704.49,00:02,3409,-100
1704.56,00:03,3409,-106
1704.6,00:04,3409,-81
1704.99,00:02,3410,-100
1705.06,00:03,3410,-106
1705.1,00:04,3410,-81
1705.49,00:02,3411,-100
1705.56,00:03,3411,-106
1705.6,00:04,3411,-81
1705.99,00:02,3412,-100
1706.06,00:03,3412,-106
1706.1,00:04,3412,-82
1706.5,00:02,3413,-100
1706.56,00:03,3413,-106
1706.6,00:04,3413,-82
1706.99,00:02,3414,-100
1707.06,00:03,3414,-106
1707.09,00:04,3414,-82
1707.49,00:02,3415,-100
1707.56,00:03,3415,-107
1707.6,00:04,3415,-83
1707.99,00:02,3416,-100
1708.05,00:03,3416,-107
1708.1,00:04,3416,-83
1708.49,00:02,3417,-100
1708.56,00:03,3417,-107
1708.6,00:04,3417,-83
1708.99,00:02,3418,-100
1709.06,00:03,3418,-107
1709.09,00:04,3418,-83
1709.49,00:02,3419,-100
1709.56,00:03,3419,-107
1709.6,00:04,3419,-84
1709.99,00:02,3420,-100
1710.06,00:03,3420,-107
1710.1,00:04,3420,-84
1710.49,00:02,3421,-100
1710.56,00:03,3421,-107
1710.6,00:04,3421,-84
1710.99,00:02,3422,-100
1711.06,00:03,3422,-107
1711.1,00:04,3422,-85
1711.49,00:02,3423,-100
1711.56,00:03,3423,-107
1711.59,00:04,3423,-85
1711.99,00:02,3424,-100
1712.06,00:03,3424,-107
1712.1,00:04,3424,-85
1712.49,00:02,3425,-100
1712.56,00:03,3425,-107
1712.6,00:04,3425,-85
1712.99,00:02,3426,-100
1713.06,00:03,3426,-107
1713.1,00:04,3426,-86
1713.49,00:02,3427,-100
1713.56,00:03,3427,-107
1713.6,00:04,3427,-86
1713.99,00:02,3428,-100
1714.06,00:03,3428,-107
1714.1,00:04,3428,-86
1714.49,00:02,3429,-100
1714.56,00:03,3429,-107
1714.6,00:04,3429,-86
1714.99,00:02,3430,-100
1715.06,00:03,3430,-107
1715.09,00:04,3430,-86
1715.49,00:02,3431,-100
1715.56,00:03,3431,-107
1715.59,00:04,3431,-87
1715.99,00:02,3432,-100
1716.06,00:03,3432,-107
1716.1,00:04,3432,-87
1716.49,00:02,3433,-100
1716.56,00:03,3433,-107
1716.6,00:04,3433,-87
1716.99,00:02,3434,-100
1717.06,00:03,3434,-107
1717.1,00:04,3434,-87
1717.49,00:02,3435,-100
1717.55,00:03,3435,-108
1717.6,00:04,3435,-88
1717.99,00:02,3436,-100
1718.1,00:04,3436,-88
1718.49,00:02,3437,-100
1718.56,00:03,3437,-108
1718.6,00:04,3437,-88
1718.99,00:02,3438,-100
1719.06,00:03,3438,-108
1719.1,00:04,3438,-88
1719.49,00:02,3439,-100
1719.56,00:03,3439,-108
1719.6,00:04,3439,-88
1719.99,00:02,3440,-100
1720.06,00:03,3440,-108
1720.1,00:04,3440,-89
1720.49,00:02,3441,-100
1720.56,00:03,3441,-108
1720.6,00:04,3441,-89
1720.99,00:02,3442,-100
1721.1,00:04,3442,-89
1721.49,00:02,3443,-100
1721.6,00:04,3443,-89
1721.99,00:02,3444,-100
